Geneid	Chesnais_Mock_Rep1	Chesnais_Mock_Rep2	Chesnais_Mock_Rep3	Chesnais_TuYV_Rep1	Chesnais_TuYV_Rep2	Chesnais_TuYV_Rep3
AT1G01010	149	142	117	210	214	186
AT1G01020	309	329	318	301	367	248
AT1G01030	51	23	31	20	27	30
AT1G01040	1623	1325	1257	1133	1645	1691
AT1G01046	2	2	4	3	4	2
AT1G01050	1263	1428	1406	1344	1674	1167
AT1G01060	186	176	31	76	34	100
AT1G01070	106	64	61	73	40	76
AT1G01080	2212	1838	2001	1692	1937	1748
AT1G01090	5057	4409	4197	4116	4380	4271
AT1G01100	2694	2896	2476	3416	3111	2318
AT1G01110	134	127	85	94	68	76
AT1G01120	4229	3619	3925	3066	3463	4269
AT1G01130	113	101	114	103	137	124
AT1G01140	7188	6461	6790	5300	7106	6986
AT1G01150	1	0	3	2	1	3
AT1G01160	857	695	577	712	842	785
AT1G01170	1666	1579	1650	1309	1272	1156
AT1G01180	600	535	472	417	392	498
AT1G01183	0	0	0	0	0	3
AT1G01190	47	43	51	124	199	100
AT1G01200	31	28	22	13	26	13
AT1G01210	165	177	140	219	269	155
AT1G01220	1150	927	1002	786	1057	1057
AT1G01225	63	73	43	49	49	56
AT1G01230	896	844	771	915	870	780
AT1G01240	2053	1702	1473	1296	981	1339
AT1G01250	60	80	18	60	98	96
AT1G01260	672	576	545	499	793	695
AT1G01290	468	345	312	342	394	390
AT1G01300	2844	2532	2506	3037	3489	3873
AT1G01310	1	1	0	0	0	1
AT1G01320	10736	8860	9137	7081	11450	10277
AT1G01340	449	398	354	396	837	463
AT1G01350	663	493	500	494	569	533
AT1G01355	17	20	11	5	2	6
AT1G01360	323	304	321	293	306	257
AT1G01370	85	50	56	77	73	76
AT1G01380	13	15	9	16	16	17
AT1G01390	112	85	68	30	53	45
AT1G01420	265	239	194	264	291	333
AT1G01430	2219	1922	2043	1761	1513	1924
AT1G01440	990	816	844	675	875	948
AT1G01448	539	431	427	411	428	438
AT1G01450	228	168	180	176	190	208
AT1G01453	4	4	1	7	19	9
AT1G01460	0	0	1	0	1	0
AT1G01470	7474	6581	7011	6797	8531	8248
AT1G01471	1	0	0	0	0	0
AT1G01480	38	44	12	41	33	66
AT1G01490	2165	1613	1429	1531	1480	1633
AT1G01500	611	595	575	609	590	650
AT1G01510	1044	938	816	843	906	891
AT1G01520	11	20	0	6	9	19
AT1G01530	2	3	7	1	4	3
AT1G01540	2485	2113	2317	1860	2291	2355
AT1G01550	8268	7290	6928	7625	9048	7736
AT1G01560	3266	2855	3078	4795	9794	4783
AT1G01570	43	47	40	44	54	43
AT1G01580	10	25	14	19	14	21
AT1G01590	23	15	7	11	18	22
AT1G01600	197	186	124	152	96	156
AT1G01610	1534	1404	1513	1322	1285	1609
AT1G01620	4871	4688	5863	4395	4146	5775
AT1G01630	2030	1627	1557	1707	1919	1988
AT1G01640	80	60	75	98	133	135
AT1G01650	2154	1936	1732	1947	2315	2170
AT1G01660	61	45	30	52	67	66
AT1G01670	97	94	83	69	126	110
AT1G01680	168	156	154	315	531	250
AT1G01690	128	99	86	91	122	108
AT1G01695	12	19	17	19	18	18
AT1G01700	44	41	37	33	49	40
AT1G01710	1595	1281	1182	1187	1287	1419
AT1G01720	1079	1078	956	963	1038	1066
AT1G01725	189	169	168	184	194	166
AT1G01730	612	623	573	641	742	565
AT1G01740	278	269	226	287	323	266
AT1G01750	35	17	18	20	21	26
AT1G01760	86	65	75	47	97	57
AT1G01770	814	713	686	559	730	722
AT1G01780	342	297	241	243	290	285
AT1G01790	4694	4250	4852	3006	4613	4240
AT1G01800	1748	1617	1632	1586	1787	1395
AT1G01810	8	9	12	16	17	13
AT1G01820	2125	1911	2023	1935	2396	1934
AT1G01830	1095	924	758	860	892	953
AT1G01840	38	30	32	31	31	31
AT1G01860	403	351	355	285	360	310
AT1G01880	44	33	29	44	49	21
AT1G01900	150	136	107	110	104	173
AT1G01910	1434	1258	1303	1224	1350	1252
AT1G01920	397	350	324	464	565	420
AT1G01930	503	409	412	367	415	437
AT1G01940	356	273	261	341	454	319
AT1G01950	1048	877	927	828	1114	1144
AT1G01960	3288	3199	3189	2559	3646	3349
AT1G01970	803	682	801	647	818	692
AT1G01980	0	0	0	0	1	0
AT1G01990	666	586	523	588	677	572
AT1G02000	369	300	320	277	267	309
AT1G02010	323	304	275	219	316	242
AT1G02020	619	513	544	436	540	498
AT1G02030	0	2	0	2	3	2
AT1G02040	1	0	0	0	0	0
AT1G02050	184	157	158	157	200	157
AT1G02060	191	138	160	120	208	170
AT1G02065	54	45	19	38	33	36
AT1G02070	6	11	9	14	5	4
AT1G02074	0	2	0	0	1	0
AT1G02080	3685	3202	3351	2898	4220	3705
AT1G02090	797	695	627	753	886	858
AT1G02100	1307	1136	1041	1046	1234	1110
AT1G02110	586	600	509	513	517	587
AT1G02120	3522	3000	2697	2810	3698	3144
AT1G02130	1129	1008	922	967	1071	1008
AT1G02140	2186	2003	1867	2304	2481	2092
AT1G02145	702	627	639	613	714	650
AT1G02150	3280	2864	2986	2740	2792	2766
AT1G02160	428	436	415	431	464	375
AT1G02170	1342	1133	1193	1268	1684	1463
AT1G02180	102	104	63	76	62	90
AT1G02190	13	11	6	5	5	23
AT1G02205	1735	1269	1248	907	773	1305
AT1G02220	148	126	101	94	91	112
AT1G02230	20	30	54	64	126	44
AT1G02250	2	4	0	1	4	1
AT1G02260	532	586	668	619	1011	629
AT1G02270	1677	1409	1432	1858	2288	2234
AT1G02280	1863	1623	1686	1492	1482	1340
AT1G02290	288	220	237	233	283	214
AT1G02300	1152	1002	1060	1161	1156	1246
AT1G02305	3777	3295	3236	3196	3301	3617
AT1G02310	16	19	19	32	20	47
AT1G02330	593	461	423	463	484	500
AT1G02335	99	65	62	96	108	110
AT1G02340	84	81	48	26	16	39
AT1G02350	75	81	66	55	31	62
AT1G02360	277	249	231	245	316	218
AT1G02370	165	140	134	212	298	171
AT1G02380	92	74	96	43	28	63
AT1G02390	1397	1089	1224	1357	2039	1469
AT1G02400	1221	1107	1031	1304	1977	1389
AT1G02405	49	39	21	31	30	39
AT1G02410	685	641	556	549	621	578
AT1G02420	107	72	96	68	102	98
AT1G02430	68	38	57	54	57	75
AT1G02440	13	9	4	10	12	8
AT1G02450	111	94	152	147	363	166
AT1G02460	56	38	35	59	72	80
AT1G02470	106	123	72	204	225	186
AT1G02475	1646	1376	1527	1401	1742	1326
AT1G02490	4	1	0	2	0	0
AT1G02500	11426	9590	8718	8719	9627	10882
AT1G02510	0	0	1	0	1	0
AT1G02520	11	2	10	26	55	47
AT1G02530	8	4	7	7	9	2
AT1G02540	0	0	0	0	0	3
AT1G02560	11165	10165	11035	9993	11394	9750
AT1G02570	4	0	1	0	0	1
AT1G02580	7	6	1	5	3	2
AT1G02610	574	506	560	342	193	311
AT1G02620	24	27	30	9	11	8
AT1G02630	9	11	3	17	27	23
AT1G02640	531	479	540	551	466	564
AT1G02650	40	35	31	33	21	20
AT1G02660	4059	3637	3538	3467	3280	4871
AT1G02670	28	35	40	37	51	36
AT1G02680	325	291	294	306	279	272
AT1G02690	194	199	151	170	243	186
AT1G02700	19	21	23	24	37	25
AT1G02710	27	34	42	53	92	111
AT1G02720	332	248	274	242	246	295
AT1G02730	666	527	598	441	706	811
AT1G02740	410	310	245	370	464	389
AT1G02750	306	247	263	269	313	254
AT1G02760	0	0	0	0	1	0
AT1G02770	25	24	27	27	37	36
AT1G02780	13697	12527	10522	13265	13651	11847
AT1G02800	78	58	41	43	40	62
AT1G02810	64	52	55	56	39	58
AT1G02816	277	228	252	293	313	250
AT1G02820	140	184	90	102	64	93
AT1G02840	2177	2143	1808	2209	2323	2143
AT1G02850	394	424	344	846	1175	718
AT1G02860	480	422	433	420	414	397
AT1G02870	495	356	325	458	578	443
AT1G02880	676	566	498	686	858	661
AT1G02890	2623	2206	2235	1998	2700	2499
AT1G02900	35	17	27	48	34	30
AT1G02910	1811	1459	1589	1413	1655	1450
AT1G02920	9949	8824	7861	11963	16110	10597
AT1G02930	13845	12974	11614	20402	27669	17505
AT1G02940	8	15	6	10	14	10
AT1G02950	90	72	57	139	162	196
AT1G02952	49	40	31	72	84	113
AT1G02960	644	510	536	556	564	583
AT1G02970	59	67	45	59	38	54
AT1G02980	0	0	0	0	1	0
AT1G02990	844	680	726	578	824	784
AT1G03000	1122	964	858	804	1012	913
AT1G03010	83	87	80	76	76	83
AT1G03020	37	31	24	17	27	31
AT1G03030	433	345	339	336	431	441
AT1G03040	971	825	838	901	1144	950
AT1G03050	1	0	0	1	2	1
AT1G03055	81	60	43	40	40	40
AT1G03060	2217	1877	1181	1453	2899	2249
AT1G03070	7	7	4	16	10	19
AT1G03080	2853	2132	2062	2103	3227	3061
AT1G03090	1380	1129	1169	954	928	967
AT1G03100	79	91	100	106	206	120
AT1G03106	0	0	0	2	0	0
AT1G03110	299	252	189	247	260	200
AT1G03120	3	6	10	6	3	6
AT1G03130	48971	37440	33174	28191	17289	33473
AT1G03140	1518	1273	1098	1033	1075	1163
AT1G03150	432	419	377	386	370	307
AT1G03160	2391	2057	2245	1713	2308	2224
AT1G03170	9	12	13	8	16	10
AT1G03180	51	42	40	56	40	21
AT1G03190	345	268	234	244	300	308
AT1G03200	41	21	28	20	51	37
AT1G03210	518	519	469	531	785	521
AT1G03220	3166	3131	3018	2693	2716	3161
AT1G03230	1020	1021	1041	776	998	911
AT1G03240	1	0	0	0	1	1
AT1G03250	862	678	706	825	887	860
AT1G03260	298	244	289	304	362	316
AT1G03270	105	84	87	77	60	78
AT1G03280	1209	974	909	965	1188	1124
AT1G03290	1429	1183	1239	1332	2157	1427
AT1G03300	145	112	124	100	131	120
AT1G03310	2493	2164	2457	2439	3415	3177
AT1G03320	4	4	5	5	3	6
AT1G03330	581	534	521	567	621	583
AT1G03340	157	135	112	161	141	131
AT1G03350	1232	987	1061	885	1085	1226
AT1G03360	243	227	170	223	280	185
AT1G03365	538	501	503	475	608	560
AT1G03370	3068	2478	2670	2271	4133	3104
AT1G03380	2080	1749	1509	1323	1591	1510
AT1G03390	4	3	0	0	1	0
AT1G03400	1404	1106	1125	1067	1554	1425
AT1G03410	1105	883	892	720	832	1003
AT1G03430	772	647	634	644	862	734
AT1G03440	487	401	366	351	334	421
AT1G03445	1	3	0	2	1	3
AT1G03457	134	139	131	120	145	169
AT1G03470	91	86	115	80	114	117
AT1G03475	5464	4756	5632	4982	6569	5577
AT1G03490	0	0	0	1	0	0
AT1G03495	398	336	221	531	1442	701
AT1G03502	12	7	11	5	10	6
AT1G03506	4	7	8	1	9	2
AT1G03510	66	40	49	61	74	63
AT1G03515	0	1	0	0	0	0
AT1G03520	430	409	398	358	436	431
AT1G03530	299	260	247	320	403	289
AT1G03540	41	36	27	28	63	41
AT1G03545	294	254	246	285	340	320
AT1G03550	476	429	392	465	568	531
AT1G03560	284	192	255	163	243	205
AT1G03590	607	547	496	508	617	578
AT1G03600	8493	8599	7978	6194	4881	6059
AT1G03610	2080	1968	1528	1293	1037	1645
AT1G03620	51	59	49	73	107	68
AT1G03630	5820	5416	5942	5280	6426	5333
AT1G03650	84	59	93	90	120	79
AT1G03660	9	16	8	12	9	5
AT1G03670	0	2	1	1	1	1
AT1G03680	8643	8228	9013	7151	9020	7642
AT1G03687	302	232	249	288	290	263
AT1G03700	0	0	0	0	1	0
AT1G03710	10	10	8	5	4	4
AT1G03730	1182	985	1015	1263	1646	1464
AT1G03740	6093	4943	5420	5137	7349	6425
AT1G03743	1	0	0	0	0	0
AT1G03746	0	0	0	1	0	1
AT1G03750	195	209	152	152	215	171
AT1G03760	231	193	176	268	315	215
AT1G03770	175	138	103	128	161	196
AT1G03780	230	176	132	116	183	206
AT1G03790	1	0	1	0	0	0
AT1G03800	4	2	4	3	5	4
AT1G03820	220	177	153	291	225	341
AT1G03830	256	196	188	260	304	296
AT1G03840	11	10	1	6	11	11
AT1G03850	407	364	373	351	445	409
AT1G03860	1368	1266	1290	1679	2012	1282
AT1G03870	1877	1725	2210	1553	1210	2301
AT1G03890	1	0	0	0	0	0
AT1G03900	2233	2092	2034	2040	2487	2126
AT1G03905	67	58	45	55	84	61
AT1G03910	1600	1174	1252	1154	1398	1367
AT1G03920	29	27	21	25	20	19
AT1G03930	2010	1591	1446	1127	1053	1302
AT1G03935	51	32	44	23	30	60
AT1G03940	199	163	130	447	1540	783
AT1G03950	451	340	394	378	459	465
AT1G03960	471	382	346	354	464	449
AT1G03970	1367	1099	1147	1018	1162	1432
AT1G03980	674	570	579	546	654	687
AT1G03982	0	1	0	0	0	2
AT1G03990	103	110	101	103	117	147
AT1G04000	412	379	330	322	388	358
AT1G04010	374	295	350	281	461	412
AT1G04020	213	182	161	175	206	176
AT1G04030	869	739	1139	835	944	968
AT1G04040	2943	2443	4021	2469	2692	3248
AT1G04050	106	97	60	80	123	90
AT1G04070	84	87	66	100	134	107
AT1G04080	2823	2463	2369	2403	2951	2730
AT1G04090	15	9	8	6	14	9
AT1G04100	149	169	119	117	141	140
AT1G04110	82	75	80	65	68	78
AT1G04120	1421	1300	1220	1442	2321	1844
AT1G04130	229	179	167	199	254	220
AT1G04140	3366	3060	2995	2762	3782	2967
AT1G04150	6	0	0	0	3	1
AT1G04160	305	250	281	231	263	261
AT1G04170	2255	1943	2069	2176	2380	2159
AT1G04180	7	2	3	0	0	0
AT1G04190	640	580	598	683	800	605
AT1G04200	1364	1185	1161	1088	1603	1384
AT1G04210	2004	1847	1799	1533	2096	1897
AT1G04220	87	66	33	70	31	47
AT1G04230	342	342	314	314	346	365
AT1G04240	1617	1245	1163	747	661	946
AT1G04250	324	290	256	183	137	201
AT1G04260	317	279	285	282	364	333
AT1G04270	5446	5334	4697	5652	5990	4286
AT1G04280	1321	1172	956	1008	1135	1011
AT1G04290	279	277	216	262	336	291
AT1G04295	183	181	147	168	220	199
AT1G04300	2904	2248	2095	1800	2531	2501
AT1G04310	206	183	102	229	308	162
AT1G04330	6	10	2	11	21	12
AT1G04340	455	421	384	468	566	426
AT1G04350	1652	1498	1187	995	1021	1262
AT1G04360	124	115	85	63	62	76
AT1G04370	1	0	1	1	1	0
AT1G04380	1	0	1	0	4	3
AT1G04390	327	298	335	291	364	278
AT1G04400	6869	5766	6209	4851	5862	5804
AT1G04410	19411	19811	20254	20265	21685	18809
AT1G04420	2943	2664	3162	2364	2889	2560
AT1G04425	62	53	37	46	61	44
AT1G04430	5043	4262	5149	4150	4469	5296
AT1G04440	3603	3211	2844	2734	3276	3490
AT1G04445	2	4	4	10	3	3
AT1G04470	0	0	0	0	0	1
AT1G04480	1909	2040	1804	2255	2468	1485
AT1G04490	37	43	38	44	76	86
AT1G04500	11	3	6	9	19	16
AT1G04510	1268	1142	1135	1201	1485	1304
AT1G04520	283	233	170	163	138	141
AT1G04530	2168	1763	1434	1520	1254	1499
AT1G04540	113	91	65	60	25	82
AT1G04550	521	428	376	465	450	481
AT1G04555	227	162	139	174	205	155
AT1G04570	52	39	18	39	24	48
AT1G04580	9	6	9	4	5	31
AT1G04590	545	439	386	411	525	489
AT1G04600	249	162	124	90	156	176
AT1G04610	2	1	0	1	0	1
AT1G04620	411	403	1114	649	1874	858
AT1G04625	0	3	0	0	0	0
AT1G04630	578	583	576	604	632	602
AT1G04635	38	40	27	38	37	23
AT1G04640	895	729	857	675	931	696
AT1G04645	2	4	9	0	5	1
AT1G04650	86	79	70	69	101	76
AT1G04660	35	29	14	35	23	22
AT1G04670	1	0	1	0	0	0
AT1G04680	3881	3351	2997	2657	2576	3552
AT1G04690	3123	2872	2776	2810	3124	3112
AT1G04700	82	37	43	35	41	67
AT1G04710	595	514	496	523	653	597
AT1G04730	172	130	135	151	189	144
AT1G04750	2083	1841	1927	2129	2648	1991
AT1G04760	41	40	39	25	41	56
AT1G04770	664	528	363	611	626	654
AT1G04778	4	5	6	5	1	4
AT1G04780	2778	2128	2258	2173	2963	2935
AT1G04790	751	678	625	604	756	630
AT1G04800	1504	1161	1170	1113	1128	1174
AT1G04810	1569	1467	1435	1467	1671	1626
AT1G04820	9135	8204	8717	8897	10862	8985
AT1G04830	588	490	464	456	562	570
AT1G04840	39	41	31	24	80	52
AT1G04850	2552	2121	1826	2155	2304	2371
AT1G04860	1250	1006	1056	888	1174	1154
AT1G04870	747	679	661	837	960	655
AT1G04880	1	5	1	7	11	6
AT1G04900	244	234	193	287	418	217
AT1G04910	1036	871	866	868	1041	1014
AT1G04920	35	53	44	45	60	53
AT1G04930	93	79	86	92	129	85
AT1G04940	1679	1661	1783	1543	1738	1382
AT1G04945	1856	1832	1930	1754	2009	1590
AT1G04950	919	729	725	690	855	801
AT1G04960	902	736	750	810	883	834
AT1G04970	1194	1045	1023	1002	1032	1098
AT1G04980	404	345	313	482	756	443
AT1G04985	946	746	740	762	920	824
AT1G04990	1230	1016	1178	1320	1666	1644
AT1G05000	67	70	79	94	149	139
AT1G05010	10210	8785	7986	14251	21150	13125
AT1G05020	161	98	121	115	166	127
AT1G05030	508	428	512	456	718	569
AT1G05040	0	0	1	0	1	1
AT1G05055	253	255	241	245	320	218
AT1G05060	605	590	476	600	720	656
AT1G05065	18	38	27	15	23	18
AT1G05070	556	541	548	505	508	523
AT1G05080	0	0	0	0	0	1
AT1G05090	418	388	402	306	387	327
AT1G05100	54	45	12	41	28	46
AT1G05120	740	601	646	624	817	796
AT1G05136	52	40	30	25	23	44
AT1G05140	1395	1178	1310	1012	1322	1306
AT1G05150	897	762	867	681	811	857
AT1G05160	311	283	280	266	376	330
AT1G05170	514	403	335	480	533	482
AT1G05180	1073	906	860	1064	1225	1085
AT1G05190	11034	8230	9337	7417	8254	8672
AT1G05200	1956	1742	1603	1555	1694	1798
AT1G05205	257	255	242	301	338	272
AT1G05210	87	64	92	89	91	71
AT1G05220	130	144	154	155	161	90
AT1G05230	836	724	700	751	949	785
AT1G05240	2	1	0	0	4	1
AT1G05250	2	1	2	1	1	4
AT1G05260	9	5	10	5	10	14
AT1G05270	909	757	749	678	772	858
AT1G05300	221	221	310	398	466	435
AT1G05310	69	78	66	33	56	75
AT1G05320	938	779	769	655	786	895
AT1G05330	1	1	4	1	1	8
AT1G05340	278	244	192	342	479	330
AT1G05350	770	667	697	711	935	692
AT1G05360	328	287	319	310	291	298
AT1G05370	33	50	33	32	73	62
AT1G05380	1217	1047	1070	1012	1445	1128
AT1G05385	593	485	552	370	371	385
AT1G05400	19	9	21	19	17	15
AT1G05410	414	345	352	363	347	340
AT1G05420	18	12	5	26	14	22
AT1G05430	760	654	593	667	685	591
AT1G05440	39	23	34	19	28	35
AT1G05450	0	1	1	0	0	3
AT1G05460	389	338	306	303	440	404
AT1G05470	267	189	210	204	304	242
AT1G05490	29	30	21	47	28	26
AT1G05500	1530	1355	1239	1235	1265	1348
AT1G05510	0	2	3	2	3	0
AT1G05520	1119	900	927	1039	1356	1262
AT1G05530	1	3	4	4	5	0
AT1G05540	71	66	74	67	89	79
AT1G05550	10	10	6	8	4	5
AT1G05560	545	434	564	375	652	481
AT1G05562	458	365	477	307	563	393
AT1G05570	2866	2596	2800	2268	4315	3206
AT1G05575	1557	1554	1365	1875	2385	1423
AT1G05577	4	1	0	2	3	4
AT1G05590	544	380	363	379	426	435
AT1G05600	202	209	200	184	191	138
AT1G05610	9	10	7	2	10	12
AT1G05620	565	447	421	439	416	507
AT1G05630	1191	1008	1103	954	1703	1225
AT1G05640	47	55	50	54	86	55
AT1G05670	268	318	245	214	389	243
AT1G05675	1433	1068	984	1149	1387	1162
AT1G05680	17	7	3	96	57	29
AT1G05690	162	142	146	131	107	87
AT1G05700	0	1	4	2	3	3
AT1G05710	235	214	224	295	481	367
AT1G05720	647	587	517	642	803	631
AT1G05730	92	79	98	95	145	81
AT1G05740	4	0	1	0	0	0
AT1G05750	213	198	210	246	350	222
AT1G05760	47	37	41	69	113	75
AT1G05770	15	13	4	15	15	5
AT1G05780	122	100	92	131	139	96
AT1G05785	169	152	174	182	188	153
AT1G05790	817	622	678	640	895	725
AT1G05800	11	13	0	11	4	14
AT1G05805	1937	1733	1790	1533	1450	1649
AT1G05810	260	265	275	241	234	303
AT1G05820	58	63	58	47	51	59
AT1G05830	1062	896	849	756	1084	1073
AT1G05835	162	143	90	102	122	141
AT1G05840	929	863	788	730	913	738
AT1G05850	20808	17160	16638	16285	14069	18414
AT1G05860	354	231	243	256	246	249
AT1G05870	400	393	270	344	276	323
AT1G05880	16	5	6	13	20	16
AT1G05890	2311	1791	1695	1716	2107	2029
AT1G05894	18	11	12	11	20	10
AT1G05900	548	469	434	389	368	476
AT1G05910	949	846	768	795	1173	993
AT1G05930	1	0	0	0	3	0
AT1G05940	1336	1175	1252	1113	1258	1277
AT1G05950	146	121	69	89	210	127
AT1G05960	1870	1578	1753	1349	2127	1613
AT1G05970	177	194	180	153	192	136
AT1G05990	0	0	0	3	1	0
AT1G06000	1190	978	757	862	1194	1255
AT1G06002	655	495	420	459	697	657
AT1G06010	252	249	232	245	304	178
AT1G06020	16	7	4	6	18	9
AT1G06030	6	2	1	2	2	6
AT1G06040	6298	5844	4232	4529	2700	4393
AT1G06050	303	299	241	346	329	241
AT1G06060	708	646	544	535	483	545
AT1G06070	542	493	483	460	576	485
AT1G06080	309	331	152	163	77	96
AT1G06090	13	17	3	23	18	14
AT1G06100	73	50	56	48	45	54
AT1G06110	1183	1140	968	945	916	880
AT1G06120	1	0	0	0	0	1
AT1G06130	1512	1238	1048	1271	1620	1199
AT1G06135	16	21	8	12	23	15
AT1G06137	5	4	0	2	6	6
AT1G06140	62	59	64	43	94	69
AT1G06148	8	9	5	8	12	7
AT1G06149	995	792	783	717	1018	845
AT1G06150	1119	869	848	794	1126	946
AT1G06160	373	381	285	317	271	219
AT1G06170	10	7	3	5	5	10
AT1G06180	121	115	71	126	127	146
AT1G06190	2229	1759	1971	1641	1799	1770
AT1G06200	1512	1473	1368	1380	1468	1348
AT1G06210	945	756	707	713	813	847
AT1G06220	1739	1586	1471	1805	2316	1857
AT1G06230	1994	1562	1464	1405	1920	1909
AT1G06240	464	355	384	313	397	373
AT1G06250	53	59	37	58	66	58
AT1G06260	68	51	41	50	64	66
AT1G06265	199	129	133	138	181	137
AT1G06270	74	76	91	70	129	106
AT1G06290	2190	1834	1670	1536	1824	1861
AT1G06310	0	2	0	0	0	0
AT1G06340	0	0	1	0	0	0
AT1G06350	60	43	27	34	18	46
AT1G06360	934	760	766	705	696	823
AT1G06380	208	143	196	156	243	157
AT1G06390	1686	1462	1439	1352	1552	1504
AT1G06400	1921	1591	1492	1464	1515	1877
AT1G06410	6002	4658	5361	3968	4503	6303
AT1G06420	39	23	21	9	37	24
AT1G06430	4009	3412	2812	2500	2175	2717
AT1G06440	72	100	87	95	138	103
AT1G06450	217	180	218	225	238	260
AT1G06460	8171	7182	11188	8666	12634	10798
AT1G06470	973	826	998	824	987	927
AT1G06475	18	22	25	77	105	80
AT1G06490	103	70	67	96	135	184
AT1G06500	405	306	306	325	294	294
AT1G06510	734	668	632	641	664	760
AT1G06515	469	341	431	372	404	466
AT1G06520	54	50	40	63	115	89
AT1G06530	1284	954	938	1081	1341	1240
AT1G06540	1	3	2	6	16	0
AT1G06550	744	671	588	699	930	800
AT1G06560	393	316	320	359	478	382
AT1G06570	1289	1049	562	763	410	827
AT1G06580	125	91	95	104	99	124
AT1G06590	258	277	214	252	347	266
AT1G06620	899	759	446	729	1060	1084
AT1G06630	835	758	698	652	896	631
AT1G06640	5238	4249	3582	3216	3109	3470
AT1G06645	316	280	295	211	331	282
AT1G06650	2687	2216	2068	1872	2325	2460
AT1G06660	53	42	43	26	54	51
AT1G06670	1311	1161	1095	1174	1663	1244
AT1G06680	128699	123843	122112	97767	82390	99723
AT1G06690	1045	1032	1005	981	1133	975
AT1G06700	2228	1915	1938	1833	2100	2182
AT1G06710	151	142	137	154	269	165
AT1G06720	866	666	649	917	1263	807
AT1G06730	433	306	328	356	349	367
AT1G06750	54	64	56	71	49	55
AT1G06760	2483	2955	2589	2674	2377	2573
AT1G06770	254	231	193	196	284	203
AT1G06780	541	400	416	497	601	600
AT1G06790	285	243	220	333	345	293
AT1G06800	397	372	355	432	426	497
AT1G06810	0	1	0	1	3	0
AT1G06820	1233	934	989	843	1090	1066
AT1G06830	134	84	158	136	222	152
AT1G06840	831	694	626	677	899	754
AT1G06850	324	329	304	352	414	368
AT1G06870	525	441	477	528	597	522
AT1G06890	1684	1516	1826	1706	2068	1704
AT1G06900	1176	1103	1167	988	1322	1142
AT1G06910	169	141	124	123	161	109
AT1G06920	3	1	1	0	0	0
AT1G06930	3	1	0	0	2	0
AT1G06950	4418	3682	4308	3808	4876	4086
AT1G06960	374	400	335	359	388	338
AT1G06970	6	1	5	5	4	7
AT1G06980	26	24	34	28	13	31
AT1G06990	0	0	1	0	0	0
AT1G07000	6543	5855	5677	5222	8382	6806
AT1G07010	1454	1129	908	962	779	1037
AT1G07020	388	292	354	361	406	387
AT1G07030	488	493	453	562	783	510
AT1G07040	1107	1006	1156	1031	1374	1164
AT1G07050	125	111	1213	440	1767	614
AT1G07051	0	0	1	0	1	2
AT1G07060	0	0	2	2	3	1
AT1G07070	288	296	266	270	295	241
AT1G07080	3418	3166	2947	2920	3023	3274
AT1G07090	183	209	170	269	265	219
AT1G07110	3977	3510	3915	2639	3908	3555
AT1G07119	50	31	31	43	63	40
AT1G07120	52	25	32	40	68	36
AT1G07128	281	279	275	288	297	370
AT1G07130	308	311	291	308	358	414
AT1G07135	12983	11874	13204	13987	18216	13836
AT1G07140	4320	3522	3734	3733	4494	4151
AT1G07150	197	201	190	186	161	238
AT1G07160	124	116	107	46	54	42
AT1G07170	460	366	388	376	391	390
AT1G07175	0	1	0	1	4	1
AT1G07180	1532	1239	568	705	216	677
AT1G07200	634	568	520	395	540	444
AT1G07210	741	614	529	707	823	669
AT1G07220	611	463	502	619	975	806
AT1G07230	1855	1573	1428	1492	1631	1611
AT1G07240	1587	1370	1417	1387	1563	1544
AT1G07250	1223	1183	972	837	569	889
AT1G07260	285	236	124	232	93	155
AT1G07270	20	28	30	22	32	19
AT1G07280	4622	3762	4477	3548	3851	5042
AT1G07290	29	20	28	27	51	25
AT1G07300	164	149	108	133	182	142
AT1G07310	1392	1369	1303	1232	1349	1512
AT1G07320	6981	6047	6225	5267	5454	5991
AT1G07330	11	9	2	2	2	4
AT1G07340	0	0	1	0	0	0
AT1G07350	675	671	619	833	1149	756
AT1G07360	1374	1137	1049	1114	1210	1351
AT1G07370	307	279	276	251	277	226
AT1G07380	424	385	315	415	474	562
AT1G07390	159	139	125	186	264	214
AT1G07400	23	8	18	54	44	52
AT1G07410	44	41	29	55	43	38
AT1G07420	986	882	1164	1037	1140	1077
AT1G07430	98	64	53	117	167	164
AT1G07440	1408	1420	1631	1268	1712	1144
AT1G07450	22	15	10	23	7	9
AT1G07470	885	721	666	670	834	693
AT1G07473	0	2	7	2	4	2
AT1G07476	0	1	0	0	0	0
AT1G07480	859	770	708	659	754	761
AT1G07485	52	72	56	34	35	40
AT1G07490	44	60	53	31	25	36
AT1G07500	43	35	10	41	35	41
AT1G07510	1346	1086	946	1144	1375	1363
AT1G07520	970	843	904	819	1264	1044
AT1G07530	1494	1278	1122	1216	1501	1514
AT1G07540	0	0	0	0	1	0
AT1G07570	325	269	175	249	160	217
AT1G07590	14135	13456	12068	14331	12910	14341
AT1G07600	456	527	546	792	661	580
AT1G07610	244	227	153	213	138	178
AT1G07615	206	185	189	233	257	199
AT1G07620	559	448	318	592	688	610
AT1G07630	1200	1040	928	1125	1330	1408
AT1G07640	409	372	437	557	978	765
AT1G07650	3400	2903	3195	2806	3643	4045
AT1G07660	628	574	513	630	658	587
AT1G07670	1795	1601	1535	1610	2181	1891
AT1G07700	1936	1778	1457	1407	1345	1443
AT1G07705	792	642	696	703	793	691
AT1G07710	26	18	13	17	16	19
AT1G07720	2303	1856	1937	1609	2521	2624
AT1G07725	415	338	355	319	365	340
AT1G07728	421	350	366	329	376	350
AT1G07730	41	41	44	75	69	33
AT1G07740	130	110	119	147	180	115
AT1G07745	228	192	207	172	187	213
AT1G07747	0	0	0	1	1	8
AT1G07750	1011	943	807	1154	1023	1476
AT1G07770	5075	4725	4066	4419	4447	3687
AT1G07780	539	398	469	452	642	426
AT1G07790	404	406	336	379	352	410
AT1G07795	0	1	0	0	1	0
AT1G07810	1432	1159	1215	1166	1438	1492
AT1G07820	1316	1066	983	976	1067	1151
AT1G07830	295	284	277	400	444	275
AT1G07840	444	369	321	397	534	390
AT1G07850	2	2	3	0	2	2
AT1G07860	2	2	3	4	6	1
AT1G07870	859	751	612	769	994	1076
AT1G07880	54	60	63	87	115	83
AT1G07885	1	1	0	3	2	0
AT1G07890	11596	12487	12708	15751	19519	14329
AT1G07900	73	61	31	141	177	108
AT1G07901	76	73	72	78	70	68
AT1G07910	740	631	635	615	897	809
AT1G07920	17287	15438	14386	18389	20489	15584
AT1G07930	13040	12631	12087	14631	17296	12951
AT1G07940	9620	10310	9603	11473	13297	9676
AT1G07950	335	293	255	270	289	259
AT1G07960	634	505	507	515	586	606
AT1G07970	432	392	351	447	475	410
AT1G07980	330	262	210	286	320	310
AT1G07985	19	11	11	15	5	18
AT1G07990	1879	1500	1496	1460	1787	1879
AT1G08000	252	206	215	198	270	223
AT1G08005	0	2	0	1	3	0
AT1G08010	625	475	442	444	468	548
AT1G08030	640	446	496	506	588	560
AT1G08035	4	5	3	2	2	5
AT1G08040	866	712	680	671	756	678
AT1G08050	264	238	241	385	778	442
AT1G08060	917	803	652	613	973	958
AT1G08070	57	46	68	65	83	67
AT1G08080	0	2	2	0	7	1
AT1G08090	8	7	2	16	16	18
AT1G08110	3223	2740	2541	2657	2764	2785
AT1G08115	10	8	8	25	16	17
AT1G08120	1	0	0	0	2	2
AT1G08125	539	422	393	410	498	462
AT1G08130	711	588	611	788	1002	682
AT1G08140	0	0	0	1	1	0
AT1G08160	75	77	66	128	178	203
AT1G08165	21	17	19	30	21	18
AT1G08170	2	3	1	1	0	1
AT1G08180	92	71	48	71	62	76
AT1G08190	3201	2741	2699	2533	3336	3417
AT1G08200	6575	5617	4819	4791	5299	5540
AT1G08210	578	527	439	485	562	500
AT1G08220	109	128	105	162	232	124
AT1G08230	519	479	344	517	680	644
AT1G08250	175	175	116	119	143	139
AT1G08260	462	417	384	374	602	453
AT1G08270	94	91	74	100	112	82
AT1G08280	143	170	111	160	155	161
AT1G08290	68	57	65	140	146	115
AT1G08300	120	104	124	166	170	125
AT1G08310	31	31	43	55	79	69
AT1G08315	357	348	401	347	400	419
AT1G08320	2	2	2	7	9	8
AT1G08340	27	27	14	19	22	32
AT1G08350	273	218	287	209	323	271
AT1G08360	5010	4805	4205	5078	5658	3874
AT1G08370	849	706	704	823	857	904
AT1G08380	70800	67480	66959	57050	43283	53916
AT1G08390	185	198	156	141	106	183
AT1G08400	129	155	130	129	185	160
AT1G08410	538	456	414	529	682	500
AT1G08420	2153	1897	1825	1693	2105	2197
AT1G08430	2	0	2	6	2	8
AT1G08440	12	6	10	6	7	7
AT1G08450	8372	6223	5378	6749	10264	8726
AT1G08460	1206	1045	1043	857	959	1079
AT1G08465	428	377	326	440	474	576
AT1G08470	545	425	455	428	516	508
AT1G08480	1240	1383	1247	1428	1546	1350
AT1G08490	1195	1275	1310	1253	1550	1186
AT1G08500	47	42	70	73	136	89
AT1G08510	4735	3679	3978	3415	3551	4555
AT1G08520	8218	7190	7705	5777	6267	6970
AT1G08530	388	349	372	367	441	387
AT1G08540	3281	2732	2948	2312	2762	2767
AT1G08550	3854	3011	3641	2263	3106	2957
AT1G08560	340	294	257	234	325	348
AT1G08570	2164	1966	1851	1410	1661	1565
AT1G08580	548	479	451	590	671	422
AT1G08590	146	126	119	112	159	141
AT1G08592	115	103	99	101	129	112
AT1G08600	1004	781	687	785	1035	998
AT1G08610	318	277	271	324	364	279
AT1G08620	1227	1011	1000	863	1233	1199
AT1G08630	62	56	16	112	80	73
AT1G08640	2433	2130	2359	2380	2948	2268
AT1G08650	2607	2216	2267	1869	1521	1950
AT1G08660	1173	986	1018	1059	1146	1115
AT1G08680	1179	1066	987	898	1127	1164
AT1G08695	0	1	0	0	0	0
AT1G08700	810	732	634	652	732	741
AT1G08710	303	252	254	246	245	309
AT1G08720	1287	1186	1228	1113	1586	1303
AT1G08730	23	17	14	7	24	23
AT1G08750	342	329	370	377	353	302
AT1G08760	614	480	489	480	569	538
AT1G08770	338	362	295	336	354	315
AT1G08780	380	308	309	353	418	327
AT1G08800	1258	1073	1000	905	1064	1222
AT1G08810	180	128	155	110	136	127
AT1G08820	1509	1103	1013	1020	1308	1458
AT1G08830	6388	6663	4227	5769	5213	5014
AT1G08840	316	311	246	356	384	358
AT1G08845	143	138	125	214	203	159
AT1G08860	13	6	16	31	61	38
AT1G08880	1008	951	935	1021	990	1047
AT1G08890	1398	1178	1548	1139	1393	1680
AT1G08900	1435	1510	1406	1179	1323	1066
AT1G08910	838	711	620	726	937	900
AT1G08920	1231	1168	874	1395	1627	1599
AT1G08930	14729	13426	15255	16103	22296	18157
AT1G08940	336	273	313	378	448	416
AT1G08960	373	324	334	297	388	383
AT1G08970	990	891	758	972	1070	1077
AT1G08980	4854	4278	4674	3530	3578	3946
AT1G08985	1	0	1	1	0	0
AT1G08990	1	0	0	0	3	0
AT1G09000	79	56	72	62	82	84
AT1G09010	2481	2370	2152	1570	2076	2134
AT1G09020	1635	1401	1419	1307	1596	1488
AT1G09040	169	159	145	117	172	164
AT1G09050	241	192	182	160	203	194
AT1G09060	1855	1640	1598	1516	1908	1916
AT1G09070	35006	30540	29166	32322	37139	40066
AT1G09080	133	138	126	382	540	347
AT1G09090	1	0	0	2	0	0
AT1G09100	874	722	609	780	862	780
AT1G09130	7174	5422	5454	5075	5923	6497
AT1G09140	1379	1291	1212	1531	1768	1524
AT1G09150	972	946	827	904	970	872
AT1G09155	6	3	7	8	6	5
AT1G09157	10	5	3	1	1	5
AT1G09160	1274	1052	1054	1008	1168	1284
AT1G09170	56	32	31	36	30	27
AT1G09176	5	9	2	3	0	3
AT1G09180	70	75	50	51	29	38
AT1G09190	86	65	91	104	141	88
AT1G09195	333	280	303	257	361	339
AT1G09200	787	825	690	721	727	817
AT1G09210	5471	4189	3669	4412	5059	4805
AT1G09220	46	42	41	51	68	57
AT1G09230	557	505	429	510	384	465
AT1G09240	406	408	250	403	167	440
AT1G09250	378	372	299	312	252	347
AT1G09260	1	0	0	0	0	0
AT1G09270	1580	1466	1329	1456	1571	1499
AT1G09280	686	593	501	501	552	539
AT1G09290	281	203	219	244	303	240
AT1G09300	317	253	275	360	412	291
AT1G09310	22717	18823	15455	18187	17527	21611
AT1G09320	254	177	224	208	245	205
AT1G09330	1059	855	896	968	1106	931
AT1G09340	17426	14977	14170	11131	11974	12811
AT1G09350	266	226	193	186	64	319
AT1G09370	4	2	2	0	3	1
AT1G09380	5	2	2	5	5	2
AT1G09390	777	674	588	450	367	659
AT1G09400	22	33	17	13	16	8
AT1G09410	41	40	39	40	63	35
AT1G09415	764	569	570	484	521	542
AT1G09420	212	151	122	96	159	154
AT1G09421	60	44	46	28	53	53
AT1G09430	3462	2969	2846	2599	2791	2886
AT1G09440	339	254	259	244	234	271
AT1G09450	56	63	38	59	75	72
AT1G09460	65	50	36	96	122	152
AT1G09470	67	57	47	26	62	57
AT1G09480	122	133	127	111	125	126
AT1G09490	908	829	806	628	706	719
AT1G09500	78	70	41	42	30	46
AT1G09510	1	1	0	0	0	2
AT1G09520	309	313	303	340	326	268
AT1G09530	610	574	458	678	876	671
AT1G09540	2	0	2	3	4	9
AT1G09560	3301	3075	2592	2991	4305	3768
AT1G09570	4047	3846	3306	2391	2594	2871
AT1G09575	444	396	465	357	287	407
AT1G09580	244	200	188	168	200	196
AT1G09590	2624	2197	1976	2501	2729	2312
AT1G09600	13	9	10	12	14	17
AT1G09610	14	7	5	5	8	7
AT1G09620	3687	3281	3294	3009	3738	3293
AT1G09630	546	411	400	467	570	511
AT1G09640	6885	6281	6054	6802	7884	6279
AT1G09645	651	574	578	584	774	684
AT1G09650	8	11	6	5	8	8
AT1G09660	936	735	757	727	1001	916
AT1G09665	1	0	1	0	0	0
AT1G09680	94	93	106	107	141	100
AT1G09690	5157	4710	4378	5095	5598	4321
AT1G09700	368	302	265	327	375	357
AT1G09710	228	223	170	195	245	208
AT1G09730	1305	1060	1048	1052	1336	1251
AT1G09740	486	503	374	395	312	356
AT1G09750	6526	6062	6491	5334	3688	6638
AT1G09760	879	837	748	1021	1017	777
AT1G09770	3907	3101	2834	2667	3384	3500
AT1G09780	3437	2968	3067	3452	4034	3656
AT1G09790	0	0	1	0	0	0
AT1G09794	74	67	71	83	117	46
AT1G09795	2536	2243	3011	2477	3682	2718
AT1G09800	102	81	81	111	119	105
AT1G09810	358	300	288	354	392	338
AT1G09812	20	13	13	15	15	13
AT1G09815	364	287	308	413	486	361
AT1G09820	116	106	103	98	128	125
AT1G09830	936	874	818	912	1129	895
AT1G09840	1317	1085	1191	1060	1410	1350
AT1G09850	1052	927	978	1012	1204	1229
AT1G09860	1	4	9	7	4	2
AT1G09870	893	750	758	757	923	839
AT1G09880	9	6	13	9	10	10
AT1G09890	19	18	15	17	31	32
AT1G09900	496	385	394	385	439	431
AT1G09910	871	792	723	644	769	717
AT1G09920	992	745	776	724	849	920
AT1G09930	82	62	61	120	151	91
AT1G09932	1542	1323	1232	2329	3092	2267
AT1G09935	8	3	1	3	10	18
AT1G09940	3247	2688	2555	2706	3867	3361
AT1G09950	1026	1013	914	917	1076	1385
AT1G09960	88	55	82	98	182	132
AT1G09970	11049	9469	9702	11227	21046	14093
AT1G09980	1071	953	951	972	1332	938
AT1G09995	169	150	152	154	215	162
AT1G10000	28	33	28	31	37	47
AT1G10010	2	0	1	0	0	0
AT1G10020	957	890	975	747	749	861
AT1G10030	200	201	199	212	244	163
AT1G10040	130	102	77	130	225	154
AT1G10050	828	736	631	644	973	767
AT1G10060	404	340	257	405	435	343
AT1G10070	949	737	449	979	820	955
AT1G10090	2605	2332	2315	2173	2778	2767
AT1G10095	159	155	142	187	174	170
AT1G10100	0	1	0	0	1	1
AT1G10110	10	10	9	9	40	10
AT1G10120	376	269	286	316	368	373
AT1G10130	1440	1282	1276	1231	1766	1521
AT1G10140	563	540	349	572	373	461
AT1G10150	897	783	741	559	436	613
AT1G10155	11	15	7	7	5	11
AT1G10170	2117	1925	2020	1938	2872	2275
AT1G10180	665	542	588	468	606	572
AT1G10200	2576	2282	2752	2422	3127	2897
AT1G10210	415	316	317	297	356	309
AT1G10220	6	1	1	2	1	1
AT1G10230	153	104	133	118	139	110
AT1G10240	277	231	214	225	237	232
AT1G10270	286	227	244	322	400	352
AT1G10280	218	211	165	213	274	237
AT1G10290	2771	2396	2326	2309	3055	2797
AT1G10300	1	1	0	1	2	2
AT1G10310	636	551	513	582	635	577
AT1G10320	575	411	395	386	539	499
AT1G10330	35	29	32	21	32	24
AT1G10340	2319	1960	1757	2633	4564	3006
AT1G10350	643	511	536	590	603	728
AT1G10360	1762	1689	1371	1118	1037	1217
AT1G10370	313	338	158	253	83	217
AT1G10380	73	54	64	118	143	128
AT1G10385	0	0	0	0	1	0
AT1G10390	2740	2198	2127	2191	2736	2485
AT1G10400	4	4	7	6	4	13
AT1G10410	1240	1007	796	1095	937	1290
AT1G10417	35	46	22	30	72	32
AT1G10430	776	660	608	660	842	773
AT1G10450	914	774	682	718	963	823
AT1G10455	2	2	1	0	0	0
AT1G10460	34	37	30	18	10	7
AT1G10470	2918	2977	3466	1529	1548	1341
AT1G10480	5	8	2	5	3	1
AT1G10490	928	817	874	942	1302	842
AT1G10500	2155	1807	2040	1930	2146	1813
AT1G10510	1211	1015	1190	1144	1346	1168
AT1G10520	43	34	36	29	49	30
AT1G10522	656	543	557	549	621	533
AT1G10530	2	2	4	15	8	10
AT1G10540	25	25	17	26	41	59
AT1G10550	71	70	96	34	21	63
AT1G10560	670	545	480	452	440	665
AT1G10570	739	590	663	606	749	658
AT1G10580	891	733	748	750	959	917
AT1G10585	41	45	34	55	4	76
AT1G10586	4	3	2	5	0	8
AT1G10590	2138	2183	2091	2265	2699	2066
AT1G10600	704	572	614	514	552	530
AT1G10610	410	386	401	255	290	271
AT1G10620	0	0	1	0	1	1
AT1G10630	1959	1902	1684	2002	2168	2033
AT1G10640	220	217	163	223	224	246
AT1G10650	374	330	310	451	493	430
AT1G10657	340	298	304	285	201	287
AT1G10660	1054	895	836	654	775	735
AT1G10670	5049	4281	4230	3998	4265	4363
AT1G10680	1	0	0	2	0	0
AT1G10682	483	427	307	394	273	393
AT1G10690	118	142	80	61	47	66
AT1G10700	1069	992	914	876	766	786
AT1G10710	3	6	5	8	15	14
AT1G10720	655	528	595	595	735	639
AT1G10730	245	197	198	248	306	273
AT1G10740	943	753	605	570	440	635
AT1G10747	0	1	1	0	0	1
AT1G10750	50	42	30	31	62	45
AT1G10760	20466	17196	26791	19518	35481	30516
AT1G10770	9	17	39	22	35	25
AT1G10780	126	94	93	78	104	105
AT1G10790	9	8	10	7	21	8
AT1G10800	7	1	4	7	3	2
AT1G10810	28	23	22	22	19	26
AT1G10820	639	540	532	549	749	653
AT1G10830	887	817	852	717	791	714
AT1G10840	2928	2431	2375	2433	2697	2312
AT1G10850	415	395	291	310	293	381
AT1G10865	704	540	527	542	694	598
AT1G10870	660	554	569	489	613	648
AT1G10880	0	0	1	0	0	0
AT1G10890	1871	1526	1444	1441	2001	1855
AT1G10900	1723	1479	1096	1017	1093	1372
AT1G10910	1032	991	985	802	771	836
AT1G10920	542	434	468	346	553	495
AT1G10930	560	471	491	367	568	476
AT1G10940	3098	2583	2343	2400	2403	2849
AT1G10950	4129	3553	3615	3432	3900	3850
AT1G10960	2393	2352	2163	1826	2062	1789
AT1G10970	205	180	180	200	274	255
AT1G10980	23	16	6	10	3	4
AT1G10990	238	178	203	162	196	200
AT1G11000	292	312	229	223	267	264
AT1G11020	541	523	505	484	553	500
AT1G11050	3482	2724	2424	2991	3503	3590
AT1G11060	553	493	518	462	600	494
AT1G11070	60	44	34	44	17	46
AT1G11080	79	48	74	167	199	186
AT1G11090	347	338	287	319	345	380
AT1G11100	30	19	15	14	25	16
AT1G11110	2	0	0	2	2	2
AT1G11112	6	14	12	15	16	14
AT1G11120	64	59	38	60	41	47
AT1G11125	32	28	16	27	32	27
AT1G11130	338	329	318	296	511	456
AT1G11160	57	36	42	17	54	61
AT1G11170	108	72	117	94	147	158
AT1G11175	493	372	314	271	178	243
AT1G11180	524	454	458	346	439	400
AT1G11185	48	31	11	44	73	51
AT1G11190	17	21	22	23	36	32
AT1G11200	703	601	559	646	762	647
AT1G11210	2677	2279	2975	2768	3533	4012
AT1G11220	45	36	38	48	65	89
AT1G11240	619	524	472	651	622	599
AT1G11250	0	2	1	1	2	0
AT1G11260	8665	8350	7895	5480	5652	6789
AT1G11270	399	344	270	345	459	386
AT1G11280	740	608	553	497	543	592
AT1G11290	295	224	330	205	360	275
AT1G11300	676	539	428	565	724	742
AT1G11310	6457	5494	6627	6279	11163	7264
AT1G11320	80	68	73	95	128	92
AT1G11330	1403	1145	1295	1259	2217	1605
AT1G11340	89	97	89	86	123	91
AT1G11350	2403	1866	2392	1854	2573	2375
AT1G11360	768	737	787	715	698	788
AT1G11362	1	6	7	7	4	11
AT1G11370	0	1	0	0	0	0
AT1G11380	179	159	228	137	155	156
AT1G11390	446	398	365	373	578	476
AT1G11400	453	337	301	308	366	404
AT1G11410	630	558	508	468	555	620
AT1G11420	135	100	82	109	112	101
AT1G11430	2215	2076	2172	2033	2181	2094
AT1G11440	475	425	374	379	334	406
AT1G11450	24	20	32	16	22	18
AT1G11460	2	4	0	1	0	0
AT1G11475	496	488	396	660	777	436
AT1G11480	1927	1521	1369	1359	1615	1578
AT1G11490	3	4	1	7	1	9
AT1G11500	1	4	3	6	4	8
AT1G11510	0	0	0	3	0	1
AT1G11530	838	758	959	648	756	628
AT1G11540	5	4	2	12	4	3
AT1G11545	664	687	613	557	349	619
AT1G11560	2	3	2	4	3	4
AT1G11570	11	13	6	9	26	19
AT1G11572	0	1	0	0	0	0
AT1G11580	1321	1133	597	903	610	1053
AT1G11590	0	0	1	0	2	1
AT1G11592	212	173	181	189	227	168
AT1G11600	159	132	115	113	121	197
AT1G11610	18	12	0	1	1	1
AT1G11630	302	189	241	215	246	239
AT1G11640	0	0	0	1	0	0
AT1G11650	7219	6079	5889	6100	7214	6542
AT1G11660	1143	978	969	939	1157	1152
AT1G11670	593	509	321	470	638	587
AT1G11680	2396	2182	1955	1772	1958	2195
AT1G11690	0	0	1	1	0	0
AT1G11700	70	79	57	101	150	146
AT1G11710	105	75	57	78	88	71
AT1G11720	2287	2002	1788	1449	1737	2001
AT1G11730	59	51	46	31	51	35
AT1G11735	9	1	4	4	3	4
AT1G11740	17	24	24	33	22	27
AT1G11750	3358	2955	2927	2750	3091	2879
AT1G11755	330	290	306	371	434	402
AT1G11760	136	126	96	127	135	108
AT1G11770	0	0	1	0	0	2
AT1G11780	280	249	298	270	299	262
AT1G11785	5	11	5	13	7	8
AT1G11790	666	584	677	538	693	554
AT1G11800	177	157	194	191	234	185
AT1G11810	1	0	0	1	0	1
AT1G11820	909	961	878	855	1021	811
AT1G11840	9873	8355	7042	8686	9135	10871
AT1G11850	298	365	310	303	203	176
AT1G11860	20205	17033	18309	13238	18674	16170
AT1G11870	753	753	833	675	818	709
AT1G11880	185	187	162	160	157	133
AT1G11890	1269	1165	1111	1238	1562	1373
AT1G11900	82	60	71	76	61	61
AT1G11905	274	229	239	314	415	335
AT1G11910	19092	17502	15331	16216	16377	18019
AT1G11915	7	7	9	16	13	15
AT1G11925	5	5	28	2	39	11
AT1G11930	1824	1616	1570	1561	1538	1754
AT1G11940	162	177	164	196	246	210
AT1G11950	236	181	247	194	312	236
AT1G11960	2356	2024	2327	2022	3591	3217
AT1G11990	26	18	21	26	25	15
AT1G12000	1551	1440	1148	1504	1663	1363
AT1G12010	94	61	69	60	50	50
AT1G12013	0	1	3	3	3	2
AT1G12020	216	192	193	150	181	151
AT1G12030	6	2	3	14	23	12
AT1G12040	0	0	1	0	0	0
AT1G12050	2086	1847	1558	1843	1726	2166
AT1G12060	86	74	82	81	94	103
AT1G12070	4	5	4	3	5	9
AT1G12080	577	443	357	523	499	554
AT1G12090	22131	21835	24772	21936	16773	25452
AT1G12100	11	13	13	8	8	7
AT1G12110	1386	1425	1428	1419	1549	1430
AT1G12120	2233	1722	1917	1537	1726	1957
AT1G12130	1	0	0	1	0	0
AT1G12140	1227	1068	1099	1145	1563	1318
AT1G12150	39	41	53	49	95	48
AT1G12160	148	133	75	156	136	133
AT1G12180	0	0	0	0	1	0
AT1G12200	59	61	93	263	626	476
AT1G12210	206	154	151	159	248	186
AT1G12211	6	1	5	4	1	1
AT1G12220	1033	936	812	605	924	890
AT1G12230	2133	2039	1998	1708	1906	1796
AT1G12240	7249	6402	4376	4161	3550	5397
AT1G12244	175	144	159	146	162	147
AT1G12250	1160	1160	1306	905	1011	881
AT1G12260	24	14	8	13	25	21
AT1G12270	1489	1121	1096	1121	1307	1389
AT1G12280	424	361	339	299	383	305
AT1G12290	251	215	188	215	326	249
AT1G12294	0	1	1	1	1	0
AT1G12300	111	82	107	91	79	92
AT1G12310	848	843	946	887	978	904
AT1G12320	111	75	82	90	114	104
AT1G12330	270	195	240	230	245	213
AT1G12340	21	2	5	9	5	17
AT1G12350	564	558	537	515	597	477
AT1G12360	2620	2146	2019	2056	2945	2630
AT1G12370	71	48	47	43	42	45
AT1G12380	278	256	164	194	230	228
AT1G12390	337	262	292	301	348	297
AT1G12400	209	183	209	217	214	212
AT1G12410	3830	3419	3516	2924	3352	3345
AT1G12411	0	0	0	0	0	1
AT1G12420	550	421	588	489	994	486
AT1G12430	891	734	731	668	1010	898
AT1G12440	2059	2021	2111	1668	1902	1804
AT1G12450	309	242	335	244	237	265
AT1G12460	343	295	381	274	339	298
AT1G12470	1360	1233	1173	1098	1203	1332
AT1G12480	96	72	138	72	178	90
AT1G12490	2	0	4	5	7	7
AT1G12500	1332	959	1022	766	764	929
AT1G12510	1	0	0	0	1	0
AT1G12520	2014	1757	1287	1684	1504	1514
AT1G12530	278	193	174	202	208	229
AT1G12540	4	3	1	0	0	0
AT1G12550	180	185	140	169	164	176
AT1G12570	162	145	96	67	69	122
AT1G12580	3156	2298	2031	2024	2700	2925
AT1G12600	6	3	4	7	12	14
AT1G12610	1254	1113	1141	1104	1148	1616
AT1G12620	139	135	134	104	132	158
AT1G12630	7	7	12	8	1	8
AT1G12640	908	815	747	777	750	690
AT1G12650	595	420	401	476	601	456
AT1G12672	2	2	5	5	1	2
AT1G12680	779	545	649	591	707	618
AT1G12700	134	102	118	98	123	110
AT1G12710	453	404	897	533	733	573
AT1G12730	338	294	555	296	492	410
AT1G12740	0	1	3	1	0	2
AT1G12750	885	781	724	663	792	663
AT1G12760	2237	1940	1841	1819	2181	1962
AT1G12770	1675	1360	1408	1257	1451	1390
AT1G12775	89	71	90	57	90	71
AT1G12780	2037	1775	2012	1552	1528	1773
AT1G12790	198	155	199	133	130	162
AT1G12800	6902	6061	6182	5168	5597	5681
AT1G12805	13	9	0	0	0	0
AT1G12810	715	632	571	669	713	710
AT1G12820	834	660	630	579	620	599
AT1G12830	255	206	149	195	211	223
AT1G12840	3494	3523	3763	3510	4042	3249
AT1G12845	469	486	578	404	367	476
AT1G12850	1249	1266	1194	1152	1257	1166
AT1G12855	5	4	2	2	4	4
AT1G12860	698	646	647	583	553	644
AT1G12870	0	3	2	6	5	1
AT1G12880	332	271	241	340	426	332
AT1G12890	10	11	13	26	42	34
AT1G12900	33377	35280	37310	29003	29956	25753
AT1G12910	736	700	623	627	643	577
AT1G12920	2218	1795	1751	1841	2196	1843
AT1G12930	838	684	681	611	843	764
AT1G12940	15	9	7	4	39	18
AT1G12950	24	17	20	20	22	23
AT1G12970	426	344	401	326	350	395
AT1G12980	6	1	1	0	0	5
AT1G12990	1576	1471	1359	1313	1758	1758
AT1G13000	1195	1023	1092	1026	1404	1224
AT1G13020	1062	902	898	911	1066	1047
AT1G13030	247	184	188	243	327	214
AT1G13040	64	56	55	61	90	78
AT1G13050	79	60	73	100	135	136
AT1G13060	2592	2148	2193	2451	2412	2449
AT1G13080	644	545	323	406	228	405
AT1G13090	2072	1616	1594	1636	1990	1935
AT1G13100	427	354	364	351	395	378
AT1G13110	6647	5502	6621	6329	7316	5871
AT1G13120	494	438	420	467	684	531
AT1G13130	1	0	1	2	5	3
AT1G13140	28	30	20	32	19	19
AT1G13150	54	58	69	58	55	63
AT1G13160	570	506	541	563	693	565
AT1G13170	784	697	751	611	845	762
AT1G13180	415	367	423	440	481	431
AT1G13190	1633	1279	1223	1082	1203	1353
AT1G13195	272	223	235	278	449	290
AT1G13200	0	1	0	0	0	0
AT1G13210	14584	12277	12251	12357	19758	17532
AT1G13220	758	584	524	516	691	643
AT1G13230	1	5	2	0	4	1
AT1G13245	761	640	543	461	270	508
AT1G13250	591	530	494	399	311	391
AT1G13260	6801	5539	5865	5500	5584	6946
AT1G13270	1626	1314	2047	1719	2597	1719
AT1G13280	1729	1351	1206	1412	1402	1717
AT1G13300	20	8	7	14	6	10
AT1G13310	4	6	4	13	15	7
AT1G13320	1837	1692	1682	1650	1850	1732
AT1G13330	1686	1357	827	2070	1700	1937
AT1G13340	2287	1962	1163	2880	2480	2717
AT1G13350	1327	1052	986	906	1164	1009
AT1G13360	2127	1803	1500	1982	1674	2592
AT1G13370	7	7	5	8	5	8
AT1G13380	660	589	562	564	654	627
AT1G13390	1743	1635	1433	1445	1503	1584
AT1G13400	10	9	2	5	5	1
AT1G13410	74	44	50	73	127	66
AT1G13420	15	17	9	13	17	9
AT1G13430	20	12	5	11	8	8
AT1G13440	23200	21384	19094	21097	22381	21363
AT1G13448	167	123	164	129	76	147
AT1G13450	1009	830	813	726	757	724
AT1G13460	386	389	395	341	474	359
AT1G13470	1893	1429	1593	2329	3581	2433
AT1G13480	6	1	1	20	46	47
AT1G13500	1	0	0	2	0	0
AT1G13510	3	0	0	0	1	0
AT1G13520	167	134	41	123	109	137
AT1G13530	16	14	7	12	20	7
AT1G13540	14	22	11	12	20	18
AT1G13550	12	15	23	17	35	14
AT1G13560	2718	2386	2392	2271	2835	2566
AT1G13570	425	364	342	344	380	286
AT1G13580	222	219	232	200	218	212
AT1G13600	24	23	6	17	9	2
AT1G13609	45	34	39	13	100	22
AT1G13610	0	0	3	2	3	0
AT1G13620	0	0	1	0	3	1
AT1G13630	58	50	58	62	118	54
AT1G13635	1	2	5	5	10	8
AT1G13640	667	644	791	585	1347	755
AT1G13650	2102	1679	705	1203	260	956
AT1G13670	43	36	26	47	30	41
AT1G13680	4	4	0	3	1	4
AT1G13690	390	347	308	376	434	338
AT1G13700	735	617	743	457	322	628
AT1G13710	120	106	44	70	83	76
AT1G13730	585	479	445	449	450	492
AT1G13740	248	201	256	166	205	216
AT1G13750	1110	1056	924	1184	1702	1410
AT1G13770	377	375	355	362	415	326
AT1G13780	197	178	165	140	179	145
AT1G13790	166	150	154	157	218	199
AT1G13800	48	40	28	25	35	39
AT1G13810	144	96	92	160	207	136
AT1G13820	1680	1447	1472	1145	1162	1332
AT1G13830	82	58	20	80	98	98
AT1G13860	717	671	700	602	737	742
AT1G13870	389	279	304	318	425	357
AT1G13880	906	703	755	625	873	859
AT1G13900	820	775	777	737	778	829
AT1G13910	127	116	135	121	134	131
AT1G13920	150	152	192	224	256	241
AT1G13930	12688	15405	18128	17041	17599	16669
AT1G13940	573	499	430	490	509	513
AT1G13950	314	265	292	375	466	406
AT1G13960	802	659	667	567	697	737
AT1G13970	75	59	61	80	89	72
AT1G13980	2117	1826	1834	1553	2007	1721
AT1G13990	2325	2016	1775	1739	1727	1951
AT1G14000	2098	1736	1660	1740	2211	2096
AT1G14010	1052	741	719	832	1009	1007
AT1G14020	424	366	334	296	445	371
AT1G14030	1462	1350	1463	1113	1105	1018
AT1G14040	114	98	99	152	241	159
AT1G14060	322	183	187	343	413	260
AT1G14070	241	232	181	206	241	256
AT1G14071	7	5	3	5	7	8
AT1G14080	14	14	13	45	73	38
AT1G14100	4	12	11	7	4	3
AT1G14120	87	60	14	46	20	80
AT1G14130	285	241	204	268	289	331
AT1G14140	262	251	280	245	316	252
AT1G14150	1464	1281	1460	916	1637	1125
AT1G14170	648	526	819	731	1248	770
AT1G14180	169	161	137	118	118	143
AT1G14185	14	13	10	8	10	4
AT1G14190	52	32	34	24	43	53
AT1G14200	316	228	243	294	314	270
AT1G14205	170	122	141	121	127	131
AT1G14210	476	393	392	431	481	434
AT1G14220	3	0	0	0	0	0
AT1G14230	784	637	625	570	695	646
AT1G14240	34	16	16	21	19	20
AT1G14250	4886	4311	4406	2970	3147	2066
AT1G14260	42	33	17	26	33	38
AT1G14270	1475	1247	1399	1170	1336	1201
AT1G14280	897	784	704	575	294	541
AT1G14290	1005	836	854	672	487	777
AT1G14300	392	298	321	439	533	359
AT1G14310	314	295	308	315	287	327
AT1G14315	1	1	1	1	0	0
AT1G14320	9249	8901	7975	9506	9848	7663
AT1G14330	621	455	469	530	546	759
AT1G14340	432	388	381	429	472	449
AT1G14345	1652	1469	1626	1169	1388	1372
AT1G14350	449	341	297	458	497	533
AT1G14360	965	847	669	901	1307	888
AT1G14370	2813	2234	2119	2925	3655	3332
AT1G14380	1289	1084	1029	843	891	1073
AT1G14390	40	38	29	18	23	22
AT1G14400	3137	3200	2919	2881	2902	2741
AT1G14410	631	495	534	536	617	513
AT1G14420	3	2	1	0	3	4
AT1G14430	69	69	49	58	42	83
AT1G14440	214	150	123	132	155	133
AT1G14450	973	986	728	984	979	842
AT1G14455	6	2	2	1	4	5
AT1G14460	573	545	545	456	582	577
AT1G14470	46	35	37	36	85	75
AT1G14480	347	342	284	643	969	686
AT1G14490	13	5	9	12	13	12
AT1G14500	0	1	1	0	0	1
AT1G14510	992	936	902	980	1162	1002
AT1G14520	284	208	308	609	1104	1096
AT1G14530	164	123	121	147	221	181
AT1G14540	488	389	362	349	460	305
AT1G14550	0	0	0	0	0	1
AT1G14560	541	469	463	473	573	501
AT1G14570	1686	1453	1326	1290	1446	1533
AT1G14580	590	551	448	511	603	610
AT1G14590	238	224	196	214	281	235
AT1G14600	132	100	94	137	117	107
AT1G14610	3128	2788	2456	2576	3148	2731
AT1G14620	391	369	318	465	579	392
AT1G14630	50	47	51	42	29	40
AT1G14640	132	151	119	134	233	193
AT1G14642	23	10	22	21	21	9
AT1G14650	2673	2136	2064	2007	2497	2444
AT1G14660	243	228	245	224	314	263
AT1G14670	3237	2998	3250	2864	3863	3188
AT1G14680	45	20	36	38	56	35
AT1G14685	1088	930	1211	1153	1318	1182
AT1G14686	1	0	3	2	0	1
AT1G14687	50	39	53	30	54	44
AT1G14688	1	1	0	0	1	0
AT1G14690	1490	1243	1124	1112	1040	1231
AT1G14700	556	446	441	384	327	424
AT1G14710	1971	1561	1681	1761	1917	2014
AT1G14720	1115	1013	1133	1306	1156	1213
AT1G14730	36	36	38	85	95	96
AT1G14740	4664	4009	3821	3697	4937	4562
AT1G14750	19	19	21	11	25	18
AT1G14760	10	14	9	16	5	9
AT1G14770	194	156	162	154	224	169
AT1G14780	75	63	69	103	131	133
AT1G14790	1203	969	1009	940	1679	1355
AT1G14800	6	4	6	3	3	0
AT1G14810	1777	1700	1672	1942	2253	1474
AT1G14820	290	279	348	324	498	325
AT1G14830	2198	1866	1744	1768	1940	2080
AT1G14840	915	691	687	609	700	808
AT1G14850	831	718	698	725	1282	929
AT1G14860	22	21	14	17	13	19
AT1G14870	1309	1240	881	1479	1796	1305
AT1G14880	3577	3752	3813	5308	11175	4140
AT1G14890	236	292	179	322	212	297
AT1G14900	149	154	99	146	170	166
AT1G14910	1437	1218	1242	1223	1446	1529
AT1G14920	978	972	943	876	907	856
AT1G14930	4	5	2	0	0	0
AT1G14970	194	166	149	173	211	187
AT1G14980	1408	1134	1042	1616	2016	1375
AT1G14990	338	292	287	332	399	337
AT1G15000	806	666	528	524	542	800
AT1G15002	2	3	3	9	11	5
AT1G15010	2370	2073	1889	1598	1410	2246
AT1G15015	1	2	1	0	2	0
AT1G15020	720	677	561	526	497	558
AT1G15030	1453	1279	1127	1012	1171	1079
AT1G15040	38	21	22	41	26	30
AT1G15050	9	10	5	2	7	5
AT1G15060	884	768	653	673	660	691
AT1G15080	83	80	62	101	89	102
AT1G15090	0	1	0	1	1	0
AT1G15100	116	123	128	95	88	112
AT1G15110	231	202	178	186	242	282
AT1G15120	2759	2361	2391	2821	3258	2588
AT1G15125	14789	12524	11841	11406	11508	10420
AT1G15130	2328	2110	2178	2040	2606	2644
AT1G15140	2457	2108	2644	2560	2993	2691
AT1G15150	15	16	15	6	15	9
AT1G15160	150	100	116	102	135	103
AT1G15165	137	96	110	106	126	109
AT1G15170	445	381	390	355	447	427
AT1G15175	145	154	187	113	85	142
AT1G15180	939	877	879	654	661	804
AT1G15190	28	23	22	27	26	32
AT1G15200	1355	989	925	1072	1292	1271
AT1G15210	21	14	8	20	14	15
AT1G15215	288	186	232	222	239	261
AT1G15220	163	165	162	186	192	139
AT1G15230	565	475	416	449	434	431
AT1G15240	1385	1211	1118	1163	1464	1314
AT1G15250	356	326	273	412	449	252
AT1G15260	774	576	644	487	648	637
AT1G15270	2595	2338	2186	2841	3058	2519
AT1G15280	1678	1427	1365	1427	2033	1643
AT1G15290	5219	4261	3127	3037	2969	3529
AT1G15310	91	65	51	107	180	153
AT1G15320	0	1	0	0	1	2
AT1G15330	3	6	4	9	4	7
AT1G15340	3206	2311	2064	2100	2097	2704
AT1G15350	714	705	692	646	737	649
AT1G15360	2	1	0	3	2	1
AT1G15370	744	674	587	735	713	718
AT1G15380	69	52	15	30	50	59
AT1G15385	2	1	1	0	7	0
AT1G15390	466	506	495	443	464	359
AT1G15400	1197	967	915	856	1014	1067
AT1G15405	40	70	30	47	39	32
AT1G15410	639	523	518	499	671	583
AT1G15415	22	23	14	36	26	18
AT1G15420	352	314	288	430	500	388
AT1G15430	694	601	699	740	921	788
AT1G15440	489	426	384	545	868	563
AT1G15460	0	0	0	1	1	0
AT1G15470	447	388	378	428	524	437
AT1G15480	279	222	244	265	407	330
AT1G15490	238	213	243	235	303	232
AT1G15500	5938	5102	5035	4627	5148	4988
AT1G15510	258	199	224	292	455	270
AT1G15520	845	762	385	652	668	1147
AT1G15530	884	656	715	537	608	747
AT1G15540	8	11	4	6	0	1
AT1G15550	74	74	74	55	25	23
AT1G15570	300	240	246	230	237	288
AT1G15580	66	63	45	43	33	30
AT1G15620	0	0	0	0	0	1
AT1G15630	1	0	3	4	4	0
AT1G15640	0	1	0	0	1	0
AT1G15660	392	316	255	265	366	343
AT1G15670	462	459	388	391	404	480
AT1G15690	15009	15074	16614	13535	17305	14979
AT1G15700	139	105	92	139	119	110
AT1G15710	382	314	347	283	472	412
AT1G15720	45	32	32	33	41	42
AT1G15730	1633	1353	1295	1173	1291	1230
AT1G15740	4339	3909	3222	2711	2566	2836
AT1G15750	3266	3143	2755	2657	3725	3257
AT1G15760	22	29	24	36	37	23
AT1G15770	0	0	0	1	4	0
AT1G15772	2	0	0	1	1	4
AT1G15780	1832	1615	1453	1405	2004	1951
AT1G15790	448	318	328	457	638	490
AT1G15800	136	133	147	176	183	178
AT1G15810	768	571	593	697	885	698
AT1G15820	75462	92753	78976	74941	39895	65537
AT1G15825	170	102	78	55	21	90
AT1G15830	375	386	238	231	74	221
AT1G15840	0	2	0	0	0	2
AT1G15860	865	782	716	874	893	862
AT1G15870	29	26	42	37	63	20
AT1G15880	1283	1068	1054	1017	1164	1066
AT1G15885	335	237	219	196	283	304
AT1G15890	868	712	680	606	917	858
AT1G15900	30	33	29	22	39	33
AT1G15910	740	641	565	635	741	716
AT1G15920	495	471	375	382	400	372
AT1G15930	3820	4002	3299	4283	4003	2744
AT1G15940	914	727	678	737	932	830
AT1G15950	2844	2845	2179	2711	1893	2756
AT1G15960	1018	1043	905	998	808	878
AT1G15970	356	359	362	341	436	377
AT1G15980	6219	5201	5057	3509	4096	4482
AT1G15990	5	2	4	5	4	2
AT1G16000	212	224	224	292	383	205
AT1G16010	1149	1053	1080	1125	1355	1229
AT1G16020	586	521	576	483	680	604
AT1G16022	12	3	7	9	11	14
AT1G16025	8	2	6	5	5	11
AT1G16030	171	143	127	120	145	137
AT1G16040	368	293	278	299	297	308
AT1G16060	138	99	116	100	131	114
AT1G16070	35	25	25	15	28	23
AT1G16080	2233	2283	2175	1858	1975	1864
AT1G16090	558	496	368	767	1022	543
AT1G16110	2185	1802	1845	1695	2251	2185
AT1G16120	28	23	19	8	18	7
AT1G16130	1363	1141	1275	912	1416	1225
AT1G16150	10	10	9	11	9	10
AT1G16160	3	3	1	1	1	1
AT1G16170	538	460	502	446	437	467
AT1G16180	4950	5047	4480	4703	5172	4742
AT1G16190	680	508	574	670	828	675
AT1G16210	1639	1278	1240	1407	1583	1519
AT1G16220	68	73	38	51	127	72
AT1G16230	0	1	0	1	0	0
AT1G16240	2524	2142	1908	1855	2062	2193
AT1G16250	631	475	457	422	471	528
AT1G16260	980	887	924	758	1347	906
AT1G16270	1097	889	841	821	1046	991
AT1G16280	279	201	247	236	295	267
AT1G16290	5	0	1	6	0	0
AT1G16300	201	167	91	100	140	135
AT1G16310	60	45	36	38	68	53
AT1G16320	1075	935	993	776	1099	820
AT1G16330	63	54	50	33	64	73
AT1G16340	423	393	415	398	462	408
AT1G16350	1232	1018	988	1288	1380	1170
AT1G16360	6	12	11	9	9	6
AT1G16370	517	449	393	365	494	488
AT1G16380	3	1	0	0	0	0
AT1G16390	147	134	137	114	78	85
AT1G16400	176	170	159	157	195	182
AT1G16410	5491	4677	5033	4184	4721	5351
AT1G16420	143	114	56	223	451	142
AT1G16430	74	98	79	82	113	72
AT1G16440	1	3	4	2	7	2
AT1G16445	101	96	92	89	86	46
AT1G16460	2775	2387	2386	2014	2230	2250
AT1G16470	1429	1271	1281	1501	1798	1357
AT1G16480	121	104	117	91	181	113
AT1G16489	17	24	28	16	23	22
AT1G16490	36	47	43	54	53	51
AT1G16500	193	178	165	236	265	231
AT1G16510	107	139	125	102	115	91
AT1G16515	17	10	12	9	25	2
AT1G16520	256	228	176	232	304	267
AT1G16530	71	63	45	39	33	55
AT1G16540	356	268	266	303	416	342
AT1G16560	1567	1393	1510	1563	1822	1467
AT1G16570	514	418	484	466	598	467
AT1G16590	151	132	129	115	150	154
AT1G16610	1092	1149	1096	1148	1325	1212
AT1G16630	103	73	76	52	83	107
AT1G16635	3	2	4	6	9	4
AT1G16640	28	40	37	24	51	40
AT1G16650	281	233	265	311	369	246
AT1G16670	993	725	730	790	1388	1124
AT1G16680	699	585	578	550	722	608
AT1G16690	291	228	225	213	264	259
AT1G16700	1181	1247	1244	1404	1420	1221
AT1G16705	16	18	6	9	9	4
AT1G16710	1493	1320	1300	1049	1611	1513
AT1G16720	6312	5232	4316	2800	2372	3977
AT1G16730	165	156	77	83	36	89
AT1G16740	488	451	416	500	602	500
AT1G16750	146	172	178	209	295	226
AT1G16770	4	8	8	6	7	5
AT1G16780	583	511	459	463	498	539
AT1G16790	142	155	123	113	106	117
AT1G16800	336	288	242	246	338	275
AT1G16810	1487	1129	1096	1155	1251	1220
AT1G16820	135	101	108	96	103	96
AT1G16825	91	86	105	87	99	91
AT1G16830	30	25	30	40	71	30
AT1G16840	1611	1382	1497	1357	1467	1469
AT1G16850	299	246	254	303	489	387
AT1G16858	1501	1371	1540	1231	1466	1404
AT1G16860	1501	1371	1540	1231	1466	1404
AT1G16870	647	548	526	610	749	577
AT1G16880	8261	7424	8807	6380	10989	7439
AT1G16890	2635	2303	2136	2603	2682	2294
AT1G16900	502	442	475	435	537	456
AT1G16905	2	0	0	0	0	0
AT1G16910	1	4	2	1	0	4
AT1G16916	90	163	138	135	179	105
AT1G16920	831	708	718	683	627	695
AT1G16930	231	195	192	191	275	190
AT1G16940	0	0	0	0	1	0
AT1G16960	235	188	234	254	271	226
AT1G16970	376	389	365	408	513	389
AT1G17020	178	147	97	205	229	325
AT1G17030	7	7	7	7	5	21
AT1G17040	204	165	173	192	187	215
AT1G17050	686	572	427	414	366	399
AT1G17060	174	159	202	114	237	187
AT1G17070	296	272	248	262	348	323
AT1G17080	1331	1312	1221	1375	1641	1194
AT1G17090	30	37	47	54	63	34
AT1G17100	720	697	881	641	1762	719
AT1G17110	2283	1790	1566	1488	2130	2017
AT1G17120	708	755	766	613	781	675
AT1G17130	903	739	685	781	914	851
AT1G17140	1312	1077	965	906	816	900
AT1G17145	903	808	723	703	812	701
AT1G17147	663	555	503	545	644	513
AT1G17160	592	585	591	530	555	577
AT1G17170	26	16	20	44	62	40
AT1G17180	5	6	2	6	9	11
AT1G17190	96	67	76	86	84	101
AT1G17200	758	907	895	893	826	675
AT1G17210	2035	1666	1518	1451	1883	1778
AT1G17220	11069	9163	9425	7072	9991	9513
AT1G17230	341	245	272	276	444	340
AT1G17232	103	69	73	70	117	88
AT1G17235	1	7	6	4	3	4
AT1G17240	104	69	78	55	90	70
AT1G17250	396	308	337	376	472	501
AT1G17255	466	336	382	424	525	548
AT1G17260	67	64	44	34	62	75
AT1G17270	186	160	158	149	216	202
AT1G17280	1194	997	997	1026	1098	1038
AT1G17285	0	1	0	1	3	0
AT1G17290	9101	8458	8928	9184	9643	8865
AT1G17300	1	1	0	0	2	0
AT1G17310	0	0	0	0	2	3
AT1G17330	564	427	363	383	581	505
AT1G17340	1573	1292	1034	1309	1913	1723
AT1G17345	9	3	6	6	2	3
AT1G17350	302	237	225	235	273	223
AT1G17360	1736	1486	1072	1083	1002	1409
AT1G17370	2444	2098	1925	1958	2130	2179
AT1G17380	4235	3340	2406	3277	4168	4126
AT1G17400	18	16	7	12	9	7
AT1G17410	174	163	180	171	249	169
AT1G17420	14691	12160	8583	13025	17425	20197
AT1G17430	411	294	369	272	521	404
AT1G17440	1928	1466	1371	1465	2293	2056
AT1G17450	1049	823	832	845	1258	1097
AT1G17455	254	179	271	211	302	221
AT1G17460	230	213	302	303	484	338
AT1G17470	2552	2168	2311	1985	2299	2102
AT1G17480	64	67	76	103	149	135
AT1G17490	261	189	236	260	401	303
AT1G17500	1510	1243	1303	1431	2432	1918
AT1G17510	131	181	159	199	212	127
AT1G17520	382	286	285	336	347	295
AT1G17530	754	591	565	621	604	568
AT1G17540	1	0	0	0	1	1
AT1G17545	0	0	2	0	0	0
AT1G17550	2245	1858	1693	1666	2424	2106
AT1G17560	127	86	89	87	102	80
AT1G17580	1364	1267	1089	946	1337	1194
AT1G17590	205	193	190	232	376	323
AT1G17600	395	372	479	342	914	598
AT1G17610	280	267	295	308	548	350
AT1G17615	8	6	5	6	4	7
AT1G17620	3640	3190	2678	3349	3865	5259
AT1G17630	56	62	70	77	106	66
AT1G17640	213	132	149	132	161	159
AT1G17650	955	821	907	711	917	764
AT1G17665	60	35	367	216	559	253
AT1G17680	865	693	691	622	852	800
AT1G17690	542	489	494	591	633	465
AT1G17700	70	63	63	65	40	71
AT1G17710	10	17	25	66	65	66
AT1G17720	1934	1524	1523	1515	2019	1868
AT1G17730	754	765	769	815	988	765
AT1G17744	512	430	302	735	999	1021
AT1G17745	3632	2972	2102	5212	7048	6238
AT1G17750	437	401	235	444	926	474
AT1G17760	788	597	514	574	749	673
AT1G17780	512	391	410	399	480	491
AT1G17790	344	293	277	256	324	361
AT1G17810	0	2	6	2	3	0
AT1G17820	706	561	582	638	707	649
AT1G17830	206	192	149	186	229	276
AT1G17840	2605	2282	2377	2101	2511	2610
AT1G17850	714	695	680	615	693	624
AT1G17860	473	401	347	362	373	423
AT1G17870	103	100	109	95	119	96
AT1G17880	4062	3240	3097	3662	3746	3355
AT1G17890	1022	977	939	1087	1331	1045
AT1G17920	128	107	112	103	151	135
AT1G17930	322	237	240	242	268	254
AT1G17940	397	378	364	435	437	513
AT1G17950	1	3	0	3	4	2
AT1G17960	7	4	5	30	19	10
AT1G17970	915	842	730	667	575	721
AT1G17980	1756	1649	1571	1633	2288	2284
AT1G17990	3368	2259	2618	2002	2384	2743
AT1G18000	803	823	746	671	626	763
AT1G18010	857	764	724	624	619	818
AT1G18020	3909	3866	2093	2289	1677	2365
AT1G18030	597	487	427	405	490	503
AT1G18040	222	193	165	185	231	236
AT1G18050	3	7	1	2	1	3
AT1G18060	2545	2140	1838	1694	1384	1729
AT1G18070	3505	2818	2985	3119	3766	3440
AT1G18075	71	58	57	89	122	66
AT1G18080	5974	6549	5585	6859	6954	5673
AT1G18090	219	141	170	184	191	174
AT1G18100	75	50	57	53	59	65
AT1G18140	29	27	9	10	11	13
AT1G18150	1906	1632	1778	1457	1722	1841
AT1G18160	1946	1687	1668	1493	2241	1889
AT1G18170	864	771	896	690	1068	826
AT1G18180	52	46	49	58	54	47
AT1G18190	624	447	464	437	469	565
AT1G18200	747	640	617	547	628	673
AT1G18210	3739	3689	3909	4927	7140	4602
AT1G18220	2	0	0	0	0	0
AT1G18250	285	234	213	219	194	265
AT1G18260	1505	1339	1259	1274	1396	1500
AT1G18265	135	101	138	81	138	124
AT1G18270	1623	1527	1370	1292	1724	1729
AT1G18280	0	0	0	0	0	1
AT1G18290	4	3	1	0	10	7
AT1G18300	9723	8094	7646	8679	11206	9782
AT1G18310	4	0	2	1	1	3
AT1G18320	33	36	42	51	85	43
AT1G18330	499	411	309	252	106	273
AT1G18335	176	184	171	174	164	174
AT1G18340	265	273	261	258	259	218
AT1G18350	34	32	30	34	15	19
AT1G18360	1521	1249	1093	1049	881	1293
AT1G18370	255	213	243	177	266	287
AT1G18382	48	33	43	39	73	53
AT1G18390	1043	885	938	989	1586	1197
AT1G18400	261	272	216	161	116	111
AT1G18410	25	15	12	13	6	14
AT1G18415	256	229	221	177	208	197
AT1G18420	228	191	196	163	175	185
AT1G18440	403	332	370	323	364	303
AT1G18450	1228	1061	982	1202	1196	1067
AT1G18460	1472	1270	1000	854	554	912
AT1G18470	2315	2097	2233	2299	2532	2421
AT1G18480	558	424	416	484	594	477
AT1G18485	369	356	433	271	508	356
AT1G18490	315	343	283	304	340	282
AT1G18500	3414	2899	2598	2737	3109	2830
AT1G18510	2	0	0	0	0	0
AT1G18530	0	0	1	0	1	0
AT1G18540	4863	4510	3825	4879	4826	3958
AT1G18550	127	87	71	105	134	132
AT1G18560	192	169	153	169	232	214
AT1G18570	6063	5119	4766	6843	10102	6766
AT1G18580	684	558	611	658	860	718
AT1G18590	1006	995	801	937	1169	1255
AT1G18600	446	450	503	471	555	477
AT1G18610	222	175	208	141	200	163
AT1G18620	3318	2736	3024	1743	1356	2228
AT1G18630	255	233	202	354	407	239
AT1G18640	800	724	781	738	749	706
AT1G18650	591	580	477	471	376	565
AT1G18660	1380	1219	1151	1080	1350	1327
AT1G18670	485	387	412	372	393	540
AT1G18680	198	188	143	132	166	142
AT1G18690	277	238	235	240	218	229
AT1G18700	1223	949	1013	871	1121	1139
AT1G18710	328	271	239	480	1188	803
AT1G18720	2920	2614	2769	2936	4108	3673
AT1G18730	3180	2891	2972	2254	2894	2576
AT1G18735	20	24	22	20	36	22
AT1G18740	11151	10215	9836	10482	11072	11281
AT1G18745	102	118	111	136	194	122
AT1G18750	162	118	125	129	169	154
AT1G18760	0	0	0	0	1	0
AT1G18773	92	112	81	88	83	68
AT1G18780	0	0	1	0	0	0
AT1G18800	689	592	490	779	884	661
AT1G18810	258	162	165	119	55	98
AT1G18830	22	19	10	16	16	9
AT1G18835	2	3	2	6	2	3
AT1G18840	845	722	645	732	739	786
AT1G18850	237	229	206	317	386	242
AT1G18860	42	21	22	29	35	68
AT1G18870	162	120	117	202	201	288
AT1G18871	1	2	1	2	0	1
AT1G18880	146	105	79	151	134	162
AT1G18890	2881	2244	1991	2400	3037	2754
AT1G18900	1062	927	799	923	1364	1037
AT1G18910	278	240	222	287	511	280
AT1G18940	40	35	34	24	48	25
AT1G18950	975	808	739	725	902	947
AT1G18960	1	1	0	0	1	1
AT1G18970	1	2	1	1	3	0
AT1G18980	4	2	3	6	5	4
AT1G18990	17	14	11	1	7	5
AT1G19000	7801	6122	5464	4569	4614	5369
AT1G19010	266	213	231	207	246	206
AT1G19020	3218	3042	2890	3783	5036	3826
AT1G19025	131	123	155	146	173	126
AT1G19040	4	10	3	2	3	2
AT1G19050	1211	1050	1168	829	632	697
AT1G19070	9	4	3	5	11	2
AT1G19080	240	224	235	205	239	202
AT1G19100	264	231	232	259	316	258
AT1G19110	1503	1314	1318	1188	1331	1407
AT1G19115	0	1	0	0	0	1
AT1G19120	576	542	523	497	586	478
AT1G19130	1231	1201	1188	1278	1521	1207
AT1G19140	282	266	210	256	324	270
AT1G19150	2946	2849	2948	2243	2364	2162
AT1G19160	9	7	9	14	7	6
AT1G19170	440	431	421	407	426	397
AT1G19180	17184	14149	12452	15443	20813	18651
AT1G19190	20	22	30	11	12	23
AT1G19200	73	54	61	84	68	85
AT1G19210	347	341	295	312	361	418
AT1G19220	858	716	593	476	542	664
AT1G19230	19	15	12	12	25	19
AT1G19240	173	189	174	245	268	200
AT1G19250	105	90	61	125	128	94
AT1G19270	1146	949	945	1156	1471	1347
AT1G19290	211	148	189	166	268	225
AT1G19300	1253	1070	1056	1442	1945	1815
AT1G19310	1214	1149	1126	1043	1083	1028
AT1G19320	3	8	5	7	3	8
AT1G19330	998	883	780	891	1096	839
AT1G19340	251	189	201	283	277	223
AT1G19350	4497	3631	3139	3864	4269	4231
AT1G19360	1221	1036	1160	1109	1356	1184
AT1G19370	898	682	1116	796	1047	1192
AT1G19371	4	4	3	6	3	7
AT1G19373	4	4	2	3	6	4
AT1G19376	3	4	3	0	3	2
AT1G19380	4538	4754	5013	5518	5952	5215
AT1G19390	1	0	0	0	0	0
AT1G19394	88	78	88	70	96	90
AT1G19396	345	296	302	271	308	315
AT1G19397	168	126	131	118	128	137
AT1G19400	3210	2593	2214	1865	1557	2075
AT1G19410	1	1	2	2	2	5
AT1G19430	882	712	756	555	685	806
AT1G19440	461	423	500	394	468	467
AT1G19450	2727	2407	1689	1530	553	1399
AT1G19464	3	6	10	3	4	2
AT1G19470	1	0	0	2	1	0
AT1G19480	198	157	156	153	178	189
AT1G19485	701	575	542	548	672	580
AT1G19490	74	72	38	43	48	59
AT1G19510	55	52	56	59	67	33
AT1G19520	812	540	550	603	748	643
AT1G19530	12	9	14	54	49	48
AT1G19540	99	91	91	182	192	152
AT1G19550	215	198	145	318	240	329
AT1G19570	17711	15776	11204	20171	17695	24453
AT1G19580	937	842	778	909	1025	896
AT1G19600	1186	1095	1010	1017	1072	931
AT1G19610	65	52	40	30	28	30
AT1G19620	16	14	23	24	23	25
AT1G19630	13	20	23	40	97	78
AT1G19640	115	97	65	100	28	79
AT1G19650	993	845	754	697	781	854
AT1G19660	6963	5826	5249	3451	4047	4438
AT1G19670	8205	7139	4548	6859	5465	7371
AT1G19680	1127	1014	757	810	862	789
AT1G19690	356	301	330	324	389	332
AT1G19700	770	696	544	525	610	627
AT1G19710	511	414	432	455	641	450
AT1G19715	2941	2421	2181	2277	2566	2999
AT1G19720	2583	2108	2042	1407	2012	2466
AT1G19730	234	244	241	260	253	192
AT1G19740	3839	3255	3344	2796	2535	2989
AT1G19750	9	14	6	4	21	16
AT1G19770	18964	15732	16635	18054	20554	21469
AT1G19780	13	12	8	20	9	24
AT1G19790	4	3	1	3	7	3
AT1G19800	1033	812	866	822	1034	782
AT1G19830	16	12	7	10	13	6
AT1G19835	2390	1868	2037	1726	2009	2498
AT1G19840	33	23	22	19	14	13
AT1G19850	395	326	254	343	443	454
AT1G19860	621	455	387	460	559	551
AT1G19870	1726	1447	1352	1262	1655	1569
AT1G19880	999	786	811	831	976	951
AT1G19910	4244	4543	4484	4507	4144	3755
AT1G19920	1879	1551	1436	1380	1630	1444
AT1G19940	207	162	148	100	122	143
AT1G19950	218	164	162	161	147	176
AT1G19960	1726	1799	2211	2647	3782	3065
AT1G19968	8	11	9	7	7	9
AT1G19970	213	172	133	149	162	185
AT1G19980	164	127	127	132	156	131
AT1G19990	222	164	112	142	152	134
AT1G20000	1	0	0	0	0	0
AT1G20010	9904	8348	10809	8672	9094	10223
AT1G20015	4	2	4	10	6	1
AT1G20020	33154	28366	36955	25173	35065	31639
AT1G20030	262	328	337	269	168	295
AT1G20050	1588	1456	1540	1648	2150	1784
AT1G20060	87	74	58	58	78	78
AT1G20065	11	8	3	5	8	3
AT1G20070	208	194	170	153	126	150
AT1G20080	0	6	5	4	4	2
AT1G20090	1382	1186	1423	1233	1425	1671
AT1G20100	2890	2546	2603	2894	3823	2971
AT1G20110	2650	2392	2313	2340	2803	2830
AT1G20120	14	15	4	35	14	8
AT1G20130	1	1	1	0	0	4
AT1G20140	173	151	151	234	239	205
AT1G20150	0	1	0	0	3	0
AT1G20160	248	201	163	290	347	546
AT1G20180	1	2	1	2	10	4
AT1G20190	1597	1260	1264	930	515	1034
AT1G20200	1671	1514	1531	1609	1798	1612
AT1G20220	1040	973	745	854	829	901
AT1G20225	1234	1110	988	1055	1100	1259
AT1G20230	57	62	69	84	100	94
AT1G20260	6430	5632	6295	5769	6833	6944
AT1G20270	453	337	337	408	438	486
AT1G20290	1	1	0	2	1	2
AT1G20300	506	407	468	467	606	516
AT1G20310	580	626	490	653	714	524
AT1G20320	6	5	3	8	6	6
AT1G20330	3243	2834	3107	2540	2486	3353
AT1G20340	69539	66116	69196	60959	57591	60352
AT1G20350	578	555	422	365	312	354
AT1G20370	366	280	285	320	304	281
AT1G20380	138	114	107	111	173	156
AT1G20400	3	7	1	2	4	1
AT1G20410	361	315	340	325	442	388
AT1G20430	425	460	428	505	509	369
AT1G20440	17735	13560	14910	13829	15273	23250
AT1G20450	28640	20005	19184	18419	19642	30159
AT1G20460	226	221	185	192	247	190
AT1G20470	54	37	31	34	14	31
AT1G20480	59	68	36	50	48	50
AT1G20490	323	271	234	256	301	306
AT1G20500	6	1	0	1	1	0
AT1G20510	16148	12683	10318	15026	20577	19168
AT1G20515	187	139	117	133	164	166
AT1G20520	97	63	56	57	69	78
AT1G20530	12	7	8	16	36	17
AT1G20540	619	616	505	556	585	505
AT1G20550	155	147	117	108	129	142
AT1G20560	976	827	705	706	730	900
AT1G20570	39	38	28	18	36	20
AT1G20575	466	412	400	424	457	421
AT1G20580	980	739	677	814	923	950
AT1G20590	4	18	13	6	23	16
AT1G20600	17	8	17	19	17	14
AT1G20610	131	107	84	105	134	154
AT1G20620	310552	280670	291689	283089	299858	337321
AT1G20630	3603	3025	3036	2654	2455	3202
AT1G20640	1060	897	842	676	766	881
AT1G20650	1355	1199	893	821	571	799
AT1G20670	803	670	626	569	648	669
AT1G20680	11	12	13	14	10	24
AT1G20690	108	96	106	98	127	93
AT1G20691	107	94	103	100	125	94
AT1G20693	7727	6154	5978	6446	7619	8587
AT1G20696	4858	3850	4415	4459	5797	5568
AT1G20700	2	4	2	2	6	4
AT1G20720	162	117	128	89	151	118
AT1G20730	0	0	2	0	1	5
AT1G20740	3	1	2	4	4	5
AT1G20760	1835	1635	1656	1440	1709	1620
AT1G20770	627	569	546	565	643	623
AT1G20780	1090	996	1237	1155	1930	1423
AT1G20795	0	3	1	0	0	1
AT1G20810	1441	1250	1354	1078	1091	999
AT1G20816	271	224	171	183	199	204
AT1G20823	2836	3143	1989	3253	2653	2798
AT1G20830	439	378	472	410	470	438
AT1G20840	2745	2330	2732	2307	2805	2770
AT1G20850	328	320	286	386	445	440
AT1G20860	1	0	0	0	1	3
AT1G20870	41	33	42	32	29	28
AT1G20880	453	379	367	334	366	377
AT1G20890	234	208	203	244	189	254
AT1G20900	8	5	3	9	16	11
AT1G20910	306	319	314	283	310	299
AT1G20920	1463	1225	1123	1356	1803	1484
AT1G20925	2	1	0	1	5	1
AT1G20930	149	121	138	133	159	142
AT1G20950	1193	1101	942	1076	1259	1018
AT1G20960	4773	3923	3942	3806	5220	4558
AT1G20970	2936	2220	2596	1951	2146	2955
AT1G20980	4356	3951	3975	3918	5972	4932
AT1G20990	5	14	4	3	3	2
AT1G21000	2298	2060	1641	1885	2074	2013
AT1G21010	936	862	1007	928	871	786
AT1G21050	317	220	168	155	114	173
AT1G21060	416	364	354	321	258	336
AT1G21065	3282	3058	2820	2795	2661	2612
AT1G21070	276	222	218	190	212	217
AT1G21080	2109	1710	1597	1652	2099	2067
AT1G21090	261	244	178	231	239	314
AT1G21100	2253	1790	1630	1378	1404	1304
AT1G21110	682	629	588	699	778	652
AT1G21120	619	515	513	612	725	511
AT1G21130	29899	25076	29272	28771	32516	30451
AT1G21140	42	32	35	80	38	44
AT1G21150	87	76	80	66	64	62
AT1G21160	822	622	614	567	830	706
AT1G21170	788	775	687	639	806	800
AT1G21190	736	511	502	575	650	525
AT1G21200	321	253	269	259	305	283
AT1G21202	0	0	0	0	0	3
AT1G21210	22	10	11	14	14	6
AT1G21240	845	772	640	1423	1906	1043
AT1G21245	53	57	50	124	154	93
AT1G21250	7500	6706	8515	10568	23170	11068
AT1G21270	4027	3410	3960	3739	5741	4488
AT1G21280	196	136	160	151	165	152
AT1G21310	11298	8476	4926	11669	17360	20687
AT1G21320	164	110	97	92	97	67
AT1G21326	712	615	425	381	382	418
AT1G21340	1	0	0	0	1	0
AT1G21350	913	825	922	755	732	712
AT1G21360	5	2	2	4	1	8
AT1G21370	718	610	620	762	923	822
AT1G21380	2271	1900	2005	2058	2589	2440
AT1G21390	535	364	331	391	424	395
AT1G21395	0	0	0	0	0	1
AT1G21400	1174	1022	744	1264	1506	1465
AT1G21410	432	331	287	294	252	413
AT1G21430	0	1	0	0	0	0
AT1G21440	1380	1266	1224	1245	1058	1306
AT1G21450	1848	1432	1098	1176	1287	1502
AT1G21460	367	333	266	351	338	247
AT1G21470	1	0	0	0	0	0
AT1G21480	417	354	358	362	365	363
AT1G21500	4172	4284	4009	3559	1975	3799
AT1G21510	8	9	10	19	14	20
AT1G21520	415	407	299	870	995	561
AT1G21528	0	2	0	1	3	0
AT1G21529	0	0	0	1	1	3
AT1G21530	3	0	0	3	1	0
AT1G21540	116	93	97	115	135	105
AT1G21550	754	556	728	516	855	510
AT1G21560	471	369	384	386	453	429
AT1G21580	3447	2898	2718	2335	3922	3059
AT1G21590	4258	3665	3172	2966	3741	3104
AT1G21600	2843	2165	2852	2245	2757	2663
AT1G21610	1276	1017	939	863	1219	1174
AT1G21620	1	1	0	2	2	0
AT1G21630	3724	3167	3002	2638	3579	3652
AT1G21640	3225	2734	2329	1839	1939	2330
AT1G21650	977	840	912	873	1381	976
AT1G21651	414	378	358	346	404	404
AT1G21660	1169	983	952	1003	1065	1102
AT1G21670	1881	1660	1878	1535	1649	1897
AT1G21680	4868	4209	5785	4239	5625	5584
AT1G21690	439	395	404	482	527	407
AT1G21695	23	15	18	20	22	11
AT1G21700	869	738	692	661	934	877
AT1G21710	316	272	283	273	351	285
AT1G21720	1393	1385	1363	1561	1682	1442
AT1G21722	0	0	0	0	1	0
AT1G21730	787	723	750	626	704	760
AT1G21740	132	116	84	98	126	98
AT1G21750	5180	4444	4302	5325	7022	5848
AT1G21760	929	846	679	720	660	641
AT1G21770	1569	1379	1360	1215	1421	1350
AT1G21780	1985	1589	1538	1435	1669	1666
AT1G21790	386	303	242	273	241	299
AT1G21810	38	58	28	40	53	45
AT1G21830	565	436	371	392	437	398
AT1G21840	112	112	115	120	128	96
AT1G21850	2	0	0	13	16	18
AT1G21870	0	0	0	0	1	0
AT1G21880	644	587	559	630	689	678
AT1G21890	3	2	0	2	2	4
AT1G21900	1003	895	826	917	1008	816
AT1G21910	2814	2493	2556	1783	1535	2017
AT1G21920	2555	2099	1964	1134	742	1238
AT1G21930	439	333	338	276	324	322
AT1G21940	0	0	0	1	0	1
AT1G21980	902	702	706	677	872	879
AT1G22000	2	3	6	0	7	5
AT1G22020	864	728	757	683	918	762
AT1G22030	62	54	51	38	36	41
AT1G22040	425	389	378	348	450	412
AT1G22050	257	211	189	188	182	160
AT1G22060	2260	1850	1888	1633	2121	2219
AT1G22065	13	12	5	40	38	24
AT1G22067	1	0	0	0	0	0
AT1G22070	2476	1973	2203	2664	3495	2969
AT1G22090	0	0	0	0	1	0
AT1G22110	9	12	9	12	13	14
AT1G22130	7	1	3	0	0	0
AT1G22140	405	518	409	460	411	328
AT1G22150	2	2	2	0	5	0
AT1G22160	443	330	237	302	310	309
AT1G22170	162	120	111	110	136	138
AT1G22180	1067	945	718	1159	1427	1037
AT1G22190	7753	6507	5744	5279	6563	5932
AT1G22200	1251	1010	994	1079	1348	1121
AT1G22210	1	0	0	0	0	0
AT1G22220	62	45	31	54	39	36
AT1G22230	25	31	23	14	20	33
AT1G22240	8	11	11	3	1	0
AT1G22250	146	135	116	120	143	119
AT1G22260	24	33	18	15	26	31
AT1G22270	435	440	400	494	513	374
AT1G22275	42	27	24	45	48	48
AT1G22280	3830	3098	3019	2889	4118	3282
AT1G22300	6058	5191	4982	5366	5959	5641
AT1G22310	434	377	326	311	315	310
AT1G22330	456	380	510	410	396	483
AT1G22340	41	40	24	42	26	38
AT1G22360	2261	1957	2385	2228	2222	2578
AT1G22370	743	599	784	619	892	749
AT1G22380	23	11	51	32	52	31
AT1G22400	466	406	588	574	778	662
AT1G22403	92	87	84	100	131	128
AT1G22410	3658	3187	2758	3880	4357	4372
AT1G22420	1	0	1	1	2	1
AT1G22430	1569	1432	1478	1240	1372	1305
AT1G22440	9	12	2	6	5	17
AT1G22450	1846	1742	1698	1816	1979	1762
AT1G22460	0	1	0	0	0	0
AT1G22470	50	42	50	61	66	62
AT1G22480	5	5	0	2	1	11
AT1G22490	93	93	89	102	80	122
AT1G22500	711	672	535	335	291	350
AT1G22510	753	761	754	791	1094	774
AT1G22520	428	397	388	430	475	362
AT1G22530	3502	2948	5031	3133	4857	5392
AT1G22540	818	781	778	617	645	793
AT1G22550	173	155	207	189	128	204
AT1G22570	3489	3351	4065	3038	2816	4209
AT1G22590	247	202	260	182	256	182
AT1G22600	7	2	3	2	1	8
AT1G22610	1912	1786	1676	1522	1667	1693
AT1G22620	1334	1248	1359	1057	1283	1242
AT1G22630	1754	1407	1361	1050	1102	1260
AT1G22640	530	439	403	411	234	375
AT1G22650	622	499	388	529	713	569
AT1G22660	299	236	245	268	312	281
AT1G22670	4	0	0	0	2	0
AT1G22680	3	3	2	0	3	0
AT1G22690	783	813	742	295	284	503
AT1G22700	2536	2347	2428	2159	2201	2003
AT1G22710	3206	3415	3381	3013	3812	3974
AT1G22730	1086	904	949	953	1049	1078
AT1G22740	499	411	792	450	602	612
AT1G22750	1111	1189	1057	942	1000	806
AT1G22760	2	0	1	1	2	3
AT1G22770	4316	3845	5877	4623	6661	6378
AT1G22780	2372	2333	1848	2401	2380	1921
AT1G22790	491	429	411	429	423	464
AT1G22800	414	309	290	355	368	342
AT1G22810	93	104	142	81	81	119
AT1G22830	159	124	180	142	198	178
AT1G22840	1594	1822	1668	2195	2350	1553
AT1G22850	3912	3366	3100	2708	2634	3033
AT1G22860	633	578	563	563	761	645
AT1G22870	1036	840	823	820	1232	1141
AT1G22880	370	293	362	344	485	387
AT1G22882	1036	808	909	749	1196	1089
AT1G22885	290	259	252	291	309	267
AT1G22890	2258	1796	1473	1429	1512	1433
AT1G22900	46	45	26	36	30	62
AT1G22910	1277	1119	951	899	887	1012
AT1G22920	756	711	729	786	878	724
AT1G22930	6444	5389	4154	4122	5678	5393
AT1G22940	683	643	593	540	700	633
AT1G22950	370	303	265	383	448	335
AT1G22960	169	115	140	150	240	168
AT1G22970	335	268	303	314	405	321
AT1G22980	14	8	9	4	5	3
AT1G22985	91	69	94	86	70	81
AT1G22990	16	9	10	14	24	6
AT1G23000	115	116	75	79	126	101
AT1G23010	79	41	54	54	95	84
AT1G23020	1688	1360	1436	1009	1401	1319
AT1G23030	1306	1166	1243	1066	1061	1226
AT1G23040	202	171	136	228	191	271
AT1G23050	329	270	251	154	124	216
AT1G23052	329	270	251	154	124	216
AT1G23060	105	101	79	116	98	122
AT1G23070	0	4	0	5	1	0
AT1G23080	4583	3792	3553	4266	4081	4781
AT1G23090	1001	920	872	963	1071	767
AT1G23100	85	89	60	127	177	83
AT1G23110	8	9	26	77	66	62
AT1G23120	50	48	19	36	52	43
AT1G23130	12685	10655	11326	6304	7971	7679
AT1G23140	197	192	179	236	270	201
AT1G23149	51	53	54	75	72	94
AT1G23150	51	53	54	75	72	94
AT1G23170	273	251	275	258	363	318
AT1G23180	934	829	885	758	962	851
AT1G23190	2856	2470	2382	2654	3107	3147
AT1G23200	92	62	77	84	60	87
AT1G23205	80	45	49	30	42	80
AT1G23210	0	2	2	5	7	2
AT1G23220	438	479	382	429	491	420
AT1G23230	1083	986	906	964	1354	1251
AT1G23260	1287	956	899	983	1019	1071
AT1G23280	515	442	443	602	691	558
AT1G23290	2254	2473	2384	2971	2955	2035
AT1G23300	0	0	0	0	0	1
AT1G23310	61044	54512	43064	30716	33683	36251
AT1G23330	397	328	278	289	295	294
AT1G23340	91	70	43	46	60	78
AT1G23350	5	8	3	4	4	5
AT1G23360	690	600	655	605	734	631
AT1G23380	79	62	39	64	69	58
AT1G23390	4267	3698	3711	2413	1602	2687
AT1G23400	1901	1542	1579	1272	1416	1503
AT1G23410	65	48	37	51	26	45
AT1G23440	1308	1216	1049	1174	1202	1171
AT1G23450	17	20	25	11	35	26
AT1G23460	124	106	98	143	155	156
AT1G23465	18	18	19	16	22	12
AT1G23480	1024	892	1220	737	873	1001
AT1G23490	10214	8846	9498	10427	11800	10562
AT1G23500	1	0	0	0	3	0
AT1G23510	2	1	0	2	0	3
AT1G23520	0	0	0	0	1	0
AT1G23530	30	22	21	91	112	124
AT1G23540	3	4	3	1	6	9
AT1G23550	55	23	34	68	74	38
AT1G23560	17	20	23	26	23	27
AT1G23580	1	1	0	1	4	0
AT1G23600	0	1	0	1	2	0
AT1G23640	0	1	0	0	0	0
AT1G23700	4	4	0	1	6	1
AT1G23710	5706	4784	4188	5422	5863	5346
AT1G23720	1	0	0	0	0	0
AT1G23730	216	185	157	1112	1567	1313
AT1G23740	3603	3348	2093	2258	1398	2406
AT1G23750	223	249	205	234	198	199
AT1G23760	9	16	10	18	17	25
AT1G23770	0	0	1	0	0	1
AT1G23780	838	736	686	731	814	863
AT1G23790	80	57	71	35	64	77
AT1G23800	337	305	332	327	308	504
AT1G23810	0	0	0	0	0	1
AT1G23820	2336	2075	2371	2625	3449	2476
AT1G23830	540	405	400	329	444	398
AT1G23840	624	512	357	358	531	458
AT1G23850	416	364	189	256	264	271
AT1G23860	512	586	450	609	565	496
AT1G23870	1063	895	810	652	897	771
AT1G23880	153	115	98	103	97	115
AT1G23890	149	131	98	121	135	125
AT1G23900	1692	1386	1432	1466	2152	1756
AT1G23935	65	46	62	30	80	90
AT1G23940	102	78	61	61	78	83
AT1G23950	911	793	782	917	963	850
AT1G23960	1146	1120	1077	1083	1122	1048
AT1G23965	31	28	36	31	14	32
AT1G23970	379	327	292	277	321	304
AT1G23980	73	72	72	69	66	63
AT1G24000	1	2	0	0	1	0
AT1G24010	0	0	0	1	0	0
AT1G24020	1387	1352	868	843	919	782
AT1G24030	87	105	95	107	148	93
AT1G24040	736	636	668	562	748	580
AT1G24050	1613	1402	1358	1430	1364	1304
AT1G24068	1	0	0	0	0	0
AT1G24070	347	282	149	438	639	735
AT1G24090	66	61	36	55	120	52
AT1G24095	40	32	47	59	64	58
AT1G24100	2588	2086	1754	1924	2610	2619
AT1G24110	0	0	2	0	1	1
AT1G24120	879	818	758	705	723	776
AT1G24130	20	23	16	7	8	10
AT1G24140	2648	2660	2097	3182	3821	3061
AT1G24145	2347	1940	1241	2175	2850	2261
AT1G24147	1869	1731	2106	2385	4154	2337
AT1G24148	1117	1067	945	1037	1269	1191
AT1G24150	1639	1357	1294	1511	2905	1769
AT1G24159	1	0	0	0	0	0
AT1G24160	2747	2241	2215	1962	2154	2537
AT1G24170	2000	1634	1967	1750	2542	2358
AT1G24180	1526	1297	1145	1396	1580	1472
AT1G24190	1674	1373	1251	1144	1650	1614
AT1G24210	37	35	33	28	36	24
AT1G24240	289	264	315	316	369	292
AT1G24250	4	0	0	0	2	2
AT1G24260	3	5	0	10	9	13
AT1G24265	76	52	52	78	89	83
AT1G24267	1063	789	835	957	1120	945
AT1G24270	7	3	3	5	6	4
AT1G24280	219	170	198	216	284	225
AT1G24290	128	131	131	91	130	114
AT1G24300	1429	1212	1310	1004	1543	1404
AT1G24310	433	370	320	408	536	382
AT1G24320	3	3	3	11	5	2
AT1G24330	851	678	756	631	885	1106
AT1G24340	819	734	716	589	513	625
AT1G24350	735	555	593	608	654	613
AT1G24360	2855	2426	2322	2430	3267	2806
AT1G24380	0	0	0	1	0	1
AT1G24400	316	280	266	260	278	222
AT1G24405	2	3	2	5	3	4
AT1G24420	2	0	1	3	0	1
AT1G24430	8	2	4	6	1	3
AT1G24440	508	399	437	334	329	315
AT1G24450	483	387	404	412	388	406
AT1G24460	2202	1800	1770	1595	2347	2235
AT1G24470	85	58	49	56	56	67
AT1G24480	0	1	5	2	0	6
AT1G24490	925	729	748	816	1044	926
AT1G24510	3718	3123	2899	3173	3690	3535
AT1G24520	0	0	1	2	0	0
AT1G24530	432	400	447	547	829	565
AT1G24560	1069	863	834	740	964	1033
AT1G24570	1	3	2	7	3	2
AT1G24575	233	171	193	195	286	272
AT1G24577	23	16	34	21	27	13
AT1G24580	4	6	3	7	3	0
AT1G24590	0	0	0	2	2	0
AT1G24600	24	25	16	33	30	27
AT1G24610	763	777	787	698	757	740
AT1G24620	1	0	0	0	0	0
AT1G24625	409	319	338	379	525	435
AT1G24650	0	0	2	0	0	5
AT1G24706	1951	1717	1696	1433	2003	1929
AT1G24735	29	24	11	35	20	16
AT1G24764	821	656	739	605	828	812
AT1G24793	218	620	736	316	252	399
AT1G24800	537	483	416	468	547	572
AT1G24807	41	109	75	50	45	6
AT1G24822	2182	2400	2092	2585	2523	2010
AT1G24851	0	1	0	0	1	1
AT1G24880	2774	2891	2609	3261	3015	2607
AT1G24881	536	475	421	444	528	557
AT1G24909	73	13	14	120	104	72
AT1G24996	1491	1313	1400	1473	1470	1360
AT1G25025	0	0	0	2	0	2
AT1G25054	4365	3089	3513	3946	3954	4249
AT1G25055	522	473	449	447	594	494
AT1G25083	15	7	7	28	13	12
AT1G25097	3477	3172	2620	2443	3334	3022
AT1G25098	3101	2612	2330	1928	2542	2634
AT1G25112	3	1	3	2	1	4
AT1G25141	25	17	23	6	22	23
AT1G25145	123	344	322	226	756	224
AT1G25150	534	444	435	458	565	518
AT1G25155	42	69	10	11	47	77
AT1G25175	3251	2024	2530	3323	3120	2627
AT1G25180	2	3	2	3	3	5
AT1G25210	213	289	159	140	143	130
AT1G25211	592	482	491	492	583	606
AT1G25220	2406	2041	1654	2162	3262	2571
AT1G25230	868	793	809	801	761	867
AT1G25240	2	2	2	2	1	1
AT1G25250	172	160	156	139	284	254
AT1G25260	1058	942	870	1201	1347	841
AT1G25275	2535	2970	3087	3161	3491	2976
AT1G25280	1077	946	877	901	1133	1070
AT1G25290	379	342	333	286	351	301
AT1G25320	271	208	241	217	239	240
AT1G25330	0	0	0	0	0	1
AT1G25340	0	0	0	0	1	0
AT1G25350	1841	1540	1495	1476	1977	1726
AT1G25360	74	53	60	67	108	64
AT1G25370	517	408	303	600	758	631
AT1G25375	346	330	330	290	336	334
AT1G25380	687	524	574	594	815	629
AT1G25390	1536	1289	1355	1321	2041	1712
AT1G25400	2992	2920	2610	2893	2759	3858
AT1G25420	782	741	691	682	681	724
AT1G25422	26	15	30	19	35	30
AT1G25425	164	129	102	115	116	117
AT1G25440	4482	3949	4740	3323	2567	3287
AT1G25450	578	546	487	404	416	545
AT1G25460	12	12	7	11	13	15
AT1G25470	223	245	221	235	276	192
AT1G25472	223	245	221	235	276	192
AT1G25480	446	374	319	382	397	355
AT1G25490	2731	2336	2420	2325	2673	2434
AT1G25500	521	525	365	536	733	660
AT1G25510	62	62	58	60	75	84
AT1G25520	863	751	717	833	934	810
AT1G25530	80	84	87	83	108	121
AT1G25540	913	771	750	725	880	897
AT1G25550	5647	4575	4918	4191	5101	4681
AT1G25560	3044	2933	3278	3242	3352	3662
AT1G25570	1015	865	876	802	1057	1038
AT1G25580	382	317	328	344	555	433
AT1G25682	1450	1213	1083	1286	1489	1450
AT1G25988	1	8	0	6	1	1
AT1G26090	531	466	491	420	460	532
AT1G26100	212	240	188	211	202	169
AT1G26110	5460	4476	4277	4227	5655	5111
AT1G26120	589	495	554	491	656	534
AT1G26130	824	641	623	650	937	795
AT1G26140	6	1	1	0	3	0
AT1G26150	5359	4383	4146	3703	4227	5593
AT1G26160	597	544	589	575	675	568
AT1G26170	892	781	784	794	1079	828
AT1G26180	546	530	613	491	633	485
AT1G26190	357	298	285	298	296	329
AT1G26200	49	29	26	40	55	47
AT1G26208	578	497	611	536	650	668
AT1G26210	463	392	495	444	522	535
AT1G26218	574	483	410	399	350	431
AT1G26220	465	390	320	324	279	350
AT1G26230	579	499	639	422	692	585
AT1G26240	0	0	2	3	0	2
AT1G26250	20	10	3	2	0	1
AT1G26260	267	250	252	158	255	230
AT1G26270	1780	1514	1735	1294	2133	1717
AT1G26290	17	15	10	16	17	18
AT1G26300	413	402	394	459	437	396
AT1G26310	1	1	1	4	3	2
AT1G26330	97	65	89	51	89	77
AT1G26340	239	237	214	317	362	283
AT1G26360	0	0	0	0	2	0
AT1G26370	540	387	382	403	528	424
AT1G26380	749	754	468	603	822	504
AT1G26390	316	258	137	135	151	610
AT1G26400	1	0	0	0	0	2
AT1G26410	64	38	31	19	27	28
AT1G26420	280	262	198	327	355	276
AT1G26440	930	808	797	740	801	967
AT1G26450	98	84	54	133	157	185
AT1G26460	922	781	790	806	1100	982
AT1G26470	329	312	316	418	510	301
AT1G26480	0	0	1	0	0	0
AT1G26500	34	37	29	28	68	28
AT1G26510	2	3	2	2	1	3
AT1G26515	1	0	0	0	0	0
AT1G26520	227	177	196	159	217	230
AT1G26530	23	40	33	26	31	15
AT1G26540	66	54	43	63	60	71
AT1G26550	2756	2187	2071	2266	2539	2541
AT1G26558	31	26	19	27	34	24
AT1G26560	863	809	575	620	533	724
AT1G26570	411	344	421	383	463	459
AT1G26580	2875	2329	2271	2107	2678	2464
AT1G26590	6	7	5	5	9	8
AT1G26600	23	24	42	32	28	31
AT1G26610	3	3	6	5	8	5
AT1G26620	693	534	464	366	378	483
AT1G26630	14249	12972	11416	13694	13895	12140
AT1G26640	595	526	476	551	585	525
AT1G26650	861	638	601	632	522	670
AT1G26660	140	137	154	148	210	160
AT1G26665	531	397	638	573	816	548
AT1G26670	2584	2396	2328	1986	1853	1976
AT1G26680	2	0	0	7	3	3
AT1G26690	487	458	407	537	624	572
AT1G26720	0	0	0	0	0	2
AT1G26730	800	753	676	844	1236	1093
AT1G26740	336	336	331	371	443	329
AT1G26750	444	372	417	404	555	383
AT1G26760	46	19	21	27	47	46
AT1G26761	782	617	441	393	203	500
AT1G26762	20	25	28	16	3	6
AT1G26770	613	559	568	515	401	394
AT1G26780	7	6	0	7	10	11
AT1G26800	642	540	532	527	406	447
AT1G26810	290	296	264	257	268	310
AT1G26820	33	30	31	19	45	56
AT1G26830	2096	1627	1564	1448	1687	1765
AT1G26840	95	67	64	70	78	53
AT1G26850	6586	5821	5934	5581	6253	6450
AT1G26880	2070	1875	1619	2056	2149	1600
AT1G26890	12	6	10	9	14	3
AT1G26900	92	75	86	90	122	108
AT1G26910	209	198	166	218	195	159
AT1G26920	673	532	513	448	275	619
AT1G26930	200	151	87	131	118	210
AT1G26940	305	251	266	215	268	281
AT1G26945	404	355	235	240	148	240
AT1G26960	168	169	192	167	274	191
AT1G26970	3	3	0	3	9	6
AT1G26973	0	0	0	1	1	0
AT1G26975	3	2	0	3	0	2
AT1G26976	3	3	3	4	5	3
AT1G26985	1	2	4	0	0	2
AT1G27000	2093	2030	1834	2052	2186	2040
AT1G27008	0	1	2	1	0	0
AT1G27020	2856	2424	3943	3429	6043	4376
AT1G27030	879	803	854	701	676	684
AT1G27040	2	4	5	3	3	2
AT1G27045	10	9	12	12	6	2
AT1G27050	197	169	142	194	166	155
AT1G27060	165	141	154	132	190	125
AT1G27070	360	290	336	325	409	334
AT1G27080	5	5	1	0	0	3
AT1G27090	5261	4728	4509	3977	3383	4022
AT1G27100	11098	9908	10093	10633	12886	12128
AT1G27110	64	57	42	63	83	76
AT1G27120	351	359	246	268	163	272
AT1G27130	5263	4916	4062	5028	5077	4314
AT1G27140	0	0	1	1	3	0
AT1G27150	993	906	835	641	615	833
AT1G27160	0	0	0	0	1	1
AT1G27170	224	200	249	204	288	247
AT1G27180	421	344	386	329	495	312
AT1G27190	1564	1465	1478	1181	1238	1376
AT1G27200	1852	1679	1662	1841	2094	2432
AT1G27210	1302	1013	881	905	760	999
AT1G27290	3062	2716	2822	2227	2527	2621
AT1G27300	500	476	427	451	421	439
AT1G27310	1772	1750	1596	1722	1816	1774
AT1G27320	3403	2820	2859	2396	3301	3037
AT1G27330	1687	1446	1350	1776	2792	1761
AT1G27340	1130	1062	1064	1021	1420	1146
AT1G27350	837	858	768	960	1338	942
AT1G27360	257	221	171	230	264	219
AT1G27370	258	233	227	232	240	202
AT1G27380	9	9	5	4	16	7
AT1G27385	850	782	786	632	717	657
AT1G27390	840	771	779	1008	1136	832
AT1G27400	3075	2616	2348	2779	3051	2364
AT1G27410	188	165	182	172	251	165
AT1G27420	83	80	59	81	106	85
AT1G27430	1528	1213	1375	1046	1582	1505
AT1G27435	652	562	506	639	768	538
AT1G27440	210	182	172	240	330	233
AT1G27450	3949	3377	3899	4034	5522	4444
AT1G27460	999	927	1193	794	676	977
AT1G27470	498	419	428	503	812	448
AT1G27480	1032	796	1158	692	1611	983
AT1G27490	0	0	1	0	0	0
AT1G27500	271	200	190	178	211	196
AT1G27510	1592	1281	1253	1089	1359	1249
AT1G27520	1151	1048	993	910	1175	996
AT1G27530	1428	1449	1281	1534	1537	1503
AT1G27540	615	475	500	457	439	467
AT1G27565	13	11	23	25	15	10
AT1G27580	275	218	204	185	223	225
AT1G27590	206	181	183	177	220	166
AT1G27595	988	836	758	797	1040	859
AT1G27600	1074	936	988	913	1004	1156
AT1G27610	0	0	1	0	0	0
AT1G27620	6	3	9	5	13	5
AT1G27630	1026	922	1264	1245	1825	1353
AT1G27640	45	39	20	24	33	41
AT1G27650	1441	1211	1129	1193	1394	1329
AT1G27660	115	100	83	102	168	152
AT1G27670	14	12	12	26	11	11
AT1G27680	545	498	432	631	842	559
AT1G27690	321	316	310	280	262	312
AT1G27695	212	229	208	278	281	203
AT1G27700	270	242	319	223	323	225
AT1G27710	0	0	1	3	1	3
AT1G27720	60	29	39	51	61	40
AT1G27730	19578	19500	17843	21604	24255	21757
AT1G27750	923	803	755	734	941	860
AT1G27752	1040	813	879	848	1019	960
AT1G27760	1249	1003	917	1331	1995	1575
AT1G27770	16581	14821	14315	15667	24001	18428
AT1G27820	0	0	2	3	3	3
AT1G27840	513	457	422	472	488	418
AT1G27850	1389	1157	1103	930	1443	1322
AT1G27880	79	69	53	54	66	51
AT1G27890	1	1	1	3	10	6
AT1G27900	637	513	575	671	700	659
AT1G27910	742	600	591	510	596	665
AT1G27920	513	484	507	528	598	489
AT1G27921	210	181	183	169	227	215
AT1G27930	1419	1211	1244	1367	1272	1494
AT1G27940	58	47	38	32	65	49
AT1G27950	3446	3029	3098	2917	2794	3387
AT1G27960	164	134	105	108	142	106
AT1G27970	1509	1397	1468	1972	2355	1637
AT1G27980	578	558	512	634	817	656
AT1G28000	0	0	1	0	1	0
AT1G28010	327	272	252	201	195	242
AT1G28030	0	0	0	0	0	1
AT1G28040	5	2	0	5	7	5
AT1G28050	916	747	1655	1221	2329	1569
AT1G28060	1048	816	992	978	1217	1063
AT1G28070	198	204	219	195	190	194
AT1G28080	5	4	4	4	6	1
AT1G28090	464	433	436	418	509	396
AT1G28100	595	538	512	480	406	444
AT1G28110	576	545	571	602	633	520
AT1G28120	1009	861	726	805	954	926
AT1G28130	131	123	58	105	81	163
AT1G28140	3232	2961	3369	2887	3444	3180
AT1G28150	907	930	1070	900	975	820
AT1G28180	0	0	0	0	3	0
AT1G28190	1647	1247	1255	1413	1275	1529
AT1G28200	1016	892	836	946	1075	1061
AT1G28210	113	92	106	170	223	148
AT1G28220	4	1	0	2	3	2
AT1G28230	751	817	755	1190	1505	1307
AT1G28240	2554	2026	1796	2006	2454	2417
AT1G28250	409	377	400	401	412	373
AT1G28260	1045	888	812	695	709	904
AT1G28280	2377	1708	1520	1701	2136	2239
AT1G28281	3	2	2	1	10	1
AT1G28290	2182	1756	1316	1663	1670	2015
AT1G28300	2	1	2	1	0	2
AT1G28310	222	207	212	181	206	225
AT1G28320	1294	1106	1364	1245	1618	1304
AT1G28327	0	0	1	2	1	0
AT1G28330	2326	2242	3980	3075	5810	3284
AT1G28335	0	0	0	0	2	1
AT1G28340	1788	1481	1550	1455	1729	1907
AT1G28350	751	648	683	624	948	741
AT1G28360	29	20	7	22	14	21
AT1G28370	6798	6230	4865	7334	8934	7363
AT1G28375	0	1	2	3	1	1
AT1G28380	8576	7511	6692	6434	9807	9160
AT1G28390	147	112	89	109	148	140
AT1G28395	196	180	205	299	251	172
AT1G28400	1144	875	817	1266	1450	1719
AT1G28410	495	485	468	416	447	368
AT1G28420	1653	1310	1368	1189	1640	1618
AT1G28430	0	0	1	1	1	3
AT1G28440	2108	1766	1779	1607	1920	1985
AT1G28450	3	1	3	0	1	0
AT1G28460	0	2	0	0	0	0
AT1G28470	11	10	7	17	15	16
AT1G28480	1266	1027	696	1271	2329	1526
AT1G28490	715	564	490	631	664	705
AT1G28500	0	0	0	0	1	0
AT1G28510	489	439	451	483	690	463
AT1G28520	1217	1022	904	1010	1127	1077
AT1G28530	220	170	222	215	230	200
AT1G28540	299	259	216	292	268	271
AT1G28550	0	1	0	2	0	2
AT1G28560	97	65	96	84	106	82
AT1G28570	226	183	155	323	432	355
AT1G28580	1646	1421	1320	1328	2008	1887
AT1G28590	2	0	0	3	1	0
AT1G28600	3325	2848	2855	3847	5711	4449
AT1G28610	572	518	429	492	583	603
AT1G28650	1	2	0	2	17	12
AT1G28660	299	274	327	667	1216	887
AT1G28670	768	621	694	677	811	817
AT1G28680	654	576	464	619	657	580
AT1G28685	489	437	333	448	489	429
AT1G28690	62	39	56	55	82	68
AT1G28710	278	220	224	289	444	279
AT1G28730	0	2	3	3	5	1
AT1G28740	1	1	2	0	1	1
AT1G28750	0	0	0	2	0	2
AT1G28760	73	73	80	86	119	109
AT1G28770	1	0	0	0	0	0
AT1G28810	1	0	2	0	1	1
AT1G28815	25	21	18	26	45	31
AT1G28820	4	3	0	5	2	3
AT1G28830	1	0	1	1	7	7
AT1G28840	3	2	0	2	3	6
AT1G28850	4	0	2	0	4	2
AT1G28860	1	0	0	0	1	0
AT1G28870	0	0	2	0	0	0
AT1G28880	1	0	0	0	0	1
AT1G28890	2	4	8	3	7	2
AT1G28900	0	1	1	4	1	1
AT1G28910	0	0	0	0	1	1
AT1G28920	7	5	5	6	16	9
AT1G28930	6	14	9	12	17	3
AT1G28940	15	11	8	11	19	11
AT1G28950	6	2	4	5	8	8
AT1G28960	717	572	564	533	626	607
AT1G28970	13	6	11	7	16	10
AT1G28980	4	4	4	1	5	5
AT1G28990	4	1	4	3	4	3
AT1G29000	0	0	1	1	0	1
AT1G29020	0	0	0	1	0	0
AT1G29025	0	0	2	0	0	0
AT1G29030	275	236	220	332	503	280
AT1G29040	842	772	726	745	782	841
AT1G29041	33	32	30	29	36	33
AT1G29050	608	566	482	525	661	628
AT1G29060	220	197	207	261	300	213
AT1G29070	4690	5508	5733	4896	4833	3849
AT1G29071	2	3	1	2	5	0
AT1G29090	4	1	0	1	2	4
AT1G29100	0	0	0	1	7	0
AT1G29110	1	4	3	1	1	1
AT1G29120	764	749	772	737	1065	701
AT1G29140	3	1	0	0	0	0
AT1G29150	2448	2377	2227	2561	2955	2476
AT1G29160	16	25	13	17	33	28
AT1G29170	376	283	200	259	278	352
AT1G29195	6	14	4	12	12	9
AT1G29200	9	6	4	10	13	16
AT1G29220	523	389	358	396	459	475
AT1G29230	14	9	4	12	10	13
AT1G29240	358	344	345	346	745	452
AT1G29250	507	563	490	670	702	437
AT1G29260	645	650	575	539	593	554
AT1G29270	36	28	12	21	36	39
AT1G29280	161	118	141	134	196	165
AT1G29290	442	476	351	569	609	401
AT1G29300	136	140	132	160	370	196
AT1G29310	791	774	717	834	986	823
AT1G29320	311	247	259	422	486	344
AT1G29330	601	440	299	477	632	573
AT1G29340	5342	4170	3934	4491	6444	5909
AT1G29350	1933	1552	1926	1542	1862	1772
AT1G29355	535	447	423	487	540	482
AT1G29357	631	528	468	536	625	587
AT1G29370	2227	2025	1582	1835	2305	2349
AT1G29380	69	57	44	79	104	107
AT1G29390	1483	1663	1869	1865	2292	1844
AT1G29395	4695	4490	6081	5430	7117	6824
AT1G29400	4058	3633	3203	2814	2823	2974
AT1G29410	179	166	136	156	136	127
AT1G29418	212	187	150	216	289	142
AT1G29420	23	18	11	16	17	12
AT1G29430	93	109	85	56	16	28
AT1G29440	84	99	47	33	11	27
AT1G29450	110	128	78	60	28	40
AT1G29460	90	87	47	40	19	29
AT1G29465	327	355	252	264	212	163
AT1G29470	6952	5756	6032	5559	5877	6609
AT1G29490	5	2	4	2	1	0
AT1G29500	82	84	57	52	24	31
AT1G29510	87	95	67	81	19	31
AT1G29520	163	137	126	251	267	348
AT1G29530	459	374	448	357	360	357
AT1G29540	8	7	8	6	5	4
AT1G29550	261	204	234	216	257	253
AT1G29560	185	97	104	103	118	157
AT1G29590	84	72	69	62	91	71
AT1G29600	31	29	47	11	48	21
AT1G29630	163	120	91	102	114	121
AT1G29640	24	19	5	25	26	24
AT1G29660	5922	5029	6069	4003	3460	5335
AT1G29670	9051	7604	8392	7786	8142	8903
AT1G29680	31	22	17	16	17	17
AT1G29690	5803	5004	4777	4615	5999	5562
AT1G29700	2291	1970	1696	1401	1388	1727
AT1G29710	131	133	135	152	168	140
AT1G29720	1725	1378	1173	1234	1909	1518
AT1G29730	116	65	73	109	162	116
AT1G29740	11	13	13	21	16	14
AT1G29750	808	693	595	572	669	734
AT1G29760	542	442	446	400	473	447
AT1G29770	51	46	44	53	60	37
AT1G29780	19	13	11	12	20	16
AT1G29785	132	127	123	139	150	105
AT1G29790	879	745	687	571	622	680
AT1G29800	517	462	465	383	453	436
AT1G29810	233	300	230	237	317	249
AT1G29820	258	216	243	270	329	327
AT1G29830	11	3	7	4	10	9
AT1G29840	224	165	191	168	158	229
AT1G29850	1799	1372	1416	1613	1793	1869
AT1G29860	7	5	6	17	27	23
AT1G29880	2740	2515	2555	2560	3328	2640
AT1G29890	763	603	654	592	612	719
AT1G29900	3934	3616	4044	4238	5503	4069
AT1G29910	181234	201050	168182	154554	75854	149764
AT1G29920	247009	244550	172883	162337	52890	169491
AT1G29930	659163	684266	674204	550468	405946	597510
AT1G29940	956	798	775	982	1529	966
AT1G29950	1079	879	890	826	1202	1080
AT1G29951	997	813	828	781	1123	1006
AT1G29952	997	813	828	781	1123	1006
AT1G29960	165	128	93	120	137	93
AT1G29962	1	0	0	1	0	0
AT1G29965	584	415	411	491	616	555
AT1G29970	1517	1292	1117	1297	1581	1340
AT1G29980	523	477	491	401	389	442
AT1G29990	587	582	547	632	697	601
AT1G30000	1052	934	997	946	1189	1011
AT1G30010	287	241	263	240	370	328
AT1G30020	45	41	36	27	59	56
AT1G30040	521	540	580	524	787	642
AT1G30070	260	163	178	197	246	211
AT1G30080	3	2	1	9	7	4
AT1G30090	908	702	634	606	657	751
AT1G30100	13	5	4	2	5	2
AT1G30110	65	51	44	64	79	74
AT1G30120	3012	2743	2369	2328	2375	2574
AT1G30130	585	527	475	444	485	444
AT1G30135	942	688	452	503	588	686
AT1G30160	138	148	116	152	144	119
AT1G30170	1	1	0	13	1	0
AT1G30190	202	157	170	253	341	228
AT1G30200	1376	1274	1307	1061	1099	1285
AT1G30210	1373	1222	1286	1170	1580	1261
AT1G30220	54	38	28	34	29	51
AT1G30230	9173	9140	8187	8969	9374	7149
AT1G30240	242	223	274	264	398	225
AT1G30250	581	499	674	256	377	279
AT1G30260	345	376	460	234	472	239
AT1G30270	1192	959	818	1035	1340	1215
AT1G30280	420	373	469	249	598	410
AT1G30282	240	216	307	149	371	271
AT1G30290	208	189	176	188	268	205
AT1G30300	231	215	236	240	312	281
AT1G30320	315	274	217	327	406	335
AT1G30330	2278	2170	1992	1743	2006	2371
AT1G30360	15077	13021	15928	11566	15728	16156
AT1G30370	214	212	95	194	277	216
AT1G30380	33696	38283	35677	31211	24255	27996
AT1G30400	4818	4138	3824	3160	4106	4263
AT1G30410	996	926	971	754	1248	1057
AT1G30420	809	694	689	732	1403	893
AT1G30440	1086	1015	1196	917	1107	1248
AT1G30450	1071	932	993	992	1243	1168
AT1G30455	3	1	2	0	0	0
AT1G30460	518	457	422	459	582	510
AT1G30470	1856	1591	1534	1530	1820	1757
AT1G30473	37	27	17	38	50	22
AT1G30475	116	91	78	118	155	94
AT1G30480	377	286	294	340	422	318
AT1G30490	869	829	843	810	992	906
AT1G30500	282	249	217	283	421	313
AT1G30510	632	497	462	536	609	598
AT1G30515	10	6	7	10	1	2
AT1G30520	851	760	725	519	507	579
AT1G30530	1440	1266	811	1195	1207	1332
AT1G30540	433	447	466	475	551	464
AT1G30550	146	146	130	128	154	116
AT1G30570	698	600	619	534	576	625
AT1G30580	4371	3686	3467	3783	4343	4015
AT1G30590	1292	1187	1140	1315	1575	1214
AT1G30600	205	165	164	155	252	190
AT1G30610	894	641	737	568	715	723
AT1G30620	741	655	582	915	1186	961
AT1G30630	2175	1972	1999	2077	2229	2102
AT1G30640	734	542	470	557	686	660
AT1G30650	36	29	12	35	14	23
AT1G30660	15	6	5	11	7	8
AT1G30680	988	718	772	909	1132	885
AT1G30690	1640	1331	1405	1198	1140	1404
AT1G30700	96	75	69	67	111	160
AT1G30720	386	357	288	289	365	448
AT1G30730	479	384	269	299	301	466
AT1G30740	24	5	6	8	16	14
AT1G30750	3	1	2	3	2	2
AT1G30755	1736	1414	1250	1560	2445	1719
AT1G30757	246	254	234	216	308	177
AT1G30760	10	13	4	6	9	12
AT1G30800	18	7	7	27	24	8
AT1G30810	2003	1527	1499	1490	2260	2132
AT1G30814	1	2	0	1	0	2
AT1G30820	1444	1306	941	1340	1485	1221
AT1G30825	296	282	278	289	383	290
AT1G30840	46	24	23	37	42	42
AT1G30845	80	68	82	82	67	68
AT1G30850	4	1	1	4	3	6
AT1G30860	55	37	57	34	61	30
AT1G30880	1339	1428	1170	1440	1400	1137
AT1G30890	408	427	402	449	501	423
AT1G30900	638	528	450	518	1002	585
AT1G30910	910	855	815	763	857	706
AT1G30920	0	0	0	1	0	0
AT1G30950	1	0	0	0	0	0
AT1G30960	72	95	101	115	198	79
AT1G30970	1071	806	888	956	1100	1063
AT1G30990	2	0	0	0	0	0
AT1G31000	0	0	0	0	1	0
AT1G31010	127	128	139	198	300	156
AT1G31020	242	257	222	238	297	205
AT1G31040	36	21	8	26	17	20
AT1G31050	5	3	2	5	5	1
AT1G31070	661	580	554	486	604	637
AT1G31080	0	0	0	0	0	1
AT1G31120	354	365	338	370	410	382
AT1G31130	6542	5113	4594	5282	7073	6955
AT1G31140	1	1	0	1	1	3
AT1G31150	356	314	284	260	359	343
AT1G31160	505	575	544	520	593	464
AT1G31170	999	839	867	814	774	818
AT1G31173	239	194	198	101	50	105
AT1G31175	219	189	205	175	222	169
AT1G31180	1278	1334	1267	1462	1440	994
AT1G31190	1415	1127	1131	1047	1222	1183
AT1G31200	68	72	76	54	82	77
AT1G31220	319	243	285	287	504	334
AT1G31230	2145	1813	1943	1763	2462	2271
AT1G31240	21	14	12	23	20	13
AT1G31250	1	0	0	1	0	2
AT1G31258	169	133	104	161	170	125
AT1G31280	445	430	428	473	719	487
AT1G31290	89	100	96	157	251	139
AT1G31300	809	726	770	661	776	723
AT1G31310	43	25	12	35	54	37
AT1G31320	25	36	24	27	35	37
AT1G31330	145978	130585	123591	105375	81779	113049
AT1G31335	107	166	105	106	90	120
AT1G31340	1316	1031	1010	1154	1271	1212
AT1G31350	449	393	327	299	359	327
AT1G31360	348	259	267	246	332	306
AT1G31370	0	0	0	2	0	0
AT1G31390	2	0	0	0	0	0
AT1G31400	4	3	3	0	0	1
AT1G31410	932	628	800	625	677	737
AT1G31420	4474	3557	4278	3423	4031	4418
AT1G31430	53	32	40	47	55	51
AT1G31440	1029	850	792	755	928	884
AT1G31460	208	160	172	185	261	220
AT1G31470	103	87	88	93	106	131
AT1G31480	489	376	461	400	531	565
AT1G31485	33	32	35	30	32	30
AT1G31490	105	103	114	92	117	106
AT1G31500	559	466	463	497	573	451
AT1G31530	0	0	0	1	0	0
AT1G31540	3905	3256	3233	3347	5559	4859
AT1G31550	1593	1529	1180	1640	1761	1620
AT1G31580	51453	42598	39055	44721	79253	53272
AT1G31600	805	743	719	821	1051	784
AT1G31630	0	1	0	0	0	0
AT1G31650	833	725	695	549	663	679
AT1G31660	672	570	595	746	941	603
AT1G31690	994	783	1210	523	1076	614
AT1G31710	1397	1084	670	593	424	852
AT1G31720	5	2	6	1	7	8
AT1G31730	2738	2300	2401	2090	2757	2664
AT1G31740	0	0	0	0	1	0
AT1G31750	28	20	22	27	20	36
AT1G31760	60	46	35	48	49	50
AT1G31770	112	87	98	150	214	190
AT1G31780	1171	1085	1129	999	1221	1218
AT1G31790	85	62	85	95	104	61
AT1G31800	2404	2207	2511	1888	2760	2135
AT1G31810	965	880	811	783	942	938
AT1G31812	6454	5782	6173	6547	7026	5975
AT1G31814	127	101	117	85	140	112
AT1G31817	571	413	427	487	606	425
AT1G31820	476	406	319	382	426	415
AT1G31830	553	465	439	483	573	539
AT1G31835	48	36	51	38	51	40
AT1G31840	45	39	45	44	76	37
AT1G31850	1630	1487	1930	1593	2138	1745
AT1G31860	513	447	427	514	566	334
AT1G31870	709	578	544	543	687	617
AT1G31880	49	29	23	44	51	48
AT1G31885	5	4	1	4	2	3
AT1G31910	5470	4875	4808	4993	6546	4761
AT1G31920	466	388	347	307	244	335
AT1G31930	1512	1185	1069	1005	1034	1326
AT1G31935	29	36	23	36	39	38
AT1G31940	508	506	474	598	663	571
AT1G31950	41	33	32	23	31	25
AT1G31970	1742	1457	1398	1786	2214	1507
AT1G31990	0	3	1	1	1	0
AT1G32050	3413	3461	3097	3518	3939	3171
AT1G32060	34976	29707	29660	21049	26112	26726
AT1G32070	2210	1810	1856	1525	1827	1833
AT1G32080	6307	6314	6491	4671	6006	4771
AT1G32090	530	460	699	472	694	582
AT1G32100	73	83	90	90	124	142
AT1G32120	357	314	304	300	448	383
AT1G32130	2594	2135	2091	2119	2682	2379
AT1G32150	672	566	620	594	707	658
AT1G32160	2317	2133	1960	1496	1548	1715
AT1G32170	123	120	170	153	224	201
AT1G32172	7	2	6	8	15	9
AT1G32190	143	138	141	133	154	150
AT1G32200	2342	1995	2083	1733	1670	1946
AT1G32210	748	793	795	918	1074	666
AT1G32220	2336	1995	1965	1758	1640	1681
AT1G32230	7566	6304	6216	7298	9568	8251
AT1G32240	94	88	67	92	126	95
AT1G32260	330	238	264	245	244	258
AT1G32270	2	3	3	2	4	3
AT1G32300	0	0	0	0	1	0
AT1G32310	193	240	230	236	238	134
AT1G32330	213	179	183	208	397	216
AT1G32337	0	1	0	0	0	0
AT1G32340	690	562	588	560	731	641
AT1G32350	411	324	125	662	364	674
AT1G32360	1430	1163	1189	1069	1094	1263
AT1G32370	229	249	235	275	278	226
AT1G32375	3	6	6	8	4	6
AT1G32380	363	302	238	300	401	290
AT1G32385	1	10	9	10	5	3
AT1G32400	2523	2531	2541	2403	2545	2676
AT1G32410	755	641	724	633	717	722
AT1G32415	72	47	76	94	125	87
AT1G32440	1025	899	837	904	921	1034
AT1G32450	419	342	288	287	181	428
AT1G32460	1499	1758	1669	1834	1891	1400
AT1G32470	6696	6447	6736	5449	7087	5296
AT1G32480	1	0	0	0	0	0
AT1G32490	1372	1191	1133	1067	1350	1266
AT1G32500	2608	2232	2400	2238	2677	2292
AT1G32510	1	1	0	11	4	5
AT1G32520	379	395	254	274	220	293
AT1G32530	1086	993	910	824	1150	965
AT1G32540	1613	1508	1310	888	605	804
AT1G32550	1369	1083	1161	989	1079	1039
AT1G32560	3	3	5	1	0	1
AT1G32570	0	1	4	3	4	1
AT1G32580	1346	1082	997	1234	1406	1222
AT1G32583	34	31	31	43	53	26
AT1G32600	0	0	0	0	0	1
AT1G32610	68	46	75	68	91	81
AT1G32630	178	132	133	140	165	160
AT1G32640	16363	12626	10287	12708	16765	19005
AT1G32650	0	3	0	2	1	0
AT1G32660	1	0	0	0	0	0
AT1G32690	131	134	84	109	163	136
AT1G32700	1324	1232	1095	1105	1188	991
AT1G32730	120	126	93	112	140	99
AT1G32740	76	40	44	41	43	34
AT1G32750	1828	1472	1524	1302	1959	1718
AT1G32760	63	51	65	53	31	68
AT1G32780	39	39	26	18	14	11
AT1G32790	3397	3350	3316	3236	3625	3129
AT1G32810	967	861	708	743	993	994
AT1G32850	0	0	0	1	2	0
AT1G32860	206	152	294	305	384	378
AT1G32870	215	209	189	310	428	256
AT1G32880	3	1	4	7	7	7
AT1G32900	1253	1096	373	1380	1587	1813
AT1G32910	56	24	11	59	83	60
AT1G32920	9549	10159	9323	12212	13808	9947
AT1G32928	1539	1613	1564	1811	1677	1293
AT1G32930	141	125	89	103	150	120
AT1G32940	548	588	405	545	483	755
AT1G32950	34	37	23	37	50	41
AT1G32960	376	325	209	461	325	422
AT1G32970	13	11	0	4	6	0
AT1G32975	0	1	0	0	0	0
AT1G32980	1	0	0	0	0	0
AT1G32990	5194	4625	5503	4294	4720	4140
AT1G33020	0	0	0	2	1	1
AT1G33030	172	167	92	213	154	151
AT1G33040	1201	1101	1018	870	872	944
AT1G33050	2652	2350	2246	1760	2033	1951
AT1G33055	22	33	13	14	18	15
AT1G33060	475	426	389	413	431	429
AT1G33080	179	189	179	223	227	213
AT1G33090	1	2	0	0	1	0
AT1G33100	0	0	0	0	2	0
AT1G33102	34	40	27	32	23	34
AT1G33110	1114	1112	598	900	871	961
AT1G33120	5578	5289	5115	6448	6942	4699
AT1G33140	6539	6587	6598	7643	8765	5782
AT1G33170	755	600	517	625	583	692
AT1G33230	877	770	681	753	780	803
AT1G33240	3661	2817	2920	2046	1937	2737
AT1G33250	906	812	867	763	780	733
AT1G33260	177	145	87	93	99	124
AT1G33265	407	325	348	440	611	460
AT1G33270	805	646	647	645	783	714
AT1G33290	966	756	841	778	897	751
AT1G33320	0	0	0	0	0	1
AT1G33330	487	469	466	425	532	427
AT1G33340	157	151	139	114	191	171
AT1G33350	49	34	45	31	71	63
AT1G33360	446	335	366	332	449	370
AT1G33390	501	430	407	517	727	523
AT1G33400	472	435	434	343	517	447
AT1G33410	1018	913	855	1068	1600	1090
AT1G33415	589	490	496	523	826	648
AT1G33420	435	354	368	395	679	484
AT1G33430	37	26	29	27	19	41
AT1G33440	61	48	47	73	78	74
AT1G33470	2064	1791	2021	1826	2690	2130
AT1G33475	63	52	36	68	62	53
AT1G33480	113	82	71	85	118	79
AT1G33490	827	766	687	721	817	773
AT1G33500	6	1	2	1	0	0
AT1G33520	1124	931	942	800	814	912
AT1G33560	1132	975	935	956	1242	1089
AT1G33590	16498	13471	15040	12355	13410	15912
AT1G33600	7935	6162	7322	6715	7348	8129
AT1G33607	1	0	2	0	1	2
AT1G33610	2634	2192	2292	1923	2295	2402
AT1G33612	26	13	13	10	19	26
AT1G33615	22	9	13	6	15	12
AT1G33640	0	6	1	1	5	0
AT1G33680	1450	1340	1219	1370	1659	1342
AT1G33700	241	195	163	232	284	210
AT1G33720	1057	861	958	1477	2158	1751
AT1G33730	22	9	12	28	21	16
AT1G33750	2	3	0	0	0	0
AT1G33760	3111	2452	2072	2248	2365	3134
AT1G33770	955	714	731	479	507	700
AT1G33780	1159	946	1056	946	977	1156
AT1G33790	62	55	44	58	62	71
AT1G33800	54	55	47	43	54	69
AT1G33810	888	933	964	878	942	713
AT1G33811	595	514	538	447	386	476
AT1G33820	0	1	0	0	0	0
AT1G33840	15	18	19	25	32	18
AT1G33890	1	0	0	0	0	0
AT1G33930	63	49	49	38	44	42
AT1G33940	1	1	1	1	2	2
AT1G33950	20	10	7	11	14	5
AT1G33960	435	336	184	456	678	508
AT1G33970	3183	2523	2485	2648	2783	3315
AT1G33980	1326	1088	1107	1063	1437	1227
AT1G33990	2411	2333	2146	2132	1997	1889
AT1G34000	3324	3112	2761	2453	2274	2397
AT1G34010	249	244	224	182	203	174
AT1G34020	552	510	545	536	592	506
AT1G34030	2246	2139	1977	2435	2742	1830
AT1G34040	12	10	14	17	12	14
AT1G34047	0	0	0	0	1	0
AT1G34050	0	0	0	1	0	2
AT1G34060	212	182	101	120	127	127
AT1G34065	127	129	92	142	138	108
AT1G34110	446	406	412	362	458	406
AT1G34120	316	243	232	252	277	290
AT1G34130	1441	1291	1373	1311	1863	1672
AT1G34150	329	303	311	279	377	336
AT1G34160	88	55	77	95	119	114
AT1G34180	305	281	229	251	384	234
AT1G34190	2109	1795	1772	1672	2325	2011
AT1G34200	652	500	587	561	682	629
AT1G34210	755	756	652	642	757	729
AT1G34220	1631	1372	1275	1156	1175	1364
AT1G34245	17	20	15	14	15	12
AT1G34260	2372	2114	2144	1740	2599	2584
AT1G34270	334	318	273	314	383	402
AT1G34300	1205	1093	1149	913	1368	1172
AT1G34315	250	241	231	179	223	152
AT1G34320	1641	1422	1348	1290	1860	1660
AT1G34340	1219	1093	958	1121	1337	1282
AT1G34350	325	253	268	356	363	299
AT1G34355	98	95	86	66	97	113
AT1G34360	324	287	267	291	407	369
AT1G34370	1915	1707	1495	1562	1735	1766
AT1G34380	238	247	239	262	357	291
AT1G34400	10	3	2	5	6	4
AT1G34418	625	585	562	621	797	472
AT1G34420	628	605	444	583	984	577
AT1G34430	1933	1718	1846	1764	1974	1835
AT1G34440	2	8	10	5	4	5
AT1G34460	58	50	64	41	100	63
AT1G34470	372	407	425	358	460	401
AT1G34480	5	4	0	6	10	13
AT1G34520	2	0	0	0	0	0
AT1G34550	1281	1085	1146	1091	1417	1361
AT1G34560	0	0	0	0	1	0
AT1G34570	460	424	386	339	465	348
AT1G34580	30	46	38	45	61	46
AT1G34630	345	350	346	238	261	307
AT1G34640	156	170	151	172	145	137
AT1G34650	1	2	1	0	1	0
AT1G34670	1	3	3	2	2	1
AT1G34750	1149	919	1038	1297	2179	1548
AT1G34760	468	315	366	318	276	367
AT1G34770	58	85	71	87	130	58
AT1G34780	595	596	531	551	509	577
AT1G34844	152	130	142	147	158	165
AT1G35140	6508	6418	6698	6036	6845	8591
AT1G35160	2133	2242	2344	2387	2723	1979
AT1G35170	6	12	15	10	11	10
AT1G35180	109	70	69	75	67	69
AT1G35183	2	4	0	0	0	4
AT1G35190	665	541	463	606	631	707
AT1G35210	2155	2009	1839	2767	3383	1994
AT1G35220	772	750	747	654	1190	935
AT1G35230	407	470	277	719	828	590
AT1G35240	0	1	0	2	0	0
AT1G35250	0	3	0	1	0	2
AT1G35255	5	4	10	5	0	1
AT1G35260	68	65	48	33	36	47
AT1G35290	1	6	4	1	2	1
AT1G35310	49	31	26	21	27	19
AT1G35320	251	186	149	245	169	215
AT1G35330	2	1	0	0	0	4
AT1G35340	1489	1221	1272	1037	1208	1185
AT1G35350	2360	2105	2219	2132	3199	2996
AT1G35410	0	0	0	0	0	1
AT1G35420	2509	1988	1920	1669	1396	1942
AT1G35430	266	279	228	236	310	295
AT1G35435	1	0	0	0	0	0
AT1G35460	538	487	463	558	498	493
AT1G35470	531	429	482	440	511	471
AT1G35500	0	0	1	0	0	0
AT1G35510	858	746	702	640	812	736
AT1G35515	1105	1052	924	971	990	844
AT1G35516	1069	1031	909	950	966	821
AT1G35530	73	61	51	49	57	62
AT1G35545	1	0	0	0	0	0
AT1G35550	1	0	0	0	0	0
AT1G35560	486	447	263	332	356	456
AT1G35580	4435	4196	3478	3278	3289	2960
AT1G35610	1	2	1	0	0	1
AT1G35620	1896	1688	1665	1580	1536	1531
AT1G35625	3	1	3	4	2	0
AT1G35630	0	3	1	1	2	0
AT1G35660	388	317	323	314	408	359
AT1G35670	726	647	586	470	364	566
AT1G35680	7687	6834	7818	6430	6840	6660
AT1G35710	11700	10069	10119	10797	26072	14158
AT1G35720	9669	9214	8581	10531	13038	11586
AT1G35730	21	10	8	4	2	10
AT1G35780	374	297	298	359	439	399
AT1G35830	80	50	37	47	39	51
AT1G35880	1	0	1	0	1	0
AT1G35910	78	62	27	50	35	68
AT1G36020	2	0	0	0	1	0
AT1G36050	1196	1018	1054	954	1045	1047
AT1G36060	44	43	38	45	51	63
AT1G36070	521	470	449	440	590	515
AT1G36160	4843	4350	4049	3219	4449	4384
AT1G36180	413	351	380	254	397	407
AT1G36280	339	311	295	320	394	313
AT1G36310	700	612	742	723	898	639
AT1G36320	3026	2530	2815	2426	2777	2571
AT1G36340	1	0	2	1	0	0
AT1G36370	2002	1588	1062	2129	2590	3056
AT1G36380	342	312	267	286	323	336
AT1G36390	992	745	886	805	834	757
AT1G36580	1	1	0	2	4	1
AT1G36622	436	391	258	227	232	228
AT1G36640	2	2	0	0	2	1
AT1G36675	50	31	52	42	39	39
AT1G36730	6436	5619	5195	5609	7630	5743
AT1G36732	6436	5619	5195	5609	7630	5743
AT1G36920	3	0	0	1	5	2
AT1G36922	0	1	1	0	0	2
AT1G36940	96	94	90	71	70	96
AT1G36950	1	0	0	1	0	2
AT1G36980	1514	1702	1604	1529	1465	1425
AT1G36990	808	691	700	658	911	797
AT1G36992	110	57	69	55	101	107
AT1G37130	32019	28869	14997	17397	18430	17347
AT1G37140	1	0	0	0	0	0
AT1G37150	17	12	19	17	16	23
AT1G38065	281	232	153	172	316	253
AT1G38131	341	323	358	306	332	366
AT1G41830	2875	2234	1970	2105	1878	2636
AT1G41875	0	1	0	0	0	0
AT1G41880	3169	2412	2290	3004	3176	2603
AT1G42430	565	473	438	431	481	410
AT1G42440	951	963	963	1103	1407	1061
AT1G42470	1685	1471	1398	1156	1300	1563
AT1G42480	420	379	335	426	491	443
AT1G42540	1006	940	696	676	617	863
AT1G42550	2716	2109	1878	1382	1797	1855
AT1G42560	3	3	3	2	1	0
AT1G42680	1	9	9	2	3	17
AT1G42960	3039	2635	2698	2559	2706	2555
AT1G42970	36548	32325	34650	26167	35632	30474
AT1G42980	118	118	119	140	209	107
AT1G42990	8540	7451	6607	9067	10999	8974
AT1G43000	63	44	50	75	110	58
AT1G43040	1	4	5	7	5	3
AT1G43130	1043	924	885	783	1005	911
AT1G43160	37	39	13	43	11	21
AT1G43170	14539	13393	11864	13759	14734	11873
AT1G43190	1549	1379	1452	1423	1674	1414
AT1G43245	260	224	189	180	188	207
AT1G43310	0	0	0	0	2	2
AT1G43560	1982	2013	2178	1888	2261	1614
AT1G43580	885	793	705	695	714	764
AT1G43620	1343	1200	1337	1256	1666	1408
AT1G43640	5	2	3	6	8	3
AT1G43650	62	54	69	62	71	74
AT1G43670	6007	5288	5911	4113	6230	4962
AT1G43680	0	3	0	0	0	0
AT1G43690	1452	1310	1238	1211	1527	1368
AT1G43700	1617	1290	1264	1268	1443	1297
AT1G43710	1922	1731	1739	1651	1911	1811
AT1G43765	10	10	3	13	7	9
AT1G43770	176	130	100	144	176	131
AT1G43790	86	63	73	72	112	101
AT1G43800	123	153	92	54	3	44
AT1G43810	1	0	0	0	1	0
AT1G43850	2007	1615	1545	1442	1997	1926
AT1G43860	559	442	490	630	665	541
AT1G43890	1220	1077	1028	1136	1197	1130
AT1G43900	787	582	551	598	685	742
AT1G43910	151	129	122	500	860	413
AT1G43980	43	48	47	46	79	45
AT1G44000	2466	2271	1586	1422	986	1410
AT1G44050	0	0	1	0	0	0
AT1G44090	0	1	0	1	0	0
AT1G44100	963	856	887	1338	2341	1445
AT1G44110	113	113	104	112	119	98
AT1G44120	246	220	285	211	331	242
AT1G44125	248	217	290	215	329	245
AT1G44130	56	45	20	54	63	63
AT1G44160	8	2	3	4	6	13
AT1G44170	1031	908	885	805	773	813
AT1G44180	2	0	2	1	0	0
AT1G44350	1707	1656	1252	1254	1239	1411
AT1G44414	21	21	12	17	14	7
AT1G44446	8761	7590	4401	4610	1836	4309
AT1G44478	2	1	0	0	1	0
AT1G44542	0	0	0	0	0	2
AT1G44575	28243	24540	23322	21649	23540	24250
AT1G44608	0	1	0	1	3	3
AT1G44740	30	12	9	15	11	11
AT1G44750	659	558	564	604	824	700
AT1G44760	318	222	243	315	324	321
AT1G44770	1770	1504	1380	1278	1252	1385
AT1G44780	243	184	172	171	208	242
AT1G44790	1069	956	959	927	1050	976
AT1G44800	333	289	160	466	365	573
AT1G44810	677	502	458	538	615	620
AT1G44820	1122	846	807	817	875	992
AT1G44830	170	165	113	139	170	117
AT1G44835	515	467	481	506	532	506
AT1G44890	95	69	97	124	176	90
AT1G44900	463	400	322	388	526	436
AT1G44910	1087	879	808	804	1101	977
AT1G44920	1792	1627	1859	1389	1784	1528
AT1G44940	1	0	0	1	1	0
AT1G44941	0	0	0	0	0	1
AT1G44960	292	276	263	279	353	233
AT1G44970	1	0	2	0	0	0
AT1G45000	2569	2159	2127	2284	2693	2354
AT1G45010	320	308	268	353	357	270
AT1G45050	478	342	326	386	380	423
AT1G45110	83	83	78	82	138	68
AT1G45130	1100	851	840	753	576	976
AT1G45145	2513	2526	1943	3744	4782	3543
AT1G45150	475	419	400	491	507	481
AT1G45160	1808	1631	1643	1490	2025	2018
AT1G45163	253	239	318	232	184	191
AT1G45165	215	221	295	221	171	175
AT1G45170	253	240	227	262	307	262
AT1G45180	419	332	358	300	440	418
AT1G45191	449	358	237	315	406	430
AT1G45201	5972	5356	4494	5284	4709	5039
AT1G45207	544	513	507	435	601	590
AT1G45229	237	214	217	199	237	217
AT1G45230	905	845	887	807	1065	836
AT1G45231	287	216	222	262	395	278
AT1G45233	190	155	155	216	178	167
AT1G45243	0	0	0	2	0	0
AT1G45246	0	0	0	0	1	0
AT1G45248	110	86	69	67	103	83
AT1G45249	763	576	516	578	863	708
AT1G45332	564	478	471	779	1216	676
AT1G45474	3800	3514	3742	2942	3291	3125
AT1G45545	63	49	50	34	56	34
AT1G45616	14	13	8	17	44	33
AT1G45688	2353	1754	1678	1786	1901	2212
AT1G45976	576	473	382	396	454	446
AT1G46264	79	73	45	61	79	81
AT1G46480	54	50	33	45	52	79
AT1G46554	235	218	220	197	186	215
AT1G46768	73	81	56	85	77	101
AT1G46984	0	0	0	0	1	0
AT1G47056	376	341	335	246	290	307
AT1G47128	16826	14875	13414	11345	12647	13445
AT1G47200	1017	843	753	820	868	968
AT1G47210	414	300	288	238	346	249
AT1G47230	228	229	246	202	234	229
AT1G47240	490	440	473	428	625	542
AT1G47250	567	542	592	626	649	570
AT1G47260	2774	2299	2241	2401	2755	2553
AT1G47265	0	0	0	2	2	0
AT1G47270	402	397	375	294	388	299
AT1G47271	6	1	4	11	21	33
AT1G47278	305	282	293	357	380	261
AT1G47280	1	0	0	1	0	0
AT1G47290	497	436	363	324	387	408
AT1G47310	731	618	561	562	640	592
AT1G47330	599	489	486	471	534	566
AT1G47340	146	128	133	142	133	130
AT1G47350	0	0	0	0	1	0
AT1G47370	25	36	20	24	13	16
AT1G47380	747	646	741	529	719	794
AT1G47395	14	9	15	24	51	28
AT1G47400	9	6	16	19	57	7
AT1G47410	93	88	73	103	78	76
AT1G47420	3479	3207	3119	3402	3527	3347
AT1G47480	126	83	69	95	160	140
AT1G47485	1	0	1	1	0	0
AT1G47490	1553	1224	1343	1305	1514	1360
AT1G47497	1	0	0	2	0	0
AT1G47500	803	606	641	770	973	743
AT1G47510	72	60	42	43	18	82
AT1G47530	3053	2584	2379	2216	1859	2119
AT1G47550	2347	2229	2192	1974	2333	2401
AT1G47560	130	80	115	121	125	125
AT1G47570	471	393	457	475	524	459
AT1G47578	19	23	14	23	24	16
AT1G47580	390	281	253	185	178	193
AT1G47603	4	8	7	4	17	3
AT1G47640	763	797	886	818	918	709
AT1G47655	40	45	20	36	26	44
AT1G47670	333	228	272	268	350	359
AT1G47710	1145	939	1109	1278	1545	1299
AT1G47720	120	90	92	121	151	99
AT1G47740	973	836	807	732	960	841
AT1G47750	327	268	253	261	285	284
AT1G47760	9	8	4	10	4	3
AT1G47770	1	1	0	0	1	0
AT1G47813	2	1	0	0	1	0
AT1G47820	129	111	116	126	111	119
AT1G47830	779	648	659	762	843	688
AT1G47840	83	74	55	107	93	87
AT1G47870	214	192	169	240	344	245
AT1G47885	1	0	0	0	0	0
AT1G47890	102	88	81	151	260	146
AT1G47900	659	534	479	499	535	614
AT1G47915	0	0	0	1	0	0
AT1G47920	5	2	0	8	2	1
AT1G47960	303	257	218	466	631	587
AT1G47970	1310	941	848	881	1046	1271
AT1G47980	16	7	6	7	4	4
AT1G47990	3	5	1	5	3	3
AT1G48000	117	104	65	168	88	141
AT1G48020	1	1	1	1	3	1
AT1G48030	6531	5643	6029	4534	6047	5424
AT1G48040	139	140	149	135	218	161
AT1G48050	500	424	402	401	448	488
AT1G48060	16	15	7	8	16	20
AT1G48090	4576	4219	4165	3345	5522	5034
AT1G48100	175	165	72	93	52	92
AT1G48110	1801	1570	1478	1335	1777	1518
AT1G48120	377	309	304	288	402	324
AT1G48140	219	225	227	291	303	235
AT1G48150	0	0	0	0	0	1
AT1G48160	591	619	568	684	777	586
AT1G48170	354	326	347	358	399	325
AT1G48175	259	206	209	260	257	266
AT1G48180	0	1	1	0	1	1
AT1G48195	0	1	0	1	0	0
AT1G48200	157	191	202	176	280	135
AT1G48210	860	740	1326	1454	3168	1559
AT1G48220	0	2	0	0	2	0
AT1G48230	975	945	884	920	1011	847
AT1G48240	609	475	571	486	556	508
AT1G48260	369	314	244	304	238	401
AT1G48267	2	1	0	1	1	2
AT1G48270	190	129	137	128	155	136
AT1G48280	149	125	133	113	166	175
AT1G48300	7790	6264	6268	3798	5690	5169
AT1G48310	277	245	250	244	263	278
AT1G48315	803	777	602	1117	1180	779
AT1G48320	771	763	587	1094	1165	770
AT1G48330	122	113	129	117	118	140
AT1G48350	5126	5061	5990	4814	4987	4294
AT1G48360	435	324	387	349	500	482
AT1G48370	281	262	299	431	784	473
AT1G48380	317	278	225	278	290	245
AT1G48390	20	27	18	34	29	20
AT1G48400	15	15	10	10	4	6
AT1G48405	7	4	1	3	2	2
AT1G48410	4157	3676	3812	3647	4545	4603
AT1G48420	2666	2261	2310	2103	2375	2444
AT1G48430	1881	1555	1669	1621	2141	1871
AT1G48440	1936	1817	1594	1869	2082	1846
AT1G48450	4215	3420	3589	2813	3089	3308
AT1G48460	297	287	278	340	429	234
AT1G48470	4	8	4	2	3	2
AT1G48480	961	850	836	751	834	1064
AT1G48490	1764	1593	1511	1346	1764	1672
AT1G48500	27	28	26	18	33	27
AT1G48510	0	1	1	1	0	1
AT1G48520	1624	1511	1682	1382	1545	1402
AT1G48530	0	0	1	0	3	0
AT1G48540	1998	1673	1713	1534	2091	1976
AT1G48550	368	388	303	305	400	331
AT1G48560	60	67	68	75	106	76
AT1G48570	584	530	565	701	992	497
AT1G48580	26	32	36	28	34	32
AT1G48590	1	1	0	3	4	1
AT1G48598	5090	4002	3692	3586	3764	4627
AT1G48600	5087	4001	3691	3586	3760	4624
AT1G48605	74	93	68	73	81	65
AT1G48610	367	314	325	287	329	365
AT1G48620	1831	1514	1414	1232	1373	1838
AT1G48630	1425	1462	1276	1437	1663	1029
AT1G48635	550	501	512	493	697	579
AT1G48640	2	2	1	3	3	2
AT1G48650	1626	1456	1486	1251	1882	1413
AT1G48660	12	12	3	3	5	8
AT1G48670	0	0	0	0	2	0
AT1G48720	12	8	19	14	17	11
AT1G48730	0	0	0	1	0	0
AT1G48740	5	4	2	2	1	4
AT1G48745	69	49	34	33	30	50
AT1G48750	53	64	45	81	82	76
AT1G48760	842	676	695	669	755	720
AT1G48770	94	76	92	57	88	51
AT1G48780	85	96	93	53	91	85
AT1G48790	1640	1444	1394	1337	1387	1436
AT1G48820	22	19	11	16	16	4
AT1G48830	2485	2191	2001	2394	2422	1936
AT1G48840	647	601	525	425	357	447
AT1G48850	2090	1713	1650	2034	2114	1923
AT1G48860	1116	986	963	1042	1247	1100
AT1G48870	40	24	25	29	21	36
AT1G48880	123	103	104	109	125	116
AT1G48900	1676	1467	1363	1368	1800	1565
AT1G48920	8904	8074	7942	10099	11710	8427
AT1G48930	0	0	0	2	4	6
AT1G48940	0	0	3	2	1	0
AT1G48950	551	503	495	436	487	521
AT1G48960	320	270	228	297	397	366
AT1G48970	633	508	549	587	720	643
AT1G48980	0	0	0	2	0	0
AT1G48990	0	0	0	0	0	1
AT1G49000	202	145	120	135	161	147
AT1G49005	1	5	1	1	0	1
AT1G49010	435	360	355	295	275	311
AT1G49030	1	1	2	2	0	0
AT1G49032	1409	1307	1127	802	657	663
AT1G49040	1766	1591	1605	1563	2031	1812
AT1G49050	1421	1356	1312	1393	2159	1463
AT1G49120	1	1	0	0	2	0
AT1G49130	463	401	569	314	323	271
AT1G49140	1453	1543	1544	1392	1397	1278
AT1G49150	3	1	4	6	7	5
AT1G49160	290	195	227	149	212	222
AT1G49170	94	120	92	115	93	66
AT1G49180	319	269	292	288	327	218
AT1G49200	35	18	21	26	39	19
AT1G49210	20	15	29	31	30	29
AT1G49220	4	6	20	16	36	14
AT1G49230	169	163	214	231	333	223
AT1G49240	9521	8429	8241	7482	7295	7662
AT1G49245	95	91	109	143	102	111
AT1G49250	1	0	2	0	1	1
AT1G49290	0	0	0	1	0	0
AT1G49300	1824	1562	1649	1559	1589	1688
AT1G49310	21	22	26	38	43	17
AT1G49320	37	34	36	76	86	91
AT1G49330	3	0	6	5	3	2
AT1G49340	2390	1910	1865	1767	2315	2334
AT1G49350	213	243	221	245	263	216
AT1G49360	415	352	335	363	408	456
AT1G49380	1596	1255	1578	1120	1456	1227
AT1G49390	13	8	2	4	0	0
AT1G49400	386	348	370	418	472	356
AT1G49405	16	12	8	20	14	6
AT1G49410	593	678	574	832	905	505
AT1G49430	733	635	563	469	444	596
AT1G49450	299	253	156	146	138	261
AT1G49470	79	84	73	110	121	139
AT1G49475	9	13	7	14	10	8
AT1G49480	1103	878	1002	894	1527	1017
AT1G49490	155	111	106	69	80	110
AT1G49500	5313	5032	4487	3159	2039	2877
AT1G49510	856	723	727	630	659	606
AT1G49520	166	161	119	100	140	142
AT1G49530	104	96	75	67	62	65
AT1G49540	391	344	352	387	537	427
AT1G49560	291	276	301	329	398	398
AT1G49580	581	493	451	401	502	534
AT1G49590	503	461	458	502	540	527
AT1G49600	1613	1555	1451	1601	2444	1502
AT1G49610	6	8	6	5	10	9
AT1G49620	64	43	44	58	70	44
AT1G49630	796	703	686	585	704	665
AT1G49640	0	3	1	12	8	5
AT1G49650	445	378	370	314	284	342
AT1G49660	852	638	610	670	636	718
AT1G49670	2058	1702	1804	1786	2114	2165
AT1G49700	42	50	27	17	25	34
AT1G49710	630	576	603	577	727	576
AT1G49720	1368	1084	1391	1181	1246	1644
AT1G49730	1057	995	953	810	879	911
AT1G49740	358	340	330	334	436	413
AT1G49750	6856	5578	6717	5846	12177	8158
AT1G49760	3035	2651	2605	2835	3172	2670
AT1G49780	759	719	618	577	497	613
AT1G49790	11	10	9	1	10	11
AT1G49810	0	0	0	1	0	0
AT1G49820	1036	887	836	878	1026	1000
AT1G49830	11	14	4	14	9	26
AT1G49832	17	24	31	13	33	37
AT1G49840	994	932	910	738	809	886
AT1G49850	386	392	343	378	479	382
AT1G49860	3	2	2	8	3	4
AT1G49870	87	85	69	56	93	82
AT1G49880	179	118	99	121	130	128
AT1G49890	553	515	587	445	646	577
AT1G49900	29	28	24	18	11	24
AT1G49910	41	58	35	34	42	47
AT1G49920	12	9	7	9	13	5
AT1G49938	2	2	4	2	1	0
AT1G49940	35	26	14	26	43	21
AT1G49950	1369	1186	1122	1310	1563	1551
AT1G49952	1	1	4	4	9	4
AT1G49960	24	21	37	39	47	29
AT1G49970	8942	7103	7588	6650	8264	8228
AT1G49975	1008	901	916	672	685	803
AT1G49980	423	424	397	340	484	375
AT1G49990	73	46	72	46	77	60
AT1G50000	152	155	137	143	170	118
AT1G50010	7693	7148	6947	7506	8089	7470
AT1G50020	2270	2012	1751	1722	1721	1754
AT1G50030	2535	2174	2253	1862	2747	2605
AT1G50040	179	178	210	93	82	151
AT1G50050	5	4	1	1	1	0
AT1G50055	101	89	104	102	149	90
AT1G50060	0	0	0	0	1	0
AT1G50090	0	0	1	1	0	0
AT1G50110	99	86	83	71	99	63
AT1G50120	955	808	768	738	995	870
AT1G50140	1198	1128	1003	952	1305	1034
AT1G50170	764	642	679	684	796	698
AT1G50180	83	73	48	53	90	69
AT1G50190	5	4	9	3	4	4
AT1G50200	6427	5253	4955	4798	6175	5953
AT1G50240	197	206	156	149	239	238
AT1G50250	5992	5528	5166	4030	4575	4832
AT1G50260	332	276	246	240	331	300
AT1G50270	179	160	141	125	186	174
AT1G50280	207	188	199	129	147	149
AT1G50290	126	133	130	88	80	68
AT1G50300	312	309	270	287	308	278
AT1G50310	16	11	12	19	17	26
AT1G50320	4531	4058	4157	3619	4452	3971
AT1G50350	3	3	2	1	4	2
AT1G50360	1118	848	845	871	1243	1072
AT1G50370	1078	1027	977	1023	1264	1134
AT1G50380	761	702	686	641	972	662
AT1G50390	0	3	2	3	3	8
AT1G50400	10	13	8	26	41	13
AT1G50410	999	868	785	857	1349	957
AT1G50420	202	170	115	173	240	181
AT1G50430	3133	2854	2941	2659	3479	2905
AT1G50440	1160	1020	984	993	1357	1043
AT1G50450	1359	1234	1377	1235	1365	1130
AT1G50460	662	528	620	483	668	698
AT1G50470	1	0	0	0	0	0
AT1G50480	11529	10597	9090	8847	8282	9285
AT1G50490	342	319	339	324	386	321
AT1G50500	1385	1218	1206	1160	1667	1377
AT1G50510	608	488	482	513	594	573
AT1G50520	117	71	60	70	107	87
AT1G50530	1	0	0	0	1	0
AT1G50560	37	20	26	21	38	39
AT1G50570	1232	1132	1133	1245	1629	1305
AT1G50575	280	324	328	277	356	281
AT1G50590	143	88	126	121	123	134
AT1G50600	1859	1583	1549	1497	1883	1914
AT1G50610	0	1	0	2	3	4
AT1G50620	440	361	316	306	374	406
AT1G50630	253	260	267	250	343	360
AT1G50640	2358	2184	1868	2461	2960	2777
AT1G50659	231	194	203	143	193	237
AT1G50660	1749	1406	1329	1205	1602	1596
AT1G50670	1013	797	800	832	868	883
AT1G50700	223	163	154	184	295	257
AT1G50710	562	465	475	419	468	457
AT1G50730	831	709	793	621	917	806
AT1G50732	423	366	377	264	275	273
AT1G50740	2098	1991	1949	2234	2984	2155
AT1G50750	927	786	777	833	938	685
AT1G50760	5	3	5	2	6	4
AT1G50770	3	3	4	2	5	7
AT1G50780	11	2	2	4	3	4
AT1G50790	61	44	56	36	42	58
AT1G50820	1	0	0	0	0	0
AT1G50830	20	16	10	12	14	3
AT1G50840	1247	1154	1278	1223	1442	1146
AT1G50890	236	221	206	189	204	237
AT1G50900	3526	3032	3315	2821	2645	2667
AT1G50910	1319	1186	1379	1263	1219	1021
AT1G50920	3152	2670	2553	3093	3690	2826
AT1G50940	478	440	422	448	512	469
AT1G50950	210	190	186	186	196	249
AT1G50970	435	397	374	491	547	456
AT1G51030	0	0	0	2	2	5
AT1G51035	0	1	0	0	3	2
AT1G51040	0	1	0	0	3	1
AT1G51055	8	7	5	16	12	11
AT1G51060	1002	956	784	927	914	1029
AT1G51070	856	827	734	1038	1372	1214
AT1G51080	397	290	341	277	246	413
AT1G51090	866	746	971	1060	1268	1524
AT1G51100	554	418	412	367	326	405
AT1G51110	2994	2615	2964	2305	2474	2338
AT1G51130	85	58	70	108	92	62
AT1G51140	456	321	238	325	631	511
AT1G51160	884	876	741	877	875	805
AT1G51170	159	118	85	126	165	173
AT1G51200	7693	7373	6780	6831	7711	6635
AT1G51270	1281	996	1035	942	1705	1257
AT1G51290	0	0	1	0	0	0
AT1G51300	0	0	3	0	0	0
AT1G51310	583	463	474	536	702	525
AT1G51330	2	2	0	0	5	6
AT1G51340	231	201	223	213	369	324
AT1G51350	643	576	577	589	836	646
AT1G51355	15	14	12	16	24	16
AT1G51360	284	228	243	186	251	272
AT1G51370	106	120	87	94	178	93
AT1G51380	51	55	30	52	77	52
AT1G51390	393	299	321	351	421	352
AT1G51400	21218	17299	15456	13129	8721	14314
AT1G51402	14761	11164	10030	8466	5502	9862
AT1G51405	56	31	57	41	65	58
AT1G51410	0	1	0	0	0	1
AT1G51420	6	0	1	1	1	5
AT1G51430	505	474	453	448	383	390
AT1G51440	74	87	54	60	41	65
AT1G51450	218	168	171	174	202	175
AT1G51460	130	103	72	97	96	111
AT1G51500	4750	3955	3623	3256	3272	3625
AT1G51510	1844	1584	1679	1714	1834	1716
AT1G51520	87	72	61	78	106	85
AT1G51530	2	1	2	0	8	1
AT1G51538	7	11	2	2	5	7
AT1G51540	571	480	535	459	568	504
AT1G51550	518	506	421	426	396	392
AT1G51560	834	686	690	646	714	772
AT1G51570	2958	2667	2770	2286	2707	2864
AT1G51580	524	452	527	464	499	535
AT1G51590	1117	884	979	929	1262	1127
AT1G51600	429	410	399	367	504	409
AT1G51610	1662	1424	2207	1642	2117	2068
AT1G51620	203	198	207	228	405	236
AT1G51630	1149	1098	969	1036	1038	991
AT1G51640	178	166	175	124	233	193
AT1G51645	174	161	168	134	225	189
AT1G51650	2048	1835	1690	2011	2003	1811
AT1G51660	1742	1685	1803	2407	4106	2356
AT1G51670	68	70	52	95	112	83
AT1G51680	1922	1921	1493	2042	2378	2418
AT1G51690	2098	1783	1716	1754	2027	1891
AT1G51700	4926	3955	3597	3894	4182	4580
AT1G51710	1616	1528	1372	1406	1527	1516
AT1G51720	1196	963	945	877	1248	1092
AT1G51730	1219	990	1029	1028	1150	978
AT1G51740	267	268	256	250	331	260
AT1G51745	497	360	362	355	463	399
AT1G51760	4047	3527	2277	4440	5610	4270
AT1G51770	6	3	4	9	5	3
AT1G51780	35	33	32	81	6	87
AT1G51790	486	392	394	391	703	628
AT1G51800	550	524	294	671	740	614
AT1G51805	6983	5508	6169	5023	6746	7394
AT1G51810	1	0	0	0	0	0
AT1G51820	89	66	51	57	27	85
AT1G51830	0	0	2	0	0	2
AT1G51850	36	29	27	58	115	79
AT1G51860	112	119	56	104	104	122
AT1G51870	1	0	0	1	0	0
AT1G51880	0	0	0	1	0	0
AT1G51890	748	561	363	543	823	621
AT1G51900	2	2	0	0	0	0
AT1G51913	2	0	0	0	1	3
AT1G51915	1	0	0	2	2	5
AT1G51920	11	24	5	21	20	25
AT1G51930	0	0	0	0	1	0
AT1G51940	1912	1661	2355	1718	1679	2121
AT1G51950	740	711	689	731	937	639
AT1G51960	9	8	5	6	3	8
AT1G51965	277	219	218	210	269	246
AT1G51980	4360	3811	3727	4016	4419	4296
AT1G52000	4550	3742	2744	4253	4922	9074
AT1G52030	1412	1225	350	577	341	900
AT1G52040	4308	3541	2382	5224	5474	8170
AT1G52050	0	0	0	0	0	2
AT1G52080	119	97	97	109	127	154
AT1G52100	31	24	16	32	42	15
AT1G52110	1	3	4	4	0	0
AT1G52120	2	1	1	0	0	2
AT1G52140	54	80	61	77	87	92
AT1G52150	1095	1032	873	995	1224	1128
AT1G52155	108	101	96	109	108	82
AT1G52160	289	241	266	369	504	341
AT1G52190	3827	3470	3275	3231	2604	3539
AT1G52200	1201	1155	1349	1497	1601	1303
AT1G52220	9824	9318	9433	7498	6851	6671
AT1G52230	33500	28535	27902	24568	19186	26422
AT1G52240	135	127	114	108	67	101
AT1G52260	249	243	249	245	284	270
AT1G52270	98	100	88	61	134	39
AT1G52280	1010	880	760	743	796	954
AT1G52290	1411	1221	1365	1206	1894	1637
AT1G52300	5204	4388	3793	4646	4489	3887
AT1G52310	757	693	668	751	918	728
AT1G52315	56	42	44	109	90	77
AT1G52320	924	691	765	651	838	908
AT1G52325	0	0	0	0	1	0
AT1G52330	2	1	2	8	5	1
AT1G52340	519	402	311	325	183	357
AT1G52342	147	154	79	75	82	85
AT1G52343	0	0	1	0	0	1
AT1G52347	270	275	273	231	245	261
AT1G52360	3302	2567	2707	2513	3321	3262
AT1G52370	497	443	415	557	694	491
AT1G52380	921	845	784	841	990	816
AT1G52390	1	1	1	0	1	2
AT1G52400	39540	35861	18250	30800	21432	50220
AT1G52410	6874	5570	3093	4777	4481	8491
AT1G52420	1836	1510	1465	1415	1908	1722
AT1G52430	18	11	25	26	47	27
AT1G52450	53	62	53	62	139	62
AT1G52500	863	790	713	846	850	640
AT1G52510	3923	3588	3610	3091	3074	3009
AT1G52520	221	170	182	157	183	169
AT1G52530	26	32	26	19	25	16
AT1G52540	232	231	197	219	282	258
AT1G52550	103	118	109	100	115	104
AT1G52560	4	2	0	3	3	4
AT1G52565	55	43	21	46	39	42
AT1G52570	76	42	50	43	117	69
AT1G52580	5	12	5	3	26	34
AT1G52590	374	386	379	389	510	431
AT1G52600	755	619	617	784	876	785
AT1G52615	4	1	0	0	1	0
AT1G52618	58	51	58	60	79	32
AT1G52620	107	98	120	100	147	122
AT1G52630	275	250	222	294	265	242
AT1G52640	26	27	36	39	59	22
AT1G52650	7	16	9	11	13	7
AT1G52670	1287	1066	1061	1035	1172	1106
AT1G52690	8	11	4	4	1	9
AT1G52700	37	45	60	93	179	158
AT1G52710	380	315	309	304	438	313
AT1G52720	1153	1110	1135	1284	1668	1224
AT1G52730	913	835	815	880	1039	901
AT1G52740	2569	2366	2293	2283	2293	2096
AT1G52750	74	61	82	59	48	81
AT1G52760	959	840	694	861	964	812
AT1G52770	132	123	255	92	215	116
AT1G52780	1373	1246	1307	1486	2212	1535
AT1G52790	10	13	15	6	6	8
AT1G52800	121	120	61	73	66	70
AT1G52810	2	0	0	1	5	2
AT1G52820	38	41	45	29	36	32
AT1G52825	143	146	122	88	117	106
AT1G52827	105	102	71	88	41	65
AT1G52830	261	228	226	165	160	210
AT1G52855	81	73	60	46	44	52
AT1G52857	2	2	0	1	0	1
AT1G52870	6794	6277	5192	3840	4389	3969
AT1G52880	457	369	370	367	490	397
AT1G52890	1512	1306	1103	1471	1553	1579
AT1G52900	14	16	9	9	9	14
AT1G52905	147	185	174	174	194	173
AT1G52910	103	110	71	106	66	82
AT1G52920	54	42	24	30	47	39
AT1G52930	556	472	349	624	778	441
AT1G52940	0	0	0	1	1	0
AT1G52950	0	1	1	3	2	1
AT1G52970	0	0	1	0	0	0
AT1G52980	2103	1686	1509	1793	1943	1734
AT1G52990	11	12	2	1	7	3
AT1G53000	727	664	739	701	787	684
AT1G53023	0	0	0	1	0	1
AT1G53025	108	101	116	148	128	113
AT1G53030	411	303	240	322	366	291
AT1G53035	144	120	264	186	214	149
AT1G53040	777	625	811	681	992	756
AT1G53050	1354	1131	1174	1077	1228	1168
AT1G53060	39	41	55	49	51	46
AT1G53070	102	77	92	85	182	163
AT1G53080	22	22	25	46	44	44
AT1G53090	555	461	395	426	458	449
AT1G53100	358	322	268	275	355	429
AT1G53110	449	385	425	419	469	501
AT1G53120	508	477	453	438	504	430
AT1G53140	121	110	100	87	92	152
AT1G53160	198	190	168	211	203	277
AT1G53163	18	13	5	5	5	5
AT1G53165	913	770	700	677	886	818
AT1G53170	1360	1344	1060	1338	1437	1135
AT1G53180	121	98	102	90	156	98
AT1G53190	820	647	601	517	554	614
AT1G53200	257	222	195	246	399	219
AT1G53210	12220	11688	12761	10796	13790	13007
AT1G53230	1490	1163	1786	1318	2851	1966
AT1G53233	1450	1102	1671	1210	2680	1909
AT1G53240	5158	4751	5151	5120	6032	5130
AT1G53250	224	155	150	126	172	191
AT1G53260	4	2	3	6	7	3
AT1G53270	15	10	18	8	23	23
AT1G53280	1431	1152	1166	1460	1980	1361
AT1G53290	460	399	405	356	350	375
AT1G53300	1434	1108	1259	1002	1344	1407
AT1G53310	4686	4492	4282	5118	6646	5706
AT1G53320	1874	1663	1744	1363	1450	1459
AT1G53330	119	89	97	89	150	128
AT1G53340	51	60	76	61	111	69
AT1G53345	86	82	73	88	85	87
AT1G53350	558	476	478	372	546	441
AT1G53360	0	0	0	0	1	0
AT1G53380	893	730	761	666	840	784
AT1G53390	1564	1465	1563	1280	1904	1514
AT1G53400	1116	954	897	842	916	861
AT1G53420	0	1	0	1	1	0
AT1G53430	4687	3835	3999	3297	4371	4408
AT1G53440	4959	3991	4081	3979	5858	5354
AT1G53450	1581	1406	1492	1511	1851	1562
AT1G53460	348	300	269	292	343	257
AT1G53470	34	18	27	39	44	28
AT1G53480	998	854	821	840	934	722
AT1G53490	901	747	717	747	871	684
AT1G53500	1839	1526	1483	1413	1447	1668
AT1G53510	1894	1588	1399	1244	1454	1555
AT1G53520	508	449	516	438	457	406
AT1G53530	164	145	146	182	186	143
AT1G53540	6	4	3	8	12	13
AT1G53541	33	29	25	33	53	14
AT1G53542	38	44	39	27	50	16
AT1G53543	2	1	0	2	1	0
AT1G53550	0	0	0	0	1	0
AT1G53560	991	779	730	601	537	778
AT1G53570	1904	1560	1755	1592	2028	1986
AT1G53580	2552	2292	1609	2066	1609	2248
AT1G53590	1452	1236	993	1014	1312	1419
AT1G53600	41	31	40	39	69	54
AT1G53610	0	0	0	2	0	0
AT1G53620	11	15	3	25	15	8
AT1G53625	151	143	78	142	146	106
AT1G53633	12	15	18	9	12	3
AT1G53640	2	0	0	0	0	0
AT1G53645	493	478	399	593	825	511
AT1G53650	296	266	259	299	358	296
AT1G53660	0	0	3	2	3	4
AT1G53670	2105	1770	1602	1463	1495	1587
AT1G53680	20	29	20	20	14	17
AT1G53687	0	1	0	1	2	0
AT1G53690	19	10	16	5	6	11
AT1G53700	58	47	54	41	28	29
AT1G53708	1	0	0	0	0	0
AT1G53710	569	470	518	432	627	466
AT1G53720	452	366	338	358	358	382
AT1G53730	1474	1245	1642	1350	1355	1728
AT1G53750	3718	3535	3094	3506	4111	3539
AT1G53760	346	310	313	355	372	350
AT1G53770	355	295	340	274	351	305
AT1G53780	2545	2320	2295	2286	2971	2570
AT1G53785	506	460	466	349	626	602
AT1G53790	127	116	84	92	81	100
AT1G53800	1741	1294	1456	1032	1537	1421
AT1G53801	569	496	499	397	541	481
AT1G53820	3	7	1	4	2	2
AT1G53830	123	67	85	74	37	78
AT1G53840	5206	4187	4242	3806	4058	5509
AT1G53850	1038	922	931	1110	1144	1040
AT1G53860	22	19	19	8	11	15
AT1G53870	773	998	584	563	262	549
AT1G53880	339	311	363	478	489	176
AT1G53885	920	536	732	426	494	1196
AT1G53887	185	114	99	127	113	174
AT1G53890	1224	678	540	473	403	558
AT1G53900	380	306	175	201	190	414
AT1G53903	973	1153	776	852	717	562
AT1G53910	4354	3745	3741	3849	3986	4373
AT1G53920	179	163	149	114	222	122
AT1G53930	2	0	0	0	0	0
AT1G53940	1	0	0	0	0	1
AT1G53950	1	3	2	0	2	1
AT1G53980	6	6	2	5	2	6
AT1G53990	17	10	12	18	8	6
AT1G54000	225	215	90	256	200	191
AT1G54010	1253	1102	399	779	503	1144
AT1G54020	368	305	115	634	142	1355
AT1G54030	2508	2239	1544	2263	2054	2960
AT1G54040	2139	1792	1732	1347	1178	1763
AT1G54050	212	162	147	119	140	139
AT1G54060	806	650	633	594	636	670
AT1G54070	6	3	0	6	3	2
AT1G54080	3639	3250	3024	3145	3803	3266
AT1G54090	1560	1372	1267	1201	1484	1453
AT1G54095	14	19	2	11	2	9
AT1G54100	3194	2940	2246	3323	3199	3774
AT1G54110	252	166	172	142	158	157
AT1G54115	786	751	733	726	1027	833
AT1G54120	17	17	17	12	10	15
AT1G54130	4553	4063	3545	3711	3490	3892
AT1G54140	286	224	236	250	262	245
AT1G54150	551	482	409	457	561	499
AT1G54160	132	118	137	152	191	178
AT1G54170	1081	850	734	755	1015	1002
AT1G54180	141	99	94	85	120	142
AT1G54200	100	91	82	114	119	118
AT1G54210	315	336	296	318	324	237
AT1G54215	4	5	10	5	4	3
AT1G54217	92	112	136	99	87	68
AT1G54220	688	586	630	627	807	725
AT1G54250	304	252	277	330	402	255
AT1G54260	201	176	206	172	313	231
AT1G54270	2768	2667	2769	3262	3947	3021
AT1G54280	3	1	4	1	2	3
AT1G54290	403	324	336	443	532	425
AT1G54310	406	398	408	338	455	335
AT1G54320	2220	1980	1961	2219	2528	2209
AT1G54330	10	3	2	11	13	11
AT1G54340	1144	977	873	896	1120	1233
AT1G54350	2517	2114	2290	1745	2149	2116
AT1G54355	1467	1127	1219	1041	1178	1161
AT1G54360	1484	1271	1145	1100	1438	1361
AT1G54370	1427	1254	1219	1184	1414	1261
AT1G54380	363	352	302	387	463	359
AT1G54385	153	155	106	90	89	112
AT1G54390	604	499	501	464	598	581
AT1G54400	3	3	2	2	7	2
AT1G54410	30227	23679	27196	21832	27857	28555
AT1G54440	691	603	655	699	919	777
AT1G54450	155	136	122	131	152	163
AT1G54460	664	552	625	537	782	638
AT1G54470	8	1	5	2	5	3
AT1G54490	1926	1613	1512	1396	1878	1920
AT1G54500	3716	3222	3567	2658	3447	3079
AT1G54510	281	240	221	296	336	284
AT1G54520	3274	2615	2777	2367	2753	2702
AT1G54530	7	3	1	5	6	10
AT1G54540	3	2	0	5	5	8
AT1G54550	0	0	0	0	1	0
AT1G54560	1	0	0	1	3	10
AT1G54570	252	247	396	502	944	852
AT1G54575	374	314	262	1012	1538	1339
AT1G54580	2703	2182	2040	2500	2600	2616
AT1G54590	0	0	0	0	0	1
AT1G54610	1572	1421	1206	1376	1510	1501
AT1G54630	2300	1928	1975	2471	2843	2340
AT1G54650	176	143	135	164	139	170
AT1G54670	3	1	0	0	0	2
AT1G54680	174	149	193	210	121	144
AT1G54690	394	431	371	524	493	368
AT1G54700	189	147	129	176	150	126
AT1G54710	906	728	606	608	819	666
AT1G54730	619	540	539	445	560	606
AT1G54740	698	541	608	416	458	591
AT1G54770	374	275	293	301	387	304
AT1G54780	20193	16821	15242	12201	10473	14091
AT1G54790	906	446	379	386	286	575
AT1G54820	1596	1242	1266	1101	1155	1344
AT1G54830	658	603	561	680	725	634
AT1G54840	24	16	12	11	14	21
AT1G54850	226	152	158	186	157	182
AT1G54890	6	7	6	1	0	1
AT1G54920	2223	1743	1875	1598	2024	2071
AT1G54930	15	15	9	4	9	10
AT1G54960	89	70	82	78	77	106
AT1G54970	0	0	0	0	0	3
AT1G54980	0	0	1	0	1	0
AT1G54990	1119	1068	1081	1182	1787	1459
AT1G55000	1270	1204	1380	949	1077	986
AT1G55010	16	16	7	16	13	9
AT1G55020	443	360	243	334	372	465
AT1G55040	178	109	117	159	224	175
AT1G55050	45	37	30	23	46	45
AT1G55070	0	0	0	1	0	0
AT1G55080	240	181	157	201	223	233
AT1G55090	1563	1421	1350	1209	1466	1469
AT1G55110	1489	1167	990	883	1416	1400
AT1G55120	583	506	450	536	990	867
AT1G55130	530	453	437	439	516	467
AT1G55140	929	776	838	756	869	720
AT1G55150	615	493	483	531	618	528
AT1G55152	348	317	319	269	409	301
AT1G55160	453	444	509	493	575	514
AT1G55170	257	203	199	218	259	276
AT1G55175	4	3	5	16	9	13
AT1G55180	226	221	201	159	262	265
AT1G55190	259	236	225	226	251	248
AT1G55200	97	77	60	64	91	78
AT1G55205	59	45	53	61	58	29
AT1G55207	1	0	0	1	0	0
AT1G55210	1357	1192	762	1645	1952	2181
AT1G55220	0	0	0	1	2	0
AT1G55230	0	0	0	2	0	1
AT1G55240	0	0	0	1	0	2
AT1G55250	844	687	655	726	925	838
AT1G55260	1084	925	920	906	839	914
AT1G55265	874	755	581	975	1101	1283
AT1G55270	980	818	788	631	801	851
AT1G55280	286	248	227	178	166	183
AT1G55290	2	1	2	0	3	1
AT1G55300	211	211	214	206	177	209
AT1G55310	1259	1087	1060	1290	1470	1272
AT1G55320	122	101	79	93	207	108
AT1G55325	1422	1248	1253	1240	1843	1499
AT1G55330	629	878	1520	933	835	819
AT1G55340	782	560	617	585	567	737
AT1G55350	2396	2032	2048	1785	2879	2576
AT1G55360	2231	2011	1753	1821	1848	1942
AT1G55365	17	13	17	8	11	19
AT1G55370	1026	821	861	636	627	748
AT1G55380	22	16	19	16	22	13
AT1G55390	4	4	7	3	9	6
AT1G55420	8	12	15	12	23	7
AT1G55430	0	1	0	1	1	0
AT1G55440	6	4	1	1	0	7
AT1G55450	15547	15495	16548	16461	20749	15838
AT1G55460	951	780	818	743	713	837
AT1G55475	183	174	149	160	223	193
AT1G55480	4985	3760	3583	3005	3081	3696
AT1G55490	11414	9592	11548	8741	10605	9403
AT1G55500	726	602	687	786	1158	754
AT1G55510	432	345	374	314	361	390
AT1G55520	587	513	529	508	682	521
AT1G55525	0	1	1	0	0	0
AT1G55530	955	777	783	791	1008	802
AT1G55535	404	287	304	311	468	410
AT1G55540	805	740	655	608	899	838
AT1G55550	191	164	133	129	139	170
AT1G55580	2	4	1	1	0	2
AT1G55590	586	484	517	407	556	463
AT1G55610	143	113	118	164	250	241
AT1G55620	616	521	489	547	723	614
AT1G55630	151	148	98	120	146	123
AT1G55650	0	0	1	0	0	0
AT1G55660	1	1	0	0	1	0
AT1G55670	84376	78190	78099	64432	60150	67883
AT1G55675	601	650	730	652	733	549
AT1G55680	3077	2230	2266	2462	3114	2888
AT1G55690	523	442	416	329	438	433
AT1G55700	4	1	1	1	2	0
AT1G55720	1	1	0	0	0	1
AT1G55730	588	511	543	495	742	578
AT1G55740	36	29	34	62	143	93
AT1G55750	467	362	379	402	495	445
AT1G55760	215	187	177	285	352	314
AT1G55770	4	8	6	5	4	7
AT1G55790	20	16	2	17	34	26
AT1G55800	14	7	4	9	6	9
AT1G55805	421	405	401	389	358	356
AT1G55810	479	404	393	372	431	353
AT1G55820	287	187	233	275	341	268
AT1G55830	315	244	261	225	266	229
AT1G55840	1600	1603	1544	1547	2199	1680
AT1G55850	2212	1929	2149	1941	2697	2190
AT1G55860	4979	4411	4420	3408	5975	5168
AT1G55870	233	178	222	239	309	203
AT1G55880	313	269	260	255	319	279
AT1G55890	447	426	387	439	513	478
AT1G55900	453	341	364	464	671	448
AT1G55910	321	322	268	408	711	321
AT1G55915	57	64	37	74	92	61
AT1G55920	1085	896	751	742	552	972
AT1G55930	567	468	436	396	443	453
AT1G55940	22	17	24	11	4	11
AT1G55950	2	1	0	0	1	1
AT1G55960	1178	1062	568	647	468	677
AT1G55970	514	450	390	399	465	425
AT1G55980	323	422	159	224	317	206
AT1G55990	14	14	10	20	9	5
AT1G56000	741	593	802	562	587	645
AT1G56010	1268	1043	1037	1081	1021	1474
AT1G56020	85	61	46	43	68	46
AT1G56040	0	0	1	0	3	3
AT1G56045	1733	1822	1347	1894	2146	1251
AT1G56050	1027	934	1048	884	1153	848
AT1G56060	332	327	261	564	913	431
AT1G56070	27512	25912	26407	27992	33951	25579
AT1G56080	16	27	26	27	55	16
AT1G56085	0	0	0	2	0	0
AT1G56090	337	257	247	292	262	275
AT1G56110	2403	2075	1806	2618	3168	1923
AT1G56120	638	583	574	636	1517	1026
AT1G56130	100	76	64	89	168	100
AT1G56140	1975	1576	1743	1750	2281	2428
AT1G56145	459	401	407	403	588	434
AT1G56150	487	594	545	838	973	479
AT1G56160	3	9	3	3	2	2
AT1G56165	54	33	29	28	44	28
AT1G56170	137	133	85	157	251	177
AT1G56180	458	440	421	346	405	357
AT1G56190	5014	4617	5143	4486	6387	4639
AT1G56200	3665	2929	3058	2869	3110	2907
AT1G56210	103	86	89	98	123	86
AT1G56220	12841	12091	11314	11116	11015	9802
AT1G56230	760	653	562	587	635	731
AT1G56240	1069	793	884	707	1021	767
AT1G56242	820	614	690	549	800	621
AT1G56250	291	212	225	192	337	187
AT1G56260	91	96	97	94	88	91
AT1G56280	22404	17074	17457	15802	16954	19424
AT1G56290	403	325	354	331	365	335
AT1G56300	2754	2381	3565	3181	3451	3535
AT1G56310	350	294	312	282	347	318
AT1G56320	23	9	14	19	14	16
AT1G56330	2528	2348	2343	2488	2860	2406
AT1G56340	6159	5049	4414	5517	6675	5961
AT1G56345	136	128	132	137	156	139
AT1G56350	170	164	130	155	194	180
AT1G56410	0	0	0	0	1	0
AT1G56420	136	126	103	105	123	100
AT1G56423	589	424	435	411	505	513
AT1G56430	164	118	97	128	194	190
AT1G56440	331	284	260	315	375	340
AT1G56450	2036	1801	1861	2012	2275	2086
AT1G56460	1441	1076	976	857	1255	1221
AT1G56500	4412	3672	3998	2900	3573	3612
AT1G56510	6063	5253	5364	4602	8927	7739
AT1G56520	2134	1786	1805	2014	3488	2152
AT1G56530	4	0	0	5	0	2
AT1G56540	1020	937	851	1094	1600	1145
AT1G56550	138	119	141	119	247	165
AT1G56555	2	0	3	1	8	4
AT1G56560	638	606	597	546	757	659
AT1G56570	95	90	111	101	153	113
AT1G56580	1869	1667	1382	1429	1230	1097
AT1G56590	712	601	563	515	522	562
AT1G56600	1410	1184	573	1004	887	1302
AT1G56610	539	448	433	534	483	492
AT1G56612	419	329	385	400	445	438
AT1G56650	214	154	72	331	604	550
AT1G56660	9474	6564	6171	5807	6880	9632
AT1G56670	146	134	74	99	56	101
AT1G56690	59	59	83	46	110	94
AT1G56700	1348	1338	1087	1277	1371	1168
AT1G56710	10	8	6	17	36	13
AT1G56720	789	661	714	487	370	636
AT1G57540	202	234	192	210	240	190
AT1G57560	70	61	48	63	136	57
AT1G57570	1	0	2	4	4	2
AT1G57590	169	156	104	178	221	229
AT1G57600	555	415	450	448	466	477
AT1G57610	735	635	608	570	780	634
AT1G57620	411	347	346	395	419	500
AT1G57630	710	618	378	1013	1224	732
AT1G57650	38	29	14	39	38	16
AT1G57660	2699	2559	2150	2525	2564	2170
AT1G57670	4	1	5	2	8	5
AT1G57680	3072	2635	3138	2504	3189	3163
AT1G57700	310	267	217	272	287	251
AT1G57720	7763	7250	7012	7694	8824	7078
AT1G57750	2	2	3	2	2	5
AT1G57765	465	417	376	416	465	456
AT1G57770	1053	980	1016	714	849	873
AT1G57780	2	2	0	0	3	1
AT1G57790	216	200	204	199	188	181
AT1G57820	527	445	390	370	408	492
AT1G57850	49	52	86	51	173	73
AT1G57860	1265	1296	1135	1364	1531	1176
AT1G57870	1342	1118	1139	1015	1337	1259
AT1G57906	6	1	7	10	8	4
AT1G57943	44	22	24	34	42	36
AT1G57980	360	349	366	349	292	356
AT1G57990	20879	19701	22652	19873	22325	22245
AT1G58007	4	4	6	9	5	4
AT1G58025	651	583	500	517	584	552
AT1G58030	2546	2318	2148	1777	2299	2244
AT1G58037	2	2	0	0	0	0
AT1G58060	925	795	763	675	1004	810
AT1G58070	65	62	32	50	70	83
AT1G58080	3723	3195	2609	2615	3109	3034
AT1G58100	738	723	672	708	873	837
AT1G58110	750	629	725	606	979	665
AT1G58120	0	0	2	0	1	0
AT1G58122	0	0	2	0	1	0
AT1G58150	64	48	52	40	62	48
AT1G58160	42	47	33	19	18	29
AT1G58170	33	18	15	16	16	18
AT1G58180	1322	924	1027	846	870	1069
AT1G58190	208	184	209	117	147	150
AT1G58200	3518	2813	2538	2074	2534	2476
AT1G58210	275	210	188	206	251	233
AT1G58220	736	611	611	599	722	682
AT1G58225	1141	1048	653	886	1098	784
AT1G58230	1865	1565	1550	1279	1924	1808
AT1G58235	790	799	888	701	830	679
AT1G58250	2059	1692	1809	1440	2380	2145
AT1G58265	0	1	0	0	0	0
AT1G58270	1339	1074	1170	1164	1195	1428
AT1G58280	220	218	200	193	197	229
AT1G58290	23554	20981	14942	14778	7296	17138
AT1G58300	50	25	14	32	49	30
AT1G58310	1	0	1	0	0	0
AT1G58320	0	0	1	0	0	0
AT1G58330	0	0	0	0	1	2
AT1G58340	90	79	42	58	73	107
AT1G58350	858	792	832	713	939	799
AT1G58360	1600	1479	1386	1070	1129	1328
AT1G58370	104	81	85	73	125	134
AT1G58380	737	691	735	850	950	672
AT1G58390	50	35	28	51	79	58
AT1G58400	18	18	12	13	32	26
AT1G58410	30	32	24	27	49	37
AT1G58420	1416	1421	1361	1104	1272	917
AT1G58440	1175	1017	1081	1001	1009	1213
AT1G58450	1	0	0	1	0	2
AT1G58460	4	6	6	6	8	4
AT1G58470	106	88	89	92	85	89
AT1G58520	629	541	318	322	408	372
AT1G58590	230	268	275	267	315	181
AT1G58602	10489	8804	10139	9581	20946	11982
AT1G58643	0	1	0	0	0	0
AT1G58684	1707	1522	2195	1805	3089	1525
AT1G58725	14	3	4	2	0	7
AT1G58807	3054	2063	2378	2022	3811	2913
AT1G58848	3095	2426	2533	1890	3700	2921
AT1G58936	1	2	0	0	1	0
AT1G58983	2014	1941	1373	2749	2508	2437
AT1G59030	15	11	8	8	2	5
AT1G59124	2725	2566	2454	2014	3355	2591
AT1G59171	1	0	0	0	0	0
AT1G59218	1981	1823	1956	1789	2630	2040
AT1G59312	1	0	0	0	1	1
AT1G59359	2605	2299	1640	2115	1981	1515
AT1G59406	10	7	7	9	1	0
AT1G59510	57	67	77	65	74	93
AT1G59520	544	466	497	495	576	509
AT1G59530	1	0	0	1	0	0
AT1G59540	139	121	121	102	150	161
AT1G59560	173	149	131	142	149	129
AT1G59580	1292	1220	1170	1092	1419	1198
AT1G59590	2128	1808	1594	1753	2012	1740
AT1G59600	473	403	360	359	345	420
AT1G59610	3151	2948	2764	2462	3128	3264
AT1G59620	1387	1136	1209	1196	2084	1505
AT1G59640	110	70	69	57	83	101
AT1G59650	451	400	399	343	448	402
AT1G59660	230	165	165	234	315	357
AT1G59670	7	4	3	7	9	4
AT1G59700	520	487	308	370	358	345
AT1G59710	629	606	871	700	1065	850
AT1G59720	170	154	138	91	152	128
AT1G59725	3	0	1	0	1	1
AT1G59730	1	1	0	50	77	79
AT1G59740	95	88	51	79	125	107
AT1G59750	2135	1829	1859	1667	2087	1759
AT1G59760	1014	857	880	865	1031	918
AT1G59780	3	1	2	0	3	3
AT1G59790	0	1	1	1	4	0
AT1G59810	14	12	10	10	11	8
AT1G59820	1391	1303	1219	1176	1947	1537
AT1G59830	1658	1353	1267	1231	1322	1417
AT1G59840	860	730	809	635	718	638
AT1G59850	127	110	134	120	145	101
AT1G59860	50	44	38	108	119	60
AT1G59865	75	67	43	90	135	106
AT1G59870	109331	96926	105542	92003	146488	126453
AT1G59890	1116	863	833	764	1153	1068
AT1G59900	5567	4658	4547	4351	4797	4712
AT1G59910	6384	5266	5137	5503	7258	7712
AT1G59920	58	64	43	56	25	60
AT1G59930	85	89	54	71	36	79
AT1G59940	0	0	1	4	3	0
AT1G59950	198	174	53	327	102	164
AT1G59960	1122	862	777	895	1205	952
AT1G59970	518	413	339	442	520	510
AT1G59980	231	232	192	240	239	237
AT1G59990	1061	911	870	1141	1537	919
AT1G60000	1518	1391	1418	1161	1194	1111
AT1G60010	1393	1052	1035	983	1084	1215
AT1G60030	18	9	15	76	108	94
AT1G60040	7	4	9	7	5	2
AT1G60060	117	102	79	75	94	122
AT1G60070	2373	2162	2191	1946	2554	2358
AT1G60080	125	128	119	196	223	128
AT1G60095	0	0	0	5	3	0
AT1G60110	55	53	35	37	16	51
AT1G60130	3	3	0	0	4	4
AT1G60140	3169	2505	2493	1603	1290	2052
AT1G60160	1401	1425	1339	914	922	1013
AT1G60170	1674	1364	1354	1375	1399	1555
AT1G60190	1255	1054	640	1077	1433	1188
AT1G60200	2899	2333	2247	2191	2992	2800
AT1G60220	1086	873	858	833	1148	915
AT1G60230	679	591	637	630	670	520
AT1G60250	0	1	0	0	0	0
AT1G60260	1724	1439	1474	1193	1835	1406
AT1G60270	397	345	206	249	199	180
AT1G60350	0	0	0	1	2	1
AT1G60360	11	8	9	10	31	35
AT1G60380	0	1	0	0	1	0
AT1G60390	95	85	66	88	85	115
AT1G60420	1348	1336	1124	1204	1371	1456
AT1G60430	348	304	322	298	297	340
AT1G60440	508	440	424	373	610	464
AT1G60460	25	34	33	22	19	22
AT1G60470	3	5	4	11	10	13
AT1G60490	1613	1382	1196	1189	1647	1496
AT1G60500	1	2	6	3	1	1
AT1G60505	286	255	274	255	400	274
AT1G60525	266	231	252	252	268	236
AT1G60530	156	159	171	164	171	143
AT1G60545	224	198	207	177	278	241
AT1G60550	1725	1439	1485	1228	1312	1294
AT1G60560	207	216	198	171	189	194
AT1G60590	199	167	127	141	115	178
AT1G60600	885	847	874	693	804	629
AT1G60610	284	202	142	205	197	243
AT1G60620	267	161	153	226	277	207
AT1G60630	168	104	91	81	122	120
AT1G60640	564	341	392	426	632	406
AT1G60650	413	338	296	395	417	393
AT1G60660	211	215	215	247	284	180
AT1G60670	428	334	321	415	534	389
AT1G60680	8	11	12	31	30	20
AT1G60690	339	255	252	228	230	225
AT1G60700	172	145	188	118	142	165
AT1G60710	2186	1828	1638	1669	1795	2112
AT1G60720	1	0	2	0	6	0
AT1G60730	894	768	686	783	1023	924
AT1G60740	2	0	0	0	1	3
AT1G60750	0	0	0	1	0	0
AT1G60760	0	0	2	0	0	0
AT1G60770	556	469	451	484	638	448
AT1G60780	2457	2091	2154	2115	2635	2357
AT1G60783	1	0	0	0	0	2
AT1G60790	615	522	435	413	411	561
AT1G60800	2003	1789	2218	1814	2025	2037
AT1G60810	321	276	296	243	304	291
AT1G60830	83	16	31	42	80	72
AT1G60840	0	0	0	0	1	1
AT1G60850	289	219	210	336	415	267
AT1G60860	505	366	411	382	483	495
AT1G60870	1060	1016	1103	1004	1089	1140
AT1G60880	0	0	0	1	0	0
AT1G60890	558	490	458	416	784	613
AT1G60900	2144	1691	1583	1790	2363	2112
AT1G60920	5	1	2	2	0	3
AT1G60930	222	163	149	154	172	176
AT1G60940	2516	2172	1962	2150	2040	2211
AT1G60950	33294	33594	32226	32542	27448	26664
AT1G60960	247	223	270	225	247	259
AT1G60970	1	2	0	0	11	4
AT1G60987	1	1	0	0	0	0
AT1G60989	126	112	121	152	191	120
AT1G60990	969	849	912	761	919	889
AT1G60995	834	736	654	655	812	766
AT1G61000	127	117	102	113	146	144
AT1G61010	1050	911	936	888	1014	993
AT1G61030	513	452	463	427	558	498
AT1G61040	696	597	558	562	641	737
AT1G61050	6	1	0	8	2	6
AT1G61060	0	1	0	0	0	0
AT1G61065	193	154	158	143	167	160
AT1G61080	1	3	0	0	1	3
AT1G61093	2	0	0	0	2	0
AT1G61100	3020	2305	2934	1923	2993	3140
AT1G61110	20	14	2	17	5	27
AT1G61120	1413	1266	408	1906	671	2935
AT1G61130	2	0	0	1	0	1
AT1G61140	1264	1228	1148	1190	2101	1447
AT1G61150	1077	989	944	1015	1185	962
AT1G61160	4	3	1	3	2	5
AT1G61165	0	1	1	2	2	1
AT1G61170	234	250	292	204	319	234
AT1G61180	672	601	658	584	747	669
AT1G61190	3155	2801	2858	2080	3321	2807
AT1G61200	1	0	0	0	0	2
AT1G61210	1076	874	657	625	822	832
AT1G61215	78	59	42	57	78	68
AT1G61224	0	0	0	1	1	0
AT1G61226	0	0	1	0	0	0
AT1G61230	2	0	2	2	7	3
AT1G61240	561	513	530	435	378	520
AT1G61250	3295	3071	2865	3476	5112	3384
AT1G61255	9	5	3	7	9	7
AT1G61260	788	619	640	812	1152	798
AT1G61270	0	0	0	0	1	0
AT1G61275	7	2	2	3	6	6
AT1G61280	22	31	11	21	18	26
AT1G61290	6	6	6	4	3	5
AT1G61300	1331	1164	1253	755	1331	1033
AT1G61310	312	253	321	239	277	285
AT1G61340	4310	3259	2731	3962	5242	4338
AT1G61350	435	324	370	325	427	419
AT1G61360	1300	1143	843	822	1302	841
AT1G61370	228	192	134	192	314	217
AT1G61380	1263	1119	957	1130	1094	1178
AT1G61390	13	10	24	14	31	15
AT1G61400	76	51	69	60	102	76
AT1G61410	4	11	2	2	9	16
AT1G61415	79	61	54	86	123	86
AT1G61420	319	304	276	379	707	445
AT1G61430	449	388	393	354	611	427
AT1G61440	7	9	4	14	10	7
AT1G61450	20	31	25	30	36	32
AT1G61460	224	171	185	298	478	313
AT1G61470	1104	947	1018	1118	1521	982
AT1G61475	1	1	1	0	0	0
AT1G61480	12	4	2	3	4	8
AT1G61490	123	98	106	130	187	127
AT1G61500	307	250	219	235	220	257
AT1G61520	190380	172279	159440	129868	98493	130945
AT1G61550	7	7	7	11	10	3
AT1G61560	513	440	268	392	467	411
AT1G61570	382	431	379	623	723	325
AT1G61575	0	4	0	2	3	1
AT1G61580	352	278	367	424	635	485
AT1G61590	1	1	0	0	0	2
AT1G61600	150	126	85	114	122	190
AT1G61610	775	610	235	665	698	776
AT1G61620	974	951	797	942	1018	890
AT1G61630	0	1	0	0	0	0
AT1G61640	371	294	357	407	805	385
AT1G61660	1039	811	828	1083	1647	1452
AT1G61667	297	268	281	425	512	453
AT1G61670	1331	1143	1247	1189	1497	1568
AT1G61680	20	11	16	26	21	6
AT1G61690	1377	983	1050	885	1079	1133
AT1G61700	0	0	0	0	2	0
AT1G61710	4	7	3	6	13	8
AT1G61720	0	0	0	0	1	2
AT1G61730	895	728	749	819	979	992
AT1G61740	930	882	1178	1015	1699	935
AT1G61750	1	0	0	0	0	0
AT1G61760	9	13	4	14	18	23
AT1G61770	978	781	756	888	919	898
AT1G61780	753	832	743	810	793	702
AT1G61790	1994	1962	1668	1877	2144	1881
AT1G61795	175	181	124	156	100	138
AT1G61800	249	240	211	1926	2567	2110
AT1G61810	79	82	51	61	30	100
AT1G61820	93	69	112	171	235	267
AT1G61840	0	2	2	0	0	0
AT1G61850	1266	1054	1159	972	1448	1327
AT1G61860	15	21	14	15	19	11
AT1G61870	488	430	402	537	688	496
AT1G61890	13005	11327	8876	12268	21058	17280
AT1G61900	784	801	826	732	887	774
AT1G61920	1	1	0	0	0	1
AT1G61930	7	9	7	21	22	24
AT1G61960	148	112	116	128	157	147
AT1G61970	124	116	128	148	152	132
AT1G61980	183	186	213	191	262	206
AT1G61990	344	331	316	367	492	322
AT1G62000	1	2	1	2	2	2
AT1G62010	70	82	75	99	93	70
AT1G62020	1930	1747	1777	1580	2016	1924
AT1G62030	86	71	59	75	70	64
AT1G62035	1	2	1	4	0	1
AT1G62040	957	838	740	729	821	759
AT1G62045	24	23	25	25	40	39
AT1G62050	196	197	219	197	254	209
AT1G62080	0	1	0	0	0	0
AT1G62085	135	100	154	131	145	97
AT1G62110	100	81	93	109	116	84
AT1G62120	74	74	63	75	89	68
AT1G62130	395	273	257	257	349	315
AT1G62150	94	74	87	106	129	93
AT1G62160	0	0	0	1	0	0
AT1G62170	26	35	16	56	20	20
AT1G62180	3139	2726	1740	2299	2020	2530
AT1G62181	1	2	1	0	1	1
AT1G62190	1	2	0	0	0	0
AT1G62200	1021	1148	1062	988	1084	958
AT1G62220	0	0	1	1	0	0
AT1G62225	0	3	3	2	5	5
AT1G62240	5	11	5	7	10	3
AT1G62250	857	746	662	666	556	642
AT1G62260	97	69	79	76	118	100
AT1G62262	1	4	1	5	1	7
AT1G62280	0	0	0	0	0	2
AT1G62290	323	273	282	231	245	302
AT1G62300	787	636	610	724	860	873
AT1G62305	182	168	154	208	270	203
AT1G62310	889	815	833	667	999	1115
AT1G62320	22	16	19	30	37	31
AT1G62330	956	797	778	775	843	852
AT1G62333	3	1	3	2	0	0
AT1G62350	39	28	43	43	59	34
AT1G62355	6	3	5	8	10	4
AT1G62360	90	64	44	169	125	99
AT1G62370	43	33	24	43	62	72
AT1G62380	7877	6309	5659	6015	4430	5776
AT1G62390	3262	2681	2575	2441	2982	2647
AT1G62400	90	68	116	91	135	92
AT1G62420	72	64	57	38	41	87
AT1G62422	1072	937	850	997	1317	894
AT1G62430	2263	2028	2292	1819	2137	2274
AT1G62440	434	297	331	177	101	307
AT1G62450	0	3	0	0	0	1
AT1G62480	5096	4127	2776	3879	2765	3921
AT1G62490	5	3	2	3	2	0
AT1G62500	665	600	303	303	213	322
AT1G62510	188	146	91	96	35	173
AT1G62520	68	58	52	47	25	42
AT1G62530	0	0	2	3	0	0
AT1G62540	345	261	158	265	245	258
AT1G62560	1156	1043	1040	1094	1143	1224
AT1G62570	160	144	119	182	210	254
AT1G62580	20	26	16	22	27	21
AT1G62590	145	129	127	125	142	154
AT1G62600	612	565	554	519	615	558
AT1G62610	430	390	400	455	471	497
AT1G62620	165	134	125	139	154	187
AT1G62630	731	563	703	422	620	541
AT1G62640	787	694	760	665	847	742
AT1G62660	2660	2410	1564	1688	1492	1988
AT1G62670	127	102	91	97	114	87
AT1G62680	106	79	78	67	70	77
AT1G62690	0	2	0	0	1	2
AT1G62700	41	32	32	30	27	32
AT1G62710	338	285	172	510	513	757
AT1G62720	19	18	18	25	26	17
AT1G62730	183	128	149	182	277	153
AT1G62740	1342	1124	1070	1281	1547	1499
AT1G62750	12345	10801	11194	8932	11376	9915
AT1G62760	89	80	40	79	71	150
AT1G62770	71	58	70	69	65	70
AT1G62780	2781	2208	2753	2188	2882	2347
AT1G62790	553	560	598	897	908	902
AT1G62800	352	338	325	338	367	376
AT1G62810	1393	1193	1094	1271	1733	1659
AT1G62820	372	388	393	373	379	323
AT1G62830	350	318	349	287	298	327
AT1G62840	431	394	344	323	361	379
AT1G62850	854	779	701	649	750	770
AT1G62870	92	59	55	41	63	59
AT1G62880	213	141	160	189	229	178
AT1G62886	1	2	0	0	2	6
AT1G62900	10	5	10	9	6	5
AT1G62910	89	79	97	99	121	88
AT1G62914	156	159	160	119	174	147
AT1G62920	102	104	84	93	117	91
AT1G62930	157	125	148	114	135	138
AT1G62935	1	1	1	4	2	3
AT1G62950	84	87	76	83	83	78
AT1G62960	1102	955	674	687	552	710
AT1G62970	316	237	251	187	259	291
AT1G62975	19	18	15	21	19	26
AT1G62981	13	15	18	13	16	19
AT1G62990	100	74	49	62	55	74
AT1G63000	1885	1671	1410	1676	1749	1584
AT1G63005	4	0	0	1	0	0
AT1G63010	1870	1749	1596	1874	2069	1951
AT1G63020	214	174	151	154	238	265
AT1G63030	50	68	63	69	64	73
AT1G63050	331	348	336	287	323	322
AT1G63055	4	1	1	4	2	0
AT1G63057	6	1	1	5	2	0
AT1G63070	13	4	6	8	8	5
AT1G63080	99	65	70	69	72	61
AT1G63090	1942	1766	1801	2009	2341	2388
AT1G63100	182	163	166	122	141	178
AT1G63105	1	0	0	0	1	0
AT1G63110	961	927	907	760	930	857
AT1G63120	578	581	526	466	546	481
AT1G63130	506	420	476	354	448	379
AT1G63140	4	6	6	6	1	1
AT1G63150	80	80	77	94	105	83
AT1G63160	145	127	108	148	179	148
AT1G63170	722	665	666	573	633	585
AT1G63180	159	147	173	151	230	137
AT1G63220	410	313	299	313	262	327
AT1G63230	40	46	33	33	51	30
AT1G63240	617	540	530	510	548	701
AT1G63245	14	15	14	32	38	40
AT1G63250	104	83	81	141	300	119
AT1G63260	458	377	641	391	419	506
AT1G63270	214	204	203	181	259	218
AT1G63280	1	2	5	0	0	1
AT1G63290	968	853	815	859	942	931
AT1G63295	24	13	10	14	25	25
AT1G63300	229	149	174	205	198	214
AT1G63310	88	89	74	96	154	146
AT1G63320	2	1	3	1	0	3
AT1G63330	50	43	37	36	26	33
AT1G63340	6	12	2	1	6	3
AT1G63350	757	601	661	587	978	778
AT1G63360	1961	1444	1736	1181	1545	1759
AT1G63370	64	59	59	68	65	88
AT1G63380	72	58	67	51	72	75
AT1G63390	44	38	46	46	65	43
AT1G63400	85	77	105	78	106	98
AT1G63420	547	407	323	361	483	523
AT1G63430	899	795	790	789	851	871
AT1G63440	36	33	44	63	87	88
AT1G63450	0	1	0	1	0	0
AT1G63460	636	610	604	610	762	658
AT1G63470	387	333	300	320	330	351
AT1G63480	241	201	226	245	351	237
AT1G63490	812	645	695	646	929	839
AT1G63500	1315	1126	1200	1125	1853	1341
AT1G63520	8	11	11	11	14	8
AT1G63522	0	0	1	0	0	0
AT1G63530	63	61	54	105	176	167
AT1G63540	0	0	0	0	0	2
AT1G63570	4	1	3	2	5	11
AT1G63580	12	16	2	6	0	6
AT1G63610	1526	1271	1403	1092	1217	1355
AT1G63630	31	17	17	15	13	20
AT1G63640	476	407	360	395	448	512
AT1G63650	55	33	32	29	31	31
AT1G63660	782	653	665	841	1040	697
AT1G63670	502	467	473	422	555	459
AT1G63680	1118	945	1007	805	902	862
AT1G63690	3270	2970	2833	2287	2164	2475
AT1G63700	2080	1936	1745	1752	2521	2321
AT1G63710	58	64	41	53	24	44
AT1G63720	676	672	564	768	1107	779
AT1G63730	117	104	126	106	191	120
AT1G63740	547	546	574	497	827	633
AT1G63750	2676	2237	1960	1940	2801	2731
AT1G63770	8330	7837	7621	6751	7727	7693
AT1G63780	397	336	311	483	607	354
AT1G63800	1581	1390	1174	992	840	1141
AT1G63810	546	433	468	623	919	573
AT1G63820	69	34	36	89	167	75
AT1G63830	3084	2885	2732	3779	4104	3921
AT1G63840	393	327	239	383	507	403
AT1G63850	562	460	392	353	341	388
AT1G63855	96	95	107	105	125	93
AT1G63860	5002	4010	3730	3744	6038	6056
AT1G63870	18	24	29	18	30	28
AT1G63880	4422	3751	3394	2806	4047	3625
AT1G63900	1049	901	862	846	1013	1025
AT1G63910	2	3	3	1	1	2
AT1G63930	4	5	6	2	3	3
AT1G63940	2263	2072	2157	2336	2999	2202
AT1G63960	2	2	4	1	1	1
AT1G63970	2365	2286	2270	2015	2082	1945
AT1G63980	3331	2574	2387	2447	2486	2493
AT1G63990	116	126	102	133	112	83
AT1G64000	2	0	0	2	0	1
AT1G64010	5	1	3	6	4	0
AT1G64020	0	0	1	1	3	1
AT1G64030	0	0	1	0	0	0
AT1G64040	1768	1504	1424	1458	1605	1507
AT1G64050	1135	954	877	906	1092	1000
AT1G64060	501	426	476	646	890	1024
AT1G64065	1592	1156	1213	1292	1653	1404
AT1G64070	10	11	9	8	9	19
AT1G64080	200	164	173	188	246	218
AT1G64090	2184	1979	1978	2039	2302	1876
AT1G64100	186	152	152	151	153	144
AT1G64105	203	148	161	163	157	143
AT1G64107	1	1	3	3	6	7
AT1G64110	40	26	37	17	16	14
AT1G64130	0	1	3	0	1	2
AT1G64140	2915	2436	2237	2531	3638	3089
AT1G64142	2915	2436	2237	2531	3638	3089
AT1G64150	906	904	1036	783	819	887
AT1G64160	6	6	1	3	2	13
AT1G64170	726	648	731	804	1043	1283
AT1G64180	318	250	245	219	284	250
AT1G64185	42	35	36	38	36	35
AT1G64190	1375	1146	1099	1117	1186	1328
AT1G64195	2	2	1	0	0	2
AT1G64200	775	694	534	544	504	530
AT1G64210	3	4	7	8	4	8
AT1G64220	15	14	24	29	39	13
AT1G64230	9363	8471	8526	6842	6719	7733
AT1G64235	0	0	0	1	1	2
AT1G64260	24	19	12	16	22	17
AT1G64280	2312	2025	1934	1896	2822	2499
AT1G64295	0	1	0	1	0	0
AT1G64300	104	92	85	109	131	89
AT1G64310	12	9	12	14	21	15
AT1G64320	30	28	24	26	47	29
AT1G64330	731	569	677	566	851	814
AT1G64350	564	506	454	551	566	474
AT1G64355	785	777	857	618	788	666
AT1G64360	314	273	215	92	94	98
AT1G64370	5825	5113	5174	5072	7817	6106
AT1G64380	608	486	453	390	518	487
AT1G64385	945	749	796	774	1093	965
AT1G64390	3277	2911	2090	2451	2150	2281
AT1G64400	1221	1114	885	1058	1055	1110
AT1G64405	15	9	4	10	11	10
AT1G64430	1480	1298	1435	1096	1519	1260
AT1G64440	537	458	446	433	556	506
AT1G64450	97	77	65	74	77	93
AT1G64460	453	368	318	311	358	378
AT1G64470	281	274	214	170	225	241
AT1G64490	172	152	136	178	159	127
AT1G64500	401	390	142	143	37	169
AT1G64510	6521	5989	6301	5366	5101	5128
AT1G64520	1848	1894	1779	1914	2065	1784
AT1G64530	387	329	237	222	187	273
AT1G64540	3	3	2	2	6	2
AT1G64550	1898	1660	1601	1546	1895	1737
AT1G64561	70	51	44	55	91	59
AT1G64563	99	72	60	75	114	98
AT1G64570	991	775	767	694	1009	971
AT1G64572	257	185	175	195	242	217
AT1G64580	175	127	134	134	142	144
AT1G64583	23	26	24	21	26	28
AT1G64590	2	0	0	0	0	3
AT1G64600	174	124	120	197	359	146
AT1G64610	1431	1255	1031	1919	3124	1897
AT1G64618	2	2	0	0	1	2
AT1G64620	116	117	80	157	131	189
AT1G64625	40	32	25	25	30	22
AT1G64628	475	422	457	469	637	516
AT1G64630	475	422	457	469	637	516
AT1G64640	718	588	536	544	366	645
AT1G64650	1678	1609	1615	1660	1875	1691
AT1G64660	380	375	191	606	409	762
AT1G64670	425	364	317	331	351	342
AT1G64680	3191	2624	2819	2054	2788	2413
AT1G64690	80	60	54	49	61	44
AT1G64700	54	66	69	109	162	137
AT1G64710	4698	4143	3353	5344	5789	5079
AT1G64720	59859	46937	42142	28207	22417	37101
AT1G64740	1340	1242	1062	1062	995	1075
AT1G64750	1219	1007	941	1096	1201	1024
AT1G64760	1315	1146	1575	1383	2115	1898
AT1G64770	2433	1914	2087	1603	2268	2124
AT1G64780	110	94	63	86	117	87
AT1G64790	3028	2800	2654	2529	3952	2949
AT1G64800	0	1	0	1	0	0
AT1G64810	1280	1119	986	1130	1247	1189
AT1G64820	25	21	13	23	10	10
AT1G64840	273	303	268	291	314	232
AT1G64850	979	1069	1023	995	962	897
AT1G64860	4996	3989	3216	3015	1918	3251
AT1G64880	1257	940	866	1022	1336	1177
AT1G64890	434	401	492	473	495	508
AT1G64900	2507	2218	1595	2448	1878	2573
AT1G64930	0	0	1	1	0	0
AT1G64940	82	73	67	68	72	85
AT1G64950	1471	1156	1044	1135	1220	1594
AT1G64960	389	336	325	298	387	330
AT1G64970	1187	1059	605	1065	801	1104
AT1G64980	1974	1785	1593	1805	2220	2050
AT1G64990	740	657	787	672	886	769
AT1G65000	147	156	139	144	170	147
AT1G65010	2000	1605	2057	1365	2247	2133
AT1G65020	536	437	431	459	534	446
AT1G65030	252	204	214	312	352	276
AT1G65032	117	94	120	127	180	114
AT1G65040	974	893	784	957	1379	1001
AT1G65060	115	122	92	125	280	129
AT1G65070	688	630	748	612	914	727
AT1G65080	117	103	102	143	243	118
AT1G65090	0	0	0	0	1	0
AT1G65110	16	11	18	12	42	26
AT1G65120	48	35	38	51	109	45
AT1G65130	15	12	14	18	18	17
AT1G65140	1	0	0	0	0	0
AT1G65150	72	88	81	92	126	85
AT1G65180	28	26	15	9	12	29
AT1G65190	1802	1770	2116	1670	3175	1899
AT1G65200	0	2	2	1	3	0
AT1G65220	1983	1617	1584	1623	1920	1846
AT1G65230	2834	2443	2484	1848	1972	2128
AT1G65240	51	54	57	35	64	59
AT1G65250	408	398	307	454	630	383
AT1G65260	6658	5654	5900	4948	5573	5104
AT1G65270	1596	1372	1321	1469	1626	1665
AT1G65280	1314	1053	936	892	1059	1081
AT1G65290	1994	1968	1883	2274	2339	1691
AT1G65295	492	492	550	461	500	468
AT1G65300	4	0	0	3	0	3
AT1G65310	234	176	136	137	121	127
AT1G65320	956	720	769	660	874	864
AT1G65330	4	4	8	1	5	8
AT1G65346	2	0	0	1	3	0
AT1G65350	8	8	6	14	11	8
AT1G65360	2	7	1	3	6	1
AT1G65370	1178	1167	770	1188	1247	929
AT1G65380	322	292	258	275	314	318
AT1G65390	1909	1741	1927	1923	2393	2001
AT1G65410	1007	782	832	782	1038	982
AT1G65420	221	200	203	193	215	182
AT1G65430	917	789	741	700	899	864
AT1G65440	3090	2619	2593	2389	3205	3153
AT1G65450	140	145	109	97	102	92
AT1G65470	279	227	195	210	206	234
AT1G65480	3	5	4	7	5	9
AT1G65481	7	3	1	6	16	8
AT1G65483	9	7	7	8	5	6
AT1G65484	33	26	27	37	34	26
AT1G65486	724	640	512	520	854	627
AT1G65490	1720	1809	1169	1067	1623	1170
AT1G65500	96	128	91	342	496	312
AT1G65510	269	279	171	180	231	216
AT1G65520	327	275	257	291	360	330
AT1G65540	3011	2300	2351	2235	3355	2998
AT1G65541	41	39	28	31	46	51
AT1G65550	1	0	2	0	5	0
AT1G65560	174	149	188	190	263	154
AT1G65580	2344	1961	1790	1685	2139	2172
AT1G65590	1289	1103	1199	907	820	1133
AT1G65610	76	48	31	68	44	120
AT1G65620	100	108	47	76	53	66
AT1G65630	0	1	0	0	0	1
AT1G65650	748	656	599	727	848	751
AT1G65660	1238	1073	927	883	979	1156
AT1G65670	1	0	0	0	1	0
AT1G65680	1	1	0	0	1	0
AT1G65690	1135	871	540	1373	1321	1332
AT1G65700	290	199	237	308	346	324
AT1G65710	64	49	42	30	41	46
AT1G65720	3054	2761	2359	2552	2863	2991
AT1G65730	35	24	20	27	25	30
AT1G65760	13	6	5	7	3	4
AT1G65780	0	0	0	1	0	1
AT1G65790	3108	2387	2509	3150	5089	4254
AT1G65800	5502	4294	4988	4555	8461	6644
AT1G65810	10	8	4	5	5	6
AT1G65820	3679	3531	2973	3783	4265	3563
AT1G65840	1527	1413	1470	1392	2148	1782
AT1G65845	1172	997	749	683	944	900
AT1G65850	11	24	16	31	33	10
AT1G65860	928	862	794	796	803	968
AT1G65870	75	65	40	29	26	45
AT1G65880	6	12	1	2	0	4
AT1G65890	415	374	132	150	150	196
AT1G65900	292	237	201	222	256	350
AT1G65910	48	24	29	44	55	47
AT1G65920	291	220	222	205	203	323
AT1G65930	12676	11629	12073	10993	13814	10847
AT1G65950	377	320	301	336	442	341
AT1G65960	20433	16999	15700	14807	15725	17527
AT1G65970	45	35	26	34	10	27
AT1G65980	4180	3723	3257	4135	4362	4043
AT1G65985	105	99	79	89	105	102
AT1G66000	0	1	0	1	0	0
AT1G66020	2	0	1	0	0	0
AT1G66040	28	40	54	33	10	17
AT1G66050	68	68	24	44	31	54
AT1G66060	44	29	71	31	39	45
AT1G66070	578	507	575	606	826	652
AT1G66080	119	111	127	166	321	188
AT1G66090	7093	5885	5700	8280	12595	7915
AT1G66100	5871	5181	4300	2910	1731	2663
AT1G66130	721	666	547	432	386	467
AT1G66140	208	158	172	155	227	184
AT1G66150	4433	3442	3902	2708	2670	3954
AT1G66160	2966	2605	2412	2091	2132	2845
AT1G66170	15	11	8	12	19	20
AT1G66173	17	24	21	37	41	17
AT1G66180	6771	5393	4956	3975	4289	5382
AT1G66190	80	67	73	62	69	86
AT1G66200	11030	9680	8699	7873	8669	8541
AT1G66230	206	177	194	129	95	141
AT1G66240	3531	2796	2431	3199	3507	3279
AT1G66250	299	233	179	316	367	349
AT1G66260	4669	4009	4198	3680	4888	4317
AT1G66280	104	91	2	58	6	73
AT1G66300	5	2	1	0	3	7
AT1G66320	1	0	0	1	1	0
AT1G66330	1944	1768	1124	1208	600	1255
AT1G66340	1017	864	874	875	1077	963
AT1G66345	137	102	110	96	172	123
AT1G66350	708	597	651	599	822	653
AT1G66360	0	1	0	1	1	0
AT1G66370	94	96	18	42	13	16
AT1G66380	9	5	0	3	5	2
AT1G66390	8	7	0	92	477	67
AT1G66400	933	892	760	720	809	653
AT1G66410	4513	3973	3873	4423	5190	4836
AT1G66430	1610	1372	1423	1227	1568	1602
AT1G66440	0	0	0	1	0	0
AT1G66450	21	16	17	27	41	25
AT1G66460	196	194	127	194	317	177
AT1G66480	85	44	56	94	125	98
AT1G66490	0	0	1	0	0	0
AT1G66500	1925	1759	1674	1804	2097	1963
AT1G66510	313	277	229	228	302	309
AT1G66520	210	222	228	216	272	227
AT1G66530	626	551	531	520	595	567
AT1G66540	72	79	58	55	45	49
AT1G66550	0	2	2	2	1	2
AT1G66560	0	0	0	0	0	1
AT1G66570	3	4	6	4	2	1
AT1G66580	3470	2825	2389	3144	3388	2825
AT1G66590	258	207	208	283	366	236
AT1G66600	5	8	3	12	13	12
AT1G66610	0	1	1	0	0	1
AT1G66620	107	87	48	55	60	49
AT1G66650	17	17	8	5	37	14
AT1G66660	133	126	120	147	167	135
AT1G66670	3695	3169	3627	3106	3734	3167
AT1G66680	986	960	861	856	814	765
AT1G66690	9	6	9	10	7	13
AT1G66700	706	495	181	459	378	469
AT1G66720	1	1	0	1	0	0
AT1G66725	112	100	41	72	25	86
AT1G66730	534	483	399	427	696	525
AT1G66740	342	301	319	296	340	266
AT1G66750	293	261	239	278	317	270
AT1G66760	1198	1206	1021	661	512	746
AT1G66780	3	1	3	7	1	13
AT1G66783	0	0	0	1	0	2
AT1G66795	0	0	0	2	0	0
AT1G66810	21	20	13	17	15	19
AT1G66820	221	214	270	202	265	231
AT1G66830	48	28	45	45	30	58
AT1G66840	382	269	257	184	231	234
AT1G66860	47	42	11	45	43	36
AT1G66870	11	13	9	8	3	14
AT1G66880	4267	3486	2987	4456	8244	4622
AT1G66890	327	321	284	300	241	343
AT1G66900	957	838	765	729	735	724
AT1G66910	1020	847	936	752	1360	989
AT1G66920	945	840	819	856	1381	1098
AT1G66930	45	36	49	47	54	46
AT1G66940	1177	1105	1217	1042	1303	1034
AT1G66950	0	1	0	0	0	0
AT1G66960	221	189	130	244	379	293
AT1G66970	12514	10853	11072	10266	20646	12982
AT1G66980	4264	3684	3780	3377	4498	4245
AT1G67000	504	427	214	441	736	615
AT1G67020	3	4	4	1	3	2
AT1G67025	0	0	0	0	1	0
AT1G67030	8	7	5	2	2	2
AT1G67035	14	13	21	6	11	11
AT1G67040	159	144	96	83	91	118
AT1G67050	554	404	402	481	342	404
AT1G67060	965	904	774	1020	1534	1198
AT1G67070	59	55	46	42	33	57
AT1G67080	884	686	779	637	664	617
AT1G67090	356674	333966	329080	274224	291416	274503
AT1G67100	1	1	0	0	0	1
AT1G67105	9	17	17	18	18	310
AT1G67110	4	3	6	6	3	4
AT1G67120	1075	960	860	1331	2352	1296
AT1G67140	1748	1580	1558	1372	2117	1879
AT1G67148	0	0	0	0	1	0
AT1G67150	5	0	0	1	2	0
AT1G67160	0	0	0	1	0	1
AT1G67170	268	231	268	267	325	245
AT1G67180	85	62	54	51	38	58
AT1G67190	247	222	232	207	263	205
AT1G67195	427	425	317	399	236	285
AT1G67210	123	85	90	93	102	106
AT1G67220	2	0	4	1	0	0
AT1G67230	2276	1811	1789	1729	2246	2269
AT1G67238	0	0	0	1	2	0
AT1G67250	603	665	570	794	729	552
AT1G67260	55	47	27	34	16	28
AT1G67265	64	70	77	62	65	93
AT1G67280	7784	5903	6170	5275	6434	6570
AT1G67300	909	895	772	866	1114	1030
AT1G67310	2283	1788	1649	1521	2168	2152
AT1G67320	369	300	299	287	392	323
AT1G67325	781	691	578	679	822	728
AT1G67328	183	202	140	228	254	244
AT1G67330	207	223	153	261	280	260
AT1G67340	533	484	426	436	449	372
AT1G67350	1512	1324	1264	1323	1300	1303
AT1G67360	1346	1224	912	2581	4311	2595
AT1G67365	162	126	123	155	189	176
AT1G67370	29	15	48	39	103	60
AT1G67400	199	165	164	128	155	125
AT1G67410	292	228	246	275	287	285
AT1G67420	153	142	122	167	205	182
AT1G67430	8346	6975	6407	7555	8111	6363
AT1G67440	558	470	464	402	468	491
AT1G67455	1	2	3	8	0	0
AT1G67460	51	61	57	52	77	64
AT1G67470	1669	1391	1423	1462	1967	1571
AT1G67480	1265	1103	1207	898	1407	957
AT1G67481	1	0	0	2	0	3
AT1G67490	753	586	654	622	920	697
AT1G67500	575	452	424	409	645	629
AT1G67510	530	403	521	451	694	709
AT1G67520	161	141	100	246	329	258
AT1G67530	1298	1199	1283	1168	1453	1492
AT1G67540	0	0	0	0	0	1
AT1G67550	1130	882	894	839	1255	1150
AT1G67560	1801	1403	1436	1332	1900	1848
AT1G67570	89	87	75	86	106	97
AT1G67580	1503	1204	1119	987	1413	1239
AT1G67590	249	188	185	171	155	179
AT1G67600	23	27	26	29	49	38
AT1G67620	248	187	192	285	431	174
AT1G67623	0	0	1	2	0	2
AT1G67630	241	205	184	222	269	228
AT1G67635	1	1	1	0	2	6
AT1G67640	0	3	0	0	1	0
AT1G67650	107	70	71	174	180	145
AT1G67660	826	662	916	653	948	897
AT1G67680	1659	1433	1376	1447	1686	1457
AT1G67690	212	185	176	171	261	191
AT1G67700	7062	6333	7162	5597	6066	5947
AT1G67710	82	73	67	51	90	82
AT1G67720	405	351	425	405	863	594
AT1G67730	1162	1072	1039	985	1083	1017
AT1G67740	33550	31124	23704	21816	16626	27002
AT1G67750	419	394	255	340	269	349
AT1G67760	13	8	5	15	6	7
AT1G67770	0	1	0	1	0	0
AT1G67780	26	21	15	22	14	16
AT1G67785	1647	1378	1309	1403	1450	1330
AT1G67790	227	260	237	248	329	254
AT1G67792	225	260	244	258	343	248
AT1G67800	1354	1067	887	996	1417	1036
AT1G67810	999	791	600	806	899	794
AT1G67820	56	52	33	36	35	48
AT1G67830	283	273	230	263	300	243
AT1G67840	2125	1968	1973	1523	1719	1661
AT1G67850	573	457	340	517	805	589
AT1G67855	306	215	164	344	460	458
AT1G67856	359	285	229	520	601	532
AT1G67860	862	915	876	512	512	574
AT1G67865	8190	7518	6707	3693	3846	4300
AT1G67870	6968	6468	6266	4456	5810	6112
AT1G67880	1881	1624	1418	1829	2367	1805
AT1G67890	888	848	818	807	1032	894
AT1G67900	2963	2663	1840	1626	1112	1664
AT1G67910	198	183	183	169	173	167
AT1G67920	387	323	241	249	265	177
AT1G67930	1061	938	983	838	922	983
AT1G67940	384	365	304	488	590	403
AT1G67950	659	583	621	655	778	622
AT1G67960	510	420	406	393	516	470
AT1G67970	1738	1383	1742	1473	1986	1806
AT1G67980	226	209	151	102	182	162
AT1G67990	1	0	0	0	0	0
AT1G68000	1151	1011	924	1005	981	885
AT1G68010	16049	13901	13263	9500	10676	11673
AT1G68020	1575	1310	1214	1065	1058	1313
AT1G68030	34	27	28	34	27	24
AT1G68040	0	0	0	0	2	0
AT1G68050	454	341	2101	785	1891	1522
AT1G68060	1843	1541	1730	1510	1659	1988
AT1G68070	526	496	435	461	497	464
AT1G68080	114	134	117	153	173	134
AT1G68090	0	1	0	0	2	3
AT1G68100	883	788	911	756	1009	872
AT1G68110	108	78	92	82	54	63
AT1G68120	6	11	7	8	3	7
AT1G68130	239	194	177	184	201	198
AT1G68140	1234	1041	967	1025	1107	1104
AT1G68150	2	3	2	3	1	2
AT1G68160	291	234	259	261	296	275
AT1G68170	1	1	1	3	7	5
AT1G68180	1	3	2	3	8	5
AT1G68185	179	169	121	165	185	156
AT1G68190	1468	1224	1039	837	599	773
AT1G68200	24	33	13	19	30	28
AT1G68210	5	2	1	1	0	0
AT1G68220	368	319	422	651	725	649
AT1G68230	36	41	42	79	107	112
AT1G68238	52	74	45	70	60	46
AT1G68240	1	4	4	0	3	2
AT1G68250	22	27	16	17	34	41
AT1G68260	507	434	371	354	368	411
AT1G68270	1	0	0	0	0	0
AT1G68280	2	4	1	0	0	0
AT1G68290	159	89	128	187	170	251
AT1G68300	757	875	811	920	1089	740
AT1G68310	483	538	511	596	746	511
AT1G68320	12	18	12	8	8	16
AT1G68330	307	243	220	246	270	259
AT1G68340	178	150	160	233	279	226
AT1G68350	1	9	3	13	13	14
AT1G68360	10	12	5	23	16	15
AT1G68370	1175	919	940	1006	1245	1158
AT1G68390	40	39	42	61	51	36
AT1G68400	421	357	401	315	386	460
AT1G68410	1084	898	968	903	1370	1258
AT1G68430	20	16	10	26	18	14
AT1G68440	784	710	469	484	433	667
AT1G68450	2	2	1	0	2	9
AT1G68460	9	2	8	8	8	11
AT1G68470	150	131	107	98	117	135
AT1G68480	7	6	5	6	6	4
AT1G68490	1287	1010	1037	902	909	1045
AT1G68500	13	23	19	9	20	12
AT1G68510	0	0	2	0	0	2
AT1G68520	4453	3890	6600	4031	4959	4356
AT1G68526	1	1	0	2	0	0
AT1G68530	10875	8607	8685	7011	7807	9435
AT1G68540	182	166	195	130	181	150
AT1G68550	426	432	480	529	693	493
AT1G68552	426	432	480	529	693	493
AT1G68560	10173	8150	8190	6581	6071	7982
AT1G68568	73	69	65	53	85	84
AT1G68570	765	600	555	585	734	814
AT1G68580	2451	2094	2205	1956	2419	2493
AT1G68585	211	232	264	278	348	233
AT1G68590	5272	4094	5114	3809	5059	4842
AT1G68600	2077	1777	1637	2886	4317	4024
AT1G68610	6	2	0	2	2	0
AT1G68620	151	146	73	98	93	227
AT1G68630	17	13	10	10	9	7
AT1G68640	42	40	30	29	26	30
AT1G68650	309	286	262	351	366	300
AT1G68660	1872	1673	1653	1463	1751	1447
AT1G68670	2705	2372	2113	1959	1952	2204
AT1G68680	392	373	332	402	395	295
AT1G68690	667	501	394	657	843	746
AT1G68700	150	106	112	172	271	142
AT1G68710	493	346	435	511	953	511
AT1G68720	1558	1302	1330	1051	1368	1356
AT1G68725	95	86	64	81	74	108
AT1G68730	280	233	263	262	341	326
AT1G68740	259	234	193	182	281	278
AT1G68760	372	298	278	338	320	327
AT1G68765	30	23	22	37	52	22
AT1G68780	395	329	307	223	202	260
AT1G68790	1875	1411	1364	1152	1490	1682
AT1G68795	44	17	23	21	39	59
AT1G68800	30	17	8	7	9	32
AT1G68810	217	189	187	224	315	223
AT1G68820	781	827	761	883	926	815
AT1G68830	4779	3867	3119	2794	2228	3087
AT1G68840	8276	8326	7359	8312	6716	7036
AT1G68845	0	0	0	0	1	0
AT1G68850	7	6	5	9	10	14
AT1G68862	95	72	93	91	61	63
AT1G68870	97	77	97	72	54	77
AT1G68872	50	49	35	51	39	58
AT1G68880	0	2	0	2	0	4
AT1G68890	1825	1575	1956	1275	2138	1730
AT1G68905	2	0	2	1	0	0
AT1G68910	893	687	630	634	665	771
AT1G68920	778	670	608	532	629	677
AT1G68930	52	53	45	45	106	56
AT1G68935	61	60	66	46	38	52
AT1G68940	373	364	354	269	304	329
AT1G68945	296	263	226	259	278	235
AT1G68980	270	173	211	193	272	260
AT1G68990	641	517	551	728	1138	676
AT1G69010	591	450	411	452	439	489
AT1G69020	165	115	134	130	133	164
AT1G69030	503	374	440	421	446	443
AT1G69040	1294	1036	1236	944	930	923
AT1G69050	9	7	10	12	15	7
AT1G69060	552	422	410	413	492	466
AT1G69070	630	530	542	651	868	627
AT1G69080	130	104	70	86	102	111
AT1G69120	2	1	0	0	0	0
AT1G69160	424	337	243	181	113	226
AT1G69170	174	157	157	161	175	183
AT1G69180	5	0	0	1	0	0
AT1G69190	0	0	1	0	0	0
AT1G69200	933	702	823	758	967	769
AT1G69210	83	75	71	102	137	98
AT1G69220	1148	1001	1060	963	1146	1151
AT1G69230	25	16	18	18	29	32
AT1G69250	627	531	520	677	857	626
AT1G69252	1220	1299	978	958	826	859
AT1G69260	131	119	80	94	82	102
AT1G69270	726	694	701	715	1042	704
AT1G69280	138	99	129	119	177	134
AT1G69290	155	110	124	122	218	159
AT1G69295	1194	1053	917	1133	1565	1387
AT1G69310	360	275	189	303	350	345
AT1G69320	8	9	13	12	8	11
AT1G69325	7	13	12	21	26	33
AT1G69330	347	263	318	287	344	346
AT1G69340	1544	1370	1297	1279	1622	1388
AT1G69350	46	37	39	40	83	58
AT1G69360	1054	864	670	561	625	689
AT1G69370	719	613	450	474	497	550
AT1G69380	260	226	212	269	322	231
AT1G69390	1583	1330	1413	1194	1437	1401
AT1G69400	46	53	29	50	49	55
AT1G69410	2178	2040	2153	2610	3085	2388
AT1G69420	1467	1180	1234	1081	1226	1274
AT1G69430	118	94	98	88	123	102
AT1G69440	267	265	219	205	204	216
AT1G69450	1520	1266	1120	1100	1135	1461
AT1G69460	1818	1565	1427	1422	1729	1602
AT1G69480	78	82	18	71	49	124
AT1G69485	7	3	9	12	11	17
AT1G69490	1597	1154	602	992	378	700
AT1G69500	7	4	0	6	1	2
AT1G69510	2718	2293	2172	2205	2281	2284
AT1G69520	160	157	143	237	331	220
AT1G69523	250	170	243	206	293	170
AT1G69526	62	68	69	60	111	56
AT1G69530	6639	5632	4384	3442	2009	2719
AT1G69540	21	16	15	28	34	19
AT1G69550	1191	1031	1154	936	1584	1228
AT1G69560	0	0	0	1	0	0
AT1G69570	158	182	192	169	206	169
AT1G69572	135	161	161	157	188	141
AT1G69580	141	100	110	181	253	279
AT1G69587	112	128	130	116	142	117
AT1G69588	11	11	12	16	16	21
AT1G69600	2	3	0	1	0	2
AT1G69610	276	232	181	318	379	261
AT1G69620	5269	4776	4115	4938	5441	4101
AT1G69630	4	5	7	6	4	12
AT1G69640	1532	1250	1347	1384	1740	1684
AT1G69660	1	0	1	1	0	0
AT1G69670	622	455	403	453	518	487
AT1G69680	152	180	152	200	217	179
AT1G69690	669	533	483	464	469	653
AT1G69700	475	405	333	345	272	356
AT1G69710	17	9	10	9	9	12
AT1G69720	606	458	397	365	539	537
AT1G69730	817	841	620	748	1168	902
AT1G69740	5688	4937	5466	4125	4673	4669
AT1G69750	442	374	343	409	478	398
AT1G69760	254	183	205	181	320	276
AT1G69770	501	451	360	352	485	437
AT1G69780	584	539	531	462	371	455
AT1G69790	116	133	104	171	226	215
AT1G69795	2	0	0	2	0	0
AT1G69800	304	357	297	297	450	387
AT1G69810	65	53	53	49	55	80
AT1G69828	1	0	0	0	1	1
AT1G69830	7739	6673	8810	6461	9926	8823
AT1G69840	5906	5232	5530	6517	8610	6379
AT1G69850	2270	2029	1663	1670	1911	1919
AT1G69860	0	0	0	0	1	1
AT1G69870	2697	2371	3148	5006	7860	8552
AT1G69880	13	14	16	72	35	104
AT1G69890	5609	5585	7187	6002	7157	6461
AT1G69900	1564	1381	1335	1726	1849	1944
AT1G69910	832	777	776	700	888	987
AT1G69920	25	13	11	26	17	46
AT1G69930	80	80	15	135	97	167
AT1G69935	685	604	671	558	712	661
AT1G69960	1162	934	904	1053	1303	1156
AT1G69970	46	31	29	16	25	30
AT1G69980	438	456	420	418	455	441
AT1G70000	161	168	89	140	206	165
AT1G70020	20	31	23	21	19	17
AT1G70030	2	2	3	0	1	0
AT1G70060	1632	1428	1306	1065	1506	1563
AT1G70070	1829	1627	1802	1189	1434	1662
AT1G70080	1	1	0	0	0	1
AT1G70090	4490	3853	4440	4316	6315	5953
AT1G70100	1250	1034	1010	847	925	1059
AT1G70110	4	2	0	4	7	5
AT1G70120	0	0	0	0	0	1
AT1G70130	44	33	25	88	156	106
AT1G70140	226	210	194	194	340	227
AT1G70150	185	174	165	182	212	151
AT1G70160	5362	4836	4107	4340	4717	4701
AT1G70170	32	31	10	45	82	39
AT1G70180	857	675	672	690	774	710
AT1G70185	12	5	4	5	6	2
AT1G70190	487	391	390	407	441	368
AT1G70200	1576	1242	1513	1130	1293	1379
AT1G70209	0	3	0	0	0	0
AT1G70210	610	489	420	390	432	478
AT1G70220	2	2	9	15	16	15
AT1G70230	725	589	478	638	663	719
AT1G70250	591	496	315	484	520	469
AT1G70260	163	103	56	182	137	149
AT1G70270	5	1	8	2	1	0
AT1G70280	899	746	804	620	662	819
AT1G70290	9300	7560	7167	4173	3359	5573
AT1G70300	459	419	333	378	333	467
AT1G70310	2189	2172	2315	2011	2280	1781
AT1G70320	6220	5328	5504	4673	7497	6467
AT1G70330	1227	1264	1138	1157	1245	1207
AT1G70340	410	484	451	500	501	392
AT1G70350	113	132	153	134	182	98
AT1G70360	76	78	87	81	77	69
AT1G70370	4998	4198	4343	3275	4189	5555
AT1G70380	2	2	0	3	1	1
AT1G70390	58	61	53	47	44	53
AT1G70400	0	0	0	0	0	1
AT1G70410	5306	4565	4669	4324	6019	4976
AT1G70420	745	576	773	525	546	716
AT1G70430	159	123	115	104	128	153
AT1G70440	2	4	0	7	16	14
AT1G70450	2	1	0	0	0	0
AT1G70460	5	5	1	2	9	6
AT1G70470	63	69	53	110	151	150
AT1G70480	948	800	677	796	1130	990
AT1G70490	4047	4377	4148	4786	4814	3993
AT1G70500	6	8	13	5	17	22
AT1G70505	108	107	92	106	150	121
AT1G70510	22	34	10	28	11	31
AT1G70518	244	194	198	210	236	204
AT1G70520	2118	1765	1935	1525	2211	1885
AT1G70530	1729	1304	1293	1132	1298	1409
AT1G70550	196	175	137	153	168	188
AT1G70560	121	115	101	137	179	99
AT1G70570	1407	1151	1295	1193	1241	1361
AT1G70580	1707	1352	1332	1035	1435	1276
AT1G70581	37	29	27	48	60	62
AT1G70590	941	698	746	826	945	978
AT1G70600	3618	4119	3820	4534	4692	2968
AT1G70610	1463	1360	1094	774	672	1070
AT1G70620	2868	2467	2444	2227	2972	2871
AT1G70630	178	154	131	127	167	163
AT1G70640	92	99	170	155	237	280
AT1G70650	1506	1186	1032	1056	1144	1225
AT1G70660	1413	1113	967	969	1041	1144
AT1G70670	190	137	176	268	369	422
AT1G70680	0	1	2	2	3	3
AT1G70690	524	366	276	356	399	470
AT1G70700	12084	10428	6542	7654	6912	8452
AT1G70710	510	438	354	435	398	432
AT1G70720	0	8	0	0	0	0
AT1G70730	3385	2982	3217	2698	3924	2965
AT1G70740	2352	1868	2254	2211	3356	3155
AT1G70750	583	520	539	494	864	744
AT1G70760	4606	3561	3680	2727	3946	3634
AT1G70770	4563	4031	4143	4083	5404	4459
AT1G70780	3201	3363	3672	3205	5368	2934
AT1G70782	3201	3363	3672	3205	5368	2934
AT1G70790	463	423	426	387	450	567
AT1G70800	129	181	240	219	399	208
AT1G70810	1198	1190	991	1588	1743	1472
AT1G70820	8253	7019	7040	4925	5347	6806
AT1G70830	10236	7832	4978	6797	5712	7643
AT1G70840	3	0	0	1	2	1
AT1G70850	3	0	0	20	9	32
AT1G70880	29	21	22	23	18	26
AT1G70890	3949	3303	3762	4218	5827	5910
AT1G70895	30	61	52	66	83	61
AT1G70900	1369	1189	1119	1156	1292	1390
AT1G70910	1	2	1	0	5	2
AT1G70920	25	19	16	42	32	35
AT1G70940	2665	2356	1588	1841	1582	2232
AT1G70950	3	6	3	8	11	9
AT1G70960	0	0	0	0	1	0
AT1G70980	881	775	741	809	908	785
AT1G70985	21	28	38	20	28	24
AT1G70990	5	6	8	5	9	13
AT1G71000	0	2	2	2	15	2
AT1G71010	2055	1934	1797	1572	2191	1848
AT1G71015	25	19	27	18	18	21
AT1G71020	961	807	876	777	636	801
AT1G71030	3197	2567	1989	1783	668	1585
AT1G71040	3447	2859	2027	2668	2735	3449
AT1G71050	180	144	110	188	143	151
AT1G71060	128	127	143	110	166	154
AT1G71070	969	870	842	800	944	924
AT1G71080	1635	1300	1149	1287	1449	1268
AT1G71090	994	1014	1044	925	1088	938
AT1G71100	997	817	765	1183	1334	1136
AT1G71110	249	218	251	357	624	364
AT1G71120	3	2	2	3	6	1
AT1G71130	325	274	278	241	190	286
AT1G71140	426	439	388	488	557	450
AT1G71150	1	3	1	4	4	0
AT1G71170	425	408	351	438	483	474
AT1G71180	411	300	361	290	394	325
AT1G71190	652	599	486	520	668	557
AT1G71200	2	0	0	0	0	1
AT1G71210	425	341	333	371	602	356
AT1G71220	3251	2908	2753	2624	3862	3260
AT1G71230	120	98	119	112	143	131
AT1G71235	0	0	1	0	0	0
AT1G71240	771	675	660	604	685	682
AT1G71250	0	0	1	0	1	1
AT1G71260	538	501	446	628	810	440
AT1G71270	1158	997	1083	1029	1184	1093
AT1G71280	3	2	2	6	3	10
AT1G71290	0	0	0	0	1	0
AT1G71300	0	0	0	3	1	3
AT1G71310	340	278	316	355	364	363
AT1G71330	78	51	51	57	53	76
AT1G71340	853	770	625	639	548	600
AT1G71350	599	419	443	424	533	514
AT1G71360	610	504	472	479	768	719
AT1G71370	0	0	0	3	0	1
AT1G71380	1	7	1	5	9	13
AT1G71390	23	20	17	27	54	30
AT1G71400	179	145	149	184	312	244
AT1G71410	1599	1335	1484	1215	1545	1598
AT1G71420	19	29	26	31	56	33
AT1G71430	137	122	105	129	131	117
AT1G71440	476	453	519	522	585	530
AT1G71450	38	30	20	21	21	42
AT1G71460	287	206	254	199	370	236
AT1G71480	1564	1521	1294	1283	1157	1275
AT1G71490	290	323	265	337	318	270
AT1G71500	6864	5629	6041	4499	6105	5219
AT1G71520	12	17	11	7	12	5
AT1G71528	121	136	116	166	233	160
AT1G71530	118	135	115	166	233	159
AT1G71690	6	2	9	10	3	8
AT1G71691	2	2	1	2	1	0
AT1G71692	8	7	9	18	31	27
AT1G71695	3031	2571	2599	2352	2936	2795
AT1G71696	437	384	332	350	418	377
AT1G71697	1745	1553	1265	1260	1796	1406
AT1G71710	1236	1092	1240	1004	1129	1298
AT1G71720	1381	1013	1153	895	922	1024
AT1G71730	942	722	731	802	817	741
AT1G71740	7	1	2	3	2	0
AT1G71750	132	154	149	170	203	174
AT1G71760	19	15	10	14	12	17
AT1G71770	3	5	4	1	2	3
AT1G71780	253	250	214	328	351	262
AT1G71790	356	320	344	301	351	306
AT1G71800	588	481	533	457	650	592
AT1G71810	821	669	827	741	946	774
AT1G71820	2739	2271	2635	2229	2979	2746
AT1G71828	0	0	1	0	0	0
AT1G71830	146	114	112	88	141	131
AT1G71840	1020	798	912	1155	1508	1152
AT1G71850	144	115	115	163	243	152
AT1G71860	1365	1096	1113	1114	1272	1233
AT1G71865	243	216	196	217	276	262
AT1G71866	4	12	5	11	4	1
AT1G71870	57	54	16	49	74	84
AT1G71880	1714	1766	1700	2980	4100	4010
AT1G71890	39	37	18	16	7	22
AT1G71900	547	471	462	406	510	480
AT1G71910	82	88	66	69	69	93
AT1G71920	133	109	111	225	213	225
AT1G71930	13	4	11	9	5	15
AT1G71940	323	253	235	272	326	279
AT1G71950	1498	1501	1377	1602	2024	1483
AT1G71960	283	251	211	278	436	430
AT1G71970	540	420	412	303	194	301
AT1G71980	2024	1793	1758	1675	2048	1921
AT1G71990	168	149	120	132	152	133
AT1G72000	26	12	19	29	25	25
AT1G72010	1830	1894	1810	1671	1965	1660
AT1G72020	2170	2573	2326	2759	2879	1940
AT1G72030	596	570	398	396	416	397
AT1G72040	1376	1254	1074	1179	1352	1031
AT1G72050	678	563	587	672	831	506
AT1G72060	490	458	307	276	274	262
AT1G72070	387	336	236	210	214	226
AT1G72080	1	1	1	0	0	0
AT1G72090	966	764	689	795	812	769
AT1G72100	2	1	1	0	0	0
AT1G72120	316	313	224	388	462	439
AT1G72125	11	3	8	14	11	8
AT1G72130	519	434	432	484	420	541
AT1G72140	37	29	37	57	47	60
AT1G72150	25075	20484	24746	17471	18015	24559
AT1G72160	4154	3343	3643	2823	2656	4046
AT1G72170	343	395	323	357	409	283
AT1G72175	295	290	319	349	291	211
AT1G72180	3524	3089	3792	2649	3184	3990
AT1G72190	381	274	301	283	332	289
AT1G72200	55	44	22	23	24	33
AT1G72210	140	92	117	138	236	133
AT1G72220	52	40	28	41	48	31
AT1G72230	156	136	105	142	86	186
AT1G72240	243	253	185	273	353	233
AT1G72250	187	141	125	129	194	262
AT1G72260	139	155	22	129	24	134
AT1G72270	113	82	88	96	96	125
AT1G72280	837	671	573	638	1016	831
AT1G72300	587	488	427	359	557	457
AT1G72310	283	246	255	187	241	234
AT1G72320	769	667	656	646	916	741
AT1G72330	614	579	699	800	1164	588
AT1G72340	705	649	577	648	678	667
AT1G72360	86	81	101	84	102	131
AT1G72370	8415	8598	7760	9140	9688	6870
AT1G72390	1219	1090	1007	933	1354	1250
AT1G72410	1651	1363	1450	1227	1535	1426
AT1G72416	620	475	894	664	780	1008
AT1G72420	234	210	184	207	244	162
AT1G72430	1074	861	999	878	1094	1005
AT1G72440	1131	897	862	1060	1282	947
AT1G72450	7672	5920	3970	5483	6307	7580
AT1G72460	0	1	0	0	1	0
AT1G72470	215	182	186	172	242	198
AT1G72480	845	751	826	690	906	806
AT1G72490	0	4	0	0	1	4
AT1G72500	1327	1170	850	1009	832	1010
AT1G72510	1302	1045	1075	1154	1457	1417
AT1G72520	16552	14191	10094	18460	26048	23124
AT1G72530	63	69	51	51	62	58
AT1G72540	62	61	46	96	133	98
AT1G72550	1458	1383	1215	1263	1421	1208
AT1G72560	683	668	621	645	827	729
AT1G72590	0	0	0	0	0	1
AT1G72600	35395	30403	47932	27580	35706	40601
AT1G72610	35279	30332	47863	27505	35609	40513
AT1G72620	15	13	20	9	3	21
AT1G72630	465	401	405	327	337	353
AT1G72640	1258	996	1124	819	1107	1018
AT1G72645	277	318	350	267	346	214
AT1G72650	1084	820	843	852	1007	966
AT1G72660	8	4	5	15	16	14
AT1G72670	99	82	88	48	88	95
AT1G72680	640	602	489	574	698	551
AT1G72690	68	74	49	63	73	58
AT1G72700	1507	1397	1346	1560	2235	2139
AT1G72710	5545	4726	4680	4284	4916	5096
AT1G72720	2	12	10	8	5	7
AT1G72730	240	214	178	200	214	173
AT1G72740	859	670	676	619	753	784
AT1G72750	2102	1687	1559	1912	2507	2247
AT1G72760	28	22	24	23	26	32
AT1G72770	780	651	318	507	586	672
AT1G72790	882	729	697	797	918	1185
AT1G72800	204	174	214	245	277	289
AT1G72810	274	265	216	277	269	305
AT1G72820	971	800	763	640	644	637
AT1G72830	249	273	202	305	326	334
AT1G72840	264	213	251	235	412	271
AT1G72850	89	73	78	58	76	86
AT1G72852	46	37	40	31	38	45
AT1G72855	165	172	146	144	218	137
AT1G72860	185	182	161	155	239	145
AT1G72870	32	25	14	22	26	36
AT1G72880	960	985	961	821	851	850
AT1G72890	449	358	310	275	323	359
AT1G72900	4034	3475	3376	6158	10208	5278
AT1G72910	7692	6235	7122	9955	16130	10089
AT1G72920	2620	2222	1824	3023	3733	2906
AT1G72930	7206	6516	6826	8663	14251	9167
AT1G72940	2732	2374	2090	3432	5245	3439
AT1G72950	480	425	409	488	605	389
AT1G72960	21	22	19	13	13	25
AT1G72970	1256	1018	971	912	768	1000
AT1G72980	0	1	1	0	0	2
AT1G72990	356	349	338	345	400	339
AT1G73000	0	3	0	0	0	2
AT1G73010	121	105	133	360	434	492
AT1G73020	393	361	357	362	553	491
AT1G73030	3925	3331	3157	3533	4011	4135
AT1G73040	73	66	61	365	632	544
AT1G73050	2	0	1	2	0	4
AT1G73060	3597	2822	3065	2601	2991	3215
AT1G73066	51	37	52	33	66	30
AT1G73080	4995	4192	3502	4056	6228	4970
AT1G73090	379	334	348	348	395	299
AT1G73100	490	412	448	404	579	462
AT1G73110	1070	908	1049	750	946	994
AT1G73120	2	1	0	0	4	2
AT1G73130	364	289	283	361	502	353
AT1G73140	1	4	5	7	6	6
AT1G73150	201	184	174	149	249	220
AT1G73165	0	0	0	1	2	3
AT1G73170	1835	1397	1495	1350	1418	1501
AT1G73177	83	67	72	96	98	74
AT1G73180	859	809	787	797	948	801
AT1G73190	19	15	19	25	18	12
AT1G73200	1524	1353	1522	1252	1771	1710
AT1G73210	211	198	116	130	112	153
AT1G73220	3	3	9	5	7	5
AT1G73230	3270	3138	3000	3242	3476	2912
AT1G73240	317	311	296	310	413	348
AT1G73250	351	305	299	315	383	266
AT1G73260	1320	1281	843	570	180	2876
AT1G73270	6	1	4	12	12	5
AT1G73280	1	0	1	0	1	2
AT1G73290	1	0	1	0	0	0
AT1G73300	2	1	0	1	0	1
AT1G73310	216	227	189	248	219	218
AT1G73320	148	126	135	98	168	145
AT1G73325	141	109	69	191	113	158
AT1G73330	1081	1019	657	1619	1821	1310
AT1G73340	0	0	1	1	4	7
AT1G73350	540	489	423	521	543	484
AT1G73360	125	100	68	89	89	91
AT1G73370	80	70	62	84	156	200
AT1G73380	402	407	359	341	440	371
AT1G73390	963	763	497	860	933	970
AT1G73400	104	89	77	80	84	85
AT1G73410	0	1	0	0	1	2
AT1G73430	1205	1073	1129	1096	1323	1168
AT1G73440	186	160	174	151	170	146
AT1G73450	429	416	341	333	435	431
AT1G73460	1057	941	963	832	1145	1090
AT1G73470	2014	1637	1753	1392	1501	1658
AT1G73480	8674	8003	4225	4533	2340	4947
AT1G73490	1142	937	904	1071	1159	1010
AT1G73500	2647	2470	2278	2622	2532	2980
AT1G73510	18	19	11	10	12	14
AT1G73530	1143	867	882	828	885	930
AT1G73540	15418	12569	12417	13974	16139	14555
AT1G73550	93	80	65	66	63	79
AT1G73570	240	190	192	186	213	245
AT1G73580	1	0	0	2	0	0
AT1G73590	153	123	92	121	143	160
AT1G73600	9239	7286	5539	6447	4727	6632
AT1G73602	8776	6764	5170	6056	4447	6306
AT1G73607	0	0	0	0	1	0
AT1G73610	1	0	0	0	0	2
AT1G73620	87	102	52	55	53	70
AT1G73630	115	171	135	139	143	124
AT1G73640	50	44	24	43	74	64
AT1G73650	1208	1041	877	927	1004	861
AT1G73655	4286	3498	4319	3311	4172	3796
AT1G73660	1499	1402	1074	1175	1228	1375
AT1G73670	1339	1084	1042	1020	1147	1220
AT1G73680	1506	1349	1163	1325	1730	1638
AT1G73687	5	4	1	8	6	2
AT1G73690	20	21	28	29	46	46
AT1G73700	56	60	31	40	28	34
AT1G73710	709	586	625	464	629	703
AT1G73720	746	671	592	578	646	626
AT1G73730	537	462	447	475	507	517
AT1G73740	897	827	701	593	651	823
AT1G73750	1985	1806	1207	1032	577	1080
AT1G73760	1035	880	763	894	776	1127
AT1G73770	85	75	67	73	97	74
AT1G73780	2	0	1	3	1	1
AT1G73790	138	163	127	166	166	146
AT1G73805	3271	2626	3543	5440	8732	5592
AT1G73810	877	743	681	1125	1164	1117
AT1G73820	345	270	284	296	275	277
AT1G73830	260	220	140	205	110	101
AT1G73840	831	702	642	739	727	744
AT1G73850	106	92	70	131	241	218
AT1G73860	8	9	4	8	4	8
AT1G73870	1178	989	476	481	136	547
AT1G73875	251	251	263	267	303	257
AT1G73880	148	156	174	155	198	163
AT1G73885	6633	5788	6149	4824	5191	5233
AT1G73890	151	107	97	68	94	80
AT1G73910	19	11	2	6	10	10
AT1G73920	3718	3145	2425	2006	1973	2307
AT1G73930	566	477	547	482	713	603
AT1G73940	402	383	320	408	500	333
AT1G73950	521	537	445	425	541	485
AT1G73960	1465	1182	1122	1067	1432	1315
AT1G73965	5	2	3	1	4	7
AT1G73970	451	388	332	338	458	366
AT1G73980	1644	1363	1277	1205	1461	1500
AT1G73990	1382	1208	1162	1077	1317	1196
AT1G74000	29	24	30	40	30	28
AT1G74010	81	93	97	129	78	253
AT1G74020	430	416	328	531	527	569
AT1G74030	286	306	195	244	227	258
AT1G74040	1404	1257	1289	1224	1419	1312
AT1G74045	0	1	0	0	0	0
AT1G74050	4295	3956	3608	4132	4362	3490
AT1G74055	21	8	11	6	7	14
AT1G74060	3280	3169	2756	3342	3463	2929
AT1G74070	1191	887	885	739	870	1016
AT1G74080	10	16	8	28	14	34
AT1G74088	113	103	100	64	132	90
AT1G74090	1408	1141	1209	1055	1221	1491
AT1G74100	5125	4099	3005	4340	6020	5801
AT1G74120	129	109	137	93	163	123
AT1G74130	0	0	1	0	1	0
AT1G74140	4	0	1	0	2	0
AT1G74150	22	30	18	18	26	28
AT1G74160	873	775	698	655	784	730
AT1G74170	467	434	487	439	800	455
AT1G74180	186	160	143	139	203	160
AT1G74190	1	0	1	0	0	0
AT1G74200	103	82	65	61	98	89
AT1G74205	14	11	17	11	26	16
AT1G74210	568	493	577	671	909	809
AT1G74230	1901	1725	1622	2061	2349	1773
AT1G74240	141	89	81	119	174	115
AT1G74250	989	826	953	838	1110	1188
AT1G74260	2752	2414	2468	2446	3213	2528
AT1G74270	2047	1549	1480	1866	1815	1735
AT1G74280	198	206	193	219	293	220
AT1G74290	158	162	160	99	95	134
AT1G74300	309	225	294	249	417	325
AT1G74310	213	186	176	203	388	216
AT1G74320	601	543	555	464	507	517
AT1G74330	1334	1034	1111	1244	1869	2046
AT1G74340	666	609	514	656	807	602
AT1G74350	72	69	52	61	108	82
AT1G74360	1887	1520	1128	1766	2555	1885
AT1G74370	642	603	523	421	412	494
AT1G74380	3613	3146	3064	3115	4116	4101
AT1G74390	247	197	237	197	258	201
AT1G74400	36	25	34	37	49	25
AT1G74410	375	354	315	359	480	400
AT1G74420	99	109	59	79	74	100
AT1G74430	2056	1714	1264	1721	2615	2329
AT1G74440	2450	2197	1875	2616	4036	3035
AT1G74450	12576	10016	10292	9764	11675	13056
AT1G74453	105	80	68	96	113	60
AT1G74456	65	43	37	48	48	50
AT1G74458	77	68	55	83	69	103
AT1G74460	13	2	10	12	9	3
AT1G74470	51191	45011	38675	34208	21568	37336
AT1G74480	15	10	11	6	2	7
AT1G74490	22	21	10	24	19	23
AT1G74510	497	422	406	372	493	446
AT1G74520	1108	988	1126	1203	1305	1299
AT1G74530	485	489	388	383	428	419
AT1G74540	36	17	20	38	40	31
AT1G74545	11	4	10	8	11	6
AT1G74550	15	12	18	35	27	11
AT1G74560	1929	1505	1266	2025	2563	1717
AT1G74580	115	91	105	87	160	133
AT1G74590	331	290	194	260	297	321
AT1G74600	132	119	119	125	218	128
AT1G74630	30	29	34	43	46	49
AT1G74640	1639	1559	1471	1417	1560	1525
AT1G74650	174	144	86	120	138	141
AT1G74660	13	18	20	16	20	25
AT1G74670	5465	5275	5056	3228	1569	3440
AT1G74680	781	719	684	655	887	760
AT1G74690	2689	2151	1982	1962	2188	2315
AT1G74700	79	81	86	102	114	90
AT1G74710	1477	1203	899	2359	2768	1802
AT1G74720	711	655	673	607	834	736
AT1G74730	4515	4475	4366	3873	3436	3784
AT1G74740	449	316	323	364	433	418
AT1G74750	271	221	274	302	422	291
AT1G74770	25	12	8	3	8	14
AT1G74780	240	214	266	236	298	249
AT1G74790	650	581	561	536	528	575
AT1G74800	476	385	377	364	367	434
AT1G74810	196	159	149	235	288	196
AT1G74820	0	0	0	1	0	0
AT1G74830	2	1	3	0	1	5
AT1G74840	1660	1303	1254	1058	942	1262
AT1G74850	1280	1008	1113	784	1137	1062
AT1G74860	240	205	154	167	196	186
AT1G74870	20	16	7	47	42	37
AT1G74875	79	78	81	58	82	56
AT1G74880	2604	2171	2377	1974	2711	2293
AT1G74890	113	95	70	45	42	31
AT1G74900	98	83	117	105	130	102
AT1G74910	4135	3710	3594	2827	2617	2782
AT1G74920	6315	5723	5624	4471	5379	5316
AT1G74929	9	10	12	6	7	8
AT1G74930	5564	5044	3819	3904	4025	4968
AT1G74940	728	649	741	596	554	601
AT1G74950	3054	2722	2239	2555	3480	3448
AT1G74960	4159	3849	3528	3111	3198	3654
AT1G74970	6696	5542	5625	4864	5203	5393
AT1G75000	541	487	452	453	504	584
AT1G75010	1097	848	868	788	1028	856
AT1G75020	1107	922	953	1055	1242	1141
AT1G75030	60	82	49	45	31	50
AT1G75040	5009	4549	3033	4476	4909	4983
AT1G75050	3	5	8	4	4	1
AT1G75060	76	74	84	67	90	65
AT1G75080	1129	939	858	888	1112	1135
AT1G75090	87	61	65	78	117	73
AT1G75100	1924	1598	748	880	319	874
AT1G75110	45	40	35	54	55	44
AT1G75120	141	104	97	146	132	93
AT1G75130	686	614	580	522	609	628
AT1G75140	838	747	771	559	618	784
AT1G75150	113	104	95	88	102	79
AT1G75163	18	8	12	8	11	8
AT1G75166	33	25	27	33	32	27
AT1G75170	450	394	280	472	503	430
AT1G75180	1461	1360	1090	934	599	814
AT1G75190	390	301	293	221	149	255
AT1G75200	671	572	597	841	971	741
AT1G75210	1482	1276	1223	1079	1393	1211
AT1G75220	3545	3384	3724	2704	2643	2999
AT1G75230	996	857	683	717	1024	1181
AT1G75240	431	353	289	314	264	271
AT1G75250	130	134	120	81	79	74
AT1G75260	17	13	11	17	37	29
AT1G75270	360	311	322	661	861	514
AT1G75280	1522	1339	1109	2195	2166	2460
AT1G75290	66	54	43	67	79	76
AT1G75295	374	346	261	361	348	355
AT1G75300	256	260	186	250	220	254
AT1G75310	1216	945	1015	731	1070	1217
AT1G75330	2531	2322	2231	2457	2982	2106
AT1G75335	53	41	37	55	83	45
AT1G75340	574	444	454	441	572	507
AT1G75350	5871	4945	5269	4052	4519	4266
AT1G75360	62	45	28	29	21	43
AT1G75370	2966	2549	2547	2376	2210	2760
AT1G75380	20753	17608	18270	11087	11526	13602
AT1G75388	55	47	32	123	159	130
AT1G75390	55	47	32	123	159	130
AT1G75400	723	693	551	639	743	713
AT1G75410	1967	1534	1273	1143	1420	1370
AT1G75420	532	492	451	470	525	470
AT1G75430	1	4	6	2	2	3
AT1G75440	800	606	547	664	636	715
AT1G75450	504	380	276	405	299	383
AT1G75460	5794	4869	4628	3668	3578	4059
AT1G75470	6	3	1	0	0	1
AT1G75490	208	168	102	137	107	134
AT1G75500	5691	5067	4003	4496	5108	5731
AT1G75510	802	651	650	822	1002	771
AT1G75520	18	18	7	15	11	12
AT1G75540	892	747	609	585	514	676
AT1G75550	17	23	18	27	19	10
AT1G75560	799	778	801	778	872	786
AT1G75580	35	64	27	38	53	24
AT1G75590	59	64	45	62	30	22
AT1G75600	0	0	0	3	0	0
AT1G75620	15	4	9	17	18	21
AT1G75630	1538	1664	1603	1744	1843	1553
AT1G75640	83	52	47	80	87	67
AT1G75660	2572	2170	2041	1759	2223	2058
AT1G75670	190	158	165	235	294	233
AT1G75680	3630	3184	2839	2824	2501	2989
AT1G75690	6277	5807	5420	4580	3564	4411
AT1G75700	14	15	13	30	12	11
AT1G75710	315	309	267	307	289	296
AT1G75720	11	9	4	12	10	16
AT1G75730	316	313	356	260	389	325
AT1G75750	1340	1465	3106	1628	1387	1725
AT1G75760	431	442	543	426	507	442
AT1G75770	108	91	86	76	74	95
AT1G75780	714	646	613	527	389	607
AT1G75800	4028	3615	4039	3522	3649	3988
AT1G75810	147	150	115	182	180	123
AT1G75820	1857	1656	1687	1682	2295	2369
AT1G75830	142	194	31	32	1	34
AT1G75840	1031	927	1079	928	1217	1144
AT1G75850	1171	881	901	1001	1169	1081
AT1G75860	1318	1303	1308	1454	2068	1492
AT1G75880	86	75	95	82	107	77
AT1G75890	13	11	16	11	8	5
AT1G75891	6	2	4	4	2	2
AT1G75900	670	495	531	547	528	712
AT1G75910	0	1	0	0	0	0
AT1G75920	4	9	6	5	2	6
AT1G75950	3486	3798	3466	3892	4042	3418
AT1G75960	319	275	374	192	261	332
AT1G75980	210	165	147	158	213	168
AT1G75990	803	647	647	694	772	729
AT1G76010	3371	3448	3091	3140	3793	3055
AT1G76020	1096	909	779	844	734	1030
AT1G76030	6126	5047	5290	4875	5705	5677
AT1G76040	1267	889	845	1487	2646	2171
AT1G76050	743	747	742	653	728	682
AT1G76060	199	167	193	208	195	235
AT1G76062	4	8	11	7	5	8
AT1G76065	67	60	59	50	58	80
AT1G76070	397	367	315	394	490	575
AT1G76080	5677	5368	5495	4355	4419	4946
AT1G76090	547	510	680	425	317	709
AT1G76100	6486	5682	6020	5095	3886	5562
AT1G76110	1199	1063	788	491	430	577
AT1G76120	211	150	167	181	231	181
AT1G76130	570	464	433	686	816	788
AT1G76135	3	4	1	2	0	1
AT1G76140	2154	1925	2118	1981	2649	2171
AT1G76150	1919	1651	1447	1696	1827	1586
AT1G76160	6402	5227	6095	4756	5594	6420
AT1G76170	224	180	170	166	237	183
AT1G76180	26969	22652	22940	22480	24481	26061
AT1G76185	147	156	179	156	164	188
AT1G76190	6	9	8	4	7	9
AT1G76200	1912	2314	2000	2155	2124	1752
AT1G76210	15	21	18	8	5	7
AT1G76220	2	1	0	2	2	3
AT1G76230	0	1	0	6	1	1
AT1G76240	232	192	151	166	69	232
AT1G76250	19	17	8	24	25	31
AT1G76260	218	252	243	251	290	249
AT1G76270	392	329	299	343	409	382
AT1G76280	382	330	350	331	408	351
AT1G76300	493	380	402	543	628	503
AT1G76310	137	89	110	65	114	154
AT1G76320	516	434	448	404	538	498
AT1G76340	741	653	685	709	823	770
AT1G76350	433	382	384	328	514	540
AT1G76360	2910	2462	2294	2549	2803	3281
AT1G76370	0	1	0	0	0	0
AT1G76380	373	321	265	275	394	385
AT1G76390	997	901	729	1009	1225	1180
AT1G76400	1371	1195	1212	1317	1466	1365
AT1G76405	339	278	309	268	276	289
AT1G76410	101	134	115	210	121	194
AT1G76420	7	7	2	4	5	3
AT1G76430	0	0	1	0	0	3
AT1G76440	224	219	178	192	218	194
AT1G76450	2932	2386	2798	2153	2460	2511
AT1G76460	1074	921	807	739	738	765
AT1G76470	60	83	19	87	38	64
AT1G76480	0	1	1	1	0	5
AT1G76490	11130	9360	9307	8198	8388	10494
AT1G76500	4	0	0	0	1	0
AT1G76510	551	466	425	458	489	473
AT1G76520	2067	1980	2231	2059	2594	2272
AT1G76530	12	18	16	11	19	18
AT1G76540	259	194	199	226	238	283
AT1G76550	481	442	434	522	511	473
AT1G76560	259	204	193	168	126	173
AT1G76570	350	396	263	248	247	238
AT1G76580	1441	1287	1343	1195	1956	1652
AT1G76590	1350	1143	1247	934	966	1197
AT1G76600	4321	4286	4436	4572	5401	4175
AT1G76610	49	48	34	41	37	49
AT1G76620	321	295	285	261	346	254
AT1G76630	825	760	756	714	965	754
AT1G76640	41	37	10	46	16	46
AT1G76650	7373	6161	5671	7576	9653	9636
AT1G76660	1067	845	866	863	1105	1050
AT1G76670	3544	3119	3149	3016	3472	3657
AT1G76680	4463	3799	4554	4664	5895	5203
AT1G76690	192	188	188	280	479	355
AT1G76700	1249	1047	1085	1015	1742	1394
AT1G76705	82	79	49	84	111	83
AT1G76710	356	337	303	309	379	340
AT1G76720	293	245	172	207	319	335
AT1G76730	1799	1573	1579	1483	1889	1600
AT1G76740	64	58	55	38	51	80
AT1G76760	32	30	34	39	44	44
AT1G76770	5	0	1	5	4	2
AT1G76780	93	66	50	46	57	75
AT1G76790	1034	917	950	1364	1645	2381
AT1G76800	96	80	54	85	45	83
AT1G76810	4758	3630	3501	3515	4791	4597
AT1G76820	240	235	245	235	311	380
AT1G76830	0	0	0	0	3	0
AT1G76850	3040	2655	2384	2232	3060	2723
AT1G76860	587	497	442	572	592	512
AT1G76870	66	59	56	52	47	49
AT1G76878	783	637	585	642	578	837
AT1G76880	992	809	731	796	736	1056
AT1G76890	961	695	745	591	647	721
AT1G76892	797	550	592	464	530	580
AT1G76900	1335	1243	1188	1111	1201	1323
AT1G76920	887	729	725	675	741	760
AT1G76930	5344	3887	2788	4373	4129	7395
AT1G76940	580	482	456	565	692	605
AT1G76950	776	611	681	626	901	687
AT1G76952	10	6	5	7	5	10
AT1G76954	3	2	0	1	3	2
AT1G76955	256	217	252	282	381	291
AT1G76960	4219	4153	2567	5429	5889	4952
AT1G76965	4	4	6	6	7	7
AT1G76970	1142	1003	1009	1261	2411	1335
AT1G76980	360	313	284	332	540	333
AT1G76990	3976	3516	4102	3054	3140	3263
AT1G76994	1	1	0	0	4	0
AT1G77000	403	369	341	323	275	309
AT1G77010	32	24	28	23	53	29
AT1G77020	71	43	89	74	128	82
AT1G77030	955	743	636	895	1219	827
AT1G77040	0	0	0	2	0	0
AT1G77060	2481	2306	1939	1625	1688	2007
AT1G77080	957	906	915	885	1074	899
AT1G77090	1354	1101	1187	996	1048	1005
AT1G77110	73	92	53	59	87	84
AT1G77120	184	223	194	224	307	252
AT1G77122	604	480	568	459	503	460
AT1G77130	1562	1417	1282	1157	1417	1376
AT1G77138	45	45	28	41	45	41
AT1G77140	664	548	571	560	640	661
AT1G77145	55	36	35	24	35	33
AT1G77150	0	0	1	0	0	0
AT1G77160	0	1	0	0	0	2
AT1G77170	169	119	120	92	172	168
AT1G77180	3453	2885	2647	2570	2878	2902
AT1G77200	14	16	5	12	3	8
AT1G77210	1675	1436	1406	799	726	771
AT1G77220	932	826	846	803	979	923
AT1G77230	317	301	269	274	401	388
AT1G77240	231	220	206	218	302	281
AT1G77250	515	455	416	373	500	485
AT1G77260	1258	1010	836	979	1175	1124
AT1G77270	185	139	89	116	135	126
AT1G77280	236	216	148	254	245	311
AT1G77290	194	152	174	162	190	159
AT1G77300	1887	1541	1594	1421	2205	1989
AT1G77310	106	72	82	83	108	104
AT1G77320	173	153	146	184	308	221
AT1G77330	27	20	25	29	24	21
AT1G77340	4	0	3	0	0	1
AT1G77350	469	492	474	532	547	451
AT1G77360	107	98	84	85	114	107
AT1G77370	1272	1099	800	1030	1134	1190
AT1G77380	48	46	46	87	165	118
AT1G77390	66	72	82	120	175	115
AT1G77400	257	218	136	131	183	156
AT1G77405	29	17	28	19	45	29
AT1G77410	92	57	63	69	84	63
AT1G77420	821	778	680	736	850	752
AT1G77440	887	876	780	910	1106	884
AT1G77450	120	100	104	152	255	148
AT1G77460	948	927	743	726	1056	810
AT1G77470	261	266	205	351	380	296
AT1G77480	605	556	596	530	616	560
AT1G77490	4245	3565	3985	2764	3428	3571
AT1G77500	1285	1102	1083	1136	1740	1531
AT1G77510	1842	1542	1508	2233	3030	2331
AT1G77520	20	15	5	11	16	16
AT1G77525	1	0	0	2	0	0
AT1G77530	0	0	0	1	5	1
AT1G77540	316	373	358	334	332	325
AT1G77550	536	467	434	557	702	512
AT1G77570	37	23	19	35	33	26
AT1G77580	446	351	366	392	505	625
AT1G77590	1246	1067	1014	1067	1177	1144
AT1G77600	708	665	588	597	854	764
AT1G77610	1032	838	871	922	1082	1015
AT1G77620	295	233	283	263	419	305
AT1G77630	329	312	338	338	409	409
AT1G77640	1127	1002	1013	1029	1058	1357
AT1G77660	563	470	319	411	486	410
AT1G77670	514	454	481	598	876	578
AT1G77680	1032	941	1041	846	1331	898
AT1G77690	252	210	164	233	259	262
AT1G77700	19	18	16	39	50	46
AT1G77710	2167	2113	1939	2227	2125	1932
AT1G77720	179	166	130	118	143	158
AT1G77730	0	2	0	0	2	0
AT1G77740	1811	1482	1410	1229	1615	1481
AT1G77750	288	306	279	341	357	281
AT1G77760	3537	3103	1534	1966	1952	1544
AT1G77765	63	65	39	32	24	41
AT1G77770	491	370	384	348	478	449
AT1G77790	2	0	0	0	2	2
AT1G77800	2378	1886	1729	1646	2509	2309
AT1G77810	467	332	335	633	1023	729
AT1G77815	0	0	0	1	0	0
AT1G77840	1278	1014	1003	1286	1549	1315
AT1G77850	522	416	422	383	343	358
AT1G77855	65	58	46	35	37	43
AT1G77860	17	10	14	10	16	12
AT1G77870	48	32	20	26	10	17
AT1G77880	11	10	2	14	7	7
AT1G77885	92	79	70	113	109	114
AT1G77890	516	392	382	560	758	589
AT1G77920	595	569	460	738	1072	823
AT1G77930	1962	1771	1488	1537	1304	1454
AT1G77932	0	1	1	0	1	1
AT1G77940	2982	2454	2268	2862	3158	2127
AT1G77950	104	80	57	71	40	82
AT1G77960	307	244	159	153	108	267
AT1G77990	424	402	295	381	544	537
AT1G77992	57	64	64	54	97	77
AT1G78000	219	219	212	388	668	426
AT1G78010	631	493	537	529	764	548
AT1G78020	1700	1343	1495	1683	3016	2192
AT1G78030	136	147	119	177	195	119
AT1G78040	12443	11496	11035	11201	10672	11459
AT1G78050	99	72	51	70	51	57
AT1G78060	1402	1200	1119	1086	926	1281
AT1G78070	8635	7117	5529	5900	5457	8691
AT1G78080	8665	7574	6585	6404	6502	7366
AT1G78090	25	25	15	20	18	18
AT1G78100	320	339	298	232	228	339
AT1G78110	204	174	178	237	229	251
AT1G78120	73	70	58	64	80	60
AT1G78130	540	473	446	568	646	587
AT1G78140	1144	1213	1188	953	1083	905
AT1G78150	1672	1388	1311	1336	1728	1560
AT1G78160	0	0	0	0	2	0
AT1G78170	157	109	117	110	86	118
AT1G78172	16	16	12	13	10	11
AT1G78180	386	304	299	288	275	269
AT1G78190	101	111	69	145	170	108
AT1G78200	818	719	669	726	856	818
AT1G78206	6	6	5	1	0	2
AT1G78210	655	565	538	605	647	742
AT1G78230	929	817	792	545	478	817
AT1G78240	2950	2548	2437	2396	2836	2946
AT1G78250	1	0	0	0	0	0
AT1G78260	180	149	115	167	169	180
AT1G78265	1001	903	990	790	689	827
AT1G78270	1088	1030	1092	935	775	892
AT1G78280	3178	2832	2576	2823	3720	4320
AT1G78290	509	460	279	267	188	197
AT1G78300	3094	2717	2752	2674	2691	2956
AT1G78310	321	264	212	238	206	270
AT1G78320	29	24	24	28	16	35
AT1G78340	1	0	3	1	8	7
AT1G78360	0	0	0	1	0	0
AT1G78370	6235	5708	5957	5052	4369	4975
AT1G78380	8760	7840	8215	7701	8225	7843
AT1G78390	9	4	3	8	4	16
AT1G78410	605	589	598	775	945	663
AT1G78420	1049	873	925	912	1257	1073
AT1G78430	110	73	71	41	96	98
AT1G78440	34	35	15	27	9	25
AT1G78450	156	136	160	91	102	143
AT1G78460	6211	5115	4614	3459	3247	3286
AT1G78476	159	149	137	154	118	144
AT1G78480	56	71	76	69	49	71
AT1G78490	2284	1892	1544	1593	1477	1884
AT1G78500	1	0	2	4	2	3
AT1G78510	1120	834	610	753	625	763
AT1G78520	0	1	0	0	0	0
AT1G78530	32	35	35	41	39	37
AT1G78540	276	282	232	250	285	208
AT1G78550	315	228	248	216	253	219
AT1G78560	1261	1221	1252	1129	1238	1011
AT1G78570	3389	2992	2577	3192	3944	3185
AT1G78580	1115	972	825	844	861	1104
AT1G78590	434	402	330	377	299	329
AT1G78600	1724	1468	1495	1558	1253	1718
AT1G78610	798	621	647	770	1034	974
AT1G78620	1519	1566	1659	1644	2115	1692
AT1G78630	11261	9993	10954	9437	9719	9303
AT1G78650	187	176	135	161	232	179
AT1G78660	1603	1388	1255	1130	1333	1417
AT1G78670	2162	1855	1818	2279	2561	2640
AT1G78680	4008	3897	3832	4419	4855	4909
AT1G78690	261	242	215	211	284	196
AT1G78700	1007	920	854	822	778	996
AT1G78710	239	222	209	213	191	215
AT1G78720	1	1	3	1	2	1
AT1G78730	128	113	128	135	193	134
AT1G78750	41	26	29	21	32	21
AT1G78760	16	15	8	8	9	4
AT1G78770	146	100	99	112	154	134
AT1G78780	60	31	38	77	62	84
AT1G78790	262	293	263	287	283	248
AT1G78800	607	465	498	497	528	589
AT1G78810	222	170	181	174	196	181
AT1G78815	13	12	5	23	8	18
AT1G78820	2154	1932	1789	1519	1147	1563
AT1G78830	17803	16753	18877	12560	11257	14599
AT1G78840	3	2	4	5	3	5
AT1G78850	16904	13155	13962	10943	12036	13615
AT1G78860	171	148	98	127	115	131
AT1G78865	82	66	31	49	72	59
AT1G78870	2360	1965	1940	2109	2334	2011
AT1G78880	1434	1168	1184	1106	1329	1279
AT1G78882	1434	1168	1184	1106	1329	1279
AT1G78890	937	895	911	954	1084	730
AT1G78895	397	320	322	314	395	343
AT1G78900	14918	13535	14676	13255	16402	15262
AT1G78910	161	135	126	121	147	123
AT1G78915	979	925	928	832	1011	870
AT1G78920	2916	2621	2757	2493	3376	2808
AT1G78922	51	46	39	72	81	48
AT1G78930	101	76	78	91	159	76
AT1G78940	78	54	86	57	63	63
AT1G78950	25	19	21	12	18	15
AT1G78955	34	27	19	25	32	18
AT1G78960	282	253	239	280	323	314
AT1G78970	1040	836	1057	566	724	882
AT1G78980	3	2	1	2	3	5
AT1G78990	65	52	56	67	79	45
AT1G78995	625	533	626	441	567	521
AT1G79000	3182	2615	2407	2186	3080	2975
AT1G79010	2871	2128	2091	2216	2395	2402
AT1G79020	389	299	297	373	451	355
AT1G79030	467	363	334	354	476	419
AT1G79040	94339	97183	90545	76882	64523	81380
AT1G79050	926	827	784	879	1127	1000
AT1G79060	78	66	59	44	45	61
AT1G79070	121	145	124	135	169	101
AT1G79075	128	199	207	228	260	83
AT1G79080	350	296	384	365	447	384
AT1G79090	1391	1232	1240	1174	1592	1420
AT1G79100	1	0	1	4	0	0
AT1G79110	140	126	124	197	291	175
AT1G79120	19	13	26	26	46	34
AT1G79150	459	393	384	487	649	378
AT1G79160	156	145	158	188	156	156
AT1G79170	6	5	1	3	1	5
AT1G79180	7	4	3	7	6	8
AT1G79190	494	364	418	431	684	492
AT1G79200	216	212	167	216	289	210
AT1G79210	1086	1069	981	1039	1089	937
AT1G79220	75	90	94	95	93	71
AT1G79230	2417	2165	2194	2127	2366	2185
AT1G79250	1	0	0	0	0	0
AT1G79260	244	214	192	220	212	189
AT1G79270	1130	864	496	570	468	703
AT1G79280	3138	2381	2380	2285	3478	3270
AT1G79310	49	29	22	39	20	34
AT1G79320	1	1	1	0	4	8
AT1G79330	14	9	18	6	27	10
AT1G79340	5557	4386	4160	3988	4951	5614
AT1G79350	1458	1352	1172	1122	1527	1421
AT1G79360	38	40	15	23	26	26
AT1G79370	0	0	0	0	1	0
AT1G79380	5080	4164	3944	4070	5788	5359
AT1G79390	435	352	286	417	534	401
AT1G79400	8	12	5	18	33	17
AT1G79410	117	98	132	96	179	95
AT1G79420	48	50	24	35	46	75
AT1G79430	329	301	300	284	359	379
AT1G79440	3228	2521	4381	2895	4993	4513
AT1G79450	143	119	136	205	265	239
AT1G79460	1025	853	868	710	613	1007
AT1G79470	187	164	148	207	330	216
AT1G79480	9	15	8	22	29	24
AT1G79490	189	147	189	181	266	181
AT1G79500	1709	1506	1796	1259	1708	1513
AT1G79510	953	843	946	620	1005	838
AT1G79520	414	391	164	285	249	299
AT1G79529	116	123	105	133	90	108
AT1G79530	592	640	412	451	421	507
AT1G79540	297	230	228	219	299	235
AT1G79550	4414	4456	4326	5154	5975	4576
AT1G79560	1851	1659	1738	1639	2249	1940
AT1G79570	1734	1398	1431	1397	1937	1785
AT1G79580	0	1	0	0	1	1
AT1G79590	876	791	811	819	897	860
AT1G79600	5501	4581	4096	3437	3097	4168
AT1G79610	449	388	395	496	657	529
AT1G79620	229	235	198	191	266	290
AT1G79630	304	255	239	220	201	211
AT1G79640	333	271	305	285	439	295
AT1G79650	835	661	700	777	982	816
AT1G79660	563	632	615	545	604	477
AT1G79670	1316	1091	1133	1074	1421	1350
AT1G79680	1844	1474	989	1608	1522	1806
AT1G79690	1999	1884	1654	1950	2199	2233
AT1G79700	572	485	510	470	363	463
AT1G79710	541	461	483	454	452	469
AT1G79720	744	610	627	539	523	656
AT1G79730	1081	1017	890	1041	1153	1109
AT1G79740	760	622	624	522	660	622
AT1G79750	5859	5118	4919	4605	5214	4884
AT1G79760	24	20	8	32	18	22
AT1G79770	19	17	10	20	15	11
AT1G79780	34	32	37	28	25	27
AT1G79790	1657	1379	1453	1340	1253	1490
AT1G79800	2	2	0	1	0	4
AT1G79810	526	534	521	470	655	468
AT1G79820	329	294	256	272	347	302
AT1G79830	4547	3670	3668	3232	4025	4228
AT1G79840	359	367	308	327	345	325
AT1G79850	5725	5505	5466	5218	4726	5371
AT1G79860	0	1	1	0	0	0
AT1G79870	1196	1364	1308	1328	1281	1363
AT1G79880	449	363	315	373	425	406
AT1G79890	40	30	20	26	47	30
AT1G79900	28	23	13	33	29	33
AT1G79910	61	55	38	43	61	46
AT1G79915	7	8	6	5	4	7
AT1G79920	3515	3159	3198	3524	5170	3884
AT1G79930	3156	2824	3020	3059	4072	3465
AT1G79940	2413	1973	2131	2276	2670	2438
AT1G79950	714	572	537	622	970	663
AT1G79960	55	56	73	85	131	66
AT1G79970	1590	1273	1118	1091	1228	1184
AT1G79980	0	0	3	1	0	0
AT1G79990	3235	2902	3036	2692	3771	3222
AT1G80000	1356	1166	1275	1177	1510	1299
AT1G80010	753	628	643	601	782	702
AT1G80030	1959	1669	1661	1371	1570	1759
AT1G80040	1974	1518	1518	1941	2157	1871
AT1G80050	445	379	381	285	222	279
AT1G80060	89	76	81	86	83	62
AT1G80070	7135	6105	5981	5685	8527	7234
AT1G80080	125	127	79	105	98	104
AT1G80090	0	0	0	0	0	1
AT1G80100	1	2	0	0	2	0
AT1G80110	201	166	132	184	194	165
AT1G80120	167	142	137	166	294	222
AT1G80130	1137	1011	686	3347	4141	2892
AT1G80133	1	1	1	1	0	1
AT1G80150	152	128	140	180	226	128
AT1G80160	88	60	32	39	31	63
AT1G80170	306	263	224	304	325	269
AT1G80180	2150	2044	1753	1376	1089	1429
AT1G80190	344	301	210	226	214	170
AT1G80200	9	24	12	12	9	12
AT1G80210	687	479	576	534	574	611
AT1G80230	932	857	862	919	988	892
AT1G80240	7	6	8	6	7	5
AT1G80245	122	106	96	133	188	137
AT1G80260	1162	982	973	927	1254	1087
AT1G80270	349	341	249	473	683	346
AT1G80280	377	333	360	405	791	358
AT1G80290	235	234	228	192	369	256
AT1G80300	2884	2459	2115	3206	3676	3393
AT1G80310	1173	1150	962	942	1023	1091
AT1G80320	88	112	110	78	119	128
AT1G80325	113	149	138	114	159	160
AT1G80340	3	1	2	0	4	5
AT1G80350	610	509	501	465	511	602
AT1G80360	1370	1310	1198	1076	1105	1268
AT1G80370	131	95	92	49	82	117
AT1G80380	5920	5229	5771	4574	5578	5183
AT1G80390	2	1	0	0	0	0
AT1G80400	796	667	675	668	798	663
AT1G80410	3264	2947	2655	2652	3373	2797
AT1G80420	1373	1176	1013	945	942	897
AT1G80440	3707	3765	3003	2437	1282	3023
AT1G80450	319	330	253	352	324	489
AT1G80460	2930	2546	2268	2031	1849	2289
AT1G80470	0	0	0	0	0	1
AT1G80480	2888	2443	3422	2514	3775	3235
AT1G80490	1659	1559	1434	1254	1376	1784
AT1G80500	1008	900	863	916	1090	933
AT1G80510	588	584	570	547	599	500
AT1G80520	25	25	26	52	104	69
AT1G80530	1074	883	868	1048	1335	1037
AT1G80540	1	5	4	4	2	4
AT1G80550	412	350	325	314	384	315
AT1G80555	6	7	7	11	3	5
AT1G80560	1262	1072	1136	1119	1329	1121
AT1G80570	131	140	121	120	133	115
AT1G80580	1	0	0	0	0	0
AT1G80590	1	1	0	0	0	0
AT1G80600	3454	3000	3092	3393	3938	3453
AT1G80610	1150	967	1018	1379	1820	1549
AT1G80620	745	579	629	698	878	717
AT1G80630	316	308	300	211	230	267
AT1G80640	663	604	638	554	737	609
AT1G80650	497	389	407	439	424	403
AT1G80660	4	3	3	19	27	20
AT1G80670	706	625	529	686	780	768
AT1G80680	1325	1370	1182	1140	1510	1335
AT1G80690	135	114	114	99	142	110
AT1G80700	258	225	218	257	285	292
AT1G80710	73	67	55	66	77	61
AT1G80720	112	88	100	117	193	85
AT1G80730	1	2	0	3	1	1
AT1G80740	1	2	1	1	2	6
AT1G80745	9	5	6	5	15	10
AT1G80750	724	628	614	794	827	675
AT1G80760	247	236	168	233	115	223
AT1G80770	1468	1203	1245	1159	1195	1218
AT1G80780	1666	1432	1326	1352	1395	1495
AT1G80790	1600	1271	1031	1068	1336	1478
AT1G80810	392	320	303	304	368	324
AT1G80820	308	301	125	383	363	377
AT1G80830	901	832	875	901	1207	732
AT1G80840	16209	13538	13069	18092	23191	18323
AT1G80850	230	216	215	273	386	226
AT1G80860	586	498	458	498	460	499
AT1G80865	1	0	2	1	1	1
AT1G80870	300	229	230	196	217	281
AT1G80880	53	51	67	55	74	61
AT1G80890	196	188	221	295	417	229
AT1G80900	189	162	158	161	203	204
AT1G80910	706	601	639	720	874	760
AT1G80920	13221	10102	8415	5768	3619	6970
AT1G80930	2560	2058	2003	1936	2266	2372
AT1G80940	1067	879	834	712	845	853
AT1G80950	1021	826	839	873	946	988
AT1G80960	297	250	237	240	220	220
AT1G80970	77	47	40	59	64	66
AT1G80980	377	323	333	345	405	390
AT2G01008	87	111	80	130	133	94
AT2G01010	35562	37832	26396	41126	36042	40152
AT2G01020	392	509	445	745	589	555
AT2G01021	98	172	141	325	203	214
AT2G01023	5	4	2	8	9	7
AT2G01060	1222	1128	1094	1157	1364	1053
AT2G01070	735	629	624	605	723	660
AT2G01080	173	205	184	235	218	228
AT2G01090	367	298	292	314	305	262
AT2G01100	1206	887	888	923	1086	1025
AT2G01110	3594	3668	3799	2939	3261	2983
AT2G01120	183	184	150	147	224	151
AT2G01130	1045	809	823	810	1205	1007
AT2G01140	3190	3221	2690	3811	3911	4166
AT2G01150	191	204	146	237	287	223
AT2G01170	1199	1178	1268	1211	1340	1279
AT2G01175	10	10	6	12	15	12
AT2G01180	4690	4847	4924	5823	7370	5597
AT2G01190	1321	1171	1252	1213	1425	1567
AT2G01200	5	6	6	7	9	9
AT2G01210	86	59	61	63	98	68
AT2G01220	1170	990	1017	1083	1198	1137
AT2G01250	6049	5625	5248	6146	6531	4811
AT2G01260	521	447	486	423	474	493
AT2G01270	1583	1363	1403	1187	1512	1488
AT2G01275	9	7	9	6	15	14
AT2G01280	216	228	237	233	321	214
AT2G01290	770	635	685	659	861	682
AT2G01300	455	433	424	390	386	442
AT2G01310	3	0	3	0	1	2
AT2G01320	2063	1846	1933	1457	1931	1528
AT2G01330	218	173	177	159	233	168
AT2G01340	437	379	361	411	439	391
AT2G01350	2310	1766	1827	2057	2655	2326
AT2G01370	0	0	0	0	0	1
AT2G01390	77	61	60	68	121	92
AT2G01400	332	274	334	289	367	305
AT2G01410	482	428	421	431	447	522
AT2G01420	2485	2416	2571	1893	2588	2236
AT2G01422	0	0	1	2	7	1
AT2G01430	12	5	4	5	5	8
AT2G01440	1204	1061	1224	1004	1323	1141
AT2G01450	6092	5487	4967	5608	7425	6448
AT2G01460	519	462	418	478	659	601
AT2G01470	1322	1107	1093	1092	1277	1065
AT2G01480	611	486	475	486	619	553
AT2G01490	2331	2072	1839	1839	1971	1869
AT2G01500	0	0	0	1	0	0
AT2G01505	81	89	83	94	75	83
AT2G01510	56	51	41	53	86	65
AT2G01520	10	8	8	22	11	13
AT2G01530	11	8	6	3	5	1
AT2G01540	559	518	453	596	686	556
AT2G01570	3154	2966	2738	2713	2738	3015
AT2G01580	2	0	0	2	2	0
AT2G01590	1486	1350	1376	988	1024	1070
AT2G01600	2192	1893	1743	1911	2446	2228
AT2G01610	79	87	78	164	116	153
AT2G01620	844	707	841	577	696	643
AT2G01630	642	585	572	519	646	646
AT2G01640	159	123	99	149	168	119
AT2G01650	847	729	699	696	995	820
AT2G01660	56	64	48	90	110	131
AT2G01670	5158	4107	4220	4899	5990	5123
AT2G01680	1010	810	878	831	1267	1127
AT2G01690	1731	1439	1421	1232	1886	1594
AT2G01710	630	453	466	463	513	569
AT2G01720	2051	1686	1715	1721	2439	1954
AT2G01730	26	38	39	41	80	36
AT2G01735	352	365	282	318	303	279
AT2G01740	38	33	43	46	62	58
AT2G01750	204	166	163	197	294	184
AT2G01755	287	226	259	192	235	239
AT2G01760	275	246	278	223	206	253
AT2G01770	2	2	3	3	0	0
AT2G01810	2	1	1	5	4	2
AT2G01818	38	62	27	52	67	40
AT2G01820	2881	2388	2564	2433	2796	2867
AT2G01830	423	418	369	246	291	313
AT2G01850	3458	3172	3706	2951	2335	3179
AT2G01860	343	294	334	249	351	358
AT2G01870	387	389	459	309	398	293
AT2G01880	0	1	3	3	5	2
AT2G01890	113	104	57	76	74	69
AT2G01900	2	0	0	2	2	1
AT2G01905	7	10	2	5	6	14
AT2G01910	1660	1331	1534	1175	1550	1497
AT2G01913	23	19	32	43	77	50
AT2G01918	157	138	144	91	112	82
AT2G01920	1	0	0	0	0	0
AT2G01930	611	573	552	521	459	502
AT2G01940	240	214	175	181	143	170
AT2G01950	381	293	264	249	332	345
AT2G01970	1929	1885	1930	1910	2553	2015
AT2G01980	729	578	567	472	702	608
AT2G01990	142	141	133	86	158	141
AT2G02000	7	2	1	4	4	4
AT2G02010	178	160	118	373	489	399
AT2G02020	251	245	270	212	320	242
AT2G02026	1	0	0	0	0	0
AT2G02040	1658	1622	1502	1439	1494	1467
AT2G02050	1445	1268	1282	1517	1523	1122
AT2G02060	127	107	97	122	148	101
AT2G02061	8	15	8	14	20	9
AT2G02070	2105	1765	2044	1664	1722	2095
AT2G02080	1601	1279	1314	1128	1093	1533
AT2G02090	1005	912	803	836	1220	1033
AT2G02100	2216	2592	3520	3587	4200	3593
AT2G02120	3	0	2	8	20	15
AT2G02130	917	1058	1032	1170	1483	1250
AT2G02147	1	4	2	1	1	1
AT2G02148	216	164	175	134	192	164
AT2G02150	59	72	83	72	112	91
AT2G02160	3967	3228	3029	2641	2825	3178
AT2G02170	467	398	420	400	405	405
AT2G02180	1297	1285	1187	1126	1257	1241
AT2G02220	1392	1195	1363	1207	1510	1510
AT2G02230	407	340	289	365	396	395
AT2G02240	29	17	13	29	42	27
AT2G02250	1	2	2	11	16	23
AT2G02310	16	16	6	20	23	25
AT2G02320	3	1	0	2	2	2
AT2G02340	4	6	3	17	23	12
AT2G02350	98	78	72	87	108	85
AT2G02360	922	850	858	820	1053	1032
AT2G02370	593	507	492	600	737	582
AT2G02380	11	7	2	10	6	9
AT2G02390	1425	1141	962	1215	1318	1410
AT2G02400	462	391	484	401	511	408
AT2G02410	494	357	415	334	418	319
AT2G02440	0	2	0	0	0	0
AT2G02450	1055	885	923	741	943	954
AT2G02470	623	577	415	493	522	472
AT2G02480	417	343	310	287	305	413
AT2G02498	0	0	1	0	2	1
AT2G02500	685	569	604	458	568	507
AT2G02510	837	824	842	791	840	798
AT2G02520	1	0	0	0	0	0
AT2G02540	21	28	20	17	17	22
AT2G02560	1686	1498	1449	1426	1723	1666
AT2G02570	2330	1775	2028	1950	2194	2357
AT2G02580	0	1	2	0	2	0
AT2G02590	158	188	177	141	192	139
AT2G02610	2	0	0	0	0	1
AT2G02630	4	0	0	0	0	0
AT2G02640	3	1	0	1	1	0
AT2G02680	1	3	6	2	0	0
AT2G02700	0	2	0	1	0	1
AT2G02710	2393	2018	1906	1390	1262	1700
AT2G02720	1	3	5	0	4	0
AT2G02730	321	240	282	298	329	316
AT2G02740	370	360	372	418	571	315
AT2G02741	0	0	0	1	0	0
AT2G02750	69	54	51	67	83	38
AT2G02760	3781	3352	3656	3543	3988	3676
AT2G02770	315	275	259	268	295	276
AT2G02780	403	336	381	293	245	349
AT2G02790	480	401	359	377	437	433
AT2G02800	1503	1208	1348	1353	1996	1782
AT2G02810	443	338	342	443	721	453
AT2G02820	263	230	217	246	339	370
AT2G02840	1	1	0	0	0	0
AT2G02850	172	170	109	95	34	104
AT2G02860	1204	1079	1061	1285	1774	1398
AT2G02870	1018	815	781	824	1073	1048
AT2G02880	135	119	143	123	142	159
AT2G02890	0	2	0	2	0	0
AT2G02910	239	230	209	218	237	231
AT2G02930	758	541	433	544	591	620
AT2G02950	525	442	472	381	402	336
AT2G02955	98	106	80	131	151	105
AT2G02960	890	786	714	790	1128	943
AT2G02970	1094	925	933	833	945	968
AT2G02980	130	115	126	98	123	94
AT2G02990	69	59	75	145	25	113
AT2G03010	55	46	35	60	62	38
AT2G03020	3	4	9	3	1	6
AT2G03040	0	0	1	1	4	1
AT2G03050	110	117	116	74	110	101
AT2G03060	299	219	199	213	297	219
AT2G03070	536	434	394	409	404	524
AT2G03090	297	217	166	261	243	246
AT2G03110	10	7	10	5	7	8
AT2G03120	1853	1523	1439	1589	2049	1726
AT2G03130	2	4	0	0	1	0
AT2G03140	1378	1212	1164	1153	2168	1720
AT2G03150	1688	1351	1346	1145	1614	1532
AT2G03170	0	0	0	0	2	0
AT2G03200	17	14	12	28	12	25
AT2G03210	3	4	0	2	2	3
AT2G03220	439	407	386	389	441	373
AT2G03230	4	0	0	2	3	7
AT2G03240	2256	1857	1398	1317	1614	1967
AT2G03260	31	31	19	34	36	30
AT2G03270	342	257	261	269	333	288
AT2G03280	174	157	145	129	139	147
AT2G03290	2	0	0	1	2	0
AT2G03310	884	695	870	685	661	679
AT2G03330	295	256	246	165	211	229
AT2G03340	1180	969	970	810	973	1004
AT2G03350	700	583	762	628	728	738
AT2G03360	5	6	1	3	1	10
AT2G03380	85	60	60	59	129	86
AT2G03390	2201	1835	1825	1566	1831	1651
AT2G03410	954	734	974	673	929	817
AT2G03420	887	684	905	613	852	772
AT2G03430	260	208	197	238	254	247
AT2G03440	3254	2830	2509	2363	2175	2912
AT2G03445	4	0	1	0	5	1
AT2G03450	245	199	180	204	241	295
AT2G03460	3	3	4	4	3	3
AT2G03470	1180	1017	916	774	972	1044
AT2G03480	429	356	482	401	660	559
AT2G03500	85	63	71	92	116	123
AT2G03505	50	43	25	47	41	46
AT2G03510	1165	1119	1077	1170	1601	1218
AT2G03530	1751	1489	1198	1381	1640	1387
AT2G03550	1664	1069	1328	1047	1349	1340
AT2G03560	1	2	2	0	0	1
AT2G03565	0	0	0	0	1	0
AT2G03580	1	2	1	3	1	1
AT2G03590	145	136	72	128	135	149
AT2G03600	7	5	2	1	4	2
AT2G03610	1	1	0	0	0	0
AT2G03620	363	328	375	306	386	349
AT2G03640	1634	1221	1204	1141	1168	1170
AT2G03667	228	207	201	234	239	211
AT2G03670	152	135	108	196	246	176
AT2G03680	3068	3032	2901	3459	3832	3564
AT2G03690	460	412	416	497	464	436
AT2G03710	298	272	251	163	335	191
AT2G03730	1688	1473	1197	1148	1004	1241
AT2G03740	0	0	0	0	1	0
AT2G03750	1446	1148	1085	807	631	1052
AT2G03760	1357	939	901	898	917	647
AT2G03770	2	3	3	4	4	3
AT2G03780	480	376	309	322	374	360
AT2G03800	508	375	410	451	523	494
AT2G03810	287	222	204	214	230	266
AT2G03820	2306	1997	2024	2052	2434	1993
AT2G03821	3	0	0	0	0	2
AT2G03822	0	0	0	0	0	1
AT2G03830	2	4	7	4	7	2
AT2G03850	1	3	3	3	5	12
AT2G03870	600	653	557	689	758	526
AT2G03880	28	41	27	41	72	39
AT2G03890	2765	2205	2460	2171	3400	2492
AT2G03980	1304	1192	1053	1183	1027	1337
AT2G04030	4771	3984	4240	4334	6719	4256
AT2G04032	140	158	121	111	139	126
AT2G04038	0	1	1	0	6	3
AT2G04039	1858	1562	1180	933	734	1178
AT2G04040	66	39	44	88	130	40
AT2G04050	15	7	5	834	564	46
AT2G04060	0	1	0	1	0	0
AT2G04066	344	263	248	272	270	250
AT2G04070	40	41	34	586	682	127
AT2G04080	1784	1637	1432	1487	1547	1571
AT2G04090	11	12	3	5	1	3
AT2G04100	157	139	79	122	91	111
AT2G04115	0	1	0	0	0	1
AT2G04160	525	493	551	587	536	729
AT2G04170	63	60	63	36	55	45
AT2G04190	0	0	1	1	2	0
AT2G04230	458	463	442	452	509	473
AT2G04235	109	97	83	85	118	105
AT2G04240	528	526	528	382	378	293
AT2G04270	1461	1221	1368	1077	1278	1235
AT2G04280	1974	1645	1630	1456	1592	1865
AT2G04305	885	860	802	889	1229	969
AT2G04340	464	333	377	410	441	452
AT2G04350	2101	1646	1532	1713	2026	2064
AT2G04360	1094	853	950	920	1140	962
AT2G04378	1811	1456	1594	1567	2060	1661
AT2G04380	1385	1077	1185	1130	1538	1259
AT2G04390	1787	1684	1586	1804	1838	1611
AT2G04395	2	1	1	3	2	0
AT2G04400	2808	2467	1867	2829	3149	2608
AT2G04410	2026	1916	1982	1961	2116	1676
AT2G04420	5	3	3	7	8	10
AT2G04430	108	102	91	121	174	109
AT2G04440	1	0	0	2	1	0
AT2G04450	348	295	187	374	602	273
AT2G04495	1348	1169	962	1641	2089	1297
AT2G04500	8	9	5	10	5	9
AT2G04515	69	48	52	103	154	49
AT2G04520	2401	1919	1861	2201	2340	2156
AT2G04530	367	335	336	355	457	344
AT2G04540	495	379	378	438	487	422
AT2G04550	638	633	577	630	598	589
AT2G04560	94	90	85	70	99	71
AT2G04570	269	254	211	213	148	238
AT2G04620	376	323	369	306	405	397
AT2G04630	737	659	711	739	812	640
AT2G04650	144	138	169	156	192	165
AT2G04660	353	272	267	299	427	336
AT2G04680	1	0	0	0	0	0
AT2G04690	1618	1571	1289	1316	1415	1241
AT2G04700	4452	4299	5043	3815	5154	4245
AT2G04740	373	361	393	415	488	363
AT2G04780	1477	1376	1152	1192	1037	1236
AT2G04790	188	173	206	121	206	141
AT2G04795	73	39	61	65	50	66
AT2G04800	8	7	7	6	13	8
AT2G04840	12	9	7	9	8	11
AT2G04842	3465	2736	2839	2215	3133	2959
AT2G04845	166	143	135	125	146	131
AT2G04850	267	221	261	379	272	273
AT2G04852	135	103	118	197	156	125
AT2G04860	91	51	97	84	152	76
AT2G04865	923	735	696	833	704	728
AT2G04880	1066	822	950	1334	1052	978
AT2G04890	426	366	428	515	427	366
AT2G04900	871	835	928	1418	929	742
AT2G04940	681	569	558	510	549	558
AT2G05050	0	0	1	0	3	1
AT2G05060	0	1	0	0	0	0
AT2G05070	81038	83402	59904	61245	15952	56164
AT2G05100	104243	109493	72132	72618	16576	67411
AT2G05120	360	271	320	373	603	410
AT2G05140	1	0	0	3	2	1
AT2G05160	262	225	237	187	269	189
AT2G05170	1646	1406	1523	1274	1636	1608
AT2G05180	0	4	2	0	1	0
AT2G05185	69	63	59	82	96	80
AT2G05210	521	511	481	428	494	495
AT2G05220	2627	2768	2447	3040	3125	2250
AT2G05230	623	508	491	475	590	551
AT2G05250	574	499	505	489	555	555
AT2G05260	386	337	300	303	435	342
AT2G05294	0	0	0	0	0	1
AT2G05310	3001	2824	2846	2161	2370	2198
AT2G05320	482	405	448	422	631	587
AT2G05330	4	1	1	4	2	5
AT2G05350	1	2	1	0	0	0
AT2G05370	7	5	0	3	5	5
AT2G05380	4349	4180	5031	3232	3679	2940
AT2G05430	0	0	0	1	0	0
AT2G05440	533	605	410	689	271	523
AT2G05510	1	2	1	5	1	15
AT2G05518	175	140	171	167	151	144
AT2G05520	55153	57609	63044	55065	57296	39522
AT2G05540	1704	1442	1257	1093	911	941
AT2G05580	2	1	2	0	2	3
AT2G05590	434	421	348	336	438	348
AT2G05620	3373	3228	2616	2362	1962	2223
AT2G05630	593	491	580	622	693	602
AT2G05632	49	39	42	43	58	43
AT2G05635	0	0	0	1	1	2
AT2G05710	11432	9594	9030	11341	15088	13767
AT2G05720	0	0	0	0	1	0
AT2G05753	8	6	9	9	12	10
AT2G05755	272	275	284	294	335	298
AT2G05760	167	112	104	108	220	153
AT2G05765	18	33	22	35	57	19
AT2G05790	2608	2179	2039	1858	1610	2672
AT2G05810	1458	1192	1205	1092	1298	1608
AT2G05812	1213	1000	1011	891	1088	1382
AT2G05830	1490	1406	1522	1415	1633	1442
AT2G05840	2426	2163	2193	2430	2883	2343
AT2G05850	0	0	1	0	0	0
AT2G05910	3	4	9	11	11	11
AT2G05914	35	16	5	16	18	10
AT2G05915	12	5	1	5	7	4
AT2G05920	3724	2977	2974	2978	3736	4391
AT2G05940	4604	3735	3610	4938	7304	5809
AT2G05990	2417	2216	2166	2173	2301	2210
AT2G05995	17	45	27	12	21	19
AT2G06000	280	249	238	222	297	222
AT2G06002	55	51	36	45	22	22
AT2G06005	132	132	112	133	150	149
AT2G06010	452	451	397	411	381	327
AT2G06025	1982	1760	1607	1380	1467	1546
AT2G06040	209	212	146	198	248	165
AT2G06050	15152	13661	11034	13546	19242	17393
AT2G06200	4	4	4	4	0	3
AT2G06210	1403	1157	1040	981	1162	1245
AT2G06255	118	116	79	58	49	61
AT2G06510	282	210	225	247	299	275
AT2G06520	48746	55300	53139	44902	36873	35986
AT2G06530	5113	3890	3942	4639	5236	6049
AT2G06562	0	0	0	1	1	0
AT2G06845	0	1	0	0	0	0
AT2G06850	7533	6165	8460	6125	5187	7075
AT2G06925	755	742	1048	876	1045	890
AT2G06990	1048	921	854	892	1051	866
AT2G07000	0	2	1	0	1	1
AT2G07042	139	156	149	154	125	119
AT2G07050	3426	2933	2762	2369	2587	2813
AT2G07140	3	2	2	3	10	4
AT2G07170	151	123	84	80	122	145
AT2G07180	2470	2068	2065	1706	2528	2120
AT2G07213	24	16	18	42	13	31
AT2G07215	15	12	8	24	10	24
AT2G07340	542	413	407	460	500	474
AT2G07360	2759	2356	2398	2238	3000	2695
AT2G07599	24	16	17	15	35	21
AT2G07640	0	0	1	2	1	1
AT2G07667	32	32	29	34	47	26
AT2G07669	4	5	3	3	5	2
AT2G07671	78	81	62	53	91	72
AT2G07672	1	1	3	2	1	2
AT2G07673	1	2	0	3	3	0
AT2G07674	17	11	17	22	39	60
AT2G07675	17	25	29	34	66	145
AT2G07676	7	3	3	1	6	13
AT2G07678	1	1	3	6	6	8
AT2G07680	273	296	277	331	547	432
AT2G07681	13	11	7	18	25	22
AT2G07684	4	3	5	11	9	13
AT2G07687	11	8	8	12	7	11
AT2G07689	10	15	15	17	20	16
AT2G07690	405	356	337	389	535	399
AT2G07691	0	0	0	4	2	1
AT2G07692	5	0	2	2	4	1
AT2G07695	14	7	8	12	19	21
AT2G07696	11	3	0	5	14	12
AT2G07698	176	122	126	123	189	203
AT2G07701	0	1	2	0	3	0
AT2G07702	2	0	2	2	1	0
AT2G07705	3	4	2	1	2	3
AT2G07706	21	26	24	39	46	31
AT2G07707	19	22	26	20	40	20
AT2G07708	25	25	28	25	31	39
AT2G07713	0	0	1	0	3	0
AT2G07714	1	1	0	0	2	1
AT2G07715	128	80	76	86	109	108
AT2G07718	145	105	74	90	122	116
AT2G07719	10	13	4	12	29	15
AT2G07721	1	0	0	1	3	0
AT2G07722	1	7	1	2	3	11
AT2G07724	1	1	2	5	0	4
AT2G07725	18	23	19	19	25	26
AT2G07727	24	25	16	20	27	35
AT2G07728	10	6	5	10	12	9
AT2G07732	6	3	2	6	11	12
AT2G07734	12	18	13	7	20	19
AT2G07738	0	2	0	1	3	0
AT2G07739	23	21	15	20	42	23
AT2G07741	11	14	12	24	23	22
AT2G07742	0	1	0	0	0	2
AT2G07745	1	0	0	0	1	0
AT2G07746	0	1	0	0	2	0
AT2G07748	0	0	0	1	1	0
AT2G07749	10	7	7	13	11	8
AT2G07750	1	1	0	5	1	0
AT2G07751	21	23	28	46	70	130
AT2G07752	0	0	0	0	2	0
AT2G07753	1	0	0	0	0	1
AT2G07757	0	0	0	0	1	0
AT2G07758	1	0	0	0	0	0
AT2G07759	8	1	1	4	11	4
AT2G07761	0	0	0	0	1	1
AT2G07762	1	0	1	1	2	0
AT2G07763	1	0	0	1	2	3
AT2G07764	0	1	0	0	0	0
AT2G07765	4	1	2	0	0	6
AT2G07766	0	0	0	1	0	1
AT2G07768	2	3	2	9	11	16
AT2G07771	3	1	2	3	4	3
AT2G07772	3	4	2	0	2	2
AT2G07773	3	3	3	5	7	13
AT2G07774	34	42	54	46	82	60
AT2G07775	2	3	5	3	10	12
AT2G07776	26	12	12	26	24	23
AT2G07777	31	29	33	37	56	45
AT2G07779	8	6	3	5	10	2
AT2G07785	3	4	12	9	12	10
AT2G07787	21	14	13	20	31	14
AT2G07792	2	0	6	3	1	7
AT2G07793	0	1	0	1	0	1
AT2G07795	6	2	1	1	4	1
AT2G07798	23	18	22	21	44	17
AT2G07806	16	10	2	13	14	18
AT2G07815	36	30	22	31	42	36
AT2G07820	1	1	0	1	0	2
AT2G07825	2	3	1	1	3	2
AT2G07827	11	7	5	11	6	14
AT2G07830	0	0	0	0	1	0
AT2G07835	5	7	5	6	8	9
AT2G07981	0	0	1	0	0	0
AT2G09795	300	284	283	278	320	253
AT2G09840	0	0	0	1	0	0
AT2G09970	0	0	1	0	0	2
AT2G09990	1401	1370	1228	1454	1530	1166
AT2G10560	0	0	0	2	0	0
AT2G10606	2	2	8	4	1	0
AT2G10608	1	0	0	0	0	0
AT2G10920	1	0	0	1	0	8
AT2G10921	1	0	1	0	3	2
AT2G10930	12	5	9	5	11	6
AT2G10931	51	50	49	53	48	41
AT2G10940	28520	25341	31572	21958	20796	35706
AT2G10950	560	431	483	453	490	469
AT2G10975	5	1	0	3	0	4
AT2G11000	577	537	611	588	676	595
AT2G11270	5	4	5	18	2	2
AT2G11271	2	6	1	10	11	3
AT2G11520	1395	1272	1257	1642	2253	1731
AT2G11522	1	1	0	0	1	0
AT2G11810	84	60	127	249	452	408
AT2G11890	1103	971	908	1007	1201	1142
AT2G11891	18	10	9	6	15	6
AT2G11910	1781	1700	1387	1770	1759	1470
AT2G12170	48	49	23	43	42	32
AT2G12190	135	110	117	96	96	142
AT2G12200	0	0	0	0	0	1
AT2G12280	2	2	3	1	2	5
AT2G12400	2165	1787	1672	2002	1984	2678
AT2G12461	77	62	32	57	47	60
AT2G12462	125	117	63	87	59	116
AT2G12465	7	1	1	0	0	0
AT2G12480	3	2	2	3	0	3
AT2G12550	279	261	277	302	376	312
AT2G12646	0	1	0	1	0	3
AT2G13100	1169	1094	1026	1049	1232	1288
AT2G13290	488	418	398	488	446	512
AT2G13360	35037	31668	27596	20105	24447	24623
AT2G13370	2147	1792	1696	1592	2316	2153
AT2G13422	6	5	2	4	0	4
AT2G13430	27	23	25	13	15	24
AT2G13440	1242	928	955	904	1061	1140
AT2G13450	0	2	1	2	0	0
AT2G13463	2	1	2	0	0	0
AT2G13540	1289	1124	1064	1139	1404	1228
AT2G13547	1	2	1	3	0	0
AT2G13550	24	26	28	23	42	34
AT2G13560	5884	4603	4570	4369	5726	5801
AT2G13570	7	8	2	4	8	2
AT2G13600	91	74	85	86	167	107
AT2G13610	391	326	301	295	341	376
AT2G13650	586	521	482	515	727	649
AT2G13660	248	226	273	195	226	189
AT2G13665	244	223	273	193	224	187
AT2G13680	15	19	15	10	13	12
AT2G13690	264	188	263	197	215	224
AT2G13760	3	2	2	8	4	4
AT2G13770	1	1	2	1	0	6
AT2G13790	6033	5111	4913	5551	10122	6897
AT2G13800	1927	1678	1522	1558	2583	2278
AT2G13810	52	41	19	49	30	42
AT2G13820	162	147	134	132	128	155
AT2G13840	210	200	176	200	197	177
AT2G13900	0	0	0	0	1	0
AT2G13960	49	23	21	32	27	22
AT2G14045	1039	979	737	681	707	711
AT2G14050	124	96	70	85	142	125
AT2G14060	0	1	2	0	0	1
AT2G14070	14	16	18	11	15	14
AT2G14080	3266	2789	2759	2410	3219	3296
AT2G14095	3	4	1	4	8	7
AT2G14100	1	3	2	4	7	1
AT2G14110	169	145	125	133	157	181
AT2G14115	55	47	66	72	58	46
AT2G14120	1734	1517	1399	1504	2023	1776
AT2G14160	2	2	3	1	2	2
AT2G14170	1917	1611	1716	1675	1816	1952
AT2G14210	3	0	1	0	0	1
AT2G14247	42	34	43	19	31	12
AT2G14255	1123	886	938	1026	1195	879
AT2G14260	1824	1567	1359	1383	1544	1553
AT2G14270	2	4	4	3	4	2
AT2G14285	319	265	336	353	378	259
AT2G14290	320	262	147	308	465	322
AT2G14460	188	131	141	170	207	126
AT2G14520	213	183	201	186	205	202
AT2G14530	436	392	431	383	451	437
AT2G14560	6692	5197	8748	10479	23907	12990
AT2G14580	21	21	6	26	16	16
AT2G14610	6053	5194	3814	7345	7679	11862
AT2G14620	32	14	27	12	37	70
AT2G14635	0	0	0	0	2	0
AT2G14660	93	78	67	56	61	85
AT2G14680	781	620	660	649	867	769
AT2G14690	5	2	8	3	8	4
AT2G14720	3881	3051	2832	2924	3893	3503
AT2G14740	1498	1211	1069	1116	1414	1211
AT2G14750	3426	2726	2313	2755	2878	3104
AT2G14800	85	41	63	48	69	78
AT2G14820	0	1	3	0	0	0
AT2G14830	159	120	104	114	135	105
AT2G14835	1123	942	944	904	1085	1042
AT2G14850	255	198	203	225	340	218
AT2G14860	85	105	78	76	113	104
AT2G14878	1796	1854	1463	1724	1822	1600
AT2G14880	970	918	959	917	1178	952
AT2G14890	4223	3609	2931	3249	2730	4515
AT2G14900	302	244	206	216	164	238
AT2G14910	7420	6879	6884	5152	5316	5456
AT2G14960	37	24	13	12	13	14
AT2G15000	250	236	209	346	405	233
AT2G15020	247	238	47	29	3	59
AT2G15029	6	6	8	6	9	12
AT2G15042	2588	2080	1848	2061	2536	2371
AT2G15050	1265	1241	1215	1321	1274	1205
AT2G15080	3650	2853	2469	2183	2163	2660
AT2G15090	3688	3066	4005	2666	3240	4131
AT2G15110	1	0	0	0	0	0
AT2G15128	137	139	95	99	106	97
AT2G15130	10	14	8	15	9	8
AT2G15170	2	2	2	2	1	0
AT2G15220	163	129	81	79	58	136
AT2G15230	639	583	487	436	527	471
AT2G15240	807	624	706	626	755	684
AT2G15270	325	205	247	258	278	265
AT2G15280	333	270	258	278	311	313
AT2G15290	1912	1843	2002	1929	2053	1929
AT2G15292	619	598	616	619	774	581
AT2G15300	109	96	100	94	112	90
AT2G15310	70	51	50	82	91	95
AT2G15318	2	1	1	1	1	2
AT2G15320	698	589	450	674	824	774
AT2G15345	2	0	0	0	0	0
AT2G15360	0	0	0	1	2	0
AT2G15390	5160	3981	3932	5733	7326	6210
AT2G15400	49	51	45	45	63	52
AT2G15430	417	358	385	412	480	425
AT2G15440	51	41	54	37	37	65
AT2G15480	723	568	519	523	679	627
AT2G15490	26	19	21	14	17	21
AT2G15530	971	843	801	696	938	900
AT2G15555	0	0	1	1	1	0
AT2G15560	680	537	534	452	513	552
AT2G15570	791	651	675	635	644	675
AT2G15580	2063	1730	1653	1443	1416	1506
AT2G15620	6035	5177	4776	4445	5837	5525
AT2G15630	56	40	61	60	74	73
AT2G15640	0	1	0	0	0	0
AT2G15680	103	64	93	89	95	124
AT2G15690	582	451	498	631	752	647
AT2G15695	998	797	834	707	816	848
AT2G15710	0	1	0	0	0	0
AT2G15730	151	129	101	136	159	105
AT2G15760	153	143	79	174	212	172
AT2G15780	2	2	0	2	1	5
AT2G15790	280	301	224	328	289	319
AT2G15820	774	644	678	638	716	718
AT2G15830	253	240	200	221	280	167
AT2G15860	917	753	718	814	996	922
AT2G15880	2051	1675	1858	1104	1176	1254
AT2G15890	10985	9180	16525	9843	13775	10364
AT2G15900	1404	1130	1326	1016	1527	1367
AT2G15910	790	663	676	763	801	675
AT2G15960	5279	5007	5774	4746	4152	4499
AT2G15970	9754	9789	11965	10945	11224	11455
AT2G15980	121	110	100	102	106	143
AT2G16005	0	1	0	0	0	0
AT2G16050	104	89	77	80	95	98
AT2G16060	118	122	77	120	119	67
AT2G16070	849	658	465	515	452	580
AT2G16090	367	299	319	301	369	351
AT2G16190	0	0	0	2	1	0
AT2G16210	5	1	0	0	0	0
AT2G16230	0	1	0	0	0	0
AT2G16245	186	142	188	147	163	212
AT2G16250	457	432	467	343	449	507
AT2G16270	100	113	108	67	119	132
AT2G16280	2794	2337	3083	2055	2157	2894
AT2G16340	0	0	0	0	1	0
AT2G16360	0	0	1	1	1	0
AT2G16365	1617	1329	2176	1295	1591	1838
AT2G16370	750	675	744	606	783	589
AT2G16380	1389	1114	1249	1019	1191	1089
AT2G16385	0	1	0	5	3	2
AT2G16390	280	265	239	215	309	266
AT2G16400	1015	949	1031	978	1369	1054
AT2G16405	588	512	503	511	601	531
AT2G16430	1329	1089	963	1224	1327	1463
AT2G16440	376	302	300	333	465	341
AT2G16450	1	0	0	1	2	0
AT2G16460	359	278	332	288	359	300
AT2G16485	1569	1364	1419	1230	1676	1642
AT2G16500	6563	6112	4559	4855	5180	4648
AT2G16510	2055	1978	2140	1962	2415	1933
AT2G16530	138	160	167	205	223	164
AT2G16570	20	10	6	18	17	16
AT2G16575	0	0	2	0	0	0
AT2G16580	15	17	10	10	10	9
AT2G16586	89	73	46	68	70	95
AT2G16595	159	113	100	170	216	154
AT2G16600	17965	15301	15971	18980	23367	20139
AT2G16630	227	151	158	116	86	131
AT2G16640	1463	1158	1318	1177	2057	1296
AT2G16650	541	442	441	392	496	379
AT2G16660	7574	7232	11868	6642	5759	5580
AT2G16668	0	1	0	0	0	0
AT2G16700	757	636	833	769	1031	937
AT2G16710	766	692	735	718	847	735
AT2G16720	112	75	53	87	106	116
AT2G16730	0	0	0	2	0	0
AT2G16740	660	436	430	484	614	552
AT2G16750	346	335	302	257	227	303
AT2G16760	0	1	4	0	5	2
AT2G16770	125	143	111	102	175	121
AT2G16780	486	428	399	389	566	459
AT2G16790	104	100	103	124	84	101
AT2G16800	793	691	686	670	763	693
AT2G16850	190	173	151	175	257	222
AT2G16860	1328	942	861	896	1094	1056
AT2G16870	267	215	234	226	512	305
AT2G16880	275	247	250	231	320	325
AT2G16890	110	81	47	174	249	280
AT2G16900	610	522	447	517	761	685
AT2G16910	12	8	6	8	11	4
AT2G16920	862	741	678	641	884	929
AT2G16930	917	766	771	805	930	726
AT2G16940	2447	2221	2078	2210	2561	2149
AT2G16950	2200	2093	2202	2135	3039	2269
AT2G16960	0	2	1	0	0	0
AT2G16980	7	1	1	1	0	1
AT2G16990	186	166	166	207	238	306
AT2G17010	5	3	3	10	2	7
AT2G17020	611	553	579	501	593	555
AT2G17030	241	200	195	209	199	172
AT2G17033	1008	891	983	740	903	766
AT2G17036	44	54	44	46	58	40
AT2G17040	13142	11421	10343	7457	9108	7928
AT2G17043	0	0	1	0	0	0
AT2G17050	12	10	6	13	14	15
AT2G17055	0	1	0	2	2	1
AT2G17060	8	4	6	8	11	5
AT2G17070	0	1	1	0	0	0
AT2G17080	0	1	0	0	1	0
AT2G17110	716	586	493	576	755	677
AT2G17120	1357	1348	1250	1598	2669	1620
AT2G17130	776	748	790	934	1198	898
AT2G17140	79	65	78	81	148	104
AT2G17150	345	319	321	291	353	354
AT2G17190	2042	1883	1658	1777	2129	2104
AT2G17200	2934	2545	2423	2625	3284	2823
AT2G17210	44	36	38	27	59	51
AT2G17220	2311	1943	1686	2105	2998	2541
AT2G17230	2014	1689	1969	1609	2081	2728
AT2G17240	1187	984	1234	1206	1635	1118
AT2G17250	571	378	389	500	672	436
AT2G17260	124	103	104	104	139	154
AT2G17265	843	784	825	766	859	786
AT2G17270	103	90	95	104	128	74
AT2G17280	76	69	69	135	167	110
AT2G17290	2014	1697	1530	1941	2839	2537
AT2G17295	0	0	0	0	0	1
AT2G17300	113	107	114	149	189	193
AT2G17320	581	456	521	476	529	581
AT2G17340	1470	1181	1297	1181	1504	1259
AT2G17350	418	314	298	326	313	380
AT2G17360	5221	4530	3773	4427	4641	3975
AT2G17370	214	229	188	158	204	197
AT2G17380	907	777	716	761	807	743
AT2G17390	3711	2740	2688	2851	3334	3424
AT2G17410	1438	1192	1155	1147	1506	1390
AT2G17420	2030	1888	1622	2016	2428	2005
AT2G17430	38	42	38	30	38	38
AT2G17440	627	483	543	526	792	596
AT2G17442	124	73	78	95	103	122
AT2G17450	974	1084	1105	890	700	947
AT2G17470	16	19	14	27	60	31
AT2G17480	1931	1745	1665	1945	2224	2408
AT2G17500	268	215	119	233	170	353
AT2G17510	1260	1001	987	974	1193	988
AT2G17520	2018	1785	1723	1699	2375	2061
AT2G17525	211	140	146	122	240	205
AT2G17530	710	574	570	561	788	718
AT2G17540	716	598	487	505	501	479
AT2G17550	1148	997	1279	867	1196	1238
AT2G17560	977	868	860	916	997	930
AT2G17570	229	190	208	209	208	227
AT2G17580	331	297	314	267	410	307
AT2G17620	18	17	30	8	25	26
AT2G17630	170	148	135	160	166	156
AT2G17640	357	302	299	326	399	323
AT2G17650	280	244	207	172	215	284
AT2G17660	386	256	308	270	331	414
AT2G17670	172	147	157	217	252	234
AT2G17680	0	1	0	4	0	0
AT2G17690	23	11	10	10	17	19
AT2G17695	1335	1107	1222	933	1134	1041
AT2G17700	738	611	549	650	746	767
AT2G17705	1025	1032	1043	1114	1353	903
AT2G17710	564	491	447	393	460	359
AT2G17720	1483	1332	1134	1550	1703	1352
AT2G17730	366	329	325	332	467	345
AT2G17740	53	37	41	40	25	38
AT2G17760	1004	894	860	973	1323	1175
AT2G17770	11	14	5	7	8	12
AT2G17780	565	458	473	351	509	558
AT2G17787	348	254	249	239	281	273
AT2G17790	1265	1080	1112	1208	1733	1361
AT2G17800	622	557	600	571	660	539
AT2G17810	0	0	2	0	2	1
AT2G17820	2137	1684	1538	1324	1700	1725
AT2G17830	76	65	68	62	57	66
AT2G17840	22197	18513	22240	18922	25251	28112
AT2G17845	0	1	0	2	0	0
AT2G17850	2	4	2	4	5	1
AT2G17870	793	789	642	739	726	768
AT2G17880	633	608	592	518	385	678
AT2G17890	1	1	1	1	2	0
AT2G17900	131	107	76	105	101	73
AT2G17930	3569	3152	2843	2404	3483	3401
AT2G17940	0	0	1	1	2	2
AT2G17970	254	253	257	254	335	258
AT2G17972	548	447	486	426	463	461
AT2G17975	269	220	193	262	285	249
AT2G17980	1393	1187	1264	1153	1302	1371
AT2G17990	1139	914	1013	1056	1330	1191
AT2G18000	29	27	30	46	67	38
AT2G18010	3	7	7	1	1	0
AT2G18020	8061	8049	7119	8855	8688	6807
AT2G18030	350	395	381	386	454	357
AT2G18040	1873	1759	1645	1882	2173	1812
AT2G18050	625	580	544	741	831	1084
AT2G18060	13	2	4	9	10	13
AT2G18090	2823	2399	2413	2305	3474	3393
AT2G18100	57	46	50	64	56	77
AT2G18110	1758	1606	1502	1674	1694	1581
AT2G18120	12	11	5	9	6	6
AT2G18150	30	13	25	33	32	33
AT2G18160	1347	1169	976	1054	966	1075
AT2G18162	1347	1169	976	1054	966	1075
AT2G18170	920	821	900	901	1106	1010
AT2G18180	19	19	19	19	22	16
AT2G18190	0	1	1	23	18	10
AT2G18193	37	24	46	555	473	203
AT2G18196	47	55	35	53	41	39
AT2G18210	223	202	186	274	315	236
AT2G18220	471	387	373	512	743	523
AT2G18230	265	250	193	387	878	411
AT2G18240	268	262	218	222	274	263
AT2G18245	335	300	306	294	317	346
AT2G18250	397	400	323	376	394	355
AT2G18260	36	43	45	30	26	45
AT2G18270	84	80	115	51	81	87
AT2G18280	3742	3354	3601	2856	3124	3451
AT2G18290	976	720	769	762	647	841
AT2G18300	3831	3246	3639	2383	1616	2261
AT2G18310	0	0	0	0	0	1
AT2G18320	2	2	0	3	1	0
AT2G18328	838	704	854	484	595	577
AT2G18330	321	276	302	382	516	307
AT2G18340	1	1	5	2	7	5
AT2G18350	273	246	218	232	215	266
AT2G18360	32	20	8	21	20	25
AT2G18370	7	10	9	22	12	9
AT2G18380	29	34	25	40	67	54
AT2G18390	470	419	347	383	380	314
AT2G18400	332	299	284	312	372	213
AT2G18410	224	199	195	193	235	229
AT2G18420	1	0	0	0	0	0
AT2G18440	5301	4411	4984	5073	6757	5607
AT2G18450	1	1	2	1	1	2
AT2G18460	0	0	0	0	1	1
AT2G18465	228	181	190	221	235	247
AT2G18470	3	6	10	12	11	13
AT2G18480	6	6	2	12	17	8
AT2G18500	8	11	4	13	11	3
AT2G18510	588	621	527	688	886	749
AT2G18520	93	86	93	112	132	83
AT2G18530	0	0	1	0	0	0
AT2G18540	3	0	0	0	1	0
AT2G18550	15	6	2	5	0	4
AT2G18560	279	242	221	173	129	212
AT2G18570	174	167	134	145	158	237
AT2G18590	1	0	0	0	0	0
AT2G18600	47	55	44	88	68	79
AT2G18620	8	8	6	14	10	16
AT2G18630	1207	928	710	1035	1127	1120
AT2G18650	80	65	97	68	69	85
AT2G18660	643	621	486	963	1137	618
AT2G18670	2109	1696	1619	1866	2499	1749
AT2G18680	658	547	517	839	1276	522
AT2G18690	8955	7841	6455	10667	13035	8565
AT2G18700	6116	5430	4935	2838	2169	2884
AT2G18710	3180	2942	3230	2569	3022	2567
AT2G18720	3	3	5	2	6	6
AT2G18721	0	0	0	0	0	1
AT2G18730	1505	1364	1472	1419	1768	1841
AT2G18735	99	131	125	98	137	115
AT2G18740	656	489	585	724	837	536
AT2G18750	3532	2985	2782	2598	3008	3033
AT2G18760	338	321	271	256	332	314
AT2G18770	515	383	371	397	398	412
AT2G18780	28	18	23	26	35	56
AT2G18790	2157	1754	1477	1593	1695	1975
AT2G18840	517	489	474	503	574	471
AT2G18850	310	322	284	356	338	284
AT2G18860	440	422	410	342	393	346
AT2G18876	430	344	368	308	453	425
AT2G18880	24	33	18	21	32	29
AT2G18890	380	360	372	265	265	320
AT2G18900	510	424	403	623	932	514
AT2G18910	491	403	484	467	564	430
AT2G18915	603	616	514	489	538	526
AT2G18917	57	67	52	27	47	70
AT2G18920	0	0	0	0	0	1
AT2G18938	2	1	1	4	3	0
AT2G18940	671	564	662	465	593	645
AT2G18950	1124	987	945	1375	1627	1502
AT2G18960	17671	15902	16379	15249	23250	17602
AT2G18969	32	19	12	17	5	12
AT2G18970	33	24	13	16	5	16
AT2G18980	1	2	5	0	3	0
AT2G18990	322	276	259	238	287	292
AT2G19070	0	0	0	0	0	1
AT2G19080	726	544	473	594	691	630
AT2G19090	105	78	79	96	126	92
AT2G19110	525	415	395	431	536	643
AT2G19120	150	133	169	129	219	164
AT2G19130	3015	2577	2340	2115	2986	2466
AT2G19160	733	640	660	691	890	681
AT2G19170	459	369	404	326	405	378
AT2G19180	768	647	607	668	745	683
AT2G19190	182	148	112	214	240	168
AT2G19210	1	1	0	0	2	1
AT2G19230	0	0	0	0	0	1
AT2G19240	31	25	23	48	31	15
AT2G19260	328	254	285	319	383	328
AT2G19270	786	696	675	678	743	747
AT2G19280	287	233	254	202	281	263
AT2G19290	13	10	10	9	7	5
AT2G19310	685	612	703	728	1317	685
AT2G19330	35	45	28	26	47	38
AT2G19340	283	247	204	221	289	268
AT2G19350	226	192	205	220	196	157
AT2G19360	0	0	0	1	0	0
AT2G19380	42	41	34	32	41	57
AT2G19385	242	183	213	231	324	206
AT2G19390	745	579	537	485	752	701
AT2G19400	246	225	190	215	247	213
AT2G19410	0	0	0	2	0	2
AT2G19430	428	392	347	372	402	310
AT2G19440	3	3	3	8	4	2
AT2G19450	608	477	1019	835	1385	1018
AT2G19460	220	194	160	189	170	181
AT2G19470	1019	873	997	980	1316	1138
AT2G19480	3807	3088	3042	3504	4036	3202
AT2G19490	115	91	99	136	198	118
AT2G19500	1	0	0	1	4	5
AT2G19520	1416	1303	1195	1314	1638	1344
AT2G19530	50	33	32	68	52	44
AT2G19540	1477	1317	1341	1971	2429	1350
AT2G19550	10	8	8	11	14	11
AT2G19560	380	320	298	318	360	367
AT2G19570	520	429	372	417	616	683
AT2G19572	482	391	345	374	565	613
AT2G19580	104	69	69	83	95	104
AT2G19582	33	27	24	23	33	30
AT2G19590	104	95	70	92	47	54
AT2G19600	492	478	438	479	556	488
AT2G19610	1	2	1	3	1	3
AT2G19620	558	519	523	453	550	551
AT2G19630	1	2	1	0	5	1
AT2G19640	142	139	131	160	205	138
AT2G19650	281	228	167	148	159	230
AT2G19660	35	14	13	13	4	16
AT2G19670	199	187	182	241	277	178
AT2G19680	833	658	686	790	890	769
AT2G19690	88	85	73	101	115	73
AT2G19700	0	0	0	0	6	0
AT2G19710	1648	1367	1377	1873	2999	1958
AT2G19720	162	104	137	141	142	134
AT2G19730	3400	3743	3197	4095	4214	2788
AT2G19740	1737	1653	1460	1807	1861	1345
AT2G19750	1249	1181	949	1330	1465	1002
AT2G19760	1650	1812	1707	1772	1709	1624
AT2G19780	152	135	120	111	77	111
AT2G19790	943	913	955	1010	1028	913
AT2G19800	282	227	215	215	121	254
AT2G19810	949	909	708	657	613	724
AT2G19830	2725	2298	2260	2275	2437	2563
AT2G19850	1	1	1	0	0	0
AT2G19860	798	630	653	745	875	874
AT2G19870	682	550	622	518	875	656
AT2G19880	1161	927	1120	1069	1409	1320
AT2G19890	0	1	0	3	0	0
AT2G19900	6	11	2	1	7	7
AT2G19910	73	66	37	73	71	71
AT2G19920	57	52	36	36	37	33
AT2G19930	146	90	77	105	139	103
AT2G19940	1438	1335	1328	1142	1240	1120
AT2G19950	1128	890	946	835	1025	1174
AT2G19960	3	2	3	2	0	0
AT2G19970	35	33	62	84	49	44
AT2G19980	13	5	3	4	7	10
AT2G19990	14	10	11	14	14	9
AT2G20000	792	713	667	662	821	750
AT2G20010	951	929	941	918	1348	997
AT2G20020	870	693	897	865	1244	853
AT2G20030	1	4	1	4	4	6
AT2G20050	2295	1989	2044	1548	2121	2038
AT2G20060	799	725	642	888	1109	781
AT2G20100	139	112	132	127	103	157
AT2G20110	134	124	102	134	152	150
AT2G20120	1092	986	970	939	1064	999
AT2G20130	576	595	529	532	707	704
AT2G20140	1336	1172	1272	1167	1390	1264
AT2G20142	1042	1009	1153	2109	3779	2130
AT2G20150	32	46	50	90	113	61
AT2G20160	0	3	2	1	1	0
AT2G20170	51	58	52	68	47	41
AT2G20180	1024	855	762	686	627	688
AT2G20190	2714	2384	2631	2163	3061	2886
AT2G20210	212	210	181	169	142	154
AT2G20230	3506	3310	3209	2953	3020	3010
AT2G20240	294	302	241	226	253	215
AT2G20250	234	209	162	166	147	165
AT2G20260	11855	12836	13897	12274	11372	11361
AT2G20270	937	813	971	941	1262	898
AT2G20280	1297	970	920	1052	1245	1091
AT2G20290	446	393	364	299	322	396
AT2G20300	1061	833	832	764	923	1018
AT2G20310	215	174	216	252	266	276
AT2G20320	564	442	449	511	750	593
AT2G20330	1173	991	922	930	1092	1094
AT2G20340	1596	1327	1159	955	1317	1462
AT2G20350	12	10	13	17	24	26
AT2G20360	3303	3202	3043	3245	3439	3174
AT2G20362	11	13	8	10	27	24
AT2G20370	1683	1408	1376	1360	1717	1835
AT2G20390	359	352	377	501	628	419
AT2G20400	165	176	187	212	272	202
AT2G20410	263	220	200	236	285	255
AT2G20420	4287	3805	3446	4232	4733	4003
AT2G20440	233	201	217	191	234	277
AT2G20450	1172	870	846	968	1018	888
AT2G20470	6	14	13	8	9	7
AT2G20480	24	17	16	23	41	14
AT2G20490	598	593	479	766	869	544
AT2G20495	213	172	174	202	172	138
AT2G20500	97	91	90	90	109	90
AT2G20510	2	2	1	1	7	5
AT2G20515	31	18	5	27	21	19
AT2G20530	972	878	745	1138	1448	948
AT2G20540	37	36	35	33	44	22
AT2G20550	124	137	127	193	211	182
AT2G20560	117	113	83	263	397	210
AT2G20562	98	107	92	196	231	84
AT2G20570	7722	6799	6046	5899	5437	7534
AT2G20580	3912	3512	3310	3479	3830	4034
AT2G20585	160	137	132	214	199	154
AT2G20590	49	40	41	42	53	69
AT2G20605	0	0	3	0	0	0
AT2G20610	4373	3810	3360	3778	4217	4565
AT2G20620	0	0	0	0	1	0
AT2G20625	18	19	8	11	13	14
AT2G20630	5449	4110	4242	4084	5227	5157
AT2G20635	215	136	151	118	176	161
AT2G20650	247	189	195	191	241	205
AT2G20670	3121	2684	3110	1596	412	2071
AT2G20680	218	199	196	196	147	170
AT2G20690	1172	1036	1295	1210	1445	1233
AT2G20700	34	14	14	21	10	10
AT2G20710	76	50	64	94	98	73
AT2G20720	78	60	51	140	128	79
AT2G20721	35	17	19	23	37	22
AT2G20722	6	9	17	8	11	13
AT2G20723	8	14	5	10	11	11
AT2G20725	1773	1576	1623	1385	1746	1542
AT2G20740	1051	1043	1122	889	960	1020
AT2G20750	255	244	143	130	73	178
AT2G20760	3517	2778	2822	2983	3826	3777
AT2G20770	224	182	173	170	202	190
AT2G20780	775	702	826	936	1168	991
AT2G20784	0	0	1	0	4	0
AT2G20790	1045	942	979	889	1162	1131
AT2G20800	0	0	2	48	47	23
AT2G20810	757	677	708	675	751	744
AT2G20815	323	294	295	289	321	284
AT2G20820	2311	2432	2194	2524	2728	2330
AT2G20825	3	2	5	4	2	5
AT2G20830	642	563	626	628	678	565
AT2G20835	49	52	64	53	74	57
AT2G20840	457	342	378	411	486	412
AT2G20850	812	657	648	689	871	780
AT2G20860	3656	3053	3166	2899	3357	3264
AT2G20870	25	12	9	5	5	9
AT2G20875	15	21	20	19	14	21
AT2G20880	124	96	75	65	74	88
AT2G20890	11228	9097	10100	7976	9697	9271
AT2G20900	1576	1475	1415	1565	2158	1541
AT2G20920	2974	2738	2522	2173	1932	2344
AT2G20921	0	0	3	0	2	0
AT2G20930	678	725	704	676	875	627
AT2G20940	98	106	110	166	188	117
AT2G20950	1503	1358	1202	1385	1655	1656
AT2G20960	10123	8157	7109	6952	9188	8631
AT2G20970	0	2	0	0	0	0
AT2G20980	86	57	52	40	52	56
AT2G20990	8067	7075	7133	6473	6482	6850
AT2G21010	0	0	0	0	0	1
AT2G21030	1	0	0	0	4	1
AT2G21040	1	0	1	1	3	1
AT2G21045	2	0	0	0	0	1
AT2G21050	371	334	222	266	269	307
AT2G21060	274	306	292	459	565	375
AT2G21070	193	196	161	179	236	175
AT2G21080	226	165	193	174	223	147
AT2G21090	136	110	128	122	198	157
AT2G21100	1	4	5	3	4	3
AT2G21120	3257	2707	2493	3209	4258	3467
AT2G21130	428	304	688	654	1173	708
AT2G21140	1208	901	702	590	555	889
AT2G21150	539	450	402	493	512	495
AT2G21160	2459	2232	2348	2374	2883	2365
AT2G21170	12510	10831	10946	9590	9642	10550
AT2G21180	137	111	75	130	73	113
AT2G21185	256	303	181	237	143	205
AT2G21187	266	316	190	246	147	226
AT2G21188	138	155	128	193	173	154
AT2G21190	1080	971	893	907	1043	989
AT2G21195	205	219	215	225	170	185
AT2G21200	28	30	25	15	17	13
AT2G21210	315	286	240	151	221	159
AT2G21220	19	19	16	22	16	20
AT2G21230	843	690	714	680	849	866
AT2G21237	0	2	0	0	1	0
AT2G21240	1337	1260	1207	1040	1043	1048
AT2G21250	3829	3182	3307	3290	3368	3708
AT2G21260	64	149	207	145	98	168
AT2G21270	1712	1350	1325	1438	1675	1601
AT2G21280	1607	1461	1651	1322	1611	1441
AT2G21290	515	535	521	558	580	550
AT2G21300	1264	1036	923	915	934	1089
AT2G21320	296	228	102	162	87	191
AT2G21330	18949	19150	14154	12510	11586	13233
AT2G21340	1825	1795	1608	1414	1577	1487
AT2G21350	50	39	32	61	70	58
AT2G21360	0	1	0	0	0	0
AT2G21370	1207	1046	1301	961	1213	1154
AT2G21380	3590	2846	3033	2387	2939	3379
AT2G21385	2049	1553	1805	1389	1907	1624
AT2G21390	4782	4241	4422	3905	5055	4797
AT2G21400	1	0	0	1	1	0
AT2G21410	2190	2065	2231	1910	2476	2306
AT2G21420	1	0	2	3	0	2
AT2G21430	48	32	32	53	65	32
AT2G21440	1131	894	915	989	1265	1129
AT2G21450	10	10	2	11	6	18
AT2G21470	1218	1002	961	1129	1369	1203
AT2G21490	12	11	8	7	14	27
AT2G21500	3046	2665	2505	2471	3502	3374
AT2G21510	163	144	141	144	178	196
AT2G21520	3777	2941	3118	3336	3915	3770
AT2G21530	2617	2648	2978	2235	2836	2255
AT2G21540	447	392	441	368	425	482
AT2G21550	188	165	111	199	151	189
AT2G21560	88	62	45	67	63	91
AT2G21580	2383	2323	2180	2675	2635	1895
AT2G21590	334	279	249	291	294	309
AT2G21600	1330	1171	1179	1083	1269	1251
AT2G21610	0	0	0	0	0	2
AT2G21620	3431	2980	2992	3551	3818	3833
AT2G21630	390	326	377	344	408	383
AT2G21640	200	184	158	362	277	136
AT2G21650	240	201	208	215	306	204
AT2G21660	23578	23314	68187	50513	85587	56960
AT2G21710	177	163	194	165	213	180
AT2G21730	17	5	12	4	10	21
AT2G21770	70	64	59	54	62	47
AT2G21780	20	6	8	10	12	10
AT2G21790	1380	1192	1231	1253	1666	1266
AT2G21800	27	26	26	22	41	26
AT2G21820	8	11	12	7	16	7
AT2G21830	291	322	252	247	209	274
AT2G21840	34	35	32	27	46	34
AT2G21850	182	159	142	175	289	189
AT2G21860	1209	977	1099	1023	1245	971
AT2G21870	6243	5613	5376	5743	6613	5913
AT2G21880	163	117	142	81	112	180
AT2G21890	16	11	15	24	15	20
AT2G21900	0	0	2	2	14	4
AT2G21910	5	1	3	5	5	4
AT2G21920	2	0	0	0	0	0
AT2G21930	3	4	0	6	5	2
AT2G21940	425	337	330	344	444	375
AT2G21950	948	792	787	554	717	747
AT2G21960	2600	2299	2291	1841	1954	2109
AT2G21970	1176	1043	899	777	1541	836
AT2G21990	2	4	2	4	2	5
AT2G22000	53	50	32	44	48	30
AT2G22010	2463	2043	1846	2067	3505	2442
AT2G22070	45	43	56	61	103	62
AT2G22080	1377	1030	889	950	1148	1207
AT2G22088	9	20	18	17	19	15
AT2G22090	457	369	381	347	395	377
AT2G22100	164	128	129	174	191	167
AT2G22120	364	342	353	411	384	362
AT2G22122	109	116	79	112	124	109
AT2G22125	5318	4942	5252	3986	5061	5560
AT2G22140	39	26	35	24	30	43
AT2G22145	0	0	0	1	0	0
AT2G22170	1202	1079	1127	1295	1365	1449
AT2G22190	468	390	349	648	784	835
AT2G22200	51	53	22	27	20	35
AT2G22201	0	0	0	2	0	0
AT2G22230	769	740	729	706	728	694
AT2G22240	872	739	397	540	361	649
AT2G22250	628	439	470	511	580	497
AT2G22260	88	70	88	68	71	76
AT2G22270	269	184	195	196	186	248
AT2G22290	6	6	5	4	2	3
AT2G22300	4672	4018	4040	3772	5334	5018
AT2G22310	202	196	172	194	197	203
AT2G22320	0	1	0	0	0	0
AT2G22330	2834	2346	1787	1817	2061	2298
AT2G22340	2	0	3	0	5	0
AT2G22360	880	695	764	638	965	800
AT2G22370	161	159	146	173	165	129
AT2G22380	1	0	0	0	0	0
AT2G22400	1901	1758	1958	1993	2369	1831
AT2G22410	60	40	48	60	78	59
AT2G22420	86	61	48	56	71	67
AT2G22425	883	868	748	848	888	769
AT2G22426	0	0	2	0	2	0
AT2G22430	9282	7550	8552	8293	8349	8906
AT2G22440	0	0	0	1	1	0
AT2G22450	1077	872	1410	1136	1783	1431
AT2G22460	1	4	2	1	7	0
AT2G22470	428	359	254	499	425	705
AT2G22475	412	385	380	448	444	424
AT2G22480	1001	881	899	1049	1461	1172
AT2G22482	36	35	33	39	31	21
AT2G22490	617	551	506	546	593	581
AT2G22496	7	3	3	3	9	4
AT2G22500	19231	16738	15034	21533	31573	24284
AT2G22510	24	23	30	31	23	22
AT2G22530	340	279	280	268	346	266
AT2G22540	4367	3528	3199	3508	3466	3745
AT2G22560	167	143	133	126	199	215
AT2G22570	230	206	204	207	261	221
AT2G22590	0	1	1	1	0	0
AT2G22600	14	10	12	15	18	7
AT2G22610	162	128	121	111	165	193
AT2G22620	54	43	17	42	52	44
AT2G22630	4	8	8	3	2	2
AT2G22640	288	253	257	250	248	199
AT2G22650	282	246	204	215	213	205
AT2G22660	3110	2627	2461	2395	3011	2814
AT2G22670	5107	4950	4420	3680	3731	3857
AT2G22680	69	57	49	93	88	101
AT2G22690	195	236	203	166	179	227
AT2G22720	1549	1319	1303	1260	1494	1434
AT2G22730	75	59	65	98	142	89
AT2G22740	636	505	511	413	461	536
AT2G22750	0	0	0	1	0	1
AT2G22760	166	147	44	107	175	172
AT2G22770	144	120	47	92	98	116
AT2G22780	2131	2090	2045	2173	2546	2333
AT2G22790	123	79	94	99	103	111
AT2G22795	1822	1253	1267	1167	1284	1623
AT2G22800	68	86	68	58	44	59
AT2G22810	86	66	63	40	14	31
AT2G22820	1	6	3	3	2	5
AT2G22821	11	25	26	15	19	20
AT2G22830	535	467	541	460	515	472
AT2G22840	292	293	267	256	276	293
AT2G22850	114	122	95	94	99	128
AT2G22860	245	224	118	220	236	276
AT2G22870	327	355	411	499	666	296
AT2G22880	1660	1647	1876	2176	2627	1698
AT2G22890	249	201	205	189	249	214
AT2G22900	332	293	236	273	265	304
AT2G22905	15	4	15	14	14	4
AT2G22910	945	738	690	778	1126	1007
AT2G22920	32	26	33	34	35	55
AT2G22930	45	19	23	17	21	28
AT2G22955	1	0	0	0	0	0
AT2G22960	1	1	0	0	0	0
AT2G22970	1483	1262	1230	1257	1254	1580
AT2G22980	2794	2686	2952	1684	1614	1692
AT2G22990	15024	12109	10117	6957	4707	8843
AT2G23000	267	258	187	473	734	548
AT2G23010	276	261	253	447	569	541
AT2G23030	21	9	12	29	26	26
AT2G23040	43	37	40	52	98	69
AT2G23050	4	4	6	3	13	4
AT2G23060	5	2	2	2	1	5
AT2G23070	2456	2096	1790	1925	2203	2034
AT2G23080	552	476	468	497	562	526
AT2G23090	5034	4444	4068	4759	4928	4539
AT2G23093	81	78	89	81	99	80
AT2G23096	5	1	0	6	3	2
AT2G23100	724	620	724	498	653	684
AT2G23110	11	11	5	1	3	10
AT2G23118	0	0	0	1	0	0
AT2G23120	6642	7238	6404	5922	5704	6831
AT2G23130	643	577	684	428	187	719
AT2G23140	857	749	747	732	839	931
AT2G23149	0	0	0	0	1	0
AT2G23150	249	231	175	253	307	288
AT2G23170	366	283	165	250	255	351
AT2G23180	141	130	95	134	125	124
AT2G23190	1	0	0	0	4	1
AT2G23200	1690	1399	1775	1281	2188	1785
AT2G23210	2	2	6	6	5	13
AT2G23220	0	0	1	0	1	0
AT2G23260	0	1	0	0	0	0
AT2G23270	109	101	44	179	214	77
AT2G23290	824	634	568	500	574	633
AT2G23300	52	42	41	36	74	63
AT2G23310	1046	1002	933	1014	981	920
AT2G23320	5761	5182	4807	5106	6926	5643
AT2G23321	11	7	2	9	11	8
AT2G23340	243	214	134	187	195	272
AT2G23348	38	42	35	42	33	41
AT2G23350	3986	3772	3919	3693	4435	3516
AT2G23360	369	317	331	256	282	353
AT2G23370	332	276	246	260	243	311
AT2G23380	426	387	334	334	432	375
AT2G23390	1719	1471	1523	1293	1635	1438
AT2G23410	1	1	0	0	0	0
AT2G23420	1278	1289	929	1030	1206	1108
AT2G23430	538	363	396	380	517	563
AT2G23450	1901	1649	1606	1588	2285	2135
AT2G23460	1001	870	954	864	1094	990
AT2G23470	168	175	138	222	265	184
AT2G23520	502	410	463	373	489	394
AT2G23530	5	13	4	10	15	13
AT2G23540	9	9	18	13	18	15
AT2G23550	25	14	13	31	24	28
AT2G23560	87	87	73	67	57	72
AT2G23570	0	1	0	0	0	0
AT2G23580	0	0	0	0	1	0
AT2G23590	22	15	22	10	23	15
AT2G23600	3583	3505	4051	2830	2685	2726
AT2G23610	1298	1109	1090	977	825	1002
AT2G23620	21	14	14	21	7	23
AT2G23660	0	1	2	0	0	0
AT2G23670	1305	1227	1389	1173	1233	1256
AT2G23672	1199	1118	1254	1060	1131	1176
AT2G23680	934	838	873	1239	2057	1296
AT2G23690	19	19	31	21	12	20
AT2G23700	131	128	120	129	190	143
AT2G23740	930	793	825	631	839	871
AT2G23755	183	135	173	115	135	134
AT2G23760	1525	1354	1497	1179	1191	1466
AT2G23770	560	437	576	432	593	503
AT2G23780	938	951	944	911	972	826
AT2G23790	598	499	492	555	757	704
AT2G23800	0	0	0	0	2	0
AT2G23810	18227	17952	17209	22215	27505	19465
AT2G23820	663	501	499	535	624	515
AT2G23830	10	11	2	16	20	5
AT2G23840	1351	1119	946	895	655	922
AT2G23890	420	303	346	437	561	361
AT2G23910	18	14	51	54	425	93
AT2G23930	1051	1032	921	1270	1351	824
AT2G23940	547	433	439	413	441	480
AT2G23945	7	8	2	5	5	3
AT2G23950	365	300	309	304	493	405
AT2G23960	6	2	1	1	4	0
AT2G23970	0	2	1	0	9	2
AT2G23980	1694	1396	1546	1512	2085	1704
AT2G23985	262	228	266	223	234	228
AT2G24000	1	0	0	0	0	0
AT2G24010	26	6	18	12	17	21
AT2G24020	2021	1820	2098	1788	2065	1671
AT2G24030	11	13	8	17	7	14
AT2G24040	153	147	127	127	132	161
AT2G24050	809	740	720	774	964	744
AT2G24060	2043	1632	1846	1589	1883	1811
AT2G24070	6	6	10	9	8	5
AT2G24090	4830	3872	4048	3359	3636	3665
AT2G24100	431	459	324	410	506	413
AT2G24103	0	0	0	0	1	0
AT2G24120	1158	1046	1205	1195	1958	1210
AT2G24130	14	4	9	3	12	12
AT2G24140	7	10	11	12	16	10
AT2G24150	1234	1044	995	1013	1126	1278
AT2G24170	256	228	218	201	169	215
AT2G24180	2112	1741	1530	1678	1922	2126
AT2G24190	99	54	60	73	72	83
AT2G24200	8748	7961	6994	7901	8686	9062
AT2G24210	86	68	65	53	16	132
AT2G24220	218	157	225	191	167	188
AT2G24230	266	236	258	201	348	323
AT2G24240	550	534	539	399	331	466
AT2G24250	99	74	89	106	86	113
AT2G24255	0	0	0	2	1	2
AT2G24260	66	47	55	72	78	91
AT2G24270	9389	7945	6186	6085	4768	7802
AT2G24280	1684	1663	1444	1331	2042	1631
AT2G24285	4	6	6	7	13	12
AT2G24290	504	531	531	502	486	398
AT2G24300	127	102	78	78	88	94
AT2G24310	7	10	8	3	6	6
AT2G24320	3	5	1	3	3	4
AT2G24330	1237	1047	1117	1191	1446	1572
AT2G24340	0	0	0	0	1	0
AT2G24350	105	86	108	83	87	93
AT2G24360	3667	3151	2804	3194	4394	3560
AT2G24370	0	0	0	1	0	0
AT2G24390	361	356	396	453	519	438
AT2G24395	192	219	228	220	213	159
AT2G24400	3	2	1	0	1	1
AT2G24410	0	0	0	0	1	0
AT2G24420	3585	2914	2751	1980	2191	2851
AT2G24430	1	4	3	2	5	2
AT2G24440	79	69	73	79	70	71
AT2G24450	0	0	0	1	2	2
AT2G24460	0	0	0	1	0	0
AT2G24480	7	1	0	1	0	1
AT2G24490	217	195	175	174	201	194
AT2G24500	1072	867	879	975	1052	864
AT2G24520	501	401	388	460	563	465
AT2G24530	183	152	150	129	155	170
AT2G24540	107	133	70	68	54	89
AT2G24545	115	134	79	69	53	95
AT2G24550	6589	4854	4238	3820	2755	4682
AT2G24560	7	5	1	1	3	3
AT2G24570	357	317	267	385	602	468
AT2G24580	387	387	298	249	311	325
AT2G24590	678	638	492	662	790	601
AT2G24592	74	73	80	90	126	59
AT2G24600	19204	15926	16426	14744	24214	20090
AT2G24610	133	170	161	131	112	168
AT2G24630	318	241	305	263	309	390
AT2G24640	494	382	363	393	457	451
AT2G24645	331	276	318	258	265	337
AT2G24650	531	423	397	423	488	498
AT2G24680	27	20	16	34	37	16
AT2G24681	2	6	4	2	3	2
AT2G24683	0	2	5	1	4	4
AT2G24690	627	476	431	427	583	536
AT2G24692	17	18	15	19	13	13
AT2G24696	4	2	1	1	0	1
AT2G24700	74	68	31	63	77	57
AT2G24720	0	2	0	0	0	0
AT2G24735	5	2	2	1	3	2
AT2G24740	3	2	1	1	2	2
AT2G24755	543	490	503	447	579	534
AT2G24762	151	141	126	142	130	166
AT2G24765	1295	1079	1083	1092	1261	1153
AT2G24790	5850	5536	5081	5395	5426	5437
AT2G24820	2938	2467	2394	2099	2550	2550
AT2G24830	484	362	359	302	347	362
AT2G24840	1	0	0	0	0	0
AT2G24850	3867	3609	2162	5874	7474	7599
AT2G24860	1233	1069	1180	1301	1553	1285
AT2G24870	11	3	8	8	2	15
AT2G24940	3732	3619	3486	4097	4515	3921
AT2G24945	3718	3614	3470	4092	4502	3913
AT2G24960	239	168	154	184	189	190
AT2G24970	66	49	57	49	71	54
AT2G24990	427	313	297	369	470	369
AT2G25000	289	229	210	241	367	375
AT2G25010	480	430	412	378	408	461
AT2G25050	667	597	482	470	470	583
AT2G25052	3	0	1	1	1	0
AT2G25060	282	351	274	269	366	284
AT2G25070	1597	1358	1409	1296	1251	1279
AT2G25080	14836	12627	11097	9404	7521	10726
AT2G25090	23	16	13	2	3	12
AT2G25095	2	1	0	0	0	0
AT2G25100	285	253	203	214	261	244
AT2G25110	1678	1336	1252	1434	1795	1502
AT2G25130	16	17	6	6	3	9
AT2G25140	446	354	360	483	719	493
AT2G25150	8	14	10	7	8	7
AT2G25160	0	0	1	0	0	0
AT2G25169	0	0	1	2	2	1
AT2G25170	2645	2253	2079	1915	2575	2555
AT2G25180	576	447	380	365	339	444
AT2G25190	581	555	568	589	812	536
AT2G25200	969	818	737	488	292	585
AT2G25210	742	935	798	981	959	541
AT2G25220	136	121	125	151	142	149
AT2G25230	0	2	0	0	0	0
AT2G25240	2	10	10	11	10	8
AT2G25250	4969	4236	3729	4221	4783	4709
AT2G25260	48	39	42	47	41	52
AT2G25270	196	229	195	220	179	171
AT2G25280	911	742	713	724	807	829
AT2G25290	769	558	547	528	821	592
AT2G25295	8	8	10	11	31	6
AT2G25300	291	208	275	229	363	273
AT2G25310	1226	1176	1122	1103	1150	1107
AT2G25320	1395	1139	1110	924	1403	1420
AT2G25330	5	3	3	5	6	4
AT2G25350	359	319	312	264	344	327
AT2G25355	152	115	138	187	231	151
AT2G25370	0	0	0	0	0	1
AT2G25420	299	288	208	227	301	260
AT2G25430	2802	2324	2272	2188	2761	2610
AT2G25440	310	242	182	141	253	188
AT2G25450	12845	10889	10606	9206	10225	14343
AT2G25460	1696	1394	913	1188	2104	1823
AT2G25470	31	29	22	38	52	40
AT2G25480	769	584	517	461	487	551
AT2G25482	1	0	2	1	0	1
AT2G25490	6125	5398	5102	5793	8111	5678
AT2G25510	37596	36183	32892	42653	64001	40409
AT2G25520	3414	3205	2908	2791	3988	3126
AT2G25530	65	74	46	84	88	77
AT2G25540	6	3	4	2	4	10
AT2G25560	325	252	242	252	274	296
AT2G25565	1	2	3	2	2	1
AT2G25570	299	225	256	290	303	264
AT2G25580	237	155	216	195	235	235
AT2G25590	578	580	502	473	636	541
AT2G25600	1	1	0	0	2	1
AT2G25605	627	550	516	455	399	463
AT2G25610	1007	971	1007	1053	1117	986
AT2G25620	273	247	240	292	422	367
AT2G25625	246	262	136	335	366	530
AT2G25640	198	184	175	160	218	166
AT2G25650	403	323	323	302	416	430
AT2G25660	2037	1756	1702	1363	2043	1995
AT2G25670	2034	1724	1707	1675	2018	1790
AT2G25680	44	33	24	51	40	53
AT2G25685	0	0	1	2	1	2
AT2G25690	245	202	212	208	266	263
AT2G25710	521	461	434	398	423	428
AT2G25720	134	179	115	160	174	150
AT2G25730	2819	2241	4010	2490	5933	3970
AT2G25735	3561	3129	3092	3205	3399	3002
AT2G25737	249	247	227	304	361	271
AT2G25740	455	427	385	426	611	471
AT2G25760	1635	1318	1396	1279	1605	1625
AT2G25770	4	1	3	7	6	4
AT2G25780	1	1	0	1	6	0
AT2G25790	111	105	161	143	301	201
AT2G25800	2411	2220	2428	1817	2239	2432
AT2G25810	31	27	5	6	7	21
AT2G25820	30	56	11	25	22	27
AT2G25830	1175	911	921	799	1013	990
AT2G25840	1000	796	1063	839	986	908
AT2G25850	1203	922	1075	947	1438	1254
AT2G25870	2301	1894	2011	1834	2407	2052
AT2G25880	78	82	83	81	72	92
AT2G25890	0	1	0	0	0	2
AT2G25900	4102	3472	3250	2086	1016	2091
AT2G25910	1689	1450	1437	1477	1449	1371
AT2G25920	402	346	289	257	342	347
AT2G25930	1286	1036	1619	1156	2254	1471
AT2G25940	4	6	3	8	12	8
AT2G25950	794	659	715	749	786	791
AT2G25964	232	188	154	190	199	167
AT2G25970	2953	2741	2594	2971	3410	2837
AT2G26000	267	226	244	263	294	247
AT2G26010	6631	7465	1873	4425	296	2229
AT2G26020	7549	7757	1703	3216	490	1873
AT2G26030	388	339	340	307	292	277
AT2G26040	27	27	18	10	10	15
AT2G26060	853	787	703	851	886	757
AT2G26070	235	248	222	276	236	197
AT2G26080	9164	8608	6988	5765	6043	7489
AT2G26090	0	0	0	1	0	0
AT2G26100	395	348	400	373	409	371
AT2G26110	595	450	451	335	311	395
AT2G26130	0	1	0	2	0	0
AT2G26135	0	0	0	1	0	0
AT2G26140	3005	2561	2430	2405	3135	3007
AT2G26150	18	21	15	98	226	28
AT2G26160	0	1	1	0	1	0
AT2G26170	286	235	205	271	472	271
AT2G26180	67	65	38	61	71	66
AT2G26190	11971	10052	10409	11280	17255	13150
AT2G26200	801	596	681	749	850	807
AT2G26210	981	803	782	817	969	899
AT2G26211	15	29	15	21	20	11
AT2G26230	1244	1017	935	1111	1217	1235
AT2G26240	1057	940	938	866	1263	923
AT2G26250	5917	5153	5178	4230	4716	5302
AT2G26260	477	423	486	375	491	430
AT2G26267	12	6	11	13	13	12
AT2G26270	98	83	86	92	85	108
AT2G26280	2730	2332	2240	2086	2597	2649
AT2G26290	10	7	6	6	6	15
AT2G26300	1824	1485	1231	1358	1721	1745
AT2G26310	30	39	30	56	75	73
AT2G26330	2462	2433	1924	1987	2076	2390
AT2G26340	2194	1900	2142	1578	1771	1811
AT2G26350	308	295	333	273	351	328
AT2G26355	670	663	677	682	776	629
AT2G26360	85	74	87	84	112	87
AT2G26370	0	0	0	2	0	0
AT2G26380	7	7	3	13	20	11
AT2G26390	118	120	67	134	188	149
AT2G26400	170	148	72	135	235	191
AT2G26410	3	3	1	0	4	0
AT2G26420	0	0	0	1	0	0
AT2G26430	1203	985	887	858	940	969
AT2G26440	2104	1626	2059	2501	3706	3222
AT2G26450	0	0	1	0	0	2
AT2G26460	549	443	413	403	587	521
AT2G26470	335	220	207	251	296	269
AT2G26480	13	7	6	19	15	12
AT2G26500	14931	13518	15523	11832	14137	11230
AT2G26510	1355	1290	1258	1193	1365	1327
AT2G26520	27	38	26	18	27	16
AT2G26530	7529	6764	7073	7422	8297	7191
AT2G26540	1480	1104	1223	964	994	1079
AT2G26550	751	669	657	526	578	595
AT2G26560	17911	15099	12812	14759	14638	14504
AT2G26570	2429	1978	1824	1419	1687	1869
AT2G26580	513	445	463	444	552	496
AT2G26590	984	807	770	918	976	964
AT2G26600	1046	907	809	1008	1280	1156
AT2G26610	0	1	0	0	2	0
AT2G26620	1	0	0	1	0	0
AT2G26640	576	519	578	478	524	577
AT2G26650	994	820	582	799	953	820
AT2G26660	439	376	372	431	509	411
AT2G26670	3302	2725	2765	2412	2702	2664
AT2G26680	492	377	440	393	433	458
AT2G26690	2175	1899	1399	1532	894	1899
AT2G26692	37	35	21	19	19	34
AT2G26695	90	59	47	77	128	116
AT2G26700	30	30	21	27	25	25
AT2G26710	217	215	141	133	123	103
AT2G26720	0	0	0	0	1	0
AT2G26730	1790	1548	1520	1550	1971	1876
AT2G26740	2902	2792	2269	2959	3313	2870
AT2G26750	182	159	127	259	188	153
AT2G26760	106	79	70	74	96	141
AT2G26770	941	777	717	804	992	969
AT2G26780	1613	1473	1373	1240	1694	1583
AT2G26790	39	38	30	39	74	40
AT2G26800	1488	1360	1023	970	885	1166
AT2G26810	294	224	229	247	231	261
AT2G26820	1	1	2	0	1	0
AT2G26830	469	355	364	411	395	407
AT2G26840	210	172	154	180	205	188
AT2G26860	189	178	155	148	223	127
AT2G26870	175	146	194	112	184	148
AT2G26890	3035	2773	2913	2476	3822	3212
AT2G26900	5687	5698	6107	6003	6866	5701
AT2G26910	5162	4506	4873	3797	5044	4616
AT2G26920	745	609	568	636	698	679
AT2G26930	1090	881	1059	918	1172	918
AT2G26940	0	2	0	0	2	0
AT2G26960	1	0	0	1	4	1
AT2G26970	366	273	275	307	330	282
AT2G26975	1036	1093	1150	880	926	1021
AT2G26980	1860	1452	1405	1175	1152	987
AT2G26990	1063	937	868	919	1024	877
AT2G27000	12	3	8	6	6	5
AT2G27010	3	1	2	0	2	0
AT2G27020	2585	1952	1931	2278	2434	2461
AT2G27030	2505	2238	2353	2199	2841	2239
AT2G27035	7	9	11	10	18	16
AT2G27040	941	910	926	881	921	1032
AT2G27050	3632	2948	2875	2472	2574	2847
AT2G27060	660	589	552	539	713	550
AT2G27080	6480	4788	4753	5154	5784	7387
AT2G27090	848	671	605	684	862	784
AT2G27100	1330	1152	1104	1229	1456	1283
AT2G27110	744	647	615	536	737	726
AT2G27120	0	0	0	0	5	1
AT2G27130	106	154	157	138	110	98
AT2G27140	79	38	51	102	144	120
AT2G27150	1049	974	754	755	990	1048
AT2G27160	0	0	0	2	0	0
AT2G27170	1560	1143	985	1028	1313	1409
AT2G27180	17	12	9	11	10	13
AT2G27190	1471	1249	1385	1566	1755	1763
AT2G27200	511	441	444	456	552	484
AT2G27210	1294	1073	973	1033	1344	1209
AT2G27220	10	8	9	6	7	5
AT2G27228	1107	983	711	871	985	1035
AT2G27229	3	2	1	5	1	4
AT2G27230	1107	983	711	871	985	1035
AT2G27240	0	0	0	0	1	0
AT2G27250	0	0	0	0	2	0
AT2G27260	1538	1264	1221	1199	1461	1698
AT2G27270	10	4	2	4	5	2
AT2G27280	1	5	0	0	0	2
AT2G27285	773	596	500	587	630	710
AT2G27290	2266	2219	2236	2022	1981	1794
AT2G27300	9	3	7	10	8	18
AT2G27310	4232	3344	2534	3293	4076	4406
AT2G27315	0	0	0	2	0	0
AT2G27330	287	236	221	232	265	244
AT2G27340	201	195	177	188	253	203
AT2G27350	1306	1123	1021	1213	1635	1257
AT2G27360	300	264	197	224	192	263
AT2G27370	0	1	0	0	0	0
AT2G27385	3411	3039	2748	2568	2232	2400
AT2G27389	40	47	20	81	65	66
AT2G27390	15	21	6	17	19	21
AT2G27400	143	141	167	170	274	132
AT2G27402	325	391	232	243	294	153
AT2G27420	7	6	4	6	3	1
AT2G27430	12	15	23	19	38	33
AT2G27450	1218	1031	967	951	1056	1134
AT2G27460	544	486	461	452	551	513
AT2G27470	165	122	128	191	200	174
AT2G27480	111	112	90	105	113	68
AT2G27490	298	242	241	244	283	246
AT2G27500	5662	4840	4318	6303	8902	8101
AT2G27505	3	10	4	15	7	4
AT2G27510	317	355	256	472	486	345
AT2G27520	0	0	1	0	0	1
AT2G27530	5724	5359	4972	5344	5997	4259
AT2G27550	2	1	1	45	103	133
AT2G27580	375	327	337	434	434	389
AT2G27590	234	228	211	200	359	227
AT2G27600	3202	2899	2801	2897	3532	3190
AT2G27610	37	33	63	48	60	45
AT2G27630	5	11	12	4	10	3
AT2G27650	0	1	1	1	1	2
AT2G27660	1105	858	817	894	1607	1218
AT2G27680	5630	4541	5132	4130	5109	4835
AT2G27690	736	667	551	653	1187	1080
AT2G27710	3421	3392	2919	3665	3890	2583
AT2G27720	3727	3897	3351	4265	4083	2672
AT2G27730	2411	2012	1797	2284	2492	2366
AT2G27740	28	27	19	21	36	41
AT2G27760	173	120	119	149	181	149
AT2G27770	202	145	159	119	146	145
AT2G27775	131	123	132	164	263	141
AT2G27780	0	0	1	0	0	1
AT2G27790	114	75	66	73	83	69
AT2G27800	89	84	74	63	77	67
AT2G27810	1148	943	1095	860	1037	1039
AT2G27820	539	540	507	566	554	578
AT2G27830	2798	2692	2282	2131	1568	1969
AT2G27840	350	360	283	453	515	316
AT2G27860	8262	6993	7159	7220	7862	7966
AT2G27880	4	1	0	4	1	2
AT2G27900	1890	1694	1831	1572	2312	1940
AT2G27920	1100	834	1019	1130	1575	1362
AT2G27930	9	14	10	10	22	20
AT2G27950	1680	1350	1153	1071	1182	1294
AT2G27960	548	522	589	584	610	556
AT2G27970	179	178	154	192	200	189
AT2G27980	1139	917	848	821	980	1090
AT2G27990	64	64	45	64	56	68
AT2G28000	8409	7869	8852	8126	10409	7493
AT2G28030	2	0	0	0	2	0
AT2G28040	7	6	7	8	8	8
AT2G28050	49	53	52	31	43	55
AT2G28056	3	6	5	4	4	1
AT2G28060	346	273	283	289	306	345
AT2G28070	752	674	608	643	869	764
AT2G28080	636	519	536	708	1192	863
AT2G28085	20	26	8	10	40	10
AT2G28090	2	0	0	0	0	0
AT2G28100	645	534	522	577	562	611
AT2G28105	92	95	77	87	86	91
AT2G28110	148	125	67	71	66	77
AT2G28120	471	370	448	282	262	409
AT2G28130	163	199	183	153	173	186
AT2G28140	76	64	60	68	85	35
AT2G28150	461	374	406	413	363	359
AT2G28160	55	49	57	71	91	51
AT2G28190	7989	6762	4164	5396	5298	5810
AT2G28200	73	77	70	43	38	76
AT2G28210	271	177	126	139	98	188
AT2G28220	0	0	1	0	0	0
AT2G28230	284	231	219	238	266	271
AT2G28240	354	239	204	220	225	273
AT2G28250	158	149	121	130	190	164
AT2G28260	145	110	101	96	179	110
AT2G28290	4248	3806	3534	2875	4466	4102
AT2G28305	1228	903	837	724	859	904
AT2G28310	755	584	620	543	682	789
AT2G28315	28	23	16	42	35	38
AT2G28320	688	607	521	579	738	699
AT2G28330	48	48	35	38	45	40
AT2G28340	0	2	0	0	0	0
AT2G28350	243	190	194	250	304	284
AT2G28360	999	869	938	827	1086	1007
AT2G28370	802	808	750	811	824	693
AT2G28380	1097	970	913	940	1188	1037
AT2G28390	1235	942	921	942	1223	1145
AT2G28400	896	621	520	710	834	975
AT2G28410	197	124	108	117	153	139
AT2G28420	9	7	14	2	16	12
AT2G28426	16	7	7	13	9	15
AT2G28430	376	497	501	484	485	394
AT2G28440	43	13	22	28	52	24
AT2G28450	868	689	565	765	920	735
AT2G28460	102	75	77	76	78	74
AT2G28470	3395	2782	2207	2376	1799	2769
AT2G28480	293	265	257	215	306	245
AT2G28500	413	319	365	319	430	416
AT2G28510	333	299	244	355	497	496
AT2G28520	1266	1086	1127	1168	1488	1348
AT2G28540	993	914	914	831	1217	952
AT2G28550	2605	2175	1830	2220	1991	2378
AT2G28560	19	16	14	17	14	21
AT2G28570	73	66	48	89	163	112
AT2G28580	42	34	19	26	25	55
AT2G28590	69	41	50	57	89	52
AT2G28600	423	308	327	401	458	286
AT2G28605	667	582	712	501	598	504
AT2G28610	0	0	2	0	3	2
AT2G28620	242	207	173	138	271	240
AT2G28630	2398	1882	2058	1579	1806	1748
AT2G28650	64	58	56	51	53	80
AT2G28660	175	169	178	210	300	223
AT2G28670	105	88	71	92	99	118
AT2G28671	95	80	64	85	83	105
AT2G28690	7	5	0	3	2	2
AT2G28700	3	0	0	1	0	0
AT2G28710	40	31	24	41	33	46
AT2G28720	1480	1081	1077	1001	1106	1404
AT2G28740	696	544	483	416	476	512
AT2G28755	3	5	5	5	10	19
AT2G28760	158	160	122	179	183	200
AT2G28780	7	4	5	13	12	20
AT2G28790	735	747	361	498	380	517
AT2G28800	15467	13400	13353	10641	10739	11859
AT2G28810	335	269	292	314	362	414
AT2G28830	551	568	455	469	578	562
AT2G28840	9413	8553	9361	8301	11172	8979
AT2G28870	72	48	48	56	72	56
AT2G28880	329	306	284	250	307	270
AT2G28890	1373	1063	1072	1007	1586	1308
AT2G28900	4551	4405	7762	9115	14947	9667
AT2G28910	8287	6918	6249	5798	6249	6597
AT2G28920	0	1	0	3	1	2
AT2G28930	507	431	604	496	541	443
AT2G28940	992	905	753	738	1046	709
AT2G28950	2677	2443	2315	1843	2141	2065
AT2G28960	2	1	0	2	0	0
AT2G28970	0	1	2	0	4	1
AT2G28990	2	0	0	0	0	0
AT2G29020	962	868	846	860	883	836
AT2G29040	0	0	0	1	0	0
AT2G29050	219	236	207	187	181	182
AT2G29060	0	1	0	0	4	0
AT2G29065	169	106	130	111	161	143
AT2G29070	207	191	188	227	342	226
AT2G29080	2634	2265	2224	2296	2625	2689
AT2G29090	104	104	51	92	117	111
AT2G29100	63	40	18	35	51	16
AT2G29110	1570	1297	837	811	1020	598
AT2G29120	1515	1264	1043	1116	1909	1466
AT2G29125	32	34	23	23	20	11
AT2G29130	25	11	12	22	45	47
AT2G29140	1352	1152	1070	1058	1452	1217
AT2G29150	2	0	0	0	0	2
AT2G29170	297	299	193	249	197	212
AT2G29180	773	695	844	608	766	544
AT2G29190	1564	1376	1360	1296	1606	1617
AT2G29200	467	422	373	494	668	440
AT2G29210	1503	1385	1252	1308	1587	1523
AT2G29220	0	0	0	0	5	0
AT2G29250	0	0	0	2	0	1
AT2G29260	43	34	46	40	84	40
AT2G29263	1	3	3	0	1	3
AT2G29290	1691	1492	1291	937	759	887
AT2G29300	643	567	445	396	326	282
AT2G29310	1452	1409	1408	1215	1087	1013
AT2G29320	1058	1033	885	807	794	921
AT2G29330	3	2	1	0	2	2
AT2G29340	2348	2418	1725	1909	1926	1823
AT2G29350	2966	2447	1096	4011	1771	4559
AT2G29360	1676	1514	1270	1227	1035	1233
AT2G29370	2	0	1	16	37	13
AT2G29380	2	1	2	0	2	1
AT2G29390	733	640	561	654	630	725
AT2G29400	3472	2744	2366	2285	3103	2716
AT2G29410	38	28	26	44	50	28
AT2G29420	185	168	143	220	220	261
AT2G29430	0	3	0	3	1	0
AT2G29440	118	106	51	90	43	62
AT2G29450	3559	2876	2311	2841	3835	2999
AT2G29452	0	1	0	0	0	0
AT2G29460	432	373	238	602	597	480
AT2G29470	89	72	37	15	18	150
AT2G29480	3	3	5	4	1	11
AT2G29490	35	24	33	24	10	56
AT2G29500	33	24	33	22	40	26
AT2G29510	3231	2529	2659	2228	2910	3236
AT2G29525	178	196	175	191	219	208
AT2G29530	733	608	509	771	877	632
AT2G29540	162	131	146	187	238	146
AT2G29550	2040	1841	2057	1912	2139	2228
AT2G29560	755	672	681	638	748	719
AT2G29570	409	428	321	453	510	436
AT2G29580	352	287	289	282	321	338
AT2G29590	247	233	169	193	196	202
AT2G29600	16	24	19	12	15	20
AT2G29620	19	23	24	30	19	15
AT2G29628	1	0	1	0	0	1
AT2G29630	19778	17593	28698	19336	36377	26197
AT2G29640	232	200	170	156	152	206
AT2G29650	6402	5365	4536	3922	3000	4718
AT2G29660	58	61	39	62	45	68
AT2G29670	8471	7036	4966	5438	4287	6107
AT2G29679	5	5	1	3	0	3
AT2G29680	165	164	148	108	91	102
AT2G29690	966	786	874	858	1086	912
AT2G29700	927	850	812	892	910	822
AT2G29710	84	89	39	43	47	48
AT2G29720	1214	1148	1159	1312	2017	1028
AT2G29730	199	226	195	149	232	257
AT2G29740	3	8	4	5	8	6
AT2G29750	27	11	12	26	20	18
AT2G29760	173	154	217	234	359	231
AT2G29890	339	281	199	299	371	387
AT2G29900	302	241	217	238	239	239
AT2G29910	266	219	176	180	215	223
AT2G29940	121	101	86	80	111	101
AT2G29950	48	46	47	49	63	54
AT2G29960	1506	1240	1167	1344	1257	1484
AT2G29970	2080	1740	1687	1280	1108	1371
AT2G29980	5252	4425	4787	3447	3852	3722
AT2G29990	522	532	435	633	923	521
AT2G29995	61	52	55	60	59	62
AT2G30000	147	141	157	183	211	153
AT2G30010	1001	919	1268	919	991	1051
AT2G30020	11900	9347	8693	10265	14168	11769
AT2G30040	2730	2436	2236	2418	2796	2586
AT2G30050	989	860	838	928	958	951
AT2G30060	1760	1575	1465	1783	1743	1663
AT2G30070	599	518	578	601	1088	625
AT2G30080	85	60	53	60	99	66
AT2G30100	888	627	416	407	423	563
AT2G30105	522	494	454	442	568	465
AT2G30110	5649	5027	5051	4879	6171	5890
AT2G30115	0	0	0	0	0	3
AT2G30120	219	159	149	152	179	187
AT2G30130	0	0	1	0	0	0
AT2G30140	1364	1044	821	1002	1548	1244
AT2G30150	366	256	295	237	294	309
AT2G30160	348	297	303	338	416	327
AT2G30170	902	826	889	798	805	710
AT2G30180	0	0	0	0	4	1
AT2G30200	1244	1154	1206	1228	1294	1175
AT2G30210	7	6	16	13	4	13
AT2G30230	435	426	479	303	379	348
AT2G30240	0	0	1	0	0	0
AT2G30250	2731	2323	2248	2135	3001	2367
AT2G30260	1204	1104	1035	1056	1136	1024
AT2G30270	624	549	593	606	662	542
AT2G30280	308	267	224	308	302	287
AT2G30290	0	0	0	2	0	0
AT2G30300	2	0	0	1	0	1
AT2G30310	0	0	1	0	0	0
AT2G30320	377	315	319	300	364	391
AT2G30330	271	201	232	237	265	241
AT2G30350	239	207	232	180	279	196
AT2G30360	2088	1737	1291	1767	2222	2195
AT2G30362	1720	1381	1025	1405	1800	1815
AT2G30370	39	21	10	22	23	25
AT2G30380	3	4	2	8	0	0
AT2G30390	2719	2257	2678	1927	3381	2633
AT2G30395	9	15	7	12	3	18
AT2G30400	5	2	4	2	12	19
AT2G30410	701	636	693	679	698	641
AT2G30420	66	67	98	53	54	57
AT2G30424	251	222	214	220	169	225
AT2G30432	13	15	21	8	10	1
AT2G30440	8813	7575	7293	7265	9997	9080
AT2G30460	420	389	360	325	361	416
AT2G30470	963	756	844	654	780	969
AT2G30480	104	73	67	72	120	102
AT2G30490	2870	2603	1996	2562	2757	2675
AT2G30500	3211	2424	2654	2569	2743	3409
AT2G30505	41	52	20	57	61	25
AT2G30520	5075	4745	3054	3283	1711	2933
AT2G30530	692	567	556	541	659	558
AT2G30540	73	62	83	83	110	109
AT2G30550	1475	1297	1133	1586	1764	1823
AT2G30560	2	2	1	0	2	0
AT2G30570	54867	66984	60779	50784	37431	44601
AT2G30575	562	393	408	320	422	423
AT2G30580	349	289	241	283	291	321
AT2G30590	756	635	725	702	957	838
AT2G30600	5320	4634	5714	4333	3568	5231
AT2G30615	919	881	996	883	577	864
AT2G30620	4061	3620	3238	3047	2775	3435
AT2G30630	4	7	5	7	2	5
AT2G30650	0	0	0	2	1	0
AT2G30660	11	11	3	14	6	9
AT2G30670	1	5	0	5	0	7
AT2G30690	10	5	3	2	2	4
AT2G30695	870	700	794	622	720	710
AT2G30700	1019	1009	918	882	1168	907
AT2G30710	661	646	599	613	714	565
AT2G30720	1137	1063	1079	1237	1587	1409
AT2G30730	2	2	0	0	1	0
AT2G30740	1215	958	842	797	1267	1171
AT2G30750	233	202	256	311	290	586
AT2G30760	110	70	86	46	203	61
AT2G30766	203	181	231	123	563	129
AT2G30770	975	761	340	505	374	704
AT2G30780	391	333	344	332	459	327
AT2G30790	354	301	182	203	101	218
AT2G30800	839	661	639	656	790	764
AT2G30820	55	43	50	37	46	56
AT2G30830	25	9	23	17	10	36
AT2G30840	38	38	46	43	55	54
AT2G30860	37996	37447	40454	41121	47995	41207
AT2G30870	18700	15658	16741	20066	28241	20966
AT2G30880	815	683	608	675	879	796
AT2G30890	94	83	76	77	103	97
AT2G30900	39	25	22	27	32	21
AT2G30910	339	312	395	319	453	295
AT2G30920	303	316	298	270	323	287
AT2G30930	3591	3443	3833	3601	4282	5165
AT2G30933	13	8	8	32	45	36
AT2G30940	1	0	0	1	1	0
AT2G30942	61	64	73	79	75	72
AT2G30945	94	79	61	61	104	114
AT2G30950	27269	24437	25376	18711	21632	22161
AT2G30960	153	152	136	143	163	164
AT2G30970	1935	1722	1885	1938	2501	2114
AT2G30980	2749	2394	2585	2406	3177	2610
AT2G30984	1	3	1	1	2	3
AT2G30985	0	2	1	0	1	3
AT2G30990	2345	1989	2399	2166	2942	2674
AT2G31010	639	609	989	559	969	1087
AT2G31018	9	8	10	3	5	6
AT2G31020	325	259	307	175	343	174
AT2G31030	2	0	0	0	1	1
AT2G31035	3	0	1	3	1	0
AT2G31040	4534	4012	5156	3753	5524	4755
AT2G31060	1107	876	891	1402	2413	1340
AT2G31070	1243	913	916	788	794	1142
AT2G31085	0	0	0	0	5	0
AT2G31090	612	750	684	856	937	648
AT2G31100	20	18	9	9	12	7
AT2G31110	364	302	243	405	524	537
AT2G31130	239	202	171	221	241	254
AT2G31140	533	425	441	535	571	528
AT2G31141	22	29	24	22	24	35
AT2G31150	513	466	424	401	533	412
AT2G31160	73	72	35	52	28	60
AT2G31170	745	669	835	619	822	627
AT2G31180	11	7	6	5	3	5
AT2G31190	436	373	401	365	431	484
AT2G31200	967	891	969	1139	1276	950
AT2G31210	3	6	6	1	4	10
AT2G31220	14	17	8	5	8	9
AT2G31230	250	200	157	227	220	222
AT2G31240	308	225	289	357	475	328
AT2G31250	8	9	3	7	4	7
AT2G31260	891	780	877	816	1122	993
AT2G31270	179	161	167	127	173	147
AT2G31280	651	513	480	533	761	641
AT2G31290	169	150	153	167	136	158
AT2G31300	410	345	274	283	276	308
AT2G31305	159	165	194	179	205	164
AT2G31320	240	216	182	187	245	232
AT2G31335	0	1	0	1	1	0
AT2G31340	279	204	192	297	356	270
AT2G31345	4	4	3	4	3	5
AT2G31350	1400	1100	1008	1050	1094	1174
AT2G31360	5267	4396	5493	4514	3795	5705
AT2G31370	1326	1112	938	1063	1162	1302
AT2G31380	630	656	292	439	113	288
AT2G31390	1207	1272	944	1543	1324	1520
AT2G31400	7483	6382	6025	5628	7197	7463
AT2G31410	704	629	535	721	679	651
AT2G31420	1	2	4	0	0	1
AT2G31425	0	0	1	0	0	1
AT2G31430	0	1	0	0	0	0
AT2G31440	570	634	580	568	556	496
AT2G31450	354	319	307	301	342	309
AT2G31490	1390	1352	1211	1456	1564	1264
AT2G31510	1980	1754	1634	1684	1830	1918
AT2G31530	665	472	492	540	605	562
AT2G31540	0	0	0	0	3	0
AT2G31550	0	1	0	2	3	2
AT2G31560	305	283	194	228	272	269
AT2G31570	2379	2113	1632	1673	1277	1856
AT2G31580	326	296	317	308	378	308
AT2G31585	390	406	362	291	344	302
AT2G31590	2	3	1	1	2	1
AT2G31600	107	81	92	85	111	114
AT2G31610	4738	3822	3388	4053	4679	3743
AT2G31650	240	199	234	231	299	252
AT2G31660	2006	1675	1745	1589	2346	1924
AT2G31670	1470	1354	1253	1332	1280	1533
AT2G31680	523	434	385	447	439	529
AT2G31690	1	4	5	2	3	2
AT2G31710	279	281	250	295	304	277
AT2G31720	0	0	0	0	0	2
AT2G31725	112	89	108	127	168	92
AT2G31730	147	109	157	108	134	135
AT2G31740	727	603	682	717	1119	755
AT2G31750	482	394	355	344	369	508
AT2G31751	198	161	136	168	194	194
AT2G31780	0	0	0	0	1	0
AT2G31790	1789	1466	1367	1290	1404	1486
AT2G31800	6633	5560	5605	5547	7051	6683
AT2G31810	4515	3746	3988	3254	4614	4306
AT2G31820	2571	2210	1849	2300	2894	2864
AT2G31830	90	70	83	63	96	84
AT2G31840	965	822	798	867	942	778
AT2G31862	2	1	1	4	2	0
AT2G31865	2040	1981	1847	2238	3435	2176
AT2G31870	429	416	473	511	710	634
AT2G31880	29605	25308	23466	25486	35838	29508
AT2G31890	5973	5336	5173	6395	7705	5755
AT2G31900	347	271	242	268	377	358
AT2G31902	240	182	162	165	281	256
AT2G31910	7	10	2	1	9	11
AT2G31920	1	4	5	3	8	4
AT2G31930	0	0	0	0	1	1
AT2G31940	3	3	4	2	11	3
AT2G31945	65	36	39	45	54	58
AT2G31955	787	718	723	885	1181	841
AT2G31957	1	1	1	2	4	3
AT2G31960	3692	3006	3007	2514	4033	3698
AT2G31970	873	662	604	652	1055	867
AT2G31980	55	64	30	27	38	42
AT2G31985	1	0	0	1	0	0
AT2G31990	446	393	325	415	619	469
AT2G32000	766	626	580	534	668	715
AT2G32010	732	700	588	505	591	496
AT2G32020	27	21	20	35	68	54
AT2G32030	693	696	647	1040	1373	987
AT2G32040	1152	1078	1104	1004	1176	1069
AT2G32050	1	1	1	2	4	3
AT2G32060	1817	2015	1819	2138	2170	1449
AT2G32070	940	735	710	781	883	793
AT2G32080	2961	2637	2447	2022	2248	2410
AT2G32090	1063	994	954	771	682	818
AT2G32100	112	124	63	65	36	100
AT2G32120	73	63	38	49	69	50
AT2G32130	138	108	66	171	223	163
AT2G32140	1618	1232	851	2008	2709	2180
AT2G32150	3240	2905	1987	2758	2441	3985
AT2G32160	2647	2088	1489	1663	1792	1731
AT2G32170	1160	1031	962	909	1071	975
AT2G32179	596	478	589	591	560	535
AT2G32180	590	477	588	586	559	533
AT2G32190	152	188	214	341	323	222
AT2G32200	307	348	342	383	313	235
AT2G32210	673	741	735	998	928	796
AT2G32220	205	173	203	244	256	123
AT2G32230	2213	1843	1911	1530	1875	1646
AT2G32235	1781	1437	1310	1625	2211	1489
AT2G32240	5899	4703	4646	4585	7552	5354
AT2G32250	534	494	411	443	651	504
AT2G32260	1337	1108	1086	1155	1333	1411
AT2G32270	3	5	7	7	3	2
AT2G32275	0	0	0	0	1	0
AT2G32280	49	66	81	116	167	98
AT2G32290	370	284	479	358	1029	649
AT2G32295	291	252	220	254	333	266
AT2G32300	0	2	2	3	2	3
AT2G32315	2	1	0	0	2	0
AT2G32320	566	454	446	534	646	492
AT2G32340	138	126	94	109	190	152
AT2G32350	0	0	0	2	0	0
AT2G32380	285	249	276	273	365	280
AT2G32390	464	379	425	329	376	409
AT2G32400	898	838	744	800	1332	899
AT2G32410	199	174	180	163	192	138
AT2G32415	355	350	352	297	287	318
AT2G32430	168	157	134	173	203	174
AT2G32440	794	616	590	597	715	654
AT2G32450	601	484	496	367	377	539
AT2G32460	3	1	1	0	1	0
AT2G32470	353	356	401	327	429	315
AT2G32480	2891	2291	2681	2010	2981	2452
AT2G32487	153	143	92	84	81	107
AT2G32500	1046	974	1052	865	1060	852
AT2G32510	64	61	32	33	29	34
AT2G32520	1553	1439	1378	1506	1710	1455
AT2G32530	96	78	36	82	103	86
AT2G32540	416	370	214	182	160	194
AT2G32550	7	13	9	4	4	4
AT2G32560	1725	1408	1270	1120	1138	1225
AT2G32580	1647	1268	1213	1324	1214	1409
AT2G32590	99	98	63	65	80	82
AT2G32600	789	645	712	820	766	772
AT2G32610	0	0	1	4	0	0
AT2G32620	0	0	0	0	0	1
AT2G32630	68	51	47	52	56	57
AT2G32640	698	687	653	471	650	582
AT2G32645	373	333	415	421	447	326
AT2G32650	888	718	861	824	895	759
AT2G32660	41	42	28	31	23	104
AT2G32670	40	53	23	25	25	21
AT2G32680	5332	4200	3393	2141	3876	2455
AT2G32690	4771	4672	4382	3570	2929	2754
AT2G32700	3434	2752	2947	2809	3909	3852
AT2G32710	547	397	419	359	337	344
AT2G32720	469	360	274	334	348	395
AT2G32730	3335	2962	2955	2862	3444	3300
AT2G32740	0	0	0	0	4	3
AT2G32750	3	6	4	4	7	6
AT2G32760	338	309	298	311	396	387
AT2G32765	63	63	38	40	82	63
AT2G32770	39	23	16	36	25	23
AT2G32780	0	0	1	0	0	1
AT2G32790	4	1	2	7	2	7
AT2G32795	128	127	124	113	133	129
AT2G32800	3835	3145	2679	2484	3557	2887
AT2G32810	2624	2173	2183	1810	2362	2498
AT2G32820	0	0	0	0	3	1
AT2G32830	14	19	17	42	37	44
AT2G32840	245	163	146	190	203	187
AT2G32850	1223	1059	1135	1057	1233	1263
AT2G32860	847	684	612	884	1352	1600
AT2G32870	3124	2762	2516	1317	1880	1737
AT2G32880	1244	1110	1042	568	583	760
AT2G32885	9	3	8	6	6	1
AT2G32890	53	46	44	43	63	62
AT2G32900	636	531	584	577	708	601
AT2G32905	1	1	0	0	3	0
AT2G32910	864	722	747	652	838	761
AT2G32920	1291	1165	1224	1359	1708	1462
AT2G32930	1060	1037	900	959	1418	1083
AT2G32940	69	77	43	52	41	45
AT2G32950	951	743	683	735	819	814
AT2G32960	56	59	37	39	69	50
AT2G32970	1109	962	1082	782	906	1005
AT2G32980	475	414	379	403	439	397
AT2G32990	681	542	285	259	170	290
AT2G33000	4	4	7	2	2	5
AT2G33020	44	32	33	48	48	74
AT2G33040	5912	5084	5115	5351	6161	5864
AT2G33050	981	756	754	710	835	945
AT2G33051	957	725	726	675	791	882
AT2G33060	188	167	125	131	131	157
AT2G33070	2	2	2	0	6	6
AT2G33080	88	69	35	96	152	68
AT2G33090	0	0	0	0	2	1
AT2G33100	10	9	4	9	21	14
AT2G33110	689	706	589	870	1130	697
AT2G33120	3608	3449	3169	3824	4825	3736
AT2G33130	1	2	2	0	0	0
AT2G33150	13200	11599	11198	11176	12079	13769
AT2G33160	0	1	3	1	1	1
AT2G33170	810	670	743	793	1497	896
AT2G33175	5	5	4	9	4	9
AT2G33180	661	587	579	531	590	564
AT2G33205	19	16	8	15	25	9
AT2G33210	998	877	880	1254	1840	1178
AT2G33220	1548	1598	1658	1644	1851	1763
AT2G33230	0	0	2	1	0	1
AT2G33240	20	20	9	17	23	18
AT2G33250	750	560	478	438	359	500
AT2G33255	670	534	614	470	555	526
AT2G33260	7	2	3	1	1	7
AT2G33280	11	9	4	6	2	4
AT2G33290	339	237	264	257	319	263
AT2G33300	0	0	0	1	1	0
AT2G33310	677	506	453	517	631	560
AT2G33320	308	265	256	248	317	262
AT2G33330	600	460	590	389	456	512
AT2G33340	3608	3351	3000	3040	3549	3295
AT2G33350	33	29	24	9	1	16
AT2G33360	337	322	285	231	331	351
AT2G33370	1911	1944	1661	2096	2228	1470
AT2G33380	1440	1128	566	887	449	1366
AT2G33385	19	10	12	8	14	13
AT2G33390	1309	1057	1009	990	1125	1262
AT2G33400	331	328	291	306	357	278
AT2G33410	1480	1234	1124	1306	1518	1429
AT2G33420	0	1	0	2	1	2
AT2G33430	2057	1801	1948	1960	2181	1900
AT2G33435	411	361	332	287	520	513
AT2G33440	396	337	305	385	402	366
AT2G33450	5160	4052	4580	3755	4195	4229
AT2G33460	8	2	8	6	4	8
AT2G33470	1232	1454	1287	1440	1547	1061
AT2G33480	365	243	253	249	383	241
AT2G33490	714	541	533	577	914	692
AT2G33500	359	278	263	245	269	284
AT2G33510	305	304	297	275	321	314
AT2G33520	3	0	1	0	3	2
AT2G33530	1195	1095	888	1008	1223	1134
AT2G33540	1179	896	868	797	990	1232
AT2G33550	459	361	317	347	330	445
AT2G33560	77	62	70	80	65	120
AT2G33570	666	595	647	591	558	739
AT2G33580	5228	4335	3875	3908	5624	5199
AT2G33585	135	126	106	122	146	122
AT2G33590	1021	929	701	939	989	999
AT2G33600	718	643	697	685	739	606
AT2G33610	735	618	555	586	653	669
AT2G33620	930	759	642	758	828	811
AT2G33630	1787	1513	1524	1460	1738	1639
AT2G33640	44	37	31	25	48	37
AT2G33680	95	84	94	107	174	98
AT2G33700	687	557	530	519	559	604
AT2G33710	30	34	25	19	31	26
AT2G33720	0	0	0	1	2	1
AT2G33730	2229	1801	1873	1948	2615	2250
AT2G33735	56	59	76	57	68	75
AT2G33740	625	652	651	692	711	556
AT2G33750	23	12	13	16	12	12
AT2G33760	29	19	20	26	58	36
AT2G33770	4657	4362	4307	6324	10408	9606
AT2G33775	3	0	4	1	2	0
AT2G33780	4	3	0	0	3	1
AT2G33793	58	51	30	51	48	63
AT2G33796	1	2	0	2	0	0
AT2G33800	8633	6944	7636	6339	7050	7425
AT2G33810	456	441	394	442	393	452
AT2G33815	452	437	390	439	384	447
AT2G33820	285	221	223	208	281	259
AT2G33830	8226	8619	18732	12452	21051	13634
AT2G33835	350	276	291	239	305	320
AT2G33840	625	582	497	604	625	504
AT2G33845	529	539	489	716	770	611
AT2G33847	27	28	28	37	57	16
AT2G33850	1679	1118	881	847	667	982
AT2G33855	633	479	564	426	638	572
AT2G33860	1077	967	1020	875	1010	947
AT2G33880	3	1	0	1	0	1
AT2G33980	172	166	163	150	209	134
AT2G33990	583	473	448	397	439	511
AT2G34000	1	2	3	3	3	11
AT2G34010	126	99	82	76	73	92
AT2G34030	3	5	5	2	4	3
AT2G34040	1418	1212	1120	1219	1467	1393
AT2G34050	157	178	135	185	272	190
AT2G34060	175	130	132	129	90	139
AT2G34070	573	546	398	679	673	891
AT2G34080	21	10	10	39	17	33
AT2G34090	1416	1197	1493	1322	1536	1687
AT2G34100	1	1	0	0	4	2
AT2G34110	1441	1207	1505	1363	1554	1724
AT2G34140	7	12	16	12	19	19
AT2G34150	205	171	179	206	298	162
AT2G34160	390	330	405	396	478	394
AT2G34170	606	541	549	459	506	509
AT2G34180	78	64	86	43	43	63
AT2G34185	11	6	7	10	4	11
AT2G34190	95	80	68	79	123	105
AT2G34200	139	105	126	107	136	175
AT2G34210	5	0	2	2	1	2
AT2G34220	9	10	6	18	21	12
AT2G34224	0	2	1	0	4	0
AT2G34230	7	6	7	9	15	4
AT2G34238	1	1	3	0	4	2
AT2G34240	20	14	12	22	39	27
AT2G34250	7805	7633	7359	7498	10031	8026
AT2G34260	277	214	225	423	523	262
AT2G34270	0	0	0	0	0	2
AT2G34300	1271	1072	1067	974	954	1150
AT2G34310	1408	1073	955	922	922	1036
AT2G34315	0	1	0	0	0	3
AT2G34320	0	0	1	0	0	0
AT2G34330	0	1	1	1	3	0
AT2G34340	19	13	22	15	17	21
AT2G34350	0	1	0	1	1	1
AT2G34355	390	368	370	315	362	317
AT2G34357	1372	1067	1060	1334	1917	1300
AT2G34360	9	8	16	27	24	20
AT2G34370	2	0	0	1	0	1
AT2G34380	145	135	123	119	131	158
AT2G34390	33	16	23	17	17	24
AT2G34400	87	75	82	112	120	100
AT2G34410	596	514	517	484	543	540
AT2G34420	285515	342949	300527	261893	150692	269130
AT2G34430	150759	165686	147416	101421	38439	117303
AT2G34440	26	11	8	19	17	15
AT2G34450	107	94	51	89	72	93
AT2G34460	1918	1831	1531	1571	1249	1407
AT2G34470	1708	1602	1562	1669	1961	1806
AT2G34480	8829	8039	6888	8524	8712	6879
AT2G34490	553	504	477	842	981	1054
AT2G34500	46	63	22	42	43	60
AT2G34510	2736	2361	3069	1484	1521	2135
AT2G34520	606	560	537	556	558	428
AT2G34530	16	14	12	26	42	37
AT2G34540	6	11	8	19	27	23
AT2G34555	1	1	3	0	3	0
AT2G34560	1484	1364	1149	1069	966	1088
AT2G34570	228	180	153	229	244	206
AT2G34580	5	6	6	10	20	7
AT2G34585	775	922	933	1010	1115	771
AT2G34590	2143	1977	1955	1876	2011	1902
AT2G34600	1500	1285	999	983	1390	1622
AT2G34610	2	3	0	3	1	3
AT2G34620	1667	1527	1123	1057	628	979
AT2G34630	754	693	539	619	664	646
AT2G34640	1865	1304	1518	1421	1475	1641
AT2G34650	316	311	240	313	420	300
AT2G34655	756	668	714	786	782	528
AT2G34660	1619	1340	1097	1340	2600	1973
AT2G34670	157	126	106	96	127	138
AT2G34680	2244	1804	1921	1523	1892	2389
AT2G34690	1344	1075	1168	1189	1312	1153
AT2G34710	666	687	557	563	719	754
AT2G34720	871	728	340	547	466	480
AT2G34730	502	404	341	371	476	447
AT2G34740	0	0	0	0	1	0
AT2G34750	1975	1676	1780	1885	2068	1885
AT2G34770	1539	1206	1758	1242	1658	1966
AT2G34780	460	449	432	514	828	508
AT2G34790	57	50	33	41	55	68
AT2G34810	1372	1058	834	1389	1307	2061
AT2G34830	9	13	4	9	4	14
AT2G34840	297	261	212	300	296	294
AT2G34850	72	69	39	51	64	50
AT2G34860	3224	2925	2949	2485	2994	2535
AT2G34870	0	1	0	0	0	0
AT2G34880	0	1	0	0	0	0
AT2G34900	466	354	346	482	524	427
AT2G34910	20	12	19	18	25	27
AT2G34920	112	88	100	86	127	111
AT2G34925	31	39	44	37	32	27
AT2G34930	3450	3076	3024	2268	3251	3832
AT2G34940	146	122	120	119	219	133
AT2G34960	98	70	41	55	66	53
AT2G34970	668	557	634	610	725	676
AT2G34980	24	19	15	16	28	23
AT2G34990	0	0	0	1	1	0
AT2G35000	8	17	9	13	30	32
AT2G35010	520	502	485	623	734	571
AT2G35020	1214	1046	868	785	961	1009
AT2G35030	109	74	69	67	155	102
AT2G35035	50	33	37	26	35	31
AT2G35040	1632	1449	1571	1634	2004	1661
AT2G35050	8511	7148	7598	6158	8552	8555
AT2G35060	2389	2075	1490	1843	1540	2535
AT2G35070	45	35	16	107	98	106
AT2G35075	29	13	17	6	6	6
AT2G35090	0	1	0	1	2	0
AT2G35100	447	366	372	353	374	358
AT2G35110	1727	1466	1445	1287	1665	1658
AT2G35120	469	461	387	435	468	462
AT2G35130	501	451	402	367	417	414
AT2G35140	26	25	28	25	41	20
AT2G35150	60	37	36	38	40	25
AT2G35155	656	560	607	497	579	612
AT2G35160	68	52	51	41	52	82
AT2G35170	193	151	179	119	162	149
AT2G35190	478	388	355	256	329	372
AT2G35200	5	1	0	2	0	1
AT2G35210	12	7	9	7	10	8
AT2G35230	608	414	471	423	511	641
AT2G35240	622	523	479	693	781	666
AT2G35250	2	0	0	0	0	0
AT2G35260	9141	7750	7303	6469	5245	6654
AT2G35270	0	1	0	1	3	2
AT2G35290	671	639	608	736	759	651
AT2G35300	2	0	0	0	1	2
AT2G35310	22	19	6	13	15	6
AT2G35320	545	461	456	419	506	466
AT2G35330	1111	875	866	891	1066	1107
AT2G35340	294	245	176	217	307	261
AT2G35345	8	15	9	12	14	10
AT2G35350	70	67	74	90	110	117
AT2G35360	239	195	165	242	228	206
AT2G35370	7421	6874	8333	5959	9061	6195
AT2G35380	3	0	5	0	8	6
AT2G35382	0	1	3	3	3	0
AT2G35384	1	1	0	1	1	3
AT2G35387	4	2	1	3	7	5
AT2G35390	1324	1154	1301	1146	1845	1303
AT2G35410	2813	2430	2947	2313	2813	2341
AT2G35420	133	88	113	103	107	83
AT2G35430	88	69	72	92	95	54
AT2G35450	820	878	951	807	923	765
AT2G35470	576	538	512	562	467	645
AT2G35480	57	42	80	112	88	45
AT2G35490	4760	3644	3777	3219	3701	4032
AT2G35500	1315	1196	1379	1068	1258	1161
AT2G35510	2261	1871	1761	1738	2356	2131
AT2G35520	341	349	350	441	443	373
AT2G35530	404	382	335	326	431	441
AT2G35540	152	105	124	109	113	108
AT2G35550	46	29	31	53	70	58
AT2G35585	29	26	27	37	30	23
AT2G35600	46	40	17	46	68	53
AT2G35605	234	227	215	278	318	172
AT2G35610	1158	891	937	941	1348	1204
AT2G35620	1199	1150	1092	931	1187	1134
AT2G35630	2760	2380	2358	2134	3135	2651
AT2G35635	1913	1529	1530	1791	2266	2004
AT2G35637	140	111	126	77	98	78
AT2G35640	129	116	120	70	91	74
AT2G35650	912	837	902	766	901	958
AT2G35658	210	229	188	300	423	243
AT2G35660	440	440	379	295	315	331
AT2G35670	2	0	0	0	1	1
AT2G35680	4638	3962	3221	3213	3445	3843
AT2G35690	621	555	579	424	554	599
AT2G35700	24	37	20	39	26	44
AT2G35710	1355	1083	1120	1174	1304	1366
AT2G35720	499	439	421	542	719	523
AT2G35730	29	26	9	49	12	24
AT2G35733	2	4	3	1	1	3
AT2G35736	139	122	108	112	151	137
AT2G35738	75	33	29	40	55	64
AT2G35740	109	85	89	80	93	107
AT2G35742	5	2	3	0	2	3
AT2G35744	35	29	40	25	31	22
AT2G35747	0	0	0	0	0	2
AT2G35750	91	67	84	97	76	116
AT2G35760	362	360	308	408	399	464
AT2G35765	0	1	0	1	0	2
AT2G35770	4	3	0	7	8	4
AT2G35780	2146	1934	1965	1765	1771	1903
AT2G35790	523	494	446	677	890	569
AT2G35795	611	562	510	611	582	488
AT2G35800	1954	1597	1533	1308	1315	1534
AT2G35810	672	636	515	594	879	676
AT2G35820	662	581	616	458	495	476
AT2G35830	2005	1625	1450	1079	1494	1354
AT2G35840	2318	1882	1793	1565	1806	1841
AT2G35850	3	7	8	9	2	10
AT2G35859	1621	1363	943	1175	915	1418
AT2G35860	2164	1767	1240	1563	1220	1775
AT2G35880	2426	1884	2285	1956	2635	2451
AT2G35890	0	0	1	0	0	0
AT2G35900	545	494	465	521	476	498
AT2G35910	36	17	34	27	28	40
AT2G35920	1039	858	753	782	955	948
AT2G35930	7337	5996	5984	6928	9515	9666
AT2G35940	3780	3212	2502	2932	3986	4034
AT2G35945	728	693	535	563	787	939
AT2G35950	46	27	13	18	16	30
AT2G35960	753	657	611	462	516	729
AT2G35970	17	9	9	9	9	6
AT2G35980	454	376	223	270	219	257
AT2G35990	1	0	1	0	0	0
AT2G36000	2042	1577	1579	1195	1358	1482
AT2G36010	142	119	154	128	149	133
AT2G36020	0	0	1	1	5	2
AT2G36026	74	52	51	53	40	71
AT2G36030	13	6	3	8	6	2
AT2G36050	269	212	249	188	85	187
AT2G36060	2287	1909	1777	1734	1665	1697
AT2G36070	875	632	606	748	1016	886
AT2G36080	554	523	419	481	318	568
AT2G36090	93	72	60	89	92	113
AT2G36100	0	2	6	5	5	2
AT2G36110	15	7	21	25	26	29
AT2G36120	1450	1436	1529	3095	3788	3478
AT2G36130	872	693	689	708	729	632
AT2G36145	916	808	983	727	963	994
AT2G36150	0	0	0	0	1	0
AT2G36160	3024	3293	2879	3563	3514	2447
AT2G36170	1584	1453	1300	1636	1708	1229
AT2G36190	0	0	1	0	0	0
AT2G36200	290	232	245	223	238	334
AT2G36210	1	0	3	1	0	0
AT2G36220	4591	3978	3557	5150	5933	6126
AT2G36230	494	390	449	455	606	457
AT2G36240	1000	706	785	680	971	912
AT2G36250	2589	2200	2538	2492	3212	2494
AT2G36260	2	0	1	0	0	0
AT2G36261	0	2	0	0	0	4
AT2G36270	51	57	39	42	101	49
AT2G36290	400	440	450	450	434	419
AT2G36295	0	0	0	0	2	1
AT2G36300	518	523	566	546	582	509
AT2G36305	165	174	132	136	157	145
AT2G36307	36	28	20	28	54	39
AT2G36310	1265	941	951	819	744	881
AT2G36320	2754	2625	2397	2143	1568	1731
AT2G36325	2	3	2	0	0	2
AT2G36330	433	392	345	430	613	441
AT2G36340	279	213	208	218	190	228
AT2G36350	514	466	370	333	306	341
AT2G36355	114	132	133	175	179	127
AT2G36360	859	754	831	768	974	800
AT2G36370	251	199	200	194	268	243
AT2G36380	2087	1747	1678	2375	2495	2407
AT2G36390	4010	3542	5877	5909	12468	8809
AT2G36400	521	454	443	363	314	403
AT2G36410	1608	1178	1520	1334	2039	2019
AT2G36420	604	512	435	501	731	674
AT2G36430	910	879	873	737	1206	850
AT2G36440	28	18	10	3	14	11
AT2G36460	4702	4051	4785	6224	8517	5686
AT2G36470	352	307	344	369	537	355
AT2G36480	715	632	647	568	621	673
AT2G36485	101	118	92	100	118	100
AT2G36490	1821	1669	1626	1121	1843	1841
AT2G36500	92	59	86	47	89	59
AT2G36530	12833	11093	11172	14297	16238	13471
AT2G36540	12	12	13	17	17	17
AT2G36570	434	377	336	381	395	547
AT2G36580	1548	1337	1265	1816	3321	1791
AT2G36590	46	40	52	43	24	41
AT2G36610	1	1	0	2	7	0
AT2G36620	2884	2404	2044	2436	2406	2126
AT2G36630	568	486	344	454	291	335
AT2G36640	4	0	0	2	1	6
AT2G36650	38	21	31	49	57	65
AT2G36660	13	7	8	12	9	8
AT2G36670	488	466	437	426	503	459
AT2G36680	1018	827	734	802	1102	880
AT2G36690	35	33	16	35	45	31
AT2G36710	3	0	1	0	0	0
AT2G36720	1425	1199	1224	1021	1467	1383
AT2G36724	0	0	0	2	0	1
AT2G36730	79	84	60	71	145	82
AT2G36740	432	291	331	271	303	294
AT2G36750	2	1	2	9	8	1
AT2G36760	1	0	1	2	2	1
AT2G36770	392	323	327	368	336	342
AT2G36780	275	236	290	236	278	298
AT2G36790	294	311	343	346	327	350
AT2G36792	304	314	348	326	322	349
AT2G36800	496	402	376	385	337	387
AT2G36810	1653	1507	1563	1396	2023	1710
AT2G36815	0	1	0	1	0	0
AT2G36830	3830	4499	4812	3971	4017	4441
AT2G36835	1117	966	1131	1050	1579	1035
AT2G36840	246	202	216	212	344	248
AT2G36850	3108	2590	2624	2443	3645	3121
AT2G36854	2	5	2	4	5	8
AT2G36870	642	491	295	341	179	388
AT2G36880	6113	5913	4951	5969	6426	6299
AT2G36885	274	233	276	203	199	215
AT2G36890	35	23	15	14	19	23
AT2G36895	1166	990	915	710	741	756
AT2G36900	607	537	520	567	535	521
AT2G36910	3962	3542	3146	3311	3151	3614
AT2G36920	0	0	0	1	1	0
AT2G36930	1165	996	782	1143	1137	889
AT2G36950	409	379	280	378	367	447
AT2G36960	432	453	409	390	483	484
AT2G36970	342	336	432	431	594	484
AT2G36980	62	39	50	39	82	42
AT2G36985	20	19	9	10	1	24
AT2G36990	2742	2162	2352	1860	2272	2090
AT2G37000	0	0	1	3	2	2
AT2G37020	361	344	316	401	479	279
AT2G37025	229	167	168	116	130	222
AT2G37030	6	4	16	5	8	6
AT2G37035	498	429	424	345	501	475
AT2G37040	2375	2101	1109	2245	2830	2567
AT2G37050	1058	931	863	810	1122	1122
AT2G37060	75	79	58	74	73	76
AT2G37070	15	16	13	25	24	17
AT2G37080	1079	761	631	627	646	872
AT2G37090	36	18	26	22	27	37
AT2G37100	119	97	86	82	60	68
AT2G37110	3284	3529	3282	3931	4527	3466
AT2G37120	363	427	423	493	421	324
AT2G37130	5860	5152	5748	3482	2853	5754
AT2G37140	0	4	0	0	1	0
AT2G37150	512	443	414	413	542	495
AT2G37160	590	597	515	468	600	569
AT2G37170	1788	1691	1242	1336	1076	1392
AT2G37180	595	494	277	400	236	447
AT2G37190	2899	2641	2240	2694	2992	2342
AT2G37195	65	52	60	66	64	75
AT2G37200	733	751	653	772	777	768
AT2G37210	17	10	3	10	23	8
AT2G37220	26164	21855	27931	21966	29537	25990
AT2G37230	653	549	574	630	761	669
AT2G37240	728	626	475	766	820	770
AT2G37250	1088	932	904	1248	1538	1075
AT2G37260	118	98	99	148	292	190
AT2G37270	2081	2282	2072	2599	2623	1686
AT2G37280	68	70	48	70	111	80
AT2G37290	13	12	11	7	18	11
AT2G37300	97	66	41	46	58	55
AT2G37310	99	103	109	98	190	114
AT2G37320	65	47	67	68	95	42
AT2G37330	93	99	103	77	91	96
AT2G37340	2451	1926	1786	2037	2083	2111
AT2G37360	206	199	234	225	278	220
AT2G37362	221	214	241	240	286	230
AT2G37370	7	4	4	3	2	0
AT2G37380	22	30	24	24	24	23
AT2G37390	93	58	44	52	40	53
AT2G37400	576	479	494	613	668	610
AT2G37410	2611	2256	2086	2401	2814	2479
AT2G37420	204	144	156	157	213	242
AT2G37430	402	338	314	298	424	289
AT2G37435	0	0	0	0	1	0
AT2G37440	4	4	1	5	4	0
AT2G37450	781	722	782	557	783	608
AT2G37460	437	346	262	319	254	547
AT2G37470	789	783	637	697	487	611
AT2G37478	4162	3618	3660	3469	4032	3736
AT2G37480	4162	3618	3660	3469	4032	3736
AT2G37500	897	786	815	967	1144	961
AT2G37510	50	63	54	68	87	45
AT2G37520	1614	1522	1372	1334	1699	1537
AT2G37530	37	40	46	35	28	32
AT2G37540	1053	927	1296	904	1654	1104
AT2G37550	3049	2498	2654	2556	3128	3163
AT2G37555	835	805	797	723	874	931
AT2G37560	88	53	60	52	84	45
AT2G37570	1163	923	840	828	927	1116
AT2G37580	305	272	245	361	284	458
AT2G37585	404	318	382	357	349	394
AT2G37590	32	44	28	39	48	43
AT2G37600	905	818	744	989	1139	609
AT2G37610	3	0	4	2	4	8
AT2G37620	641	632	558	613	742	595
AT2G37630	498	375	335	386	704	380
AT2G37640	952	900	684	730	518	641
AT2G37650	254	243	213	207	304	192
AT2G37660	9305	7568	9165	7849	9588	9093
AT2G37670	13	11	8	16	13	17
AT2G37678	446	395	395	409	337	361
AT2G37680	289	295	235	306	286	261
AT2G37690	448	442	347	605	792	407
AT2G37700	2	1	1	5	4	5
AT2G37710	5413	4429	4596	5337	8172	7664
AT2G37720	18	16	13	17	9	12
AT2G37740	0	1	1	1	3	1
AT2G37750	32	19	17	26	15	44
AT2G37760	610	463	345	890	849	927
AT2G37770	63	67	84	132	55	145
AT2G37790	423	410	443	359	366	323
AT2G37800	4	0	0	0	0	0
AT2G37810	0	0	0	0	0	1
AT2G37820	2	3	3	2	3	4
AT2G37840	984	863	797	800	1083	967
AT2G37860	1243	1194	1050	1121	1448	991
AT2G37870	25	19	19	58	30	48
AT2G37880	12	16	10	10	16	15
AT2G37890	121	93	114	125	229	163
AT2G37900	79	80	34	97	83	112
AT2G37910	0	0	1	0	2	1
AT2G37920	883	751	837	586	759	790
AT2G37925	4	8	6	9	16	13
AT2G37930	223	153	209	178	208	179
AT2G37940	6458	5886	6086	7989	11354	8719
AT2G37950	327	230	220	98	73	116
AT2G37960	35	44	40	40	39	35
AT2G37970	2865	2626	1601	2153	1967	2131
AT2G37975	327	224	224	251	285	275
AT2G37980	108	71	81	110	134	83
AT2G37990	949	734	735	1073	1225	920
AT2G38000	979	798	792	738	692	762
AT2G38010	1168	1013	1113	947	1371	1118
AT2G38020	1603	1387	1342	1315	1538	1506
AT2G38025	881	699	824	703	722	713
AT2G38040	9100	7567	7709	5749	6223	7577
AT2G38050	506	481	395	399	381	427
AT2G38060	20	11	10	15	4	8
AT2G38070	48	43	43	41	54	53
AT2G38080	111	114	99	156	179	223
AT2G38090	115	100	81	91	120	102
AT2G38100	2	1	1	1	1	2
AT2G38110	331	320	217	276	196	292
AT2G38120	2219	1936	1638	1746	1582	1815
AT2G38130	577	549	487	511	553	540
AT2G38140	4305	3948	4447	3623	3569	3564
AT2G38152	14	7	2	10	7	9
AT2G38160	65	52	24	23	48	69
AT2G38170	21699	19252	22654	13229	11631	11954
AT2G38180	467	374	443	221	157	215
AT2G38185	179	147	148	170	197	164
AT2G38195	49	41	35	52	53	42
AT2G38210	485	535	456	412	396	398
AT2G38230	2912	2769	2392	2138	2445	2538
AT2G38240	193	152	116	156	63	180
AT2G38250	73	70	48	130	167	166
AT2G38255	11	4	2	2	6	7
AT2G38270	1837	1583	1632	1520	1688	1835
AT2G38280	1265	1080	1329	1281	1821	1421
AT2G38290	1171	1086	1207	1561	2179	1560
AT2G38300	99	80	49	42	45	80
AT2G38310	454	500	610	575	559	609
AT2G38320	34	21	24	21	22	29
AT2G38325	1	0	0	0	0	1
AT2G38330	1137	1046	1127	1007	1103	977
AT2G38340	8	12	7	25	51	50
AT2G38350	0	2	1	4	4	0
AT2G38360	566	494	466	620	681	601
AT2G38365	0	0	0	2	1	0
AT2G38370	273	221	214	224	271	286
AT2G38380	75	50	103	104	37	106
AT2G38390	17	13	19	42	32	27
AT2G38400	848	708	944	623	922	873
AT2G38410	876	673	654	655	844	864
AT2G38420	107	76	99	66	81	99
AT2G38430	50	32	42	25	41	44
AT2G38440	2326	2039	2228	1765	2466	2147
AT2G38450	452	402	370	406	397	414
AT2G38460	267	282	305	242	243	271
AT2G38465	170	172	414	377	444	434
AT2G38470	32172	25243	23024	27295	35704	32721
AT2G38480	220	200	175	215	110	222
AT2G38490	27	17	8	16	13	8
AT2G38500	203	114	133	108	156	161
AT2G38510	0	0	0	0	0	1
AT2G38530	322	378	184	252	174	218
AT2G38540	12866	14427	11179	12323	7600	11170
AT2G38544	0	0	0	1	0	0
AT2G38550	1316	1096	1368	1404	2004	1490
AT2G38560	634	639	534	541	612	558
AT2G38570	120	114	105	102	114	127
AT2G38580	439	317	382	363	454	422
AT2G38600	2	1	1	6	4	4
AT2G38610	1076	1019	924	867	893	1020
AT2G38620	57	41	46	55	60	65
AT2G38630	509	396	389	363	460	421
AT2G38640	278	216	199	331	314	380
AT2G38650	1472	1228	1436	1133	1458	1506
AT2G38660	364	336	363	323	375	334
AT2G38670	1791	1616	1704	1757	2231	2023
AT2G38680	280	289	275	251	267	226
AT2G38690	13	8	3	13	21	8
AT2G38695	164	135	128	118	164	124
AT2G38700	1251	1067	976	977	985	1085
AT2G38710	617	581	481	574	604	633
AT2G38720	69	51	53	51	56	50
AT2G38730	256	214	242	263	301	226
AT2G38740	995	994	831	1039	1211	1097
AT2G38750	545	495	405	483	413	552
AT2G38760	166	101	145	115	118	150
AT2G38770	1207	942	1060	1062	1536	1256
AT2G38780	648	514	431	468	436	471
AT2G38790	4990	4155	3416	3334	3477	3490
AT2G38800	3550	2862	2364	2537	2750	3275
AT2G38810	147	163	116	169	161	115
AT2G38820	727	624	601	433	358	435
AT2G38823	38	46	33	35	34	31
AT2G38830	77	69	63	71	56	79
AT2G38840	611	506	538	492	584	533
AT2G38860	2191	1850	1336	1821	1919	1901
AT2G38870	472	507	457	464	318	408
AT2G38880	350	309	305	388	374	392
AT2G38890	8	12	5	13	6	1
AT2G38905	0	0	0	4	1	0
AT2G38920	0	0	0	0	0	4
AT2G38940	97	79	109	231	261	315
AT2G38950	1189	951	912	814	1107	983
AT2G38960	506	389	407	408	533	451
AT2G38970	333	267	329	275	437	335
AT2G38995	163	123	120	83	105	139
AT2G39000	1607	1458	1322	1024	880	1062
AT2G39010	10348	9763	10031	8662	7070	9094
AT2G39020	1165	1054	858	1162	1031	1136
AT2G39030	8030	8470	2878	12597	1757	10277
AT2G39050	804	661	620	978	1042	1241
AT2G39080	1287	1113	1176	1067	1319	1146
AT2G39090	487	362	339	326	365	417
AT2G39100	203	188	215	167	204	191
AT2G39110	62	51	44	50	79	77
AT2G39120	27	24	20	30	48	25
AT2G39130	971	826	861	754	746	759
AT2G39140	1329	1079	1295	1069	1136	1226
AT2G39160	1	0	0	0	0	0
AT2G39170	440	323	321	339	424	458
AT2G39175	0	0	0	0	0	1
AT2G39180	173	158	173	154	237	226
AT2G39190	3146	2805	2962	2313	2897	2857
AT2G39200	212	178	143	188	142	189
AT2G39210	1394	1122	1067	1321	1756	1509
AT2G39220	546	473	384	600	604	559
AT2G39230	54	40	37	50	88	55
AT2G39240	50	67	49	85	99	66
AT2G39250	1087	940	593	619	568	586
AT2G39260	1791	1524	1443	1379	1655	1674
AT2G39270	773	718	679	807	991	732
AT2G39280	1069	827	816	789	1096	1080
AT2G39290	634	572	593	614	755	607
AT2G39300	81	54	55	59	82	87
AT2G39310	594	428	171	272	391	385
AT2G39320	0	1	1	6	4	2
AT2G39330	5444	4445	1667	4691	1623	7305
AT2G39340	2000	1611	1550	1456	1877	1980
AT2G39350	116	102	76	85	67	99
AT2G39360	1166	962	1022	931	1348	1181
AT2G39370	0	0	0	1	3	3
AT2G39380	77	81	96	78	85	91
AT2G39390	1238	1017	960	1147	1073	922
AT2G39400	2838	2221	1820	1930	1987	1684
AT2G39410	13	9	8	13	22	21
AT2G39415	0	1	0	0	0	0
AT2G39420	3562	3021	2631	2019	2751	2536
AT2G39430	13	16	8	21	19	8
AT2G39435	211	246	186	208	305	251
AT2G39440	139	159	114	116	129	126
AT2G39445	99	109	110	101	111	105
AT2G39450	1123	906	689	705	616	840
AT2G39460	4698	4179	3982	4789	5061	3627
AT2G39470	3902	3239	3606	2458	3117	2833
AT2G39480	1881	1660	1862	1583	2584	2386
AT2G39490	2	2	1	1	2	2
AT2G39500	194	174	176	227	253	152
AT2G39510	3	0	6	1	3	0
AT2G39518	37	46	24	38	16	34
AT2G39520	1	2	2	1	1	1
AT2G39530	3	2	1	12	8	1
AT2G39550	457	462	397	406	567	487
AT2G39560	35	44	24	26	19	27
AT2G39570	2866	2488	2368	1951	1926	2339
AT2G39580	2344	1928	1971	1599	2488	2259
AT2G39620	17	13	9	12	20	16
AT2G39630	654	574	561	581	635	672
AT2G39640	0	0	0	0	2	0
AT2G39650	1707	1543	1537	2149	2679	1784
AT2G39660	1310	1167	1347	1425	1694	1307
AT2G39670	1623	1408	1458	1435	1708	1297
AT2G39675	172	165	167	210	227	140
AT2G39681	247	234	229	266	312	227
AT2G39690	88	63	61	53	71	71
AT2G39700	778	578	474	885	1080	1044
AT2G39705	92	92	60	81	73	68
AT2G39710	345	270	333	589	718	859
AT2G39720	1089	1059	1014	982	982	993
AT2G39725	98	113	101	135	146	133
AT2G39730	185971	175287	136141	102581	75432	117601
AT2G39740	608	511	512	459	645	518
AT2G39750	1364	1109	1117	1032	1200	1351
AT2G39760	1114	952	868	950	1071	1038
AT2G39770	5377	5038	4267	4539	5300	4547
AT2G39780	1436	1295	1198	1236	1387	1400
AT2G39795	299	235	199	288	343	276
AT2G39800	10597	8942	3985	3934	2446	5302
AT2G39805	707	586	575	626	648	650
AT2G39810	1035	841	804	914	1045	1054
AT2G39820	7	7	7	17	9	8
AT2G39830	59	69	70	111	194	165
AT2G39840	1016	874	842	885	1091	1010
AT2G39850	1801	1411	1204	875	978	1210
AT2G39855	3	1	2	5	7	9
AT2G39870	1541	1191	1194	1008	1025	1376
AT2G39880	86	59	63	51	60	76
AT2G39885	0	0	0	0	0	1
AT2G39890	846	696	677	601	507	656
AT2G39900	791	762	1087	1013	1153	971
AT2G39910	200	182	143	168	152	173
AT2G39920	818	724	901	811	822	850
AT2G39930	2989	2592	2334	2127	2163	2545
AT2G39940	1242	959	904	926	1033	991
AT2G39950	1187	1091	838	867	1111	1111
AT2G39960	1196	1199	1113	1270	1424	1153
AT2G39970	1751	1408	1295	1375	1616	1608
AT2G39975	1	2	1	0	0	1
AT2G39980	650	544	513	458	461	539
AT2G39990	1719	1569	1470	1780	1943	1380
AT2G40000	46397	35302	33085	33450	35594	42517
AT2G40008	80	95	82	98	94	75
AT2G40010	174	166	150	178	179	134
AT2G40020	383	264	270	242	319	277
AT2G40030	346	310	276	291	363	350
AT2G40050	0	3	2	3	12	11
AT2G40060	3103	2534	2325	2366	2746	2883
AT2G40070	1080	761	866	799	1093	1041
AT2G40080	71	61	401	217	1548	257
AT2G40081	0	0	0	1	1	0
AT2G40085	19	26	38	51	62	22
AT2G40090	375	319	380	359	489	347
AT2G40095	477	415	476	730	1080	797
AT2G40100	1136	1192	1037	665	596	510
AT2G40110	403	390	417	425	511	434
AT2G40113	4	4	6	2	10	6
AT2G40116	1	1	0	0	1	0
AT2G40120	139	142	109	163	169	137
AT2G40130	643	514	499	455	553	537
AT2G40140	13531	12490	12738	16336	23167	14741
AT2G40150	363	318	288	225	166	242
AT2G40160	72	60	63	88	96	61
AT2G40170	1	0	2	0	1	1
AT2G40180	17	13	7	12	18	17
AT2G40190	329	328	315	318	324	316
AT2G40200	12	14	11	7	21	15
AT2G40205	244	372	311	372	352	208
AT2G40230	72	60	34	47	41	36
AT2G40240	65	53	53	52	84	48
AT2G40250	2	0	1	0	0	1
AT2G40260	92	67	62	79	55	59
AT2G40270	6238	5638	4816	5115	7145	6292
AT2G40280	1244	1024	902	1022	1057	1135
AT2G40290	1550	1232	1359	1330	1780	1535
AT2G40300	923	871	945	1244	805	838
AT2G40316	619	518	519	534	553	498
AT2G40320	56	24	38	41	36	67
AT2G40330	36	37	44	36	44	44
AT2G40340	28	26	67	36	139	46
AT2G40350	0	0	6	2	30	4
AT2G40360	1731	1385	1290	1666	2301	1553
AT2G40370	10	12	10	13	8	13
AT2G40380	852	900	786	932	946	921
AT2G40390	62	66	45	54	91	69
AT2G40400	1716	1483	1538	1295	993	1374
AT2G40410	1285	1110	1100	914	1138	1200
AT2G40420	615	613	594	564	498	518
AT2G40430	1444	1201	1066	1337	1460	1266
AT2G40435	290	257	166	345	330	446
AT2G40440	11	7	6	23	9	9
AT2G40450	0	0	0	2	0	0
AT2G40460	887	746	504	641	737	942
AT2G40470	3	1	7	5	5	4
AT2G40475	238	207	156	153	98	128
AT2G40480	245	173	163	183	247	173
AT2G40490	5700	5225	5742	4354	4183	4633
AT2G40510	1375	1484	1288	1518	1653	1322
AT2G40520	826	711	557	401	385	470
AT2G40530	106	54	50	77	61	84
AT2G40540	2237	1833	1936	1507	1841	1729
AT2G40550	325	304	293	318	407	301
AT2G40570	249	212	244	229	303	260
AT2G40580	0	1	2	3	1	1
AT2G40590	797	805	731	882	882	782
AT2G40600	1380	1357	1401	1430	2073	1399
AT2G40610	2833	2511	1784	1684	949	1611
AT2G40620	242	214	244	231	246	249
AT2G40630	298	291	287	266	347	266
AT2G40640	184	165	163	168	195	162
AT2G40650	769	673	618	647	856	812
AT2G40660	1081	880	743	972	952	948
AT2G40670	188	198	169	98	98	75
AT2G40690	267	255	281	219	258	243
AT2G40700	370	229	255	374	520	313
AT2G40710	36	40	33	42	26	39
AT2G40711	18	23	7	17	29	30
AT2G40720	74	52	52	63	113	70
AT2G40730	1890	1598	1639	1581	1967	1836
AT2G40740	146	145	50	132	250	131
AT2G40750	1420	1191	1943	2026	3651	2793
AT2G40760	659	518	502	558	546	527
AT2G40765	1002	1051	991	1220	1171	1132
AT2G40770	679	571	534	518	668	619
AT2G40780	104	86	87	101	108	97
AT2G40790	2	0	0	5	3	1
AT2G40800	640	549	503	464	584	565
AT2G40802	0	0	0	0	1	0
AT2G40805	0	0	0	1	0	0
AT2G40810	397	310	297	308	338	297
AT2G40815	302	243	270	253	250	286
AT2G40820	524	463	381	448	464	453
AT2G40830	1066	1043	900	936	1296	1063
AT2G40840	10940	8724	9189	9781	14922	14159
AT2G40850	90	87	73	55	83	82
AT2G40860	577	513	498	387	508	515
AT2G40880	3539	2917	2516	2448	2040	2581
AT2G40890	1233	1103	877	849	872	944
AT2G40900	85	68	58	104	104	112
AT2G40910	0	2	1	0	1	1
AT2G40920	536	491	531	477	492	479
AT2G40925	8	0	0	0	3	0
AT2G40930	895	734	778	755	944	822
AT2G40935	167	153	204	173	197	161
AT2G40940	1804	1663	1628	1687	2530	1664
AT2G40950	765	632	707	918	1410	996
AT2G40955	1	2	1	1	0	0
AT2G40960	711	555	560	463	486	514
AT2G40970	342	284	231	241	273	246
AT2G40980	552	500	495	440	578	532
AT2G41000	151	133	111	169	135	143
AT2G41010	2468	2206	1980	2438	2555	2890
AT2G41020	382	335	342	350	335	328
AT2G41040	369	359	338	381	363	320
AT2G41050	64	57	58	57	64	60
AT2G41060	582	448	446	459	714	562
AT2G41070	129	116	98	80	133	103
AT2G41080	302	244	253	243	361	240
AT2G41082	30	31	41	33	36	31
AT2G41090	15036	13922	15168	18711	32533	19294
AT2G41100	39228	33092	35530	40871	54520	44351
AT2G41110	3199	2890	3125	2879	4339	2968
AT2G41120	380	249	220	270	240	298
AT2G41130	79	55	42	82	113	97
AT2G41140	1040	896	869	967	1369	1109
AT2G41150	71	58	34	60	64	75
AT2G41160	497	459	537	486	725	568
AT2G41170	209	199	158	163	101	166
AT2G41178	253	188	172	222	288	166
AT2G41180	1205	1076	973	1449	1729	969
AT2G41190	306	277	146	241	299	318
AT2G41200	117	102	105	107	119	138
AT2G41210	313	280	246	232	287	328
AT2G41220	2321	1980	1545	1682	2222	1953
AT2G41230	10	5	3	7	7	10
AT2G41231	3	2	3	7	7	5
AT2G41240	15	7	7	1	25	1
AT2G41250	745	712	239	415	204	369
AT2G41260	1	1	0	2	3	1
AT2G41280	0	0	0	2	1	2
AT2G41290	119	113	74	60	35	58
AT2G41300	25	30	19	61	72	85
AT2G41310	333	339	226	230	173	174
AT2G41312	50	63	60	49	59	60
AT2G41330	70	50	61	52	83	64
AT2G41340	63	54	35	27	34	38
AT2G41342	31	17	19	18	22	21
AT2G41350	377	293	269	317	306	373
AT2G41370	211	180	151	150	146	200
AT2G41380	120	93	44	208	185	215
AT2G41410	8952	7578	7639	7410	7969	8404
AT2G41420	4143	3119	3054	3103	3834	4005
AT2G41430	48858	38384	42911	40648	50656	49635
AT2G41440	155	143	119	139	164	165
AT2G41445	1	0	0	0	1	0
AT2G41450	43	45	22	31	18	25
AT2G41451	0	1	0	1	0	2
AT2G41460	274	231	203	272	346	289
AT2G41470	19	13	1	4	0	6
AT2G41475	2130	1630	1469	1747	1768	1993
AT2G41480	26	14	28	96	108	111
AT2G41490	552	529	463	453	619	496
AT2G41500	508	499	405	470	598	492
AT2G41510	122	104	75	68	57	101
AT2G41520	670	563	489	524	640	585
AT2G41530	4085	3482	3232	2836	3480	3468
AT2G41540	594	563	486	440	469	484
AT2G41550	87	58	61	77	82	81
AT2G41560	7153	5896	6755	4428	6044	5814
AT2G41590	1	1	1	1	0	1
AT2G41600	297	262	273	321	355	269
AT2G41610	4	8	2	0	5	10
AT2G41620	1351	1163	1092	1090	1281	1253
AT2G41630	1774	1445	1293	1389	1518	1492
AT2G41640	4643	3991	4007	4354	5845	5337
AT2G41650	361	346	365	411	560	297
AT2G41660	14	8	16	14	21	18
AT2G41670	100	72	86	151	170	91
AT2G41680	5370	4111	4004	3408	4065	4545
AT2G41690	6	1	0	2	4	7
AT2G41700	1894	1721	1807	1676	2504	2073
AT2G41705	549	484	434	475	526	535
AT2G41710	1604	1266	1203	1141	1349	1261
AT2G41720	932	852	963	747	1006	811
AT2G41730	198	154	187	366	423	179
AT2G41740	3839	3267	3314	2983	3662	3809
AT2G41750	168	194	145	157	188	205
AT2G41760	448	393	393	368	377	342
AT2G41770	746	584	690	549	724	728
AT2G41780	41	33	37	51	72	26
AT2G41790	2794	2440	2400	2143	2497	2643
AT2G41800	118	88	67	163	62	208
AT2G41810	15	9	12	9	10	13
AT2G41820	833	744	681	593	649	686
AT2G41830	359	311	383	302	433	391
AT2G41835	478	416	387	620	984	560
AT2G41840	7248	7129	6028	7223	7825	6094
AT2G41850	5	6	4	2	15	36
AT2G41870	1616	1289	863	1111	742	1151
AT2G41880	964	765	749	713	857	713
AT2G41890	566	504	486	490	577	559
AT2G41900	2660	2374	1905	2113	2762	2443
AT2G41905	38	52	38	31	20	22
AT2G41910	0	0	0	0	1	0
AT2G41930	0	0	0	0	1	0
AT2G41940	641	472	560	404	342	482
AT2G41945	255	238	268	271	308	251
AT2G41950	410	420	477	381	442	330
AT2G41960	1723	1389	1361	1260	1695	1483
AT2G41970	0	0	1	0	0	0
AT2G41980	523	414	454	448	501	476
AT2G41990	69	85	85	73	57	100
AT2G41997	0	0	0	0	0	2
AT2G42005	2	2	1	3	4	1
AT2G42010	1508	1250	1203	1284	1931	1763
AT2G42030	980	739	769	642	831	845
AT2G42040	787	609	736	519	518	695
AT2G42060	1	1	1	0	1	2
AT2G42070	1036	962	954	799	964	739
AT2G42080	236	249	246	239	285	206
AT2G42090	6	2	2	2	2	0
AT2G42110	22	23	40	25	30	35
AT2G42120	194	193	167	177	212	184
AT2G42130	1563	1297	1481	1270	1516	1332
AT2G42140	4	4	0	8	0	4
AT2G42150	12	7	4	5	7	9
AT2G42160	728	568	540	561	608	705
AT2G42170	152	101	133	128	102	126
AT2G42190	1043	870	741	671	534	713
AT2G42200	201	214	133	133	116	170
AT2G42210	2553	2251	2193	2170	2270	2071
AT2G42220	11161	8825	8722	7466	5987	7986
AT2G42230	768	681	638	688	760	835
AT2G42240	239	240	237	201	280	267
AT2G42247	332	249	165	185	171	252
AT2G42250	294	221	144	165	147	218
AT2G42260	45	53	33	42	43	52
AT2G42270	1206	983	951	997	1797	1337
AT2G42280	252	227	227	201	220	188
AT2G42290	149	99	99	78	89	104
AT2G42300	871	764	817	734	796	823
AT2G42310	1046	1167	1249	1377	1450	1076
AT2G42320	1771	1587	1620	1399	968	1548
AT2G42330	524	462	403	429	597	495
AT2G42340	2	4	0	5	1	0
AT2G42350	217	197	122	124	162	145
AT2G42360	554	445	347	538	502	604
AT2G42365	207	186	165	178	222	242
AT2G42370	99	81	76	68	106	129
AT2G42380	1008	787	649	632	463	834
AT2G42388	10	7	6	4	4	11
AT2G42390	697	639	547	609	746	580
AT2G42395	19	12	17	15	22	18
AT2G42400	766	590	560	583	612	582
AT2G42410	0	0	0	1	0	0
AT2G42425	0	0	0	0	0	1
AT2G42430	0	0	0	0	0	3
AT2G42450	163	166	147	130	128	150
AT2G42470	1	0	0	4	2	2
AT2G42480	3	2	2	7	6	8
AT2G42485	108	110	107	86	85	92
AT2G42490	2554	2189	2027	2004	2481	2395
AT2G42500	2041	1868	1705	1747	1900	1838
AT2G42510	114	83	83	69	82	96
AT2G42520	1336	1152	1382	1316	1552	1376
AT2G42530	3377	3079	4837	2836	4608	4281
AT2G42540	3722	3303	4183	3256	6911	5700
AT2G42560	1	4	0	0	0	2
AT2G42570	267	259	207	258	226	269
AT2G42580	1739	1646	2007	1555	1526	2021
AT2G42590	8592	7728	7168	6581	6771	7381
AT2G42600	17302	15858	12070	11222	12029	12424
AT2G42610	2135	2086	1531	1608	1199	1315
AT2G42620	605	474	445	340	358	462
AT2G42640	185	147	126	179	181	134
AT2G42650	129	84	87	123	148	104
AT2G42660	0	1	1	0	0	0
AT2G42670	458	388	416	392	446	389
AT2G42680	1365	1337	1217	1536	1606	1450
AT2G42690	4932	4212	3370	3135	3550	3438
AT2G42700	545	460	439	407	571	492
AT2G42710	580	497	505	660	778	598
AT2G42720	5	4	5	5	4	9
AT2G42730	93	68	44	76	84	92
AT2G42740	270	297	259	301	311	173
AT2G42750	4509	3719	2722	2376	1656	2650
AT2G42760	2095	1737	997	1799	2319	2936
AT2G42770	861	806	850	825	1039	758
AT2G42780	870	760	719	711	746	741
AT2G42790	3773	3482	3365	3079	2981	3459
AT2G42800	63	37	23	39	54	39
AT2G42810	1560	1359	1236	1189	1391	1228
AT2G42820	25	14	18	42	49	37
AT2G42830	1	0	0	0	5	2
AT2G42835	1	0	0	0	4	2
AT2G42840	2998	2639	1619	2262	2100	2822
AT2G42850	10	7	11	3	13	7
AT2G42860	22	12	8	10	18	13
AT2G42870	96	85	112	80	51	66
AT2G42880	2936	2527	2331	2031	2233	2660
AT2G42885	4	0	0	0	0	0
AT2G42890	1506	1319	1136	973	1221	1405
AT2G42900	144	132	106	110	99	123
AT2G42910	984	1054	811	1159	1274	926
AT2G42920	347	291	297	295	407	300
AT2G42930	19	17	6	15	19	8
AT2G42940	113	100	104	121	140	102
AT2G42950	331	327	240	365	667	363
AT2G42955	9	8	4	7	9	4
AT2G42960	125	110	97	92	117	116
AT2G42975	406	314	174	226	135	234
AT2G42980	16	16	7	9	9	26
AT2G42990	5	5	0	3	4	3
AT2G43000	129	105	82	109	119	145
AT2G43010	7800	6423	6224	5369	4758	6487
AT2G43018	4253	3841	3769	3559	3193	3556
AT2G43020	4256	3842	3769	3559	3194	3557
AT2G43030	10868	8579	9608	7594	8014	8826
AT2G43040	111	85	54	78	81	67
AT2G43050	27	32	14	43	38	33
AT2G43060	580	428	358	365	351	478
AT2G43070	1045	1046	1088	1037	1326	1029
AT2G43080	796	585	653	667	833	827
AT2G43090	3376	3236	3079	3256	3952	2923
AT2G43100	1613	1307	1419	1217	1322	1550
AT2G43110	222	174	158	218	256	173
AT2G43120	323	280	455	344	435	476
AT2G43130	436	452	422	470	542	460
AT2G43140	29	30	27	46	80	41
AT2G43150	14467	11087	4948	7838	7127	9972
AT2G43160	8074	6748	6936	6051	8541	7626
AT2G43180	641	493	531	542	593	494
AT2G43190	137	130	108	113	124	121
AT2G43200	368	325	328	281	239	325
AT2G43210	1031	840	822	744	892	829
AT2G43230	2	11	5	13	24	13
AT2G43235	482	431	370	416	535	437
AT2G43240	327	293	222	262	296	301
AT2G43250	236	201	194	197	185	210
AT2G43255	2	0	0	0	1	0
AT2G43260	209	184	179	171	216	170
AT2G43270	0	0	2	0	4	2
AT2G43280	261	209	225	200	190	196
AT2G43290	4753	4004	4109	4313	5530	5150
AT2G43310	40	45	37	26	31	29
AT2G43320	770	668	501	910	1275	963
AT2G43330	1184	1076	853	800	605	769
AT2G43340	147	125	109	84	92	95
AT2G43350	993	764	810	739	888	846
AT2G43360	1203	1027	1062	952	1103	980
AT2G43370	263	205	143	157	184	189
AT2G43375	30	20	25	43	32	29
AT2G43400	721	657	617	568	784	613
AT2G43410	1300	1040	1014	882	1328	1184
AT2G43420	639	527	524	500	643	626
AT2G43430	903	752	744	778	901	955
AT2G43440	28	41	31	69	70	46
AT2G43445	44	36	38	46	30	39
AT2G43450	0	1	0	0	0	0
AT2G43460	2346	2330	2065	2414	2474	1730
AT2G43465	151	123	118	134	118	135
AT2G43470	14	10	3	11	2	1
AT2G43480	1	1	0	2	0	1
AT2G43490	531	395	447	412	559	528
AT2G43500	538	457	358	374	511	508
AT2G43510	1597	1271	963	1464	604	2082
AT2G43520	129	85	65	83	53	96
AT2G43530	2941	2821	2107	3444	3426	4979
AT2G43535	507	453	430	434	309	487
AT2G43540	463	473	435	387	352	386
AT2G43550	1344	1487	1678	1062	1646	1174
AT2G43560	3399	2874	3072	2598	2527	2529
AT2G43570	2236	1932	1698	2074	1587	2371
AT2G43580	296	262	41	247	63	135
AT2G43590	1394	1228	353	396	287	737
AT2G43600	4	0	1	1	1	0
AT2G43610	41	31	24	18	21	20
AT2G43620	207	177	200	198	192	184
AT2G43630	938	794	840	758	910	828
AT2G43640	459	400	422	455	441	415
AT2G43650	840	634	566	704	952	741
AT2G43660	4	2	2	0	1	4
AT2G43670	7	6	1	4	2	2
AT2G43680	7092	5899	4933	4691	5335	6155
AT2G43690	56	32	29	39	37	37
AT2G43700	61	60	61	44	90	65
AT2G43710	4313	3309	3057	3207	3612	4133
AT2G43720	91	80	66	75	95	78
AT2G43740	1	0	0	0	0	0
AT2G43745	334	419	413	447	402	239
AT2G43750	5991	5603	5813	4693	4923	4493
AT2G43760	766	742	596	562	619	577
AT2G43770	672	672	588	726	952	638
AT2G43780	366	296	291	432	431	329
AT2G43790	1784	1436	1366	1408	1653	1537
AT2G43800	733	659	523	590	535	689
AT2G43810	549	475	474	546	685	514
AT2G43820	1057	907	991	956	917	870
AT2G43840	23	17	13	27	9	14
AT2G43850	802	695	674	613	941	717
AT2G43870	13	13	5	11	2	4
AT2G43880	9	6	3	18	14	27
AT2G43900	671	590	536	483	516	530
AT2G43910	2438	2563	2522	2636	2638	2740
AT2G43920	304	330	291	261	238	239
AT2G43930	25	29	17	14	18	18
AT2G43940	369	304	329	345	347	299
AT2G43945	2124	2032	1853	1553	1746	1660
AT2G43950	897	773	702	800	1010	769
AT2G43970	25645	20021	19335	20867	28863	25337
AT2G43980	417	415	383	464	584	510
AT2G43990	73	54	52	42	64	51
AT2G44000	9	6	2	5	10	4
AT2G44010	12	4	3	8	3	6
AT2G44020	239	216	168	172	276	215
AT2G44040	493	486	542	413	443	439
AT2G44050	1634	1418	1312	1355	1432	1278
AT2G44060	6711	5623	5505	5476	5631	6136
AT2G44065	748	597	618	672	761	675
AT2G44070	23	23	6	19	22	14
AT2G44080	890	821	532	1146	1281	788
AT2G44090	1340	1160	1180	1023	1383	1212
AT2G44100	5012	4369	4061	4440	4889	5032
AT2G44110	0	0	0	0	1	0
AT2G44120	3687	3328	3007	3691	3973	2859
AT2G44130	344	316	283	245	143	279
AT2G44140	1386	1294	1210	1180	1165	1268
AT2G44150	487	401	425	421	500	389
AT2G44160	4056	3498	2964	2915	2818	3075
AT2G44180	1597	1360	1210	1399	2137	1491
AT2G44190	34	31	37	33	42	45
AT2G44195	1	2	1	0	1	0
AT2G44200	994	797	716	824	991	990
AT2G44210	3179	2851	2633	2873	3474	2932
AT2G44220	2	1	2	0	1	3
AT2G44230	2496	1859	1835	1418	1410	1973
AT2G44240	111	90	15	45	15	23
AT2G44250	3	2	1	2	0	2
AT2G44255	235	172	173	172	245	229
AT2G44260	239	178	176	179	252	232
AT2G44270	409	355	322	394	460	384
AT2G44280	172	185	129	179	224	169
AT2G44290	1885	1758	1566	1511	2464	1774
AT2G44300	76	74	61	76	144	64
AT2G44310	1031	843	1085	1206	1535	1170
AT2G44330	0	1	0	0	0	0
AT2G44350	2798	2490	2573	3142	3767	3280
AT2G44360	650	550	655	595	685	640
AT2G44370	142	107	103	127	123	139
AT2G44380	89	75	52	66	42	64
AT2G44390	2	1	0	0	4	1
AT2G44400	7	7	8	8	7	19
AT2G44410	1218	1039	1008	992	1220	1060
AT2G44420	483	426	399	413	522	398
AT2G44430	908	660	688	736	924	905
AT2G44440	282	200	203	237	255	221
AT2G44450	46	49	41	31	45	66
AT2G44460	11	8	3	19	27	28
AT2G44470	0	0	0	1	0	0
AT2G44480	241	196	142	153	113	143
AT2G44490	14592	11177	12787	10795	13149	15564
AT2G44500	6298	5199	5107	6521	8882	7513
AT2G44510	80	103	97	172	218	114
AT2G44520	1003	885	839	1003	1297	1017
AT2G44525	447	487	495	426	542	361
AT2G44530	1352	1067	1115	1295	1425	1373
AT2G44540	0	1	0	0	0	0
AT2G44570	10	8	6	5	9	9
AT2G44578	90	153	52	127	153	68
AT2G44580	142	121	88	89	108	85
AT2G44590	1	4	7	2	4	4
AT2G44600	276	186	169	294	391	228
AT2G44610	2277	1902	1947	1912	2427	2123
AT2G44620	1178	1374	1234	1394	1497	1041
AT2G44630	31	23	31	30	25	20
AT2G44640	874	854	950	755	788	672
AT2G44650	2181	2080	2281	2169	2055	1700
AT2G44660	298	298	278	303	415	319
AT2G44670	567	546	495	596	768	525
AT2G44680	676	659	626	664	828	711
AT2G44690	25	22	22	24	34	29
AT2G44700	29	32	32	30	30	47
AT2G44710	831	730	788	737	939	783
AT2G44730	608	494	472	364	429	526
AT2G44735	43	50	37	28	33	51
AT2G44740	302	251	350	227	153	215
AT2G44745	27	21	13	28	17	14
AT2G44750	257	216	209	245	315	263
AT2G44760	1262	859	976	1028	1179	1232
AT2G44770	542	473	478	466	570	533
AT2G44790	157	164	74	165	176	115
AT2G44798	79	77	82	64	68	54
AT2G44800	72	62	66	51	53	43
AT2G44810	2	0	1	2	2	6
AT2G44820	289	293	269	332	330	315
AT2G44830	273	244	190	317	368	300
AT2G44840	2226	2382	1407	2847	2883	2662
AT2G44850	177	186	113	131	204	134
AT2G44860	972	929	817	1148	1291	803
AT2G44870	2320	2052	2150	1907	2302	1908
AT2G44880	20	19	23	18	38	13
AT2G44890	7	4	3	4	8	6
AT2G44900	973	785	812	818	927	931
AT2G44910	25	28	7	15	15	14
AT2G44920	2453	2172	2351	1601	1539	1853
AT2G44930	30	30	27	41	54	46
AT2G44940	198	200	112	152	91	147
AT2G44950	958	809	693	693	961	966
AT2G44970	1470	1208	1125	1241	1701	1618
AT2G44980	262	222	209	216	324	268
AT2G44990	2	4	1	1	2	4
AT2G44995	78	55	58	64	72	66
AT2G45000	654	509	533	613	858	686
AT2G45010	905	917	853	957	1273	1014
AT2G45023	86	64	66	62	64	69
AT2G45030	960	779	713	1001	1461	942
AT2G45040	4	6	2	6	8	4
AT2G45050	63	66	32	63	37	50
AT2G45060	561	472	479	496	630	545
AT2G45070	1742	1978	1687	2245	2325	1983
AT2G45080	104	109	63	97	64	90
AT2G45100	208	155	152	176	193	218
AT2G45110	0	0	0	1	0	0
AT2G45120	14	10	4	13	16	11
AT2G45130	2	2	6	9	13	10
AT2G45135	3	3	7	6	8	10
AT2G45140	1242	1076	998	1050	1223	1100
AT2G45150	279	194	221	262	297	270
AT2G45160	768	752	683	608	723	646
AT2G45170	1300	1201	1259	1029	988	872
AT2G45180	25182	26916	41147	28641	26502	25876
AT2G45190	640	522	394	410	332	497
AT2G45200	926	797	703	640	871	726
AT2G45210	30	32	28	35	29	39
AT2G45220	373	331	154	158	114	343
AT2G45240	888	826	714	953	1134	791
AT2G45245	110	127	127	116	127	99
AT2G45250	779	592	637	626	710	657
AT2G45260	804	744	708	707	822	774
AT2G45270	550	534	528	468	553	497
AT2G45280	120	90	115	134	196	127
AT2G45290	693	565	459	615	620	674
AT2G45300	1273	1182	1027	1126	1154	1210
AT2G45310	287	263	292	273	292	259
AT2G45315	275	245	268	249	270	251
AT2G45320	129	104	124	110	140	98
AT2G45330	464	465	408	408	386	366
AT2G45340	908	823	679	645	715	881
AT2G45350	44	27	33	13	50	31
AT2G45360	20	10	15	14	8	16
AT2G45380	1878	1469	1560	1536	1737	1692
AT2G45400	219	174	154	102	105	148
AT2G45410	9	9	1	10	1	3
AT2G45420	1	4	2	3	2	7
AT2G45430	2	1	3	1	0	0
AT2G45440	831	626	636	846	1249	713
AT2G45450	307	264	257	258	259	315
AT2G45460	303	238	230	298	351	304
AT2G45470	4038	3619	4221	3686	3678	5064
AT2G45480	43	45	22	35	42	41
AT2G45490	49	34	27	31	36	56
AT2G45500	456	414	380	423	518	419
AT2G45510	1016	819	743	943	1235	1233
AT2G45520	597	592	588	647	763	535
AT2G45530	490	445	354	425	393	427
AT2G45540	3914	3467	3626	2906	4992	4135
AT2G45560	1498	1597	1560	1078	1022	1270
AT2G45570	54	66	28	48	21	96
AT2G45580	4	1	0	1	0	0
AT2G45590	931	799	758	611	659	795
AT2G45600	314	275	167	188	206	211
AT2G45610	1	3	1	0	5	0
AT2G45620	2450	1982	1843	1736	2142	2197
AT2G45630	255	216	214	191	255	290
AT2G45640	917	833	807	845	958	796
AT2G45650	1	0	0	3	2	2
AT2G45660	1988	1702	1273	1187	1042	1371
AT2G45670	3181	2590	2406	2203	2524	2654
AT2G45680	378	376	340	594	1419	854
AT2G45685	281	259	233	392	985	619
AT2G45690	338	238	219	293	307	311
AT2G45695	206	132	102	189	197	156
AT2G45700	809	636	653	653	796	660
AT2G45710	301	362	313	477	478	298
AT2G45720	227	226	218	299	377	308
AT2G45730	519	488	462	506	576	484
AT2G45740	3268	2867	3505	2661	4604	3022
AT2G45750	28	19	20	35	59	64
AT2G45760	87	80	59	199	271	144
AT2G45770	1285	1124	1092	950	1081	1133
AT2G45780	1	3	2	3	2	3
AT2G45790	2029	1825	1894	1841	2366	1776
AT2G45800	18	31	16	4	11	19
AT2G45810	2764	2338	2282	2072	2343	2509
AT2G45820	7122	5592	5293	4952	5171	6367
AT2G45830	64	46	63	59	79	85
AT2G45840	2	5	4	5	1	4
AT2G45850	1182	953	1198	887	938	1089
AT2G45860	273	249	235	280	259	210
AT2G45870	53	49	28	40	38	30
AT2G45880	531	425	405	366	494	461
AT2G45890	34	24	34	23	17	25
AT2G45900	33	27	36	25	22	29
AT2G45910	1221	1111	1002	898	1400	1317
AT2G45920	528	405	318	351	408	408
AT2G45930	92	85	45	58	108	89
AT2G45940	12	15	7	12	12	5
AT2G45950	576	397	371	403	374	464
AT2G45960	16374	17306	14995	13821	9841	13092
AT2G45970	496	483	465	405	345	457
AT2G45980	2495	2258	2215	2053	2292	2164
AT2G45990	2190	1685	1724	1664	1624	1745
AT2G46000	345	286	251	260	299	278
AT2G46020	3362	2930	2740	2468	3870	3676
AT2G46030	812	716	612	649	603	640
AT2G46040	106	82	83	105	95	90
AT2G46050	19	21	20	14	32	13
AT2G46060	711	690	717	680	992	818
AT2G46070	344	254	242	240	223	213
AT2G46080	765	701	603	780	867	689
AT2G46090	627	570	609	483	581	518
AT2G46100	1884	1622	1602	1564	1635	1599
AT2G46110	189	144	164	182	229	147
AT2G46130	1	0	0	1	0	0
AT2G46140	112	94	81	112	69	110
AT2G46150	38	33	25	35	55	52
AT2G46160	128	101	75	116	86	106
AT2G46170	1250	1328	1259	1259	1292	1191
AT2G46180	868	707	764	656	833	825
AT2G46190	0	0	0	1	0	0
AT2G46192	61	54	46	62	74	54
AT2G46200	244	170	177	176	185	232
AT2G46210	41	36	26	43	50	37
AT2G46220	7583	6161	5483	4493	3223	4734
AT2G46225	573	507	502	524	681	632
AT2G46230	620	711	715	831	911	567
AT2G46240	622	500	502	443	567	640
AT2G46250	519	432	461	324	340	374
AT2G46260	1179	1026	959	876	1079	876
AT2G46270	444	319	168	396	640	599
AT2G46280	2665	2603	2270	2809	3256	2372
AT2G46290	89	90	98	106	113	81
AT2G46300	6	2	1	1	2	0
AT2G46310	116	99	86	92	132	110
AT2G46320	375	309	300	294	398	348
AT2G46330	5233	5405	5437	5687	6279	5526
AT2G46340	4047	3440	2622	2506	1748	3190
AT2G46360	0	0	1	0	0	0
AT2G46370	1767	1627	1629	1684	2070	1878
AT2G46375	0	0	0	0	2	0
AT2G46380	210	179	160	183	240	196
AT2G46390	885	1010	870	1061	1125	1122
AT2G46400	5353	4282	3927	7613	10679	6943
AT2G46410	42	63	42	40	50	47
AT2G46420	878	832	798	1026	1638	1187
AT2G46430	2016	1907	2177	2890	4973	2894
AT2G46440	2790	2238	2768	2759	5160	3735
AT2G46450	2889	2289	1987	2419	2881	3308
AT2G46455	15	9	8	9	11	15
AT2G46460	0	1	0	0	0	0
AT2G46470	595	527	559	481	637	541
AT2G46480	9	6	2	4	2	8
AT2G46490	1305	1203	1261	1035	1032	1036
AT2G46493	0	2	0	0	0	0
AT2G46494	1	0	0	0	4	4
AT2G46500	3275	2805	2796	3090	4552	3729
AT2G46505	1848	1615	1419	1542	1694	1754
AT2G46510	3611	3085	2711	2756	4551	3716
AT2G46520	1332	1242	1144	1345	1998	1443
AT2G46530	742	583	557	464	580	520
AT2G46535	147	123	116	156	174	151
AT2G46540	679	566	614	649	714	528
AT2G46550	3524	2795	2678	2384	2205	2561
AT2G46560	2464	2192	2367	2039	3280	2600
AT2G46567	9	14	9	14	13	14
AT2G46570	77	70	74	57	86	67
AT2G46572	87	76	88	66	94	78
AT2G46580	528	446	453	497	508	437
AT2G46590	230	197	176	233	338	240
AT2G46600	5495	5471	5544	5027	5070	4272
AT2G46610	409	284	313	348	474	424
AT2G46620	2276	1985	1684	2412	3112	2114
AT2G46630	322	256	257	476	544	740
AT2G46640	364	280	224	347	272	435
AT2G46650	1905	1597	1350	1764	1899	2185
AT2G46660	43	36	28	19	42	35
AT2G46670	180	82	63	87	22	69
AT2G46680	1011	732	430	1065	1095	1319
AT2G46685	2	2	2	0	6	3
AT2G46690	367	293	252	236	264	252
AT2G46700	432	309	300	334	396	432
AT2G46710	1111	959	887	852	731	983
AT2G46720	122	122	169	154	218	173
AT2G46735	342	299	195	217	296	348
AT2G46740	26	26	19	27	16	22
AT2G46750	9	6	3	5	13	19
AT2G46760	19	18	13	17	22	19
AT2G46770	6	5	2	8	7	3
AT2G46780	314	239	239	219	292	343
AT2G46790	692	550	195	258	54	294
AT2G46800	1035	977	746	763	962	877
AT2G46810	376	306	290	234	177	306
AT2G46820	35402	32189	29722	23922	22219	25380
AT2G46830	856	727	142	284	62	226
AT2G46840	3	6	6	1	2	0
AT2G46870	272	270	264	275	425	344
AT2G46880	11	3	18	36	10	16
AT2G46890	151	120	133	176	193	141
AT2G46900	1383	1179	1127	942	1064	1051
AT2G46910	1329	1122	1174	905	888	992
AT2G46915	1122	1042	983	898	1366	1139
AT2G46920	637	566	567	572	765	675
AT2G46930	831	681	616	604	566	626
AT2G46940	100	90	75	95	186	94
AT2G46950	5	10	6	12	8	12
AT2G46970	34	33	20	21	17	16
AT2G46980	211	163	142	156	208	222
AT2G46990	1	1	0	2	3	0
AT2G46995	0	0	1	0	1	1
AT2G47000	322	294	266	766	1332	573
AT2G47010	69	63	54	73	140	95
AT2G47015	132	123	114	148	227	154
AT2G47020	224	197	184	235	348	252
AT2G47050	7	8	9	4	4	1
AT2G47060	5648	4854	4895	4576	5913	5526
AT2G47070	7070	6576	6071	5536	7102	6807
AT2G47090	372	351	297	319	293	363
AT2G47100	0	0	0	1	0	0
AT2G47110	4961	4385	3649	4751	4912	4102
AT2G47115	4879	4317	3587	4691	4837	4024
AT2G47130	500	503	468	837	1193	835
AT2G47140	32	11	30	22	27	13
AT2G47150	4	0	1	1	3	0
AT2G47160	852	778	789	667	807	1108
AT2G47170	5799	5110	4734	5125	5189	5449
AT2G47180	1426	1320	449	661	214	601
AT2G47190	253	204	114	148	156	286
AT2G47200	3	4	3	5	3	4
AT2G47210	1040	949	925	942	1063	1088
AT2G47220	314	270	236	244	269	230
AT2G47230	187	163	110	163	161	162
AT2G47240	1998	1635	1763	1661	2344	1986
AT2G47250	2075	1833	1838	1694	2115	1784
AT2G47260	140	110	116	158	179	120
AT2G47270	37	43	37	42	26	33
AT2G47275	3	3	2	2	4	2
AT2G47300	89	56	67	87	153	96
AT2G47310	227	194	189	193	208	216
AT2G47320	1151	1146	1185	1175	1207	1028
AT2G47330	849	733	728	798	890	834
AT2G47340	1	1	0	0	0	1
AT2G47350	348	244	243	225	258	293
AT2G47360	3	5	3	7	3	1
AT2G47370	157	146	113	100	60	107
AT2G47380	1079	1031	883	1132	1112	893
AT2G47390	4978	4272	5995	4701	8774	6666
AT2G47400	14963	15230	14600	13179	11855	13806
AT2G47410	1790	1522	1536	1384	2064	1687
AT2G47420	839	750	781	796	1032	663
AT2G47430	0	0	0	1	1	0
AT2G47440	1558	1287	1333	1031	1139	1500
AT2G47450	7221	6561	5065	4943	2705	4855
AT2G47460	5	7	0	0	2	5
AT2G47470	3762	3156	2786	3731	4415	3852
AT2G47480	8	10	6	8	15	14
AT2G47485	32	46	23	29	18	27
AT2G47490	539	462	327	455	363	472
AT2G47500	489	365	294	321	421	516
AT2G47510	2129	2121	2102	2592	3046	2158
AT2G47520	7	5	3	4	10	5
AT2G47540	0	0	0	0	1	0
AT2G47550	16	16	25	20	14	22
AT2G47560	24	19	11	31	32	41
AT2G47570	13	5	8	6	12	16
AT2G47580	706	609	554	687	811	694
AT2G47585	1	0	0	0	1	0
AT2G47590	4201	3755	3837	3262	3953	3897
AT2G47600	2153	1947	1576	1602	1538	1705
AT2G47610	6176	5381	4787	5308	5554	4582
AT2G47620	351	308	289	280	372	368
AT2G47630	351	337	268	296	378	305
AT2G47640	645	482	486	551	661	587
AT2G47650	2943	2503	2358	2934	3251	3123
AT2G47670	16	11	0	16	10	18
AT2G47680	386	348	285	379	589	426
AT2G47690	593	614	619	632	663	530
AT2G47700	1788	1515	1537	1212	1420	1333
AT2G47710	1549	1871	1626	1803	1947	1592
AT2G47720	23	11	14	12	22	17
AT2G47730	9436	9880	9336	11065	15846	9298
AT2G47750	278	199	143	170	88	213
AT2G47760	725	663	702	754	966	629
AT2G47770	6	2	3	2	4	6
AT2G47780	42	34	17	29	25	27
AT2G47790	495	396	346	517	572	419
AT2G47800	584	489	472	910	2700	960
AT2G47820	132	100	108	111	145	92
AT2G47830	476	377	412	403	615	422
AT2G47840	599	639	514	650	593	611
AT2G47844	0	0	0	3	5	2
AT2G47850	934	863	954	915	1214	913
AT2G47860	119	139	145	95	150	123
AT2G47870	21	10	20	25	39	29
AT2G47880	235	273	343	442	596	458
AT2G47890	865	930	1026	969	980	1018
AT2G47895	12	15	5	15	8	13
AT2G47900	1190	1081	925	981	1258	1034
AT2G47910	621	677	762	619	700	614
AT2G47920	70	50	61	59	91	67
AT2G47930	685	592	672	517	424	649
AT2G47940	6675	5875	6218	4589	5489	5269
AT2G47950	17	12	5	7	7	18
AT2G47960	1295	1130	1132	1112	1427	1192
AT2G47970	808	790	746	848	843	931
AT2G47980	1850	1536	1413	1415	1654	1706
AT2G47990	288	236	240	299	337	331
AT2G48000	378	314	304	317	404	321
AT2G48010	560	574	387	639	629	768
AT2G48020	1307	1192	826	849	575	896
AT2G48030	292	289	551	419	657	641
AT2G48060	1845	1613	1723	1359	1882	1829
AT2G48070	2378	2148	2415	2015	2424	2006
AT2G48075	40	17	33	28	28	27
AT2G48080	7	2	8	5	13	9
AT2G48090	11	19	14	39	42	40
AT2G48100	1028	905	871	945	1106	930
AT2G48110	928	949	817	859	1157	978
AT2G48120	630	501	507	500	597	531
AT2G48121	96	93	81	112	114	97
AT2G48130	2	6	1	9	2	7
AT2G48140	7	3	7	3	8	1
AT2G48150	3	7	3	5	15	12
AT2G48160	2506	2111	2215	1862	2613	2464
AT3G01015	1	2	1	1	4	3
AT3G01030	1	0	1	2	1	0
AT3G01040	1006	758	771	768	917	851
AT3G01050	609	556	491	543	655	623
AT3G01060	2397	2402	1417	1806	1073	1594
AT3G01070	7	14	2	3	9	7
AT3G01080	99	112	105	122	230	139
AT3G01085	0	1	0	0	0	1
AT3G01090	1703	1409	1370	1292	1536	1657
AT3G01100	941	785	737	748	958	910
AT3G01120	6673	6367	5734	6396	6981	5788
AT3G01130	1080	914	735	990	1096	858
AT3G01140	247	224	213	164	271	197
AT3G01142	226	200	200	150	257	180
AT3G01150	596	616	581	635	695	567
AT3G01160	518	435	417	531	638	542
AT3G01170	662	590	576	472	637	567
AT3G01175	12	14	8	6	10	11
AT3G01180	1675	1257	977	1014	1010	1217
AT3G01200	838	747	654	653	760	797
AT3G01202	649	610	544	508	596	628
AT3G01210	454	385	389	412	424	421
AT3G01220	47	38	29	30	18	26
AT3G01260	0	1	0	1	1	3
AT3G01280	3781	3880	3513	4648	4999	3424
AT3G01290	10595	10095	12139	12341	19022	13446
AT3G01300	445	443	432	399	493	427
AT3G01310	6450	5276	5963	4954	5965	6483
AT3G01311	2	1	0	0	0	4
AT3G01316	1	0	2	0	2	0
AT3G01319	24	14	17	17	43	19
AT3G01320	1600	1315	1203	1029	1628	1443
AT3G01325	1	0	0	0	0	0
AT3G01329	1	0	2	0	0	0
AT3G01330	51	52	39	37	50	67
AT3G01340	1660	1666	1577	1581	1723	1560
AT3G01345	3	1	0	1	7	4
AT3G01350	64	47	42	43	80	56
AT3G01360	337	349	250	340	430	351
AT3G01370	2821	2323	2289	1845	2096	2389
AT3G01380	483	489	558	451	705	531
AT3G01390	3257	2617	2748	2648	3066	2716
AT3G01400	449	407	375	389	355	460
AT3G01410	105	83	92	91	110	103
AT3G01420	134	109	77	31	83	372
AT3G01430	144	200	174	211	243	214
AT3G01435	213	179	182	189	238	182
AT3G01440	481	345	590	328	893	456
AT3G01450	257	199	237	194	172	188
AT3G01460	1163	1047	950	859	1231	1124
AT3G01470	2462	2168	1780	2574	3227	3263
AT3G01472	2462	2168	1780	2574	3227	3263
AT3G01480	7259	6187	6999	5192	6295	5794
AT3G01490	1317	1061	942	780	647	837
AT3G01500	58323	47216	42662	29870	38717	41013
AT3G01510	793	622	631	663	922	808
AT3G01513	7	2	5	8	11	6
AT3G01516	4	2	2	1	1	0
AT3G01520	2479	2041	2188	1990	1857	2189
AT3G01530	0	0	0	0	1	0
AT3G01540	7702	6470	6326	6368	7940	7041
AT3G01550	944	888	591	519	375	701
AT3G01560	1396	1109	1141	1181	1358	1385
AT3G01570	13	24	15	26	36	28
AT3G01572	9	8	8	11	22	3
AT3G01580	42	34	52	38	71	42
AT3G01590	755	603	598	637	787	679
AT3G01600	11	14	5	58	47	21
AT3G01610	586	498	477	476	576	524
AT3G01620	5	5	8	4	14	11
AT3G01630	4	10	3	8	8	8
AT3G01640	938	824	832	741	966	1009
AT3G01650	612	500	511	492	519	537
AT3G01660	183	182	209	162	258	189
AT3G01670	842	649	601	778	1115	1210
AT3G01680	784	721	678	861	1046	1204
AT3G01690	5449	4906	4479	3966	3971	4562
AT3G01700	1	0	0	0	2	0
AT3G01710	90	81	77	73	96	86
AT3G01720	1189	942	1031	1098	1506	1371
AT3G01740	745	678	638	760	847	737
AT3G01750	194	205	199	220	324	263
AT3G01760	4	3	2	5	8	4
AT3G01770	1555	1375	1320	1166	1452	1332
AT3G01780	1734	1436	1510	1383	1754	1673
AT3G01790	625	593	489	818	888	593
AT3G01800	232	208	212	384	571	290
AT3G01810	1596	1459	1239	1056	1143	1290
AT3G01820	1096	1123	1018	1642	2194	1439
AT3G01830	2573	2104	1891	3254	5064	3338
AT3G01840	121	97	88	130	202	97
AT3G01850	770	881	766	741	958	796
AT3G01860	734	558	613	638	777	697
AT3G01870	1	2	1	3	3	0
AT3G01890	257	233	223	247	291	232
AT3G01910	4228	3598	3439	3508	3992	4023
AT3G01920	730	683	676	553	603	625
AT3G01930	756	654	570	843	779	802
AT3G01940	12	12	15	13	19	24
AT3G01950	61	44	45	50	93	96
AT3G01960	63	40	55	38	79	64
AT3G01961	0	0	0	2	1	0
AT3G01970	439	342	169	345	275	375
AT3G01980	715	668	617	620	562	654
AT3G01990	95	60	50	72	117	118
AT3G02000	12	5	8	8	9	6
AT3G02010	75	60	66	90	164	93
AT3G02020	3157	3021	3186	2593	2937	2633
AT3G02030	231	246	243	264	301	331
AT3G02040	481	429	420	484	458	649
AT3G02050	1677	1535	1524	1218	1547	1644
AT3G02060	917	865	1020	760	1282	928
AT3G02065	550	514	479	400	525	511
AT3G02070	1089	901	930	703	1074	862
AT3G02080	3973	4022	3338	4165	4089	3130
AT3G02090	7095	6448	6028	6574	7701	7096
AT3G02100	0	0	0	0	1	0
AT3G02110	554	531	474	480	525	492
AT3G02120	131	111	94	98	136	153
AT3G02125	4	3	2	0	6	1
AT3G02130	2283	1914	1952	1551	2418	2350
AT3G02140	66	38	24	65	81	88
AT3G02150	340	280	184	262	257	263
AT3G02160	62	65	61	59	82	55
AT3G02170	3041	2376	2670	1888	1880	2260
AT3G02180	1770	1459	1476	1444	1513	1505
AT3G02190	314	297	247	402	503	302
AT3G02200	2120	1942	1840	1849	1966	1640
AT3G02210	89	86	63	78	87	87
AT3G02220	804	730	610	749	854	670
AT3G02230	1490	1422	1003	1734	1990	1634
AT3G02240	2	0	0	0	0	0
AT3G02250	1501	1250	1189	1178	1255	1335
AT3G02260	6300	5321	5185	4152	6920	6194
AT3G02270	5	4	5	7	7	4
AT3G02280	403	335	323	378	421	328
AT3G02290	431	337	318	361	347	352
AT3G02300	1605	1253	1283	1335	1477	1408
AT3G02310	1	2	1	0	0	1
AT3G02320	347	282	349	339	403	331
AT3G02330	51	46	45	47	102	72
AT3G02340	598	466	485	383	399	462
AT3G02350	2814	2389	2438	2489	2832	2852
AT3G02360	3372	3071	2777	3297	3795	3528
AT3G02370	73	78	68	68	93	84
AT3G02380	414	361	190	184	131	202
AT3G02390	73	42	52	56	48	35
AT3G02400	188	164	124	147	137	131
AT3G02410	28	22	38	30	17	29
AT3G02420	566	567	613	613	711	595
AT3G02450	1808	1529	1848	1465	1854	1601
AT3G02460	815	805	856	972	1164	943
AT3G02468	37310	31245	26417	31021	33063	37991
AT3G02470	37341	31271	26436	31043	33082	37997
AT3G02480	42	54	17	15	7	14
AT3G02490	166	159	163	185	240	207
AT3G02493	1	1	0	1	0	0
AT3G02500	46	35	21	42	34	35
AT3G02510	844	735	608	654	679	717
AT3G02520	2435	1933	1708	1894	2208	2233
AT3G02530	1486	1174	1116	1215	1569	1321
AT3G02540	3098	2830	2682	2299	2272	2704
AT3G02550	184	193	222	261	228	181
AT3G02555	220	214	155	216	271	199
AT3G02560	2531	2394	2275	2706	2752	1944
AT3G02570	2262	1821	2650	1938	3234	2475
AT3G02580	682	565	683	568	743	749
AT3G02590	1	0	2	0	0	0
AT3G02600	1171	1156	1186	1236	1526	1127
AT3G02610	49	43	45	46	57	57
AT3G02620	17	21	10	12	9	19
AT3G02630	2187	1964	2061	2166	2736	2341
AT3G02640	189	169	149	171	191	230
AT3G02645	0	1	0	0	1	1
AT3G02650	410	329	353	462	575	431
AT3G02660	559	518	524	443	554	503
AT3G02670	1	2	0	0	0	0
AT3G02680	156	120	87	106	135	117
AT3G02690	1464	1279	1432	982	1511	1062
AT3G02700	855	748	853	719	960	774
AT3G02710	764	604	603	619	851	763
AT3G02720	1999	1843	1703	1408	1467	1577
AT3G02730	7293	8045	8039	6853	7281	5867
AT3G02740	1079	1110	1039	1024	1157	841
AT3G02750	2408	2362	2213	2038	2442	2133
AT3G02760	1521	1120	1106	1193	1396	1414
AT3G02770	920	763	779	877	1321	891
AT3G02780	1983	1526	1488	1565	1705	1707
AT3G02790	501	484	396	537	507	334
AT3G02800	274	185	194	198	418	200
AT3G02810	0	1	0	1	3	0
AT3G02820	138	106	101	94	138	90
AT3G02830	1974	1582	1231	1273	1863	1567
AT3G02832	34	28	34	56	60	56
AT3G02840	5723	5106	4804	6322	8403	5304
AT3G02850	14	11	18	18	29	14
AT3G02860	576	415	391	401	468	445
AT3G02870	1686	1292	967	1090	783	1345
AT3G02875	461	290	285	321	339	492
AT3G02880	2469	2354	2469	2503	3696	3190
AT3G02885	73	48	55	88	30	47
AT3G02890	567	463	439	437	584	571
AT3G02900	668	640	641	671	626	555
AT3G02910	570	480	603	627	1037	891
AT3G02920	235	179	174	236	269	191
AT3G02930	343	271	228	251	260	290
AT3G02940	1	0	0	0	2	4
AT3G02950	426	377	338	354	380	410
AT3G02980	48	44	48	61	69	60
AT3G02990	86	82	111	80	139	77
AT3G03000	406	427	433	441	482	470
AT3G03010	425	377	314	403	464	340
AT3G03020	1667	1381	1291	1292	1703	1524
AT3G03030	500	495	550	534	765	505
AT3G03040	499	443	416	481	489	432
AT3G03050	2247	2060	1957	1909	3002	2770
AT3G03060	196	133	143	181	329	184
AT3G03070	1803	1710	1794	1796	1988	1637
AT3G03090	640	587	596	533	647	626
AT3G03100	2352	1900	1758	1946	1989	2003
AT3G03110	583	547	453	586	905	687
AT3G03120	283	218	213	272	252	212
AT3G03130	115	103	92	59	77	107
AT3G03140	436	326	316	292	355	350
AT3G03150	3634	3831	3718	3072	2897	3671
AT3G03160	550	659	527	721	717	542
AT3G03170	30	31	33	37	36	27
AT3G03180	163	167	164	132	160	174
AT3G03190	261	287	263	251	272	237
AT3G03200	6	9	9	19	35	34
AT3G03210	211	171	158	147	174	177
AT3G03220	348	267	275	305	324	309
AT3G03230	7	3	0	3	5	2
AT3G03240	3	3	5	4	6	10
AT3G03250	3765	3168	3352	4787	6683	5450
AT3G03260	5	4	10	10	22	16
AT3G03270	296	218	224	311	369	371
AT3G03272	3	0	2	8	6	1
AT3G03280	9	14	8	21	12	17
AT3G03290	0	0	0	1	0	0
AT3G03300	1101	915	975	900	1315	1194
AT3G03305	683	606	599	586	702	683
AT3G03310	425	392	310	417	513	487
AT3G03320	179	155	145	184	150	186
AT3G03330	778	696	650	708	812	637
AT3G03340	891	763	683	816	954	870
AT3G03341	13	9	9	17	16	12
AT3G03350	116	102	99	96	162	136
AT3G03360	208	221	208	193	321	204
AT3G03370	76	61	44	71	52	76
AT3G03380	2765	2417	2321	2188	2707	2398
AT3G03420	307	240	270	320	345	309
AT3G03430	0	0	1	0	3	1
AT3G03440	201	167	146	155	172	137
AT3G03450	34	29	39	40	37	45
AT3G03460	46	39	28	29	33	42
AT3G03470	2230	1825	1057	1262	655	1859
AT3G03480	50	70	16	80	10	126
AT3G03490	561	471	412	476	509	562
AT3G03500	1	0	1	1	1	0
AT3G03520	490	415	380	465	566	557
AT3G03530	7	11	11	14	13	24
AT3G03540	0	0	0	0	0	1
AT3G03550	333	311	271	340	305	338
AT3G03560	1025	842	854	895	1456	1095
AT3G03570	603	504	515	511	634	550
AT3G03580	127	107	92	165	189	108
AT3G03590	150	147	156	167	172	134
AT3G03600	433	354	404	443	523	421
AT3G03610	377	275	251	257	353	364
AT3G03620	0	0	1	0	0	0
AT3G03630	531	463	576	491	518	409
AT3G03640	843	653	726	560	567	660
AT3G03650	2	2	3	5	4	5
AT3G03660	0	1	0	0	1	0
AT3G03670	2	5	1	7	1	8
AT3G03680	240	229	236	244	294	295
AT3G03690	266	172	161	160	198	208
AT3G03700	72	43	44	61	61	60
AT3G03702	75	49	48	64	62	62
AT3G03710	2102	1732	2029	1425	1964	1947
AT3G03720	1095	1037	1010	952	1124	1121
AT3G03726	0	0	1	0	0	0
AT3G03740	986	895	785	921	1103	1023
AT3G03750	291	258	331	290	337	382
AT3G03770	569	500	441	607	991	726
AT3G03773	141	172	149	152	170	162
AT3G03776	8	11	3	10	14	12
AT3G03780	5867	5510	4425	4722	4251	4823
AT3G03790	1532	1266	1216	1076	1475	1258
AT3G03800	0	0	1	0	0	1
AT3G03810	608	553	563	508	601	616
AT3G03820	88	131	72	64	23	34
AT3G03828	0	0	1	0	0	0
AT3G03830	25	17	18	18	4	8
AT3G03840	60	49	34	27	10	22
AT3G03847	1	0	1	1	0	1
AT3G03850	79	79	42	42	20	21
AT3G03860	1171	1041	1003	1037	992	876
AT3G03870	2800	2551	2057	2010	2014	2185
AT3G03880	389	325	324	312	357	346
AT3G03890	1517	1434	1410	1142	1351	1252
AT3G03900	146	123	90	117	110	105
AT3G03910	20	22	19	69	81	54
AT3G03920	1249	1055	825	1386	1469	1001
AT3G03930	1	2	2	0	2	1
AT3G03940	2602	2126	2173	1938	2499	2394
AT3G03950	864	761	718	900	1043	875
AT3G03960	1849	1756	1582	1793	2093	1720
AT3G03970	187	132	131	133	137	136
AT3G03980	339	324	363	282	310	262
AT3G03990	1068	1135	959	853	917	800
AT3G04000	118	110	96	105	62	134
AT3G04010	411	308	364	403	403	513
AT3G04020	145	140	138	174	201	172
AT3G04030	105	71	115	101	192	162
AT3G04040	56	60	40	40	43	40
AT3G04050	17	14	8	13	18	26
AT3G04060	159	109	204	200	261	258
AT3G04070	152	111	97	163	108	234
AT3G04080	892	791	788	825	955	972
AT3G04090	2138	1945	1871	1926	2084	1888
AT3G04100	0	0	1	0	0	3
AT3G04110	1134	961	904	796	1016	1016
AT3G04120	15748	13933	12622	15167	14833	15051
AT3G04130	130	100	97	134	149	107
AT3G04140	209	239	144	155	95	153
AT3G04150	0	0	0	0	0	1
AT3G04160	177	177	159	126	156	125
AT3G04170	1	4	0	0	0	3
AT3G04181	15	11	16	11	30	19
AT3G04184	28	23	35	20	19	29
AT3G04200	15	21	6	24	17	31
AT3G04210	9225	8093	10433	8738	13730	11089
AT3G04220	140	124	111	262	509	297
AT3G04230	159	193	168	274	303	220
AT3G04240	2963	2469	2469	2686	3769	3369
AT3G04260	2368	1934	2096	1520	1672	1910
AT3G04290	1596	1532	1090	807	694	954
AT3G04300	16	4	1	19	5	4
AT3G04310	144	150	126	116	151	129
AT3G04320	2	1	1	0	0	1
AT3G04330	0	0	0	0	1	0
AT3G04340	3281	2759	3065	2276	3145	3081
AT3G04350	704	658	612	557	633	552
AT3G04360	1	1	4	2	1	0
AT3G04370	2	0	0	2	3	0
AT3G04380	98	104	103	88	99	104
AT3G04390	0	0	0	0	0	2
AT3G04400	8102	8303	6933	8789	8912	6413
AT3G04410	5	5	2	1	0	0
AT3G04420	60	84	94	46	67	62
AT3G04440	102	98	88	70	90	89
AT3G04450	199	194	195	162	200	201
AT3G04460	419	332	352	350	407	348
AT3G04470	1494	1370	1417	1193	1541	1421
AT3G04480	1315	1244	1311	962	1611	1184
AT3G04485	113	109	95	88	92	100
AT3G04490	1101	967	992	827	1136	1035
AT3G04500	578	541	522	618	725	558
AT3G04510	51	65	25	29	21	36
AT3G04520	506	435	324	441	412	528
AT3G04530	5	15	8	25	39	33
AT3G04550	4272	3284	5090	3659	5962	5574
AT3G04560	443	402	386	403	437	375
AT3G04570	0	2	0	4	1	1
AT3G04580	855	732	785	686	1094	822
AT3G04590	777	705	669	674	778	779
AT3G04600	1151	974	989	1085	1258	980
AT3G04610	1136	1019	981	1055	1272	1035
AT3G04620	30	40	35	26	43	30
AT3G04630	723	561	478	445	481	563
AT3G04640	7304	7863	7365	8546	9574	7394
AT3G04650	1408	1205	1197	1128	1465	1210
AT3G04660	1	4	3	1	3	2
AT3G04670	611	489	370	479	611	524
AT3G04680	462	411	463	484	587	503
AT3G04690	107	106	104	92	118	124
AT3G04700	34	44	38	46	35	45
AT3G04710	300	306	263	410	498	334
AT3G04720	29454	28957	11775	26996	9981	21339
AT3G04730	3696	3447	3170	2599	2419	2798
AT3G04740	1436	1361	1265	1062	1555	1295
AT3G04750	244	179	185	163	198	188
AT3G04760	1799	1527	1724	1281	1808	1663
AT3G04770	167	155	154	250	268	190
AT3G04780	594	561	504	637	651	510
AT3G04790	3990	3471	4216	3500	5262	3739
AT3G04800	2	1	6	4	7	5
AT3G04810	840	688	598	599	643	542
AT3G04820	380	301	304	341	486	336
AT3G04830	1049	921	903	917	1215	1145
AT3G04840	7596	6493	6069	7157	7541	5820
AT3G04850	63	69	63	53	58	53
AT3G04854	3	2	0	1	3	7
AT3G04855	0	1	0	0	0	0
AT3G04860	121	98	112	84	104	80
AT3G04870	2556	1954	1975	1629	2047	2120
AT3G04880	989	917	861	888	875	772
AT3G04890	760	757	835	729	793	739
AT3G04900	1	3	3	3	0	6
AT3G04910	8012	6448	7717	5096	6758	6600
AT3G04920	2675	2527	2139	2640	3070	2034
AT3G04930	1653	1273	1159	1226	1485	1659
AT3G04940	1376	1192	1132	1047	1273	1233
AT3G04950	103	79	67	94	91	94
AT3G04960	26	32	56	31	45	42
AT3G04970	283	240	240	276	341	238
AT3G04980	158	137	123	155	143	161
AT3G05000	757	589	617	641	723	632
AT3G05010	456	433	458	467	519	448
AT3G05020	460	373	298	351	309	360
AT3G05030	1281	1215	903	1069	1063	1269
AT3G05040	581	495	568	548	774	601
AT3G05050	852	654	586	668	824	794
AT3G05060	1271	1104	980	1297	1447	1019
AT3G05070	442	523	477	522	587	425
AT3G05080	52	49	48	76	48	45
AT3G05090	1673	1472	1328	1346	1603	1750
AT3G05100	804	626	644	677	656	677
AT3G05110	2	2	0	3	2	2
AT3G05120	964	775	997	750	939	1064
AT3G05130	304	194	300	209	273	373
AT3G05140	34	37	31	39	32	39
AT3G05150	8	4	5	2	14	5
AT3G05152	3	3	1	2	4	0
AT3G05155	1	1	0	0	0	0
AT3G05160	1907	1492	1744	1563	1491	1701
AT3G05165	2346	1856	1499	3148	3344	4515
AT3G05170	118	111	134	100	142	145
AT3G05180	306	260	223	208	196	256
AT3G05190	63	47	36	52	64	66
AT3G05200	3360	2939	3164	2985	3642	3237
AT3G05210	572	563	457	477	458	534
AT3G05220	4632	4407	4902	4592	5851	5662
AT3G05230	486	418	362	421	582	501
AT3G05240	23	10	11	17	15	9
AT3G05250	355	304	305	302	284	331
AT3G05260	1	3	0	4	6	2
AT3G05270	824	648	621	549	673	680
AT3G05280	637	635	639	661	786	580
AT3G05290	628	517	452	523	611	531
AT3G05310	4	4	13	7	7	3
AT3G05320	938	759	867	876	1378	1416
AT3G05327	8	7	12	15	21	17
AT3G05330	118	106	121	81	114	162
AT3G05340	112	61	80	97	134	90
AT3G05345	622	590	542	488	555	511
AT3G05350	2011	1793	1958	1828	2340	1958
AT3G05360	117	120	96	117	171	140
AT3G05370	796	763	911	619	928	869
AT3G05380	797	670	647	761	1048	836
AT3G05390	30	25	26	50	56	57
AT3G05400	41	32	28	109	143	146
AT3G05410	695	605	564	508	498	546
AT3G05420	1696	1528	1540	1442	1786	1695
AT3G05430	115	106	126	102	101	96
AT3G05450	0	0	0	0	1	0
AT3G05470	166	147	109	101	116	135
AT3G05480	39	31	28	39	50	35
AT3G05490	1096	1110	1235	1156	1304	1489
AT3G05500	1436	1423	1168	1660	2508	1689
AT3G05510	263	223	237	248	317	267
AT3G05520	857	810	826	808	872	789
AT3G05530	3682	3507	3226	3225	3606	3463
AT3G05540	0	0	0	2	0	1
AT3G05545	1700	1632	1385	1342	1484	1494
AT3G05550	12	14	12	29	19	15
AT3G05560	3045	2949	2710	3265	3430	2336
AT3G05570	192	197	206	226	244	172
AT3G05580	910	739	750	710	946	814
AT3G05590	6869	5834	5064	6281	6828	5117
AT3G05600	85	87	71	79	79	67
AT3G05620	14	15	3	30	32	34
AT3G05625	291	261	318	286	444	298
AT3G05630	243	194	191	233	262	317
AT3G05640	1171	1029	828	467	303	697
AT3G05650	422	308	389	412	642	616
AT3G05660	149	150	232	321	514	496
AT3G05670	1314	1176	1123	1009	1543	1491
AT3G05675	186	146	135	131	178	163
AT3G05680	1826	1581	1449	1248	1752	1645
AT3G05685	36	51	36	36	49	39
AT3G05690	133	137	123	169	174	177
AT3G05700	370	324	317	320	409	402
AT3G05710	703	623	706	640	782	698
AT3G05720	2	2	0	4	4	4
AT3G05727	438	459	95	371	410	264
AT3G05730	643	707	666	900	1431	910
AT3G05740	84	66	73	107	120	87
AT3G05741	0	0	0	0	0	1
AT3G05746	1	1	0	0	0	0
AT3G05750	397	325	287	298	373	341
AT3G05760	846	700	627	652	753	708
AT3G05770	1	0	1	0	2	1
AT3G05780	0	1	0	0	0	0
AT3G05790	20	19	7	14	23	21
AT3G05800	135	158	298	183	145	154
AT3G05810	175	188	145	224	229	194
AT3G05820	21	11	11	8	6	9
AT3G05830	278	192	167	182	208	213
AT3G05840	2690	2111	1972	1945	2550	2427
AT3G05858	0	0	0	1	0	0
AT3G05860	2	0	0	0	2	0
AT3G05870	179	164	135	184	176	141
AT3G05880	1637	1708	3804	2819	5299	3105
AT3G05890	54	43	31	35	39	42
AT3G05900	2718	1997	2224	1621	1055	2571
AT3G05905	2729	2000	2232	1626	1063	2585
AT3G05910	3279	2889	3021	2491	1966	2975
AT3G05920	1	0	0	0	0	0
AT3G05930	98	95	93	86	87	73
AT3G05932	150	146	143	136	134	125
AT3G05935	142	152	148	100	144	106
AT3G05936	157	164	118	79	73	70
AT3G05937	276	226	215	318	305	296
AT3G05940	268	253	237	241	261	269
AT3G05950	1	0	0	0	0	0
AT3G05960	0	0	0	1	2	0
AT3G05970	2543	2186	2773	2560	4430	3036
AT3G05975	0	1	0	0	0	0
AT3G05980	35	38	35	41	46	34
AT3G05990	445	406	388	410	497	463
AT3G06010	869	688	611	525	711	789
AT3G06019	3	2	3	0	2	0
AT3G06020	181	160	117	128	164	166
AT3G06030	269	198	147	132	198	245
AT3G06035	483	427	309	400	343	422
AT3G06040	739	659	678	745	919	758
AT3G06050	2185	2017	1913	2000	2104	2132
AT3G06060	572	511	579	516	521	484
AT3G06070	1920	1540	1700	1243	1055	1440
AT3G06080	2320	1915	2264	1594	1755	1694
AT3G06090	0	1	0	1	0	0
AT3G06100	14	19	17	20	18	12
AT3G06110	353	350	341	427	458	329
AT3G06120	3	9	21	13	7	8
AT3G06125	531	501	439	491	443	461
AT3G06130	504	464	410	444	442	515
AT3G06140	172	184	215	174	193	204
AT3G06145	87	85	84	60	70	88
AT3G06150	949	852	942	774	648	829
AT3G06160	65	50	60	40	59	67
AT3G06170	1679	1487	1350	1350	1331	1419
AT3G06180	163	170	139	140	151	169
AT3G06190	1079	882	898	864	1025	995
AT3G06200	528	411	418	414	504	480
AT3G06210	382	340	339	311	435	343
AT3G06220	18	16	8	8	11	9
AT3G06240	338	319	331	291	318	314
AT3G06250	460	405	408	353	552	408
AT3G06260	15	3	4	7	7	6
AT3G06270	405	316	319	323	353	360
AT3G06290	1218	1030	975	953	1225	1136
AT3G06300	635	590	578	687	849	625
AT3G06310	454	492	449	516	605	415
AT3G06320	191	194	200	238	237	148
AT3G06330	795	758	574	599	552	590
AT3G06340	610	436	471	461	506	557
AT3G06350	2078	1912	1732	1792	1952	1772
AT3G06360	12	13	13	17	14	17
AT3G06370	104	93	69	124	170	141
AT3G06380	1444	1272	1240	1132	1347	999
AT3G06390	3	2	3	5	9	3
AT3G06400	2858	2298	2406	2235	2869	2742
AT3G06410	748	682	586	582	697	677
AT3G06420	192	208	180	201	202	126
AT3G06430	1428	1082	1191	894	1009	1045
AT3G06435	41	41	40	37	40	52
AT3G06440	731	702	602	577	637	589
AT3G06450	1208	1140	1194	1160	1481	1247
AT3G06455	113	75	88	74	89	92
AT3G06460	1	0	0	0	1	0
AT3G06470	1306	1054	914	862	765	1100
AT3G06480	825	756	689	755	1011	890
AT3G06483	3280	3182	3420	2780	2942	2739
AT3G06490	59	33	14	53	46	49
AT3G06500	12134	10422	10065	9220	12469	12384
AT3G06510	3774	3397	3086	2513	3347	2939
AT3G06520	66	49	58	46	120	70
AT3G06530	1041	936	868	1176	1854	1051
AT3G06540	877	748	675	801	1025	889
AT3G06550	2194	1698	1660	1886	2137	2353
AT3G06560	0	0	0	1	1	1
AT3G06570	225	180	175	185	152	211
AT3G06580	1701	1508	1450	1384	1411	1376
AT3G06590	437	450	388	398	315	364
AT3G06600	13	4	5	10	5	12
AT3G06610	477	482	460	524	587	430
AT3G06620	984	787	849	729	925	890
AT3G06630	26	19	16	21	21	37
AT3G06640	24	14	6	25	26	21
AT3G06650	3482	3032	2965	2591	2918	3089
AT3G06660	303	244	247	211	310	292
AT3G06670	2368	1927	1774	1672	2137	2169
AT3G06680	521	411	396	479	518	380
AT3G06690	130	119	128	141	110	122
AT3G06700	3369	2446	2034	2675	2838	2747
AT3G06710	15	19	22	25	39	16
AT3G06720	2412	2096	2155	2354	3054	2561
AT3G06730	572	556	544	652	585	528
AT3G06740	239	206	213	178	204	199
AT3G06750	1720	1461	1203	1089	838	1411
AT3G06760	973	849	748	755	708	800
AT3G06770	680	696	754	569	424	652
AT3G06778	37	35	36	35	25	25
AT3G06780	827	888	861	885	800	771
AT3G06790	417	415	364	494	572	466
AT3G06810	1671	1455	1279	1347	1537	1749
AT3G06820	505	412	431	379	592	426
AT3G06830	59	60	47	40	49	38
AT3G06840	39	34	33	35	18	31
AT3G06850	737	672	575	614	681	666
AT3G06860	2725	2438	2253	2548	3264	3262
AT3G06868	249	253	215	173	256	256
AT3G06870	181	200	152	137	197	190
AT3G06880	1017	857	1095	766	1241	1250
AT3G06890	190	191	179	282	504	271
AT3G06895	0	0	0	2	0	1
AT3G06900	2	1	0	3	3	1
AT3G06910	238	212	174	173	205	186
AT3G06920	143	129	137	131	263	178
AT3G06930	773	605	610	686	846	652
AT3G06950	431	481	441	431	394	381
AT3G06960	730	749	683	730	802	659
AT3G06962	3	4	1	2	4	2
AT3G06970	1	2	5	3	2	0
AT3G06980	2461	2137	2388	1724	2117	2133
AT3G06985	1	1	2	2	0	3
AT3G06990	16	14	19	5	6	14
AT3G07000	22	11	10	9	3	8
AT3G07010	2153	1892	2169	1655	1694	1937
AT3G07020	1024	938	986	868	1094	1033
AT3G07030	500	425	341	364	433	452
AT3G07040	777	747	777	549	1004	756
AT3G07050	988	938	801	1071	1321	923
AT3G07055	1	0	0	0	0	0
AT3G07060	252	202	203	206	428	263
AT3G07070	1	2	3	0	0	2
AT3G07080	462	357	416	387	472	540
AT3G07090	743	647	599	670	839	709
AT3G07100	3583	3157	3194	2784	3721	3522
AT3G07110	2955	2868	2596	3124	3490	2403
AT3G07120	7	8	8	5	6	10
AT3G07130	58	69	57	69	64	88
AT3G07140	866	829	829	829	1060	945
AT3G07150	11	10	9	12	16	16
AT3G07160	3951	3235	3333	2947	4347	4047
AT3G07170	815	661	699	709	838	756
AT3G07180	1139	993	1017	943	1160	1064
AT3G07190	323	270	292	266	447	351
AT3G07195	1811	1471	1218	1618	1926	1962
AT3G07200	277	263	267	234	289	241
AT3G07210	289	262	211	205	241	202
AT3G07215	157	147	200	171	200	140
AT3G07220	728	672	617	609	566	644
AT3G07230	1324	1129	1181	1291	1466	1088
AT3G07250	6	7	2	4	11	6
AT3G07260	24	15	22	27	37	15
AT3G07270	1306	1263	1284	1077	1718	1150
AT3G07273	192	148	136	123	135	164
AT3G07290	49	47	37	40	62	43
AT3G07300	778	722	741	820	1043	806
AT3G07310	2514	2086	1954	1512	1286	1648
AT3G07320	887	767	726	706	746	982
AT3G07330	1090	949	1128	965	1195	1249
AT3G07340	343	245	383	279	288	463
AT3G07350	716	769	677	449	209	633
AT3G07360	5270	4515	4008	3557	3431	4702
AT3G07370	729	612	558	676	817	757
AT3G07380	20	3	16	11	2	7
AT3G07390	3412	3382	3178	3889	3918	4551
AT3G07400	1134	1064	1073	972	1369	1211
AT3G07410	354	288	223	262	237	308
AT3G07420	149	143	120	208	382	309
AT3G07425	0	0	1	0	0	1
AT3G07430	1866	1772	1984	1956	2356	1772
AT3G07440	269	231	183	220	230	224
AT3G07450	1	0	0	0	0	0
AT3G07460	3785	3814	5368	3949	4352	4057
AT3G07470	3456	2967	3537	3002	3465	3684
AT3G07480	1804	1893	1791	2066	2054	1777
AT3G07490	0	2	2	0	1	0
AT3G07500	86	52	67	60	69	66
AT3G07510	194	194	210	211	184	174
AT3G07520	550	369	363	360	603	494
AT3G07522	0	0	0	0	2	0
AT3G07525	191	142	160	130	152	139
AT3G07530	125	94	110	118	125	94
AT3G07540	407	317	372	349	306	458
AT3G07550	349	264	290	233	264	303
AT3G07560	3716	3299	2826	2805	3324	3205
AT3G07565	518	510	521	558	560	455
AT3G07568	381	402	383	374	449	357
AT3G07570	468	365	465	498	616	541
AT3G07580	218	157	168	218	424	195
AT3G07590	126	136	125	195	235	148
AT3G07600	84	51	57	100	121	70
AT3G07610	708	647	644	676	988	863
AT3G07630	704	673	788	845	970	700
AT3G07640	451	414	609	489	694	537
AT3G07650	185	134	1095	458	3006	609
AT3G07660	1846	1623	1596	1704	2072	1886
AT3G07670	1340	1296	1433	1104	1452	1201
AT3G07680	1659	1428	1267	1529	1625	1502
AT3G07690	328	274	290	236	431	292
AT3G07700	3220	2538	2032	2535	3007	3221
AT3G07710	0	0	0	1	0	0
AT3G07720	915	809	675	921	1279	1016
AT3G07730	211	164	124	151	182	172
AT3G07740	386	367	349	326	393	352
AT3G07750	209	164	178	231	366	175
AT3G07760	1049	754	708	839	1049	838
AT3G07770	1641	1315	1263	1669	2425	1574
AT3G07780	6129	4838	4882	4375	5786	5634
AT3G07790	3197	2842	2758	2503	2932	2969
AT3G07800	520	564	525	567	719	489
AT3G07810	1709	1522	1532	1384	2029	1782
AT3G07830	0	0	0	0	1	0
AT3G07860	165	170	135	211	231	142
AT3G07870	541	397	420	310	503	401
AT3G07880	1847	1634	1602	1563	1684	1726
AT3G07890	1065	870	916	888	1081	1057
AT3G07900	5	6	1	5	7	9
AT3G07910	473	530	488	640	649	532
AT3G07920	4	0	0	0	4	0
AT3G07930	250	218	199	192	198	196
AT3G07940	973	722	585	767	748	715
AT3G07950	892	805	804	751	798	793
AT3G07960	88	73	63	50	79	75
AT3G07970	4	2	4	11	3	7
AT3G07980	638	597	670	486	809	769
AT3G07990	583	550	513	511	530	555
AT3G08000	62	57	61	74	108	59
AT3G08010	1794	1701	1894	1571	1762	1520
AT3G08020	1059	861	792	729	893	1040
AT3G08030	6694	6923	6394	6427	5650	6107
AT3G08040	4	5	7	35	33	43
AT3G08490	7	4	3	6	3	9
AT3G08500	7	3	7	11	5	15
AT3G08505	193	165	148	124	142	143
AT3G08510	10008	7505	8000	6473	7388	9017
AT3G08520	1123	1058	888	1123	1170	792
AT3G08530	8496	7727	8318	6996	10154	8593
AT3G08550	1074	946	1031	981	1228	1081
AT3G08560	1	0	0	1	1	0
AT3G08570	62	46	36	40	56	62
AT3G08580	26425	23602	23906	26094	32414	25028
AT3G08590	2832	2732	2455	3267	4345	3255
AT3G08600	383	396	391	294	324	420
AT3G08610	2695	2751	2464	2705	2832	2374
AT3G08620	275	244	193	264	256	229
AT3G08630	266	261	222	250	269	276
AT3G08640	1487	1305	1208	1736	1778	1849
AT3G08650	2501	2508	2421	2197	2549	2284
AT3G08660	174	166	139	89	61	104
AT3G08670	1284	995	944	784	685	1050
AT3G08680	1181	1048	1081	965	1179	1281
AT3G08690	893	729	723	945	1043	906
AT3G08700	3	2	0	2	4	4
AT3G08710	1349	1120	1066	1257	1596	1365
AT3G08720	2655	2202	1826	3588	5991	4378
AT3G08730	1508	1137	935	1019	1091	1289
AT3G08740	3879	3339	3741	3229	3414	3297
AT3G08750	2	2	0	0	0	0
AT3G08760	2721	2401	2111	2323	2212	2663
AT3G08770	566	587	323	295	208	292
AT3G08780	581	514	489	500	510	607
AT3G08790	4	3	2	3	5	3
AT3G08800	208	194	190	162	239	240
AT3G08810	4	4	2	6	7	3
AT3G08820	57	39	35	57	81	57
AT3G08840	1113	1019	937	871	889	1030
AT3G08850	3305	2912	2819	2480	3434	3038
AT3G08860	910	805	407	4005	4531	5765
AT3G08870	229	192	187	170	282	288
AT3G08880	242	173	210	216	214	210
AT3G08890	327	266	253	261	264	253
AT3G08900	30	25	19	21	31	23
AT3G08910	304	269	261	264	290	252
AT3G08920	1916	1735	1750	1400	1075	1531
AT3G08930	2186	1869	1999	1862	2154	2134
AT3G08940	89351	92472	77318	66489	31457	60765
AT3G08943	1026	956	964	1042	1373	1054
AT3G08947	247	249	253	268	337	237
AT3G08950	254	209	244	313	357	291
AT3G08960	1017	873	835	772	1143	926
AT3G08970	64	73	86	102	236	109
AT3G08980	85	85	85	103	140	83
AT3G08990	181	137	95	116	106	124
AT3G09000	675	654	671	585	736	697
AT3G09010	460	388	414	655	918	546
AT3G09020	1967	1817	1768	2202	2304	1767
AT3G09030	676	685	683	603	753	739
AT3G09032	114	100	103	161	182	112
AT3G09035	347	309	301	273	335	336
AT3G09040	60	66	79	68	107	58
AT3G09050	1148	846	973	717	794	876
AT3G09060	47	43	34	48	94	75
AT3G09070	195	167	115	209	326	256
AT3G09080	5	15	12	11	18	14
AT3G09085	130	142	132	134	132	90
AT3G09090	1453	1203	1230	1213	1602	1526
AT3G09100	1711	1309	1304	1408	1814	1628
AT3G09140	0	0	1	0	0	0
AT3G09150	505	381	389	292	316	393
AT3G09160	84	75	95	70	76	76
AT3G09162	47	42	39	33	44	33
AT3G09180	407	412	377	417	519	411
AT3G09190	55	56	37	48	34	37
AT3G09200	11949	10817	9898	11129	12259	9337
AT3G09210	2120	1601	1806	1497	1437	1746
AT3G09220	18	13	5	8	15	5
AT3G09230	167	135	119	116	121	99
AT3G09240	8	12	9	16	16	13
AT3G09250	879	634	777	682	890	829
AT3G09260	2577	2211	938	1451	1656	2300
AT3G09270	52	33	28	17	23	29
AT3G09280	0	2	5	4	10	2
AT3G09300	1490	1360	1542	1418	1707	1577
AT3G09310	108	93	92	132	136	100
AT3G09320	459	402	484	444	496	433
AT3G09330	4	5	4	2	5	5
AT3G09340	0	1	0	0	0	2
AT3G09350	284	239	280	388	471	280
AT3G09360	399	320	306	330	358	367
AT3G09370	243	244	244	245	308	212
AT3G09380	0	0	0	0	1	0
AT3G09390	13844	12637	23889	19939	44287	22219
AT3G09400	1	2	3	3	5	6
AT3G09405	395	339	236	451	652	354
AT3G09410	1063	882	886	867	1135	946
AT3G09430	17	19	18	24	27	16
AT3G09440	4171	3424	3902	6299	11635	5857
AT3G09450	5	7	0	7	3	2
AT3G09470	1254	1183	1151	925	1120	1116
AT3G09480	35	31	31	41	45	27
AT3G09490	184	120	156	172	302	205
AT3G09500	4293	4162	3621	4307	4249	3270
AT3G09520	308	279	270	384	330	327
AT3G09530	0	0	1	2	0	0
AT3G09540	462	366	374	382	364	435
AT3G09550	114	98	118	82	108	131
AT3G09560	892	766	725	729	766	876
AT3G09570	1064	834	734	803	839	870
AT3G09580	782	739	852	636	564	574
AT3G09590	0	1	0	0	0	1
AT3G09600	286	263	70	161	58	123
AT3G09620	2	0	1	1	3	3
AT3G09630	5606	5350	4733	5753	5760	5075
AT3G09640	0	0	4	1	2	1
AT3G09650	956	721	700	580	749	809
AT3G09660	118	93	98	101	165	114
AT3G09670	306	215	255	268	265	240
AT3G09680	8	7	2	7	6	0
AT3G09690	581	532	487	491	639	428
AT3G09700	140	116	130	150	179	106
AT3G09710	238	209	204	169	212	248
AT3G09720	225	215	205	270	362	250
AT3G09730	88	57	50	54	51	53
AT3G09735	836	693	744	762	919	862
AT3G09740	2487	2095	2228	2226	2660	2359
AT3G09750	1	0	0	0	0	0
AT3G09760	652	489	521	476	569	529
AT3G09770	1314	1112	927	955	1051	1295
AT3G09780	62	70	68	56	66	55
AT3G09790	22	24	14	24	30	12
AT3G09800	400	382	412	349	351	365
AT3G09810	611	593	572	595	961	635
AT3G09820	5924	5280	4756	4608	5112	4967
AT3G09830	4906	4422	3586	4866	7552	5263
AT3G09840	13129	11656	11171	11729	13933	13197
AT3G09850	1812	1472	1390	1235	1358	1517
AT3G09860	2295	1989	2034	1860	1881	1897
AT3G09863	5	4	5	7	7	9
AT3G09870	384	294	275	354	326	329
AT3G09880	807	655	646	574	735	728
AT3G09890	205	245	215	289	226	210
AT3G09900	829	650	606	658	691	734
AT3G09910	145	129	82	112	80	149
AT3G09920	1534	1246	1014	859	1017	1088
AT3G09922	1	4	10	13	12	5
AT3G09925	0	0	0	0	1	0
AT3G09930	0	1	0	0	0	0
AT3G09940	3034	2449	797	2161	2453	2525
AT3G09950	11	16	1	13	5	7
AT3G09960	25	26	19	31	38	43
AT3G09970	466	393	480	452	750	456
AT3G09980	1351	978	948	850	982	1199
AT3G09990	0	1	0	0	0	0
AT3G10000	7	5	5	8	6	12
AT3G10010	772	671	573	512	884	708
AT3G10020	7346	5786	5831	5096	3806	6275
AT3G10030	863	602	652	599	708	679
AT3G10040	93	49	62	65	65	85
AT3G10050	1090	927	901	1017	1348	852
AT3G10060	3102	2741	2852	2160	2372	2442
AT3G10070	257	236	245	267	303	270
AT3G10080	360	266	208	237	263	318
AT3G10090	529	543	515	639	668	441
AT3G10110	86	71	67	137	189	90
AT3G10113	148	124	107	98	29	69
AT3G10120	50	40	53	39	63	41
AT3G10130	1611	1420	1489	1340	1505	1472
AT3G10140	438	330	335	267	343	342
AT3G10150	21	23	20	14	22	37
AT3G10160	1430	1236	1361	992	1420	1301
AT3G10180	123	84	86	74	73	95
AT3G10185	5	0	4	3	4	2
AT3G10190	294	277	249	305	276	271
AT3G10200	60	72	38	47	77	57
AT3G10210	597	510	470	525	484	507
AT3G10220	582	550	546	556	569	481
AT3G10230	2193	1968	1676	1370	1280	1500
AT3G10240	0	0	2	0	0	1
AT3G10250	754	563	554	503	566	591
AT3G10260	2303	1978	1805	1746	2036	1838
AT3G10270	1478	1262	1297	1047	1240	1255
AT3G10280	41	29	36	42	45	45
AT3G10290	12	17	6	11	5	9
AT3G10300	4723	4719	4632	5174	6321	6170
AT3G10310	132	83	107	71	109	125
AT3G10320	155	116	58	145	152	229
AT3G10330	566	480	487	602	750	608
AT3G10340	128	136	93	123	131	153
AT3G10350	1668	1588	1635	1536	1817	1507
AT3G10360	1671	1380	1273	1043	1251	1434
AT3G10370	1169	998	1216	1194	1503	1311
AT3G10380	2946	2575	2581	2452	3616	3127
AT3G10390	492	384	381	378	521	463
AT3G10400	104	92	86	114	98	80
AT3G10405	1350	1213	1074	1001	607	841
AT3G10410	2630	2345	4150	3330	5715	3882
AT3G10420	2865	2813	1589	1856	1415	1965
AT3G10440	262	246	210	236	241	209
AT3G10450	327	271	249	321	422	379
AT3G10460	0	0	0	0	2	0
AT3G10470	9	3	1	0	5	5
AT3G10480	788	669	651	696	858	770
AT3G10490	960	767	638	806	920	953
AT3G10500	743	621	608	1118	1380	988
AT3G10510	0	2	0	0	1	2
AT3G10520	2070	1938	2654	2209	2427	2040
AT3G10525	337	308	305	343	306	378
AT3G10530	344	270	307	369	618	375
AT3G10540	568	515	503	562	693	584
AT3G10550	584	458	457	416	514	464
AT3G10560	2	3	1	0	2	0
AT3G10570	130	94	74	103	68	88
AT3G10572	391	371	368	280	295	287
AT3G10590	5	2	3	5	11	13
AT3G10600	15	6	6	16	12	12
AT3G10610	635	645	519	617	673	495
AT3G10620	718	720	684	694	642	618
AT3G10630	433	357	371	371	420	394
AT3G10640	1570	1362	1277	1499	1709	1416
AT3G10650	1719	1351	1451	1353	1888	1681
AT3G10660	180	167	166	143	145	143
AT3G10670	2052	1706	1873	1839	2027	1815
AT3G10680	20	18	15	18	36	35
AT3G10690	1010	846	814	884	1303	1038
AT3G10700	402	370	376	350	399	393
AT3G10720	7191	5998	6082	4814	5994	7734
AT3G10730	441	394	368	457	530	443
AT3G10740	2218	1991	1701	1184	1230	1419
AT3G10745	3	0	4	1	4	1
AT3G10750	10	3	3	5	6	11
AT3G10760	640	570	442	511	491	513
AT3G10770	2327	2188	1912	1669	1702	1880
AT3G10780	1	1	3	1	1	1
AT3G10800	1972	1563	1559	1603	2068	2126
AT3G10810	906	836	744	717	846	817
AT3G10815	123	86	41	137	168	107
AT3G10820	308	225	227	221	312	240
AT3G10840	364	318	348	232	394	264
AT3G10845	0	2	0	1	1	1
AT3G10850	3698	2887	3067	2895	3375	3384
AT3G10860	1812	1966	1843	2159	2292	1651
AT3G10870	276	214	183	271	260	300
AT3G10880	25	30	16	22	29	29
AT3G10890	2	0	0	0	0	0
AT3G10910	26	33	23	10	6	20
AT3G10912	26	33	23	10	6	20
AT3G10915	742	573	586	578	746	650
AT3G10920	4876	4522	4440	4545	4795	4607
AT3G10930	3046	2937	2825	3392	4035	2615
AT3G10940	841	716	823	740	952	897
AT3G10960	191	151	202	175	235	243
AT3G10970	2440	1960	2191	1757	2228	1961
AT3G10980	953	817	973	710	955	848
AT3G10985	6977	6610	6459	5737	7201	6858
AT3G10986	4	6	7	6	16	12
AT3G11000	42	54	38	58	73	59
AT3G11010	2125	1810	2023	2575	6065	3037
AT3G11020	101	101	208	140	150	180
AT3G11030	413	382	356	326	399	392
AT3G11040	250	178	129	186	257	151
AT3G11050	14	24	18	19	36	22
AT3G11070	706	549	605	581	711	625
AT3G11080	421	341	298	411	896	544
AT3G11090	215	233	203	208	302	190
AT3G11100	544	459	401	388	407	445
AT3G11110	118	141	131	109	89	135
AT3G11120	1011	891	764	931	904	724
AT3G11130	7558	6878	7628	6394	9788	8368
AT3G11150	17	25	12	30	16	60
AT3G11160	0	0	0	0	2	1
AT3G11165	4	0	2	1	2	1
AT3G11170	8234	7019	7408	6939	8849	8253
AT3G11180	2	1	1	3	0	6
AT3G11200	1269	1125	1049	1171	1343	1158
AT3G11210	316	242	185	201	188	208
AT3G11220	240	237	225	269	341	193
AT3G11230	462	354	476	461	620	520
AT3G11240	279	210	239	245	251	182
AT3G11250	721	672	664	818	973	704
AT3G11260	3	1	3	1	4	0
AT3G11270	301	315	257	367	355	344
AT3G11280	1485	1242	1198	1192	1755	1451
AT3G11290	553	430	420	427	468	476
AT3G11320	613	600	556	609	913	618
AT3G11325	0	0	3	0	0	2
AT3G11330	633	465	489	545	633	597
AT3G11340	49	33	53	62	65	51
AT3G11370	0	0	0	0	1	1
AT3G11390	4	3	5	1	2	3
AT3G11397	676	545	526	560	838	630
AT3G11400	2134	1947	1724	2112	2278	1968
AT3G11402	723	588	583	617	955	699
AT3G11405	2	1	0	1	1	1
AT3G11410	2450	2199	1986	1794	2393	2429
AT3G11415	5	3	10	9	7	3
AT3G11420	1178	1050	973	786	1133	1324
AT3G11430	2	3	8	4	7	6
AT3G11440	195	188	157	159	204	209
AT3G11450	2734	1960	2044	1833	2153	2110
AT3G11460	55	53	71	68	121	58
AT3G11470	232	182	178	176	168	157
AT3G11480	63	56	19	226	2	316
AT3G11490	373	286	301	241	212	260
AT3G11500	520	492	478	537	548	489
AT3G11510	3827	4897	4302	5233	5472	3218
AT3G11520	39	54	61	50	59	58
AT3G11530	551	507	473	490	571	487
AT3G11540	1229	1017	1111	1055	1458	1162
AT3G11550	2	5	1	4	1	2
AT3G11560	5044	4192	4382	3376	4419	4484
AT3G11570	636	690	716	633	635	587
AT3G11580	74	78	62	89	122	102
AT3G11590	935	707	742	744	966	830
AT3G11591	21	32	23	26	42	19
AT3G11600	176	144	120	163	158	182
AT3G11620	269	256	217	222	263	260
AT3G11630	15668	13923	16042	12842	13866	12372
AT3G11640	26	36	27	20	41	26
AT3G11650	1450	1049	1083	1178	1533	1369
AT3G11660	2145	1880	1301	1423	1569	1735
AT3G11670	2002	1716	1311	1517	1637	1936
AT3G11680	7	2	1	2	1	2
AT3G11690	181	139	106	120	91	131
AT3G11700	4959	3972	4321	3710	4221	5446
AT3G11710	2742	2251	2232	2498	2881	2442
AT3G11720	499	428	357	306	330	355
AT3G11730	928	852	732	879	851	812
AT3G11740	0	0	0	5	1	0
AT3G11745	57	60	62	73	74	71
AT3G11750	106	114	103	91	100	90
AT3G11760	360	284	277	280	314	341
AT3G11770	435	419	441	481	525	353
AT3G11773	5	5	3	6	6	5
AT3G11780	1584	1518	1597	1569	1259	1598
AT3G11800	1062	1026	1151	1133	1260	1164
AT3G11810	1278	1099	1112	948	1123	1105
AT3G11820	5846	5250	5368	6154	8621	6249
AT3G11830	2511	2060	1863	2281	2498	2280
AT3G11840	1425	1220	1623	1572	2259	1706
AT3G11850	706	584	629	525	702	609
AT3G11860	21	18	32	29	52	20
AT3G11880	1425	1343	1209	1456	1901	1610
AT3G11890	514	421	421	354	418	395
AT3G11900	675	577	439	562	431	505
AT3G11910	3273	2577	2678	2315	3184	3338
AT3G11920	2	0	1	0	2	0
AT3G11930	1497	1549	1571	1854	1953	1854
AT3G11940	5956	6601	5560	7020	6834	5294
AT3G11945	1547	1510	1572	1204	1453	1258
AT3G11950	251	187	172	170	250	211
AT3G11960	1547	1393	1338	1301	1654	1447
AT3G11964	1374	1078	1102	1176	1985	1423
AT3G11980	0	0	0	0	3	0
AT3G12010	1362	1249	1076	1097	1207	1189
AT3G12012	1362	1249	1076	1097	1207	1189
AT3G12020	1413	1040	1003	842	960	1308
AT3G12030	351	333	292	318	312	329
AT3G12040	199	224	173	165	222	194
AT3G12050	833	720	651	760	1032	814
AT3G12060	11	7	11	12	16	13
AT3G12070	101	78	51	57	99	95
AT3G12080	2742	2158	2348	1999	2565	2466
AT3G12090	88	65	71	74	118	82
AT3G12100	473	441	488	455	570	463
AT3G12110	322	311	378	256	219	325
AT3G12120	25824	21374	22272	18761	20894	24701
AT3G12130	784	664	561	597	741	729
AT3G12140	1202	996	991	1057	1153	1150
AT3G12145	1046	916	487	693	470	954
AT3G12150	566	540	521	430	408	345
AT3G12160	0	0	0	1	2	2
AT3G12170	79	71	44	52	55	45
AT3G12180	217	212	191	196	219	168
AT3G12200	1101	914	863	963	1196	1001
AT3G12203	3	1	2	2	2	2
AT3G12210	377	316	298	257	259	303
AT3G12220	217	173	142	205	326	207
AT3G12230	6	2	6	3	11	8
AT3G12240	0	0	0	0	1	0
AT3G12250	283	271	244	270	302	268
AT3G12260	1705	1817	1678	1900	2070	1749
AT3G12270	376	266	256	429	432	309
AT3G12280	1314	1197	1095	1076	1319	1255
AT3G12290	4085	3490	3653	3499	3968	4007
AT3G12300	395	343	313	390	351	316
AT3G12320	888	845	273	394	113	363
AT3G12340	182	173	133	210	253	161
AT3G12345	4178	3350	2967	2456	1841	2692
AT3G12350	575	481	486	373	392	442
AT3G12360	2920	2696	2352	2662	3480	3400
AT3G12370	338	324	302	368	364	349
AT3G12380	431	348	382	368	488	416
AT3G12390	2224	2011	1779	2176	2518	1978
AT3G12400	2319	1957	1976	1811	2180	2412
AT3G12410	6	6	0	15	3	10
AT3G12420	1	0	1	0	0	0
AT3G12430	0	0	0	0	0	2
AT3G12440	2	0	0	0	0	0
AT3G12460	8	21	11	14	15	21
AT3G12470	0	0	0	0	1	0
AT3G12480	845	758	710	779	887	895
AT3G12490	3359	3225	3437	3563	3460	3249
AT3G12500	3895	3991	1013	2490	789	2930
AT3G12502	936	1016	278	634	193	793
AT3G12510	43	37	25	55	44	46
AT3G12520	736	612	407	814	980	1054
AT3G12530	126	92	107	111	155	125
AT3G12545	0	1	0	1	0	1
AT3G12550	439	338	372	354	449	461
AT3G12560	691	614	671	533	844	694
AT3G12570	1755	1530	1500	1363	1774	1767
AT3G12580	255	215	168	500	949	448
AT3G12587	297	275	228	309	327	214
AT3G12590	1089	991	1066	902	1126	1185
AT3G12600	772	568	595	534	545	531
AT3G12610	1640	1764	1952	1697	1324	1513
AT3G12620	1174	1037	1089	994	1272	1097
AT3G12630	3456	3213	3189	3369	3872	3313
AT3G12640	977	699	706	701	798	870
AT3G12650	321	279	250	309	305	270
AT3G12660	0	0	0	0	1	0
AT3G12670	1786	1535	1419	1614	1696	1336
AT3G12680	637	545	550	612	605	632
AT3G12685	271	219	287	206	294	231
AT3G12690	163	113	118	115	145	129
AT3G12700	408	403	497	464	482	596
AT3G12710	1077	1089	726	1089	780	971
AT3G12720	1	0	0	0	3	0
AT3G12730	98	91	64	64	72	101
AT3G12740	3918	3271	3337	4044	5996	4008
AT3G12750	158	135	137	122	176	221
AT3G12760	1201	1095	1048	1162	1305	1201
AT3G12770	58	62	68	67	92	63
AT3G12775	2	3	2	1	1	0
AT3G12780	35266	31197	36500	27955	36162	31347
AT3G12800	2554	2063	2165	2480	2726	2557
AT3G12810	1336	1168	1054	1068	1552	1467
AT3G12820	58	31	37	46	49	41
AT3G12830	515	553	645	931	1487	687
AT3G12835	19	6	8	20	22	21
AT3G12840	0	0	0	0	1	0
AT3G12860	79	90	47	81	82	37
AT3G12870	84	70	44	73	59	79
AT3G12880	1	2	1	0	2	0
AT3G12890	14	18	11	17	8	14
AT3G12900	1	1	0	0	3	1
AT3G12910	37	21	11	22	49	32
AT3G12915	251	232	235	190	228	201
AT3G12920	182	166	160	180	159	137
AT3G12930	1568	1352	1592	1302	1444	1210
AT3G12940	303	301	276	265	251	230
AT3G12950	632	501	548	542	772	629
AT3G12955	5	0	3	1	2	3
AT3G12960	0	0	1	4	3	1
AT3G12965	193	329	319	429	397	166
AT3G12970	51	29	15	14	21	18
AT3G12977	8	5	3	4	0	3
AT3G12980	1523	1191	1239	1011	1514	1439
AT3G12990	271	276	275	254	322	259
AT3G13000	481	377	382	374	504	508
AT3G13010	1	1	1	0	1	0
AT3G13020	43	49	38	27	49	49
AT3G13030	616	596	626	557	815	716
AT3G13040	2565	2039	1459	1879	1651	2083
AT3G13050	715	704	636	697	1009	761
AT3G13060	2137	1857	1714	1539	1877	1855
AT3G13061	691	700	527	518	578	544
AT3G13062	2361	2431	1828	1269	1342	1315
AT3G13065	398	309	254	160	152	200
AT3G13070	1382	1248	1151	1083	1363	1132
AT3G13080	2211	2091	1597	5688	7667	4091
AT3G13090	41	35	25	42	72	59
AT3G13100	307	227	185	327	564	456
AT3G13110	2715	2342	1653	2309	2647	2691
AT3G13120	7555	6510	7318	6219	6843	6365
AT3G13130	0	5	0	9	12	14
AT3G13140	3	2	0	2	4	1
AT3G13150	131	120	143	194	260	135
AT3G13160	242	230	246	344	408	295
AT3G13170	10	2	6	5	8	7
AT3G13175	211	159	116	169	152	201
AT3G13180	889	816	966	834	879	868
AT3G13190	254	200	142	247	252	223
AT3G13200	1932	1882	1701	1728	1815	1766
AT3G13210	33	20	18	24	46	25
AT3G13220	0	1	0	0	0	0
AT3G13222	800	654	578	633	838	681
AT3G13224	508	431	430	455	509	466
AT3G13225	1292	1031	1086	982	1126	1161
AT3G13226	428	405	376	376	479	405
AT3G13227	0	0	0	0	0	1
AT3G13229	7	4	3	13	9	20
AT3G13230	413	357	360	537	677	378
AT3G13235	1122	1061	1068	1199	1443	1153
AT3G13240	87	58	51	42	41	58
AT3G13275	91	75	89	84	123	79
AT3G13277	68	77	65	77	116	101
AT3G13280	4	4	2	8	12	1
AT3G13290	804	772	748	705	1030	874
AT3G13300	3259	2746	2920	2642	4140	3515
AT3G13310	254	224	249	255	229	312
AT3G13320	1140	941	1027	1036	1246	1188
AT3G13330	2978	2754	2474	2483	3801	3141
AT3G13340	2205	1858	1794	1817	2141	1943
AT3G13350	398	342	384	354	341	360
AT3G13360	1202	891	911	756	866	779
AT3G13380	524	483	645	714	1286	841
AT3G13400	8	11	7	2	1	0
AT3G13403	6	10	12	11	15	9
AT3G13404	102	109	74	72	90	66
AT3G13405	18	19	15	12	14	24
AT3G13410	5083	4753	5104	4624	4932	4749
AT3G13420	63	57	48	57	91	58
AT3G13430	761	646	620	632	759	635
AT3G13432	9	9	1	14	9	4
AT3G13433	88	68	29	109	89	86
AT3G13435	10	12	5	30	34	10
AT3G13437	315	273	273	314	462	376
AT3G13440	832	746	732	727	863	839
AT3G13445	564	500	486	522	653	469
AT3G13450	620	681	699	591	600	545
AT3G13460	12309	9806	9748	9762	13326	10712
AT3G13470	2668	2177	2351	1719	2258	1727
AT3G13480	448	424	366	375	401	421
AT3G13490	1710	1557	1692	1405	1519	1521
AT3G13500	2	0	0	1	2	1
AT3G13510	444	344	284	408	463	420
AT3G13520	760	1184	1430	1233	951	1246
AT3G13525	1	1	0	3	2	2
AT3G13530	1352	1151	1281	1135	1578	1549
AT3G13540	17	27	19	22	27	16
AT3G13550	312	253	271	287	272	330
AT3G13560	536	472	538	555	859	542
AT3G13570	855	900	819	933	1182	871
AT3G13580	2816	2216	1812	2567	2597	2447
AT3G13590	25	18	12	28	27	45
AT3G13594	0	0	0	2	2	0
AT3G13600	176	140	120	157	155	158
AT3G13610	43	45	16	48	58	34
AT3G13620	171	131	109	124	146	143
AT3G13640	10	7	8	10	8	16
AT3G13650	93	79	48	93	98	90
AT3G13660	1	0	0	4	0	3
AT3G13662	0	0	0	0	1	2
AT3G13670	2961	2539	2729	2486	3805	3072
AT3G13672	997	858	891	930	1184	954
AT3G13674	47	50	50	53	86	38
AT3G13677	80	86	85	70	85	79
AT3G13680	1	1	1	0	4	1
AT3G13682	69	72	69	52	96	76
AT3G13690	2775	2236	2186	1780	1705	2095
AT3G13700	466	418	475	322	386	370
AT3G13710	469	419	476	324	387	370
AT3G13720	993	1085	1129	1016	1175	946
AT3G13730	108	93	109	103	170	128
AT3G13740	1026	954	1125	839	820	803
AT3G13750	24114	19682	23923	11102	11604	12137
AT3G13760	0	0	1	0	2	0
AT3G13770	32	45	33	50	74	54
AT3G13772	1410	1317	1248	1218	1434	1344
AT3G13780	212	129	136	111	133	167
AT3G13782	74	51	62	40	65	59
AT3G13784	0	4	1	0	3	3
AT3G13790	880	736	717	601	684	684
AT3G13800	465	415	403	396	434	395
AT3G13810	697	560	474	431	580	598
AT3G13840	10	10	4	7	4	0
AT3G13845	122	148	131	133	151	140
AT3G13850	36	46	38	31	43	21
AT3G13855	3	4	2	5	10	4
AT3G13857	2	2	2	2	7	4
AT3G13860	713	677	606	757	984	739
AT3G13870	4424	3821	3687	3478	4334	4182
AT3G13880	108	75	91	112	181	109
AT3G13882	594	577	576	623	643	505
AT3G13898	0	0	1	0	0	0
AT3G13900	12	10	10	7	19	7
AT3G13910	340	335	267	345	463	386
AT3G13920	11613	11013	10438	10885	12591	9905
AT3G13930	2622	2104	2239	2193	2767	2845
AT3G13940	310	261	256	454	625	369
AT3G13950	324	282	184	407	601	390
AT3G13960	70	67	35	55	80	87
AT3G13970	65	76	75	105	62	47
AT3G13980	364	290	195	313	237	408
AT3G13990	1271	1065	1151	1151	1575	1411
AT3G14000	369	303	264	274	245	301
AT3G14010	2188	1702	1764	1745	1999	2178
AT3G14020	310	260	224	361	451	411
AT3G14050	8853	7786	6672	10442	12899	11662
AT3G14060	51	34	29	32	41	67
AT3G14067	7939	6923	4898	5630	7156	7142
AT3G14070	114	120	82	113	175	133
AT3G14075	635	589	549	573	731	662
AT3G14080	378	288	291	297	390	313
AT3G14090	1468	1235	1264	1305	1417	1358
AT3G14100	3862	3557	3300	3328	3942	3191
AT3G14110	3005	2687	2853	2395	2584	2448
AT3G14120	600	561	543	667	961	607
AT3G14130	466	377	396	378	518	418
AT3G14140	7	3	9	2	5	5
AT3G14150	943	763	773	660	674	684
AT3G14160	203	178	140	195	244	178
AT3G14170	100	75	66	51	39	83
AT3G14172	921	771	1025	857	1342	1195
AT3G14180	643	539	484	518	626	599
AT3G14185	0	0	0	0	1	0
AT3G14190	75	71	80	81	92	85
AT3G14200	749	601	524	841	910	1005
AT3G14205	1627	1210	1406	1255	1833	1872
AT3G14210	40785	34876	43111	37787	39241	39144
AT3G14220	1496	1326	1208	1184	1097	1251
AT3G14225	7	11	4	6	11	6
AT3G14230	3038	2861	3256	3298	3782	3143
AT3G14240	2459	2190	2185	1924	1855	2578
AT3G14260	5	6	0	4	6	0
AT3G14270	3456	2911	3025	2391	3666	3891
AT3G14280	295	239	181	179	142	168
AT3G14290	1274	1250	1124	1346	1265	1027
AT3G14310	15213	13395	14271	13639	14531	14119
AT3G14320	1	1	0	2	4	0
AT3G14330	454	360	396	312	355	408
AT3G14340	388	318	277	291	306	301
AT3G14350	3593	3098	2841	2824	3119	3524
AT3G14360	77	78	56	70	63	62
AT3G14362	2	0	0	0	0	0
AT3G14370	16	9	12	30	15	10
AT3G14380	8	7	5	8	4	6
AT3G14390	1044	977	981	1044	1276	868
AT3G14395	24	17	2	16	2	20
AT3G14400	1458	1169	1252	1218	1859	1495
AT3G14410	379	390	411	424	524	382
AT3G14415	16232	14730	17623	12511	18959	13951
AT3G14420	25875	26019	24360	18298	24565	20050
AT3G14430	191	269	287	272	311	213
AT3G14431	1	0	0	0	0	0
AT3G14440	1250	1125	1195	1080	1288	1345
AT3G14450	84	78	79	67	91	86
AT3G14452	4	6	11	10	5	5
AT3G14460	115	109	124	71	169	123
AT3G14470	499	404	421	422	663	446
AT3G14475	3	1	2	4	2	3
AT3G14510	0	1	0	0	0	0
AT3G14530	2	2	0	0	1	0
AT3G14540	17	17	10	9	12	15
AT3G14550	50	47	26	42	36	31
AT3G14560	103	68	55	70	77	86
AT3G14570	184	167	132	122	224	239
AT3G14580	33	34	51	37	65	30
AT3G14590	592	447	442	493	562	624
AT3G14595	2044	2142	1567	1653	1147	1479
AT3G14600	3223	2846	2393	3038	3196	2649
AT3G14610	96	72	61	86	102	125
AT3G14620	2502	2298	2384	3107	5523	3120
AT3G14630	66	74	71	80	90	83
AT3G14640	11	9	9	10	22	11
AT3G14650	3232	2816	2952	2304	3229	2958
AT3G14660	2816	2381	2547	1997	2664	2630
AT3G14670	1	1	0	0	0	0
AT3G14680	202	141	93	137	120	126
AT3G14690	2289	1858	1694	1435	1485	1688
AT3G14700	34	23	16	68	67	44
AT3G14710	7	8	14	9	10	13
AT3G14720	742	645	565	696	789	817
AT3G14730	91	61	81	51	91	69
AT3G14735	2	2	3	0	3	3
AT3G14740	73	74	75	60	73	65
AT3G14750	187	162	181	170	171	159
AT3G14760	83	74	42	68	55	51
AT3G14770	277	249	140	144	92	152
AT3G14780	14	9	9	10	15	42
AT3G14790	710	677	644	661	710	717
AT3G14810	814	629	498	473	435	769
AT3G14820	0	1	0	1	0	1
AT3G14830	972	838	799	801	883	875
AT3G14840	5301	4460	5082	5055	8088	7181
AT3G14850	104	102	52	68	46	64
AT3G14860	908	748	755	741	885	855
AT3G14870	605	594	602	594	822	601
AT3G14890	361	300	241	295	282	307
AT3G14900	312	241	288	262	376	300
AT3G14910	233	219	245	247	273	229
AT3G14920	668	480	489	526	627	650
AT3G14930	5449	5114	5673	4720	4145	4799
AT3G14940	167	193	136	149	149	205
AT3G14950	9	11	6	11	5	10
AT3G14960	532	524	478	462	551	489
AT3G14980	702	630	763	546	817	746
AT3G14981	5	3	5	3	8	1
AT3G14990	1225	1130	1409	1882	3874	2187
AT3G15000	3033	2732	2428	3770	4820	3503
AT3G15010	856	837	768	958	1260	889
AT3G15020	452	439	450	615	669	675
AT3G15030	1104	932	1312	960	1304	1266
AT3G15040	546	573	564	469	506	449
AT3G15050	15	13	10	10	12	4
AT3G15060	531	464	564	542	635	562
AT3G15070	843	684	621	511	598	700
AT3G15080	188	176	143	222	252	154
AT3G15090	357	308	259	284	350	292
AT3G15095	1926	1567	1600	1390	1585	1728
AT3G15110	1542	1276	1626	1226	1536	1455
AT3G15111	0	0	0	2	0	0
AT3G15115	94	95	95	54	37	78
AT3G15120	1029	918	837	693	1059	1019
AT3G15130	53	56	56	48	62	47
AT3G15140	143	120	152	138	243	154
AT3G15150	108	84	65	89	110	59
AT3G15160	1284	1180	1052	1074	1270	1200
AT3G15170	3	3	3	1	6	3
AT3G15180	694	511	493	605	736	729
AT3G15190	6585	6111	6861	5448	5748	5342
AT3G15200	214	196	171	154	272	229
AT3G15210	6167	6992	6665	8084	7828	6913
AT3G15220	765	692	671	613	775	719
AT3G15240	0	0	1	5	2	2
AT3G15250	1	0	0	0	0	0
AT3G15260	1653	1258	1188	1375	1655	1475
AT3G15270	100	74	68	76	66	74
AT3G15280	0	0	2	3	0	1
AT3G15290	523	489	532	476	462	566
AT3G15300	43	30	30	31	54	52
AT3G15340	12	8	10	7	11	10
AT3G15350	1682	1392	1398	1442	1860	1942
AT3G15351	311	248	212	267	239	231
AT3G15352	170	148	115	193	214	152
AT3G15353	29840	26935	24848	19562	19524	19239
AT3G15354	946	785	575	433	710	562
AT3G15355	616	508	552	516	681	556
AT3G15356	18711	16769	7217	11396	6459	6978
AT3G15357	18	12	16	32	32	9
AT3G15358	201	203	159	145	127	118
AT3G15360	8941	8195	8693	7804	7801	8803
AT3G15370	7	6	2	1	1	1
AT3G15380	949	784	817	826	895	984
AT3G15390	373	265	287	262	420	328
AT3G15395	292	292	287	315	290	231
AT3G15400	101	115	98	74	110	87
AT3G15410	1007	985	950	913	1077	917
AT3G15420	45	52	66	43	79	42
AT3G15430	1013	903	880	1073	1438	1053
AT3G15440	4	4	4	11	10	2
AT3G15450	13159	12205	14617	11780	8251	11614
AT3G15460	224	173	164	248	342	213
AT3G15470	1129	899	1002	836	1051	959
AT3G15480	1605	1566	1403	1365	1461	1418
AT3G15490	0	0	0	1	0	0
AT3G15500	440	365	269	236	224	350
AT3G15510	628	530	389	587	555	582
AT3G15518	302	319	221	430	447	371
AT3G15520	1575	1334	1499	1201	1319	1199
AT3G15530	3205	3603	3385	3696	3799	3828
AT3G15534	5	5	5	2	3	5
AT3G15536	208	178	126	154	183	157
AT3G15540	513	450	305	414	334	414
AT3G15550	188	135	151	80	191	195
AT3G15570	1173	989	905	677	456	706
AT3G15578	0	1	1	0	1	1
AT3G15580	876	1168	932	1010	983	681
AT3G15590	806	629	653	749	933	833
AT3G15605	8	6	8	10	9	13
AT3G15610	1130	997	989	998	1016	977
AT3G15620	118	95	130	110	162	117
AT3G15630	1126	1128	1690	1303	1279	1303
AT3G15640	1160	1296	1146	1240	1336	1129
AT3G15650	38	36	37	805	1297	844
AT3G15660	1288	1113	1136	1235	1272	1145
AT3G15670	1	3	0	0	1	1
AT3G15680	175	237	187	229	214	232
AT3G15690	1503	1359	1526	1413	1612	1354
AT3G15710	1175	1052	1099	999	1161	1189
AT3G15720	88	83	210	109	128	129
AT3G15730	18138	16184	15633	15470	18819	18924
AT3G15740	35	20	14	11	8	22
AT3G15750	136	136	118	109	132	152
AT3G15760	940	827	690	849	900	844
AT3G15770	1172	1145	943	1097	958	995
AT3G15780	315	331	302	325	302	264
AT3G15790	1364	1025	830	1014	1075	1258
AT3G15800	18	14	26	31	56	49
AT3G15810	2295	2357	1851	2311	2363	2473
AT3G15820	1103	1040	979	976	808	1065
AT3G15830	2	2	3	5	3	0
AT3G15840	14741	13762	17064	12171	16035	14342
AT3G15850	3574	3056	3472	2480	2236	2671
AT3G15870	1	3	1	0	5	1
AT3G15880	2341	2147	1901	1793	2649	2483
AT3G15890	148	94	94	97	141	143
AT3G15900	456	481	387	275	376	368
AT3G15910	0	1	1	0	0	0
AT3G15920	887	696	719	716	1003	883
AT3G15930	56	52	38	59	93	73
AT3G15940	1072	883	901	910	1213	1161
AT3G15950	938	711	328	419	440	626
AT3G15970	700	577	535	569	707	635
AT3G15980	2273	1939	1990	1954	2388	2356
AT3G15990	100	95	57	143	126	123
AT3G16000	6301	4952	5387	4170	3793	5366
AT3G16010	228	202	188	184	176	191
AT3G16020	3	6	1	5	5	4
AT3G16030	643	553	472	636	1049	727
AT3G16040	1	2	1	0	8	4
AT3G16050	193	172	165	356	595	285
AT3G16060	1392	1137	1218	1062	1273	1377
AT3G16070	15	11	3	11	12	22
AT3G16080	1940	1707	1585	1795	2154	1552
AT3G16090	584	515	538	501	514	538
AT3G16100	506	556	533	488	549	547
AT3G16110	549	452	522	623	612	570
AT3G16120	3	9	6	1	7	6
AT3G16130	2782	2768	2679	3082	2645	2595
AT3G16140	18952	20509	20022	19205	17350	18396
AT3G16150	31	47	16	22	9	28
AT3G16160	5	4	3	1	3	7
AT3G16170	369	300	272	332	367	391
AT3G16175	48	26	24	25	10	22
AT3G16180	453	406	991	667	948	1030
AT3G16190	940	782	746	663	652	749
AT3G16200	420	340	347	388	425	410
AT3G16210	0	0	1	0	0	0
AT3G16220	923	919	914	727	1001	735
AT3G16230	880	700	681	659	758	757
AT3G16240	8876	10555	11502	10388	6238	10532
AT3G16250	1247	1200	1395	864	1272	1041
AT3G16260	974	868	843	687	936	855
AT3G16270	1801	1500	1504	1391	1765	1762
AT3G16280	29	33	19	26	29	53
AT3G16290	2333	1885	2213	1655	2337	2097
AT3G16300	0	0	4	2	1	0
AT3G16310	779	678	598	755	852	640
AT3G16320	49	80	55	77	70	61
AT3G16330	13	19	1	15	19	29
AT3G16340	379	290	236	341	442	433
AT3G16350	284	250	230	200	190	246
AT3G16360	24	15	20	75	155	142
AT3G16370	9048	8898	10445	7978	7707	8301
AT3G16380	52	52	56	37	68	37
AT3G16390	10	10	2	15	12	18
AT3G16400	7600	6254	2723	4359	2961	6585
AT3G16410	1305	953	505	720	454	1082
AT3G16420	3496	3338	1594	2357	2536	3248
AT3G16430	28	42	14	37	34	55
AT3G16440	0	0	0	0	1	0
AT3G16450	426	402	115	217	145	239
AT3G16460	1917	1640	1064	935	1031	1708
AT3G16470	10107	8663	4836	8885	5544	14703
AT3G16480	1151	964	984	1064	1105	1087
AT3G16490	14	23	11	18	13	16
AT3G16500	725	656	537	741	739	613
AT3G16510	1602	1402	1317	1395	1565	1878
AT3G16520	5746	4891	3921	4101	2776	4429
AT3G16530	14545	13348	8470	10250	7823	6534
AT3G16540	0	1	0	1	3	1
AT3G16560	718	718	543	495	518	506
AT3G16565	543	430	583	580	1030	693
AT3G16570	1182	1131	1278	1087	994	1418
AT3G16590	0	0	0	1	2	0
AT3G16610	37	33	35	38	51	44
AT3G16620	230	187	170	123	209	233
AT3G16630	2399	2010	1766	1601	2153	2211
AT3G16640	37293	36689	33727	36505	34363	30471
AT3G16650	130	150	134	206	195	162
AT3G16660	124	133	115	176	213	268
AT3G16670	771	738	534	603	643	1043
AT3G16680	0	1	1	3	0	1
AT3G16690	205	180	177	153	119	178
AT3G16700	223	242	232	227	314	236
AT3G16710	183	134	139	123	168	135
AT3G16712	23	32	26	26	52	26
AT3G16720	3838	3648	3718	3848	4643	3643
AT3G16730	219	193	171	148	198	196
AT3G16740	511	434	490	437	499	472
AT3G16750	212	196	197	166	164	151
AT3G16760	1103	959	884	993	1014	1160
AT3G16770	22223	21815	20697	17970	13547	17207
AT3G16780	1351	1208	1090	1137	1258	1088
AT3G16785	1607	1380	1381	1278	1599	1559
AT3G16800	612	554	412	341	231	389
AT3G16810	535	435	405	621	761	513
AT3G16830	2065	1663	1523	1616	2220	1786
AT3G16840	1091	826	861	1015	1185	1118
AT3G16850	4030	3309	3642	2751	2649	3613
AT3G16857	1505	1290	1172	993	1100	1351
AT3G16860	3389	2685	2431	2924	4099	4640
AT3G16870	217	184	178	225	278	217
AT3G16890	84	73	72	82	71	92
AT3G16900	14	16	11	21	15	26
AT3G16910	1034	899	860	824	1367	1162
AT3G16920	56	64	61	104	98	103
AT3G16940	1995	1619	1437	1338	1912	2006
AT3G16950	803	663	662	746	859	772
AT3G16980	28	23	20	19	27	27
AT3G16990	370	315	262	375	528	440
AT3G17000	1214	980	766	971	982	1115
AT3G17010	0	0	0	2	2	0
AT3G17020	5906	5501	5816	5932	6024	6246
AT3G17030	123	116	88	106	147	123
AT3G17040	3907	2909	2377	2347	1494	2577
AT3G17060	0	2	0	0	0	1
AT3G17070	294	258	327	309	247	282
AT3G17090	1474	1362	1356	1303	1486	1302
AT3G17100	1810	1603	1370	1235	960	1487
AT3G17120	858	737	539	678	665	688
AT3G17130	31	38	15	15	22	20
AT3G17150	0	0	0	0	0	1
AT3G17152	0	1	0	0	1	1
AT3G17160	347	279	223	238	249	276
AT3G17170	1658	1234	1383	1231	1452	1321
AT3G17180	4	1	0	0	1	0
AT3G17185	141	107	87	101	126	102
AT3G17205	1883	1566	1519	1430	1939	1910
AT3G17210	1564	1451	1521	1401	1722	1428
AT3G17220	15	32	8	20	16	24
AT3G17225	59	40	46	55	49	29
AT3G17230	0	0	3	0	1	1
AT3G17240	2907	2527	2575	2946	3991	3214
AT3G17250	216	199	226	226	221	222
AT3G17280	47	43	38	33	44	35
AT3G17300	352	343	321	360	442	302
AT3G17310	853	751	796	720	1017	860
AT3G17320	0	2	0	2	1	0
AT3G17330	1240	1088	950	1038	1132	1292
AT3G17340	874	687	794	643	1056	749
AT3G17350	255	208	204	196	131	201
AT3G17360	157	140	135	122	170	191
AT3G17365	234	201	230	239	277	217
AT3G17370	0	0	0	1	0	0
AT3G17380	38	56	36	80	70	86
AT3G17390	16515	14426	16740	17914	20908	19457
AT3G17400	0	0	0	3	0	1
AT3G17410	2820	2540	2438	2650	3389	2701
AT3G17420	373	333	333	462	525	442
AT3G17430	684	593	585	524	691	626
AT3G17440	920	742	814	667	896	851
AT3G17450	498	441	430	459	596	516
AT3G17460	35	41	32	28	42	46
AT3G17465	730	631	597	790	1168	726
AT3G17470	771	617	720	506	688	610
AT3G17510	3035	2649	1522	1499	1020	1721
AT3G17520	13	6	1	6	2	9
AT3G17580	4	1	0	2	0	0
AT3G17590	400	358	324	336	405	404
AT3G17600	1	0	0	2	0	0
AT3G17609	69	48	15	40	33	22
AT3G17611	94	87	91	89	121	101
AT3G17620	0	0	0	1	0	0
AT3G17626	75	64	73	56	75	57
AT3G17630	105	126	99	101	152	105
AT3G17640	220	147	139	103	127	145
AT3G17650	2631	2348	2400	1928	2560	2259
AT3G17660	98	89	78	64	111	96
AT3G17668	181	137	156	157	144	155
AT3G17670	326	291	317	293	303	267
AT3G17675	0	3	2	0	0	1
AT3G17680	134	123	81	115	134	138
AT3G17690	199	155	99	315	455	335
AT3G17700	2141	1676	1424	1469	2613	1951
AT3G17710	134	130	100	103	140	152
AT3G17712	236	162	214	156	221	256
AT3G17720	0	1	0	1	0	1
AT3G17730	27	15	14	20	28	40
AT3G17740	507	504	412	474	560	512
AT3G17750	1229	981	975	814	1042	1049
AT3G17760	4	0	1	0	1	1
AT3G17770	2289	1949	1782	1527	1929	1831
AT3G17780	703	544	624	598	688	643
AT3G17790	1336	1085	787	1708	1791	2002
AT3G17800	8394	7319	5721	6187	5450	8251
AT3G17810	3200	2596	1846	2317	1944	3129
AT3G17820	1803	1543	1264	1677	1677	2147
AT3G17830	186	147	137	168	185	138
AT3G17840	508	422	382	360	475	473
AT3G17850	2776	2311	2267	2022	2724	2628
AT3G17860	1558	1304	1276	997	1102	1312
AT3G17880	1174	957	858	918	1138	1093
AT3G17890	84	67	51	88	81	66
AT3G17900	1342	1185	1210	1182	1340	1295
AT3G17910	267	244	256	295	423	253
AT3G17920	786	689	754	589	885	875
AT3G17930	2980	2248	2394	2075	2484	2666
AT3G17940	1288	938	983	1024	1177	1278
AT3G17950	224	201	220	190	236	279
AT3G17970	1048	924	954	932	1109	967
AT3G17980	2	5	3	2	6	2
AT3G17998	1771	1375	1506	1310	1549	1586
AT3G18000	1773	1376	1510	1311	1550	1586
AT3G18010	26	14	12	9	17	11
AT3G18020	69	71	58	77	118	84
AT3G18030	226	227	198	256	278	230
AT3G18035	2699	2243	2134	1907	2076	2197
AT3G18040	898	764	855	738	933	949
AT3G18050	3285	2921	2935	2399	2086	3010
AT3G18060	3534	3186	3066	2878	3219	3117
AT3G18070	75	58	57	61	32	38
AT3G18080	26776	21302	22804	19799	16109	24862
AT3G18090	423	343	262	274	300	385
AT3G18100	282	256	194	276	376	278
AT3G18110	1029	899	973	736	1087	870
AT3G18130	1298	1298	1127	1506	1612	980
AT3G18140	1891	1720	1722	1564	1816	1687
AT3G18160	437	402	370	335	455	411
AT3G18165	836	734	676	814	936	784
AT3G18170	187	170	165	187	243	211
AT3G18180	5	1	2	4	2	2
AT3G18190	1874	1566	1417	1582	1784	1592
AT3G18200	3	1	0	4	0	0
AT3G18210	538	482	534	564	659	482
AT3G18215	674	573	529	593	710	578
AT3G18217	25	15	27	19	27	25
AT3G18230	798	687	710	641	690	739
AT3G18235	2	1	0	0	0	1
AT3G18240	420	344	264	328	409	356
AT3G18250	98	133	73	100	75	137
AT3G18260	35	22	19	28	44	37
AT3G18270	774	710	702	697	801	775
AT3G18280	264	342	334	443	369	324
AT3G18290	3456	3059	3375	1864	4334	2573
AT3G18295	484	389	416	451	644	436
AT3G18300	126	131	114	145	171	123
AT3G18310	222	170	182	204	250	201
AT3G18320	161	84	116	88	104	79
AT3G18330	6	1	4	2	1	2
AT3G18350	688	539	495	423	579	680
AT3G18360	2	2	7	2	2	3
AT3G18362	0	4	0	0	0	2
AT3G18370	4130	3489	3552	3436	5961	4466
AT3G18380	416	399	422	423	508	430
AT3G18390	5620	4177	4364	3145	3907	4514
AT3G18400	3	7	4	7	5	2
AT3G18410	1215	1163	1132	1393	1424	1165
AT3G18420	985	853	994	1061	1300	1064
AT3G18430	466	417	422	446	438	406
AT3G18440	997	813	815	940	1173	1296
AT3G18450	1	0	0	0	0	0
AT3G18480	1217	911	968	962	1103	1084
AT3G18485	28	19	25	36	44	56
AT3G18490	8350	8158	5350	7050	5803	8458
AT3G18500	1247	1041	1129	1012	1328	1161
AT3G18510	39	39	40	54	58	50
AT3G18518	0	0	0	0	1	0
AT3G18520	872	843	686	728	812	790
AT3G18524	299	230	242	256	324	234
AT3G18530	51	46	57	52	44	36
AT3G18535	544	565	514	441	454	464
AT3G18550	30	18	3	13	5	7
AT3G18560	295	241	170	196	217	241
AT3G18570	2	3	1	3	1	1
AT3G18580	161	142	149	213	282	182
AT3G18590	10	11	10	1	1	10
AT3G18600	565	449	440	675	979	527
AT3G18610	70	59	42	168	214	104
AT3G18620	164	139	147	171	213	158
AT3G18630	38	38	22	30	38	35
AT3G18640	693	638	583	596	902	699
AT3G18660	34	30	24	35	29	36
AT3G18670	10	14	10	24	26	24
AT3G18680	2795	2279	2678	2512	3009	2679
AT3G18690	870	850	856	850	1084	956
AT3G18710	898	835	753	863	885	866
AT3G18715	3	3	3	3	1	6
AT3G18720	0	1	2	1	1	1
AT3G18730	143	131	98	101	155	109
AT3G18740	2756	2706	2636	3232	3198	2143
AT3G18750	411	314	270	222	244	245
AT3G18760	290	211	246	301	353	266
AT3G18770	347	333	285	284	287	322
AT3G18773	179	174	141	109	68	127
AT3G18780	17778	16557	17515	15421	22374	16030
AT3G18790	689	540	572	562	666	629
AT3G18800	160	151	142	134	148	120
AT3G18810	1	0	0	0	0	0
AT3G18815	0	0	0	0	0	1
AT3G18820	2694	2253	2619	2674	3136	3114
AT3G18830	3497	3020	3035	4002	4339	4443
AT3G18840	10	10	9	6	7	11
AT3G18850	490	404	300	366	265	419
AT3G18860	1642	1298	1227	1347	1512	1520
AT3G18870	205	135	164	106	141	108
AT3G18880	22	35	26	32	37	20
AT3G18890	6364	5279	5969	4745	5786	5822
AT3G18900	38	28	33	32	32	30
AT3G18910	201	180	127	144	147	134
AT3G18930	717	673	680	683	1024	771
AT3G18940	403	363	369	355	358	307
AT3G18950	420	414	304	309	357	349
AT3G18960	140	107	83	109	140	133
AT3G18970	126	95	108	162	174	157
AT3G18980	1019	800	760	699	675	798
AT3G18990	925	716	696	747	1134	933
AT3G19000	1071	860	693	976	1059	1076
AT3G19002	354	243	214	280	280	298
AT3G19010	12901	11412	10067	13591	16014	14773
AT3G19020	619	557	559	528	671	625
AT3G19030	4847	4595	3538	4401	5933	4412
AT3G19040	12	18	15	25	23	19
AT3G19050	302	262	253	192	347	331
AT3G19055	0	0	0	0	1	1
AT3G19080	195	141	125	137	165	148
AT3G19085	2	2	0	0	0	0
AT3G19090	6	1	1	2	3	7
AT3G19100	757	612	550	543	912	725
AT3G19120	414	334	319	332	334	348
AT3G19130	2354	1916	2055	2199	2643	2654
AT3G19140	0	0	0	0	0	1
AT3G19150	432	363	347	462	498	404
AT3G19170	8972	7603	7943	6864	7814	8016
AT3G19180	601	519	509	439	506	535
AT3G19184	9	9	4	1	8	8
AT3G19190	1935	1754	1852	1580	2892	2010
AT3G19200	40	35	17	35	32	25
AT3G19210	96	93	79	72	82	69
AT3G19220	340	327	317	327	302	293
AT3G19230	25	32	21	13	35	35
AT3G19240	3768	3097	3145	3418	4318	4842
AT3G19250	64	51	71	76	131	86
AT3G19260	425	435	507	539	867	504
AT3G19270	31	33	14	13	12	30
AT3G19280	193	182	148	155	164	132
AT3G19290	1390	1153	970	920	819	948
AT3G19300	87	58	68	78	94	79
AT3G19310	2	1	0	1	4	1
AT3G19320	4	1	0	2	1	0
AT3G19330	94	77	101	95	149	94
AT3G19340	1569	1211	1130	1178	1316	1443
AT3G19350	7	13	29	45	66	26
AT3G19360	180	163	158	154	233	166
AT3G19370	523	358	319	463	490	562
AT3G19380	970	942	807	750	685	957
AT3G19390	17	15	16	13	11	16
AT3G19400	950	738	787	698	771	818
AT3G19420	3870	3311	2893	2918	3139	3273
AT3G19430	3	1	0	0	0	1
AT3G19440	113	110	98	124	178	112
AT3G19450	1915	1578	821	977	844	1091
AT3G19460	509	523	476	552	585	561
AT3G19470	112	99	80	84	74	57
AT3G19480	936	855	873	647	865	900
AT3G19490	2395	2442	2649	2361	2886	2422
AT3G19500	32	34	41	27	32	44
AT3G19508	44	52	69	83	103	71
AT3G19510	470	356	353	348	393	432
AT3G19515	1069	859	735	768	949	915
AT3G19520	962	867	876	917	884	800
AT3G19540	1414	1182	1103	1210	1248	1442
AT3G19550	88	100	93	49	33	58
AT3G19553	3394	3377	3347	2496	2853	2912
AT3G19560	4	4	0	0	0	1
AT3G19570	399	297	287	279	355	300
AT3G19580	4015	3312	2401	3170	3303	4144
AT3G19590	274	203	223	224	278	244
AT3G19595	0	0	0	1	1	0
AT3G19610	0	0	0	0	0	1
AT3G19615	3	5	2	1	0	4
AT3G19620	74	57	73	74	84	115
AT3G19630	498	398	404	442	523	433
AT3G19640	864	813	690	807	965	914
AT3G19650	375	305	296	313	327	361
AT3G19660	192	189	153	195	208	195
AT3G19663	6	5	1	6	2	2
AT3G19670	1160	900	881	839	1087	1102
AT3G19680	2456	2766	2534	2181	2768	2616
AT3G19690	2	2	1	3	2	5
AT3G19700	429	461	467	462	408	293
AT3G19710	5501	4571	5164	4799	4630	4834
AT3G19720	3464	2913	2324	2325	2008	3060
AT3G19740	1293	1085	1069	1036	1374	1318
AT3G19760	2928	2433	2576	2770	3097	2659
AT3G19770	706	581	599	559	624	650
AT3G19780	576	527	481	508	657	491
AT3G19790	207	190	141	204	291	168
AT3G19800	1632	1515	1591	1073	1459	1226
AT3G19810	1334	1086	1144	1074	1244	1140
AT3G19820	7421	6208	6279	5817	6418	6993
AT3G19830	1143	953	863	954	1581	1319
AT3G19840	722	531	507	605	748	664
AT3G19850	1146	844	1312	911	827	993
AT3G19860	1464	1108	1289	932	977	1080
AT3G19870	962	894	896	717	1011	918
AT3G19895	528	474	416	522	529	499
AT3G19900	1698	1354	1327	1245	1553	1545
AT3G19910	986	887	775	698	775	889
AT3G19930	3053	2620	2456	1877	2210	2444
AT3G19940	0	0	0	0	0	3
AT3G19950	756	676	579	561	767	748
AT3G19960	2112	1756	1881	1595	2143	2393
AT3G19970	1366	1260	892	1595	2044	1712
AT3G19980	866	813	767	748	898	715
AT3G19990	763	595	513	515	717	648
AT3G20000	1503	1152	1090	1355	1645	1280
AT3G20010	359	297	301	306	507	348
AT3G20015	182	189	174	172	179	240
AT3G20020	328	245	275	244	348	300
AT3G20040	124	106	103	123	194	119
AT3G20050	3180	2809	2522	3162	3647	3120
AT3G20060	1533	1378	1353	1145	1202	1284
AT3G20070	287	252	243	259	286	254
AT3G20080	679	559	492	476	584	671
AT3G20090	104	86	69	49	91	73
AT3G20100	794	630	609	475	783	823
AT3G20110	3	5	1	2	3	2
AT3G20120	467	403	351	380	491	520
AT3G20130	61	49	47	63	56	70
AT3G20140	1	1	2	2	2	0
AT3G20150	189	183	171	111	152	214
AT3G20155	3	0	0	0	0	0
AT3G20160	1	0	0	0	0	0
AT3G20170	260	228	227	252	225	220
AT3G20180	7	6	6	5	4	10
AT3G20190	7	12	5	10	3	6
AT3G20200	55	52	37	35	62	45
AT3G20210	1	0	3	2	1	0
AT3G20220	3	0	3	1	1	0
AT3G20230	2266	1701	1937	1582	1855	1826
AT3G20240	359	322	361	374	503	297
AT3G20250	2015	1673	1395	1607	2233	1912
AT3G20260	250	259	146	176	160	169
AT3G20270	404	361	347	313	332	320
AT3G20280	286	201	207	224	215	215
AT3G20290	2210	2040	1959	2022	2277	2080
AT3G20300	754	640	750	585	644	744
AT3G20310	1824	1842	1645	1821	1990	2084
AT3G20320	1015	908	885	824	975	876
AT3G20330	905	782	717	947	1118	860
AT3G20340	8	12	16	15	13	12
AT3G20350	456	369	439	350	381	447
AT3G20360	0	0	0	1	0	0
AT3G20365	0	0	0	0	4	0
AT3G20370	53	44	16	39	52	54
AT3G20380	0	1	0	1	3	5
AT3G20390	7464	6737	5888	5377	5661	5399
AT3G20395	16	17	6	20	13	6
AT3G20400	0	0	0	2	0	0
AT3G20410	3767	3045	2644	2805	3451	3479
AT3G20420	191	155	134	137	205	147
AT3G20430	329	243	257	285	359	272
AT3G20440	433	367	363	470	688	451
AT3G20450	26	14	16	26	55	34
AT3G20460	25	19	13	6	9	21
AT3G20470	776	887	810	644	439	453
AT3G20475	45	43	39	43	37	53
AT3G20480	61	71	65	51	65	60
AT3G20490	181	154	147	115	136	158
AT3G20500	1461	1315	1495	1464	1685	1827
AT3G20510	676	760	759	1030	1308	798
AT3G20520	8	13	7	6	6	19
AT3G20530	9	6	12	9	14	11
AT3G20540	830	722	805	757	1272	976
AT3G20550	751	633	522	577	639	647
AT3G20560	407	331	326	352	394	355
AT3G20570	177	172	153	298	361	510
AT3G20580	0	0	1	1	1	1
AT3G20590	18	25	24	18	30	38
AT3G20600	2212	1916	1848	1908	2660	2419
AT3G20610	3	2	0	1	1	2
AT3G20620	259	226	220	188	318	260
AT3G20630	1143	1129	1025	1108	1364	1213
AT3G20640	93	97	85	122	125	124
AT3G20650	457	403	382	394	415	371
AT3G20660	130	115	152	111	171	149
AT3G20670	468	477	405	413	410	436
AT3G20680	827	729	660	468	525	594
AT3G20720	1328	1005	1031	1059	1313	1327
AT3G20730	77	71	76	66	103	69
AT3G20740	500	408	408	432	484	451
AT3G20760	11	6	1	5	8	7
AT3G20770	6523	5597	5450	4887	6067	6033
AT3G20780	330	246	280	199	308	290
AT3G20790	1240	1053	1115	1014	1095	1108
AT3G20800	556	589	594	570	1103	555
AT3G20810	51	54	193	129	2170	159
AT3G20820	2953	2549	2204	2250	1559	2291
AT3G20830	91	88	86	97	87	95
AT3G20850	0	1	0	0	0	0
AT3G20860	100	82	75	84	130	123
AT3G20865	2	4	6	4	11	5
AT3G20870	727	613	519	601	744	671
AT3G20890	241	239	207	203	224	202
AT3G20898	75	54	41	52	45	40
AT3G20900	33	18	18	24	24	17
AT3G20910	226	196	191	238	253	239
AT3G20920	892	817	791	819	936	855
AT3G20930	897	783	693	580	710	754
AT3G20935	7	1	3	2	5	7
AT3G20940	1	0	0	0	0	0
AT3G20960	221	154	134	159	209	217
AT3G20970	605	498	441	506	589	571
AT3G20978	4	4	0	9	8	3
AT3G21000	3	2	1	2	0	0
AT3G21055	19457	19249	19381	17325	12993	20499
AT3G21060	558	479	526	536	541	536
AT3G21070	2865	2461	2472	2634	3503	3188
AT3G21080	57	74	43	124	224	127
AT3G21090	53	56	22	47	35	45
AT3G21100	220	204	203	212	283	280
AT3G21110	420	423	323	393	434	368
AT3G21140	740	644	573	742	996	655
AT3G21150	431	360	185	286	303	297
AT3G21160	647	551	583	523	806	746
AT3G21170	1	0	0	0	0	0
AT3G21175	651	554	511	605	691	607
AT3G21190	788	703	480	581	454	580
AT3G21200	2017	1621	1759	1504	1503	1749
AT3G21210	16	6	14	12	26	23
AT3G21215	874	671	572	713	962	896
AT3G21220	1260	1084	1010	1396	1918	1591
AT3G21230	347	292	227	438	324	491
AT3G21240	226	238	120	251	231	335
AT3G21250	1368	1230	918	1030	1327	1327
AT3G21260	217	203	134	162	124	110
AT3G21270	645	468	465	463	522	506
AT3G21280	418	374	369	374	415	363
AT3G21290	718	539	530	507	679	672
AT3G21295	450	373	321	349	526	437
AT3G21300	353	365	362	379	450	295
AT3G21310	18	12	11	17	33	19
AT3G21320	60	53	46	45	63	60
AT3G21330	17	16	3	6	4	10
AT3G21350	496	449	436	456	536	433
AT3G21351	10	7	8	8	8	3
AT3G21352	3	0	0	0	0	0
AT3G21360	380	321	292	269	262	321
AT3G21370	1	0	0	2	1	1
AT3G21390	370	324	222	243	256	248
AT3G21400	250	208	224	208	227	212
AT3G21420	28	23	16	31	20	30
AT3G21430	917	741	668	624	808	827
AT3G21460	153	168	141	173	180	127
AT3G21465	311	252	266	273	439	317
AT3G21470	42	25	24	47	68	44
AT3G21480	279	230	230	285	382	300
AT3G21490	1	0	0	0	0	4
AT3G21500	127	111	55	257	74	1653
AT3G21510	64	76	52	65	61	50
AT3G21520	331	279	143	257	449	140
AT3G21530	68	71	23	57	78	65
AT3G21540	403	370	336	492	679	413
AT3G21550	62	46	55	63	106	99
AT3G21560	415	303	264	397	950	774
AT3G21580	501	443	435	482	553	504
AT3G21590	1	0	0	1	0	0
AT3G21600	68	58	41	63	50	76
AT3G21610	437	482	547	521	582	416
AT3G21620	8	12	5	5	11	7
AT3G21630	1370	1248	1177	1124	1766	1355
AT3G21640	705	467	459	471	590	586
AT3G21650	777	787	682	762	1123	788
AT3G21660	11	14	4	14	1	7
AT3G21670	1289	1104	512	616	214	722
AT3G21680	5	2	1	4	5	5
AT3G21690	2061	1655	1769	2049	2778	2512
AT3G21700	248	241	164	216	216	212
AT3G21710	15	11	6	10	15	9
AT3G21720	0	0	1	0	0	0
AT3G21740	168	153	129	135	243	176
AT3G21750	742	599	462	518	948	665
AT3G21755	626	580	477	478	882	608
AT3G21760	609	572	474	466	876	604
AT3G21770	160	133	120	185	211	190
AT3G21780	980	761	682	680	1029	765
AT3G21781	87	100	71	49	105	66
AT3G21790	1477	1358	1217	1043	1300	1446
AT3G21800	2	1	0	2	0	0
AT3G21805	2	4	0	6	5	2
AT3G21810	478	353	356	408	635	471
AT3G21820	425	382	394	438	441	425
AT3G21830	1	0	0	0	1	0
AT3G21850	0	1	1	0	3	1
AT3G21865	1166	1090	1021	1143	1335	1089
AT3G21870	92	99	61	62	32	47
AT3G21880	0	1	0	1	0	0
AT3G21890	13	7	0	3	2	5
AT3G21930	0	2	1	0	0	0
AT3G21950	388	329	293	217	191	242
AT3G22060	1246	1042	543	706	457	870
AT3G22070	126	103	84	77	79	122
AT3G22072	128	107	91	82	83	129
AT3G22100	7	12	6	7	7	4
AT3G22104	503	435	415	342	334	323
AT3G22110	2615	2251	2140	2168	2410	2259
AT3G22120	20631	17557	15179	18175	21149	22410
AT3G22121	8890	7131	5613	6851	7833	10717
AT3G22142	959	765	951	669	1091	1262
AT3G22150	836	742	788	504	787	662
AT3G22160	1235	1003	758	860	1162	1018
AT3G22170	2146	1763	1694	1555	1967	1992
AT3G22180	382	347	323	290	323	338
AT3G22183	47	33	38	54	59	42
AT3G22190	795	639	792	712	1292	930
AT3G22200	4168	3547	3604	4019	4736	4759
AT3G22210	1192	1119	1502	957	1465	811
AT3G22220	534	463	461	472	587	530
AT3G22230	2336	2442	2121	2641	2701	2216
AT3G22231	7992	8408	18284	15047	44837	16770
AT3G22235	6368	7490	16219	14323	39725	12425
AT3G22240	572	586	1209	1296	3377	1170
AT3G22250	0	2	0	0	3	0
AT3G22260	506	490	402	568	661	557
AT3G22270	1168	1070	828	870	1111	1086
AT3G22275	52	46	16	42	81	64
AT3G22290	1155	977	865	873	1022	1022
AT3G22300	381	324	339	412	553	425
AT3G22310	563	471	466	736	1061	535
AT3G22320	1289	1259	1217	1379	1615	1236
AT3G22330	1369	1023	1123	1613	2142	1600
AT3G22370	2024	1906	1599	2977	3112	2509
AT3G22380	8324	7363	6498	6390	8671	8324
AT3G22400	254	183	156	224	301	358
AT3G22410	113	78	49	82	83	85
AT3G22415	30	44	13	18	17	13
AT3G22420	717	586	493	363	397	449
AT3G22421	0	0	0	1	0	0
AT3G22425	575	492	459	466	723	458
AT3G22430	308	272	252	227	249	362
AT3G22436	1	1	1	0	0	1
AT3G22440	6398	5115	4531	4710	6074	6395
AT3G22450	44	42	48	59	67	37
AT3G22460	703	591	495	390	417	484
AT3G22470	105	78	81	73	87	77
AT3G22480	658	509	448	578	682	572
AT3G22500	0	0	0	0	1	0
AT3G22510	0	1	0	0	1	0
AT3G22520	1014	894	753	789	926	964
AT3G22530	457	351	257	288	273	287
AT3G22540	13	7	9	3	3	6
AT3G22550	421	316	189	487	654	729
AT3G22560	7	13	3	8	7	27
AT3G22570	0	1	0	1	4	2
AT3G22590	394	311	312	289	313	352
AT3G22600	454	464	373	623	653	659
AT3G22620	33	24	42	69	22	71
AT3G22630	695	691	664	812	894	622
AT3G22640	1	2	2	0	1	1
AT3G22660	614	527	452	653	732	542
AT3G22670	61	44	58	45	51	48
AT3G22680	157	167	189	155	140	142
AT3G22690	90	66	87	94	111	83
AT3G22700	1	2	4	1	3	1
AT3G22740	689	525	573	621	605	630
AT3G22750	358	294	256	272	246	225
AT3G22760	191	156	163	118	166	144
AT3G22770	0	1	0	0	1	0
AT3G22780	874	773	761	701	981	767
AT3G22790	873	680	604	495	595	671
AT3G22800	1	2	9	8	3	5
AT3G22810	109	96	72	131	132	135
AT3G22820	44	47	34	42	49	31
AT3G22830	2	3	3	5	16	2
AT3G22840	35	40	10	159	201	178
AT3G22845	1306	1247	1194	1397	1585	1365
AT3G22850	528	573	519	739	808	658
AT3G22860	1	1	0	0	1	0
AT3G22870	1	0	0	0	0	0
AT3G22880	127	103	94	76	76	84
AT3G22886	9	6	12	12	8	11
AT3G22890	22665	19974	15825	18747	17510	19502
AT3G22900	70	59	66	44	70	49
AT3G22910	461	368	377	581	812	686
AT3G22920	0	0	0	1	0	0
AT3G22930	79	90	94	134	197	130
AT3G22942	214	198	180	242	311	226
AT3G22950	752	675	696	634	862	690
AT3G22960	7374	6421	7014	6141	7173	7175
AT3G22961	15	16	19	24	17	9
AT3G22968	3865	3437	3858	3156	2911	3267
AT3G22970	3865	3437	3858	3156	2911	3267
AT3G22980	556	426	433	478	545	461
AT3G22990	514	450	401	467	511	500
AT3G23000	3572	3072	2229	2400	2143	2439
AT3G23010	308	249	311	206	518	351
AT3G23020	114	91	122	118	176	127
AT3G23030	2853	2411	2136	2150	2222	2229
AT3G23040	2	0	0	2	0	0
AT3G23050	3719	3363	3005	3025	2674	3145
AT3G23060	0	0	1	0	0	0
AT3G23070	1271	948	1000	834	1078	1183
AT3G23080	3400	2879	2656	2069	1170	2381
AT3G23090	225	183	121	164	106	173
AT3G23100	903	733	736	674	1257	850
AT3G23110	466	387	368	293	754	451
AT3G23120	552	389	440	656	1586	906
AT3G23125	0	0	0	2	0	0
AT3G23150	359	337	218	370	341	359
AT3G23160	239	244	181	240	287	274
AT3G23170	2590	2659	2214	3418	2919	3180
AT3G23175	4	2	0	1	10	1
AT3G23180	1	1	1	0	1	0
AT3G23190	5	12	9	3	5	3
AT3G23200	107	124	75	97	109	97
AT3G23210	197	178	84	123	115	132
AT3G23220	21	20	1	8	5	11
AT3G23230	252	210	162	164	229	181
AT3G23240	462	336	159	368	337	305
AT3G23245	0	0	1	0	0	0
AT3G23250	2802	2149	1456	3017	4385	3439
AT3G23255	206	196	160	171	185	169
AT3G23260	68	74	46	74	85	63
AT3G23270	8	4	3	2	0	0
AT3G23280	4634	4285	5030	4548	6128	4954
AT3G23290	569	560	342	588	377	515
AT3G23300	1750	1545	1573	1514	1886	1729
AT3G23310	1286	946	967	844	1068	1165
AT3G23320	0	0	1	0	1	0
AT3G23325	267	247	209	263	319	187
AT3G23326	2	0	3	0	1	1
AT3G23330	94	82	100	101	125	101
AT3G23340	562	518	426	436	508	462
AT3G23370	57	32	32	43	55	35
AT3G23380	1	0	0	0	0	3
AT3G23390	1610	1676	1408	1710	1919	1247
AT3G23400	9188	7804	8102	7645	8839	8785
AT3G23410	762	620	685	570	761	883
AT3G23420	0	0	0	0	1	0
AT3G23430	292	273	253	387	394	399
AT3G23440	70	56	51	52	48	74
AT3G23450	1129	1106	1045	923	660	847
AT3G23460	0	1	1	0	2	0
AT3G23470	34	37	29	12	13	16
AT3G23480	1427	1277	1345	1085	1087	1071
AT3G23490	2323	1995	1945	2025	2070	2148
AT3G23510	36	52	27	28	51	21
AT3G23530	1690	1505	1495	1144	1760	1334
AT3G23540	859	725	667	662	891	775
AT3G23550	4142	3942	2790	2989	1966	1684
AT3G23560	288	268	212	293	373	270
AT3G23570	1831	1673	1331	1495	1402	1382
AT3G23580	802	708	670	737	748	638
AT3G23590	906	888	963	807	984	1046
AT3G23600	6076	5180	4955	5821	6333	6428
AT3G23605	184	164	157	172	193	143
AT3G23610	162	128	121	141	116	125
AT3G23620	736	630	617	864	1128	736
AT3G23630	35	24	28	37	38	58
AT3G23635	14	16	5	14	12	12
AT3G23637	0	1	1	0	1	1
AT3G23640	3120	2594	2598	2000	2542	2909
AT3G23660	949	879	972	966	1409	1110
AT3G23670	210	187	194	145	229	302
AT3G23690	1360	1186	1224	1199	1331	1323
AT3G23700	4759	3757	4235	2767	3197	3378
AT3G23710	287	233	265	309	345	270
AT3G23715	1	0	0	0	0	0
AT3G23730	335	289	281	292	295	404
AT3G23740	131	117	130	107	139	110
AT3G23750	2591	2149	2469	1855	2627	3056
AT3G23760	370	281	304	267	331	305
AT3G23780	970	764	725	754	913	989
AT3G23790	637	497	499	623	847	829
AT3G23800	0	2	1	0	3	0
AT3G23805	316	256	285	231	157	243
AT3G23810	6714	5786	4689	4261	3251	4604
AT3G23820	8865	7169	7043	6494	6615	8406
AT3G23830	410	405	364	416	467	298
AT3G23840	398	308	196	215	179	250
AT3G23850	0	1	0	0	0	0
AT3G23860	1	0	0	0	1	0
AT3G23870	66	73	58	80	136	121
AT3G23880	78	63	76	46	90	81
AT3G23890	572	461	449	351	551	667
AT3G23900	1179	941	972	860	1135	1125
AT3G23910	449	345	294	372	383	431
AT3G23920	6410	5437	4101	4598	5626	5755
AT3G23930	30	28	5	19	5	14
AT3G23940	2084	1743	1793	1929	2390	1750
AT3G23955	2	3	0	2	3	2
AT3G23980	1440	1252	1174	1160	1433	1309
AT3G23990	1751	1525	1423	1997	2845	1737
AT3G24000	195	150	165	185	267	174
AT3G24010	413	346	296	327	390	371
AT3G24020	75	80	55	45	85	85
AT3G24030	442	385	344	372	400	403
AT3G24040	857	665	779	781	782	880
AT3G24050	2366	1894	2117	1912	2371	2506
AT3G24060	1	0	1	1	1	0
AT3G24065	3	3	2	7	2	5
AT3G24070	531	445	424	353	356	387
AT3G24080	1019	802	715	726	965	937
AT3G24090	189	152	118	160	252	172
AT3G24093	0	1	0	0	1	0
AT3G24100	728	642	679	758	897	724
AT3G24110	25	16	14	15	20	23
AT3G24120	773	615	556	585	663	620
AT3G24140	354	243	356	325	461	355
AT3G24150	205	239	211	199	237	224
AT3G24160	5610	4520	4631	4393	4957	5049
AT3G24170	2385	1967	1408	1929	1365	2040
AT3G24180	2375	2018	1971	1966	3354	2552
AT3G24190	2001	1830	1524	1477	1727	1741
AT3G24200	911	804	734	826	916	836
AT3G24210	0	0	0	0	0	1
AT3G24225	0	2	0	0	1	0
AT3G24230	0	2	3	1	7	5
AT3G24255	185	160	129	149	191	159
AT3G24300	2	2	1	1	5	7
AT3G24310	1	0	3	1	0	0
AT3G24315	472	421	352	373	353	384
AT3G24320	228	195	161	208	298	185
AT3G24330	0	0	0	2	0	0
AT3G24332	0	0	0	2	0	0
AT3G24340	17	13	14	14	17	23
AT3G24350	1057	899	928	886	1004	1116
AT3G24360	40	37	36	37	33	27
AT3G24420	699	604	625	470	833	505
AT3G24430	3364	3174	3566	2661	2978	2941
AT3G24440	687	555	544	647	861	569
AT3G24450	73	55	36	37	32	53
AT3G24460	58	59	30	58	51	63
AT3G24480	3311	2768	2876	2176	2657	3377
AT3G24490	620	481	413	382	457	508
AT3G24495	209	182	160	163	280	201
AT3G24500	232	165	140	228	295	225
AT3G24503	5400	4669	4568	5360	8112	5931
AT3G24506	437	408	341	376	407	401
AT3G24515	130	151	153	131	129	155
AT3G24518	933	687	636	586	904	799
AT3G24520	1041	750	714	638	1001	872
AT3G24530	1385	998	989	1133	1429	1439
AT3G24535	9	8	4	12	9	2
AT3G24540	0	0	0	1	0	0
AT3G24542	0	1	0	0	0	0
AT3G24550	5589	4576	4689	4862	6216	7239
AT3G24560	260	209	259	184	273	205
AT3G24570	521	537	614	570	681	478
AT3G24590	1195	1006	1092	1029	1037	950
AT3G24600	7	4	0	6	0	1
AT3G24610	2	0	1	0	1	1
AT3G24612	2	1	3	2	1	0
AT3G24614	0	0	0	0	1	0
AT3G24615	0	0	0	0	0	2
AT3G24630	170	133	152	140	113	150
AT3G24640	0	0	1	0	0	0
AT3G24650	1	0	0	3	0	0
AT3G24660	212	152	138	131	166	198
AT3G24670	214	191	201	171	181	175
AT3G24690	0	0	0	1	0	0
AT3G24715	115	84	69	65	65	80
AT3G24730	148	147	141	140	153	175
AT3G24740	801	685	597	621	683	702
AT3G24760	232	195	203	220	400	285
AT3G24770	540	441	374	498	658	577
AT3G24780	22	36	25	35	51	45
AT3G24790	1	0	0	0	0	0
AT3G24800	347	303	351	344	355	411
AT3G24810	50	51	42	40	78	52
AT3G24820	222	175	177	153	181	156
AT3G24830	6595	5823	4912	5968	6369	5105
AT3G24840	238	176	125	140	189	196
AT3G24860	169	127	127	123	129	162
AT3G24870	1124	892	887	777	1172	949
AT3G24880	1077	857	776	743	1126	1014
AT3G24890	78	102	62	117	117	73
AT3G24900	107	87	73	148	249	143
AT3G24929	54	40	43	31	65	65
AT3G24982	839	656	447	834	454	1436
AT3G25010	1690	1266	1062	1462	2315	1647
AT3G25011	23	13	7	1	7	17
AT3G25013	79	81	59	58	58	82
AT3G25014	1	2	0	2	0	1
AT3G25020	1091	884	802	911	1649	1176
AT3G25030	93	91	75	74	101	83
AT3G25040	1044	876	925	962	1006	1044
AT3G25050	0	0	0	1	0	1
AT3G25060	13	11	18	21	29	15
AT3G25070	1590	1394	1420	1418	2017	1396
AT3G25100	93	80	72	45	79	77
AT3G25110	230	232	214	220	235	289
AT3G25120	333	359	325	426	507	368
AT3G25130	45	37	34	37	71	44
AT3G25140	2934	2253	2474	2403	2828	3130
AT3G25150	1767	1535	1405	1446	1648	1488
AT3G25180	556	563	306	732	791	815
AT3G25190	21	23	7	32	57	44
AT3G25210	246	204	211	199	286	223
AT3G25220	1248	991	1002	1186	1276	1230
AT3G25221	1	5	5	6	2	0
AT3G25230	1576	1243	1082	1428	1898	1706
AT3G25233	0	0	0	0	1	1
AT3G25240	3	3	3	13	22	13
AT3G25250	416	323	199	430	574	338
AT3G25290	216	183	161	276	274	401
AT3G25400	379	374	256	417	501	372
AT3G25410	746	710	824	658	822	667
AT3G25420	0	0	0	0	0	2
AT3G25430	166	165	167	169	173	158
AT3G25440	103	89	92	95	103	98
AT3G25470	1947	1626	1717	1592	1821	1657
AT3G25480	853	777	843	611	781	646
AT3G25490	27	40	41	30	29	37
AT3G25500	1434	1207	1608	1003	1216	1680
AT3G25510	248	218	179	340	603	396
AT3G25520	10753	8606	7990	8886	10473	8302
AT3G25530	3124	2818	3122	2615	3291	2974
AT3G25540	657	454	607	537	806	647
AT3G25545	337	264	273	384	332	330
AT3G25550	1	1	0	3	0	2
AT3G25560	330	317	249	282	266	305
AT3G25570	400	354	308	268	476	336
AT3G25572	400	350	305	265	474	336
AT3G25573	0	0	0	1	0	2
AT3G25577	0	0	0	0	2	0
AT3G25580	253	239	231	273	220	201
AT3G25585	976	845	630	768	767	755
AT3G25590	52	51	44	48	53	55
AT3G25597	164	118	151	155	180	178
AT3G25600	1929	1702	1557	1912	2215	2059
AT3G25610	2451	2153	2172	3205	6057	3836
AT3G25620	87	89	65	84	85	99
AT3G25640	21	8	10	28	15	18
AT3G25655	1	0	0	3	3	2
AT3G25660	3135	2709	3063	2351	2848	2763
AT3G25670	78	76	76	58	63	55
AT3G25680	436	396	348	375	450	373
AT3G25690	10833	8673	10116	5884	11527	9279
AT3G25700	231	181	183	167	137	190
AT3G25710	174	137	120	127	245	161
AT3G25717	260	232	131	197	91	221
AT3G25719	0	0	0	1	4	0
AT3G25730	46	47	22	48	63	61
AT3G25740	486	436	393	351	397	414
AT3G25760	6372	5319	4060	7268	5985	8164
AT3G25770	17877	14929	14604	25222	26968	24874
AT3G25780	4813	3894	2994	5219	8326	6349
AT3G25790	0	0	0	0	1	0
AT3G25795	0	3	2	5	7	11
AT3G25800	1509	1546	1441	1578	1694	1462
AT3G25805	667	569	657	478	602	490
AT3G25820	0	0	1	1	0	2
AT3G25830	1	0	0	3	0	1
AT3G25840	1925	1597	1625	1460	1929	2007
AT3G25855	12	9	2	18	12	14
AT3G25860	1835	1673	1795	1653	1878	1748
AT3G25870	92	110	95	88	133	142
AT3G25880	19	21	30	18	19	24
AT3G25882	317	202	316	332	730	360
AT3G25890	434	417	442	525	817	509
AT3G25900	228	205	160	167	149	152
AT3G25905	21	18	15	9	18	8
AT3G25910	1963	1602	1519	1421	1739	1547
AT3G25920	11210	8800	10610	7824	8805	8916
AT3G25940	130	113	104	175	176	136
AT3G25950	1	0	0	0	1	2
AT3G25970	32	25	26	25	33	25
AT3G25980	127	141	102	124	171	190
AT3G25990	124	119	82	114	134	122
AT3G26000	1848	1650	1319	1260	1297	1542
AT3G26010	0	1	0	0	0	0
AT3G26020	1042	927	903	878	1300	990
AT3G26030	2452	2113	2048	1621	1835	1977
AT3G26040	51	60	48	26	26	21
AT3G26050	44	36	21	14	41	50
AT3G26060	7655	6386	7304	5044	6101	5976
AT3G26070	4491	4189	4222	3482	4046	3415
AT3G26080	627	534	604	566	904	568
AT3G26085	857	720	757	681	861	724
AT3G26090	620	530	551	605	844	668
AT3G26100	1964	1747	1645	1550	1729	1952
AT3G26115	251	163	201	181	248	260
AT3G26120	1	0	0	0	0	0
AT3G26125	4	2	1	9	9	12
AT3G26130	3	5	4	7	6	5
AT3G26150	1	0	0	0	0	0
AT3G26160	0	0	0	0	8	0
AT3G26170	2136	1740	1823	1952	2429	2495
AT3G26180	5058	4178	4013	4232	4334	4918
AT3G26190	10	5	3	3	1	2
AT3G26200	1321	1031	700	810	833	653
AT3G26210	1182	926	852	1141	1681	1031
AT3G26220	1074	933	762	600	879	771
AT3G26230	876	654	604	513	874	628
AT3G26235	3	3	6	4	0	1
AT3G26240	591	519	530	414	477	534
AT3G26270	1	0	0	0	2	0
AT3G26280	2147	2112	1706	1705	1402	1579
AT3G26290	2030	1854	1244	1757	849	1595
AT3G26300	1228	1084	1051	1035	1245	1193
AT3G26310	406	301	249	192	152	219
AT3G26320	154	164	110	82	134	117
AT3G26330	43	32	13	15	17	16
AT3G26340	436	355	358	403	367	403
AT3G26350	18	16	15	27	29	27
AT3G26360	299	268	273	311	329	260
AT3G26370	993	953	908	952	1024	1026
AT3G26380	1093	947	932	939	1011	1186
AT3G26400	720	562	530	538	755	745
AT3G26410	195	155	181	235	327	181
AT3G26420	2534	2370	2146	2289	2461	2557
AT3G26430	2519	2358	2136	2265	2442	2546
AT3G26440	310	285	143	342	344	285
AT3G26445	46	38	50	64	61	46
AT3G26450	2849	2211	2108	2595	2868	3162
AT3G26460	24	19	25	12	29	29
AT3G26470	100	79	75	130	131	90
AT3G26480	25	16	15	40	59	38
AT3G26490	256	206	262	184	213	204
AT3G26500	892	698	556	727	1039	689
AT3G26510	1527	1283	1224	1008	1068	1225
AT3G26520	25885	29975	32105	23321	14338	24172
AT3G26539	23	17	10	21	23	21
AT3G26540	123	94	115	110	154	132
AT3G26550	19	9	7	6	13	9
AT3G26560	1441	1242	1205	1177	1443	1366
AT3G26570	5827	4943	3607	3406	2695	4094
AT3G26580	4738	4672	5169	4156	4986	4120
AT3G26590	785	687	642	612	845	781
AT3G26600	746	725	856	768	1304	954
AT3G26610	0	1	0	0	0	0
AT3G26612	168	171	164	179	166	150
AT3G26616	3	1	6	0	1	3
AT3G26618	808	709	683	748	864	777
AT3G26620	1	3	2	8	4	1
AT3G26630	803	633	699	630	795	648
AT3G26640	252	243	251	215	286	223
AT3G26650	42455	40390	40169	28785	37466	29884
AT3G26660	0	0	2	3	0	0
AT3G26670	1095	856	934	1034	1603	1185
AT3G26680	225	167	196	216	354	195
AT3G26690	106	106	61	86	113	87
AT3G26700	288	268	312	288	213	189
AT3G26710	1537	1323	1671	1410	1829	1361
AT3G26720	1869	1492	1486	1303	1601	1774
AT3G26730	2561	2263	2198	2214	2808	2602
AT3G26740	35023	28007	33597	25578	32762	32334
AT3G26742	3	1	1	3	1	2
AT3G26744	1053	1052	878	883	897	843
AT3G26750	81	74	63	65	71	76
AT3G26760	34	20	8	25	45	33
AT3G26770	27	21	15	20	23	23
AT3G26780	1584	1395	1363	1366	1636	1402
AT3G26782	141	121	148	178	255	172
AT3G26790	19	19	20	12	24	24
AT3G26800	0	0	3	2	1	1
AT3G26810	1296	1198	1206	1109	1488	1038
AT3G26812	3	3	3	5	3	13
AT3G26813	1	2	1	1	0	1
AT3G26815	16	13	14	20	20	29
AT3G26816	6	0	1	3	2	5
AT3G26818	34	24	25	31	40	19
AT3G26819	0	1	1	5	1	0
AT3G26820	4	1	4	5	2	7
AT3G26830	2058	1865	1326	4376	4308	3646
AT3G26840	1250	1102	789	2146	2275	2144
AT3G26850	505	403	316	705	683	601
AT3G26855	0	1	0	0	2	0
AT3G26890	2082	1793	1905	1347	1788	1478
AT3G26900	2319	2043	2070	1729	2057	1756
AT3G26910	1044	987	834	849	1113	1232
AT3G26920	326	295	294	293	361	304
AT3G26922	100	70	62	81	83	66
AT3G26930	19	11	16	12	12	8
AT3G26932	255	194	189	200	196	205
AT3G26934	0	0	0	0	1	0
AT3G26935	1308	1029	974	886	1156	1109
AT3G26950	788	649	637	700	691	801
AT3G26960	220	268	212	167	126	170
AT3G26980	2519	2248	1963	2698	3378	2862
AT3G26990	462	356	378	343	427	468
AT3G27000	333	258	202	298	305	283
AT3G27010	191	148	156	212	294	197
AT3G27020	2192	2082	1708	1419	1745	1596
AT3G27025	23	15	10	13	12	24
AT3G27027	11	8	11	14	18	18
AT3G27030	174	140	123	215	195	172
AT3G27050	645	532	438	426	277	363
AT3G27060	1150	1096	985	933	1072	963
AT3G27070	8	6	4	4	1	4
AT3G27080	565	529	496	579	640	516
AT3G27090	5599	4395	3960	4094	3949	4534
AT3G27100	375	314	262	298	266	300
AT3G27110	1278	1062	1142	928	1057	995
AT3G27120	357	212	245	267	261	278
AT3G27130	24	15	10	30	19	32
AT3G27150	7	5	5	17	16	30
AT3G27160	6400	5377	5642	4455	4567	4631
AT3G27170	211	167	91	85	62	99
AT3G27180	612	537	528	606	601	527
AT3G27190	189	141	177	178	287	171
AT3G27200	79	65	72	62	81	78
AT3G27210	1807	1421	1828	2084	2994	2747
AT3G27220	161	161	164	163	206	134
AT3G27230	1392	1142	1156	1174	1773	1494
AT3G27240	2065	2130	1866	2047	2277	1879
AT3G27250	86	70	37	70	109	96
AT3G27260	2568	2018	1888	1989	2794	2533
AT3G27270	22	26	24	14	20	24
AT3G27280	634	432	411	647	889	560
AT3G27290	16	24	24	28	48	21
AT3G27300	1595	1508	1861	1859	2598	2247
AT3G27310	678	594	533	563	705	637
AT3G27320	639	542	528	485	573	488
AT3G27325	940	840	854	803	1072	915
AT3G27330	93	75	62	62	86	63
AT3G27340	740	488	464	490	528	607
AT3G27350	315	321	147	223	103	201
AT3G27360	456	433	321	349	301	345
AT3G27380	1546	1504	1344	1493	1538	1485
AT3G27390	1347	1138	1159	1036	1195	1183
AT3G27400	234	213	190	246	162	337
AT3G27410	14	2	15	7	24	15
AT3G27415	10	9	4	20	4	12
AT3G27416	9	9	4	18	2	10
AT3G27420	218	198	205	183	252	216
AT3G27430	2135	1838	1642	1982	2179	2113
AT3G27440	3	1	5	7	3	2
AT3G27460	343	261	248	308	292	280
AT3G27470	502	334	297	331	454	392
AT3G27473	3	5	6	7	8	16
AT3G27480	3	0	0	0	0	1
AT3G27490	0	1	2	0	0	1
AT3G27500	44	42	37	37	25	37
AT3G27510	32	14	26	18	34	27
AT3G27520	91	77	93	72	88	60
AT3G27530	1896	1491	1504	1431	1585	1593
AT3G27540	678	527	519	608	726	733
AT3G27550	121	113	133	119	185	119
AT3G27560	963	811	741	907	1259	1044
AT3G27570	1171	955	904	1327	1807	1583
AT3G27580	200	168	155	193	186	180
AT3G27590	0	1	0	0	0	0
AT3G27610	407	347	363	292	450	334
AT3G27620	14	10	6	22	25	12
AT3G27630	2	3	6	10	6	15
AT3G27640	67	44	52	33	43	40
AT3G27650	72	58	34	64	53	62
AT3G27660	42	29	17	36	22	35
AT3G27670	1085	975	921	762	1059	1054
AT3G27690	42576	38090	20828	19894	3389	21698
AT3G27700	822	672	714	605	850	710
AT3G27710	2	3	4	8	5	3
AT3G27720	1	0	0	0	2	0
AT3G27730	13	11	10	12	17	14
AT3G27740	1637	1607	1544	1851	2116	1483
AT3G27750	557	464	496	472	487	523
AT3G27770	3173	2696	3153	2290	1972	2760
AT3G27809	2	1	0	1	0	2
AT3G27810	2	3	0	5	3	0
AT3G27820	5228	4120	3994	3790	4528	4917
AT3G27830	6803	6190	6477	5431	5822	6156
AT3G27831	26	20	17	37	17	19
AT3G27850	6108	5462	6100	5014	5894	5220
AT3G27860	33	24	30	17	16	24
AT3G27865	3	1	11	5	3	6
AT3G27870	514	445	389	363	426	514
AT3G27880	151	129	149	126	127	134
AT3G27884	0	0	0	0	2	1
AT3G27890	1457	1259	1284	1315	1589	1279
AT3G27900	15	23	11	12	26	23
AT3G27906	326	297	291	329	334	307
AT3G27920	24	27	10	10	16	27
AT3G27925	5037	4546	4429	3482	3601	4005
AT3G27930	433	409	395	431	478	404
AT3G27940	162	118	120	90	97	173
AT3G27950	0	0	0	0	1	0
AT3G27960	349	337	420	309	454	519
AT3G27970	7	10	11	4	13	13
AT3G27980	42	26	32	44	37	43
AT3G27990	472	459	452	422	512	471
AT3G28007	37	35	45	21	23	31
AT3G28030	646	460	427	431	627	578
AT3G28040	2120	1891	1851	1466	1611	1845
AT3G28050	2368	1941	1747	2038	2244	2374
AT3G28060	5	8	4	4	6	3
AT3G28070	973	742	737	704	980	778
AT3G28080	867	598	689	739	1054	893
AT3G28100	413	326	276	286	372	492
AT3G28130	1047	787	659	710	528	954
AT3G28140	182	149	172	153	173	161
AT3G28150	17	20	14	31	33	27
AT3G28155	1	4	2	2	4	7
AT3G28170	3	2	2	1	0	1
AT3G28180	8246	6784	7272	7010	9245	8644
AT3G28190	0	1	0	0	0	0
AT3G28200	1316	1122	1180	1172	758	1395
AT3G28210	291	310	262	576	720	364
AT3G28220	3345	2809	2424	2893	873	6306
AT3G28230	0	1	0	0	0	0
AT3G28250	0	0	0	0	0	1
AT3G28270	194	138	124	234	255	759
AT3G28290	1368	1284	2110	1706	2714	2305
AT3G28300	1455	1213	1941	1868	2919	2479
AT3G28310	29	15	48	22	36	21
AT3G28320	2	6	16	5	37	5
AT3G28330	0	0	2	1	0	0
AT3G28340	3006	2808	2967	3137	4383	2786
AT3G28345	73	56	48	100	120	124
AT3G28360	1	0	0	0	0	3
AT3G28370	370	295	328	309	352	383
AT3G28380	20	15	21	19	28	18
AT3G28390	0	1	0	0	0	0
AT3G28420	34	30	20	24	25	22
AT3G28430	779	715	687	685	854	782
AT3G28450	1784	1449	1411	1404	2047	1750
AT3G28455	45	30	32	31	79	34
AT3G28460	623	540	604	482	500	497
AT3G28470	2	0	1	3	5	3
AT3G28480	966	742	731	901	1322	1010
AT3G28500	60	68	35	34	30	11
AT3G28510	376	346	250	484	714	510
AT3G28540	1501	1023	764	1120	1384	1525
AT3G28550	1	1	0	1	0	3
AT3G28560	3	1	1	1	3	1
AT3G28570	3	8	2	4	11	7
AT3G28580	588	495	457	1253	2203	1527
AT3G28600	12	12	9	54	72	67
AT3G28610	1	0	2	1	4	3
AT3G28620	30	16	17	42	70	47
AT3G28630	42	33	26	54	65	45
AT3G28640	67	44	59	77	129	79
AT3G28650	0	0	0	0	1	0
AT3G28660	84	82	102	98	138	113
AT3G28670	571	477	496	503	572	490
AT3G28690	1597	1235	1304	1200	1501	1592
AT3G28700	250	257	226	272	291	257
AT3G28710	3765	3674	3657	3324	3760	3311
AT3G28715	2296	2048	2187	2080	2193	2137
AT3G28720	974	805	751	779	1045	969
AT3G28730	1681	1489	1274	1442	1524	1556
AT3G28740	9	9	15	4	1	10
AT3G28750	14	21	16	18	16	5
AT3G28760	410	312	360	330	322	312
AT3G28770	11	16	9	12	22	15
AT3G28830	2	2	0	1	1	4
AT3G28840	35	30	21	36	34	29
AT3G28850	599	450	371	447	484	585
AT3G28857	18	28	8	9	14	9
AT3G28860	5785	5351	5042	4227	3870	5178
AT3G28880	59	53	72	56	117	60
AT3G28890	409	379	271	383	437	573
AT3G28899	1	1	3	8	8	3
AT3G28900	1629	1124	978	1186	1392	1136
AT3G28910	1514	1244	1217	1093	1280	1183
AT3G28917	2	0	0	3	0	0
AT3G28920	888	873	744	763	976	941
AT3G28925	0	5	2	0	2	0
AT3G28930	4824	3703	2947	5153	5402	4541
AT3G28940	17887	12099	11376	15949	21351	20524
AT3G28950	769	550	478	713	765	924
AT3G28956	100	108	72	96	91	90
AT3G28958	1	3	0	2	1	4
AT3G28960	39	34	27	27	25	25
AT3G28970	499	354	423	402	515	450
AT3G28980	1	0	0	0	0	0
AT3G29000	4394	3490	3092	4844	5790	4484
AT3G29010	136	106	118	145	146	143
AT3G29020	3	3	0	3	5	0
AT3G29030	1528	1433	1488	1085	1034	1138
AT3G29034	154	112	110	158	200	140
AT3G29035	537	393	413	295	186	285
AT3G29060	11	7	0	4	3	0
AT3G29075	1239	832	785	901	1070	1102
AT3G29080	2	0	0	0	0	0
AT3G29090	501	424	413	475	581	463
AT3G29100	112	96	80	96	93	93
AT3G29130	164	171	152	148	228	179
AT3G29140	53	55	30	55	38	48
AT3G29160	1104	895	822	935	952	918
AT3G29170	350	408	408	403	527	359
AT3G29180	870	802	698	601	703	806
AT3G29185	1614	1483	1544	1278	1476	1247
AT3G29190	3	1	3	4	3	4
AT3G29200	560	496	446	504	639	480
AT3G29230	506	441	505	395	608	448
AT3G29240	3494	3173	2568	2051	2721	2201
AT3G29250	31	48	25	122	75	163
AT3G29255	0	0	1	0	1	0
AT3G29270	665	573	532	563	712	639
AT3G29280	128	83	66	88	75	78
AT3G29290	793	676	693	541	636	643
AT3G29300	3	1	2	3	2	0
AT3G29305	0	1	0	1	1	1
AT3G29310	666	533	476	479	619	661
AT3G29320	14362	11437	14042	11478	14627	16087
AT3G29330	151	136	113	150	128	143
AT3G29350	975	943	861	851	960	917
AT3G29360	5690	4673	5153	5507	7417	6678
AT3G29370	59	35	30	64	39	41
AT3G29375	482	401	324	365	368	373
AT3G29380	0	0	1	0	0	3
AT3G29390	1697	1509	1274	1333	1895	1747
AT3G29400	1472	1210	1200	1186	1813	1443
AT3G29410	12	6	5	7	6	6
AT3G29575	274	260	114	281	257	296
AT3G29590	102	106	38	213	807	435
AT3G29633	2	1	0	2	1	0
AT3G29638	9	0	1	3	1	5
AT3G29639	39	38	23	25	30	23
AT3G29644	63	52	28	79	54	53
AT3G29670	398	273	286	201	155	201
AT3G29680	80	49	60	42	52	63
AT3G29690	1	1	1	0	0	1
AT3G29720	0	0	1	0	1	0
AT3G29760	1035	836	722	747	751	891
AT3G29770	102	98	93	158	124	119
AT3G29791	1	0	0	0	1	0
AT3G29810	118	111	109	115	135	171
AT3G29970	2	0	1	2	0	1
AT3G30180	353	306	320	218	196	221
AT3G30200	1	1	3	1	3	0
AT3G30210	0	0	0	1	0	0
AT3G30260	0	0	0	0	1	0
AT3G30300	1544	1262	1176	1111	1378	1439
AT3G30340	21	14	11	30	43	27
AT3G30350	1	1	1	1	5	1
AT3G30380	482	307	309	310	346	427
AT3G30390	8155	7595	6878	6114	6598	6951
AT3G30460	3	6	5	3	4	0
AT3G30530	1	3	1	0	3	0
AT3G30580	2	0	0	0	0	1
AT3G30720	123	109	57	49	32	74
AT3G30725	5	3	1	5	2	2
AT3G30730	2	0	2	0	0	0
AT3G30770	0	2	0	0	0	0
AT3G30775	1416	1223	1243	1072	1166	1447
AT3G30841	310	249	233	261	295	343
AT3G30842	0	0	0	2	2	4
AT3G31051	0	1	0	0	0	0
AT3G32030	1	2	1	1	0	0
AT3G32090	20	24	15	25	54	27
AT3G32400	3	0	0	2	2	1
AT3G32920	7	9	7	15	22	1
AT3G32930	2388	2128	2483	2104	2368	1978
AT3G32940	764	592	569	582	831	691
AT3G32980	376	340	430	295	273	286
AT3G33520	640	546	571	552	648	605
AT3G33528	6	8	5	12	27	5
AT3G33530	2465	2086	2111	1769	2555	2436
AT3G36659	0	1	0	0	1	0
AT3G41761	2	3	0	1	1	0
AT3G41762	23	22	10	38	34	24
AT3G41768	48777	52821	36464	56203	50640	53865
AT3G41979	387	535	461	685	599	536
AT3G42050	7300	6301	6337	6187	6858	6817
AT3G42148	0	0	1	0	0	0
AT3G42150	445	389	361	345	414	392
AT3G42170	1338	1168	1099	1153	1291	1260
AT3G42180	1	1	3	5	5	1
AT3G42310	0	0	1	0	0	0
AT3G42550	0	6	0	1	4	4
AT3G42570	6	5	5	1	5	4
AT3G42630	355	300	326	310	385	346
AT3G42640	472	388	354	347	404	472
AT3G42660	396	290	277	257	384	365
AT3G42670	190	153	158	211	385	249
AT3G42725	13	18	12	15	18	25
AT3G42790	1906	1669	1643	1693	2307	1543
AT3G42800	48	26	46	26	20	33
AT3G42830	0	0	0	0	0	1
AT3G42850	6	2	4	10	16	8
AT3G42860	61	50	56	69	111	69
AT3G42950	489	472	458	416	433	493
AT3G42960	0	0	0	0	0	1
AT3G43110	7	6	8	12	7	17
AT3G43190	39	37	64	41	23	30
AT3G43210	262	227	201	194	251	232
AT3G43220	1736	1368	1329	1132	1423	1565
AT3G43230	1197	1057	944	954	893	1026
AT3G43240	1203	1022	933	1040	1200	1145
AT3G43250	459	384	125	431	302	311
AT3G43270	594	508	447	638	677	876
AT3G43300	4137	3682	3782	3183	4304	4065
AT3G43340	1	1	0	1	0	1
AT3G43400	1	0	1	0	1	0
AT3G43430	61	41	38	85	103	101
AT3G43440	354	295	281	340	302	330
AT3G43520	1371	1360	1345	1617	2111	1562
AT3G43540	1162	1068	1046	828	1060	980
AT3G43570	0	0	0	0	1	0
AT3G43580	22	28	13	26	27	25
AT3G43590	672	577	539	577	719	607
AT3G43600	809	683	624	634	873	853
AT3G43610	1084	908	924	771	1155	1023
AT3G43670	2279	2092	2134	2312	2277	2729
AT3G43700	246	233	202	229	258	226
AT3G43710	1	1	3	0	0	1
AT3G43720	756	1006	1096	935	757	938
AT3G43722	0	0	0	1	0	0
AT3G43740	849	687	670	820	882	740
AT3G43790	159	146	157	177	285	241
AT3G43800	582	472	520	735	1218	1086
AT3G43810	2149	1805	1905	1953	2189	2250
AT3G43840	13	7	8	4	10	8
AT3G43850	15	12	17	18	4	11
AT3G43890	0	0	0	1	0	0
AT3G43920	254	248	228	217	296	264
AT3G43930	22	13	14	29	25	18
AT3G43960	180	132	122	117	106	153
AT3G43970	0	4	0	0	0	0
AT3G43980	432	503	472	562	543	251
AT3G44010	2453	2133	1880	2454	2812	1999
AT3G44020	437	428	462	342	452	378
AT3G44050	145	103	100	117	156	153
AT3G44060	0	0	1	0	0	1
AT3G44100	1735	1329	1202	1414	1559	1769
AT3G44110	6027	4727	4623	5707	7279	6099
AT3G44120	11	13	14	15	15	6
AT3G44150	365	282	276	323	386	383
AT3G44160	628	604	711	561	747	655
AT3G44171	1	0	0	0	0	0
AT3G44180	0	0	0	0	0	2
AT3G44190	1362	1067	1009	1232	1703	1478
AT3G44200	992	786	917	701	868	934
AT3G44220	27	18	28	41	45	44
AT3G44260	20908	16957	16186	18120	20886	21354
AT3G44280	425	309	351	388	382	368
AT3G44290	5	1	0	2	4	0
AT3G44300	1485	1203	843	1343	791	2134
AT3G44310	40174	35376	26772	35007	22873	41945
AT3G44320	306	259	215	340	428	556
AT3G44326	27	23	8	19	28	40
AT3G44330	1484	1351	1399	1344	1510	1368
AT3G44340	2344	2018	2074	2120	2886	2647
AT3G44350	494	455	393	893	1862	708
AT3G44370	397	353	337	372	510	404
AT3G44380	158	115	86	104	84	134
AT3G44400	1396	1229	1252	1447	2760	1908
AT3G44430	846	706	806	866	1006	888
AT3G44440	3	4	1	5	2	6
AT3G44444	0	3	1	1	0	3
AT3G44450	418	358	254	462	381	487
AT3G44460	0	1	0	0	0	0
AT3G44480	4043	3806	3108	3413	4759	4425
AT3G44490	1	1	0	2	1	0
AT3G44510	18	12	14	39	52	54
AT3G44530	418	404	337	390	540	443
AT3G44540	6	3	2	10	4	12
AT3G44550	89	59	54	118	32	110
AT3G44560	5	4	2	10	1	9
AT3G44570	3	3	2	0	3	0
AT3G44580	0	0	0	1	0	1
AT3G44590	352	409	359	434	404	314
AT3G44600	841	715	749	779	996	873
AT3G44610	512	458	412	474	426	511
AT3G44620	1427	1148	1244	1127	1166	1164
AT3G44630	5492	4843	4122	4461	7463	6240
AT3G44660	0	0	0	0	1	0
AT3G44670	3620	3071	2581	2741	3781	4168
AT3G44680	429	382	360	456	537	369
AT3G44690	80	64	83	72	138	80
AT3G44700	1	4	4	8	11	1
AT3G44713	80	56	46	60	89	59
AT3G44716	52	52	38	54	53	45
AT3G44720	3422	3696	2637	5003	4964	4572
AT3G44730	126	122	98	124	179	175
AT3G44735	365	252	254	308	323	376
AT3G44740	157	139	127	163	204	122
AT3G44750	1116	866	756	1061	1275	734
AT3G44755	5	3	0	1	2	3
AT3G44765	4	4	1	0	4	9
AT3G44770	19	16	16	20	21	25
AT3G44790	2	1	0	1	7	6
AT3G44798	235	229	217	152	181	156
AT3G44800	13	9	8	14	10	4
AT3G44805	17	16	6	9	7	7
AT3G44820	435	292	351	296	384	343
AT3G44830	3	7	1	11	9	7
AT3G44850	413	303	292	338	447	409
AT3G44860	8152	7831	5135	8314	9404	8880
AT3G44870	4	3	2	8	0	2
AT3G44880	3192	3001	2651	3197	3031	3397
AT3G44890	5722	4881	5561	4748	5349	4722
AT3G44900	30	20	30	15	18	13
AT3G44940	125	113	97	119	117	120
AT3G44950	0	5	0	0	0	1
AT3G44960	37	27	38	29	51	59
AT3G44970	48	36	33	46	36	26
AT3G44980	1	0	0	0	0	0
AT3G44990	570	544	337	384	387	376
AT3G45000	1	0	2	2	0	1
AT3G45010	1034	850	698	766	823	1274
AT3G45020	63	69	63	51	70	79
AT3G45030	1610	1862	1574	2030	2222	1316
AT3G45040	1823	1705	1612	1554	2374	1851
AT3G45050	801	782	816	744	971	669
AT3G45060	189	203	123	158	81	69
AT3G45070	5	1	4	9	2	1
AT3G45080	0	0	2	0	0	0
AT3G45090	642	518	519	517	638	616
AT3G45093	4	3	0	2	2	1
AT3G45100	390	372	349	344	388	392
AT3G45110	1	0	0	0	0	0
AT3G45130	229	205	91	307	29	440
AT3G45140	74861	61161	52376	69618	75733	100589
AT3G45160	515	417	425	698	867	715
AT3G45170	0	0	0	2	0	1
AT3G45180	0	0	0	2	0	0
AT3G45190	2074	1787	1773	1811	1895	1933
AT3G45210	282	205	145	149	119	184
AT3G45230	210	163	195	182	157	197
AT3G45240	720	628	630	683	881	734
AT3G45242	720	628	630	683	881	734
AT3G45260	1913	1399	1519	1251	1514	1741
AT3G45280	8	3	5	5	11	8
AT3G45290	442	406	361	450	631	398
AT3G45300	1207	1031	833	931	1071	1020
AT3G45310	869	692	664	810	1153	846
AT3G45330	21	5	7	28	29	11
AT3G45390	33	37	27	17	18	26
AT3G45400	127	134	113	111	148	103
AT3G45410	34	23	16	21	18	22
AT3G45420	46	37	51	60	77	66
AT3G45430	51	48	64	40	31	50
AT3G45440	32	18	13	16	17	21
AT3G45443	313	293	243	231	228	234
AT3G45490	1	0	0	1	0	0
AT3G45530	1	1	2	7	0	3
AT3G45540	1	0	0	0	0	0
AT3G45570	0	0	1	1	1	0
AT3G45590	85	97	79	89	108	68
AT3G45600	1972	1571	1247	1200	963	1505
AT3G45610	94	58	47	86	75	102
AT3G45620	1016	888	926	1146	1809	1151
AT3G45630	1207	1187	1196	963	1328	1084
AT3G45638	100	102	72	53	75	48
AT3G45640	21623	18303	15951	21805	30115	22574
AT3G45650	738	711	492	645	796	699
AT3G45660	31	17	7	19	8	16
AT3G45680	27	27	17	23	24	25
AT3G45700	2	1	0	0	1	1
AT3G45710	18	11	19	19	22	9
AT3G45720	0	0	0	0	2	3
AT3G45730	1292	1019	809	1013	1167	839
AT3G45740	435	356	346	377	458	407
AT3G45750	255	255	224	192	273	210
AT3G45760	0	0	0	0	0	1
AT3G45770	2050	1722	1699	1475	1679	1641
AT3G45780	13604	11648	10558	9023	7291	11556
AT3G45790	2	0	1	0	1	0
AT3G45800	0	0	0	0	1	0
AT3G45820	7	4	13	7	9	6
AT3G45830	936	810	821	779	1248	963
AT3G45840	1	0	0	2	0	2
AT3G45850	1698	1365	1608	1224	1417	1486
AT3G45851	1	0	0	0	0	0
AT3G45860	5041	3991	4420	2193	4430	3050
AT3G45870	40	19	27	26	40	35
AT3G45880	52	64	33	50	68	57
AT3G45890	289	279	308	287	410	219
AT3G45900	411	309	253	248	242	305
AT3G45930	359	286	271	241	320	266
AT3G45940	44	41	34	14	12	12
AT3G45950	1	2	0	0	3	1
AT3G45960	237	212	266	263	335	375
AT3G45970	3215	2574	4066	2539	2770	3843
AT3G45980	1860	1783	1658	1489	1627	1584
AT3G46000	2701	2571	2861	2634	2949	2782
AT3G46010	3489	3089	3169	3502	3890	3327
AT3G46020	93	66	68	110	108	75
AT3G46030	1541	1324	1144	1161	1139	1299
AT3G46040	1612	1388	1264	1500	1554	1304
AT3G46060	2634	2351	2184	2190	2537	2424
AT3G46070	25	11	5	32	27	13
AT3G46080	677	532	365	786	702	664
AT3G46090	1751	1307	1311	2520	3537	2273
AT3G46100	1364	1107	1184	1048	1254	1190
AT3G46110	629	532	559	608	917	699
AT3G46130	233	194	250	132	175	224
AT3G46140	1	0	2	0	2	2
AT3G46150	16	22	20	9	20	8
AT3G46160	0	0	0	1	1	0
AT3G46170	0	0	0	1	0	2
AT3G46180	289	192	212	212	271	257
AT3G46190	0	0	0	0	0	1
AT3G46200	151	155	125	145	142	148
AT3G46210	290	252	223	384	423	255
AT3G46220	720	603	637	560	710	697
AT3G46230	20	11	5	26	46	56
AT3G46280	13	20	13	30	40	36
AT3G46290	1734	1449	1542	1311	1425	1664
AT3G46300	7	1	1	3	0	6
AT3G46310	0	2	1	0	1	2
AT3G46320	469	370	318	301	315	284
AT3G46330	1	0	0	0	0	0
AT3G46370	1118	987	636	373	210	505
AT3G46430	1159	1111	901	1089	1168	1101
AT3G46440	1083	946	1136	1128	1411	1215
AT3G46450	754	720	654	778	1292	1061
AT3G46460	782	630	610	697	653	636
AT3G46480	2	0	0	0	1	1
AT3G46490	287	231	244	229	312	274
AT3G46500	10	15	3	10	11	15
AT3G46510	2706	2404	2337	2117	3001	2436
AT3G46520	0	3	0	1	2	2
AT3G46530	2642	2171	2589	2290	3746	3049
AT3G46540	1601	1317	1253	1342	1704	1582
AT3G46550	1045	907	827	854	711	1031
AT3G46560	537	607	552	733	721	451
AT3G46580	148	145	119	150	167	130
AT3G46590	2540	2292	2240	1989	3295	2302
AT3G46600	7835	6393	6936	6633	7652	7594
AT3G46610	765	566	637	453	692	661
AT3G46613	1	0	0	0	0	0
AT3G46614	0	1	0	1	3	1
AT3G46616	0	3	0	0	0	0
AT3G46620	8717	7705	8377	8537	10954	8551
AT3G46630	894	994	1262	1017	1312	979
AT3G46640	438	366	1556	899	2501	1156
AT3G46650	96	66	60	58	51	56
AT3G46658	154	153	132	198	132	186
AT3G46660	146	141	121	192	120	177
AT3G46666	5	2	2	2	4	1
AT3G46668	302	248	287	256	306	283
AT3G46670	208	180	213	180	241	192
AT3G46680	6	2	4	1	8	9
AT3G46690	99	77	39	90	74	78
AT3G46700	47	30	19	88	14	146
AT3G46720	5	2	3	1	1	1
AT3G46730	16	14	11	12	16	18
AT3G46740	3366	2946	3284	2869	3616	3113
AT3G46770	10	4	1	9	8	18
AT3G46780	32688	28543	29415	21467	20968	25320
AT3G46790	394	318	346	333	454	393
AT3G46820	526	461	588	478	607	514
AT3G46830	925	723	841	839	1019	938
AT3G46840	0	1	0	0	0	0
AT3G46850	1	0	0	0	0	0
AT3G46870	164	108	110	133	216	122
AT3G46880	32	51	31	35	43	30
AT3G46890	47	26	31	23	27	20
AT3G46900	94	102	80	114	140	132
AT3G46904	0	1	2	0	0	1
AT3G46910	1	1	0	4	2	0
AT3G46920	453	365	324	352	497	414
AT3G46930	1363	1168	774	1192	1691	1687
AT3G46940	294	258	241	277	300	264
AT3G46950	55	76	56	114	135	94
AT3G46960	1025	828	788	720	859	951
AT3G46970	16078	13243	17953	16137	27134	22640
AT3G46980	839	780	847	732	945	870
AT3G46990	96	84	77	85	62	117
AT3G47000	1422	1259	1174	1150	1236	1286
AT3G47010	392	359	322	293	479	334
AT3G47020	3	1	0	1	0	0
AT3G47030	18	18	8	8	19	15
AT3G47040	3	1	0	4	0	0
AT3G47050	5	6	9	9	27	15
AT3G47060	832	626	619	684	810	649
AT3G47070	3031	2943	3193	2414	3247	2574
AT3G47080	1770	1327	1322	1479	1945	1805
AT3G47090	558	455	346	476	630	633
AT3G47100	24	22	10	11	15	31
AT3G47110	54	30	34	28	44	36
AT3G47120	279	223	192	243	260	282
AT3G47130	2	0	1	0	1	2
AT3G47150	0	0	3	0	0	0
AT3G47160	1978	1812	2030	1581	1567	1839
AT3G47180	8	10	8	16	25	19
AT3G47190	3	0	0	0	0	0
AT3G47210	3	2	8	5	29	27
AT3G47220	29	18	17	16	24	20
AT3G47250	5134	4405	4031	4071	4832	4363
AT3G47290	1137	931	931	983	1083	972
AT3G47295	448	343	229	280	212	251
AT3G47300	206	197	174	199	160	181
AT3G47340	3163	2933	1492	2091	1041	2524
AT3G47342	15	9	9	6	22	15
AT3G47347	35	34	38	34	48	29
AT3G47348	98	89	81	91	126	78
AT3G47350	813	816	830	716	966	873
AT3G47360	218	220	162	190	164	172
AT3G47370	1336	1405	1197	1579	1707	1082
AT3G47380	139	140	117	91	88	75
AT3G47390	651	608	596	563	716	633
AT3G47400	20	17	6	16	15	18
AT3G47420	1059	940	438	768	538	1045
AT3G47430	290	293	234	196	323	234
AT3G47440	0	0	1	0	0	0
AT3G47450	1218	871	1076	963	1191	1087
AT3G47460	153	127	115	113	158	165
AT3G47470	257560	247663	224238	180240	107847	184368
AT3G47480	961	736	578	804	1003	839
AT3G47490	1200	868	828	708	772	768
AT3G47500	1018	825	542	577	328	613
AT3G47510	144	151	101	110	178	125
AT3G47520	2005	1789	2063	1978	2418	1816
AT3G47530	155	112	129	124	171	142
AT3G47540	434	404	297	445	530	415
AT3G47543	0	1	0	0	1	0
AT3G47550	2335	2388	2212	2542	2972	2459
AT3G47560	1148	1028	1025	872	890	883
AT3G47570	1900	1610	1555	1559	2741	2388
AT3G47580	178	162	125	109	129	144
AT3G47590	490	427	438	449	572	551
AT3G47600	232	163	162	127	157	169
AT3G47610	796	609	548	558	540	590
AT3G47620	2073	1597	1533	1421	1494	1900
AT3G47630	309	236	249	243	266	266
AT3G47640	244	226	248	329	494	337
AT3G47650	4267	3555	3922	3195	3927	3242
AT3G47660	16	9	12	5	3	11
AT3G47670	734	667	657	673	747	768
AT3G47675	205	217	196	199	157	160
AT3G47680	851	627	643	650	921	716
AT3G47690	59	60	48	52	88	54
AT3G47700	365	348	359	348	414	326
AT3G47720	1	1	0	0	0	0
AT3G47730	1605	1389	1267	1216	1386	1280
AT3G47750	177	138	138	122	90	136
AT3G47780	237	215	185	295	515	457
AT3G47790	0	2	2	1	0	8
AT3G47800	3685	3376	4672	3058	3813	3381
AT3G47810	2303	2166	2187	2351	2857	2583
AT3G47820	1748	1367	1531	1396	1886	1911
AT3G47830	45	42	42	58	49	42
AT3G47833	611	707	651	820	886	600
AT3G47836	353	483	407	510	567	352
AT3G47840	26	21	40	40	43	24
AT3G47850	416	326	387	358	416	421
AT3G47860	1565	1464	2788	1843	3019	1981
AT3G47870	2	1	2	0	1	2
AT3G47890	1227	1121	1077	897	1422	1278
AT3G47910	2004	1664	1645	1555	2261	2080
AT3G47930	796	699	731	728	995	847
AT3G47940	240	209	207	188	219	214
AT3G47950	121	104	124	111	156	144
AT3G47960	7515	6841	7652	7232	14023	12312
AT3G47965	148	115	97	121	145	115
AT3G47980	5	11	11	16	19	12
AT3G47990	694	724	707	815	833	744
AT3G48000	12320	10228	9403	7216	6758	8630
AT3G48010	7	2	3	4	6	4
AT3G48020	60	87	35	82	90	102
AT3G48030	420	439	360	423	422	348
AT3G48040	236	194	184	196	223	193
AT3G48050	3127	2772	2725	2466	3757	3307
AT3G48057	1	0	1	0	1	0
AT3G48060	1318	1160	1274	1086	1509	1376
AT3G48070	865	746	764	778	887	783
AT3G48080	576	472	593	556	1174	711
AT3G48090	2933	2422	2293	2644	5027	2798
AT3G48100	1965	1661	1827	1375	1359	1379
AT3G48110	2743	2522	2878	2271	3100	2434
AT3G48115	683	553	627	511	572	496
AT3G48120	287	202	233	261	264	235
AT3G48131	0	2	0	0	0	0
AT3G48140	6367	5630	5199	6025	6023	5511
AT3G48150	159	145	123	139	135	129
AT3G48160	72	60	52	49	67	55
AT3G48170	2439	2296	2352	2424	2671	2478
AT3G48180	24	17	21	14	25	23
AT3G48185	44	47	26	39	55	61
AT3G48190	1206	942	974	830	1227	1095
AT3G48195	869	746	716	677	840	821
AT3G48200	3101	2560	2679	1513	2490	2095
AT3G48201	0	3	1	2	0	1
AT3G48210	190	148	143	165	193	151
AT3G48230	3	1	0	0	3	0
AT3G48240	6	11	4	5	5	4
AT3G48250	147	104	137	154	207	126
AT3G48260	45	42	26	31	29	48
AT3G48280	65	56	55	34	72	47
AT3G48290	51	36	35	20	26	43
AT3G48300	6	3	4	1	1	6
AT3G48310	1038	886	699	574	819	744
AT3G48320	1362	1139	874	922	1075	1350
AT3G48330	593	557	579	682	569	549
AT3G48340	3	1	2	8	3	5
AT3G48344	0	0	0	0	0	2
AT3G48346	1	0	0	0	0	1
AT3G48350	201	146	152	147	137	179
AT3G48360	2240	2064	3853	1825	6527	1763
AT3G48380	892	797	771	718	866	749
AT3G48390	192	155	151	118	131	120
AT3G48400	0	1	1	0	1	3
AT3G48410	117	97	100	111	129	130
AT3G48420	3388	3257	3436	2365	3116	2751
AT3G48425	146	106	126	100	147	160
AT3G48430	698	626	638	584	748	663
AT3G48440	260	225	233	226	362	267
AT3G48450	28	21	12	31	36	22
AT3G48460	423	326	237	193	172	250
AT3G48470	217	153	179	160	199	184
AT3G48480	10	14	9	11	14	12
AT3G48490	77	57	79	87	101	39
AT3G48500	1593	1272	1415	1324	1644	1278
AT3G48510	13	11	9	7	13	18
AT3G48520	2598	2098	2472	1645	2018	3134
AT3G48530	3154	2821	2788	2229	2238	2206
AT3G48540	55	48	31	38	28	30
AT3G48550	115	106	97	97	66	109
AT3G48560	10458	8889	8426	7585	8849	8382
AT3G48570	217	212	246	262	356	205
AT3G48580	31	18	23	24	22	19
AT3G48590	625	560	627	499	497	465
AT3G48600	101	69	73	73	71	72
AT3G48610	647	562	458	580	520	696
AT3G48620	1	1	4	2	2	0
AT3G48630	218	200	201	350	549	295
AT3G48640	249	242	189	385	690	345
AT3G48660	23	25	15	23	9	18
AT3G48670	866	603	508	478	644	748
AT3G48680	1274	1438	1267	1424	1556	1259
AT3G48690	2650	2341	1820	2015	2343	2384
AT3G48700	7	3	2	5	10	9
AT3G48710	684	494	421	471	574	577
AT3G48720	1296	1111	1387	994	1187	1178
AT3G48730	4549	4113	4705	3751	4155	4197
AT3G48740	1280	1199	1712	2126	3401	2543
AT3G48750	1622	1324	1320	1319	1732	1505
AT3G48760	2437	1899	1892	1941	2456	2399
AT3G48770	18	23	24	31	40	47
AT3G48780	1746	1378	1367	1500	1817	1768
AT3G48790	4	5	5	10	6	14
AT3G48800	202	140	132	163	157	239
AT3G48810	117	98	102	93	113	82
AT3G48820	478	449	415	443	590	447
AT3G48830	69	75	89	126	234	103
AT3G48840	3	7	3	9	5	5
AT3G48850	116	118	44	214	175	151
AT3G48860	1171	1017	933	994	1154	1116
AT3G48870	3741	3076	2877	2725	3241	3245
AT3G48880	676	602	549	543	579	608
AT3G48890	2266	1904	1641	2481	2424	2643
AT3G48900	42	36	27	30	45	51
AT3G48920	6	9	4	3	1	5
AT3G48930	4282	3951	3548	4093	4336	3080
AT3G48940	0	2	0	0	0	0
AT3G48950	0	0	0	0	0	1
AT3G48960	0	1	0	1	1	0
AT3G48970	34	40	52	30	47	46
AT3G48980	127	97	62	91	78	101
AT3G48990	8547	7882	6214	7416	7219	6797
AT3G49000	315	296	313	285	451	328
AT3G49010	6168	5820	5236	6378	7046	4884
AT3G49050	560	463	464	430	462	523
AT3G49051	0	0	0	0	0	1
AT3G49055	10	15	17	7	16	27
AT3G49060	660	530	609	566	817	632
AT3G49070	8	13	7	5	17	14
AT3G49080	660	512	515	566	679	533
AT3G49100	303	224	259	251	289	282
AT3G49110	1835	1411	615	1582	1538	1752
AT3G49120	28553	23682	19400	36733	28016	45120
AT3G49130	125	94	92	127	87	123
AT3G49140	2637	2116	2129	1652	1733	2197
AT3G49142	42	52	40	28	65	51
AT3G49150	5	2	3	2	1	5
AT3G49160	599	470	319	670	391	634
AT3G49170	112	131	146	159	249	140
AT3G49180	283	231	221	301	296	251
AT3G49190	2	3	6	4	9	0
AT3G49200	0	0	0	0	1	0
AT3G49210	250	230	194	198	228	262
AT3G49220	3682	3171	2824	2671	2895	3970
AT3G49230	1	2	1	1	0	0
AT3G49240	465	333	323	413	584	459
AT3G49250	193	165	138	196	152	164
AT3G49260	1473	1269	1318	1133	1076	1333
AT3G49270	0	0	0	0	1	0
AT3G49290	565	496	417	397	496	477
AT3G49300	11	7	16	4	2	6
AT3G49310	731	731	737	709	838	698
AT3G49320	90	85	68	130	247	104
AT3G49330	10	10	2	5	10	5
AT3G49340	80	49	42	91	52	109
AT3G49350	1403	1184	1154	1346	2033	1754
AT3G49360	277	273	260	326	412	341
AT3G49370	139	118	125	119	150	162
AT3G49380	7	6	5	10	8	6
AT3G49390	1097	941	963	1103	1289	1120
AT3G49400	167	143	104	116	169	108
AT3G49410	47	38	38	43	51	23
AT3G49420	125	130	115	141	135	124
AT3G49430	1445	1390	1170	1333	1462	1209
AT3G49470	1780	1361	1630	1249	1518	1411
AT3G49480	4	3	7	6	3	1
AT3G49490	2185	1870	1648	1659	2203	2061
AT3G49500	1222	1007	1020	904	1238	1057
AT3G49510	18	18	27	23	21	26
AT3G49520	1	0	0	2	3	0
AT3G49530	5028	4412	4784	5500	8062	5678
AT3G49540	1	0	2	1	4	0
AT3G49550	168	140	179	197	244	238
AT3G49551	40	34	41	60	59	66
AT3G49560	1925	1740	1748	1846	2002	1621
AT3G49570	77	96	31	243	291	320
AT3G49580	133	150	83	849	894	995
AT3G49590	1025	853	834	743	736	925
AT3G49600	742	641	625	617	797	703
AT3G49601	1319	1034	1003	912	1125	1190
AT3G49620	4651	3736	1164	3205	700	1703
AT3G49630	21	34	20	20	6	12
AT3G49640	328	238	232	262	299	273
AT3G49645	241	188	186	289	288	245
AT3G49650	297	298	284	207	202	276
AT3G49660	107	89	79	129	124	100
AT3G49668	100	107	91	59	72	95
AT3G49670	1057	1052	995	723	722	724
AT3G49680	3238	2927	2899	2820	2992	2685
AT3G49690	13	4	9	26	25	35
AT3G49700	1	0	0	0	0	0
AT3G49710	169	128	139	147	211	153
AT3G49720	5571	4638	4980	5114	7009	6642
AT3G49725	268	223	234	282	369	299
AT3G49730	162	114	128	111	133	109
AT3G49740	66	71	86	89	103	60
AT3G49744	1	0	0	0	0	1
AT3G49750	100	82	59	53	68	67
AT3G49760	0	0	0	0	1	2
AT3G49780	940	787	632	853	1417	1083
AT3G49790	1532	1338	1361	972	1027	958
AT3G49796	0	0	0	0	0	4
AT3G49800	1301	1205	1241	1105	1181	1147
AT3G49810	715	644	571	531	587	618
AT3G49820	1	2	5	2	0	4
AT3G49830	1	2	1	1	5	2
AT3G49840	127	125	115	128	110	100
AT3G49845	0	0	0	0	0	1
AT3G49850	399	343	274	326	371	353
AT3G49860	7	7	5	3	10	4
AT3G49870	1894	1794	1839	1728	1837	1756
AT3G49880	531	427	403	434	528	471
AT3G49890	119	90	87	137	119	105
AT3G49900	72	66	80	65	48	88
AT3G49910	7245	6138	5172	6701	6830	5562
AT3G49920	105	87	95	76	78	96
AT3G49930	93	68	75	53	83	97
AT3G49940	1043	965	1100	790	679	576
AT3G49950	8	3	8	6	15	10
AT3G49960	14	3	3	6	3	2
AT3G49970	37	35	26	43	19	24
AT3G49980	6	3	2	1	5	2
AT3G49990	1223	984	953	1010	1089	1090
AT3G50000	2084	1837	1834	1860	1915	1786
AT3G50010	60	40	47	40	25	51
AT3G50030	1	0	2	2	3	2
AT3G50040	39	33	30	57	70	55
AT3G50050	213	202	154	169	214	219
AT3G50060	3877	3387	2702	3180	2885	3236
AT3G50070	249	201	172	187	184	184
AT3G50080	405	347	298	269	364	382
AT3G50100	153	133	144	133	122	95
AT3G50110	216	204	170	141	257	221
AT3G50120	80	69	207	114	159	145
AT3G50130	9	15	9	4	5	5
AT3G50140	110	108	151	102	203	144
AT3G50160	0	2	0	0	0	0
AT3G50170	9	13	3	5	1	10
AT3G50190	90	86	84	84	114	102
AT3G50200	7	6	13	4	10	10
AT3G50210	564	455	508	622	830	601
AT3G50220	10	6	6	10	7	15
AT3G50230	6	8	2	2	1	7
AT3G50240	1330	1088	1083	743	1068	1203
AT3G50260	2100	1758	1481	1702	2087	2142
AT3G50270	1280	1083	974	888	824	925
AT3G50280	353	304	145	312	486	409
AT3G50290	1	0	0	0	0	0
AT3G50300	4	5	2	1	2	1
AT3G50310	17	23	10	22	19	28
AT3G50330	1	0	0	0	0	0
AT3G50340	449	411	400	315	355	409
AT3G50350	142	158	136	173	165	136
AT3G50360	1062	778	855	986	1169	1103
AT3G50370	5208	4426	4168	3309	5224	4965
AT3G50380	1571	1439	1308	1145	1892	1636
AT3G50390	21	25	11	19	14	21
AT3G50400	2	3	3	6	7	3
AT3G50410	76	56	47	67	75	46
AT3G50420	74	70	49	70	96	57
AT3G50430	299	294	285	278	395	268
AT3G50440	1179	1049	1123	1217	1173	1430
AT3G50450	11	10	5	3	5	16
AT3G50460	4	3	4	3	4	7
AT3G50470	383	321	417	478	719	452
AT3G50480	9120	7300	7890	11325	18504	11756
AT3G50500	5970	5147	6190	5573	6598	6411
AT3G50510	7	1	2	5	0	1
AT3G50520	437	368	386	378	391	366
AT3G50530	967	909	839	852	1033	852
AT3G50540	0	1	0	0	0	0
AT3G50550	500	372	365	398	446	372
AT3G50560	153	131	151	129	59	88
AT3G50570	45	27	26	25	15	38
AT3G50590	3399	2919	3015	2723	3623	3454
AT3G50610	0	0	0	3	1	4
AT3G50620	119	103	88	101	127	100
AT3G50630	179	148	134	139	104	175
AT3G50640	4	0	0	0	1	1
AT3G50650	207	150	248	246	394	328
AT3G50660	315	288	271	261	329	284
AT3G50670	2243	1822	1722	1917	2277	2166
AT3G50685	2931	2730	2462	1942	1496	2012
AT3G50690	946	758	706	738	798	819
AT3G50700	1342	1108	1417	826	820	933
AT3G50740	2513	2455	1795	2165	1946	2146
AT3G50750	986	820	721	542	321	591
AT3G50760	880	706	525	714	751	904
AT3G50770	4287	3109	2949	1480	1586	1415
AT3G50780	363	329	315	316	351	286
AT3G50790	1333	1309	1233	1262	1245	1248
AT3G50800	905	746	713	897	1284	996
AT3G50810	44	47	48	69	138	37
AT3G50820	37335	33260	30087	26163	21642	30786
AT3G50825	45	38	31	42	40	25
AT3G50830	3181	2961	2592	2377	2410	2777
AT3G50840	1168	875	698	714	430	649
AT3G50845	127	133	99	103	104	119
AT3G50850	25	14	10	21	22	10
AT3G50860	244	176	184	194	212	202
AT3G50870	26	8	11	26	21	14
AT3G50880	456	410	342	428	546	452
AT3G50890	55	51	26	47	38	50
AT3G50900	408	371	300	425	554	378
AT3G50910	1037	843	739	1136	2693	1312
AT3G50920	421	366	357	427	580	339
AT3G50930	14558	11527	9694	17575	23649	17175
AT3G50940	28	28	24	29	72	53
AT3G50950	20968	17939	18714	17391	28368	23769
AT3G50960	89	88	70	83	111	96
AT3G50970	520	385	306	435	475	654
AT3G50980	0	0	0	0	4	0
AT3G50990	0	1	1	0	1	0
AT3G51000	1963	1585	1320	1361	1402	1612
AT3G51010	779	780	754	931	1012	719
AT3G51020	4	0	0	0	3	0
AT3G51030	33	34	28	39	42	42
AT3G51040	459	408	389	377	437	367
AT3G51050	1631	1504	1400	1548	1881	1832
AT3G51060	24	18	9	8	12	12
AT3G51070	303	237	242	219	245	260
AT3G51075	361	270	265	251	275	303
AT3G51080	197	182	146	163	128	105
AT3G51090	121	118	83	126	124	102
AT3G51100	553	497	426	490	586	477
AT3G51110	363	315	367	258	294	342
AT3G51120	1073	1063	1014	880	1161	1090
AT3G51130	824	733	639	722	939	819
AT3G51140	1492	1489	1432	1437	1677	1325
AT3G51150	1286	1127	1430	1081	1307	1284
AT3G51160	3194	2582	2607	3200	3854	3908
AT3G51171	0	1	2	0	2	0
AT3G51180	132	121	100	112	130	160
AT3G51190	1	0	0	0	0	1
AT3G51220	35	27	24	23	13	25
AT3G51230	43	29	26	22	38	38
AT3G51238	209	173	89	324	808	553
AT3G51240	214	177	91	330	832	561
AT3G51250	1089	815	807	807	869	1019
AT3G51260	2071	1900	1911	2253	2452	2033
AT3G51270	1186	1096	997	1087	1140	1038
AT3G51280	173	143	122	117	143	158
AT3G51290	226	154	142	152	157	160
AT3G51300	31	20	22	22	20	22
AT3G51310	1825	1624	1491	1519	1799	1734
AT3G51320	159	118	154	146	182	122
AT3G51325	2	3	4	17	3	4
AT3G51330	647	447	465	474	1002	574
AT3G51340	130	99	124	89	228	138
AT3G51350	31	28	24	51	72	39
AT3G51360	0	2	0	5	0	3
AT3G51370	3523	2863	3006	2520	3797	3254
AT3G51375	2	1	0	0	0	1
AT3G51380	4	7	1	7	8	5
AT3G51390	517	487	557	508	545	487
AT3G51400	81	67	115	82	113	88
AT3G51410	0	0	0	0	1	1
AT3G51420	2009	1703	1988	1518	2050	1818
AT3G51430	1525	1274	1100	1675	1826	1952
AT3G51440	372	299	252	337	356	395
AT3G51450	3153	2631	1955	2659	3620	4143
AT3G51460	1263	1091	1074	1148	1426	1327
AT3G51470	115	92	110	116	106	101
AT3G51480	175	137	122	144	200	171
AT3G51490	20	10	13	11	12	26
AT3G51500	381	303	307	335	331	323
AT3G51510	3074	2841	3007	2490	2427	2607
AT3G51520	792	847	759	754	824	705
AT3G51530	194	173	132	140	171	131
AT3G51540	9	11	4	4	14	19
AT3G51550	12038	10248	10925	9450	12421	13088
AT3G51560	1	0	0	3	2	1
AT3G51570	0	0	0	0	0	1
AT3G51580	804	685	720	633	869	780
AT3G51600	5655	6858	6578	7006	6173	5503
AT3G51610	832	820	746	757	740	703
AT3G51620	919	814	775	764	999	875
AT3G51630	1288	1058	929	1046	1380	1289
AT3G51632	1270	1049	916	1038	1368	1286
AT3G51640	743	637	730	580	813	758
AT3G51642	0	0	2	0	0	0
AT3G51650	591	520	502	398	577	527
AT3G51660	1690	1380	1304	1541	1100	1982
AT3G51670	1444	1197	981	1415	1492	1783
AT3G51680	6	5	1	5	3	6
AT3G51690	0	0	0	1	0	0
AT3G51710	93	66	52	100	109	95
AT3G51720	213	140	130	152	207	262
AT3G51730	4295	4070	3578	3454	3548	3537
AT3G51740	403	313	274	235	351	405
AT3G51750	115	87	84	91	139	128
AT3G51760	98	81	103	72	71	81
AT3G51770	1043	984	894	811	1036	1010
AT3G51780	578	457	511	520	713	610
AT3G51790	287	233	230	365	398	339
AT3G51800	2754	2368	2305	2736	3201	2417
AT3G51810	0	2	0	1	3	1
AT3G51820	4777	4115	4432	3881	4460	3887
AT3G51830	1421	1154	1027	1069	1307	1335
AT3G51840	6864	5711	4861	3810	3041	4716
AT3G51850	1862	1449	1471	1311	1524	1712
AT3G51860	4293	3975	3904	1170	835	914
AT3G51870	684	677	613	547	664	557
AT3G51880	2169	1666	1631	1615	1674	1914
AT3G51890	905	776	692	866	1232	914
AT3G51895	751	675	417	543	248	723
AT3G51910	63	50	51	43	87	69
AT3G51915	2	2	1	2	6	1
AT3G51920	6597	5626	4429	5676	5298	5924
AT3G51930	75	62	41	41	39	54
AT3G51940	161	134	120	120	143	112
AT3G51950	4507	4020	3995	3263	3836	4155
AT3G51960	292	223	202	200	165	286
AT3G51970	527	448	405	438	572	607
AT3G51980	574	506	513	615	751	646
AT3G51990	254	186	208	205	180	250
AT3G52000	0	0	1	0	2	0
AT3G52010	0	1	0	0	1	0
AT3G52030	622	528	409	495	521	557
AT3G52040	304	206	189	315	382	251
AT3G52050	558	498	520	508	625	491
AT3G52060	2344	1885	1589	1405	1508	1554
AT3G52070	314	303	314	185	176	197
AT3G52072	382	367	357	240	216	231
AT3G52080	1	0	0	1	2	1
AT3G52090	926	779	746	823	930	902
AT3G52100	485	352	341	381	454	435
AT3G52105	357	335	244	255	277	246
AT3G52110	327	249	265	213	255	299
AT3G52115	54	52	61	31	42	54
AT3G52120	2088	1730	1685	1526	1900	1826
AT3G52130	2	3	0	2	1	4
AT3G52140	3510	3144	3026	3361	4624	3435
AT3G52150	5635	5243	5967	4621	4886	4685
AT3G52155	1024	874	958	854	924	851
AT3G52160	23	12	15	15	11	6
AT3G52170	421	386	316	345	444	341
AT3G52180	3274	2903	3655	5214	8464	6362
AT3G52190	326	293	298	366	452	415
AT3G52200	1652	1454	1459	1346	1652	1618
AT3G52210	361	270	263	280	327	256
AT3G52220	1242	979	912	933	1034	1071
AT3G52230	2888	2186	1940	1916	2047	2027
AT3G52240	1503	1241	1255	1113	1394	1281
AT3G52250	1964	1684	1705	1454	2035	1728
AT3G52260	349	327	278	250	373	287
AT3G52270	1	5	2	10	2	1
AT3G52280	571	421	431	527	534	622
AT3G52290	374	330	384	265	331	285
AT3G52300	3881	3626	3459	3737	4018	3776
AT3G52310	63	48	50	23	35	55
AT3G52340	777	715	524	1050	1046	949
AT3G52350	1	0	1	0	0	1
AT3G52360	212	146	135	148	194	168
AT3G52370	487	372	253	339	295	367
AT3G52380	5363	4436	5369	4749	5227	4861
AT3G52390	148	141	123	132	197	132
AT3G52400	17675	16704	15286	18745	22063	20270
AT3G52420	189	159	152	162	188	182
AT3G52430	2588	2343	1855	2813	4266	2891
AT3G52440	0	1	3	0	0	0
AT3G52450	940	776	928	842	1109	919
AT3G52460	23	14	16	36	46	37
AT3G52470	1492	1307	1141	1657	2507	1901
AT3G52480	158	174	127	159	153	147
AT3G52490	104	95	109	101	203	120
AT3G52500	3798	3099	4588	3123	3887	4466
AT3G52510	1	2	1	0	1	1
AT3G52520	610	515	424	450	636	518
AT3G52525	15	14	10	11	20	16
AT3G52530	38	25	17	15	49	35
AT3G52535	206	203	220	185	181	181
AT3G52540	59	56	36	58	45	39
AT3G52550	51	28	19	29	25	16
AT3G52560	2294	2079	2015	2202	2271	2058
AT3G52561	1	0	3	0	0	0
AT3G52570	263	201	198	230	244	244
AT3G52580	983	1062	853	1058	1170	843
AT3G52590	5408	5600	5039	6031	6272	4488
AT3G52600	0	0	0	0	1	0
AT3G52605	241	212	195	149	217	260
AT3G52610	576	535	514	517	591	609
AT3G52620	0	3	0	1	1	3
AT3G52630	99	96	74	95	114	77
AT3G52640	1300	1200	1274	1167	1461	1297
AT3G52660	735	613	524	526	705	658
AT3G52670	48	46	61	35	59	34
AT3G52680	116	110	86	95	94	86
AT3G52700	1606	1299	1256	1312	1718	1712
AT3G52710	1599	1290	1252	1307	1714	1709
AT3G52720	471	373	271	295	183	354
AT3G52730	1929	1588	1425	2000	2097	1665
AT3G52740	133	147	70	96	93	122
AT3G52742	2	1	2	0	0	3
AT3G52748	85	72	36	46	45	50
AT3G52750	1551	1232	1470	1106	1527	1320
AT3G52760	319	368	359	391	358	354
AT3G52770	27	28	29	40	34	23
AT3G52780	1	4	0	7	14	12
AT3G52790	0	1	0	3	0	2
AT3G52800	11369	11052	10370	13990	16694	14877
AT3G52810	0	0	2	0	0	3
AT3G52820	9	8	10	26	25	55
AT3G52830	1	0	0	0	0	1
AT3G52840	4210	3680	3937	3341	2949	3776
AT3G52850	4981	4191	3650	3888	4031	4698
AT3G52860	244	231	244	274	268	182
AT3G52870	1955	1481	1766	2015	2784	2318
AT3G52880	9359	8512	7501	8195	8347	9012
AT3G52890	1017	845	705	725	825	890
AT3G52900	100	65	87	81	95	108
AT3G52905	172	132	146	152	166	130
AT3G52910	140	153	89	101	119	112
AT3G52920	883	543	475	542	635	826
AT3G52930	6098	6109	5806	7046	7810	6662
AT3G52940	424	347	396	312	395	347
AT3G52950	582	480	507	508	639	615
AT3G52960	4217	3630	3643	3581	4114	4235
AT3G52970	0	0	0	0	2	3
AT3G52990	4183	3838	4462	4173	6002	4621
AT3G53000	569	515	511	424	597	512
AT3G53010	45	39	44	43	35	66
AT3G53020	3952	3942	3465	4227	4568	3244
AT3G53030	622	534	544	512	504	551
AT3G53040	0	0	0	3	0	2
AT3G53065	0	0	0	1	1	0
AT3G53080	0	0	0	0	0	1
AT3G53090	736	663	587	584	778	714
AT3G53100	357	310	253	369	378	402
AT3G53110	2046	1683	1690	1758	2051	2034
AT3G53120	462	382	323	379	501	390
AT3G53130	1168	1026	1117	879	1192	1089
AT3G53140	38	50	47	29	41	43
AT3G53150	25	27	17	31	35	19
AT3G53160	33	43	33	29	49	44
AT3G53170	103	110	150	91	126	87
AT3G53180	2796	2454	2272	1975	2662	1943
AT3G53190	714	539	446	503	598	625
AT3G53200	0	0	0	1	0	0
AT3G53210	128	124	142	100	142	144
AT3G53220	34	30	28	47	75	56
AT3G53230	146	133	100	251	325	232
AT3G53232	17	22	22	22	24	24
AT3G53235	39	42	17	29	28	29
AT3G53240	457	409	334	297	359	375
AT3G53250	23	14	13	23	25	11
AT3G53260	4468	4116	2885	4494	5345	4906
AT3G53270	620	568	517	623	860	569
AT3G53280	1863	1640	1470	1323	1470	1445
AT3G53300	1	0	2	0	1	0
AT3G53310	282	222	230	211	268	260
AT3G53320	188	184	139	149	174	138
AT3G53340	322	319	279	298	352	319
AT3G53350	158	145	122	117	145	158
AT3G53360	93	85	78	76	149	99
AT3G53365	27	12	25	21	40	11
AT3G53370	168	129	155	177	193	161
AT3G53380	171	147	136	152	164	169
AT3G53390	725	581	617	621	827	713
AT3G53400	830	756	736	809	1199	946
AT3G53402	830	756	736	809	1199	946
AT3G53410	351	288	307	257	276	305
AT3G53420	20233	18391	15219	13024	7892	16001
AT3G53430	4198	4067	3843	4680	4759	3806
AT3G53440	128	94	118	87	137	126
AT3G53450	7	5	6	4	7	8
AT3G53460	20661	16969	28922	20323	26058	24572
AT3G53470	1050	931	918	738	673	698
AT3G53480	35	48	29	33	46	62
AT3G53490	215	163	160	162	188	176
AT3G53500	1769	1840	1666	1799	1880	1783
AT3G53510	168	159	200	160	254	145
AT3G53520	1302	1163	1191	1186	1389	1265
AT3G53530	246	249	275	308	209	274
AT3G53540	981	821	815	799	863	846
AT3G53550	2	0	1	0	1	0
AT3G53560	1317	1079	1182	1283	1636	1415
AT3G53570	712	581	540	631	697	736
AT3G53580	2335	2210	2028	2136	2388	2096
AT3G53590	6	3	1	3	2	2
AT3G53600	38	32	15	24	44	45
AT3G53610	1198	974	937	1136	1197	1116
AT3G53611	0	0	0	0	0	3
AT3G53620	681	638	497	646	578	667
AT3G53630	717	611	590	853	1103	775
AT3G53640	0	0	0	1	0	0
AT3G53650	99	74	64	94	77	86
AT3G53668	1191	1251	1101	1265	1864	1181
AT3G53670	1191	1254	1107	1270	1869	1183
AT3G53680	397	385	303	305	312	405
AT3G53690	32	27	25	46	48	44
AT3G53700	636	505	569	441	494	581
AT3G53710	1766	1369	1430	1352	1639	1624
AT3G53720	381	333	277	319	325	361
AT3G53730	819	789	657	683	653	749
AT3G53740	3666	3460	2925	3505	3407	2798
AT3G53750	788	727	690	676	650	661
AT3G53760	151	142	161	148	329	181
AT3G53780	520	432	405	462	708	489
AT3G53790	2	3	1	1	2	0
AT3G53800	2408	2231	2615	1747	1628	1876
AT3G53810	1200	965	848	1027	1135	1275
AT3G53820	0	0	0	0	0	1
AT3G53830	425	358	204	330	274	308
AT3G53840	19	6	16	12	16	17
AT3G53850	204	187	202	166	232	163
AT3G53860	63	57	57	72	73	66
AT3G53870	6087	5582	4772	5819	6467	5171
AT3G53880	173	153	112	183	225	189
AT3G53890	2003	2188	1957	2439	2401	1575
AT3G53900	693	650	592	581	695	622
AT3G53920	1259	1034	1079	797	1224	1139
AT3G53930	415	387	352	372	543	419
AT3G53940	84	84	76	142	196	114
AT3G53950	271	319	350	235	286	216
AT3G53960	948	892	942	710	1086	840
AT3G53970	873	846	744	861	987	916
AT3G53980	13	16	6	78	64	89
AT3G53990	7329	6412	6218	6326	5399	6870
AT3G54000	597	476	415	534	590	780
AT3G54010	1705	1238	1201	1318	1626	1693
AT3G54020	2040	1863	1824	1832	2178	2261
AT3G54030	993	846	741	743	644	804
AT3G54040	23	15	19	34	44	35
AT3G54050	17281	15898	16687	13062	15260	14677
AT3G54060	14	10	15	6	7	10
AT3G54070	0	4	2	0	3	5
AT3G54080	641	510	497	585	712	605
AT3G54085	265	237	212	261	281	242
AT3G54090	826	707	848	900	1112	799
AT3G54100	857	737	813	785	1164	981
AT3G54110	1567	1324	1368	1645	2050	1655
AT3G54120	121	118	119	149	149	102
AT3G54130	242	259	250	263	277	263
AT3G54140	1215	1174	1104	1038	1141	1138
AT3G54150	681	650	659	1057	1554	826
AT3G54160	33	39	35	41	59	48
AT3G54170	563	428	475	492	527	544
AT3G54180	90	95	74	71	74	115
AT3G54190	1302	1187	1192	1159	1309	1306
AT3G54200	1172	1230	1083	1258	1461	1491
AT3G54210	9999	8935	9877	8092	8733	8493
AT3G54220	738	636	579	498	682	663
AT3G54230	1618	1258	1280	1216	1637	1455
AT3G54240	0	1	1	0	1	1
AT3G54250	201	167	210	168	190	172
AT3G54260	192	160	208	259	272	244
AT3G54270	46	34	43	60	77	41
AT3G54280	1644	1480	1382	1304	1759	1507
AT3G54290	504	445	419	390	469	506
AT3G54300	1021	852	862	895	994	932
AT3G54310	1	5	0	0	0	0
AT3G54320	245	205	191	227	243	298
AT3G54340	3	6	2	2	6	4
AT3G54350	1076	987	909	872	1136	888
AT3G54360	3477	3298	3249	2827	2819	2963
AT3G54363	49	63	65	52	47	38
AT3G54366	1201	1066	1098	932	1034	985
AT3G54380	443	375	400	383	405	329
AT3G54390	147	130	100	147	140	173
AT3G54400	1434	1332	792	1094	609	1153
AT3G54410	0	0	1	1	1	0
AT3G54420	201	185	154	266	258	182
AT3G54430	142	114	125	104	156	131
AT3G54440	2565	2058	2094	1835	2550	2483
AT3G54450	2	0	1	1	2	0
AT3G54460	2251	1783	1647	1562	1508	1848
AT3G54470	1499	1156	977	1100	1253	1148
AT3G54480	747	776	711	771	881	662
AT3G54490	6	2	2	0	0	0
AT3G54500	4688	4058	2011	2474	844	2402
AT3G54510	22	27	8	14	7	17
AT3G54520	0	0	0	5	2	0
AT3G54530	0	0	0	0	2	0
AT3G54540	2403	2019	1998	2010	2262	2128
AT3G54550	1	0	1	0	0	0
AT3G54560	393	416	373	375	389	375
AT3G54570	0	2	3	0	0	0
AT3G54580	0	1	0	0	0	0
AT3G54600	1644	1556	1631	1456	1567	1540
AT3G54610	360	269	275	284	353	308
AT3G54620	2076	1864	1896	1897	2150	1974
AT3G54625	88	82	68	78	74	102
AT3G54630	88	79	64	78	70	100
AT3G54640	4985	4259	2932	4404	4110	4279
AT3G54650	634	566	570	532	779	497
AT3G54660	6185	5229	4534	4301	4518	4966
AT3G54670	1200	927	916	773	1005	1107
AT3G54680	266	181	120	225	280	210
AT3G54690	1034	990	1020	830	812	964
AT3G54700	0	0	0	2	0	0
AT3G54710	71	61	52	36	49	59
AT3G54720	821	652	529	418	322	396
AT3G54730	8	4	7	1	4	0
AT3G54740	386	279	206	234	289	288
AT3G54750	481	437	345	281	376	380
AT3G54760	1593	1370	1296	1389	1802	1707
AT3G54770	1	1	0	3	1	2
AT3G54780	48	54	57	58	95	76
AT3G54790	1135	886	988	823	1130	1065
AT3G54800	0	0	0	0	1	0
AT3G54810	9117	7391	6736	8612	12820	10567
AT3G54820	219	209	155	190	150	188
AT3G54826	572	489	507	559	632	564
AT3G54830	516	568	557	455	490	480
AT3G54840	1166	1224	1128	1063	1211	1025
AT3G54850	723	569	582	586	774	630
AT3G54860	905	818	858	738	897	942
AT3G54870	14	7	4	11	24	14
AT3G54880	681	604	506	482	479	479
AT3G54890	204826	182013	162373	133673	82453	147068
AT3G54900	3637	2725	2680	2499	2053	2813
AT3G54910	234	244	207	249	282	280
AT3G54920	3038	2540	2805	2159	2223	3056
AT3G54930	161	111	113	144	147	103
AT3G54950	363	397	309	439	451	418
AT3G54960	850	756	715	1070	1470	1015
AT3G54970	208	162	152	183	233	183
AT3G54980	223	166	181	198	281	215
AT3G54990	20	17	22	25	34	28
AT3G55000	505	415	408	485	559	466
AT3G55005	539	389	437	424	427	410
AT3G55010	688	552	512	684	826	610
AT3G55020	2195	1893	1902	1761	2224	2136
AT3G55030	546	504	480	411	483	405
AT3G55040	2052	1896	1921	1961	2537	2084
AT3G55050	1269	1014	1057	1025	1465	1282
AT3G55060	109	103	71	70	145	132
AT3G55070	824	733	731	701	629	746
AT3G55080	600	537	496	464	591	489
AT3G55090	47	43	58	40	48	32
AT3G55100	2	2	0	5	1	5
AT3G55110	128	82	52	94	89	89
AT3G55120	204	161	114	262	606	366
AT3G55130	1767	1523	1160	1257	1292	1396
AT3G55140	678	606	582	579	505	592
AT3G55150	3	2	1	2	9	4
AT3G55160	501	478	436	426	763	525
AT3G55170	502	541	441	518	528	362
AT3G55200	1151	939	957	843	1367	1053
AT3G55210	2	9	2	5	1	2
AT3G55220	1144	971	963	1124	1088	1051
AT3G55230	20	11	10	10	0	1
AT3G55240	1687	1281	1067	984	384	1263
AT3G55250	2216	1976	1941	1707	1761	1763
AT3G55260	1539	1274	1407	1164	1537	1371
AT3G55270	2239	1837	1601	1755	2348	2339
AT3G55280	1548	1506	1289	1564	1685	1215
AT3G55290	339	247	151	152	125	277
AT3G55310	66	34	32	20	24	52
AT3G55320	815	696	745	741	938	867
AT3G55330	2447	2490	2870	2081	2720	2117
AT3G55340	248	177	169	246	360	230
AT3G55350	238	223	243	203	198	246
AT3G55360	1759	1659	1571	1496	1658	1512
AT3G55370	98	81	67	117	154	113
AT3G55380	447	474	406	472	436	389
AT3G55390	127	125	158	147	193	157
AT3G55400	2259	1838	1934	1624	2129	1828
AT3G55410	5077	4564	4542	4780	6320	5899
AT3G55420	302	253	244	222	260	269
AT3G55430	9467	8777	8313	9653	10093	13440
AT3G55440	13075	12574	12889	12762	14308	13072
AT3G55450	1340	1137	1593	1336	2189	1567
AT3G55460	1948	1782	1710	1707	1974	1742
AT3G55470	532	521	454	749	870	579
AT3G55480	1165	1054	1008	939	1012	1103
AT3G55485	0	2	1	1	7	2
AT3G55490	160	151	143	135	170	161
AT3G55500	171	172	320	125	241	243
AT3G55510	386	339	353	474	678	453
AT3G55515	10	10	4	3	1	4
AT3G55520	1003	844	812	750	790	749
AT3G55530	413	440	360	388	429	377
AT3G55540	1	0	0	0	4	1
AT3G55550	0	0	0	0	1	0
AT3G55560	515	381	410	384	435	379
AT3G55580	134	133	79	110	39	117
AT3G55590	0	0	1	0	0	0
AT3G55600	275	255	202	278	288	270
AT3G55605	136	137	127	210	278	168
AT3G55610	4846	4325	3866	4943	3838	5815
AT3G55620	1516	1475	1403	1903	2228	1594
AT3G55630	1042	895	1339	832	1732	965
AT3G55640	302	248	252	307	358	309
AT3G55646	312	247	268	268	387	281
AT3G55650	2	1	2	2	3	3
AT3G55660	121	105	108	61	90	137
AT3G55690	107	70	69	77	91	98
AT3G55700	15	5	10	17	19	19
AT3G55710	121	98	86	102	112	131
AT3G55720	7	7	9	10	4	9
AT3G55730	90	79	68	110	114	96
AT3G55734	2	1	0	0	1	2
AT3G55740	447	423	356	419	511	345
AT3G55750	2709	2032	1853	2199	2421	2163
AT3G55760	1640	1331	1543	1430	1646	2053
AT3G55770	3245	3409	3026	2933	2894	2972
AT3G55780	3	0	2	3	1	1
AT3G55790	0	0	0	1	0	0
AT3G55800	16995	14767	14527	11108	13622	13379
AT3G55810	0	0	0	0	1	0
AT3G55820	72	47	53	29	48	58
AT3G55830	1574	1350	1363	1411	1881	1556
AT3G55840	2306	2015	1755	1952	2340	2313
AT3G55850	848	655	650	624	811	834
AT3G55860	0	1	0	0	0	0
AT3G55880	2236	1838	1457	1662	1937	2035
AT3G55890	47	42	36	60	64	72
AT3G55900	19	20	15	18	24	29
AT3G55910	15	27	24	35	25	32
AT3G55920	503	386	393	380	397	448
AT3G55930	0	0	0	1	0	0
AT3G55940	128	130	92	125	158	162
AT3G55950	1281	970	833	1374	2320	1455
AT3G55960	1954	1813	1406	1956	2146	1944
AT3G55970	989	746	332	674	166	1219
AT3G55980	42837	37890	37166	41588	52277	46286
AT3G55990	68	48	56	52	76	85
AT3G56000	149	96	133	81	129	104
AT3G56010	2157	1732	2077	1588	1863	1777
AT3G56020	603	950	795	849	844	461
AT3G56030	100	86	71	85	174	134
AT3G56040	3045	2528	2563	2014	2445	2373
AT3G56050	7635	6427	6181	5599	7227	7599
AT3G56060	1533	1285	1821	1362	1565	1685
AT3G56070	792	712	583	853	880	570
AT3G56080	753	651	399	468	512	658
AT3G56085	0	1	0	0	0	0
AT3G56090	1038	1062	1047	1449	1231	1065
AT3G56100	63	35	41	39	75	62
AT3G56110	567	658	676	626	669	746
AT3G56120	389	362	354	399	434	350
AT3G56130	1363	1185	1143	1014	961	1116
AT3G56140	2000	1634	1694	1213	1468	1693
AT3G56150	5924	5000	4934	4960	5917	5376
AT3G56160	1064	891	973	831	986	900
AT3G56170	585	423	426	434	448	487
AT3G56180	0	0	0	1	0	0
AT3G56190	4744	4120	3944	3841	4270	4372
AT3G56200	2534	2224	1365	3072	3249	3119
AT3G56210	825	734	530	710	798	653
AT3G56220	39	37	18	19	25	26
AT3G56230	2	3	4	2	2	6
AT3G56240	2719	2787	2625	2927	3433	2934
AT3G56250	20	17	22	29	33	28
AT3G56260	86	78	71	104	87	90
AT3G56270	187	190	150	162	219	175
AT3G56290	667	589	293	370	178	303
AT3G56300	59	54	51	46	29	58
AT3G56310	3121	2695	2260	2326	2561	2742
AT3G56320	198	181	126	187	207	202
AT3G56330	212	136	170	199	243	160
AT3G56340	2596	2720	2331	2866	2787	2252
AT3G56350	0	0	0	1	2	0
AT3G56360	8710	7819	7599	4979	7582	7909
AT3G56370	916	808	780	721	1001	888
AT3G56380	4	0	1	0	0	0
AT3G56400	7548	6881	9866	9060	15083	9493
AT3G56408	3918	2972	3086	3378	5960	4742
AT3G56410	3885	2952	3061	3334	5916	4715
AT3G56420	0	2	1	0	4	4
AT3G56430	367	291	299	349	447	332
AT3G56440	177	180	160	180	214	151
AT3G56450	233	198	203	223	268	225
AT3G56460	2433	2187	2165	2147	2519	2421
AT3G56470	111	105	116	100	175	125
AT3G56480	590	443	512	534	1170	672
AT3G56490	1104	1099	935	1242	1443	964
AT3G56500	12	11	5	9	13	7
AT3G56510	578	511	457	541	560	523
AT3G56540	8	2	5	5	4	2
AT3G56550	25	29	22	34	56	41
AT3G56570	58	54	34	81	101	62
AT3G56580	565	443	482	436	597	547
AT3G56590	1205	993	960	849	1116	1097
AT3G56600	9	9	8	12	4	4
AT3G56620	96	85	102	149	186	109
AT3G56630	671	548	627	478	656	626
AT3G56640	222	239	223	205	277	248
AT3G56650	1732	1497	1771	1252	1309	1272
AT3G56660	11	13	10	9	3	8
AT3G56680	2430	1970	2174	1684	2130	1725
AT3G56690	519	493	432	459	670	551
AT3G56700	13	7	6	6	17	2
AT3G56705	4	5	5	2	6	5
AT3G56710	3567	3269	3852	4068	5646	3805
AT3G56720	1571	1179	1376	1289	1476	1558
AT3G56730	19	16	6	10	21	13
AT3G56740	502	499	429	511	586	566
AT3G56750	892	712	768	682	804	715
AT3G56760	394	349	344	347	552	410
AT3G56770	10	9	22	21	16	21
AT3G56780	6	5	8	8	6	9
AT3G56790	132	88	89	75	103	60
AT3G56800	9213	8526	8051	8630	11547	8193
AT3G56810	152	143	141	132	146	162
AT3G56820	196	184	177	154	189	149
AT3G56825	15	14	10	15	17	7
AT3G56830	152	150	144	104	134	139
AT3G56840	295	271	292	273	356	271
AT3G56850	619	512	500	524	616	590
AT3G56860	2016	1794	1840	1762	2162	2015
AT3G56870	93	84	106	83	151	93
AT3G56880	13740	11889	13198	11794	13419	13091
AT3G56890	1	4	4	7	5	8
AT3G56891	2	2	2	12	30	18
AT3G56900	228	195	153	281	256	218
AT3G56910	6762	6913	6887	5966	5949	5563
AT3G56920	0	2	0	1	2	0
AT3G56930	334	290	303	247	332	328
AT3G56940	57142	48544	38465	36801	19163	35891
AT3G56950	499	443	447	684	843	638
AT3G56960	216	170	169	182	275	197
AT3G56970	8	14	10	7	15	4
AT3G56980	10	6	13	1	5	0
AT3G56990	474	344	326	461	680	459
AT3G57000	489	430	363	491	637	451
AT3G57010	61	40	39	22	3	23
AT3G57020	494	373	223	198	94	261
AT3G57030	970	902	671	671	544	680
AT3G57040	572	472	328	310	232	315
AT3G57050	2698	2348	2136	2116	2376	2135
AT3G57060	267	256	230	211	297	266
AT3G57062	589	605	645	695	712	643
AT3G57070	1000	780	735	660	676	827
AT3G57072	1	0	3	1	2	0
AT3G57080	373	325	296	281	350	315
AT3G57090	1447	1330	1280	1356	1504	1313
AT3G57100	3	3	4	3	4	6
AT3G57110	11	5	8	7	3	3
AT3G57120	585	526	490	454	602	697
AT3G57130	32	15	5	18	10	15
AT3G57140	209	205	186	174	230	210
AT3G57150	1858	1514	1322	1600	2054	1507
AT3G57157	33	25	32	35	38	42
AT3G57160	28	13	38	29	58	64
AT3G57170	918	807	858	768	796	787
AT3G57180	482	409	408	349	444	418
AT3G57190	490	458	548	471	682	490
AT3G57200	26	44	32	39	34	18
AT3G57210	9	14	6	13	15	2
AT3G57220	425	392	505	421	553	435
AT3G57230	804	706	696	761	909	728
AT3G57240	781	673	1082	1249	1997	1241
AT3G57260	12079	10287	8492	16197	16713	21131
AT3G57270	53	29	30	26	38	26
AT3G57280	1681	1551	1657	1830	2315	1664
AT3G57290	2643	2429	2246	2442	2651	2331
AT3G57300	2563	2086	1981	1529	2074	2455
AT3G57310	0	0	1	1	0	0
AT3G57320	279	309	263	276	284	260
AT3G57330	6005	5194	5444	4793	7464	5554
AT3G57340	1268	1164	1071	1100	1234	1137
AT3G57350	377	349	354	439	505	371
AT3G57360	49	52	45	76	90	56
AT3G57370	2	0	0	0	2	0
AT3G57380	12	10	10	10	18	37
AT3G57390	329	188	210	253	269	241
AT3G57400	1938	1756	1343	1392	1356	1373
AT3G57410	5172	4210	4531	3979	4636	4874
AT3G57420	643	539	598	544	789	590
AT3G57430	317	288	373	287	492	377
AT3G57440	15	13	9	7	10	10
AT3G57450	6909	7700	7476	10755	14369	7489
AT3G57460	273	205	193	338	638	320
AT3G57470	2269	1814	1698	1465	2072	2001
AT3G57480	312	282	276	253	353	266
AT3G57490	341	333	315	447	595	332
AT3G57500	20	35	8	19	18	8
AT3G57510	6	0	2	0	0	3
AT3G57520	6034	5465	5465	4657	5944	5367
AT3G57530	14845	11362	11335	13390	17740	17132
AT3G57540	355	246	198	379	351	421
AT3G57550	2484	1860	1699	2071	2657	2104
AT3G57560	849	808	865	804	874	862
AT3G57570	637	506	494	613	820	724
AT3G57580	103	107	107	80	111	96
AT3G57590	141	120	115	113	107	134
AT3G57600	104	79	90	100	101	82
AT3G57610	2049	2203	2217	2294	2565	1922
AT3G57620	1	1	0	0	0	0
AT3G57630	759	620	557	778	1675	949
AT3G57640	656	570	568	627	842	626
AT3G57645	17	14	26	26	20	21
AT3G57650	1487	1273	1193	1211	1409	1512
AT3G57660	871	727	649	880	1385	905
AT3G57670	23	27	12	34	21	23
AT3G57680	136	133	92	82	125	135
AT3G57690	0	2	0	3	1	1
AT3G57700	90	87	100	103	183	110
AT3G57710	400	314	351	335	547	416
AT3G57720	109	79	97	75	91	86
AT3G57730	312	315	300	318	417	342
AT3G57740	61	51	51	37	65	60
AT3G57750	592	468	435	406	504	514
AT3G57760	393	313	331	295	401	347
AT3G57765	52	54	67	33	42	38
AT3G57770	129	121	140	70	112	96
AT3G57780	665	502	463	505	458	553
AT3G57785	630	681	734	746	828	665
AT3G57790	417	402	435	406	394	383
AT3G57800	1029	1008	1204	920	1100	1072
AT3G57810	416	393	348	412	412	399
AT3G57830	130	101	88	98	120	99
AT3G57860	79	60	51	68	77	96
AT3G57870	3304	2841	2602	2610	2561	2687
AT3G57880	1581	1415	1248	1363	1927	1643
AT3G57890	2108	1691	1703	1581	1889	2053
AT3G57900	0	1	0	0	0	0
AT3G57910	143	93	102	103	125	110
AT3G57920	30	45	23	25	15	24
AT3G57930	2249	1902	1904	1759	2448	2368
AT3G57940	289	237	225	367	593	294
AT3G57950	25	23	10	31	60	31
AT3G57960	0	1	0	0	0	0
AT3G57965	343	284	349	268	352	317
AT3G57970	251	221	233	196	270	244
AT3G57980	284	239	265	187	302	332
AT3G57990	1206	1080	1233	1078	1505	1176
AT3G58000	34	33	27	55	30	27
AT3G58010	1086	992	1147	921	1091	915
AT3G58020	376	285	279	242	284	241
AT3G58030	1373	986	998	1013	1205	1152
AT3G58040	659	546	534	556	611	557
AT3G58050	1299	1093	1087	1051	1324	1189
AT3G58060	1	0	0	0	1	4
AT3G58070	24	14	16	3	7	6
AT3G58090	208	141	153	144	144	171
AT3G58100	84	73	84	94	76	102
AT3G58110	1188	880	970	874	1204	1128
AT3G58120	1538	1256	1339	955	667	1221
AT3G58130	237	232	241	230	251	193
AT3G58140	3367	2833	2916	2464	2910	2731
AT3G58150	13	8	12	37	16	8
AT3G58160	372	328	322	278	442	346
AT3G58165	0	1	0	0	0	1
AT3G58170	936	904	820	872	902	798
AT3G58180	404	366	360	479	563	397
AT3G58193	0	0	0	1	0	1
AT3G58196	0	0	1	1	0	0
AT3G58200	56	76	70	72	89	60
AT3G58220	509	369	380	410	461	450
AT3G58270	191	195	162	270	240	210
AT3G58290	2	0	0	0	0	0
AT3G58320	0	0	0	0	1	0
AT3G58330	0	0	0	1	0	1
AT3G58350	27	22	10	48	45	49
AT3G58380	12	14	16	8	27	10
AT3G58420	2	0	0	0	0	1
AT3G58430	140	114	76	102	115	89
AT3G58450	0	1	0	2	0	0
AT3G58460	1065	1000	1033	1063	1208	1017
AT3G58470	386	374	372	441	390	324
AT3G58480	4	9	4	2	8	4
AT3G58490	2019	1964	1659	1767	1648	1700
AT3G58500	3629	3425	3044	3056	3553	3189
AT3G58510	1363	1300	1284	1217	1583	1381
AT3G58520	99	58	92	106	157	115
AT3G58530	530	487	497	450	554	539
AT3G58540	3	15	8	8	13	8
AT3G58550	11	3	4	17	4	13
AT3G58560	2048	1864	1758	1796	2315	1832
AT3G58570	1108	964	1459	1252	1768	1613
AT3G58580	891	781	749	817	949	863
AT3G58590	103	63	90	92	169	98
AT3G58600	822	709	668	765	910	803
AT3G58610	9803	8907	9118	9245	10264	8976
AT3G58620	522	427	512	362	312	517
AT3G58630	193	207	199	230	208	220
AT3G58640	2422	2027	1898	1962	2619	2239
AT3G58650	136	112	131	69	128	155
AT3G58660	687	539	527	678	882	631
AT3G58670	647	596	544	471	563	485
AT3G58680	3615	3446	4031	3834	4323	3582
AT3G58690	280	289	321	246	259	281
AT3G58700	1038	975	810	1062	1213	810
AT3G58710	383	369	260	336	334	313
AT3G58720	198	179	147	129	182	154
AT3G58730	5106	4335	4845	4617	5111	4877
AT3G58750	1739	1645	1631	1444	1401	1671
AT3G58760	943	701	744	854	1075	970
AT3G58770	18	28	16	19	19	22
AT3G58780	72	68	102	102	114	80
AT3G58790	1087	990	994	910	1237	1326
AT3G58795	96	86	88	80	109	135
AT3G58800	110	95	102	95	127	97
AT3G58810	44	24	33	38	44	27
AT3G58820	127	113	123	104	90	110
AT3G58830	742	629	659	670	954	690
AT3G58840	477	337	389	355	489	461
AT3G58850	198	149	138	116	85	151
AT3G58860	1	1	0	0	0	0
AT3G58900	280	295	290	291	306	231
AT3G58930	134	115	115	135	151	131
AT3G58940	200	176	161	153	198	169
AT3G58950	0	1	0	6	0	1
AT3G58970	928	868	833	829	987	783
AT3G58980	141	124	137	97	142	108
AT3G58990	1140	1043	992	856	931	1085
AT3G59000	180	134	139	106	159	156
AT3G59010	485	463	385	397	427	424
AT3G59020	3051	2679	2801	2647	3668	2921
AT3G59030	1	1	2	0	3	4
AT3G59040	1149	939	946	798	780	876
AT3G59050	1255	1099	982	1098	1278	1177
AT3G59052	1255	1099	982	1098	1278	1177
AT3G59060	6277	5333	4410	4639	3573	5734
AT3G59068	16	29	19	28	26	25
AT3G59070	13	28	16	30	30	25
AT3G59080	3322	2924	2934	2634	3307	3029
AT3G59090	1052	898	919	870	1247	919
AT3G59100	316	248	279	364	752	545
AT3G59110	1165	1008	1076	889	949	1161
AT3G59120	50	61	72	99	75	66
AT3G59140	240	210	227	296	537	451
AT3G59150	134	149	129	110	153	128
AT3G59160	0	0	0	0	1	0
AT3G59190	7	5	5	13	18	5
AT3G59200	20	16	11	27	16	12
AT3G59210	552	602	560	511	597	534
AT3G59220	14	20	23	43	37	47
AT3G59230	2	1	2	0	0	2
AT3G59250	21	17	33	15	7	17
AT3G59260	0	1	0	0	0	1
AT3G59270	21	21	16	38	17	18
AT3G59280	939	810	782	942	1260	1021
AT3G59290	950	782	831	744	998	994
AT3G59300	2084	1930	2032	1860	2479	2177
AT3G59310	2168	1918	2196	1957	2676	2343
AT3G59320	378	339	358	328	424	347
AT3G59330	245	228	241	187	307	268
AT3G59340	1	1	0	0	0	0
AT3G59350	6667	5975	11853	8512	15835	11336
AT3G59360	985	912	878	910	1101	996
AT3G59370	2	0	3	3	5	6
AT3G59380	822	671	596	620	724	670
AT3G59390	113	117	110	131	164	102
AT3G59400	5188	4441	2938	3140	1059	2986
AT3G59410	1243	1064	982	982	1297	1078
AT3G59420	329	285	295	217	258	252
AT3G59430	174	154	140	139	166	170
AT3G59440	7	5	6	9	9	14
AT3G59450	7	6	2	7	5	4
AT3G59460	0	1	0	1	0	1
AT3G59470	236	180	188	222	216	218
AT3G59480	16	23	21	16	12	10
AT3G59490	430	360	354	339	353	345
AT3G59500	729	710	711	736	820	811
AT3G59510	17	11	5	17	7	11
AT3G59520	192	173	156	171	214	186
AT3G59530	153	108	85	112	122	141
AT3G59540	1615	1870	1684	2075	2162	1265
AT3G59550	122	92	97	81	116	97
AT3G59570	277	260	245	247	498	317
AT3G59580	122	86	91	76	98	97
AT3G59600	977	799	808	901	919	793
AT3G59610	0	0	0	0	0	1
AT3G59620	21	16	1	5	3	5
AT3G59630	359	317	251	319	363	312
AT3G59640	282	226	234	251	298	264
AT3G59650	198	172	184	173	211	138
AT3G59660	1849	1500	1490	1707	2527	1893
AT3G59670	349	261	247	390	600	270
AT3G59680	55	49	52	45	64	55
AT3G59690	186	158	136	150	209	215
AT3G59695	155	130	113	131	179	177
AT3G59700	760	508	508	600	793	899
AT3G59710	50	46	35	40	15	17
AT3G59730	5	4	0	6	0	1
AT3G59740	10	5	4	8	8	5
AT3G59750	67	44	30	46	123	76
AT3G59760	1650	1438	1291	1540	1744	1487
AT3G59765	77	48	50	39	67	58
AT3G59770	2362	2097	2215	1926	2573	2504
AT3G59780	8319	7692	7923	6366	7466	7657
AT3G59790	4	4	1	1	2	7
AT3G59800	240	201	203	197	268	190
AT3G59810	488	411	388	571	598	511
AT3G59820	881	741	1158	1408	2258	1305
AT3G59830	11	3	4	6	1	7
AT3G59840	225	288	274	336	329	237
AT3G59850	1	4	4	1	0	5
AT3G59870	802	663	720	653	629	695
AT3G59880	164	137	124	143	160	154
AT3G59884	1	0	4	4	3	7
AT3G59890	197	178	143	158	180	158
AT3G59900	60	44	37	70	51	37
AT3G59910	1120	1057	1041	990	1154	996
AT3G59920	4067	3687	3609	3828	4456	4030
AT3G59930	23	30	26	30	10	43
AT3G59940	2582	2422	2315	1371	501	1932
AT3G59950	1101	974	970	1060	1168	1007
AT3G59960	1	0	0	0	0	0
AT3G59970	9313	8035	7628	6694	7179	7533
AT3G59980	1010	1013	1213	1089	1256	954
AT3G59990	2198	1884	1798	1887	2084	1960
AT3G60000	1	3	1	2	1	1
AT3G60010	3	0	0	2	2	3
AT3G60020	0	1	0	0	0	0
AT3G60030	2963	2629	2637	2140	2397	2734
AT3G60040	129	127	126	129	123	99
AT3G60050	186	118	158	121	170	172
AT3G60060	0	0	0	2	0	1
AT3G60070	186	168	139	150	203	159
AT3G60080	400	355	241	282	205	371
AT3G60090	0	0	0	0	0	1
AT3G60110	209	142	170	169	223	223
AT3G60120	110	65	16	102	22	121
AT3G60130	1759	1542	1858	1565	1623	2065
AT3G60140	61	48	38	59	65	216
AT3G60150	118	131	110	124	134	103
AT3G60160	277	231	205	482	745	503
AT3G60176	1	1	0	0	4	0
AT3G60180	476	400	392	508	611	554
AT3G60190	3130	3018	2940	2897	3685	3094
AT3G60200	274	249	241	260	235	281
AT3G60210	793	744	816	774	901	676
AT3G60220	91	59	57	50	66	34
AT3G60240	4409	3747	3550	3279	4496	4454
AT3G60245	6784	5444	4836	5854	5661	5073
AT3G60250	969	899	897	936	912	906
AT3G60260	704	658	630	669	965	590
AT3G60286	20	26	24	13	35	21
AT3G60290	598	519	453	408	374	543
AT3G60300	3348	2642	2501	2242	2014	2344
AT3G60310	223	190	221	170	236	201
AT3G60318	3	2	1	0	0	1
AT3G60320	4550	3753	5026	3124	3307	4633
AT3G60328	0	0	1	0	2	0
AT3G60330	34	29	16	43	58	34
AT3G60340	1543	1400	1295	1206	1131	1208
AT3G60350	1004	956	919	859	1059	972
AT3G60360	297	221	197	238	327	227
AT3G60370	719	680	790	647	612	524
AT3G60380	1151	924	1001	785	860	1076
AT3G60390	385	331	306	271	210	269
AT3G60400	180	188	176	173	219	193
AT3G60410	805	736	703	730	840	746
AT3G60420	1103	902	1094	1684	3421	1597
AT3G60440	503	433	447	501	552	512
AT3G60450	418	367	359	513	657	400
AT3G60470	26	34	20	40	55	41
AT3G60480	215	252	198	276	224	191
AT3G60490	20	17	12	21	25	22
AT3G60500	473	451	408	501	463	446
AT3G60510	280	260	249	277	231	305
AT3G60520	405	361	264	329	269	306
AT3G60530	1344	1053	1088	1128	882	1090
AT3G60540	133	126	82	150	208	160
AT3G60550	191	162	132	141	111	95
AT3G60580	106	80	49	60	61	76
AT3G60590	699	604	656	558	633	573
AT3G60600	2980	2357	2170	2246	2419	2677
AT3G60620	545	511	554	457	648	467
AT3G60630	605	544	594	449	620	563
AT3G60640	222	216	171	204	271	223
AT3G60647	0	1	0	0	1	0
AT3G60650	4	3	1	4	3	1
AT3G60660	66	79	41	56	72	64
AT3G60670	37	35	22	27	54	43
AT3G60680	165	122	120	92	101	120
AT3G60690	919	715	736	731	723	773
AT3G60700	12	17	11	9	9	7
AT3G60710	45	37	54	39	68	49
AT3G60720	61	58	48	40	58	44
AT3G60730	19	11	13	13	19	8
AT3G60740	828	744	763	703	996	848
AT3G60750	42864	38833	47046	34981	56031	42682
AT3G60760	0	1	0	0	0	2
AT3G60770	4504	4153	3778	4521	4883	3676
AT3G60800	778	770	773	759	1067	856
AT3G60810	910	676	724	606	726	765
AT3G60820	2796	2636	2418	2739	3118	2728
AT3G60830	414	361	435	405	516	431
AT3G60840	95	97	98	104	104	141
AT3G60850	527	390	426	349	374	413
AT3G60860	2621	2358	2294	2023	2827	2563
AT3G60880	542	466	393	454	597	481
AT3G60890	23	19	11	17	23	10
AT3G60900	61	47	35	30	32	56
AT3G60910	449	426	423	342	388	380
AT3G60920	3	0	4	2	1	1
AT3G60940	20	13	10	4	6	29
AT3G60950	0	2	1	0	0	0
AT3G60960	151	155	131	179	178	174
AT3G60961	342	304	258	370	398	340
AT3G60966	43	54	37	89	134	75
AT3G60970	8	9	13	31	48	28
AT3G60972	4	2	2	1	1	0
AT3G60980	498	387	397	364	350	391
AT3G60990	2	4	3	2	1	3
AT3G61010	1810	1564	1539	1362	2124	1747
AT3G61028	9	11	3	9	3	6
AT3G61035	0	0	1	1	1	0
AT3G61050	2921	2539	2426	2173	2250	2360
AT3G61060	2371	2091	1757	1017	970	1314
AT3G61070	1619	1467	1378	1196	1257	1310
AT3G61080	1324	979	1087	809	994	1019
AT3G61090	10	6	6	4	7	1
AT3G61100	200	153	151	246	259	135
AT3G61110	3430	3000	2549	3434	3628	2494
AT3G61111	0	0	0	4	1	0
AT3G61113	29	27	31	25	30	32
AT3G61118	1	1	0	0	1	0
AT3G61120	2	3	2	5	4	6
AT3G61130	3100	2665	2753	2259	2610	3147
AT3G61140	835	755	676	733	963	864
AT3G61150	691	620	749	674	1196	726
AT3G61160	350	302	319	242	280	292
AT3G61170	31	29	33	26	70	40
AT3G61180	1115	1052	1071	870	923	995
AT3G61182	0	0	0	1	0	0
AT3G61190	3219	2633	2529	3741	5221	3952
AT3G61198	45	44	40	44	52	46
AT3G61200	1122	1091	975	1002	1112	979
AT3G61210	1270	1027	1137	674	879	891
AT3G61220	885	685	524	551	540	661
AT3G61230	0	1	1	0	1	0
AT3G61240	1546	1357	1344	1360	1618	1330
AT3G61250	42	28	10	23	15	23
AT3G61260	5563	4724	5552	4122	3542	4965
AT3G61270	3	2	3	2	8	6
AT3G61280	2489	2068	2235	2095	3593	2928
AT3G61300	6	7	8	4	6	1
AT3G61310	615	553	509	501	472	613
AT3G61320	396	332	332	358	504	330
AT3G61340	4	1	2	1	2	4
AT3G61350	133	113	134	116	140	138
AT3G61360	81	58	57	52	91	69
AT3G61370	176	129	136	189	198	181
AT3G61380	217	172	223	243	349	284
AT3G61390	11	9	4	7	9	9
AT3G61410	24	17	12	25	24	22
AT3G61415	407	350	336	388	453	347
AT3G61420	1078	933	743	787	691	880
AT3G61430	6764	6664	5175	5011	2903	4821
AT3G61440	16236	12486	10438	12902	12414	13878
AT3G61450	14	4	6	5	8	8
AT3G61460	1034	784	722	879	746	988
AT3G61470	161077	150373	147206	123643	100179	128654
AT3G61480	1231	1032	1025	997	1377	1152
AT3G61490	125	139	80	130	126	142
AT3G61500	0	0	0	0	2	0
AT3G61510	3	2	2	2	3	3
AT3G61520	212	184	227	221	305	239
AT3G61530	430	334	359	320	356	333
AT3G61540	938	830	764	755	813	713
AT3G61550	293	316	280	273	288	292
AT3G61560	359	309	301	354	351	335
AT3G61570	495	354	377	374	425	391
AT3G61571	3	0	1	2	2	0
AT3G61580	11835	10541	10809	8771	7600	11366
AT3G61590	171	134	131	150	98	146
AT3G61600	2385	2181	1960	1775	1877	1987
AT3G61610	221	166	144	157	202	184
AT3G61620	267	262	256	310	291	220
AT3G61630	769	677	641	724	695	592
AT3G61640	1696	1597	1500	1706	2089	2096
AT3G61650	265	200	174	222	252	253
AT3G61660	0	0	0	5	0	4
AT3G61670	945	822	680	774	883	972
AT3G61680	18	21	13	14	21	18
AT3G61690	1503	1297	1327	1172	1651	1507
AT3G61700	1088	850	920	792	1177	1070
AT3G61710	759	709	636	661	721	684
AT3G61730	0	0	1	0	0	0
AT3G61740	484	378	316	366	448	436
AT3G61750	99	74	68	85	69	74
AT3G61760	55	49	49	85	101	63
AT3G61770	562	564	574	582	616	462
AT3G61780	745	601	602	589	763	684
AT3G61790	862	731	730	693	765	749
AT3G61800	528	444	417	359	491	542
AT3G61810	59	49	62	62	123	78
AT3G61820	1368	1222	1327	1565	1861	2152
AT3G61827	2	0	1	0	0	0
AT3G61829	1	0	0	0	0	0
AT3G61830	887	652	596	535	627	764
AT3G61840	38	31	20	31	23	18
AT3G61850	181	116	126	165	202	221
AT3G61860	1329	1189	1148	1297	1560	1293
AT3G61870	5561	4990	4685	4154	4531	4862
AT3G61880	133	113	56	125	99	82
AT3G61890	485	350	217	360	272	482
AT3G61897	1	0	0	1	2	0
AT3G61898	13	12	11	7	14	12
AT3G61900	35	26	18	11	7	19
AT3G61910	0	2	0	0	0	0
AT3G61920	9	4	17	5	35	15
AT3G61930	12	20	6	17	9	16
AT3G61940	0	0	1	1	1	2
AT3G61950	60	49	54	56	60	50
AT3G61960	1244	1059	943	1202	1358	1198
AT3G61970	131	128	164	95	114	122
AT3G61980	294	336	329	417	468	469
AT3G61990	425	411	310	452	456	508
AT3G62000	276	262	232	181	221	224
AT3G62010	4702	3923	3446	2658	2695	3660
AT3G62020	48	50	45	47	55	71
AT3G62030	12710	12659	14308	10863	12452	9913
AT3G62040	12	9	16	14	27	14
AT3G62050	39	28	37	29	58	24
AT3G62060	187	177	138	141	215	156
AT3G62070	132	105	97	73	64	86
AT3G62080	349	302	313	301	389	351
AT3G62090	131	124	86	138	145	131
AT3G62100	22	8	7	15	27	21
AT3G62110	1185	992	1167	912	1138	1034
AT3G62120	3405	2896	2931	2875	3185	3030
AT3G62130	595	570	462	481	581	520
AT3G62140	376	287	246	314	276	324
AT3G62150	2224	1788	2234	2218	2895	2686
AT3G62160	36	29	41	33	46	42
AT3G62190	782	651	644	695	701	648
AT3G62200	445	316	330	303	510	373
AT3G62210	3	0	0	3	5	1
AT3G62220	510	478	416	470	530	526
AT3G62230	0	0	1	0	0	0
AT3G62240	1117	932	937	907	1135	1022
AT3G62250	6551	6506	5808	7016	7180	5625
AT3G62260	2395	2068	1543	2541	2863	2706
AT3G62270	90	67	100	117	164	122
AT3G62280	3	5	4	7	7	8
AT3G62290	13667	11406	10870	10091	10074	11156
AT3G62300	541	470	391	408	529	512
AT3G62310	1378	1198	1126	1228	1591	1184
AT3G62320	0	0	3	2	3	2
AT3G62330	719	609	562	529	688	625
AT3G62340	0	0	0	0	0	1
AT3G62360	2692	2269	2526	2271	3071	2718
AT3G62370	890	808	955	841	1086	951
AT3G62380	0	0	0	0	2	1
AT3G62390	348	263	207	196	191	231
AT3G62400	857	975	933	969	978	796
AT3G62410	7844	6889	8706	4707	8777	5908
AT3G62420	3293	2995	2779	2845	3269	3049
AT3G62422	3293	2995	2779	2845	3269	3049
AT3G62430	8	18	6	6	10	1
AT3G62450	344	281	281	299	351	342
AT3G62460	94	75	71	82	136	94
AT3G62470	194	150	175	107	157	159
AT3G62499	13	12	17	3	15	14
AT3G62500	98	90	90	48	118	53
AT3G62510	40	18	12	14	21	24
AT3G62528	0	2	0	0	0	0
AT3G62530	5631	4877	4642	5328	5513	4337
AT3G62540	108	98	71	95	86	96
AT3G62550	6560	5522	6814	4621	4428	4723
AT3G62560	1144	1157	967	1129	1092	998
AT3G62570	63	61	47	58	87	84
AT3G62580	2396	2233	2040	2156	2282	2438
AT3G62590	247	208	167	194	136	215
AT3G62600	2047	1593	1502	1912	2689	2019
AT3G62610	1	0	1	3	3	0
AT3G62620	140	130	134	137	161	121
AT3G62630	732	652	675	582	385	493
AT3G62640	2	1	0	0	0	3
AT3G62650	1603	1347	1157	1226	1432	1532
AT3G62660	1771	1606	1845	1513	1170	1868
AT3G62680	1	0	0	3	1	4
AT3G62690	271	228	228	323	290	296
AT3G62700	5534	4511	4438	3581	4364	4852
AT3G62720	4062	3496	3484	3490	3990	4735
AT3G62730	3	1	5	5	4	4
AT3G62740	99	72	82	65	65	52
AT3G62750	4775	4236	4629	3332	3515	4046
AT3G62760	16	7	14	8	14	17
AT3G62770	998	989	871	999	1142	942
AT3G62780	85	66	127	103	181	98
AT3G62790	889	792	748	826	911	719
AT3G62800	315	373	278	331	369	310
AT3G62810	412	359	401	466	449	388
AT3G62820	318	333	388	458	453	298
AT3G62830	1713	1633	1462	1879	2280	1922
AT3G62840	1345	1255	1232	1408	1593	1186
AT3G62850	0	0	2	0	0	1
AT3G62860	229	209	168	148	200	196
AT3G62870	7637	6832	6321	7754	8679	6086
AT3G62880	188	185	159	191	208	179
AT3G62890	45	47	42	60	79	67
AT3G62900	1498	1379	1266	1093	1637	1519
AT3G62910	1382	1069	1129	928	1053	1081
AT3G62920	58	62	60	71	97	57
AT3G62930	115	91	73	116	135	134
AT3G62940	888	736	634	797	928	777
AT3G62950	250	288	205	208	166	154
AT3G62960	12	10	11	14	47	17
AT3G62970	582	503	452	434	435	473
AT3G62980	2590	2355	2232	1892	1925	1864
AT3G62990	0	2	0	1	4	0
AT3G63000	1072	958	883	968	1026	1019
AT3G63010	398	376	259	395	491	502
AT3G63020	0	0	0	0	2	1
AT3G63030	350	361	288	376	492	359
AT3G63040	0	1	0	0	0	2
AT3G63050	22	19	7	17	55	33
AT3G63052	2	0	1	2	0	4
AT3G63060	29	35	23	25	29	39
AT3G63070	1550	1175	1189	1140	1615	1623
AT3G63080	1334	1142	1228	1272	1566	1384
AT3G63088	2	7	1	4	2	4
AT3G63090	118	103	102	119	201	114
AT3G63095	2	9	4	2	3	6
AT3G63110	335	274	260	302	360	390
AT3G63120	845	707	649	689	624	829
AT3G63130	641	514	492	538	622	587
AT3G63140	12347	12032	12609	10371	11694	11717
AT3G63150	1391	1137	1163	1176	1326	1334
AT3G63160	7941	7803	15247	9391	18123	10475
AT3G63170	778	647	749	649	762	702
AT3G63180	815	617	689	563	826	692
AT3G63190	4208	3502	3771	2927	3267	3365
AT3G63200	321	332	265	298	231	267
AT3G63210	1429	1133	1106	1114	920	1242
AT3G63220	180	194	171	208	147	187
AT3G63240	212	215	200	176	271	184
AT3G63250	809	675	718	708	744	731
AT3G63260	1340	1305	1142	1407	1684	1598
AT3G63270	322	296	272	241	393	272
AT3G63280	85	80	60	99	118	84
AT3G63290	117	91	84	90	76	89
AT3G63300	221	201	153	250	265	216
AT3G63310	1940	1724	1567	1946	2180	1800
AT3G63320	0	1	3	0	1	4
AT3G63340	1588	1443	1292	1178	1498	1488
AT3G63350	1	0	0	0	0	0
AT3G63360	0	0	0	0	1	0
AT3G63370	305	267	293	239	400	316
AT3G63375	21	15	21	15	24	26
AT3G63380	1356	1206	1214	1153	1124	945
AT3G63390	248	275	237	268	263	264
AT3G63400	1677	1362	1348	1629	1881	1555
AT3G63410	10244	9961	10189	9286	9974	9824
AT3G63420	764	669	761	670	939	707
AT3G63430	70	57	26	49	46	52
AT3G63440	392	310	271	295	336	335
AT3G63445	471	392	349	383	432	420
AT3G63450	185	195	149	155	205	170
AT3G63460	4353	3725	3583	3361	4435	4587
AT3G63470	38	31	19	40	26	32
AT3G63480	75	60	47	51	55	64
AT3G63490	12557	10669	11287	8959	10243	10688
AT3G63500	3860	3193	3034	2810	4555	3889
AT3G63510	475	400	444	334	450	333
AT3G63520	9605	8222	8520	6362	8252	8093
AT3G63530	189	165	88	151	171	151
AT3G63540	3208	3182	3307	2955	2985	3264
AT3G66652	208	146	124	154	246	167
AT3G66654	1518	1202	1232	1313	1683	1514
AT3G66658	667	548	644	617	728	715
AT4G00020	218	220	219	189	256	224
AT4G00026	518	409	395	623	763	539
AT4G00030	764	663	628	662	682	727
AT4G00040	931	862	763	933	1042	1006
AT4G00050	174	170	111	178	175	191
AT4G00060	1137	970	936	852	1275	1050
AT4G00070	6	1	2	3	1	7
AT4G00090	792	583	615	620	767	705
AT4G00100	4010	4233	3618	4409	4506	3112
AT4G00110	267	211	270	231	259	274
AT4G00120	0	0	0	1	1	0
AT4G00130	0	1	0	2	0	0
AT4G00140	0	2	0	0	0	0
AT4G00150	579	573	639	538	802	968
AT4G00165	567	536	849	582	1180	641
AT4G00170	452	419	420	478	581	459
AT4G00180	970	802	760	750	795	931
AT4G00190	0	0	0	0	0	1
AT4G00200	74	65	66	57	62	59
AT4G00210	3	1	2	0	5	2
AT4G00220	3	6	2	7	10	11
AT4G00230	259	239	231	279	255	276
AT4G00231	391	305	292	282	301	297
AT4G00234	3	3	1	2	1	2
AT4G00238	300	219	187	233	294	287
AT4G00240	160	136	131	94	190	181
AT4G00250	0	3	0	1	1	0
AT4G00260	1	0	1	1	0	0
AT4G00270	465	409	387	408	548	481
AT4G00280	0	0	0	0	2	0
AT4G00290	483	445	499	486	663	524
AT4G00300	3986	3290	3483	3002	3755	3994
AT4G00305	4	1	0	1	5	5
AT4G00310	66	70	54	55	70	47
AT4G00330	3477	2760	3312	3228	4302	4304
AT4G00335	412	364	355	393	458	359
AT4G00340	1320	1124	1142	1027	1218	1295
AT4G00350	1	0	1	2	3	2
AT4G00355	2054	1844	1759	1655	1940	1937
AT4G00360	5267	5320	5996	5127	5606	6806
AT4G00370	2632	2100	2282	2019	2737	2303
AT4G00380	155	105	108	111	177	188
AT4G00390	14	15	15	16	38	22
AT4G00400	1507	1361	1388	1135	1135	1463
AT4G00420	387	348	310	373	400	367
AT4G00430	3607	3601	2895	3695	2713	4163
AT4G00440	812	730	674	668	1331	1027
AT4G00450	2110	1910	1955	1593	2559	2266
AT4G00460	19	10	27	26	34	26
AT4G00480	148	95	75	93	104	87
AT4G00490	1211	1035	822	776	1193	802
AT4G00500	385	335	387	444	598	432
AT4G00520	540	454	442	453	558	488
AT4G00525	70	54	68	68	76	56
AT4G00530	64	72	34	55	53	40
AT4G00540	0	0	1	0	1	0
AT4G00550	456	446	435	485	643	516
AT4G00560	630	621	604	486	652	521
AT4G00570	3260	2828	2967	2746	4399	3675
AT4G00580	7	6	4	3	4	5
AT4G00585	1259	1265	1202	1406	1409	1278
AT4G00590	180	143	169	152	177	162
AT4G00600	0	0	2	0	0	0
AT4G00620	392	363	339	439	530	321
AT4G00630	2273	1833	1838	2067	3105	2441
AT4G00650	179	149	147	134	225	156
AT4G00651	0	0	0	3	4	1
AT4G00660	1396	1232	1246	1168	1610	1355
AT4G00670	41	40	50	97	178	143
AT4G00680	5	2	5	2	9	6
AT4G00690	33	20	20	32	56	31
AT4G00695	2	4	4	10	12	13
AT4G00700	689	638	363	845	1530	886
AT4G00710	2004	1711	1660	1665	1881	1899
AT4G00720	3672	2973	2864	2814	3385	3575
AT4G00730	2873	2685	2607	2627	3622	3037
AT4G00740	1435	1313	1381	1286	1571	1349
AT4G00750	1243	1072	936	890	821	1077
AT4G00752	572	499	478	450	523	479
AT4G00755	404	404	390	324	301	356
AT4G00760	787	684	609	532	777	695
AT4G00770	220	221	169	163	267	230
AT4G00780	4432	3639	4029	2541	3158	2900
AT4G00800	2168	1929	1806	1594	2522	2158
AT4G00810	958	1113	1012	1218	1232	960
AT4G00820	206	152	81	189	145	170
AT4G00830	1563	1181	1150	1148	1257	1276
AT4G00840	346	303	324	339	381	278
AT4G00850	238	204	171	186	219	213
AT4G00860	1515	1608	1436	1681	1889	1464
AT4G00870	20	19	15	33	93	59
AT4G00872	2	0	2	0	2	0
AT4G00880	787	747	813	532	657	632
AT4G00890	44	16	17	40	43	42
AT4G00893	3	2	2	0	2	5
AT4G00895	2658	2182	2465	1828	2574	2103
AT4G00900	359	335	383	435	664	539
AT4G00905	56	38	47	37	74	44
AT4G00910	2	0	2	6	3	5
AT4G00920	0	0	0	0	2	0
AT4G00930	374	299	279	361	491	396
AT4G00940	59	52	49	49	67	65
AT4G00950	471	342	510	448	468	510
AT4G00955	238	242	191	216	337	314
AT4G00960	35	38	29	48	42	38
AT4G00970	4634	3684	3616	4065	5566	4611
AT4G00975	77	67	65	50	71	72
AT4G00980	128	106	115	87	126	132
AT4G00985	0	0	1	1	1	0
AT4G00990	840	646	703	636	782	808
AT4G01000	2383	1836	1745	1690	1946	2167
AT4G01010	1169	985	809	1213	1627	1419
AT4G01020	722	640	623	591	846	734
AT4G01023	0	0	1	0	0	2
AT4G01026	1153	1129	998	814	670	610
AT4G01030	599	516	488	483	390	342
AT4G01037	908	779	815	876	1226	884
AT4G01040	915	781	866	703	794	789
AT4G01050	17005	14035	13201	11791	12255	13650
AT4G01060	18	17	9	29	36	36
AT4G01070	1373	1059	1085	1147	1574	2173
AT4G01080	321	227	215	624	985	1086
AT4G01090	2906	2578	2012	2262	3241	2919
AT4G01100	3643	3101	3177	2968	3788	3399
AT4G01110	41	40	20	40	34	33
AT4G01120	611	508	520	508	640	620
AT4G01130	699	553	827	513	489	600
AT4G01140	10	5	9	20	5	12
AT4G01150	17358	20691	21314	17710	19437	14663
AT4G01160	0	0	1	0	2	0
AT4G01170	0	1	0	2	0	0
AT4G01180	0	0	0	0	1	0
AT4G01190	31	20	25	20	19	50
AT4G01200	84	61	61	82	104	78
AT4G01210	1634	1352	1493	1312	1658	1698
AT4G01220	342	312	317	337	347	374
AT4G01230	21	20	15	21	17	10
AT4G01250	1675	1318	1299	1433	1873	1481
AT4G01270	50	50	48	25	46	58
AT4G01280	423	396	308	354	362	354
AT4G01290	4273	3387	3338	3153	4358	4528
AT4G01310	6955	6263	6829	5403	5770	5334
AT4G01320	1422	1355	1332	1426	1591	1346
AT4G01330	1992	1684	1781	1418	1214	1868
AT4G01335	29	25	23	13	8	14
AT4G01340	4	2	0	0	3	0
AT4G01350	11	11	4	3	6	12
AT4G01360	3003	2490	1943	3043	4254	3298
AT4G01370	1573	1484	1467	1805	2269	1502
AT4G01380	21	18	26	43	98	53
AT4G01390	206	146	151	233	541	418
AT4G01400	1628	1497	1461	1447	1553	1601
AT4G01410	173	187	140	128	118	165
AT4G01420	6	6	4	6	15	5
AT4G01430	36	15	37	38	23	136
AT4G01440	136	111	113	127	103	116
AT4G01450	269	279	242	344	400	392
AT4G01460	527	331	302	303	233	304
AT4G01480	1003	918	769	1089	1268	1025
AT4G01500	8	7	8	4	6	2
AT4G01510	146	130	122	132	141	126
AT4G01520	1	1	0	4	7	5
AT4G01533	1	3	0	2	5	3
AT4G01535	9	8	7	16	33	6
AT4G01540	354	253	228	366	644	508
AT4G01550	527	454	459	485	456	568
AT4G01560	614	504	576	684	830	587
AT4G01570	406	353	358	291	372	382
AT4G01575	29	26	32	32	46	28
AT4G01580	130	118	107	99	71	97
AT4G01590	776	626	683	717	808	698
AT4G01593	547	511	397	523	553	491
AT4G01595	443	421	316	401	449	399
AT4G01600	145	124	155	117	131	142
AT4G01610	4766	3961	3717	4336	4798	5165
AT4G01630	1	0	0	1	0	2
AT4G01640	0	1	0	0	0	0
AT4G01650	338	320	277	266	377	308
AT4G01660	547	487	450	624	813	677
AT4G01670	244	189	213	175	171	173
AT4G01680	122	99	65	87	65	102
AT4G01690	4961	4280	4568	4029	4090	4200
AT4G01700	493	404	343	551	891	615
AT4G01710	228	196	230	249	231	203
AT4G01720	485	407	332	263	325	301
AT4G01730	119	104	73	79	139	111
AT4G01735	0	1	0	0	3	1
AT4G01740	105	143	130	117	261	158
AT4G01750	564	479	616	632	999	885
AT4G01770	1	1	0	1	0	3
AT4G01780	0	0	2	6	3	3
AT4G01790	59	57	64	110	89	69
AT4G01800	7338	6022	6425	4462	5576	6217
AT4G01810	1421	1293	1317	1164	1744	1495
AT4G01820	3	1	7	4	8	4
AT4G01830	0	1	1	0	1	1
AT4G01840	284	252	231	185	212	196
AT4G01850	9941	8492	5876	7145	5641	8040
AT4G01860	740	682	689	640	956	703
AT4G01870	733	743	564	661	655	788
AT4G01880	297	279	222	303	343	298
AT4G01883	824	662	704	667	627	596
AT4G01890	2	2	2	2	0	0
AT4G01895	77	84	18	72	57	79
AT4G01897	369	379	328	345	382	314
AT4G01900	1141	855	908	911	961	992
AT4G01910	102	81	62	90	119	89
AT4G01915	265	259	262	179	307	212
AT4G01920	123	109	144	100	199	147
AT4G01925	2	5	5	1	3	2
AT4G01930	5	4	3	1	8	4
AT4G01935	1003	899	865	802	924	742
AT4G01940	2582	2252	2313	2169	2513	2272
AT4G01950	7830	6901	7272	6839	8494	8053
AT4G01960	556	487	413	449	520	447
AT4G01970	5	4	3	5	5	1
AT4G01985	6	10	5	11	9	9
AT4G01990	105	123	107	137	179	128
AT4G01995	596	530	602	459	605	455
AT4G02000	15	12	8	17	32	21
AT4G02005	77	66	68	67	126	69
AT4G02010	833	699	707	691	834	754
AT4G02020	1321	1154	1020	1054	1347	1433
AT4G02030	1018	804	801	809	996	942
AT4G02040	54	33	45	54	58	49
AT4G02050	802	737	647	615	867	771
AT4G02060	532	532	447	427	538	460
AT4G02070	298	244	252	261	352	280
AT4G02075	520	478	469	446	439	408
AT4G02080	2376	2189	2024	2052	2297	2159
AT4G02090	9	1	3	4	7	3
AT4G02100	217	208	164	147	153	165
AT4G02110	163	149	130	116	148	159
AT4G02120	1500	1400	1298	1309	1758	1461
AT4G02130	1722	1450	2272	1537	2067	2188
AT4G02140	89	114	111	124	155	75
AT4G02150	631	600	600	687	824	727
AT4G02160	0	1	0	0	0	0
AT4G02170	12	14	16	4	6	10
AT4G02180	8	8	6	6	5	4
AT4G02195	376	302	282	361	415	343
AT4G02200	2100	1705	1733	2184	2974	2146
AT4G02210	805	685	697	812	945	627
AT4G02220	534	434	433	583	894	527
AT4G02230	3374	2843	2390	3042	3121	2835
AT4G02260	3589	3072	3578	2845	3949	3433
AT4G02280	128	110	76	83	104	151
AT4G02290	424	334	374	429	484	518
AT4G02300	1	0	0	0	0	0
AT4G02310	0	0	0	0	0	1
AT4G02320	8	14	4	14	6	22
AT4G02330	3657	2832	2785	2330	2603	3707
AT4G02340	1647	1625	1475	1568	1890	1761
AT4G02350	3225	2778	2863	2668	3510	3638
AT4G02360	148	136	102	136	130	173
AT4G02370	1942	1759	2015	1906	2289	2223
AT4G02380	8649	9208	7286	15125	17367	10598
AT4G02390	128	115	120	170	208	152
AT4G02400	690	500	510	635	889	701
AT4G02405	542	508	550	486	613	549
AT4G02410	4502	3605	3202	3245	4310	3943
AT4G02420	1060	876	738	755	979	760
AT4G02425	121	103	90	89	93	116
AT4G02430	383	419	329	446	448	366
AT4G02440	860	774	796	781	787	862
AT4G02450	2504	2444	2301	2768	3089	2257
AT4G02460	232	198	167	220	326	202
AT4G02480	7698	6554	6492	5727	7236	7379
AT4G02482	48	32	21	18	33	36
AT4G02485	133	87	113	94	121	116
AT4G02500	3955	3250	3058	3187	3153	3761
AT4G02510	10350	8506	8902	6901	10724	9287
AT4G02520	46085	39428	27509	42713	50947	33627
AT4G02530	4379	3699	4468	3271	4063	3716
AT4G02540	1091	1019	935	729	1086	1245
AT4G02541	2	0	0	1	0	2
AT4G02550	541	438	498	591	862	655
AT4G02555	0	0	1	0	0	1
AT4G02560	843	696	651	573	802	756
AT4G02570	5281	4332	4241	4080	5268	5105
AT4G02580	2466	2296	2135	2255	2502	2394
AT4G02590	797	737	743	773	1090	899
AT4G02600	1350	1264	1230	1320	1737	1547
AT4G02610	461	382	368	404	445	390
AT4G02620	1981	1744	1855	1825	2018	2032
AT4G02630	520	380	439	429	532	625
AT4G02640	1127	850	873	926	1216	1101
AT4G02650	0	0	2	0	0	1
AT4G02655	0	0	0	1	1	1
AT4G02660	147	143	91	76	207	138
AT4G02670	10	22	4	13	17	19
AT4G02680	1608	1383	1331	1210	1817	1490
AT4G02690	0	3	2	5	1	1
AT4G02700	16	15	9	17	32	17
AT4G02710	228	159	187	218	404	339
AT4G02715	792	698	604	561	831	650
AT4G02720	907	714	650	647	789	816
AT4G02725	1278	1060	1189	1026	1021	1063
AT4G02730	121	109	117	115	117	136
AT4G02740	709	627	551	546	710	597
AT4G02750	94	63	72	87	113	90
AT4G02760	189	152	133	170	204	196
AT4G02770	73688	60570	56713	51215	41417	59431
AT4G02780	18	15	14	10	9	9
AT4G02790	1525	1274	1335	1382	1477	1287
AT4G02800	140	132	161	123	130	149
AT4G02810	5	6	1	9	3	7
AT4G02820	244	263	219	201	267	234
AT4G02830	2	1	1	0	3	1
AT4G02840	758	677	577	705	669	653
AT4G02850	459	474	274	262	151	196
AT4G02860	771	733	774	692	843	705
AT4G02880	1191	1049	967	1097	1322	1122
AT4G02890	5370	5455	4415	4703	4726	4038
AT4G02900	210	232	213	170	218	180
AT4G02920	7425	6190	5421	4280	3665	4999
AT4G02930	1512	1250	1130	1859	2725	1525
AT4G02940	955	838	792	1029	1496	1294
AT4G02950	1	1	3	0	3	0
AT4G02970	1229	1100	810	825	773	856
AT4G02980	351	308	336	419	460	385
AT4G02990	1095	929	1082	1006	1546	1080
AT4G03000	929	734	741	624	813	770
AT4G03010	55	46	43	54	59	45
AT4G03020	3115	2664	2684	2414	3446	2858
AT4G03030	1729	1497	1488	1092	1230	1265
AT4G03070	137	144	156	152	132	221
AT4G03080	2069	1839	2112	1889	2996	2603
AT4G03090	401	292	298	258	343	351
AT4G03100	151	136	135	104	144	130
AT4G03110	1374	1361	1312	1073	1201	1349
AT4G03115	183	161	166	202	213	167
AT4G03120	348	315	276	356	462	353
AT4G03130	7	13	9	6	13	10
AT4G03140	224	212	219	150	180	150
AT4G03150	386	380	378	309	345	310
AT4G03156	0	0	1	2	1	1
AT4G03175	2	0	2	4	0	2
AT4G03180	375	284	303	337	370	329
AT4G03190	673	630	597	503	451	544
AT4G03200	1934	1657	1544	1327	1682	1674
AT4G03205	445	347	344	342	407	348
AT4G03210	1296	1307	1732	1142	1224	1382
AT4G03220	0	4	1	7	3	0
AT4G03230	358	318	251	283	368	419
AT4G03240	333	291	266	288	367	299
AT4G03250	224	161	154	137	184	202
AT4G03260	3840	3312	2846	2724	3497	3073
AT4G03270	88	79	46	51	50	64
AT4G03280	31203	29133	31072	25419	27771	25390
AT4G03290	0	1	0	0	1	0
AT4G03292	3	5	3	9	4	1
AT4G03295	0	4	5	4	6	2
AT4G03320	105	99	44	152	150	150
AT4G03330	23	16	20	18	26	14
AT4G03340	48	43	40	50	64	43
AT4G03360	2	0	0	0	2	1
AT4G03380	24	16	15	10	3	18
AT4G03390	1790	1485	1556	1353	1440	1812
AT4G03400	1270	1101	783	1054	715	1175
AT4G03410	1066	944	1020	1142	1173	1215
AT4G03415	1403	1242	1165	1312	1370	1502
AT4G03420	2165	1930	1386	1723	1129	1327
AT4G03430	1730	1457	1422	1499	1949	1690
AT4G03438	2	0	0	0	0	0
AT4G03440	113	96	112	129	126	124
AT4G03443	19	15	17	29	29	41
AT4G03445	15	9	11	7	13	12
AT4G03450	425	375	346	540	1076	504
AT4G03460	1	4	1	5	1	2
AT4G03480	3	1	1	4	4	1
AT4G03490	18	14	20	17	23	26
AT4G03500	231	233	231	199	237	173
AT4G03505	6	5	3	3	5	3
AT4G03510	574	508	595	424	296	409
AT4G03520	11109	9764	11244	9120	11505	10005
AT4G03540	2	4	6	6	3	2
AT4G03550	2430	2174	2458	2069	3239	2472
AT4G03560	5818	4903	4798	3762	4411	4541
AT4G03565	1	0	0	2	4	5
AT4G03580	0	0	3	1	1	2
AT4G03600	53	21	27	20	25	27
AT4G03610	102	80	81	40	22	48
AT4G03620	2	2	0	2	3	0
AT4G03635	128	98	102	100	116	113
AT4G03811	7	9	3	7	2	3
AT4G03820	446	364	329	479	642	474
AT4G03930	9	7	10	5	17	6
AT4G03935	250	212	223	202	239	178
AT4G03940	120	89	58	63	98	82
AT4G03950	2	0	0	0	0	0
AT4G03960	214	244	215	331	339	299
AT4G03965	3	2	5	3	3	2
AT4G04020	4438	4226	3336	4338	4942	3511
AT4G04030	1	0	3	1	5	1
AT4G04040	2698	2388	2753	2190	2563	2422
AT4G04077	0	0	0	1	0	0
AT4G04180	138	103	102	156	296	163
AT4G04190	99	108	94	96	136	136
AT4G04200	399	408	349	391	406	347
AT4G04210	1611	1577	1468	1390	1400	1414
AT4G04220	529	441	397	392	711	482
AT4G04221	184	147	126	140	243	164
AT4G04223	335	248	184	254	239	339
AT4G04260	0	4	0	1	1	2
AT4G04320	925	821	799	813	994	802
AT4G04330	2577	2345	4033	2474	3154	2934
AT4G04340	7922	7146	7873	6048	5883	7967
AT4G04350	1588	1335	1371	1109	1287	1364
AT4G04360	105	85	98	99	107	98
AT4G04370	202	179	205	149	235	190
AT4G04423	20	19	9	9	8	12
AT4G04450	49	27	44	31	39	44
AT4G04460	54	44	40	86	122	107
AT4G04470	678	618	544	709	815	663
AT4G04480	10	7	9	5	9	7
AT4G04490	721	594	416	1199	1660	893
AT4G04500	106	106	77	211	280	195
AT4G04510	49	61	33	81	121	85
AT4G04540	177	136	131	385	871	330
AT4G04570	5210	4437	5099	4323	7290	5230
AT4G04580	0	0	1	1	0	0
AT4G04601	0	0	1	0	0	0
AT4G04610	2926	2388	1480	2221	2342	2616
AT4G04614	425	337	279	294	308	298
AT4G04620	455	418	357	591	632	484
AT4G04630	340	304	295	227	186	213
AT4G04640	32881	30355	32221	25035	28782	26867
AT4G04670	250	216	204	301	410	265
AT4G04680	1	2	3	4	1	6
AT4G04690	1	0	0	0	0	0
AT4G04695	307	240	246	286	611	310
AT4G04700	163	146	141	120	189	172
AT4G04710	10	3	3	3	15	13
AT4G04720	1761	1429	1512	1471	1802	1722
AT4G04740	1017	878	963	781	1240	1031
AT4G04745	66	45	65	74	40	55
AT4G04750	410	425	392	464	968	545
AT4G04760	17	25	26	43	91	57
AT4G04770	5634	4466	4371	4582	4469	5512
AT4G04780	219	181	178	182	219	192
AT4G04790	121	119	108	147	199	137
AT4G04800	979	792	703	775	792	755
AT4G04810	101	83	56	107	131	110
AT4G04830	1056	1168	743	1825	1867	1875
AT4G04840	1064	1103	1353	975	970	800
AT4G04850	2799	2495	2325	1832	1934	2113
AT4G04860	800	772	665	799	837	824
AT4G04870	212	218	209	198	280	207
AT4G04880	308	336	323	322	419	320
AT4G04885	916	797	818	713	872	799
AT4G04890	3270	2800	2805	2517	3032	2889
AT4G04900	7	5	5	3	13	6
AT4G04910	1718	1474	1764	1658	2262	1935
AT4G04920	973	811	737	866	1273	1017
AT4G04925	394	365	373	350	315	372
AT4G04930	1	0	1	0	0	0
AT4G04940	285	249	263	419	542	299
AT4G04950	1188	974	1004	1042	1235	1127
AT4G04955	590	515	486	467	538	540
AT4G04960	1278	1044	925	1042	1386	1336
AT4G04970	1207	1016	1015	887	1254	1080
AT4G04972	3	7	11	15	7	6
AT4G05000	423	309	330	314	319	323
AT4G05010	192	186	141	141	182	165
AT4G05018	0	1	0	1	2	0
AT4G05020	682	573	450	1001	1200	870
AT4G05030	1	2	1	6	7	9
AT4G05040	397	351	324	297	346	316
AT4G05050	23408	21331	20647	23183	29554	23698
AT4G05060	868	599	710	625	671	745
AT4G05070	2820	2955	2744	2189	1246	2201
AT4G05071	11	9	2	8	2	3
AT4G05090	708	537	519	439	496	494
AT4G05091	5	0	1	0	3	1
AT4G05095	0	1	0	1	0	0
AT4G05100	67	50	66	43	43	57
AT4G05105	0	1	0	0	3	5
AT4G05110	41	42	22	25	20	51
AT4G05120	200	172	181	217	323	262
AT4G05130	40	27	39	38	46	46
AT4G05150	6047	6297	6039	5540	5389	5562
AT4G05160	1472	1228	1284	1283	1686	1497
AT4G05170	20	15	6	6	2	4
AT4G05180	77026	75211	76584	64233	58691	65663
AT4G05190	223	180	161	151	180	272
AT4G05200	7	2	0	6	3	2
AT4G05210	11	12	9	14	26	12
AT4G05220	7	5	2	18	23	16
AT4G05320	48031	43232	38335	41634	43270	40193
AT4G05330	505	433	583	411	495	464
AT4G05360	0	0	0	1	1	0
AT4G05370	2	0	1	2	13	8
AT4G05380	2	4	1	16	16	15
AT4G05390	564	468	436	575	593	523
AT4G05400	384	276	280	339	335	366
AT4G05410	273	263	214	312	405	294
AT4G05420	2340	1939	1773	1721	2061	2138
AT4G05430	8	10	4	18	12	11
AT4G05440	173	148	162	224	274	207
AT4G05450	277	222	254	269	323	298
AT4G05460	275	256	263	249	247	209
AT4G05475	2	0	0	0	0	0
AT4G05497	9	11	6	6	11	7
AT4G05520	227	204	159	177	203	220
AT4G05523	0	0	0	1	0	0
AT4G05530	1262	1195	1050	1299	1516	1383
AT4G05540	9	8	8	8	6	5
AT4G05590	471	404	352	518	598	522
AT4G05631	196	166	187	154	229	182
AT4G06534	143	130	62	61	33	59
AT4G06536	74	57	32	29	15	25
AT4G06598	177	196	200	162	222	154
AT4G06599	600	557	529	554	676	544
AT4G06634	431	306	332	369	446	371
AT4G06676	265	257	228	244	261	245
AT4G06701	163	150	134	172	165	119
AT4G06744	106	82	39	80	60	109
AT4G06746	318	287	304	273	222	239
AT4G07390	1036	901	850	1033	1179	1001
AT4G07400	173	126	175	101	139	164
AT4G07408	9	11	9	2	2	0
AT4G07410	1663	1627	1486	1582	2113	1417
AT4G07670	0	0	1	0	1	0
AT4G07820	30	16	14	24	21	28
AT4G07825	1310	985	921	1116	1295	929
AT4G07940	1	3	0	10	6	1
AT4G07950	194	177	194	249	235	195
AT4G07960	102	83	64	52	54	85
AT4G07965	0	0	0	1	0	0
AT4G07990	547	423	447	415	548	591
AT4G08035	613	508	509	542	562	560
AT4G08040	394	301	333	381	404	399
AT4G08150	90	82	52	108	120	115
AT4G08160	47	33	23	39	61	57
AT4G08170	510	478	461	537	733	537
AT4G08180	1136	953	913	887	1147	1180
AT4G08210	22	21	20	28	36	28
AT4G08230	957	680	711	926	1114	850
AT4G08240	255	230	249	202	267	226
AT4G08250	14	16	24	17	16	10
AT4G08260	1	0	1	3	2	5
AT4G08263	0	0	0	0	0	1
AT4G08280	905	919	865	707	758	727
AT4G08290	208	197	161	198	209	305
AT4G08300	101	99	61	89	111	122
AT4G08310	729	564	524	653	827	824
AT4G08320	645	508	421	545	595	531
AT4G08330	277	221	226	211	272	192
AT4G08350	2302	1938	1758	1788	2169	2215
AT4G08360	1	0	0	0	1	0
AT4G08390	2602	2063	1932	2727	2789	2510
AT4G08430	0	1	0	0	0	0
AT4G08450	1	0	0	2	1	3
AT4G08455	195	197	178	179	215	227
AT4G08460	1194	912	934	1044	1236	1115
AT4G08470	3181	2931	3130	3022	4429	3425
AT4G08480	808	666	669	587	1013	863
AT4G08500	3014	2436	2524	2428	3948	3534
AT4G08510	427	350	306	375	497	376
AT4G08520	1469	1170	1138	1216	1373	1272
AT4G08540	852	725	704	684	761	750
AT4G08550	1	1	0	0	1	4
AT4G08555	136	119	119	202	389	128
AT4G08570	3	6	0	7	18	24
AT4G08580	462	376	348	360	391	443
AT4G08590	115	108	67	49	61	81
AT4G08685	823	836	743	932	837	985
AT4G08690	419	346	274	337	331	370
AT4G08691	0	0	0	0	1	0
AT4G08700	311	268	289	247	310	274
AT4G08760	1	0	0	0	0	0
AT4G08770	400	377	114	211	194	292
AT4G08780	33	35	5	20	11	20
AT4G08790	179	157	189	214	233	190
AT4G08810	1830	1329	1530	1294	1655	1863
AT4G08850	6706	5494	5412	5372	9254	7808
AT4G08867	0	0	0	1	0	0
AT4G08868	0	2	0	0	0	0
AT4G08870	11892	9562	5658	10814	3793	14932
AT4G08874	9	4	7	5	1	5
AT4G08876	1	0	0	0	0	0
AT4G08900	730	597	580	648	709	782
AT4G08910	20	8	13	8	4	16
AT4G08920	8989	7959	6698	5536	4481	6546
AT4G08930	524	518	428	364	308	448
AT4G08940	82	65	81	81	116	110
AT4G08949	0	0	0	1	0	0
AT4G08950	5763	4758	4842	5272	7428	7457
AT4G08960	573	489	461	439	597	557
AT4G08980	1390	1279	1132	1259	1470	1296
AT4G08990	26	36	8	24	35	25
AT4G09000	10906	10022	9574	9863	12320	10200
AT4G09010	11204	9272	9963	7781	7327	8847
AT4G09012	68	73	63	54	115	66
AT4G09020	3368	2914	4500	5713	10953	8153
AT4G09030	643	575	455	999	1083	1390
AT4G09040	2334	1906	2024	1642	1895	1867
AT4G09060	57	32	48	43	46	46
AT4G09070	0	0	0	0	0	2
AT4G09080	21	17	20	18	28	21
AT4G09100	0	1	0	4	0	2
AT4G09110	0	0	0	0	1	0
AT4G09120	0	0	0	1	2	2
AT4G09130	6	0	2	5	1	3
AT4G09140	326	277	307	327	403	340
AT4G09150	2993	2663	2716	2307	3142	2944
AT4G09160	647	557	563	571	488	565
AT4G09170	1	3	0	7	1	3
AT4G09180	335	270	197	294	371	330
AT4G09200	207	178	278	330	288	196
AT4G09250	253	190	78	233	175	354
AT4G09300	9	4	4	3	14	0
AT4G09310	238	311	227	169	435	108
AT4G09320	5703	5970	5317	6663	6882	4319
AT4G09340	589	487	463	487	595	551
AT4G09350	438	368	299	218	284	230
AT4G09420	115	106	179	145	130	147
AT4G09430	69	55	61	61	75	68
AT4G09432	68	55	60	59	74	66
AT4G09460	407	374	316	307	365	313
AT4G09490	81	54	70	53	82	89
AT4G09500	273	229	166	253	247	275
AT4G09510	600	513	395	485	530	553
AT4G09520	319	250	228	214	228	236
AT4G09550	285	275	230	246	236	202
AT4G09560	556	430	431	411	414	404
AT4G09570	1609	1258	1182	1468	2123	1719
AT4G09580	463	482	510	469	585	391
AT4G09590	3	1	0	2	2	2
AT4G09600	0	0	0	16	13	21
AT4G09610	0	1	1	1	0	0
AT4G09620	920	778	778	733	1050	691
AT4G09630	1075	856	929	736	986	1122
AT4G09640	759	686	697	730	982	881
AT4G09649	1	0	0	1	0	1
AT4G09650	20771	18550	18446	15594	13676	17192
AT4G09670	1474	1367	1454	1233	1351	1465
AT4G09680	1030	850	886	778	1168	954
AT4G09690	2	2	3	0	0	0
AT4G09720	920	759	832	887	955	924
AT4G09730	1521	1285	1347	1424	1902	1465
AT4G09731	2	3	0	1	0	1
AT4G09740	0	1	1	0	0	0
AT4G09750	184	122	97	249	289	216
AT4G09760	3023	2699	2805	2192	2094	2154
AT4G09770	24	26	12	22	27	20
AT4G09800	4081	3758	3213	3823	3793	3231
AT4G09810	236	260	241	264	318	248
AT4G09820	32	32	16	102	357	150
AT4G09830	1631	1449	1162	1401	1386	1449
AT4G09840	15	20	9	13	15	15
AT4G09880	0	1	0	1	0	1
AT4G09890	559	467	375	446	474	529
AT4G09900	741	669	649	669	795	744
AT4G09920	32	35	41	43	39	41
AT4G09950	54	28	46	63	142	111
AT4G09960	2	1	0	0	0	0
AT4G09965	3	1	1	2	1	1
AT4G09970	145	108	107	138	249	131
AT4G09980	739	606	697	667	932	798
AT4G09990	19	15	10	22	25	23
AT4G10000	1060	892	892	735	962	876
AT4G10010	0	0	0	0	1	0
AT4G10020	6	7	3	14	13	11
AT4G10030	645	594	554	508	547	535
AT4G10040	637	592	414	874	742	674
AT4G10050	485	440	397	485	495	476
AT4G10060	4871	3919	3416	2847	3003	3554
AT4G10070	464	402	416	451	633	460
AT4G10080	3429	2949	2545	2353	2333	2576
AT4G10090	196	170	162	154	215	124
AT4G10100	498	524	500	555	588	384
AT4G10110	389	332	309	340	365	311
AT4G10112	0	1	0	0	0	0
AT4G10120	2427	1892	1789	1379	2804	2067
AT4G10130	159	132	124	128	166	136
AT4G10140	368	312	306	351	455	324
AT4G10150	55	36	22	22	7	19
AT4G10160	12	10	13	10	9	10
AT4G10170	480	436	466	383	461	437
AT4G10180	1262	990	867	898	1116	1154
AT4G10200	10	10	1	1	6	1
AT4G10230	2	0	0	0	2	7
AT4G10250	0	0	0	2	0	2
AT4G10260	1	2	0	0	2	0
AT4G10265	4	5	1	3	3	4
AT4G10270	47	44	27	26	25	19
AT4G10280	173	144	94	150	158	143
AT4G10290	24	15	12	42	0	36
AT4G10300	1857	1832	2126	1764	2558	1515
AT4G10310	14	15	20	12	14	14
AT4G10320	3414	2795	2634	2596	3234	3121
AT4G10330	236	211	139	198	176	207
AT4G10340	212251	209090	197067	146919	101381	139821
AT4G10360	576	535	439	494	525	491
AT4G10370	0	0	0	1	1	0
AT4G10380	205	191	131	258	336	346
AT4G10390	276	232	95	164	231	180
AT4G10400	157	158	148	162	167	162
AT4G10420	45	32	41	39	51	35
AT4G10430	807	646	562	657	694	744
AT4G10440	0	2	0	3	0	0
AT4G10450	832	732	725	882	936	568
AT4G10470	326	282	356	276	371	257
AT4G10480	2793	2324	2299	2525	2763	2303
AT4G10500	487	415	289	515	762	654
AT4G10507	0	1	0	0	1	0
AT4G10510	1	1	0	0	1	0
AT4G10550	127	121	137	123	171	141
AT4G10560	10	3	5	6	5	5
AT4G10570	664	558	462	523	660	644
AT4G10590	839	652	614	640	829	803
AT4G10600	38	37	21	28	23	22
AT4G10610	1697	1643	1622	1743	1759	1586
AT4G10620	233	192	173	212	318	212
AT4G10630	29	30	11	20	29	31
AT4G10640	2	2	4	2	3	2
AT4G10650	52	28	43	57	63	48
AT4G10695	5	2	4	8	1	7
AT4G10710	1887	1646	1585	1516	1818	1895
AT4G10720	3	5	6	13	18	13
AT4G10730	1952	1601	1458	1437	1961	1933
AT4G10740	1	0	0	0	0	0
AT4G10750	487	470	424	455	413	467
AT4G10760	581	454	470	552	694	587
AT4G10770	2636	2510	1968	1835	1578	2188
AT4G10780	1	2	1	2	0	0
AT4G10790	2055	1708	1478	1454	1590	1830
AT4G10800	133	94	101	119	128	115
AT4G10810	608	581	543	598	634	619
AT4G10840	3028	2542	2613	2430	2612	2905
AT4G10845	5	2	5	4	11	7
AT4G10860	29	12	10	5	7	10
AT4G10890	254	195	151	186	193	193
AT4G10910	21	24	20	6	9	29
AT4G10920	1092	987	965	983	1252	1123
AT4G10925	354	344	269	268	271	260
AT4G10930	821	620	572	626	932	758
AT4G10940	85	68	56	62	106	81
AT4G10950	4	3	4	5	2	5
AT4G10955	340	294	230	375	460	426
AT4G10960	339	293	230	375	458	425
AT4G10970	1306	1021	971	1212	1528	1365
AT4G11000	760	638	669	664	1111	822
AT4G11010	3418	3114	3256	3802	4527	3596
AT4G11040	0	0	0	2	2	2
AT4G11050	16	18	10	11	6	14
AT4G11060	205	149	173	194	244	191
AT4G11070	165	149	57	213	285	175
AT4G11080	154	113	93	85	115	151
AT4G11090	328	293	297	248	297	260
AT4G11100	716	574	626	567	652	612
AT4G11110	1448	1315	1259	1070	1346	1368
AT4G11120	565	518	536	642	677	540
AT4G11130	127	119	121	144	155	143
AT4G11140	27	18	19	16	17	15
AT4G11150	6989	6615	6268	6488	7211	6159
AT4G11160	1161	906	907	1051	1311	1241
AT4G11170	80	63	35	110	156	125
AT4G11175	1066	844	874	746	804	841
AT4G11190	27	15	11	8	1	16
AT4G11210	6	6	5	2	1	2
AT4G11211	405	370	282	335	312	348
AT4G11220	1295	1108	1034	1208	1389	1224
AT4G11230	5	8	6	7	5	4
AT4G11240	953	845	852	876	1173	834
AT4G11250	2	2	5	0	1	3
AT4G11260	4455	3644	3555	3785	4437	4244
AT4G11270	1428	1293	1418	1153	1607	1466
AT4G11280	12773	11985	10460	11668	11259	10268
AT4G11290	604	545	300	298	243	243
AT4G11300	1836	1706	1414	1067	1105	1332
AT4G11310	33	23	17	50	12	34
AT4G11320	1532	1239	624	834	610	748
AT4G11330	1885	1605	1474	1342	1508	1669
AT4G11340	1	5	1	0	5	4
AT4G11350	108	84	39	91	115	147
AT4G11360	1259	1284	1350	1361	1335	1219
AT4G11370	152	173	156	337	355	228
AT4G11380	2888	2506	2472	2350	2931	2965
AT4G11393	0	0	0	2	0	1
AT4G11400	16	14	18	8	13	13
AT4G11410	532	425	516	372	578	518
AT4G11420	4294	3603	3555	3668	4484	3890
AT4G11440	182	148	123	162	256	149
AT4G11450	204	175	149	171	236	175
AT4G11460	23	22	32	17	36	29
AT4G11470	165	122	75	91	105	119
AT4G11480	17	8	2	10	26	14
AT4G11510	2	1	0	0	0	1
AT4G11521	1074	863	649	612	826	704
AT4G11530	300	217	201	193	302	208
AT4G11550	13	7	12	12	15	14
AT4G11560	960	706	711	689	849	839
AT4G11570	5666	4665	3566	3080	2548	3768
AT4G11590	3	7	7	18	17	7
AT4G11600	4176	3895	5282	5702	7648	6177
AT4G11610	0	0	0	1	1	0
AT4G11630	523	449	470	479	605	428
AT4G11640	133	125	123	109	98	119
AT4G11650	1096	955	352	428	266	1275
AT4G11655	11	9	4	2	11	8
AT4G11660	563	476	476	653	869	589
AT4G11670	690	637	597	721	1020	685
AT4G11680	259	235	285	253	419	268
AT4G11690	40	36	35	28	62	44
AT4G11700	4	8	9	8	11	3
AT4G11720	2	2	2	0	5	3
AT4G11740	1055	907	836	820	937	985
AT4G11780	10	9	5	12	8	4
AT4G11790	885	753	647	769	968	835
AT4G11800	1182	1121	1024	1002	1220	1204
AT4G11810	3	3	6	7	4	6
AT4G11820	1455	1287	1245	1218	1208	1365
AT4G11830	2705	2248	2166	1883	2481	2347
AT4G11840	1078	918	978	1096	1804	1176
AT4G11845	92	77	64	51	101	92
AT4G11850	4022	3362	3604	4409	7643	4933
AT4G11860	844	636	637	655	797	761
AT4G11880	5	3	5	1	1	1
AT4G11890	928	860	787	1028	1502	915
AT4G11900	1200	1050	1052	998	1966	1473
AT4G11910	294	202	184	386	306	452
AT4G11911	88	68	31	50	23	63
AT4G11920	149	121	130	152	154	142
AT4G11950	7	4	7	1	10	5
AT4G11960	1347	1032	995	1002	1154	1269
AT4G11970	228	200	225	227	241	215
AT4G11980	457	388	438	416	410	428
AT4G11990	71	46	25	41	44	37
AT4G12000	433	392	269	311	307	310
AT4G12005	9	1	6	2	3	10
AT4G12010	527	459	530	393	746	500
AT4G12020	1037	909	946	672	1184	1062
AT4G12030	1227	1105	1131	980	1215	1162
AT4G12040	2893	2775	2748	3045	3255	3037
AT4G12050	0	3	3	4	2	1
AT4G12060	1624	1679	1711	1555	1816	1562
AT4G12070	876	803	873	1003	1118	970
AT4G12080	133	118	120	101	133	126
AT4G12090	19	20	12	10	40	36
AT4G12100	1	1	3	1	1	2
AT4G12110	761	635	654	623	588	709
AT4G12120	658	547	486	559	884	688
AT4G12130	145	171	138	203	247	181
AT4G12140	0	0	0	2	0	0
AT4G12210	0	0	1	3	4	2
AT4G12230	1441	1192	1188	1176	1452	1259
AT4G12240	59	60	40	54	77	80
AT4G12250	485	486	403	505	630	599
AT4G12270	0	2	0	0	0	0
AT4G12290	2476	2014	3568	3846	6238	4798
AT4G12300	568	518	413	534	470	548
AT4G12310	806	784	791	703	1298	902
AT4G12320	2512	2063	2751	1709	2875	2548
AT4G12330	4	7	6	4	12	2
AT4G12340	1032	793	745	792	914	915
AT4G12350	2	4	1	0	2	3
AT4G12370	1	2	2	0	0	0
AT4G12380	0	2	0	2	1	1
AT4G12382	7	21	26	31	23	16
AT4G12390	152	141	152	175	249	230
AT4G12400	38	43	39	39	79	47
AT4G12410	17	15	9	26	41	30
AT4G12420	4115	3724	4585	3373	3610	4206
AT4G12430	142	113	117	141	185	92
AT4G12432	142	113	117	141	185	92
AT4G12440	13	7	9	5	10	7
AT4G12450	14	12	5	19	8	11
AT4G12460	1200	994	1013	923	872	1080
AT4G12470	390	336	670	1190	1113	492
AT4G12480	848	700	713	1087	373	1132
AT4G12490	594	489	358	380	130	400
AT4G12500	141	118	57	120	60	130
AT4G12510	10	11	13	15	6	13
AT4G12520	19	19	29	24	10	28
AT4G12530	1	1	1	0	0	0
AT4G12540	25	18	22	15	13	25
AT4G12545	6	7	2	2	1	1
AT4G12550	0	1	1	0	0	2
AT4G12560	1072	973	925	801	1037	935
AT4G12570	759	681	613	551	845	680
AT4G12580	4	7	6	17	13	18
AT4G12590	1725	1520	1608	1636	1625	1600
AT4G12600	1226	1214	1019	1428	1682	965
AT4G12610	838	681	690	670	813	877
AT4G12620	124	122	116	88	92	77
AT4G12640	761	630	572	540	682	711
AT4G12650	3264	2997	3218	3099	3544	3425
AT4G12670	281	177	217	135	216	312
AT4G12680	229	232	189	221	253	211
AT4G12690	248	190	260	233	217	243
AT4G12700	291	205	155	237	213	252
AT4G12710	392	382	356	421	494	365
AT4G12720	6463	5968	5392	9769	13752	8046
AT4G12730	3688	3056	3141	2912	2332	3932
AT4G12731	0	0	0	0	1	0
AT4G12735	186	170	48	367	318	180
AT4G12740	20	10	17	18	32	14
AT4G12750	536	453	549	543	820	646
AT4G12760	280	217	217	263	280	242
AT4G12770	1335	1093	1048	1012	1385	1286
AT4G12780	1633	1394	1396	1425	1659	1774
AT4G12790	1567	1514	1322	1646	1853	1580
AT4G12800	92502	99284	95025	86766	74706	90624
AT4G12810	0	1	0	0	0	0
AT4G12830	575	464	619	434	923	462
AT4G12840	149	121	122	146	175	147
AT4G12850	78	80	48	52	53	73
AT4G12870	35	17	12	11	10	20
AT4G12880	1964	1558	1184	1479	1331	1633
AT4G12890	9	9	5	8	2	7
AT4G12900	437	296	437	333	319	371
AT4G12910	911	726	860	807	1205	1117
AT4G12917	260	263	375	222	379	259
AT4G12960	2	0	0	2	1	0
AT4G12970	141	145	91	88	96	78
AT4G12980	1518	1294	789	839	427	852
AT4G12990	154	108	88	122	94	89
AT4G13000	20	18	23	48	65	52
AT4G13010	3751	3333	2611	2702	2145	2865
AT4G13020	2196	1757	1600	1501	1565	1786
AT4G13030	144	128	123	159	181	140
AT4G13040	609	457	425	484	738	508
AT4G13050	593	553	521	459	603	574
AT4G13060	0	1	0	0	0	0
AT4G13070	135	127	148	175	207	153
AT4G13095	0	0	0	0	0	1
AT4G13100	263	245	252	235	298	200
AT4G13110	308	266	197	181	284	293
AT4G13130	12	4	6	7	11	10
AT4G13150	1019	901	844	730	988	876
AT4G13160	236	193	197	170	168	220
AT4G13170	942	998	872	1018	1101	812
AT4G13180	261	235	202	249	284	275
AT4G13190	32	30	23	48	29	45
AT4G13195	162	132	106	123	120	153
AT4G13200	1378	1193	1177	1063	1203	992
AT4G13210	47	43	9	30	25	28
AT4G13220	715	744	691	823	696	569
AT4G13230	0	0	0	0	1	0
AT4G13235	1	3	1	5	9	7
AT4G13240	0	0	0	0	3	1
AT4G13245	2	0	0	1	1	0
AT4G13250	4451	3707	5380	4391	7572	5831
AT4G13260	19	19	20	14	12	8
AT4G13270	849	739	722	735	882	801
AT4G13280	8	4	6	12	25	14
AT4G13290	3	5	3	6	2	3
AT4G13310	1	0	0	0	0	0
AT4G13320	38	42	44	48	90	20
AT4G13330	82	83	96	96	172	103
AT4G13340	12077	10632	12933	10471	14665	18464
AT4G13345	381	333	391	329	488	353
AT4G13350	2619	2185	2650	2246	3364	3296
AT4G13360	1730	1436	1497	1505	1722	1725
AT4G13370	118	94	105	80	106	160
AT4G13390	1	1	1	0	0	0
AT4G13395	2220	1869	1844	2066	2253	2195
AT4G13400	199	184	164	186	280	204
AT4G13410	231	238	214	201	207	400
AT4G13420	2	2	1	2	3	1
AT4G13430	7938	7194	7218	7360	7843	7823
AT4G13440	0	0	1	1	0	0
AT4G13450	5	1	1	0	1	1
AT4G13460	1071	834	822	651	835	923
AT4G13480	0	0	0	1	0	0
AT4G13490	0	0	0	0	1	0
AT4G13493	71	41	21	31	19	27
AT4G13494	337	312	239	225	141	202
AT4G13495	21135	16378	13560	11800	7768	12775
AT4G13500	1322	1173	1409	962	1518	957
AT4G13505	2569	2489	3263	3410	6912	3976
AT4G13510	2841	2774	3738	3860	7841	4279
AT4G13520	1052	972	872	916	1008	887
AT4G13530	1888	1422	1272	1157	1384	1539
AT4G13540	78	52	40	41	56	47
AT4G13550	902	818	765	562	726	853
AT4G13554	2	0	1	2	2	0
AT4G13560	138	129	124	141	129	138
AT4G13564	3	5	0	0	4	7
AT4G13570	537	437	409	259	308	414
AT4G13572	906	784	645	595	392	670
AT4G13575	1559	1230	925	772	438	915
AT4G13580	12	5	14	20	11	16
AT4G13590	2101	1781	1880	1474	1915	1718
AT4G13600	11	4	7	20	17	32
AT4G13615	1879	2216	1847	2416	2266	1939
AT4G13620	4	1	1	0	0	0
AT4G13630	538	424	440	458	497	444
AT4G13640	1176	1082	1077	927	908	1034
AT4G13650	134	105	143	119	238	142
AT4G13660	18	10	11	21	26	29
AT4G13670	1627	1259	1311	1109	1439	1339
AT4G13680	6	2	0	8	8	3
AT4G13690	22	17	16	21	10	25
AT4G13700	0	0	0	3	2	0
AT4G13710	160	151	168	109	174	123
AT4G13720	423	448	486	470	474	360
AT4G13730	663	536	532	514	615	683
AT4G13750	341	305	263	360	649	328
AT4G13770	6183	6041	6036	5118	4721	5122
AT4G13780	2167	1935	1822	1768	2107	2123
AT4G13790	0	0	0	3	0	8
AT4G13800	139	133	75	119	66	159
AT4G13810	1408	1176	1190	1098	1428	1263
AT4G13820	178	158	141	257	379	269
AT4G13830	4023	3319	2959	2215	1969	2569
AT4G13840	4569	3571	3272	3423	3660	3872
AT4G13850	2315	2312	2646	3659	4461	2604
AT4G13860	44	32	18	45	33	58
AT4G13870	171	136	135	136	173	164
AT4G13880	81	80	76	75	82	82
AT4G13885	26	25	30	23	42	32
AT4G13890	32	28	16	30	25	19
AT4G13918	675	559	468	610	850	768
AT4G13920	664	545	457	600	834	758
AT4G13930	3265	3179	3040	2866	3054	2734
AT4G13940	22541	20407	18663	18933	20842	20065
AT4G13950	183	209	154	177	179	155
AT4G13970	554	467	416	417	570	484
AT4G13980	430	357	314	304	368	359
AT4G13990	123	84	59	96	107	113
AT4G13992	11	12	7	19	23	17
AT4G14000	337	332	333	356	382	306
AT4G14010	141	149	105	181	150	172
AT4G14020	288	250	215	433	674	569
AT4G14030	3633	3194	2773	3007	3300	3192
AT4G14040	3742	3474	3482	3101	3121	3300
AT4G14050	76	62	68	93	141	98
AT4G14060	0	0	0	2	3	6
AT4G14070	3565	2894	3350	2569	3288	3230
AT4G14090	262	236	150	711	2873	1337
AT4G14096	148	134	133	157	228	164
AT4G14100	407	343	355	307	382	350
AT4G14103	41	35	43	41	48	45
AT4G14104	2	1	1	1	3	1
AT4G14105	0	0	1	1	0	0
AT4G14110	559	457	430	477	487	518
AT4G14120	40	47	40	57	53	32
AT4G14130	31	25	23	28	21	49
AT4G14140	5	6	2	4	5	9
AT4G14145	332	287	238	263	267	248
AT4G14147	240	202	170	226	260	242
AT4G14150	92	58	42	76	75	85
AT4G14160	2631	2408	2335	2411	2737	2665
AT4G14165	4	0	3	2	1	1
AT4G14170	66	54	50	59	74	57
AT4G14180	28	26	33	19	30	19
AT4G14190	299	263	286	237	243	235
AT4G14200	257	216	175	170	183	193
AT4G14210	3981	3333	3241	2640	2952	3132
AT4G14220	1285	1045	957	1097	1684	1418
AT4G14225	0	0	1	0	1	1
AT4G14230	2581	2264	2690	2150	2416	2436
AT4G14240	1175	932	936	751	782	860
AT4G14250	1	0	0	0	0	2
AT4G14270	2642	2547	3248	2793	2445	2559
AT4G14272	0	2	0	0	0	0
AT4G14290	91	69	64	79	110	82
AT4G14300	1439	1267	1212	1143	1177	1283
AT4G14305	32	32	27	34	30	24
AT4G14310	240	250	195	177	240	275
AT4G14320	2552	2643	2226	3023	3039	1975
AT4G14330	147	122	110	90	147	173
AT4G14340	983	838	769	656	749	823
AT4G14342	686	776	727	724	748	546
AT4G14350	1786	1422	1474	1271	1845	1907
AT4G14358	8	5	2	4	11	10
AT4G14360	2037	1695	1692	1421	1791	1998
AT4G14365	13861	12609	11710	15563	25995	15359
AT4G14368	6	7	3	11	6	11
AT4G14370	1560	1285	1134	1136	1948	1550
AT4G14380	19	18	20	31	22	28
AT4G14385	466	411	423	473	553	390
AT4G14390	53	42	55	48	165	64
AT4G14400	7789	6530	11317	8285	26030	10665
AT4G14403	2	1	3	0	9	3
AT4G14410	1174	952	942	976	1071	958
AT4G14420	1448	1318	1229	1464	1863	1378
AT4G14430	1169	1028	919	1049	1043	1123
AT4G14440	591	567	439	502	403	511
AT4G14450	683	642	434	582	667	397
AT4G14455	324	288	308	308	333	294
AT4G14465	39	30	13	48	18	39
AT4G14480	151	93	114	109	106	108
AT4G14490	40	41	29	39	53	39
AT4G14500	2483	2212	2227	2130	2386	2417
AT4G14510	701	503	574	465	632	638
AT4G14520	333	244	264	243	298	262
AT4G14540	657	435	474	327	415	388
AT4G14548	115	118	106	99	84	71
AT4G14550	357	319	204	245	137	217
AT4G14560	855	775	579	573	399	527
AT4G14570	1147	1179	1183	874	1240	1242
AT4G14580	150	138	175	203	227	247
AT4G14590	63	61	66	67	73	70
AT4G14600	218	217	221	215	235	193
AT4G14605	631	554	435	442	450	504
AT4G14615	665	617	552	625	677	602
AT4G14620	241	200	184	153	130	165
AT4G14622	241	200	184	153	130	165
AT4G14630	59	39	48	42	39	42
AT4G14640	20	12	9	28	33	22
AT4G14650	52	26	22	17	16	32
AT4G14660	182	151	147	172	252	176
AT4G14670	1	0	0	0	0	0
AT4G14680	1900	1793	1423	1809	2234	1635
AT4G14690	4	8	6	5	2	7
AT4G14695	10	8	6	3	2	1
AT4G14700	18	19	19	11	17	16
AT4G14710	2924	2820	2366	2989	3124	2838
AT4G14713	152	117	80	111	110	103
AT4G14716	2420	2171	2620	2794	3628	2929
AT4G14720	359	294	260	287	354	351
AT4G14723	16	8	6	14	8	7
AT4G14730	2	1	1	3	0	0
AT4G14740	782	669	551	553	520	758
AT4G14746	666	543	514	461	461	561
AT4G14750	362	312	293	281	169	325
AT4G14760	2397	1931	1858	1686	1747	2429
AT4G14770	346	262	230	228	252	257
AT4G14780	2	11	4	5	1	3
AT4G14790	317	314	307	302	397	320
AT4G14800	1103	982	981	1221	1329	981
AT4G14805	0	0	0	0	1	0
AT4G14819	4	3	1	6	4	2
AT4G14820	77	61	69	80	127	69
AT4G14830	71	73	87	73	135	59
AT4G14840	124	127	131	99	119	94
AT4G14850	111	91	113	86	139	118
AT4G14860	23	19	10	13	13	20
AT4G14870	1210	1026	1199	807	802	997
AT4G14880	14910	13675	13634	12105	12750	14109
AT4G14890	2309	1863	1997	1636	1859	1950
AT4G14900	1212	1016	806	917	1156	1263
AT4G14905	287	271	232	252	251	247
AT4G14910	769	755	735	689	830	664
AT4G14920	1163	992	946	776	1093	961
AT4G14930	1164	1005	617	862	637	726
AT4G14940	38	30	26	23	28	38
AT4G14950	605	499	490	504	571	531
AT4G14960	12897	12349	14272	13318	17090	13390
AT4G14965	689	639	611	609	765	642
AT4G14970	102	91	63	71	109	106
AT4G14980	6	2	1	1	0	1
AT4G14990	1858	1465	1407	1109	1429	1374
AT4G15000	3595	3529	2917	3707	3559	2862
AT4G15010	508	489	492	517	667	500
AT4G15020	567	523	527	474	634	552
AT4G15030	384	252	253	290	307	310
AT4G15040	2	5	4	6	2	3
AT4G15070	114	122	138	128	192	115
AT4G15075	0	0	1	0	3	1
AT4G15080	779	760	800	717	1177	977
AT4G15090	538	503	447	478	609	502
AT4G15093	238	231	194	187	187	190
AT4G15100	0	2	1	1	6	7
AT4G15110	3117	2381	2752	2167	2426	2568
AT4G15120	24	20	15	19	16	31
AT4G15130	584	471	519	456	600	598
AT4G15140	115	105	93	119	153	99
AT4G15150	54	52	22	114	176	190
AT4G15160	51	33	14	23	27	32
AT4G15165	39	36	30	36	46	27
AT4G15180	2160	1721	1898	1459	2472	2402
AT4G15200	6	10	2	2	0	1
AT4G15210	1473	1128	965	2450	371	1908
AT4G15215	172	135	162	148	276	172
AT4G15230	78	59	53	57	86	63
AT4G15233	576	520	564	562	1084	642
AT4G15236	48	59	30	89	83	79
AT4G15240	350	263	277	272	342	336
AT4G15248	34	26	3	14	0	7
AT4G15258	10	6	8	11	7	8
AT4G15260	791	698	611	615	883	750
AT4G15270	103	96	48	63	82	61
AT4G15280	268	220	94	208	131	202
AT4G15300	0	1	1	0	4	1
AT4G15320	5	3	0	2	3	4
AT4G15330	1	2	1	2	0	0
AT4G15340	0	0	0	0	0	1
AT4G15350	0	0	0	0	0	1
AT4G15380	1	8	1	3	5	2
AT4G15390	1	1	0	10	6	7
AT4G15393	0	0	0	1	1	0
AT4G15396	0	1	2	0	0	2
AT4G15400	0	1	0	1	0	2
AT4G15410	434	435	389	381	479	411
AT4G15415	950	850	785	792	938	825
AT4G15417	32	12	5	21	32	10
AT4G15420	632	541	458	510	510	459
AT4G15430	74	70	32	56	28	44
AT4G15440	356	391	208	272	448	326
AT4G15450	588	442	427	440	466	537
AT4G15460	0	0	0	1	1	0
AT4G15470	4959	4355	4226	4859	6088	5342
AT4G15475	719	674	682	614	706	633
AT4G15480	9	6	5	7	7	6
AT4G15490	738	610	527	572	671	699
AT4G15500	115	78	64	93	75	80
AT4G15510	1025	898	892	687	687	752
AT4G15520	238	245	243	248	308	221
AT4G15530	4293	3468	2425	3865	4515	4918
AT4G15540	2047	1813	1763	1950	2498	2364
AT4G15545	8859	7886	7578	6431	8030	6882
AT4G15550	433	408	290	409	299	287
AT4G15560	17501	15709	12569	12370	8397	13161
AT4G15563	10	15	11	21	37	25
AT4G15570	319	299	253	334	436	310
AT4G15610	320	277	206	322	354	529
AT4G15620	229	179	182	307	457	338
AT4G15630	807	774	771	788	706	761
AT4G15640	398	334	269	438	553	355
AT4G15650	1	0	0	0	0	0
AT4G15660	271	224	200	147	204	173
AT4G15670	126	140	128	100	121	103
AT4G15680	150	128	126	113	142	112
AT4G15690	206	222	218	157	192	141
AT4G15700	373	285	291	286	270	253
AT4G15710	4	5	4	2	1	1
AT4G15720	18	15	19	12	28	13
AT4G15730	141	96	89	122	186	115
AT4G15740	1	1	1	0	0	2
AT4G15750	1	0	1	0	0	0
AT4G15760	765	694	931	645	719	748
AT4G15765	217	191	168	196	192	170
AT4G15770	784	673	612	883	1013	632
AT4G15780	1641	1188	1155	1060	1161	1195
AT4G15790	335	285	284	302	308	266
AT4G15800	1439	1571	1463	1605	2101	1761
AT4G15802	1265	1037	1154	1140	1222	1114
AT4G15810	388	335	300	246	330	322
AT4G15820	298	221	261	213	309	266
AT4G15830	120	108	97	95	129	131
AT4G15840	1082	950	988	919	1160	1033
AT4G15850	120	105	101	150	146	108
AT4G15880	748	644	621	673	916	741
AT4G15890	103	99	105	74	99	82
AT4G15900	1860	1464	1450	1669	2143	1842
AT4G15910	812	727	392	477	351	524
AT4G15920	1840	1614	1438	1513	972	1656
AT4G15930	490	520	464	517	518	493
AT4G15940	628	540	542	587	616	524
AT4G15950	172	143	161	155	174	143
AT4G15953	19	23	11	15	19	22
AT4G15955	302	279	230	223	278	265
AT4G15960	27	19	10	24	37	34
AT4G15970	0	1	3	0	0	1
AT4G15975	265	243	235	281	491	369
AT4G15980	0	0	1	0	0	0
AT4G15990	26	22	21	2	15	17
AT4G16000	174	177	116	127	129	121
AT4G16008	238	202	192	163	278	207
AT4G16015	12	4	11	7	30	20
AT4G16030	0	0	0	0	0	3
AT4G16050	2	0	2	0	0	0
AT4G16060	893	683	877	893	1045	917
AT4G16070	483	382	394	365	458	430
AT4G16080	0	0	0	3	2	0
AT4G16100	264	186	184	184	257	186
AT4G16110	310	243	263	231	335	288
AT4G16120	413	355	441	377	360	441
AT4G16130	1311	1162	1157	962	1110	1160
AT4G16140	380	253	158	189	171	272
AT4G16141	459	306	329	330	338	337
AT4G16143	3285	2735	2564	2731	3270	3123
AT4G16144	627	522	475	468	548	619
AT4G16146	995	896	1409	1407	1954	1321
AT4G16150	3235	2573	2092	2059	2452	2731
AT4G16155	1777	1611	1746	1509	1755	1449
AT4G16160	7	6	1	3	3	6
AT4G16162	14	19	12	17	17	12
AT4G16180	1808	1632	1589	1533	1691	1639
AT4G16190	22646	19447	20038	16617	19805	20575
AT4G16200	2	0	0	0	0	0
AT4G16210	607	531	551	647	634	601
AT4G16215	0	0	0	0	0	1
AT4G16220	1	0	0	0	0	0
AT4G16230	1	0	0	0	1	0
AT4G16240	19	16	22	28	6	13
AT4G16250	922	765	798	704	931	745
AT4G16260	17213	15152	5111	16146	5723	12430
AT4G16265	170	162	106	162	195	144
AT4G16270	12	6	9	2	3	3
AT4G16280	841	706	716	709	798	816
AT4G16310	890	798	811	664	1018	1004
AT4G16330	823	756	717	610	706	721
AT4G16340	1643	1347	1594	1323	2245	1781
AT4G16350	6	8	5	11	12	4
AT4G16355	1	3	0	0	1	2
AT4G16360	945	895	912	924	1213	896
AT4G16370	2761	2621	3014	2588	5187	3316
AT4G16380	2100	2085	1893	2085	2456	2151
AT4G16390	1082	1025	1166	934	1127	988
AT4G16400	2296	2089	2276	1867	2201	1743
AT4G16410	2256	2063	2249	1855	2184	1712
AT4G16420	1043	928	845	919	1125	1009
AT4G16430	873	715	789	737	908	973
AT4G16440	352	304	279	361	386	331
AT4G16442	508	478	393	396	321	428
AT4G16444	282	252	274	301	337	282
AT4G16447	40	21	33	33	66	53
AT4G16450	1607	1686	1573	1775	1821	1387
AT4G16451	0	1	0	1	0	0
AT4G16460	9	7	5	10	4	3
AT4G16470	99	111	82	85	104	75
AT4G16480	329	342	283	311	292	325
AT4G16490	2658	2268	1994	2050	2104	2434
AT4G16500	1467	1338	1307	1303	1132	1525
AT4G16510	207	179	128	186	207	164
AT4G16515	151	130	101	115	107	110
AT4G16520	4962	3838	3231	2793	2559	3488
AT4G16530	267	229	256	279	258	281
AT4G16540	13	19	25	29	39	34
AT4G16550	0	0	1	0	1	0
AT4G16563	165	167	405	398	657	929
AT4G16566	232	208	235	258	259	216
AT4G16570	168	189	175	155	230	179
AT4G16580	722	571	585	587	777	698
AT4G16590	29	14	37	186	86	321
AT4G16600	3	6	5	13	30	20
AT4G16610	7	8	11	3	10	16
AT4G16620	5	7	13	10	17	2
AT4G16630	827	589	586	784	1129	690
AT4G16640	2	3	6	10	21	10
AT4G16650	867	788	704	663	872	853
AT4G16660	4503	3579	3406	3637	5141	4499
AT4G16670	351	304	173	336	318	303
AT4G16680	184	161	97	190	224	145
AT4G16690	174	198	132	78	110	103
AT4G16695	393	326	323	327	350	322
AT4G16700	90	68	76	116	192	109
AT4G16710	639	482	515	551	570	669
AT4G16720	4848	5033	4545	5620	5783	4227
AT4G16730	40	38	4	73	1	145
AT4G16740	98	86	109	127	25	263
AT4G16745	201	181	142	170	168	197
AT4G16750	136	131	106	157	136	133
AT4G16760	4475	3979	2881	3645	3385	3910
AT4G16765	587	479	439	489	586	576
AT4G16770	1083	953	814	864	691	819
AT4G16780	1054	834	737	618	577	712
AT4G16790	305	219	209	284	317	370
AT4G16800	237	210	218	221	241	186
AT4G16807	50	36	22	18	36	31
AT4G16820	77	72	58	49	52	44
AT4G16830	4204	3929	3291	3195	3198	3562
AT4G16835	76	66	63	83	163	86
AT4G16840	118	117	123	95	124	76
AT4G16845	630	514	468	578	591	614
AT4G16850	237	194	230	192	265	271
AT4G16855	0	2	2	3	2	0
AT4G16860	8175	7152	6650	6092	6894	8962
AT4G16880	1036	1049	810	687	426	712
AT4G16890	12451	11018	10425	9536	14712	13159
AT4G16892	115	86	76	95	111	131
AT4G16900	969	857	831	760	1051	914
AT4G16915	8	9	2	1	4	2
AT4G16920	1802	1550	1737	1626	1875	1746
AT4G16940	198	207	182	154	313	260
AT4G16950	10712	9569	8965	8044	10337	11430
AT4G16960	961	768	707	839	1634	1236
AT4G16970	123	119	103	91	106	110
AT4G16980	9094	8349	8473	6647	5551	8783
AT4G16990	11535	9376	9145	7672	9406	10934
AT4G17000	107	83	74	64	102	85
AT4G17010	242	179	214	244	300	265
AT4G17020	418	407	367	408	476	425
AT4G17030	102	96	110	129	200	160
AT4G17040	5600	5068	5145	4574	4766	4711
AT4G17050	1827	1676	1596	1510	1533	1829
AT4G17060	401	356	318	333	375	397
AT4G17070	737	714	695	767	954	750
AT4G17080	710	550	527	510	482	526
AT4G17085	88	110	152	139	124	81
AT4G17090	10970	8652	14599	12607	17790	16557
AT4G17098	2564	2552	3387	2965	3343	2803
AT4G17100	3189	3059	4101	3502	3936	3628
AT4G17140	3594	3033	5433	3283	7674	5385
AT4G17150	964	754	960	876	1283	1065
AT4G17160	30	14	9	15	9	13
AT4G17170	3227	2449	2490	2417	2411	2972
AT4G17180	154	114	113	127	123	128
AT4G17190	677	593	673	595	654	654
AT4G17215	22	16	21	37	25	15
AT4G17220	6	9	3	6	23	15
AT4G17230	12773	11368	10007	10321	14451	13480
AT4G17240	255	230	238	186	272	270
AT4G17245	1177	958	772	731	500	776
AT4G17250	2592	2124	1857	2288	2625	2405
AT4G17260	478	432	457	579	558	483
AT4G17270	1493	1301	1221	1282	1542	1296
AT4G17280	25	31	31	30	25	23
AT4G17300	1595	1266	1462	1247	1439	1299
AT4G17310	129	141	158	156	149	145
AT4G17330	5174	4207	4121	3544	5187	4929
AT4G17340	2744	3032	2449	2021	1507	2236
AT4G17350	176	156	108	141	213	151
AT4G17360	353	301	307	220	366	280
AT4G17370	951	760	836	686	684	851
AT4G17380	15	13	13	21	15	13
AT4G17390	4262	4369	4003	4565	4293	3364
AT4G17410	477	467	435	422	547	556
AT4G17420	393	395	312	352	405	378
AT4G17430	237	175	180	194	231	239
AT4G17440	108	90	88	139	150	126
AT4G17460	476	456	420	386	296	394
AT4G17470	666	593	748	613	568	618
AT4G17480	51	67	71	66	90	73
AT4G17483	24	14	8	13	20	17
AT4G17486	1178	1024	858	1008	1087	1095
AT4G17490	4611	4142	4023	4502	4995	5542
AT4G17500	3575	3226	2486	4246	4550	4634
AT4G17505	0	1	0	0	0	0
AT4G17510	633	527	441	572	516	491
AT4G17520	5022	4173	3905	4169	4877	4559
AT4G17530	1733	1797	1426	1647	1553	1457
AT4G17540	276	234	220	191	234	196
AT4G17550	681	612	530	781	871	1045
AT4G17560	4587	3893	4397	3433	4091	3672
AT4G17565	0	0	0	1	0	0
AT4G17570	1162	1031	972	1015	1247	1101
AT4G17600	4071	3344	3584	2959	3282	3334
AT4G17610	268	240	223	275	369	260
AT4G17615	2224	1873	1807	1929	3250	2925
AT4G17616	317	250	263	244	354	280
AT4G17620	753	568	590	593	764	700
AT4G17640	1628	1433	1497	1316	1390	1363
AT4G17650	451	431	476	456	688	477
AT4G17660	33	46	35	56	104	38
AT4G17670	102	102	113	185	248	134
AT4G17680	62	36	26	51	82	70
AT4G17695	146	145	119	166	217	206
AT4G17710	0	1	0	0	2	0
AT4G17720	1550	1347	1023	1562	1966	1463
AT4G17730	1178	1105	1039	984	1143	985
AT4G17740	920	780	851	743	979	742
AT4G17750	176	111	121	146	174	147
AT4G17760	39	30	26	33	26	17
AT4G17770	843	727	643	1585	2592	2124
AT4G17780	2	0	0	1	1	0
AT4G17788	0	2	3	0	2	0
AT4G17790	369	375	314	393	346	353
AT4G17800	4	3	1	1	0	1
AT4G17810	375	309	323	237	184	272
AT4G17830	1965	1591	1482	1609	1952	1811
AT4G17840	2710	2405	1647	1695	1365	1836
AT4G17860	29	34	14	36	21	35
AT4G17870	1157	1086	1039	865	837	1077
AT4G17880	440	358	325	341	320	439
AT4G17890	1237	1099	963	1005	950	998
AT4G17895	310	311	314	252	364	307
AT4G17900	2861	2402	2375	2703	3317	2922
AT4G17905	34	23	25	35	64	61
AT4G17910	298	280	277	411	477	282
AT4G17920	30	19	22	24	9	21
AT4G17940	1513	1075	1172	1204	1135	1358
AT4G17950	1255	964	989	937	1143	1212
AT4G17960	177	142	160	164	172	203
AT4G17970	199	181	175	141	200	197
AT4G17980	2	3	2	4	8	7
AT4G18010	3738	2907	3087	3056	5118	4702
AT4G18020	1026	906	808	922	1087	1133
AT4G18030	4597	3668	3913	3554	3845	4949
AT4G18040	1054	899	912	1122	1247	1021
AT4G18050	151	111	134	147	147	197
AT4G18060	1061	994	989	954	1005	1003
AT4G18070	2149	2026	2094	2340	2693	2569
AT4G18080	1	2	0	3	0	0
AT4G18090	6	6	0	0	4	3
AT4G18100	4733	4344	3832	4578	4606	3306
AT4G18110	0	0	0	0	1	0
AT4G18120	2908	2737	2688	2788	3526	3266
AT4G18130	1254	1083	955	872	1018	1168
AT4G18140	613	457	492	422	547	522
AT4G18150	1	2	1	4	0	4
AT4G18160	449	363	316	304	250	309
AT4G18170	105	86	69	79	57	114
AT4G18180	0	0	0	2	0	0
AT4G18190	2	0	2	1	0	3
AT4G18195	186	172	158	135	227	174
AT4G18197	4276	3971	4430	4685	5369	5115
AT4G18205	7085	6458	8117	7906	10239	8148
AT4G18210	618	447	490	371	381	476
AT4G18220	726	546	617	572	531	805
AT4G18230	430	381	416	412	419	394
AT4G18240	4303	3675	4951	3016	4610	4344
AT4G18250	1729	1595	1271	1851	3007	1839
AT4G18260	297	240	252	212	261	258
AT4G18270	450	485	371	411	369	466
AT4G18280	847	873	870	788	756	889
AT4G18290	114	90	85	90	94	101
AT4G18300	198	175	153	168	188	210
AT4G18310	0	0	0	0	1	0
AT4G18320	0	1	0	0	0	0
AT4G18330	0	1	4	0	0	1
AT4G18340	240	184	137	219	244	344
AT4G18350	2	2	2	5	5	5
AT4G18360	90	76	42	99	95	177
AT4G18370	1208	1095	1280	982	1236	1060
AT4G18372	100	132	105	114	131	99
AT4G18375	96	79	79	71	93	88
AT4G18380	288	268	315	234	230	252
AT4G18390	1487	1314	1252	1222	1304	1590
AT4G18395	4	3	2	1	1	5
AT4G18400	145	232	216	229	203	155
AT4G18422	36	34	82	137	193	108
AT4G18425	12	11	6	9	22	16
AT4G18430	103	67	43	95	125	75
AT4G18440	15848	13225	11993	9510	7388	10553
AT4G18460	148	128	123	142	163	131
AT4G18465	430	395	333	368	458	375
AT4G18470	57	45	34	52	65	46
AT4G18480	11596	9238	10052	8356	8224	9676
AT4G18490	73	68	70	55	48	53
AT4G18500	5	5	2	3	1	4
AT4G18501	5	11	6	6	6	7
AT4G18510	5	7	1	4	1	5
AT4G18520	591	434	567	464	508	643
AT4G18530	696	604	596	704	749	810
AT4G18540	99	95	68	74	80	49
AT4G18550	12	5	5	12	16	12
AT4G18570	1191	997	1088	970	1074	1226
AT4G18580	251	190	185	222	240	246
AT4G18590	343	374	374	346	431	286
AT4G18593	370	276	312	326	366	335
AT4G18596	4	6	1	2	2	1
AT4G18600	873	757	722	551	857	797
AT4G18610	25	15	17	24	19	24
AT4G18630	48	69	30	69	64	82
AT4G18640	197	176	145	159	176	213
AT4G18660	0	1	0	0	1	0
AT4G18670	2568	2102	1835	1763	1269	2367
AT4G18680	0	0	1	0	0	0
AT4G18692	0	0	0	1	0	0
AT4G18700	2782	2112	2088	1866	1936	2541
AT4G18710	5595	4826	4933	4639	5561	5102
AT4G18720	0	0	0	0	1	0
AT4G18730	3610	3025	2806	3125	3182	2441
AT4G18740	604	565	568	388	307	447
AT4G18750	86	71	88	73	86	106
AT4G18760	646	474	510	403	473	596
AT4G18770	13	12	16	15	21	3
AT4G18780	91	80	89	95	145	125
AT4G18790	0	0	0	2	0	0
AT4G18800	374	363	356	335	517	334
AT4G18810	1808	1485	1740	1431	2016	1698
AT4G18820	859	721	736	622	782	786
AT4G18823	0	0	1	0	1	0
AT4G18830	126	79	94	63	70	87
AT4G18840	57	54	56	64	95	53
AT4G18870	0	5	1	6	5	2
AT4G18880	6238	5625	5889	7465	10214	6573
AT4G18890	473	400	365	484	737	538
AT4G18905	834	703	687	832	1069	839
AT4G18910	352	285	298	272	283	307
AT4G18920	0	0	0	0	2	0
AT4G18930	2144	1899	2023	2370	2276	2593
AT4G18940	0	1	1	0	1	2
AT4G18950	2294	1899	2053	2685	4678	3181
AT4G18960	16	21	10	5	6	5
AT4G18970	2203	1842	1745	1538	997	1587
AT4G18975	1007	899	910	735	736	836
AT4G18980	23	25	20	23	46	50
AT4G18990	37	21	24	38	32	32
AT4G19000	21	19	18	18	25	19
AT4G19003	678	612	609	679	755	700
AT4G19006	970	904	893	939	995	932
AT4G19010	276	262	253	268	305	245
AT4G19020	982	828	629	636	829	853
AT4G19030	9	3	2	5	9	11
AT4G19040	1070	983	853	967	1079	1115
AT4G19045	220	159	179	155	210	174
AT4G19050	67	60	47	63	95	93
AT4G19060	380	343	290	284	357	348
AT4G19070	280	265	244	215	304	295
AT4G19080	36	14	24	26	35	37
AT4G19090	95	115	109	102	136	111
AT4G19095	12	9	14	6	7	14
AT4G19100	647	607	707	516	582	541
AT4G19110	6714	5585	5515	5859	8006	7096
AT4G19112	6713	5585	5515	5852	8004	7093
AT4G19120	3049	2531	4570	3249	4338	4031
AT4G19130	38	27	33	35	35	36
AT4G19140	778	738	673	734	857	816
AT4G19150	441	345	381	341	394	382
AT4G19160	2588	2325	2180	1837	1843	2194
AT4G19170	13847	12457	7424	5614	1983	6671
AT4G19180	576	563	568	508	652	527
AT4G19185	297	316	386	373	405	351
AT4G19190	834	618	573	585	720	760
AT4G19191	58	40	57	38	75	70
AT4G19200	9142	9441	9529	8067	9054	8690
AT4G19210	2878	2619	2439	2474	2964	2596
AT4G19220	25	35	24	24	40	33
AT4G19230	369	327	341	339	643	709
AT4G19350	583	558	472	550	532	518
AT4G19360	1	0	0	1	0	0
AT4G19370	254	191	144	162	218	147
AT4G19380	99	68	69	93	71	75
AT4G19390	855	726	939	1078	1509	1158
AT4G19395	6	12	6	12	16	15
AT4G19400	137	117	99	125	133	112
AT4G19410	5481	5035	6775	5314	7057	5211
AT4G19420	6699	5868	5589	4490	4205	5288
AT4G19430	52	32	31	11	7	21
AT4G19440	240	199	248	213	388	243
AT4G19450	1415	1209	1175	1442	2280	1819
AT4G19460	47	45	19	23	32	48
AT4G19470	1	0	0	0	0	0
AT4G19480	1	0	0	0	0	0
AT4G19490	1821	1604	1631	1413	2010	1593
AT4G19500	1611	1350	1490	1131	1720	1436
AT4G19510	2149	1821	1852	1713	2545	2186
AT4G19520	6285	5707	5802	6669	11219	9445
AT4G19530	2840	2598	3440	2057	3060	3095
AT4G19540	276	272	288	278	369	323
AT4G19550	120	99	105	111	150	106
AT4G19560	89	79	65	63	58	69
AT4G19570	2	0	2	4	3	1
AT4G19580	0	0	1	0	0	1
AT4G19590	13	10	7	11	11	16
AT4G19600	696	613	566	602	787	651
AT4G19610	657	566	528	581	802	631
AT4G19630	0	2	0	0	2	0
AT4G19640	2081	1839	1647	1841	2144	2018
AT4G19645	88	108	94	115	125	79
AT4G19650	112	82	89	112	147	113
AT4G19660	982	884	1063	840	1408	934
AT4G19670	1317	1004	1034	1024	1133	1087
AT4G19700	311	306	282	268	310	215
AT4G19710	2173	1885	1853	1702	2211	1760
AT4G19720	0	1	2	2	2	0
AT4G19740	0	0	0	0	1	0
AT4G19750	2	0	1	0	0	0
AT4G19760	0	0	0	0	1	0
AT4G19800	1	0	0	0	0	0
AT4G19810	216	170	215	330	263	415
AT4G19820	19	9	10	17	8	19
AT4G19829	1	4	7	7	3	1
AT4G19830	435	338	404	339	348	326
AT4G19840	3593	2829	3005	3395	4590	4675
AT4G19850	24	9	16	8	13	16
AT4G19860	3469	3288	2818	2471	2637	2559
AT4G19865	93	102	105	66	92	99
AT4G19870	167	135	151	157	237	167
AT4G19880	1743	1570	1835	1789	2369	1947
AT4G19890	146	111	117	113	158	116
AT4G19900	420	303	334	281	360	361
AT4G19920	1	0	0	0	0	0
AT4G19925	3	0	0	0	1	0
AT4G19950	128	124	100	115	123	145
AT4G19960	1784	1482	1529	1203	1776	1900
AT4G19970	67	40	32	44	50	48
AT4G19980	0	0	0	1	0	0
AT4G19985	612	508	565	466	550	495
AT4G19990	569	420	436	428	635	562
AT4G20000	98	89	61	102	109	80
AT4G20006	2	2	0	2	1	0
AT4G20010	875	823	793	947	1078	815
AT4G20020	767	564	571	920	1201	745
AT4G20030	277	269	259	232	219	195
AT4G20040	15	19	16	14	9	23
AT4G20050	16	13	18	14	10	9
AT4G20060	159	154	142	149	161	146
AT4G20070	531	425	295	239	240	322
AT4G20080	0	0	0	0	1	0
AT4G20090	132	120	133	118	159	128
AT4G20110	1187	993	742	874	1147	1134
AT4G20130	1355	1162	1303	1042	1133	1116
AT4G20140	124	90	132	58	57	64
AT4G20150	2137	2221	2134	2428	2410	1966
AT4G20160	0	0	0	0	1	0
AT4G20170	1154	919	629	1050	1429	1457
AT4G20190	17	10	0	15	34	22
AT4G20220	0	0	1	0	0	0
AT4G20230	14	14	8	9	11	16
AT4G20235	1	2	1	3	1	0
AT4G20240	5	5	12	4	13	3
AT4G20250	1	0	0	0	0	0
AT4G20260	14084	10811	13082	10985	10237	15506
AT4G20270	411	334	367	464	941	706
AT4G20280	591	470	440	506	514	557
AT4G20290	7	2	2	3	1	3
AT4G20300	1169	933	848	807	874	1078
AT4G20310	227	217	155	188	194	166
AT4G20320	557	403	297	348	692	425
AT4G20325	151	96	129	125	207	135
AT4G20330	958	719	774	768	832	913
AT4G20340	281	236	211	217	275	250
AT4G20350	47	42	34	43	40	33
AT4G20360	27930	22819	23538	18344	22492	24054
AT4G20362	24	18	17	24	15	11
AT4G20370	1	1	0	0	0	0
AT4G20380	1278	1138	1075	1254	1342	1400
AT4G20390	23	27	28	33	25	36
AT4G20400	1495	1349	1311	1201	1409	1406
AT4G20410	1338	1195	1220	1208	1195	1335
AT4G20420	47	40	35	32	43	36
AT4G20430	401	386	384	335	375	349
AT4G20440	674	874	807	1096	1209	819
AT4G20450	1	2	0	0	2	0
AT4G20460	58	72	40	95	89	76
AT4G20470	5	3	5	3	4	2
AT4G20480	833	695	679	952	1081	821
AT4G20520	0	0	1	3	1	0
AT4G20590	1	0	0	0	0	0
AT4G20610	0	0	0	0	1	0
AT4G20640	0	0	0	0	0	1
AT4G20690	3	5	4	4	6	1
AT4G20700	0	0	0	0	1	0
AT4G20720	592	413	493	397	506	481
AT4G20740	102	97	90	76	153	112
AT4G20760	757	721	750	674	831	651
AT4G20770	21	15	16	12	35	16
AT4G20780	709	634	915	744	1147	658
AT4G20800	0	0	1	0	0	0
AT4G20820	258	225	157	204	233	330
AT4G20830	15307	11835	12352	15993	25396	18722
AT4G20840	536	427	459	374	457	502
AT4G20850	7717	6495	5849	5077	6347	6815
AT4G20860	2932	2226	2142	2796	3694	3204
AT4G20870	768	683	689	606	717	670
AT4G20880	922	844	874	822	1062	1118
AT4G20890	2586	2455	4016	3378	6094	3870
AT4G20900	3	4	1	0	1	3
AT4G20910	290	244	240	262	410	331
AT4G20920	2	7	2	7	7	6
AT4G20930	421	390	351	360	347	416
AT4G20940	539	431	438	332	342	463
AT4G20960	966	804	881	720	762	829
AT4G20970	12	9	23	9	10	20
AT4G20980	1825	1572	1410	1759	2208	1842
AT4G20990	1	3	4	1	0	2
AT4G21060	231	192	166	166	181	182
AT4G21065	45	35	35	40	72	48
AT4G21070	198	164	163	145	162	181
AT4G21090	275	229	207	299	338	272
AT4G21100	671	539	518	569	746	611
AT4G21105	2422	2874	2728	3224	3327	2238
AT4G21110	880	797	773	810	864	714
AT4G21120	143	120	76	93	129	123
AT4G21130	0	0	0	0	0	1
AT4G21140	187	122	146	170	235	158
AT4G21150	2608	2499	2681	2706	3753	2666
AT4G21160	1158	1115	1161	1180	1339	964
AT4G21170	98	88	78	113	153	114
AT4G21180	1347	1095	1000	995	1121	1220
AT4G21190	496	393	405	356	378	381
AT4G21192	262	273	243	273	314	230
AT4G21200	6	14	10	24	72	24
AT4G21210	5593	4576	5442	4603	6456	5893
AT4G21213	0	0	2	0	0	1
AT4G21215	1033	748	967	802	801	962
AT4G21220	46	54	62	41	78	57
AT4G21230	26	32	22	36	61	29
AT4G21250	1	3	1	1	0	2
AT4G21270	192	149	105	105	154	147
AT4G21280	26514	27970	28496	23748	22452	21210
AT4G21300	62	40	52	48	71	64
AT4G21310	62	51	48	62	87	68
AT4G21320	54	54	41	43	37	33
AT4G21323	19	5	6	12	18	17
AT4G21326	676	600	508	517	593	686
AT4G21330	0	0	0	0	1	0
AT4G21340	1	0	0	0	0	0
AT4G21350	414	288	248	225	222	324
AT4G21380	1109	859	1104	1271	2618	1653
AT4G21390	881	837	575	957	1308	824
AT4G21400	427	381	344	418	529	477
AT4G21410	389	375	373	336	622	403
AT4G21430	529	434	444	393	476	457
AT4G21440	59	58	36	44	49	57
AT4G21445	328	250	297	194	296	221
AT4G21450	2363	1928	1646	1793	2214	1910
AT4G21460	551	425	454	396	448	430
AT4G21470	685	642	619	731	789	809
AT4G21480	66	50	53	49	44	53
AT4G21490	4	10	4	18	14	9
AT4G21500	30	28	23	28	38	38
AT4G21510	117	106	116	102	77	70
AT4G21520	187	165	128	174	223	158
AT4G21530	225	201	173	180	235	172
AT4G21534	374	315	351	330	600	401
AT4G21540	912	841	839	807	1026	883
AT4G21550	124	103	86	131	147	150
AT4G21560	1313	1306	1340	1320	1726	1382
AT4G21570	7790	7052	6986	6679	8286	8260
AT4G21580	1559	1288	1146	1265	1508	1496
AT4G21585	270	200	204	188	217	223
AT4G21590	13	11	5	3	2	4
AT4G21600	2	7	3	4	3	2
AT4G21610	133	122	115	138	161	164
AT4G21620	1261	1122	1363	1343	1438	1083
AT4G21640	59	33	15	34	45	52
AT4G21650	956	772	552	768	617	1020
AT4G21660	3029	2301	2163	2241	2357	2688
AT4G21670	786	731	676	695	992	879
AT4G21680	405	388	188	326	197	334
AT4G21700	436	364	394	384	594	482
AT4G21705	176	165	152	149	153	148
AT4G21710	2286	1930	1761	1734	2241	2044
AT4G21720	146	127	151	135	189	171
AT4G21740	568	491	376	452	492	598
AT4G21745	1	1	2	1	3	5
AT4G21750	2539	2114	2366	1781	1992	2418
AT4G21760	220	188	195	128	101	144
AT4G21770	575	512	482	382	497	482
AT4G21780	23	23	25	20	21	19
AT4G21790	3031	2672	2302	2501	2421	2640
AT4G21800	803	694	612	694	869	786
AT4G21810	1506	1215	1116	1075	1031	1194
AT4G21820	96	77	68	43	67	97
AT4G21830	560	499	72	619	213	958
AT4G21840	251	258	94	357	314	400
AT4G21850	1254	1150	431	1392	1743	1455
AT4G21860	4091	3607	3680	3319	3579	3490
AT4G21865	95	70	49	71	78	53
AT4G21870	132	118	174	152	148	115
AT4G21880	180	138	140	146	184	151
AT4G21890	49	47	87	36	63	62
AT4G21900	234	222	161	184	225	209
AT4G21903	171	161	127	242	400	197
AT4G21910	2002	1749	1531	2151	3253	3467
AT4G21920	95	73	86	57	65	74
AT4G21926	114	90	61	60	50	72
AT4G21930	80	91	44	45	50	73
AT4G21940	272	246	188	272	322	315
AT4G21950	1	4	1	8	7	5
AT4G21960	102682	92616	77167	93155	95836	109916
AT4G21970	32	23	13	20	5	12
AT4G21980	979	878	747	899	988	827
AT4G21990	2535	2092	1531	3129	3767	3198
AT4G22000	742	571	517	636	662	653
AT4G22010	1791	1721	1768	1499	1276	1925
AT4G22030	8	10	5	4	2	8
AT4G22050	4	2	2	5	2	4
AT4G22070	23	16	14	15	14	32
AT4G22100	0	2	0	0	0	0
AT4G22120	348	284	302	274	305	299
AT4G22130	702	663	457	547	565	527
AT4G22140	625	495	448	521	578	538
AT4G22150	866	730	716	736	785	764
AT4G22160	291	247	256	245	231	219
AT4G22170	19	12	6	5	8	8
AT4G22190	1645	1412	1066	1286	1035	1597
AT4G22200	1129	883	678	656	585	831
AT4G22212	6	5	6	3	6	5
AT4G22214	2	0	0	0	1	2
AT4G22220	3694	3643	3325	4021	4543	3578
AT4G22230	7	19	10	10	2	3
AT4G22233	7	10	10	7	6	5
AT4G22235	6	10	5	4	4	5
AT4G22240	6065	5174	4523	5382	5611	5791
AT4G22250	82	72	61	68	74	66
AT4G22260	1405	1367	1289	1330	1634	1377
AT4G22270	127	129	101	172	147	134
AT4G22280	38	38	35	46	56	32
AT4G22285	880	775	832	808	1110	931
AT4G22290	817	693	662	583	506	628
AT4G22300	278	270	288	275	323	236
AT4G22305	349	327	388	354	636	317
AT4G22310	1445	1351	1264	1492	1462	1239
AT4G22320	121	79	88	98	129	110
AT4G22330	1399	1257	1194	1241	1312	1220
AT4G22340	278	268	216	241	311	255
AT4G22350	391	322	298	292	443	368
AT4G22360	842	704	688	552	609	697
AT4G22370	5	6	5	8	13	8
AT4G22380	364	355	335	474	526	307
AT4G22390	27	13	20	22	22	13
AT4G22410	74	23	63	84	89	49
AT4G22440	0	0	0	1	2	0
AT4G22460	2	0	1	1	0	0
AT4G22470	1761	1470	1095	1394	630	2037
AT4G22485	1109	882	302	699	649	817
AT4G22490	549	536	193	429	391	389
AT4G22505	1021	797	318	1004	777	970
AT4G22510	233	234	53	144	120	70
AT4G22513	359	356	101	241	201	162
AT4G22517	273	255	63	121	112	81
AT4G22520	160	88	50	66	91	54
AT4G22530	220	199	228	287	364	199
AT4G22540	3381	2664	2820	2228	2711	2720
AT4G22550	146	155	158	138	114	162
AT4G22560	55	63	45	49	38	42
AT4G22570	1505	1302	853	849	488	940
AT4G22580	663	584	599	599	760	775
AT4G22590	1311	1075	994	1292	2256	1541
AT4G22592	1311	1075	994	1292	2256	1541
AT4G22600	0	0	0	1	0	0
AT4G22610	5	6	0	10	1	1
AT4G22620	55	31	36	36	48	56
AT4G22630	0	2	0	0	0	1
AT4G22640	1	1	0	0	2	2
AT4G22666	0	1	0	0	0	0
AT4G22670	2879	2816	2730	3079	3885	3110
AT4G22680	10	5	1	2	7	3
AT4G22690	26999	25839	24967	29413	33342	29813
AT4G22700	1	0	2	0	0	0
AT4G22710	10143	9837	9534	11399	13401	11376
AT4G22720	454	430	380	452	550	456
AT4G22730	125	121	126	165	150	153
AT4G22740	1098	906	869	917	1048	957
AT4G22745	465	368	336	324	342	342
AT4G22750	1259	1252	1087	1107	1169	1015
AT4G22753	2259	2163	1765	1721	1897	1886
AT4G22756	350	289	288	272	284	334
AT4G22758	53	45	41	77	42	60
AT4G22760	39	44	39	44	51	54
AT4G22770	86	81	108	115	238	138
AT4G22780	4632	3731	3023	3563	4753	4241
AT4G22790	44	38	58	49	46	66
AT4G22810	0	1	0	6	1	3
AT4G22820	844	781	693	911	1111	887
AT4G22830	536	525	574	538	552	502
AT4G22840	362	293	279	331	423	334
AT4G22850	205	149	139	162	175	178
AT4G22860	82	61	47	48	68	92
AT4G22870	7	9	4	10	67	17
AT4G22880	483	373	139	657	3487	1456
AT4G22890	11852	11609	10083	7921	7297	8227
AT4G22900	8	5	7	2	8	14
AT4G22910	319	244	271	250	314	296
AT4G22920	848	650	488	788	695	868
AT4G22930	1112	952	1050	952	1096	948
AT4G22940	10	4	6	16	21	17
AT4G22950	136	93	115	162	173	163
AT4G22960	9	11	10	34	12	17
AT4G22970	172	133	124	122	208	163
AT4G22980	409	338	348	489	866	634
AT4G22990	901	793	796	646	708	758
AT4G23000	217	192	274	238	402	415
AT4G23010	2840	2451	2599	3446	4123	4091
AT4G23020	237	179	158	132	127	177
AT4G23030	166	118	99	182	203	158
AT4G23040	562	487	472	499	483	521
AT4G23050	786	604	533	614	791	748
AT4G23060	625	601	500	506	641	640
AT4G23070	1	3	3	0	1	4
AT4G23100	10274	8773	8412	8020	9523	9563
AT4G23130	706	619	598	802	1245	1046
AT4G23140	2770	2394	1951	3149	5967	3315
AT4G23150	1078	940	704	885	1706	954
AT4G23160	487	397	323	509	757	434
AT4G23170	2643	2443	2680	3134	4891	3626
AT4G23180	17393	14914	13391	13034	18182	16838
AT4G23190	2132	1836	1447	2301	3042	2449
AT4G23200	364	357	323	741	1157	734
AT4G23205	1	2	6	0	11	7
AT4G23210	340	316	265	403	403	390
AT4G23220	3439	3075	2672	3383	5542	4329
AT4G23230	692	671	544	667	1132	820
AT4G23240	109	103	113	128	196	174
AT4G23250	2137	1666	1566	2207	3334	2509
AT4G23260	2315	1962	2056	2010	3185	2392
AT4G23270	3623	3081	3437	3248	4335	4176
AT4G23271	22	30	40	21	26	31
AT4G23280	67	62	32	75	138	65
AT4G23290	1309	1095	1000	629	418	818
AT4G23300	1187	1036	943	684	594	916
AT4G23310	241	217	163	415	661	346
AT4G23320	304	247	194	306	482	334
AT4G23330	411	353	312	383	406	440
AT4G23340	4	4	2	6	6	8
AT4G23350	0	1	1	0	0	2
AT4G23370	0	0	1	0	0	0
AT4G23390	0	0	0	0	1	0
AT4G23400	6317	6170	7306	5399	4651	5849
AT4G23410	27	31	36	46	74	75
AT4G23420	65	50	41	90	88	92
AT4G23430	650	563	554	686	661	711
AT4G23440	339	317	293	233	253	259
AT4G23450	101	69	78	91	121	115
AT4G23460	2134	2108	2198	2225	3137	2512
AT4G23470	4201	4230	3947	4788	6441	4766
AT4G23490	170	155	119	152	124	156
AT4G23493	13	15	14	20	30	20
AT4G23496	8	4	6	5	3	10
AT4G23500	290	260	219	286	253	374
AT4G23510	0	2	1	3	3	0
AT4G23515	6	3	1	5	10	3
AT4G23520	3	0	0	0	0	0
AT4G23530	1029	869	828	893	1014	988
AT4G23540	722	561	619	752	1131	658
AT4G23550	40	49	64	60	52	47
AT4G23560	0	1	0	1	1	0
AT4G23570	2512	1985	2001	2857	3827	2741
AT4G23590	0	0	1	0	1	2
AT4G23600	13268	11662	9699	28028	18478	35430
AT4G23610	833	629	478	815	1262	952
AT4G23620	326	312	250	471	525	316
AT4G23630	4929	4282	3295	4800	4499	4782
AT4G23640	1665	1477	1568	1351	1737	1566
AT4G23650	4330	3348	3454	3479	4047	4213
AT4G23660	319	302	235	277	310	276
AT4G23670	19181	15298	12236	15964	13903	24236
AT4G23680	150	137	75	527	358	782
AT4G23690	60	33	39	51	51	58
AT4G23700	227	217	140	194	356	356
AT4G23710	1083	939	1002	1056	1112	1030
AT4G23713	0	1	0	0	1	0
AT4G23720	16	17	10	13	20	14
AT4G23730	1269	1155	1028	896	1032	956
AT4G23740	1061	927	985	832	824	822
AT4G23750	229	190	186	159	221	190
AT4G23760	214	234	207	307	283	178
AT4G23770	74	71	67	44	45	54
AT4G23780	0	2	0	0	0	0
AT4G23790	706	615	515	508	570	562
AT4G23800	1272	1076	976	1144	1288	1275
AT4G23810	13959	11109	9579	10837	13977	11527
AT4G23820	4187	3537	4518	2955	2697	4024
AT4G23840	302	212	226	255	266	191
AT4G23850	9234	8128	7362	6740	8504	8292
AT4G23860	638	628	531	639	801	617
AT4G23870	579	527	495	401	293	424
AT4G23880	1321	1025	786	657	632	721
AT4G23882	50	46	25	14	7	11
AT4G23885	252	237	177	233	286	265
AT4G23890	5112	4080	3952	3248	3421	4041
AT4G23895	572	466	457	463	594	554
AT4G23900	177	148	136	175	247	199
AT4G23910	677	574	620	614	788	578
AT4G23920	352	357	404	357	457	408
AT4G23930	45	54	59	44	61	51
AT4G23940	1343	1033	1172	893	1310	1121
AT4G23950	95	110	115	121	188	116
AT4G23960	5	3	0	6	1	0
AT4G23970	2	1	0	3	0	1
AT4G23980	918	754	661	603	766	764
AT4G23990	228	211	184	380	412	418
AT4G24000	265	248	142	494	369	809
AT4G24010	134	139	69	135	140	150
AT4G24015	154	128	180	166	227	159
AT4G24020	2094	1946	1889	1514	1815	1827
AT4G24026	23	26	16	14	12	28
AT4G24030	14	18	8	11	8	6
AT4G24040	207	180	195	156	183	168
AT4G24050	118	89	64	75	61	63
AT4G24060	604	481	476	639	848	742
AT4G24080	3	4	2	7	6	3
AT4G24090	820	693	765	676	753	690
AT4G24100	597	483	461	482	640	648
AT4G24110	406	353	318	390	313	372
AT4G24120	412	421	523	500	541	562
AT4G24130	46	49	40	64	48	46
AT4G24140	38	39	44	51	58	50
AT4G24150	19	16	7	13	10	7
AT4G24160	1398	1320	1285	1696	2486	1652
AT4G24170	3	7	7	8	12	4
AT4G24175	158	119	148	128	182	150
AT4G24180	11	7	3	8	5	10
AT4G24190	11230	8924	8913	9494	13475	12117
AT4G24200	828	778	761	694	1051	929
AT4G24204	0	2	0	0	0	0
AT4G24210	440	351	311	364	351	400
AT4G24220	6800	6382	6470	6124	6545	7513
AT4G24230	1312	1103	1080	856	791	1099
AT4G24240	302	268	306	280	607	382
AT4G24250	23	23	9	45	63	63
AT4G24260	16	8	9	8	15	19
AT4G24265	31	27	24	31	38	27
AT4G24270	685	534	513	644	902	622
AT4G24275	228	222	159	156	139	145
AT4G24280	9615	8092	8197	7471	9026	8061
AT4G24290	2403	2005	1852	1778	2450	2334
AT4G24310	4	5	0	0	4	0
AT4G24320	43	41	29	53	55	38
AT4G24330	2066	1806	1742	1880	2265	1987
AT4G24340	417	381	73	495	17	241
AT4G24350	7178	6058	3383	6619	4005	5120
AT4G24370	342	348	343	373	409	336
AT4G24380	3671	3263	2886	4046	4795	4276
AT4G24390	2538	2289	2087	2638	3095	2788
AT4G24400	959	770	808	968	1140	1065
AT4G24410	4	4	6	4	5	3
AT4G24415	44	63	61	61	87	67
AT4G24420	1	0	0	2	1	1
AT4G24430	7	7	9	13	21	22
AT4G24440	669	585	565	699	744	563
AT4G24450	595	572	494	615	1109	810
AT4G24460	843	761	824	677	861	775
AT4G24470	724	629	582	729	824	664
AT4G24480	392	340	323	341	483	335
AT4G24490	633	557	639	651	764	564
AT4G24500	366	257	308	279	282	308
AT4G24510	744	634	713	606	576	626
AT4G24520	4650	4035	3597	2997	3635	3679
AT4G24530	438	395	395	366	437	457
AT4G24540	568	468	351	476	479	462
AT4G24550	1848	1568	1480	1405	1604	1686
AT4G24560	1209	940	1029	950	1428	1091
AT4G24565	0	0	0	0	3	0
AT4G24570	23699	21964	21757	24526	27254	26966
AT4G24580	74	83	84	80	83	48
AT4G24590	348	310	266	324	399	351
AT4G24600	0	1	1	0	0	2
AT4G24610	412	306	428	375	425	429
AT4G24620	3156	2595	2715	2337	3038	2796
AT4G24630	587	523	433	409	495	461
AT4G24660	223	235	192	179	178	225
AT4G24670	218	198	124	118	113	131
AT4G24680	2123	1763	1714	1454	2083	2107
AT4G24690	11781	10655	11733	10181	13995	11691
AT4G24700	51	45	26	24	9	9
AT4G24710	62	69	34	53	55	67
AT4G24730	512	474	500	521	640	472
AT4G24740	1764	1440	1435	1509	1823	1662
AT4G24750	2904	2613	3004	2261	2441	2329
AT4G24760	437	411	334	376	371	400
AT4G24770	20470	17088	17925	15512	16127	16686
AT4G24780	2460	2287	1868	1814	1205	1561
AT4G24790	216	229	189	182	165	161
AT4G24800	4059	3765	3118	2667	1926	2516
AT4G24805	778	756	794	760	794	912
AT4G24810	475	448	497	407	567	440
AT4G24820	3123	2814	2703	2840	3191	2798
AT4G24830	2285	1945	1689	2049	2189	1955
AT4G24840	1106	985	945	946	1241	1069
AT4G24860	18	10	10	11	31	24
AT4G24880	291	271	252	305	321	280
AT4G24890	4	2	3	7	9	3
AT4G24900	300	227	245	266	278	279
AT4G24910	48	33	16	25	31	34
AT4G24920	1386	1187	1219	1467	2244	1553
AT4G24930	1507	1120	1311	1059	1522	1149
AT4G24940	790	654	634	667	866	714
AT4G24960	588	603	466	664	901	749
AT4G24970	208	178	208	220	613	283
AT4G24972	550	432	348	351	288	362
AT4G24973	0	0	0	0	2	0
AT4G24974	0	0	0	0	0	1
AT4G24980	1	1	0	1	0	0
AT4G24990	1442	1238	1229	1246	1494	1271
AT4G25000	501	448	542	457	301	815
AT4G25010	0	0	0	2	2	0
AT4G25020	266	175	134	156	221	212
AT4G25030	6860	5978	5852	7128	8892	7486
AT4G25050	8815	7332	8019	6143	5413	6514
AT4G25070	178	139	99	140	277	182
AT4G25080	7994	7865	7334	6185	5075	6121
AT4G25090	1	2	0	0	1	2
AT4G25100	19692	18933	20516	24917	20963	20649
AT4G25110	324	309	400	393	663	474
AT4G25120	231	186	163	164	312	282
AT4G25130	4702	4156	4282	4151	4852	4427
AT4G25140	2	0	1	0	0	0
AT4G25150	81	63	71	84	79	74
AT4G25160	19	13	6	7	16	13
AT4G25170	2047	1864	1752	1669	1694	2007
AT4G25180	336	329	238	306	340	282
AT4G25200	0	0	0	3	6	2
AT4G25210	2605	2236	2054	2589	3242	2692
AT4G25220	0	2	3	0	1	0
AT4G25225	141	116	117	123	128	103
AT4G25230	1677	1591	1528	1536	1865	1670
AT4G25240	77	62	53	49	78	76
AT4G25260	362	336	308	353	344	333
AT4G25270	171	154	185	132	211	176
AT4G25280	396	340	316	365	382	385
AT4G25290	643	576	476	405	485	516
AT4G25300	301	347	280	263	212	246
AT4G25310	1	0	2	0	3	0
AT4G25315	119	99	103	129	158	88
AT4G25320	409	318	309	409	445	409
AT4G25330	0	0	0	4	0	1
AT4G25340	772	570	449	751	918	541
AT4G25350	103	74	69	92	172	148
AT4G25360	826	744	724	698	726	805
AT4G25370	3129	2613	2812	2562	2786	2759
AT4G25380	20	15	15	16	18	5
AT4G25386	0	1	0	0	0	0
AT4G25390	1506	1290	1023	1450	1695	1719
AT4G25410	6	12	10	12	5	5
AT4G25420	52	41	30	21	16	12
AT4G25430	1	1	1	0	0	1
AT4G25433	9	15	5	8	6	13
AT4G25434	43	19	32	38	41	52
AT4G25440	570	422	473	433	456	458
AT4G25450	1462	1268	1417	1278	1627	1410
AT4G25470	2578	2554	2067	1919	1127	2117
AT4G25480	317	346	352	263	159	341
AT4G25490	1122	1199	1276	1095	1011	1282
AT4G25500	3375	2717	2691	2508	2344	3168
AT4G25510	8	15	16	10	11	14
AT4G25515	388	324	320	313	405	369
AT4G25520	1033	840	775	688	944	825
AT4G25530	0	0	0	0	2	0
AT4G25540	24	19	20	20	27	19
AT4G25550	1266	1056	1029	1172	1327	1154
AT4G25560	0	0	0	0	1	0
AT4G25570	4650	4259	3909	3285	3075	3741
AT4G25580	1	0	0	0	2	4
AT4G25600	137	116	133	160	139	173
AT4G25610	361	282	308	292	355	355
AT4G25620	2350	2019	2202	1828	2165	2314
AT4G25630	612	622	518	713	890	435
AT4G25640	2750	2544	2143	2692	3521	2715
AT4G25650	3938	3514	3523	2817	3188	3257
AT4G25660	949	793	771	852	836	822
AT4G25670	2781	2515	2036	2253	2885	2250
AT4G25672	2778	2515	2036	2251	2884	2250
AT4G25680	821	708	592	664	744	729
AT4G25690	722	603	577	570	595	670
AT4G25692	720	603	577	568	595	670
AT4G25700	501	465	400	387	344	415
AT4G25707	8	14	12	13	14	19
AT4G25710	194	166	140	119	218	168
AT4G25719	333	242	269	356	356	345
AT4G25720	776	618	643	770	871	805
AT4G25730	1297	1070	1040	1377	1912	1325
AT4G25740	1820	1945	1830	2219	2229	1757
AT4G25750	9	8	7	4	9	9
AT4G25760	16	13	4	25	15	13
AT4G25770	669	592	617	540	774	726
AT4G25780	35	35	28	10	28	38
AT4G25800	233	175	138	162	176	230
AT4G25810	1344	1205	1061	1590	1616	1544
AT4G25820	0	0	0	3	1	3
AT4G25830	407	401	438	407	399	452
AT4G25835	259	180	257	180	170	171
AT4G25840	502	411	372	420	552	514
AT4G25845	6	2	6	4	9	12
AT4G25850	4	2	2	3	7	8
AT4G25870	501	418	401	438	580	429
AT4G25880	2036	1863	1643	1736	2381	2042
AT4G25885	1	1	1	0	1	0
AT4G25890	657	743	696	872	835	557
AT4G25900	2221	2006	1950	2649	2986	2610
AT4G25910	1011	761	734	604	825	808
AT4G25920	0	0	1	0	1	0
AT4G25930	0	0	0	1	2	0
AT4G25940	2472	1921	2053	1768	2681	2238
AT4G25950	24	19	10	17	11	19
AT4G25960	3071	2611	2583	1882	2092	2542
AT4G25970	3711	3269	3396	3243	3639	3647
AT4G25980	45	46	34	38	46	50
AT4G25990	110	83	104	95	123	103
AT4G26000	883	755	729	776	813	844
AT4G26010	3	4	1	0	4	1
AT4G26020	4	3	1	4	3	5
AT4G26030	1	0	0	2	0	0
AT4G26050	2	12	6	4	15	8
AT4G26055	11	11	15	14	23	15
AT4G26060	455	356	348	448	620	522
AT4G26070	1366	1165	1330	1312	2196	1448
AT4G26080	3049	2693	2141	3128	3731	2913
AT4G26090	2052	1735	1797	1953	3167	2405
AT4G26095	1924	1602	1665	1805	2926	2272
AT4G26100	1192	961	954	916	1155	1150
AT4G26110	2102	1694	1552	1910	2236	1638
AT4G26120	181	154	99	156	201	183
AT4G26130	2713	2300	2260	2112	2162	2997
AT4G26140	268	248	205	197	205	196
AT4G26150	48	41	39	13	14	25
AT4G26160	315	287	277	267	285	243
AT4G26170	5	8	11	8	5	4
AT4G26180	173	136	141	157	158	118
AT4G26190	1210	943	878	968	1371	1010
AT4G26200	17	12	10	35	45	32
AT4G26210	368	348	335	381	496	379
AT4G26220	12	19	14	17	20	11
AT4G26230	2189	1683	1485	1694	1845	1706
AT4G26240	413	350	337	446	458	364
AT4G26250	1	2	0	0	0	0
AT4G26255	117	114	77	91	86	92
AT4G26260	7	8	2	11	4	7
AT4G26270	908	724	862	979	1532	1241
AT4G26280	0	0	0	0	1	1
AT4G26288	502	463	440	464	485	458
AT4G26290	10	10	3	3	5	2
AT4G26300	1969	1645	1634	1559	1905	1814
AT4G26310	523	422	389	491	509	506
AT4G26320	1	0	1	1	2	0
AT4G26330	6	2	1	0	2	2
AT4G26365	0	1	0	1	2	1
AT4G26370	1950	1857	2066	1737	1896	1778
AT4G26380	30	19	19	14	15	22
AT4G26390	1	0	8	1	7	1
AT4G26400	2098	1946	1874	1939	2498	1978
AT4G26410	1030	1031	1002	1083	1088	980
AT4G26420	1	0	0	1	0	0
AT4G26430	182	189	166	187	232	165
AT4G26440	0	2	3	1	2	4
AT4G26450	1179	970	920	800	1096	1141
AT4G26455	598	428	513	497	715	602
AT4G26460	0	0	0	1	3	2
AT4G26466	2	0	0	0	1	0
AT4G26470	36	27	26	22	26	17
AT4G26480	2074	1748	1974	1666	2123	1970
AT4G26488	62	56	84	84	76	74
AT4G26490	52	51	70	77	64	69
AT4G26500	856	589	661	579	742	744
AT4G26510	1846	1572	1707	1533	1618	1896
AT4G26520	715	711	728	568	531	600
AT4G26530	11985	11871	11686	6675	7912	9585
AT4G26540	1587	1343	1473	1012	893	1299
AT4G26542	842	727	824	526	510	709
AT4G26550	304	329	309	316	367	304
AT4G26555	1294	1073	1046	788	808	879
AT4G26560	2	0	0	0	0	0
AT4G26570	1122	938	918	937	1067	994
AT4G26580	8	5	9	21	13	13
AT4G26582	113	73	111	79	83	121
AT4G26590	197	173	155	146	172	207
AT4G26600	321	257	250	394	498	359
AT4G26610	1015	923	945	862	1042	954
AT4G26620	739	745	702	588	706	705
AT4G26630	4756	3870	3479	3196	4098	4420
AT4G26640	1088	899	885	881	1173	1141
AT4G26650	1047	968	981	915	1005	1010
AT4G26660	138	122	154	89	135	183
AT4G26670	1085	1132	1929	1503	2071	1442
AT4G26680	66	89	67	68	88	61
AT4G26690	6133	5543	6087	4856	6548	7632
AT4G26700	2924	2552	2390	1738	1925	2272
AT4G26701	2	1	0	0	0	1
AT4G26710	2838	2410	2478	2419	2545	2579
AT4G26720	586	535	475	569	660	554
AT4G26730	1	0	1	0	0	1
AT4G26740	0	1	1	0	0	0
AT4G26750	1034	900	825	870	965	1090
AT4G26760	738	627	638	511	751	666
AT4G26770	2	2	0	1	2	2
AT4G26780	302	258	247	412	648	303
AT4G26790	167	154	151	118	106	157
AT4G26795	182	173	171	135	125	165
AT4G26800	39	35	41	36	71	56
AT4G26810	129	115	129	141	258	133
AT4G26820	0	0	1	0	0	0
AT4G26830	18	13	20	16	13	4
AT4G26840	1261	1161	1096	1307	1471	1236
AT4G26850	7691	7051	4225	4649	4345	4998
AT4G26860	1281	1100	965	899	771	910
AT4G26870	1760	1502	1260	1340	1655	1577
AT4G26890	79	64	50	44	62	68
AT4G26900	1333	1071	1197	1088	1435	1100
AT4G26910	2592	2241	2329	2672	3694	2916
AT4G26930	2	0	1	2	3	0
AT4G26940	1665	1459	1324	1513	1772	1549
AT4G26950	23	13	18	54	119	57
AT4G26960	63	70	61	62	48	40
AT4G26965	221	175	192	191	211	220
AT4G26970	5372	4687	4337	5382	6977	6255
AT4G26980	266	238	220	234	294	265
AT4G26990	184	124	141	188	307	194
AT4G27000	3408	3152	2707	3230	3407	3030
AT4G27010	276	260	215	284	590	305
AT4G27020	713	626	531	513	568	533
AT4G27030	391	325	311	242	222	284
AT4G27040	1023	982	937	939	1149	939
AT4G27050	403	397	340	360	420	356
AT4G27060	945	744	752	711	807	827
AT4G27070	558	543	332	484	588	595
AT4G27080	1228	1032	1142	1094	1130	1077
AT4G27090	7876	6893	5957	7202	7293	6076
AT4G27100	532	471	473	367	459	557
AT4G27110	0	0	0	0	0	1
AT4G27120	902	673	570	722	706	810
AT4G27130	2351	1983	3090	2550	4186	3049
AT4G27140	10	6	10	6	8	20
AT4G27150	0	1	1	0	1	2
AT4G27180	1621	1355	1259	1230	1338	1592
AT4G27190	4	3	0	1	1	0
AT4G27220	13	13	16	17	17	7
AT4G27230	622	687	602	665	616	600
AT4G27240	203	164	120	139	156	179
AT4G27250	2	4	1	3	3	1
AT4G27260	463	387	289	448	504	575
AT4G27270	230	226	206	202	232	209
AT4G27280	8391	7693	6150	10146	12160	9611
AT4G27290	45	41	21	37	33	25
AT4G27300	4927	4196	3355	3759	4023	3527
AT4G27310	1812	1612	986	1357	436	1161
AT4G27320	2038	2003	1557	1730	1560	1801
AT4G27340	513	468	413	476	626	472
AT4G27350	407	380	289	374	587	489
AT4G27360	0	0	0	0	0	1
AT4G27370	149	100	79	105	143	143
AT4G27380	584	373	410	499	545	540
AT4G27390	785	771	796	699	763	635
AT4G27410	2622	2119	1566	1383	1186	1832
AT4G27430	3320	2624	2694	2157	2198	3073
AT4G27435	138	110	96	115	98	120
AT4G27440	47199	40119	50196	38149	25334	39725
AT4G27450	2844	2653	1581	1081	619	795
AT4G27460	253	225	191	159	174	199
AT4G27470	1078	872	870	788	867	978
AT4G27480	278	298	236	283	431	456
AT4G27490	204	194	193	264	344	221
AT4G27500	8677	6898	7100	7617	10333	9548
AT4G27510	29	32	15	12	29	13
AT4G27520	8815	8254	7196	8652	9875	11587
AT4G27530	5	7	0	4	5	6
AT4G27540	230	214	211	233	285	251
AT4G27550	2	4	0	0	0	2
AT4G27560	1715	1287	1123	1632	2006	2059
AT4G27570	102	64	60	87	120	112
AT4G27580	4	0	1	2	4	1
AT4G27585	678	566	641	890	1081	719
AT4G27590	16	11	3	12	6	9
AT4G27595	458	347	289	279	267	355
AT4G27600	3594	2986	3342	2587	3471	3125
AT4G27610	623	582	535	469	649	532
AT4G27620	504	406	494	467	503	503
AT4G27630	185	181	211	181	220	182
AT4G27640	1962	1918	1922	1920	2671	1983
AT4G27650	932	781	750	719	859	824
AT4G27652	2497	3000	2702	3227	4063	2591
AT4G27654	1369	1444	1047	1299	1958	1430
AT4G27657	1918	1805	1388	1813	2185	1907
AT4G27660	42	43	36	38	60	34
AT4G27670	0	1	0	1	4	2
AT4G27680	601	573	541	533	603	474
AT4G27690	269	227	268	283	310	291
AT4G27700	4101	3447	3223	3029	2442	3348
AT4G27710	2495	2132	1558	1476	1125	1624
AT4G27720	3152	3014	3066	2754	2781	3062
AT4G27730	155	173	159	157	169	197
AT4G27740	770	642	603	548	640	591
AT4G27745	361	378	262	339	343	360
AT4G27750	485	445	453	394	468	441
AT4G27760	817	754	808	754	953	821
AT4G27765	2	1	3	2	1	3
AT4G27780	317	262	252	287	358	279
AT4G27790	0	1	0	0	1	0
AT4G27800	6383	5855	7065	5606	7282	6207
AT4G27810	0	3	3	2	3	7
AT4G27820	794	641	705	627	786	733
AT4G27830	1018	820	587	961	1213	1053
AT4G27840	207	205	211	175	137	197
AT4G27850	44	55	67	59	62	62
AT4G27852	60	58	70	65	65	72
AT4G27860	1210	954	632	917	1013	1323
AT4G27870	2757	2345	2408	2234	2443	2989
AT4G27875	0	0	0	0	0	2
AT4G27880	554	494	458	412	494	449
AT4G27890	2	1	2	3	1	0
AT4G27900	508	355	494	624	1030	774
AT4G27910	402	344	305	263	354	344
AT4G27940	186	184	154	244	287	221
AT4G27950	56	74	59	78	70	56
AT4G27960	3889	3251	3202	3334	3861	3577
AT4G27970	168	192	103	97	117	75
AT4G27980	12	11	15	11	12	17
AT4G27990	2093	1964	1861	1998	2276	2159
AT4G28000	0	2	0	0	2	1
AT4G28005	6	5	9	3	4	4
AT4G28010	101	78	88	104	91	79
AT4G28020	114	85	85	110	120	114
AT4G28025	2115	1859	1715	1297	1476	1434
AT4G28030	2145	2038	1938	1710	1853	1957
AT4G28040	60	46	37	42	27	59
AT4G28050	576	516	512	462	442	495
AT4G28060	1144	1184	1026	1330	1211	1070
AT4G28070	174	150	135	149	159	134
AT4G28080	13501	11450	11391	6941	10795	11281
AT4G28085	472	459	464	498	576	534
AT4G28088	0	1	5	3	1	0
AT4G28100	498	429	368	364	433	457
AT4G28110	0	1	0	2	2	0
AT4G28130	1	0	1	0	0	0
AT4G28140	568	450	668	405	534	624
AT4G28150	176	149	169	155	176	152
AT4G28160	47	58	52	76	65	61
AT4G28162	39	42	37	54	43	35
AT4G28170	8	17	9	12	13	12
AT4G28180	252	212	158	161	121	194
AT4G28190	150	121	152	101	98	127
AT4G28200	868	741	658	884	988	787
AT4G28210	701	629	686	714	785	609
AT4G28220	659	586	583	577	665	496
AT4G28230	136	138	116	131	136	140
AT4G28240	673	702	517	444	220	377
AT4G28250	555	497	335	483	373	467
AT4G28260	2048	1608	1444	1279	1636	1448
AT4G28270	360	308	337	276	538	334
AT4G28280	8	0	0	0	2	2
AT4G28290	111	95	78	77	55	96
AT4G28300	3111	2768	2251	2207	2367	2503
AT4G28310	94	82	68	59	57	70
AT4G28320	148	125	116	143	160	130
AT4G28330	39	28	20	29	33	37
AT4G28340	4	4	6	3	2	3
AT4G28350	422	349	312	313	345	470
AT4G28360	596	555	585	616	626	525
AT4G28365	1	0	0	4	0	0
AT4G28370	590	553	472	491	588	504
AT4G28380	46	36	35	40	41	36
AT4G28390	619	622	375	550	374	523
AT4G28400	3682	3210	2818	2981	3794	3396
AT4G28405	26	34	38	39	46	37
AT4G28410	1	2	0	0	0	0
AT4G28420	10	10	3	5	5	1
AT4G28430	22	31	20	26	36	24
AT4G28440	830	768	766	854	1040	741
AT4G28450	541	415	466	633	794	525
AT4G28460	120	93	39	81	78	54
AT4G28470	1381	1227	1268	1279	1521	1371
AT4G28480	921	746	697	903	1079	879
AT4G28485	9	1	1	1	6	2
AT4G28490	1007	892	903	1129	2412	1302
AT4G28500	14	14	22	21	26	18
AT4G28510	692	540	454	828	1116	673
AT4G28520	0	0	0	0	0	1
AT4G28530	12	4	3	14	19	15
AT4G28540	1017	898	934	865	1097	924
AT4G28550	316	263	213	236	270	245
AT4G28556	5	14	11	13	9	13
AT4G28560	21	23	27	11	15	16
AT4G28570	1082	834	748	828	867	1164
AT4G28580	0	1	0	1	0	0
AT4G28590	232	173	194	213	314	263
AT4G28600	1287	1148	1105	1136	1483	1426
AT4G28610	1664	1440	1363	1313	1363	1316
AT4G28620	1	1	1	0	1	1
AT4G28630	563	476	488	473	555	502
AT4G28640	239	229	212	197	291	220
AT4G28650	424	389	363	317	381	335
AT4G28652	391	361	336	297	348	307
AT4G28660	2441	1925	2079	1770	2413	2071
AT4G28670	0	0	0	1	2	6
AT4G28680	40	49	35	25	44	39
AT4G28690	77	79	79	60	73	92
AT4G28700	39	27	21	13	17	11
AT4G28703	182	151	102	108	139	188
AT4G28706	1233	1150	1218	1014	1199	1192
AT4G28710	1966	1645	1779	1366	2378	2003
AT4G28720	8	10	2	0	0	5
AT4G28730	454	362	422	434	535	407
AT4G28740	1095	942	895	760	1144	902
AT4G28750	48756	48262	46748	41439	31205	41794
AT4G28760	1675	1419	1293	1118	1483	1452
AT4G28770	1133	1065	1213	1196	1221	1171
AT4G28775	0	1	0	0	0	0
AT4G28780	977	890	1073	654	593	862
AT4G28790	16	19	16	38	43	73
AT4G28800	0	0	0	0	0	1
AT4G28811	1	0	0	0	3	0
AT4G28815	1	3	2	4	2	1
AT4G28820	116	91	79	109	102	68
AT4G28830	312	245	214	278	247	242
AT4G28840	7	2	1	9	3	1
AT4G28860	1708	1435	1167	1066	1034	1165
AT4G28880	2168	1919	1800	1757	2084	1882
AT4G28890	0	1	0	0	1	2
AT4G28910	2245	1896	1782	1933	2233	2176
AT4G28930	2	0	1	0	0	0
AT4G28940	11	11	3	2	9	33
AT4G28950	48	36	29	30	24	39
AT4G28980	815	774	823	714	755	757
AT4G28990	166	183	140	177	176	199
AT4G29000	481	390	414	368	556	388
AT4G29010	7231	6291	5944	5789	6084	6748
AT4G29020	826	963	625	729	476	677
AT4G29030	553	566	378	414	341	352
AT4G29040	3334	2830	2710	3199	3380	3188
AT4G29050	716	693	666	657	962	793
AT4G29060	15084	11945	13925	9689	12544	12415
AT4G29070	1201	1145	975	876	869	850
AT4G29080	729	695	584	779	942	765
AT4G29100	514	423	363	518	695	612
AT4G29110	175	206	193	236	223	315
AT4G29120	772	618	731	636	721	655
AT4G29130	1513	1372	1389	1382	1741	1619
AT4G29140	133	103	146	115	101	127
AT4G29150	24	15	8	6	9	16
AT4G29160	2899	2750	2409	2928	3611	3484
AT4G29170	81	74	77	71	124	75
AT4G29180	7	3	2	1	8	5
AT4G29190	5766	5394	5299	3378	2012	3717
AT4G29200	0	0	1	0	0	0
AT4G29210	1625	1407	1131	1461	1814	1789
AT4G29220	2519	2224	2532	2156	3046	2605
AT4G29230	63	42	42	40	42	50
AT4G29240	106	94	77	76	76	69
AT4G29250	3	1	0	1	0	5
AT4G29260	774	667	686	645	781	726
AT4G29270	31	20	26	27	27	33
AT4G29305	0	0	0	0	1	0
AT4G29310	505	441	531	374	319	376
AT4G29330	659	557	566	583	691	610
AT4G29340	4	0	0	1	0	3
AT4G29350	6116	6760	6112	7427	6364	6457
AT4G29360	269	207	169	182	200	216
AT4G29370	1	1	0	0	0	0
AT4G29380	1207	1117	986	891	1215	1191
AT4G29390	1536	1435	1280	1681	1823	1289
AT4G29400	358	310	300	298	320	343
AT4G29410	1970	1816	1554	1878	1983	1430
AT4G29420	217	202	179	165	172	151
AT4G29430	219	183	203	200	231	173
AT4G29440	1988	1710	1680	1805	2740	2333
AT4G29460	0	1	0	1	0	0
AT4G29470	2	4	1	5	2	4
AT4G29480	1497	1302	1315	1494	1712	1420
AT4G29490	1221	1020	1018	1016	1092	1218
AT4G29510	908	781	775	966	1123	921
AT4G29520	556	417	453	514	745	524
AT4G29530	110	90	91	106	73	88
AT4G29540	105	74	81	105	115	73
AT4G29548	0	1	0	0	0	0
AT4G29550	10	10	7	11	6	4
AT4G29560	71	69	66	72	119	77
AT4G29570	3	2	1	4	8	3
AT4G29580	2	1	5	1	5	0
AT4G29590	1067	846	948	798	1060	943
AT4G29600	8	5	9	11	14	4
AT4G29610	750	669	929	721	769	951
AT4G29620	1	0	0	0	0	0
AT4G29650	2	1	1	3	4	4
AT4G29658	0	0	0	0	1	0
AT4G29660	312	265	231	291	314	292
AT4G29670	5707	5156	5639	6365	8608	7307
AT4G29680	704	616	564	682	823	763
AT4G29690	72	37	13	26	20	38
AT4G29700	723	651	319	410	421	368
AT4G29710	10	9	6	8	11	6
AT4G29720	658	449	448	452	405	449
AT4G29730	200	197	164	206	222	210
AT4G29735	742	791	736	853	825	721
AT4G29740	973	707	609	660	640	768
AT4G29750	2075	1716	1540	1245	1386	1593
AT4G29760	2	0	2	3	1	1
AT4G29770	5	4	2	3	12	3
AT4G29780	25681	21385	19532	25238	27690	30601
AT4G29790	1410	1188	1165	1017	1472	1320
AT4G29800	6	2	4	2	6	4
AT4G29810	1829	1711	1597	1864	2840	2066
AT4G29820	471	432	406	481	563	381
AT4G29830	354	424	416	444	464	367
AT4G29840	1946	1991	2477	2553	4217	2571
AT4G29850	93	81	49	123	122	139
AT4G29860	303	250	201	325	357	338
AT4G29870	586	578	540	533	661	667
AT4G29880	12	8	16	17	20	18
AT4G29890	629	472	602	512	636	619
AT4G29900	6234	5701	5387	4005	5496	4476
AT4G29905	3998	3426	2933	1986	1150	1734
AT4G29910	308	278	229	229	291	245
AT4G29920	89	76	61	85	135	125
AT4G29930	15	13	2	19	13	11
AT4G29940	558	371	344	333	422	455
AT4G29950	2472	2068	1937	1976	2758	2286
AT4G29960	650	558	576	590	654	606
AT4G29970	1	0	0	0	0	0
AT4G29990	160	129	151	128	138	144
AT4G30000	217	192	161	136	196	203
AT4G30010	2540	2250	1921	2318	2492	2187
AT4G30020	2777	2364	2440	2286	2441	2561
AT4G30060	946	813	724	712	915	832
AT4G30064	0	0	0	0	0	2
AT4G30080	545	450	543	467	627	504
AT4G30090	213	160	140	154	269	229
AT4G30097	94	72	70	40	104	118
AT4G30100	3610	3097	2935	2751	3994	3933
AT4G30110	647	570	455	572	619	794
AT4G30120	9	11	9	11	16	13
AT4G30130	72	66	56	71	67	73
AT4G30140	330	244	50	256	234	228
AT4G30150	364	336	342	451	809	460
AT4G30160	2670	2236	2087	1883	2281	2512
AT4G30170	25	33	12	14	11	14
AT4G30180	57	55	20	24	10	19
AT4G30190	6785	6129	6806	6010	7163	7240
AT4G30200	1546	1646	1544	1240	1734	1393
AT4G30210	13162	11494	11884	11761	18044	14645
AT4G30220	823	684	703	865	905	693
AT4G30230	28	20	21	39	40	37
AT4G30240	856	780	848	912	1067	944
AT4G30250	114	83	53	58	38	85
AT4G30260	1621	1566	1484	1631	1785	1792
AT4G30270	7127	6704	6089	7730	7110	11501
AT4G30280	3564	3041	2402	3653	3773	3864
AT4G30290	761	572	452	319	175	347
AT4G30300	0	1	0	0	0	3
AT4G30310	3071	2846	2689	2256	2548	2551
AT4G30320	4	4	2	4	2	3
AT4G30330	296	252	226	289	311	278
AT4G30340	1022	872	880	978	1132	1068
AT4G30350	3375	2558	3178	3327	6033	4364
AT4G30360	813	772	752	733	809	791
AT4G30370	112	113	104	145	129	153
AT4G30380	0	2	0	0	0	0
AT4G30390	532	412	406	564	680	714
AT4G30400	215	124	152	141	131	162
AT4G30410	150	112	125	104	85	111
AT4G30420	2	4	4	6	10	2
AT4G30430	142	151	121	267	400	204
AT4G30440	12750	10569	10997	10826	13566	13515
AT4G30450	56	57	37	75	64	69
AT4G30460	87	94	40	100	45	115
AT4G30470	1065	815	729	900	1285	1289
AT4G30480	676	588	582	611	729	731
AT4G30490	966	932	794	1105	1415	1038
AT4G30500	65	63	72	69	143	89
AT4G30510	259	220	199	233	209	212
AT4G30520	209	159	162	174	237	232
AT4G30530	10192	8736	7297	10548	11967	11946
AT4G30540	0	0	0	1	0	0
AT4G30550	1329	1142	1118	1134	1077	1172
AT4G30560	356	259	257	234	331	271
AT4G30570	128	117	97	67	118	116
AT4G30580	1752	1514	1521	1213	1382	1400
AT4G30600	7578	6435	6091	6495	9222	7655
AT4G30610	192	192	187	155	133	206
AT4G30620	798	601	672	601	609	680
AT4G30630	349	254	272	299	345	358
AT4G30640	53	48	33	52	76	53
AT4G30650	2469	2510	4810	4044	6691	4071
AT4G30660	1755	1802	1995	1633	1580	1690
AT4G30662	75	99	97	116	92	74
AT4G30670	24	10	22	11	15	13
AT4G30680	188	177	206	189	174	161
AT4G30690	3221	2848	3034	2128	1789	2501
AT4G30700	84	67	84	81	140	81
AT4G30710	485	424	440	484	543	563
AT4G30720	1448	1163	1426	1106	1212	1152
AT4G30730	12	16	14	14	17	16
AT4G30740	2	4	2	6	7	3
AT4G30750	824	666	688	718	814	743
AT4G30760	1041	935	907	899	905	831
AT4G30780	1137	989	953	964	1117	1135
AT4G30790	1374	1177	1167	1017	1176	1216
AT4G30800	190	166	178	208	275	163
AT4G30810	1545	1338	1204	1288	1404	1377
AT4G30820	235	185	161	182	208	172
AT4G30825	738	607	647	490	643	661
AT4G30830	26	16	7	26	31	21
AT4G30840	169	161	164	215	275	172
AT4G30845	69	96	108	83	108	64
AT4G30850	537	482	561	475	834	564
AT4G30860	114	77	75	84	134	75
AT4G30870	122	92	89	93	116	94
AT4G30880	3	0	0	0	1	0
AT4G30890	1414	1216	1272	1294	1749	1471
AT4G30900	574	525	567	516	654	594
AT4G30910	1365	1084	1200	1082	1777	1636
AT4G30920	4338	3520	3914	3478	4768	4309
AT4G30930	359	348	350	414	458	332
AT4G30935	417	315	355	379	424	446
AT4G30940	133	104	114	80	82	121
AT4G30950	10704	9939	10025	8610	9251	8439
AT4G30960	7079	5873	4037	4838	5019	5953
AT4G30970	1	0	0	0	0	0
AT4G30975	21	18	12	17	27	17
AT4G30980	42	33	16	32	43	33
AT4G30990	1140	1047	932	1138	1964	1238
AT4G30993	1834	1678	1653	1356	1095	1450
AT4G30996	1112	1120	1151	1162	1098	1059
AT4G31000	1079	839	967	628	958	1001
AT4G31010	351	279	269	286	361	289
AT4G31020	78	52	49	73	94	65
AT4G31030	10	10	8	7	10	2
AT4G31040	2499	2159	2372	1882	2208	2230
AT4G31050	371	315	387	292	403	303
AT4G31060	381	295	351	282	271	302
AT4G31070	36	32	35	48	72	30
AT4G31080	1826	1493	1394	1446	1651	1582
AT4G31100	8	3	11	4	5	5
AT4G31110	20	17	15	4	21	12
AT4G31115	588	500	643	413	614	512
AT4G31120	718	688	683	875	1098	759
AT4G31130	666	694	617	688	798	652
AT4G31140	425	306	282	328	311	366
AT4G31150	380	272	267	260	302	261
AT4G31160	1232	977	907	969	1381	1242
AT4G31170	2571	2151	2157	2153	2806	2630
AT4G31180	3034	2710	2585	2836	3530	2783
AT4G31200	507	446	396	379	408	463
AT4G31210	1073	773	950	1035	1568	986
AT4G31230	29	24	26	38	17	34
AT4G31240	163	179	171	208	259	272
AT4G31248	143	156	155	112	189	190
AT4G31250	152	165	166	124	198	196
AT4G31265	0	0	2	0	0	0
AT4G31270	213	175	144	154	149	145
AT4G31280	1	0	1	0	1	2
AT4G31290	1969	1772	1869	1711	1671	1680
AT4G31300	2611	2323	2157	2668	2804	2707
AT4G31310	626	534	496	508	545	507
AT4G31330	45	49	33	60	70	72
AT4G31340	3416	2731	2514	2571	2844	2924
AT4G31350	648	578	529	615	732	541
AT4G31351	12	7	7	8	17	15
AT4G31354	7	12	13	15	26	11
AT4G31355	8	4	5	9	16	25
AT4G31360	126	97	91	97	99	107
AT4G31370	3	4	3	3	4	3
AT4G31380	0	2	5	0	0	1
AT4G31390	1004	868	910	765	1362	973
AT4G31398	40	15	28	35	53	40
AT4G31400	87	71	88	80	150	107
AT4G31408	1	2	6	2	2	0
AT4G31410	627	543	546	486	571	544
AT4G31420	900	836	832	796	863	880
AT4G31430	785	680	589	646	761	718
AT4G31440	197	145	151	118	199	183
AT4G31441	30	22	31	33	45	20
AT4G31450	926	776	713	617	595	772
AT4G31460	524	423	393	436	454	474
AT4G31470	1	0	2	1	1	0
AT4G31480	4033	3313	3502	3305	4220	3962
AT4G31490	2755	2336	2696	2401	3281	2909
AT4G31500	21623	18017	15363	17648	25326	23146
AT4G31510	944	821	771	752	964	984
AT4G31520	21	19	16	14	32	20
AT4G31530	2468	2032	2260	1851	2244	2148
AT4G31540	666	518	572	514	610	642
AT4G31550	6731	5513	5503	5822	6235	6783
AT4G31560	1092	1082	1044	1001	976	1035
AT4G31570	2046	1832	1652	1428	2185	2053
AT4G31580	769	894	716	1127	1031	857
AT4G31590	1119	1031	883	895	717	781
AT4G31600	244	270	291	284	426	243
AT4G31610	20	21	2	10	6	12
AT4G31615	9	8	1	10	8	9
AT4G31620	117	82	108	114	119	103
AT4G31630	1	1	0	0	0	0
AT4G31640	5	5	2	10	7	8
AT4G31650	348	348	291	388	408	418
AT4G31660	0	1	0	1	0	2
AT4G31670	464	509	446	403	509	456
AT4G31680	1	1	3	3	1	5
AT4G31690	3	1	0	1	0	0
AT4G31700	5863	5068	4830	5480	6161	4746
AT4G31710	1	1	0	3	0	0
AT4G31720	965	874	875	854	889	748
AT4G31730	6	10	7	17	16	15
AT4G31740	0	1	2	0	2	3
AT4G31750	486	429	425	430	432	475
AT4G31760	1	1	3	3	1	1
AT4G31770	330	311	280	290	476	288
AT4G31780	3151	2818	2841	2647	3327	2883
AT4G31790	451	349	377	514	691	431
AT4G31800	5826	4306	5329	6176	10264	8838
AT4G31805	79	60	53	46	45	40
AT4G31810	409	362	313	546	683	443
AT4G31820	1792	1555	1648	1285	1409	1444
AT4G31830	0	1	1	0	2	0
AT4G31840	311	289	260	249	341	338
AT4G31850	1600	1261	1479	1048	1495	1357
AT4G31860	1450	1191	1184	1258	1512	1275
AT4G31870	80	79	64	76	47	39
AT4G31875	43	31	28	25	23	19
AT4G31877	11	20	10	26	18	8
AT4G31880	1546	1427	1365	1352	1654	1549
AT4G31890	176	181	182	95	117	151
AT4G31910	7	3	4	8	14	16
AT4G31920	602	505	463	423	527	514
AT4G31930	116	78	111	99	103	75
AT4G31940	2	0	0	0	0	0
AT4G31950	32	28	19	12	19	13
AT4G31960	1	1	0	0	0	0
AT4G31970	8	16	1	1	16	34
AT4G31980	602	545	528	519	633	461
AT4G31985	1581	1724	1586	1926	1983	1181
AT4G31990	4409	3564	3937	3798	4849	4374
AT4G32000	229	201	181	145	159	168
AT4G32010	1155	989	987	1082	1459	1268
AT4G32020	35411	32267	30554	31150	37352	34925
AT4G32030	2175	1789	1792	2160	2523	2458
AT4G32040	1277	1045	1030	1108	1271	1336
AT4G32050	271	292	283	333	386	288
AT4G32060	17799	15497	15933	13474	14849	15850
AT4G32070	713	542	612	509	656	716
AT4G32080	0	0	0	0	1	2
AT4G32110	0	1	0	0	1	0
AT4G32120	490	385	432	340	449	345
AT4G32130	859	778	648	730	839	734
AT4G32140	527	451	538	541	662	466
AT4G32150	3613	3247	3409	3296	3916	3954
AT4G32160	887	752	762	746	1071	953
AT4G32175	215	195	160	198	204	167
AT4G32180	1973	1661	1616	1678	2289	1910
AT4G32190	2168	1616	1242	1140	940	1540
AT4G32200	341	321	284	378	435	403
AT4G32208	65	61	63	121	155	116
AT4G32210	2047	1792	1546	1998	2275	2201
AT4G32240	712	550	551	729	806	671
AT4G32250	1020	835	637	728	893	962
AT4G32260	23480	21566	21824	17384	19698	19983
AT4G32270	373	334	282	315	382	364
AT4G32272	344	320	271	303	423	333
AT4G32280	386	259	109	121	50	61
AT4G32285	3072	2584	2432	2491	3031	2988
AT4G32290	266	278	209	263	339	344
AT4G32295	114	106	74	89	74	87
AT4G32300	1653	1393	1693	1332	1945	1751
AT4G32320	703	574	636	602	638	586
AT4G32330	3824	2916	2566	2293	2427	2959
AT4G32340	3383	3325	5773	2939	4367	3525
AT4G32350	648	512	578	362	421	566
AT4G32360	373	337	288	333	454	353
AT4G32390	1830	1602	1743	1722	2035	1917
AT4G32400	495	391	443	413	573	460
AT4G32410	13801	11718	12883	9828	11304	12918
AT4G32420	1335	1002	985	1009	1311	1239
AT4G32430	51	32	40	51	52	49
AT4G32440	526	481	421	431	533	485
AT4G32445	2	0	0	1	2	7
AT4G32450	171	126	140	124	142	155
AT4G32460	776	778	457	620	303	508
AT4G32470	2793	2794	2468	2972	2967	2776
AT4G32480	1452	1070	1082	777	716	1399
AT4G32490	1	2	0	0	0	0
AT4G32500	2	0	0	0	0	0
AT4G32510	1	6	0	0	1	3
AT4G32520	1919	1607	1573	1833	2270	1943
AT4G32530	2062	1982	2201	2079	2244	2164
AT4G32540	6	4	3	4	4	5
AT4G32551	1914	1694	1691	1500	2055	2015
AT4G32560	358	346	351	373	387	329
AT4G32570	1572	1357	1343	1290	1191	1392
AT4G32580	0	0	1	0	0	0
AT4G32590	1976	1585	1460	1322	1320	1316
AT4G32600	1157	936	930	846	1036	915
AT4G32605	298	293	320	387	451	329
AT4G32610	769	591	539	607	595	668
AT4G32620	1577	1200	1261	1106	1689	1543
AT4G32630	2	3	1	3	1	6
AT4G32640	2548	2113	2143	1937	2536	2564
AT4G32650	179	159	186	170	169	217
AT4G32660	1146	852	879	880	973	954
AT4G32670	303	291	291	377	488	357
AT4G32680	521	508	443	463	560	477
AT4G32690	166	153	136	198	172	163
AT4G32700	375	286	294	260	390	331
AT4G32710	239	191	189	173	223	219
AT4G32720	932	844	810	974	1158	954
AT4G32730	557	452	480	485	714	596
AT4G32750	301	308	285	268	351	334
AT4G32760	3125	2520	2584	2314	3002	3107
AT4G32770	638	492	369	356	333	492
AT4G32780	17	12	9	9	9	8
AT4G32785	23	11	11	10	13	5
AT4G32790	405	342	544	376	513	544
AT4G32800	1307	1167	1289	1219	1540	1531
AT4G32810	34	30	12	47	70	114
AT4G32820	829	754	768	715	1038	950
AT4G32830	124	114	100	92	114	135
AT4G32840	347	323	275	222	241	267
AT4G32850	2382	2033	2094	1943	2425	2415
AT4G32860	0	1	5	1	2	5
AT4G32870	95	71	89	150	232	142
AT4G32880	427	374	358	372	582	476
AT4G32890	80	74	60	71	44	87
AT4G32900	513	421	475	405	423	370
AT4G32910	869	898	807	840	969	764
AT4G32915	734	646	699	646	704	610
AT4G32920	543	484	387	477	809	522
AT4G32930	665	572	587	665	684	533
AT4G32940	12638	11966	12942	11679	13093	12637
AT4G32950	4	4	5	10	3	8
AT4G32960	425	360	419	345	429	371
AT4G32970	286	243	225	238	262	230
AT4G32980	722	623	544	496	714	666
AT4G32990	28	29	27	31	12	16
AT4G33000	759	662	644	572	536	612
AT4G33010	33981	30450	29990	21826	42436	30711
AT4G33020	1	0	1	2	0	0
AT4G33030	2309	2182	2483	2455	3168	2708
AT4G33040	96	82	67	264	373	199
AT4G33050	14956	12131	11558	16616	24825	18183
AT4G33060	721	613	644	654	911	668
AT4G33070	14	10	17	19	26	25
AT4G33080	1432	1188	1106	971	1189	1167
AT4G33090	5312	4553	4629	4408	4589	5176
AT4G33100	211	162	117	194	151	148
AT4G33110	1414	1170	973	892	580	890
AT4G33120	8	9	9	7	2	5
AT4G33130	49	34	23	25	38	33
AT4G33140	201	159	147	188	337	177
AT4G33150	1129	955	589	838	540	1589
AT4G33160	87	69	62	118	123	98
AT4G33170	39	35	34	67	87	47
AT4G33180	407	360	357	326	408	377
AT4G33200	1256	1078	982	933	1150	1088
AT4G33210	1965	1888	1882	1607	2128	1947
AT4G33220	3868	3252	3461	2672	2244	2959
AT4G33230	0	1	0	0	0	0
AT4G33240	2189	1769	1672	1372	1804	1910
AT4G33250	2453	2325	2243	2391	2630	2146
AT4G33260	274	221	200	160	298	300
AT4G33270	486	446	330	312	468	468
AT4G33280	6	2	1	0	2	2
AT4G33290	6	6	4	9	4	10
AT4G33300	6468	5573	5770	5851	8075	7043
AT4G33310	64	39	53	67	61	48
AT4G33320	20	10	12	17	22	18
AT4G33330	11	12	8	11	11	8
AT4G33350	1255	1061	1083	1059	1173	1201
AT4G33355	6	6	9	3	8	12
AT4G33360	778	668	690	725	892	711
AT4G33370	5	8	7	3	4	5
AT4G33380	2115	1609	1641	1628	1636	1846
AT4G33390	1	0	4	0	4	0
AT4G33400	280	260	196	216	235	313
AT4G33410	494	433	443	420	498	492
AT4G33420	34	41	28	51	47	80
AT4G33430	2555	2145	2349	2259	3381	2825
AT4G33440	89	83	93	98	153	135
AT4G33460	504	469	469	423	494	398
AT4G33465	0	0	0	1	0	0
AT4G33467	116	106	101	89	40	142
AT4G33470	1392	1212	1351	1089	1461	1260
AT4G33480	1342	1002	1245	1131	1558	1456
AT4G33490	728	626	983	782	1273	1003
AT4G33495	266	210	236	308	399	283
AT4G33500	2167	2079	2395	1716	2356	2160
AT4G33510	8416	6794	7822	6833	8698	8217
AT4G33520	1884	1692	1826	1655	2069	1881
AT4G33530	1884	1508	1872	1341	1742	1793
AT4G33540	1012	805	913	774	1011	1078
AT4G33550	11	24	6	29	43	38
AT4G33560	45	45	16	17	15	22
AT4G33565	559	482	466	424	559	428
AT4G33580	1155	1070	1001	1083	1120	1062
AT4G33585	0	0	1	2	1	0
AT4G33610	12	3	9	9	12	22
AT4G33620	322	232	246	242	305	279
AT4G33625	2108	1812	2422	2178	2100	2497
AT4G33630	2496	1946	2150	1809	2418	2313
AT4G33640	869	898	905	966	784	788
AT4G33650	1095	949	984	961	1232	1115
AT4G33660	358	300	246	218	201	187
AT4G33666	867	853	558	470	260	318
AT4G33670	1691	1726	1759	1363	1492	1492
AT4G33680	2904	2558	2711	2405	2926	2426
AT4G33690	337	236	248	235	244	279
AT4G33700	856	737	987	914	1546	1107
AT4G33720	18	13	1	0	0	4
AT4G33730	0	0	0	2	0	0
AT4G33740	1272	967	900	837	877	1143
AT4G33760	913	817	919	923	1105	808
AT4G33770	177	156	157	159	155	145
AT4G33780	682	610	642	646	796	711
AT4G33790	134	110	112	86	26	93
AT4G33800	5	9	2	1	2	1
AT4G33810	24	10	18	10	39	33
AT4G33820	0	0	0	0	0	2
AT4G33860	1	0	1	2	7	5
AT4G33865	2074	2328	1982	2367	2542	1524
AT4G33870	2	1	0	1	1	0
AT4G33880	3	1	5	1	1	5
AT4G33890	823	740	716	652	1162	841
AT4G33905	30	23	27	62	153	57
AT4G33910	1214	961	1126	1027	1341	1220
AT4G33920	11039	9026	9406	9975	12885	12535
AT4G33925	66	55	22	43	57	59
AT4G33930	12	12	11	8	11	20
AT4G33940	1160	1006	925	980	1105	1232
AT4G33945	663	584	617	596	632	596
AT4G33950	361	314	346	378	454	376
AT4G33960	190	306	256	265	214	206
AT4G33970	20	17	19	24	20	14
AT4G33980	87	81	868	395	1400	486
AT4G33985	355	349	703	640	1172	721
AT4G33990	104	62	63	90	133	89
AT4G34000	1189	966	579	836	846	1045
AT4G34020	763	737	755	652	732	557
AT4G34030	1828	1563	1532	1317	1300	1646
AT4G34040	1334	1131	1071	1114	1367	1222
AT4G34050	5357	4675	4149	5201	5598	5974
AT4G34060	138	129	140	129	95	155
AT4G34070	704	668	663	660	746	643
AT4G34071	0	1	0	0	0	1
AT4G34080	23	26	24	26	37	12
AT4G34090	1089	920	1005	734	943	820
AT4G34100	4776	4536	4393	3925	4844	4475
AT4G34110	14526	13673	12931	14132	16569	14538
AT4G34120	4870	4467	4859	4884	5679	4666
AT4G34131	110	124	97	125	104	136
AT4G34135	199	151	174	237	645	314
AT4G34138	433	375	411	260	378	336
AT4G34140	770	518	534	502	582	668
AT4G34150	24476	20953	18832	24334	30516	28745
AT4G34160	407	310	263	338	402	297
AT4G34170	0	1	0	0	0	1
AT4G34180	4822	4184	3715	4132	4454	4698
AT4G34190	3857	3997	4614	3847	4573	3208
AT4G34200	4203	3694	2800	5338	4675	5396
AT4G34210	5	7	3	6	4	5
AT4G34215	840	749	740	758	717	873
AT4G34220	1860	1552	1539	1163	1017	1658
AT4G34230	1426	1184	851	1699	1403	2076
AT4G34240	2218	1845	1809	1475	1841	1725
AT4G34250	490	384	398	335	197	385
AT4G34260	3107	2632	3010	1950	1982	3094
AT4G34265	642	624	523	687	770	549
AT4G34270	832	695	671	685	739	783
AT4G34272	0	1	0	0	0	0
AT4G34280	588	509	457	442	541	492
AT4G34290	827	875	835	835	895	777
AT4G34300	2	0	0	0	1	1
AT4G34310	626	549	532	505	626	598
AT4G34320	6	5	2	12	22	9
AT4G34330	1	1	3	7	6	3
AT4G34332	1	1	3	7	4	3
AT4G34340	142	142	165	115	175	153
AT4G34350	11475	9204	7078	6749	4371	7518
AT4G34360	53	64	43	65	99	64
AT4G34370	697	586	550	542	671	677
AT4G34380	98	57	47	63	87	74
AT4G34390	5415	4780	4290	5337	8791	6171
AT4G34400	48	47	26	26	28	48
AT4G34410	8237	6858	5526	6422	8583	9073
AT4G34412	417	349	313	345	438	286
AT4G34419	2	2	0	0	1	2
AT4G34420	45	28	26	41	45	36
AT4G34430	1355	1072	1076	1008	1417	1519
AT4G34440	3	1	0	0	3	0
AT4G34450	8852	7624	7997	7123	8692	8431
AT4G34460	5537	4799	3819	4897	6067	5522
AT4G34470	2	4	2	4	11	6
AT4G34480	3077	2941	2888	3666	5248	4572
AT4G34490	2290	1977	1918	1777	2309	1908
AT4G34500	395	350	295	353	465	439
AT4G34510	17	9	12	15	18	11
AT4G34520	1	0	0	0	0	1
AT4G34530	374	342	273	356	331	328
AT4G34540	712	673	511	627	632	611
AT4G34550	9	8	3	5	4	4
AT4G34555	403	409	393	438	488	367
AT4G34560	142	104	120	145	163	171
AT4G34570	446	412	417	406	505	358
AT4G34580	68	68	65	40	53	45
AT4G34588	316	238	217	436	686	445
AT4G34590	316	238	217	436	686	445
AT4G34600	25	40	11	13	13	44
AT4G34610	500	383	398	359	408	431
AT4G34620	10245	9588	9660	8492	8133	7604
AT4G34630	558	537	473	407	516	368
AT4G34640	1673	1358	1305	1212	1377	1279
AT4G34650	179	182	132	142	76	125
AT4G34660	713	665	627	622	688	707
AT4G34670	8781	6861	5952	7320	8096	6709
AT4G34680	254	289	222	278	290	245
AT4G34700	2057	1987	1866	1982	2122	1996
AT4G34710	11647	10676	7892	11903	15421	14889
AT4G34720	3384	3567	3447	3366	3161	2910
AT4G34730	1095	963	817	725	515	756
AT4G34740	723	626	592	640	528	630
AT4G34750	267	208	240	166	143	188
AT4G34760	246	233	206	160	147	138
AT4G34770	81	59	71	54	13	25
AT4G34780	1	0	2	0	0	0
AT4G34790	76	90	86	77	53	44
AT4G34800	7	10	2	6	9	2
AT4G34810	15	18	18	17	16	8
AT4G34830	2985	2440	3040	1817	3480	2597
AT4G34840	251	239	171	192	206	222
AT4G34850	5	7	3	1	8	2
AT4G34860	143	141	118	254	228	221
AT4G34870	5679	5650	5261	6004	7275	5391
AT4G34880	13	11	9	16	18	13
AT4G34881	1681	1665	1666	1404	1556	1407
AT4G34890	1824	1504	1412	1344	1644	1670
AT4G34900	891	735	861	648	701	748
AT4G34910	457	357	372	438	595	493
AT4G34920	2390	2279	2410	1992	2065	1983
AT4G34930	139	115	130	85	77	84
AT4G34940	0	0	1	0	0	3
AT4G34950	5777	4947	8010	4357	5380	4314
AT4G34960	583	415	405	422	481	485
AT4G34970	48	64	46	60	21	49
AT4G34980	3545	3310	2683	3148	2971	3762
AT4G34990	67	56	35	69	61	49
AT4G35000	5147	4899	4835	4668	4905	4439
AT4G35010	3	1	4	4	2	3
AT4G35020	595	507	416	447	647	481
AT4G35030	81	75	54	78	77	69
AT4G35040	685	653	621	614	716	639
AT4G35050	325	235	296	385	508	394
AT4G35060	134	141	80	112	92	162
AT4G35070	82	75	58	70	93	60
AT4G35080	594	566	514	627	671	606
AT4G35090	11142	9393	5071	4877	2169	5463
AT4G35100	8030	7006	8445	6521	5165	7979
AT4G35110	642	496	419	485	446	529
AT4G35130	84	77	104	84	129	91
AT4G35140	471	331	362	350	349	358
AT4G35160	200	149	45	285	26	335
AT4G35165	10	3	0	1	2	6
AT4G35170	9	9	5	11	12	23
AT4G35180	113	87	128	335	624	335
AT4G35190	6	3	2	2	13	5
AT4G35200	1	1	0	0	0	0
AT4G35220	858	758	806	781	948	841
AT4G35230	1707	1505	1477	1426	1892	1704
AT4G35240	951	726	747	747	918	884
AT4G35250	3758	3535	2842	2707	2157	2752
AT4G35260	1881	1673	1653	2041	2506	2207
AT4G35263	0	1	0	0	0	1
AT4G35270	783	624	554	492	637	602
AT4G35290	250	222	195	147	261	217
AT4G35295	20	26	15	4	13	13
AT4G35300	1743	1700	1642	1653	1871	1947
AT4G35310	6191	5275	5447	5785	8820	6838
AT4G35320	332	311	284	320	282	391
AT4G35335	496	460	452	478	522	504
AT4G35350	210	133	146	150	194	243
AT4G35360	1391	1066	1014	970	1121	1073
AT4G35370	1	1	0	0	0	0
AT4G35380	60	64	58	50	94	61
AT4G35390	5	1	0	1	5	6
AT4G35410	308	224	279	224	246	262
AT4G35420	302	255	276	223	214	218
AT4G35430	106	133	171	123	119	94
AT4G35440	1058	1020	1105	747	923	899
AT4G35450	7345	7078	7598	6552	8150	6038
AT4G35460	622	550	572	538	675	565
AT4G35470	1659	1607	1565	1133	1132	1237
AT4G35480	1281	1443	1387	1484	1721	1869
AT4G35490	827	834	754	934	1006	803
AT4G35500	228	152	169	251	391	299
AT4G35510	423	359	359	301	424	404
AT4G35519	0	0	1	2	0	0
AT4G35520	32	22	14	13	47	18
AT4G35530	168	199	176	232	293	213
AT4G35540	225	156	139	132	154	194
AT4G35550	358	289	241	230	334	258
AT4G35560	329	248	227	217	286	286
AT4G35570	1010	763	660	830	1085	937
AT4G35580	909	747	666	781	1044	795
AT4G35590	23	16	20	27	36	27
AT4G35600	1495	1278	1090	1491	2268	1710
AT4G35620	106	73	68	41	86	86
AT4G35630	1871	1874	1561	2496	3077	2366
AT4G35640	50	43	37	65	115	77
AT4G35650	1	2	3	3	4	0
AT4G35655	32	29	37	36	37	50
AT4G35680	30	22	15	14	18	13
AT4G35690	0	0	0	0	0	2
AT4G35720	1	7	4	3	3	1
AT4G35730	227	161	164	150	209	228
AT4G35740	343	277	262	293	313	293
AT4G35750	5632	4604	4200	3634	4205	4484
AT4G35760	1597	1452	1651	1297	1681	1300
AT4G35770	2022	1708	1555	713	384	890
AT4G35780	889	764	816	683	880	863
AT4G35783	16	12	18	16	15	29
AT4G35785	890	842	757	844	962	876
AT4G35790	3674	3260	3310	3174	4081	3925
AT4G35800	4730	3876	3900	3240	4750	4765
AT4G35810	27	32	19	22	17	15
AT4G35820	0	0	0	0	0	2
AT4G35830	22107	18732	18542	16672	17472	19249
AT4G35840	185	147	146	153	114	136
AT4G35850	872	701	662	877	1076	825
AT4G35860	1178	1075	1001	1096	1083	1064
AT4G35870	397	353	368	337	390	376
AT4G35880	483	376	392	363	495	482
AT4G35890	1570	1255	1314	1429	2058	1588
AT4G35900	103	99	58	68	132	94
AT4G35905	175	189	161	206	214	159
AT4G35910	266	261	231	257	251	210
AT4G35920	1063	805	804	748	779	840
AT4G35930	304	245	280	287	301	259
AT4G35940	623	512	559	589	840	620
AT4G35950	596	562	500	502	605	584
AT4G35970	45	29	26	80	110	99
AT4G35980	344	310	262	281	342	331
AT4G35985	1742	1521	1459	1245	1687	1943
AT4G35987	257	227	257	216	239	294
AT4G36000	29	28	20	25	48	47
AT4G36010	1832	1604	1820	2817	3224	3788
AT4G36020	1103	969	937	1069	1135	1075
AT4G36030	1508	1386	1276	1334	1227	1411
AT4G36032	1413	1302	1193	1254	1166	1361
AT4G36040	6148	6741	5315	4714	1977	5469
AT4G36050	396	385	317	253	313	311
AT4G36052	180	154	132	128	140	128
AT4G36060	29	29	22	36	23	36
AT4G36080	1177	1064	934	992	1546	1128
AT4G36090	469	441	451	574	838	485
AT4G36100	4	8	1	3	3	3
AT4G36105	19	22	13	15	8	19
AT4G36110	122	117	111	79	42	67
AT4G36120	202	206	139	185	223	237
AT4G36130	2580	2121	2009	2300	2362	1836
AT4G36140	830	718	675	544	901	890
AT4G36150	424	447	428	441	859	557
AT4G36160	13	10	15	13	18	23
AT4G36170	0	0	1	0	1	0
AT4G36180	452	372	434	410	675	604
AT4G36190	1446	1340	1329	1335	1736	1470
AT4G36195	2738	2538	2270	2475	2595	2646
AT4G36197	0	1	0	0	0	3
AT4G36210	3260	2874	2637	2643	3674	3044
AT4G36220	5311	4215	3014	4265	4044	5623
AT4G36230	45	35	31	35	34	32
AT4G36240	148	165	129	142	113	125
AT4G36250	3112	2601	2398	2327	2186	2599
AT4G36260	33	29	19	20	26	54
AT4G36270	174	129	163	133	144	158
AT4G36280	361	265	307	243	393	272
AT4G36290	558	494	494	481	492	522
AT4G36350	3	1	1	4	0	7
AT4G36360	3053	2518	1935	2168	2136	2336
AT4G36380	201	151	104	194	180	249
AT4G36390	2379	2186	2349	1744	2215	1943
AT4G36400	767	656	668	554	656	641
AT4G36410	88	107	170	257	360	166
AT4G36420	591	467	450	510	637	522
AT4G36430	53	36	49	67	70	91
AT4G36440	933	856	847	837	911	854
AT4G36450	51	43	29	25	39	30
AT4G36460	0	0	0	1	0	0
AT4G36470	77	64	69	67	126	74
AT4G36480	1155	911	1000	907	1047	1043
AT4G36490	3	1	4	2	4	0
AT4G36500	13331	10519	10770	11932	14631	12332
AT4G36510	6	0	1	4	1	1
AT4G36515	304	242	206	233	353	245
AT4G36520	895	716	751	758	1632	1225
AT4G36530	1590	1474	1452	1190	1156	1189
AT4G36540	1525	1229	1280	1022	982	898
AT4G36550	2621	2457	2728	2655	3908	3132
AT4G36570	210	183	321	304	425	227
AT4G36580	119	104	112	184	277	139
AT4G36590	1	0	2	2	4	2
AT4G36600	0	1	0	2	1	3
AT4G36610	8	5	5	8	10	5
AT4G36620	21	12	13	23	22	28
AT4G36630	1475	1278	1227	1248	1382	1368
AT4G36640	557	417	316	459	481	497
AT4G36648	2894	2440	2333	3746	5471	4713
AT4G36650	1017	794	846	921	985	1203
AT4G36660	648	594	550	568	559	645
AT4G36670	5835	5436	4766	3204	2394	3971
AT4G36680	397	308	323	467	549	453
AT4G36690	2901	2357	2450	2538	2994	2802
AT4G36700	10	5	1	2	1	2
AT4G36710	228	258	300	307	586	453
AT4G36720	444	468	475	568	574	395
AT4G36730	3268	2584	2662	2422	2624	3186
AT4G36740	4	3	1	2	2	0
AT4G36750	813	687	702	660	793	727
AT4G36760	2410	2151	2279	2208	2734	2564
AT4G36770	31	22	20	15	23	18
AT4G36780	1138	898	985	922	1030	1018
AT4G36790	501	484	455	378	514	414
AT4G36791	10	7	11	10	18	6
AT4G36800	3227	2842	2867	2860	3344	2982
AT4G36808	475	300	315	245	344	360
AT4G36810	2261	1896	1996	1626	1993	1994
AT4G36820	10	15	9	18	14	15
AT4G36830	45	32	61	81	125	153
AT4G36840	214	197	197	203	223	212
AT4G36850	333	232	179	212	98	181
AT4G36860	843	758	749	647	826	839
AT4G36870	1396	1172	1150	964	1207	1383
AT4G36880	18	8	1	11	24	18
AT4G36890	822	659	641	631	759	850
AT4G36900	367	323	259	323	283	332
AT4G36910	253	286	236	324	538	268
AT4G36920	485	457	447	518	546	574
AT4G36925	2	5	4	3	5	0
AT4G36930	75	60	73	86	93	103
AT4G36940	915	786	900	1044	1291	1001
AT4G36945	659	632	600	662	916	710
AT4G36950	599	527	182	562	566	725
AT4G36960	774	665	622	677	722	844
AT4G36970	768	708	742	721	1040	754
AT4G36980	2932	2289	2009	2367	2776	3012
AT4G36988	2172	1891	1534	2775	3424	3202
AT4G36990	2172	1891	1534	2775	3424	3202
AT4G37000	1797	1498	1382	1383	1665	1601
AT4G37010	117	68	30	66	68	69
AT4G37020	343	287	285	301	355	310
AT4G37022	26	10	20	10	31	21
AT4G37030	25	27	25	45	49	33
AT4G37040	1284	1291	1409	1217	1326	1026
AT4G37050	8	12	11	11	16	9
AT4G37060	0	0	1	1	0	0
AT4G37070	6	8	2	4	19	6
AT4G37080	854	752	924	772	962	881
AT4G37090	287	203	188	269	369	254
AT4G37095	52	58	60	76	83	48
AT4G37100	564	519	487	418	691	549
AT4G37110	422	320	335	292	284	315
AT4G37120	3188	2461	2453	2537	3052	2956
AT4G37130	457	385	364	385	425	443
AT4G37140	14	23	14	23	19	20
AT4G37150	92	99	35	126	28	165
AT4G37160	2	2	1	2	1	3
AT4G37170	54	45	53	65	75	50
AT4G37180	1455	1286	1268	1168	1027	1413
AT4G37190	690	537	449	500	374	450
AT4G37200	2046	1665	1628	1479	1305	1740
AT4G37210	645	577	554	550	682	610
AT4G37220	13	14	9	14	6	22
AT4G37225	11	14	20	11	8	10
AT4G37230	4	5	14	7	6	8
AT4G37235	7	5	5	9	2	3
AT4G37240	528	439	480	364	362	511
AT4G37250	284	270	306	331	472	306
AT4G37260	5880	4843	5531	4972	6359	6971
AT4G37270	1996	1785	1690	1444	2056	1841
AT4G37280	525	444	413	412	446	455
AT4G37290	174	193	109	145	150	79
AT4G37295	7	4	3	26	52	38
AT4G37300	5648	4058	3643	3669	3468	4130
AT4G37310	1715	1432	882	1333	1602	1622
AT4G37320	224	149	123	185	258	194
AT4G37330	682	647	630	428	565	499
AT4G37340	5	1	2	0	3	1
AT4G37370	450	376	393	718	1244	563
AT4G37380	254	206	198	202	287	207
AT4G37390	61	56	35	66	69	100
AT4G37400	88	83	66	118	180	171
AT4G37409	1491	1181	214	418	221	474
AT4G37410	1490	1181	214	418	220	474
AT4G37420	1	1	1	2	3	1
AT4G37430	438	353	312	376	330	473
AT4G37432	358	289	272	301	274	376
AT4G37440	1283	1047	1037	927	1086	945
AT4G37445	16	23	18	35	49	28
AT4G37450	978	824	885	874	897	1276
AT4G37460	2527	2149	1764	1684	1798	2039
AT4G37470	2148	1968	1858	2053	1942	2095
AT4G37480	471	356	340	335	378	330
AT4G37483	92	63	85	57	68	95
AT4G37490	70	76	48	73	74	59
AT4G37500	1	2	0	1	2	1
AT4G37510	3459	2973	3048	2419	2950	3009
AT4G37520	1160	914	589	761	624	1255
AT4G37530	334	266	171	384	351	532
AT4G37540	683	601	541	376	312	365
AT4G37550	1969	1697	1126	1237	901	1246
AT4G37553	1665	1461	948	949	1013	1114
AT4G37560	984	821	556	457	699	634
AT4G37580	42	46	36	59	53	50
AT4G37590	900	840	663	776	973	785
AT4G37608	87	85	75	109	115	86
AT4G37610	4449	3558	3779	3920	3758	5188
AT4G37630	250	208	192	305	325	224
AT4G37640	3230	2881	2647	3219	5567	3541
AT4G37650	206	180	110	223	275	246
AT4G37660	194	220	213	269	267	183
AT4G37670	508	425	482	480	545	373
AT4G37680	1576	1327	1167	1048	805	1268
AT4G37682	21	18	25	11	25	30
AT4G37685	37	24	44	28	48	32
AT4G37690	64	58	53	56	94	91
AT4G37700	9	11	9	12	25	32
AT4G37710	7	9	2	3	5	2
AT4G37720	0	0	0	0	1	1
AT4G37730	37	25	27	50	83	73
AT4G37740	174	176	144	123	155	151
AT4G37750	450	352	262	267	325	373
AT4G37760	1689	1654	1044	1045	590	1076
AT4G37770	154	124	107	76	66	98
AT4G37780	1	0	0	5	1	5
AT4G37790	623	559	490	487	428	435
AT4G37800	2350	2179	2854	2940	2657	2819
AT4G37810	22	23	15	14	22	15
AT4G37820	976	703	681	606	820	797
AT4G37830	3671	3381	2855	3286	3250	3236
AT4G37840	0	0	1	0	0	0
AT4G37850	0	3	0	2	0	0
AT4G37860	0	1	0	0	1	3
AT4G37870	7173	6097	5634	6089	6342	7245
AT4G37880	1161	939	1030	951	1031	1045
AT4G37890	63	68	70	61	47	53
AT4G37895	36	36	29	28	29	26
AT4G37900	111	126	79	170	214	163
AT4G37910	2481	2223	2161	3665	4774	2857
AT4G37920	890	725	743	651	734	771
AT4G37925	1463	1104	1306	793	1224	949
AT4G37930	51038	48355	49721	37595	44863	37964
AT4G37940	1	0	0	0	0	0
AT4G37970	25	27	19	47	40	37
AT4G37980	3176	3214	2712	2984	2703	3440
AT4G37990	345	300	262	547	36	805
AT4G38000	7	4	8	9	7	6
AT4G38010	48	45	49	59	97	39
AT4G38020	420	395	365	354	432	347
AT4G38030	1	0	0	0	2	0
AT4G38040	789	581	735	626	727	743
AT4G38050	215	165	188	196	263	238
AT4G38060	392	304	230	242	338	312
AT4G38070	85	72	56	62	79	125
AT4G38080	47	47	46	62	55	59
AT4G38090	556	554	610	468	504	545
AT4G38092	9	7	2	8	14	11
AT4G38100	411	410	398	504	640	365
AT4G38120	909	814	807	731	1102	889
AT4G38130	2579	2413	2241	2412	2629	2548
AT4G38140	1	0	0	0	1	0
AT4G38150	177	187	213	278	340	279
AT4G38160	1358	1281	1396	1215	1250	1066
AT4G38170	272	221	236	259	293	240
AT4G38180	251	208	183	182	257	239
AT4G38190	0	1	3	0	0	1
AT4G38200	1411	1143	1181	1095	1507	1492
AT4G38210	63	79	53	67	80	68
AT4G38215	22	35	32	18	26	27
AT4G38220	1965	1785	1715	1544	1631	1757
AT4G38225	1868	1910	2068	1777	1741	1611
AT4G38230	366	277	245	245	288	301
AT4G38240	1167	922	866	748	1049	1049
AT4G38250	2101	2122	2294	2254	2480	2205
AT4G38260	516	451	395	507	560	537
AT4G38270	802	640	573	669	821	754
AT4G38280	619	519	504	503	565	512
AT4G38290	258	208	176	199	208	183
AT4G38300	59	72	48	51	53	54
AT4G38310	7	7	9	1	6	4
AT4G38320	466	436	386	413	399	437
AT4G38330	92	69	69	77	81	82
AT4G38340	103	87	33	140	295	229
AT4G38350	2578	2314	2170	1882	2395	2365
AT4G38360	1396	1135	1206	1110	1422	1241
AT4G38370	228	216	215	212	214	216
AT4G38380	127	114	126	161	282	142
AT4G38390	0	0	1	3	0	2
AT4G38400	361	297	310	406	302	516
AT4G38410	8	8	1	3	4	2
AT4G38420	891	702	545	688	835	798
AT4G38430	1572	1570	1524	1350	1591	1476
AT4G38440	532	507	492	617	877	628
AT4G38460	2741	2645	2675	2785	2910	3478
AT4G38470	3391	2620	2157	2240	1862	2158
AT4G38480	102	81	83	79	174	65
AT4G38490	400	410	475	468	441	323
AT4G38495	369	304	283	295	329	333
AT4G38500	914	875	844	836	984	973
AT4G38510	4165	3479	3699	3592	4381	4050
AT4G38520	1440	1326	1384	1783	2946	1815
AT4G38530	72	54	54	78	91	78
AT4G38540	1904	1591	1479	1824	2319	1885
AT4G38545	1973	1663	1559	1895	2435	1966
AT4G38550	21879	18735	19228	17796	23695	27179
AT4G38552	19251	16267	16699	15168	20563	24390
AT4G38560	835	656	446	1149	1839	1122
AT4G38570	320	325	295	298	338	256
AT4G38580	512	518	518	671	591	566
AT4G38590	3	1	0	0	9	4
AT4G38600	4805	4557	4122	3755	5509	4833
AT4G38620	98	119	86	80	156	98
AT4G38630	2720	2478	2286	2506	2607	2691
AT4G38640	1102	1001	1041	883	1133	1013
AT4G38650	112	90	69	92	123	84
AT4G38660	220	311	234	315	249	254
AT4G38670	212	215	168	183	160	198
AT4G38680	1816	2034	1652	1910	1649	1592
AT4G38690	1250	1093	1233	900	724	1167
AT4G38700	88	59	58	67	32	84
AT4G38710	1481	1156	1082	1198	1208	1524
AT4G38730	239	237	237	234	225	274
AT4G38740	4379	4393	3659	3807	4043	4354
AT4G38760	1840	1693	1692	1547	2286	1773
AT4G38770	37446	29046	26885	23552	23157	37195
AT4G38780	54	36	41	30	63	37
AT4G38790	498	529	564	592	827	549
AT4G38800	3362	2953	2767	2417	2645	2640
AT4G38810	2271	2043	1575	1265	1116	1401
AT4G38820	32	24	17	17	14	23
AT4G38825	35	26	19	18	16	27
AT4G38830	19	13	14	12	29	21
AT4G38840	186	195	157	95	59	58
AT4G38850	88	74	41	22	13	30
AT4G38860	618	549	445	233	104	152
AT4G38870	32	22	28	8	2	7
AT4G38880	12	15	7	1	1	0
AT4G38890	1187	1026	996	1110	1227	1150
AT4G38900	1337	1093	889	886	972	1228
AT4G38910	131	117	111	113	118	110
AT4G38920	4535	4533	4471	4472	4779	4541
AT4G38930	692	542	542	558	657	610
AT4G38932	1532	1435	1379	1101	1048	918
AT4G38940	390	361	354	469	521	385
AT4G38950	902	690	554	582	705	568
AT4G38960	152	119	69	100	45	91
AT4G38970	45799	46397	40201	34708	35843	41354
AT4G38980	197	181	144	173	188	164
AT4G39000	1	0	0	1	0	3
AT4G39010	52	54	44	57	53	60
AT4G39020	0	0	1	1	0	1
AT4G39030	749	706	593	1231	2132	1156
AT4G39040	2315	1825	1954	1645	1592	1819
AT4G39050	2259	1868	1968	1598	2091	2124
AT4G39060	13	9	7	7	3	3
AT4G39070	23	42	47	10	63	39
AT4G39080	8179	7301	8057	6494	8302	7923
AT4G39090	24673	24661	29333	25496	23159	25998
AT4G39100	1255	1108	1063	1044	1035	1015
AT4G39110	30	16	19	16	28	18
AT4G39120	589	499	502	468	633	562
AT4G39140	1165	973	896	856	1145	1135
AT4G39150	1422	1198	1266	1285	1278	1291
AT4G39160	497	416	390	439	535	487
AT4G39170	1396	1263	1290	1364	1575	1477
AT4G39180	484	423	406	356	418	431
AT4G39190	152	126	111	151	245	154
AT4G39200	4646	5010	3983	4966	4708	3810
AT4G39210	1172	994	943	2356	3711	2900
AT4G39220	1005	904	990	1033	1134	1054
AT4G39230	337	320	241	373	559	393
AT4G39235	103	92	85	109	92	74
AT4G39240	820	713	704	814	923	868
AT4G39250	7	10	4	1	5	2
AT4G39260	9151	7700	11574	10940	9876	13315
AT4G39270	765	666	741	795	1186	934
AT4G39280	1466	1198	1165	1247	1429	1354
AT4G39300	260	255	211	281	280	217
AT4G39320	107	85	72	107	130	145
AT4G39330	3286	2789	2031	1925	1586	2100
AT4G39340	10	8	4	1	3	3
AT4G39345	0	1	0	0	0	0
AT4G39350	6884	6372	5475	4838	4869	6091
AT4G39360	2	2	5	3	3	9
AT4G39361	23	29	21	27	25	14
AT4G39363	30	34	27	27	32	26
AT4G39364	30	19	28	37	47	17
AT4G39366	40	50	55	66	94	38
AT4G39370	220	177	217	165	223	176
AT4G39380	152	120	86	76	132	114
AT4G39390	396	369	465	404	575	399
AT4G39400	5303	4538	4670	3681	5171	5624
AT4G39403	8	9	5	2	8	11
AT4G39404	1	2	0	0	1	4
AT4G39410	56	43	37	48	43	70
AT4G39420	2633	2195	2400	1904	2893	2594
AT4G39460	1318	1205	1219	1127	1184	1110
AT4G39470	312	263	250	351	376	312
AT4G39480	11	17	9	8	5	8
AT4G39490	1	0	0	0	0	0
AT4G39500	0	1	0	4	0	0
AT4G39510	388	367	237	221	138	219
AT4G39520	1585	1350	1262	1467	1698	1515
AT4G39530	63	41	55	51	83	73
AT4G39540	1320	1138	912	1067	1258	1112
AT4G39550	76	66	49	68	94	94
AT4G39560	229	201	186	205	227	221
AT4G39570	832	805	687	694	914	782
AT4G39580	755	697	541	495	525	715
AT4G39590	0	1	0	0	0	1
AT4G39600	47	45	38	25	52	51
AT4G39610	11	10	9	2	4	5
AT4G39620	597	522	572	370	491	467
AT4G39630	73	52	45	40	37	35
AT4G39640	6700	5343	4548	5388	6837	6399
AT4G39650	0	2	0	3	2	2
AT4G39660	1176	962	1058	1125	1160	1070
AT4G39670	1644	1373	1151	2861	4085	1995
AT4G39675	8	7	3	5	10	6
AT4G39680	2934	2547	2411	2512	3028	2771
AT4G39690	1053	940	879	943	1097	1049
AT4G39700	5	1	2	10	16	16
AT4G39710	1788	1543	1773	1190	1481	1495
AT4G39720	22	20	7	22	15	21
AT4G39730	3582	3474	2850	4462	4254	4648
AT4G39740	214	164	166	254	315	217
AT4G39745	2	0	0	0	0	0
AT4G39770	316	319	258	302	330	356
AT4G39780	594	467	308	396	423	520
AT4G39790	20	15	10	18	33	30
AT4G39795	18	15	16	30	42	40
AT4G39800	4104	3656	2082	3089	3576	3236
AT4G39810	7	6	5	16	18	10
AT4G39820	1016	884	880	873	1115	1098
AT4G39830	1961	1661	1512	1447	2652	2076
AT4G39838	1451	1029	1022	932	1373	1351
AT4G39840	1809	1350	1376	1253	1741	1669
AT4G39850	2281	2058	2001	1705	2298	2232
AT4G39860	422	301	283	298	346	356
AT4G39870	620	471	481	482	558	485
AT4G39880	682	589	625	638	732	648
AT4G39890	831	705	643	746	1017	836
AT4G39900	861	814	729	713	845	850
AT4G39910	1933	1680	1444	1634	1886	1763
AT4G39920	229	244	242	240	288	211
AT4G39925	82	53	44	50	71	56
AT4G39930	37	38	31	19	36	22
AT4G39940	3298	3205	2642	2913	3159	3303
AT4G39950	2726	2583	2084	2534	3258	3320
AT4G39952	53	57	63	68	120	61
AT4G39955	280	211	171	241	216	343
AT4G39960	1981	1663	1830	1431	2016	1872
AT4G39970	2801	2778	2778	2310	2267	1975
AT4G39980	5644	5260	4600	5487	5442	5558
AT4G39990	1057	1012	1027	1092	1033	995
AT4G40000	95	75	73	99	104	92
AT4G40010	18	14	11	15	37	33
AT4G40020	37	27	20	52	51	28
AT4G40030	4536	4332	4156	4888	5170	4595
AT4G40040	10434	9296	8583	8939	9941	9745
AT4G40042	140	179	126	160	154	150
AT4G40045	422	332	400	337	374	376
AT4G40050	1288	1064	905	927	1106	1161
AT4G40060	1374	1219	966	1024	872	1039
AT4G40065	326	385	558	437	494	468
AT4G40070	46	58	45	56	65	60
AT4G40080	212	160	196	164	183	193
AT4G40085	158	135	163	135	135	156
AT4G40090	10	10	12	14	14	15
AT4G40100	1	0	0	0	0	0
AT5G01010	3199	2717	2556	2506	2959	2823
AT5G01015	179	179	225	147	131	180
AT5G01020	2492	2318	2329	2056	2311	1990
AT5G01030	656	469	457	542	630	676
AT5G01040	69	53	103	93	133	151
AT5G01050	2	2	3	3	6	0
AT5G01060	0	1	1	0	1	0
AT5G01070	6	9	4	7	2	2
AT5G01075	140	128	95	102	95	99
AT5G01090	771	703	536	569	610	736
AT5G01100	3219	2937	2855	4118	7509	4602
AT5G01110	94	72	81	82	124	90
AT5G01120	35	22	14	29	20	27
AT5G01160	635	469	436	514	545	476
AT5G01170	212	167	197	182	199	192
AT5G01175	70	57	43	62	52	47
AT5G01180	205	186	173	158	162	147
AT5G01190	22	17	16	20	12	12
AT5G01200	78	44	47	34	64	74
AT5G01210	624	553	556	829	1136	1021
AT5G01215	623	552	559	825	1135	1021
AT5G01220	2115	1906	2013	1940	3052	2654
AT5G01225	3	0	1	0	2	2
AT5G01230	285	235	213	236	338	269
AT5G01240	1576	1530	1580	1423	1441	1695
AT5G01250	77	86	41	71	74	72
AT5G01260	316	226	230	248	302	301
AT5G01270	1031	854	832	847	1194	970
AT5G01290	668	576	536	672	738	713
AT5G01300	7	11	4	9	12	9
AT5G01310	234	203	199	187	188	205
AT5G01320	18	23	33	35	33	28
AT5G01330	28	28	16	11	9	9
AT5G01340	143	156	130	144	121	164
AT5G01350	1803	1588	1496	1666	1926	1481
AT5G01360	11	13	5	11	17	19
AT5G01370	104	77	74	87	161	166
AT5G01380	47	31	46	71	79	80
AT5G01390	385	394	318	342	373	347
AT5G01400	1263	1020	987	970	1369	1178
AT5G01410	3742	4193	3111	4040	3629	3215
AT5G01420	21	14	12	13	17	17
AT5G01430	537	446	380	496	496	463
AT5G01445	30	36	28	34	49	27
AT5G01450	417	355	342	375	583	396
AT5G01460	1207	1027	1053	876	1187	1097
AT5G01470	175	177	160	169	188	156
AT5G01480	12	13	16	15	10	27
AT5G01490	1	0	0	0	1	5
AT5G01500	538	472	427	553	500	421
AT5G01510	279	225	269	248	276	238
AT5G01520	808	774	584	618	425	670
AT5G01530	109794	121931	119410	106012	80987	101736
AT5G01540	1854	1643	1210	2117	2890	1991
AT5G01542	1750	1548	1139	1949	2688	1901
AT5G01550	71	63	47	78	50	50
AT5G01560	744	652	657	531	621	653
AT5G01570	18	13	17	16	16	21
AT5G01580	47	25	23	48	35	46
AT5G01590	4014	3145	3347	2855	3342	3631
AT5G01595	3433	3171	2340	4913	1750	2683
AT5G01600	3409	3140	2310	4880	1718	2648
AT5G01610	155	94	84	93	103	89
AT5G01620	324	292	211	244	266	278
AT5G01630	158	144	123	123	165	154
AT5G01640	116	123	118	149	186	164
AT5G01650	1160	1103	1026	1015	1107	990
AT5G01660	22	26	28	33	38	54
AT5G01670	348	334	252	283	389	322
AT5G01680	3	4	1	0	1	0
AT5G01690	0	0	0	2	0	0
AT5G01700	71	59	76	56	73	70
AT5G01710	4805	3826	4166	4365	6785	5669
AT5G01712	4805	3826	4166	4365	6785	5669
AT5G01720	1094	1091	950	1388	2179	1403
AT5G01730	667	530	509	502	903	825
AT5G01732	601	475	463	466	817	751
AT5G01734	0	1	0	0	0	0
AT5G01740	18	22	18	31	35	19
AT5G01747	0	1	0	2	2	2
AT5G01750	12816	11453	12201	11444	12837	14259
AT5G01760	51	49	24	29	50	31
AT5G01770	473	380	324	330	508	455
AT5G01780	523	504	462	511	497	442
AT5G01790	256	220	165	238	189	247
AT5G01800	1797	1598	1345	1453	1521	1741
AT5G01810	771	604	487	533	759	719
AT5G01820	2148	2005	850	1574	819	1423
AT5G01830	365	299	290	263	222	273
AT5G01840	48	48	42	35	27	39
AT5G01850	416	407	301	466	663	472
AT5G01870	40	41	11	33	24	18
AT5G01880	124	129	100	95	80	76
AT5G01881	55	46	40	36	36	41
AT5G01890	291	266	240	289	416	368
AT5G01900	71	48	38	181	339	304
AT5G01910	31	45	39	46	44	51
AT5G01920	3298	2990	3170	2307	2819	2561
AT5G01930	588	504	550	434	630	487
AT5G01940	65	55	39	74	72	62
AT5G01950	2356	2034	2184	2110	3101	2744
AT5G01960	1377	1312	1303	1377	1957	1320
AT5G01970	461	445	362	390	395	476
AT5G01980	836	735	732	752	985	784
AT5G01990	583	523	515	488	762	602
AT5G02000	0	1	0	0	0	0
AT5G02010	367	339	332	238	275	271
AT5G02020	689	588	174	167	161	143
AT5G02030	416	426	296	374	431	454
AT5G02040	548	584	531	623	729	490
AT5G02050	440	448	389	651	784	471
AT5G02060	43	34	37	47	45	48
AT5G02070	103	79	71	95	107	83
AT5G02080	73	90	58	63	66	52
AT5G02090	8	8	12	17	16	16
AT5G02100	399	358	347	545	572	457
AT5G02110	4	1	1	0	4	5
AT5G02120	1807	1861	1588	1351	1062	1248
AT5G02130	385	307	277	385	384	386
AT5G02140	8	3	9	15	7	9
AT5G02150	645	610	578	477	506	460
AT5G02160	17450	16740	18120	12680	10557	13782
AT5G02170	104	87	74	47	38	104
AT5G02180	1047	847	683	620	415	730
AT5G02190	121	103	83	82	52	84
AT5G02200	181	164	171	168	260	281
AT5G02210	4	5	1	1	4	2
AT5G02220	16	19	12	18	20	16
AT5G02230	529	487	350	426	365	612
AT5G02240	4507	3869	5206	4579	6329	5016
AT5G02250	1201	971	1071	840	1117	979
AT5G02260	178	161	163	206	377	298
AT5G02270	331	274	232	264	251	347
AT5G02280	227	217	161	191	146	172
AT5G02290	3660	3056	3148	3253	4501	3895
AT5G02310	2494	2429	2219	1789	2710	2455
AT5G02320	94	79	86	106	88	91
AT5G02330	0	0	2	0	0	1
AT5G02350	1	1	4	1	0	5
AT5G02360	0	0	2	1	0	0
AT5G02370	19589	21483	20774	20072	21837	18798
AT5G02380	19454	21355	20665	19964	21711	18653
AT5G02390	8	1	4	1	1	2
AT5G02400	50	57	39	42	82	70
AT5G02410	312	312	306	282	422	307
AT5G02420	16	10	17	13	15	16
AT5G02430	109	90	75	72	107	82
AT5G02440	58	54	23	30	48	37
AT5G02450	3955	3082	2668	3357	3262	3027
AT5G02460	38	32	19	47	65	54
AT5G02470	247	182	196	217	296	270
AT5G02480	3399	2441	2307	2716	3735	3634
AT5G02490	856	747	715	2313	5471	1832
AT5G02500	57340	50444	47968	49490	65393	49257
AT5G02502	252	315	317	361	455	270
AT5G02510	13	7	1	2	1	5
AT5G02520	46	41	36	42	49	57
AT5G02530	1481	1296	1302	1404	1356	1452
AT5G02540	305	313	246	181	146	113
AT5G02550	76	57	52	58	46	66
AT5G02560	330	308	242	256	207	267
AT5G02570	14	16	12	10	15	22
AT5G02580	9	9	7	40	37	87
AT5G02590	230	189	210	213	229	251
AT5G02600	519	477	412	456	583	609
AT5G02610	1390	1460	1379	1647	1851	1061
AT5G02620	1156	980	888	1089	1227	1320
AT5G02630	280	278	246	266	335	300
AT5G02640	8	3	5	4	8	12
AT5G02650	280	226	240	234	257	227
AT5G02660	0	1	0	3	1	0
AT5G02670	244	214	203	221	223	217
AT5G02680	520	434	387	404	532	442
AT5G02690	52	54	55	35	53	56
AT5G02700	0	0	0	3	0	0
AT5G02710	792	685	757	663	784	657
AT5G02720	48	61	65	68	53	56
AT5G02730	1	0	0	0	0	0
AT5G02740	640	599	565	645	801	636
AT5G02750	12	10	10	24	29	18
AT5G02760	999	804	473	457	276	324
AT5G02770	2864	2589	2454	2820	3520	2834
AT5G02780	70	57	34	146	159	142
AT5G02790	6633	5421	5296	5070	6370	5820
AT5G02800	905	793	780	799	911	953
AT5G02810	7864	6281	5468	5004	4337	6635
AT5G02815	0	1	0	0	0	0
AT5G02820	435	378	337	370	498	374
AT5G02830	1129	932	784	605	941	885
AT5G02840	2246	2098	1388	1049	803	1131
AT5G02850	495	423	363	452	440	438
AT5G02860	771	638	696	545	632	719
AT5G02870	5803	6064	5995	6599	7425	5228
AT5G02880	2135	1984	1731	1536	2110	2132
AT5G02890	411	319	323	326	234	265
AT5G02910	215	175	186	186	209	185
AT5G02930	9	7	7	5	6	4
AT5G02940	5903	4851	5159	3422	4954	5720
AT5G02950	124	135	94	101	119	125
AT5G02960	6757	6902	6108	7175	7463	5049
AT5G02970	960	716	778	695	1049	825
AT5G02980	0	0	1	0	0	2
AT5G03000	2	2	5	2	5	4
AT5G03010	9	3	4	5	7	5
AT5G03020	30	16	19	22	21	26
AT5G03030	507	522	435	595	674	388
AT5G03040	4649	3956	4248	3565	4059	4790
AT5G03050	377	304	434	353	376	344
AT5G03060	2	11	14	5	8	5
AT5G03070	287	238	213	251	337	229
AT5G03080	590	496	464	526	665	613
AT5G03090	0	2	1	7	0	1
AT5G03100	90	92	94	74	126	96
AT5G03110	138	101	137	124	154	135
AT5G03120	747	564	943	591	691	1124
AT5G03130	18	21	21	13	7	9
AT5G03140	645	632	568	572	673	671
AT5G03150	368	285	233	251	189	223
AT5G03160	770	655	612	735	958	675
AT5G03170	101	111	80	94	115	118
AT5G03180	235	182	178	149	192	218
AT5G03190	783	664	580	738	956	952
AT5G03200	717	539	484	606	597	725
AT5G03204	19	19	8	18	23	32
AT5G03210	1081	1033	763	1931	2588	1783
AT5G03220	320	287	267	260	293	285
AT5G03230	546	410	321	310	178	386
AT5G03240	11970	11396	13983	11143	13646	11201
AT5G03250	39	36	34	46	43	37
AT5G03260	87	83	82	64	111	153
AT5G03270	39	30	8	13	29	25
AT5G03280	3304	3030	2920	2789	3786	3369
AT5G03285	57	66	60	57	85	53
AT5G03290	2176	2129	2054	2381	2986	2243
AT5G03300	2560	2084	2184	2167	2372	2330
AT5G03310	2	0	2	3	0	2
AT5G03320	1136	937	926	959	1251	1013
AT5G03330	998	846	774	806	982	850
AT5G03340	1091	973	1039	994	1154	1099
AT5G03345	582	621	584	651	646	534
AT5G03350	4478	3937	4713	3992	6341	5380
AT5G03360	576	514	640	504	812	695
AT5G03370	356	425	386	476	460	394
AT5G03380	2449	2082	1984	2567	2903	2639
AT5G03390	121	121	90	111	101	102
AT5G03406	227	191	185	168	200	192
AT5G03415	386	303	322	347	447	334
AT5G03420	1433	1192	1104	1110	1232	1287
AT5G03430	1544	1253	1487	1253	2017	1556
AT5G03435	81	69	41	50	118	101
AT5G03440	183	170	155	131	192	155
AT5G03450	352	295	314	320	385	274
AT5G03455	1535	1406	1290	1290	1414	1248
AT5G03460	1353	1241	1386	1502	1729	1379
AT5G03470	1019	827	928	611	634	719
AT5G03480	0	0	0	0	1	0
AT5G03490	447	414	291	300	293	336
AT5G03495	53	43	43	46	42	34
AT5G03500	378	318	287	317	381	310
AT5G03510	29	30	31	30	38	53
AT5G03520	2065	1686	1835	1779	1643	2057
AT5G03530	477	379	299	312	296	337
AT5G03540	2110	1817	1860	1680	1885	2003
AT5G03545	132	141	186	448	579	456
AT5G03550	0	1	0	1	2	0
AT5G03552	50	32	50	36	20	27
AT5G03555	376	364	219	195	168	280
AT5G03560	397	340	320	343	348	324
AT5G03610	420	372	257	411	560	524
AT5G03620	5	9	4	5	14	10
AT5G03630	6733	5910	4860	5928	7725	5576
AT5G03640	92	92	79	99	113	85
AT5G03650	3763	3141	3111	3198	4428	4843
AT5G03660	1901	1410	1446	1411	1617	1822
AT5G03668	42	35	33	27	28	18
AT5G03670	97	71	87	52	51	58
AT5G03680	63	41	53	48	48	54
AT5G03690	360	306	309	339	320	318
AT5G03700	46	31	46	25	44	35
AT5G03705	0	0	0	0	1	0
AT5G03710	0	0	0	1	1	0
AT5G03720	337	260	383	355	520	431
AT5G03730	2970	2452	2317	2603	3166	2502
AT5G03740	1082	936	891	1075	1248	982
AT5G03760	2046	1699	1215	1215	785	1304
AT5G03770	149	99	93	112	80	86
AT5G03780	142	119	103	126	140	115
AT5G03790	6	6	2	8	8	5
AT5G03795	10	7	6	11	22	23
AT5G03800	199	183	174	184	223	189
AT5G03830	286	225	214	251	297	208
AT5G03840	5	11	7	22	6	5
AT5G03850	2688	2407	1992	2612	2571	2005
AT5G03860	5	8	5	2	6	5
AT5G03870	74	53	45	36	64	45
AT5G03880	5531	5068	5645	4847	6275	4998
AT5G03890	13	1	1	3	13	2
AT5G03900	2120	1888	1922	1598	2111	1876
AT5G03905	339	332	340	399	541	330
AT5G03910	1534	1430	1529	1417	1700	1308
AT5G03930	0	0	0	0	0	1
AT5G03940	5284	3949	4634	3445	3656	4077
AT5G03960	27	26	28	34	31	25
AT5G03970	255	212	191	260	271	222
AT5G03990	319	244	308	380	537	392
AT5G03995	49	39	31	35	32	44
AT5G04000	8	5	6	10	18	7
AT5G04010	0	3	7	5	1	4
AT5G04020	2206	1752	1889	1483	2181	2297
AT5G04040	2969	2610	2521	1971	1995	2254
AT5G04050	180	106	140	107	128	159
AT5G04060	701	625	550	506	553	574
AT5G04070	172	148	155	142	210	172
AT5G04080	154	167	142	439	692	567
AT5G04090	701	632	556	678	766	656
AT5G04110	535	464	437	382	460	448
AT5G04120	0	1	0	0	0	0
AT5G04130	793	710	643	688	883	639
AT5G04140	34600	29180	25165	18424	23427	23136
AT5G04150	36	34	20	4	13	6
AT5G04160	554	522	454	473	443	472
AT5G04170	2181	2149	1933	2277	2254	2200
AT5G04180	5	4	1	6	7	7
AT5G04190	188	158	74	106	28	43
AT5G04200	27	23	25	27	57	56
AT5G04210	6	7	4	1	0	11
AT5G04220	936	812	767	578	398	604
AT5G04230	393	327	439	462	610	726
AT5G04238	23	29	18	12	26	20
AT5G04240	951	793	871	758	1093	879
AT5G04250	161	149	162	196	250	231
AT5G04260	796	742	759	713	919	659
AT5G04270	164	139	122	143	155	140
AT5G04275	4	4	1	4	4	3
AT5G04280	992	957	800	925	1008	877
AT5G04290	1156	921	919	793	1257	1133
AT5G04310	75	75	60	69	96	97
AT5G04320	393	304	297	316	354	323
AT5G04330	62	83	41	63	56	86
AT5G04340	6515	6017	5743	7532	8226	6881
AT5G04360	1819	1625	2039	1410	2180	1897
AT5G04370	8	4	5	10	6	9
AT5G04390	13	19	20	18	24	20
AT5G04400	0	0	1	0	0	1
AT5G04410	2189	1808	1731	2203	2961	2303
AT5G04420	994	773	736	813	858	831
AT5G04430	3842	3095	3309	2999	3740	3407
AT5G04440	1703	1345	1375	1125	1385	1389
AT5G04460	714	520	517	456	690	675
AT5G04470	153	106	102	129	111	110
AT5G04480	2052	1678	1711	1330	1999	2018
AT5G04490	2107	1933	1550	1450	1103	1453
AT5G04500	6	2	2	2	0	0
AT5G04510	1226	997	1052	1003	1096	1054
AT5G04520	172	175	148	151	180	157
AT5G04530	520	440	396	453	458	522
AT5G04540	1049	977	890	936	1176	1059
AT5G04550	4958	4524	4490	4340	6161	5137
AT5G04560	2548	2137	2337	1780	3065	2644
AT5G04590	12416	10882	9141	10643	11144	11499
AT5G04600	1157	932	792	990	1174	895
AT5G04610	23	19	25	26	24	19
AT5G04620	269	220	200	188	235	254
AT5G04630	3	1	2	1	4	1
AT5G04640	0	0	0	2	0	0
AT5G04660	145	124	103	108	106	125
AT5G04670	639	561	587	534	683	540
AT5G04680	54	51	37	76	108	106
AT5G04690	37	43	19	34	60	59
AT5G04700	69	72	67	85	118	90
AT5G04710	1050	943	950	896	1166	1025
AT5G04720	4582	4143	4360	4518	6370	5100
AT5G04730	0	3	1	0	0	0
AT5G04740	1530	1401	1466	1449	1692	1643
AT5G04750	1496	1419	1222	1368	1330	1460
AT5G04760	1309	961	995	947	1172	1344
AT5G04770	49	46	56	49	54	22
AT5G04780	91	78	55	102	135	65
AT5G04790	22	27	20	23	22	21
AT5G04800	1362	1453	1382	1636	1803	1226
AT5G04810	2979	2422	2479	1911	2596	2324
AT5G04820	62	73	75	66	35	75
AT5G04830	1402	1209	1036	1075	1246	1171
AT5G04840	48	24	28	26	59	40
AT5G04850	715	599	596	636	795	691
AT5G04860	215	180	148	199	249	176
AT5G04870	4485	3451	3711	3650	5065	4969
AT5G04885	604	539	681	729	867	767
AT5G04890	34	35	42	72	125	115
AT5G04895	236	181	191	277	456	204
AT5G04900	801	692	668	631	747	666
AT5G04910	348	305	242	284	251	253
AT5G04920	1571	1461	1362	1390	1749	1310
AT5G04930	5172	4621	4838	4773	8833	5642
AT5G04940	578	482	486	430	582	517
AT5G04950	468	446	350	452	219	366
AT5G04970	4	1	2	0	0	5
AT5G04980	215	185	141	134	89	126
AT5G04990	998	846	876	896	840	1013
AT5G05000	609	504	460	556	573	452
AT5G05010	4257	3871	3967	3833	4376	4042
AT5G05020	1	1	0	0	0	0
AT5G05040	10	11	12	15	8	9
AT5G05060	1210	953	935	983	1242	1234
AT5G05070	2	2	0	1	2	1
AT5G05080	1752	1407	1402	1438	1637	1657
AT5G05090	796	553	572	509	522	696
AT5G05100	1445	1240	1074	1079	1334	1224
AT5G05110	900	807	728	791	760	846
AT5G05130	136	126	112	112	134	111
AT5G05140	2497	2080	1621	1940	2465	2519
AT5G05150	3	0	1	0	4	0
AT5G05160	167	146	166	187	292	289
AT5G05170	14424	13694	14398	11507	12780	13674
AT5G05180	314	234	207	230	253	315
AT5G05190	3282	2871	2663	2713	3717	3389
AT5G05200	7351	6332	7163	5615	7421	7147
AT5G05210	863	705	590	797	787	801
AT5G05220	17	16	9	15	14	16
AT5G05230	611	516	532	499	704	559
AT5G05240	120	83	84	73	90	104
AT5G05250	435	386	490	225	644	333
AT5G05260	0	1	0	0	0	0
AT5G05270	165	152	68	250	767	359
AT5G05280	1	5	0	1	1	0
AT5G05282	1	5	0	1	1	0
AT5G05290	19	30	12	44	40	17
AT5G05300	1399	1257	1144	1333	1792	1114
AT5G05310	320	240	254	254	347	260
AT5G05320	294	265	290	281	407	354
AT5G05330	85	57	56	60	63	72
AT5G05340	81	82	83	206	90	299
AT5G05350	29	19	21	29	31	31
AT5G05360	315	354	299	344	340	295
AT5G05365	108	78	96	207	273	275
AT5G05370	284	381	417	436	484	222
AT5G05380	165	128	154	176	155	168
AT5G05390	3	5	3	6	6	5
AT5G05400	57	49	53	56	63	44
AT5G05410	1281	1085	1971	1551	2653	2029
AT5G05420	5	4	4	9	22	5
AT5G05430	18	17	19	7	18	9
AT5G05435	89	81	90	57	87	70
AT5G05440	240	282	370	326	272	347
AT5G05450	686	559	585	574	663	690
AT5G05460	535	495	526	506	770	626
AT5G05470	318	322	301	378	435	357
AT5G05480	501	449	386	404	410	439
AT5G05490	7	8	4	3	11	7
AT5G05500	0	0	0	0	1	1
AT5G05510	43	44	25	20	44	41
AT5G05520	668	581	569	502	659	619
AT5G05530	2	2	3	3	1	9
AT5G05540	633	551	493	521	631	470
AT5G05550	454	361	381	320	284	397
AT5G05560	446	387	446	441	764	566
AT5G05570	845	676	738	702	877	849
AT5G05580	953	778	914	570	1009	653
AT5G05590	498	397	316	384	384	333
AT5G05598	1	0	0	2	0	0
AT5G05600	2417	2195	1567	1948	1534	2326
AT5G05610	1245	1056	1020	939	1190	1124
AT5G05620	354	315	330	327	372	309
AT5G05630	75	45	68	60	46	49
AT5G05640	41	53	23	47	42	44
AT5G05657	0	0	0	1	0	0
AT5G05660	1045	946	961	812	966	961
AT5G05670	437	470	444	494	532	384
AT5G05680	377	344	319	315	395	351
AT5G05690	5104	4762	5046	3964	3458	4229
AT5G05700	913	747	752	622	726	774
AT5G05710	216	231	213	198	220	216
AT5G05730	5260	4484	3452	3992	4417	4310
AT5G05740	2122	1805	2258	1564	2012	1793
AT5G05750	1038	954	911	726	789	765
AT5G05760	279	268	196	273	324	270
AT5G05770	1	3	0	0	0	2
AT5G05780	1949	1633	1474	1630	1748	1663
AT5G05790	89	57	52	88	140	97
AT5G05800	739	623	567	530	649	575
AT5G05810	14	16	15	23	22	15
AT5G05820	667	545	577	564	658	653
AT5G05830	286	265	314	279	348	259
AT5G05840	36	46	44	34	23	46
AT5G05850	709	591	532	409	440	530
AT5G05860	537	489	458	236	249	231
AT5G05870	393	364	339	295	320	337
AT5G05880	26	22	14	34	14	17
AT5G05890	294	200	210	192	202	198
AT5G05920	236	204	245	224	306	244
AT5G05930	880	767	725	688	749	656
AT5G05940	93	71	89	79	116	133
AT5G05950	398	348	298	334	380	355
AT5G05960	118	143	123	269	414	339
AT5G05965	2	6	5	13	4	10
AT5G05970	412	338	342	316	410	382
AT5G05980	1011	863	828	796	897	945
AT5G05987	241	254	197	233	278	262
AT5G05990	191	138	131	230	248	150
AT5G06000	54	40	45	44	44	28
AT5G06050	556	455	437	443	495	421
AT5G06060	1180	1098	1085	991	1129	1029
AT5G06070	1	1	0	0	0	0
AT5G06090	1	2	0	1	0	4
AT5G06100	520	408	439	416	512	453
AT5G06110	2034	1474	1591	1778	2220	1836
AT5G06120	1256	1120	986	970	1315	1125
AT5G06130	2149	1825	1828	1655	2001	1866
AT5G06140	1788	1528	1427	1413	1630	1519
AT5G06150	186	236	209	189	208	251
AT5G06160	808	609	600	812	912	740
AT5G06165	27	16	37	31	38	23
AT5G06180	199	166	211	155	216	196
AT5G06190	44	38	39	52	58	45
AT5G06200	0	5	1	4	3	7
AT5G06210	423	436	473	466	454	316
AT5G06220	2384	1961	2036	1614	2258	2066
AT5G06230	525	417	389	482	519	556
AT5G06240	264	273	271	225	295	252
AT5G06250	6	13	8	12	13	12
AT5G06260	1074	1020	1001	863	1044	1062
AT5G06265	281	269	272	265	409	248
AT5G06270	161	180	159	183	172	209
AT5G06280	521	452	404	460	384	428
AT5G06290	6169	5168	5660	4821	5546	5017
AT5G06300	316	243	240	142	154	188
AT5G06310	100	115	111	122	154	102
AT5G06320	30466	26044	26306	28716	35518	34226
AT5G06330	68	37	57	87	82	76
AT5G06340	1801	1577	1661	1284	1442	1321
AT5G06350	471	430	442	405	569	469
AT5G06360	1721	1441	1343	1811	2253	1452
AT5G06370	777	760	721	686	788	760
AT5G06380	0	1	1	1	0	0
AT5G06390	1316	1213	1188	1077	1307	1411
AT5G06400	49	46	46	54	79	44
AT5G06410	237	205	231	249	265	284
AT5G06420	143	117	112	112	144	141
AT5G06430	140	123	116	169	144	100
AT5G06440	1183	993	943	833	896	915
AT5G06450	389	358	368	359	358	295
AT5G06460	1159	943	920	1012	1235	1139
AT5G06470	27	26	32	39	21	45
AT5G06480	57	68	64	57	73	61
AT5G06500	1	0	1	1	0	0
AT5G06510	63	69	45	103	151	112
AT5G06520	8	4	9	6	8	5
AT5G06530	1997	1843	1545	1776	1933	2565
AT5G06540	41	24	25	35	51	39
AT5G06550	168	140	113	202	249	159
AT5G06560	1532	1157	1109	1161	1605	1356
AT5G06570	76	69	55	51	42	37
AT5G06580	777	716	759	627	786	708
AT5G06590	66	71	58	63	65	52
AT5G06600	4867	4137	4247	3821	4963	4826
AT5G06610	179	136	166	228	367	261
AT5G06620	80	70	94	101	118	88
AT5G06660	504	533	584	494	509	437
AT5G06670	396	249	294	260	387	360
AT5G06680	295	281	280	218	312	269
AT5G06690	2037	1580	2370	1485	1973	1946
AT5G06700	4342	3356	3507	3179	3048	3958
AT5G06710	359	314	281	202	203	241
AT5G06720	80	72	89	129	100	159
AT5G06730	29	23	18	22	36	54
AT5G06740	10	4	0	6	11	6
AT5G06750	817	688	641	822	1157	925
AT5G06755	1	2	1	6	7	12
AT5G06760	36	37	18	39	22	38
AT5G06770	280	276	277	223	269	272
AT5G06780	610	487	485	548	622	619
AT5G06790	79	49	55	41	58	44
AT5G06800	33	23	32	19	28	38
AT5G06810	239	178	203	224	357	219
AT5G06820	37	36	41	46	62	47
AT5G06830	896	821	830	762	812	913
AT5G06839	0	0	0	0	0	1
AT5G06850	244	201	216	201	331	318
AT5G06860	1379	1216	919	969	1350	1414
AT5G06865	1485	1326	994	1022	1422	1518
AT5G06870	4578	3635	2479	2077	1837	3523
AT5G06890	0	5	3	3	0	0
AT5G06900	0	6	0	3	3	4
AT5G06910	463	373	343	405	444	469
AT5G06930	210	195	180	183	146	170
AT5G06940	53	46	36	29	45	56
AT5G06950	484	347	340	369	436	453
AT5G06960	491	361	353	434	520	437
AT5G06970	2093	1720	1784	1313	1407	1860
AT5G06980	996	836	491	460	137	562
AT5G06990	16	21	12	17	20	21
AT5G07000	261	203	133	153	56	137
AT5G07010	684	570	228	577	85	765
AT5G07020	5242	4463	4922	4293	4742	4451
AT5G07030	791	918	668	617	543	873
AT5G07040	1	4	6	10	5	1
AT5G07050	2	0	0	0	0	0
AT5G07060	17	13	18	25	37	20
AT5G07070	360	284	304	226	349	293
AT5G07080	70	64	46	50	72	92
AT5G07090	7932	6882	5928	7174	7928	6118
AT5G07100	2536	1905	1828	1602	1664	2376
AT5G07110	286	326	283	300	249	316
AT5G07120	872	685	700	646	797	817
AT5G07130	138	93	105	84	105	95
AT5G07140	76	86	66	67	106	71
AT5G07150	286	229	246	216	306	247
AT5G07152	106	79	84	71	135	86
AT5G07170	4	2	0	1	0	3
AT5G07180	317	273	173	242	205	286
AT5G07200	3	1	1	0	4	2
AT5G07220	2348	1969	1883	1931	1891	2130
AT5G07240	899	793	949	718	1020	944
AT5G07250	517	486	497	522	476	494
AT5G07270	868	721	669	714	808	874
AT5G07280	94	66	55	52	100	64
AT5G07290	1591	1371	1299	1217	1505	1573
AT5G07300	1505	1385	1267	1309	1675	1302
AT5G07310	8	3	2	20	19	24
AT5G07320	368	320	308	296	411	330
AT5G07322	58	23	18	56	61	76
AT5G07330	0	0	0	0	2	1
AT5G07340	1684	1442	1245	1490	1546	1568
AT5G07350	3218	2801	2809	2908	3638	3499
AT5G07360	706	682	633	643	862	674
AT5G07370	1105	1006	1218	1113	1606	1047
AT5G07380	25	34	14	12	36	42
AT5G07390	1	1	0	5	4	3
AT5G07400	64	55	64	51	86	56
AT5G07430	2	3	0	0	0	0
AT5G07440	3410	3026	2208	2235	2035	2632
AT5G07450	0	0	1	2	1	1
AT5G07460	1109	1031	877	1208	1366	1278
AT5G07470	2109	1887	1770	1909	1983	1944
AT5G07475	3	2	2	7	1	1
AT5G07480	0	1	0	0	0	0
AT5G07500	0	2	1	2	4	1
AT5G07510	0	3	2	1	0	0
AT5G07520	0	1	0	1	0	0
AT5G07550	0	1	0	0	0	0
AT5G07560	1	2	6	2	5	2
AT5G07570	16	10	13	11	14	33
AT5G07571	7	9	31	17	19	11
AT5G07572	7	9	28	17	12	10
AT5G07580	1615	1423	1675	1440	1466	1459
AT5G07590	290	261	308	270	282	308
AT5G07600	0	0	1	1	0	0
AT5G07610	247	161	245	167	229	207
AT5G07620	94	87	114	63	111	72
AT5G07630	633	523	609	533	684	560
AT5G07640	30	26	25	24	18	15
AT5G07650	5	7	1	3	7	8
AT5G07660	135	106	61	65	105	110
AT5G07670	383	305	358	287	384	362
AT5G07680	22	15	22	27	30	30
AT5G07690	773	641	602	506	372	501
AT5G07700	53	34	59	41	34	46
AT5G07710	214	201	163	180	224	191
AT5G07720	75	56	69	51	45	43
AT5G07730	209	201	184	198	248	189
AT5G07740	2185	1876	1732	1648	2434	2288
AT5G07760	92	56	52	72	86	72
AT5G07770	1237	1047	864	1059	1668	1309
AT5G07780	38	21	39	26	63	63
AT5G07790	361	286	299	312	335	296
AT5G07800	48	55	33	45	58	70
AT5G07810	119	111	103	50	88	127
AT5G07820	568	457	437	376	455	473
AT5G07830	1670	1565	1375	1530	1392	1640
AT5G07840	598	536	541	477	538	560
AT5G07842	630	555	572	505	567	586
AT5G07860	449	372	526	346	651	440
AT5G07870	462	390	405	379	357	441
AT5G07880	10	13	8	4	2	13
AT5G07890	489	454	399	433	505	368
AT5G07900	278	195	247	202	220	234
AT5G07910	485	440	539	525	685	457
AT5G07920	1660	1413	1335	1149	1414	1762
AT5G07940	1353	1257	1247	1076	1633	1417
AT5G07950	194	178	208	212	258	197
AT5G07960	369	434	384	437	429	406
AT5G07970	982	809	843	735	1185	997
AT5G07980	984	812	820	719	1115	1009
AT5G07990	124	96	42	281	1404	448
AT5G08000	404	328	254	363	469	423
AT5G08010	437	334	329	294	403	365
AT5G08020	135	115	104	100	96	111
AT5G08030	68	69	29	52	12	40
AT5G08040	770	565	507	636	707	661
AT5G08050	2620	2310	2402	2051	1786	1776
AT5G08055	0	0	0	0	0	1
AT5G08060	1743	1612	1470	1756	1725	1768
AT5G08070	47	33	33	28	45	25
AT5G08080	996	1002	969	878	958	894
AT5G08100	762	783	861	785	931	828
AT5G08110	197	177	149	200	226	182
AT5G08120	671	548	559	527	631	627
AT5G08130	1844	1522	1416	1421	1486	1758
AT5G08139	437	398	365	345	360	364
AT5G08150	112	91	113	75	101	157
AT5G08160	1173	1173	1272	1232	1741	1302
AT5G08170	536	471	428	466	574	522
AT5G08180	901	767	641	1009	1021	793
AT5G08185	330	279	282	294	312	263
AT5G08190	375	303	317	283	346	336
AT5G08200	484	414	379	368	455	438
AT5G08210	34	23	20	26	30	23
AT5G08220	9	7	9	21	25	11
AT5G08230	672	583	582	613	884	755
AT5G08240	1478	1290	1139	1495	1858	1413
AT5G08250	0	0	0	1	0	0
AT5G08260	2241	2024	2016	2210	2518	2327
AT5G08270	168	152	121	132	137	145
AT5G08280	9811	8319	9646	8217	8566	8951
AT5G08290	2077	2184	2056	2345	2577	2062
AT5G08300	2062	1904	1904	2297	2766	2253
AT5G08305	53	33	48	45	92	63
AT5G08310	75	64	76	72	144	102
AT5G08320	359	286	295	308	285	316
AT5G08330	2765	2962	2936	2777	2338	2930
AT5G08335	292	274	243	315	376	288
AT5G08340	214	233	264	215	216	233
AT5G08350	82	68	65	99	113	171
AT5G08360	18	13	13	27	26	20
AT5G08370	972	786	836	985	1160	1197
AT5G08380	1225	1040	1222	1422	2003	1615
AT5G08390	880	781	780	707	878	781
AT5G08391	8	4	0	3	4	6
AT5G08400	448	379	504	506	631	468
AT5G08410	2464	2325	3251	2319	2879	2411
AT5G08415	600	582	606	627	711	673
AT5G08420	1547	1232	1282	1237	1400	1283
AT5G08430	764	637	517	521	555	629
AT5G08440	543	469	459	459	605	516
AT5G08450	1787	1527	1475	1411	1875	1786
AT5G08460	1	1	0	0	0	0
AT5G08470	1158	1059	990	827	1072	1030
AT5G08480	13	35	23	26	37	32
AT5G08490	27	30	28	43	54	34
AT5G08500	1206	1119	1134	1024	1339	1301
AT5G08510	166	143	151	174	213	188
AT5G08520	1976	1711	1776	1542	1675	1714
AT5G08530	6372	5641	5646	5369	6296	6161
AT5G08535	249	184	198	172	177	187
AT5G08540	1921	1773	1841	1545	1700	1596
AT5G08550	496	466	470	432	609	556
AT5G08560	1636	1397	1307	1363	1626	1644
AT5G08565	108	113	95	113	123	114
AT5G08570	2037	1966	2067	2298	2711	2468
AT5G08580	525	496	498	525	523	499
AT5G08590	3375	2786	2738	2795	2973	3051
AT5G08600	204	148	121	118	167	132
AT5G08610	1644	1487	1569	1669	2284	1455
AT5G08620	657	614	495	682	795	539
AT5G08630	619	439	484	484	739	622
AT5G08640	129	109	73	72	104	58
AT5G08650	5905	4549	4531	3592	3970	4515
AT5G08660	1149	926	1116	1020	1586	1387
AT5G08670	8212	7816	7485	7737	9080	8191
AT5G08680	5574	5274	5277	6014	7337	6029
AT5G08690	8250	7642	7831	8555	10147	8334
AT5G08695	0	0	1	1	0	1
AT5G08710	391	294	310	331	409	395
AT5G08712	0	0	0	0	0	1
AT5G08720	816	692	671	544	526	653
AT5G08730	2	0	0	0	0	0
AT5G08740	1456	1173	1144	1042	1129	1175
AT5G08750	433	378	345	295	346	359
AT5G08760	2736	2218	2053	2417	3287	2652
AT5G08770	301	216	254	240	388	234
AT5G08780	281	234	190	254	306	221
AT5G08790	3570	3229	3674	5052	7030	4218
AT5G09210	1	0	0	0	0	0
AT5G09220	6733	6376	6900	3179	3899	3765
AT5G09225	383	408	355	363	347	345
AT5G09230	360	317	342	297	373	317
AT5G09240	172	169	176	146	174	133
AT5G09250	449	440	382	412	523	417
AT5G09260	315	305	286	390	420	315
AT5G09270	176	131	126	173	216	137
AT5G09280	0	2	1	2	5	2
AT5G09290	131	116	90	155	208	174
AT5G09300	177	151	115	119	167	132
AT5G09310	243	311	285	337	350	276
AT5G09320	211	188	203	183	195	161
AT5G09330	2145	1788	1547	1813	2371	1941
AT5G09350	308	281	244	201	281	290
AT5G09370	1	1	0	3	1	0
AT5G09380	224	163	194	209	234	182
AT5G09390	647	462	496	547	592	535
AT5G09400	1083	993	1000	894	1155	1107
AT5G09410	1974	1786	1649	1330	1777	1681
AT5G09420	194	172	172	287	532	268
AT5G09430	1	6	1	8	7	5
AT5G09440	1485	1611	1547	1862	1684	2452
AT5G09443	104	94	83	83	84	70
AT5G09445	92	78	80	62	85	57
AT5G09450	490	421	420	425	471	447
AT5G09460	3071	2688	2570	2760	4273	3515
AT5G09461	3071	2688	2570	2760	4273	3515
AT5G09462	3071	2688	2570	2760	4273	3515
AT5G09463	3071	2688	2570	2760	4273	3515
AT5G09470	22	14	19	95	119	142
AT5G09480	15	10	13	10	11	15
AT5G09500	0	0	0	2	1	0
AT5G09510	2453	2482	2478	2913	3120	2087
AT5G09520	6	8	6	10	7	9
AT5G09530	81	95	137	137	93	155
AT5G09540	77	80	73	87	83	74
AT5G09570	9	3	2	10	4	6
AT5G09580	48	48	56	66	90	62
AT5G09585	9	5	10	9	10	6
AT5G09590	1316	1018	985	1806	2726	1783
AT5G09600	2022	1696	1746	1922	2238	2142
AT5G09610	1	2	0	2	2	0
AT5G09620	2011	1798	1713	1657	2101	2293
AT5G09630	190	146	189	178	225	218
AT5G09640	3	3	1	1	2	4
AT5G09650	4597	4228	4408	3714	4090	3553
AT5G09660	21592	20649	19068	13578	15439	15178
AT5G09670	1090	1021	1119	916	1200	1123
AT5G09672	1094	1023	1120	918	1203	1127
AT5G09680	723	696	676	726	747	709
AT5G09690	160	131	163	160	174	147
AT5G09700	9	6	5	8	12	10
AT5G09710	38	50	36	42	60	38
AT5G09711	0	0	1	0	1	0
AT5G09720	3	3	0	2	1	0
AT5G09730	68	61	44	40	40	50
AT5G09740	509	381	368	377	391	424
AT5G09750	0	0	0	2	0	2
AT5G09760	490	425	331	343	401	486
AT5G09770	559	615	497	605	668	460
AT5G09780	2	0	0	0	0	0
AT5G09790	232	205	177	199	197	199
AT5G09800	136	106	115	227	601	180
AT5G09805	32	37	31	30	28	33
AT5G09810	12458	12808	12477	13362	15397	12330
AT5G09820	327	278	311	208	316	232
AT5G09830	381	389	356	389	417	329
AT5G09840	124	98	68	128	261	110
AT5G09850	1717	1210	1158	1257	1614	1631
AT5G09860	969	775	728	669	845	801
AT5G09870	4547	4143	4010	3756	4926	4587
AT5G09876	148	93	83	205	246	172
AT5G09880	1776	1562	1511	1606	2159	1660
AT5G09890	1353	1129	1143	1044	1180	1252
AT5G09900	2604	2306	2128	2260	2415	2406
AT5G09910	3	4	0	4	2	0
AT5G09920	682	794	643	852	728	616
AT5G09930	3	5	3	3	1	2
AT5G09940	0	1	0	0	0	0
AT5G09950	32	35	42	38	82	57
AT5G09960	531	475	440	420	575	482
AT5G09970	6	7	3	4	4	2
AT5G09976	21	18	4	14	14	12
AT5G09978	2	2	0	1	4	1
AT5G09980	81	65	15	24	16	52
AT5G09990	55	56	29	52	32	34
AT5G09995	451	405	380	352	329	374
AT5G10010	1051	799	754	760	951	883
AT5G10020	763	650	686	597	674	710
AT5G10030	568	487	410	503	525	599
AT5G10050	417	423	410	469	463	480
AT5G10060	1052	803	822	784	921	1029
AT5G10070	433	320	366	366	513	399
AT5G10080	82	63	48	71	116	76
AT5G10090	1	2	0	0	3	3
AT5G10100	62	40	27	40	37	61
AT5G10110	260	243	255	256	301	277
AT5G10130	2	1	4	0	1	0
AT5G10140	104	66	83	128	196	112
AT5G10150	570	507	430	320	203	314
AT5G10160	703	611	588	571	600	526
AT5G10170	486	381	449	507	779	618
AT5G10180	2632	2325	2402	2281	3430	3477
AT5G10190	1061	893	903	875	1196	1029
AT5G10200	323	317	215	299	253	351
AT5G10210	5	6	7	9	13	10
AT5G10220	0	0	0	1	4	0
AT5G10230	3	5	4	18	28	26
AT5G10240	498	444	350	437	576	350
AT5G10250	152	135	153	86	80	121
AT5G10260	70	70	61	50	36	55
AT5G10270	424	350	346	384	476	456
AT5G10278	0	1	2	0	2	0
AT5G10280	4	1	0	3	11	9
AT5G10290	731	637	663	740	1230	843
AT5G10300	307	264	154	266	227	329
AT5G10310	63	59	66	64	53	65
AT5G10320	172	141	164	134	130	150
AT5G10330	657	608	661	422	610	494
AT5G10336	8	7	4	1	8	4
AT5G10340	5	1	5	0	3	5
AT5G10350	879	744	707	730	761	682
AT5G10360	8301	7297	6269	7849	8370	6901
AT5G10370	684	600	572	511	816	729
AT5G10380	8909	7442	6162	4123	4540	5001
AT5G10390	381	418	353	375	436	347
AT5G10400	598	563	493	457	506	578
AT5G10410	112	117	93	119	161	114
AT5G10420	0	0	0	1	0	0
AT5G10430	471	418	353	491	290	386
AT5G10440	30	32	39	35	61	29
AT5G10450	11693	11095	10205	9701	9988	9172
AT5G10460	575	519	454	484	545	523
AT5G10470	2719	2303	2284	1683	2695	2404
AT5G10480	1194	1061	962	908	903	870
AT5G10490	1039	897	873	851	1313	1019
AT5G10510	74	50	49	61	113	86
AT5G10520	419	359	200	339	269	255
AT5G10530	75	51	76	63	96	67
AT5G10540	4617	3885	4091	3725	4874	4383
AT5G10550	1896	1449	1756	1409	2457	1853
AT5G10560	2350	1884	2016	1602	2017	2076
AT5G10570	214	141	140	93	79	110
AT5G10572	12	14	9	11	21	8
AT5G10580	1	0	3	11	4	5
AT5G10600	375	325	376	332	457	347
AT5G10605	32	22	40	42	45	27
AT5G10610	547	478	478	459	641	597
AT5G10620	113	119	110	94	108	131
AT5G10625	66	32	21	13	4	18
AT5G10630	662	592	584	590	631	637
AT5G10650	506	422	411	477	511	473
AT5G10660	13	17	13	8	5	15
AT5G10680	19	12	13	5	14	16
AT5G10690	1436	1177	1364	1059	1250	1215
AT5G10695	3420	3590	3855	3525	4379	4245
AT5G10700	228	254	239	228	234	178
AT5G10710	376	347	318	357	439	366
AT5G10720	5	5	4	2	5	5
AT5G10730	435	377	378	489	610	462
AT5G10740	259	220	206	317	462	267
AT5G10745	471	410	386	441	552	430
AT5G10750	2321	2162	2230	2341	2612	3033
AT5G10760	8245	7482	7994	7537	11488	9586
AT5G10770	414	406	312	555	569	785
AT5G10780	2168	1902	2061	2110	2303	2161
AT5G10790	619	509	555	535	662	637
AT5G10800	195	112	147	136	183	150
AT5G10810	613	532	574	539	632	556
AT5G10820	118	130	118	140	231	117
AT5G10830	110	115	85	96	150	123
AT5G10840	2822	2662	2947	2767	3640	3102
AT5G10860	6938	6502	7100	5916	6685	5946
AT5G10870	337	289	272	272	298	306
AT5G10880	6	1	4	1	4	2
AT5G10890	24	12	17	9	18	15
AT5G10900	164	160	127	115	165	136
AT5G10910	676	508	512	492	549	539
AT5G10920	900	830	861	845	842	752
AT5G10930	304	273	184	255	181	240
AT5G10940	1145	955	919	901	1066	943
AT5G10946	174	151	122	143	185	157
AT5G10950	512	440	375	360	427	452
AT5G10960	3049	2696	2739	2698	3306	2896
AT5G10970	31	26	22	25	33	47
AT5G10980	2355	2358	2226	2540	2714	2393
AT5G10990	9	0	3	5	3	0
AT5G11000	2652	2217	1956	2060	2754	2327
AT5G11010	304	273	254	284	360	275
AT5G11020	125	115	77	88	113	121
AT5G11027	0	0	0	0	0	2
AT5G11030	475	500	486	493	722	547
AT5G11040	1232	1219	1370	1187	1548	1442
AT5G11050	0	0	0	0	0	4
AT5G11060	2222	1811	1906	1815	2433	2273
AT5G11070	3677	3418	3955	3065	3026	3787
AT5G11080	1	0	1	1	1	3
AT5G11090	1172	1037	960	1185	1335	1516
AT5G11100	28	26	15	43	44	60
AT5G11110	257	229	224	224	409	376
AT5G11140	547	463	247	250	267	213
AT5G11150	688	653	1263	993	1747	1141
AT5G11160	124	76	120	59	48	101
AT5G11170	4602	3794	3815	3865	4741	3889
AT5G11190	39	28	27	27	33	23
AT5G11200	2710	2220	2187	2487	2719	2374
AT5G11210	59	68	36	81	172	100
AT5G11230	162	114	112	146	113	162
AT5G11240	503	392	322	521	658	462
AT5G11250	1184	1150	1301	1025	1692	1360
AT5G11260	75	64	38	48	31	58
AT5G11270	687	600	613	575	574	556
AT5G11280	652	579	573	583	530	558
AT5G11290	11	7	12	10	5	12
AT5G11300	128	99	79	110	100	110
AT5G11310	174	150	141	200	242	205
AT5G11320	8	10	3	4	7	14
AT5G11330	1813	1556	1799	1347	1764	1549
AT5G11340	521	470	462	574	598	423
AT5G11350	633	480	523	484	584	595
AT5G11360	7	4	6	5	9	4
AT5G11380	478	474	536	433	505	486
AT5G11390	427	372	338	334	374	371
AT5G11400	0	2	0	0	1	0
AT5G11410	66	59	51	59	74	60
AT5G11412	3	1	5	3	1	2
AT5G11416	0	0	2	1	0	0
AT5G11420	5388	4768	5237	4097	3454	4484
AT5G11425	8	11	11	13	15	1
AT5G11430	550	496	485	456	507	504
AT5G11440	0	0	2	0	1	0
AT5G11450	2487	2413	2671	2207	2633	2186
AT5G11460	128	113	107	97	92	97
AT5G11470	114	101	78	77	119	130
AT5G11480	2153	1718	1823	1758	1794	1861
AT5G11490	2139	1715	1840	1590	2020	2151
AT5G11500	3630	2918	2629	2704	3342	3282
AT5G11510	192	169	151	133	238	217
AT5G11520	1931	1679	1804	1821	1992	2114
AT5G11530	596	509	429	396	596	569
AT5G11540	35	21	8	32	14	20
AT5G11550	202	213	122	157	161	178
AT5G11560	3932	3307	3422	3100	4313	4023
AT5G11570	0	3	1	6	0	2
AT5G11580	2599	2255	2367	2077	2034	2487
AT5G11590	36	59	39	32	44	37
AT5G11600	886	719	617	591	542	754
AT5G11610	1621	1280	1167	1129	1137	1403
AT5G11620	9	5	7	8	17	30
AT5G11630	135	183	139	228	262	177
AT5G11640	405	384	341	355	384	356
AT5G11650	2433	2167	1726	2057	2278	2290
AT5G11670	28672	28932	25893	34326	42517	28548
AT5G11680	1433	1168	1216	1181	1316	1314
AT5G11690	263	236	232	187	252	208
AT5G11700	3909	3732	3399	2813	3583	3752
AT5G11710	3405	2753	2390	2301	2467	2901
AT5G11720	2375	1912	1967	1396	1818	2109
AT5G11730	651	648	675	673	994	756
AT5G11740	13201	12986	16000	16338	22678	17017
AT5G11750	276	277	255	315	333	249
AT5G11760	715	577	555	571	640	564
AT5G11770	4273	3964	3649	4108	3864	4369
AT5G11780	39	34	26	21	43	37
AT5G11790	2312	1901	1649	1864	1940	1819
AT5G11800	869	749	788	698	868	792
AT5G11810	1006	944	934	856	892	875
AT5G11820	5	4	1	2	3	7
AT5G11840	1668	1591	1471	1347	1347	1323
AT5G11850	1180	984	934	991	1237	1054
AT5G11860	776	700	621	674	750	709
AT5G11870	13	9	8	9	7	5
AT5G11880	2197	1846	1689	1891	2527	1985
AT5G11890	590	541	447	507	513	574
AT5G11900	696	582	632	657	767	810
AT5G11910	621	515	511	514	667	634
AT5G11920	168	138	78	187	501	274
AT5G11930	20	17	10	32	36	25
AT5G11940	2	2	0	1	6	1
AT5G11950	627	486	475	566	736	570
AT5G11960	978	768	726	747	843	967
AT5G11970	994	696	860	955	1488	1239
AT5G11980	662	621	638	686	676	701
AT5G11990	14	15	11	16	21	35
AT5G12010	709	671	640	719	800	807
AT5G12020	2	8	4	32	14	14
AT5G12030	6	6	4	10	31	26
AT5G12040	1301	1184	1164	1335	1621	1421
AT5G12050	282	245	136	168	120	127
AT5G12080	571	469	337	475	502	506
AT5G12100	197	138	153	141	188	183
AT5G12110	181	178	123	123	136	124
AT5G12120	2285	1776	1812	1574	2085	2015
AT5G12130	1259	1111	1112	981	1142	1073
AT5G12140	3253	3105	2999	3322	4375	3525
AT5G12150	5315	4539	4129	3486	4963	4760
AT5G12170	789	640	674	941	1369	988
AT5G12180	6	9	3	4	4	6
AT5G12190	338	248	255	335	382	295
AT5G12200	1900	1675	1649	1425	1915	1884
AT5G12210	1421	1161	1322	1235	1480	1380
AT5G12220	253	228	200	248	333	221
AT5G12230	843	629	695	647	821	768
AT5G12235	1	5	3	5	4	4
AT5G12236	1	0	0	1	1	0
AT5G12240	330	388	315	435	364	332
AT5G12250	7531	6969	6231	6746	5418	7090
AT5G12260	346	315	302	277	306	329
AT5G12270	1	1	2	4	0	0
AT5G12280	2	4	5	2	7	5
AT5G12290	637	585	504	566	678	580
AT5G12300	108	64	55	60	62	71
AT5G12310	947	783	715	702	683	754
AT5G12320	302	297	260	266	271	241
AT5G12330	28	25	26	40	30	28
AT5G12340	131	112	75	142	206	198
AT5G12350	1385	1065	1246	910	1469	1315
AT5G12360	50	44	33	28	22	34
AT5G12370	3709	3211	3361	3031	4037	3710
AT5G12380	56	54	43	41	57	57
AT5G12390	404	384	410	367	453	349
AT5G12400	1214	1064	1003	857	1279	1206
AT5G12410	583	495	453	554	606	519
AT5G12420	298	229	246	197	214	132
AT5G12430	1633	1358	1376	1049	1560	1548
AT5G12440	862	777	892	607	762	861
AT5G12450	0	2	0	1	1	0
AT5G12460	1	0	0	0	0	0
AT5G12470	2760	2432	1805	2129	1945	2033
AT5G12480	1702	1383	1340	1500	2317	1518
AT5G12840	824	707	518	638	643	665
AT5G12850	1708	1611	1527	1372	1631	1552
AT5G12860	7384	8037	8329	7970	10235	7267
AT5G12870	9	6	8	20	12	13
AT5G12880	159	157	99	183	231	207
AT5G12890	1296	1204	1018	993	1312	1231
AT5G12900	473	411	386	326	465	458
AT5G12910	1	0	0	0	0	0
AT5G12920	54	42	35	47	63	43
AT5G12930	216	190	154	201	220	241
AT5G12940	1908	1763	1353	1230	1049	1212
AT5G12950	3899	3276	3540	2919	2959	3842
AT5G12960	197	192	304	160	203	245
AT5G12970	52	32	26	37	30	41
AT5G12980	333	309	309	341	309	294
AT5G12990	3	3	0	1	0	0
AT5G13000	2807	2417	2235	2062	3368	2839
AT5G13010	2636	2219	2081	1761	2433	2231
AT5G13020	2031	1653	1547	1654	2118	1927
AT5G13030	3074	2883	2801	2789	3483	3089
AT5G13050	517	554	537	596	622	560
AT5G13060	124	116	106	88	121	110
AT5G13070	516	430	405	542	611	456
AT5G13080	386	364	151	509	360	507
AT5G13090	700	628	474	525	461	529
AT5G13100	2251	2033	1675	1918	1943	2078
AT5G13110	484	418	380	432	596	491
AT5G13120	3225	2488	2473	2307	2378	2801
AT5G13130	12	8	16	18	6	7
AT5G13140	1154	1102	1050	1023	1107	857
AT5G13150	0	1	1	0	1	1
AT5G13160	1239	1133	1007	1025	1119	1257
AT5G13170	25	17	16	39	9	70
AT5G13180	2589	2204	2080	1389	1010	1197
AT5G13181	2	2	0	0	1	0
AT5G13190	4196	4441	3945	5985	7557	5059
AT5G13200	4295	3842	3361	4764	5918	5199
AT5G13210	461	362	334	441	412	328
AT5G13220	1112	1159	546	902	822	1040
AT5G13225	0	0	2	1	2	1
AT5G13230	20	32	24	27	51	47
AT5G13240	648	520	621	647	819	615
AT5G13250	11	17	9	13	17	29
AT5G13260	1228	1046	1033	925	1189	1135
AT5G13270	178	139	182	166	216	160
AT5G13280	1365	1117	1124	1166	1385	991
AT5G13290	200	163	145	142	211	187
AT5G13300	1854	1619	1558	1505	1981	2017
AT5G13310	268	228	221	273	262	289
AT5G13320	698	647	451	1601	1930	1334
AT5G13330	112	100	48	91	57	156
AT5G13340	149	112	96	89	147	146
AT5G13360	377	351	294	275	320	306
AT5G13370	335	251	314	242	404	255
AT5G13390	1954	1769	1915	1709	2253	2183
AT5G13400	578	533	657	476	591	661
AT5G13410	1173	1050	1126	935	1059	991
AT5G13420	1728	1598	1265	1846	1718	1741
AT5G13430	2183	2180	1952	2292	2454	2078
AT5G13440	2842	2696	2563	2905	3480	2888
AT5G13450	5554	4774	4457	4979	5658	5046
AT5G13460	554	457	409	354	332	390
AT5G13470	206	191	221	206	240	180
AT5G13480	581	444	459	471	692	601
AT5G13490	348	358	360	631	856	558
AT5G13500	953	916	773	950	1100	940
AT5G13510	6261	5118	5732	4973	5361	5765
AT5G13520	401	353	244	313	321	399
AT5G13530	1725	1358	1390	1360	1879	1805
AT5G13550	1637	1338	1023	1622	1931	1874
AT5G13560	2037	1569	1601	1555	1891	1994
AT5G13570	656	636	587	472	662	554
AT5G13580	7	4	10	6	13	2
AT5G13590	2270	1897	1688	1566	2549	2263
AT5G13600	6	5	2	1	0	2
AT5G13610	378	297	338	381	434	322
AT5G13630	66711	60608	46769	40480	25537	45281
AT5G13640	2035	1883	1533	1440	1474	1688
AT5G13650	12542	9828	11118	8306	12159	10605
AT5G13660	332	272	279	283	330	398
AT5G13670	0	0	0	0	3	1
AT5G13680	986	852	797	935	1382	969
AT5G13690	1104	875	1082	889	1147	1086
AT5G13700	403	335	308	356	468	431
AT5G13710	3124	2490	3606	2746	4238	3908
AT5G13720	1297	1295	1424	1137	1445	1188
AT5G13730	943	735	907	627	914	824
AT5G13740	1506	1431	1221	1016	1327	1081
AT5G13750	511	436	384	650	941	653
AT5G13760	761	713	730	639	818	831
AT5G13770	3177	2467	1632	1290	826	1710
AT5G13780	1195	1141	991	1313	1226	1148
AT5G13790	31	22	6	43	48	62
AT5G13800	3985	3524	3116	3297	3405	3937
AT5G13810	2699	2335	1898	2424	3037	2669
AT5G13820	287	210	157	322	340	434
AT5G13830	18	32	24	23	24	8
AT5G13840	275	240	208	199	275	294
AT5G13850	2034	1776	1618	2111	2177	1684
AT5G13860	257	208	191	195	267	256
AT5G13870	132	131	121	160	178	133
AT5G13880	38	26	15	27	49	47
AT5G13890	408	301	355	374	425	397
AT5G13900	2	1	6	3	1	0
AT5G13910	0	1	1	0	2	1
AT5G13920	49	46	49	59	49	51
AT5G13930	1265	1335	524	2352	7161	4714
AT5G13940	6	2	1	1	3	2
AT5G13950	2401	2238	2319	1757	1899	1879
AT5G13960	334	295	209	220	311	286
AT5G13970	457	335	293	322	369	384
AT5G13980	3733	3005	2997	2460	3282	3269
AT5G13990	33	27	19	20	16	21
AT5G14000	8	9	6	19	27	26
AT5G14020	0	0	2	0	0	0
AT5G14030	2654	2174	2093	2326	2766	2575
AT5G14040	6779	5802	5724	7027	8938	6984
AT5G14050	743	630	515	659	773	622
AT5G14060	6310	5297	4336	4189	2880	4417
AT5G14070	3	3	2	6	7	9
AT5G14080	348	300	285	273	272	333
AT5G14090	215	165	196	183	262	264
AT5G14100	260	283	275	232	379	217
AT5G14105	154	177	153	229	227	203
AT5G14110	9	7	0	4	1	0
AT5G14120	8398	8094	9259	5220	5333	4739
AT5G14130	1	1	1	1	0	0
AT5G14140	126	120	104	87	107	102
AT5G14150	2	1	1	1	0	0
AT5G14160	15	12	2	6	8	6
AT5G14170	1417	1157	1133	1072	1277	1197
AT5G14180	29	46	14	12	9	13
AT5G14200	4572	3974	3966	3560	3211	3789
AT5G14210	1059	936	951	929	1224	1035
AT5G14220	972	809	848	781	961	854
AT5G14230	271	228	160	289	143	222
AT5G14240	1244	947	971	947	978	982
AT5G14250	738	621	601	741	866	654
AT5G14260	5146	4986	4904	3483	3580	4238
AT5G14270	2324	1853	2417	2015	2650	2555
AT5G14280	367	312	313	326	351	410
AT5G14310	700	654	625	730	965	779
AT5G14320	8699	7575	8120	6447	6672	7026
AT5G14330	8	9	9	6	13	9
AT5G14350	128	106	136	101	153	108
AT5G14360	44	43	38	25	22	18
AT5G14370	707	644	587	612	651	695
AT5G14380	4	11	8	14	17	10
AT5G14390	947	893	739	723	821	831
AT5G14400	2	4	1	0	2	7
AT5G14410	192	128	153	147	111	126
AT5G14420	800	586	526	638	734	744
AT5G14430	2413	2164	2183	1945	2137	2212
AT5G14440	644	483	457	532	592	520
AT5G14450	239	230	255	257	287	328
AT5G14460	1433	1147	1268	1060	1202	1325
AT5G14470	23	24	17	20	19	23
AT5G14480	278	252	255	247	290	247
AT5G14490	2	1	4	13	4	7
AT5G14500	361	303	282	295	344	358
AT5G14510	26	28	20	34	46	40
AT5G14520	1492	1260	1117	1465	1886	1370
AT5G14530	307	317	265	287	328	272
AT5G14540	1724	1575	1425	1346	1581	1835
AT5G14545	0	0	0	3	1	0
AT5G14550	786	815	1140	1101	1670	1509
AT5G14560	0	2	3	7	6	6
AT5G14565	1381	1186	1024	1135	1086	1871
AT5G14570	1345	1165	992	1130	1067	1816
AT5G14580	182	185	141	201	358	201
AT5G14590	1630	1284	1329	1394	1679	1829
AT5G14600	193	143	148	171	204	171
AT5G14602	0	0	0	1	0	2
AT5G14610	457	411	348	349	403	398
AT5G14620	369	331	290	341	345	354
AT5G14640	760	590	409	730	1067	801
AT5G14650	51	49	42	44	32	38
AT5G14660	1281	1009	1135	904	927	1032
AT5G14670	1	1	0	0	0	0
AT5G14680	727	693	634	709	650	636
AT5G14690	37	29	18	27	11	36
AT5G14700	1532	1376	760	1379	1806	1280
AT5G14710	238	219	169	191	275	207
AT5G14720	3467	2738	2734	2482	3090	3223
AT5G14730	177	143	220	229	244	236
AT5G14740	21810	19159	18696	12540	17459	14041
AT5G14750	3	4	1	3	0	4
AT5G14760	131	129	94	100	133	149
AT5G14770	179	152	131	119	215	180
AT5G14780	11498	10751	8907	9719	7611	9072
AT5G14790	636	562	535	527	495	487
AT5G14800	1738	1618	1545	1637	1918	1351
AT5G14820	114	100	101	77	98	96
AT5G14850	358	272	297	306	412	314
AT5G14860	5	1	1	0	1	0
AT5G14870	16	15	20	11	12	12
AT5G14880	1215	1054	875	944	883	1114
AT5G14890	41	32	21	38	33	64
AT5G14900	0	0	3	2	0	2
AT5G14910	5214	4277	5156	4052	4516	4190
AT5G14920	6250	4950	7104	6556	7534	8334
AT5G14930	2529	1956	1927	2605	3649	3161
AT5G14940	118	113	98	142	101	149
AT5G14950	1527	1388	1470	1253	1764	1559
AT5G14960	117	125	92	66	90	69
AT5G14970	5298	3803	3861	3705	4318	4691
AT5G14980	2	0	1	3	1	2
AT5G14990	2	0	0	0	0	0
AT5G15010	101	73	81	83	90	131
AT5G15020	2173	1990	1764	1649	2305	2209
AT5G15022	7	11	10	11	17	3
AT5G15030	153	102	117	135	149	125
AT5G15050	667	685	616	566	418	533
AT5G15060	2	2	0	0	0	0
AT5G15070	184	154	140	130	181	198
AT5G15080	728	658	563	652	832	671
AT5G15090	2414	2400	1947	2749	2592	2223
AT5G15100	0	0	0	0	3	0
AT5G15110	1	0	0	0	0	0
AT5G15120	64	47	31	45	52	32
AT5G15130	6	7	6	13	18	17
AT5G15140	0	2	0	0	0	1
AT5G15150	59	61	35	22	18	51
AT5G15160	114	90	70	65	31	45
AT5G15170	413	362	304	287	253	317
AT5G15180	12	4	10	7	9	11
AT5G15190	259	230	124	172	169	210
AT5G15200	8326	9225	7927	9150	9440	6439
AT5G15210	293	268	187	211	193	200
AT5G15220	368	332	369	337	361	322
AT5G15230	2304	2175	2341	2635	3529	2604
AT5G15240	85	82	92	76	87	77
AT5G15250	8	1	8	3	2	9
AT5G15254	3	4	2	6	5	3
AT5G15260	739	615	560	548	665	707
AT5G15265	7	4	8	3	8	4
AT5G15270	853	714	700	641	853	726
AT5G15280	386	339	376	282	364	365
AT5G15290	0	0	0	0	0	1
AT5G15300	44	30	29	39	52	57
AT5G15310	341	225	247	203	166	215
AT5G15320	889	833	804	914	1059	824
AT5G15330	242	202	181	172	152	162
AT5G15340	38	32	35	30	55	44
AT5G15350	2812	2585	2638	2159	1834	2577
AT5G15360	0	1	0	2	0	2
AT5G15390	642	558	575	445	432	497
AT5G15400	2036	1809	1817	1665	2092	2165
AT5G15410	2644	2655	3127	2345	2315	2535
AT5G15420	0	1	1	0	0	0
AT5G15430	20	17	14	15	10	25
AT5G15440	600	594	508	428	445	556
AT5G15450	2976	2786	2201	2510	3021	3005
AT5G15460	246	231	233	299	320	267
AT5G15470	1007	822	752	777	864	878
AT5G15480	2	1	0	1	1	0
AT5G15490	1563	1458	1315	1603	1694	1575
AT5G15500	165	147	103	210	686	386
AT5G15510	77	73	74	54	89	105
AT5G15520	218	229	203	221	243	185
AT5G15530	231	191	143	165	145	157
AT5G15540	1312	1116	1194	1105	1619	1319
AT5G15550	586	495	533	668	934	585
AT5G15570	302	246	256	202	351	284
AT5G15580	941	743	641	568	507	630
AT5G15581	85	82	62	35	54	63
AT5G15600	41	22	20	20	9	15
AT5G15610	1360	1135	1149	1095	1269	1137
AT5G15630	45	49	40	57	62	57
AT5G15640	774	695	892	989	1385	1015
AT5G15650	7913	7052	7181	7361	10111	7513
AT5G15660	1	3	3	2	5	4
AT5G15680	1671	1522	1486	1328	1996	1620
AT5G15700	390	350	341	597	884	510
AT5G15710	291	250	263	211	265	216
AT5G15720	9	6	11	8	2	8
AT5G15730	1209	1003	1020	1053	1646	1295
AT5G15740	568	595	496	549	597	493
AT5G15750	367	394	323	510	624	383
AT5G15760	147	136	122	158	148	132
AT5G15770	75	45	68	46	67	64
AT5G15780	2611	1975	1958	2306	1760	2997
AT5G15790	136	121	158	141	179	172
AT5G15800	3	2	1	1	1	3
AT5G15802	163	153	165	137	126	128
AT5G15805	0	0	0	1	0	0
AT5G15810	717	645	619	707	990	675
AT5G15820	118	72	71	58	85	87
AT5G15830	71	59	33	31	11	40
AT5G15833	0	0	0	0	0	1
AT5G15840	24	19	9	12	24	20
AT5G15845	529	450	248	218	137	247
AT5G15850	510	442	234	215	122	235
AT5G15853	3	2	2	5	2	3
AT5G15860	446	447	262	329	422	329
AT5G15870	1902	1555	1477	1297	1903	1631
AT5G15880	544	418	435	402	419	409
AT5G15890	8	2	2	0	2	2
AT5G15900	26	19	11	23	25	28
AT5G15910	390	371	271	326	290	335
AT5G15920	326	286	258	307	408	328
AT5G15930	934	803	877	737	844	837
AT5G15940	12	22	4	9	7	8
AT5G15948	690	568	283	550	667	711
AT5G15950	690	568	283	550	667	711
AT5G15960	267	258	250	181	181	227
AT5G15970	9728	10601	15553	12843	20228	14613
AT5G15980	379	317	308	365	510	378
AT5G16000	505	409	454	441	412	428
AT5G16010	2060	1857	1807	1596	1495	1592
AT5G16020	0	1	1	1	0	0
AT5G16030	6342	4959	3894	2928	1733	3898
AT5G16040	432	366	357	446	542	506
AT5G16050	2915	2250	1980	2250	2373	2388
AT5G16060	338	295	251	363	456	340
AT5G16070	1351	1187	1037	1140	1411	1143
AT5G16080	33	26	28	41	48	41
AT5G16110	3511	2898	2648	2562	2952	2978
AT5G16120	1008	850	746	769	801	795
AT5G16130	4466	4066	3669	4140	4464	3242
AT5G16140	325	280	279	204	240	215
AT5G16150	6715	6395	6441	5162	5166	5395
AT5G16160	62	77	66	82	95	86
AT5G16170	147	97	121	128	206	114
AT5G16180	1099	845	809	692	736	847
AT5G16190	179	164	109	134	131	157
AT5G16200	525	520	360	622	918	634
AT5G16210	1927	1652	1687	1500	1827	1911
AT5G16220	1511	1222	1126	1164	1353	1334
AT5G16230	69	63	80	107	126	114
AT5G16235	42	35	50	68	68	85
AT5G16240	344	298	341	275	246	214
AT5G16250	345	246	239	243	356	440
AT5G16260	1062	805	695	735	929	950
AT5G16270	2061	1779	1613	1449	1912	1909
AT5G16280	1494	1288	1291	1211	1580	1490
AT5G16290	1090	955	883	906	1040	913
AT5G16300	1537	1262	1342	1230	1744	1593
AT5G16310	271	252	197	212	244	222
AT5G16320	142	115	160	145	155	128
AT5G16340	159	149	116	81	61	114
AT5G16350	57	74	56	60	39	59
AT5G16360	548	438	389	463	493	546
AT5G16370	1437	1309	1263	1111	985	1418
AT5G16380	466	427	498	651	722	571
AT5G16390	2627	2487	2414	2228	2203	2460
AT5G16400	3133	3108	2663	2102	1539	2134
AT5G16410	210	229	146	198	89	151
AT5G16420	155	133	130	113	211	162
AT5G16440	1126	1009	996	1066	1108	1219
AT5G16450	752	596	543	755	782	880
AT5G16470	1788	1931	1734	2059	2004	1604
AT5G16480	272	243	280	336	441	209
AT5G16486	5	5	4	5	6	12
AT5G16490	26	29	20	20	25	27
AT5G16500	0	1	0	1	0	0
AT5G16510	769	686	678	722	974	788
AT5G16520	433	416	347	336	323	372
AT5G16530	30	22	30	18	16	9
AT5G16540	715	629	638	534	677	585
AT5G16550	1052	916	996	954	953	980
AT5G16560	501	419	426	375	498	516
AT5G16570	234	224	175	276	392	261
AT5G16580	1	2	0	3	0	1
AT5G16590	1233	1068	1232	852	884	1218
AT5G16600	30	32	28	32	30	36
AT5G16610	473	458	423	421	516	466
AT5G16620	3269	2577	2751	2657	3132	2827
AT5G16630	870	708	666	565	675	680
AT5G16640	32	33	40	22	43	32
AT5G16650	755	672	647	530	605	528
AT5G16660	2064	1876	2192	1818	1975	1747
AT5G16680	1906	1492	1389	1284	1742	1773
AT5G16690	158	122	121	130	177	120
AT5G16710	4257	3840	4064	3264	3916	3668
AT5G16715	1745	1407	1545	1239	1898	1590
AT5G16720	220	190	197	199	178	215
AT5G16730	2781	2151	2242	2163	2589	3241
AT5G16740	0	1	0	1	0	1
AT5G16750	642	560	472	654	915	551
AT5G16760	1080	930	946	873	1068	993
AT5G16770	7	12	11	5	13	11
AT5G16780	1567	1259	1234	1167	1371	1424
AT5G16790	84	66	47	64	83	51
AT5G16800	956	875	874	902	1225	901
AT5G16810	889	812	727	697	667	830
AT5G16820	767	593	559	522	579	681
AT5G16830	1535	1392	1352	1431	1651	1690
AT5G16840	1374	1317	1282	1235	1473	1449
AT5G16850	11	8	6	4	11	11
AT5G16860	59	35	41	56	91	48
AT5G16870	218	216	219	222	218	212
AT5G16880	3079	2498	2346	2549	3030	2694
AT5G16890	262	220	241	230	289	240
AT5G16900	4	3	3	2	4	6
AT5G16910	3659	3312	2871	3090	3638	4074
AT5G16930	266	234	208	320	428	256
AT5G16940	245	175	190	171	166	134
AT5G16950	120	132	115	125	172	116
AT5G16960	2	4	14	12	4	12
AT5G16970	1648	1270	1446	1360	1924	1957
AT5G16980	35	27	53	31	81	50
AT5G16990	860	762	693	822	1094	1056
AT5G17000	865	706	666	1042	1047	1173
AT5G17010	548	522	539	589	754	574
AT5G17020	2668	2400	2304	2341	3236	2898
AT5G17030	0	1	0	2	0	0
AT5G17040	7	8	6	6	3	3
AT5G17050	499	467	245	489	1513	815
AT5G17060	303	276	288	335	405	328
AT5G17070	423	343	380	397	370	441
AT5G17150	13	7	14	16	4	11
AT5G17160	236	166	126	132	159	191
AT5G17165	8	12	15	12	23	7
AT5G17170	2128	2040	2357	2184	3517	2089
AT5G17180	0	1	0	0	0	0
AT5G17190	1412	1342	1483	1629	1976	1444
AT5G17200	0	0	0	0	0	2
AT5G17210	52	48	47	54	87	64
AT5G17220	225	232	94	1207	3496	1546
AT5G17230	7436	6536	6053	5328	6205	5973
AT5G17240	125	121	134	193	269	144
AT5G17250	299	289	248	256	269	320
AT5G17260	7	7	11	13	26	22
AT5G17262	0	0	0	0	1	0
AT5G17270	594	444	385	433	697	476
AT5G17280	523	409	412	442	492	469
AT5G17290	426	453	402	307	299	344
AT5G17300	117	100	47	40	28	45
AT5G17310	890	827	756	763	659	730
AT5G17330	135	129	90	123	168	158
AT5G17340	1	0	3	0	0	0
AT5G17350	1427	1600	1608	1812	1889	1519
AT5G17360	87	72	73	91	115	76
AT5G17370	212	192	158	158	214	194
AT5G17380	1866	1690	1520	1946	2223	2121
AT5G17390	0	2	1	1	0	2
AT5G17400	278	228	210	182	221	255
AT5G17410	526	489	511	443	547	554
AT5G17420	105	93	89	112	127	145
AT5G17430	0	0	0	0	1	0
AT5G17440	728	654	602	721	835	720
AT5G17450	223	171	221	203	337	268
AT5G17460	644	594	632	883	818	974
AT5G17490	151	177	96	137	109	129
AT5G17500	0	3	2	0	1	2
AT5G17510	683	639	567	602	782	636
AT5G17520	1287	1254	1459	1286	1775	1594
AT5G17523	408	388	364	456	658	551
AT5G17530	1259	1093	1132	1047	1241	1128
AT5G17540	47	45	38	49	62	28
AT5G17550	847	706	620	509	514	558
AT5G17560	1131	1160	1237	1251	1179	895
AT5G17570	144	98	128	97	124	108
AT5G17580	154	134	126	96	171	156
AT5G17590	0	2	1	6	1	1
AT5G17600	153	145	118	105	94	138
AT5G17610	541	424	436	432	480	431
AT5G17620	294	233	229	216	245	238
AT5G17630	710	670	727	583	895	674
AT5G17640	456	387	473	410	376	445
AT5G17650	225	217	224	240	295	255
AT5G17660	266	215	212	169	203	205
AT5G17670	1164	1048	1109	1038	911	970
AT5G17680	54	35	39	36	59	66
AT5G17690	497	380	398	422	542	486
AT5G17700	223	203	242	269	322	216
AT5G17710	2715	2074	2505	2140	2511	2248
AT5G17760	449	320	306	546	924	718
AT5G17770	2471	2286	2197	2380	2591	2257
AT5G17780	39	32	18	27	15	12
AT5G17790	549	395	468	424	595	493
AT5G17800	12	9	6	8	8	11
AT5G17810	2	0	0	1	0	1
AT5G17820	1	1	0	0	0	0
AT5G17830	18	10	21	15	18	15
AT5G17840	493	408	484	487	523	410
AT5G17847	0	5	3	5	5	5
AT5G17850	742	564	778	699	1054	1086
AT5G17860	416	374	236	459	388	467
AT5G17870	2377	2671	2704	2267	2640	1934
AT5G17880	888	883	966	762	1374	806
AT5G17890	1372	1166	1042	1002	1636	1312
AT5G17900	917	712	629	631	699	787
AT5G17910	1942	1742	1640	1483	1973	1849
AT5G17920	43150	40445	38358	36960	35639	40185
AT5G17930	556	493	447	544	640	573
AT5G17950	0	0	0	2	0	0
AT5G17970	0	0	0	3	9	9
AT5G17980	123	126	113	234	409	404
AT5G17990	3887	3341	2767	3375	4170	3856
AT5G18000	3	1	0	7	1	1
AT5G18010	24	24	14	8	3	16
AT5G18015	1	0	0	0	1	0
AT5G18020	43	45	37	26	4	19
AT5G18030	86	73	61	32	8	21
AT5G18037	0	1	1	2	0	0
AT5G18040	293	250	187	286	315	271
AT5G18050	39	31	23	13	3	21
AT5G18060	83	109	61	53	17	42
AT5G18065	123	93	87	130	104	97
AT5G18070	239	237	195	229	200	205
AT5G18080	201	113	109	94	20	78
AT5G18090	1	1	2	1	4	2
AT5G18100	1126	888	941	878	840	963
AT5G18110	1581	1440	1232	1342	1602	1355
AT5G18120	606	529	449	526	539	417
AT5G18130	3819	3059	2987	3691	3910	4019
AT5G18140	957	997	890	746	708	630
AT5G18150	1084	1097	983	1123	1038	906
AT5G18160	0	1	0	0	0	0
AT5G18170	4988	4361	3686	2865	2844	2901
AT5G18180	17	19	11	18	12	15
AT5G18190	2118	1793	1759	1602	1948	2092
AT5G18200	400	382	406	428	506	398
AT5G18210	349	336	299	269	314	348
AT5G18220	42	43	46	33	44	44
AT5G18230	3939	3119	2859	2580	3010	3255
AT5G18240	541	462	552	386	453	428
AT5G18245	657	535	663	470	511	510
AT5G18250	225	223	160	174	270	216
AT5G18255	648	532	520	541	638	560
AT5G18260	588	483	460	478	574	487
AT5G18270	225	151	166	326	268	258
AT5G18280	1315	1130	1306	1090	1224	1355
AT5G18290	78	64	71	194	352	177
AT5G18300	7	4	7	15	22	15
AT5G18310	1625	1474	1362	1729	2034	1795
AT5G18320	3	4	9	4	6	10
AT5G18330	0	0	1	0	0	0
AT5G18340	30	29	35	31	58	49
AT5G18350	22	18	18	20	22	11
AT5G18360	720	585	570	527	712	619
AT5G18362	63	72	75	69	104	86
AT5G18370	266	235	202	198	361	305
AT5G18380	7331	6927	5887	7475	7386	6018
AT5G18390	167	143	177	117	159	175
AT5G18400	2013	1966	2137	2389	3000	2217
AT5G18403	0	0	1	0	0	0
AT5G18404	9	6	7	1	3	8
AT5G18407	2	0	4	0	2	0
AT5G18410	1384	1315	1241	1030	1337	1293
AT5G18420	636	606	642	668	748	656
AT5G18430	69	93	76	82	63	82
AT5G18440	421	318	322	403	511	399
AT5G18450	1	0	0	2	0	0
AT5G18460	617	466	466	473	536	498
AT5G18470	3871	3377	3393	6514	11612	4871
AT5G18475	105	84	98	82	121	87
AT5G18480	1522	1533	1526	1686	2125	1548
AT5G18490	1796	1554	1812	1712	2239	1953
AT5G18500	2008	1907	2158	1822	2204	2260
AT5G18510	0	2	0	3	3	1
AT5G18520	2504	2366	2355	2102	2386	2505
AT5G18525	1289	1110	1535	1198	1692	1620
AT5G18540	179	152	233	166	303	268
AT5G18550	670	631	523	609	662	682
AT5G18570	1252	1066	1198	973	1140	1075
AT5G18580	1553	1399	1401	1349	1486	1362
AT5G18590	1774	1496	1696	1393	1579	1839
AT5G18600	1246	1214	1232	893	739	862
AT5G18610	1000	825	766	763	807	842
AT5G18620	952	842	794	918	1242	983
AT5G18630	2418	2089	1610	1336	1022	1531
AT5G18636	2	4	8	1	1	3
AT5G18640	1488	1435	1267	1106	1299	1367
AT5G18650	2254	1907	1718	1522	1815	1646
AT5G18660	2234	1740	2188	1638	1877	1959
AT5G18661	2	2	2	3	4	5
AT5G18670	616	574	360	280	168	297
AT5G18680	895	813	868	798	700	739
AT5G18690	83	77	74	81	83	104
AT5G18700	616	403	508	350	396	436
AT5G18710	4	5	4	6	4	2
AT5G18720	3	1	4	1	0	0
AT5G18730	26	22	15	24	37	15
AT5G18740	6	4	4	13	5	3
AT5G18750	464	348	310	323	402	363
AT5G18760	864	728	642	672	558	623
AT5G18770	169	170	149	176	181	157
AT5G18780	271	255	276	320	487	358
AT5G18790	151	175	152	177	154	117
AT5G18800	1022	989	917	1042	948	985
AT5G18810	21	18	17	14	23	15
AT5G18820	205	171	186	223	307	201
AT5G18830	627	549	502	538	742	674
AT5G18840	26	27	24	33	46	33
AT5G18850	383	292	275	270	305	272
AT5G18860	677	576	478	368	456	621
AT5G18870	0	0	2	1	0	0
AT5G18890	0	0	0	0	0	2
AT5G18900	602	584	563	660	831	714
AT5G18920	76	36	46	43	52	51
AT5G18930	60	67	37	43	34	57
AT5G18940	670	725	686	678	791	607
AT5G18950	192	184	180	169	214	217
AT5G18960	789	731	766	620	784	766
AT5G18970	181	194	162	211	275	213
AT5G18980	488	416	379	436	487	496
AT5G18990	0	0	1	0	0	0
AT5G19000	1094	947	845	907	987	969
AT5G19010	2607	2541	2605	1957	2211	2347
AT5G19020	118	110	153	159	233	163
AT5G19025	171	140	169	176	181	170
AT5G19030	221	187	191	248	288	192
AT5G19040	11	22	13	9	10	14
AT5G19050	493	507	500	433	497	431
AT5G19060	61	52	38	57	43	64
AT5G19070	518	476	493	596	679	534
AT5G19080	457	367	314	315	398	323
AT5G19090	1143	910	830	903	903	1110
AT5G19100	66	43	17	52	40	70
AT5G19110	284	279	97	113	92	180
AT5G19120	2318	2334	2358	1605	1007	2197
AT5G19130	672	599	619	554	711	676
AT5G19140	43917	37628	36081	28411	25469	34495
AT5G19150	40782	35782	34283	27357	24540	32318
AT5G19151	67	70	57	56	68	67
AT5G19160	152	153	166	178	239	187
AT5G19170	41	42	27	27	40	34
AT5G19180	1110	1053	958	966	1120	978
AT5G19190	1651	1336	1224	997	571	980
AT5G19200	143	156	143	150	148	166
AT5G19210	299	281	273	203	264	214
AT5G19220	8883	7064	6684	5540	5805	7269
AT5G19221	5530	4242	4003	3321	3457	4553
AT5G19230	1846	1687	1129	1638	1737	1649
AT5G19240	22925	18140	16309	21319	28725	23144
AT5G19250	11355	8702	9287	9383	11425	11116
AT5G19257	1	0	0	0	0	0
AT5G19260	410	312	194	298	371	334
AT5G19270	1	0	0	0	0	0
AT5G19280	881	656	699	625	738	788
AT5G19290	1218	1103	823	887	715	884
AT5G19300	203	136	146	209	274	210
AT5G19310	572	436	430	381	496	485
AT5G19320	587	426	424	471	622	536
AT5G19330	2589	2108	2058	1977	2488	2441
AT5G19340	43	52	24	63	49	63
AT5G19350	1264	1068	1031	1102	1257	1174
AT5G19360	1	2	1	0	1	4
AT5G19370	1533	1430	1550	1228	1567	1315
AT5G19380	249	232	257	288	425	277
AT5G19390	2034	1634	1618	1416	1963	1824
AT5G19400	3082	2753	2638	2703	3668	2856
AT5G19410	2	2	3	4	11	4
AT5G19420	698	526	525	528	730	620
AT5G19430	569	482	460	468	402	479
AT5G19440	1391	1260	1224	1620	1776	1642
AT5G19450	1982	1442	1353	1399	1894	1875
AT5G19460	788	632	675	648	882	724
AT5G19470	28	29	8	1048	2099	1085
AT5G19480	350	281	237	242	323	292
AT5G19485	603	584	565	614	840	601
AT5G19490	35	33	9	22	20	30
AT5G19500	1040	1114	980	1099	1035	775
AT5G19510	5588	5982	4970	6199	6580	4867
AT5G19520	9	15	3	9	11	7
AT5G19530	610	563	467	564	565	629
AT5G19540	4703	3939	4241	3308	3546	3867
AT5G19550	2092	2004	1786	2275	2533	2164
AT5G19560	0	2	1	4	4	1
AT5G19570	159	151	144	127	131	179
AT5G19580	76	89	89	88	65	104
AT5G19590	3633	2936	2722	3087	3396	3057
AT5G19600	88	81	73	131	133	143
AT5G19620	1149	1014	1062	927	1056	1040
AT5G19630	295	285	282	313	296	278
AT5G19650	10	4	9	8	14	8
AT5G19660	838	705	717	651	919	737
AT5G19670	271	266	210	237	252	284
AT5G19680	545	573	566	618	705	475
AT5G19690	3237	2807	2951	3002	4016	3263
AT5G19700	1	0	0	0	0	0
AT5G19720	5	1	0	0	0	0
AT5G19729	1	0	0	0	1	0
AT5G19730	154	123	75	90	84	117
AT5G19740	218	212	200	228	229	271
AT5G19750	604	669	668	647	892	548
AT5G19760	5719	5091	4759	4369	4422	4163
AT5G19770	7509	6642	8181	6517	7449	7734
AT5G19780	5663	5113	6855	5599	6666	6202
AT5G19790	2	5	7	4	0	1
AT5G19800	0	0	0	0	1	0
AT5G19810	40	40	28	32	30	39
AT5G19820	3790	3235	3356	3132	3899	3554
AT5G19830	129	88	82	124	96	82
AT5G19840	278	254	270	254	365	302
AT5G19850	515	451	390	374	322	359
AT5G19855	1502	1235	1199	1072	1103	1234
AT5G19860	2276	2278	1888	1685	1615	1548
AT5G19870	14	6	4	5	9	16
AT5G19875	75	68	40	101	149	153
AT5G19880	21	20	8	20	20	12
AT5G19890	1	0	1	0	0	6
AT5G19900	999	824	826	920	1257	1242
AT5G19910	273	257	216	235	210	194
AT5G19920	254	182	210	214	255	227
AT5G19930	450	417	433	419	569	407
AT5G19940	19031	16903	15540	13913	10294	14611
AT5G19950	411	347	354	370	371	364
AT5G19960	312	258	306	263	340	321
AT5G19970	17	9	11	5	3	18
AT5G19980	763	706	661	692	1079	828
AT5G19990	2059	1867	1811	1857	2093	1933
AT5G20000	1041	874	929	1048	1133	1083
AT5G20010	9875	8427	8791	11243	14581	11971
AT5G20020	3604	3246	3236	4329	4833	3909
AT5G20030	168	129	111	107	137	136
AT5G20040	636	582	602	483	489	525
AT5G20050	1219	1038	1059	879	927	925
AT5G20060	990	1028	958	1054	886	890
AT5G20070	1203	959	583	740	622	865
AT5G20080	1926	1591	1510	1848	2079	1982
AT5G20090	1309	1328	1210	1454	1431	1205
AT5G20110	147	132	134	150	112	124
AT5G20120	379	369	353	356	371	323
AT5G20130	725	609	671	598	597	559
AT5G20140	1165	996	1057	806	989	984
AT5G20150	296	255	219	344	361	430
AT5G20160	922	919	978	1227	1472	789
AT5G20165	590	559	491	604	632	559
AT5G20170	526	454	388	429	493	430
AT5G20180	505	509	381	638	669	538
AT5G20190	4712	4186	2851	6190	8019	6823
AT5G20200	1006	838	750	777	944	1016
AT5G20220	414	336	361	273	294	351
AT5G20225	118	109	105	109	83	96
AT5G20230	18634	17302	14913	17631	18067	17342
AT5G20240	6	6	6	0	1	1
AT5G20250	6075	5493	9532	5074	5272	7379
AT5G20260	3	2	2	1	0	0
AT5G20270	877	797	814	606	604	829
AT5G20280	5963	5231	6193	5988	9230	8618
AT5G20290	14224	11823	10285	12511	12932	11286
AT5G20300	1014	807	877	700	805	865
AT5G20320	713	663	611	658	1190	775
AT5G20350	2303	2103	2106	1894	2697	2172
AT5G20360	530	377	389	320	680	545
AT5G20370	0	0	0	0	1	0
AT5G20380	1531	1186	1063	929	1009	1053
AT5G20400	387	350	353	375	577	402
AT5G20410	200	165	221	277	351	374
AT5G20420	45	53	29	39	58	70
AT5G20430	3	2	2	0	0	0
AT5G20447	0	0	1	0	0	0
AT5G20450	111	98	113	128	137	92
AT5G20470	3	1	3	3	3	1
AT5G20480	733	631	718	699	851	835
AT5G20490	3185	2629	2423	1993	2605	2907
AT5G20500	1901	1522	1504	1729	1711	1529
AT5G20510	138	127	109	133	200	145
AT5G20520	1139	1164	1073	1011	1084	896
AT5G20540	133	115	90	128	203	184
AT5G20550	3	8	10	1	5	2
AT5G20560	0	0	0	0	1	0
AT5G20570	1185	1146	1184	1400	1331	1197
AT5G20580	431	351	364	321	484	422
AT5G20590	681	557	539	544	760	731
AT5G20600	521	473	447	498	613	501
AT5G20610	1269	960	995	860	1384	1164
AT5G20620	1405	1333	1261	1466	1706	1304
AT5G20630	3806	3529	7208	5072	13897	6821
AT5G20635	59	70	40	38	68	46
AT5G20640	11	8	15	12	13	10
AT5G20650	1512	1354	1377	1454	1418	1715
AT5G20660	2595	2221	2322	2103	2565	2492
AT5G20670	20	37	31	15	15	15
AT5G20680	509	457	450	432	531	498
AT5G20690	1	1	1	0	0	0
AT5G20700	9240	7509	7608	12218	17189	15449
AT5G20710	20	17	20	23	14	13
AT5G20720	8923	7543	8010	7630	8786	6865
AT5G20730	1869	1639	1598	1577	2219	1922
AT5G20740	201	234	182	174	126	215
AT5G20790	25	19	21	42	72	80
AT5G20810	39	32	15	16	8	14
AT5G20820	23	17	15	18	11	14
AT5G20830	895	865	1169	1003	1680	1281
AT5G20840	1933	1656	1570	1393	1647	1830
AT5G20850	57	33	54	40	51	39
AT5G20860	2	0	1	4	4	3
AT5G20870	27	16	15	17	26	24
AT5G20885	250	263	269	320	305	370
AT5G20890	3069	2813	2768	3082	3745	2983
AT5G20900	2819	2537	2176	2453	2757	2628
AT5G20910	423	362	368	403	457	490
AT5G20920	1706	1582	1508	1678	1805	1498
AT5G20930	400	343	340	387	502	460
AT5G20935	269	289	327	239	312	268
AT5G20940	48	34	26	20	33	39
AT5G20950	5234	4825	4765	4074	4210	4850
AT5G20960	798	714	588	722	916	821
AT5G20970	66	70	75	118	176	154
AT5G20980	446	444	420	410	535	474
AT5G20990	1690	1499	1543	1579	2152	1699
AT5G21010	512	441	444	408	458	562
AT5G21020	8525	9172	8982	8097	8405	6944
AT5G21030	7	3	1	3	9	1
AT5G21040	779	675	717	674	819	739
AT5G21050	5	6	8	3	7	6
AT5G21060	849	743	692	644	809	783
AT5G21070	536	558	517	613	705	462
AT5G21080	1	0	1	1	0	4
AT5G21090	10643	8760	7682	9243	12255	10164
AT5G21100	1480	1158	990	917	792	1142
AT5G21105	1371	1199	1100	1486	1749	2017
AT5G21120	1	0	1	0	2	1
AT5G21140	67	52	60	62	74	47
AT5G21150	8	7	2	7	7	4
AT5G21160	2457	2007	2028	1954	2460	1960
AT5G21170	1695	1537	1610	1251	1125	1202
AT5G21222	1778	1359	1460	1059	1401	1332
AT5G21274	1357	1279	1222	1308	1454	1149
AT5G21280	40	38	22	23	18	17
AT5G21326	1414	1205	1118	1046	1096	1205
AT5G21430	1470	1307	1474	1007	1552	1119
AT5G21482	455	411	461	426	429	565
AT5G21900	96	83	94	99	184	102
AT5G21910	493	474	556	489	525	397
AT5G21920	1843	1693	2036	1597	1815	1534
AT5G21930	2541	2498	3044	1869	2403	2370
AT5G21940	3082	3000	3458	2624	2713	2855
AT5G21950	45	54	45	61	61	68
AT5G21960	895	910	604	726	711	753
AT5G21970	234	175	171	204	248	238
AT5G21990	1432	1291	1210	1266	1523	1485
AT5G22000	3201	2666	2374	2601	3388	3102
AT5G22010	819	637	603	670	889	756
AT5G22020	491	433	391	542	934	572
AT5G22030	836	765	786	795	893	816
AT5G22040	434	295	309	337	350	364
AT5G22050	1037	910	936	882	853	915
AT5G22060	2414	1983	1842	2906	4579	2630
AT5G22070	975	1005	1012	979	1217	1084
AT5G22080	1181	917	803	870	866	927
AT5G22090	1429	1309	1560	1511	2183	1879
AT5G22100	269	233	229	359	460	247
AT5G22110	158	107	91	108	133	115
AT5G22120	639	670	685	673	704	634
AT5G22130	209	210	213	224	209	208
AT5G22140	54	40	30	49	73	74
AT5G22150	1	6	2	0	4	2
AT5G22190	0	0	0	1	0	0
AT5G22200	2	5	1	0	2	7
AT5G22210	281	339	292	326	353	220
AT5G22220	210	178	168	158	218	153
AT5G22240	27	9	20	17	15	11
AT5G22250	6825	5625	5270	7988	8891	8443
AT5G22260	1	0	0	0	0	0
AT5G22270	870	813	734	859	745	624
AT5G22280	517	459	417	500	534	436
AT5G22290	464	388	208	407	380	400
AT5G22300	380	324	173	301	306	234
AT5G22310	490	381	364	378	356	362
AT5G22315	0	1	0	0	2	2
AT5G22320	422	306	297	327	446	390
AT5G22330	643	489	496	605	650	549
AT5G22340	1455	1386	1510	1290	1616	1159
AT5G22350	929	815	789	1054	1208	1049
AT5G22360	1129	1019	995	954	1027	952
AT5G22370	336	309	283	321	389	307
AT5G22380	3574	3024	2725	3419	5537	3327
AT5G22390	568	447	305	252	155	310
AT5G22400	457	383	319	355	380	376
AT5G22410	1	0	0	0	0	0
AT5G22430	4	2	0	2	2	0
AT5G22440	1585	1485	1301	1479	1623	1183
AT5G22450	2797	2346	2398	2239	3876	3375
AT5G22460	255	213	192	287	334	418
AT5G22480	542	475	440	444	600	465
AT5G22490	6	7	2	3	6	1
AT5G22500	297	253	216	172	111	175
AT5G22510	3525	3166	2775	2554	3135	2919
AT5G22520	654	538	453	1016	1447	815
AT5G22530	112	88	66	207	448	188
AT5G22540	420	459	355	624	851	609
AT5G22545	278	252	210	399	615	482
AT5G22550	12	8	9	21	32	31
AT5G22555	0	0	0	1	0	0
AT5G22560	6	2	11	11	9	11
AT5G22570	190	194	266	439	933	531
AT5G22580	3033	3332	3014	2834	2337	2702
AT5G22600	0	0	1	0	0	0
AT5G22608	65	100	94	121	98	92
AT5G22610	0	0	0	0	0	1
AT5G22620	1580	1276	1420	1188	1505	1374
AT5G22630	1928	2108	1593	2568	3435	2973
AT5G22640	3891	2925	3587	2567	3668	3239
AT5G22650	3669	2844	2591	3654	4888	3556
AT5G22660	0	0	1	0	1	0
AT5G22670	0	0	0	0	0	3
AT5G22680	5	10	4	15	14	4
AT5G22690	2428	2078	1978	1875	2973	2779
AT5G22700	446	443	389	423	473	341
AT5G22720	233	193	209	175	226	237
AT5G22730	237	206	226	202	222	227
AT5G22740	1288	1112	670	833	772	1009
AT5G22750	201	168	181	151	289	155
AT5G22760	1494	1215	1176	1089	1545	1444
AT5G22770	2179	1834	1888	1760	2517	2132
AT5G22780	2445	2134	2194	2068	3043	2597
AT5G22788	9	15	19	11	34	12
AT5G22790	262	190	222	308	387	271
AT5G22791	2	1	1	1	0	3
AT5G22794	43	34	27	27	58	47
AT5G22800	3247	2636	3048	2311	3033	2995
AT5G22810	13	13	11	16	19	9
AT5G22820	247	199	173	213	218	219
AT5G22830	1776	1551	1652	1254	1513	1656
AT5G22840	357	330	314	379	473	344
AT5G22850	797	678	632	623	709	739
AT5G22860	321	277	236	367	442	633
AT5G22870	10	8	5	12	8	17
AT5G22875	516	466	405	431	461	464
AT5G22880	1403	1145	861	971	1109	1156
AT5G22890	0	0	0	0	1	2
AT5G22920	2406	2371	2802	2172	1657	1669
AT5G22930	59	49	43	45	45	53
AT5G22940	169	171	119	178	141	168
AT5G22950	676	498	487	539	627	679
AT5G23000	6	12	3	9	2	13
AT5G23010	8394	6674	8050	6686	6992	7943
AT5G23020	429	400	474	228	292	389
AT5G23027	0	1	0	0	0	0
AT5G23035	0	0	0	0	1	0
AT5G23040	4299	3657	3554	3356	3486	3474
AT5G23050	394	358	406	493	1323	644
AT5G23060	9070	8611	7096	7705	7700	7475
AT5G23065	2	0	1	2	1	1
AT5G23070	410	294	302	317	374	318
AT5G23080	798	718	600	536	651	620
AT5G23090	262	260	253	247	264	246
AT5G23100	168	152	128	155	163	179
AT5G23110	2049	1863	1884	1550	2671	2133
AT5G23120	8611	6671	7310	4839	6225	6465
AT5G23130	812	702	743	620	808	845
AT5G23140	873	812	788	764	971	786
AT5G23150	1342	1233	1176	980	1431	1370
AT5G23155	42	37	30	38	34	46
AT5G23160	38	35	10	29	34	27
AT5G23170	35	23	24	35	47	30
AT5G23190	1	1	13	1	3	3
AT5G23200	335	319	293	336	326	359
AT5G23210	1338	1006	1390	933	1367	1567
AT5G23212	0	1	0	0	0	0
AT5G23230	93	71	74	70	53	67
AT5G23240	2942	2477	7732	4280	13401	6153
AT5G23250	642	612	542	698	930	701
AT5G23260	1	0	0	0	1	2
AT5G23270	20	10	26	13	18	12
AT5G23280	1019	861	939	761	802	825
AT5G23290	431	424	429	426	483	370
AT5G23300	378	258	245	404	463	319
AT5G23310	767	710	749	662	761	597
AT5G23320	74	67	68	74	71	63
AT5G23330	341	298	273	246	305	285
AT5G23340	444	429	394	375	409	345
AT5G23350	131	117	82	135	138	191
AT5G23360	124	88	107	176	176	173
AT5G23370	22	23	13	30	21	40
AT5G23380	241	192	181	189	214	169
AT5G23390	936	813	809	732	924	941
AT5G23395	302	269	221	337	320	259
AT5G23400	148	129	127	113	158	177
AT5G23405	295	208	173	218	297	223
AT5G23410	255	230	192	168	258	216
AT5G23411	3	4	3	3	2	5
AT5G23420	511	412	386	367	472	380
AT5G23430	503	456	402	365	475	467
AT5G23440	693	699	746	628	693	629
AT5G23450	3003	2542	2667	2320	3022	2947
AT5G23460	279	260	258	234	238	264
AT5G23480	38	30	45	38	71	56
AT5G23490	651	510	526	533	790	671
AT5G23510	1474	1249	1479	1503	2046	1680
AT5G23520	645	578	530	519	833	543
AT5G23530	84	67	73	66	66	87
AT5G23535	412	344	337	404	478	356
AT5G23540	2186	2081	1883	2204	2336	2216
AT5G23550	313	243	240	264	307	300
AT5G23570	861	588	670	612	732	751
AT5G23575	2064	1907	2572	2242	2891	2670
AT5G23580	445	342	293	364	386	402
AT5G23590	665	553	553	507	630	554
AT5G23600	52	28	32	36	32	42
AT5G23610	1283	1072	1022	1117	1441	1192
AT5G23630	2381	2043	2072	2042	2895	2433
AT5G23660	283	282	475	851	1929	1170
AT5G23670	1711	1469	1374	1197	1392	1423
AT5G23680	195	138	144	128	111	161
AT5G23690	224	197	185	322	422	219
AT5G23700	10	13	7	2	6	2
AT5G23710	227	208	190	241	287	260
AT5G23720	442	370	350	340	416	453
AT5G23730	103	86	55	67	43	82
AT5G23740	3488	3370	2959	3574	3339	2615
AT5G23750	378	299	247	315	343	536
AT5G23760	383	242	193	238	314	286
AT5G23770	44	32	26	25	37	29
AT5G23780	8	8	12	18	13	21
AT5G23790	0	2	1	0	0	0
AT5G23800	71	75	51	63	73	48
AT5G23810	140	124	133	338	355	372
AT5G23820	2570	2178	1591	1396	1205	1545
AT5G23830	0	3	0	0	2	2
AT5G23850	645	563	410	750	1125	862
AT5G23860	1514	1371	1435	1392	1374	1503
AT5G23870	562	404	543	466	325	541
AT5G23880	525	474	474	516	643	564
AT5G23890	2468	1914	1946	1853	2242	2277
AT5G23900	2123	2486	2152	2606	2741	1909
AT5G23908	0	1	1	1	1	1
AT5G23910	163	146	132	123	171	228
AT5G23920	766	718	759	611	1017	650
AT5G23930	27	17	24	25	40	30
AT5G23940	831	692	411	518	414	611
AT5G23950	26	34	5	19	8	35
AT5G23970	0	4	0	0	0	0
AT5G23980	291	178	220	137	131	172
AT5G23990	0	1	2	0	1	0
AT5G24000	188	176	213	170	236	155
AT5G24010	220	159	200	171	224	256
AT5G24020	672	585	611	639	752	631
AT5G24030	1645	1404	1484	1068	1114	1800
AT5G24040	0	1	0	0	0	0
AT5G24060	1098	960	1302	971	1361	1256
AT5G24080	9	3	10	12	0	9
AT5G24090	11	6	6	5	8	17
AT5G24105	62	42	66	39	74	47
AT5G24110	405	301	164	221	302	230
AT5G24120	1031	835	280	330	117	360
AT5G24140	1	1	1	0	0	0
AT5G24150	759	679	495	475	418	603
AT5G24155	79	64	84	63	94	101
AT5G24160	1306	1161	1059	888	948	1155
AT5G24165	2048	1688	1596	1325	1764	1533
AT5G24170	178	183	185	179	200	188
AT5G24180	0	0	2	0	0	0
AT5G24190	0	0	0	0	2	0
AT5G24200	224	155	136	245	369	256
AT5G24205	26	22	27	27	52	28
AT5G24206	13	4	8	8	12	13
AT5G24210	6046	4864	5086	4918	8283	5790
AT5G24220	0	0	0	1	0	0
AT5G24230	13	13	14	22	15	11
AT5G24240	11	10	10	16	28	17
AT5G24260	887	703	703	651	783	751
AT5G24270	86	99	104	94	129	64
AT5G24280	81	68	71	187	246	158
AT5G24290	97	81	74	169	165	169
AT5G24300	4853	4039	4119	3653	4493	4524
AT5G24310	140	115	107	162	177	152
AT5G24314	2165	1882	2190	1653	1675	1777
AT5G24316	0	1	2	2	0	0
AT5G24318	93	73	64	77	81	90
AT5G24320	677	585	644	517	641	577
AT5G24330	17	29	11	17	24	14
AT5G24340	332	317	271	274	330	273
AT5G24350	1519	1256	1364	1134	1713	1515
AT5G24352	94	92	92	86	98	55
AT5G24355	0	3	1	4	3	0
AT5G24360	728	575	628	561	709	725
AT5G24380	183	200	160	312	500	310
AT5G24390	56	55	50	69	165	56
AT5G24400	843	712	705	791	1004	720
AT5G24420	1799	1665	619	1167	327	1459
AT5G24430	1134	973	875	959	1113	1378
AT5G24450	1480	1218	1151	1089	1331	1195
AT5G24460	1653	1427	1591	1451	1147	1670
AT5G24470	1313	1082	2160	1442	1192	2078
AT5G24480	0	0	2	0	0	0
AT5G24490	13423	11091	14779	8004	7179	10082
AT5G24500	693	525	538	556	629	567
AT5G24510	3	12	6	2	9	9
AT5G24520	1786	1492	1524	1328	1271	1492
AT5G24530	4293	3661	2826	3270	3548	3405
AT5G24540	47	51	18	110	200	71
AT5G24550	2	1	0	4	0	3
AT5G24560	1	0	0	0	0	0
AT5G24570	201	190	174	193	121	156
AT5G24580	218	186	147	160	70	152
AT5G24590	5978	5045	4970	5916	7843	6760
AT5G24600	17	6	12	22	20	24
AT5G24610	1385	1328	1381	1096	1512	1242
AT5G24620	3357	2765	2717	2816	3479	3225
AT5G24630	172	109	121	102	166	119
AT5G24640	1	3	3	30	20	12
AT5G24650	1118	999	960	1007	1147	1008
AT5G24655	19	20	15	38	56	30
AT5G24660	183	183	99	377	573	489
AT5G24670	1917	1704	1680	1751	2103	1959
AT5G24680	164	136	156	141	142	155
AT5G24690	5098	4381	4618	3765	4539	4266
AT5G24710	2472	2179	2106	1935	2706	2626
AT5G24735	1510	1282	1374	1224	1330	1226
AT5G24740	1530	1364	1261	1181	2013	1597
AT5G24750	183	182	193	166	187	149
AT5G24760	261	213	180	215	219	239
AT5G24770	6602	5700	5567	13700	5415	10078
AT5G24780	3116	2802	2691	9211	1429	5937
AT5G24800	624	440	370	581	597	726
AT5G24810	2980	2506	2422	2819	5779	3373
AT5G24820	0	0	1	0	0	0
AT5G24830	265	205	165	199	237	216
AT5G24840	238	212	183	221	239	251
AT5G24850	163	114	105	125	132	131
AT5G24860	0	1	0	0	0	1
AT5G24870	360	360	251	228	261	252
AT5G24890	1570	1302	1277	1059	864	1115
AT5G24900	0	0	0	0	2	0
AT5G24910	2	2	2	4	1	1
AT5G24920	49	55	55	53	82	41
AT5G24930	10284	8108	6670	7020	5551	8602
AT5G24960	2	1	1	0	0	0
AT5G24970	239	222	217	218	330	263
AT5G24980	267	300	266	295	371	221
AT5G24990	100	63	52	55	68	74
AT5G25000	1	1	2	0	1	1
AT5G25010	25	27	26	22	38	28
AT5G25020	2	8	4	5	4	3
AT5G25040	886	833	1001	994	1648	973
AT5G25050	613	630	557	527	692	567
AT5G25060	1801	1373	1325	1427	1692	1714
AT5G25070	769	693	814	669	776	850
AT5G25080	454	410	393	464	495	434
AT5G25090	98	100	80	94	80	106
AT5G25100	3811	3328	3457	3200	3646	3908
AT5G25110	77	74	78	160	172	335
AT5G25120	732	571	469	442	507	601
AT5G25130	353	326	283	230	160	252
AT5G25140	482	483	282	230	150	322
AT5G25150	634	548	535	596	635	626
AT5G25160	17	20	5	6	6	19
AT5G25170	421	436	398	506	556	394
AT5G25180	11	14	7	12	7	1
AT5G25190	1020	891	702	451	171	415
AT5G25200	0	0	0	0	1	1
AT5G25210	741	728	950	697	755	648
AT5G25220	1280	934	876	1052	1317	1225
AT5G25230	32	30	35	42	59	29
AT5G25240	101	120	142	95	87	97
AT5G25250	10118	8587	6916	11392	13749	9893
AT5G25260	319	308	209	459	499	294
AT5G25265	2818	2552	2587	2209	2904	2413
AT5G25270	2643	2363	2254	2281	2849	2316
AT5G25280	2536	2212	2322	1908	2104	2251
AT5G25290	0	0	0	1	0	0
AT5G25310	0	2	0	0	0	1
AT5G25320	0	0	0	2	0	2
AT5G25340	202	228	255	265	316	94
AT5G25350	2104	1935	2010	1876	2438	1379
AT5G25360	688	613	575	644	805	621
AT5G25370	40	19	19	31	52	50
AT5G25380	10	7	13	15	12	23
AT5G25390	17	17	5	16	10	12
AT5G25430	0	0	0	0	1	0
AT5G25440	2733	2274	2372	2278	3874	2852
AT5G25450	51	43	32	57	82	45
AT5G25460	10183	8898	8110	6346	4244	6298
AT5G25470	20	18	6	27	51	24
AT5G25475	199	143	109	196	210	178
AT5G25480	128	101	111	95	135	113
AT5G25490	48	42	20	42	38	51
AT5G25500	87	66	83	80	131	73
AT5G25510	965	862	809	777	874	856
AT5G25520	1599	1396	1431	1303	1660	1501
AT5G25530	0	0	0	0	2	1
AT5G25540	973	973	996	1195	1421	1115
AT5G25550	0	1	3	0	0	1
AT5G25560	3254	2630	2636	2922	3766	3192
AT5G25570	71	73	58	52	61	67
AT5G25580	90	76	64	64	72	102
AT5G25585	0	0	0	0	1	0
AT5G25590	224	192	178	185	176	195
AT5G25600	1	0	0	0	0	0
AT5G25610	13322	12627	9450	8855	6743	11266
AT5G25620	53	42	45	47	47	44
AT5G25630	2926	2546	2665	1856	2634	2161
AT5G25640	7	5	4	4	10	4
AT5G25750	8	0	1	2	3	3
AT5G25752	674	633	669	569	676	629
AT5G25754	1725	1487	1378	1536	1742	1711
AT5G25757	1789	1444	1404	1459	1731	1546
AT5G25760	742	647	650	725	836	691
AT5G25770	451	397	393	503	609	547
AT5G25780	920	726	802	837	1054	928
AT5G25790	117	76	89	100	127	77
AT5G25800	268	187	232	216	326	227
AT5G25810	13	15	12	11	8	10
AT5G25820	196	184	174	270	407	348
AT5G25830	29	29	27	30	29	35
AT5G25840	257	213	246	235	210	228
AT5G25860	0	0	0	1	0	0
AT5G25880	51	39	27	34	21	20
AT5G25890	131	116	91	153	241	116
AT5G25900	1319	1164	894	949	795	944
AT5G25910	182	177	155	156	246	226
AT5G25920	21	15	16	22	23	33
AT5G25930	2870	2365	2436	2846	4994	3990
AT5G25940	374	389	342	483	522	461
AT5G25970	11	7	9	3	4	10
AT5G25980	51543	42074	45452	42039	28989	36402
AT5G25990	99	83	90	72	64	68
AT5G26000	68502	58693	65440	62082	59673	57592
AT5G26010	32	36	24	41	18	46
AT5G26030	10860	10449	9861	14477	21610	13628
AT5G26038	10	7	6	14	25	18
AT5G26040	603	427	491	520	533	596
AT5G26050	0	0	0	0	0	1
AT5G26090	2	1	1	1	1	0
AT5G26110	398	370	329	364	446	338
AT5G26120	0	1	0	0	3	2
AT5G26160	247	194	166	180	274	228
AT5G26170	118	91	92	200	226	158
AT5G26180	402	365	355	447	665	441
AT5G26190	3	5	7	6	10	18
AT5G26200	167	145	128	103	44	90
AT5G26210	800	768	707	706	685	601
AT5G26220	339	291	277	1075	1022	1182
AT5G26230	258	231	231	182	189	233
AT5G26240	1417	1106	1081	1091	1217	1276
AT5G26250	5	1	1	0	0	1
AT5G26260	48	34	35	29	9	31
AT5G26270	20	19	8	25	16	18
AT5G26280	27	18	14	26	39	23
AT5G26290	0	0	0	0	0	1
AT5G26300	0	1	1	0	1	0
AT5G26310	0	1	0	0	0	4
AT5G26320	0	0	0	0	0	2
AT5G26330	48	53	37	58	48	62
AT5G26340	6201	6027	6373	6437	8033	7135
AT5G26360	3404	2881	2774	2959	3874	3159
AT5G26570	5704	5293	10060	6127	13199	8480
AT5G26600	821	620	560	554	744	779
AT5G26610	816	526	530	598	604	730
AT5G26620	1	1	1	5	1	2
AT5G26622	524	413	420	417	463	451
AT5G26630	17	15	18	21	9	15
AT5G26660	38	29	13	16	14	17
AT5G26667	1802	1495	1550	1789	2045	1724
AT5G26670	268	230	160	193	125	247
AT5G26680	217	206	172	251	367	228
AT5G26690	143	95	84	189	313	184
AT5G26700	21	12	16	16	19	14
AT5G26710	1653	1354	1353	1335	1478	1514
AT5G26720	76	67	78	55	56	74
AT5G26730	3	5	2	4	1	3
AT5G26731	95	102	77	108	109	79
AT5G26740	668	626	751	656	699	654
AT5G26742	14095	12146	14513	10479	15079	12521
AT5G26749	60	62	68	54	77	85
AT5G26751	2773	2448	2278	2623	3361	2981
AT5G26760	832	689	801	742	914	855
AT5G26770	1533	1146	1247	1197	1760	1725
AT5G26780	1470	1372	1294	1352	1492	1428
AT5G26790	11	15	9	7	13	18
AT5G26800	340	324	321	404	499	263
AT5G26820	1689	1470	1572	1306	1453	1466
AT5G26830	2230	1927	1912	2081	2461	2161
AT5G26840	0	1	0	0	0	0
AT5G26848	0	0	0	0	2	0
AT5G26850	1223	1068	943	913	1184	1167
AT5G26860	831	701	605	992	1479	858
AT5G26880	1714	1431	1809	1622	2167	1777
AT5G26900	0	0	0	0	5	0
AT5G26910	1495	1198	1225	1163	1579	1606
AT5G26920	9400	8316	7738	10179	14643	9240
AT5G26930	0	1	1	1	1	0
AT5G26940	420	421	419	382	465	450
AT5G26950	1	2	5	5	2	1
AT5G26960	485	427	396	374	340	400
AT5G26970	11	3	0	1	2	1
AT5G26980	349	328	285	333	335	315
AT5G26990	439	417	399	425	475	415
AT5G27000	52	35	37	38	69	62
AT5G27020	1	5	2	6	2	2
AT5G27030	719	679	499	686	993	794
AT5G27050	0	0	0	0	3	0
AT5G27060	216	172	113	254	335	500
AT5G27070	0	0	1	0	0	0
AT5G27090	0	1	0	0	0	0
AT5G27100	193	165	171	116	209	172
AT5G27110	71	44	75	75	113	52
AT5G27120	1563	1086	948	1432	1760	1088
AT5G27130	2	2	0	2	1	0
AT5G27150	2173	1919	1809	1875	2439	1898
AT5G27210	87	79	82	88	97	85
AT5G27220	38	35	30	28	14	30
AT5G27230	16	24	19	23	36	12
AT5G27240	335	290	269	190	267	265
AT5G27247	14	9	15	5	2	13
AT5G27270	738	594	701	559	786	741
AT5G27280	2469	2395	2772	2198	2445	2284
AT5G27290	1026	862	1003	657	1049	721
AT5G27300	405	294	283	294	321	276
AT5G27320	498	486	472	484	390	463
AT5G27330	419	314	263	330	406	301
AT5G27350	3360	2819	2236	2986	2761	3588
AT5G27360	361	312	350	300	139	305
AT5G27370	1	1	0	0	0	0
AT5G27380	5130	4618	4575	4529	5180	4911
AT5G27390	960	852	968	733	798	743
AT5G27395	389	306	296	466	613	392
AT5G27400	508	448	420	430	571	449
AT5G27410	1077	966	928	875	1216	1024
AT5G27420	8359	7785	6347	8835	10418	7993
AT5G27430	683	593	548	633	717	633
AT5G27440	13	7	13	12	28	10
AT5G27450	370	289	274	319	323	286
AT5G27460	302	204	195	208	249	240
AT5G27470	2173	2000	1875	1892	2141	1865
AT5G27490	184	173	178	163	179	138
AT5G27510	0	0	0	1	0	0
AT5G27520	1207	1079	861	1028	1412	1299
AT5G27540	1419	1257	1121	1387	1526	1320
AT5G27550	230	191	191	146	183	254
AT5G27560	1616	1372	1458	1342	1576	1469
AT5G27570	0	3	0	0	0	0
AT5G27580	0	1	1	2	0	0
AT5G27600	885	760	690	938	1167	971
AT5G27610	134	133	133	136	208	136
AT5G27620	291	265	230	274	338	257
AT5G27630	86	62	39	56	67	57
AT5G27640	3359	2810	2775	3022	3489	3138
AT5G27650	892	823	766	705	855	797
AT5G27660	344	374	289	302	290	272
AT5G27670	793	853	773	751	780	795
AT5G27680	90	77	54	95	95	73
AT5G27690	161	147	118	145	166	196
AT5G27700	2285	2250	2087	2722	2603	1734
AT5G27710	389	349	298	325	397	316
AT5G27720	1251	1039	998	997	1346	1232
AT5G27730	807	785	827	655	823	801
AT5G27740	634	577	504	511	604	573
AT5G27750	113	100	108	138	176	128
AT5G27760	649	706	662	968	1363	735
AT5G27770	2279	2093	1886	2192	2493	1691
AT5G27780	4	7	5	5	1	4
AT5G27807	0	0	0	0	1	0
AT5G27810	1	0	0	0	1	0
AT5G27820	250	219	246	260	302	196
AT5G27830	757	660	649	728	1158	758
AT5G27840	1119	1034	985	864	1074	864
AT5G27850	5731	5548	5124	6131	6547	4507
AT5G27860	1669	1424	1448	1516	1798	1639
AT5G27870	0	0	0	0	1	0
AT5G27889	9	11	12	4	16	6
AT5G27890	110	86	65	84	99	91
AT5G27910	3	2	2	1	0	1
AT5G27920	649	589	567	459	655	511
AT5G27930	2083	1853	1914	1887	2442	2548
AT5G27940	4	8	4	12	17	9
AT5G27950	2726	2440	2321	1988	2326	2208
AT5G27970	1822	1616	1670	1436	1968	1982
AT5G27980	2	2	1	2	1	0
AT5G27990	450	386	367	485	505	422
AT5G28010	25	25	26	44	54	60
AT5G28020	2874	2691	2358	2022	1725	2324
AT5G28030	258	201	168	164	96	142
AT5G28040	668	493	501	483	543	612
AT5G28050	1655	1427	1322	1235	1307	1366
AT5G28052	3	3	0	0	0	0
AT5G28060	4665	4293	3592	4306	4284	3514
AT5G28080	0	2	6	2	2	7
AT5G28090	0	0	0	0	1	0
AT5G28150	360	263	287	283	361	287
AT5G28180	0	0	0	1	0	0
AT5G28210	0	0	0	0	0	2
AT5G28220	386	271	249	324	368	345
AT5G28235	1	4	1	1	0	5
AT5G28237	214	164	65	242	116	271
AT5G28262	32	36	20	27	49	29
AT5G28290	455	421	364	358	422	445
AT5G28295	0	0	0	0	1	0
AT5G28300	865	646	573	684	622	817
AT5G28310	14	8	10	8	18	8
AT5G28320	557	428	371	224	516	450
AT5G28340	147	71	78	68	103	60
AT5G28350	1250	1165	1309	1148	1620	1303
AT5G28370	146	153	143	186	267	183
AT5G28380	43	44	35	46	40	57
AT5G28390	232	172	214	162	209	178
AT5G28400	519	370	331	282	505	511
AT5G28410	0	1	0	0	0	0
AT5G28420	2	2	3	0	5	1
AT5G28442	73	66	73	69	77	68
AT5G28450	341	530	613	589	325	344
AT5G28460	237	180	185	189	325	211
AT5G28490	281	235	150	303	235	369
AT5G28491	0	1	0	0	0	0
AT5G28500	5048	3846	4286	3219	4125	4734
AT5G28510	0	0	0	0	0	6
AT5G28530	203	187	168	163	194	181
AT5G28540	7166	5875	5315	7826	11926	8489
AT5G28610	128	93	67	48	98	69
AT5G28630	1038	847	856	684	1064	971
AT5G28640	229	231	104	208	166	173
AT5G28646	8	18	4	9	5	5
AT5G28650	8	8	6	10	9	11
AT5G28740	1268	1041	1002	993	1281	1265
AT5G28750	2215	2188	1905	1770	1674	1661
AT5G28770	1229	1035	973	905	562	836
AT5G28830	613	569	425	459	545	492
AT5G28840	4521	3926	3979	3355	4298	3832
AT5G28850	854	708	678	721	816	832
AT5G28900	1074	904	879	843	976	963
AT5G28910	47	38	28	32	49	64
AT5G28919	1806	1394	1325	1457	1819	1556
AT5G28920	1813	1402	1328	1465	1829	1562
AT5G29000	436	361	429	521	694	581
AT5G29560	0	0	0	2	2	0
AT5G30490	352	341	347	348	419	340
AT5G30495	240	222	281	274	349	246
AT5G30510	12874	11760	12887	10400	12212	10867
AT5G32440	2116	1744	1540	1524	1658	1568
AT5G32450	2162	1942	2265	1837	1904	1898
AT5G32460	0	0	0	0	1	0
AT5G32470	832	742	748	671	811	687
AT5G33210	0	0	0	1	0	0
AT5G33280	984	955	948	735	1005	824
AT5G33290	1448	1281	1251	1971	2642	2191
AT5G33300	107	48	59	43	74	78
AT5G33320	3158	2892	2582	3019	3376	3050
AT5G33330	1	2	0	2	0	0
AT5G33355	3	3	1	3	0	6
AT5G33370	237	211	160	197	174	211
AT5G33390	0	0	0	0	0	2
AT5G33399	2	2	4	3	0	2
AT5G34780	0	0	0	0	1	2
AT5G34830	9	2	6	19	7	3
AT5G34850	5626	4436	4515	3560	3973	4385
AT5G34871	0	1	0	1	0	0
AT5G34930	324	291	338	302	331	378
AT5G34940	180	150	111	148	196	211
AT5G35050	0	0	0	0	2	0
AT5G35080	666	575	542	556	726	638
AT5G35090	0	1	0	0	0	0
AT5G35100	1788	1675	1621	1385	1372	1583
AT5G35110	14	13	7	8	9	12
AT5G35120	0	2	3	2	0	0
AT5G35160	2217	1861	2025	1798	2135	2136
AT5G35170	8438	6714	6964	5236	6161	6962
AT5G35180	2930	2426	2182	2402	2614	2793
AT5G35190	0	0	0	0	0	1
AT5G35200	1919	1497	1403	1558	2076	1664
AT5G35210	3613	3057	2940	2587	4085	3602
AT5G35220	1563	1269	1493	1218	1529	1353
AT5G35320	256	197	216	233	300	254
AT5G35330	766	686	693	715	727	687
AT5G35360	4941	4115	4529	3910	4294	4360
AT5G35370	567	537	554	495	569	584
AT5G35375	2	1	0	1	3	0
AT5G35380	0	1	0	0	2	1
AT5G35400	154	158	129	174	191	146
AT5G35407	0	2	0	2	1	4
AT5G35410	223	178	177	172	212	224
AT5G35430	950	841	806	825	1116	948
AT5G35450	403	332	316	338	496	421
AT5G35460	1983	1831	1300	1549	1384	1705
AT5G35475	1	0	0	0	0	0
AT5G35480	1374	1169	1174	1072	802	980
AT5G35490	722	650	545	512	288	530
AT5G35510	18	9	5	4	0	8
AT5G35520	176	154	158	173	195	156
AT5G35525	25	26	26	24	24	32
AT5G35530	3817	3126	2839	3585	3873	3371
AT5G35550	0	0	1	2	0	2
AT5G35560	1787	1622	1537	1498	1704	1678
AT5G35570	1041	849	919	801	1019	973
AT5G35580	13	26	19	39	77	69
AT5G35590	2195	1851	1798	1967	2346	2121
AT5G35600	0	0	1	0	0	0
AT5G35605	0	1	0	0	2	1
AT5G35620	1405	1184	1189	1361	1315	1309
AT5G35630	32381	29710	29387	24406	30790	26449
AT5G35631	0	1	0	0	0	0
AT5G35640	0	0	0	0	1	0
AT5G35660	1	0	0	0	0	2
AT5G35670	127	68	63	91	115	94
AT5G35680	1389	1266	1172	1673	1794	1643
AT5G35690	1733	1501	1409	1347	1526	1541
AT5G35700	769	718	632	666	752	752
AT5G35730	863	700	691	737	877	832
AT5G35732	34	33	38	48	44	50
AT5G35735	16733	14424	17217	19754	30367	23163
AT5G35740	140	98	131	86	122	148
AT5G35750	1118	875	1047	648	847	938
AT5G35753	268	215	202	235	263	211
AT5G35760	4	4	2	4	4	0
AT5G35770	1	1	0	0	1	0
AT5G35790	5138	4122	3841	3130	2818	3521
AT5G35840	1136	1013	1074	933	1301	1137
AT5G35870	0	0	0	1	0	0
AT5G35890	0	0	0	1	0	0
AT5G35910	1138	892	878	1044	1411	1102
AT5G35917	0	0	0	1	0	0
AT5G35920	2	1	2	8	6	2
AT5G35926	138	122	93	65	83	79
AT5G35930	448	412	381	380	512	420
AT5G35940	2	1	1	6	1	3
AT5G35945	2	0	3	0	0	2
AT5G35960	6	5	3	10	8	10
AT5G35970	10482	9519	5533	4978	1964	6080
AT5G35980	3495	2996	2773	2586	3207	3336
AT5G35995	343	326	335	369	374	311
AT5G36000	332	284	273	229	255	323
AT5G36001	619	440	436	363	452	630
AT5G36002	517	354	367	300	378	505
AT5G36100	2	3	0	2	2	3
AT5G36110	0	0	0	1	0	1
AT5G36120	845	773	901	728	778	767
AT5G36160	1941	1741	1416	1336	1253	1231
AT5G36170	2029	1765	1895	1467	1922	1821
AT5G36180	4	1	0	2	0	1
AT5G36210	1960	1672	1761	1657	1993	2020
AT5G36220	1613	1345	944	1582	1813	1641
AT5G36230	4524	4148	4160	4144	4766	4007
AT5G36240	3	0	0	0	2	0
AT5G36250	1358	1265	1334	1150	1264	1180
AT5G36260	8	19	8	6	22	12
AT5G36280	0	1	0	0	0	0
AT5G36290	1977	1885	1913	2106	2312	1999
AT5G36670	52	47	44	44	69	81
AT5G36690	0	2	0	0	0	0
AT5G36700	6037	5759	4213	3235	6227	3797
AT5G36710	49	47	31	46	46	62
AT5G36740	75	58	79	68	99	58
AT5G36780	0	1	0	0	1	0
AT5G36790	5697	3422	5186	3346	1999	4305
AT5G36800	55	46	50	38	47	62
AT5G36870	1	3	2	0	1	2
AT5G36880	3678	3121	3236	3327	4339	4038
AT5G36890	784	650	691	712	927	721
AT5G36900	0	0	0	1	0	0
AT5G36910	51	57	44	56	53	36
AT5G36920	54	62	36	54	34	50
AT5G36925	433	446	406	620	904	586
AT5G36930	1506	1322	1603	1239	2514	1450
AT5G36940	816	840	862	697	860	888
AT5G36950	425	351	345	347	459	288
AT5G36960	5	1	3	5	1	8
AT5G36970	30	34	17	35	34	54
AT5G37000	89	87	69	56	78	74
AT5G37010	122	111	84	78	111	163
AT5G37020	1119	983	695	774	800	1016
AT5G37030	0	0	0	0	1	0
AT5G37050	2	1	4	7	3	1
AT5G37055	172	161	162	139	165	151
AT5G37070	726	612	647	616	858	717
AT5G37130	1230	966	1012	1042	1221	1142
AT5G37160	1	0	0	0	1	0
AT5G37180	73	29	32	51	99	84
AT5G37190	552	398	390	367	532	469
AT5G37210	1	4	4	0	7	2
AT5G37230	0	0	0	0	1	0
AT5G37240	2	1	1	3	3	3
AT5G37250	2	1	0	1	2	2
AT5G37260	31	19	22	45	135	31
AT5G37290	212	176	159	199	181	155
AT5G37300	38	31	18	11	8	22
AT5G37310	906	873	902	959	1549	1066
AT5G37340	165	133	141	162	163	150
AT5G37350	698	576	530	604	713	642
AT5G37360	4634	3926	3974	3556	3565	4094
AT5G37370	1401	1133	1106	1097	1292	1283
AT5G37380	507	446	406	416	506	466
AT5G37400	54	36	39	40	57	57
AT5G37410	56	56	66	55	49	51
AT5G37420	8	7	7	10	37	7
AT5G37430	0	0	0	0	1	1
AT5G37440	76	74	76	97	109	95
AT5G37450	2	3	9	3	7	2
AT5G37470	2	0	0	1	0	0
AT5G37474	0	1	0	0	1	0
AT5G37475	752	637	643	729	816	667
AT5G37478	2	1	3	5	5	8
AT5G37480	425	403	397	441	617	405
AT5G37485	5	7	9	6	15	9
AT5G37490	13	6	8	33	38	19
AT5G37500	175	123	224	201	243	168
AT5G37510	4389	4143	3896	4119	4693	4346
AT5G37530	114	71	76	90	161	106
AT5G37540	1240	951	701	546	633	852
AT5G37550	30	30	21	30	21	28
AT5G37570	59	60	63	52	86	62
AT5G37590	304	285	263	314	465	319
AT5G37600	8439	7998	7237	10572	12092	9712
AT5G37610	0	0	0	0	0	1
AT5G37630	249	190	181	133	172	224
AT5G37660	58	58	56	73	126	106
AT5G37670	56	31	33	45	40	25
AT5G37680	239	220	200	211	263	284
AT5G37690	13	12	10	6	18	13
AT5G37710	384	266	307	241	246	247
AT5G37720	893	801	749	798	934	799
AT5G37730	0	0	0	0	1	0
AT5G37740	312	328	373	352	444	392
AT5G37750	31	37	34	39	60	40
AT5G37760	7	7	2	6	5	6
AT5G37770	8147	6464	6539	6413	8131	7964
AT5G37780	3019	2506	3109	3411	4441	3713
AT5G37790	256	188	152	179	220	214
AT5G37800	1	0	0	0	0	0
AT5G37830	2917	2407	2423	2131	2886	2782
AT5G37840	1	3	3	1	2	2
AT5G37850	1592	1423	1362	1242	1557	1174
AT5G37890	194	169	193	197	181	159
AT5G37930	440	336	347	412	395	368
AT5G37940	2	7	0	6	0	0
AT5G37950	53	41	44	45	14	22
AT5G37960	0	0	1	0	0	2
AT5G37980	6	0	0	7	14	10
AT5G37990	1	2	1	13	23	11
AT5G38000	17	16	4	12	11	18
AT5G38005	32	27	19	34	7	26
AT5G38010	57	52	43	50	36	55
AT5G38020	4	6	11	9	4	12
AT5G38030	13	7	12	9	6	23
AT5G38040	70	67	60	68	91	77
AT5G38050	121	76	84	83	104	102
AT5G38060	128	109	104	120	150	147
AT5G38070	32	24	15	46	37	38
AT5G38080	0	0	0	1	0	2
AT5G38100	1	1	3	4	1	3
AT5G38110	153	135	143	190	162	146
AT5G38120	187	153	68	118	48	85
AT5G38130	22	31	4	4	2	5
AT5G38140	371	402	255	312	235	306
AT5G38150	804	579	543	460	521	644
AT5G38200	20	22	22	25	26	31
AT5G38210	3742	2871	2493	2231	3312	3301
AT5G38212	2698	2010	1756	1572	2270	2362
AT5G38220	524	507	432	449	537	521
AT5G38240	372	295	246	289	321	374
AT5G38250	100	84	55	92	196	117
AT5G38260	3	0	0	2	4	3
AT5G38280	119	109	76	131	193	194
AT5G38290	708	598	648	609	602	590
AT5G38300	53	25	28	39	42	45
AT5G38310	40	43	22	54	71	34
AT5G38320	8	12	6	9	3	6
AT5G38340	81	81	47	60	98	95
AT5G38344	4	1	0	7	10	16
AT5G38350	19	15	16	15	37	30
AT5G38360	432	377	397	310	369	360
AT5G38380	440	406	395	382	463	432
AT5G38386	1	1	0	0	2	0
AT5G38396	4	5	6	4	12	4
AT5G38400	1	0	1	1	0	1
AT5G38410	129173	125796	119915	90811	88248	95931
AT5G38420	53164	48062	44838	31482	42849	37591
AT5G38430	33183	29420	36577	24017	42477	25818
AT5G38450	0	1	0	0	0	1
AT5G38460	276	231	216	255	281	298
AT5G38470	2735	2552	2487	2904	3217	2976
AT5G38480	4764	4582	4215	4511	4275	4583
AT5G38510	1657	1459	1771	1314	1690	1474
AT5G38520	3364	3200	3254	2483	2995	2782
AT5G38530	688	524	580	701	882	679
AT5G38550	10	9	2	7	12	15
AT5G38560	1294	1127	1038	1002	1417	1410
AT5G38565	58	59	46	80	104	58
AT5G38590	169	183	166	154	195	145
AT5G38600	658	487	524	414	657	542
AT5G38610	16	14	8	15	22	39
AT5G38630	580	552	645	752	796	679
AT5G38640	871	698	666	659	725	761
AT5G38650	1418	1372	1085	1289	1342	1291
AT5G38660	6163	5396	5251	4795	5057	4800
AT5G38680	3	1	0	0	0	1
AT5G38690	340	250	247	252	263	267
AT5G38700	218	180	221	232	331	334
AT5G38710	653	511	385	482	413	498
AT5G38720	308	247	243	301	369	251
AT5G38730	74	76	68	73	85	72
AT5G38740	0	2	1	2	3	2
AT5G38750	1	3	1	6	5	2
AT5G38770	6	3	6	9	8	9
AT5G38780	38	35	36	20	44	43
AT5G38800	0	1	0	0	0	0
AT5G38820	2	2	0	11	1	0
AT5G38830	1203	1025	1013	1075	1178	1110
AT5G38840	720	547	505	549	682	684
AT5G38850	853	724	658	604	691	729
AT5G38860	277	231	232	208	243	194
AT5G38880	1007	844	797	757	1118	959
AT5G38890	151	130	156	228	315	168
AT5G38895	297	284	294	335	521	274
AT5G38900	398	351	217	401	354	411
AT5G38910	2	1	0	2	1	0
AT5G38930	21	19	4	17	18	15
AT5G38940	92	103	33	60	48	41
AT5G38970	33	17	12	21	25	25
AT5G38980	3315	3250	3226	2911	5518	2985
AT5G38990	3039	2628	2897	2251	4467	2951
AT5G39000	216	136	153	157	287	187
AT5G39010	0	2	3	1	4	0
AT5G39020	1603	1275	1383	1308	2011	1788
AT5G39024	9	9	9	8	5	6
AT5G39030	1622	1380	1248	1383	1882	1606
AT5G39040	1099	1000	921	1007	1438	1270
AT5G39050	729	629	602	749	880	870
AT5G39080	936	743	688	519	303	565
AT5G39090	82	84	67	72	56	104
AT5G39100	7	9	3	5	13	3
AT5G39110	8	4	4	4	6	3
AT5G39120	3	1	5	7	5	1
AT5G39130	9	6	9	22	22	26
AT5G39150	0	3	1	1	2	0
AT5G39160	90	70	101	133	190	192
AT5G39180	1	1	2	2	2	0
AT5G39190	101	97	142	191	232	209
AT5G39200	0	0	0	2	0	0
AT5G39210	505	422	624	368	706	451
AT5G39220	37	32	23	19	13	22
AT5G39230	0	1	0	2	1	0
AT5G39240	9	11	24	12	36	20
AT5G39250	188	184	169	178	197	157
AT5G39260	9	7	15	17	23	17
AT5G39320	1187	1025	822	831	892	893
AT5G39330	0	7	7	11	21	13
AT5G39340	480	451	507	524	589	429
AT5G39350	165	114	122	168	259	176
AT5G39360	455	423	464	443	409	416
AT5G39370	4	0	1	1	2	1
AT5G39380	144	135	122	118	188	181
AT5G39390	11	3	5	16	14	7
AT5G39400	0	0	0	0	3	0
AT5G39410	926	835	1280	1079	1477	1207
AT5G39420	16	9	5	8	18	12
AT5G39450	328	269	315	252	428	296
AT5G39460	1	0	0	1	1	0
AT5G39471	10	11	15	17	26	34
AT5G39480	0	0	0	1	0	1
AT5G39493	1	1	2	2	1	0
AT5G39500	1399	1110	1187	1026	1328	1327
AT5G39510	2432	2164	1963	2287	2616	2325
AT5G39520	294	269	122	352	429	698
AT5G39530	2713	2518	2111	1897	1042	1821
AT5G39550	190	195	160	154	131	155
AT5G39570	10963	8863	8669	8858	11234	11886
AT5G39580	162	141	183	112	144	283
AT5G39590	4457	3466	3720	3151	3390	4102
AT5G39600	386	366	360	376	442	302
AT5G39610	466	445	345	403	283	275
AT5G39630	1	0	0	0	0	0
AT5G39650	0	0	0	1	0	0
AT5G39660	291	245	112	179	171	148
AT5G39670	2007	2079	1437	2977	3523	2377
AT5G39680	36	43	52	40	81	37
AT5G39710	228	196	189	204	284	281
AT5G39720	5	4	4	24	18	32
AT5G39730	1081	942	858	964	1104	1038
AT5G39740	8091	6294	5739	6629	7864	6485
AT5G39760	485	350	403	396	474	514
AT5G39785	835	634	588	820	1236	843
AT5G39790	457	431	445	471	576	425
AT5G39800	259	196	191	207	196	225
AT5G39820	1	0	0	0	0	0
AT5G39830	1737	1542	1733	1311	1695	1553
AT5G39840	176	135	146	205	279	185
AT5G39850	291	279	266	347	434	231
AT5G39860	183	173	105	86	31	54
AT5G39865	26	26	23	32	37	28
AT5G39890	35	22	14	20	15	14
AT5G39900	138	115	122	129	170	146
AT5G39940	368	314	307	319	414	366
AT5G39950	1679	1370	1322	1465	1818	1594
AT5G39960	226	196	192	243	398	249
AT5G39970	15	11	18	8	36	23
AT5G39980	229	226	230	245	307	251
AT5G39990	428	399	395	419	537	449
AT5G40000	31	32	18	108	221	111
AT5G40010	34	21	9	36	57	45
AT5G40020	16	15	15	20	30	46
AT5G40030	40	35	27	29	29	29
AT5G40040	2	5	1	5	2	4
AT5G40060	652	572	623	447	874	521
AT5G40070	0	1	0	0	1	1
AT5G40080	219	155	126	140	145	174
AT5G40090	12	7	5	8	12	11
AT5G40100	16	19	16	7	23	23
AT5G40140	279	224	207	207	289	278
AT5G40150	319	351	279	356	323	452
AT5G40155	0	0	0	0	2	4
AT5G40160	737	597	793	600	769	739
AT5G40170	3878	2985	3077	2775	3441	3853
AT5G40180	33	35	35	22	50	32
AT5G40190	583	529	522	498	491	516
AT5G40200	1014	803	783	915	1067	801
AT5G40210	19	12	10	14	9	12
AT5G40220	1	0	0	1	2	2
AT5G40230	58	52	33	59	68	53
AT5G40240	1033	863	972	1091	1169	1443
AT5G40250	473	379	349	390	417	446
AT5G40260	0	0	0	0	0	1
AT5G40270	286	233	216	193	201	226
AT5G40280	396	320	376	318	398	365
AT5G40290	0	1	0	0	0	0
AT5G40300	484	361	352	447	581	481
AT5G40310	1	1	5	0	1	2
AT5G40330	160	128	124	171	169	108
AT5G40340	3034	2297	2180	1674	2401	2929
AT5G40348	34	34	20	24	106	67
AT5G40350	11	18	4	12	30	13
AT5G40370	4432	3729	3949	4268	5736	4897
AT5G40380	697	614	644	494	648	714
AT5G40382	8	7	7	11	8	7
AT5G40384	0	0	0	1	0	0
AT5G40390	924	856	500	536	425	405
AT5G40395	1	2	0	1	0	1
AT5G40400	108	77	62	50	80	79
AT5G40405	68	63	59	82	108	72
AT5G40410	28	19	37	41	40	24
AT5G40430	0	0	1	2	0	0
AT5G40440	341	307	226	283	312	308
AT5G40450	15209	11471	16804	7684	11661	15495
AT5G40460	87	118	79	89	97	82
AT5G40470	270	203	194	169	215	190
AT5G40480	1415	1191	1123	1540	2617	1685
AT5G40490	513	433	456	468	588	492
AT5G40500	745	668	634	542	516	549
AT5G40510	1	5	3	5	5	6
AT5G40520	305	279	272	241	321	293
AT5G40530	193	179	188	228	255	177
AT5G40540	303	279	281	212	347	185
AT5G40550	249	227	245	252	274	259
AT5G40570	59	45	57	48	64	81
AT5G40580	1291	1050	970	1080	1098	1089
AT5G40600	130	133	132	125	132	98
AT5G40610	692	600	524	527	666	607
AT5G40620	0	2	0	0	1	0
AT5G40630	23	21	12	21	12	10
AT5G40640	193	153	159	138	175	200
AT5G40645	4	0	0	0	1	0
AT5G40650	751	757	652	758	839	756
AT5G40660	513	391	379	490	662	490
AT5G40670	1843	1652	1474	1695	1994	1665
AT5G40680	0	2	1	0	1	1
AT5G40690	166	134	133	164	363	216
AT5G40700	103	74	81	95	103	70
AT5G40710	254	217	231	194	229	239
AT5G40720	632	566	571	475	611	630
AT5G40730	32	45	23	31	18	16
AT5G40740	641	500	482	422	595	603
AT5G40760	1350	1088	979	1144	1219	1264
AT5G40770	1311	1280	1317	1702	2086	1345
AT5G40780	2050	2024	2334	2093	3238	1851
AT5G40790	3	2	3	1	4	2
AT5G40800	19	28	13	16	21	24
AT5G40810	2833	2692	2770	2548	3098	2591
AT5G40820	111	107	98	97	159	132
AT5G40830	689	562	597	665	742	673
AT5G40840	70	59	59	80	133	85
AT5G40850	2670	2127	2222	2349	3802	2412
AT5G40855	2	0	1	3	1	3
AT5G40860	0	0	1	0	0	0
AT5G40870	794	673	684	662	750	825
AT5G40880	174	148	201	185	302	209
AT5G40890	5780	4999	5207	2782	2373	3056
AT5G40900	3	4	3	0	2	3
AT5G40910	2991	2443	2546	2379	4152	3839
AT5G40930	665	567	565	648	738	643
AT5G40945	0	0	0	0	1	0
AT5G40950	7835	6824	7317	5869	6143	5792
AT5G40960	22	21	23	22	41	35
AT5G40970	161	149	148	171	216	175
AT5G40980	26	25	25	53	73	53
AT5G40981	0	0	0	0	0	1
AT5G40990	32	18	20	27	25	29
AT5G41000	174	160	131	142	189	177
AT5G41010	315	288	325	432	524	244
AT5G41020	612	460	453	453	463	476
AT5G41030	0	0	0	4	0	0
AT5G41040	43	31	32	58	52	40
AT5G41050	284	282	257	219	208	278
AT5G41060	166	130	123	113	130	157
AT5G41070	117	102	56	83	94	89
AT5G41071	2	2	1	0	0	1
AT5G41080	439	447	358	423	420	540
AT5G41090	0	0	1	0	2	0
AT5G41100	2241	1822	1811	1723	2332	2759
AT5G41109	3	1	0	0	3	0
AT5G41110	341	356	301	283	384	318
AT5G41120	350	326	279	292	356	368
AT5G41130	181	179	183	169	217	160
AT5G41140	2013	1582	1722	1215	1430	1844
AT5G41150	533	476	478	449	614	558
AT5G41160	51	53	64	68	104	53
AT5G41170	54	55	58	57	66	41
AT5G41180	369	321	359	367	639	362
AT5G41190	791	617	671	720	859	692
AT5G41200	0	0	0	1	0	1
AT5G41210	2094	2039	2010	2227	2607	2132
AT5G41220	450	391	412	358	456	311
AT5G41240	344	268	213	253	302	308
AT5G41250	0	0	0	0	1	0
AT5G41260	1968	1943	2278	1982	2830	2313
AT5G41270	133	139	149	114	128	121
AT5G41280	3	0	0	0	2	0
AT5G41290	0	0	0	2	2	0
AT5G41300	1	0	0	0	0	0
AT5G41310	0	4	0	0	0	0
AT5G41315	33	10	24	17	15	18
AT5G41320	135	138	135	138	170	138
AT5G41330	457	404	410	422	558	472
AT5G41340	928	745	670	611	706	673
AT5G41350	551	469	394	519	584	534
AT5G41360	431	356	285	347	394	409
AT5G41370	1870	1540	1406	1463	1900	1791
AT5G41380	5	4	5	5	5	4
AT5G41390	0	2	0	0	1	0
AT5G41400	527	483	408	535	566	588
AT5G41410	1493	1220	1178	1210	1587	1521
AT5G41420	0	1	0	0	0	0
AT5G41430	0	0	0	1	0	0
AT5G41440	0	1	0	0	0	0
AT5G41450	1	1	0	0	0	0
AT5G41460	446	398	259	237	273	243
AT5G41470	9	7	10	10	5	16
AT5G41471	4	5	3	7	17	3
AT5G41480	353	320	325	287	338	295
AT5G41520	4040	4463	3755	4807	4564	3296
AT5G41540	0	1	0	2	1	4
AT5G41550	191	147	182	275	512	320
AT5G41560	362	254	243	253	382	303
AT5G41570	3	0	0	2	2	0
AT5G41580	423	391	304	293	271	324
AT5G41590	71	54	36	12	3	6
AT5G41600	1516	1481	1179	1217	1271	1272
AT5G41610	222	187	194	165	260	216
AT5G41612	133	108	136	74	141	134
AT5G41620	127	106	72	95	143	121
AT5G41650	33	32	24	50	59	42
AT5G41660	1	0	0	0	0	0
AT5G41663	1	1	0	0	0	2
AT5G41670	1853	1487	1574	1643	1934	1965
AT5G41680	203	224	211	280	309	226
AT5G41685	932	892	828	998	1073	981
AT5G41690	165	171	149	123	114	157
AT5G41700	13410	11092	11035	9498	10249	11420
AT5G41720	0	0	0	2	0	0
AT5G41730	13	18	7	32	23	23
AT5G41740	11639	9791	8891	13585	22003	14754
AT5G41750	18186	15823	14856	20080	32430	21752
AT5G41760	528	496	536	527	494	449
AT5G41761	345	326	240	189	119	127
AT5G41765	0	1	0	2	0	0
AT5G41770	1317	1119	1074	1154	1327	1222
AT5G41780	1	1	1	5	2	6
AT5G41790	5339	4228	4487	3412	5840	6247
AT5G41800	430	427	386	412	388	475
AT5G41810	1120	917	950	939	1012	1091
AT5G41820	29	17	19	26	46	12
AT5G41830	15	16	17	14	26	18
AT5G41850	194	165	132	186	208	189
AT5G41860	150	140	124	149	173	218
AT5G41870	577	499	420	513	702	633
AT5G41880	245	218	206	217	285	204
AT5G41890	3	2	4	4	4	3
AT5G41900	203	195	200	147	125	196
AT5G41905	0	1	1	1	1	0
AT5G41908	0	1	0	1	0	0
AT5G41910	155	154	162	143	136	169
AT5G41920	289	265	337	281	451	365
AT5G41940	1204	932	985	953	958	1127
AT5G41950	1670	1339	1325	1387	1607	1507
AT5G41960	669	553	525	593	689	538
AT5G41970	890	867	877	942	1075	868
AT5G41980	89	77	73	50	109	65
AT5G41990	1400	1271	1178	1230	1725	1356
AT5G41992	1400	1271	1178	1230	1725	1356
AT5G42000	760	712	606	688	794	760
AT5G42010	313	297	169	302	314	268
AT5G42020	4961	4079	3763	5055	8601	5771
AT5G42030	2930	2287	2285	1816	2219	2247
AT5G42040	84	64	60	43	52	71
AT5G42050	27099	20101	19077	22511	31250	29451
AT5G42053	1	1	0	0	0	0
AT5G42060	189	155	111	186	218	138
AT5G42070	805	689	633	609	455	633
AT5G42080	5052	4399	3992	4189	5247	4805
AT5G42090	2807	2705	2890	2701	3159	2771
AT5G42092	849	731	777	682	857	846
AT5G42100	2057	1954	1696	1650	1567	2173
AT5G42110	183	147	153	140	149	137
AT5G42120	4	6	2	3	1	3
AT5G42130	629	527	626	477	773	666
AT5G42140	871	647	650	623	1029	719
AT5G42146	47	33	36	65	73	60
AT5G42150	449	378	386	547	695	479
AT5G42180	4	9	0	0	6	8
AT5G42190	2051	1878	1894	1831	2044	1876
AT5G42200	96	111	106	114	139	135
AT5G42210	31	29	24	35	62	52
AT5G42220	1815	1548	1517	1396	1771	1680
AT5G42223	0	0	1	0	1	0
AT5G42230	0	5	1	4	4	3
AT5G42235	0	0	0	2	0	0
AT5G42240	1113	984	982	896	1056	996
AT5G42242	0	0	0	1	1	0
AT5G42250	1419	1266	1166	980	842	1394
AT5G42270	13742	10771	11642	8436	9658	11397
AT5G42280	64	49	46	35	39	66
AT5G42290	6	4	0	2	2	5
AT5G42300	4324	3487	3332	3532	4100	4039
AT5G42310	1619	1359	1498	1147	1679	1523
AT5G42320	601	588	618	577	681	646
AT5G42325	2	4	0	1	1	2
AT5G42330	47	26	30	29	51	53
AT5G42340	0	1	1	0	0	0
AT5G42350	242	246	263	215	308	231
AT5G42360	430	372	400	345	528	432
AT5G42370	109	102	116	135	190	176
AT5G42380	3554	2746	1987	3847	5597	3802
AT5G42390	7515	6506	6907	5398	7547	6956
AT5G42400	705	564	544	515	745	699
AT5G42410	0	0	0	0	2	0
AT5G42420	1029	815	1084	905	1125	1025
AT5G42430	0	1	0	0	0	0
AT5G42440	414	357	341	360	485	444
AT5G42450	54	41	49	39	60	45
AT5G42460	249	210	181	176	178	189
AT5G42470	543	523	478	477	527	497
AT5G42480	1286	1073	1132	1031	1322	1187
AT5G42490	7	1	2	5	3	3
AT5G42500	4	6	6	7	17	5
AT5G42520	1441	1190	1201	1157	1310	1330
AT5G42530	47048	43613	35018	46088	62206	41951
AT5G42540	2047	1668	1734	1687	2427	1705
AT5G42560	1097	841	869	765	966	947
AT5G42570	1328	1020	1038	1099	1761	1550
AT5G42590	0	0	0	0	0	1
AT5G42610	2	2	1	3	0	2
AT5G42620	1434	1276	1222	1106	1537	1448
AT5G42630	10	6	6	6	6	10
AT5G42650	27039	21782	17494	24985	28351	35411
AT5G42655	0	1	0	9	0	6
AT5G42660	497	401	341	365	391	430
AT5G42670	341	284	253	302	327	308
AT5G42680	98	74	63	113	95	97
AT5G42690	63	53	60	69	75	49
AT5G42700	24	12	15	20	15	28
AT5G42710	12	12	5	16	12	9
AT5G42720	298	279	185	269	308	360
AT5G42740	1878	1801	1919	1703	2050	1919
AT5G42750	401	275	295	281	355	267
AT5G42760	78	62	52	76	87	53
AT5G42765	1158	1093	1132	1002	1173	1022
AT5G42770	343	206	237	230	249	277
AT5G42780	47	33	35	30	40	33
AT5G42790	1933	1823	1811	2094	2206	1841
AT5G42800	633	509	187	1576	5898	3039
AT5G42810	553	461	371	419	487	434
AT5G42820	1625	1319	1278	1366	1419	1508
AT5G42825	1223	1271	1503	1192	1346	969
AT5G42830	455	445	299	362	484	356
AT5G42840	18	15	14	21	35	25
AT5G42850	1211	1263	1281	1362	1494	1121
AT5G42860	308	258	210	204	254	199
AT5G42870	1903	1582	1565	1353	1835	1490
AT5G42880	106	71	47	55	62	62
AT5G42890	1156	983	987	1080	1325	1062
AT5G42900	32	32	841	267	2399	407
AT5G42920	862	846	968	855	1211	973
AT5G42930	20	21	10	6	13	18
AT5G42940	1027	972	970	861	1156	1099
AT5G42950	3416	2793	2773	2504	3619	3174
AT5G42960	476	497	494	508	704	512
AT5G42965	14	5	11	18	6	5
AT5G42970	670	613	535	598	694	629
AT5G42980	14348	13590	13125	14481	18115	14828
AT5G42990	568	470	419	573	711	529
AT5G43010	1132	1000	978	1100	1214	1113
AT5G43020	489	394	228	340	362	453
AT5G43030	4	4	3	2	2	4
AT5G43040	18	33	30	13	11	12
AT5G43050	389	320	347	331	381	345
AT5G43060	673	652	739	767	1033	864
AT5G43070	147	133	130	128	139	145
AT5G43080	83	58	72	64	50	53
AT5G43090	1	0	0	0	0	0
AT5G43100	1547	1354	1238	1336	1758	1411
AT5G43120	3	5	1	0	4	4
AT5G43130	1643	1325	1202	1078	1277	1450
AT5G43140	276	244	275	275	259	259
AT5G43150	728	652	335	563	345	538
AT5G43160	158	172	135	166	226	186
AT5G43170	177	143	168	205	288	283
AT5G43180	15	16	5	20	13	23
AT5G43190	1262	962	783	798	746	898
AT5G43200	0	2	1	1	2	2
AT5G43210	119	101	87	84	102	110
AT5G43211	0	0	0	0	0	1
AT5G43240	8	9	7	13	6	3
AT5G43245	0	0	0	0	0	1
AT5G43250	64	48	39	44	58	43
AT5G43260	549	617	555	577	521	494
AT5G43270	666	612	786	615	843	776
AT5G43280	556	547	530	543	590	566
AT5G43285	1	0	0	0	0	1
AT5G43290	5	3	2	0	4	10
AT5G43300	0	2	0	2	5	0
AT5G43310	1565	1429	1675	1250	1682	1951
AT5G43320	3299	2872	2734	2432	2843	2906
AT5G43330	692	665	641	765	781	684
AT5G43350	4	3	2	9	7	9
AT5G43360	2	1	0	0	0	0
AT5G43370	0	0	1	0	5	7
AT5G43380	88	64	98	233	407	277
AT5G43390	0	0	0	0	1	3
AT5G43400	138	109	97	140	104	161
AT5G43403	152	138	147	127	190	121
AT5G43410	1	0	0	2	0	8
AT5G43420	307	280	270	418	561	443
AT5G43430	444	414	392	408	505	419
AT5G43440	2503	2106	2469	2123	2221	2288
AT5G43450	813	708	633	1125	1175	700
AT5G43455	0	0	0	1	0	0
AT5G43460	2176	2007	1670	1974	2082	1718
AT5G43470	6475	5343	5557	4252	7047	5928
AT5G43480	1	2	1	1	2	1
AT5G43490	9	5	9	7	4	5
AT5G43500	481	371	354	399	455	419
AT5G43510	1	1	2	2	0	1
AT5G43520	0	0	0	1	0	0
AT5G43530	15	13	13	5	8	11
AT5G43560	1812	1470	1260	1223	1521	1648
AT5G43570	3	4	2	0	2	4
AT5G43580	32	22	23	27	42	38
AT5G43590	0	0	0	1	0	0
AT5G43600	918	820	718	647	649	836
AT5G43603	0	0	0	0	1	1
AT5G43610	0	0	0	1	0	1
AT5G43620	980	825	885	898	917	1019
AT5G43630	643	543	344	432	240	456
AT5G43640	0	0	0	0	1	0
AT5G43650	59	43	29	122	154	108
AT5G43660	6	3	3	5	7	5
AT5G43670	553	522	520	497	623	556
AT5G43680	275	258	271	279	358	306
AT5G43690	3	1	3	1	2	6
AT5G43700	1064	925	869	772	660	714
AT5G43710	472	466	460	455	528	515
AT5G43720	530	448	392	426	480	478
AT5G43725	212	186	199	188	213	198
AT5G43730	101	91	107	103	127	106
AT5G43740	810	723	655	537	637	730
AT5G43745	1011	842	826	698	786	1093
AT5G43750	2199	1927	1979	1385	1674	1655
AT5G43755	2	0	0	0	1	0
AT5G43760	7266	5596	6183	5538	6966	7882
AT5G43770	2	0	0	0	2	1
AT5G43780	1939	1935	2007	1915	2181	2258
AT5G43790	121	79	97	84	128	97
AT5G43810	1033	752	683	795	964	967
AT5G43820	51	41	40	40	77	35
AT5G43822	225	191	155	159	212	183
AT5G43830	4466	4502	4271	4054	4055	3809
AT5G43840	4	3	0	1	2	4
AT5G43850	1767	1689	1306	1309	1052	1224
AT5G43860	154	138	87	107	91	113
AT5G43870	630	511	589	485	367	625
AT5G43880	1462	1204	1290	1161	1309	1457
AT5G43890	55	40	41	55	65	59
AT5G43900	2772	2315	2484	2098	3635	3281
AT5G43910	287	230	226	275	429	298
AT5G43920	703	589	584	528	606	557
AT5G43930	781	729	690	617	930	795
AT5G43935	0	1	0	0	1	0
AT5G43940	8750	8260	7948	8927	9823	8739
AT5G43950	243	202	196	188	164	173
AT5G43960	1268	1090	1151	1325	1699	1350
AT5G43970	614	680	571	678	679	521
AT5G43980	63	59	42	81	55	55
AT5G43990	192	199	162	178	217	215
AT5G44000	1059	875	1014	837	1046	1044
AT5G44005	581	489	641	505	572	646
AT5G44010	146	146	217	179	226	167
AT5G44020	8645	7280	12490	6408	6638	8948
AT5G44030	260	194	248	218	278	320
AT5G44040	190	153	171	188	227	153
AT5G44050	392	379	246	234	201	361
AT5G44060	2759	2337	1772	2298	2815	2652
AT5G44065	14	17	11	11	20	1
AT5G44070	8335	7436	7673	7114	12313	8920
AT5G44080	553	425	442	423	398	494
AT5G44090	1535	1343	1352	1301	1838	1467
AT5G44100	2201	1883	1833	1830	2175	2250
AT5G44110	109	123	74	92	75	79
AT5G44120	0	0	0	1	1	0
AT5G44130	1223	1044	1380	990	897	1066
AT5G44140	2	2	3	1	0	3
AT5G44150	217	176	194	166	211	200
AT5G44160	21	27	35	51	88	77
AT5G44170	207	143	151	145	196	176
AT5G44180	1981	1614	1454	1342	1768	1788
AT5G44190	3124	2925	1968	1840	615	1875
AT5G44200	931	797	715	791	734	800
AT5G44210	69	75	43	68	38	47
AT5G44230	114	111	105	105	150	108
AT5G44240	1865	1548	1504	1634	2015	1906
AT5G44250	575	530	534	448	453	483
AT5G44260	386	400	397	316	158	220
AT5G44270	0	0	0	0	1	0
AT5G44280	215	144	137	126	128	176
AT5G44286	1	0	1	3	2	1
AT5G44290	5193	4172	3940	3645	4505	5014
AT5G44306	4	1	1	3	2	4
AT5G44310	3	4	4	2	4	6
AT5G44316	0	0	1	0	1	0
AT5G44320	1605	1416	1351	1411	1637	1476
AT5G44330	0	0	0	0	2	3
AT5G44340	9304	8828	11603	9925	12949	10278
AT5G44350	226	190	148	191	248	271
AT5G44360	0	0	0	0	1	0
AT5G44370	232	186	189	228	275	270
AT5G44380	80	67	44	68	80	108
AT5G44390	158	144	100	145	125	171
AT5G44400	588	449	339	561	782	772
AT5G44410	247	230	255	223	360	254
AT5G44420	41292	40839	9429	20151	1538	15848
AT5G44430	30723	34126	7316	17818	765	10552
AT5G44440	0	0	4	0	0	0
AT5G44450	652	573	514	539	561	492
AT5G44460	6	7	6	19	22	5
AT5G44480	134	109	48	123	77	143
AT5G44490	76	28	40	45	40	29
AT5G44500	114	138	131	123	155	133
AT5G44510	787	743	717	514	690	706
AT5G44520	1004	864	932	639	699	822
AT5G44530	2164	1825	1059	956	526	1172
AT5G44540	11	15	12	2	5	6
AT5G44550	37	26	41	30	19	25
AT5G44560	164	138	119	113	148	151
AT5G44562	52	42	37	47	59	57
AT5G44565	304	250	168	282	332	358
AT5G44568	2397	2189	2255	2419	3884	2428
AT5G44569	78	71	63	71	95	90
AT5G44570	9	15	9	24	21	37
AT5G44572	232	189	174	197	167	202
AT5G44574	10	9	7	13	19	10
AT5G44575	26	29	22	28	13	17
AT5G44578	37	40	24	24	43	49
AT5G44580	3017	2592	2028	2884	4185	2863
AT5G44582	78	88	99	133	141	111
AT5G44585	36	39	33	34	71	47
AT5G44590	1	0	3	1	4	2
AT5G44600	308	303	345	201	234	270
AT5G44610	2	0	1	7	7	4
AT5G44620	42	29	9	18	12	16
AT5G44630	1	2	0	0	0	0
AT5G44635	321	235	221	224	331	256
AT5G44650	2459	2065	2195	1782	2482	2133
AT5G44660	450	420	431	385	608	502
AT5G44670	232	193	132	177	154	230
AT5G44680	1216	1062	1422	969	810	1063
AT5G44690	0	0	0	0	2	1
AT5G44700	5	6	1	3	5	0
AT5G44710	225	173	196	235	232	170
AT5G44720	2153	2003	1629	1726	1790	1864
AT5G44730	559	424	499	536	617	533
AT5G44740	194	151	161	195	222	180
AT5G44750	1375	1201	1094	1054	1703	1412
AT5G44780	149	82	82	135	236	132
AT5G44785	1118	960	992	1010	1322	1005
AT5G44790	2308	1950	1843	1681	2071	2254
AT5G44800	2355	1977	1957	1562	2411	2292
AT5G44820	572	543	510	603	950	657
AT5G44850	0	0	1	0	0	0
AT5G44860	482	423	410	352	438	465
AT5G44870	1759	1593	1658	1469	2138	1846
AT5G44900	0	1	0	1	2	2
AT5G44910	59	32	39	48	50	61
AT5G44920	84	108	82	108	141	105
AT5G44930	464	382	339	411	474	439
AT5G44940	2	1	3	1	0	0
AT5G44973	12	21	7	20	12	14
AT5G44980	80	75	72	101	84	71
AT5G44990	75	39	39	84	119	56
AT5G45000	108	69	128	116	250	114
AT5G45010	891	738	668	850	1020	779
AT5G45020	276	220	251	205	240	251
AT5G45030	1082	850	903	919	1258	1018
AT5G45040	352	298	297	285	275	239
AT5G45050	1136	955	878	835	1203	1035
AT5G45060	1425	1226	1206	892	1439	1063
AT5G45070	7	7	7	3	10	2
AT5G45080	4	2	6	4	5	2
AT5G45090	28	22	20	31	33	16
AT5G45095	4	5	0	7	5	0
AT5G45100	655	528	589	560	714	581
AT5G45110	5552	5058	5191	6270	9212	7419
AT5G45130	1931	1740	1717	2093	2692	2116
AT5G45140	584	552	496	651	1010	680
AT5G45150	35	21	19	27	28	24
AT5G45160	772	710	631	583	764	775
AT5G45170	1428	1427	1300	1187	1289	1262
AT5G45180	0	1	0	0	2	0
AT5G45190	1024	846	807	806	944	963
AT5G45200	1	0	0	0	0	0
AT5G45210	0	2	1	0	3	3
AT5G45220	23	23	15	27	27	20
AT5G45240	12	11	9	7	9	6
AT5G45250	1604	1369	1454	1073	1872	1403
AT5G45260	1122	985	925	881	1571	1155
AT5G45275	272	241	209	211	276	269
AT5G45280	1749	1670	1276	1744	1751	1798
AT5G45290	645	621	629	534	657	521
AT5G45300	365	361	397	341	329	328
AT5G45307	0	1	0	1	1	0
AT5G45310	180	182	119	108	94	103
AT5G45320	2	6	4	12	7	10
AT5G45330	227	194	180	181	202	222
AT5G45340	7126	5953	5773	6735	9033	6917
AT5G45350	3369	3282	3418	4168	4984	4338
AT5G45360	1117	1012	929	833	966	929
AT5G45370	206	168	176	179	257	196
AT5G45380	1206	1018	757	947	1415	1233
AT5G45390	5803	5111	5420	4594	5445	4806
AT5G45400	139	97	104	74	118	83
AT5G45410	2958	2782	2519	3140	3319	3074
AT5G45420	1044	841	791	906	990	1035
AT5G45428	7207	6294	4935	5929	6058	7073
AT5G45430	7239	6337	4958	5964	6100	7111
AT5G45440	25	14	12	18	13	15
AT5G45450	3	2	3	0	3	1
AT5G45460	118	103	112	65	103	85
AT5G45469	14	12	6	1	12	19
AT5G45470	1761	1478	1693	1397	2059	1922
AT5G45472	1296	1094	1334	1008	1573	1428
AT5G45475	785	698	663	711	758	693
AT5G45480	2081	1795	1782	1576	2022	1842
AT5G45490	2781	2437	2494	1823	2285	2278
AT5G45500	2381	2188	1981	2033	2669	2283
AT5G45510	7481	6006	6079	5036	8123	6350
AT5G45520	52	34	35	48	78	78
AT5G45530	50	31	31	32	54	77
AT5G45540	35	38	27	43	76	60
AT5G45550	1430	1233	1424	1410	1860	1538
AT5G45560	235	215	235	208	259	266
AT5G45570	1	1	0	2	1	3
AT5G45580	9	7	7	11	9	8
AT5G45590	208	189	169	181	215	180
AT5G45600	383	320	305	358	319	300
AT5G45610	568	404	445	389	380	478
AT5G45620	1279	1128	1147	1175	1389	1185
AT5G45630	653	482	419	477	648	594
AT5G45640	1	0	0	0	0	0
AT5G45650	2117	1636	1272	1115	978	1450
AT5G45660	123	116	102	97	145	127
AT5G45670	1027	861	578	769	499	794
AT5G45680	1781	1834	2243	1450	1699	1326
AT5G45700	84	77	65	41	70	105
AT5G45710	568	526	599	554	713	572
AT5G45720	33	32	39	35	48	48
AT5G45730	30	32	25	26	26	23
AT5G45740	28	18	27	11	23	25
AT5G45750	3390	3058	3445	3206	3094	3445
AT5G45760	331	252	278	245	313	278
AT5G45770	4	9	14	10	6	4
AT5G45775	2014	1920	1738	2100	2140	1558
AT5G45780	194	151	146	174	241	139
AT5G45790	49	38	50	28	41	58
AT5G45800	1615	1363	1108	1604	2154	2208
AT5G45810	0	1	0	7	7	2
AT5G45820	1218	937	572	605	104	768
AT5G45830	140	101	72	70	13	75
AT5G45840	465	422	406	315	361	393
AT5G45850	26	10	13	16	4	5
AT5G45860	1	0	0	3	2	0
AT5G45890	33	16	0	3	7	56
AT5G45900	390	390	345	346	438	373
AT5G45920	29	19	37	38	36	31
AT5G45930	2028	1909	2174	1507	1502	1588
AT5G45940	324	287	255	242	246	263
AT5G45950	1229	948	1030	843	620	938
AT5G45960	42	58	26	26	19	39
AT5G45970	6	5	9	13	7	15
AT5G45990	34	36	25	46	46	62
AT5G46010	1	0	2	1	2	3
AT5G46013	2	0	3	6	7	3
AT5G46020	3727	3484	3181	3328	3434	3151
AT5G46030	1322	1041	995	1101	1211	1103
AT5G46040	3	1	4	0	2	0
AT5G46050	341	251	213	269	335	340
AT5G46060	3	1	0	0	4	1
AT5G46070	1511	1100	1169	1066	1443	1536
AT5G46080	922	692	600	849	880	772
AT5G46090	62	74	75	61	109	67
AT5G46100	84	73	78	82	126	73
AT5G46110	51294	51326	47878	37697	30985	37750
AT5G46115	1	3	3	2	2	3
AT5G46130	4	4	6	11	51	19
AT5G46140	28	19	28	44	65	59
AT5G46150	967	761	711	673	834	843
AT5G46160	562	426	424	507	588	517
AT5G46170	650	600	549	602	749	669
AT5G46180	1485	1292	1071	1566	1399	1646
AT5G46190	808	704	639	616	750	717
AT5G46200	0	0	3	0	0	0
AT5G46210	3210	2556	2564	2448	3052	3072
AT5G46220	60	51	79	33	39	48
AT5G46230	128	100	144	167	267	182
AT5G46240	540	385	395	418	540	443
AT5G46250	4723	4154	3692	3788	4673	3793
AT5G46260	553	474	513	404	735	617
AT5G46270	883	744	887	653	1372	1021
AT5G46280	480	403	466	421	501	414
AT5G46290	3055	2643	2928	2705	3515	2945
AT5G46295	320	245	247	255	373	262
AT5G46315	1	0	2	0	2	2
AT5G46330	1707	1417	1607	1585	1856	1961
AT5G46340	968	753	728	742	832	907
AT5G46350	146	133	107	165	72	158
AT5G46360	1	4	3	5	4	4
AT5G46370	1	4	1	0	1	2
AT5G46380	0	1	0	0	3	0
AT5G46390	735	691	758	631	809	613
AT5G46400	510	416	337	319	402	395
AT5G46410	834	786	718	753	1169	921
AT5G46417	0	0	0	0	0	2
AT5G46420	4005	3435	3472	2796	3200	3169
AT5G46430	3892	3725	3113	4009	4144	3272
AT5G46440	101	72	86	56	113	104
AT5G46450	1063	1011	1226	851	1473	1264
AT5G46460	69	60	62	62	107	88
AT5G46470	4964	4220	3739	4339	6023	5786
AT5G46490	1361	1223	1080	1197	1820	1415
AT5G46500	352	282	193	180	411	379
AT5G46510	2394	2175	2242	2081	4576	3467
AT5G46520	1657	1320	1320	1447	2342	2165
AT5G46530	35	38	22	53	84	67
AT5G46540	0	1	0	4	0	2
AT5G46550	634	516	562	630	709	627
AT5G46560	368	325	325	378	487	361
AT5G46570	554	438	466	372	420	475
AT5G46580	2182	1655	1996	1718	1988	1882
AT5G46590	24	25	17	95	149	132
AT5G46600	150	126	170	134	185	275
AT5G46610	0	0	2	0	0	0
AT5G46620	362	316	305	312	349	333
AT5G46630	2953	2541	2432	2467	2939	2942
AT5G46640	120	88	68	63	79	85
AT5G46650	0	0	0	2	1	1
AT5G46660	0	1	0	0	0	0
AT5G46670	1	5	2	3	0	1
AT5G46680	101	79	67	95	109	91
AT5G46690	175	159	147	151	168	172
AT5G46700	248	224	203	262	292	299
AT5G46710	1938	1910	2194	2373	2673	1936
AT5G46720	48	15	30	17	34	42
AT5G46730	77	106	152	162	214	146
AT5G46740	236	222	187	205	265	198
AT5G46750	1357	1251	1247	1269	1503	1319
AT5G46760	2824	2063	1876	2023	2599	2829
AT5G46770	0	1	0	2	0	1
AT5G46780	2188	1626	1500	1893	2237	2109
AT5G46790	466	367	332	357	388	429
AT5G46795	0	0	0	0	0	1
AT5G46800	1605	1637	1553	1314	1759	1385
AT5G46830	44	37	12	18	28	19
AT5G46840	697	573	492	560	612	603
AT5G46845	0	2	0	1	0	0
AT5G46850	193	190	191	178	130	175
AT5G46860	1500	1411	1534	1516	1870	1612
AT5G46870	101	89	85	96	97	102
AT5G46871	14	15	15	11	5	3
AT5G46874	1	4	1	0	0	0
AT5G46880	265	275	226	206	217	205
AT5G46910	725	576	542	626	925	809
AT5G46915	17	14	9	14	6	6
AT5G46920	300	271	312	365	458	370
AT5G46950	0	0	0	1	0	0
AT5G46960	3	0	0	4	4	9
AT5G47000	0	0	0	0	1	0
AT5G47010	3237	2649	2707	2564	3823	3210
AT5G47020	2741	2372	2980	2198	2923	3011
AT5G47030	5200	4883	4321	4540	4766	4398
AT5G47040	4429	3626	3461	2747	3125	3533
AT5G47050	370	293	167	395	416	482
AT5G47060	247	156	176	217	244	225
AT5G47070	3296	2746	2874	3847	5860	4007
AT5G47080	791	681	612	781	928	720
AT5G47090	389	366	302	324	365	351
AT5G47100	276	219	223	200	275	242
AT5G47110	7682	7467	7390	5811	6138	5809
AT5G47120	2686	2508	2495	3158	3945	3076
AT5G47130	33	40	35	45	103	78
AT5G47140	472	473	460	564	744	581
AT5G47150	0	0	1	0	0	0
AT5G47160	24	18	16	21	16	19
AT5G47170	8	2	4	1	0	2
AT5G47175	0	0	0	0	1	0
AT5G47180	505	396	521	524	802	698
AT5G47190	4531	3912	4336	3404	3704	3680
AT5G47200	1746	1727	1657	2029	2802	1974
AT5G47210	9240	8492	7922	9188	10325	8704
AT5G47220	4227	3340	2610	4048	5576	4742
AT5G47230	3743	3057	2781	3267	3493	3028
AT5G47240	4655	4095	3699	4226	4488	5223
AT5G47250	239	197	248	153	258	186
AT5G47260	0	0	0	0	2	0
AT5G47310	1174	1021	968	975	1092	1030
AT5G47320	860	823	825	867	1100	786
AT5G47330	60	43	95	73	37	52
AT5G47350	9	10	5	16	9	11
AT5G47360	96	88	79	80	81	97
AT5G47370	608	529	351	341	302	290
AT5G47380	332	291	220	270	268	241
AT5G47390	1624	1406	1059	1037	777	1246
AT5G47400	223	189	111	134	162	158
AT5G47420	389	368	424	453	589	461
AT5G47430	1497	1311	1374	1276	1610	1496
AT5G47435	1702	1432	1531	1295	1395	1482
AT5G47440	89	94	75	68	63	66
AT5G47450	0	0	0	1	0	0
AT5G47455	243	205	235	329	393	268
AT5G47460	45	25	27	37	52	52
AT5G47470	4	3	3	5	9	5
AT5G47480	2946	2521	2680	2305	3349	3192
AT5G47490	929	693	822	582	943	879
AT5G47500	489	498	476	326	503	446
AT5G47510	52	77	65	75	133	77
AT5G47520	432	373	319	332	370	385
AT5G47530	2	0	1	0	3	5
AT5G47540	697	561	593	518	621	615
AT5G47550	157	147	143	102	104	115
AT5G47560	3745	3408	1856	2459	1629	2793
AT5G47570	982	1305	1314	1459	1254	1092
AT5G47580	471	430	397	379	498	417
AT5G47590	67	58	76	66	73	77
AT5G47600	4	5	0	1	1	1
AT5G47610	85	81	58	57	54	61
AT5G47620	1095	876	897	810	1187	944
AT5G47630	275	223	239	259	293	202
AT5G47635	4	9	5	10	4	3
AT5G47640	1041	862	799	753	1385	766
AT5G47650	416	364	316	254	314	329
AT5G47660	216	161	144	148	174	138
AT5G47670	2	4	2	5	2	5
AT5G47680	742	626	591	629	660	579
AT5G47690	4786	3751	3617	3039	4556	4348
AT5G47700	1670	1905	1560	2026	1807	1379
AT5G47710	492	472	368	457	505	408
AT5G47720	375	274	251	329	400	489
AT5G47730	728	578	524	696	1087	819
AT5G47740	11	3	0	1	5	13
AT5G47750	1085	1005	1056	1040	1205	1073
AT5G47760	544	519	547	408	530	470
AT5G47770	1589	1526	1659	1376	1781	1535
AT5G47780	2942	2374	2790	2263	2642	3118
AT5G47790	326	373	381	290	402	328
AT5G47800	86	90	92	112	159	115
AT5G47810	211	189	168	162	220	158
AT5G47820	2051	1788	1807	1604	2323	2125
AT5G47830	241	222	157	174	210	191
AT5G47840	3655	3212	3209	2793	3008	2855
AT5G47850	1913	1785	1078	1342	2347	1262
AT5G47860	1790	1418	1342	1558	1910	1727
AT5G47870	555	512	566	465	566	476
AT5G47880	1311	1159	982	1172	1525	1330
AT5G47890	1371	1321	1296	1367	1328	1249
AT5G47900	312	311	254	297	233	210
AT5G47910	14110	12483	10488	15310	21424	18815
AT5G47920	20	14	5	16	9	13
AT5G47930	2082	2444	2380	2925	2951	1887
AT5G47940	301	229	273	267	291	309
AT5G47950	0	1	0	0	0	1
AT5G47960	413	297	292	564	697	565
AT5G47970	456	414	415	472	591	460
AT5G47980	0	1	0	0	0	0
AT5G47990	1	1	0	3	0	3
AT5G48000	1	1	2	6	2	9
AT5G48010	1	0	1	7	0	9
AT5G48020	1227	1066	1109	1119	1187	1110
AT5G48030	799	711	711	885	1248	747
AT5G48040	87	81	85	85	93	103
AT5G48050	7	3	7	2	4	4
AT5G48060	37	43	27	69	79	116
AT5G48070	3	1	0	1	4	4
AT5G48090	9	3	7	3	13	4
AT5G48110	0	3	0	1	5	5
AT5G48120	710	673	665	666	1036	814
AT5G48150	1864	1671	1344	1455	1392	1452
AT5G48160	4266	3261	3216	2699	2915	3216
AT5G48170	38	44	34	30	22	42
AT5G48175	0	0	0	0	0	1
AT5G48180	1947	1649	1241	1989	2492	2631
AT5G48190	1	1	4	0	2	2
AT5G48220	1354	1268	1357	1194	1178	1122
AT5G48230	1441	1362	1328	1248	1355	1249
AT5G48240	358	324	314	519	566	373
AT5G48250	340	312	1457	811	1940	1179
AT5G48270	0	0	0	0	1	0
AT5G48290	12	11	13	18	41	25
AT5G48300	7303	6204	6560	6648	10018	8515
AT5G48310	108	98	84	55	101	129
AT5G48320	73	62	69	44	60	52
AT5G48330	215	226	218	251	359	295
AT5G48335	668	570	538	544	596	539
AT5G48340	367	275	267	258	305	315
AT5G48360	533	488	402	399	346	426
AT5G48370	563	516	569	493	616	526
AT5G48375	0	1	0	0	0	0
AT5G48380	11333	9611	10830	9843	16400	12215
AT5G48385	5247	4609	4691	4601	6176	5513
AT5G48390	13	9	7	7	15	17
AT5G48400	55	44	33	55	69	75
AT5G48410	39	29	12	38	43	64
AT5G48412	1576	1477	1406	1245	1191	1230
AT5G48430	11	8	0	5	12	0
AT5G48440	689	603	669	661	1067	725
AT5G48450	519	477	504	369	583	507
AT5G48460	644	491	642	443	496	661
AT5G48470	459	329	419	477	686	477
AT5G48480	391	394	387	494	443	457
AT5G48485	346	367	256	374	286	342
AT5G48490	517	554	246	396	127	321
AT5G48500	177	163	144	188	229	252
AT5G48510	0	0	0	0	0	1
AT5G48520	488	452	391	415	446	544
AT5G48530	267	206	141	153	153	220
AT5G48540	766	662	521	518	501	561
AT5G48545	665	622	619	487	593	537
AT5G48550	65	64	31	24	8	26
AT5G48560	84	54	77	89	133	137
AT5G48570	213	198	193	197	348	256
AT5G48575	0	0	0	0	1	2
AT5G48580	1408	1096	1071	1115	1228	1320
AT5G48590	1212	1024	1137	839	910	1000
AT5G48600	440	320	268	274	301	364
AT5G48610	397	283	345	270	378	339
AT5G48620	4283	3625	3860	2742	4578	3846
AT5G48630	392	339	416	348	419	348
AT5G48640	312	245	267	240	278	302
AT5G48650	35	26	13	23	20	23
AT5G48655	1066	1045	905	1160	1550	1073
AT5G48657	1669	1227	966	1637	2539	1992
AT5G48660	523	433	422	472	729	583
AT5G48670	22	37	20	28	40	31
AT5G48680	311	276	268	292	382	297
AT5G48690	16	15	8	21	41	33
AT5G48710	3	4	4	4	3	2
AT5G48720	258	188	244	241	255	242
AT5G48730	274	230	270	241	397	283
AT5G48740	23	19	24	23	30	25
AT5G48750	0	1	0	0	0	0
AT5G48760	996	1012	937	1068	1184	914
AT5G48770	177	172	159	152	216	186
AT5G48775	131	122	103	110	136	104
AT5G48780	70	54	22	51	66	39
AT5G48790	3285	2710	2887	2383	2436	2707
AT5G48800	229	188	159	196	164	185
AT5G48810	3894	3883	3505	3583	3731	3393
AT5G48820	45	33	23	24	22	25
AT5G48830	816	655	749	575	819	676
AT5G48840	331	309	320	271	341	299
AT5G48850	202	205	118	965	1886	1333
AT5G48860	0	0	0	0	1	0
AT5G48870	521	380	354	431	492	450
AT5G48880	2367	2159	1865	2419	2463	2623
AT5G48890	0	0	0	0	2	1
AT5G48900	1261	1008	726	778	415	756
AT5G48910	565	465	467	328	423	453
AT5G48920	33	37	24	25	51	46
AT5G48930	3598	3538	2656	2958	2911	2897
AT5G48940	6	6	1	2	2	5
AT5G48950	4	3	3	12	6	4
AT5G48953	0	0	0	1	0	0
AT5G48960	1236	885	1006	980	1397	1271
AT5G48970	470	419	446	488	694	480
AT5G48980	5	2	1	2	4	4
AT5G48990	151	126	110	146	145	144
AT5G49000	118	110	73	99	85	117
AT5G49010	106	88	86	117	114	85
AT5G49015	315	273	322	286	341	339
AT5G49020	551	490	477	494	615	504
AT5G49030	3561	3123	3331	2479	3427	3060
AT5G49060	268	203	229	196	235	272
AT5G49070	13	11	8	13	18	11
AT5G49100	615	498	408	288	205	311
AT5G49110	75	68	53	98	139	76
AT5G49120	21	22	4	14	17	4
AT5G49130	3	0	1	2	0	2
AT5G49138	3	0	1	1	0	2
AT5G49150	30	33	18	28	37	30
AT5G49152	38	40	25	34	45	48
AT5G49160	1069	870	761	698	976	941
AT5G49170	166	123	106	126	92	76
AT5G49180	0	1	0	0	1	0
AT5G49190	49	37	46	45	75	29
AT5G49200	6	7	3	7	7	5
AT5G49210	435	427	388	436	498	376
AT5G49215	416	415	487	350	361	357
AT5G49220	394	401	337	378	438	346
AT5G49230	391	306	277	301	310	308
AT5G49270	0	0	0	1	1	0
AT5G49280	1444	1242	901	1615	1878	2028
AT5G49290	32	44	52	40	51	53
AT5G49300	94	75	43	55	62	54
AT5G49310	1	0	1	0	2	0
AT5G49320	14	12	11	17	21	30
AT5G49330	20	16	22	14	39	22
AT5G49340	0	0	1	0	0	0
AT5G49350	0	0	1	1	3	0
AT5G49360	8843	8225	7847	4823	2794	5543
AT5G49370	10	10	8	6	16	10
AT5G49380	18	17	16	10	21	10
AT5G49390	101	72	83	65	67	101
AT5G49400	642	506	513	524	514	551
AT5G49410	129	119	117	163	215	136
AT5G49420	0	0	0	0	1	1
AT5G49430	917	764	908	662	899	872
AT5G49440	3659	3267	3078	2686	2850	2926
AT5G49448	777	749	609	533	366	588
AT5G49450	777	749	609	533	366	588
AT5G49460	1423	1288	1160	1121	1157	1306
AT5G49470	705	627	593	496	638	585
AT5G49480	1137	852	566	852	638	996
AT5G49500	148	99	105	129	144	141
AT5G49510	1038	798	794	967	1003	913
AT5G49520	1808	1454	1605	1632	1956	2220
AT5G49525	46	60	47	57	33	60
AT5G49530	798	598	574	700	800	790
AT5G49540	806	744	750	749	831	814
AT5G49550	187	193	167	203	165	144
AT5G49555	1254	1059	1029	952	1203	1203
AT5G49560	53	39	31	35	39	30
AT5G49570	1198	1100	1118	1083	1728	1254
AT5G49580	1065	841	806	726	881	895
AT5G49600	2	2	0	0	1	1
AT5G49610	167	132	135	129	158	124
AT5G49615	0	6	0	2	1	0
AT5G49620	1	1	3	2	2	1
AT5G49630	1713	1591	1489	1820	1754	2081
AT5G49640	817	876	904	877	945	697
AT5G49650	1927	1618	1769	1693	1708	1881
AT5G49660	986	834	850	898	1319	1210
AT5G49665	221	199	178	118	108	159
AT5G49680	273	233	201	222	423	311
AT5G49690	12	4	3	6	8	7
AT5G49700	50	41	20	35	38	41
AT5G49710	410	380	350	336	391	347
AT5G49720	10202	8752	8877	7772	8265	9571
AT5G49730	15326	13112	7748	5242	2499	5687
AT5G49740	6834	5765	3428	2166	1006	2412
AT5G49760	6509	5401	5441	5506	7737	6917
AT5G49770	3	0	0	3	4	4
AT5G49780	5	8	3	5	9	10
AT5G49800	34	36	35	40	33	59
AT5G49810	2074	1873	1936	1854	2356	2113
AT5G49820	1056	938	992	898	1006	1052
AT5G49830	1609	1469	1434	1400	1665	1591
AT5G49840	820	714	715	660	776	685
AT5G49850	3	1	5	10	12	5
AT5G49880	682	619	491	547	672	655
AT5G49890	1564	1278	1288	1308	1747	1593
AT5G49900	1084	938	1080	1054	1824	1534
AT5G49910	5533	4318	4907	4518	6782	5113
AT5G49920	5	3	6	7	11	7
AT5G49930	900	856	708	694	891	895
AT5G49940	2359	2008	2199	2091	2335	2102
AT5G49945	501	469	517	396	460	459
AT5G49950	570	441	455	509	644	566
AT5G49960	476	341	359	312	408	397
AT5G49970	2136	1814	1921	1705	2073	1949
AT5G49980	2736	2357	2452	1946	2620	2248
AT5G49990	364	290	275	337	427	362
AT5G50000	1748	1512	1477	1390	1344	1486
AT5G50010	109	96	80	98	85	84
AT5G50011	109	96	80	98	85	84
AT5G50012	109	96	80	98	85	84
AT5G50020	591	527	528	506	548	581
AT5G50030	2	0	0	0	1	0
AT5G50040	2	0	0	0	0	0
AT5G50060	1	2	2	4	0	4
AT5G50080	0	0	0	0	0	3
AT5G50090	41	34	32	46	61	47
AT5G50100	784	622	451	529	387	584
AT5G50110	242	189	198	210	258	205
AT5G50120	5	5	6	17	5	8
AT5G50130	157	106	146	204	252	196
AT5G50136	0	0	1	0	0	0
AT5G50140	4	0	0	0	0	0
AT5G50150	417	339	342	420	525	543
AT5G50160	1739	1441	1600	1708	2235	2478
AT5G50170	245	235	239	235	292	252
AT5G50175	0	0	0	1	1	0
AT5G50180	927	830	827	733	925	763
AT5G50200	644	503	451	587	648	464
AT5G50210	931	839	819	716	1007	797
AT5G50220	1	0	0	0	0	0
AT5G50230	604	446	412	401	532	467
AT5G50240	128	113	97	118	200	91
AT5G50250	2205	1643	1952	1709	2074	2221
AT5G50260	11	9	7	24	23	15
AT5G50270	0	0	0	1	0	0
AT5G50280	570	519	525	412	517	528
AT5G50290	14	7	5	9	18	9
AT5G50300	2	0	2	0	0	3
AT5G50310	1225	968	857	934	1029	1083
AT5G50320	771	677	699	741	862	664
AT5G50330	217	187	213	197	173	238
AT5G50335	175	235	130	197	134	100
AT5G50340	613	481	439	510	565	575
AT5G50350	406	321	297	291	419	349
AT5G50360	8	7	7	10	9	18
AT5G50361	0	0	0	0	0	2
AT5G50370	521	378	348	447	447	447
AT5G50375	433	480	519	391	557	428
AT5G50380	1351	1067	1035	930	1140	1286
AT5G50390	152	129	129	143	149	133
AT5G50400	869	920	799	963	1037	1077
AT5G50410	255	265	260	287	312	248
AT5G50420	562	572	638	530	603	579
AT5G50430	1257	1080	1065	1083	1334	1346
AT5G50440	161	159	181	191	195	185
AT5G50450	833	714	1312	657	719	998
AT5G50460	1062	1074	1063	1423	1549	1099
AT5G50470	0	0	0	1	0	0
AT5G50520	269	329	408	478	550	392
AT5G50530	549	527	487	681	473	430
AT5G50540	14	59	46	69	34	19
AT5G50550	207	196	143	156	73	232
AT5G50560	2	7	0	3	1	3
AT5G50562	3	7	1	6	8	5
AT5G50565	131	256	199	177	325	211
AT5G50570	1633	1433	1102	1757	1553	1399
AT5G50580	479	547	179	633	374	630
AT5G50590	1	1	3	0	0	2
AT5G50600	0	0	0	3	0	0
AT5G50610	0	1	0	1	2	1
AT5G50630	426	357	376	482	385	414
AT5G50640	588	388	608	595	626	868
AT5G50645	82	28	50	25	76	84
AT5G50650	114	118	168	261	252	122
AT5G50660	5	0	1	2	0	0
AT5G50665	367	135	230	397	161	231
AT5G50670	1499	1350	1287	1667	1263	1506
AT5G50680	364	181	624	293	387	255
AT5G50690	3	0	0	3	0	0
AT5G50700	2	0	0	2	0	0
AT5G50710	0	0	0	2	1	1
AT5G50720	116	111	94	154	234	241
AT5G50740	748	564	531	375	343	564
AT5G50750	3	5	1	7	5	1
AT5G50760	8	10	10	4	3	18
AT5G50770	0	0	0	2	0	0
AT5G50780	570	471	489	523	600	603
AT5G50790	1	0	0	1	2	0
AT5G50800	73	65	35	164	261	279
AT5G50810	487	469	427	605	632	406
AT5G50820	13	17	6	8	8	10
AT5G50830	1	0	0	0	0	0
AT5G50840	512	451	452	452	503	507
AT5G50850	3975	3669	3650	3608	4328	3719
AT5G50860	997	858	817	787	885	988
AT5G50870	1079	971	814	1049	989	1002
AT5G50890	266	254	219	211	266	282
AT5G50900	1079	897	876	856	1071	1196
AT5G50915	997	767	1018	345	327	504
AT5G50920	61275	50185	50338	40852	44302	53576
AT5G50930	32	36	40	42	43	33
AT5G50940	86	49	40	43	50	69
AT5G50950	11590	11232	10626	9756	8444	11552
AT5G50960	1319	1169	1214	1292	1483	1113
AT5G50970	365	359	310	289	305	370
AT5G50990	85	52	62	51	56	84
AT5G51010	1905	1750	1929	1799	1975	1617
AT5G51020	1930	1609	1617	1322	1359	1453
AT5G51030	9	12	10	3	5	8
AT5G51040	660	652	575	693	675	713
AT5G51050	432	329	356	419	487	491
AT5G51060	32	30	18	73	46	67
AT5G51070	10180	8738	9098	12213	17143	14438
AT5G51080	125	90	75	88	130	104
AT5G51100	569	413	475	429	638	473
AT5G51105	2	3	0	4	2	1
AT5G51110	5039	4394	4625	4090	4492	4119
AT5G51120	699	579	558	585	756	766
AT5G51130	151	111	114	155	173	115
AT5G51140	1019	837	851	726	831	786
AT5G51150	724	638	635	617	655	599
AT5G51160	2	9	1	3	4	3
AT5G51170	170	161	163	156	169	126
AT5G51174	3	1	1	3	9	9
AT5G51180	917	728	777	688	812	779
AT5G51190	4736	3603	3203	4213	4243	4645
AT5G51200	1535	1328	1238	1147	1691	1479
AT5G51210	3	4	3	4	1	2
AT5G51220	361	283	286	354	543	367
AT5G51230	832	777	779	765	955	820
AT5G51260	252	242	193	190	219	206
AT5G51270	5	3	1	3	1	1
AT5G51280	704	622	667	668	866	679
AT5G51290	1095	991	938	1002	1299	1054
AT5G51300	1537	1408	1401	1500	1855	1551
AT5G51310	22	17	13	8	21	17
AT5G51330	9	7	4	6	2	8
AT5G51340	961	906	875	883	1261	1016
AT5G51350	176	188	192	176	315	198
AT5G51370	318	283	280	243	281	272
AT5G51380	93	78	61	60	87	82
AT5G51390	283	233	226	195	119	233
AT5G51400	1770	1683	1582	1494	1580	1553
AT5G51410	795	699	637	692	798	682
AT5G51420	0	2	0	0	0	2
AT5G51430	1568	1333	1490	1230	1700	1513
AT5G51440	13	17	17	99	106	24
AT5G51450	476	471	434	457	627	516
AT5G51451	21	24	32	23	30	36
AT5G51460	400	317	258	277	244	354
AT5G51470	5	4	6	6	17	8
AT5G51480	96	68	74	39	107	91
AT5G51510	465	416	399	493	560	425
AT5G51530	7	6	5	7	7	8
AT5G51540	225	157	166	185	287	201
AT5G51545	1027	785	999	735	901	913
AT5G51550	1507	1258	1766	1203	1258	1704
AT5G51560	513	476	423	424	501	416
AT5G51570	986	923	1324	1392	2092	1417
AT5G51580	30	37	37	47	50	44
AT5G51590	79	91	58	91	129	106
AT5G51600	184	138	150	106	176	197
AT5G51610	2	4	2	1	0	0
AT5G51620	719	607	582	563	753	606
AT5G51630	326	296	293	275	496	331
AT5G51640	588	441	462	447	646	641
AT5G51660	797	696	754	776	1166	864
AT5G51670	124	96	83	70	55	101
AT5G51680	418	334	339	317	380	315
AT5G51690	728	631	612	489	680	634
AT5G51700	410	348	344	312	361	371
AT5G51710	431	411	355	384	489	468
AT5G51720	789	863	705	848	507	695
AT5G51730	381	320	301	238	330	266
AT5G51740	275	240	231	280	325	276
AT5G51750	814	721	565	586	639	680
AT5G51760	5	1	3	0	0	0
AT5G51770	153	149	164	133	374	223
AT5G51780	6	4	6	5	7	7
AT5G51790	79	104	134	74	83	126
AT5G51795	48	37	55	32	43	49
AT5G51800	3	2	4	3	7	7
AT5G51810	3	9	4	1	4	0
AT5G51820	3410	2958	4366	3213	5676	4074
AT5G51830	515	455	520	579	678	568
AT5G51840	513	391	388	399	441	418
AT5G51850	65	41	31	27	22	38
AT5G51860	0	0	0	2	0	0
AT5G51870	5	0	0	2	0	2
AT5G51880	666	510	511	583	563	594
AT5G51890	144	129	142	144	154	172
AT5G51900	1	0	0	0	0	0
AT5G51910	108	73	54	44	57	61
AT5G51920	28	30	36	57	99	88
AT5G51930	0	0	0	0	2	1
AT5G51940	615	468	503	613	700	553
AT5G51950	11	13	2	5	3	7
AT5G51960	239	239	242	286	285	189
AT5G51970	3531	3176	3648	2345	3200	2590
AT5G51980	857	806	770	737	1041	940
AT5G51990	167	145	191	105	247	141
AT5G52000	3	5	6	2	1	7
AT5G52010	588	388	451	368	500	543
AT5G52020	273	211	292	265	309	329
AT5G52030	583	479	474	432	577	481
AT5G52040	3178	2439	2171	2365	2632	2690
AT5G52050	5221	4634	3838	3933	6228	5563
AT5G52060	2266	1972	1458	1690	1504	1727
AT5G52070	262	173	186	228	303	253
AT5G52100	1196	1034	1249	892	1069	989
AT5G52110	568	534	593	550	613	506
AT5G52120	353	295	232	215	265	250
AT5G52170	21	15	6	20	24	8
AT5G52180	339	295	316	283	304	327
AT5G52190	430	354	456	292	376	354
AT5G52200	813	671	649	691	870	801
AT5G52210	594	444	471	489	614	544
AT5G52220	23	28	29	26	23	12
AT5G52230	344	229	236	201	305	269
AT5G52240	2742	2618	2399	2756	3125	2606
AT5G52250	123	108	83	97	66	114
AT5G52260	0	0	0	0	0	3
AT5G52270	4	2	5	1	12	6
AT5G52280	778	596	665	543	570	832
AT5G52290	15	11	11	5	8	15
AT5G52300	45	43	11	23	24	33
AT5G52310	9947	7977	8506	11138	14665	16623
AT5G52320	1891	1596	1316	1735	2112	2261
AT5G52330	1	1	7	0	2	3
AT5G52340	15	10	10	13	14	26
AT5G52370	441	414	435	445	563	370
AT5G52380	159	111	109	171	205	153
AT5G52390	127	131	95	175	145	178
AT5G52400	45	45	11	43	17	55
AT5G52410	384	298	320	330	469	453
AT5G52420	485	349	284	295	377	329
AT5G52430	637	506	566	468	645	616
AT5G52440	3983	3107	3300	2873	3020	3462
AT5G52450	738	774	637	986	1302	924
AT5G52470	2903	2828	2310	3437	3678	2604
AT5G52510	1092	912	701	888	927	1021
AT5G52520	1803	1343	1435	1255	1513	1415
AT5G52530	2977	2439	2286	2213	3507	2878
AT5G52540	1641	1566	1599	1741	2543	1818
AT5G52545	64	53	61	53	73	55
AT5G52547	27	29	15	39	44	27
AT5G52550	725	580	539	637	699	811
AT5G52552	725	580	539	637	699	811
AT5G52560	1126	986	876	992	1082	1098
AT5G52570	219	166	53	84	24	64
AT5G52580	1932	1542	1501	1501	1781	1878
AT5G52600	22	14	4	11	10	6
AT5G52630	115	79	82	100	105	110
AT5G52640	277	248	263	367	742	412
AT5G52650	2850	2828	2485	3207	3171	2625
AT5G52660	380	320	287	320	322	347
AT5G52680	1	0	0	0	0	0
AT5G52710	5	8	6	5	7	8
AT5G52720	51	31	17	37	80	30
AT5G52730	10	8	8	14	14	9
AT5G52740	61	56	44	101	171	115
AT5G52750	7134	6354	5212	8242	10812	7613
AT5G52760	2632	2382	2044	3936	6388	3527
AT5G52770	3	1	3	3	9	3
AT5G52780	809	708	769	623	966	591
AT5G52790	23	13	20	18	28	31
AT5G52800	38	37	35	30	52	44
AT5G52810	591	501	439	623	1051	726
AT5G52820	978	830	765	901	1181	882
AT5G52830	42	45	50	33	33	27
AT5G52840	1989	1961	1989	2218	2340	2110
AT5G52850	91	83	99	92	174	92
AT5G52860	101	89	46	103	96	107
AT5G52870	351	306	247	239	370	258
AT5G52880	411	300	308	349	428	389
AT5G52882	1574	1190	1872	1374	1569	2033
AT5G52890	138	120	83	119	104	85
AT5G52900	301	302	158	158	67	120
AT5G52910	228	198	144	130	156	157
AT5G52920	3569	3144	3037	3122	3591	3271
AT5G52930	46	59	55	53	43	53
AT5G52940	14	12	16	34	22	18
AT5G52950	118	95	91	82	136	118
AT5G52960	1301	1028	1086	820	869	834
AT5G52965	1	0	0	0	0	0
AT5G52970	1747	1565	1796	1457	1367	1318
AT5G52975	0	0	1	0	0	0
AT5G52980	265	209	207	292	332	272
AT5G52990	57	55	38	45	61	57
AT5G53000	974	779	832	804	883	1022
AT5G53010	613	474	470	524	725	622
AT5G53020	471	346	388	322	477	446
AT5G53030	98	60	85	90	105	107
AT5G53045	165	160	144	191	180	146
AT5G53048	1378	1199	1103	1096	1570	1365
AT5G53050	2485	2112	1791	1708	2537	2317
AT5G53060	720	739	630	702	974	716
AT5G53070	269	289	280	335	431	266
AT5G53080	217	189	189	202	273	214
AT5G53090	93	98	86	104	138	88
AT5G53100	3	2	2	4	0	1
AT5G53110	86	88	67	144	153	144
AT5G53120	1224	1088	758	1498	1372	1571
AT5G53130	3240	2774	2689	2343	2924	2864
AT5G53140	4321	3474	3625	3529	4669	4472
AT5G53144	11	8	13	4	24	8
AT5G53150	631	468	492	448	802	592
AT5G53160	1880	1640	1708	1509	1805	1261
AT5G53170	3398	2913	2763	2161	3256	2651
AT5G53180	614	624	656	646	774	567
AT5G53200	30	17	6	13	10	11
AT5G53210	71	53	32	56	49	66
AT5G53220	310	182	222	174	239	294
AT5G53230	0	0	0	3	0	0
AT5G53240	1	1	0	0	0	0
AT5G53250	10	9	11	6	10	6
AT5G53280	299	280	270	266	310	277
AT5G53290	153	125	80	115	121	130
AT5G53300	14344	12571	10967	12646	13738	13233
AT5G53310	1378	1053	1042	1110	1275	1237
AT5G53320	25	22	9	22	16	22
AT5G53330	890	837	797	944	985	871
AT5G53340	571	459	437	434	559	590
AT5G53350	4801	4016	3669	3456	4318	4588
AT5G53360	282	266	237	299	419	304
AT5G53370	2947	2480	1967	2206	2774	3034
AT5G53390	0	1	3	0	2	0
AT5G53400	561	490	401	578	831	536
AT5G53420	1086	830	739	1565	2887	1739
AT5G53430	386	321	359	304	441	416
AT5G53440	1533	1195	1133	1027	1340	1327
AT5G53450	3751	3051	3150	1944	3454	2383
AT5G53460	15333	12877	14161	11010	16955	13933
AT5G53470	410	429	429	424	458	421
AT5G53480	4540	3672	3942	3227	4227	4348
AT5G53486	68	78	62	74	63	54
AT5G53490	5270	4084	4723	3693	4076	4479
AT5G53500	1420	1284	1570	1015	1244	1412
AT5G53520	0	0	0	0	0	1
AT5G53530	926	724	818	767	1002	834
AT5G53540	857	787	798	782	1023	915
AT5G53550	2533	2312	2382	2677	4472	2909
AT5G53560	3651	3270	3037	3388	3342	3075
AT5G53570	2068	1812	1886	1860	2535	2144
AT5G53580	1554	1426	1597	1194	1670	1227
AT5G53588	246	210	187	306	423	358
AT5G53590	246	210	187	306	423	358
AT5G53592	35	27	33	45	22	22
AT5G53600	0	1	0	3	0	0
AT5G53620	1285	1170	1235	1212	1537	1248
AT5G53650	252	297	261	331	355	201
AT5G53660	19	14	5	7	15	10
AT5G53670	0	0	0	0	2	0
AT5G53680	2	1	0	0	1	0
AT5G53700	2	3	2	7	4	5
AT5G53710	0	1	0	0	0	0
AT5G53720	0	0	0	0	0	1
AT5G53730	135	112	121	177	309	352
AT5G53740	25	34	28	21	27	38
AT5G53742	2	0	0	0	1	0
AT5G53750	614	476	345	677	1187	927
AT5G53760	331	269	206	261	283	291
AT5G53770	381	293	269	340	462	345
AT5G53800	607	438	443	468	516	585
AT5G53810	84	79	63	93	101	79
AT5G53820	15	12	14	13	15	21
AT5G53830	525	340	302	520	801	630
AT5G53850	2389	2059	2154	2083	2503	2302
AT5G53860	2152	1948	2077	1702	1955	1744
AT5G53870	148	133	78	251	325	336
AT5G53880	988	687	865	648	957	995
AT5G53890	397	330	381	376	459	406
AT5G53895	11	9	7	3	16	15
AT5G53900	449	425	387	420	477	334
AT5G53902	15	30	28	28	29	18
AT5G53905	15	30	28	28	29	18
AT5G53920	91	98	83	117	201	99
AT5G53930	402	305	319	306	336	337
AT5G53940	602	504	537	560	633	566
AT5G53950	5	10	1	5	6	6
AT5G53970	652	539	264	352	177	348
AT5G53980	4	4	1	4	2	3
AT5G53990	2	1	1	3	3	4
AT5G54020	4	1	1	4	2	2
AT5G54030	1	1	1	2	0	4
AT5G54040	1	0	1	1	4	0
AT5G54050	1	0	0	0	0	0
AT5G54060	101	96	47	359	2066	803
AT5G54067	2	1	2	1	3	1
AT5G54070	24	22	27	32	12	22
AT5G54075	24	22	27	32	12	22
AT5G54080	1236	1116	959	976	986	1007
AT5G54090	493	470	463	419	481	420
AT5G54095	0	1	1	0	8	2
AT5G54100	279	188	172	370	398	238
AT5G54110	1433	1105	811	1111	1072	1181
AT5G54130	189	160	80	115	108	105
AT5G54140	131	117	106	139	175	160
AT5G54145	124	172	199	100	92	91
AT5G54148	25	14	33	20	31	16
AT5G54150	0	2	0	1	0	0
AT5G54160	5056	4492	3356	3820	2571	4127
AT5G54165	13	12	10	31	26	26
AT5G54170	4377	3515	2759	3053	4040	3567
AT5G54180	295	319	359	270	361	258
AT5G54190	1110	834	564	545	75	518
AT5G54200	513	458	399	345	319	435
AT5G54230	3	2	4	7	3	3
AT5G54240	32	24	22	29	95	49
AT5G54250	1295	1094	1138	1378	1904	1658
AT5G54260	239	174	188	146	153	181
AT5G54270	194736	206835	179672	142174	75797	131410
AT5G54280	1105	934	805	1033	840	1052
AT5G54290	2183	1895	2028	1717	2238	1933
AT5G54300	477	342	268	228	237	327
AT5G54310	3301	2694	2481	2387	2614	2914
AT5G54370	0	1	1	2	2	0
AT5G54380	2142	1726	2511	1746	3050	3042
AT5G54390	3317	2977	2733	2618	3108	2817
AT5G54400	18	20	10	16	10	24
AT5G54410	0	0	0	0	2	0
AT5G54430	1846	1665	1451	1766	1972	1835
AT5G54440	1686	1492	1531	1355	1722	1695
AT5G54450	2	0	0	3	3	0
AT5G54470	394	309	137	237	59	266
AT5G54490	1417	1377	1071	1530	1487	1209
AT5G54500	3955	2883	3240	3571	4028	4162
AT5G54510	624	564	473	621	641	691
AT5G54520	147	94	123	131	140	156
AT5G54530	161	148	122	100	96	106
AT5G54540	3395	3499	3294	3075	2711	2790
AT5G54550	1	0	0	0	1	0
AT5G54560	0	0	1	5	3	0
AT5G54569	115	93	83	102	111	107
AT5G54570	71	61	54	75	68	71
AT5G54580	709	596	602	822	822	644
AT5G54585	331	297	205	169	49	128
AT5G54590	297	277	243	305	333	267
AT5G54600	8572	6964	7642	5797	6366	6579
AT5G54610	846	758	654	684	1284	910
AT5G54620	5	7	3	1	2	2
AT5G54630	708	511	529	435	309	445
AT5G54640	315	339	278	297	315	304
AT5G54650	416	371	363	388	532	454
AT5G54660	221	178	160	259	288	284
AT5G54670	203	181	144	190	188	192
AT5G54680	2949	2630	2468	2750	3176	2818
AT5G54690	24	24	13	29	26	53
AT5G54700	24	25	35	36	73	22
AT5G54710	4373	3742	3722	5376	9823	6556
AT5G54720	942	738	667	843	1950	1442
AT5G54730	1529	1273	1184	1336	1940	1637
AT5G54750	644	625	596	700	662	689
AT5G54760	3268	2996	3094	3378	3952	3237
AT5G54770	72118	71198	88298	77188	121575	87459
AT5G54780	302	252	254	258	289	292
AT5G54800	888	839	796	901	1009	817
AT5G54810	16193	13837	10892	10506	10068	11610
AT5G54830	723	597	589	572	705	745
AT5G54840	240	183	174	278	284	268
AT5G54850	172	167	130	146	189	131
AT5G54855	540	514	400	511	511	454
AT5G54860	898	773	761	930	1754	1009
AT5G54870	1150	1009	907	940	1230	1097
AT5G54880	98	79	75	65	102	89
AT5G54890	207	171	218	174	257	184
AT5G54900	1445	1368	1274	1688	2019	1405
AT5G54910	281	213	242	311	405	275
AT5G54920	416	311	291	274	406	341
AT5G54930	202	184	322	292	506	379
AT5G54940	16571	12412	12606	14922	18059	19006
AT5G54950	1	2	1	1	5	3
AT5G54960	5851	5253	6348	8170	7351	8194
AT5G54970	262	276	222	270	333	176
AT5G54980	582	546	546	489	532	500
AT5G54990	0	1	2	0	0	0
AT5G55000	421	390	375	470	505	441
AT5G55010	11	14	10	21	37	13
AT5G55020	2	4	1	1	0	3
AT5G55040	1684	1399	1502	1385	1684	1873
AT5G55050	342	292	323	482	668	705
AT5G55060	706	587	557	527	725	615
AT5G55070	2370	2236	2078	2743	3496	2691
AT5G55090	6	5	8	10	26	21
AT5G55100	1627	1354	1442	1360	2010	1516
AT5G55110	1	0	0	0	0	0
AT5G55120	1456	1365	850	1067	1311	1179
AT5G55125	321	274	246	302	377	261
AT5G55130	657	638	601	655	886	613
AT5G55140	449	483	403	553	612	408
AT5G55150	3	0	3	90	147	126
AT5G55160	1828	1768	1574	1782	2006	1580
AT5G55170	43	44	42	60	125	59
AT5G55180	461	385	381	335	315	456
AT5G55190	2880	2981	2654	3172	3271	2859
AT5G55200	223	203	222	354	336	310
AT5G55210	658	574	561	585	771	659
AT5G55220	4042	3130	3695	2752	3308	3399
AT5G55230	2965	2535	3208	2482	2851	3144
AT5G55250	85	67	31	50	42	39
AT5G55260	487	428	409	387	516	366
AT5G55270	2	0	0	4	4	3
AT5G55280	1892	1713	1823	1926	2219	1665
AT5G55290	742	749	758	788	837	726
AT5G55300	1899	1555	1389	1231	1674	1563
AT5G55310	1458	1219	1057	1018	1367	1365
AT5G55330	0	2	2	0	0	0
AT5G55340	26	19	12	15	5	21
AT5G55350	0	1	0	1	0	3
AT5G55370	1	0	0	1	1	0
AT5G55380	74	86	70	62	61	61
AT5G55390	1712	1451	1268	1368	2089	1831
AT5G55400	599	477	460	493	508	554
AT5G55410	4	4	7	12	13	10
AT5G55430	0	0	0	0	0	2
AT5G55440	0	1	1	2	4	0
AT5G55450	1121	1182	994	1180	2054	1129
AT5G55460	510	476	465	505	741	467
AT5G55470	114	84	83	78	111	93
AT5G55480	575	556	613	500	608	567
AT5G55490	32	40	37	49	44	34
AT5G55500	788	672	649	646	794	797
AT5G55507	0	0	3	1	0	4
AT5G55510	279	247	293	297	303	259
AT5G55520	154	124	111	67	132	158
AT5G55530	970	932	939	868	1052	848
AT5G55540	815	665	662	519	716	772
AT5G55550	486	407	473	435	475	460
AT5G55560	258	218	155	319	299	235
AT5G55570	9	14	11	10	7	4
AT5G55580	420	448	467	404	441	364
AT5G55590	4	4	2	18	6	9
AT5G55600	1430	1142	1235	986	1443	1393
AT5G55610	864	777	710	885	923	859
AT5G55620	610	524	427	587	380	372
AT5G55630	799	733	769	732	728	802
AT5G55640	261	236	200	235	242	195
AT5G55650	0	3	4	0	0	0
AT5G55660	2271	1708	1605	1404	1632	2099
AT5G55670	907	767	679	732	764	862
AT5G55680	5	7	13	4	11	23
AT5G55690	0	1	0	0	0	0
AT5G55700	694	606	565	535	554	492
AT5G55710	1438	1330	1465	1143	1339	1191
AT5G55720	44	47	32	30	24	32
AT5G55730	819	823	570	562	446	704
AT5G55740	463	400	497	290	434	361
AT5G55750	4	0	1	0	0	0
AT5G55760	131	117	112	140	151	101
AT5G55780	3	0	3	0	0	2
AT5G55790	223	210	232	176	179	172
AT5G55810	178	150	126	126	177	165
AT5G55820	224	155	133	117	187	204
AT5G55830	33	18	21	23	33	47
AT5G55840	197	215	208	162	259	228
AT5G55850	2315	2125	1965	2186	2908	2227
AT5G55860	1139	940	811	905	1020	1014
AT5G55893	2	0	1	2	1	1
AT5G55900	105	89	77	85	98	88
AT5G55910	2256	2119	2204	1941	1903	1856
AT5G55920	905	667	652	906	1324	858
AT5G55930	550	500	610	512	450	532
AT5G55940	1019	935	950	913	1020	894
AT5G55950	41	35	37	42	87	57
AT5G55960	1333	1168	1298	1090	1402	1344
AT5G55970	722	749	496	482	317	349
AT5G55990	1355	1093	1325	1049	1415	1239
AT5G56000	600	550	592	702	1016	746
AT5G56010	4006	3463	3648	5024	8992	5263
AT5G56020	319	310	278	271	298	279
AT5G56030	4138	3698	3912	5351	8654	4918
AT5G56040	593	470	579	548	1086	686
AT5G56050	29	37	22	31	57	42
AT5G56060	0	2	0	0	2	2
AT5G56090	223	195	184	209	257	255
AT5G56100	345	266	216	140	91	116
AT5G56120	167	139	116	80	161	150
AT5G56130	368	328	301	326	423	371
AT5G56140	2218	2150	2179	1856	2261	2001
AT5G56150	1220	990	871	1254	1367	1259
AT5G56160	203	194	152	157	192	197
AT5G56170	3690	3356	3211	3379	4103	3741
AT5G56180	959	867	809	779	725	826
AT5G56190	993	932	825	907	1025	881
AT5G56200	0	0	2	3	5	2
AT5G56210	782	547	472	400	450	501
AT5G56220	222	180	158	128	138	139
AT5G56230	60	69	88	58	95	61
AT5G56240	1388	1086	1169	1025	1246	1413
AT5G56250	1173	939	885	924	1080	1201
AT5G56260	1677	1374	1336	1429	1819	1504
AT5G56270	801	701	636	647	884	879
AT5G56280	685	625	600	628	753	630
AT5G56290	2018	1750	1598	1436	1812	1593
AT5G56300	13	6	6	11	2	5
AT5G56310	72	62	88	77	105	61
AT5G56320	22	33	18	6	29	19
AT5G56325	1	0	0	0	0	0
AT5G56340	1187	1061	1101	1232	1543	1236
AT5G56350	1761	1780	1721	2390	2600	2147
AT5G56360	1962	1476	1523	1502	1832	1844
AT5G56369	0	0	0	1	0	0
AT5G56370	60	42	58	53	41	41
AT5G56380	520	505	514	569	558	450
AT5G56420	141	149	112	125	130	129
AT5G56440	0	0	1	0	0	0
AT5G56450	114	94	105	93	109	113
AT5G56460	120	94	88	112	184	132
AT5G56490	65	34	29	59	47	74
AT5G56500	660	537	414	614	739	628
AT5G56510	0	2	0	19	10	14
AT5G56520	198	172	192	196	258	220
AT5G56530	293	252	186	243	323	304
AT5G56540	10	13	11	15	10	10
AT5G56550	258	183	160	101	122	160
AT5G56570	0	0	1	0	0	0
AT5G56580	86	80	69	78	132	100
AT5G56590	323	300	236	238	262	241
AT5G56600	688	703	639	787	882	759
AT5G56610	199	167	170	191	271	190
AT5G56620	6	2	4	3	3	2
AT5G56630	1080	898	913	1150	1424	1425
AT5G56650	847	800	754	792	1040	781
AT5G56660	835	824	738	657	838	845
AT5G56670	2594	2131	1908	2234	2619	2198
AT5G56680	1846	1699	1694	2072	2539	1810
AT5G56700	7	8	7	4	6	7
AT5G56710	4154	3312	2851	3474	4102	3508
AT5G56720	33	23	16	44	61	63
AT5G56730	596	544	479	404	527	485
AT5G56740	452	380	280	385	515	345
AT5G56750	890	750	807	693	703	753
AT5G56760	2370	2200	1828	2176	2046	2253
AT5G56770	1	0	0	0	0	0
AT5G56780	176	148	123	134	169	140
AT5G56790	392	346	342	447	522	396
AT5G56795	95	88	35	142	93	147
AT5G56800	2	0	0	0	2	1
AT5G56810	31	38	22	34	29	21
AT5G56840	70	73	61	46	41	36
AT5G56850	1706	1265	1089	888	888	1164
AT5G56860	394	336	219	188	137	178
AT5G56870	2027	1975	1502	854	1031	714
AT5G56880	12	13	8	8	5	16
AT5G56890	1556	1227	1005	1103	1012	1364
AT5G56900	950	822	733	729	909	809
AT5G56910	278	278	309	317	369	248
AT5G56930	343	288	251	245	288	248
AT5G56940	565	503	463	588	643	526
AT5G56950	1171	958	1073	1169	1401	1084
AT5G56960	34	49	33	34	69	44
AT5G56970	4	7	7	6	2	6
AT5G56975	0	0	0	1	0	0
AT5G56980	5015	3906	2483	3634	5242	5190
AT5G56990	128	104	79	97	90	114
AT5G57000	242	210	211	203	230	205
AT5G57010	352	303	235	260	403	254
AT5G57015	1385	1163	1105	1335	1607	1585
AT5G57020	1917	1677	1698	1499	1614	1655
AT5G57030	2173	1886	1798	1443	1740	1686
AT5G57035	1459	1286	1380	1294	2354	1679
AT5G57040	3507	3086	2670	2416	2270	2697
AT5G57050	418	350	247	340	418	377
AT5G57060	350	308	311	336	421	349
AT5G57070	434	412	341	482	604	648
AT5G57080	36	23	30	47	54	38
AT5G57090	6	4	3	4	4	4
AT5G57100	561	468	528	489	749	654
AT5G57110	1375	1172	3856	2581	5936	4452
AT5G57120	1234	1020	857	978	1076	874
AT5G57123	61	41	60	34	68	52
AT5G57130	414	330	303	454	866	683
AT5G57140	197	167	140	156	192	187
AT5G57150	700	674	535	927	1023	1056
AT5G57160	719	620	534	520	736	600
AT5G57170	501	424	429	355	345	337
AT5G57180	1320	968	834	860	642	858
AT5G57181	1	0	0	0	3	0
AT5G57190	72	78	58	73	124	79
AT5G57200	0	0	0	0	1	0
AT5G57210	529	433	440	395	447	445
AT5G57220	3049	2659	1926	2362	2288	1800
AT5G57230	165	137	162	188	259	144
AT5G57240	162	110	114	112	137	129
AT5G57250	497	368	403	337	466	391
AT5G57270	670	622	640	603	840	638
AT5G57280	310	216	252	317	423	238
AT5G57290	1679	2413	2000	2516	2526	1518
AT5G57300	483	405	379	399	434	420
AT5G57310	3	2	3	6	3	8
AT5G57320	90	68	60	41	80	72
AT5G57330	2266	1941	1718	1952	2040	2150
AT5G57340	1065	858	705	672	535	744
AT5G57345	4946	4735	3207	3948	1774	3873
AT5G57350	5094	4504	4503	3754	5159	5009
AT5G57360	1536	1374	1210	1150	1307	1399
AT5G57370	299	280	297	321	379	292
AT5G57380	0	0	0	0	0	1
AT5G57390	95	61	62	86	116	90
AT5G57400	4	1	0	0	0	0
AT5G57410	275	232	236	222	253	261
AT5G57420	4	2	0	0	0	0
AT5G57440	728	630	694	585	594	586
AT5G57450	19	21	13	16	11	12
AT5G57460	1304	1155	1224	1111	1236	1424
AT5G57480	167	148	128	183	249	240
AT5G57490	1585	1267	1238	1283	1552	1356
AT5G57500	32	34	29	46	53	46
AT5G57510	115	96	66	107	129	131
AT5G57520	9	2	1	2	2	5
AT5G57540	0	0	0	0	0	1
AT5G57550	279	214	495	257	481	522
AT5G57560	31095	26493	29076	30976	37369	37999
AT5G57565	332	303	377	323	360	338
AT5G57567	4	2	3	1	7	2
AT5G57570	21	15	11	22	19	7
AT5G57580	3076	2554	2783	2401	3531	3124
AT5G57590	231	191	169	145	205	194
AT5G57610	1320	1146	1074	1044	1406	1438
AT5G57620	2	0	0	1	3	2
AT5G57630	2419	1839	3610	2262	2861	2721
AT5G57640	36	16	31	31	33	16
AT5G57650	1	1	2	1	0	2
AT5G57655	6328	5196	5251	3220	2514	3651
AT5G57660	7648	6893	4587	4507	2317	4985
AT5G57670	3	12	5	9	11	10
AT5G57685	175	118	110	162	133	198
AT5G57690	1	0	2	5	2	1
AT5G57700	668	533	545	505	667	597
AT5G57710	9491	7737	7763	6922	9508	9444
AT5G57720	2	1	0	2	0	2
AT5G57735	1	0	0	1	0	0
AT5G57740	283	315	229	220	300	272
AT5G57760	156	149	132	124	134	96
AT5G57770	104	84	76	70	82	68
AT5G57780	103	78	42	73	32	62
AT5G57785	34	36	20	50	33	57
AT5G57790	86	103	64	72	87	93
AT5G57800	1605	1469	1583	1360	1049	1645
AT5G57810	5	0	3	1	1	0
AT5G57815	1011	828	834	850	930	883
AT5G57820	0	3	2	2	2	4
AT5G57830	148	133	113	127	138	145
AT5G57840	93	79	87	109	108	140
AT5G57850	1536	1473	1703	1434	1832	1439
AT5G57860	363	328	282	321	393	333
AT5G57870	3580	3653	3475	3449	4491	3622
AT5G57880	468	461	447	442	473	445
AT5G57887	404	444	400	401	401	362
AT5G57890	273	243	245	270	314	230
AT5G57900	803	690	535	626	638	623
AT5G57910	343	306	229	325	362	285
AT5G57920	3	3	0	2	1	1
AT5G57930	3681	3375	3596	2790	3392	2893
AT5G57940	1944	1750	1856	1608	1837	1891
AT5G57950	266	201	202	253	277	264
AT5G57960	909	783	692	647	664	728
AT5G57970	160	154	125	144	161	111
AT5G57980	4	3	4	0	5	0
AT5G57990	2399	1945	1903	2273	2878	2521
AT5G58000	240	196	193	191	190	183
AT5G58003	350	254	301	243	321	304
AT5G58005	398	396	366	417	449	370
AT5G58010	0	0	1	1	0	0
AT5G58020	865	764	819	849	990	892
AT5G58030	698	688	675	819	877	699
AT5G58040	2195	1769	1684	1403	1928	2046
AT5G58050	0	2	1	0	2	4
AT5G58060	1782	1744	1754	1925	1900	1795
AT5G58070	5717	5181	4046	5027	4548	5690
AT5G58080	7	1	2	5	7	2
AT5G58090	2434	1860	2071	1807	2256	2635
AT5G58100	2058	1696	1723	1664	2115	1965
AT5G58110	1364	1256	1012	1384	1656	1255
AT5G58120	3991	3308	2575	3318	5834	4342
AT5G58130	763	618	546	642	720	667
AT5G58140	9654	8083	7577	6873	8967	9013
AT5G58150	698	542	591	513	762	613
AT5G58160	406	313	285	334	642	419
AT5G58170	1	1	0	0	0	0
AT5G58190	351	286	301	266	369	343
AT5G58200	2461	1757	1745	1742	1981	2244
AT5G58210	253	170	163	242	285	241
AT5G58220	1162	1132	1245	1223	1440	1139
AT5G58230	806	655	651	842	977	780
AT5G58240	561	494	481	529	627	540
AT5G58250	3709	3669	4161	3709	4006	3766
AT5G58260	1533	1336	1559	1046	1684	1100
AT5G58270	1308	978	1090	964	1271	1208
AT5G58280	8	6	6	6	6	6
AT5G58290	3459	3197	2973	3527	3889	3568
AT5G58300	436	338	331	327	449	456
AT5G58310	206	204	303	130	436	210
AT5G58320	359	287	217	231	246	308
AT5G58330	8775	7611	6838	6015	6465	7578
AT5G58340	224	181	150	124	182	194
AT5G58350	1624	1439	844	1064	1066	1308
AT5G58360	4	9	3	1	3	9
AT5G58370	359	288	275	352	495	289
AT5G58375	849	823	646	873	759	835
AT5G58380	417	368	314	320	381	323
AT5G58390	404	382	283	358	368	470
AT5G58400	2	2	2	4	0	1
AT5G58410	1470	1295	1195	1124	1682	1403
AT5G58420	3259	2800	2344	3012	3332	2609
AT5G58430	10314	8613	8738	9365	11561	10991
AT5G58440	1180	1050	939	992	1066	1151
AT5G58450	939	886	859	766	1086	941
AT5G58465	1	0	0	0	0	0
AT5G58470	927	880	796	871	962	858
AT5G58480	324	298	271	238	273	266
AT5G58490	1251	1109	1183	1296	1446	1362
AT5G58500	14	18	9	23	14	12
AT5G58510	968	883	791	839	1075	991
AT5G58520	437	443	403	415	416	446
AT5G58530	110	80	81	95	92	90
AT5G58540	549	455	434	460	495	533
AT5G58550	372	313	261	244	346	374
AT5G58560	1033	885	940	870	1024	928
AT5G58570	453	355	397	266	303	217
AT5G58575	327	320	268	240	302	290
AT5G58580	50	40	37	49	77	59
AT5G58590	607	485	449	594	701	622
AT5G58595	1	0	1	0	1	1
AT5G58600	410	357	462	461	516	498
AT5G58610	10	16	9	18	12	9
AT5G58620	1515	1354	1145	1342	1864	1583
AT5G58630	25	17	17	13	21	28
AT5G58640	977	809	685	830	915	888
AT5G58650	276	236	202	259	251	285
AT5G58660	10	7	9	10	30	26
AT5G58670	2362	2226	2537	1878	1846	2586
AT5G58680	744	585	429	588	837	757
AT5G58690	101	99	65	123	169	151
AT5G58700	209	160	114	152	158	201
AT5G58710	2286	1883	1749	2304	2877	2380
AT5G58720	3155	2740	2583	2638	3450	3723
AT5G58730	568	493	374	503	521	560
AT5G58740	986	870	870	890	920	924
AT5G58750	1	2	0	2	1	0
AT5G58760	114	113	72	77	100	104
AT5G58770	152	125	93	92	98	89
AT5G58780	1	2	4	3	9	0
AT5G58784	0	0	2	0	0	0
AT5G58787	953	784	820	871	1038	881
AT5G58790	91	85	97	89	97	114
AT5G58800	1049	815	909	649	996	863
AT5G58830	0	0	0	0	1	0
AT5G58840	9	10	6	6	8	7
AT5G58860	17	19	27	23	23	14
AT5G58870	2688	2252	1663	1734	1526	2012
AT5G58900	569	441	624	580	754	736
AT5G58920	688	485	496	531	658	619
AT5G58930	989	755	753	711	976	855
AT5G58940	748	679	541	714	899	752
AT5G58950	4586	3965	4127	3424	5056	4276
AT5G58960	845	720	698	625	645	669
AT5G58970	491	401	450	388	509	471
AT5G58980	541	408	402	415	512	546
AT5G58990	302	251	303	289	338	269
AT5G59000	312	299	407	334	470	322
AT5G59010	486	459	466	455	504	444
AT5G59020	98	73	85	78	104	76
AT5G59030	1848	1775	1377	1270	893	1436
AT5G59040	1	1	0	0	1	2
AT5G59050	481	399	251	343	282	377
AT5G59060	5	4	3	5	5	3
AT5G59070	312	323	210	218	162	230
AT5G59080	1675	1423	896	893	582	865
AT5G59090	5	8	3	12	21	9
AT5G59130	1169	998	986	763	895	988
AT5G59140	627	558	569	648	670	599
AT5G59150	695	566	609	673	668	674
AT5G59160	1464	1300	1201	1369	1445	1324
AT5G59170	19	18	13	14	11	21
AT5G59180	185	220	201	258	329	179
AT5G59190	9	5	5	10	27	18
AT5G59200	22	16	26	20	35	32
AT5G59210	809	609	626	636	747	732
AT5G59220	117	114	59	208	341	249
AT5G59230	0	0	1	0	0	0
AT5G59240	31	18	30	42	21	29
AT5G59250	3088	2792	2897	2270	2589	2527
AT5G59260	14	8	16	14	7	14
AT5G59290	2046	1675	1649	1688	1897	1786
AT5G59300	540	657	551	658	666	532
AT5G59305	19	8	6	21	4	16
AT5G59310	188	204	233	91	3	82
AT5G59320	272	314	306	345	58	315
AT5G59330	4	9	5	1	5	5
AT5G59340	15	4	13	2	5	1
AT5G59350	399	311	279	359	341	284
AT5G59360	14	14	15	18	7	8
AT5G59370	0	0	3	0	2	2
AT5G59380	205	205	145	189	189	190
AT5G59385	2	0	1	2	1	3
AT5G59390	1	2	2	3	8	0
AT5G59400	449	414	352	366	278	351
AT5G59410	281	270	237	254	264	238
AT5G59420	3719	3142	2878	2937	3325	3425
AT5G59430	1714	1569	1113	1133	993	915
AT5G59440	528	489	403	491	553	508
AT5G59450	2695	2492	1904	2419	2511	2273
AT5G59460	265	287	227	272	242	246
AT5G59470	151	188	151	168	214	158
AT5G59480	707	567	345	388	488	469
AT5G59490	8	11	6	11	15	10
AT5G59500	859	802	885	733	926	776
AT5G59505	0	0	0	1	0	0
AT5G59510	9	10	12	17	12	23
AT5G59520	2	3	3	3	6	0
AT5G59530	18	22	16	16	17	15
AT5G59540	2609	2239	2146	3238	4402	3027
AT5G59550	7141	6526	6416	7288	8157	7113
AT5G59560	401	338	342	346	451	352
AT5G59570	35	47	87	86	489	89
AT5G59580	73	55	62	53	107	52
AT5G59590	0	1	0	0	0	1
AT5G59600	63	70	40	76	72	58
AT5G59610	368	307	330	269	316	273
AT5G59613	2079	2546	2300	2549	2604	1943
AT5G59650	120	84	93	65	114	78
AT5G59660	143	161	113	116	100	99
AT5G59662	43	56	50	49	70	27
AT5G59670	891	711	995	616	3014	860
AT5G59680	268	217	191	131	184	201
AT5G59690	1762	1545	1335	1342	1469	1450
AT5G59700	398	319	236	259	211	249
AT5G59710	931	775	758	713	890	856
AT5G59720	79	46	53	40	35	61
AT5G59730	8174	7420	6146	5983	7474	7547
AT5G59732	4970	4728	4001	3700	4918	4718
AT5G59740	53	44	57	53	50	48
AT5G59750	1150	958	934	704	696	768
AT5G59760	5	5	2	2	3	0
AT5G59770	467	580	466	540	505	428
AT5G59780	924	810	446	636	437	826
AT5G59790	161	126	119	123	178	150
AT5G59800	225	203	198	198	298	221
AT5G59810	0	1	0	1	0	3
AT5G59820	3952	3852	3859	4859	4942	4322
AT5G59830	597	493	438	490	595	587
AT5G59840	1004	801	804	914	869	897
AT5G59845	5	2	3	6	3	5
AT5G59850	2287	1865	1769	2103	2451	1664
AT5G59860	1	1	2	0	0	0
AT5G59870	968	1019	796	882	822	791
AT5G59880	5735	5116	4837	5424	5716	5331
AT5G59890	2123	2195	2192	2335	2540	2132
AT5G59900	132	90	109	84	112	132
AT5G59910	3027	2661	2191	2601	2586	2764
AT5G59920	256	257	177	213	167	199
AT5G59940	4	3	7	1	3	2
AT5G59950	1657	1807	1516	1602	1543	1719
AT5G59960	1069	918	859	828	985	823
AT5G59970	495	422	317	358	360	342
AT5G59980	161	136	111	174	243	186
AT5G59990	21	23	11	18	14	20
AT5G60010	0	1	0	0	2	1
AT5G60020	115	93	90	100	127	122
AT5G60022	88	70	74	89	108	107
AT5G60030	274	224	174	202	251	233
AT5G60040	330	270	231	309	434	365
AT5G60050	108	90	95	94	86	96
AT5G60060	0	1	1	0	2	1
AT5G60070	0	1	0	0	0	0
AT5G60100	405	371	1337	805	2532	1168
AT5G60110	0	2	1	0	0	8
AT5G60120	554	454	441	466	543	716
AT5G60130	8	5	4	3	5	1
AT5G60140	0	1	0	0	2	2
AT5G60142	53	47	27	46	40	44
AT5G60150	57	61	61	44	75	67
AT5G60160	1284	1199	1054	1333	1400	1227
AT5G60170	2016	1686	1606	1657	2247	1789
AT5G60180	4	7	7	2	18	8
AT5G60190	209	186	152	193	188	181
AT5G60200	230	151	141	234	331	394
AT5G60210	588	448	428	389	554	459
AT5G60220	3	4	2	4	10	4
AT5G60230	87	106	104	90	97	86
AT5G60240	9	12	2	5	8	9
AT5G60250	42	40	34	116	98	57
AT5G60260	2	4	6	2	0	5
AT5G60270	342	342	353	311	374	398
AT5G60280	242	220	213	227	393	274
AT5G60285	4	3	5	13	7	4
AT5G60290	22	22	20	21	30	27
AT5G60300	1602	1499	834	1550	1437	1623
AT5G60310	33	34	36	39	33	32
AT5G60320	4	10	4	1	3	8
AT5G60330	5	6	10	8	10	6
AT5G60335	14	19	16	20	30	25
AT5G60340	1068	942	895	1061	1179	928
AT5G60350	2	0	2	2	4	5
AT5G60360	26003	22717	20585	19031	19341	22884
AT5G60370	252	199	177	168	201	207
AT5G60380	1	0	0	0	0	0
AT5G60390	42492	39219	38185	41475	47115	37461
AT5G60400	440	403	446	388	432	376
AT5G60408	0	0	2	4	2	0
AT5G60410	3690	3211	3174	2969	4203	3522
AT5G60430	129	141	103	141	164	120
AT5G60440	36	30	24	30	25	30
AT5G60450	1070	956	792	858	1235	1036
AT5G60460	188	229	183	279	275	172
AT5G60470	6	7	5	16	15	14
AT5G60490	104	87	61	98	110	102
AT5G60540	1009	983	1283	1013	1509	1092
AT5G60548	1004	813	788	850	1050	1006
AT5G60550	1004	813	788	850	1050	1006
AT5G60570	1410	1142	1091	1089	1337	1298
AT5G60580	284	344	266	329	366	333
AT5G60590	195	179	178	217	294	211
AT5G60600	15254	12799	12832	11535	13169	14828
AT5G60610	10	7	10	17	11	23
AT5G60620	1229	1191	1205	1179	1317	1154
AT5G60630	10	12	6	9	19	14
AT5G60640	3998	3387	3300	3564	4056	4118
AT5G60650	12	7	5	6	10	13
AT5G60660	21	23	30	22	32	29
AT5G60670	935	955	881	1026	1018	731
AT5G60680	3266	2876	2361	1660	898	2265
AT5G60690	504	513	355	405	519	502
AT5G60700	562	449	485	377	552	434
AT5G60710	1201	1132	1410	1009	1582	1363
AT5G60720	21	26	23	27	32	20
AT5G60730	46	28	27	46	56	16
AT5G60750	810	730	800	772	1034	774
AT5G60760	23	9	10	16	19	10
AT5G60780	6	4	15	4	6	4
AT5G60790	3285	3056	3044	3765	5279	3464
AT5G60800	651	518	508	806	1308	772
AT5G60810	0	0	0	0	1	0
AT5G60820	283	208	270	195	225	302
AT5G60830	3	1	1	5	1	5
AT5G60840	670	567	426	439	352	599
AT5G60850	1213	1163	910	763	452	930
AT5G60860	749	715	819	612	425	731
AT5G60870	135	144	100	146	169	159
AT5G60880	31	20	8	11	7	15
AT5G60890	416	382	308	310	286	398
AT5G60900	2503	2120	1976	1632	3180	1912
AT5G60910	48	49	19	24	42	33
AT5G60920	7179	6190	6300	5476	5512	6680
AT5G60930	316	261	216	215	270	373
AT5G60940	647	531	523	519	564	570
AT5G60950	320	331	281	301	513	366
AT5G60960	734	596	603	646	770	689
AT5G60970	148	112	114	127	129	127
AT5G60980	2292	1928	1776	1902	2110	2130
AT5G60990	469	367	381	495	532	441
AT5G61000	274	271	203	164	239	242
AT5G61010	3014	2883	2530	2544	3763	2678
AT5G61020	2156	1760	1852	2296	3105	2102
AT5G61030	480	394	302	580	834	483
AT5G61040	339	369	365	285	378	293
AT5G61050	1	0	0	0	0	0
AT5G61060	1238	1062	952	974	1335	1039
AT5G61070	68	66	42	58	71	79
AT5G61090	35	13	21	42	53	39
AT5G61100	2	9	4	3	8	8
AT5G61120	8	10	14	16	14	16
AT5G61130	942	833	796	785	746	775
AT5G61140	2278	2001	2100	1569	2333	2126
AT5G61150	1616	1308	1196	1171	1396	1473
AT5G61160	6258	5113	2710	4969	2657	3297
AT5G61170	2161	2460	2308	2646	2858	1875
AT5G61180	2	2	4	3	6	0
AT5G61190	712	557	672	683	1485	902
AT5G61200	202	126	186	138	130	172
AT5G61210	7442	6194	5680	6688	10331	7547
AT5G61220	379	370	307	457	472	312
AT5G61228	1937	1567	1593	1641	1680	1801
AT5G61230	1937	1567	1593	1641	1680	1801
AT5G61240	1487	1242	1177	1298	1554	1542
AT5G61250	296	276	247	260	391	278
AT5G61260	30	36	19	19	29	45
AT5G61270	993	838	853	828	713	837
AT5G61280	22	8	14	6	10	17
AT5G61290	103	90	87	123	162	109
AT5G61300	166	155	164	116	161	166
AT5G61310	187	161	184	257	235	215
AT5G61330	729	611	602	610	628	677
AT5G61340	273	228	223	184	232	186
AT5G61350	18	19	25	34	30	27
AT5G61360	61	73	84	73	111	55
AT5G61370	109	102	149	149	409	192
AT5G61380	2367	2000	4081	2646	8711	4059
AT5G61390	127	108	108	117	184	136
AT5G61400	55	42	42	52	52	38
AT5G61410	20915	19261	19430	16477	18091	16425
AT5G61412	6	4	2	3	10	2
AT5G61420	1169	945	987	1077	1255	1471
AT5G61430	31	32	32	55	105	86
AT5G61440	593	451	774	406	877	656
AT5G61450	596	491	494	543	650	640
AT5G61455	2	2	0	2	3	2
AT5G61460	286	250	232	257	375	292
AT5G61480	455	429	365	401	541	514
AT5G61490	12	6	8	12	9	13
AT5G61495	2	3	4	9	1	2
AT5G61500	1193	1078	964	976	1038	933
AT5G61510	1160	995	937	1115	1368	1239
AT5G61520	1062	990	1079	1231	1709	1223
AT5G61530	1909	1598	1544	1704	2122	1872
AT5G61540	244	183	211	214	213	216
AT5G61550	12	5	3	11	10	10
AT5G61560	671	586	628	538	630	666
AT5G61570	134	114	133	144	229	152
AT5G61580	975	791	782	699	743	736
AT5G61590	2664	1965	2538	1705	1137	1938
AT5G61600	7526	5855	6254	7531	8502	7780
AT5G61605	0	0	0	0	1	0
AT5G61610	31	23	14	20	16	17
AT5G61620	1	2	0	2	2	1
AT5G61640	538	495	397	505	547	487
AT5G61650	2	1	0	2	1	1
AT5G61660	825	827	806	990	1019	1183
AT5G61670	2823	2342	1808	1835	1448	1982
AT5G61730	3	0	2	0	5	4
AT5G61740	124	100	98	91	85	95
AT5G61750	1	0	0	1	0	6
AT5G61760	458	459	422	448	606	443
AT5G61770	417	326	351	423	542	398
AT5G61780	3120	2654	2597	2682	3367	3306
AT5G61790	5604	4479	4288	5592	8317	6536
AT5G61800	14	28	47	42	50	40
AT5G61810	1473	1180	1203	1265	1259	1443
AT5G61820	1080	1059	857	1079	1217	1407
AT5G61830	293	293	226	233	239	241
AT5G61840	884	780	839	808	1069	997
AT5G61850	1	3	0	3	1	2
AT5G61865	31	19	21	26	48	25
AT5G61880	112	129	102	146	147	87
AT5G61890	39	39	42	69	4	62
AT5G61900	1446	1324	1512	2308	4372	2073
AT5G61910	2010	1806	1974	2680	5047	2685
AT5G61920	129	113	107	89	92	69
AT5G61930	210	196	192	163	182	186
AT5G61940	127	101	118	107	210	126
AT5G61950	135	124	127	114	129	103
AT5G61960	2457	1992	1825	1896	2606	2436
AT5G61970	1382	1121	1167	1257	1531	1266
AT5G61980	99	56	49	70	90	83
AT5G61990	319	275	246	199	299	241
AT5G62000	12347	9813	9017	8027	11678	10808
AT5G62020	832	739	625	752	772	791
AT5G62030	607	536	558	433	519	595
AT5G62040	23	21	10	21	12	13
AT5G62050	857	713	739	924	1216	925
AT5G62060	0	0	0	0	1	0
AT5G62070	726	602	587	596	840	613
AT5G62080	0	0	0	2	0	0
AT5G62090	1986	1708	1614	1406	1801	2000
AT5G62100	129	116	106	113	124	154
AT5G62120	1	0	0	0	0	0
AT5G62130	376	356	249	263	229	309
AT5G62140	421	289	345	259	429	379
AT5G62150	23	35	21	33	34	25
AT5G62160	0	0	0	0	0	1
AT5G62162	0	0	0	0	2	0
AT5G62165	77	71	45	46	32	40
AT5G62170	213	173	106	105	73	130
AT5G62180	98	63	63	66	76	60
AT5G62190	4572	4083	4053	4510	6109	4197
AT5G62200	524	527	600	610	829	606
AT5G62210	62	64	36	29	11	31
AT5G62220	1334	1146	910	825	697	1111
AT5G62230	42	47	40	38	39	47
AT5G62240	1	1	0	1	2	1
AT5G62250	0	1	0	1	6	1
AT5G62260	41	11	30	17	19	16
AT5G62270	726	551	537	686	814	683
AT5G62280	444	324	166	190	64	101
AT5G62290	249	273	219	382	387	258
AT5G62300	3646	2926	2602	3063	3454	2732
AT5G62310	3	5	4	0	9	1
AT5G62320	1	1	0	1	0	2
AT5G62350	9782	7167	8070	7235	4669	8804
AT5G62360	1118	852	2869	1504	2217	2052
AT5G62370	105	66	78	66	120	70
AT5G62380	25	25	16	28	32	32
AT5G62390	3724	2971	2865	2748	3038	3338
AT5G62400	2	0	0	0	0	0
AT5G62410	377	313	271	235	303	376
AT5G62420	2	0	4	1	0	2
AT5G62430	513	449	263	299	285	321
AT5G62440	394	325	306	396	406	362
AT5G62460	1442	1341	1111	1304	1356	1377
AT5G62470	3921	2746	3018	2647	2857	3353
AT5G62480	55	96	66	249	256	134
AT5G62490	1	0	0	1	5	1
AT5G62500	158	151	127	119	143	145
AT5G62510	0	0	2	0	4	1
AT5G62520	2418	2238	2495	2487	3308	2986
AT5G62530	2651	2417	2475	2520	3050	2670
AT5G62540	769	627	597	706	801	699
AT5G62550	250	221	194	167	229	304
AT5G62560	1270	1145	1119	1053	1187	1255
AT5G62570	5493	4878	4518	5025	6488	5546
AT5G62575	306	334	302	334	357	264
AT5G62580	575	551	450	475	520	544
AT5G62600	708	710	672	674	912	752
AT5G62610	941	717	722	785	1066	909
AT5G62620	914	700	687	1017	1698	1089
AT5G62630	1448	1333	1080	886	1033	1055
AT5G62640	1127	934	916	841	922	1103
AT5G62650	744	650	683	582	738	633
AT5G62670	2899	2545	2962	2101	2959	2728
AT5G62680	2499	2295	1904	2078	3104	2939
AT5G62690	6254	5386	5068	5204	5707	5924
AT5G62700	4730	4148	3625	3928	4273	4506
AT5G62710	290	246	200	192	195	245
AT5G62720	2047	2183	3211	2445	3381	2443
AT5G62730	19	17	44	18	15	26
AT5G62740	1387	1370	1379	1458	1542	1243
AT5G62760	434	296	327	394	445	379
AT5G62770	429	373	406	499	708	600
AT5G62780	2	0	0	0	4	3
AT5G62790	3800	3502	3439	2900	3294	3357
AT5G62810	2670	2155	2381	2021	2924	2541
AT5G62820	22	25	26	55	73	52
AT5G62830	0	0	0	0	0	1
AT5G62840	403	364	367	321	436	341
AT5G62850	14	20	16	20	22	16
AT5G62865	305	427	439	455	444	486
AT5G62880	676	506	531	522	530	655
AT5G62890	2598	2537	2649	2651	3312	2787
AT5G62900	306	257	435	288	422	363
AT5G62910	603	578	640	567	571	612
AT5G62920	363	336	570	128	128	142
AT5G62930	758	731	723	651	696	655
AT5G62940	62	59	75	154	184	239
AT5G62950	333	350	302	388	388	412
AT5G62960	141	133	117	170	161	155
AT5G62970	0	0	3	0	0	0
AT5G62980	337	343	414	310	365	305
AT5G62990	172	153	243	235	380	230
AT5G62998	2	2	2	1	3	1
AT5G63000	392	379	345	444	468	352
AT5G63010	211	145	161	189	171	167
AT5G63020	1120	956	1058	788	1169	975
AT5G63030	1221	1147	1000	1182	1257	1131
AT5G63040	540	495	493	501	736	531
AT5G63050	1261	1042	1022	1025	1128	1143
AT5G63060	292	238	266	200	247	195
AT5G63065	2	0	0	0	0	0
AT5G63070	1	1	0	0	0	0
AT5G63080	456	390	439	418	528	401
AT5G63087	10	4	2	1	3	3
AT5G63090	64	87	26	76	35	64
AT5G63100	145	137	141	119	109	132
AT5G63110	619	541	526	561	707	680
AT5G63120	489	421	402	409	470	484
AT5G63130	620	597	481	858	993	834
AT5G63135	171	153	136	137	140	129
AT5G63140	153	115	158	140	191	141
AT5G63150	538	387	342	415	486	464
AT5G63160	2888	2630	2319	2405	2073	2654
AT5G63170	0	1	0	0	0	0
AT5G63180	2792	2255	1764	1830	1705	1679
AT5G63190	3497	3141	2697	2042	2425	2301
AT5G63195	2297	1860	1637	1287	1484	1485
AT5G63200	650	581	548	564	649	552
AT5G63220	457	378	351	399	447	427
AT5G63225	11	8	4	8	8	13
AT5G63240	1	0	0	2	0	0
AT5G63250	0	1	0	0	0	0
AT5G63260	555	485	496	454	585	536
AT5G63270	1	1	0	0	0	1
AT5G63280	373	304	302	319	393	304
AT5G63290	92	72	102	87	173	90
AT5G63300	28	26	20	31	16	33
AT5G63310	3116	3213	3383	3075	3369	2778
AT5G63320	2726	2030	1831	1798	2300	2341
AT5G63340	112	84	79	75	109	86
AT5G63350	43	27	25	25	31	33
AT5G63370	4533	3648	3811	3463	4869	4714
AT5G63380	789	755	654	604	545	642
AT5G63390	14	14	5	13	15	15
AT5G63400	2462	2175	2130	2340	2672	2272
AT5G63410	1738	1521	1573	1452	2204	1776
AT5G63420	1398	1102	1645	1192	2123	1472
AT5G63440	269	241	246	250	260	259
AT5G63450	54	31	22	26	22	43
AT5G63460	507	394	395	485	499	487
AT5G63470	1170	1173	1122	879	699	896
AT5G63480	145	126	120	116	100	84
AT5G63490	1153	1048	796	977	1086	1173
AT5G63500	180	198	161	118	157	170
AT5G63510	1372	1310	1198	1366	1352	1359
AT5G63520	363	317	309	293	269	285
AT5G63530	1269	936	726	895	820	1128
AT5G63540	32	37	14	28	40	34
AT5G63550	520	426	337	333	465	454
AT5G63560	6	14	7	17	8	8
AT5G63570	4098	3371	3886	3597	4417	3939
AT5G63580	194	150	91	79	56	117
AT5G63590	25	18	15	5	4	18
AT5G63595	2	0	0	4	0	1
AT5G63600	19	8	11	8	8	12
AT5G63610	666	625	590	581	571	554
AT5G63620	1089	1097	918	752	699	874
AT5G63630	249	176	233	231	338	237
AT5G63640	905	808	758	741	737	906
AT5G63650	167	119	78	118	98	122
AT5G63670	705	606	590	669	663	555
AT5G63680	1278	1218	1076	1290	1449	1194
AT5G63690	37	35	33	30	49	41
AT5G63700	557	406	442	409	395	521
AT5G63710	469	354	405	462	645	554
AT5G63730	1	0	0	4	0	0
AT5G63740	0	0	0	0	0	1
AT5G63750	10	3	6	7	11	4
AT5G63760	360	332	334	445	493	415
AT5G63770	1703	1432	1582	1512	2107	2098
AT5G63780	2089	1909	2798	1226	2618	1623
AT5G63790	1729	1421	1807	1565	2413	1778
AT5G63800	10825	8982	8464	6569	5579	8916
AT5G63810	2895	2310	3353	2190	2535	2972
AT5G63820	114	114	108	104	91	100
AT5G63830	117	105	117	116	136	134
AT5G63840	3114	2649	2803	2709	3444	3158
AT5G63850	950	832	745	525	507	556
AT5G63860	4596	3822	3699	3754	4469	4279
AT5G63870	1042	872	876	795	964	915
AT5G63880	598	542	526	591	672	673
AT5G63890	1688	1540	1626	1645	1923	1646
AT5G63900	9	1	3	3	5	1
AT5G63905	177	187	206	174	226	202
AT5G63910	1051	871	827	886	985	968
AT5G63920	168	158	109	133	153	134
AT5G63930	257	273	221	245	313	205
AT5G63940	488	401	351	315	555	416
AT5G63950	390	340	245	281	316	454
AT5G63960	307	259	223	270	363	296
AT5G63970	372	297	220	236	279	416
AT5G63980	1879	1712	1575	1703	2012	1866
AT5G63990	171	173	142	186	231	172
AT5G64000	909	844	708	404	631	421
AT5G64010	156	149	176	200	205	146
AT5G64020	728	613	626	611	776	678
AT5G64030	1882	1657	1679	1492	1693	1939
AT5G64040	42689	43791	39474	32797	22928	28699
AT5G64050	2517	2048	2195	1815	2039	2190
AT5G64060	39	54	35	54	54	44
AT5G64070	2949	2520	2508	2069	2885	2897
AT5G64080	247	243	175	200	123	262
AT5G64090	711	605	643	574	619	752
AT5G64100	0	2	1	0	0	0
AT5G64110	193	182	45	225	152	162
AT5G64120	1097	931	870	1415	1933	1904
AT5G64130	3132	2741	2893	3031	3309	3449
AT5G64140	1230	1265	1200	1482	1620	1007
AT5G64150	280	236	254	313	443	328
AT5G64160	378	314	329	327	383	373
AT5G64170	2466	2130	1374	1524	1106	1799
AT5G64180	735	700	646	738	619	609
AT5G64190	402	321	193	152	136	206
AT5G64200	941	942	899	1041	1205	855
AT5G64210	0	0	1	0	0	0
AT5G64220	1301	1076	1075	1041	1567	1287
AT5G64230	128	105	90	119	104	89
AT5G64240	1215	1052	971	849	884	1012
AT5G64250	1006	804	754	850	956	992
AT5G64260	7465	6639	6475	10083	13649	12725
AT5G64270	3120	2980	2903	2794	3621	3002
AT5G64280	1429	1419	1324	1083	1558	1392
AT5G64290	3884	3831	4192	3538	4715	3896
AT5G64300	3136	2409	2819	2525	3809	3424
AT5G64310	7677	7231	6659	9032	12292	9687
AT5G64320	77	90	87	90	126	104
AT5G64330	1977	1569	1551	1501	1420	1759
AT5G64340	1502	1392	1466	1258	1725	1390
AT5G64341	1502	1392	1466	1258	1725	1390
AT5G64342	1502	1392	1466	1258	1725	1390
AT5G64343	1502	1392	1466	1258	1725	1390
AT5G64350	2713	2732	2621	3087	3037	2676
AT5G64360	478	414	421	382	476	445
AT5G64370	1550	1208	1187	1247	1762	1441
AT5G64380	874	682	724	524	513	614
AT5G64390	746	608	579	539	854	794
AT5G64395	19	16	24	18	24	19
AT5G64400	2682	3711	3317	4474	4631	3244
AT5G64401	9	6	13	7	17	9
AT5G64410	1577	1249	1067	952	1038	1109
AT5G64420	1279	1145	1088	1277	1645	1153
AT5G64430	1454	1275	1074	1265	1515	1668
AT5G64440	1486	1358	1270	1292	1367	1308
AT5G64450	54	64	57	44	67	51
AT5G64460	1560	1251	1179	959	1071	1185
AT5G64470	250	219	211	234	231	171
AT5G64480	274	233	275	240	274	261
AT5G64490	34	29	41	30	28	25
AT5G64500	1906	1779	1713	1489	1948	1620
AT5G64510	71	37	49	107	142	109
AT5G64520	116	101	131	115	127	116
AT5G64530	48	43	33	58	68	83
AT5G64540	0	0	1	1	0	1
AT5G64550	657	576	473	671	966	866
AT5G64552	657	576	473	671	966	866
AT5G64560	771	603	638	637	688	770
AT5G64570	3535	2972	2513	2420	2681	3785
AT5G64572	2264	1881	1572	1543	1675	2389
AT5G64580	1725	1550	1712	1458	1862	1726
AT5G64590	2	1	0	0	0	2
AT5G64600	332	252	257	247	285	277
AT5G64610	703	584	559	637	656	680
AT5G64620	782	666	1033	780	887	986
AT5G64630	156	131	167	141	188	181
AT5G64640	287	266	254	293	283	337
AT5G64650	293	260	245	391	431	260
AT5G64660	2895	2424	2540	2553	2893	2713
AT5G64667	55	39	43	49	71	40
AT5G64670	679	563	540	633	809	611
AT5G64680	256	240	222	334	483	274
AT5G64690	11	4	8	2	8	4
AT5G64700	18	9	15	20	18	11
AT5G64710	50	39	38	53	76	44
AT5G64720	0	0	0	1	0	2
AT5G64730	214	237	234	224	327	223
AT5G64740	9311	8257	9076	7433	8650	9877
AT5G64750	125	94	122	101	112	103
AT5G64760	419	350	324	364	410	406
AT5G64770	2724	2245	1814	2102	1970	1426
AT5G64780	149	113	86	110	144	84
AT5G64790	5	6	4	16	28	21
AT5G64800	36	28	29	29	44	36
AT5G64810	159	151	119	340	699	339
AT5G64813	1150	999	972	969	1261	1020
AT5G64816	228	233	300	270	363	214
AT5G64820	2	3	0	0	0	1
AT5G64830	428	415	452	386	442	377
AT5G64840	12345	9628	5720	4901	2959	6511
AT5G64850	1036	982	901	816	735	1031
AT5G64855	3	2	0	1	1	0
AT5G64860	2750	2252	3071	2360	3412	3243
AT5G64870	1629	1358	1412	2357	3322	2603
AT5G64880	529	424	457	460	529	470
AT5G64890	4	6	4	6	18	7
AT5G64900	75	52	62	58	111	93
AT5G64905	57	50	30	34	53	40
AT5G64910	54	44	35	26	19	51
AT5G64920	1211	1113	1019	920	816	983
AT5G64930	550	512	382	390	405	382
AT5G64940	10934	8658	5674	6010	3503	7054
AT5G64950	75	59	60	53	73	67
AT5G64960	1853	1615	1534	1728	1927	1745
AT5G64970	515	508	530	649	721	506
AT5G64980	58	45	46	69	114	73
AT5G64990	12	11	20	19	32	22
AT5G65000	233	249	238	294	439	283
AT5G65010	3074	2833	2292	2307	2418	2127
AT5G65015	0	0	1	1	0	0
AT5G65020	1839	1650	1207	1483	1102	1772
AT5G65030	16	3	3	3	3	4
AT5G65040	21	19	9	27	62	25
AT5G65050	1000	949	802	903	1019	926
AT5G65060	398	339	304	316	409	344
AT5G65070	77	81	41	90	88	55
AT5G65080	74	62	29	98	113	101
AT5G65090	57	46	52	110	158	129
AT5G65100	0	0	0	2	5	1
AT5G65110	1769	1560	1452	1397	1860	1547
AT5G65120	138	157	125	171	199	133
AT5G65130	14	8	10	15	18	49
AT5G65140	172	144	98	131	244	174
AT5G65160	30	21	16	20	18	25
AT5G65165	3	1	0	0	1	2
AT5G65170	90	67	41	56	44	64
AT5G65180	353	277	223	273	304	307
AT5G65200	325	295	282	281	418	356
AT5G65205	182	160	186	206	257	133
AT5G65207	1356	1115	855	698	458	806
AT5G65210	565	480	405	454	518	528
AT5G65220	8333	7894	8037	6841	6926	6974
AT5G65230	17	14	17	20	18	13
AT5G65240	468	348	309	356	453	376
AT5G65250	632	634	550	608	701	604
AT5G65260	1093	980	917	955	1078	956
AT5G65270	850	758	794	820	958	798
AT5G65274	1	2	3	1	3	1
AT5G65280	279	230	150	241	282	483
AT5G65290	500	427	414	413	653	518
AT5G65300	642	618	737	713	1257	816
AT5G65310	2657	2200	2432	2246	2584	2442
AT5G65320	28	19	9	11	11	8
AT5G65330	0	2	0	0	0	0
AT5G65340	17	15	12	22	15	19
AT5G65350	38	39	40	34	51	43
AT5G65360	1199	1123	943	1013	951	985
AT5G65370	0	0	0	0	0	1
AT5G65380	1664	1350	949	695	525	938
AT5G65390	231	238	278	296	141	337
AT5G65400	229	213	208	195	233	216
AT5G65410	338	279	252	214	211	265
AT5G65420	61	60	55	33	51	40
AT5G65430	3217	3165	3784	3251	3603	3073
AT5G65440	1383	1132	1247	1083	1543	1486
AT5G65450	179	153	191	174	237	212
AT5G65460	951	776	726	607	723	864
AT5G65470	2254	2125	2135	1838	2117	2787
AT5G65480	3793	2968	2657	2272	1913	2672
AT5G65490	545	451	400	413	476	473
AT5G65495	157	190	132	124	140	161
AT5G65500	7	5	2	1	0	9
AT5G65510	37	25	18	21	18	23
AT5G65520	229	225	202	223	172	204
AT5G65530	49	46	29	54	49	50
AT5G65540	455	370	376	348	395	452
AT5G65550	12	9	9	18	11	13
AT5G65560	257	232	231	218	360	290
AT5G65570	71	66	79	70	99	84
AT5G65575	252	220	249	213	237	213
AT5G65580	65	66	86	76	90	68
AT5G65590	89	56	91	87	96	94
AT5G65600	256	273	213	301	396	282
AT5G65609	35	26	35	31	41	28
AT5G65610	320	286	304	238	223	190
AT5G65615	0	0	0	0	0	2
AT5G65620	5697	5202	5505	4949	6651	6248
AT5G65630	3719	2907	3978	3274	7375	4235
AT5G65640	330	280	237	327	282	304
AT5G65650	416	380	299	413	374	308
AT5G65660	1495	1199	1051	1202	1036	1186
AT5G65670	6932	5498	5163	6069	7470	6867
AT5G65683	220	207	191	216	236	212
AT5G65685	1014	923	973	817	904	887
AT5G65687	374	342	341	324	366	335
AT5G65690	43	43	10	13	13	21
AT5G65700	1657	1433	1532	1379	1890	1650
AT5G65710	307	259	272	214	256	313
AT5G65720	2126	1751	1491	1700	1885	2174
AT5G65730	2135	1886	2513	1822	1195	2048
AT5G65740	236	221	213	198	235	178
AT5G65750	2557	2288	2069	2321	3337	2993
AT5G65760	1000	932	902	873	903	899
AT5G65770	1854	1410	1340	1283	1733	1713
AT5G65780	3175	2469	2359	2407	2870	2748
AT5G65790	10	14	4	13	6	12
AT5G65800	5	4	2	3	2	1
AT5G65810	781	629	654	624	688	697
AT5G65820	85	62	73	51	49	66
AT5G65830	141	101	77	81	94	123
AT5G65840	2391	2051	2008	1692	1823	1969
AT5G65850	24	22	23	30	35	36
AT5G65860	295	246	211	225	307	176
AT5G65870	162	137	150	239	348	255
AT5G65880	156	143	106	143	166	110
AT5G65890	328	257	159	185	161	201
AT5G65900	357	334	292	354	415	357
AT5G65910	1747	1513	1523	1316	1389	1616
AT5G65920	699	666	739	703	1156	738
AT5G65925	52	76	85	98	135	127
AT5G65930	1239	1088	1036	897	1196	1251
AT5G65940	1409	1250	1292	1210	1410	1260
AT5G65950	2811	2428	2659	2165	2845	2534
AT5G65960	1654	1330	1376	1199	1360	1326
AT5G65970	69	59	61	123	156	118
AT5G65980	0	0	2	0	0	3
AT5G65990	680	715	679	647	723	869
AT5G66000	79	73	71	78	95	71
AT5G66005	152	166	169	143	203	135
AT5G66010	521	430	354	466	627	458
AT5G66020	1	2	1	1	3	0
AT5G66030	2863	2215	2260	1943	2326	2431
AT5G66040	6794	6831	6476	7045	6784	7448
AT5G66045	3	3	3	5	3	4
AT5G66050	1045	783	808	693	850	896
AT5G66052	940	899	1570	792	1429	772
AT5G66053	11	15	34	16	41	12
AT5G66055	2209	1674	1906	1640	1816	1819
AT5G66060	1129	855	808	830	973	1002
AT5G66070	3036	2729	2505	3529	3904	3920
AT5G66080	221	187	179	166	156	228
AT5G66090	898	885	927	928	975	760
AT5G66100	535	491	468	525	622	587
AT5G66110	9	5	5	5	7	5
AT5G66120	2867	2405	2407	2739	3147	3028
AT5G66130	293	202	200	283	311	329
AT5G66140	1126	1029	1000	1164	1213	971
AT5G66150	9	9	8	9	16	7
AT5G66160	666	659	666	615	700	638
AT5G66170	155	112	80	146	99	144
AT5G66180	619	548	553	544	511	512
AT5G66190	36617	29040	30999	24349	28846	29430
AT5G66200	2271	2440	2402	2378	2617	2883
AT5G66210	11640	9726	8581	11924	16372	14165
AT5G66220	0	0	0	0	1	0
AT5G66230	235	243	207	145	203	236
AT5G66240	1709	1516	1455	1494	1791	1441
AT5G66250	941	964	869	868	1010	979
AT5G66260	1	2	1	0	3	1
AT5G66270	49	48	39	36	29	40
AT5G66280	40	29	19	38	41	43
AT5G66290	402	317	315	305	334	364
AT5G66300	46	35	24	35	49	38
AT5G66310	596	509	345	374	439	452
AT5G66320	842	883	817	1052	1339	950
AT5G66330	124	79	95	81	83	113
AT5G66340	3	1	2	1	3	7
AT5G66350	65	49	51	62	90	89
AT5G66360	331	311	259	260	423	313
AT5G66370	0	0	0	0	0	1
AT5G66380	260	197	233	231	275	257
AT5G66390	9	7	3	1	4	11
AT5G66400	688	599	298	237	251	523
AT5G66410	505	403	427	387	401	406
AT5G66420	2520	2129	2073	1999	2309	2544
AT5G66440	119	106	109	127	163	144
AT5G66450	259	303	277	254	326	240
AT5G66460	354	279	223	307	317	347
AT5G66470	1411	1225	1355	1149	1366	1243
AT5G66480	300	253	229	183	263	242
AT5G66490	615	596	504	416	406	430
AT5G66500	58	41	63	53	91	82
AT5G66510	1776	1678	1635	1723	2025	1650
AT5G66520	350	236	321	191	221	267
AT5G66530	1965	1666	2317	1734	2328	1928
AT5G66540	421	317	388	458	608	414
AT5G66550	351	276	222	259	293	263
AT5G66558	590	511	437	468	494	536
AT5G66560	585	510	428	465	488	527
AT5G66562	0	0	0	0	2	0
AT5G66564	2	1	0	0	0	0
AT5G66570	163352	154632	147294	120168	103379	135986
AT5G66580	45	41	29	37	10	15
AT5G66590	714	596	411	318	141	371
AT5G66600	86	79	69	56	79	64
AT5G66607	19	6	16	12	19	8
AT5G66610	172	164	171	217	246	175
AT5G66620	313	243	204	371	834	455
AT5G66630	555	535	339	599	806	734
AT5G66631	69	69	49	68	98	75
AT5G66640	1021	785	788	696	844	909
AT5G66650	1340	1255	1021	1434	1596	1370
AT5G66658	50	34	37	60	77	51
AT5G66660	5	4	3	1	5	4
AT5G66670	13	9	11	10	6	9
AT5G66675	4161	3542	3299	3480	4520	4311
AT5G66680	2343	2068	2064	2152	2580	2314
AT5G66690	10	13	6	8	6	22
AT5G66700	11	7	7	7	3	7
AT5G66710	5	9	4	4	6	5
AT5G66720	1833	1783	1731	1623	1953	1743
AT5G66730	2113	1816	1650	1561	2003	1909
AT5G66740	27	24	8	23	12	26
AT5G66750	255	204	203	191	213	224
AT5G66760	3164	2551	2307	2884	3540	3740
AT5G66770	268	237	249	246	339	332
AT5G66780	1	1	0	2	0	1
AT5G66790	1405	1236	1283	1114	1371	1320
AT5G66800	97	101	74	95	132	122
AT5G66810	890	772	785	725	798	699
AT5G66820	476	350	322	398	500	487
AT5G66830	3	2	1	0	3	8
AT5G66840	21	15	15	16	24	22
AT5G66850	1804	1506	1321	1443	1981	1571
AT5G66860	600	549	522	851	922	582
AT5G66870	20	13	7	18	11	17
AT5G66880	2250	1853	2021	1764	2111	1917
AT5G66890	10	18	8	28	31	11
AT5G66900	1902	1747	1736	1683	2499	2053
AT5G66910	844	727	844	818	1534	969
AT5G66920	373	349	303	342	416	405
AT5G66930	562	480	442	526	530	534
AT5G66940	14	17	7	11	9	20
AT5G66950	739	595	668	671	876	785
AT5G66960	84	70	50	89	121	67
AT5G66985	1	0	0	0	2	1
AT5G67000	0	0	0	1	1	1
AT5G67010	0	0	0	0	1	0
AT5G67020	16	6	15	18	17	18
AT5G67030	12452	9803	5892	5198	2622	6932
AT5G67050	16	11	6	15	20	17
AT5G67060	17	12	8	4	6	2
AT5G67070	2081	1750	1238	1286	1217	1219
AT5G67080	828	639	210	600	401	504
AT5G67090	17	22	16	15	32	30
AT5G67100	487	398	376	324	595	419
AT5G67110	73	61	54	90	126	74
AT5G67120	0	0	0	1	0	0
AT5G67130	1049	870	841	870	918	891
AT5G67140	463	417	265	430	396	416
AT5G67150	344	266	248	254	297	300
AT5G67160	115	81	52	71	70	116
AT5G67170	269	228	196	256	263	198
AT5G67180	337	238	154	229	196	198
AT5G67190	145	144	117	116	58	117
AT5G67200	97	107	73	77	105	110
AT5G67210	167	145	67	95	98	115
AT5G67220	1549	1290	1273	1176	1447	1232
AT5G67230	215	225	196	210	231	237
AT5G67240	727	638	591	697	904	627
AT5G67245	67	50	49	92	85	82
AT5G67250	2838	2453	2368	2302	2880	2511
AT5G67260	941	831	619	794	736	654
AT5G67265	1	0	1	0	1	1
AT5G67270	124	115	111	78	116	159
AT5G67280	847	703	623	693	704	847
AT5G67290	628	550	548	652	669	594
AT5G67300	12836	10678	9225	11640	13073	15749
AT5G67310	151	138	73	178	131	213
AT5G67320	1327	1148	1039	1045	1264	1370
AT5G67330	1291	1235	959	1131	1595	1207
AT5G67340	1034	883	625	897	1468	960
AT5G67350	160	109	97	117	196	121
AT5G67360	4067	3538	3018	3158	3141	4066
AT5G67370	1643	1297	1217	1016	1212	1204
AT5G67380	1436	1288	1066	1086	1126	1202
AT5G67385	2367	1900	1822	1557	1483	1795
AT5G67390	212	180	118	101	53	98
AT5G67400	0	0	0	0	1	0
AT5G67410	26	35	28	32	34	34
AT5G67411	7	4	8	2	12	9
AT5G67420	2848	2756	2676	1896	1533	1921
AT5G67430	4	4	1	3	4	2
AT5G67440	367	333	285	327	364	294
AT5G67450	1001	909	746	885	1343	885
AT5G67460	66	50	45	65	97	75
AT5G67470	784	646	734	801	1234	1184
AT5G67480	2786	2522	4152	2982	3142	2820
AT5G67488	940	758	738	814	846	1025
AT5G67490	895	721	748	780	825	1015
AT5G67500	2950	2426	2434	2789	3517	3108
AT5G67510	971	1043	915	1113	1309	945
AT5G67520	145	140	83	110	76	102
AT5G67530	672	654	616	607	686	677
AT5G67540	556	488	471	497	704	594
AT5G67550	9	7	15	20	31	33
AT5G67560	2048	1981	2099	1959	2282	1947
AT5G67570	851	753	787	691	757	818
AT5G67580	738	710	652	661	775	653
AT5G67590	1782	1895	2003	1978	2262	1613
AT5G67600	312	378	293	433	444	355
AT5G67610	458	441	438	428	537	428
AT5G67620	88	76	78	93	66	113
AT5G67630	710	596	627	763	1027	767
AT5G67640	155	150	141	144	205	169
ATCG00010	37	46	45	44	35	39
ATCG00020	1457	1285	1654	1987	2776	2138
ATCG00030	72	66	51	57	76	65
ATCG00040	37	34	25	37	38	31
ATCG00050	6	4	1	5	2	3
ATCG00060	0	0	0	1	1	3
ATCG00065	16	22	10	13	14	15
ATCG00070	206	147	148	145	193	161
ATCG00080	238	138	138	160	185	122
ATCG00090	72	82	89	89	94	70
ATCG00100	53	64	56	69	99	55
ATCG00110	8	11	8	16	22	12
ATCG00120	513	346	324	302	406	463
ATCG00130	157	117	103	121	141	162
ATCG00140	89	89	73	77	93	87
ATCG00150	100	78	78	58	130	101
ATCG00160	32	18	25	23	20	27
ATCG00170	79	68	54	45	82	103
ATCG00180	185	137	142	65	133	158
ATCG00190	596	495	521	300	425	512
ATCG00200	5	2	1	2	6	3
ATCG00210	15	7	12	12	14	14
ATCG00220	117	101	70	102	112	61
ATCG00230	0	0	0	0	0	1
ATCG00240	1	1	1	0	0	0
ATCG00250	3	2	0	0	2	1
ATCG00260	1	2	1	0	0	0
ATCG00270	334	297	275	378	476	426
ATCG00280	628	593	473	653	772	914
ATCG00290	26	22	12	20	26	28
ATCG00300	22	29	24	23	37	23
ATCG00320	5	1	0	0	7	0
ATCG00330	99	82	88	87	144	144
ATCG00340	590	507	495	599	968	1054
ATCG00350	506	493	426	601	789	883
ATCG00360	20	22	15	23	26	37
ATCG00370	17	11	2	6	9	11
ATCG00380	34	14	21	18	30	16
ATCG00390	1	4	3	4	7	2
ATCG00400	19	16	16	12	27	30
ATCG00410	3	2	2	0	3	0
ATCG00420	70	50	51	55	66	90
ATCG00430	96	82	99	74	96	95
ATCG00440	37	31	35	28	38	39
ATCG00450	198	224	201	273	305	204
ATCG00460	1	0	3	1	0	0
ATCG00470	363	349	386	374	408	332
ATCG00480	1283	1089	1084	1120	1410	1153
ATCG00490	1228	1115	1114	1269	1526	1461
ATCG00500	9	10	17	5	35	43
ATCG00510	11	4	11	8	16	9
ATCG00520	19	19	16	22	23	25
ATCG00530	238	230	230	240	233	164
ATCG00540	148	129	139	135	185	130
ATCG00550	33	59	45	43	58	57
ATCG00560	29	26	23	22	49	34
ATCG00570	32	19	22	19	41	31
ATCG00580	81	69	75	73	78	99
ATCG00590	21	15	10	9	6	6
ATCG00600	12	16	8	16	21	15
ATCG00610	11	4	5	2	12	12
ATCG00620	14	11	12	15	8	10
ATCG00630	313	215	212	198	254	285
ATCG00640	16	10	24	11	24	16
ATCG00650	10	10	8	13	18	10
ATCG00660	14	11	22	6	13	18
ATCG00670	229	192	208	171	211	188
ATCG00680	691	571	578	598	868	913
ATCG00690	68	45	30	38	67	70
ATCG00700	41	40	22	33	54	41
ATCG00710	63	51	47	72	76	89
ATCG00720	161	137	135	169	300	257
ATCG00730	120	77	130	124	151	197
ATCG00740	78	52	36	56	58	62
ATCG00750	48	36	31	24	44	33
ATCG00760	16	18	12	11	16	14
ATCG00770	51	36	28	40	39	45
ATCG00780	102	89	102	74	70	81
ATCG00790	182	143	167	127	182	136
ATCG00800	115	79	100	80	103	97
ATCG00810	75	65	63	60	69	65
ATCG00820	59	51	51	40	54	64
ATCG00830	729	519	505	443	628	511
ATCG00840	75	47	53	42	81	63
ATCG00850	0	0	2	1	0	0
ATCG00860	29	33	33	23	33	43
ATCG00870	2	2	5	0	6	3
ATCG00880	1	1	0	0	0	1
ATCG00890	46	43	47	38	59	54
ATCG00900	82	52	83	60	70	68
ATCG00905	81	55	44	47	46	58
ATCG00910	0	0	1	1	0	0
ATCG00920	10773	11913	8946	16287	15397	15974
ATCG00930	117	121	109	142	154	245
ATCG00940	217	200	180	234	288	420
ATCG00950	19116	21868	16997	31013	31453	26541
ATCG00960	50	76	47	77	87	94
ATCG00970	3	18	28	29	24	12
ATCG00980	0	0	1	0	5	0
ATCG00990	0	0	0	0	0	1
ATCG01000	4	5	8	3	19	6
ATCG01010	29	23	11	15	34	20
ATCG01020	414	344	327	337	409	265
ATCG01040	7	9	3	2	10	4
ATCG01050	50	49	42	78	121	159
ATCG01060	17	6	15	14	31	15
ATCG01070	7	7	11	10	12	16
ATCG01080	11	10	18	19	11	12
ATCG01090	5	10	12	12	11	16
ATCG01100	41	50	30	34	85	55
ATCG01110	10	12	6	13	9	11
ATCG01120	5	1	2	0	3	2
ATCG01130	33	25	23	29	31	31
ATCG01140	3	1	1	0	0	0
ATCG01150	3	0	2	1	1	0
ATCG01160	4	10	32	28	18	7
ATCG01170	54	69	65	73	79	75
ATCG01180	18861	22089	16787	31307	31157	26780
ATCG01190	185	216	207	249	289	429
ATCG01200	101	120	110	136	128	255
ATCG01210	10933	11864	8796	16042	15772	15767
ATCG01220	0	0	4	0	0	0
ATCG01230	66	47	55	40	60	59
ATCG01240	75	64	61	60	87	76
ATCG01250	31	39	53	39	51	43
ATCG01260	0	0	0	1	0	1
ATCG01270	0	0	2	2	2	2
ATCG01280	36	36	35	21	22	40
ATCG01290	0	0	3	0	4	0
ATCG01300	51	47	47	49	57	72
ATCG01310	659	532	535	460	615	540
ATMG00010	3	4	0	3	1	3
ATMG00020	1601	1718	1287	2549	2787	2845
ATMG00030	192	198	163	219	274	280
ATMG00040	29	28	25	32	52	39
ATMG00050	6	3	4	8	9	8
ATMG00060	304	255	261	266	326	295
ATMG00070	20	19	28	20	30	37
ATMG00080	32	44	34	27	55	66
ATMG00090	518	409	401	465	581	566
ATMG00100	2	3	0	1	6	2
ATMG00110	30	26	31	26	56	50
ATMG00120	4	1	2	6	4	8
ATMG00130	0	5	5	8	7	14
ATMG00140	4	6	4	9	16	6
ATMG00150	2	2	2	7	3	1
ATMG00160	306	272	290	304	352	327
ATMG00170	4	1	4	2	10	5
ATMG00180	73	71	55	69	111	71
ATMG00190	1	1	0	2	2	3
ATMG00200	3	1	2	1	5	3
ATMG00210	13	19	16	8	16	23
ATMG00220	14	6	8	12	15	25
ATMG00230	0	0	0	1	0	2
ATMG00250	0	0	0	2	0	0
ATMG00260	3	2	1	3	1	1
ATMG00270	0	1	2	0	1	3
ATMG00280	3	3	6	1	7	8
ATMG00285	15	11	6	18	21	18
ATMG00290	7	17	15	5	18	17
ATMG00300	2	1	1	3	0	2
ATMG00310	2	0	2	1	0	2
ATMG00320	2	0	2	3	2	1
ATMG00330	4	7	5	5	14	7
ATMG00340	5	2	0	2	0	1
ATMG00350	1	0	2	0	3	1
ATMG00360	1	0	0	3	5	1
ATMG00370	9	15	13	8	16	15
ATMG00380	1	3	0	2	2	1
ATMG00400	3	2	2	3	0	1
ATMG00410	12	18	14	26	25	17
ATMG00420	0	0	0	2	0	0
ATMG00430	1	2	1	0	1	0
ATMG00440	0	1	1	1	2	5
ATMG00450	0	0	0	3	3	0
ATMG00460	0	0	0	2	2	2
ATMG00470	0	1	1	2	1	1
ATMG00480	27	19	15	23	36	32
ATMG00490	6	8	7	12	15	8
ATMG00500	5	7	9	6	9	11
ATMG00510	303	279	286	285	353	355
ATMG00513	51	42	40	49	61	57
ATMG00516	45	42	44	51	51	73
ATMG00520	19	21	19	18	22	37
ATMG00530	7	4	6	8	3	4
ATMG00540	0	0	0	1	3	1
ATMG00550	0	0	0	1	1	0
ATMG00560	125	152	115	159	143	182
ATMG00570	1	4	2	3	4	7
ATMG00580	274	248	276	229	339	360
ATMG00590	119	96	104	80	111	124
ATMG00600	1	0	0	0	0	0
ATMG00610	2	7	7	9	17	12
ATMG00620	7	6	9	2	12	5
ATMG00630	9	2	7	2	7	7
ATMG00640	47	52	44	38	53	60
ATMG00650	24	29	27	20	37	24
ATMG00660	53	47	36	56	67	57
ATMG00665	6	4	3	5	7	5
ATMG00670	50	44	56	65	55	71
ATMG00680	0	1	0	2	2	3
ATMG00690	25	27	22	30	38	32
ATMG00700	0	1	0	0	0	0
ATMG00710	3	0	0	1	5	0
ATMG00720	1	3	0	1	0	0
ATMG00730	10	8	3	11	19	13
ATMG00740	2	0	2	1	0	0
ATMG00760	0	0	0	0	1	1
ATMG00770	1	0	0	0	1	0
ATMG00780	9	9	9	11	11	6
ATMG00790	0	1	0	2	0	1
ATMG00810	5	9	8	10	9	11
ATMG00820	1	1	2	1	4	5
ATMG00830	1	3	3	4	4	7
ATMG00840	0	0	2	0	0	0
ATMG00860	0	0	1	0	0	0
ATMG00870	0	1	1	0	0	0
ATMG00890	0	0	0	2	2	0
ATMG00900	2	3	0	4	4	5
ATMG00910	2	0	1	2	0	0
ATMG00920	2	5	2	3	4	5
ATMG00930	1	1	1	0	0	1
ATMG00940	3	3	1	6	6	3
ATMG00950	0	1	0	0	4	0
ATMG00960	7	5	2	4	7	22
ATMG00970	0	2	3	2	7	13
ATMG00980	26	28	25	41	69	136
ATMG00990	17	10	20	26	40	80
ATMG01000	9	8	20	13	26	56
ATMG01010	5	9	8	6	21	35
ATMG01020	3	14	7	9	16	10
ATMG01030	2	0	2	2	5	0
ATMG01040	0	0	1	0	0	0
ATMG01050	2	2	1	5	6	4
ATMG01060	1	1	3	2	11	3
ATMG01080	62	46	61	52	81	86
ATMG01090	53	61	51	73	74	99
ATMG01100	3	2	1	1	3	6
ATMG01110	5	2	3	2	6	5
ATMG01120	15	19	19	16	51	36
ATMG01130	22	12	3	18	13	18
ATMG01140	3	2	1	0	2	0
ATMG01150	1	0	2	0	4	4
ATMG01170	46	40	52	57	77	64
ATMG01180	6	1	4	3	5	2
ATMG01190	102	78	86	101	128	121
ATMG01200	15	31	21	20	31	35
ATMG01210	6	3	6	11	10	7
ATMG01220	17	12	8	19	35	21
ATMG01230	0	1	0	1	2	0
ATMG01250	1	2	0	0	0	3
ATMG01260	1	0	2	2	5	5
ATMG01270	5	4	4	5	9	12
ATMG01275	2	10	5	2	9	11
ATMG01280	11	12	11	13	26	16
ATMG01290	3	0	1	2	5	2
ATMG01300	0	1	0	0	1	1
ATMG01310	0	0	1	5	1	1
ATMG01320	272	250	246	237	260	240
ATMG01330	13	12	11	14	8	15
ATMG01340	0	0	1	2	0	2
ATMG01350	3	3	7	2	8	7
ATMG01360	58	68	78	58	114	102
ATMG01370	89	60	58	80	137	66
ATMG01380	41	36	37	55	54	38
ATMG01390	1536	1681	1140	2259	2154	2089
ATMG01400	1	0	0	2	0	1
ATMG01410	4	8	4	12	8	4
