Geneid	Chesnais_CaMV_Rep1	Chesnais_CaMV_Rep2	Chesnais_CaMV_Rep3	Chesnais_Mock_Rep1	Chesnais_Mock_Rep2	Chesnais_Mock_Rep3
AT1G01010	835	697	462	149	142	117
AT1G01020	404	352	460	309	329	318
AT1G01030	30	37	44	51	23	31
AT1G01040	1826	1855	1089	1623	1325	1257
AT1G01046	3	1	2	2	2	4
AT1G01050	1470	1206	1541	1263	1428	1406
AT1G01060	155	112	237	186	176	31
AT1G01070	136	110	109	106	64	61
AT1G01080	750	725	961	2212	1838	2001
AT1G01090	3294	2998	2605	5057	4409	4197
AT1G01100	4187	4089	4781	2694	2896	2476
AT1G01110	14	16	27	134	127	85
AT1G01120	1977	1880	2030	4229	3619	3925
AT1G01130	90	112	94	113	101	114
AT1G01140	8619	7766	6467	7188	6461	6790
AT1G01150	0	3	0	1	0	3
AT1G01160	1164	1085	1142	857	695	577
AT1G01170	815	710	1604	1666	1579	1650
AT1G01180	651	599	786	600	535	472
AT1G01190	24	35	30	47	43	51
AT1G01200	1	1	8	31	28	22
AT1G01210	357	314	322	165	177	140
AT1G01220	1401	1224	786	1150	927	1002
AT1G01225	20	23	42	63	73	43
AT1G01230	881	760	904	896	844	771
AT1G01240	1923	1499	2034	2053	1702	1473
AT1G01250	19	12	23	60	80	18
AT1G01260	766	683	480	672	576	545
AT1G01290	527	435	459	468	345	312
AT1G01300	1776	1700	1266	2844	2532	2506
AT1G01310	2	0	4	1	1	0
AT1G01320	11864	10631	6039	10736	8860	9137
AT1G01340	1264	1181	663	449	398	354
AT1G01350	1049	821	888	663	493	500
AT1G01355	10	15	12	17	20	11
AT1G01360	228	198	304	323	304	321
AT1G01370	55	65	74	85	50	56
AT1G01380	8	15	31	13	15	9
AT1G01390	85	55	94	112	85	68
AT1G01400	5	1	0	0	0	0
AT1G01410	1	0	0	0	0	0
AT1G01420	242	219	338	265	239	194
AT1G01430	1036	931	1252	2219	1922	2043
AT1G01440	1405	1176	791	990	816	844
AT1G01448	586	535	450	539	431	427
AT1G01450	297	244	157	228	168	180
AT1G01453	136	163	130	4	4	1
AT1G01460	0	0	0	0	0	1
AT1G01470	11830	11159	9805	7474	6581	7011
AT1G01471	1	0	1	1	0	0
AT1G01480	381	278	110	38	44	12
AT1G01490	2153	1903	3124	2165	1613	1429
AT1G01500	841	814	730	611	595	575
AT1G01510	901	873	694	1044	938	816
AT1G01520	24	8	27	11	20	0
AT1G01530	3	3	1	2	3	7
AT1G01540	1271	1190	1143	2485	2113	2317
AT1G01550	12423	10991	10607	8268	7290	6928
AT1G01560	6898	6308	3692	3266	2855	3078
AT1G01570	27	35	33	43	47	40
AT1G01580	4	6	15	10	25	14
AT1G01590	7	7	10	23	15	7
AT1G01600	43	35	66	197	186	124
AT1G01610	1008	888	1044	1534	1404	1513
AT1G01620	1060	1050	2622	4871	4688	5863
AT1G01630	1069	917	786	2030	1627	1557
AT1G01640	157	142	154	80	60	75
AT1G01650	3662	3179	2196	2154	1936	1732
AT1G01660	65	59	59	61	45	30
AT1G01670	159	165	183	97	94	83
AT1G01680	1191	951	1284	168	156	154
AT1G01690	100	92	71	128	99	86
AT1G01695	7	6	13	12	19	17
AT1G01700	30	25	35	44	41	37
AT1G01710	1209	1146	1134	1595	1281	1182
AT1G01720	1485	1446	1222	1079	1078	956
AT1G01725	316	309	513	189	169	168
AT1G01730	1062	920	1129	612	623	573
AT1G01740	370	341	280	278	269	226
AT1G01750	15	11	20	35	17	18
AT1G01760	72	61	42	86	65	75
AT1G01770	726	658	321	814	713	686
AT1G01780	281	242	264	342	297	241
AT1G01790	1236	1066	1302	4694	4250	4852
AT1G01800	1540	1314	1628	1748	1617	1632
AT1G01810	55	55	75	8	9	12
AT1G01820	2753	2498	2806	2125	1911	2023
AT1G01830	946	853	1012	1095	924	758
AT1G01840	15	19	55	38	30	32
AT1G01860	294	255	357	403	351	355
AT1G01880	40	35	48	44	33	29
AT1G01900	52	43	62	150	136	107
AT1G01910	1477	1311	1209	1434	1258	1303
AT1G01920	436	396	246	397	350	324
AT1G01930	617	542	424	503	409	412
AT1G01940	413	409	465	356	273	261
AT1G01950	837	702	499	1048	877	927
AT1G01960	3311	2834	1371	3288	3199	3189
AT1G01970	476	392	509	803	682	801
AT1G01980	0	1	1	0	0	0
AT1G01990	633	619	539	666	586	523
AT1G02000	304	267	215	369	300	320
AT1G02010	344	272	290	323	304	275
AT1G02020	572	554	439	619	513	544
AT1G02030	2	1	2	0	2	0
AT1G02040	4	1	0	1	0	0
AT1G02050	236	267	236	184	157	158
AT1G02060	337	262	100	191	138	160
AT1G02065	23	42	36	54	45	19
AT1G02070	4	4	9	6	11	9
AT1G02074	1	0	1	0	2	0
AT1G02080	5585	4906	2261	3685	3202	3351
AT1G02090	1516	1318	1240	797	695	627
AT1G02100	1152	1024	1023	1307	1136	1041
AT1G02110	365	342	298	586	600	509
AT1G02120	3521	3176	2781	3522	3000	2697
AT1G02130	1087	960	1031	1129	1008	922
AT1G02140	3616	3190	3998	2186	2003	1867
AT1G02145	776	673	710	702	627	639
AT1G02150	2032	1967	2110	3280	2864	2986
AT1G02160	510	444	614	428	436	415
AT1G02170	1699	1741	1477	1342	1133	1193
AT1G02180	27	31	60	102	104	63
AT1G02190	3	6	3	13	11	6
AT1G02205	759	676	896	1735	1269	1248
AT1G02220	436	389	282	148	126	101
AT1G02230	80	86	76	20	30	54
AT1G02250	4	7	2	2	4	0
AT1G02260	733	710	622	532	586	668
AT1G02270	1660	1562	1160	1677	1409	1432
AT1G02280	857	724	1118	1863	1623	1686
AT1G02290	303	270	264	288	220	237
AT1G02300	1351	1112	1702	1152	1002	1060
AT1G02305	5951	5320	5834	3777	3295	3236
AT1G02310	504	492	155	16	19	19
AT1G02320	0	1	2	0	0	0
AT1G02330	878	804	866	593	461	423
AT1G02335	47	44	87	99	65	62
AT1G02340	38	47	149	84	81	48
AT1G02350	32	34	56	75	81	66
AT1G02360	459	465	371	277	249	231
AT1G02370	377	391	244	165	140	134
AT1G02380	370	313	331	92	74	96
AT1G02390	1954	1750	1090	1397	1089	1224
AT1G02400	2501	2207	1405	1221	1107	1031
AT1G02405	29	23	22	49	39	21
AT1G02410	739	635	754	685	641	556
AT1G02420	162	141	64	107	72	96
AT1G02430	120	79	106	68	38	57
AT1G02440	30	17	25	13	9	4
AT1G02450	168	151	236	111	94	152
AT1G02460	31	34	44	56	38	35
AT1G02470	955	852	674	106	123	72
AT1G02475	1881	1735	1851	1646	1376	1527
AT1G02490	1	0	0	4	1	0
AT1G02500	7219	6994	6587	11426	9590	8718
AT1G02510	0	0	0	0	0	1
AT1G02520	32	35	26	11	2	10
AT1G02530	2	1	0	8	4	7
AT1G02550	0	1	0	0	0	0
AT1G02560	10843	9940	9996	11165	10165	11035
AT1G02570	1	3	0	4	0	1
AT1G02575	0	0	1	0	0	0
AT1G02580	4	15	3	7	6	1
AT1G02610	572	527	925	574	506	560
AT1G02620	16	12	23	24	27	30
AT1G02630	1	0	4	9	11	3
AT1G02640	112	98	235	531	479	540
AT1G02650	198	209	168	40	35	31
AT1G02660	3601	3309	2378	4059	3637	3538
AT1G02670	191	221	99	28	35	40
AT1G02680	416	431	572	325	291	294
AT1G02690	293	238	207	194	199	151
AT1G02700	30	31	17	19	21	23
AT1G02710	55	48	26	27	34	42
AT1G02720	99	126	102	332	248	274
AT1G02730	194	153	153	666	527	598
AT1G02740	942	935	841	410	310	245
AT1G02750	981	823	1169	306	247	263
AT1G02770	144	134	128	25	24	27
AT1G02780	10153	9096	10540	13697	12527	10522
AT1G02800	14	18	38	78	58	41
AT1G02810	56	63	45	64	52	55
AT1G02816	331	318	419	277	228	252
AT1G02820	99	107	229	140	184	90
AT1G02830	2	1	2	0	0	0
AT1G02840	2770	2707	3366	2177	2143	1808
AT1G02850	1476	1308	975	394	424	344
AT1G02860	884	752	769	480	422	433
AT1G02870	651	575	517	495	356	325
AT1G02880	838	711	800	676	566	498
AT1G02890	3214	2852	1712	2623	2206	2235
AT1G02900	26	22	51	35	17	27
AT1G02910	1407	1419	1309	1811	1459	1589
AT1G02920	18302	16504	14753	9949	8824	7861
AT1G02930	23285	20686	17604	13845	12974	11614
AT1G02940	1	5	9	8	15	6
AT1G02950	40	25	58	90	72	57
AT1G02952	23	14	33	49	40	31
AT1G02960	516	431	469	644	510	536
AT1G02970	102	70	66	59	67	45
AT1G02980	1	1	0	0	0	0
AT1G02990	1044	947	576	844	680	726
AT1G03000	1244	1116	789	1122	964	858
AT1G03010	17	15	34	83	87	80
AT1G03020	37	40	40	37	31	24
AT1G03030	580	517	584	433	345	339
AT1G03040	1309	1184	1050	971	825	838
AT1G03050	1	8	0	1	0	0
AT1G03055	38	31	69	81	60	43
AT1G03060	1903	1729	642	2217	1877	1181
AT1G03070	9	8	11	7	7	4
AT1G03080	3063	2766	1547	2853	2132	2062
AT1G03090	1233	1135	1013	1380	1129	1169
AT1G03100	238	233	119	79	91	100
AT1G03103	0	1	0	0	0	0
AT1G03106	1	0	0	0	0	0
AT1G03110	483	421	308	299	252	189
AT1G03120	6	1	7	3	6	10
AT1G03130	7269	6966	17648	48971	37440	33174
AT1G03140	1754	1710	2013	1518	1273	1098
AT1G03150	536	421	579	432	419	377
AT1G03160	1554	1391	1098	2391	2057	2245
AT1G03170	3	6	1	9	12	13
AT1G03180	55	34	53	51	42	40
AT1G03190	423	357	291	345	268	234
AT1G03200	86	78	45	41	21	28
AT1G03210	579	473	544	518	519	469
AT1G03220	5483	5561	2586	3166	3131	3018
AT1G03230	559	595	616	1020	1021	1041
AT1G03240	0	0	0	1	0	0
AT1G03250	951	879	920	862	678	706
AT1G03260	313	324	261	298	244	289
AT1G03270	25	22	33	105	84	87
AT1G03280	1550	1352	1321	1209	974	909
AT1G03290	2932	2570	2207	1429	1183	1239
AT1G03300	145	114	79	145	112	124
AT1G03310	1360	1198	1012	2493	2164	2457
AT1G03320	5	2	2	4	4	5
AT1G03330	812	678	1048	581	534	521
AT1G03340	438	402	325	157	135	112
AT1G03350	1747	1541	1355	1232	987	1061
AT1G03360	452	367	344	243	227	170
AT1G03365	605	563	466	538	501	503
AT1G03370	3365	3027	1464	3068	2478	2670
AT1G03380	1971	1752	1364	2080	1749	1509
AT1G03390	4	1	6	4	3	0
AT1G03400	2077	1945	2007	1404	1106	1125
AT1G03410	657	607	643	1105	883	892
AT1G03430	841	830	1110	772	647	634
AT1G03440	1723	1691	1481	487	401	366
AT1G03445	2	2	3	1	3	0
AT1G03457	76	56	69	134	139	131
AT1G03470	98	92	64	91	86	115
AT1G03475	4976	4448	4255	5464	4756	5632
AT1G03490	0	0	1	0	0	0
AT1G03495	476	391	330	398	336	221
AT1G03502	7	11	10	12	7	11
AT1G03506	7	6	12	4	7	8
AT1G03510	80	45	36	66	40	49
AT1G03515	0	0	0	0	1	0
AT1G03520	367	333	374	430	409	398
AT1G03530	744	698	420	299	260	247
AT1G03540	68	64	4	41	36	27
AT1G03545	194	171	132	294	254	246
AT1G03550	280	236	244	476	429	392
AT1G03560	245	187	157	284	192	255
AT1G03590	676	577	589	607	547	496
AT1G03600	2402	2524	5566	8493	8599	7978
AT1G03610	1184	1067	1386	2080	1968	1528
AT1G03620	132	139	163	51	59	49
AT1G03630	2418	2241	2839	5820	5416	5942
AT1G03650	226	176	182	84	59	93
AT1G03660	355	271	392	9	16	8
AT1G03670	1	0	1	0	2	1
AT1G03680	4495	4151	6116	8643	8228	9013
AT1G03687	254	243	261	302	232	249
AT1G03700	1	2	1	0	0	0
AT1G03710	5	4	9	10	10	8
AT1G03730	957	940	933	1182	985	1015
AT1G03740	5013	4433	2492	6093	4943	5420
AT1G03743	1	0	0	1	0	0
AT1G03746	0	1	0	0	0	0
AT1G03750	262	224	172	195	209	152
AT1G03760	615	515	506	231	193	176
AT1G03770	237	189	152	175	138	103
AT1G03780	42	53	63	230	176	132
AT1G03790	19	34	3	1	0	1
AT1G03800	0	3	3	4	2	4
AT1G03810	0	0	4	0	0	0
AT1G03820	187	171	413	220	177	153
AT1G03830	426	388	219	256	196	188
AT1G03840	14	5	21	11	10	1
AT1G03850	1532	1337	1382	407	364	373
AT1G03860	2091	1841	1454	1368	1266	1290
AT1G03870	439	407	742	1877	1725	2210
AT1G03890	0	0	0	1	0	0
AT1G03900	2502	2391	2136	2233	2092	2034
AT1G03905	91	76	87	67	58	45
AT1G03910	1984	1701	1263	1600	1174	1252
AT1G03920	9	5	7	29	27	21
AT1G03930	837	808	825	2010	1591	1446
AT1G03935	27	15	28	51	32	44
AT1G03940	316	322	262	199	163	130
AT1G03950	601	549	506	451	340	394
AT1G03960	555	467	355	471	382	346
AT1G03970	1443	1292	1355	1367	1099	1147
AT1G03980	677	623	811	674	570	579
AT1G03982	0	0	0	0	1	0
AT1G03990	132	134	109	103	110	101
AT1G04000	272	298	318	412	379	330
AT1G04010	230	224	194	374	295	350
AT1G04020	136	135	125	213	182	161
AT1G04030	269	260	323	869	739	1139
AT1G04040	501	448	587	2943	2443	4021
AT1G04050	40	44	35	106	97	60
AT1G04070	274	275	279	84	87	66
AT1G04080	4249	3763	2418	2823	2463	2369
AT1G04090	16	13	17	15	9	8
AT1G04100	173	179	204	149	169	119
AT1G04110	23	14	46	82	75	80
AT1G04120	1987	1625	935	1421	1300	1220
AT1G04130	354	265	266	229	179	167
AT1G04140	4768	4245	2592	3366	3060	2995
AT1G04150	2	0	1	6	0	0
AT1G04160	80	52	51	305	250	281
AT1G04170	3763	3328	2611	2255	1943	2069
AT1G04180	0	0	0	7	2	3
AT1G04190	788	659	819	640	580	598
AT1G04200	1674	1537	771	1364	1185	1161
AT1G04210	2944	2671	1374	2004	1847	1799
AT1G04220	108	98	84	87	66	33
AT1G04230	573	546	467	342	342	314
AT1G04240	351	294	568	1617	1245	1163
AT1G04250	11	14	77	324	290	256
AT1G04260	525	474	614	317	279	285
AT1G04270	5982	5277	6372	5446	5334	4697
AT1G04280	1473	1322	1575	1321	1172	956
AT1G04290	255	223	390	279	277	216
AT1G04295	161	135	236	183	181	147
AT1G04300	3182	2840	1672	2904	2248	2095
AT1G04310	176	140	141	206	183	102
AT1G04330	1	3	3	6	10	2
AT1G04340	610	541	547	455	421	384
AT1G04350	2400	2128	2630	1652	1498	1187
AT1G04360	46	60	66	124	115	85
AT1G04370	4	5	1	1	0	1
AT1G04380	3	0	3	1	0	1
AT1G04390	458	383	332	327	298	335
AT1G04400	8405	7318	6465	6869	5766	6209
AT1G04410	23066	20685	18461	19411	19811	20254
AT1G04420	1023	959	1281	2943	2664	3162
AT1G04425	20	11	56	62	53	37
AT1G04430	2999	2608	2005	5043	4262	5149
AT1G04440	5839	5132	4021	3603	3211	2844
AT1G04445	8	5	7	2	4	4
AT1G04450	1	4	2	0	0	0
AT1G04480	2560	2348	3059	1909	2040	1804
AT1G04490	40	33	26	37	43	38
AT1G04500	72	53	26	11	3	6
AT1G04510	2307	2034	1471	1268	1142	1135
AT1G04520	97	96	94	283	233	170
AT1G04530	1657	1562	2090	2168	1763	1434
AT1G04540	48	40	44	113	91	65
AT1G04550	637	558	673	521	428	376
AT1G04555	273	250	373	227	162	139
AT1G04570	53	39	71	52	39	18
AT1G04580	73	86	13	9	6	9
AT1G04590	572	456	452	545	439	386
AT1G04600	449	372	165	249	162	124
AT1G04610	0	0	1	2	1	0
AT1G04620	1079	1072	535	411	403	1114
AT1G04625	2	0	7	0	3	0
AT1G04630	618	584	690	578	583	576
AT1G04635	66	67	93	38	40	27
AT1G04640	658	646	876	895	729	857
AT1G04645	3	4	4	2	4	9
AT1G04650	284	243	221	86	79	70
AT1G04660	4	1	4	35	29	14
AT1G04670	3	5	4	1	0	1
AT1G04680	969	922	1314	3881	3351	2997
AT1G04690	4984	4347	3934	3123	2872	2776
AT1G04700	17	30	14	82	37	43
AT1G04710	553	493	334	595	514	496
AT1G04730	229	223	180	172	130	135
AT1G04750	2437	2203	2487	2083	1841	1927
AT1G04760	13	15	23	41	40	39
AT1G04770	560	437	739	664	528	363
AT1G04778	2	1	3	4	5	6
AT1G04780	3162	2765	1685	2778	2128	2258
AT1G04790	1189	1001	888	751	678	625
AT1G04800	231	255	501	1504	1161	1170
AT1G04810	2915	2642	1801	1569	1467	1435
AT1G04820	4006	3655	3495	9135	8204	8717
AT1G04830	728	593	638	588	490	464
AT1G04840	90	82	38	39	41	31
AT1G04850	3215	2880	3071	2552	2121	1826
AT1G04860	1570	1455	816	1250	1006	1056
AT1G04870	1583	1377	1296	747	679	661
AT1G04880	3	9	2	1	5	1
AT1G04900	311	290	141	244	234	193
AT1G04910	890	812	710	1036	871	866
AT1G04920	29	33	40	35	53	44
AT1G04930	150	134	113	93	79	86
AT1G04940	1547	1448	1744	1679	1661	1783
AT1G04945	2255	2087	2215	1856	1832	1930
AT1G04950	783	730	636	919	729	725
AT1G04960	1293	1237	1009	902	736	750
AT1G04970	2373	2123	1994	1194	1045	1023
AT1G04980	698	617	398	404	345	313
AT1G04985	1130	1018	1200	946	746	740
AT1G04990	2713	2390	1920	1230	1016	1178
AT1G05000	408	403	307	67	70	79
AT1G05010	15007	13413	11610	10210	8785	7986
AT1G05020	115	84	60	161	98	121
AT1G05030	485	393	408	508	428	512
AT1G05040	54	46	53	0	0	1
AT1G05055	574	488	521	253	255	241
AT1G05060	890	826	857	605	590	476
AT1G05065	17	13	31	18	38	27
AT1G05070	439	471	643	556	541	548
AT1G05080	8	10	7	0	0	0
AT1G05090	515	475	375	418	388	402
AT1G05100	152	154	51	54	45	12
AT1G05120	1677	1390	863	740	601	646
AT1G05136	16	20	5	52	40	30
AT1G05140	1343	1367	1551	1395	1178	1310
AT1G05150	824	732	675	897	762	867
AT1G05160	539	474	419	311	283	280
AT1G05170	434	443	446	514	403	335
AT1G05180	1688	1528	1226	1073	906	860
AT1G05190	2347	2082	4111	11034	8230	9337
AT1G05200	1870	1755	1438	1956	1742	1603
AT1G05205	203	144	231	257	255	242
AT1G05210	57	62	72	87	64	92
AT1G05220	165	177	307	130	144	154
AT1G05230	1089	1030	864	836	724	700
AT1G05240	0	0	0	2	1	0
AT1G05250	0	1	0	2	1	2
AT1G05260	1	1	4	9	5	10
AT1G05270	973	859	922	909	757	749
AT1G05300	652	697	816	221	221	310
AT1G05310	46	38	75	69	78	66
AT1G05320	552	467	500	938	779	769
AT1G05330	16	10	6	1	1	4
AT1G05340	1971	1840	1380	278	244	192
AT1G05350	680	614	490	770	667	697
AT1G05360	403	362	461	328	287	319
AT1G05370	41	32	33	33	50	33
AT1G05380	1172	1015	510	1217	1047	1070
AT1G05385	178	143	309	593	485	552
AT1G05400	44	40	55	19	9	21
AT1G05410	567	504	506	414	345	352
AT1G05420	7	2	11	18	12	5
AT1G05430	627	607	657	760	654	593
AT1G05440	6	8	15	39	23	34
AT1G05450	10	18	15	0	1	1
AT1G05460	398	318	207	389	338	306
AT1G05470	105	92	120	267	189	210
AT1G05490	570	495	340	29	30	21
AT1G05500	1450	1409	1512	1530	1355	1239
AT1G05510	7	5	7	0	2	3
AT1G05520	1698	1619	784	1119	900	927
AT1G05530	1	0	1	1	3	4
AT1G05540	10	17	32	71	66	74
AT1G05550	7	8	10	10	10	6
AT1G05560	402	384	362	545	434	564
AT1G05562	332	326	318	458	365	477
AT1G05570	6105	5496	2348	2866	2596	2800
AT1G05575	1767	1531	1902	1557	1554	1365
AT1G05577	5	1	2	4	1	0
AT1G05590	304	269	257	544	380	363
AT1G05600	213	210	188	202	209	200
AT1G05610	15	20	11	9	10	7
AT1G05620	275	267	248	565	447	421
AT1G05630	689	551	467	1191	1008	1103
AT1G05640	47	38	19	47	55	50
AT1G05670	488	474	271	268	318	245
AT1G05675	788	741	513	1433	1068	984
AT1G05680	302	297	274	17	7	3
AT1G05690	220	197	252	162	142	146
AT1G05700	5	2	2	0	1	4
AT1G05710	1345	1192	868	235	214	224
AT1G05720	897	761	860	647	587	517
AT1G05730	164	153	138	92	79	98
AT1G05740	2	4	2	4	0	1
AT1G05750	276	231	173	213	198	210
AT1G05760	30	31	60	47	37	41
AT1G05770	11	4	10	15	13	4
AT1G05780	142	136	176	122	100	92
AT1G05785	262	239	247	169	152	174
AT1G05790	835	831	610	817	622	678
AT1G05800	17	22	29	11	13	0
AT1G05805	2298	2128	2045	1937	1733	1790
AT1G05810	129	111	140	260	265	275
AT1G05820	77	86	46	58	63	58
AT1G05830	1072	969	621	1062	896	849
AT1G05835	66	65	142	162	143	90
AT1G05840	1023	937	1034	929	863	788
AT1G05850	4828	4584	5591	20808	17160	16638
AT1G05860	262	240	325	354	231	243
AT1G05870	310	287	493	400	393	270
AT1G05880	108	83	74	16	5	6
AT1G05890	2914	2700	2243	2311	1791	1695
AT1G05894	27	15	27	18	11	12
AT1G05900	467	496	605	548	469	434
AT1G05910	1270	1145	651	949	846	768
AT1G05930	7	4	7	1	0	0
AT1G05940	2026	1904	1358	1336	1175	1252
AT1G05950	210	195	156	146	121	69
AT1G05960	1243	1043	872	1870	1578	1753
AT1G05970	259	227	337	177	194	180
AT1G05990	5	7	8	0	0	0
AT1G06000	1674	1558	1371	1190	978	757
AT1G06002	1003	901	876	655	495	420
AT1G06010	192	162	230	252	249	232
AT1G06020	12	23	8	16	7	4
AT1G06030	4	7	5	6	2	1
AT1G06040	6457	5775	9595	6298	5844	4232
AT1G06050	462	378	415	303	299	241
AT1G06060	561	509	591	708	646	544
AT1G06070	1678	1470	1219	542	493	483
AT1G06080	17	21	74	309	331	152
AT1G06090	11	4	9	13	17	3
AT1G06100	7	10	25	73	50	56
AT1G06110	2217	1995	1893	1183	1140	968
AT1G06120	0	2	2	1	0	0
AT1G06130	3036	2718	2326	1512	1238	1048
AT1G06135	56	55	28	16	21	8
AT1G06137	15	12	19	5	4	0
AT1G06140	108	105	20	62	59	64
AT1G06148	13	11	16	8	9	5
AT1G06149	864	737	579	995	792	783
AT1G06150	1018	857	696	1119	869	848
AT1G06160	268	234	702	373	381	285
AT1G06170	0	2	0	10	7	3
AT1G06180	215	232	300	121	115	71
AT1G06190	1260	1141	1063	2229	1759	1971
AT1G06200	1306	1247	1445	1512	1473	1368
AT1G06210	1213	1098	1085	945	756	707
AT1G06220	2975	2596	1572	1739	1586	1471
AT1G06230	2656	2365	1476	1994	1562	1464
AT1G06240	236	204	230	464	355	384
AT1G06250	80	83	63	53	59	37
AT1G06260	26	25	22	68	51	41
AT1G06265	85	82	91	199	129	133
AT1G06270	128	99	97	74	76	91
AT1G06290	2431	2214	1606	2190	1834	1670
AT1G06310	0	3	1	0	2	0
AT1G06340	1	0	3	0	0	1
AT1G06350	32	27	61	60	43	27
AT1G06360	179	198	394	934	760	766
AT1G06380	465	418	386	208	143	196
AT1G06390	1452	1251	1269	1686	1462	1439
AT1G06400	2473	2204	2832	1921	1591	1492
AT1G06410	5704	4778	3000	6002	4658	5361
AT1G06420	7	1	8	39	23	21
AT1G06430	5720	5070	3961	4009	3412	2812
AT1G06440	244	197	110	72	100	87
AT1G06450	539	477	416	217	180	218
AT1G06460	9991	9302	7629	8171	7182	11188
AT1G06470	1430	1176	911	973	826	998
AT1G06475	26	30	44	18	22	25
AT1G06490	59	50	31	103	70	67
AT1G06500	270	279	357	405	306	306
AT1G06510	432	408	435	734	668	632
AT1G06515	331	326	417	469	341	431
AT1G06520	424	423	190	54	50	40
AT1G06530	1814	1647	1676	1284	954	938
AT1G06540	3	3	2	1	3	2
AT1G06550	370	298	350	744	671	588
AT1G06560	525	444	319	393	316	320
AT1G06570	1821	1674	1784	1289	1049	562
AT1G06580	113	90	71	125	91	95
AT1G06590	579	482	384	258	277	214
AT1G06610	0	1	0	0	0	0
AT1G06620	986	956	821	899	759	446
AT1G06630	980	813	935	835	758	698
AT1G06640	1161	1044	1254	5238	4249	3582
AT1G06645	1285	1186	1343	316	280	295
AT1G06650	3943	3680	3645	2687	2216	2068
AT1G06660	21	31	44	53	42	43
AT1G06670	2872	2480	1264	1311	1161	1095
AT1G06680	26453	24337	56796	128699	123843	122112
AT1G06690	1050	987	995	1045	1032	1005
AT1G06700	2424	2167	2433	2228	1915	1938
AT1G06710	312	272	98	151	142	137
AT1G06720	1816	1595	583	866	666	649
AT1G06730	548	431	410	433	306	328
AT1G06750	68	80	86	54	64	56
AT1G06760	4933	4631	7328	2483	2955	2589
AT1G06770	367	319	339	254	231	193
AT1G06780	793	692	503	541	400	416
AT1G06790	466	359	498	285	243	220
AT1G06800	459	435	368	397	372	355
AT1G06810	3	3	6	0	1	0
AT1G06820	1092	905	720	1233	934	989
AT1G06830	48	67	86	134	84	158
AT1G06840	1100	1039	696	831	694	626
AT1G06850	125	97	121	324	329	304
AT1G06870	842	704	661	525	441	477
AT1G06890	2217	2058	1570	1684	1516	1826
AT1G06900	1214	1041	680	1176	1103	1167
AT1G06910	197	181	196	169	141	124
AT1G06920	2	0	0	3	1	1
AT1G06923	1	0	0	0	0	0
AT1G06930	1	0	0	3	1	0
AT1G06950	4880	4336	2417	4418	3682	4308
AT1G06960	334	339	427	374	400	335
AT1G06970	2	2	5	6	1	5
AT1G06980	4	1	5	26	24	34
AT1G06990	0	0	0	0	0	1
AT1G07000	6902	6214	3349	6543	5855	5677
AT1G07010	1519	1350	1523	1454	1129	908
AT1G07020	385	334	405	388	292	354
AT1G07030	812	718	579	488	493	453
AT1G07040	2123	1780	1362	1107	1006	1156
AT1G07050	796	703	264	125	111	1213
AT1G07051	0	2	0	0	0	1
AT1G07060	7	8	3	0	0	2
AT1G07070	210	158	206	288	296	266
AT1G07080	4084	3786	4059	3418	3166	2947
AT1G07090	946	1010	961	183	209	170
AT1G07110	3491	3075	2663	3977	3510	3915
AT1G07119	65	54	49	50	31	31
AT1G07120	75	47	50	52	25	32
AT1G07128	363	374	355	281	279	275
AT1G07130	415	404	375	308	311	291
AT1G07135	11394	10312	10639	12983	11874	13204
AT1G07140	4022	3739	3095	4320	3522	3734
AT1G07150	272	259	243	197	201	190
AT1G07160	202	194	47	124	116	107
AT1G07170	459	379	580	460	366	388
AT1G07175	0	0	1	0	1	0
AT1G07180	583	537	934	1532	1239	568
AT1G07200	481	393	378	634	568	520
AT1G07210	661	570	580	741	614	529
AT1G07220	1095	983	677	611	463	502
AT1G07230	2386	2186	1698	1855	1573	1428
AT1G07240	1128	1011	1119	1587	1370	1417
AT1G07250	655	673	877	1223	1183	972
AT1G07260	46	40	68	285	236	124
AT1G07270	29	24	18	20	28	30
AT1G07280	3910	3657	4333	4622	3762	4477
AT1G07290	61	62	69	29	20	28
AT1G07300	202	174	217	164	149	108
AT1G07310	1598	1510	1260	1392	1369	1303
AT1G07320	2147	1986	3024	6981	6047	6225
AT1G07330	2	0	0	11	9	2
AT1G07340	0	2	0	0	0	1
AT1G07350	1984	1781	1410	675	671	619
AT1G07360	2543	2365	1650	1374	1137	1049
AT1G07370	328	299	375	307	279	276
AT1G07380	672	667	423	424	385	315
AT1G07390	542	450	331	159	139	125
AT1G07400	84	70	45	23	8	18
AT1G07410	31	32	33	44	41	29
AT1G07420	1193	1101	1001	986	882	1164
AT1G07430	236	205	187	98	64	53
AT1G07440	1079	1003	1406	1408	1420	1631
AT1G07450	17	24	36	22	15	10
AT1G07470	1270	1110	1050	885	721	666
AT1G07473	5	4	10	0	2	7
AT1G07476	2	0	0	0	1	0
AT1G07480	1087	898	1007	859	770	708
AT1G07485	7	14	28	52	72	56
AT1G07490	6	12	26	44	60	53
AT1G07500	517	434	655	43	35	10
AT1G07510	2385	2318	1417	1346	1086	946
AT1G07520	1051	962	790	970	843	904
AT1G07530	2768	2531	1904	1494	1278	1122
AT1G07570	327	262	432	325	269	175
AT1G07590	27577	23398	38881	14135	13456	12068
AT1G07600	1155	1327	1968	456	527	546
AT1G07610	657	569	768	244	227	153
AT1G07615	245	229	165	206	185	189
AT1G07620	1849	1531	1337	559	448	318
AT1G07630	2618	2365	1685	1200	1040	928
AT1G07640	786	653	555	409	372	437
AT1G07645	1	0	0	0	0	0
AT1G07650	2778	2501	1881	3400	2903	3195
AT1G07660	748	591	1024	628	574	513
AT1G07670	2708	2398	1330	1795	1601	1535
AT1G07690	0	0	1	0	0	0
AT1G07700	2010	1756	2378	1936	1778	1457
AT1G07702	0	0	1	0	0	0
AT1G07705	1251	1143	784	792	642	696
AT1G07710	31	31	29	26	18	13
AT1G07720	1662	1427	1496	2303	1856	1937
AT1G07725	637	622	630	415	338	355
AT1G07728	662	635	694	421	350	366
AT1G07730	123	138	88	41	41	44
AT1G07740	361	347	187	130	110	119
AT1G07745	236	255	275	228	192	207
AT1G07747	0	1	0	0	0	0
AT1G07750	1390	1198	1591	1011	943	807
AT1G07770	2297	2095	3075	5075	4725	4066
AT1G07780	422	500	397	539	398	469
AT1G07790	508	460	673	404	406	336
AT1G07795	2	1	0	0	1	0
AT1G07810	2483	2199	1320	1432	1159	1215
AT1G07820	1091	971	1967	1316	1066	983
AT1G07830	531	480	532	295	284	277
AT1G07840	746	589	559	444	369	321
AT1G07850	3	4	6	2	2	3
AT1G07860	8	6	4	2	2	3
AT1G07870	1839	1744	1162	859	751	612
AT1G07880	50	24	46	54	60	63
AT1G07885	1	3	2	1	1	0
AT1G07890	23650	21446	21886	11596	12487	12708
AT1G07900	346	308	330	73	61	31
AT1G07901	84	52	88	76	73	72
AT1G07910	787	701	469	740	631	635
AT1G07920	26642	24970	16508	17287	15438	14386
AT1G07930	25416	23060	16086	13040	12631	12087
AT1G07940	15274	13881	10086	9620	10310	9603
AT1G07950	341	300	407	335	293	255
AT1G07960	639	543	777	634	505	507
AT1G07970	545	500	366	432	392	351
AT1G07980	312	326	328	330	262	210
AT1G07985	6	5	24	19	11	11
AT1G07990	2578	2241	1651	1879	1500	1496
AT1G08000	232	224	188	252	206	215
AT1G08005	0	0	0	0	2	0
AT1G08010	529	409	487	625	475	442
AT1G08030	634	530	565	640	446	496
AT1G08035	7	2	10	4	5	3
AT1G08040	578	555	509	866	712	680
AT1G08050	842	898	444	264	238	241
AT1G08060	959	872	452	917	803	652
AT1G08070	132	117	65	57	46	68
AT1G08080	6	5	11	0	2	2
AT1G08090	8	11	5	8	7	2
AT1G08110	1638	1606	1955	3223	2740	2541
AT1G08115	198	210	449	10	8	8
AT1G08120	23	6	8	1	0	0
AT1G08125	618	550	621	539	422	393
AT1G08130	1343	1235	959	711	588	611
AT1G08140	1	0	0	0	0	0
AT1G08150	1	0	0	0	0	0
AT1G08160	55	44	64	75	77	66
AT1G08165	5	11	8	21	17	19
AT1G08170	2	2	6	2	3	1
AT1G08180	59	56	98	92	71	48
AT1G08190	1821	1448	1044	3201	2741	2699
AT1G08200	2057	1815	2087	6575	5617	4819
AT1G08210	452	483	525	578	527	439
AT1G08220	373	385	293	109	128	105
AT1G08230	439	422	448	519	479	344
AT1G08250	175	170	187	175	175	116
AT1G08260	6122	5393	2072	462	417	384
AT1G08270	824	792	911	94	91	74
AT1G08280	106	98	111	143	170	111
AT1G08290	165	140	118	68	57	65
AT1G08300	237	181	136	120	104	124
AT1G08310	52	61	79	31	31	43
AT1G08315	759	804	669	357	348	401
AT1G08320	37	40	21	2	2	2
AT1G08340	19	14	20	27	27	14
AT1G08350	286	313	255	273	218	287
AT1G08360	3130	2818	3308	5010	4805	4205
AT1G08370	1998	1777	1529	849	706	704
AT1G08380	14405	13605	32487	70800	67480	66959
AT1G08390	69	50	135	185	198	156
AT1G08400	256	252	253	129	155	130
AT1G08410	1486	1338	1089	538	456	414
AT1G08420	2930	2600	1330	2153	1897	1825
AT1G08430	0	0	0	2	0	2
AT1G08440	0	4	1	12	6	10
AT1G08450	11133	10148	7779	8372	6223	5378
AT1G08460	1378	1247	1171	1206	1045	1043
AT1G08465	319	325	415	428	377	326
AT1G08470	305	313	339	545	425	455
AT1G08480	1465	1334	1660	1240	1383	1247
AT1G08490	1795	1602	1490	1195	1275	1310
AT1G08500	37	24	66	47	42	70
AT1G08510	2870	2512	2512	4735	3679	3978
AT1G08520	3656	3372	3279	8218	7190	7705
AT1G08530	264	267	294	388	349	372
AT1G08540	1686	1527	1605	3281	2732	2948
AT1G08550	1823	1645	2034	3854	3011	3641
AT1G08560	90	92	135	340	294	257
AT1G08570	3226	2859	4204	2164	1966	1851
AT1G08580	1135	1049	1321	548	479	451
AT1G08590	190	176	162	146	126	119
AT1G08592	163	154	130	115	103	99
AT1G08600	1849	1543	822	1004	781	687
AT1G08610	404	383	251	318	277	271
AT1G08620	1431	1276	757	1227	1011	1000
AT1G08630	109	86	110	62	56	16
AT1G08640	2385	2078	1901	2433	2130	2359
AT1G08650	1941	1780	1871	2607	2216	2267
AT1G08660	809	700	717	1173	986	1018
AT1G08680	1283	1105	746	1179	1066	987
AT1G08695	0	0	0	0	1	0
AT1G08700	802	738	790	810	732	634
AT1G08710	388	314	374	303	252	254
AT1G08720	2173	1911	1034	1287	1186	1228
AT1G08730	7	3	3	23	17	14
AT1G08750	512	454	526	342	329	370
AT1G08760	704	702	510	614	480	489
AT1G08770	495	532	482	338	362	295
AT1G08780	262	262	371	380	308	309
AT1G08800	1183	1028	612	1258	1073	1000
AT1G08810	110	76	120	180	128	155
AT1G08820	1898	1690	1348	1509	1103	1013
AT1G08830	11852	10938	12498	6388	6663	4227
AT1G08840	394	407	475	316	311	246
AT1G08845	257	217	223	143	138	125
AT1G08860	57	48	16	13	6	16
AT1G08880	1608	1638	2388	1008	951	935
AT1G08890	1114	1051	971	1398	1178	1548
AT1G08900	1448	1240	1498	1435	1510	1406
AT1G08910	1526	1502	1068	838	711	620
AT1G08920	2469	2236	1756	1231	1168	874
AT1G08930	15951	14359	10233	14729	13426	15255
AT1G08940	622	598	560	336	273	313
AT1G08960	332	272	188	373	324	334
AT1G08970	1548	1532	1442	990	891	758
AT1G08980	2846	2592	2955	4854	4278	4674
AT1G08985	0	0	0	1	0	1
AT1G08990	4	9	4	1	0	0
AT1G09000	86	82	50	79	56	72
AT1G09010	3101	2780	2182	2481	2370	2152
AT1G09020	1753	1676	1194	1635	1401	1419
AT1G09040	193	225	145	169	159	145
AT1G09050	289	248	136	241	192	182
AT1G09060	2690	2399	1564	1855	1640	1598
AT1G09070	58963	57543	49443	35006	30540	29166
AT1G09080	181	201	99	133	138	126
AT1G09090	1	1	3	1	0	0
AT1G09100	1470	1236	1096	874	722	609
AT1G09130	6224	5814	4748	7174	5422	5454
AT1G09140	2419	2157	2110	1379	1291	1212
AT1G09150	1233	1128	1303	972	946	827
AT1G09155	3	1	4	6	3	7
AT1G09157	1	9	1	10	5	3
AT1G09160	945	842	618	1274	1052	1054
AT1G09170	9	7	13	56	32	31
AT1G09176	41	61	65	5	9	2
AT1G09180	277	272	436	70	75	50
AT1G09190	173	142	85	86	65	91
AT1G09195	324	324	320	333	280	303
AT1G09200	757	768	1543	787	825	690
AT1G09210	5755	5366	3688	5471	4189	3669
AT1G09220	81	87	64	46	42	41
AT1G09230	931	876	707	557	505	429
AT1G09240	2076	1843	2326	406	408	250
AT1G09250	377	379	525	378	372	299
AT1G09260	0	0	2	1	0	0
AT1G09270	2162	1978	1601	1580	1466	1329
AT1G09280	1034	990	928	686	593	501
AT1G09290	353	344	327	281	203	219
AT1G09300	474	451	277	317	253	275
AT1G09310	3714	3364	5712	22717	18823	15455
AT1G09320	429	417	291	254	177	224
AT1G09330	1343	1225	1306	1059	855	896
AT1G09340	5700	5360	9631	17426	14977	14170
AT1G09350	19	23	113	266	226	193
AT1G09370	0	2	1	4	2	2
AT1G09380	114	116	21	5	2	2
AT1G09390	265	250	275	777	674	588
AT1G09400	45	39	24	22	33	17
AT1G09410	65	69	35	41	40	39
AT1G09415	169	183	384	764	569	570
AT1G09420	341	285	258	212	151	122
AT1G09421	88	71	98	60	44	46
AT1G09430	3192	2751	2513	3462	2969	2846
AT1G09440	75	65	84	339	254	259
AT1G09450	35	49	31	56	63	38
AT1G09460	50	44	61	65	50	36
AT1G09470	35	35	40	67	57	47
AT1G09480	174	171	253	122	133	127
AT1G09483	0	3	6	0	0	0
AT1G09490	663	576	846	908	829	806
AT1G09500	969	813	222	78	70	41
AT1G09510	9	5	1	1	1	0
AT1G09520	580	516	536	309	313	303
AT1G09530	916	783	647	610	574	458
AT1G09540	2	0	2	2	0	2
AT1G09560	7155	6560	5093	3301	3075	2592
AT1G09570	3361	2997	2328	4047	3846	3306
AT1G09575	223	203	211	444	396	465
AT1G09580	119	137	136	244	200	188
AT1G09590	2696	2503	2467	2624	2197	1976
AT1G09600	3	8	0	13	9	10
AT1G09610	8	8	12	14	7	5
AT1G09620	5153	4586	2707	3687	3281	3294
AT1G09630	294	268	348	546	411	400
AT1G09640	9612	8844	6873	6885	6281	6054
AT1G09645	767	704	815	651	574	578
AT1G09650	4	9	4	8	11	6
AT1G09660	723	674	719	936	735	757
AT1G09665	0	1	0	1	0	1
AT1G09680	187	146	88	94	93	106
AT1G09690	4298	3754	4208	5157	4710	4378
AT1G09700	441	379	299	368	302	265
AT1G09710	249	223	238	228	223	170
AT1G09730	1957	1769	1208	1305	1060	1048
AT1G09740	501	517	519	486	503	374
AT1G09750	821	817	1579	6526	6062	6491
AT1G09760	1513	1243	1578	879	837	748
AT1G09770	3731	3456	2476	3907	3101	2834
AT1G09780	3908	3330	2198	3437	2968	3067
AT1G09790	0	0	0	0	0	1
AT1G09794	81	90	122	74	67	71
AT1G09795	1877	1761	1568	2536	2243	3011
AT1G09800	149	152	130	102	81	81
AT1G09810	695	706	603	358	300	288
AT1G09812	44	31	67	20	13	13
AT1G09815	808	780	991	364	287	308
AT1G09820	165	151	134	116	106	103
AT1G09830	1319	1202	895	936	874	818
AT1G09840	1174	1066	882	1317	1085	1191
AT1G09850	1407	1269	972	1052	927	978
AT1G09860	10	6	10	1	4	9
AT1G09870	2026	1771	1743	893	750	758
AT1G09880	9	5	3	9	6	13
AT1G09890	14	10	15	19	18	15
AT1G09900	667	537	488	496	385	394
AT1G09910	935	945	651	871	792	723
AT1G09920	1001	912	1123	992	745	776
AT1G09930	175	145	40	82	62	61
AT1G09932	4738	4172	2744	1542	1323	1232
AT1G09935	25	31	20	8	3	1
AT1G09940	3448	3123	1978	3247	2688	2555
AT1G09950	801	774	551	1026	1013	914
AT1G09960	109	92	88	88	55	82
AT1G09970	11909	10711	5577	11049	9469	9702
AT1G09980	1351	1204	734	1071	953	951
AT1G09995	241	199	212	169	150	152
AT1G10000	55	42	55	28	33	28
AT1G10010	0	0	0	2	0	1
AT1G10020	642	629	539	957	890	975
AT1G10030	89	91	153	200	201	199
AT1G10040	712	671	498	130	102	77
AT1G10050	2229	2002	1130	828	736	631
AT1G10060	159	158	211	404	340	257
AT1G10070	1007	967	1159	949	737	449
AT1G10090	2439	2147	1521	2605	2332	2315
AT1G10095	542	429	439	159	155	142
AT1G10100	9	4	3	0	1	0
AT1G10110	31	37	26	10	10	9
AT1G10120	259	231	248	376	269	286
AT1G10130	1924	1740	1041	1440	1282	1276
AT1G10140	1732	1553	2131	563	540	349
AT1G10150	1058	896	1160	897	783	741
AT1G10155	13	10	39	11	15	7
AT1G10170	6232	5510	3452	2117	1925	2020
AT1G10180	706	616	588	665	542	588
AT1G10190	1	0	0	0	0	0
AT1G10200	2623	2341	2503	2576	2282	2752
AT1G10210	422	395	469	415	316	317
AT1G10220	5	4	4	6	1	1
AT1G10230	246	214	238	153	104	133
AT1G10240	430	374	266	277	231	214
AT1G10270	588	561	265	286	227	244
AT1G10280	267	209	158	218	211	165
AT1G10290	3694	3367	1856	2771	2396	2326
AT1G10300	2	1	3	1	1	0
AT1G10310	606	500	600	636	551	513
AT1G10320	659	569	391	575	411	395
AT1G10330	57	45	59	35	29	32
AT1G10340	7912	7131	4471	2319	1960	1757
AT1G10350	627	614	648	643	511	536
AT1G10360	823	788	1258	1762	1689	1371
AT1G10370	318	300	382	313	338	158
AT1G10380	38	46	79	73	54	64
AT1G10390	4193	3994	2049	2740	2198	2127
AT1G10400	15	8	5	4	4	7
AT1G10410	3189	2924	2437	1240	1007	796
AT1G10417	144	102	138	35	46	22
AT1G10430	1046	976	1042	776	660	608
AT1G10450	1217	1121	576	914	774	682
AT1G10455	0	0	0	2	2	1
AT1G10460	9	9	5	34	37	30
AT1G10470	3208	2895	3326	2918	2977	3466
AT1G10480	22	10	30	5	8	2
AT1G10490	1590	1485	1335	928	817	874
AT1G10500	2782	2589	3385	2155	1807	2040
AT1G10510	1562	1472	1183	1211	1015	1190
AT1G10520	65	59	68	43	34	36
AT1G10522	392	410	433	656	543	557
AT1G10530	10	8	13	2	2	4
AT1G10540	355	256	197	25	25	17
AT1G10550	28	22	24	71	70	96
AT1G10560	102	95	96	670	545	480
AT1G10570	1098	991	937	739	590	663
AT1G10580	1639	1500	938	891	733	748
AT1G10585	84	49	71	41	45	34
AT1G10586	12	17	14	4	3	2
AT1G10590	2443	2208	2590	2138	2183	2091
AT1G10600	643	489	602	704	572	614
AT1G10610	322	266	367	410	386	401
AT1G10620	0	1	1	0	0	1
AT1G10630	1728	1484	1626	1959	1902	1684
AT1G10640	47	44	135	220	217	163
AT1G10650	805	703	724	374	330	310
AT1G10657	47	47	151	340	298	304
AT1G10660	1439	1243	1228	1054	895	836
AT1G10670	2198	1904	2107	5049	4281	4230
AT1G10680	1	1	0	1	0	0
AT1G10682	63	47	199	483	427	307
AT1G10690	209	207	378	118	142	80
AT1G10700	908	750	800	1069	992	914
AT1G10710	7	9	4	3	6	5
AT1G10720	781	713	714	655	528	595
AT1G10730	606	501	373	245	197	198
AT1G10740	677	627	758	943	753	605
AT1G10747	0	0	0	0	1	1
AT1G10750	16	13	17	50	42	30
AT1G10760	19376	17107	9995	20466	17196	26791
AT1G10770	15	17	23	9	17	39
AT1G10780	65	46	44	126	94	93
AT1G10790	6	7	6	9	8	10
AT1G10800	0	2	5	7	1	4
AT1G10810	43	28	20	28	23	22
AT1G10820	584	538	471	639	540	532
AT1G10830	692	701	715	887	817	852
AT1G10840	3910	3404	3170	2928	2431	2375
AT1G10850	251	232	207	415	395	291
AT1G10865	822	820	794	704	540	527
AT1G10870	332	313	360	660	554	569
AT1G10880	3	2	0	0	0	1
AT1G10890	2226	1878	1614	1871	1526	1444
AT1G10900	1223	1073	935	1723	1479	1096
AT1G10910	668	653	643	1032	991	985
AT1G10920	765	719	597	542	434	468
AT1G10930	380	345	193	560	471	491
AT1G10940	3281	2910	2824	3098	2583	2343
AT1G10950	3471	3173	2669	4129	3553	3615
AT1G10960	2051	2181	2670	2393	2352	2163
AT1G10970	208	170	225	205	180	180
AT1G10980	9	11	5	23	16	6
AT1G10990	138	152	146	238	178	203
AT1G11000	182	189	197	292	312	229
AT1G11020	839	695	755	541	523	505
AT1G11040	2	0	1	0	0	0
AT1G11050	2314	2040	1703	3482	2724	2424
AT1G11060	908	773	590	553	493	518
AT1G11070	10	10	8	60	44	34
AT1G11080	85	61	123	79	48	74
AT1G11090	334	361	387	347	338	287
AT1G11100	41	58	30	30	19	15
AT1G11110	0	1	2	2	0	0
AT1G11112	7	2	14	6	14	12
AT1G11120	28	17	24	64	59	38
AT1G11125	12	23	21	32	28	16
AT1G11130	365	296	279	338	329	318
AT1G11160	14	14	19	57	36	42
AT1G11170	135	140	88	108	72	117
AT1G11175	569	483	890	493	372	314
AT1G11180	411	377	384	524	454	458
AT1G11185	16	12	34	48	31	11
AT1G11190	697	623	187	17	21	22
AT1G11200	989	873	747	703	601	559
AT1G11210	3488	3238	3129	2677	2279	2975
AT1G11220	15	15	31	45	36	38
AT1G11230	2	1	0	0	0	0
AT1G11240	752	611	772	619	524	472
AT1G11250	2	0	0	0	2	1
AT1G11260	6904	6632	8956	8665	8350	7895
AT1G11270	416	370	297	399	344	270
AT1G11280	470	461	374	740	608	553
AT1G11290	243	230	123	295	224	330
AT1G11300	481	440	430	676	539	428
AT1G11310	12298	10845	7076	6457	5494	6627
AT1G11320	142	102	120	80	68	73
AT1G11330	2325	2093	1744	1403	1145	1295
AT1G11340	67	74	49	89	97	89
AT1G11350	909	775	678	2403	1866	2392
AT1G11360	757	692	675	768	737	787
AT1G11362	1	4	2	1	6	7
AT1G11370	2	0	0	0	1	0
AT1G11380	143	116	186	179	159	228
AT1G11390	744	628	474	446	398	365
AT1G11400	478	401	677	453	337	301
AT1G11410	326	249	281	630	558	508
AT1G11420	64	65	69	135	100	82
AT1G11430	2283	2096	2399	2215	2076	2172
AT1G11440	314	273	315	475	425	374
AT1G11450	10	4	14	24	20	32
AT1G11460	0	1	0	2	4	0
AT1G11475	832	713	1015	496	488	396
AT1G11480	2028	1921	1535	1927	1521	1369
AT1G11490	3	0	2	3	4	1
AT1G11500	4	1	3	1	4	3
AT1G11530	408	299	626	838	758	959
AT1G11540	7	4	6	5	4	2
AT1G11545	50	54	116	664	687	613
AT1G11560	0	0	2	2	3	2
AT1G11570	10	5	12	11	13	6
AT1G11572	4	0	5	0	1	0
AT1G11580	904	765	807	1321	1133	597
AT1G11590	1	0	0	0	0	1
AT1G11592	184	166	182	212	173	181
AT1G11600	96	79	123	159	132	115
AT1G11610	0	1	0	18	12	0
AT1G11630	458	343	293	302	189	241
AT1G11650	8340	7586	6438	7219	6079	5889
AT1G11660	1433	1374	819	1143	978	969
AT1G11670	449	389	225	593	509	321
AT1G11680	2338	1963	1702	2396	2182	1955
AT1G11690	0	0	0	0	0	1
AT1G11700	152	164	197	70	79	57
AT1G11710	158	126	125	105	75	57
AT1G11720	961	775	762	2287	2002	1788
AT1G11730	12	16	23	59	51	46
AT1G11735	4	3	9	9	1	4
AT1G11740	1	0	4	17	24	24
AT1G11750	1992	1699	2147	3358	2955	2927
AT1G11755	428	433	400	330	290	306
AT1G11760	167	144	173	136	126	96
AT1G11770	2	1	1	0	0	1
AT1G11780	372	349	309	280	249	298
AT1G11785	2	5	6	5	11	5
AT1G11790	251	250	241	666	584	677
AT1G11800	232	227	201	177	157	194
AT1G11810	2	1	2	1	0	0
AT1G11820	489	446	441	909	961	878
AT1G11840	5653	5020	5364	9873	8355	7042
AT1G11850	60	56	149	298	365	310
AT1G11860	5676	5289	8907	20205	17033	18309
AT1G11870	543	483	498	753	753	833
AT1G11880	166	179	133	185	187	162
AT1G11890	1594	1392	1249	1269	1165	1111
AT1G11900	120	65	125	82	60	71
AT1G11905	435	435	506	274	229	239
AT1G11910	40235	36021	28909	19092	17502	15331
AT1G11915	6	6	4	7	7	9
AT1G11925	83	58	12	5	5	28
AT1G11930	1688	1713	1961	1824	1616	1570
AT1G11940	158	161	104	162	177	164
AT1G11950	510	449	261	236	181	247
AT1G11960	2654	2403	896	2356	2024	2327
AT1G11990	8	6	15	26	18	21
AT1G12000	1326	1155	882	1551	1440	1148
AT1G12010	32	30	29	94	61	69
AT1G12013	2	1	3	0	1	3
AT1G12015	0	0	1	0	0	0
AT1G12020	618	615	771	216	192	193
AT1G12030	3	8	2	6	2	3
AT1G12040	0	0	0	0	0	1
AT1G12050	1746	1600	1442	2086	1847	1558
AT1G12060	50	42	53	86	74	82
AT1G12070	1	0	1	4	5	4
AT1G12080	6	7	105	577	443	357
AT1G12090	2906	2889	7243	22131	21835	24772
AT1G12100	4	0	15	11	13	13
AT1G12110	1561	1502	1549	1386	1425	1428
AT1G12120	1339	1234	1466	2233	1722	1917
AT1G12130	1	1	4	1	0	0
AT1G12140	1754	1650	1275	1227	1068	1099
AT1G12150	62	40	51	39	41	53
AT1G12160	176	181	188	148	133	75
AT1G12180	1	0	1	0	0	0
AT1G12200	298	239	195	59	61	93
AT1G12210	482	465	281	206	154	151
AT1G12211	2	9	17	6	1	5
AT1G12220	869	726	453	1033	936	812
AT1G12230	1119	1039	1107	2133	2039	1998
AT1G12240	4040	3898	5524	7249	6402	4376
AT1G12244	86	75	115	175	144	159
AT1G12250	604	565	986	1160	1160	1306
AT1G12260	9	4	9	24	14	8
AT1G12270	1970	1757	1294	1489	1121	1096
AT1G12280	433	405	386	424	361	339
AT1G12290	530	508	270	251	215	188
AT1G12294	0	4	0	0	1	1
AT1G12300	132	99	98	111	82	107
AT1G12310	712	683	898	848	843	946
AT1G12320	128	95	189	111	75	82
AT1G12330	81	93	118	270	195	240
AT1G12340	9	10	11	21	2	5
AT1G12350	954	774	965	564	558	537
AT1G12360	3623	3331	2040	2620	2146	2019
AT1G12370	35	36	61	71	48	47
AT1G12380	139	130	117	278	256	164
AT1G12390	477	459	531	337	262	292
AT1G12400	294	272	329	209	183	209
AT1G12410	3288	2990	3220	3830	3419	3516
AT1G12411	0	1	0	0	0	0
AT1G12420	2167	1841	1041	550	421	588
AT1G12430	861	750	498	891	734	731
AT1G12440	3028	2740	3338	2059	2021	2111
AT1G12450	192	179	227	309	242	335
AT1G12460	105	88	111	343	295	381
AT1G12470	1467	1216	829	1360	1233	1173
AT1G12480	104	90	123	96	72	138
AT1G12490	12	7	6	2	0	4
AT1G12500	267	233	404	1332	959	1022
AT1G12510	1	0	0	1	0	0
AT1G12520	2679	2630	2342	2014	1757	1287
AT1G12530	375	378	416	278	193	174
AT1G12540	0	1	0	4	3	1
AT1G12550	74	60	94	180	185	140
AT1G12570	23	16	29	162	145	96
AT1G12580	2756	2579	2167	3156	2298	2031
AT1G12590	0	0	1	0	0	0
AT1G12600	2	1	4	6	3	4
AT1G12610	1025	1072	933	1254	1113	1141
AT1G12620	147	121	118	139	135	134
AT1G12630	0	0	1	7	7	12
AT1G12640	1474	1295	1124	908	815	747
AT1G12650	836	720	880	595	420	401
AT1G12665	0	1	0	0	0	0
AT1G12672	0	4	1	2	2	5
AT1G12680	791	754	762	779	545	649
AT1G12700	127	91	102	134	102	118
AT1G12710	867	709	896	453	404	897
AT1G12730	344	270	300	338	294	555
AT1G12740	0	1	5	0	1	3
AT1G12750	390	318	362	885	781	724
AT1G12760	3162	2836	2432	2237	1940	1841
AT1G12770	1375	1146	981	1675	1360	1408
AT1G12775	104	101	91	89	71	90
AT1G12780	6057	5350	6682	2037	1775	2012
AT1G12790	189	139	189	198	155	199
AT1G12800	3096	2762	2388	6902	6061	6182
AT1G12805	0	0	8	13	9	0
AT1G12810	1039	1025	1278	715	632	571
AT1G12820	1033	904	1008	834	660	630
AT1G12830	378	347	411	255	206	149
AT1G12840	3244	2827	2365	3494	3523	3763
AT1G12845	84	117	234	469	486	578
AT1G12850	1251	1098	1259	1249	1266	1194
AT1G12855	3	7	2	5	4	2
AT1G12860	200	209	407	698	646	647
AT1G12870	8	3	1	0	3	2
AT1G12880	274	204	285	332	271	241
AT1G12890	26	15	20	10	11	13
AT1G12900	7912	7123	12654	33377	35280	37310
AT1G12910	1182	962	1043	736	700	623
AT1G12920	2658	2308	2158	2218	1795	1751
AT1G12930	800	834	580	838	684	681
AT1G12940	15	11	24	15	9	7
AT1G12950	10	20	15	24	17	20
AT1G12970	618	530	636	426	344	401
AT1G12980	1	1	1	6	1	1
AT1G12990	2683	2327	1917	1576	1471	1359
AT1G13000	1632	1384	1353	1195	1023	1092
AT1G13020	1412	1343	1109	1062	902	898
AT1G13030	340	298	239	247	184	188
AT1G13040	150	105	37	64	56	55
AT1G13050	102	118	76	79	60	73
AT1G13060	3371	3089	3075	2592	2148	2193
AT1G13080	462	422	578	644	545	323
AT1G13090	3590	3262	4022	2072	1616	1594
AT1G13100	462	424	514	427	354	364
AT1G13110	4626	4263	5099	6647	5502	6621
AT1G13120	809	803	512	494	438	420
AT1G13130	9	13	1	1	0	1
AT1G13140	44	29	33	28	30	20
AT1G13150	95	56	79	54	58	69
AT1G13160	1012	929	555	570	506	541
AT1G13170	245	262	183	784	697	751
AT1G13180	611	487	427	415	367	423
AT1G13190	1568	1454	1282	1633	1279	1223
AT1G13195	745	689	717	272	223	235
AT1G13200	1	0	0	0	1	0
AT1G13210	14192	12594	5540	14584	12277	12251
AT1G13220	839	725	457	758	584	524
AT1G13230	5	1	5	1	5	2
AT1G13245	386	330	1071	761	640	543
AT1G13250	108	97	159	591	530	494
AT1G13260	7158	6614	7275	6801	5539	5865
AT1G13270	1676	1560	1150	1626	1314	2047
AT1G13280	746	742	945	1729	1351	1206
AT1G13300	24	29	26	20	8	7
AT1G13310	207	165	154	4	6	4
AT1G13320	2307	1952	1804	1837	1692	1682
AT1G13330	7046	6073	6559	1686	1357	827
AT1G13340	9522	8311	7565	2287	1962	1163
AT1G13350	1081	915	685	1327	1052	986
AT1G13360	4042	3821	5424	2127	1803	1500
AT1G13370	83	76	150	7	7	5
AT1G13380	465	452	447	660	589	562
AT1G13390	1901	1636	1711	1743	1635	1433
AT1G13400	7	6	4	10	9	2
AT1G13410	118	102	63	74	44	50
AT1G13420	6	5	3	15	17	9
AT1G13430	3	2	2	20	12	5
AT1G13440	27490	24292	26499	23200	21384	19094
AT1G13448	62	45	126	167	123	164
AT1G13450	1013	934	1008	1009	830	813
AT1G13460	683	552	679	386	389	395
AT1G13470	2819	2576	1746	1893	1429	1593
AT1G13480	93	64	58	6	1	1
AT1G13490	0	2	0	0	0	0
AT1G13500	0	0	0	1	0	0
AT1G13510	1	2	1	3	0	0
AT1G13520	1452	1285	988	167	134	41
AT1G13530	24	22	15	16	14	7
AT1G13540	28	17	12	14	22	11
AT1G13550	41	28	19	12	15	23
AT1G13560	2760	2429	2081	2718	2386	2392
AT1G13570	405	357	396	425	364	342
AT1G13580	217	170	199	222	219	232
AT1G13600	11	5	25	24	23	6
AT1G13608	1	0	1	0	0	0
AT1G13609	81	67	148	45	34	39
AT1G13610	1	1	1	0	0	3
AT1G13620	1	2	0	0	0	1
AT1G13630	91	98	64	58	50	58
AT1G13635	2	4	9	1	2	5
AT1G13640	613	568	540	667	644	791
AT1G13650	31	17	490	2102	1679	705
AT1G13670	3	3	17	43	36	26
AT1G13680	0	1	1	4	4	0
AT1G13690	383	369	415	390	347	308
AT1G13700	1209	1013	1365	735	617	743
AT1G13710	76	79	56	120	106	44
AT1G13730	527	427	415	585	479	445
AT1G13740	153	130	117	248	201	256
AT1G13750	1242	1142	850	1110	1056	924
AT1G13770	463	398	431	377	375	355
AT1G13780	238	207	203	197	178	165
AT1G13790	103	78	55	166	150	154
AT1G13800	35	40	14	48	40	28
AT1G13810	278	268	223	144	96	92
AT1G13820	657	581	848	1680	1447	1472
AT1G13830	237	240	250	82	58	20
AT1G13850	0	1	0	0	0	0
AT1G13860	491	447	297	717	671	700
AT1G13870	492	444	435	389	279	304
AT1G13880	1119	983	935	906	703	755
AT1G13890	1	2	0	0	0	0
AT1G13900	826	729	593	820	775	777
AT1G13910	139	109	187	127	116	135
AT1G13920	77	66	127	150	152	192
AT1G13930	11686	11587	16989	12688	15405	18128
AT1G13940	822	738	580	573	499	430
AT1G13950	224	240	250	314	265	292
AT1G13960	1223	1157	881	802	659	667
AT1G13970	403	351	285	75	59	61
AT1G13980	1545	1413	1005	2117	1826	1834
AT1G13990	5450	5027	5370	2325	2016	1775
AT1G14000	3220	3117	2532	2098	1736	1660
AT1G14010	1007	965	874	1052	741	719
AT1G14020	255	230	219	424	366	334
AT1G14030	687	602	976	1462	1350	1463
AT1G14040	207	182	116	114	98	99
AT1G14060	559	411	439	322	183	187
AT1G14070	309	289	205	241	232	181
AT1G14071	9	8	1	7	5	3
AT1G14080	55	56	31	14	14	13
AT1G14100	4	1	4	4	12	11
AT1G14120	97	88	151	87	60	14
AT1G14130	325	309	311	285	241	204
AT1G14140	360	328	344	262	251	280
AT1G14150	274	264	651	1464	1281	1460
AT1G14170	609	566	416	648	526	819
AT1G14180	103	90	84	169	161	137
AT1G14185	5	6	8	14	13	10
AT1G14190	8	3	18	52	32	34
AT1G14200	757	687	665	316	228	243
AT1G14205	85	82	128	170	122	141
AT1G14210	345	344	309	476	393	392
AT1G14220	0	0	0	3	0	0
AT1G14230	918	784	757	784	637	625
AT1G14240	7	4	7	34	16	16
AT1G14250	510	477	1309	4886	4311	4406
AT1G14260	52	77	37	42	33	17
AT1G14270	780	661	926	1475	1247	1399
AT1G14280	209	217	528	897	784	704
AT1G14290	205	182	363	1005	836	854
AT1G14300	559	496	414	392	298	321
AT1G14310	289	253	340	314	295	308
AT1G14315	1	1	0	1	1	1
AT1G14320	12654	11422	11456	9249	8901	7975
AT1G14330	1606	1338	1104	621	455	469
AT1G14340	509	460	605	432	388	381
AT1G14345	530	422	997	1652	1469	1626
AT1G14350	255	208	189	449	341	297
AT1G14360	1514	1399	1175	965	847	669
AT1G14370	4867	4495	3634	2813	2234	2119
AT1G14380	922	834	835	1289	1084	1029
AT1G14390	7	9	6	40	38	29
AT1G14400	3698	3347	4442	3137	3200	2919
AT1G14410	838	841	736	631	495	534
AT1G14420	0	1	1	3	2	1
AT1G14430	11	15	19	69	69	49
AT1G14440	78	66	113	214	150	123
AT1G14450	922	837	1146	973	986	728
AT1G14455	2	0	3	6	2	2
AT1G14460	262	241	213	573	545	545
AT1G14470	93	88	27	46	35	37
AT1G14480	434	434	338	347	342	284
AT1G14490	7	12	27	13	5	9
AT1G14500	0	0	0	0	1	1
AT1G14510	2372	2096	2250	992	936	902
AT1G14518	1	0	0	0	0	0
AT1G14520	350	277	239	284	208	308
AT1G14530	134	120	119	164	123	121
AT1G14540	1039	859	511	488	389	362
AT1G14550	1	0	0	0	0	0
AT1G14560	607	590	537	541	469	463
AT1G14570	1910	1701	1728	1686	1453	1326
AT1G14580	461	439	450	590	551	448
AT1G14590	221	226	260	238	224	196
AT1G14600	182	155	300	132	100	94
AT1G14610	4285	3803	2133	3128	2788	2456
AT1G14620	533	491	513	391	369	318
AT1G14630	59	72	73	50	47	51
AT1G14640	220	207	78	132	151	119
AT1G14642	24	24	25	23	10	22
AT1G14650	3477	3293	2020	2673	2136	2064
AT1G14660	234	186	171	243	228	245
AT1G14670	2882	2472	1711	3237	2998	3250
AT1G14680	50	47	64	45	20	36
AT1G14685	1387	1219	1394	1088	930	1211
AT1G14686	1	0	1	1	0	3
AT1G14687	35	50	56	50	39	53
AT1G14688	1	2	1	1	1	0
AT1G14690	1544	1378	1158	1490	1243	1124
AT1G14700	62	43	161	556	446	441
AT1G14710	2889	2759	1708	1971	1561	1681
AT1G14720	8655	7935	9680	1115	1013	1133
AT1G14730	74	72	76	36	36	38
AT1G14740	5601	5039	3412	4664	4009	3821
AT1G14750	13	11	11	19	19	21
AT1G14760	10	4	14	10	14	9
AT1G14770	166	153	150	194	156	162
AT1G14780	773	811	670	75	63	69
AT1G14790	1487	1292	1076	1203	969	1009
AT1G14800	2	3	2	6	4	6
AT1G14810	1806	1635	1304	1777	1700	1672
AT1G14820	666	531	599	290	279	348
AT1G14830	1833	1653	1275	2198	1866	1744
AT1G14840	330	275	302	915	691	687
AT1G14850	1320	1187	589	831	718	698
AT1G14860	48	35	37	22	21	14
AT1G14870	5989	5583	6663	1309	1240	881
AT1G14880	13490	11774	6796	3577	3752	3813
AT1G14890	247	303	287	236	292	179
AT1G14900	188	195	197	149	154	99
AT1G14910	1641	1492	1026	1437	1218	1242
AT1G14920	871	781	905	978	972	943
AT1G14930	0	0	0	4	5	2
AT1G14970	195	157	98	194	166	149
AT1G14980	1394	1353	1354	1408	1134	1042
AT1G14990	416	406	332	338	292	287
AT1G15000	203	181	214	806	666	528
AT1G15002	1	7	8	2	3	3
AT1G15010	1897	1830	2316	2370	2073	1889
AT1G15015	3	2	4	1	2	1
AT1G15020	715	676	613	720	677	561
AT1G15030	919	764	932	1453	1279	1127
AT1G15040	192	168	132	38	21	22
AT1G15050	4	7	5	9	10	5
AT1G15060	649	636	593	884	768	653
AT1G15080	66	65	65	83	80	62
AT1G15090	0	0	3	0	1	0
AT1G15100	155	151	208	116	123	128
AT1G15110	285	245	291	231	202	178
AT1G15120	2281	1931	2738	2759	2361	2391
AT1G15125	4544	4224	7377	14789	12524	11841
AT1G15130	3788	3338	2443	2328	2110	2178
AT1G15140	1845	1828	1528	2457	2108	2644
AT1G15150	19	16	12	15	16	15
AT1G15160	122	126	80	150	100	116
AT1G15165	76	77	41	137	96	110
AT1G15170	266	253	260	445	381	390
AT1G15175	26	24	54	145	154	187
AT1G15180	255	203	385	939	877	879
AT1G15190	63	77	54	28	23	22
AT1G15200	1619	1427	1261	1355	989	925
AT1G15210	27	30	24	21	14	8
AT1G15215	259	204	238	288	186	232
AT1G15220	272	215	236	163	165	162
AT1G15230	704	713	802	565	475	416
AT1G15240	1612	1466	953	1385	1211	1118
AT1G15250	786	727	842	356	326	273
AT1G15260	150	172	325	774	576	644
AT1G15270	2867	2569	3760	2595	2338	2186
AT1G15280	2558	2231	1691	1678	1427	1365
AT1G15290	1978	1690	1334	5219	4261	3127
AT1G15310	423	372	301	91	65	51
AT1G15320	0	0	0	0	1	0
AT1G15330	22	12	23	3	6	4
AT1G15340	3772	3401	3123	3206	2311	2064
AT1G15350	872	840	984	714	705	692
AT1G15360	2	0	3	2	1	0
AT1G15370	626	546	683	744	674	587
AT1G15380	1267	1160	544	69	52	15
AT1G15385	41	31	6	2	1	1
AT1G15390	544	501	538	466	506	495
AT1G15400	1194	1082	1614	1197	967	915
AT1G15405	87	77	131	40	70	30
AT1G15410	195	179	278	639	523	518
AT1G15415	18	9	33	22	23	14
AT1G15420	895	800	734	352	314	288
AT1G15430	1316	1122	1010	694	601	699
AT1G15440	1362	1170	693	489	426	384
AT1G15460	0	1	0	0	0	0
AT1G15470	568	506	430	447	388	378
AT1G15480	352	339	240	279	222	244
AT1G15490	164	179	136	238	213	243
AT1G15500	5015	4638	4378	5938	5102	5035
AT1G15510	294	245	136	258	199	224
AT1G15520	1212	1107	539	845	762	385
AT1G15530	579	561	354	884	656	715
AT1G15540	1	2	0	8	11	4
AT1G15550	79	79	91	74	74	74
AT1G15570	146	111	134	300	240	246
AT1G15580	67	80	90	66	63	45
AT1G15610	2	0	0	0	0	0
AT1G15630	2	11	10	1	0	3
AT1G15640	0	3	1	0	1	0
AT1G15660	459	393	263	392	316	255
AT1G15670	1630	1609	1269	462	459	388
AT1G15690	16830	14742	11936	15009	15074	16614
AT1G15700	146	138	114	139	105	92
AT1G15710	350	336	278	382	314	347
AT1G15720	47	38	57	45	32	32
AT1G15730	1061	955	1043	1633	1353	1295
AT1G15740	4995	4521	4558	4339	3909	3222
AT1G15750	6141	5701	3499	3266	3143	2755
AT1G15760	16	21	18	22	29	24
AT1G15770	1	0	0	0	0	0
AT1G15772	4	11	14	2	0	0
AT1G15780	3092	2851	1665	1832	1615	1453
AT1G15790	1023	899	900	448	318	328
AT1G15800	276	278	353	136	133	147
AT1G15810	1470	1326	1084	768	571	593
AT1G15820	17173	18407	44043	75462	92753	78976
AT1G15825	16	6	8	170	102	78
AT1G15830	30	37	79	375	386	238
AT1G15840	2	4	1	0	2	0
AT1G15860	1642	1442	1609	865	782	716
AT1G15870	40	26	36	29	26	42
AT1G15880	1047	880	942	1283	1068	1054
AT1G15885	172	136	186	335	237	219
AT1G15890	924	785	527	868	712	680
AT1G15900	37	30	30	30	33	29
AT1G15910	454	398	365	740	641	565
AT1G15920	631	536	604	495	471	375
AT1G15930	4071	3744	4460	3820	4002	3299
AT1G15940	1408	1264	750	914	727	678
AT1G15950	3312	3170	3454	2844	2845	2179
AT1G15960	962	758	1290	1018	1043	905
AT1G15970	371	344	312	356	359	362
AT1G15980	2783	2503	4048	6219	5201	5057
AT1G15990	3	3	5	5	2	4
AT1G16000	210	196	161	212	224	224
AT1G16010	1857	1649	1378	1149	1053	1080
AT1G16020	560	525	499	586	521	576
AT1G16022	4	0	6	12	3	7
AT1G16025	1	0	3	8	2	6
AT1G16030	224	186	140	171	143	127
AT1G16040	464	394	528	368	293	278
AT1G16060	97	73	104	138	99	116
AT1G16070	10	15	18	35	25	25
AT1G16080	1037	983	1561	2233	2283	2175
AT1G16090	655	542	285	558	496	368
AT1G16110	1903	1696	1396	2185	1802	1845
AT1G16120	39	22	10	28	23	19
AT1G16130	1448	1322	583	1363	1141	1275
AT1G16150	12	12	6	10	10	9
AT1G16160	11	8	10	3	3	1
AT1G16170	371	286	465	538	460	502
AT1G16180	9877	8894	7999	4950	5047	4480
AT1G16190	884	776	555	680	508	574
AT1G16210	2790	2470	2231	1639	1278	1240
AT1G16220	54	54	50	68	73	38
AT1G16225	0	3	1	0	0	0
AT1G16230	0	0	0	0	1	0
AT1G16240	2389	2075	2272	2524	2142	1908
AT1G16250	529	421	433	631	475	457
AT1G16260	1395	1287	1266	980	887	924
AT1G16270	1816	1564	1109	1097	889	841
AT1G16280	434	397	326	279	201	247
AT1G16290	0	3	0	5	0	1
AT1G16300	115	90	82	201	167	91
AT1G16310	66	63	90	60	45	36
AT1G16320	1099	941	1427	1075	935	993
AT1G16330	19	19	18	63	54	50
AT1G16340	493	457	455	423	393	415
AT1G16350	1400	1400	902	1232	1018	988
AT1G16360	2	0	4	6	12	11
AT1G16370	173	174	89	517	449	393
AT1G16380	0	0	0	3	1	0
AT1G16390	5	5	14	147	134	137
AT1G16400	205	197	174	176	170	159
AT1G16410	3419	3173	2407	5491	4677	5033
AT1G16420	133	116	84	143	114	56
AT1G16430	87	75	84	74	98	79
AT1G16440	24	24	17	1	3	4
AT1G16445	62	52	73	101	96	92
AT1G16460	1697	1626	1675	2775	2387	2386
AT1G16470	1924	1726	1951	1429	1271	1281
AT1G16480	153	161	45	121	104	117
AT1G16489	26	30	24	17	24	28
AT1G16490	73	66	85	36	47	43
AT1G16500	365	360	312	193	178	165
AT1G16510	332	386	366	107	139	125
AT1G16515	16	16	33	17	10	12
AT1G16520	333	293	288	256	228	176
AT1G16530	167	160	128	71	63	45
AT1G16540	592	497	330	356	268	266
AT1G16560	1442	1319	1107	1567	1393	1510
AT1G16570	635	584	592	514	418	484
AT1G16590	191	134	188	151	132	129
AT1G16610	2292	2283	1491	1092	1149	1096
AT1G16630	23	17	26	103	73	76
AT1G16635	13	7	8	3	2	4
AT1G16640	18	22	25	28	40	37
AT1G16650	461	381	313	281	233	265
AT1G16670	1600	1394	1217	993	725	730
AT1G16680	525	417	441	699	585	578
AT1G16690	220	175	166	291	228	225
AT1G16700	1647	1511	1802	1181	1247	1244
AT1G16705	3	0	3	16	18	6
AT1G16710	1791	1595	798	1493	1320	1300
AT1G16720	2436	2234	3458	6312	5232	4316
AT1G16730	203	182	409	165	156	77
AT1G16740	356	344	407	488	451	416
AT1G16750	182	167	119	146	172	178
AT1G16770	10	6	13	4	8	8
AT1G16780	228	234	126	583	511	459
AT1G16790	157	157	205	142	155	123
AT1G16800	414	367	150	336	288	242
AT1G16810	1562	1383	1768	1487	1129	1096
AT1G16820	233	214	236	135	101	108
AT1G16825	103	99	123	91	86	105
AT1G16830	88	65	28	30	25	30
AT1G16840	1353	1237	1476	1611	1382	1497
AT1G16850	148	140	91	299	246	254
AT1G16858	825	756	665	1501	1371	1540
AT1G16860	825	756	665	1501	1371	1540
AT1G16870	747	737	461	647	548	526
AT1G16880	8666	7685	9739	8261	7424	8807
AT1G16890	4230	3780	4691	2635	2303	2136
AT1G16900	1313	1217	859	502	442	475
AT1G16905	0	0	0	2	0	0
AT1G16910	1	0	0	1	4	2
AT1G16916	144	111	182	90	163	138
AT1G16920	299	252	395	831	708	718
AT1G16930	187	164	144	231	195	192
AT1G16950	2	0	0	0	0	0
AT1G16960	111	116	252	235	188	234
AT1G16970	708	626	519	376	389	365
AT1G17020	1295	1033	547	178	147	97
AT1G17030	98	87	41	7	7	7
AT1G17040	222	213	199	204	165	173
AT1G17050	679	589	850	686	572	427
AT1G17060	143	126	109	174	159	202
AT1G17070	489	479	335	296	272	248
AT1G17080	2288	1841	2461	1331	1312	1221
AT1G17090	33	34	41	30	37	47
AT1G17100	1729	1524	2320	720	697	881
AT1G17110	1984	1697	1051	2283	1790	1566
AT1G17120	713	669	498	708	755	766
AT1G17130	1215	1097	1151	903	739	685
AT1G17140	252	233	463	1312	1077	965
AT1G17145	916	934	869	903	808	723
AT1G17147	465	427	569	663	555	503
AT1G17150	0	1	0	0	0	0
AT1G17160	647	675	618	592	585	591
AT1G17170	98	101	77	26	16	20
AT1G17180	11	14	13	5	6	2
AT1G17190	10	17	29	96	67	76
AT1G17200	300	278	594	758	907	895
AT1G17210	2691	2311	1587	2035	1666	1518
AT1G17220	7644	7255	5678	11069	9163	9425
AT1G17230	251	196	173	341	245	272
AT1G17232	78	53	39	103	69	73
AT1G17235	3	3	2	1	7	6
AT1G17240	162	179	102	104	69	78
AT1G17250	290	272	220	396	308	337
AT1G17255	360	314	267	466	336	382
AT1G17260	15	21	13	67	64	44
AT1G17270	191	145	117	186	160	158
AT1G17280	1391	1261	1434	1194	997	997
AT1G17285	1	1	4	0	1	0
AT1G17290	22172	19954	13535	9101	8458	8928
AT1G17300	6	5	1	1	1	0
AT1G17310	12	15	3	0	0	0
AT1G17330	648	580	576	564	427	363
AT1G17340	1780	1689	844	1573	1292	1034
AT1G17345	11	1	5	9	3	6
AT1G17350	151	121	195	302	237	225
AT1G17360	6463	5636	3977	1736	1486	1072
AT1G17370	3110	2716	2793	2444	2098	1925
AT1G17380	5088	4715	4025	4235	3340	2406
AT1G17400	0	0	3	18	16	7
AT1G17410	190	171	218	174	163	180
AT1G17420	12424	11648	5437	14691	12160	8583
AT1G17430	115	113	113	411	294	369
AT1G17440	2333	2206	1096	1928	1466	1371
AT1G17450	1139	1027	627	1049	823	832
AT1G17455	251	224	396	254	179	271
AT1G17460	2265	2034	1776	230	213	302
AT1G17470	1666	1428	1387	2552	2168	2311
AT1G17480	40	43	57	64	67	76
AT1G17490	287	234	331	261	189	236
AT1G17500	1551	1392	683	1510	1243	1303
AT1G17510	232	221	250	131	181	159
AT1G17520	538	457	484	382	286	285
AT1G17530	1221	1191	1324	754	591	565
AT1G17540	1	2	0	1	0	0
AT1G17545	0	0	0	0	0	2
AT1G17550	2749	2517	1825	2245	1858	1693
AT1G17560	60	59	51	127	86	89
AT1G17580	1436	1310	664	1364	1267	1089
AT1G17590	299	274	218	205	193	190
AT1G17600	612	543	305	395	372	479
AT1G17610	424	345	314	280	267	295
AT1G17615	10	6	16	8	6	5
AT1G17620	5375	5464	3682	3640	3190	2678
AT1G17630	119	101	60	56	62	70
AT1G17640	211	183	151	213	132	149
AT1G17650	265	243	322	955	821	907
AT1G17665	684	562	358	60	35	367
AT1G17680	1112	1020	762	865	693	691
AT1G17690	1105	919	600	542	489	494
AT1G17700	0	0	28	70	63	63
AT1G17710	51	60	62	10	17	25
AT1G17720	3817	3344	2287	1934	1524	1523
AT1G17730	1156	945	1042	754	765	769
AT1G17744	932	922	248	512	430	302
AT1G17745	4648	4408	2339	3632	2972	2102
AT1G17750	485	397	148	437	401	235
AT1G17760	1101	947	723	788	597	514
AT1G17780	954	793	1013	512	391	410
AT1G17790	470	453	375	344	293	277
AT1G17810	3	3	3	0	2	6
AT1G17820	839	716	452	706	561	582
AT1G17830	246	251	185	206	192	149
AT1G17840	2300	2184	1920	2605	2282	2377
AT1G17850	494	438	552	714	695	680
AT1G17860	400	356	442	473	401	347
AT1G17870	196	163	105	103	100	109
AT1G17880	3703	3365	4020	4062	3240	3097
AT1G17890	1173	1029	780	1022	977	939
AT1G17920	48	37	42	128	107	112
AT1G17930	535	485	457	322	237	240
AT1G17940	448	381	403	397	378	364
AT1G17950	6	7	7	1	3	0
AT1G17960	196	182	143	7	4	5
AT1G17970	399	322	426	915	842	730
AT1G17980	2170	1795	1028	1756	1649	1571
AT1G17990	1797	1424	2144	3368	2259	2618
AT1G18000	809	767	803	803	823	746
AT1G18010	803	767	833	857	764	724
AT1G18020	1436	1494	1589	3909	3866	2093
AT1G18030	410	366	414	597	487	427
AT1G18040	353	308	262	222	193	165
AT1G18050	2	3	7	3	7	1
AT1G18060	792	698	1231	2545	2140	1838
AT1G18070	5191	4675	3402	3505	2818	2985
AT1G18075	111	99	182	71	58	57
AT1G18080	6479	6050	4973	5974	6549	5585
AT1G18090	193	162	118	219	141	170
AT1G18100	57	53	65	75	50	57
AT1G18140	3	5	5	29	27	9
AT1G18150	1753	1594	1356	1906	1632	1778
AT1G18160	2592	2225	1686	1946	1687	1668
AT1G18170	432	415	488	864	771	896
AT1G18180	78	77	92	52	46	49
AT1G18190	423	431	310	624	447	464
AT1G18200	638	563	449	747	640	617
AT1G18210	6474	6068	4158	3739	3689	3909
AT1G18220	4	3	1	2	0	0
AT1G18250	77	100	128	285	234	213
AT1G18260	1653	1562	1062	1505	1339	1259
AT1G18265	43	46	81	135	101	138
AT1G18270	1760	1628	865	1623	1527	1370
AT1G18280	0	1	0	0	0	0
AT1G18290	6	7	2	4	3	1
AT1G18300	11204	9807	11073	9723	8094	7646
AT1G18310	3	3	4	4	0	2
AT1G18320	61	44	43	33	36	42
AT1G18330	532	422	810	499	411	309
AT1G18335	173	155	181	176	184	171
AT1G18340	277	214	256	265	273	261
AT1G18350	7	13	23	34	32	30
AT1G18360	329	272	472	1521	1249	1093
AT1G18370	60	72	73	255	213	243
AT1G18382	91	70	60	48	33	43
AT1G18390	1829	1587	1231	1043	885	938
AT1G18400	33	25	39	261	272	216
AT1G18410	25	19	29	25	15	12
AT1G18415	227	170	127	256	229	221
AT1G18420	197	152	81	228	191	196
AT1G18440	242	238	223	403	332	370
AT1G18450	1369	1182	1189	1228	1061	982
AT1G18460	767	708	858	1472	1270	1000
AT1G18470	4358	3869	3469	2315	2097	2233
AT1G18480	1280	1085	962	558	424	416
AT1G18485	308	257	179	369	356	433
AT1G18490	255	236	338	315	343	283
AT1G18500	3420	3018	1938	3414	2899	2598
AT1G18510	1	2	4	2	0	0
AT1G18530	0	0	4	0	0	1
AT1G18540	2880	2540	2402	4863	4510	3825
AT1G18550	38	42	51	127	87	71
AT1G18560	224	228	134	192	169	153
AT1G18570	4514	4042	3607	6063	5119	4766
AT1G18580	778	643	532	684	558	611
AT1G18590	1060	980	964	1006	995	801
AT1G18600	508	514	443	446	450	503
AT1G18610	259	211	133	222	175	208
AT1G18620	484	478	827	3318	2736	3024
AT1G18630	351	332	340	255	233	202
AT1G18640	394	338	387	800	724	781
AT1G18650	116	120	306	591	580	477
AT1G18660	1569	1401	1288	1380	1219	1151
AT1G18670	301	211	219	485	387	412
AT1G18680	133	123	166	198	188	143
AT1G18690	377	343	281	277	238	235
AT1G18700	1278	1188	955	1223	949	1013
AT1G18710	571	517	987	328	271	239
AT1G18720	6592	6142	5469	2920	2614	2769
AT1G18730	829	652	1643	3180	2891	2972
AT1G18735	18	10	11	20	24	22
AT1G18740	19454	17330	15819	11151	10215	9836
AT1G18745	236	189	348	102	118	111
AT1G18750	160	165	137	162	118	125
AT1G18773	52	35	70	92	112	81
AT1G18780	0	0	6	0	0	1
AT1G18800	1070	890	905	689	592	490
AT1G18810	45	41	151	258	162	165
AT1G18830	7	4	1	22	19	10
AT1G18835	3	3	7	2	3	2
AT1G18840	270	262	295	845	722	645
AT1G18850	686	599	613	237	229	206
AT1G18860	105	96	86	42	21	22
AT1G18870	24	26	59	162	120	117
AT1G18871	0	0	1	1	2	1
AT1G18880	87	77	105	146	105	79
AT1G18890	4909	4621	2691	2881	2244	1991
AT1G18900	1653	1497	860	1062	927	799
AT1G18910	411	345	236	278	240	222
AT1G18940	44	48	33	40	35	34
AT1G18950	1123	976	655	975	808	739
AT1G18960	0	0	0	1	1	0
AT1G18970	3	11	8	1	2	1
AT1G18980	43	47	48	4	2	3
AT1G18990	4	11	8	17	14	11
AT1G19000	4431	4146	5076	7801	6122	5464
AT1G19010	302	273	294	266	213	231
AT1G19020	4393	4575	4451	3218	3042	2890
AT1G19025	312	340	206	131	123	155
AT1G19040	4	2	2	4	10	3
AT1G19050	432	430	515	1211	1050	1168
AT1G19060	1	1	1	0	0	0
AT1G19070	14	7	9	9	4	3
AT1G19080	263	242	336	240	224	235
AT1G19100	952	814	550	264	231	232
AT1G19110	1299	1153	848	1503	1314	1318
AT1G19115	0	0	0	0	1	0
AT1G19120	518	405	634	576	542	523
AT1G19130	1133	1100	1221	1231	1201	1188
AT1G19140	543	467	467	282	266	210
AT1G19150	342	323	901	2946	2849	2948
AT1G19160	6	6	11	9	7	9
AT1G19170	405	363	362	440	431	421
AT1G19180	17244	15717	9968	17184	14149	12452
AT1G19190	14	28	23	20	22	30
AT1G19200	231	167	151	73	54	61
AT1G19210	759	614	716	347	341	295
AT1G19220	410	381	250	858	716	593
AT1G19230	93	73	52	19	15	12
AT1G19240	305	284	348	173	189	174
AT1G19250	772	650	519	105	90	61
AT1G19270	2119	1817	1180	1146	949	945
AT1G19290	262	262	139	211	148	189
AT1G19300	2209	2282	1262	1253	1070	1056
AT1G19310	1360	1271	1285	1214	1149	1126
AT1G19320	2	0	1	3	8	5
AT1G19330	837	719	976	998	883	780
AT1G19340	273	182	251	251	189	201
AT1G19350	2030	1903	2203	4497	3631	3139
AT1G19360	1253	1132	984	1221	1036	1160
AT1G19370	1148	991	768	898	682	1116
AT1G19371	15	1	6	4	4	3
AT1G19373	2	5	4	4	4	2
AT1G19376	1	1	1	3	4	3
AT1G19380	4168	3981	3467	4538	4754	5013
AT1G19390	0	3	0	1	0	0
AT1G19394	160	157	180	88	78	88
AT1G19396	460	408	628	345	296	302
AT1G19397	180	138	297	168	126	131
AT1G19400	1944	1694	2305	3210	2593	2214
AT1G19410	1	2	5	1	1	2
AT1G19430	674	615	451	882	712	756
AT1G19440	406	313	274	461	423	500
AT1G19450	915	789	810	2727	2407	1689
AT1G19460	1	0	3	0	0	0
AT1G19464	25	32	31	3	6	10
AT1G19470	9	4	5	1	0	0
AT1G19480	248	228	181	198	157	156
AT1G19485	845	720	611	701	575	542
AT1G19490	57	75	64	74	72	38
AT1G19500	0	0	2	0	0	0
AT1G19510	64	69	156	55	52	56
AT1G19520	894	813	543	812	540	550
AT1G19530	191	152	273	12	9	14
AT1G19540	108	71	150	99	91	91
AT1G19550	92	87	167	215	198	145
AT1G19570	6113	5408	8148	17711	15776	11204
AT1G19580	1039	910	897	937	842	778
AT1G19600	1044	993	1063	1186	1095	1010
AT1G19610	201	212	395	65	52	40
AT1G19620	13	15	19	16	14	23
AT1G19630	4	10	17	13	20	23
AT1G19640	33	28	42	115	97	65
AT1G19650	905	755	830	993	845	754
AT1G19660	5821	5082	7067	6963	5826	5249
AT1G19670	2297	2212	4862	8205	7139	4548
AT1G19680	1098	1022	1014	1127	1014	757
AT1G19690	177	142	203	356	301	330
AT1G19700	1368	1158	1381	770	696	544
AT1G19710	283	249	277	511	414	432
AT1G19715	1265	1174	1300	2941	2421	2181
AT1G19720	1313	1189	519	2583	2108	2042
AT1G19730	449	369	581	234	244	241
AT1G19740	3189	2845	3211	3839	3255	3344
AT1G19750	37	30	23	9	14	6
AT1G19770	11944	10699	9172	18964	15732	16635
AT1G19780	7	7	25	13	12	8
AT1G19790	0	9	7	4	3	1
AT1G19800	1038	940	898	1033	812	866
AT1G19830	3	2	12	16	12	7
AT1G19835	2005	1759	1301	2390	1868	2037
AT1G19840	23	20	35	33	23	22
AT1G19850	652	542	304	395	326	254
AT1G19860	936	828	726	621	455	387
AT1G19870	1940	1678	1538	1726	1447	1352
AT1G19880	1445	1389	847	999	786	811
AT1G19890	0	1	0	0	0	0
AT1G19910	5287	4958	5281	4244	4543	4484
AT1G19920	1202	1072	1070	1879	1551	1436
AT1G19930	2	0	0	0	0	0
AT1G19940	15	17	36	207	162	148
AT1G19950	70	76	110	218	164	162
AT1G19960	691	685	1502	1726	1799	2211
AT1G19968	9	3	12	8	11	9
AT1G19970	82	75	94	213	172	133
AT1G19980	275	223	199	164	127	127
AT1G19990	185	169	203	222	164	112
AT1G20000	1	0	0	1	0	0
AT1G20010	2922	2684	4055	9904	8348	10809
AT1G20015	6	5	13	4	2	4
AT1G20020	15751	14114	20740	33154	28366	36955
AT1G20030	173	169	269	262	328	337
AT1G20050	1455	1276	1624	1588	1456	1540
AT1G20060	39	49	48	87	74	58
AT1G20065	3	5	8	11	8	3
AT1G20070	107	96	217	208	194	170
AT1G20080	3	0	5	0	6	5
AT1G20090	1371	1234	1373	1382	1186	1423
AT1G20100	5820	5020	4740	2890	2546	2603
AT1G20110	4354	4139	2607	2650	2392	2313
AT1G20120	934	836	1387	14	15	4
AT1G20130	0	0	0	1	1	1
AT1G20140	541	405	508	173	151	151
AT1G20150	0	0	0	0	1	0
AT1G20160	245	210	185	248	201	163
AT1G20180	867	770	747	1	2	1
AT1G20190	83	62	319	1597	1260	1264
AT1G20200	2635	2413	1973	1671	1514	1531
AT1G20220	1483	1299	883	1040	973	745
AT1G20225	1908	1625	1742	1234	1110	988
AT1G20230	139	123	63	57	62	69
AT1G20260	6669	6196	4729	6430	5632	6295
AT1G20270	464	449	426	453	337	337
AT1G20290	1	0	0	1	1	0
AT1G20300	590	526	280	506	407	468
AT1G20310	835	747	624	580	626	490
AT1G20320	10	19	4	6	5	3
AT1G20330	2328	2268	2161	3243	2834	3107
AT1G20340	14128	13439	29914	69539	66116	69196
AT1G20350	2024	1964	1603	578	555	422
AT1G20370	793	672	566	366	280	285
AT1G20375	2	0	0	0	0	0
AT1G20380	240	213	166	138	114	107
AT1G20400	2	0	0	3	7	1
AT1G20410	574	483	367	361	315	340
AT1G20430	433	431	663	425	460	428
AT1G20440	12110	11204	12093	17735	13560	14910
AT1G20450	15121	13597	13354	28640	20005	19184
AT1G20460	316	309	289	226	221	185
AT1G20470	9	18	42	54	37	31
AT1G20480	23	22	30	59	68	36
AT1G20490	139	160	190	323	271	234
AT1G20500	2	3	1	6	1	0
AT1G20510	13611	13189	9068	16148	12683	10318
AT1G20515	47	57	69	187	139	117
AT1G20520	24	29	26	97	63	56
AT1G20530	11	12	12	12	7	8
AT1G20540	469	352	499	619	616	505
AT1G20550	117	102	100	155	147	117
AT1G20560	764	716	759	976	827	705
AT1G20570	13	7	10	39	38	28
AT1G20575	615	544	567	466	412	400
AT1G20580	1179	1183	1400	980	739	677
AT1G20590	1	1	2	4	18	13
AT1G20600	26	28	52	17	8	17
AT1G20610	32	38	44	131	107	84
AT1G20620	254445	228701	183187	310552	280670	291689
AT1G20630	5631	4930	3922	3603	3025	3036
AT1G20640	663	605	706	1060	897	842
AT1G20650	440	411	720	1355	1199	893
AT1G20670	671	599	433	803	670	626
AT1G20680	18	16	18	11	12	13
AT1G20690	255	227	329	108	96	106
AT1G20691	254	215	302	107	94	103
AT1G20693	14459	13061	20843	7727	6154	5978
AT1G20696	10666	9397	12564	4858	3850	4415
AT1G20700	3	2	8	2	4	2
AT1G20720	130	143	90	162	117	128
AT1G20730	0	3	2	0	0	2
AT1G20740	8	7	9	3	1	2
AT1G20750	472	391	330	0	0	0
AT1G20760	1931	1857	1110	1835	1635	1656
AT1G20770	657	565	556	627	569	546
AT1G20780	1439	1263	876	1090	996	1237
AT1G20795	2	1	1	0	3	1
AT1G20810	539	535	793	1441	1250	1354
AT1G20816	116	122	226	271	224	171
AT1G20820	1	0	0	0	0	0
AT1G20823	2257	2337	2293	2836	3143	1989
AT1G20830	430	369	372	439	378	472
AT1G20840	3729	3432	2288	2745	2330	2732
AT1G20850	146	136	234	328	320	286
AT1G20860	1	0	0	1	0	0
AT1G20870	10	6	15	41	33	42
AT1G20880	701	664	458	453	379	367
AT1G20890	307	281	347	234	208	203
AT1G20900	19	17	21	8	5	3
AT1G20910	505	444	415	306	319	314
AT1G20920	2112	1877	1280	1463	1225	1123
AT1G20925	7	7	10	2	1	0
AT1G20930	70	75	103	149	121	138
AT1G20950	574	506	425	1193	1101	942
AT1G20960	6841	6088	2829	4773	3923	3942
AT1G20970	1776	1659	931	2936	2220	2596
AT1G20980	6041	5347	2473	4356	3951	3975
AT1G20990	4	3	4	5	14	4
AT1G21000	4178	3587	4599	2298	2060	1641
AT1G21010	968	835	1288	936	862	1007
AT1G21050	120	107	257	317	220	168
AT1G21060	126	118	136	416	364	354
AT1G21065	1490	1276	1998	3282	3058	2820
AT1G21070	96	80	57	276	222	218
AT1G21080	3449	3161	2275	2109	1710	1597
AT1G21090	148	136	148	261	244	178
AT1G21100	978	844	1531	2253	1790	1630
AT1G21110	762	671	777	682	629	588
AT1G21120	379	363	426	619	515	513
AT1G21130	14540	12942	14961	29899	25076	29272
AT1G21140	19	20	48	42	32	35
AT1G21150	45	25	39	87	76	80
AT1G21160	923	785	497	822	622	614
AT1G21170	858	748	511	788	775	687
AT1G21190	825	791	1134	736	511	502
AT1G21200	348	315	291	321	253	269
AT1G21202	2	1	7	0	0	0
AT1G21210	21	24	18	22	10	11
AT1G21240	3922	3449	2009	845	772	640
AT1G21245	254	278	229	53	57	50
AT1G21250	15407	14020	8096	7500	6706	8515
AT1G21270	5937	5450	3743	4027	3410	3960
AT1G21280	172	165	168	196	136	160
AT1G21310	14714	14096	5574	11298	8476	4926
AT1G21320	75	62	62	164	110	97
AT1G21326	351	331	239	712	615	425
AT1G21340	0	1	0	1	0	0
AT1G21350	491	472	662	913	825	922
AT1G21360	2	5	8	5	2	2
AT1G21370	1235	962	910	718	610	620
AT1G21380	3485	3166	2292	2271	1900	2005
AT1G21390	715	678	659	535	364	331
AT1G21400	3173	2967	2659	1174	1022	744
AT1G21410	756	681	602	432	331	287
AT1G21430	0	0	0	0	1	0
AT1G21440	738	660	768	1380	1266	1224
AT1G21450	2857	2459	2405	1848	1432	1098
AT1G21460	389	375	698	367	333	266
AT1G21470	2	2	1	1	0	0
AT1G21480	279	288	276	417	354	358
AT1G21500	715	875	2041	4172	4284	4009
AT1G21510	5	4	13	8	9	10
AT1G21520	3012	2904	4357	415	407	299
AT1G21528	90	102	196	0	2	0
AT1G21529	4	3	6	0	0	0
AT1G21530	0	0	0	3	0	0
AT1G21540	74	71	64	116	93	97
AT1G21550	1013	928	1098	754	556	728
AT1G21560	245	218	264	471	369	384
AT1G21580	5728	5105	2612	3447	2898	2718
AT1G21590	3098	2629	2533	4258	3665	3172
AT1G21600	2031	1891	2167	2843	2165	2852
AT1G21610	1464	1326	1115	1276	1017	939
AT1G21620	0	1	1	1	1	0
AT1G21630	3499	3278	1493	3724	3167	3002
AT1G21640	2685	2481	1854	3225	2734	2329
AT1G21650	1489	1416	742	977	840	912
AT1G21651	547	542	365	414	378	358
AT1G21660	1262	1161	1027	1169	983	952
AT1G21670	1902	1836	1286	1881	1660	1878
AT1G21680	7027	6657	5252	4868	4209	5785
AT1G21690	604	580	497	439	395	404
AT1G21695	28	19	27	23	15	18
AT1G21700	1182	1070	611	869	738	692
AT1G21710	309	352	412	316	272	283
AT1G21720	2260	2035	2277	1393	1385	1363
AT1G21722	0	1	0	0	0	0
AT1G21730	333	310	307	787	723	750
AT1G21740	61	57	50	132	116	84
AT1G21750	8076	6935	4312	5180	4444	4302
AT1G21760	1075	991	1190	929	846	679
AT1G21770	1712	1532	2025	1569	1379	1360
AT1G21780	2770	2433	3132	1985	1589	1538
AT1G21790	285	243	349	386	303	242
AT1G21810	15	21	9	38	58	28
AT1G21830	577	522	804	565	436	371
AT1G21840	107	127	154	112	112	115
AT1G21850	5	6	3	2	0	0
AT1G21880	485	417	244	644	587	559
AT1G21890	0	0	2	3	2	0
AT1G21900	1469	1288	1453	1003	895	826
AT1G21910	9347	8122	6107	2814	2493	2556
AT1G21920	1943	1594	2651	2555	2099	1964
AT1G21930	227	232	376	439	333	338
AT1G21940	0	1	0	0	0	0
AT1G21950	0	1	0	0	0	0
AT1G21980	529	531	293	902	702	706
AT1G22000	1	2	4	2	3	6
AT1G22020	1228	1110	822	864	728	757
AT1G22030	26	28	53	62	54	51
AT1G22040	617	509	491	425	389	378
AT1G22050	256	204	279	257	211	189
AT1G22060	1331	1184	759	2260	1850	1888
AT1G22065	8	11	23	13	12	5
AT1G22067	1	0	0	1	0	0
AT1G22070	3239	2895	2749	2476	1973	2203
AT1G22080	1	0	0	0	0	0
AT1G22090	0	0	3	0	0	0
AT1G22110	33	32	13	9	12	9
AT1G22130	0	0	3	7	1	3
AT1G22140	404	346	580	405	518	409
AT1G22150	6	0	2	2	2	2
AT1G22160	191	197	432	443	330	237
AT1G22170	56	60	66	162	120	111
AT1G22180	1672	1517	1587	1067	945	718
AT1G22190	13115	12144	14580	7753	6507	5744
AT1G22200	1672	1497	1467	1251	1010	994
AT1G22210	0	0	0	1	0	0
AT1G22220	33	46	51	62	45	31
AT1G22230	45	54	43	25	31	23
AT1G22240	331	288	194	8	11	11
AT1G22250	117	107	244	146	135	116
AT1G22260	12	22	14	24	33	18
AT1G22270	692	656	779	435	440	400
AT1G22275	38	36	18	42	27	24
AT1G22280	5291	4666	3730	3830	3098	3019
AT1G22290	3	0	1	0	0	0
AT1G22300	4888	4253	4853	6058	5191	4982
AT1G22310	355	373	373	434	377	326
AT1G22330	86	79	157	456	380	510
AT1G22340	15	20	15	41	40	24
AT1G22360	2125	1954	1726	2261	1957	2385
AT1G22370	681	573	733	743	599	784
AT1G22380	28	24	7	23	11	51
AT1G22400	1568	1522	938	466	406	588
AT1G22403	158	152	177	92	87	84
AT1G22410	5161	4740	2580	3658	3187	2758
AT1G22420	6	7	10	1	0	1
AT1G22430	469	369	760	1569	1432	1478
AT1G22440	9	13	10	9	12	2
AT1G22450	1989	1771	2004	1846	1742	1698
AT1G22460	0	0	0	0	1	0
AT1G22470	31	29	21	50	42	50
AT1G22480	13	11	44	5	5	0
AT1G22490	132	97	113	93	93	89
AT1G22500	2323	2003	2225	711	672	535
AT1G22510	1347	1266	1133	753	761	754
AT1G22520	409	319	500	428	397	388
AT1G22530	4940	4540	2519	3502	2948	5031
AT1G22540	439	405	384	818	781	778
AT1G22550	82	70	118	173	155	207
AT1G22570	7820	7187	5127	3489	3351	4065
AT1G22590	42	39	76	247	202	260
AT1G22600	1	2	1	7	2	3
AT1G22610	2443	2144	1662	1912	1786	1676
AT1G22620	1739	1528	1201	1334	1248	1359
AT1G22630	925	854	1892	1754	1407	1361
AT1G22640	428	330	693	530	439	403
AT1G22650	516	437	398	622	499	388
AT1G22660	460	362	335	299	236	245
AT1G22670	0	0	0	4	0	0
AT1G22680	0	0	2	3	3	2
AT1G22690	149	153	358	783	813	742
AT1G22700	2192	1917	2323	2536	2347	2428
AT1G22710	3858	3703	4084	3206	3415	3381
AT1G22730	1132	1025	850	1086	904	949
AT1G22740	200	155	405	499	411	792
AT1G22750	1820	1620	1823	1111	1189	1057
AT1G22760	1	0	0	2	0	1
AT1G22770	7783	6819	3732	4316	3845	5877
AT1G22780	2223	1990	2691	2372	2333	1848
AT1G22790	243	245	278	491	429	411
AT1G22800	410	341	384	414	309	290
AT1G22810	75	77	27	93	104	142
AT1G22830	195	184	130	159	124	180
AT1G22840	3037	2742	3131	1594	1822	1668
AT1G22850	2258	2004	2338	3912	3366	3100
AT1G22860	754	736	402	633	578	563
AT1G22870	1346	1206	659	1036	840	823
AT1G22880	326	355	300	370	293	362
AT1G22882	1331	1207	708	1036	808	909
AT1G22885	231	234	323	290	259	252
AT1G22890	1920	1695	2903	2258	1796	1473
AT1G22900	177	149	200	46	45	26
AT1G22910	822	799	809	1277	1119	951
AT1G22920	1607	1413	1364	756	711	729
AT1G22930	15766	13937	8676	6444	5389	4154
AT1G22940	828	675	789	683	643	593
AT1G22950	504	526	414	370	303	265
AT1G22960	332	293	122	169	115	140
AT1G22970	550	433	494	335	268	303
AT1G22980	26	15	28	14	8	9
AT1G22985	203	190	189	91	69	94
AT1G22990	152	145	106	16	9	10
AT1G23000	298	257	281	115	116	75
AT1G23010	191	164	118	79	41	54
AT1G23020	1923	1797	1384	1688	1360	1436
AT1G23030	2463	2291	1852	1306	1166	1243
AT1G23040	660	681	799	202	171	136
AT1G23050	162	169	362	329	270	251
AT1G23052	162	169	362	329	270	251
AT1G23060	18	19	40	105	101	79
AT1G23070	0	0	4	0	4	0
AT1G23080	923	854	1113	4583	3792	3553
AT1G23090	594	542	434	1001	920	872
AT1G23100	117	94	93	85	89	60
AT1G23110	32	33	41	8	9	26
AT1G23120	57	52	44	50	48	19
AT1G23130	9129	8242	11238	12685	10655	11326
AT1G23140	322	262	441	197	192	179
AT1G23149	383	352	305	51	53	54
AT1G23150	383	352	305	51	53	54
AT1G23170	134	109	156	273	251	275
AT1G23180	1052	894	555	934	829	885
AT1G23190	3602	3419	2334	2856	2470	2382
AT1G23200	52	54	54	92	62	77
AT1G23201	3	0	0	0	0	0
AT1G23205	30	18	25	80	45	49
AT1G23210	8	4	4	0	2	2
AT1G23220	452	352	517	438	479	382
AT1G23230	1946	1681	668	1083	986	906
AT1G23250	0	1	0	0	0	0
AT1G23260	1102	1079	1239	1287	956	899
AT1G23270	0	1	0	0	0	0
AT1G23280	1244	1146	929	515	442	443
AT1G23290	2356	2169	2761	2254	2473	2384
AT1G23300	2	1	0	0	0	0
AT1G23310	35799	31973	43973	61044	54512	43064
AT1G23330	650	561	488	397	328	278
AT1G23340	9	5	10	91	70	43
AT1G23350	0	0	2	5	8	3
AT1G23360	517	499	660	690	600	655
AT1G23380	167	146	205	79	62	39
AT1G23390	3221	3037	5289	4267	3698	3711
AT1G23400	1346	1131	1232	1901	1542	1579
AT1G23410	72	63	52	65	48	37
AT1G23440	1802	1570	1845	1308	1216	1049
AT1G23450	43	37	8	17	20	25
AT1G23460	133	116	124	124	106	98
AT1G23465	114	75	105	18	18	19
AT1G23480	482	432	518	1024	892	1220
AT1G23490	8600	7985	7502	10214	8846	9498
AT1G23500	1	1	1	1	0	0
AT1G23510	15	14	11	2	1	0
AT1G23520	2	5	4	0	0	0
AT1G23530	49	42	49	30	22	21
AT1G23540	5	4	3	3	4	3
AT1G23550	259	220	220	55	23	34
AT1G23560	59	47	50	17	20	23
AT1G23570	3	0	1	0	0	0
AT1G23580	1	0	0	1	1	0
AT1G23600	4	3	4	0	1	0
AT1G23640	16	11	3	0	1	0
AT1G23700	4	3	1	4	4	0
AT1G23710	9401	8226	9675	5706	4784	4188
AT1G23720	0	0	0	1	0	0
AT1G23730	166	132	192	216	185	157
AT1G23740	1864	1739	2934	3603	3348	2093
AT1G23750	65	51	109	223	249	205
AT1G23760	17	19	10	9	16	10
AT1G23770	8	5	5	0	0	1
AT1G23780	1995	1749	1345	838	736	686
AT1G23790	12	14	18	80	57	71
AT1G23800	328	305	218	337	305	332
AT1G23810	4	2	4	0	0	0
AT1G23820	4152	3653	3287	2336	2075	2371
AT1G23830	374	354	348	540	405	400
AT1G23840	1196	1132	1262	624	512	357
AT1G23850	128	110	166	416	364	189
AT1G23860	883	874	1002	512	586	450
AT1G23870	1694	1459	1071	1063	895	810
AT1G23880	76	67	102	153	115	98
AT1G23890	106	93	146	149	131	98
AT1G23900	2646	2429	1415	1692	1386	1432
AT1G23935	25	16	9	65	46	62
AT1G23940	25	29	37	102	78	61
AT1G23950	1882	1793	1539	911	793	782
AT1G23960	2079	1830	2145	1146	1120	1077
AT1G23965	1	1	9	31	28	36
AT1G23970	386	348	322	379	327	292
AT1G23980	66	39	42	73	72	72
AT1G24000	0	1	3	1	2	0
AT1G24020	169	141	522	1387	1352	868
AT1G24030	106	90	184	87	105	95
AT1G24040	858	762	822	736	636	668
AT1G24050	1682	1525	1828	1613	1402	1358
AT1G24060	0	1	0	0	0	0
AT1G24068	0	0	0	1	0	0
AT1G24070	78	75	296	347	282	149
AT1G24090	50	46	33	66	61	36
AT1G24095	265	241	267	40	32	47
AT1G24100	2440	2287	1650	2588	2086	1754
AT1G24110	0	0	0	0	0	2
AT1G24120	574	500	547	879	818	758
AT1G24130	3	4	5	20	23	16
AT1G24140	5216	5099	3410	2648	2660	2097
AT1G24145	3455	3178	3512	2347	1940	1241
AT1G24147	1924	1826	1735	1869	1731	2106
AT1G24148	1301	1196	1648	1117	1067	945
AT1G24150	3578	3166	1696	1639	1357	1294
AT1G24159	1	1	0	1	0	0
AT1G24160	2147	1821	1677	2747	2241	2215
AT1G24170	2106	1907	1465	2000	1634	1967
AT1G24180	1534	1494	1330	1526	1297	1145
AT1G24190	2125	1924	1092	1674	1373	1251
AT1G24210	83	59	79	37	35	33
AT1G24230	1	0	1	0	0	0
AT1G24240	277	216	289	289	264	315
AT1G24250	1	1	0	4	0	0
AT1G24260	0	3	0	3	5	0
AT1G24265	94	81	103	76	52	52
AT1G24267	1876	1771	1305	1063	789	835
AT1G24270	3	2	3	7	3	3
AT1G24280	237	230	169	219	170	198
AT1G24290	76	85	72	128	131	131
AT1G24300	1724	1598	936	1429	1212	1310
AT1G24310	513	500	379	433	370	320
AT1G24320	6	7	6	3	3	3
AT1G24330	435	380	184	851	678	756
AT1G24340	543	461	448	819	734	716
AT1G24350	667	567	734	735	555	593
AT1G24360	2863	2638	2198	2855	2426	2322
AT1G24380	1	0	0	0	0	0
AT1G24400	238	274	240	316	280	266
AT1G24405	3	3	4	2	3	2
AT1G24420	3	1	1	2	0	1
AT1G24430	32	25	35	8	2	4
AT1G24440	740	605	832	508	399	437
AT1G24450	444	376	473	483	387	404
AT1G24460	2031	1859	858	2202	1800	1770
AT1G24470	118	119	153	85	58	49
AT1G24480	1	1	2	0	1	5
AT1G24490	1560	1489	1100	925	729	748
AT1G24510	5872	5172	4490	3718	3123	2899
AT1G24520	0	3	0	0	0	1
AT1G24530	1452	1397	1143	432	400	447
AT1G24560	1370	1173	798	1069	863	834
AT1G24570	0	2	1	1	3	2
AT1G24575	365	337	417	233	171	193
AT1G24577	22	9	32	23	16	34
AT1G24580	32	43	87	4	6	3
AT1G24590	2	0	1	0	0	0
AT1G24600	94	86	71	24	25	16
AT1G24610	580	516	443	763	777	787
AT1G24620	0	0	1	1	0	0
AT1G24625	613	509	656	409	319	338
AT1G24650	0	0	1	0	0	2
AT1G24706	2613	2512	1147	1951	1717	1696
AT1G24735	6	8	12	29	24	11
AT1G24764	400	365	364	821	656	739
AT1G24793	195	218	313	218	620	736
AT1G24800	1174	1023	838	537	483	416
AT1G24807	28	118	18	41	109	75
AT1G24822	1677	1967	2923	2182	2400	2092
AT1G24851	1	2	2	0	1	0
AT1G24880	1978	2274	3891	2774	2891	2609
AT1G24881	1141	985	827	536	475	421
AT1G24909	18	49	11	73	13	14
AT1G24996	1018	1118	1730	1491	1313	1400
AT1G25025	4	3	0	0	0	0
AT1G25054	2916	2646	3616	4365	3089	3513
AT1G25055	1102	1050	823	522	473	449
AT1G25083	97	9	33	15	7	7
AT1G25097	2845	2139	3281	3477	3172	2620
AT1G25098	2294	1870	2564	3101	2612	2330
AT1G25112	6	6	2	3	1	3
AT1G25141	9	10	4	25	17	23
AT1G25145	615	485	296	123	344	322
AT1G25150	1104	1013	821	534	444	435
AT1G25155	12	13	94	42	69	10
AT1G25175	1950	1682	3221	3251	2024	2530
AT1G25180	9	8	1	2	3	2
AT1G25210	94	256	117	213	289	159
AT1G25211	1274	1055	811	592	482	491
AT1G25220	2272	2078	1752	2406	2041	1654
AT1G25230	285	233	479	868	793	809
AT1G25240	3	0	0	2	2	2
AT1G25250	159	142	112	172	160	156
AT1G25260	1785	1490	1706	1058	942	870
AT1G25275	1977	2159	2713	2535	2970	3087
AT1G25280	1532	1445	1346	1077	946	877
AT1G25290	455	407	468	379	342	333
AT1G25320	165	158	169	271	208	241
AT1G25330	0	3	6	0	0	0
AT1G25350	3018	2692	1739	1841	1540	1495
AT1G25360	126	141	63	74	53	60
AT1G25370	863	815	472	517	408	303
AT1G25375	406	336	248	346	330	330
AT1G25380	939	786	693	687	524	574
AT1G25390	2250	1902	1282	1536	1289	1355
AT1G25400	4217	4052	3620	2992	2920	2610
AT1G25410	1	0	0	0	0	0
AT1G25420	983	870	959	782	741	691
AT1G25422	19	8	18	26	15	30
AT1G25425	21	36	47	164	129	102
AT1G25440	2764	2478	3638	4482	3949	4740
AT1G25450	181	154	246	578	546	487
AT1G25460	41	30	41	12	12	7
AT1G25470	449	415	398	223	245	221
AT1G25472	449	415	398	223	245	221
AT1G25480	488	448	456	446	374	319
AT1G25490	2938	2536	1838	2731	2336	2420
AT1G25500	776	682	619	521	525	365
AT1G25510	20	24	18	62	62	58
AT1G25520	1516	1320	1642	863	751	717
AT1G25530	29	20	32	80	84	87
AT1G25540	1897	1802	952	913	771	750
AT1G25550	8108	7133	6554	5647	4575	4918
AT1G25560	3022	2884	4696	3044	2933	3278
AT1G25570	837	739	445	1015	865	876
AT1G25580	650	541	530	382	317	328
AT1G25682	1641	1560	1452	1450	1213	1083
AT1G25988	1	0	19	1	8	0
AT1G26090	621	534	534	531	466	491
AT1G26100	74	59	96	212	240	188
AT1G26110	8031	7495	4355	5460	4476	4277
AT1G26120	730	624	552	589	495	554
AT1G26130	662	554	363	824	641	623
AT1G26140	3	3	4	6	1	1
AT1G26150	3408	3054	2478	5359	4383	4146
AT1G26160	645	572	667	597	544	589
AT1G26170	1417	1285	882	892	781	784
AT1G26180	469	467	529	546	530	613
AT1G26190	363	314	314	357	298	285
AT1G26200	18	24	20	49	29	26
AT1G26208	126	89	237	578	497	611
AT1G26210	103	69	191	463	392	495
AT1G26218	292	299	416	574	483	410
AT1G26220	237	245	362	465	390	320
AT1G26230	398	345	428	579	499	639
AT1G26240	5	5	4	0	0	2
AT1G26250	0	1	3	20	10	3
AT1G26260	135	124	112	267	250	252
AT1G26270	1431	1279	978	1780	1514	1735
AT1G26290	5	8	18	17	15	10
AT1G26300	498	474	495	413	402	394
AT1G26310	0	0	0	1	1	1
AT1G26330	52	36	33	97	65	89
AT1G26340	493	503	472	239	237	214
AT1G26355	0	1	0	0	0	0
AT1G26360	1	2	0	0	0	0
AT1G26370	898	860	525	540	387	382
AT1G26380	1602	1555	1283	749	754	468
AT1G26390	1079	980	718	316	258	137
AT1G26400	6	6	7	1	0	0
AT1G26410	308	268	290	64	38	31
AT1G26420	1304	1084	871	280	262	198
AT1G26440	940	856	1146	930	808	797
AT1G26450	31	36	59	98	84	54
AT1G26460	1321	1168	685	922	781	790
AT1G26470	1199	1035	1222	329	312	316
AT1G26480	2	0	0	0	0	1
AT1G26500	43	44	33	34	37	29
AT1G26510	2	4	3	2	3	2
AT1G26515	11	8	3	1	0	0
AT1G26520	369	355	287	227	177	196
AT1G26530	59	54	40	23	40	33
AT1G26540	70	50	36	66	54	43
AT1G26550	2701	2428	3139	2756	2187	2071
AT1G26558	13	21	28	31	26	19
AT1G26560	474	406	464	863	809	575
AT1G26570	370	324	259	411	344	421
AT1G26580	2735	2510	2359	2875	2329	2271
AT1G26590	42	45	42	6	7	5
AT1G26600	22	12	14	23	24	42
AT1G26610	2	0	8	3	3	6
AT1G26620	736	656	447	693	534	464
AT1G26630	16070	14649	17080	14249	12972	11416
AT1G26640	288	218	331	595	526	476
AT1G26650	365	309	419	861	638	601
AT1G26660	274	278	259	140	137	154
AT1G26665	990	854	1047	531	397	638
AT1G26670	1833	1697	2354	2584	2396	2328
AT1G26680	1	4	3	2	0	0
AT1G26690	846	859	832	487	458	407
AT1G26730	1190	1009	576	800	753	676
AT1G26740	401	358	313	336	336	331
AT1G26750	572	503	472	444	372	417
AT1G26760	9	12	14	46	19	21
AT1G26761	95	140	205	782	617	441
AT1G26762	9	4	10	20	25	28
AT1G26770	478	463	493	613	559	568
AT1G26780	3	7	2	7	6	0
AT1G26790	0	1	0	0	0	0
AT1G26800	688	608	1019	642	540	532
AT1G26810	127	107	81	290	296	264
AT1G26820	92	99	45	33	30	31
AT1G26830	2618	2240	2000	2096	1627	1564
AT1G26840	108	83	85	95	67	64
AT1G26850	6677	6105	4252	6586	5821	5934
AT1G26880	2547	2327	2707	2070	1875	1619
AT1G26890	9	3	5	12	6	10
AT1G26900	144	111	82	92	75	86
AT1G26910	235	229	194	209	198	166
AT1G26920	804	722	985	673	532	513
AT1G26921	2	2	1	0	0	0
AT1G26930	447	440	291	200	151	87
AT1G26940	160	179	256	305	251	266
AT1G26945	52	38	96	404	355	235
AT1G26960	122	117	138	168	169	192
AT1G26970	43	37	21	3	3	0
AT1G26975	0	0	1	3	2	0
AT1G26976	0	0	0	3	3	3
AT1G26985	0	0	0	1	2	4
AT1G27000	3921	3557	3573	2093	2030	1834
AT1G27008	2	0	1	0	1	2
AT1G27020	3176	2946	2837	2856	2424	3943
AT1G27030	145	145	298	879	803	854
AT1G27040	2	2	2	2	4	5
AT1G27045	3	0	14	10	9	12
AT1G27050	280	281	336	197	169	142
AT1G27060	232	194	144	165	141	154
AT1G27070	423	366	374	360	290	336
AT1G27080	1	4	6	5	5	1
AT1G27090	4560	4038	3585	5261	4728	4509
AT1G27100	13418	12872	11283	11098	9908	10093
AT1G27110	68	86	48	64	57	42
AT1G27120	43	48	109	351	359	246
AT1G27130	2009	1878	2515	5263	4916	4062
AT1G27135	1	0	0	0	0	0
AT1G27140	0	0	0	0	0	1
AT1G27150	740	597	802	993	906	835
AT1G27160	1	0	0	0	0	0
AT1G27170	369	266	158	224	200	249
AT1G27180	332	310	213	421	344	386
AT1G27190	880	758	688	1564	1465	1478
AT1G27200	2005	1730	1387	1852	1679	1662
AT1G27210	485	423	502	1302	1013	881
AT1G27290	3276	3095	3938	3062	2716	2822
AT1G27300	896	796	957	500	476	427
AT1G27310	1799	1675	2115	1772	1750	1596
AT1G27320	3619	3371	2073	3403	2820	2859
AT1G27330	1815	1519	1761	1687	1446	1350
AT1G27340	2749	2444	2189	1130	1062	1064
AT1G27350	1307	1192	1465	837	858	768
AT1G27360	231	226	218	257	221	171
AT1G27370	389	321	391	258	233	227
AT1G27380	0	2	6	9	9	5
AT1G27385	704	701	860	850	782	786
AT1G27390	1665	1484	1383	840	771	779
AT1G27400	2014	1849	2120	3075	2616	2348
AT1G27410	243	193	166	188	165	182
AT1G27420	97	88	64	83	80	59
AT1G27430	1885	1806	1021	1528	1213	1375
AT1G27435	538	484	593	652	562	506
AT1G27440	325	355	238	210	182	172
AT1G27450	4325	3978	3265	3949	3377	3899
AT1G27460	270	218	245	999	927	1193
AT1G27470	989	942	515	498	419	428
AT1G27480	716	649	724	1032	796	1158
AT1G27490	0	0	0	0	0	1
AT1G27500	195	171	140	271	200	190
AT1G27510	1820	1583	1516	1592	1281	1253
AT1G27520	1282	1093	839	1151	1048	993
AT1G27530	1109	1094	1272	1428	1449	1281
AT1G27540	615	579	533	615	475	500
AT1G27565	22	30	37	13	11	23
AT1G27580	302	240	222	275	218	204
AT1G27590	318	352	217	206	181	183
AT1G27595	1143	1066	644	988	836	758
AT1G27600	1130	995	951	1074	936	988
AT1G27610	1	0	0	0	0	1
AT1G27620	6	7	6	6	3	9
AT1G27630	1866	1636	1458	1026	922	1264
AT1G27640	62	48	34	45	39	20
AT1G27650	1808	1710	1765	1441	1211	1129
AT1G27660	64	53	75	115	100	83
AT1G27670	4	4	11	14	12	12
AT1G27680	726	705	472	545	498	432
AT1G27690	637	618	614	321	316	310
AT1G27695	236	218	363	212	229	208
AT1G27700	261	219	274	270	242	319
AT1G27710	3	5	14	0	0	1
AT1G27720	334	267	194	60	29	39
AT1G27730	32424	32304	33432	19578	19500	17843
AT1G27750	1009	945	677	923	803	755
AT1G27752	1251	1189	747	1040	813	879
AT1G27760	2933	2543	2130	1249	1003	917
AT1G27770	20485	18089	9245	16581	14821	14315
AT1G27820	59	59	65	0	0	2
AT1G27840	724	635	533	513	457	422
AT1G27850	1199	1026	693	1389	1157	1103
AT1G27860	0	1	0	0	0	0
AT1G27880	75	70	39	79	69	53
AT1G27890	208	208	199	1	1	1
AT1G27900	936	854	647	637	513	575
AT1G27910	562	560	372	742	600	591
AT1G27920	507	433	508	513	484	507
AT1G27921	217	161	102	210	181	183
AT1G27930	2053	1938	2234	1419	1211	1244
AT1G27940	146	144	101	58	47	38
AT1G27950	1792	1611	2140	3446	3029	3098
AT1G27960	163	184	151	164	134	105
AT1G27970	2784	2363	2248	1509	1397	1468
AT1G27980	1843	1671	1303	578	558	512
AT1G27990	1	2	2	0	0	0
AT1G28000	9	6	14	0	0	1
AT1G28010	180	174	164	327	272	252
AT1G28030	2	1	0	0	0	0
AT1G28040	9	3	0	5	2	0
AT1G28050	1581	1394	824	916	747	1655
AT1G28060	1765	1578	1085	1048	816	992
AT1G28070	255	224	309	198	204	219
AT1G28080	1	0	2	5	4	4
AT1G28090	463	396	309	464	433	436
AT1G28100	322	252	341	595	538	512
AT1G28110	459	369	528	576	545	571
AT1G28120	1342	1198	1224	1009	861	726
AT1G28130	557	453	182	131	123	58
AT1G28135	0	0	1	0	0	0
AT1G28140	3229	2799	3248	3232	2961	3369
AT1G28150	848	760	1295	907	930	1070
AT1G28180	0	1	0	0	0	0
AT1G28190	1513	1358	1848	1647	1247	1255
AT1G28200	1495	1476	1271	1016	892	836
AT1G28210	284	206	158	113	92	106
AT1G28220	0	0	0	4	1	0
AT1G28230	1135	923	1317	751	817	755
AT1G28240	1776	1564	1030	2554	2026	1796
AT1G28250	445	430	492	409	377	400
AT1G28260	1778	1519	1477	1045	888	812
AT1G28280	2861	2869	2428	2377	1708	1520
AT1G28281	5	10	5	3	2	2
AT1G28290	1071	1026	1420	2182	1756	1316
AT1G28300	0	0	0	2	1	2
AT1G28310	328	280	296	222	207	212
AT1G28320	1698	1494	1160	1294	1106	1364
AT1G28327	0	0	0	0	0	1
AT1G28330	2851	2819	4144	2326	2242	3980
AT1G28340	1619	1397	1302	1788	1481	1550
AT1G28350	956	786	585	751	648	683
AT1G28360	53	28	31	29	20	7
AT1G28370	9471	8506	9852	6798	6230	4865
AT1G28375	3	2	1	0	1	2
AT1G28380	8401	7479	4895	8576	7511	6692
AT1G28390	126	134	99	147	112	89
AT1G28395	347	333	332	196	180	205
AT1G28400	1239	1173	1548	1144	875	817
AT1G28410	944	789	908	495	485	468
AT1G28420	1941	1646	690	1653	1310	1368
AT1G28430	0	0	0	0	0	1
AT1G28440	1204	1136	1007	2108	1766	1779
AT1G28450	0	0	1	3	1	3
AT1G28460	2	2	0	0	2	0
AT1G28470	893	743	950	11	10	7
AT1G28480	2571	2419	1879	1266	1027	696
AT1G28490	598	557	539	715	564	490
AT1G28500	2	1	0	0	0	0
AT1G28510	616	481	600	489	439	451
AT1G28520	1925	1757	1426	1217	1022	904
AT1G28530	187	161	108	220	170	222
AT1G28540	278	239	393	299	259	216
AT1G28550	0	4	1	0	1	0
AT1G28560	220	175	149	97	65	96
AT1G28570	475	400	603	226	183	155
AT1G28580	3252	2824	2675	1646	1421	1320
AT1G28590	0	1	0	2	0	0
AT1G28600	6875	6123	4829	3325	2848	2855
AT1G28610	625	523	579	572	518	429
AT1G28650	61	57	19	1	2	0
AT1G28660	773	609	553	299	274	327
AT1G28670	844	777	977	768	621	694
AT1G28680	726	722	603	654	576	464
AT1G28685	556	566	390	489	437	333
AT1G28690	112	84	29	62	39	56
AT1G28695	0	0	1	0	0	0
AT1G28710	256	216	152	278	220	224
AT1G28730	0	1	0	0	2	3
AT1G28740	1	3	0	1	1	2
AT1G28760	240	199	154	73	73	80
AT1G28770	0	0	0	1	0	0
AT1G28780	0	0	1	0	0	0
AT1G28790	2	0	1	0	0	0
AT1G28810	6	2	0	1	0	2
AT1G28815	37	31	58	25	21	18
AT1G28820	4	6	5	4	3	0
AT1G28830	4	11	2	1	0	1
AT1G28840	4	6	2	3	2	0
AT1G28850	1	2	0	4	0	2
AT1G28860	1	0	1	1	0	0
AT1G28870	0	0	0	0	0	2
AT1G28880	0	0	0	1	0	0
AT1G28890	5	6	4	2	4	8
AT1G28900	0	0	0	0	1	1
AT1G28910	0	2	0	0	0	0
AT1G28920	5	5	1	7	5	5
AT1G28930	18	13	8	6	14	9
AT1G28940	22	7	8	15	11	8
AT1G28950	11	12	4	6	2	4
AT1G28960	603	556	596	717	572	564
AT1G28970	9	8	8	13	6	11
AT1G28980	3	3	0	4	4	4
AT1G28990	4	4	1	4	1	4
AT1G29000	9	5	2	0	0	1
AT1G29020	0	1	1	0	0	0
AT1G29025	0	0	0	0	0	2
AT1G29030	689	613	441	275	236	220
AT1G29040	824	816	965	842	772	726
AT1G29041	23	23	33	33	32	30
AT1G29050	377	348	655	608	566	482
AT1G29060	413	388	455	220	197	207
AT1G29070	1591	1460	2668	4690	5508	5733
AT1G29071	5	9	6	2	3	1
AT1G29090	7	9	2	4	1	0
AT1G29100	5	1	2	0	0	0
AT1G29110	0	1	0	1	4	3
AT1G29120	799	687	669	764	749	772
AT1G29140	0	0	0	3	1	0
AT1G29150	5393	4794	3874	2448	2377	2227
AT1G29160	51	50	49	16	25	13
AT1G29170	157	148	128	376	283	200
AT1G29195	29	16	13	6	14	4
AT1G29200	2	13	11	9	6	4
AT1G29220	617	559	650	523	389	358
AT1G29230	28	13	13	14	9	4
AT1G29240	1201	1044	728	358	344	345
AT1G29250	592	476	496	507	563	490
AT1G29260	1028	956	1018	645	650	575
AT1G29270	34	25	50	36	28	12
AT1G29280	440	425	507	161	118	141
AT1G29290	1369	1313	1234	442	476	351
AT1G29300	178	165	140	136	140	132
AT1G29310	976	857	673	791	774	717
AT1G29320	685	570	436	311	247	259
AT1G29330	613	604	543	601	440	299
AT1G29340	6731	6350	3855	5342	4170	3934
AT1G29350	3153	2863	1719	1933	1552	1926
AT1G29355	571	449	638	535	447	423
AT1G29357	656	534	699	631	528	468
AT1G29370	2809	2643	1889	2227	2025	1582
AT1G29380	39	33	49	69	57	44
AT1G29390	782	646	1143	1483	1663	1869
AT1G29395	971	842	2075	4695	4490	6081
AT1G29400	5060	4503	4457	4058	3633	3203
AT1G29410	186	125	159	179	166	136
AT1G29418	414	326	395	212	187	150
AT1G29420	22	25	45	23	18	11
AT1G29430	7	4	69	93	109	85
AT1G29440	5	4	40	84	99	47
AT1G29450	17	4	68	110	128	78
AT1G29460	9	6	63	90	87	47
AT1G29465	297	303	405	327	355	252
AT1G29470	3594	3183	2349	6952	5756	6032
AT1G29490	0	0	0	5	2	4
AT1G29500	7	4	47	82	84	57
AT1G29510	4	0	43	87	95	67
AT1G29520	73	70	154	163	137	126
AT1G29530	208	220	303	459	374	448
AT1G29540	3	3	28	8	7	8
AT1G29550	312	241	290	261	204	234
AT1G29560	129	103	109	185	97	104
AT1G29590	60	65	63	84	72	69
AT1G29600	18	20	10	31	29	47
AT1G29630	402	331	247	163	120	91
AT1G29640	158	129	147	24	19	5
AT1G29660	1083	1074	2103	5922	5029	6069
AT1G29670	5099	4634	5357	9051	7604	8392
AT1G29680	23	16	10	31	22	17
AT1G29690	6186	5830	3287	5803	5004	4777
AT1G29700	1090	1038	1334	2291	1970	1696
AT1G29710	251	233	222	131	133	135
AT1G29720	448	400	372	1725	1378	1173
AT1G29730	133	105	89	116	65	73
AT1G29740	15	12	11	11	13	13
AT1G29750	586	465	360	808	693	595
AT1G29760	943	789	665	542	442	446
AT1G29770	87	79	65	51	46	44
AT1G29780	37	25	9	19	13	11
AT1G29785	125	95	120	132	127	123
AT1G29790	512	424	426	879	745	687
AT1G29800	808	740	639	517	462	465
AT1G29810	229	199	260	233	300	230
AT1G29820	223	207	150	258	216	243
AT1G29830	7	5	2	11	3	7
AT1G29840	103	99	112	224	165	191
AT1G29850	1715	1625	1820	1799	1372	1416
AT1G29860	46	58	53	7	5	6
AT1G29870	0	2	0	0	0	0
AT1G29880	3952	3463	2220	2740	2515	2555
AT1G29890	572	531	400	763	603	654
AT1G29900	5272	4818	3381	3934	3616	4044
AT1G29910	27427	27989	76523	181234	201050	168182
AT1G29920	54124	53571	113187	247009	244550	172883
AT1G29930	139089	143576	331978	659163	684266	674204
AT1G29940	2372	2081	1002	956	798	775
AT1G29950	893	774	851	1079	879	890
AT1G29951	823	703	803	997	813	828
AT1G29952	823	703	803	997	813	828
AT1G29960	243	197	251	165	128	93
AT1G29962	1	2	2	1	0	0
AT1G29965	994	858	848	584	415	411
AT1G29970	2097	1813	1855	1517	1292	1117
AT1G29980	332	281	265	523	477	491
AT1G29990	808	777	899	587	582	547
AT1G30000	1523	1336	884	1052	934	997
AT1G30010	524	398	242	287	241	263
AT1G30020	81	47	53	45	41	36
AT1G30040	265	263	207	521	540	580
AT1G30050	2	3	2	0	0	0
AT1G30070	325	294	288	260	163	178
AT1G30080	1	1	1	3	2	1
AT1G30090	1192	996	899	908	702	634
AT1G30100	10	11	3	13	5	4
AT1G30110	32	38	61	65	51	44
AT1G30120	1427	1317	1181	3012	2743	2369
AT1G30130	276	259	347	585	527	475
AT1G30135	467	433	550	942	688	452
AT1G30140	1	0	0	0	0	0
AT1G30160	725	727	669	138	148	116
AT1G30170	925	853	688	1	1	0
AT1G30190	242	196	186	202	157	170
AT1G30200	934	932	962	1376	1274	1307
AT1G30210	1224	1106	1074	1373	1222	1286
AT1G30220	139	141	131	54	38	28
AT1G30230	12370	10975	12932	9173	9140	8187
AT1G30240	598	506	284	242	223	274
AT1G30250	361	326	604	581	499	674
AT1G30260	326	275	618	345	376	460
AT1G30270	2082	1750	1471	1192	959	818
AT1G30280	26	16	55	420	373	469
AT1G30282	23	13	37	240	216	307
AT1G30290	236	221	140	208	189	176
AT1G30300	322	329	295	231	215	236
AT1G30320	370	373	391	315	274	217
AT1G30330	1867	1734	1252	2278	2170	1992
AT1G30360	10801	10056	7320	15077	13021	15928
AT1G30370	255	274	185	214	212	95
AT1G30380	7820	7532	18436	33696	38283	35677
AT1G30400	5122	4610	2851	4818	4138	3824
AT1G30410	1471	1268	518	996	926	971
AT1G30420	676	545	275	809	694	689
AT1G30440	876	751	601	1086	1015	1196
AT1G30450	1314	1138	693	1071	932	993
AT1G30455	6	5	0	3	1	2
AT1G30460	681	572	438	518	457	422
AT1G30470	2350	2158	1462	1856	1591	1534
AT1G30473	353	320	513	37	27	17
AT1G30475	1082	985	1132	116	91	78
AT1G30480	756	631	600	377	286	294
AT1G30490	5620	5174	3417	869	829	843
AT1G30500	469	429	659	282	249	217
AT1G30510	455	378	367	632	497	462
AT1G30515	2	0	4	10	6	7
AT1G30520	124	128	292	851	760	725
AT1G30530	548	544	747	1440	1266	811
AT1G30540	568	467	413	433	447	466
AT1G30550	116	133	146	146	146	130
AT1G30560	0	1	0	0	0	0
AT1G30570	324	302	252	698	600	619
AT1G30580	5395	4822	4060	4371	3686	3467
AT1G30590	1288	1216	1108	1292	1187	1140
AT1G30600	199	179	135	205	165	164
AT1G30610	509	416	317	894	641	737
AT1G30620	1672	1463	832	741	655	582
AT1G30630	2479	2161	2096	2175	1972	1999
AT1G30640	1542	1416	759	734	542	470
AT1G30650	45	44	29	36	29	12
AT1G30660	45	67	56	15	6	5
AT1G30680	2308	2148	1307	988	718	772
AT1G30690	1087	952	1088	1640	1331	1405
AT1G30700	1324	1145	397	96	75	69
AT1G30710	2	0	0	0	0	0
AT1G30720	1228	1110	909	386	357	288
AT1G30730	1327	1269	1037	479	384	269
AT1G30740	24	22	21	24	5	6
AT1G30750	4	6	1	3	1	2
AT1G30755	2234	1966	1215	1736	1414	1250
AT1G30757	244	192	227	246	254	234
AT1G30760	7	1	14	10	13	4
AT1G30780	1	0	0	0	0	0
AT1G30800	29	20	45	18	7	7
AT1G30810	2434	2239	1441	2003	1527	1499
AT1G30814	3	2	1	1	2	0
AT1G30820	931	752	802	1444	1306	941
AT1G30825	340	284	266	296	282	278
AT1G30840	20	21	25	46	24	23
AT1G30845	62	64	86	80	68	82
AT1G30850	2	2	2	4	1	1
AT1G30860	36	46	33	55	37	57
AT1G30870	2	3	4	0	0	0
AT1G30880	1327	1229	1834	1339	1428	1170
AT1G30890	644	565	572	408	427	402
AT1G30900	2952	2587	1617	638	528	450
AT1G30910	702	701	819	910	855	815
AT1G30920	2	2	0	0	0	0
AT1G30950	2	0	2	1	0	0
AT1G30960	235	219	134	72	95	101
AT1G30970	1618	1495	1278	1071	806	888
AT1G30990	3	2	2	2	0	0
AT1G31000	1	1	0	0	0	0
AT1G31010	288	293	207	127	128	139
AT1G31020	286	301	342	242	257	222
AT1G31040	30	20	31	36	21	8
AT1G31050	0	0	1	5	3	2
AT1G31070	348	297	244	661	580	554
AT1G31120	403	349	265	354	365	338
AT1G31130	9348	8056	6413	6542	5113	4594
AT1G31140	1	0	3	1	1	0
AT1G31150	228	178	155	356	314	284
AT1G31160	282	233	370	505	575	544
AT1G31170	822	746	1167	999	839	867
AT1G31173	219	176	283	239	194	198
AT1G31175	247	212	238	219	189	205
AT1G31180	1755	1541	1268	1278	1334	1267
AT1G31190	840	679	856	1415	1127	1131
AT1G31200	65	64	131	68	72	76
AT1G31220	441	413	355	319	243	285
AT1G31230	1683	1386	935	2145	1813	1943
AT1G31240	35	43	20	21	14	12
AT1G31250	0	0	0	1	0	0
AT1G31258	151	141	237	169	133	104
AT1G31280	5165	4577	2901	445	430	428
AT1G31290	532	552	253	89	100	96
AT1G31300	867	822	1008	809	726	770
AT1G31310	25	23	32	43	25	12
AT1G31320	31	22	51	25	36	24
AT1G31330	25702	24011	50322	145978	130585	123591
AT1G31335	83	89	131	107	166	105
AT1G31340	1196	1107	1361	1316	1031	1010
AT1G31350	588	553	487	449	393	327
AT1G31360	396	362	280	348	259	267
AT1G31390	0	0	0	2	0	0
AT1G31400	0	3	0	4	3	3
AT1G31410	474	491	442	932	628	800
AT1G31420	2279	2081	1934	4474	3557	4278
AT1G31430	43	46	34	53	32	40
AT1G31440	1465	1318	1227	1029	850	792
AT1G31460	217	195	215	208	160	172
AT1G31470	212	157	102	103	87	88
AT1G31480	590	572	374	489	376	461
AT1G31485	30	30	25	33	32	35
AT1G31490	108	124	149	105	103	114
AT1G31500	581	519	500	559	466	463
AT1G31540	5367	4547	2607	3905	3256	3233
AT1G31550	2089	1815	2497	1593	1529	1180
AT1G31580	36091	33146	42909	51453	42598	39055
AT1G31600	1227	1113	879	805	743	719
AT1G31630	0	0	0	0	1	0
AT1G31650	783	711	658	833	725	695
AT1G31660	1784	1562	1079	672	570	595
AT1G31690	49	54	138	994	783	1210
AT1G31710	85	79	165	1397	1084	670
AT1G31720	5	3	8	5	2	6
AT1G31730	3033	2566	1814	2738	2300	2401
AT1G31750	103	139	129	28	20	22
AT1G31760	144	156	216	60	46	35
AT1G31770	163	136	113	112	87	98
AT1G31780	1141	1009	652	1171	1085	1129
AT1G31790	126	144	116	85	62	85
AT1G31800	1196	1061	1151	2404	2207	2511
AT1G31810	1068	998	628	965	880	811
AT1G31812	2748	2521	4562	6454	5782	6173
AT1G31814	290	270	206	127	101	117
AT1G31817	542	528	484	571	413	427
AT1G31820	1082	943	932	476	406	319
AT1G31830	911	845	753	553	465	439
AT1G31835	107	92	167	48	36	51
AT1G31840	80	76	57	45	39	45
AT1G31850	989	861	877	1630	1487	1930
AT1G31860	429	308	406	513	447	427
AT1G31870	819	747	712	709	578	544
AT1G31880	69	66	56	49	29	23
AT1G31885	12	5	4	5	4	1
AT1G31910	7722	7296	5655	5470	4875	4808
AT1G31920	326	325	335	466	388	347
AT1G31930	1142	990	816	1512	1185	1069
AT1G31935	19	10	55	29	36	23
AT1G31940	1021	850	1061	508	506	474
AT1G31950	34	39	32	41	33	32
AT1G31970	2530	2238	1631	1742	1457	1398
AT1G31990	0	0	1	0	3	1
AT1G32050	6295	5382	5473	3413	3461	3097
AT1G32060	17832	16331	20738	34976	29707	29660
AT1G32070	1005	878	1362	2210	1810	1856
AT1G32080	2880	2512	4137	6307	6314	6491
AT1G32090	319	321	224	530	460	699
AT1G32100	58	49	92	73	83	90
AT1G32120	344	284	365	357	314	304
AT1G32130	3623	3269	2609	2594	2135	2091
AT1G32150	634	546	593	672	566	620
AT1G32160	2088	1797	2374	2317	2133	1960
AT1G32170	600	522	393	123	120	170
AT1G32172	8	6	15	7	2	6
AT1G32180	0	1	1	0	0	0
AT1G32190	124	86	110	143	138	141
AT1G32200	1306	1207	1182	2342	1995	2083
AT1G32210	1083	944	1067	748	793	795
AT1G32220	1142	992	1287	2336	1995	1965
AT1G32225	0	3	1	0	0	0
AT1G32230	14552	12918	10083	7566	6304	6216
AT1G32240	146	129	140	94	88	67
AT1G32250	0	0	2	0	0	0
AT1G32260	558	481	492	330	238	264
AT1G32270	6	8	8	2	3	3
AT1G32290	1	0	0	0	0	0
AT1G32310	234	208	283	193	240	230
AT1G32330	525	457	287	213	179	183
AT1G32337	0	0	0	0	1	0
AT1G32340	1059	962	675	690	562	588
AT1G32350	1699	1515	1163	411	324	125
AT1G32360	1311	1129	1216	1430	1163	1189
AT1G32370	422	394	459	229	249	235
AT1G32375	15	16	8	3	6	6
AT1G32380	621	515	435	363	302	238
AT1G32385	22	15	21	1	10	9
AT1G32400	3317	2991	2890	2523	2531	2541
AT1G32410	674	556	661	755	641	724
AT1G32415	85	108	50	72	47	76
AT1G32440	1002	868	607	1025	899	837
AT1G32450	1393	1249	680	419	342	288
AT1G32460	2325	2155	3118	1499	1758	1669
AT1G32470	947	774	3072	6696	6447	6736
AT1G32480	0	0	0	1	0	0
AT1G32490	2017	1812	1033	1372	1191	1133
AT1G32500	2451	2288	2005	2608	2232	2400
AT1G32510	0	1	10	1	1	0
AT1G32520	299	313	516	379	395	254
AT1G32530	1178	1068	784	1086	993	910
AT1G32540	550	460	876	1613	1508	1310
AT1G32550	444	444	652	1369	1083	1161
AT1G32560	25	19	31	3	3	5
AT1G32570	143	118	56	0	1	4
AT1G32580	1769	1558	1696	1346	1082	997
AT1G32583	117	108	111	34	31	31
AT1G32600	0	0	2	0	0	0
AT1G32610	135	112	125	68	46	75
AT1G32630	150	132	210	178	132	133
AT1G32640	15139	14221	9749	16363	12626	10287
AT1G32650	0	0	3	0	3	0
AT1G32660	0	2	1	1	0	0
AT1G32690	139	118	117	131	134	84
AT1G32700	2150	1877	2400	1324	1232	1095
AT1G32730	137	126	146	120	126	93
AT1G32740	72	104	147	76	40	44
AT1G32750	2036	1950	968	1828	1472	1524
AT1G32760	28	28	32	63	51	65
AT1G32770	0	0	3	0	0	0
AT1G32780	7	7	10	39	39	26
AT1G32790	4441	4092	4380	3397	3350	3316
AT1G32810	1384	1309	836	967	861	708
AT1G32860	447	413	200	206	152	294
AT1G32870	1380	1258	1179	215	209	189
AT1G32880	14	16	15	3	1	4
AT1G32900	797	853	1284	1253	1096	373
AT1G32910	44	43	21	56	24	11
AT1G32920	16716	15035	19253	9549	10159	9323
AT1G32928	3051	2700	4082	1539	1613	1564
AT1G32930	119	114	137	141	125	89
AT1G32940	3028	2726	1668	548	588	405
AT1G32950	175	175	88	34	37	23
AT1G32960	991	972	567	376	325	209
AT1G32970	12	8	7	13	11	0
AT1G32975	0	0	0	0	1	0
AT1G32980	0	0	0	1	0	0
AT1G32990	1417	1322	2247	5194	4625	5503
AT1G32992	0	0	1	0	0	0
AT1G33020	1	0	0	0	0	0
AT1G33030	216	222	192	172	167	92
AT1G33040	458	445	572	1201	1101	1018
AT1G33050	4066	3488	3592	2652	2350	2246
AT1G33055	24	17	43	22	33	13
AT1G33060	689	607	605	475	426	389
AT1G33080	116	92	141	179	189	179
AT1G33090	0	0	3	1	2	0
AT1G33102	47	41	39	34	40	27
AT1G33110	1508	1348	1642	1114	1112	598
AT1G33120	4420	3980	4192	5578	5289	5115
AT1G33140	4567	4101	4515	6539	6587	6598
AT1G33170	105	113	255	755	600	517
AT1G33230	1008	891	919	877	770	681
AT1G33240	1683	1485	1850	3661	2817	2920
AT1G33250	773	683	797	906	812	867
AT1G33260	103	133	137	177	145	87
AT1G33265	445	443	467	407	325	348
AT1G33270	1078	946	882	805	646	647
AT1G33290	715	654	716	966	756	841
AT1G33330	324	321	324	487	469	466
AT1G33340	136	109	186	157	151	139
AT1G33350	78	63	54	49	34	45
AT1G33360	637	600	381	446	335	366
AT1G33390	938	813	469	501	430	407
AT1G33400	457	404	308	472	435	434
AT1G33410	1692	1412	683	1018	913	855
AT1G33415	1911	1649	1316	589	490	496
AT1G33420	1465	1332	999	435	354	368
AT1G33430	134	92	131	37	26	29
AT1G33440	11	9	19	61	48	47
AT1G33470	1802	1526	1257	2064	1791	2021
AT1G33475	32	22	54	63	52	36
AT1G33480	26	20	34	113	82	71
AT1G33490	1136	1032	1185	827	766	687
AT1G33500	2	0	1	6	1	2
AT1G33520	1028	957	775	1124	931	942
AT1G33560	3046	2803	1563	1132	975	935
AT1G33590	7241	6745	7219	16498	13471	15040
AT1G33600	4595	4158	3567	7935	6162	7322
AT1G33607	0	0	0	1	0	2
AT1G33610	1345	1161	1290	2634	2192	2292
AT1G33612	9	14	4	26	13	13
AT1G33615	25	16	15	22	9	13
AT1G33640	5	0	3	0	6	1
AT1G33680	2517	2261	1536	1450	1340	1219
AT1G33700	236	202	353	241	195	163
AT1G33720	3602	3269	2353	1057	861	958
AT1G33730	208	212	134	22	9	12
AT1G33750	0	0	0	2	3	0
AT1G33760	2012	2043	1811	3111	2452	2072
AT1G33770	130	138	113	955	714	731
AT1G33780	965	906	855	1159	946	1056
AT1G33790	90	73	49	62	55	44
AT1G33800	34	34	61	54	55	47
AT1G33810	619	541	869	888	933	964
AT1G33811	159	138	257	595	514	538
AT1G33820	0	0	0	0	1	0
AT1G33840	60	31	24	15	18	19
AT1G33890	0	0	1	1	0	0
AT1G33930	7	5	10	63	49	49
AT1G33940	0	0	0	1	1	1
AT1G33950	24	21	14	20	10	7
AT1G33960	2753	2467	2333	435	336	184
AT1G33970	5295	4654	4997	3183	2523	2485
AT1G33980	2023	1746	1421	1326	1088	1107
AT1G33990	3966	3422	3999	2411	2333	2146
AT1G34000	1118	1006	1675	3324	3112	2761
AT1G34010	76	78	116	249	244	224
AT1G34020	602	571	464	552	510	545
AT1G34030	2097	1858	2265	2246	2139	1977
AT1G34040	2	3	6	12	10	14
AT1G34047	2	0	0	0	0	0
AT1G34050	4	4	2	0	0	0
AT1G34060	84	70	277	212	182	101
AT1G34065	45	58	67	127	129	92
AT1G34110	370	320	324	446	406	412
AT1G34120	330	298	242	316	243	232
AT1G34130	2438	2083	1321	1441	1291	1373
AT1G34140	0	1	0	0	0	0
AT1G34150	445	434	333	329	303	311
AT1G34160	126	121	47	88	55	77
AT1G34180	1488	1269	883	305	281	229
AT1G34190	3586	3185	2775	2109	1795	1772
AT1G34200	738	583	554	652	500	587
AT1G34210	520	473	538	755	756	652
AT1G34220	2065	1863	1474	1631	1372	1275
AT1G34245	7	2	18	17	20	15
AT1G34260	3733	3243	1267	2372	2114	2144
AT1G34270	319	276	280	334	318	273
AT1G34300	1590	1334	1029	1205	1093	1149
AT1G34315	137	125	127	250	241	231
AT1G34320	2207	1772	1228	1641	1422	1348
AT1G34340	823	769	639	1219	1093	958
AT1G34350	351	284	336	325	253	268
AT1G34355	54	34	27	98	95	86
AT1G34360	624	600	330	324	287	267
AT1G34370	2921	2663	2369	1915	1707	1495
AT1G34380	334	264	279	238	247	239
AT1G34392	0	0	1	0	0	0
AT1G34400	4	9	1	10	3	2
AT1G34418	848	711	903	625	585	562
AT1G34420	1836	1609	934	628	605	444
AT1G34430	811	736	683	1933	1718	1846
AT1G34440	1	3	4	2	8	10
AT1G34460	62	65	23	58	50	64
AT1G34470	712	678	619	372	407	425
AT1G34480	1	4	0	5	4	0
AT1G34490	0	0	3	0	0	0
AT1G34520	0	0	0	2	0	0
AT1G34550	882	850	525	1281	1085	1146
AT1G34560	3	7	0	0	0	0
AT1G34570	710	592	969	460	424	386
AT1G34580	7	6	12	30	46	38
AT1G34630	304	315	302	345	350	346
AT1G34640	117	103	229	156	170	151
AT1G34650	0	0	0	1	2	1
AT1G34670	112	95	98	1	3	3
AT1G34750	2619	2437	1967	1149	919	1038
AT1G34760	291	213	289	468	315	366
AT1G34770	305	275	340	58	85	71
AT1G34780	1034	964	1029	595	596	531
AT1G34844	229	213	251	152	130	142
AT1G35140	10752	10798	7297	6508	6418	6698
AT1G35160	2278	2075	1940	2133	2242	2344
AT1G35170	5	4	10	6	12	15
AT1G35180	23	17	50	109	70	69
AT1G35183	0	0	0	2	4	0
AT1G35190	1004	922	883	665	541	463
AT1G35210	2112	1921	2686	2155	2009	1839
AT1G35220	879	744	419	772	750	747
AT1G35230	3104	3536	2202	407	470	277
AT1G35240	0	0	0	0	1	0
AT1G35250	1	2	7	0	3	0
AT1G35255	0	0	4	5	4	10
AT1G35260	15	10	17	68	65	48
AT1G35290	0	0	0	1	6	4
AT1G35310	1	0	6	49	31	26
AT1G35320	478	416	358	251	186	149
AT1G35330	11	1	2	2	1	0
AT1G35340	945	875	1036	1489	1221	1272
AT1G35350	2650	2372	1348	2360	2105	2219
AT1G35420	1200	1125	1697	2509	1988	1920
AT1G35430	234	208	353	266	279	228
AT1G35435	0	0	1	1	0	0
AT1G35460	421	475	598	538	487	463
AT1G35470	875	820	667	531	429	482
AT1G35500	0	0	0	0	0	1
AT1G35510	858	760	544	858	746	702
AT1G35515	621	555	1034	1105	1052	924
AT1G35516	602	537	1007	1069	1031	909
AT1G35530	174	183	103	73	61	51
AT1G35545	0	0	0	1	0	0
AT1G35550	0	0	0	1	0	0
AT1G35560	448	430	617	486	447	263
AT1G35580	3788	3505	3276	4435	4196	3478
AT1G35610	0	0	0	1	2	1
AT1G35620	2038	1873	1953	1896	1688	1665
AT1G35625	10	8	13	3	1	3
AT1G35630	12	9	12	0	3	1
AT1G35660	607	539	369	388	317	323
AT1G35670	703	588	597	726	647	586
AT1G35680	2489	2328	4090	7687	6834	7818
AT1G35710	25672	22789	12737	11700	10069	10119
AT1G35720	5269	4665	4527	9669	9214	8581
AT1G35730	6	4	11	21	10	8
AT1G35780	308	284	277	374	297	298
AT1G35830	10	29	21	80	50	37
AT1G35880	1	0	3	1	0	1
AT1G35910	163	151	76	78	62	27
AT1G36020	0	2	0	2	0	0
AT1G36050	1153	1021	905	1196	1018	1054
AT1G36060	393	392	265	44	43	38
AT1G36070	592	601	618	521	470	449
AT1G36160	3106	2744	1669	4843	4350	4049
AT1G36180	478	455	216	413	351	380
AT1G36280	709	613	437	339	311	295
AT1G36310	1350	1139	1059	700	612	742
AT1G36320	2962	2683	2559	3026	2530	2815
AT1G36340	0	0	0	1	0	2
AT1G36370	1341	1171	1123	2002	1588	1062
AT1G36380	275	250	510	342	312	267
AT1G36390	540	496	598	992	745	886
AT1G36580	0	0	0	1	1	0
AT1G36622	1536	1377	1853	436	391	258
AT1G36640	14	14	12	2	2	0
AT1G36675	58	50	63	50	31	52
AT1G36730	10710	9508	6406	6436	5619	5195
AT1G36732	10710	9508	6406	6436	5619	5195
AT1G36920	1	1	0	3	0	0
AT1G36922	0	1	1	0	1	1
AT1G36940	14	12	36	96	94	90
AT1G36950	0	0	0	1	0	0
AT1G36980	1722	1676	2248	1514	1702	1604
AT1G36990	1253	1122	930	808	691	700
AT1G36992	149	155	55	110	57	69
AT1G37130	32650	31338	22477	32019	28869	14997
AT1G37140	2	1	0	1	0	0
AT1G37150	19	12	25	17	12	19
AT1G38065	83	82	111	281	232	153
AT1G38131	125	127	137	341	323	358
AT1G41830	603	600	718	2875	2234	1970
AT1G41875	0	0	0	0	1	0
AT1G41880	1746	1497	2006	3169	2412	2290
AT1G42430	365	312	364	565	473	438
AT1G42440	2507	2026	1138	951	963	963
AT1G42470	1699	1538	675	1685	1471	1398
AT1G42480	433	322	332	420	379	335
AT1G42540	883	781	723	1006	940	696
AT1G42550	1727	1592	1302	2716	2109	1878
AT1G42560	7	2	12	3	3	3
AT1G42680	1	9	0	1	9	9
AT1G42960	2420	2127	2807	3039	2635	2698
AT1G42970	17206	15819	19301	36548	32325	34650
AT1G42980	421	380	238	118	118	119
AT1G42990	13043	11672	10996	8540	7451	6607
AT1G43000	78	70	27	63	44	50
AT1G43040	1	1	4	1	4	5
AT1G43130	1276	1185	1339	1043	924	885
AT1G43160	54	35	62	37	39	13
AT1G43170	15942	14347	11185	14539	13393	11864
AT1G43171	0	1	0	0	0	0
AT1G43190	1784	1641	1374	1549	1379	1452
AT1G43245	253	237	244	260	224	189
AT1G43560	946	839	1251	1982	2013	2178
AT1G43580	573	538	701	885	793	705
AT1G43600	0	0	1	0	0	0
AT1G43610	2	1	0	0	0	0
AT1G43620	1474	1328	888	1343	1200	1337
AT1G43640	3	0	5	5	2	3
AT1G43650	19	17	27	62	54	69
AT1G43670	3734	3295	4518	6007	5288	5911
AT1G43680	0	0	0	0	3	0
AT1G43690	2009	1791	1598	1452	1310	1238
AT1G43700	1768	1702	1638	1617	1290	1264
AT1G43710	1211	1038	1099	1922	1731	1739
AT1G43765	7	2	12	10	10	3
AT1G43770	235	229	269	176	130	100
AT1G43790	47	27	74	86	63	73
AT1G43800	43	48	58	123	153	92
AT1G43810	3	0	4	1	0	0
AT1G43850	2565	2452	1599	2007	1615	1545
AT1G43860	1276	1119	1071	559	442	490
AT1G43890	2216	1921	2529	1220	1077	1028
AT1G43900	598	542	583	787	582	551
AT1G43910	2455	2242	1311	151	129	122
AT1G43980	64	65	30	43	48	47
AT1G44000	757	674	1364	2466	2271	1586
AT1G44050	0	0	0	0	0	1
AT1G44090	0	0	0	0	1	0
AT1G44100	1945	1754	1446	963	856	887
AT1G44110	49	52	66	113	113	104
AT1G44120	575	465	309	246	220	285
AT1G44125	555	449	295	248	217	290
AT1G44130	1495	1371	1022	56	45	20
AT1G44160	1	0	4	8	2	3
AT1G44170	796	772	675	1031	908	885
AT1G44180	2	5	3	2	0	2
AT1G44318	1	0	0	0	0	0
AT1G44350	1613	1499	1486	1707	1656	1252
AT1G44414	5	4	13	21	21	12
AT1G44446	2924	2720	4071	8761	7590	4401
AT1G44478	0	0	0	2	1	0
AT1G44542	1	0	0	0	0	0
AT1G44575	6976	6496	10869	28243	24540	23322
AT1G44608	0	0	1	0	1	0
AT1G44740	16	11	24	30	12	9
AT1G44750	1418	1242	1199	659	558	564
AT1G44760	335	271	369	318	222	243
AT1G44770	1599	1384	1680	1770	1504	1380
AT1G44780	194	168	158	243	184	172
AT1G44790	515	476	526	1069	956	959
AT1G44800	340	324	429	333	289	160
AT1G44810	1196	1006	1292	677	502	458
AT1G44820	1726	1483	1362	1122	846	807
AT1G44830	359	324	271	170	165	113
AT1G44835	493	533	524	515	467	481
AT1G44890	184	183	137	95	69	97
AT1G44900	1120	985	730	463	400	322
AT1G44910	1463	1186	734	1087	879	808
AT1G44920	922	879	1237	1792	1627	1859
AT1G44940	0	0	0	1	0	0
AT1G44960	671	579	528	292	276	263
AT1G44970	2	1	1	1	0	2
AT1G44990	0	1	0	0	0	0
AT1G45000	2260	1936	1759	2569	2159	2127
AT1G45010	139	132	218	320	308	268
AT1G45015	1	0	0	0	0	0
AT1G45050	523	426	501	478	342	326
AT1G45100	0	1	0	0	0	0
AT1G45110	102	101	74	83	83	78
AT1G45130	275	233	364	1100	851	840
AT1G45145	5252	4572	6253	2513	2526	1943
AT1G45150	870	764	593	475	419	400
AT1G45160	1633	1487	1048	1808	1631	1643
AT1G45163	107	104	219	253	239	318
AT1G45165	94	86	200	215	221	295
AT1G45170	283	255	303	253	240	227
AT1G45180	466	459	268	419	332	358
AT1G45191	31	31	82	449	358	237
AT1G45201	566	471	1169	5972	5356	4494
AT1G45207	204	173	135	544	513	507
AT1G45229	242	190	198	237	214	217
AT1G45230	856	835	1082	905	845	887
AT1G45231	395	351	261	287	216	222
AT1G45233	353	338	302	190	155	155
AT1G45243	0	1	0	0	0	0
AT1G45244	0	1	2	0	0	0
AT1G45246	0	0	1	0	0	0
AT1G45248	110	89	104	110	86	69
AT1G45249	624	577	553	763	576	516
AT1G45332	1054	863	458	564	478	471
AT1G45474	1583	1514	2528	3800	3514	3742
AT1G45545	74	55	47	63	49	50
AT1G45616	151	115	94	14	13	8
AT1G45688	1906	1702	1430	2353	1754	1678
AT1G45976	831	778	971	576	473	382
AT1G46264	44	52	65	79	73	45
AT1G46480	51	57	80	54	50	33
AT1G46554	165	131	210	235	218	220
AT1G46768	169	158	157	73	81	56
AT1G46984	0	1	2	0	0	0
AT1G47056	408	362	378	376	341	335
AT1G47128	38566	35593	31611	16826	14875	13414
AT1G47200	934	842	1011	1017	843	753
AT1G47210	235	176	237	414	300	288
AT1G47230	253	197	232	228	229	246
AT1G47240	470	402	343	490	440	473
AT1G47250	583	616	589	567	542	592
AT1G47260	1851	1744	1657	2774	2299	2241
AT1G47270	268	280	353	402	397	375
AT1G47271	1	3	4	6	1	4
AT1G47278	449	412	523	305	282	293
AT1G47280	2	2	3	1	0	0
AT1G47290	204	182	171	497	436	363
AT1G47310	527	480	557	731	618	561
AT1G47330	820	689	571	599	489	486
AT1G47340	121	93	111	146	128	133
AT1G47370	6	5	33	25	36	20
AT1G47380	333	335	238	747	646	741
AT1G47395	39	30	60	14	9	15
AT1G47400	21	11	44	9	6	16
AT1G47410	56	31	95	93	88	73
AT1G47420	2693	2502	2652	3479	3207	3119
AT1G47480	189	146	154	126	83	69
AT1G47485	0	0	0	1	0	1
AT1G47490	2375	2045	1919	1553	1224	1343
AT1G47495	1	0	0	0	0	0
AT1G47497	0	0	0	1	0	0
AT1G47500	1694	1484	1131	803	606	641
AT1G47510	354	326	178	72	60	42
AT1G47530	2875	2593	2762	3053	2584	2379
AT1G47550	2643	2456	1475	2347	2229	2192
AT1G47560	131	85	81	130	80	115
AT1G47570	811	693	553	471	393	457
AT1G47578	14	12	9	19	23	14
AT1G47580	96	82	163	390	281	253
AT1G47603	4	1	12	4	8	7
AT1G47640	1090	941	982	763	797	886
AT1G47655	16	16	30	40	45	20
AT1G47670	114	126	154	333	228	272
AT1G47690	0	1	0	0	0	0
AT1G47710	1473	1314	1101	1145	939	1109
AT1G47720	262	192	182	120	90	92
AT1G47740	470	430	490	973	836	807
AT1G47750	299	279	301	327	268	253
AT1G47760	2	0	4	9	8	4
AT1G47770	1	0	1	1	1	0
AT1G47813	0	1	0	2	1	0
AT1G47820	102	77	210	129	111	116
AT1G47830	837	712	1015	779	648	659
AT1G47840	20	13	36	83	74	55
AT1G47870	644	611	383	214	192	169
AT1G47885	0	0	0	1	0	0
AT1G47890	858	746	262	102	88	81
AT1G47900	249	181	214	659	534	479
AT1G47915	1	1	1	0	0	0
AT1G47920	10	6	4	5	2	0
AT1G47960	566	454	570	303	257	218
AT1G47970	2442	2161	2565	1310	941	848
AT1G47980	39	42	47	16	7	6
AT1G47990	7	5	9	3	5	1
AT1G48000	202	196	293	117	104	65
AT1G48020	4	1	1	1	1	1
AT1G48030	2859	2709	2516	6531	5643	6029
AT1G48040	360	315	276	139	140	149
AT1G48050	632	584	484	500	424	402
AT1G48060	11	5	6	16	15	7
AT1G48090	6378	5791	2407	4576	4219	4165
AT1G48100	32	41	67	175	165	72
AT1G48110	2538	2199	1566	1801	1570	1478
AT1G48120	605	509	332	377	309	304
AT1G48140	405	327	462	219	225	227
AT1G48150	1	0	0	0	0	0
AT1G48160	597	584	722	591	619	568
AT1G48170	476	389	458	354	326	347
AT1G48175	438	380	470	259	206	209
AT1G48180	0	0	0	0	1	1
AT1G48195	1	1	1	0	1	0
AT1G48200	305	230	249	157	191	202
AT1G48210	2574	2339	1173	860	740	1326
AT1G48220	1	1	2	0	2	0
AT1G48230	856	717	746	975	945	884
AT1G48240	215	260	258	609	475	571
AT1G48260	1242	1127	1267	369	314	244
AT1G48267	7	5	10	2	1	0
AT1G48270	183	141	166	190	129	137
AT1G48280	135	87	112	149	125	133
AT1G48300	4048	3653	6017	7790	6264	6268
AT1G48310	284	250	240	277	245	250
AT1G48315	1144	1061	1138	803	777	602
AT1G48320	1131	1043	1121	771	763	587
AT1G48330	43	22	163	122	113	129
AT1G48350	1928	1729	3444	5126	5061	5990
AT1G48360	364	291	253	435	324	387
AT1G48370	576	558	285	281	262	299
AT1G48380	304	286	367	317	278	225
AT1G48390	33	28	31	20	27	18
AT1G48400	41	33	30	15	15	10
AT1G48405	20	14	17	7	4	1
AT1G48410	7384	6666	4342	4157	3676	3812
AT1G48420	2155	1904	2031	2666	2261	2310
AT1G48430	2178	1945	1983	1881	1555	1669
AT1G48440	2349	2160	2563	1936	1817	1594
AT1G48450	3096	2818	3145	4215	3420	3589
AT1G48460	449	337	327	297	287	278
AT1G48470	0	0	1	4	8	4
AT1G48480	196	172	266	961	850	836
AT1G48490	2830	2525	1586	1764	1593	1511
AT1G48500	9	4	12	27	28	26
AT1G48510	2	0	1	0	1	1
AT1G48520	842	809	766	1624	1511	1682
AT1G48530	2	0	0	0	0	1
AT1G48540	1057	969	761	1998	1673	1713
AT1G48550	474	432	422	368	388	303
AT1G48560	283	206	176	60	67	68
AT1G48570	748	680	409	584	530	565
AT1G48580	49	31	40	26	32	36
AT1G48590	0	1	2	1	1	0
AT1G48598	979	1005	1576	5090	4002	3692
AT1G48600	979	1004	1575	5087	4001	3691
AT1G48605	131	169	132	74	93	68
AT1G48610	267	261	276	367	314	325
AT1G48620	2311	2166	2273	1831	1514	1414
AT1G48630	1741	1619	1361	1425	1462	1276
AT1G48635	893	723	718	550	501	512
AT1G48640	6	4	0	2	2	1
AT1G48650	1985	1824	1114	1626	1456	1486
AT1G48660	1	1	1	12	12	3
AT1G48700	0	0	1	0	0	0
AT1G48720	14	13	5	12	8	19
AT1G48730	1	0	0	0	0	0
AT1G48740	4	4	12	5	4	2
AT1G48745	105	88	160	69	49	34
AT1G48750	50	77	80	53	64	45
AT1G48760	775	766	570	842	676	695
AT1G48770	87	58	63	94	76	92
AT1G48780	61	59	72	85	96	93
AT1G48790	2208	1928	1524	1640	1444	1394
AT1G48820	4	2	14	22	19	11
AT1G48830	2682	2406	2749	2485	2191	2001
AT1G48840	749	694	670	647	601	525
AT1G48850	2041	1819	1593	2090	1713	1650
AT1G48860	1189	1072	857	1116	986	963
AT1G48870	33	40	47	40	24	25
AT1G48880	103	77	66	123	103	104
AT1G48900	2704	2380	1631	1676	1467	1363
AT1G48920	19624	17199	10772	8904	8074	7942
AT1G48930	3	8	1	0	0	0
AT1G48940	0	2	2	0	0	3
AT1G48950	565	509	444	551	503	495
AT1G48960	355	297	290	320	270	228
AT1G48970	1247	1138	971	633	508	549
AT1G48980	1	0	0	0	0	0
AT1G49000	349	324	296	202	145	120
AT1G49005	1	1	0	1	5	1
AT1G49010	257	248	406	435	360	355
AT1G49030	2	1	1	1	1	2
AT1G49032	726	624	1425	1409	1307	1127
AT1G49040	2149	1842	937	1766	1591	1605
AT1G49050	4375	3788	2924	1421	1356	1312
AT1G49110	1	0	2	0	0	0
AT1G49120	1	0	0	1	1	0
AT1G49130	229	214	238	463	401	569
AT1G49140	761	712	856	1453	1543	1544
AT1G49150	87	60	65	3	1	4
AT1G49160	462	358	265	290	195	227
AT1G49170	284	265	355	94	120	92
AT1G49180	445	388	501	319	269	292
AT1G49200	48	28	74	35	18	21
AT1G49210	12	5	12	20	15	29
AT1G49220	3	8	5	4	6	20
AT1G49230	79	73	138	169	163	214
AT1G49240	4304	4113	5061	9521	8429	8241
AT1G49245	131	117	195	95	91	109
AT1G49250	1	0	0	1	0	2
AT1G49300	1945	1828	1873	1824	1562	1649
AT1G49310	17	4	31	21	22	26
AT1G49320	64	78	181	37	34	36
AT1G49330	17	9	14	3	0	6
AT1G49340	1989	1702	750	2390	1910	1865
AT1G49350	522	480	440	213	243	221
AT1G49360	634	597	497	415	352	335
AT1G49380	592	549	701	1596	1255	1578
AT1G49390	0	0	2	13	8	2
AT1G49400	467	445	475	386	348	370
AT1G49405	29	30	24	16	12	8
AT1G49410	966	881	1015	593	678	574
AT1G49420	1	1	0	0	0	0
AT1G49430	219	164	230	733	635	563
AT1G49450	102	97	87	299	253	156
AT1G49470	250	212	191	79	84	73
AT1G49475	5	9	21	9	13	7
AT1G49480	1138	1138	1088	1103	878	1002
AT1G49490	33	31	27	155	111	106
AT1G49500	3273	3033	5640	5313	5032	4487
AT1G49510	600	570	591	856	723	727
AT1G49520	152	132	156	166	161	119
AT1G49530	59	44	51	104	96	75
AT1G49540	860	712	420	391	344	352
AT1G49560	319	252	282	291	276	301
AT1G49570	2	5	0	0	0	0
AT1G49580	155	148	217	581	493	451
AT1G49590	926	784	798	503	461	458
AT1G49600	2232	1954	1425	1613	1555	1451
AT1G49610	32	18	10	6	8	6
AT1G49620	58	39	52	64	43	44
AT1G49630	614	586	358	796	703	686
AT1G49640	0	0	3	0	3	1
AT1G49650	212	201	240	445	378	370
AT1G49660	628	545	753	852	638	610
AT1G49670	3142	2701	1684	2058	1702	1804
AT1G49700	195	201	264	42	50	27
AT1G49710	1078	985	936	630	576	603
AT1G49715	0	1	1	0	0	0
AT1G49720	1968	1925	1588	1368	1084	1391
AT1G49730	318	261	399	1057	995	953
AT1G49740	492	482	474	358	340	330
AT1G49750	3130	2987	2882	6856	5578	6717
AT1G49760	2919	2615	2090	3035	2651	2605
AT1G49780	501	501	639	759	719	618
AT1G49790	5	0	7	11	10	9
AT1G49800	0	2	0	0	0	0
AT1G49820	1739	1543	1550	1036	887	836
AT1G49830	2	7	2	11	14	4
AT1G49832	33	35	27	17	24	31
AT1G49840	944	873	804	994	932	910
AT1G49850	678	553	704	386	392	343
AT1G49860	5	3	3	3	2	2
AT1G49870	22	23	23	87	85	69
AT1G49880	133	140	166	179	118	99
AT1G49890	502	448	355	553	515	587
AT1G49900	504	469	456	29	28	24
AT1G49910	35	22	31	41	58	35
AT1G49920	6	11	4	12	9	7
AT1G49938	2	0	0	2	2	4
AT1G49940	14	18	18	35	26	14
AT1G49950	2363	2169	2030	1369	1186	1122
AT1G49952	0	4	1	1	1	4
AT1G49960	65	71	87	24	21	37
AT1G49970	9915	9119	8589	8942	7103	7588
AT1G49975	258	235	540	1008	901	916
AT1G49980	2310	2096	1609	423	424	397
AT1G49990	48	28	58	73	46	72
AT1G50000	174	143	130	152	155	137
AT1G50010	2016	1779	2713	7693	7148	6947
AT1G50020	2022	1765	2221	2270	2012	1751
AT1G50030	3667	3289	1470	2535	2174	2253
AT1G50040	365	362	199	179	178	210
AT1G50050	1	0	1	5	4	1
AT1G50055	235	182	295	101	89	104
AT1G50080	0	0	1	0	0	0
AT1G50090	0	0	0	0	0	1
AT1G50110	32	26	29	99	86	83
AT1G50120	1173	1006	698	955	808	768
AT1G50140	1321	1177	859	1198	1128	1003
AT1G50170	693	636	705	764	642	679
AT1G50180	99	93	100	83	73	48
AT1G50190	0	1	0	5	4	9
AT1G50200	8380	7515	5560	6427	5253	4955
AT1G50240	120	96	100	197	206	156
AT1G50250	4945	4446	4164	5992	5528	5166
AT1G50260	588	521	424	332	276	246
AT1G50270	131	104	150	179	160	141
AT1G50280	71	68	115	207	188	199
AT1G50290	113	90	210	126	133	130
AT1G50300	494	475	363	312	309	270
AT1G50310	29	24	22	16	11	12
AT1G50320	2727	2532	2869	4531	4058	4157
AT1G50350	6	3	4	3	3	2
AT1G50360	944	847	443	1118	848	845
AT1G50370	1697	1411	1464	1078	1027	977
AT1G50380	1202	1064	835	761	702	686
AT1G50390	5	9	8	0	3	2
AT1G50400	107	101	65	10	13	8
AT1G50410	1516	1346	747	999	868	785
AT1G50420	797	694	603	202	170	115
AT1G50430	3257	2924	2533	3133	2854	2941
AT1G50440	944	816	1039	1160	1020	984
AT1G50450	527	455	619	1359	1234	1377
AT1G50460	592	541	330	662	528	620
AT1G50470	0	0	0	1	0	0
AT1G50480	8828	7890	6489	11529	10597	9090
AT1G50490	217	152	226	342	319	339
AT1G50500	1525	1348	871	1385	1218	1206
AT1G50510	662	615	639	608	488	482
AT1G50520	85	76	75	117	71	60
AT1G50530	0	0	0	1	0	0
AT1G50560	72	74	40	37	20	26
AT1G50570	2226	1914	1892	1232	1132	1133
AT1G50575	162	140	218	280	324	328
AT1G50590	78	61	101	143	88	126
AT1G50600	2955	2589	2274	1859	1583	1549
AT1G50610	0	1	0	0	1	0
AT1G50620	583	551	459	440	361	316
AT1G50630	312	286	253	253	260	267
AT1G50640	2313	2152	2058	2358	2184	1868
AT1G50659	215	214	68	231	194	203
AT1G50660	1397	1128	914	1749	1406	1329
AT1G50670	732	685	813	1013	797	800
AT1G50700	341	281	230	223	163	154
AT1G50710	321	264	347	562	465	475
AT1G50730	997	876	638	831	709	793
AT1G50732	96	69	305	423	366	377
AT1G50740	2025	1652	1838	2098	1991	1949
AT1G50750	609	492	288	927	786	777
AT1G50760	1	4	5	5	3	5
AT1G50770	4	4	2	3	3	4
AT1G50780	8	4	6	11	2	2
AT1G50790	39	46	27	61	44	56
AT1G50820	0	1	0	1	0	0
AT1G50830	8	19	10	20	16	10
AT1G50840	1601	1365	880	1247	1154	1278
AT1G50890	115	105	77	236	221	206
AT1G50900	1212	1129	2135	3526	3032	3315
AT1G50910	718	625	1225	1319	1186	1379
AT1G50920	4873	4237	2498	3152	2670	2553
AT1G50940	625	553	557	478	440	422
AT1G50950	228	237	213	210	190	186
AT1G50970	475	435	335	435	397	374
AT1G51010	3	1	0	0	0	0
AT1G51020	5	0	2	0	0	0
AT1G51030	1	1	0	0	0	0
AT1G51035	6	11	4	0	1	0
AT1G51040	0	0	1	0	1	0
AT1G51055	11	10	17	8	7	5
AT1G51060	958	891	1473	1002	956	784
AT1G51070	1558	1361	1502	856	827	734
AT1G51080	114	99	139	397	290	341
AT1G51090	815	887	671	866	746	971
AT1G51100	244	233	357	554	418	412
AT1G51110	858	869	1415	2994	2615	2964
AT1G51120	0	1	0	0	0	0
AT1G51130	744	635	802	85	58	70
AT1G51140	448	466	477	456	321	238
AT1G51160	601	542	714	884	876	741
AT1G51170	99	111	102	159	118	85
AT1G51200	4873	4618	6345	7693	7373	6780
AT1G51270	1691	1467	955	1281	996	1035
AT1G51290	0	2	0	0	0	1
AT1G51300	0	1	1	0	0	3
AT1G51310	461	491	368	583	463	474
AT1G51330	5	3	5	2	2	0
AT1G51340	517	476	393	231	201	223
AT1G51350	1030	894	582	643	576	577
AT1G51355	12	7	14	15	14	12
AT1G51360	309	304	263	284	228	243
AT1G51370	408	359	329	106	120	87
AT1G51380	144	114	59	51	55	30
AT1G51390	551	483	505	393	299	321
AT1G51400	2661	2450	7655	21218	17299	15456
AT1G51402	1722	1673	4803	14761	11164	10030
AT1G51405	45	29	38	56	31	57
AT1G51410	0	0	0	0	1	0
AT1G51420	4	4	4	6	0	1
AT1G51430	369	330	468	505	474	453
AT1G51440	47	33	45	74	87	54
AT1G51450	371	317	241	218	168	171
AT1G51460	106	114	117	130	103	72
AT1G51500	3141	2706	3044	4750	3955	3623
AT1G51510	2139	1945	2044	1844	1584	1679
AT1G51520	90	85	72	87	72	61
AT1G51530	3	5	8	2	1	2
AT1G51538	1	0	3	7	11	2
AT1G51540	501	468	433	571	480	535
AT1G51550	450	470	579	518	506	421
AT1G51560	795	676	765	834	686	690
AT1G51570	2422	2125	1483	2958	2667	2770
AT1G51580	517	455	258	524	452	527
AT1G51590	1319	1189	963	1117	884	979
AT1G51600	804	702	702	429	410	399
AT1G51610	2557	2236	1650	1662	1424	2207
AT1G51620	333	337	154	203	198	207
AT1G51630	858	765	714	1149	1098	969
AT1G51640	301	255	264	178	166	175
AT1G51645	287	238	227	174	161	168
AT1G51650	1471	1329	1993	2048	1835	1690
AT1G51660	2791	2451	2050	1742	1685	1803
AT1G51670	94	121	76	68	70	52
AT1G51680	2199	2231	2117	1922	1921	1493
AT1G51690	2270	2006	1640	2098	1783	1716
AT1G51700	4125	3923	4596	4926	3955	3597
AT1G51710	2522	2298	1903	1616	1528	1372
AT1G51720	1710	1547	1125	1196	963	945
AT1G51730	1479	1302	1412	1219	990	1029
AT1G51740	523	427	466	267	268	256
AT1G51745	324	291	259	497	360	362
AT1G51760	5803	5031	4481	4047	3527	2277
AT1G51770	5	9	10	6	3	4
AT1G51780	13	11	6	35	33	32
AT1G51790	607	523	277	486	392	394
AT1G51800	1015	799	455	550	524	294
AT1G51805	3158	2830	3136	6983	5508	6169
AT1G51810	1	0	0	1	0	0
AT1G51820	75	75	58	89	66	51
AT1G51830	0	1	2	0	0	2
AT1G51850	114	93	52	36	29	27
AT1G51860	644	547	373	112	119	56
AT1G51870	0	2	1	1	0	0
AT1G51890	4042	3676	1477	748	561	363
AT1G51900	0	3	2	2	2	0
AT1G51913	21	16	16	2	0	0
AT1G51915	10	5	2	1	0	0
AT1G51920	83	83	117	11	24	5
AT1G51930	1	3	0	0	0	0
AT1G51940	1083	954	789	1912	1661	2355
AT1G51950	1362	1190	1424	740	711	689
AT1G51960	28	15	29	9	8	5
AT1G51965	331	317	199	277	219	218
AT1G51970	1	0	0	0	0	0
AT1G51980	6368	5579	4463	4360	3811	3727
AT1G52000	4933	4467	8463	4550	3742	2744
AT1G52030	1390	1226	1612	1412	1225	350
AT1G52040	3868	3458	9024	4308	3541	2382
AT1G52080	204	250	176	119	97	97
AT1G52100	47	27	52	31	24	16
AT1G52110	68	74	75	1	3	4
AT1G52120	0	2	0	2	1	1
AT1G52140	131	124	123	54	80	61
AT1G52150	1050	993	879	1095	1032	873
AT1G52155	93	103	136	108	101	96
AT1G52160	825	705	379	289	241	266
AT1G52190	224	219	608	3827	3470	3275
AT1G52191	1	0	1	0	0	0
AT1G52200	1778	1518	1702	1201	1155	1349
AT1G52220	2458	2174	5025	9824	9318	9433
AT1G52230	6094	5546	12460	33500	28535	27902
AT1G52240	24	13	78	135	127	114
AT1G52260	237	236	189	249	243	249
AT1G52270	162	141	187	98	100	88
AT1G52280	486	438	561	1010	880	760
AT1G52290	951	849	600	1411	1221	1365
AT1G52300	2142	1938	2955	5204	4388	3793
AT1G52310	1110	1047	967	757	693	668
AT1G52315	1370	1194	1440	56	42	44
AT1G52320	1611	1371	932	924	691	765
AT1G52325	2	0	0	0	0	0
AT1G52330	1	3	6	2	1	2
AT1G52340	225	191	268	519	402	311
AT1G52342	328	312	642	147	154	79
AT1G52343	4	2	5	0	0	1
AT1G52347	250	216	369	270	275	273
AT1G52360	3600	3211	1950	3302	2567	2707
AT1G52370	493	501	437	497	443	415
AT1G52380	1275	1252	977	921	845	784
AT1G52390	0	1	0	1	1	1
AT1G52400	30491	27149	59260	39540	35861	18250
AT1G52410	3413	3032	6462	6874	5570	3093
AT1G52420	2215	2016	1470	1836	1510	1465
AT1G52430	56	46	24	18	11	25
AT1G52450	181	149	63	53	62	53
AT1G52470	1	0	0	0	0	0
AT1G52500	734	607	868	863	790	713
AT1G52510	1046	919	1685	3923	3588	3610
AT1G52520	224	195	162	221	170	182
AT1G52530	50	71	48	26	32	26
AT1G52540	417	421	473	232	231	197
AT1G52550	179	168	221	103	118	109
AT1G52560	3	8	11	4	2	0
AT1G52565	99	82	128	55	43	21
AT1G52570	52	46	21	76	42	50
AT1G52580	9	11	2	5	12	5
AT1G52590	411	384	456	374	386	379
AT1G52600	1242	1060	1156	755	619	617
AT1G52615	0	0	0	4	1	0
AT1G52618	64	45	78	58	51	58
AT1G52620	239	231	77	107	98	120
AT1G52630	333	299	248	275	250	222
AT1G52640	60	48	35	26	27	36
AT1G52650	18	12	16	7	16	9
AT1G52670	623	555	589	1287	1066	1061
AT1G52680	3	0	0	0	0	0
AT1G52690	522	450	41	8	11	4
AT1G52700	20	29	21	37	45	60
AT1G52710	336	296	402	380	315	309
AT1G52720	768	761	918	1153	1110	1135
AT1G52730	1454	1379	1206	913	835	815
AT1G52740	2400	2151	3150	2569	2366	2293
AT1G52750	6	3	10	74	61	82
AT1G52760	1283	1174	1217	959	840	694
AT1G52770	76	62	70	132	123	255
AT1G52780	3153	2697	1931	1373	1246	1307
AT1G52790	8	10	8	10	13	15
AT1G52800	108	121	123	121	120	61
AT1G52810	65	38	76	2	0	0
AT1G52820	93	88	127	38	41	45
AT1G52825	114	106	126	143	146	122
AT1G52827	50	34	106	105	102	71
AT1G52830	86	80	110	261	228	226
AT1G52855	300	260	417	81	73	60
AT1G52857	5	4	5	2	2	0
AT1G52860	0	0	1	0	0	0
AT1G52870	2948	2689	4144	6794	6277	5192
AT1G52880	729	648	649	457	369	370
AT1G52890	5014	4388	4182	1512	1306	1103
AT1G52900	28	15	8	14	16	9
AT1G52905	284	254	296	147	185	174
AT1G52910	61	53	56	103	110	71
AT1G52920	46	41	53	54	42	24
AT1G52930	830	755	646	556	472	349
AT1G52950	0	0	0	0	1	1
AT1G52970	0	0	0	0	0	1
AT1G52980	3538	3177	2616	2103	1686	1509
AT1G52990	2	1	3	11	12	2
AT1G53000	423	426	504	727	664	739
AT1G53023	3	1	0	0	0	0
AT1G53025	825	729	609	108	101	116
AT1G53030	618	524	753	411	303	240
AT1G53035	207	177	124	144	120	264
AT1G53040	540	451	331	777	625	811
AT1G53050	1102	1011	715	1354	1131	1174
AT1G53060	27	26	29	39	41	55
AT1G53070	25	37	37	102	77	92
AT1G53080	3	6	3	22	22	25
AT1G53090	1212	1010	817	555	461	395
AT1G53100	637	608	346	358	322	268
AT1G53110	552	481	415	449	385	425
AT1G53120	422	402	398	508	477	453
AT1G53140	39	44	44	121	110	100
AT1G53160	197	200	242	198	190	168
AT1G53163	3	0	4	18	13	5
AT1G53165	1001	894	638	913	770	700
AT1G53170	1065	1132	1270	1360	1344	1060
AT1G53180	49	44	78	121	98	102
AT1G53190	619	512	539	820	647	601
AT1G53200	480	416	321	257	222	195
AT1G53210	14773	13058	9955	12220	11688	12761
AT1G53230	1611	1466	1457	1490	1163	1786
AT1G53233	1533	1391	1216	1450	1102	1671
AT1G53240	6065	5484	5140	5158	4751	5151
AT1G53250	64	76	131	224	155	150
AT1G53260	4	9	7	4	2	3
AT1G53270	37	34	30	15	10	18
AT1G53280	1596	1523	1167	1431	1152	1166
AT1G53290	163	154	246	460	399	405
AT1G53300	791	655	308	1434	1108	1259
AT1G53310	6881	6119	3734	4686	4492	4282
AT1G53320	2598	2337	2548	1874	1663	1744
AT1G53330	128	98	58	119	89	97
AT1G53340	97	98	47	51	60	76
AT1G53345	149	146	155	86	82	73
AT1G53350	523	521	406	558	476	478
AT1G53370	1	0	0	0	0	0
AT1G53380	805	699	557	893	730	761
AT1G53390	1508	1298	777	1564	1465	1563
AT1G53400	847	734	1292	1116	954	897
AT1G53420	2	0	0	0	1	0
AT1G53430	4493	4162	2665	4687	3835	3999
AT1G53440	2676	2489	1749	4959	3991	4081
AT1G53450	1082	958	1196	1581	1406	1492
AT1G53460	334	278	284	348	300	269
AT1G53470	64	61	19	34	18	27
AT1G53480	853	792	960	998	854	821
AT1G53490	811	760	796	901	747	717
AT1G53500	1136	1004	807	1839	1526	1483
AT1G53510	1716	1449	1445	1894	1588	1399
AT1G53520	51	40	157	508	449	516
AT1G53530	171	128	181	164	145	146
AT1G53540	25	13	8	6	4	3
AT1G53541	46	39	31	33	29	25
AT1G53542	42	28	30	38	44	39
AT1G53543	3	1	4	2	1	0
AT1G53550	1	1	0	0	0	0
AT1G53560	610	574	836	991	779	730
AT1G53570	2517	2254	1786	1904	1560	1755
AT1G53580	3469	3141	3146	2552	2292	1609
AT1G53590	1289	1165	911	1452	1236	993
AT1G53600	99	97	35	41	31	40
AT1G53610	0	1	1	0	0	0
AT1G53620	78	97	86	11	15	3
AT1G53625	1281	1040	804	151	143	78
AT1G53633	14	23	36	12	15	18
AT1G53635	0	0	5	0	0	0
AT1G53640	2	0	0	2	0	0
AT1G53645	796	684	470	493	478	399
AT1G53650	338	308	362	296	266	259
AT1G53660	13	8	13	0	0	3
AT1G53670	1246	1156	1451	2105	1770	1602
AT1G53680	31	32	26	20	29	20
AT1G53687	0	1	0	0	1	0
AT1G53690	3	2	7	19	10	16
AT1G53700	7	4	16	58	47	54
AT1G53708	0	0	3	1	0	0
AT1G53710	618	534	487	569	470	518
AT1G53720	516	442	405	452	366	338
AT1G53730	1139	971	869	1474	1245	1642
AT1G53750	5629	4947	4387	3718	3535	3094
AT1G53760	656	593	572	346	310	313
AT1G53770	422	396	348	355	295	340
AT1G53780	4506	4109	3464	2545	2320	2295
AT1G53785	1080	1070	353	506	460	466
AT1G53790	270	251	172	127	116	84
AT1G53800	939	812	846	1741	1294	1456
AT1G53801	334	312	333	569	496	499
AT1G53820	2	10	5	3	7	1
AT1G53830	103	92	112	123	67	85
AT1G53840	2966	2727	2298	5206	4187	4242
AT1G53850	1274	1001	1228	1038	922	931
AT1G53860	4	6	7	22	19	19
AT1G53870	288	231	599	773	998	584
AT1G53880	398	565	351	339	311	363
AT1G53885	328	265	891	920	536	732
AT1G53887	173	202	196	185	114	99
AT1G53890	398	341	716	1224	678	540
AT1G53900	717	434	444	380	306	175
AT1G53903	664	584	432	973	1153	776
AT1G53910	8504	7563	6812	4354	3745	3741
AT1G53920	85	67	110	179	163	149
AT1G53930	0	0	0	2	0	0
AT1G53940	0	1	0	1	0	0
AT1G53950	6	4	10	1	3	2
AT1G53970	0	1	1	0	0	0
AT1G53980	13	11	22	6	6	2
AT1G53990	13	14	29	17	10	12
AT1G54000	272	253	218	225	215	90
AT1G54010	359	332	415	1253	1102	399
AT1G54020	591	565	1269	368	305	115
AT1G54030	2444	2137	2601	2508	2239	1544
AT1G54040	444	411	604	2139	1792	1732
AT1G54050	54	58	78	212	162	147
AT1G54060	712	614	701	806	650	633
AT1G54070	4	1	1	6	3	0
AT1G54080	3626	3160	2515	3639	3250	3024
AT1G54090	1445	1334	936	1560	1372	1267
AT1G54095	3	3	2	14	19	2
AT1G54100	6337	5606	4107	3194	2940	2246
AT1G54110	357	335	478	252	166	172
AT1G54115	1213	1060	828	786	751	733
AT1G54120	11	7	14	17	17	17
AT1G54130	4629	4249	3354	4553	4063	3545
AT1G54140	408	361	397	286	224	236
AT1G54150	826	754	640	551	482	409
AT1G54160	150	114	138	132	118	137
AT1G54170	1561	1457	1144	1081	850	734
AT1G54180	77	55	60	141	99	94
AT1G54200	77	64	95	100	91	82
AT1G54210	442	429	629	315	336	296
AT1G54215	4	1	6	4	5	10
AT1G54217	57	41	59	92	112	136
AT1G54220	906	840	646	688	586	630
AT1G54250	449	396	479	304	252	277
AT1G54260	458	370	402	201	176	206
AT1G54270	7057	6228	4900	2768	2667	2769
AT1G54280	35	32	22	3	1	4
AT1G54290	554	469	548	403	324	336
AT1G54310	333	311	333	406	398	408
AT1G54320	3492	3219	2593	2220	1980	1961
AT1G54330	1	2	0	10	3	2
AT1G54340	1498	1386	1221	1144	977	873
AT1G54350	1092	1081	1112	2517	2114	2290
AT1G54355	538	543	715	1467	1127	1219
AT1G54360	1499	1447	1241	1484	1271	1145
AT1G54370	1607	1537	1472	1427	1254	1219
AT1G54380	500	517	313	363	352	302
AT1G54385	55	60	74	153	155	106
AT1G54390	692	638	541	604	499	501
AT1G54400	2	7	4	3	3	2
AT1G54410	17668	15483	22327	30227	23679	27196
AT1G54440	804	785	588	691	603	655
AT1G54450	63	54	66	155	136	122
AT1G54460	916	874	730	664	552	625
AT1G54470	2	2	1	8	1	5
AT1G54490	2594	2360	1286	1926	1613	1512
AT1G54500	1199	1098	1793	3716	3222	3567
AT1G54510	342	275	295	281	240	221
AT1G54520	2802	2444	2423	3274	2615	2777
AT1G54530	3	3	5	7	3	1
AT1G54540	15	15	14	3	2	0
AT1G54550	0	0	1	0	0	0
AT1G54560	2	0	3	1	0	0
AT1G54570	1432	1282	544	252	247	396
AT1G54575	1098	1021	1185	374	314	262
AT1G54580	1287	1112	1428	2703	2182	2040
AT1G54590	3	2	1	0	0	0
AT1G54610	1545	1415	1061	1572	1421	1206
AT1G54630	1744	1544	1645	2300	1928	1975
AT1G54650	187	142	172	176	143	135
AT1G54670	1	0	1	3	1	0
AT1G54680	153	160	204	174	149	193
AT1G54690	907	806	1366	394	431	371
AT1G54700	246	205	382	189	147	129
AT1G54710	1337	1256	907	906	728	606
AT1G54730	509	406	424	619	540	539
AT1G54740	250	245	335	698	541	608
AT1G54770	487	448	509	374	275	293
AT1G54780	5378	4935	9396	20193	16821	15242
AT1G54790	162	158	388	906	446	379
AT1G54820	259	197	466	1596	1242	1266
AT1G54830	1181	1062	946	658	603	561
AT1G54840	5	6	22	24	16	12
AT1G54850	282	245	341	226	152	158
AT1G54870	2	0	0	0	0	0
AT1G54890	21	13	4	6	7	6
AT1G54920	1458	1237	1034	2223	1743	1875
AT1G54930	4	8	4	15	15	9
AT1G54960	56	67	38	89	70	82
AT1G54980	0	0	0	0	0	1
AT1G54990	1532	1397	1073	1119	1068	1081
AT1G55000	1199	1074	1375	1270	1204	1380
AT1G55010	13	9	18	16	16	7
AT1G55020	2467	2291	1119	443	360	243
AT1G55030	0	2	0	0	0	0
AT1G55040	271	235	95	178	109	117
AT1G55050	34	51	47	45	37	30
AT1G55070	1	2	0	0	0	0
AT1G55080	402	306	327	240	181	157
AT1G55090	1574	1379	964	1563	1421	1350
AT1G55110	1551	1366	1124	1489	1167	990
AT1G55120	165	131	165	583	506	450
AT1G55130	274	264	237	530	453	437
AT1G55140	437	324	453	929	776	838
AT1G55150	1063	919	831	615	493	483
AT1G55152	444	320	455	348	317	319
AT1G55160	426	400	562	453	444	509
AT1G55170	541	516	429	257	203	199
AT1G55175	18	32	15	4	3	5
AT1G55180	272	262	197	226	221	201
AT1G55190	303	249	326	259	236	225
AT1G55200	44	40	42	97	77	60
AT1G55205	52	57	82	59	45	53
AT1G55207	0	2	2	1	0	0
AT1G55210	2962	2874	2169	1357	1192	762
AT1G55220	1	1	0	0	0	0
AT1G55230	3	4	1	0	0	0
AT1G55240	11	11	12	0	0	0
AT1G55250	1183	1054	756	844	687	655
AT1G55260	258	250	576	1084	925	920
AT1G55265	876	793	857	874	755	581
AT1G55270	785	684	610	980	818	788
AT1G55280	286	265	329	286	248	227
AT1G55290	2	3	0	2	1	2
AT1G55300	239	222	314	211	211	214
AT1G55310	2402	2291	2192	1259	1087	1060
AT1G55320	66	47	36	122	101	79
AT1G55325	1905	1664	781	1422	1248	1253
AT1G55330	179	165	552	629	878	1520
AT1G55340	472	425	619	782	560	617
AT1G55350	2302	2203	954	2396	2032	2048
AT1G55360	746	717	1010	2231	2011	1753
AT1G55365	20	26	20	17	13	17
AT1G55370	253	212	416	1026	821	861
AT1G55380	4	1	2	22	16	19
AT1G55390	0	4	1	4	4	7
AT1G55420	20	14	6	8	12	15
AT1G55430	0	2	4	0	1	0
AT1G55440	8	8	3	6	4	1
AT1G55450	16962	15195	12601	15547	15495	16548
AT1G55460	871	740	602	951	780	818
AT1G55475	183	165	242	183	174	149
AT1G55480	2106	1919	3208	4985	3760	3583
AT1G55490	4455	4063	3672	11414	9592	11548
AT1G55500	937	873	571	726	602	687
AT1G55510	487	444	421	432	345	374
AT1G55520	1112	1014	1187	587	513	529
AT1G55525	0	1	8	0	1	1
AT1G55530	1976	1599	1736	955	777	783
AT1G55535	295	219	256	404	287	304
AT1G55540	941	872	472	805	740	655
AT1G55550	119	106	87	191	164	133
AT1G55580	1	1	1	2	4	1
AT1G55590	824	749	643	586	484	517
AT1G55610	394	397	233	143	113	118
AT1G55620	774	772	553	616	521	489
AT1G55630	262	211	251	151	148	98
AT1G55650	1	0	1	0	0	1
AT1G55660	1	1	0	1	1	0
AT1G55670	14151	13020	31344	84376	78190	78099
AT1G55675	360	348	575	601	650	730
AT1G55680	3807	3524	3276	3077	2230	2266
AT1G55690	366	335	253	523	442	416
AT1G55700	0	0	0	4	1	1
AT1G55720	2	0	0	1	1	0
AT1G55730	980	848	649	588	511	543
AT1G55740	50	47	46	36	29	34
AT1G55750	894	773	628	467	362	379
AT1G55760	755	636	822	215	187	177
AT1G55770	0	2	0	4	8	6
AT1G55790	143	137	98	20	16	2
AT1G55800	62	37	37	14	7	4
AT1G55805	361	363	518	421	405	401
AT1G55810	739	657	613	479	404	393
AT1G55820	769	711	494	287	187	233
AT1G55830	396	342	308	315	244	261
AT1G55840	2836	2479	2360	1600	1603	1544
AT1G55850	2138	2032	1724	2212	1929	2149
AT1G55860	6634	6020	1801	4979	4411	4420
AT1G55870	635	582	534	233	178	222
AT1G55880	371	388	355	313	269	260
AT1G55890	677	647	601	447	426	387
AT1G55900	849	725	490	453	341	364
AT1G55910	1385	1266	1479	321	322	268
AT1G55915	158	143	147	57	64	37
AT1G55920	1491	1381	1648	1085	896	751
AT1G55930	472	452	295	567	468	436
AT1G55940	5	7	7	22	17	24
AT1G55950	0	1	1	2	1	0
AT1G55960	882	829	1120	1178	1062	568
AT1G55970	392	312	156	514	450	390
AT1G55980	223	157	238	323	422	159
AT1G55990	22	17	33	14	14	10
AT1G56000	551	576	528	741	593	802
AT1G56010	1891	1809	1513	1268	1043	1037
AT1G56020	41	32	42	85	61	46
AT1G56040	0	0	0	0	0	1
AT1G56045	2412	1904	3236	1733	1822	1347
AT1G56050	642	576	427	1027	934	1048
AT1G56060	972	874	548	332	327	261
AT1G56070	49712	44867	25963	27512	25912	26407
AT1G56080	83	71	50	16	27	26
AT1G56085	0	3	0	0	0	0
AT1G56090	340	298	378	337	257	247
AT1G56110	5872	5208	3581	2403	2075	1806
AT1G56120	1830	1675	1240	638	583	574
AT1G56130	134	127	80	100	76	64
AT1G56140	2302	2115	1145	1975	1576	1743
AT1G56145	931	840	474	459	401	407
AT1G56150	1612	1833	1585	487	594	545
AT1G56160	47	59	47	3	9	3
AT1G56165	197	198	227	54	33	29
AT1G56170	324	296	335	137	133	85
AT1G56180	413	370	404	458	440	421
AT1G56190	3029	2886	2565	5014	4617	5143
AT1G56200	2655	2487	3489	3665	2929	3058
AT1G56210	79	75	75	103	86	89
AT1G56220	6662	6533	10122	12841	12091	11314
AT1G56230	523	479	389	760	653	562
AT1G56233	1	0	0	0	0	0
AT1G56240	657	608	497	1069	793	884
AT1G56242	505	495	347	820	614	690
AT1G56250	344	278	264	291	212	225
AT1G56260	107	80	141	91	96	97
AT1G56280	11634	10309	16552	22404	17074	17457
AT1G56290	663	617	445	403	325	354
AT1G56300	2939	2791	3190	2754	2381	3565
AT1G56310	361	329	363	350	294	312
AT1G56320	33	35	66	23	9	14
AT1G56330	2267	1880	2306	2528	2348	2343
AT1G56340	7148	6564	4421	6159	5049	4414
AT1G56345	188	179	223	136	128	132
AT1G56350	416	385	332	170	164	130
AT1G56420	155	151	175	136	126	103
AT1G56423	382	346	396	589	424	435
AT1G56430	35	37	76	164	118	97
AT1G56440	916	791	752	331	284	260
AT1G56450	2192	1964	1851	2036	1801	1861
AT1G56460	1991	1787	1485	1441	1076	976
AT1G56500	2122	1975	2029	4412	3672	3998
AT1G56510	14228	12642	6178	6063	5253	5364
AT1G56520	3600	3069	1721	2134	1786	1805
AT1G56530	9	6	24	4	0	0
AT1G56540	1610	1399	582	1020	937	851
AT1G56550	303	274	202	138	119	141
AT1G56555	7	6	2	2	0	3
AT1G56560	1122	1017	759	638	606	597
AT1G56570	126	113	39	95	90	111
AT1G56580	530	512	975	1869	1667	1382
AT1G56590	749	784	764	712	601	563
AT1G56600	360	332	632	1410	1184	573
AT1G56610	781	646	810	539	448	433
AT1G56612	325	300	333	419	329	385
AT1G56630	0	0	1	0	0	0
AT1G56650	252	244	318	214	154	72
AT1G56660	11026	8637	7826	9474	6564	6171
AT1G56670	29	21	52	146	134	74
AT1G56680	0	0	1	0	0	0
AT1G56690	97	122	54	59	59	83
AT1G56700	1221	1036	1305	1348	1338	1087
AT1G56710	7	0	12	10	8	6
AT1G56720	92	69	132	789	661	714
AT1G57540	225	197	284	202	234	192
AT1G57560	70	69	50	70	61	48
AT1G57570	4	0	1	1	0	2
AT1G57590	175	143	187	169	156	104
AT1G57600	533	444	377	555	415	450
AT1G57610	692	564	551	735	635	608
AT1G57620	376	402	388	411	347	346
AT1G57630	1303	1077	925	710	618	378
AT1G57650	163	151	62	38	29	14
AT1G57660	1400	1189	1704	2699	2559	2150
AT1G57670	1	4	2	4	1	5
AT1G57680	3273	2936	2853	3072	2635	3138
AT1G57700	455	406	273	310	267	217
AT1G57720	10205	9638	8058	7763	7250	7012
AT1G57730	1	0	0	0	0	0
AT1G57750	0	0	3	2	2	3
AT1G57765	470	394	511	465	417	376
AT1G57770	606	499	602	1053	980	1016
AT1G57780	0	0	0	2	2	0
AT1G57790	218	175	249	216	200	204
AT1G57820	255	242	274	527	445	390
AT1G57850	100	56	38	49	52	86
AT1G57860	1108	1061	1252	1265	1296	1135
AT1G57870	1001	843	791	1342	1118	1139
AT1G57906	11	7	7	6	1	7
AT1G57943	17	7	22	44	22	24
AT1G57980	174	174	198	360	349	366
AT1G57990	17494	15725	15281	20879	19701	22652
AT1G58007	10	5	12	4	4	6
AT1G58025	726	619	513	651	583	500
AT1G58030	3475	3064	2755	2546	2318	2148
AT1G58037	0	0	1	2	2	0
AT1G58060	1079	972	550	925	795	763
AT1G58070	24	20	39	65	62	32
AT1G58080	2016	1925	1699	3723	3195	2609
AT1G58100	1062	1039	877	738	723	672
AT1G58110	943	830	669	750	629	725
AT1G58120	5	3	1	0	0	2
AT1G58122	5	3	1	0	0	2
AT1G58150	17	23	46	64	48	52
AT1G58160	16	6	22	42	47	33
AT1G58170	8	12	9	33	18	15
AT1G58180	1555	1281	1876	1322	924	1027
AT1G58190	388	340	232	208	184	209
AT1G58200	2565	2244	2067	3518	2813	2538
AT1G58210	194	171	188	275	210	188
AT1G58220	1211	1044	668	736	611	611
AT1G58225	4919	4310	4338	1141	1048	653
AT1G58230	1774	1451	820	1865	1565	1550
AT1G58235	554	437	774	790	799	888
AT1G58250	1854	1614	824	2059	1692	1809
AT1G58265	0	0	0	0	1	0
AT1G58270	527	493	778	1339	1074	1170
AT1G58280	141	104	195	220	218	200
AT1G58290	9573	8362	11258	23554	20981	14942
AT1G58300	94	97	86	50	25	14
AT1G58310	1	0	0	1	0	1
AT1G58320	3	2	0	0	0	1
AT1G58330	1	0	0	0	0	0
AT1G58340	321	314	234	90	79	42
AT1G58350	679	706	543	858	792	832
AT1G58360	2990	2847	2072	1600	1479	1386
AT1G58370	57	42	36	104	81	85
AT1G58380	1536	1433	1283	737	691	735
AT1G58390	57	54	43	50	35	28
AT1G58400	35	24	7	18	18	12
AT1G58410	67	84	49	30	32	24
AT1G58420	2798	2492	2179	1416	1421	1361
AT1G58440	540	489	413	1175	1017	1081
AT1G58450	0	0	0	1	0	0
AT1G58460	0	0	1	4	6	6
AT1G58470	196	169	146	106	88	89
AT1G58520	363	339	451	629	541	318
AT1G58590	185	157	323	230	268	275
AT1G58602	10504	9425	6408	10489	8804	10139
AT1G58643	0	0	0	0	1	0
AT1G58684	3788	3724	2514	1707	1522	2195
AT1G58725	0	0	0	14	3	4
AT1G58807	4126	3341	2475	3054	2063	2378
AT1G58848	3709	3343	2773	3095	2426	2533
AT1G58936	0	1	1	1	2	0
AT1G58983	3934	3611	3249	2014	1941	1373
AT1G59030	0	0	1	15	11	8
AT1G59124	4399	3982	2801	2725	2566	2454
AT1G59171	0	0	0	1	0	0
AT1G59218	3236	2831	1488	1981	1823	1956
AT1G59312	0	0	2	1	0	0
AT1G59359	3831	3230	3262	2605	2299	1640
AT1G59406	0	0	2	10	7	7
AT1G59510	100	97	92	57	67	77
AT1G59520	770	694	767	544	466	497
AT1G59530	0	0	0	1	0	0
AT1G59540	112	84	63	139	121	121
AT1G59560	178	167	175	173	149	131
AT1G59580	1194	1105	1171	1292	1220	1170
AT1G59590	3501	2982	3806	2128	1808	1594
AT1G59600	431	384	386	473	403	360
AT1G59610	3967	3508	2122	3151	2948	2764
AT1G59620	2715	2369	1802	1387	1136	1209
AT1G59630	1	0	0	0	0	0
AT1G59640	89	66	96	110	70	69
AT1G59650	520	410	401	451	400	399
AT1G59660	1572	1435	888	230	165	165
AT1G59670	9	6	10	7	4	3
AT1G59700	632	549	845	520	487	308
AT1G59710	1235	1121	1038	629	606	871
AT1G59720	142	146	80	170	154	138
AT1G59725	0	0	4	3	0	1
AT1G59730	10	7	10	1	1	0
AT1G59740	120	119	104	95	88	51
AT1G59750	1627	1447	1133	2135	1829	1859
AT1G59760	1457	1308	901	1014	857	880
AT1G59780	0	3	6	3	1	2
AT1G59790	5	1	3	0	1	1
AT1G59800	0	1	0	0	0	0
AT1G59810	9	8	1	14	12	10
AT1G59820	2747	2435	813	1391	1303	1219
AT1G59830	1586	1421	1522	1658	1353	1267
AT1G59840	695	639	580	860	730	809
AT1G59850	655	674	279	127	110	134
AT1G59860	112	90	27	50	44	38
AT1G59865	136	106	31	75	67	43
AT1G59870	110560	99180	41325	109331	96926	105542
AT1G59890	1372	1253	706	1116	863	833
AT1G59900	5279	4891	4465	5567	4658	4547
AT1G59910	5934	5580	2761	6384	5266	5137
AT1G59920	42	50	44	58	64	43
AT1G59930	83	77	71	85	89	54
AT1G59940	0	1	1	0	0	1
AT1G59950	24	24	39	198	174	53
AT1G59960	580	595	542	1122	862	777
AT1G59970	276	263	245	518	413	339
AT1G59980	133	146	158	231	232	192
AT1G59990	1253	1065	682	1061	911	870
AT1G60000	1338	1190	2026	1518	1391	1418
AT1G60010	853	817	1554	1393	1052	1035
AT1G60030	86	98	58	18	9	15
AT1G60040	3	1	4	7	4	9
AT1G60060	21	27	32	117	102	79
AT1G60070	1858	1602	1027	2373	2162	2191
AT1G60080	424	361	351	125	128	119
AT1G60095	7	3	10	0	0	0
AT1G60110	42	38	37	55	53	35
AT1G60130	1	3	4	3	3	0
AT1G60140	3773	3434	1899	3169	2505	2493
AT1G60160	1170	985	1010	1401	1425	1339
AT1G60170	2492	2284	2104	1674	1364	1354
AT1G60190	887	721	969	1255	1054	640
AT1G60200	3197	2896	2118	2899	2333	2247
AT1G60220	1022	857	671	1086	873	858
AT1G60230	437	402	336	679	591	637
AT1G60250	0	0	0	0	1	0
AT1G60260	1184	1100	1343	1724	1439	1474
AT1G60270	130	123	197	397	345	206
AT1G60350	1	0	0	0	0	0
AT1G60360	8	4	10	11	8	9
AT1G60380	0	0	0	0	1	0
AT1G60390	33	33	49	95	85	66
AT1G60410	0	1	1	0	0	0
AT1G60420	2788	2561	1982	1348	1336	1124
AT1G60430	364	308	390	348	304	322
AT1G60440	727	644	685	508	440	424
AT1G60460	13	22	24	25	34	33
AT1G60470	10	15	14	3	5	4
AT1G60490	2469	2234	1589	1613	1382	1196
AT1G60500	642	507	556	1	2	6
AT1G60505	823	631	555	286	255	274
AT1G60525	299	284	356	266	231	252
AT1G60530	197	177	209	156	159	171
AT1G60545	466	442	400	224	198	207
AT1G60550	787	723	1216	1725	1439	1485
AT1G60560	334	271	239	207	216	198
AT1G60570	2	0	0	0	0	0
AT1G60590	47	42	111	199	167	127
AT1G60600	472	390	523	885	847	874
AT1G60610	292	285	247	284	202	142
AT1G60620	588	462	436	267	161	153
AT1G60630	69	68	60	168	104	91
AT1G60640	871	788	695	564	341	392
AT1G60650	806	768	624	413	338	296
AT1G60660	165	154	237	211	215	215
AT1G60670	530	466	383	428	334	321
AT1G60680	6	5	9	8	11	12
AT1G60690	101	86	111	339	255	252
AT1G60700	81	85	84	172	145	188
AT1G60710	1507	1351	1372	2186	1828	1638
AT1G60720	0	0	0	1	0	2
AT1G60730	1143	1018	864	894	768	686
AT1G60740	11	6	2	2	0	0
AT1G60760	0	1	1	0	0	2
AT1G60770	706	609	512	556	469	451
AT1G60780	2850	2517	2032	2457	2091	2154
AT1G60783	0	0	0	1	0	0
AT1G60790	206	146	182	615	522	435
AT1G60800	1059	1029	1075	2003	1789	2218
AT1G60810	120	96	170	321	276	296
AT1G60820	0	1	1	0	0	0
AT1G60830	21	72	52	83	16	31
AT1G60850	612	525	331	289	219	210
AT1G60860	207	218	209	505	366	411
AT1G60870	1427	1322	2049	1060	1016	1103
AT1G60880	3	0	0	0	0	0
AT1G60890	1303	1114	608	558	490	458
AT1G60900	2676	2416	1760	2144	1691	1583
AT1G60920	0	0	0	5	1	2
AT1G60930	108	105	59	222	163	149
AT1G60940	2204	1895	1806	2516	2172	1962
AT1G60950	12432	11742	20532	33294	33594	32226
AT1G60960	642	562	552	247	223	270
AT1G60970	30	38	25	1	2	0
AT1G60987	0	0	0	1	1	0
AT1G60989	92	105	166	126	112	121
AT1G60990	595	550	683	969	849	912
AT1G60995	1014	787	723	834	736	654
AT1G61000	180	122	139	127	117	102
AT1G61010	1460	1336	977	1050	911	936
AT1G61030	768	725	558	513	452	463
AT1G61040	1019	989	724	696	597	558
AT1G61050	8	10	11	6	1	0
AT1G61060	0	0	0	0	1	0
AT1G61065	379	387	481	193	154	158
AT1G61080	15	19	10	1	3	0
AT1G61093	0	0	0	2	0	0
AT1G61100	2652	2415	1424	3020	2305	2934
AT1G61110	8	12	24	20	14	2
AT1G61120	1056	976	784	1413	1266	408
AT1G61130	0	0	0	2	0	0
AT1G61140	2699	2351	1093	1264	1228	1148
AT1G61150	1526	1263	1414	1077	989	944
AT1G61160	2	6	3	4	3	1
AT1G61165	0	0	0	0	1	1
AT1G61170	145	121	236	234	250	292
AT1G61180	1168	1054	739	672	601	658
AT1G61190	3060	2865	2053	3155	2801	2858
AT1G61200	4	0	1	1	0	0
AT1G61210	1180	1123	638	1076	874	657
AT1G61215	61	49	62	78	59	42
AT1G61226	0	0	0	0	0	1
AT1G61230	4	5	0	2	0	2
AT1G61240	249	233	204	561	513	530
AT1G61250	7184	6212	5393	3295	3071	2865
AT1G61255	19	11	10	9	5	3
AT1G61260	1243	1072	938	788	619	640
AT1G61275	7	10	7	7	2	2
AT1G61280	17	12	19	22	31	11
AT1G61290	6	6	2	6	6	6
AT1G61300	1139	1025	869	1331	1164	1253
AT1G61310	366	317	205	312	253	321
AT1G61320	1	0	0	0	0	0
AT1G61340	3515	2919	3038	4310	3259	2731
AT1G61350	241	214	230	435	324	370
AT1G61360	1329	1280	595	1300	1143	843
AT1G61370	319	324	217	228	192	134
AT1G61380	1430	1338	1125	1263	1119	957
AT1G61390	21	21	6	13	10	24
AT1G61400	54	53	29	76	51	69
AT1G61410	7	5	3	4	11	2
AT1G61415	148	136	153	79	61	54
AT1G61420	846	784	403	319	304	276
AT1G61430	531	509	376	449	388	393
AT1G61440	37	34	23	7	9	4
AT1G61450	8	10	34	20	31	25
AT1G61460	1059	878	638	224	171	185
AT1G61470	2440	2020	2197	1104	947	1018
AT1G61475	7	2	9	1	1	1
AT1G61480	8	13	4	12	4	2
AT1G61490	165	161	120	123	98	106
AT1G61500	140	133	124	307	250	219
AT1G61520	45683	42162	82039	190380	172279	159440
AT1G61550	19	19	8	7	7	7
AT1G61560	737	603	404	513	440	268
AT1G61570	747	638	807	382	431	379
AT1G61575	0	0	0	0	4	0
AT1G61580	505	485	491	352	278	367
AT1G61590	0	1	3	1	1	0
AT1G61600	51	44	69	150	126	85
AT1G61610	656	511	396	775	610	235
AT1G61620	1779	1600	1844	974	951	797
AT1G61630	0	0	5	0	1	0
AT1G61640	826	747	469	371	294	357
AT1G61660	1401	1248	1354	1039	811	828
AT1G61667	563	531	379	297	268	281
AT1G61670	1638	1454	1145	1331	1143	1247
AT1G61680	22	15	19	20	11	16
AT1G61690	1189	1019	806	1377	983	1050
AT1G61700	5	4	6	0	0	0
AT1G61710	3	3	9	4	7	3
AT1G61720	0	0	2	0	0	0
AT1G61730	2099	1867	1377	895	728	749
AT1G61740	1029	905	724	930	882	1178
AT1G61750	0	1	3	1	0	0
AT1G61760	1	3	10	9	13	4
AT1G61770	806	782	645	978	781	756
AT1G61780	1036	885	1417	753	832	743
AT1G61790	1910	1728	1517	1994	1962	1668
AT1G61795	72	60	177	175	181	124
AT1G61800	1812	1568	827	249	240	211
AT1G61810	895	662	498	79	82	51
AT1G61820	1064	892	721	93	69	112
AT1G61840	2	3	1	0	2	2
AT1G61850	1231	1054	612	1266	1054	1159
AT1G61860	29	36	26	15	21	14
AT1G61870	876	843	583	488	430	402
AT1G61890	14488	13231	7824	13005	11327	8876
AT1G61900	860	689	747	784	801	826
AT1G61920	0	1	0	1	1	0
AT1G61930	28	33	34	7	9	7
AT1G61960	227	202	216	148	112	116
AT1G61970	223	220	225	124	116	128
AT1G61980	335	299	324	183	186	213
AT1G61990	549	529	480	344	331	316
AT1G62000	3	4	2	1	2	1
AT1G62010	150	128	136	70	82	75
AT1G62020	1992	1939	1074	1930	1747	1777
AT1G62030	84	75	85	86	71	59
AT1G62035	2	6	5	1	2	1
AT1G62040	1185	976	1477	957	838	740
AT1G62045	14	16	9	24	23	25
AT1G62050	115	106	142	196	197	219
AT1G62080	0	0	0	0	1	0
AT1G62085	173	154	142	135	100	154
AT1G62110	106	108	102	100	81	93
AT1G62120	68	63	65	74	74	63
AT1G62130	447	435	280	395	273	257
AT1G62150	129	125	83	94	74	87
AT1G62170	17	21	72	26	35	16
AT1G62180	1718	1606	2414	3139	2726	1740
AT1G62181	2	1	0	1	2	1
AT1G62190	2	1	1	1	2	0
AT1G62200	1624	1331	1384	1021	1148	1062
AT1G62220	0	4	4	0	0	1
AT1G62225	42	55	14	0	3	3
AT1G62240	54	38	22	5	11	5
AT1G62250	314	282	539	857	746	662
AT1G62260	135	124	19	97	69	79
AT1G62262	23	16	21	1	4	1
AT1G62290	58	47	85	323	273	282
AT1G62300	1966	1688	1082	787	636	610
AT1G62305	208	193	148	182	168	154
AT1G62310	989	951	447	889	815	833
AT1G62320	48	36	9	22	16	19
AT1G62330	491	467	379	956	797	778
AT1G62333	2	0	2	3	1	3
AT1G62340	0	0	1	0	0	0
AT1G62350	73	50	63	39	28	43
AT1G62355	6	3	12	6	3	5
AT1G62360	50	43	61	90	64	44
AT1G62370	148	155	103	43	33	24
AT1G62380	2406	2151	2265	7877	6309	5659
AT1G62390	3321	3143	2141	3262	2681	2575
AT1G62400	80	66	61	90	68	116
AT1G62420	118	120	122	72	64	57
AT1G62422	1506	1372	1176	1072	937	850
AT1G62430	1955	1719	1731	2263	2028	2292
AT1G62440	50	69	15	434	297	331
AT1G62450	0	0	0	0	3	0
AT1G62480	590	570	1642	5096	4127	2776
AT1G62490	6	0	3	5	3	2
AT1G62500	158	146	202	665	600	303
AT1G62510	123	94	124	188	146	91
AT1G62520	13	10	39	68	58	52
AT1G62530	0	0	0	0	0	2
AT1G62540	102	90	254	345	261	158
AT1G62560	640	533	517	1156	1043	1040
AT1G62570	387	415	209	160	144	119
AT1G62580	38	24	41	20	26	16
AT1G62590	188	157	140	145	129	127
AT1G62600	743	640	571	612	565	554
AT1G62610	564	514	419	430	390	400
AT1G62620	265	238	114	165	134	125
AT1G62630	1429	1211	874	731	563	703
AT1G62640	375	368	449	787	694	760
AT1G62660	2129	1946	1255	2660	2410	1564
AT1G62670	160	124	96	127	102	91
AT1G62680	51	52	45	106	79	78
AT1G62690	0	4	0	0	2	0
AT1G62700	1	5	13	41	32	32
AT1G62710	432	407	396	338	285	172
AT1G62720	35	23	30	19	18	18
AT1G62730	880	790	614	183	128	149
AT1G62740	2333	2163	1538	1342	1124	1070
AT1G62750	8343	7372	8590	12345	10801	11194
AT1G62760	250	247	126	89	80	40
AT1G62770	20	21	55	71	58	70
AT1G62780	1134	1024	1672	2781	2208	2753
AT1G62790	971	873	827	553	560	598
AT1G62800	189	156	176	352	338	325
AT1G62810	3590	3107	2313	1393	1193	1094
AT1G62820	397	428	518	372	388	393
AT1G62830	426	376	322	350	318	349
AT1G62840	810	739	670	431	394	344
AT1G62850	1192	1099	1083	854	779	701
AT1G62870	36	34	21	92	59	55
AT1G62880	369	356	404	213	141	160
AT1G62886	4	2	12	1	2	0
AT1G62900	15	13	24	10	5	10
AT1G62910	185	177	121	89	79	97
AT1G62914	205	175	72	156	159	160
AT1G62920	87	106	137	102	104	84
AT1G62930	243	218	187	157	125	148
AT1G62935	1	0	2	1	1	1
AT1G62950	87	79	62	84	87	76
AT1G62960	965	868	1172	1102	955	674
AT1G62970	391	366	227	316	237	251
AT1G62975	32	17	50	19	18	15
AT1G62981	1	5	3	13	15	18
AT1G62990	49	36	102	100	74	49
AT1G63000	1235	1101	1118	1885	1671	1410
AT1G63005	0	0	0	4	0	0
AT1G63010	2441	2050	1512	1870	1749	1596
AT1G63020	391	323	218	214	174	151
AT1G63030	40	26	13	50	68	63
AT1G63050	356	345	289	331	348	336
AT1G63055	4	0	3	4	1	1
AT1G63057	4	2	3	6	1	1
AT1G63070	6	6	6	13	4	6
AT1G63080	63	41	55	99	65	70
AT1G63090	5641	4828	5051	1942	1766	1801
AT1G63100	42	30	46	182	163	166
AT1G63105	0	0	1	1	0	0
AT1G63110	819	754	740	961	927	907
AT1G63120	595	529	618	578	581	526
AT1G63130	540	465	372	506	420	476
AT1G63140	14	7	15	4	6	6
AT1G63150	187	160	129	80	80	77
AT1G63160	376	333	312	145	127	108
AT1G63170	767	695	730	722	665	666
AT1G63180	246	195	221	159	147	173
AT1G63210	0	6	0	0	0	0
AT1G63220	216	191	329	410	313	299
AT1G63230	40	28	38	40	46	33
AT1G63240	211	201	320	617	540	530
AT1G63245	89	73	93	14	15	14
AT1G63250	187	185	105	104	83	81
AT1G63260	155	140	155	458	377	641
AT1G63270	410	351	384	214	204	203
AT1G63280	1	1	0	1	2	5
AT1G63290	977	825	963	968	853	815
AT1G63295	7	12	21	24	13	10
AT1G63300	37	36	39	229	149	174
AT1G63310	45	21	71	88	89	74
AT1G63320	2	3	1	2	1	3
AT1G63330	49	44	30	50	43	37
AT1G63340	7	10	17	6	12	2
AT1G63350	1523	1308	719	757	601	661
AT1G63360	3047	2750	2224	1961	1444	1736
AT1G63370	133	103	50	64	59	59
AT1G63380	100	91	62	72	58	67
AT1G63390	59	54	31	44	38	46
AT1G63400	106	105	46	85	77	105
AT1G63420	289	234	303	547	407	323
AT1G63430	877	757	679	899	795	790
AT1G63440	146	152	72	36	33	44
AT1G63450	6	4	1	0	1	0
AT1G63460	731	641	841	636	610	604
AT1G63470	221	195	184	387	333	300
AT1G63480	181	166	149	241	201	226
AT1G63490	930	840	574	812	645	695
AT1G63500	1776	1452	947	1315	1126	1200
AT1G63520	2	2	6	8	11	11
AT1G63522	0	0	0	0	0	1
AT1G63530	729	674	368	63	61	54
AT1G63570	0	1	4	4	1	3
AT1G63580	0	3	3	12	16	2
AT1G63590	2	0	0	0	0	0
AT1G63610	862	848	909	1526	1271	1403
AT1G63630	9	1	5	31	17	17
AT1G63640	498	435	284	476	407	360
AT1G63650	11	8	11	55	33	32
AT1G63660	1788	1675	1129	782	653	665
AT1G63670	472	466	490	502	467	473
AT1G63680	869	752	471	1118	945	1007
AT1G63690	1616	1543	1741	3270	2970	2833
AT1G63700	2513	2376	1208	2080	1936	1745
AT1G63710	4	5	24	58	64	41
AT1G63720	1884	1687	1060	676	672	564
AT1G63730	216	216	60	117	104	126
AT1G63740	942	794	503	547	546	574
AT1G63750	3884	3530	1684	2676	2237	1960
AT1G63770	13258	11599	7069	8330	7837	7621
AT1G63780	1185	1151	1011	397	336	311
AT1G63800	1350	1112	1846	1581	1390	1174
AT1G63810	1401	1147	540	546	433	468
AT1G63820	48	40	37	69	34	36
AT1G63830	4053	3774	2849	3084	2885	2732
AT1G63840	779	726	992	393	327	239
AT1G63850	307	318	247	562	460	392
AT1G63855	103	86	133	96	95	107
AT1G63860	4766	4323	2112	5002	4010	3730
AT1G63870	47	37	36	18	24	29
AT1G63880	6087	5479	4371	4422	3751	3394
AT1G63900	1303	1132	1055	1049	901	862
AT1G63910	4	0	3	2	3	3
AT1G63930	1	1	1	4	5	6
AT1G63940	2245	1972	1278	2263	2072	2157
AT1G63950	0	1	0	0	0	0
AT1G63960	1	0	4	2	2	4
AT1G63970	1620	1466	1873	2365	2286	2270
AT1G63980	2090	1888	1965	3331	2574	2387
AT1G63990	93	109	171	116	126	102
AT1G64000	5	5	7	2	0	0
AT1G64010	4	2	2	5	1	3
AT1G64020	4	3	3	0	0	1
AT1G64030	0	0	0	0	0	1
AT1G64040	2900	2372	2732	1768	1504	1424
AT1G64050	1793	1599	1007	1135	954	877
AT1G64060	1739	1584	779	501	426	476
AT1G64065	1877	1597	1634	1592	1156	1213
AT1G64070	15	20	14	10	11	9
AT1G64080	311	243	289	200	164	173
AT1G64090	2742	2476	2852	2184	1979	1978
AT1G64100	291	234	281	186	152	152
AT1G64105	314	256	318	203	148	161
AT1G64107	4	4	11	1	1	3
AT1G64110	168	146	32	40	26	37
AT1G64130	1	1	0	0	1	3
AT1G64140	3901	3410	2300	2915	2436	2237
AT1G64142	3901	3410	2300	2915	2436	2237
AT1G64150	419	363	485	906	904	1036
AT1G64160	18	17	20	6	6	1
AT1G64170	1188	1044	890	726	648	731
AT1G64180	283	277	252	318	250	245
AT1G64185	38	54	52	42	35	36
AT1G64190	1451	1311	1153	1375	1146	1099
AT1G64195	0	0	1	2	2	1
AT1G64200	204	183	302	775	694	534
AT1G64210	39	25	13	3	4	7
AT1G64220	40	44	23	15	14	24
AT1G64230	11306	10242	13559	9363	8471	8526
AT1G64260	29	24	11	24	19	12
AT1G64280	3008	2718	2255	2312	2025	1934
AT1G64295	0	0	0	0	1	0
AT1G64300	314	267	180	104	92	85
AT1G64310	13	11	6	12	9	12
AT1G64320	31	15	14	30	28	24
AT1G64330	566	426	336	731	569	677
AT1G64350	950	786	1016	564	506	454
AT1G64355	380	325	536	785	777	857
AT1G64360	744	696	906	314	273	215
AT1G64370	7050	6484	9530	5825	5113	5174
AT1G64380	538	540	486	608	486	453
AT1G64385	918	813	927	945	749	796
AT1G64390	591	504	711	3277	2911	2090
AT1G64400	1505	1343	1370	1221	1114	885
AT1G64405	16	9	19	15	9	4
AT1G64430	1288	1094	1087	1480	1298	1435
AT1G64440	1061	942	781	537	458	446
AT1G64450	61	63	88	97	77	65
AT1G64460	329	279	386	453	368	318
AT1G64470	284	232	151	281	274	214
AT1G64490	279	240	345	172	152	136
AT1G64500	571	698	1350	401	390	142
AT1G64510	2088	1755	3501	6521	5989	6301
AT1G64520	3367	2880	2938	1848	1894	1779
AT1G64530	313	245	256	387	329	237
AT1G64540	2	5	3	3	3	2
AT1G64550	2696	2447	1688	1898	1660	1601
AT1G64561	96	85	75	70	51	44
AT1G64563	210	168	78	99	72	60
AT1G64570	1307	1100	455	991	775	767
AT1G64572	227	216	285	257	185	175
AT1G64580	156	118	103	175	127	134
AT1G64583	14	20	24	23	26	24
AT1G64590	0	0	2	2	0	0
AT1G64600	304	259	213	174	124	120
AT1G64610	3139	2891	1526	1431	1255	1031
AT1G64618	1	1	3	2	2	0
AT1G64620	425	376	472	116	117	80
AT1G64625	8	2	14	40	32	25
AT1G64628	709	683	694	475	422	457
AT1G64630	709	683	694	475	422	457
AT1G64640	68	64	144	718	588	536
AT1G64650	1417	1361	1089	1678	1609	1615
AT1G64660	529	567	699	380	375	191
AT1G64670	152	133	207	425	364	317
AT1G64680	1559	1495	2249	3191	2624	2819
AT1G64690	31	24	34	80	60	54
AT1G64700	106	103	73	54	66	69
AT1G64710	4234	3940	3714	4698	4143	3353
AT1G64720	10962	10132	20517	59859	46937	42142
AT1G64740	2099	1945	1623	1340	1242	1062
AT1G64750	1309	1260	1990	1219	1007	941
AT1G64760	882	816	518	1315	1146	1575
AT1G64770	863	779	1171	2433	1914	2087
AT1G64780	26	27	55	110	94	63
AT1G64790	3796	3435	1320	3028	2800	2654
AT1G64800	0	0	1	0	1	0
AT1G64810	1602	1399	1145	1280	1119	986
AT1G64820	18	13	14	25	21	13
AT1G64830	0	2	0	0	0	0
AT1G64840	633	462	466	273	303	268
AT1G64850	1506	1202	1957	979	1069	1023
AT1G64860	2629	2368	2871	4996	3989	3216
AT1G64880	1385	1322	856	1257	940	866
AT1G64890	509	420	339	434	401	492
AT1G64900	3173	3212	2871	2507	2218	1595
AT1G64930	1	2	0	0	0	1
AT1G64940	193	167	178	82	73	67
AT1G64950	3385	3058	2986	1471	1156	1044
AT1G64960	347	292	189	389	336	325
AT1G64970	3179	2914	3898	1187	1059	605
AT1G64980	955	895	838	1974	1785	1593
AT1G64990	1674	1380	1275	740	657	787
AT1G65000	310	253	316	147	156	139
AT1G65010	556	522	350	2000	1605	2057
AT1G65020	713	625	701	536	437	431
AT1G65030	675	625	440	252	204	214
AT1G65032	118	99	101	117	94	120
AT1G65040	1317	1208	994	974	893	784
AT1G65060	12	18	34	115	122	92
AT1G65070	864	703	617	688	630	748
AT1G65080	265	187	160	117	103	102
AT1G65090	0	0	2	0	0	0
AT1G65110	15	17	15	16	11	18
AT1G65120	40	61	27	48	35	38
AT1G65130	7	5	9	15	12	14
AT1G65140	0	0	1	1	0	0
AT1G65150	199	167	143	72	88	81
AT1G65180	18	11	10	28	26	15
AT1G65190	2514	2254	2204	1802	1770	2116
AT1G65200	2	5	0	0	2	2
AT1G65220	3636	3226	2975	1983	1617	1584
AT1G65230	912	836	1529	2834	2443	2484
AT1G65240	162	156	70	51	54	57
AT1G65250	655	547	360	408	398	307
AT1G65260	3525	3059	4214	6658	5654	5900
AT1G65270	1961	1764	1674	1596	1372	1321
AT1G65280	1270	1177	943	1314	1053	936
AT1G65290	1671	1481	1757	1994	1968	1883
AT1G65295	210	189	309	492	492	550
AT1G65300	0	0	1	4	0	0
AT1G65310	3	7	13	234	176	136
AT1G65320	817	754	737	956	720	769
AT1G65330	1	0	5	4	4	8
AT1G65346	0	0	1	2	0	0
AT1G65350	11	12	16	8	8	6
AT1G65360	1	3	0	2	7	1
AT1G65370	1035	879	1162	1178	1167	770
AT1G65380	257	246	181	322	292	258
AT1G65390	289	244	384	1909	1741	1927
AT1G65410	845	805	917	1007	782	832
AT1G65420	157	115	181	221	200	203
AT1G65430	1115	984	798	917	789	741
AT1G65440	4974	4529	1797	3090	2619	2593
AT1G65450	32	33	50	140	145	109
AT1G65470	305	314	246	279	227	195
AT1G65480	14	2	6	3	5	4
AT1G65481	57	47	59	7	3	1
AT1G65483	34	38	17	9	7	7
AT1G65484	90	98	89	33	26	27
AT1G65486	596	530	691	724	640	512
AT1G65490	2406	2284	4371	1720	1809	1169
AT1G65500	746	614	912	96	128	91
AT1G65510	2480	2342	3338	269	279	171
AT1G65520	452	401	415	327	275	257
AT1G65540	3027	2597	1876	3011	2300	2351
AT1G65541	42	43	12	41	39	28
AT1G65550	18	22	1	1	0	2
AT1G65560	280	302	190	174	149	188
AT1G65570	1	0	0	0	0	0
AT1G65580	2239	1889	1101	2344	1961	1790
AT1G65590	498	449	580	1289	1103	1199
AT1G65610	232	211	105	76	48	31
AT1G65620	123	103	113	100	108	47
AT1G65630	0	0	0	0	1	0
AT1G65650	1215	1062	1150	748	656	599
AT1G65660	1548	1417	1331	1238	1073	927
AT1G65670	1	0	1	1	0	0
AT1G65680	0	0	0	1	1	0
AT1G65681	0	0	1	0	0	0
AT1G65690	2764	2478	2255	1135	871	540
AT1G65700	368	341	416	290	199	237
AT1G65710	12	16	25	64	49	42
AT1G65720	3974	3547	3627	3054	2761	2359
AT1G65730	136	101	54	35	24	20
AT1G65760	2	2	8	13	6	5
AT1G65780	2	3	3	0	0	0
AT1G65790	2927	2518	1954	3108	2387	2509
AT1G65800	7392	6441	4683	5502	4294	4988
AT1G65810	5	1	1	10	8	4
AT1G65820	7031	6271	6971	3679	3531	2973
AT1G65840	1822	1643	834	1527	1413	1470
AT1G65845	1679	1450	1513	1172	997	749
AT1G65850	48	41	21	11	24	16
AT1G65860	457	357	355	928	862	794
AT1G65870	12	19	40	75	65	40
AT1G65880	3	0	1	6	12	1
AT1G65890	78	77	48	415	374	132
AT1G65900	63	52	108	292	237	201
AT1G65910	56	53	38	48	24	29
AT1G65920	75	94	78	291	220	222
AT1G65930	10781	9582	8150	12676	11629	12073
AT1G65950	555	472	479	377	320	301
AT1G65960	5811	5291	5821	20433	16999	15700
AT1G65970	725	646	436	45	35	26
AT1G65980	5100	4504	5322	4180	3723	3257
AT1G65985	109	100	95	105	99	79
AT1G66000	0	0	0	0	1	0
AT1G66020	0	0	0	2	0	1
AT1G66030	6	4	4	0	0	0
AT1G66040	463	448	246	28	40	54
AT1G66050	300	259	247	68	68	24
AT1G66060	46	64	43	44	29	71
AT1G66070	1200	1136	872	578	507	575
AT1G66080	263	207	141	119	111	127
AT1G66090	9368	8308	4128	7093	5885	5700
AT1G66100	210	170	1649	5871	5181	4300
AT1G66130	546	541	803	721	666	547
AT1G66140	180	172	226	208	158	172
AT1G66150	2169	2015	1720	4433	3442	3902
AT1G66160	5368	4874	4124	2966	2605	2412
AT1G66170	40	34	33	15	11	8
AT1G66173	43	41	61	17	24	21
AT1G66180	6923	6291	4683	6771	5393	4956
AT1G66190	25	29	47	80	67	73
AT1G66200	12054	10733	11849	11030	9680	8699
AT1G66230	108	80	146	206	177	194
AT1G66240	2721	2440	3211	3531	2796	2431
AT1G66250	375	323	257	299	233	179
AT1G66260	5261	4752	4348	4669	4009	4198
AT1G66280	14	18	18	104	91	2
AT1G66300	2	0	0	5	2	1
AT1G66320	4	2	0	1	0	0
AT1G66330	2251	1970	3073	1944	1768	1124
AT1G66340	1507	1376	1076	1017	864	874
AT1G66345	124	107	78	137	102	110
AT1G66350	225	184	216	708	597	651
AT1G66360	0	0	3	0	1	0
AT1G66370	4	1	16	94	96	18
AT1G66380	2	1	10	9	5	0
AT1G66390	13	8	23	8	7	0
AT1G66400	2819	2568	3189	933	892	760
AT1G66410	5533	4902	5266	4513	3973	3873
AT1G66420	1	1	1	0	0	0
AT1G66430	1630	1551	1324	1610	1372	1423
AT1G66450	7	4	2	21	16	17
AT1G66460	356	365	263	196	194	127
AT1G66480	148	138	129	85	44	56
AT1G66490	0	0	0	0	0	1
AT1G66500	3234	2976	2571	1925	1759	1674
AT1G66510	374	354	311	313	277	229
AT1G66520	189	163	183	210	222	228
AT1G66530	1086	904	876	626	551	531
AT1G66540	157	103	143	72	79	58
AT1G66550	3	2	0	0	2	2
AT1G66560	3	2	2	0	0	0
AT1G66570	20	24	5	3	4	6
AT1G66580	3745	3193	3597	3470	2825	2389
AT1G66590	440	381	515	258	207	208
AT1G66600	111	84	113	5	8	3
AT1G66610	12	16	7	0	1	1
AT1G66620	197	167	159	107	87	48
AT1G66650	46	32	23	17	17	8
AT1G66660	319	276	278	133	126	120
AT1G66670	3637	3095	3014	3695	3169	3627
AT1G66680	1735	1578	1580	986	960	861
AT1G66690	9	3	10	9	6	9
AT1G66700	885	817	1129	706	495	181
AT1G66720	0	0	2	1	1	0
AT1G66725	142	169	462	112	100	41
AT1G66730	662	545	447	534	483	399
AT1G66740	494	450	553	342	301	319
AT1G66750	645	582	490	293	261	239
AT1G66760	1576	1309	1170	1198	1206	1021
AT1G66780	153	110	105	3	1	3
AT1G66795	0	2	0	0	0	0
AT1G66810	25	25	19	21	20	13
AT1G66820	161	191	208	221	214	270
AT1G66830	68	59	63	48	28	45
AT1G66840	263	278	266	382	269	257
AT1G66860	17	26	45	47	42	11
AT1G66870	15	12	14	11	13	9
AT1G66880	8513	7580	4327	4267	3486	2987
AT1G66890	189	177	303	327	321	284
AT1G66900	913	806	1005	957	838	765
AT1G66910	1252	1085	849	1020	847	936
AT1G66920	2068	1849	1691	945	840	819
AT1G66930	16	16	27	45	36	49
AT1G66940	304	257	338	1177	1105	1217
AT1G66950	0	1	0	0	1	0
AT1G66960	681	634	416	221	189	130
AT1G66970	15412	13740	8825	12514	10853	11072
AT1G66980	4072	3629	2595	4264	3684	3780
AT1G67000	382	328	141	504	427	214
AT1G67020	5	3	5	3	4	4
AT1G67030	4	1	11	8	7	5
AT1G67035	5	4	3	14	13	21
AT1G67040	80	49	75	159	144	96
AT1G67050	163	170	367	554	404	402
AT1G67060	1235	1085	940	965	904	774
AT1G67070	214	163	98	59	55	46
AT1G67080	591	535	977	884	686	779
AT1G67090	63928	60653	123305	356674	333966	329080
AT1G67100	1	5	6	1	1	0
AT1G67105	109	98	223	9	17	17
AT1G67110	5	4	8	4	3	6
AT1G67120	2472	2099	571	1075	960	860
AT1G67140	1743	1560	912	1748	1580	1558
AT1G67148	0	0	1	0	0	0
AT1G67150	0	1	1	5	0	0
AT1G67170	442	415	363	268	231	268
AT1G67180	32	27	25	85	62	54
AT1G67190	296	251	243	247	222	232
AT1G67195	750	650	1336	427	425	317
AT1G67210	148	133	124	123	85	90
AT1G67220	3	1	0	2	0	4
AT1G67230	2520	2257	1460	2276	1811	1789
AT1G67238	0	0	1	0	0	0
AT1G67250	1142	1064	1425	603	665	570
AT1G67260	4	2	4	55	47	27
AT1G67265	55	42	38	64	70	77
AT1G67280	4983	4346	4658	7784	5903	6170
AT1G67290	2	0	1	0	0	0
AT1G67300	1228	1114	804	909	895	772
AT1G67310	1935	1781	1051	2283	1788	1649
AT1G67320	698	615	600	369	300	299
AT1G67325	719	620	588	781	691	578
AT1G67328	277	250	195	183	202	140
AT1G67330	300	269	231	207	223	153
AT1G67340	344	284	605	533	484	426
AT1G67350	1171	999	1536	1512	1324	1264
AT1G67360	2866	2577	2680	1346	1224	912
AT1G67365	247	255	311	162	126	123
AT1G67370	51	46	16	29	15	48
AT1G67400	78	60	100	199	165	164
AT1G67410	231	190	159	292	228	246
AT1G67420	128	118	103	153	142	122
AT1G67430	4998	4525	6059	8346	6975	6407
AT1G67440	451	401	427	558	470	464
AT1G67455	1	2	2	1	2	3
AT1G67460	78	74	41	51	61	57
AT1G67470	1997	1666	1427	1669	1391	1423
AT1G67480	2015	1882	2027	1265	1103	1207
AT1G67481	1	1	1	1	0	0
AT1G67490	906	815	476	753	586	654
AT1G67500	696	571	348	575	452	424
AT1G67510	211	238	208	530	403	521
AT1G67520	761	727	499	161	141	100
AT1G67530	898	809	617	1298	1199	1283
AT1G67540	0	2	0	0	0	0
AT1G67550	1232	1097	791	1130	882	894
AT1G67560	1776	1574	1107	1801	1403	1436
AT1G67570	124	116	102	89	87	75
AT1G67580	1757	1654	1184	1503	1204	1119
AT1G67590	60	53	121	249	188	185
AT1G67600	45	51	72	23	27	26
AT1G67620	404	333	355	248	187	192
AT1G67623	3	3	4	0	0	1
AT1G67630	441	381	346	241	205	184
AT1G67635	1	0	0	1	1	1
AT1G67640	0	0	1	0	3	0
AT1G67650	424	381	285	107	70	71
AT1G67660	699	626	602	826	662	916
AT1G67670	0	0	1	0	0	0
AT1G67680	2737	2402	1842	1659	1433	1376
AT1G67690	240	211	128	212	185	176
AT1G67700	1624	1470	2957	7062	6333	7162
AT1G67710	18	30	34	82	73	67
AT1G67720	535	511	289	405	351	425
AT1G67730	1100	890	1022	1162	1072	1039
AT1G67740	10046	9874	14938	33550	31124	23704
AT1G67750	111	104	209	419	394	255
AT1G67760	2	8	13	13	8	5
AT1G67770	0	0	0	0	1	0
AT1G67780	19	12	12	26	21	15
AT1G67785	1174	975	1617	1647	1378	1309
AT1G67790	375	333	238	227	260	237
AT1G67792	401	349	303	225	260	244
AT1G67800	1424	1221	963	1354	1067	887
AT1G67810	770	756	842	999	791	600
AT1G67820	116	101	85	56	52	33
AT1G67830	145	93	181	283	273	230
AT1G67840	1461	1354	1203	2125	1968	1973
AT1G67850	1149	1001	790	573	457	340
AT1G67855	1210	1037	1341	306	215	164
AT1G67856	1713	1442	1963	359	285	229
AT1G67860	893	898	1110	862	915	876
AT1G67865	3862	3796	6802	8190	7518	6707
AT1G67870	5270	5840	6086	6968	6468	6266
AT1G67875	1	0	0	0	0	0
AT1G67880	2549	2085	1707	1881	1624	1418
AT1G67890	1026	872	601	888	848	818
AT1G67900	2171	1977	2761	2963	2663	1840
AT1G67910	116	79	151	198	183	183
AT1G67920	472	401	619	387	323	241
AT1G67930	852	850	538	1061	938	983
AT1G67940	692	645	845	384	365	304
AT1G67950	326	267	331	659	583	621
AT1G67960	600	530	368	510	420	406
AT1G67970	2740	2493	2523	1738	1383	1742
AT1G67980	1147	1050	1556	226	209	151
AT1G67990	3	1	1	1	0	0
AT1G68000	1589	1407	1784	1151	1011	924
AT1G68010	8069	7574	11758	16049	13901	13263
AT1G68020	1087	917	942	1575	1310	1214
AT1G68030	57	51	59	34	27	28
AT1G68050	1729	1661	799	454	341	2101
AT1G68060	1014	850	676	1843	1541	1730
AT1G68070	990	889	1002	526	496	435
AT1G68080	164	129	204	114	134	117
AT1G68090	1	1	2	0	1	0
AT1G68100	1039	1014	898	883	788	911
AT1G68110	47	39	54	108	78	92
AT1G68120	10	3	14	6	11	7
AT1G68130	243	221	203	239	194	177
AT1G68140	1653	1553	1639	1234	1041	967
AT1G68150	2	0	6	2	3	2
AT1G68160	563	466	520	291	234	259
AT1G68170	0	1	1	1	1	1
AT1G68180	1	1	2	1	3	2
AT1G68185	211	195	232	179	169	121
AT1G68190	213	170	566	1468	1224	1039
AT1G68200	309	318	251	24	33	13
AT1G68210	0	0	0	5	2	1
AT1G68220	398	354	377	368	319	422
AT1G68230	32	29	47	36	41	42
AT1G68238	21	9	45	52	74	45
AT1G68240	0	0	2	1	4	4
AT1G68250	11	14	14	22	27	16
AT1G68260	73	110	148	507	434	371
AT1G68270	1	0	0	1	0	0
AT1G68280	0	0	0	2	4	1
AT1G68290	289	202	204	159	89	128
AT1G68300	946	828	904	757	875	811
AT1G68310	866	747	782	483	538	511
AT1G68320	173	152	162	12	18	12
AT1G68330	24	39	74	307	243	220
AT1G68340	267	249	258	178	150	160
AT1G68350	2	2	5	1	9	3
AT1G68360	34	44	58	10	12	5
AT1G68370	1656	1568	1358	1175	919	940
AT1G68380	1	0	0	0	0	0
AT1G68390	106	90	74	40	39	42
AT1G68400	165	158	176	421	357	401
AT1G68410	1356	1167	820	1084	898	968
AT1G68430	5	6	14	20	16	10
AT1G68440	978	908	1014	784	710	469
AT1G68450	68	61	33	2	2	1
AT1G68460	4	2	6	9	2	8
AT1G68470	81	60	87	150	131	107
AT1G68480	11	8	10	7	6	5
AT1G68490	1245	1134	1601	1287	1010	1037
AT1G68500	25	21	35	13	23	19
AT1G68510	1	0	0	0	0	2
AT1G68520	4496	4173	4228	4453	3890	6600
AT1G68526	1	2	6	1	1	0
AT1G68530	5224	5125	5831	10875	8607	8685
AT1G68540	60	53	107	182	166	195
AT1G68550	883	818	812	426	432	480
AT1G68552	883	818	812	426	432	480
AT1G68560	2592	2264	2686	10173	8150	8190
AT1G68568	141	135	53	73	69	65
AT1G68570	1048	969	747	765	600	555
AT1G68580	3067	2686	1939	2451	2094	2205
AT1G68585	164	123	231	211	232	264
AT1G68590	1829	1784	2703	5272	4094	5114
AT1G68600	1058	941	1503	2077	1777	1637
AT1G68610	3	1	5	6	2	0
AT1G68620	724	668	483	151	146	73
AT1G68630	25	9	26	17	13	10
AT1G68640	50	23	39	42	40	30
AT1G68650	320	258	261	309	286	262
AT1G68660	1674	1374	2286	1872	1673	1653
AT1G68670	3276	2803	2980	2705	2372	2113
AT1G68680	374	330	454	392	373	332
AT1G68690	2016	1791	624	667	501	394
AT1G68700	208	176	224	150	106	112
AT1G68710	824	743	349	493	346	435
AT1G68720	1336	1171	758	1558	1302	1330
AT1G68725	45	38	43	95	86	64
AT1G68730	224	197	253	280	233	263
AT1G68740	486	427	461	259	234	193
AT1G68760	311	262	300	372	298	278
AT1G68765	234	211	170	30	23	22
AT1G68780	39	42	136	395	329	307
AT1G68790	1870	1574	1007	1875	1411	1364
AT1G68795	80	84	78	44	17	23
AT1G68800	8	8	9	30	17	8
AT1G68810	82	60	157	217	189	187
AT1G68820	2829	2312	1958	781	827	761
AT1G68830	4107	3455	4553	4779	3867	3119
AT1G68840	5511	5254	8756	8276	8326	7359
AT1G68845	1	2	1	0	0	0
AT1G68850	27	58	71	7	6	5
AT1G68860	0	0	1	0	0	0
AT1G68862	84	68	96	95	72	93
AT1G68870	52	69	73	97	77	97
AT1G68872	81	73	53	50	49	35
AT1G68880	0	1	2	0	2	0
AT1G68890	1227	1111	644	1825	1575	1956
AT1G68905	0	1	0	2	0	2
AT1G68910	768	687	578	893	687	630
AT1G68920	847	754	567	778	670	608
AT1G68930	93	101	23	52	53	45
AT1G68935	32	33	17	61	60	66
AT1G68940	202	196	183	373	364	354
AT1G68945	214	173	510	296	263	226
AT1G68960	0	0	1	0	0	0
AT1G68980	296	267	267	270	173	211
AT1G68990	1200	1238	570	641	517	551
AT1G69010	744	688	800	591	450	411
AT1G69020	132	157	112	165	115	134
AT1G69030	283	241	227	503	374	440
AT1G69040	460	399	730	1294	1036	1236
AT1G69050	19	22	20	9	7	10
AT1G69060	1243	1071	908	552	422	410
AT1G69070	1380	1156	612	630	530	542
AT1G69080	12	16	51	130	104	70
AT1G69120	0	0	0	2	1	0
AT1G69150	2	0	0	0	0	0
AT1G69160	44	50	182	424	337	243
AT1G69170	259	205	259	174	157	157
AT1G69180	0	0	0	5	0	0
AT1G69190	0	0	0	0	0	1
AT1G69200	552	485	371	933	702	823
AT1G69210	176	142	151	83	75	71
AT1G69220	1006	861	661	1148	1001	1060
AT1G69230	20	7	9	25	16	18
AT1G69250	1199	1093	848	627	531	520
AT1G69252	1155	1014	1878	1220	1299	978
AT1G69260	237	200	200	131	119	80
AT1G69270	1475	1246	1415	726	694	701
AT1G69280	188	155	150	138	99	129
AT1G69290	248	216	99	155	110	124
AT1G69295	1480	1461	1150	1194	1053	917
AT1G69300	0	0	1	0	0	0
AT1G69310	787	721	659	360	275	189
AT1G69320	5	5	9	8	9	13
AT1G69325	6	4	11	7	13	12
AT1G69330	272	197	219	347	263	318
AT1G69340	2192	2052	1501	1544	1370	1297
AT1G69350	81	85	41	46	37	39
AT1G69360	1956	1730	1701	1054	864	670
AT1G69370	481	436	870	719	613	450
AT1G69380	301	246	242	260	226	212
AT1G69390	1050	985	895	1583	1330	1413
AT1G69400	29	42	36	46	53	29
AT1G69410	3063	2751	2901	2178	2040	2153
AT1G69420	1048	987	910	1467	1180	1234
AT1G69430	158	145	85	118	94	98
AT1G69440	462	378	340	267	265	219
AT1G69450	1558	1380	1024	1520	1266	1120
AT1G69460	1727	1464	1709	1818	1565	1427
AT1G69470	1	1	2	0	0	0
AT1G69480	483	394	313	78	82	18
AT1G69485	11	4	13	7	3	9
AT1G69490	916	773	1020	1597	1154	602
AT1G69500	2	2	4	7	4	0
AT1G69510	1254	1128	1618	2718	2293	2172
AT1G69520	197	185	187	160	157	143
AT1G69523	66	54	90	250	170	243
AT1G69526	21	37	26	62	68	69
AT1G69530	1752	1585	3351	6639	5632	4384
AT1G69540	6	8	10	21	16	15
AT1G69550	2225	1936	1233	1191	1031	1154
AT1G69560	0	0	1	0	0	0
AT1G69570	435	364	473	158	182	192
AT1G69572	362	317	415	135	161	161
AT1G69580	130	102	147	141	100	110
AT1G69587	116	83	133	112	128	130
AT1G69588	7	5	8	11	11	12
AT1G69600	32	13	16	2	3	0
AT1G69610	998	849	579	276	232	181
AT1G69620	4130	3888	4542	5269	4776	4115
AT1G69630	7	6	19	4	5	7
AT1G69640	2450	2219	2100	1532	1250	1347
AT1G69660	0	0	2	1	0	1
AT1G69670	905	832	714	622	455	403
AT1G69680	268	268	344	152	180	152
AT1G69690	260	230	347	669	533	483
AT1G69700	159	165	285	475	405	333
AT1G69710	9	8	9	17	9	10
AT1G69720	1067	966	932	606	458	397
AT1G69730	2666	2268	2013	817	841	620
AT1G69740	3554	3262	2809	5688	4937	5466
AT1G69750	728	643	920	442	374	343
AT1G69760	860	702	942	254	183	205
AT1G69770	667	559	367	501	451	360
AT1G69780	262	282	354	584	539	531
AT1G69790	374	295	253	116	133	104
AT1G69795	0	0	0	2	0	0
AT1G69800	534	476	537	304	357	297
AT1G69810	160	162	107	65	53	53
AT1G69828	0	3	0	1	0	0
AT1G69830	4908	4548	3021	7739	6673	8810
AT1G69840	7783	6940	6717	5906	5232	5530
AT1G69850	2228	2024	2004	2270	2029	1663
AT1G69870	6500	6163	4021	2697	2371	3148
AT1G69880	57	63	41	13	14	16
AT1G69890	5372	5110	4794	5609	5585	7187
AT1G69900	1887	1689	970	1564	1381	1335
AT1G69910	377	362	315	832	777	776
AT1G69920	61	57	87	25	13	11
AT1G69930	368	359	203	80	80	15
AT1G69935	778	763	899	685	604	671
AT1G69960	1124	1055	1022	1162	934	904
AT1G69970	23	13	26	46	31	29
AT1G69980	547	566	683	438	456	420
AT1G70000	697	669	1168	161	168	89
AT1G70020	19	15	21	20	31	23
AT1G70030	0	0	3	2	2	3
AT1G70060	1591	1455	889	1632	1428	1306
AT1G70070	1642	1366	987	1829	1627	1802
AT1G70080	4	3	1	1	1	0
AT1G70090	5851	5243	4457	4490	3853	4440
AT1G70100	1008	824	750	1250	1034	1010
AT1G70110	5	2	1	4	2	0
AT1G70130	125	96	51	44	33	25
AT1G70140	414	335	243	226	210	194
AT1G70150	261	217	236	185	174	165
AT1G70160	7465	6567	5521	5362	4836	4107
AT1G70170	234	195	165	32	31	10
AT1G70180	1157	997	842	857	675	672
AT1G70185	67	60	86	12	5	4
AT1G70190	551	550	572	487	391	390
AT1G70200	1182	966	1107	1576	1242	1513
AT1G70209	0	0	0	0	3	0
AT1G70210	116	96	204	610	489	420
AT1G70220	8	1	3	2	2	9
AT1G70230	552	514	528	725	589	478
AT1G70250	1504	1339	1176	591	496	315
AT1G70260	11	6	102	163	103	56
AT1G70270	0	0	0	5	1	8
AT1G70280	448	386	389	899	746	804
AT1G70290	5817	5277	5587	9300	7560	7167
AT1G70300	608	527	392	459	419	333
AT1G70310	2685	2293	2316	2189	2172	2315
AT1G70320	7862	6807	2307	6220	5328	5504
AT1G70330	1352	1228	1128	1227	1264	1138
AT1G70340	448	425	569	410	484	451
AT1G70350	163	139	212	113	132	153
AT1G70360	86	74	85	76	78	87
AT1G70370	1899	1810	1514	4998	4198	4343
AT1G70380	20	25	17	2	2	0
AT1G70390	726	675	453	58	61	53
AT1G70400	1	3	0	0	0	0
AT1G70410	2797	2678	3019	5306	4565	4669
AT1G70420	865	852	1332	745	576	773
AT1G70430	54	37	54	159	123	115
AT1G70440	207	178	163	2	4	0
AT1G70450	0	1	0	2	1	0
AT1G70460	2	2	1	5	5	1
AT1G70470	41	49	61	63	69	53
AT1G70480	1278	1232	1158	948	800	677
AT1G70490	4640	4071	4399	4047	4377	4148
AT1G70500	25	19	26	6	8	13
AT1G70505	83	94	126	108	107	92
AT1G70510	16	14	34	22	34	10
AT1G70518	401	367	408	244	194	198
AT1G70520	2700	2401	2235	2118	1765	1935
AT1G70530	2710	2406	2223	1729	1304	1293
AT1G70540	0	0	1	0	0	0
AT1G70550	87	77	108	196	175	137
AT1G70560	150	147	169	121	115	101
AT1G70570	1425	1204	1083	1407	1151	1295
AT1G70580	1866	1650	2050	1707	1352	1332
AT1G70581	113	96	157	37	29	27
AT1G70590	1327	1117	1114	941	698	746
AT1G70600	2846	2532	2657	3618	4119	3820
AT1G70610	1182	975	999	1463	1360	1094
AT1G70620	2694	2379	1569	2868	2467	2444
AT1G70630	127	89	105	178	154	131
AT1G70640	472	440	447	92	99	170
AT1G70645	0	0	2	0	0	0
AT1G70650	1657	1524	1950	1506	1186	1032
AT1G70660	1501	1397	1824	1413	1113	967
AT1G70670	200	222	279	190	137	176
AT1G70680	43	32	29	0	1	2
AT1G70690	721	677	738	524	366	276
AT1G70700	7187	6444	9397	12084	10428	6542
AT1G70710	473	496	530	510	438	354
AT1G70720	0	0	1	0	8	0
AT1G70730	3007	2746	2206	3385	2982	3217
AT1G70740	3631	3190	2103	2352	1868	2254
AT1G70750	579	442	241	583	520	539
AT1G70760	994	895	1986	4606	3561	3680
AT1G70770	5085	4505	3684	4563	4031	4143
AT1G70780	4798	4211	3984	3201	3363	3672
AT1G70782	4798	4211	3984	3201	3363	3672
AT1G70790	359	307	368	463	423	426
AT1G70800	412	342	303	129	181	240
AT1G70810	2596	2213	3056	1198	1190	991
AT1G70820	3723	3312	3942	8253	7019	7040
AT1G70830	1885	1767	3326	10236	7832	4978
AT1G70840	2	0	0	3	0	0
AT1G70850	14	13	39	3	0	0
AT1G70880	1	1	12	29	21	22
AT1G70890	577	534	1689	3949	3303	3762
AT1G70895	48	54	61	30	61	52
AT1G70900	1445	1355	1731	1369	1189	1119
AT1G70910	3	2	2	1	2	1
AT1G70920	54	45	34	25	19	16
AT1G70940	1069	938	1066	2665	2356	1588
AT1G70950	7	2	3	3	6	3
AT1G70960	2	3	2	0	0	0
AT1G70980	1904	1596	1191	881	775	741
AT1G70985	2	4	6	21	28	38
AT1G70990	1	3	4	5	6	8
AT1G71000	11	13	6	0	2	2
AT1G71010	1951	1658	1046	2055	1934	1797
AT1G71015	26	21	60	25	19	27
AT1G71020	634	560	788	961	807	876
AT1G71030	1404	1302	3184	3197	2567	1989
AT1G71040	7829	7428	5731	3447	2859	2027
AT1G71050	117	106	233	180	144	110
AT1G71060	219	169	112	128	127	143
AT1G71070	925	806	663	969	870	842
AT1G71080	1497	1432	1381	1635	1300	1149
AT1G71090	1376	1302	1337	994	1014	1044
AT1G71100	1113	1074	911	997	817	765
AT1G71110	816	774	443	249	218	251
AT1G71120	1	3	3	3	2	2
AT1G71130	355	345	564	325	274	278
AT1G71140	837	775	742	426	439	388
AT1G71150	3	7	2	1	3	1
AT1G71160	0	0	2	0	0	0
AT1G71170	705	741	621	425	408	351
AT1G71180	271	260	329	411	300	361
AT1G71190	812	647	738	652	599	486
AT1G71200	0	0	1	2	0	0
AT1G71210	601	532	348	425	341	333
AT1G71220	3883	3408	1626	3251	2908	2753
AT1G71230	193	164	138	120	98	119
AT1G71235	0	0	3	0	0	1
AT1G71240	915	847	665	771	675	660
AT1G71250	3	4	2	0	0	1
AT1G71260	795	699	622	538	501	446
AT1G71270	1252	1216	820	1158	997	1083
AT1G71280	202	205	106	3	2	2
AT1G71300	2	3	6	0	0	0
AT1G71310	444	418	525	340	278	316
AT1G71320	0	0	1	0	0	0
AT1G71330	126	110	134	78	51	51
AT1G71340	531	488	747	853	770	625
AT1G71350	862	750	730	599	419	443
AT1G71360	492	427	286	610	504	472
AT1G71370	45	34	19	0	0	0
AT1G71380	15	8	1	1	7	1
AT1G71390	139	111	66	23	20	17
AT1G71400	361	358	198	179	145	149
AT1G71410	1292	1136	825	1599	1335	1484
AT1G71420	81	62	42	19	29	26
AT1G71430	209	186	234	137	122	105
AT1G71440	489	474	405	476	453	519
AT1G71450	12	9	9	38	30	20
AT1G71460	399	361	207	287	206	254
AT1G71480	1147	1019	1531	1564	1521	1294
AT1G71490	281	271	504	290	323	265
AT1G71500	3209	2974	4297	6864	5629	6041
AT1G71520	25	38	7	12	17	11
AT1G71528	265	258	154	121	136	116
AT1G71530	262	256	150	118	135	115
AT1G71690	1	0	0	6	2	9
AT1G71691	1	0	1	2	2	1
AT1G71692	6	7	5	8	7	9
AT1G71695	780	700	1161	3031	2571	2599
AT1G71696	390	312	293	437	384	332
AT1G71697	1014	929	882	1745	1553	1265
AT1G71710	1074	987	764	1236	1092	1240
AT1G71720	518	470	583	1381	1013	1153
AT1G71730	645	613	795	942	722	731
AT1G71740	0	0	0	7	1	2
AT1G71750	209	171	235	132	154	149
AT1G71760	3	4	7	19	15	10
AT1G71770	11	9	5	3	5	4
AT1G71780	581	487	496	253	250	214
AT1G71790	162	129	215	356	320	344
AT1G71800	934	761	718	588	481	533
AT1G71810	756	598	642	821	669	827
AT1G71820	2866	2532	1782	2739	2271	2635
AT1G71828	0	0	0	0	0	1
AT1G71830	53	48	69	146	114	112
AT1G71840	2363	2158	1533	1020	798	912
AT1G71850	358	322	196	144	115	115
AT1G71860	2070	2005	1874	1365	1096	1113
AT1G71865	253	222	270	243	216	196
AT1G71866	5	8	7	4	12	5
AT1G71870	20	31	30	57	54	16
AT1G71880	4736	4332	4987	1714	1766	1700
AT1G71890	28	27	30	39	37	18
AT1G71900	564	507	482	547	471	462
AT1G71910	245	241	258	82	88	66
AT1G71920	337	293	271	133	109	111
AT1G71930	12	7	9	13	4	11
AT1G71940	472	412	416	323	253	235
AT1G71950	2927	2637	3392	1498	1501	1377
AT1G71960	249	209	199	283	251	211
AT1G71970	286	269	493	540	420	412
AT1G71980	1909	1758	1555	2024	1793	1758
AT1G71990	52	58	81	168	149	120
AT1G72000	10	13	12	26	12	19
AT1G72010	2404	2249	2488	1830	1894	1810
AT1G72020	2304	1998	2770	2170	2573	2326
AT1G72030	448	471	1008	596	570	398
AT1G72040	1812	1588	1162	1376	1254	1074
AT1G72050	4495	3988	2806	678	563	587
AT1G72060	518	421	886	490	458	307
AT1G72070	441	369	773	387	336	236
AT1G72080	0	0	0	1	1	1
AT1G72090	1374	1193	861	966	764	689
AT1G72100	1	0	0	2	1	1
AT1G72120	692	618	487	316	313	224
AT1G72125	20	11	12	11	3	8
AT1G72130	462	426	436	519	434	432
AT1G72140	21	22	28	37	29	37
AT1G72150	19378	17512	17388	25075	20484	24746
AT1G72160	3658	3250	2715	4154	3343	3643
AT1G72170	303	246	435	343	395	323
AT1G72175	296	271	329	295	290	319
AT1G72180	1857	1604	1255	3524	3089	3792
AT1G72190	331	276	298	381	274	301
AT1G72200	21	26	51	55	44	22
AT1G72210	98	102	82	140	92	117
AT1G72220	39	23	39	52	40	28
AT1G72230	23	23	80	156	136	105
AT1G72240	484	391	499	243	253	185
AT1G72250	69	58	50	187	141	125
AT1G72260	1265	1221	1465	139	155	22
AT1G72270	76	53	78	113	82	88
AT1G72280	881	752	527	837	671	573
AT1G72300	411	392	299	587	488	427
AT1G72310	178	149	161	283	246	255
AT1G72320	1713	1464	1072	769	667	656
AT1G72330	3825	3315	2123	614	579	699
AT1G72340	998	865	937	705	649	577
AT1G72350	2	3	0	0	0	0
AT1G72360	148	101	145	86	81	101
AT1G72370	9671	8740	7311	8415	8598	7760
AT1G72390	1889	1771	784	1219	1090	1007
AT1G72410	884	828	602	1651	1363	1450
AT1G72416	513	402	758	620	475	894
AT1G72420	258	251	257	234	210	184
AT1G72430	1976	1853	2511	1074	861	999
AT1G72440	1546	1361	657	1131	897	862
AT1G72450	6379	5721	6798	7672	5920	3970
AT1G72460	0	0	0	0	1	0
AT1G72470	122	96	102	215	182	186
AT1G72480	684	676	557	845	751	826
AT1G72490	1	0	3	0	4	0
AT1G72500	747	629	593	1327	1170	850
AT1G72510	2049	1826	2722	1302	1045	1075
AT1G72520	21319	20682	8628	16552	14191	10094
AT1G72530	44	44	47	63	69	51
AT1G72540	148	144	135	62	61	46
AT1G72550	1197	1084	836	1458	1383	1215
AT1G72560	1446	1206	684	683	668	621
AT1G72590	0	1	1	0	0	0
AT1G72600	16095	15268	26175	35395	30403	47932
AT1G72610	16015	15200	26072	35279	30332	47863
AT1G72620	0	0	8	15	13	20
AT1G72630	404	294	651	465	401	405
AT1G72640	467	403	738	1258	996	1124
AT1G72645	147	148	391	277	318	350
AT1G72650	1464	1274	1087	1084	820	843
AT1G72660	26	13	18	8	4	5
AT1G72670	42	32	50	99	82	88
AT1G72680	1174	1017	769	640	602	489
AT1G72690	101	94	131	68	74	49
AT1G72700	2256	1995	1030	1507	1397	1346
AT1G72710	5783	5241	4564	5545	4726	4680
AT1G72720	2	7	11	2	12	10
AT1G72730	251	204	265	240	214	178
AT1G72740	861	845	835	859	670	676
AT1G72750	3222	3073	2679	2102	1687	1559
AT1G72760	109	108	72	28	22	24
AT1G72770	1971	1736	1571	780	651	318
AT1G72780	0	0	1	0	0	0
AT1G72790	4382	4235	2143	882	729	697
AT1G72800	787	640	740	204	174	214
AT1G72810	182	210	151	274	265	216
AT1G72820	572	575	585	971	800	763
AT1G72830	701	634	550	249	273	202
AT1G72840	372	339	185	264	213	251
AT1G72850	77	69	50	89	73	78
AT1G72852	45	33	30	46	37	40
AT1G72855	270	224	185	165	172	146
AT1G72860	302	255	217	185	182	161
AT1G72870	69	52	55	32	25	14
AT1G72880	1097	898	831	960	985	961
AT1G72890	483	422	619	449	358	310
AT1G72900	4375	4076	3193	4034	3475	3376
AT1G72910	5797	5328	5173	7692	6235	7122
AT1G72920	1459	1437	2113	2620	2222	1824
AT1G72930	6574	5882	7320	7206	6516	6826
AT1G72940	2624	2345	2485	2732	2374	2090
AT1G72950	496	473	337	480	425	409
AT1G72960	20	18	6	21	22	19
AT1G72970	421	419	483	1256	1018	971
AT1G72980	1	3	3	0	1	1
AT1G72990	351	263	264	356	349	338
AT1G73000	0	2	2	0	3	0
AT1G73010	594	485	443	121	105	133
AT1G73020	250	224	162	393	361	357
AT1G73030	4291	3884	4460	3925	3331	3157
AT1G73040	108	82	115	73	66	61
AT1G73050	1	1	1	2	0	1
AT1G73060	1489	1508	1801	3597	2822	3065
AT1G73066	54	62	38	51	37	52
AT1G73080	3616	3098	1663	4995	4192	3502
AT1G73090	415	333	368	379	334	348
AT1G73100	650	645	462	490	412	448
AT1G73110	808	731	853	1070	908	1049
AT1G73120	2	0	2	2	1	0
AT1G73130	779	717	545	364	289	283
AT1G73140	6	6	5	1	4	5
AT1G73150	415	386	356	201	184	174
AT1G73165	0	0	1	0	0	0
AT1G73170	1122	962	1230	1835	1397	1495
AT1G73177	60	56	97	83	67	72
AT1G73180	1202	1137	855	859	809	787
AT1G73190	16	14	24	19	15	19
AT1G73200	1812	1542	1070	1524	1353	1522
AT1G73210	137	138	166	211	198	116
AT1G73220	29	38	26	3	3	9
AT1G73230	2839	2491	2837	3270	3138	3000
AT1G73240	525	527	357	317	311	296
AT1G73250	330	334	388	351	305	299
AT1G73260	6522	6356	4652	1320	1281	843
AT1G73270	12	8	9	6	1	4
AT1G73280	0	0	2	1	0	1
AT1G73290	0	0	0	1	0	1
AT1G73300	2	0	0	2	1	0
AT1G73310	243	200	214	216	227	189
AT1G73320	204	176	182	148	126	135
AT1G73325	70	51	182	141	109	69
AT1G73330	84	66	346	1081	1019	657
AT1G73340	3	6	2	0	0	1
AT1G73350	810	752	965	540	489	423
AT1G73360	53	45	63	125	100	68
AT1G73370	51	46	53	80	70	62
AT1G73380	589	488	478	402	407	359
AT1G73390	1212	1053	1168	963	763	497
AT1G73400	157	133	107	104	89	77
AT1G73410	3	4	5	0	1	0
AT1G73430	1360	1175	697	1205	1073	1129
AT1G73440	316	257	308	186	160	174
AT1G73450	405	382	290	429	416	341
AT1G73460	1014	959	604	1057	941	963
AT1G73470	629	529	790	2014	1637	1753
AT1G73480	2831	2636	3752	8674	8003	4225
AT1G73490	1954	1775	1595	1142	937	904
AT1G73500	1778	1689	3087	2647	2470	2278
AT1G73510	60	52	35	18	19	11
AT1G73530	433	396	479	1143	867	882
AT1G73540	18254	16003	20731	15418	12569	12417
AT1G73550	38	25	39	93	80	65
AT1G73570	91	96	55	240	190	192
AT1G73580	0	0	0	1	0	0
AT1G73590	69	74	81	153	123	92
AT1G73600	1044	945	2210	9239	7286	5539
AT1G73602	964	879	2102	8776	6764	5170
AT1G73610	24	24	14	1	0	0
AT1G73620	33	27	56	87	102	52
AT1G73630	132	126	173	115	171	135
AT1G73640	16	16	34	50	44	24
AT1G73650	1643	1543	2263	1208	1041	877
AT1G73655	1376	1267	2210	4286	3498	4319
AT1G73660	1309	1084	1145	1499	1402	1074
AT1G73670	1294	1225	934	1339	1084	1042
AT1G73680	2685	2403	1994	1506	1349	1163
AT1G73687	8	4	12	5	4	1
AT1G73690	54	42	43	20	21	28
AT1G73700	109	109	192	56	60	31
AT1G73710	1062	840	565	709	586	625
AT1G73720	957	832	809	746	671	592
AT1G73730	831	726	604	537	462	447
AT1G73740	637	572	509	897	827	701
AT1G73750	1793	1676	1767	1985	1806	1207
AT1G73760	1142	1119	1250	1035	880	763
AT1G73770	115	108	130	85	75	67
AT1G73780	1	1	1	2	0	1
AT1G73790	223	148	210	138	163	127
AT1G73805	10832	9742	6149	3271	2626	3543
AT1G73810	1754	1660	1205	877	743	681
AT1G73820	296	305	397	345	270	284
AT1G73830	57	67	214	260	220	140
AT1G73840	1313	1172	944	831	702	642
AT1G73850	106	96	103	106	92	70
AT1G73860	5	2	5	8	9	4
AT1G73870	241	218	496	1178	989	476
AT1G73875	404	379	333	251	251	263
AT1G73880	283	246	152	148	156	174
AT1G73885	3064	2863	4358	6633	5788	6149
AT1G73890	99	70	97	151	107	97
AT1G73910	9	4	6	19	11	2
AT1G73920	3335	2952	2418	3718	3145	2425
AT1G73930	630	544	458	566	477	547
AT1G73940	563	454	510	402	383	320
AT1G73950	570	527	402	521	537	445
AT1G73960	1596	1365	846	1465	1182	1122
AT1G73965	8	17	9	5	2	3
AT1G73970	808	722	588	451	388	332
AT1G73980	1972	1796	1476	1644	1363	1277
AT1G73990	1797	1620	1332	1382	1208	1162
AT1G74000	21	14	33	29	24	30
AT1G74010	679	641	325	81	93	97
AT1G74020	2631	2435	1519	430	416	328
AT1G74030	160	129	151	286	306	195
AT1G74040	1163	1007	659	1404	1257	1289
AT1G74045	0	0	0	0	1	0
AT1G74050	2533	2249	2872	4295	3956	3608
AT1G74055	3	3	2	21	8	11
AT1G74060	2019	1962	2404	3280	3169	2756
AT1G74070	171	197	328	1191	887	885
AT1G74080	50	66	30	10	16	8
AT1G74088	175	145	188	113	103	100
AT1G74090	1013	909	864	1408	1141	1209
AT1G74100	3593	3347	2722	5125	4099	3005
AT1G74120	251	232	193	129	109	137
AT1G74130	0	0	0	0	0	1
AT1G74140	18	10	5	4	0	1
AT1G74150	27	25	37	22	30	18
AT1G74160	478	439	344	873	775	698
AT1G74170	698	634	341	467	434	487
AT1G74180	300	243	132	186	160	143
AT1G74190	4	2	1	1	0	1
AT1G74200	302	271	234	103	82	65
AT1G74205	30	28	11	14	11	17
AT1G74210	1015	887	854	568	493	577
AT1G74220	0	0	1	0	0	0
AT1G74230	3737	3240	2715	1901	1725	1622
AT1G74240	152	147	107	141	89	81
AT1G74250	1289	1095	577	989	826	953
AT1G74260	3907	3686	1902	2752	2414	2468
AT1G74270	1374	1275	1693	2047	1549	1480
AT1G74280	349	340	389	198	206	193
AT1G74290	246	218	319	158	162	160
AT1G74300	462	395	405	309	225	294
AT1G74310	343	332	174	213	186	176
AT1G74320	416	360	408	601	543	555
AT1G74330	1482	1347	573	1334	1034	1111
AT1G74340	947	903	773	666	609	514
AT1G74350	243	198	53	72	69	52
AT1G74360	3851	3448	1272	1887	1520	1128
AT1G74370	288	338	519	642	603	523
AT1G74380	2820	2554	1941	3613	3146	3064
AT1G74390	250	235	214	247	197	237
AT1G74400	45	41	25	36	25	34
AT1G74410	589	567	521	375	354	315
AT1G74420	44	44	52	99	109	59
AT1G74430	1467	1308	1249	2056	1714	1264
AT1G74440	2366	2217	2358	2450	2197	1875
AT1G74448	0	2	0	0	0	0
AT1G74450	12865	11502	9678	12576	10016	10292
AT1G74453	140	113	149	105	80	68
AT1G74456	93	73	96	65	43	37
AT1G74458	28	13	56	77	68	55
AT1G74460	75	73	66	13	2	10
AT1G74470	14886	13635	19218	51191	45011	38675
AT1G74480	4	2	3	15	10	11
AT1G74490	33	26	32	22	21	10
AT1G74510	585	493	446	497	422	406
AT1G74520	715	582	808	1108	988	1126
AT1G74530	402	352	422	485	489	388
AT1G74540	90	72	48	36	17	20
AT1G74545	20	15	9	11	4	10
AT1G74550	41	53	39	15	12	18
AT1G74560	2955	2622	2337	1929	1505	1266
AT1G74580	132	109	54	115	91	105
AT1G74590	1073	928	1039	331	290	194
AT1G74600	284	265	143	132	119	119
AT1G74630	48	56	14	30	29	34
AT1G74640	1870	1699	1441	1639	1559	1471
AT1G74650	155	149	141	174	144	86
AT1G74660	13	12	12	13	18	20
AT1G74670	318	291	2519	5465	5275	5056
AT1G74680	1381	1171	1101	781	719	684
AT1G74690	1228	1099	1042	2689	2151	1982
AT1G74700	146	152	146	79	81	86
AT1G74710	4831	4056	2323	1477	1203	899
AT1G74720	702	663	470	711	655	673
AT1G74730	1382	1255	2440	4515	4475	4366
AT1G74740	467	411	407	449	316	323
AT1G74750	405	402	239	271	221	274
AT1G74770	15	10	10	25	12	8
AT1G74780	274	227	180	240	214	266
AT1G74790	499	480	428	650	581	561
AT1G74800	260	235	203	476	385	377
AT1G74810	63	63	124	196	159	149
AT1G74830	0	2	3	2	1	3
AT1G74840	897	797	1175	1660	1303	1254
AT1G74850	1222	1094	684	1280	1008	1113
AT1G74860	242	205	213	240	205	154
AT1G74870	80	83	56	20	16	7
AT1G74875	40	34	74	79	78	81
AT1G74880	591	511	1166	2604	2171	2377
AT1G74890	3	1	10	113	95	70
AT1G74900	121	98	88	98	83	117
AT1G74910	2200	1813	2603	4135	3710	3594
AT1G74920	3564	3229	2868	6315	5723	5624
AT1G74929	6	11	19	9	10	12
AT1G74930	3376	3226	3925	5564	5044	3819
AT1G74940	712	696	973	728	649	741
AT1G74950	3499	3008	2520	3054	2722	2239
AT1G74960	2248	2075	1971	4159	3849	3528
AT1G74970	1724	1595	2640	6696	5542	5625
AT1G75000	372	385	285	541	487	452
AT1G75010	804	658	652	1097	848	868
AT1G75020	998	951	945	1107	922	953
AT1G75030	12	19	37	60	82	49
AT1G75040	14628	14614	8278	5009	4549	3033
AT1G75050	3	3	1	3	5	8
AT1G75060	65	57	57	76	74	84
AT1G75080	1520	1400	1121	1129	939	858
AT1G75090	44	36	68	87	61	65
AT1G75100	1323	1295	1815	1924	1598	748
AT1G75110	21	26	37	45	40	35
AT1G75120	93	100	99	141	104	97
AT1G75130	694	621	470	686	614	580
AT1G75140	1047	950	835	838	747	771
AT1G75150	93	92	79	113	104	95
AT1G75163	29	27	20	18	8	12
AT1G75166	38	51	56	33	25	27
AT1G75170	1040	952	852	450	394	280
AT1G75180	602	492	1089	1461	1360	1090
AT1G75190	208	153	354	390	301	293
AT1G75200	1286	1236	847	671	572	597
AT1G75210	1239	1062	919	1482	1276	1223
AT1G75220	3320	2877	2726	3545	3384	3724
AT1G75230	1150	985	706	996	857	683
AT1G75240	175	193	209	431	353	289
AT1G75250	34	22	129	130	134	120
AT1G75260	6	11	16	17	13	11
AT1G75270	840	685	913	360	311	322
AT1G75280	594	501	828	1522	1339	1109
AT1G75290	66	38	63	66	54	43
AT1G75295	373	336	375	374	346	261
AT1G75300	260	229	247	256	260	186
AT1G75310	999	851	370	1216	945	1015
AT1G75330	3141	2874	2262	2531	2322	2231
AT1G75335	128	107	142	53	41	37
AT1G75340	777	773	543	574	444	454
AT1G75350	1825	1568	2962	5871	4945	5269
AT1G75360	22	37	35	62	45	28
AT1G75370	2953	2570	2585	2966	2549	2547
AT1G75380	15992	13830	19791	20753	17608	18270
AT1G75388	109	126	118	55	47	32
AT1G75390	109	126	118	55	47	32
AT1G75400	1233	1110	932	723	693	551
AT1G75410	2924	2642	2539	1967	1534	1273
AT1G75420	665	619	641	532	492	451
AT1G75430	1	0	1	1	4	6
AT1G75440	853	852	976	800	606	547
AT1G75450	517	497	598	504	380	276
AT1G75460	1738	1609	3444	5794	4869	4628
AT1G75470	4	5	2	6	3	1
AT1G75490	59	63	98	208	168	102
AT1G75500	3550	3310	3057	5691	5067	4003
AT1G75510	1637	1434	1446	802	651	650
AT1G75520	11	16	15	18	18	7
AT1G75530	0	1	0	0	0	0
AT1G75540	1111	990	969	892	747	609
AT1G75550	10	8	13	17	23	18
AT1G75560	1265	1127	980	799	778	801
AT1G75580	60	61	76	35	64	27
AT1G75590	58	53	63	59	64	45
AT1G75600	118	120	93	0	0	0
AT1G75620	3	6	6	15	4	9
AT1G75630	1618	1455	1653	1538	1664	1603
AT1G75640	22	26	32	83	52	47
AT1G75660	3060	2834	1773	2572	2170	2041
AT1G75670	518	430	465	190	158	165
AT1G75680	717	600	838	3630	3184	2839
AT1G75690	1582	1465	3709	6277	5807	5420
AT1G75700	314	217	477	14	15	13
AT1G75710	231	221	276	315	309	267
AT1G75720	4	2	6	11	9	4
AT1G75730	458	385	287	316	313	356
AT1G75750	3389	3604	1692	1340	1465	3106
AT1G75760	700	647	605	431	442	543
AT1G75770	173	150	229	108	91	86
AT1G75780	30	28	91	714	646	613
AT1G75800	2553	2373	3119	4028	3615	4039
AT1G75810	321	348	450	147	150	115
AT1G75820	655	544	739	1857	1656	1687
AT1G75830	0	0	6	142	194	31
AT1G75840	919	922	1058	1031	927	1079
AT1G75850	1490	1324	917	1171	881	901
AT1G75860	2188	1831	1460	1318	1303	1308
AT1G75880	66	58	80	86	75	95
AT1G75890	7	3	11	13	11	16
AT1G75891	3	0	0	6	2	4
AT1G75900	537	448	408	670	495	531
AT1G75910	1	0	0	0	1	0
AT1G75920	2	1	1	4	9	6
AT1G75950	3962	3743	4764	3486	3798	3466
AT1G75960	143	144	159	319	275	374
AT1G75980	183	143	204	210	165	147
AT1G75990	1099	1026	881	803	647	647
AT1G76010	4390	4036	3524	3371	3448	3091
AT1G76020	558	501	625	1096	909	779
AT1G76030	5773	5271	4005	6126	5047	5290
AT1G76040	1891	1674	946	1267	889	845
AT1G76050	841	741	665	743	747	742
AT1G76060	220	176	257	199	167	193
AT1G76062	101	96	150	4	8	11
AT1G76065	450	424	637	67	60	59
AT1G76070	586	503	573	397	367	315
AT1G76080	4770	4382	6706	5677	5368	5495
AT1G76090	367	320	368	547	510	680
AT1G76100	1871	1668	3381	6486	5682	6020
AT1G76110	475	379	876	1199	1063	788
AT1G76120	379	387	292	211	150	167
AT1G76130	745	685	549	570	464	433
AT1G76135	1	2	2	3	4	1
AT1G76140	3006	2785	1870	2154	1925	2118
AT1G76150	2598	2416	2525	1919	1651	1447
AT1G76160	3035	2748	2239	6402	5227	6095
AT1G76170	193	175	203	224	180	170
AT1G76180	35098	31292	38762	26969	22652	22940
AT1G76185	173	165	249	147	156	179
AT1G76190	4	3	7	6	9	8
AT1G76200	1662	1606	2218	1912	2314	2000
AT1G76210	63	67	48	15	21	18
AT1G76220	1	0	3	2	1	0
AT1G76230	2	2	2	0	1	0
AT1G76240	30	36	93	232	192	151
AT1G76250	11	15	13	19	17	8
AT1G76260	182	172	116	218	252	243
AT1G76270	308	310	226	392	329	299
AT1G76280	697	511	356	382	330	350
AT1G76300	719	601	716	493	380	402
AT1G76310	44	34	43	137	89	110
AT1G76320	767	650	417	516	434	448
AT1G76340	658	598	510	741	653	685
AT1G76350	544	485	498	433	382	384
AT1G76360	3688	3595	2747	2910	2462	2294
AT1G76370	1	2	0	0	1	0
AT1G76380	501	417	358	373	321	265
AT1G76390	2397	2140	1345	997	901	729
AT1G76400	1608	1407	1141	1371	1195	1212
AT1G76405	223	194	343	339	278	309
AT1G76410	88	82	168	101	134	115
AT1G76420	0	4	6	7	7	2
AT1G76430	3	2	1	0	0	1
AT1G76440	154	139	189	224	219	178
AT1G76450	1103	960	1591	2932	2386	2798
AT1G76460	727	659	584	1074	921	807
AT1G76470	80	54	37	60	83	19
AT1G76480	2	1	1	0	1	1
AT1G76490	5138	4723	4875	11130	9360	9307
AT1G76500	0	0	1	4	0	0
AT1G76510	613	575	588	551	466	425
AT1G76520	2379	1994	1990	2067	1980	2231
AT1G76530	3	8	11	12	18	16
AT1G76540	79	87	99	259	194	199
AT1G76550	799	712	587	481	442	434
AT1G76560	164	142	304	259	204	193
AT1G76570	443	397	629	350	396	263
AT1G76580	1885	1622	891	1441	1287	1343
AT1G76590	1789	1631	2025	1350	1143	1247
AT1G76600	4839	4360	5146	4321	4286	4436
AT1G76610	1	6	15	49	48	34
AT1G76620	227	160	187	321	295	285
AT1G76630	1208	958	732	825	760	756
AT1G76640	20	16	17	41	37	10
AT1G76650	9178	8092	9688	7373	6161	5671
AT1G76660	1003	959	730	1067	845	866
AT1G76670	2213	1970	1920	3544	3119	3149
AT1G76680	1775	1636	1926	4463	3799	4554
AT1G76690	235	224	251	192	188	188
AT1G76700	1848	1669	1098	1249	1047	1085
AT1G76705	110	114	98	82	79	49
AT1G76710	368	362	296	356	337	303
AT1G76720	259	246	130	293	245	172
AT1G76730	1762	1642	1724	1799	1573	1579
AT1G76740	44	39	28	64	58	55
AT1G76760	104	67	92	32	30	34
AT1G76770	2	2	0	5	0	1
AT1G76780	34	46	13	93	66	50
AT1G76790	627	531	546	1034	917	950
AT1G76800	17	14	41	96	80	54
AT1G76810	6083	5097	2880	4758	3630	3501
AT1G76820	392	367	218	240	235	245
AT1G76850	2317	2160	1368	3040	2655	2384
AT1G76860	557	480	752	587	497	442
AT1G76870	45	53	68	66	59	56
AT1G76878	709	667	674	783	637	585
AT1G76880	919	852	863	992	809	731
AT1G76890	937	797	814	961	695	745
AT1G76892	720	606	616	797	550	592
AT1G76900	1908	1604	1630	1335	1243	1188
AT1G76920	907	876	754	887	729	725
AT1G76930	9553	9263	4333	5344	3887	2788
AT1G76940	772	728	805	580	482	456
AT1G76950	588	568	296	776	611	681
AT1G76952	0	0	3	10	6	5
AT1G76954	5	1	2	3	2	0
AT1G76955	332	314	455	256	217	252
AT1G76960	5342	4568	5159	4219	4153	2567
AT1G76965	37	29	23	4	4	6
AT1G76970	3118	2775	1839	1142	1003	1009
AT1G76980	980	944	761	360	313	284
AT1G76990	2547	2264	2590	3976	3516	4102
AT1G76994	0	0	0	1	1	0
AT1G77000	959	911	825	403	369	341
AT1G77010	78	43	24	32	24	28
AT1G77020	49	43	43	71	43	89
AT1G77030	1666	1457	649	955	743	636
AT1G77060	868	779	1138	2481	2306	1939
AT1G77080	743	614	848	957	906	915
AT1G77090	740	673	1074	1354	1101	1187
AT1G77110	30	23	42	73	92	53
AT1G77120	414	380	177	184	223	194
AT1G77122	297	314	342	604	480	568
AT1G77130	1679	1468	1463	1562	1417	1282
AT1G77138	28	48	27	45	45	28
AT1G77140	795	628	539	664	548	571
AT1G77145	114	133	143	55	36	35
AT1G77150	3	0	2	0	0	1
AT1G77160	2	1	1	0	1	0
AT1G77170	251	226	172	169	119	120
AT1G77180	4227	3831	3215	3453	2885	2647
AT1G77200	4	1	9	14	16	5
AT1G77210	738	635	1265	1675	1436	1406
AT1G77220	1211	1119	920	932	826	846
AT1G77230	1148	1054	858	317	301	269
AT1G77235	1	2	0	0	0	0
AT1G77240	854	789	708	231	220	206
AT1G77250	512	467	390	515	455	416
AT1G77260	1070	971	712	1258	1010	836
AT1G77270	68	63	90	185	139	89
AT1G77280	558	469	352	236	216	148
AT1G77290	182	162	254	194	152	174
AT1G77300	2144	1867	1031	1887	1541	1594
AT1G77310	312	255	179	106	72	82
AT1G77320	417	317	224	173	153	146
AT1G77330	3	2	7	27	20	25
AT1G77340	0	4	0	4	0	3
AT1G77350	582	502	708	469	492	474
AT1G77360	137	140	74	107	98	84
AT1G77370	1662	1572	2029	1272	1099	800
AT1G77380	317	313	220	48	46	46
AT1G77390	153	139	78	66	72	82
AT1G77400	224	232	196	257	218	136
AT1G77405	60	50	28	29	17	28
AT1G77410	52	56	33	92	57	63
AT1G77420	835	674	700	821	778	680
AT1G77440	1460	1346	1310	887	876	780
AT1G77450	170	156	197	120	100	104
AT1G77460	469	375	209	948	927	743
AT1G77470	664	594	461	261	266	205
AT1G77480	829	716	866	605	556	596
AT1G77490	869	786	1242	4245	3565	3985
AT1G77500	1465	1352	651	1285	1102	1083
AT1G77510	4921	4442	2683	1842	1542	1508
AT1G77520	5	4	5	20	15	5
AT1G77525	0	0	0	1	0	0
AT1G77530	3	3	1	0	0	0
AT1G77540	550	546	578	316	373	358
AT1G77550	939	841	413	536	467	434
AT1G77570	88	94	124	37	23	19
AT1G77580	130	111	126	446	351	366
AT1G77590	614	537	364	1246	1067	1014
AT1G77600	897	806	448	708	665	588
AT1G77610	1420	1336	1196	1032	838	871
AT1G77620	371	321	200	295	233	283
AT1G77630	325	296	252	329	312	338
AT1G77640	2668	2401	1382	1127	1002	1013
AT1G77655	0	0	1	0	0	0
AT1G77660	380	336	386	563	470	319
AT1G77670	739	702	574	514	454	481
AT1G77680	1176	1053	578	1032	941	1041
AT1G77690	51	47	76	252	210	164
AT1G77700	15	12	12	19	18	16
AT1G77710	3175	2864	4298	2167	2113	1939
AT1G77720	121	117	111	179	166	130
AT1G77730	5	5	2	0	2	0
AT1G77740	1300	1214	796	1811	1482	1410
AT1G77750	208	204	237	288	306	279
AT1G77760	3774	3597	2502	3537	3103	1534
AT1G77765	36	24	27	63	65	39
AT1G77770	762	740	585	491	370	384
AT1G77790	0	0	3	2	0	0
AT1G77800	2294	2043	1182	2378	1886	1729
AT1G77810	944	861	574	467	332	335
AT1G77840	2716	2268	1845	1278	1014	1003
AT1G77850	833	828	594	522	416	422
AT1G77855	10	8	38	65	58	46
AT1G77860	69	62	51	17	10	14
AT1G77870	4	2	14	48	32	20
AT1G77880	26	17	31	11	10	2
AT1G77885	101	93	145	92	79	70
AT1G77890	938	804	611	516	392	382
AT1G77920	2991	2569	2521	595	569	460
AT1G77930	2756	2462	3351	1962	1771	1488
AT1G77932	2	2	7	0	1	1
AT1G77940	2129	1852	2110	2982	2454	2268
AT1G77950	17	29	51	104	80	57
AT1G77960	73	80	89	307	244	159
AT1G77990	402	382	358	424	402	295
AT1G77992	107	90	38	57	64	64
AT1G78000	601	503	490	219	219	212
AT1G78010	775	676	641	631	493	537
AT1G78020	2210	2044	2629	1700	1343	1495
AT1G78030	130	119	217	136	147	119
AT1G78040	8297	7139	9792	12443	11496	11035
AT1G78050	100	96	86	99	72	51
AT1G78060	796	720	561	1402	1200	1119
AT1G78070	5167	4643	5144	8635	7117	5529
AT1G78080	10374	10086	11268	8665	7574	6585
AT1G78090	13	9	20	25	25	15
AT1G78100	366	391	461	320	339	298
AT1G78110	367	365	407	204	174	178
AT1G78120	39	39	49	73	70	58
AT1G78130	663	563	624	540	473	446
AT1G78140	779	717	678	1144	1213	1188
AT1G78150	3148	2728	2773	1672	1388	1311
AT1G78160	0	0	2	0	0	0
AT1G78170	46	30	91	157	109	117
AT1G78172	13	16	21	16	16	12
AT1G78180	217	215	228	386	304	299
AT1G78190	381	323	411	101	111	69
AT1G78200	1082	926	1294	818	719	669
AT1G78206	26	14	22	6	6	5
AT1G78210	841	828	962	655	565	538
AT1G78220	0	0	1	0	0	0
AT1G78230	983	853	696	929	817	792
AT1G78240	3406	3084	2381	2950	2548	2437
AT1G78250	0	0	0	1	0	0
AT1G78260	81	87	88	180	149	115
AT1G78265	529	491	513	1001	903	990
AT1G78270	584	539	608	1088	1030	1092
AT1G78280	4974	4540	2235	3178	2832	2576
AT1G78290	2431	2084	3757	509	460	279
AT1G78300	3111	2750	2688	3094	2717	2752
AT1G78310	412	387	430	321	264	212
AT1G78320	4	4	18	29	24	24
AT1G78340	4	2	5	1	0	3
AT1G78370	2733	2589	2623	6235	5708	5957
AT1G78380	10286	8894	10855	8760	7840	8215
AT1G78390	40	43	13	9	4	3
AT1G78410	1100	1027	1069	605	589	598
AT1G78420	2256	1987	1864	1049	873	925
AT1G78430	17	22	39	110	73	71
AT1G78440	0	0	8	34	35	15
AT1G78450	3	7	41	156	136	160
AT1G78460	2221	2100	3576	6211	5115	4614
AT1G78476	186	219	225	159	149	137
AT1G78480	48	76	68	56	71	76
AT1G78490	912	811	944	2284	1892	1544
AT1G78500	0	0	0	1	0	2
AT1G78510	1244	1207	1516	1120	834	610
AT1G78520	0	0	0	0	1	0
AT1G78530	5	6	17	32	35	35
AT1G78540	228	208	184	276	282	232
AT1G78550	270	243	291	315	228	248
AT1G78560	675	651	879	1261	1221	1252
AT1G78570	3808	3288	2339	3389	2992	2577
AT1G78580	564	504	461	1115	972	825
AT1G78590	449	404	445	434	402	330
AT1G78600	1766	1512	1839	1724	1468	1495
AT1G78610	683	622	362	798	621	647
AT1G78620	2041	1912	2068	1519	1566	1659
AT1G78630	3735	3266	5230	11261	9993	10954
AT1G78650	476	405	394	187	176	135
AT1G78660	908	891	1040	1603	1388	1255
AT1G78670	2624	2346	2080	2162	1855	1818
AT1G78680	3649	3299	3552	4008	3897	3832
AT1G78690	311	258	280	261	242	215
AT1G78700	1231	1180	1101	1007	920	854
AT1G78710	248	244	406	239	222	209
AT1G78720	0	0	2	1	1	3
AT1G78730	208	194	177	128	113	128
AT1G78750	34	24	20	41	26	29
AT1G78760	1	2	2	16	15	8
AT1G78770	187	148	132	146	100	99
AT1G78780	207	190	260	60	31	38
AT1G78790	217	191	257	262	293	263
AT1G78800	807	737	663	607	465	498
AT1G78810	245	210	183	222	170	181
AT1G78815	6	4	19	13	12	5
AT1G78820	349	373	590	2154	1932	1789
AT1G78830	11016	10770	8784	17803	16753	18877
AT1G78840	18	15	7	3	2	4
AT1G78850	9341	8775	7044	16904	13155	13962
AT1G78860	62	58	42	171	148	98
AT1G78865	32	26	43	82	66	31
AT1G78870	2229	2091	2214	2360	1965	1940
AT1G78880	1698	1569	1143	1434	1168	1184
AT1G78882	1698	1569	1143	1434	1168	1184
AT1G78890	1132	1067	1317	937	895	911
AT1G78895	377	347	431	397	320	322
AT1G78900	15390	13988	9114	14918	13535	14676
AT1G78910	222	185	204	161	135	126
AT1G78915	579	533	640	979	925	928
AT1G78920	4020	3615	2153	2916	2621	2757
AT1G78922	49	56	126	51	46	39
AT1G78930	158	159	125	101	76	78
AT1G78940	27	27	28	78	54	86
AT1G78950	6	3	5	25	19	21
AT1G78955	28	24	25	34	27	19
AT1G78960	594	548	471	282	253	239
AT1G78970	24	33	99	1040	836	1057
AT1G78980	0	0	0	3	2	1
AT1G78990	27	31	36	65	52	56
AT1G78995	293	247	630	625	533	626
AT1G79000	3571	3152	1747	3182	2615	2407
AT1G79010	2249	2029	2401	2871	2128	2091
AT1G79020	634	581	500	389	299	297
AT1G79030	315	312	296	467	363	334
AT1G79040	26088	25652	50421	94339	97183	90545
AT1G79050	1624	1490	1314	926	827	784
AT1G79060	26	38	27	78	66	59
AT1G79070	163	147	179	121	145	124
AT1G79075	370	406	664	128	199	207
AT1G79080	402	371	233	350	296	384
AT1G79090	2402	2156	1423	1391	1232	1240
AT1G79100	0	1	0	1	0	1
AT1G79110	286	284	274	140	126	124
AT1G79120	41	45	35	19	13	26
AT1G79130	2	0	5	0	0	0
AT1G79150	791	718	471	459	393	384
AT1G79160	192	184	278	156	145	158
AT1G79170	1	2	1	6	5	1
AT1G79180	13	5	8	7	4	3
AT1G79190	776	724	406	494	364	418
AT1G79200	339	237	387	216	212	167
AT1G79210	1206	1158	1247	1086	1069	981
AT1G79220	75	76	81	75	90	94
AT1G79230	2712	2401	2156	2417	2165	2194
AT1G79250	0	0	1	1	0	0
AT1G79260	248	213	229	244	214	192
AT1G79270	2323	2122	2167	1130	864	496
AT1G79280	4263	3862	1431	3138	2381	2380
AT1G79290	1	0	0	0	0	0
AT1G79310	15	8	10	49	29	22
AT1G79320	12	15	7	1	1	1
AT1G79330	8	13	12	14	9	18
AT1G79340	4791	4498	3119	5557	4386	4160
AT1G79350	1763	1642	906	1458	1352	1172
AT1G79360	43	40	47	38	40	15
AT1G79380	5566	5071	4943	5080	4164	3944
AT1G79390	544	486	523	435	352	286
AT1G79400	2	1	2	8	12	5
AT1G79410	130	146	136	117	98	132
AT1G79420	49	44	71	48	50	24
AT1G79430	487	484	558	329	301	300
AT1G79440	3427	3168	1765	3228	2521	4381
AT1G79450	332	315	170	143	119	136
AT1G79460	214	201	165	1025	853	868
AT1G79470	359	328	210	187	164	148
AT1G79480	4	4	3	9	15	8
AT1G79490	275	328	180	189	147	189
AT1G79500	1694	1429	1473	1709	1506	1796
AT1G79510	1280	1130	1136	953	843	946
AT1G79520	1835	1679	1806	414	391	164
AT1G79529	107	90	180	116	123	105
AT1G79530	556	583	658	592	640	412
AT1G79540	417	385	264	297	230	228
AT1G79550	8723	7849	6983	4414	4456	4326
AT1G79560	1488	1287	656	1851	1659	1738
AT1G79570	2417	2197	1206	1734	1398	1431
AT1G79580	0	0	0	0	1	0
AT1G79590	1081	963	959	876	791	811
AT1G79600	5495	4983	4257	5501	4581	4096
AT1G79610	2312	2104	1556	449	388	395
AT1G79620	234	188	132	229	235	198
AT1G79630	284	259	240	304	255	239
AT1G79640	724	650	303	333	271	305
AT1G79650	1056	997	866	835	661	700
AT1G79660	517	465	718	563	632	615
AT1G79670	1833	1640	1437	1316	1091	1133
AT1G79680	2019	1915	985	1844	1474	989
AT1G79690	3089	2626	1853	1999	1884	1654
AT1G79700	188	151	374	572	485	510
AT1G79710	525	417	283	541	461	483
AT1G79720	375	324	398	744	610	627
AT1G79730	1603	1473	1143	1081	1017	890
AT1G79740	583	578	402	760	622	624
AT1G79750	4449	4177	3123	5859	5118	4919
AT1G79760	5	4	5	24	20	8
AT1G79770	20	23	29	19	17	10
AT1G79780	19	18	29	34	32	37
AT1G79790	597	537	887	1657	1379	1453
AT1G79800	2	0	1	2	2	0
AT1G79810	938	958	901	526	534	521
AT1G79820	267	302	275	329	294	256
AT1G79830	3516	3065	2325	4547	3670	3668
AT1G79840	290	311	431	359	367	308
AT1G79850	2121	2344	3317	5725	5505	5466
AT1G79860	0	1	0	0	1	1
AT1G79870	1708	1786	1760	1196	1364	1308
AT1G79880	733	603	672	449	363	315
AT1G79890	48	46	29	40	30	20
AT1G79900	184	214	85	28	23	13
AT1G79910	75	55	63	61	55	38
AT1G79915	4	3	9	7	8	6
AT1G79920	6243	5725	2924	3515	3159	3198
AT1G79930	4584	4237	2426	3156	2824	3020
AT1G79940	2808	2526	1981	2413	1973	2131
AT1G79950	1346	1206	700	714	572	537
AT1G79960	192	208	151	55	56	73
AT1G79970	1162	1014	1340	1590	1273	1118
AT1G79980	0	0	0	0	0	3
AT1G79990	2928	2729	1910	3235	2902	3036
AT1G80000	1759	1507	1210	1356	1166	1275
AT1G80010	1168	1105	767	753	628	643
AT1G80030	1208	1138	986	1959	1669	1661
AT1G80040	2975	2565	2481	1974	1518	1518
AT1G80050	88	82	182	445	379	381
AT1G80060	58	62	69	89	76	81
AT1G80070	11155	10020	4443	7135	6105	5981
AT1G80080	40	30	79	125	127	79
AT1G80100	3	1	1	1	2	0
AT1G80110	330	332	441	201	166	132
AT1G80120	230	250	175	167	142	137
AT1G80130	657	609	451	1137	1011	686
AT1G80133	2	0	0	1	1	1
AT1G80150	244	248	131	152	128	140
AT1G80160	1294	1130	381	88	60	32
AT1G80170	213	223	232	306	263	224
AT1G80180	1860	1942	2590	2150	2044	1753
AT1G80190	421	338	575	344	301	210
AT1G80200	20	13	7	9	24	12
AT1G80210	575	572	542	687	479	576
AT1G80230	1243	1212	1280	932	857	862
AT1G80240	0	0	1	7	6	8
AT1G80245	207	187	151	122	106	96
AT1G80260	1179	1104	790	1162	982	973
AT1G80270	652	623	330	349	341	249
AT1G80280	166	167	196	377	333	360
AT1G80290	265	247	194	235	234	228
AT1G80300	4482	4162	3046	2884	2459	2115
AT1G80310	1144	1108	1095	1173	1150	962
AT1G80320	221	170	148	88	112	110
AT1G80325	283	227	210	113	149	138
AT1G80330	3	3	0	0	0	0
AT1G80340	9	6	4	3	1	2
AT1G80350	441	335	296	610	509	501
AT1G80360	1892	1763	1477	1370	1310	1198
AT1G80370	45	65	73	131	95	92
AT1G80380	2945	2709	2785	5920	5229	5771
AT1G80390	1	0	0	2	1	0
AT1G80400	793	741	742	796	667	675
AT1G80410	4534	3978	2273	3264	2947	2655
AT1G80420	987	908	1156	1373	1176	1013
AT1G80440	2958	2965	5454	3707	3765	3003
AT1G80450	792	851	878	319	330	253
AT1G80460	4009	3530	3537	2930	2546	2268
AT1G80470	2	0	0	0	0	0
AT1G80480	3494	3076	2369	2888	2443	3422
AT1G80490	1446	1268	1116	1659	1559	1434
AT1G80500	1041	970	1074	1008	900	863
AT1G80510	747	618	613	588	584	570
AT1G80520	31	20	30	25	25	26
AT1G80530	1160	1035	828	1074	883	868
AT1G80540	1	0	3	1	5	4
AT1G80550	475	388	424	412	350	325
AT1G80555	8	9	7	6	7	7
AT1G80560	900	773	916	1262	1072	1136
AT1G80570	183	186	198	131	140	121
AT1G80580	1	1	0	1	0	0
AT1G80590	3	0	0	1	1	0
AT1G80600	4021	3929	3214	3454	3000	3092
AT1G80610	2665	2534	2232	1150	967	1018
AT1G80620	1258	1081	791	745	579	629
AT1G80630	206	228	251	316	308	300
AT1G80640	297	258	316	663	604	638
AT1G80650	398	354	426	497	389	407
AT1G80660	20	33	12	4	3	3
AT1G80670	1247	1154	1081	706	625	529
AT1G80680	2179	1927	1301	1325	1370	1182
AT1G80690	36	22	56	135	114	114
AT1G80700	284	240	286	258	225	218
AT1G80710	165	170	116	73	67	55
AT1G80720	117	120	105	112	88	100
AT1G80730	2	0	2	1	2	0
AT1G80740	0	0	2	1	2	1
AT1G80745	6	4	20	9	5	6
AT1G80750	1248	1078	1120	724	628	614
AT1G80760	72	92	207	247	236	168
AT1G80770	925	862	908	1468	1203	1245
AT1G80780	1787	1723	2097	1666	1432	1326
AT1G80790	1621	1448	1097	1600	1271	1031
AT1G80810	378	318	206	392	320	303
AT1G80820	512	553	493	308	301	125
AT1G80830	1846	1702	1493	901	832	875
AT1G80840	19619	17454	15335	16209	13538	13069
AT1G80850	556	519	476	230	216	215
AT1G80860	464	419	461	586	498	458
AT1G80865	2	1	0	1	0	2
AT1G80870	167	153	134	300	229	230
AT1G80880	69	60	35	53	51	67
AT1G80890	446	399	452	196	188	221
AT1G80900	256	235	234	189	162	158
AT1G80910	1198	1014	1052	706	601	639
AT1G80920	3392	2934	9225	13221	10102	8415
AT1G80930	3019	2734	1839	2560	2058	2003
AT1G80940	1401	1296	1482	1067	879	834
AT1G80950	1620	1350	1275	1021	826	839
AT1G80960	383	308	318	297	250	237
AT1G80970	66	55	80	77	47	40
AT1G80980	322	251	287	377	323	333
AT1G80990	1	1	0	0	0	0
AT2G01008	161	195	260	87	111	80
AT2G01010	46176	45810	38356	35562	37832	26396
AT2G01020	1472	1879	1922	392	509	445
AT2G01021	388	610	303	98	172	141
AT2G01023	14	14	24	5	4	2
AT2G01060	1996	1880	2058	1222	1128	1094
AT2G01070	392	325	319	735	629	624
AT2G01080	161	175	212	173	205	184
AT2G01090	207	156	266	367	298	292
AT2G01100	1882	1626	1775	1206	887	888
AT2G01110	2551	2296	2745	3594	3668	3799
AT2G01120	416	372	423	183	184	150
AT2G01130	817	767	487	1045	809	823
AT2G01140	6414	6536	5288	3190	3221	2690
AT2G01150	100	93	103	191	204	146
AT2G01170	1040	1033	867	1199	1178	1268
AT2G01175	13	5	17	10	10	6
AT2G01180	5705	5471	3667	4690	4847	4924
AT2G01190	2105	2092	1090	1321	1171	1252
AT2G01200	19	8	10	5	6	6
AT2G01210	39	26	42	86	59	61
AT2G01220	1263	1152	1131	1170	990	1017
AT2G01250	2707	2453	3034	6049	5625	5248
AT2G01260	529	514	529	521	447	486
AT2G01270	1751	1623	1596	1583	1363	1403
AT2G01275	2	7	10	9	7	9
AT2G01280	364	298	627	216	228	237
AT2G01290	1108	1015	1287	770	635	685
AT2G01300	305	277	391	455	433	424
AT2G01310	3	1	1	3	0	3
AT2G01320	1782	1718	1613	2063	1846	1933
AT2G01330	276	216	231	218	173	177
AT2G01340	374	409	411	437	379	361
AT2G01350	2660	2373	1983	2310	1766	1827
AT2G01370	0	1	0	0	0	0
AT2G01390	114	99	41	77	61	60
AT2G01400	496	445	590	332	274	334
AT2G01410	986	1034	919	482	428	421
AT2G01420	958	817	1119	2485	2416	2571
AT2G01422	0	0	10	0	0	1
AT2G01430	6	5	5	12	5	4
AT2G01440	1761	1476	1049	1204	1061	1224
AT2G01450	8119	7192	6468	6092	5487	4967
AT2G01460	957	867	496	519	462	418
AT2G01470	2000	1783	1481	1322	1107	1093
AT2G01480	741	611	422	611	486	475
AT2G01490	3088	2718	3495	2331	2072	1839
AT2G01505	70	61	157	81	89	83
AT2G01510	98	105	44	56	51	41
AT2G01520	0	0	9	10	8	8
AT2G01530	21	24	9	11	8	6
AT2G01540	817	677	905	559	518	453
AT2G01570	3240	3144	3189	3154	2966	2738
AT2G01580	7	4	4	2	0	0
AT2G01590	262	232	616	1486	1350	1376
AT2G01600	3895	3461	2428	2192	1893	1743
AT2G01610	414	405	597	79	87	78
AT2G01620	1116	1028	1144	844	707	841
AT2G01630	1166	1055	1086	642	585	572
AT2G01640	257	260	313	159	123	99
AT2G01650	2004	1798	1707	847	729	699
AT2G01660	35	33	45	56	64	48
AT2G01670	7967	6827	8568	5158	4107	4220
AT2G01680	2288	1999	1565	1010	810	878
AT2G01690	2132	1910	1348	1731	1439	1421
AT2G01710	773	671	769	630	453	466
AT2G01720	2707	2396	1738	2051	1686	1715
AT2G01730	102	114	40	26	38	39
AT2G01735	401	335	378	352	365	282
AT2G01740	81	82	40	38	33	43
AT2G01750	193	171	125	204	166	163
AT2G01755	62	46	132	287	226	259
AT2G01760	116	103	191	275	246	278
AT2G01770	4	0	3	2	2	3
AT2G01810	1	0	0	2	1	1
AT2G01818	47	46	67	38	62	27
AT2G01820	2532	2371	1766	2881	2388	2564
AT2G01830	199	175	120	423	418	369
AT2G01850	3915	3712	3754	3458	3172	3706
AT2G01860	693	595	607	343	294	334
AT2G01870	219	230	396	387	389	459
AT2G01880	5	1	5	0	1	3
AT2G01890	276	203	142	113	104	57
AT2G01900	0	3	0	2	0	0
AT2G01905	3	3	3	7	10	2
AT2G01910	635	534	551	1660	1331	1534
AT2G01913	26	16	24	23	19	32
AT2G01918	31	27	69	157	138	144
AT2G01920	3	3	1	1	0	0
AT2G01930	678	573	818	611	573	552
AT2G01940	132	100	136	240	214	175
AT2G01950	135	124	123	381	293	264
AT2G01960	10	6	10	0	0	0
AT2G01970	3448	3091	2233	1929	1885	1930
AT2G01980	985	906	556	729	578	567
AT2G01990	84	88	135	142	141	133
AT2G02000	1	3	1	7	2	1
AT2G02010	414	354	183	178	160	118
AT2G02020	122	110	149	251	245	270
AT2G02023	0	2	0	0	0	0
AT2G02026	0	1	0	1	0	0
AT2G02030	2	1	0	0	0	0
AT2G02040	1854	1578	1386	1658	1622	1502
AT2G02050	1387	1216	1807	1445	1268	1282
AT2G02060	250	269	346	127	107	97
AT2G02061	24	19	24	8	15	8
AT2G02070	1941	1896	1387	2105	1765	2044
AT2G02080	1490	1404	1266	1601	1279	1314
AT2G02090	1862	1642	1403	1005	912	803
AT2G02100	1817	1835	2724	2216	2592	3520
AT2G02120	40	30	20	3	0	2
AT2G02130	429	427	667	917	1058	1032
AT2G02147	0	1	0	1	4	2
AT2G02148	216	210	175	216	164	175
AT2G02150	98	91	58	59	72	83
AT2G02160	3083	2746	2346	3967	3228	3029
AT2G02170	224	151	220	467	398	420
AT2G02180	1206	1020	1061	1297	1285	1187
AT2G02220	2449	2132	1318	1392	1195	1363
AT2G02230	898	815	1046	407	340	289
AT2G02240	546	418	502	29	17	13
AT2G02250	18	16	17	1	2	2
AT2G02300	28	30	30	0	0	0
AT2G02310	57	48	24	16	16	6
AT2G02320	7	6	7	3	1	0
AT2G02340	104	87	49	4	6	3
AT2G02350	239	215	172	98	78	72
AT2G02360	1150	980	962	922	850	858
AT2G02370	1251	1063	877	593	507	492
AT2G02380	5	6	4	11	7	2
AT2G02390	2922	2596	2191	1425	1141	962
AT2G02400	523	491	568	462	391	484
AT2G02410	268	198	335	494	357	415
AT2G02440	0	0	0	0	2	0
AT2G02450	722	648	550	1055	885	923
AT2G02470	583	477	624	623	577	415
AT2G02480	204	162	124	417	343	310
AT2G02498	0	1	0	0	0	1
AT2G02500	206	161	241	685	569	604
AT2G02510	791	679	1075	837	824	842
AT2G02520	0	2	0	1	0	0
AT2G02540	27	23	27	21	28	20
AT2G02560	2920	2516	1673	1686	1498	1449
AT2G02570	2535	2263	2538	2330	1775	2028
AT2G02580	7	2	4	0	1	2
AT2G02590	115	97	108	158	188	177
AT2G02610	2	1	4	2	0	0
AT2G02630	4	0	4	4	0	0
AT2G02640	2	4	2	3	1	0
AT2G02680	1	2	4	1	3	6
AT2G02700	3	2	1	0	2	0
AT2G02710	3730	3342	2881	2393	2018	1906
AT2G02720	10	9	6	1	3	5
AT2G02730	454	470	436	321	240	282
AT2G02740	315	268	287	370	360	372
AT2G02741	1	0	0	0	0	0
AT2G02750	187	165	98	69	54	51
AT2G02760	3901	3626	4128	3781	3352	3656
AT2G02770	321	285	373	315	275	259
AT2G02780	75	73	74	403	336	381
AT2G02790	341	329	296	480	401	359
AT2G02800	1608	1399	1046	1503	1208	1348
AT2G02810	645	617	507	443	338	342
AT2G02820	235	182	157	263	230	217
AT2G02840	1	0	0	1	1	0
AT2G02850	91	92	152	172	170	109
AT2G02860	1542	1376	807	1204	1079	1061
AT2G02870	2296	2054	1587	1018	815	781
AT2G02880	199	173	175	135	119	143
AT2G02890	0	0	0	0	2	0
AT2G02910	304	286	247	239	230	209
AT2G02930	360	319	345	758	541	433
AT2G02950	291	257	407	525	442	472
AT2G02955	293	278	155	98	106	80
AT2G02960	1184	1052	1219	890	786	714
AT2G02970	1130	985	730	1094	925	933
AT2G02980	116	108	104	130	115	126
AT2G02990	258	226	376	69	59	75
AT2G03010	72	65	79	55	46	35
AT2G03020	3	7	3	3	4	9
AT2G03040	1	1	3	0	0	1
AT2G03050	111	83	106	110	117	116
AT2G03060	217	183	203	299	219	199
AT2G03070	579	543	441	536	434	394
AT2G03090	101	102	171	297	217	166
AT2G03110	26	12	14	10	7	10
AT2G03120	3017	2627	2486	1853	1523	1439
AT2G03130	2	0	0	2	4	0
AT2G03140	1452	1312	669	1378	1212	1164
AT2G03150	2526	2253	1182	1688	1351	1346
AT2G03200	30	38	43	17	14	12
AT2G03210	2	2	7	3	4	0
AT2G03220	697	664	640	439	407	386
AT2G03230	1	2	1	4	0	0
AT2G03240	1592	1545	883	2256	1857	1398
AT2G03250	0	0	1	0	0	0
AT2G03260	89	71	51	31	31	19
AT2G03270	659	531	525	342	257	261
AT2G03280	93	104	117	174	157	145
AT2G03290	1	2	4	2	0	0
AT2G03310	926	807	1306	884	695	870
AT2G03320	2	1	1	0	0	0
AT2G03330	263	246	316	295	256	246
AT2G03340	1362	1201	1297	1180	969	970
AT2G03350	327	298	387	700	583	762
AT2G03360	29	18	11	5	6	1
AT2G03370	0	1	0	0	0	0
AT2G03380	155	99	52	85	60	60
AT2G03390	1542	1410	1884	2201	1835	1825
AT2G03410	290	286	517	954	734	974
AT2G03420	244	236	425	887	684	905
AT2G03430	374	326	394	260	208	197
AT2G03440	2896	2855	3974	3254	2830	2509
AT2G03445	1	1	0	4	0	1
AT2G03450	266	217	212	245	199	180
AT2G03460	3	9	4	3	3	4
AT2G03470	2454	2044	2268	1180	1017	916
AT2G03480	314	257	138	429	356	482
AT2G03500	99	127	96	85	63	71
AT2G03505	69	60	102	50	43	25
AT2G03510	2633	2313	2008	1165	1119	1077
AT2G03520	2	0	1	0	0	0
AT2G03530	976	913	1081	1751	1489	1198
AT2G03550	588	597	1028	1664	1069	1328
AT2G03560	0	0	1	1	2	2
AT2G03565	0	0	1	0	0	0
AT2G03570	0	0	2	0	0	0
AT2G03580	4	6	6	1	2	1
AT2G03590	57	58	85	145	136	72
AT2G03600	1	2	1	7	5	2
AT2G03610	0	0	0	1	1	0
AT2G03620	674	616	585	363	328	375
AT2G03630	1	0	0	0	0	0
AT2G03640	1680	1573	1455	1634	1221	1204
AT2G03667	335	295	296	228	207	201
AT2G03670	380	285	221	152	135	108
AT2G03680	1945	1839	2280	3068	3032	2901
AT2G03690	642	619	753	460	412	416
AT2G03710	128	109	192	298	272	251
AT2G03730	1383	1297	1510	1688	1473	1197
AT2G03740	0	0	1	0	0	0
AT2G03750	395	351	719	1446	1148	1085
AT2G03760	1898	1718	1748	1357	939	901
AT2G03770	15	20	18	2	3	3
AT2G03780	287	282	322	480	376	309
AT2G03800	884	813	721	508	375	410
AT2G03810	285	266	351	287	222	204
AT2G03820	3985	3487	2925	2306	1997	2024
AT2G03821	0	0	0	3	0	0
AT2G03830	2	2	9	2	4	7
AT2G03850	106	101	53	1	3	3
AT2G03870	985	928	1289	600	653	557
AT2G03880	76	56	26	28	41	27
AT2G03890	3158	2840	2443	2765	2205	2460
AT2G03980	867	861	1861	1304	1192	1053
AT2G04025	1	0	0	0	0	0
AT2G04030	9477	8479	4807	4771	3984	4240
AT2G04032	22	20	109	140	158	121
AT2G04038	3	3	5	0	1	1
AT2G04039	539	428	1131	1858	1562	1180
AT2G04040	219	237	180	66	39	44
AT2G04046	1	0	0	0	0	0
AT2G04050	1163	1184	1015	15	7	5
AT2G04060	2	0	2	0	1	0
AT2G04066	289	260	319	344	263	248
AT2G04070	3482	3099	1820	40	41	34
AT2G04080	1801	1672	1720	1784	1637	1432
AT2G04090	3	9	1	11	12	3
AT2G04100	315	276	242	157	139	79
AT2G04115	2	2	1	0	1	0
AT2G04160	674	604	586	525	493	551
AT2G04170	52	33	39	63	60	63
AT2G04190	18	15	7	0	0	1
AT2G04230	566	484	548	458	463	442
AT2G04235	140	133	101	109	97	83
AT2G04240	327	326	441	528	526	528
AT2G04270	922	776	842	1461	1221	1368
AT2G04280	947	819	728	1974	1645	1630
AT2G04305	1088	946	743	885	860	802
AT2G04340	489	424	482	464	333	377
AT2G04350	3106	2711	2218	2101	1646	1532
AT2G04360	835	757	877	1094	853	950
AT2G04378	1567	1416	1356	1811	1456	1594
AT2G04380	1177	1088	804	1385	1077	1185
AT2G04390	2138	1957	2246	1787	1684	1586
AT2G04395	0	3	2	2	1	1
AT2G04400	3344	2927	2707	2808	2467	1867
AT2G04410	1741	1525	2372	2026	1916	1982
AT2G04420	7	5	13	5	3	3
AT2G04430	224	214	172	108	102	91
AT2G04440	3	1	1	1	0	0
AT2G04450	472	395	279	348	295	187
AT2G04495	4030	3380	3080	1348	1169	962
AT2G04500	58	50	16	8	9	5
AT2G04515	86	77	73	69	48	52
AT2G04520	2444	2150	2363	2401	1919	1861
AT2G04530	361	297	219	367	335	336
AT2G04540	384	348	329	495	379	378
AT2G04550	1025	825	1099	638	633	577
AT2G04560	83	81	128	94	90	85
AT2G04570	54	63	106	269	254	211
AT2G04620	693	661	381	376	323	369
AT2G04630	1109	916	1218	737	659	711
AT2G04650	110	108	132	144	138	169
AT2G04660	442	373	278	353	272	267
AT2G04680	0	0	0	1	0	0
AT2G04690	1190	1119	1876	1618	1571	1289
AT2G04700	2511	2123	3287	4452	4299	5043
AT2G04740	941	857	703	373	361	393
AT2G04780	314	302	455	1477	1376	1152
AT2G04790	102	91	294	188	173	206
AT2G04795	171	141	295	73	39	61
AT2G04800	4	6	8	8	7	7
AT2G04840	19	17	37	12	9	7
AT2G04842	2370	2145	2116	3465	2736	2839
AT2G04845	145	155	197	166	143	135
AT2G04850	200	209	254	267	221	261
AT2G04852	89	107	107	135	103	118
AT2G04860	152	121	31	91	51	97
AT2G04865	872	704	758	923	735	696
AT2G04880	1634	1499	1095	1066	822	950
AT2G04890	708	695	743	426	366	428
AT2G04900	935	831	1003	871	835	928
AT2G04910	0	0	1	0	0	0
AT2G04940	615	538	556	681	569	558
AT2G05050	0	2	1	0	0	1
AT2G05060	0	1	0	0	1	0
AT2G05070	7732	7574	32317	81038	83402	59904
AT2G05100	12823	12363	44953	104243	109493	72132
AT2G05120	651	583	297	360	271	320
AT2G05140	2	2	2	1	0	0
AT2G05160	38	38	62	262	225	237
AT2G05170	1456	1325	1057	1646	1406	1523
AT2G05180	5	3	4	0	4	2
AT2G05185	52	67	95	69	63	59
AT2G05210	257	198	246	521	511	481
AT2G05220	3003	2695	2819	2627	2768	2447
AT2G05230	1004	808	653	623	508	491
AT2G05250	951	807	637	574	499	505
AT2G05260	352	329	292	386	337	300
AT2G05270	3	3	6	0	0	0
AT2G05310	714	640	1775	3001	2824	2846
AT2G05320	896	723	597	482	405	448
AT2G05330	13	12	32	4	1	1
AT2G05350	0	0	0	1	2	1
AT2G05370	1	1	0	7	5	0
AT2G05380	10678	10159	11721	4349	4180	5031
AT2G05440	1824	1782	1455	533	605	410
AT2G05510	20	14	4	1	2	1
AT2G05518	173	130	222	175	140	171
AT2G05520	47633	41987	54344	55153	57609	63044
AT2G05540	1527	1313	1590	1704	1442	1257
AT2G05580	0	0	0	2	1	2
AT2G05590	382	345	458	434	421	348
AT2G05620	884	813	2141	3373	3228	2616
AT2G05630	1307	1121	1567	593	491	580
AT2G05632	15	18	28	49	39	42
AT2G05710	21489	19266	10945	11432	9594	9030
AT2G05720	1	0	0	0	0	0
AT2G05752	0	2	1	0	0	0
AT2G05753	12	10	8	8	6	9
AT2G05755	311	311	231	272	275	284
AT2G05760	146	131	101	167	112	104
AT2G05765	51	39	91	18	33	22
AT2G05790	975	834	1034	2608	2179	2039
AT2G05810	586	554	364	1458	1192	1205
AT2G05812	517	473	307	1213	1000	1011
AT2G05830	1538	1321	1426	1490	1406	1522
AT2G05840	3886	3391	3469	2426	2163	2193
AT2G05850	0	0	0	0	0	1
AT2G05910	110	82	89	3	4	9
AT2G05914	41	51	20	35	16	5
AT2G05915	9	9	4	12	5	1
AT2G05920	3837	3425	2536	3724	2977	2974
AT2G05940	10428	9463	7436	4604	3735	3610
AT2G05990	979	867	875	2417	2216	2166
AT2G05995	7	6	1	17	45	27
AT2G06000	460	385	336	280	249	238
AT2G06002	39	17	38	55	51	36
AT2G06005	227	190	165	132	132	112
AT2G06010	538	432	620	452	451	397
AT2G06025	1160	1077	1522	1982	1760	1607
AT2G06040	599	539	487	209	212	146
AT2G06050	10825	10030	6808	15152	13661	11034
AT2G06200	4	1	6	4	4	4
AT2G06210	1427	1242	823	1403	1157	1040
AT2G06255	57	61	86	118	116	79
AT2G06510	830	698	548	282	210	225
AT2G06520	11433	10577	26101	48746	55300	53139
AT2G06530	6087	5303	4995	5113	3890	3942
AT2G06555	2	1	3	0	0	0
AT2G06845	0	0	0	0	1	0
AT2G06850	906	952	2140	7533	6165	8460
AT2G06925	278	267	415	755	742	1048
AT2G06990	1535	1324	1030	1048	921	854
AT2G07000	0	0	2	0	2	1
AT2G07042	171	130	181	139	156	149
AT2G07050	2054	1758	1511	3426	2933	2762
AT2G07140	27	15	20	3	2	2
AT2G07170	68	65	57	151	123	84
AT2G07180	2347	2073	2233	2470	2068	2065
AT2G07213	227	206	91	24	16	18
AT2G07215	153	154	63	15	12	8
AT2G07240	1	0	0	0	0	0
AT2G07340	568	514	767	542	413	407
AT2G07360	2877	2636	1391	2759	2356	2398
AT2G07599	29	31	17	24	16	17
AT2G07640	0	0	2	0	0	1
AT2G07667	34	31	47	32	32	29
AT2G07669	4	4	1	4	5	3
AT2G07671	75	43	68	78	81	62
AT2G07672	2	4	0	1	1	3
AT2G07673	2	0	0	1	2	0
AT2G07674	19	22	24	17	11	17
AT2G07675	40	36	131	17	25	29
AT2G07676	7	5	5	7	3	3
AT2G07678	8	13	12	1	1	3
AT2G07680	213	188	146	273	296	277
AT2G07681	21	19	29	13	11	7
AT2G07684	7	8	2	4	3	5
AT2G07687	24	15	16	11	8	8
AT2G07689	16	17	17	10	15	15
AT2G07690	1163	1055	836	405	356	337
AT2G07691	0	1	7	0	0	0
AT2G07692	10	5	2	5	0	2
AT2G07695	16	14	18	14	7	8
AT2G07696	8	6	11	11	3	0
AT2G07698	223	226	215	176	122	126
AT2G07701	1	2	1	0	1	2
AT2G07702	1	2	1	2	0	2
AT2G07705	0	0	2	3	4	2
AT2G07706	40	14	30	21	26	24
AT2G07707	20	16	16	19	22	26
AT2G07708	16	24	40	25	25	28
AT2G07713	2	2	1	0	0	1
AT2G07714	1	0	1	1	1	0
AT2G07715	86	78	76	128	80	76
AT2G07718	100	85	167	145	105	74
AT2G07719	17	10	12	10	13	4
AT2G07721	2	3	1	1	0	0
AT2G07722	12	11	9	1	7	1
AT2G07724	0	4	0	1	1	2
AT2G07725	25	19	22	18	23	19
AT2G07727	29	29	23	24	25	16
AT2G07728	9	14	10	10	6	5
AT2G07732	6	7	3	6	3	2
AT2G07734	25	21	21	12	18	13
AT2G07738	1	1	2	0	2	0
AT2G07739	40	37	44	23	21	15
AT2G07741	23	24	18	11	14	12
AT2G07742	0	0	0	0	1	0
AT2G07745	0	2	0	1	0	0
AT2G07746	0	1	2	0	1	0
AT2G07748	1	1	0	0	0	0
AT2G07749	14	10	4	10	7	7
AT2G07750	0	0	2	1	1	0
AT2G07751	50	26	81	21	23	28
AT2G07753	0	0	1	1	0	0
AT2G07758	1	0	0	1	0	0
AT2G07759	2	2	2	8	1	1
AT2G07761	0	1	1	0	0	0
AT2G07762	1	2	0	1	0	1
AT2G07763	2	2	1	1	0	0
AT2G07764	0	0	0	0	1	0
AT2G07765	1	2	3	4	1	2
AT2G07766	0	0	1	0	0	0
AT2G07768	2	7	6	2	3	2
AT2G07771	0	4	8	3	1	2
AT2G07772	5	0	1	3	4	2
AT2G07773	6	1	18	3	3	3
AT2G07774	42	37	57	34	42	54
AT2G07775	4	8	5	2	3	5
AT2G07776	27	21	23	26	12	12
AT2G07777	31	27	36	31	29	33
AT2G07779	11	10	7	8	6	3
AT2G07785	9	15	5	3	4	12
AT2G07787	22	19	18	21	14	13
AT2G07792	2	1	2	2	0	6
AT2G07793	0	1	1	0	1	0
AT2G07795	4	5	1	6	2	1
AT2G07798	36	24	18	23	18	22
AT2G07806	15	9	16	16	10	2
AT2G07815	45	46	41	36	30	22
AT2G07820	1	1	1	1	1	0
AT2G07825	4	3	1	2	3	1
AT2G07827	20	15	14	11	7	5
AT2G07835	8	9	8	5	7	5
AT2G07981	0	0	1	0	0	1
AT2G08986	1	0	0	0	0	0
AT2G09795	277	277	432	300	284	283
AT2G09970	3	2	5	0	0	1
AT2G09990	1881	1657	2205	1401	1370	1228
AT2G10440	1	0	0	0	0	0
AT2G10550	0	1	0	0	0	0
AT2G10560	0	1	0	0	0	0
AT2G10606	3	4	6	2	2	8
AT2G10608	0	1	0	1	0	0
AT2G10920	0	2	2	1	0	0
AT2G10921	0	1	0	1	0	1
AT2G10930	5	0	4	12	5	9
AT2G10931	31	57	64	51	50	49
AT2G10940	1712	1696	5106	28520	25341	31572
AT2G10950	827	662	813	560	431	483
AT2G10975	2	0	3	5	1	0
AT2G11000	1412	1249	897	577	537	611
AT2G11270	3	0	0	5	4	5
AT2G11271	6	5	1	2	6	1
AT2G11520	2334	2050	1655	1395	1272	1257
AT2G11522	0	0	0	1	1	0
AT2G11620	0	0	1	0	0	0
AT2G11778	0	0	2	0	0	0
AT2G11810	129	84	122	84	60	127
AT2G11890	1631	1488	1306	1103	971	908
AT2G11891	22	12	19	18	10	9
AT2G11910	1898	1635	1932	1781	1700	1387
AT2G12170	24	17	37	48	49	23
AT2G12190	164	125	97	135	110	117
AT2G12280	3	6	2	2	2	3
AT2G12400	1142	1004	663	2165	1787	1672
AT2G12461	25	23	38	77	62	32
AT2G12462	29	27	84	125	117	63
AT2G12465	0	0	0	7	1	1
AT2G12480	0	1	0	3	2	2
AT2G12550	1150	988	733	279	261	277
AT2G12646	0	3	1	0	1	0
AT2G12935	1	0	0	0	0	0
AT2G13100	1216	992	861	1169	1094	1026
AT2G13290	813	766	758	488	418	398
AT2G13360	20629	18836	27414	35037	31668	27596
AT2G13370	2415	2167	992	2147	1792	1696
AT2G13422	3	6	1	6	5	2
AT2G13430	24	29	29	27	23	25
AT2G13440	871	764	615	1242	928	955
AT2G13450	0	0	3	0	2	1
AT2G13463	1	1	0	2	1	2
AT2G13540	2170	1900	1446	1289	1124	1064
AT2G13547	0	0	1	1	2	1
AT2G13550	30	26	40	24	26	28
AT2G13560	5533	4863	3382	5884	4603	4570
AT2G13570	3	0	3	7	8	2
AT2G13600	160	133	72	91	74	85
AT2G13610	194	161	217	391	326	301
AT2G13640	1	5	4	0	0	0
AT2G13650	867	819	830	586	521	482
AT2G13660	198	177	303	248	226	273
AT2G13665	197	170	301	244	223	273
AT2G13680	9	5	1	15	19	15
AT2G13690	159	140	124	264	188	263
AT2G13760	7	11	2	3	2	2
AT2G13770	2	2	7	1	1	2
AT2G13790	8355	7504	3938	6033	5111	4913
AT2G13800	2331	2026	1304	1927	1678	1522
AT2G13810	76	60	63	52	41	19
AT2G13820	49	46	49	162	147	134
AT2G13840	271	264	228	210	200	176
AT2G13960	22	31	48	49	23	21
AT2G14045	893	711	1282	1039	979	737
AT2G14050	178	147	108	124	96	70
AT2G14060	2	2	3	0	1	2
AT2G14070	60	65	58	14	16	18
AT2G14080	4915	4266	2893	3266	2789	2759
AT2G14095	39	47	18	3	4	1
AT2G14100	23	29	7	1	3	2
AT2G14110	268	252	289	169	145	125
AT2G14115	29	35	44	55	47	66
AT2G14120	3049	2749	1738	1734	1517	1399
AT2G14160	3	2	1	2	2	3
AT2G14170	1953	1788	1725	1917	1611	1716
AT2G14210	1	1	0	3	0	1
AT2G14247	26	27	44	42	34	43
AT2G14255	1191	972	743	1123	886	938
AT2G14260	1762	1484	1858	1824	1567	1359
AT2G14270	7	3	4	2	4	4
AT2G14285	273	249	323	319	265	336
AT2G14288	0	0	1	0	0	0
AT2G14290	228	176	153	320	262	147
AT2G14440	3	4	2	0	0	0
AT2G14460	311	318	348	188	131	141
AT2G14520	74	43	66	213	183	201
AT2G14530	356	320	269	436	392	431
AT2G14560	25629	23020	24704	6692	5197	8748
AT2G14580	10	5	26	21	21	6
AT2G14610	59384	56569	46053	6053	5194	3814
AT2G14620	1049	925	509	32	14	27
AT2G14635	1	1	2	0	0	0
AT2G14660	55	49	47	93	78	67
AT2G14680	1081	914	807	781	620	660
AT2G14690	3	3	5	5	2	8
AT2G14720	4636	4140	3275	3881	3051	2832
AT2G14740	1480	1403	1102	1498	1211	1069
AT2G14750	1977	1766	2241	3426	2726	2313
AT2G14800	64	67	35	85	41	63
AT2G14820	0	0	1	0	1	3
AT2G14830	228	217	279	159	120	104
AT2G14835	1283	1102	984	1123	942	944
AT2G14850	490	421	433	255	198	203
AT2G14860	38	35	59	85	105	78
AT2G14878	2691	2422	2761	1796	1854	1463
AT2G14880	977	911	1001	970	918	959
AT2G14890	1130	1022	1412	4223	3609	2931
AT2G14900	68	54	132	302	244	206
AT2G14910	4066	3613	5040	7420	6879	6884
AT2G14960	16	13	6	37	24	13
AT2G15000	442	428	372	250	236	209
AT2G15020	34	42	139	247	238	47
AT2G15029	9	6	3	6	6	8
AT2G15042	2322	2105	1494	2588	2080	1848
AT2G15050	823	798	1285	1265	1241	1215
AT2G15080	2589	2430	1852	3650	2853	2469
AT2G15090	3114	2612	2175	3688	3066	4005
AT2G15110	0	0	0	1	0	0
AT2G15128	121	103	113	137	139	95
AT2G15130	12	9	21	10	14	8
AT2G15170	0	1	0	2	2	2
AT2G15220	269	280	300	163	129	81
AT2G15230	757	640	762	639	583	487
AT2G15240	866	751	748	807	624	706
AT2G15270	319	318	498	325	205	247
AT2G15280	166	147	233	333	270	258
AT2G15290	1554	1498	1354	1912	1843	2002
AT2G15292	502	508	526	619	598	616
AT2G15300	157	124	92	109	96	100
AT2G15310	107	126	132	70	51	50
AT2G15318	0	1	0	2	1	1
AT2G15320	477	462	483	698	589	450
AT2G15340	7	6	8	0	0	0
AT2G15345	0	0	0	2	0	0
AT2G15390	5487	4997	3423	5160	3981	3932
AT2G15400	78	68	71	49	51	45
AT2G15430	804	698	676	417	358	385
AT2G15440	16	7	21	51	41	54
AT2G15480	1270	1213	795	723	568	519
AT2G15490	273	265	169	26	19	21
AT2G15530	1003	992	652	971	843	801
AT2G15555	0	0	0	0	0	1
AT2G15560	720	625	518	680	537	534
AT2G15570	617	528	672	791	651	675
AT2G15580	1852	1702	2821	2063	1730	1653
AT2G15610	4	3	2	0	0	0
AT2G15620	2990	2731	2231	6035	5177	4776
AT2G15630	191	145	79	56	40	61
AT2G15640	0	0	0	0	1	0
AT2G15680	55	60	97	103	64	93
AT2G15690	1102	987	693	582	451	498
AT2G15695	1056	1005	1038	998	797	834
AT2G15710	0	0	0	0	1	0
AT2G15730	240	194	172	151	129	101
AT2G15760	119	86	117	153	143	79
AT2G15780	16	14	1	2	2	0
AT2G15790	321	295	298	280	301	224
AT2G15820	693	623	504	774	644	678
AT2G15830	184	147	241	253	240	200
AT2G15860	1704	1530	1198	917	753	718
AT2G15880	2753	2692	1751	2051	1675	1858
AT2G15890	8660	7804	10975	10985	9180	16525
AT2G15900	1588	1477	851	1404	1130	1326
AT2G15910	780	599	1045	790	663	676
AT2G15950	0	0	1	0	0	0
AT2G15960	3415	2873	6227	5279	5007	5774
AT2G15970	7535	6778	8742	9754	9789	11965
AT2G15980	158	121	112	121	110	100
AT2G16005	0	0	0	0	1	0
AT2G16015	3	0	0	0	0	0
AT2G16018	0	2	0	0	0	0
AT2G16050	209	180	265	104	89	77
AT2G16060	155	123	154	118	122	77
AT2G16070	1322	1192	1555	849	658	465
AT2G16090	493	443	364	367	299	319
AT2G16190	1	0	0	0	0	0
AT2G16210	0	0	0	5	1	0
AT2G16230	0	0	0	0	1	0
AT2G16245	136	111	125	186	142	188
AT2G16250	376	312	177	457	432	467
AT2G16270	48	28	35	100	113	108
AT2G16280	1108	970	1385	2794	2337	3083
AT2G16360	0	1	0	0	0	1
AT2G16365	3006	2730	2733	1617	1329	2176
AT2G16370	707	606	593	750	675	744
AT2G16380	695	654	701	1389	1114	1249
AT2G16385	0	2	2	0	1	0
AT2G16390	215	174	194	280	265	239
AT2G16400	1360	1161	979	1015	949	1031
AT2G16405	810	716	611	588	512	503
AT2G16430	2302	2101	2094	1329	1089	963
AT2G16440	592	578	374	376	302	300
AT2G16450	5	5	2	1	0	0
AT2G16460	463	393	349	359	278	332
AT2G16485	2418	2209	1003	1569	1364	1419
AT2G16500	3279	3182	2666	6563	6112	4559
AT2G16510	2528	2201	2105	2055	1978	2140
AT2G16530	266	222	231	138	160	167
AT2G16570	30	15	12	20	10	6
AT2G16575	0	0	0	0	0	2
AT2G16580	8	7	13	15	17	10
AT2G16586	97	106	93	89	73	46
AT2G16595	224	229	252	159	113	100
AT2G16600	26739	23637	28031	17965	15301	15971
AT2G16630	116	102	95	227	151	158
AT2G16640	1476	1325	828	1463	1158	1318
AT2G16650	436	431	361	541	442	441
AT2G16660	4557	4217	3258	7574	7232	11868
AT2G16668	0	0	0	0	1	0
AT2G16676	1	0	0	0	0	0
AT2G16700	1919	1807	1400	757	636	833
AT2G16710	1172	961	1228	766	692	735
AT2G16720	153	112	219	112	75	53
AT2G16740	552	481	581	660	436	430
AT2G16750	69	65	66	346	335	302
AT2G16760	8	5	3	0	1	4
AT2G16770	215	165	178	125	143	111
AT2G16780	1351	1198	1096	486	428	399
AT2G16790	311	282	338	104	100	103
AT2G16800	715	725	664	793	691	686
AT2G16850	74	80	122	190	173	151
AT2G16860	1530	1355	1483	1328	942	861
AT2G16870	444	405	200	267	215	234
AT2G16880	430	337	258	275	247	250
AT2G16890	79	66	54	110	81	47
AT2G16900	692	584	524	610	522	447
AT2G16910	8	10	13	12	8	6
AT2G16920	1134	1000	548	862	741	678
AT2G16930	658	612	761	917	766	771
AT2G16940	2561	2209	1925	2447	2221	2078
AT2G16950	3369	2911	1837	2200	2093	2202
AT2G16960	0	0	0	0	2	1
AT2G16980	0	0	3	7	1	1
AT2G16990	59	66	155	186	166	166
AT2G17010	12	13	9	5	3	3
AT2G17020	619	604	564	611	553	579
AT2G17030	279	263	257	241	200	195
AT2G17033	870	749	648	1008	891	983
AT2G17036	79	64	122	44	54	44
AT2G17040	13766	12455	11266	13142	11421	10343
AT2G17043	3	0	0	0	0	1
AT2G17050	14	14	6	12	10	6
AT2G17055	0	1	0	0	1	0
AT2G17060	10	10	2	8	4	6
AT2G17070	0	0	0	0	1	1
AT2G17080	0	0	0	0	1	0
AT2G17110	816	755	509	716	586	493
AT2G17120	2282	2038	1695	1357	1348	1250
AT2G17130	1868	1617	1496	776	748	790
AT2G17140	145	128	35	79	65	78
AT2G17150	429	368	260	345	319	321
AT2G17190	2797	2590	1723	2042	1883	1658
AT2G17200	5670	5162	4059	2934	2545	2423
AT2G17210	53	38	11	44	36	38
AT2G17220	4734	4227	3068	2311	1943	1686
AT2G17230	1962	1814	1350	2014	1689	1969
AT2G17240	933	934	1175	1187	984	1234
AT2G17250	958	904	575	571	378	389
AT2G17260	116	132	104	124	103	104
AT2G17265	817	695	820	843	784	825
AT2G17270	148	138	138	103	90	95
AT2G17280	43	39	32	76	69	69
AT2G17290	3216	2709	1881	2014	1697	1530
AT2G17300	44	49	54	113	107	114
AT2G17320	390	384	416	581	456	521
AT2G17340	1011	911	1118	1470	1181	1297
AT2G17350	459	406	556	418	314	298
AT2G17360	6052	5457	5171	5221	4530	3773
AT2G17370	176	144	152	214	229	188
AT2G17380	916	855	1257	907	777	716
AT2G17390	3519	3041	3137	3711	2740	2688
AT2G17410	2252	1949	1155	1438	1192	1155
AT2G17420	2745	2631	2116	2030	1888	1622
AT2G17430	11	17	38	38	42	38
AT2G17440	1065	982	711	627	483	543
AT2G17442	53	65	55	124	73	78
AT2G17450	791	804	1102	974	1084	1105
AT2G17470	11	8	10	16	19	14
AT2G17480	2003	1804	1137	1931	1745	1665
AT2G17500	841	764	491	268	215	119
AT2G17510	1501	1396	815	1260	1001	987
AT2G17520	3101	2734	1596	2018	1785	1723
AT2G17525	171	139	39	211	140	146
AT2G17530	847	666	476	710	574	570
AT2G17540	610	560	545	716	598	487
AT2G17550	954	770	500	1148	997	1279
AT2G17560	993	985	1143	977	868	860
AT2G17570	305	301	296	229	190	208
AT2G17580	481	411	303	331	297	314
AT2G17620	7	6	5	18	17	30
AT2G17630	93	78	59	170	148	135
AT2G17640	374	271	482	357	302	299
AT2G17650	145	138	106	280	244	207
AT2G17660	222	176	221	386	256	308
AT2G17670	551	525	364	172	147	157
AT2G17680	0	0	0	0	1	0
AT2G17690	36	23	47	23	11	10
AT2G17695	769	656	1173	1335	1107	1222
AT2G17700	948	827	723	738	611	549
AT2G17705	2021	1880	2143	1025	1032	1043
AT2G17710	597	582	1089	564	491	447
AT2G17720	2555	2295	2074	1483	1332	1134
AT2G17730	763	641	616	366	329	325
AT2G17740	161	118	171	53	37	41
AT2G17760	2392	2200	1316	1004	894	860
AT2G17770	11	7	15	11	14	5
AT2G17780	154	130	203	565	458	473
AT2G17785	0	0	2	0	0	0
AT2G17787	362	301	324	348	254	249
AT2G17790	2028	1846	1014	1265	1080	1112
AT2G17800	537	412	514	622	557	600
AT2G17810	3	0	0	0	0	2
AT2G17820	1875	1738	1310	2137	1684	1538
AT2G17830	94	71	85	76	65	68
AT2G17840	22831	20642	12348	22197	18513	22240
AT2G17845	1	0	0	0	1	0
AT2G17850	1	2	2	2	4	2
AT2G17860	3	1	2	0	0	0
AT2G17870	1283	1359	1177	793	789	642
AT2G17880	141	162	308	633	608	592
AT2G17890	0	0	1	1	1	1
AT2G17900	84	58	88	131	107	76
AT2G17920	3	0	2	0	0	0
AT2G17930	3685	3346	1662	3569	3152	2843
AT2G17940	1	0	0	0	0	1
AT2G17950	0	0	1	0	0	0
AT2G17970	246	269	238	254	253	257
AT2G17972	350	290	502	548	447	486
AT2G17975	248	239	243	269	220	193
AT2G17980	1869	1576	1270	1393	1187	1264
AT2G17990	1171	1124	1251	1139	914	1013
AT2G18000	327	237	270	29	27	30
AT2G18010	6	1	6	3	7	7
AT2G18020	8078	7932	6985	8061	8049	7119
AT2G18030	404	357	358	350	395	381
AT2G18040	2143	1837	2355	1873	1759	1645
AT2G18050	3350	2923	6096	625	580	544
AT2G18060	10	5	9	13	2	4
AT2G18090	3994	3543	2152	2823	2399	2413
AT2G18100	37	47	39	57	46	50
AT2G18110	2419	2025	2064	1758	1606	1502
AT2G18120	5	1	4	12	11	5
AT2G18140	1	0	0	0	0	0
AT2G18150	18	16	41	30	13	25
AT2G18160	1219	1042	2263	1347	1169	976
AT2G18162	1219	1042	2263	1347	1169	976
AT2G18170	1993	1749	1740	920	821	900
AT2G18180	91	75	37	19	19	19
AT2G18190	913	776	502	0	1	1
AT2G18193	16273	14577	14105	37	24	46
AT2G18196	36	50	86	47	55	35
AT2G18210	159	126	175	223	202	186
AT2G18220	790	665	405	471	387	373
AT2G18230	479	491	447	265	250	193
AT2G18240	431	362	524	268	262	218
AT2G18245	252	247	216	335	300	306
AT2G18250	467	449	570	397	400	323
AT2G18260	27	18	27	36	43	45
AT2G18270	57	57	43	84	80	115
AT2G18280	2437	2128	2702	3742	3354	3601
AT2G18290	551	527	762	976	720	769
AT2G18300	1747	1543	2263	3831	3246	3639
AT2G18320	3	5	5	2	2	0
AT2G18328	250	280	464	838	704	854
AT2G18330	474	419	283	321	276	302
AT2G18340	3	1	1	1	1	5
AT2G18350	181	182	274	273	246	218
AT2G18360	25	10	25	32	20	8
AT2G18370	86	70	74	7	10	9
AT2G18380	28	16	21	29	34	25
AT2G18390	358	300	387	470	419	347
AT2G18400	257	244	244	332	299	284
AT2G18410	329	286	329	224	199	195
AT2G18420	0	0	0	1	0	0
AT2G18440	4845	4415	6773	5301	4411	4984
AT2G18450	0	0	0	1	1	2
AT2G18460	0	0	5	0	0	0
AT2G18465	422	382	379	228	181	190
AT2G18470	3	6	8	3	6	10
AT2G18480	9	9	5	6	6	2
AT2G18500	11	16	23	8	11	4
AT2G18510	1472	1515	949	588	621	527
AT2G18520	171	147	100	93	86	93
AT2G18530	0	0	0	0	0	1
AT2G18540	1	0	0	3	0	0
AT2G18550	4	5	6	15	6	2
AT2G18560	181	182	292	279	242	221
AT2G18570	51	54	89	174	167	134
AT2G18590	2	2	0	1	0	0
AT2G18600	863	716	904	47	55	44
AT2G18620	7	4	7	8	8	6
AT2G18630	1440	1257	995	1207	928	710
AT2G18650	71	62	53	80	65	97
AT2G18660	1997	1891	2224	643	621	486
AT2G18670	3962	3317	2550	2109	1696	1619
AT2G18680	2303	1973	1207	658	547	517
AT2G18690	24720	21886	16115	8955	7841	6455
AT2G18700	3513	3099	2664	6116	5430	4935
AT2G18710	1727	1605	1853	3180	2942	3230
AT2G18720	466	369	227	3	3	5
AT2G18721	0	5	2	0	0	0
AT2G18730	2294	2104	1670	1505	1364	1472
AT2G18735	147	135	212	99	131	125
AT2G18740	1023	890	1224	656	489	585
AT2G18750	3132	2895	2753	3532	2985	2782
AT2G18760	1123	978	440	338	321	271
AT2G18770	469	401	488	515	383	371
AT2G18780	140	143	191	28	18	23
AT2G18790	2957	2710	1788	2157	1754	1477
AT2G18840	616	550	528	517	489	474
AT2G18850	377	384	308	310	322	284
AT2G18860	415	365	468	440	422	410
AT2G18876	261	186	298	430	344	368
AT2G18880	17	11	37	24	33	18
AT2G18890	69	60	121	380	360	372
AT2G18900	1262	1155	618	510	424	403
AT2G18910	406	377	470	491	403	484
AT2G18915	669	613	686	603	616	514
AT2G18917	84	75	42	57	67	52
AT2G18938	12	5	16	2	1	1
AT2G18940	690	672	534	671	564	662
AT2G18950	3100	2830	2707	1124	987	945
AT2G18960	25815	23151	16812	17671	15902	16379
AT2G18969	2	1	9	32	19	12
AT2G18970	1	2	6	33	24	13
AT2G18980	3	3	1	1	2	5
AT2G18990	159	168	205	322	276	259
AT2G19080	901	831	833	726	544	473
AT2G19090	72	65	49	105	78	79
AT2G19110	533	473	333	525	415	395
AT2G19120	181	178	83	150	133	169
AT2G19130	3595	3337	1675	3015	2577	2340
AT2G19160	1140	984	813	733	640	660
AT2G19170	100	77	122	459	369	404
AT2G19180	1355	1297	1404	768	647	607
AT2G19190	857	789	445	182	148	112
AT2G19210	0	0	0	1	1	0
AT2G19240	54	33	48	31	25	23
AT2G19260	468	449	373	328	254	285
AT2G19270	1251	1127	1140	786	696	675
AT2G19280	290	253	169	287	233	254
AT2G19290	15	8	28	13	10	10
AT2G19310	1197	1062	1180	685	612	703
AT2G19320	0	2	0	0	0	0
AT2G19330	43	54	89	35	45	28
AT2G19340	313	292	329	283	247	204
AT2G19350	344	336	414	226	192	205
AT2G19360	3	1	0	0	0	0
AT2G19380	51	54	36	42	41	34
AT2G19385	283	297	291	242	183	213
AT2G19390	782	739	340	745	579	537
AT2G19400	141	117	120	246	225	190
AT2G19430	581	479	485	428	392	347
AT2G19440	5	6	1	3	3	3
AT2G19450	1201	1168	622	608	477	1019
AT2G19460	117	103	187	220	194	160
AT2G19470	1801	1600	1289	1019	873	997
AT2G19480	4972	4439	3966	3807	3088	3042
AT2G19490	300	249	191	115	91	99
AT2G19500	53	56	12	1	0	0
AT2G19520	2043	1882	1455	1416	1303	1195
AT2G19530	64	80	54	50	33	32
AT2G19540	2626	2316	1890	1477	1317	1341
AT2G19550	41	34	48	10	8	8
AT2G19560	585	499	507	380	320	298
AT2G19570	665	664	504	520	429	372
AT2G19572	588	605	426	482	391	345
AT2G19580	133	97	210	104	69	69
AT2G19582	48	44	57	33	27	24
AT2G19590	25	24	43	104	95	70
AT2G19600	375	330	318	492	478	438
AT2G19610	3	3	6	1	2	1
AT2G19620	591	578	320	558	519	523
AT2G19630	0	0	0	1	2	1
AT2G19640	344	312	220	142	139	131
AT2G19650	211	185	318	281	228	167
AT2G19660	4	5	5	35	14	13
AT2G19670	212	207	121	199	187	182
AT2G19680	591	601	585	833	658	686
AT2G19690	57	69	97	88	85	73
AT2G19700	9	16	10	0	0	0
AT2G19710	3033	2661	1374	1648	1367	1377
AT2G19720	85	73	100	162	104	137
AT2G19730	1560	1396	1836	3400	3743	3197
AT2G19740	1110	969	1331	1737	1653	1460
AT2G19750	1556	1476	1741	1249	1181	949
AT2G19760	896	848	1124	1650	1812	1707
AT2G19780	46	41	80	152	135	120
AT2G19790	785	783	972	943	913	955
AT2G19800	352	276	200	282	227	215
AT2G19802	1	0	0	0	0	0
AT2G19810	433	449	629	949	909	708
AT2G19830	1878	1741	2100	2725	2298	2260
AT2G19850	0	0	2	1	1	1
AT2G19860	616	578	619	798	630	653
AT2G19870	888	867	594	682	550	622
AT2G19880	1034	907	679	1161	927	1120
AT2G19890	1	3	0	0	1	0
AT2G19900	60	38	4	6	11	2
AT2G19910	59	39	29	73	66	37
AT2G19920	19	17	18	57	52	36
AT2G19930	66	58	67	146	90	77
AT2G19940	734	590	543	1438	1335	1328
AT2G19950	1383	1218	958	1128	890	946
AT2G19960	11	9	11	3	2	3
AT2G19970	234	193	298	35	33	62
AT2G19980	3	7	5	13	5	3
AT2G19990	53	46	47	14	10	11
AT2G20000	1062	974	730	792	713	667
AT2G20010	1512	1345	777	951	929	941
AT2G20020	1161	1047	766	870	693	897
AT2G20030	6	5	3	1	4	1
AT2G20050	1831	1602	1102	2295	1989	2044
AT2G20060	1299	1231	1073	799	725	642
AT2G20100	108	77	108	139	112	132
AT2G20110	185	168	83	134	124	102
AT2G20120	1028	934	1045	1092	986	970
AT2G20130	952	917	852	576	595	529
AT2G20140	1200	1194	963	1336	1172	1272
AT2G20142	3515	3113	1856	1042	1009	1153
AT2G20150	164	150	112	32	46	50
AT2G20160	5	6	2	0	3	2
AT2G20170	33	49	80	51	58	52
AT2G20180	571	546	522	1024	855	762
AT2G20190	2749	2334	1241	2714	2384	2631
AT2G20210	132	115	140	212	210	181
AT2G20230	3217	2722	3834	3506	3310	3209
AT2G20240	112	100	95	294	302	241
AT2G20250	322	280	243	234	209	162
AT2G20260	3370	3370	6960	11855	12836	13897
AT2G20270	684	560	583	937	813	971
AT2G20280	1974	1851	1711	1297	970	920
AT2G20290	164	156	101	446	393	364
AT2G20300	556	528	341	1061	833	832
AT2G20310	540	470	337	215	174	216
AT2G20320	2251	1929	952	564	442	449
AT2G20330	1167	1090	711	1173	991	922
AT2G20340	911	847	880	1596	1327	1159
AT2G20350	27	19	13	12	10	13
AT2G20360	3780	3460	2748	3303	3202	3043
AT2G20362	5	4	12	11	13	8
AT2G20370	1451	1379	867	1683	1408	1376
AT2G20380	0	1	0	0	0	0
AT2G20390	408	327	337	359	352	377
AT2G20400	254	293	216	165	176	187
AT2G20410	567	479	507	263	220	200
AT2G20420	6456	5657	4600	4287	3805	3446
AT2G20440	263	242	241	233	201	217
AT2G20450	1309	1120	1288	1172	870	846
AT2G20470	3	5	2	6	14	13
AT2G20480	13	12	23	24	17	16
AT2G20490	1010	855	1128	598	593	479
AT2G20495	212	200	188	213	172	174
AT2G20500	77	81	121	97	91	90
AT2G20510	5	3	9	2	2	1
AT2G20515	8	8	24	31	18	5
AT2G20530	1376	1241	1067	972	878	745
AT2G20540	50	47	34	37	36	35
AT2G20550	123	102	180	124	137	127
AT2G20560	688	644	470	117	113	83
AT2G20562	241	198	187	98	107	92
AT2G20570	7330	7020	6945	7722	6799	6046
AT2G20580	5864	5074	3418	3912	3512	3310
AT2G20585	211	248	226	160	137	132
AT2G20590	14	14	24	49	40	41
AT2G20605	0	0	0	0	0	3
AT2G20610	4405	4066	3572	4373	3810	3360
AT2G20620	1	0	0	0	0	0
AT2G20625	19	23	13	18	19	8
AT2G20630	3486	3103	3079	5449	4110	4242
AT2G20635	71	74	55	215	136	151
AT2G20650	138	150	99	247	189	195
AT2G20670	1028	922	1785	3121	2684	3110
AT2G20680	113	68	104	218	199	196
AT2G20690	1201	1061	769	1172	1036	1295
AT2G20700	1	7	5	34	14	14
AT2G20710	72	62	51	76	50	64
AT2G20720	323	341	354	78	60	51
AT2G20721	41	42	48	35	17	19
AT2G20722	20	18	25	6	9	17
AT2G20723	20	23	17	8	14	5
AT2G20725	1359	1326	1524	1773	1576	1623
AT2G20740	1204	1066	1454	1051	1043	1122
AT2G20750	14	16	76	255	244	143
AT2G20760	3131	2956	2494	3517	2778	2822
AT2G20770	125	119	158	224	182	173
AT2G20780	1068	1052	931	775	702	826
AT2G20784	1	1	3	0	0	1
AT2G20790	1209	1149	852	1045	942	979
AT2G20800	33	34	29	0	0	2
AT2G20810	768	624	513	757	677	708
AT2G20815	337	314	345	323	294	295
AT2G20820	2382	2543	2697	2311	2432	2194
AT2G20825	12	7	2	3	2	5
AT2G20830	1568	1353	1315	642	563	626
AT2G20835	15	13	42	49	52	64
AT2G20840	350	357	308	457	342	378
AT2G20850	760	698	421	812	657	648
AT2G20860	3276	2991	2604	3656	3053	3166
AT2G20870	0	0	0	25	12	9
AT2G20875	16	8	21	15	21	20
AT2G20880	49	32	48	124	96	75
AT2G20890	3982	3609	5507	11228	9097	10100
AT2G20900	1735	1564	1220	1576	1475	1415
AT2G20920	2918	2963	3001	2974	2738	2522
AT2G20921	1	0	0	0	0	3
AT2G20930	404	374	454	678	725	704
AT2G20940	213	177	160	98	106	110
AT2G20950	1078	1074	946	1503	1358	1202
AT2G20960	10136	9700	4899	10123	8157	7109
AT2G20970	0	0	1	0	2	0
AT2G20980	55	50	53	86	57	52
AT2G20990	5369	4882	4898	8067	7075	7133
AT2G21010	1	0	0	0	0	0
AT2G21030	4	0	2	1	0	0
AT2G21040	0	0	3	1	0	1
AT2G21045	0	0	0	2	0	0
AT2G21050	77	99	137	371	334	222
AT2G21060	914	861	799	274	306	292
AT2G21070	194	168	119	193	196	161
AT2G21080	102	130	141	226	165	193
AT2G21090	249	200	149	136	110	128
AT2G21100	9	10	28	1	4	5
AT2G21120	3064	2600	2174	3257	2707	2493
AT2G21130	1174	1144	938	428	304	688
AT2G21140	116	119	298	1208	901	702
AT2G21150	681	552	577	539	450	402
AT2G21160	3202	2793	3001	2459	2232	2348
AT2G21170	5458	5041	6391	12510	10831	10946
AT2G21180	477	446	588	137	111	75
AT2G21185	470	456	737	256	303	181
AT2G21187	568	509	819	266	316	190
AT2G21188	492	435	734	138	155	128
AT2G21190	1889	1579	1856	1080	971	893
AT2G21195	173	147	332	205	219	215
AT2G21200	13	9	20	28	30	25
AT2G21210	153	110	266	315	286	240
AT2G21220	12	12	35	19	19	16
AT2G21230	926	835	760	843	690	714
AT2G21235	2	0	0	0	0	0
AT2G21237	1	1	1	0	2	0
AT2G21240	1407	1145	1558	1337	1260	1207
AT2G21250	3463	3166	3162	3829	3182	3307
AT2G21260	93	97	140	64	149	207
AT2G21270	2255	2138	2112	1712	1350	1325
AT2G21280	882	857	1068	1607	1461	1651
AT2G21290	741	635	879	515	535	521
AT2G21300	1099	1013	754	1264	1036	923
AT2G21320	364	368	732	296	228	102
AT2G21330	13854	13938	20477	18949	19150	14154
AT2G21340	1133	1114	1034	1825	1795	1608
AT2G21350	77	49	49	50	39	32
AT2G21360	0	0	0	0	1	0
AT2G21370	837	710	1034	1207	1046	1301
AT2G21380	2385	2165	1401	3590	2846	3033
AT2G21385	784	749	967	2049	1553	1805
AT2G21390	5156	4717	2357	4782	4241	4422
AT2G21400	0	0	0	1	0	0
AT2G21410	2487	2177	1746	2190	2065	2231
AT2G21420	1	0	0	1	0	2
AT2G21430	100	101	62	48	32	32
AT2G21440	1781	1538	836	1131	894	915
AT2G21450	73	51	40	10	10	2
AT2G21470	2370	1944	1495	1218	1002	961
AT2G21480	0	0	1	0	0	0
AT2G21490	7	13	14	12	11	8
AT2G21500	2996	2573	1749	3046	2665	2505
AT2G21510	233	212	128	163	144	141
AT2G21520	4815	4262	3436	3777	2941	3118
AT2G21530	1021	988	1641	2617	2648	2978
AT2G21540	76	90	137	447	392	441
AT2G21550	146	123	126	188	165	111
AT2G21560	67	70	111	88	62	45
AT2G21580	3420	3136	3406	2383	2323	2180
AT2G21590	83	82	74	334	279	249
AT2G21600	1342	1278	1225	1330	1171	1179
AT2G21610	4	1	0	0	0	0
AT2G21620	3807	3289	3619	3431	2980	2992
AT2G21630	376	331	237	390	326	377
AT2G21640	2071	1890	2592	200	184	158
AT2G21650	90	73	152	240	201	208
AT2G21660	60765	60284	36565	23578	23314	68187
AT2G21710	142	162	66	177	163	194
AT2G21730	12	6	12	17	5	12
AT2G21740	1	0	1	0	0	0
AT2G21750	2	0	1	0	0	0
AT2G21770	27	16	9	70	64	59
AT2G21780	94	95	125	20	6	8
AT2G21790	5777	5356	3544	1380	1192	1231
AT2G21800	56	54	35	27	26	26
AT2G21820	13	11	29	8	11	12
AT2G21830	100	90	124	291	322	252
AT2G21840	63	35	35	34	35	32
AT2G21850	374	356	256	182	159	142
AT2G21860	765	687	671	1209	977	1099
AT2G21870	4709	4300	5117	6243	5613	5376
AT2G21880	24	18	34	163	117	142
AT2G21890	12	9	16	16	11	15
AT2G21900	124	103	97	0	0	2
AT2G21910	80	71	38	5	1	3
AT2G21920	0	0	0	2	0	0
AT2G21930	45	42	26	3	4	0
AT2G21940	515	426	458	425	337	330
AT2G21950	668	571	660	948	792	787
AT2G21960	1405	1231	1707	2600	2299	2291
AT2G21970	1133	1057	1457	1176	1043	899
AT2G21990	0	0	2	2	4	2
AT2G22000	19	20	33	53	50	32
AT2G22010	2827	2538	1357	2463	2043	1846
AT2G22060	0	1	0	0	0	0
AT2G22070	130	105	51	45	43	56
AT2G22080	654	582	990	1377	1030	889
AT2G22088	36	23	42	9	20	18
AT2G22090	771	699	627	457	369	381
AT2G22100	405	361	299	164	128	129
AT2G22120	558	505	550	364	342	353
AT2G22122	105	89	253	109	116	79
AT2G22125	2522	2235	1272	5318	4942	5252
AT2G22140	29	23	20	39	26	35
AT2G22170	88	86	241	1202	1079	1127
AT2G22190	263	229	327	468	390	349
AT2G22200	8	10	24	51	53	22
AT2G22201	0	0	1	0	0	0
AT2G22230	201	172	270	769	740	729
AT2G22240	205	196	409	872	739	397
AT2G22250	375	320	342	628	439	470
AT2G22260	67	40	48	88	70	88
AT2G22270	241	184	218	269	184	195
AT2G22290	0	0	1	6	6	5
AT2G22300	7961	6845	4063	4672	4018	4040
AT2G22310	247	245	255	202	196	172
AT2G22320	0	2	0	0	1	0
AT2G22330	1141	1031	1322	2834	2346	1787
AT2G22340	0	0	2	2	0	3
AT2G22345	1	0	0	0	0	0
AT2G22360	1803	1654	1338	880	695	764
AT2G22370	250	188	266	161	159	146
AT2G22380	0	0	0	1	0	0
AT2G22400	2930	2548	1862	1901	1758	1958
AT2G22410	87	89	37	60	40	48
AT2G22420	81	68	134	86	61	48
AT2G22425	856	783	1253	883	868	748
AT2G22426	1	0	0	0	0	2
AT2G22430	14463	13060	16261	9282	7550	8552
AT2G22440	4	0	1	0	0	0
AT2G22450	1865	1686	1244	1077	872	1410
AT2G22460	5	4	1	1	4	2
AT2G22470	3774	3620	2215	428	359	254
AT2G22475	666	603	511	412	385	380
AT2G22480	1561	1388	1012	1001	881	899
AT2G22482	31	26	43	36	35	33
AT2G22490	1014	892	681	617	551	506
AT2G22496	11	12	14	7	3	3
AT2G22500	27440	25424	16147	19231	16738	15034
AT2G22510	132	120	154	24	23	30
AT2G22530	278	282	163	340	279	280
AT2G22540	4240	3967	5881	4367	3528	3199
AT2G22560	292	232	117	167	143	133
AT2G22570	398	330	363	230	206	204
AT2G22590	9	3	7	0	1	1
AT2G22600	9	4	3	14	10	12
AT2G22610	64	51	43	162	128	121
AT2G22620	33	22	37	54	43	17
AT2G22630	2	7	3	4	8	8
AT2G22640	242	220	432	288	253	257
AT2G22650	183	185	233	282	246	204
AT2G22660	5249	4795	3545	3110	2627	2461
AT2G22670	1257	1110	2137	5107	4950	4420
AT2G22680	101	56	63	69	57	49
AT2G22690	352	290	278	195	236	203
AT2G22720	2790	2431	2261	1549	1319	1303
AT2G22730	51	46	66	75	59	65
AT2G22740	458	409	291	636	505	511
AT2G22750	8	10	6	0	0	0
AT2G22760	169	160	136	166	147	44
AT2G22770	59	59	93	144	120	47
AT2G22780	3107	2760	2103	2131	2090	2045
AT2G22790	90	104	89	123	79	94
AT2G22795	490	412	394	1822	1253	1267
AT2G22800	65	60	101	68	86	68
AT2G22810	9	3	18	86	66	63
AT2G22820	5	3	3	1	6	3
AT2G22821	17	13	24	11	25	26
AT2G22830	195	201	209	535	467	541
AT2G22840	446	377	430	292	293	267
AT2G22850	208	160	278	114	122	95
AT2G22860	479	481	414	245	224	118
AT2G22870	560	589	490	327	355	411
AT2G22880	1826	1470	1747	1660	1647	1876
AT2G22890	74	59	110	249	201	205
AT2G22900	136	109	159	332	293	236
AT2G22905	19	9	18	15	4	15
AT2G22910	1003	884	605	945	738	690
AT2G22920	11	14	27	32	26	33
AT2G22930	20	23	9	45	19	23
AT2G22955	1	0	0	1	0	0
AT2G22960	1	0	0	1	1	0
AT2G22970	755	723	605	1483	1262	1230
AT2G22980	483	388	1096	2794	2686	2952
AT2G22990	5275	4649	6208	15024	12109	10117
AT2G23000	253	221	400	267	258	187
AT2G23010	150	129	281	276	261	253
AT2G23030	57	51	47	21	9	12
AT2G23040	70	39	73	43	37	40
AT2G23050	7	3	3	4	4	6
AT2G23060	0	0	0	5	2	2
AT2G23070	2554	2253	2053	2456	2096	1790
AT2G23080	797	689	699	552	476	468
AT2G23090	4512	4120	6249	5034	4444	4068
AT2G23093	109	82	58	81	78	89
AT2G23096	2	0	1	5	1	0
AT2G23100	776	687	363	724	620	724
AT2G23110	51	38	37	11	11	5
AT2G23118	1	1	0	0	0	0
AT2G23120	8052	7790	10107	6642	7238	6404
AT2G23130	253	235	379	643	577	684
AT2G23140	1110	1057	676	857	749	747
AT2G23150	930	867	642	249	231	175
AT2G23170	524	513	556	366	283	165
AT2G23180	136	111	146	141	130	95
AT2G23190	0	1	1	1	0	0
AT2G23200	1837	1684	1193	1690	1399	1775
AT2G23210	10	8	2	2	2	6
AT2G23220	0	0	0	0	0	1
AT2G23260	0	0	0	0	1	0
AT2G23270	187	139	159	109	101	44
AT2G23290	720	631	671	824	634	568
AT2G23300	30	21	38	52	42	41
AT2G23310	1233	1246	1242	1046	1002	933
AT2G23320	7597	6821	5714	5761	5182	4807
AT2G23321	11	6	6	11	7	2
AT2G23340	113	95	131	243	214	134
AT2G23348	71	54	73	38	42	35
AT2G23350	4091	3907	2839	3986	3772	3919
AT2G23360	106	105	95	369	317	331
AT2G23370	422	362	328	332	276	246
AT2G23380	261	276	202	426	387	334
AT2G23390	1491	1341	1521	1719	1471	1523
AT2G23400	0	0	1	0	0	0
AT2G23410	0	1	0	1	1	0
AT2G23420	2154	1912	1849	1278	1289	929
AT2G23430	929	790	1017	538	363	396
AT2G23450	3677	3333	2426	1901	1649	1606
AT2G23460	1731	1515	1174	1001	870	954
AT2G23470	280	248	246	168	175	138
AT2G23520	646	575	457	502	410	463
AT2G23530	2	5	3	5	13	4
AT2G23540	109	123	160	9	9	18
AT2G23550	7	15	9	25	14	13
AT2G23560	17	25	24	87	87	73
AT2G23570	0	0	0	0	1	0
AT2G23590	1	0	7	22	15	22
AT2G23600	2174	2039	3064	3583	3505	4051
AT2G23610	392	355	520	1298	1109	1090
AT2G23620	33	23	25	21	14	14
AT2G23660	0	0	0	0	1	2
AT2G23670	924	991	1327	1305	1227	1389
AT2G23672	839	891	1165	1199	1118	1254
AT2G23680	2029	1838	1454	934	838	873
AT2G23690	8	1	10	19	19	31
AT2G23700	94	104	84	131	128	120
AT2G23740	906	756	603	930	793	825
AT2G23755	114	152	256	183	135	173
AT2G23760	1210	1175	1266	1525	1354	1497
AT2G23770	260	211	248	560	437	576
AT2G23780	722	716	855	938	951	944
AT2G23790	1124	1024	857	598	499	492
AT2G23800	5	4	1	0	0	0
AT2G23810	29688	25954	26518	18227	17952	17209
AT2G23820	619	508	590	663	501	499
AT2G23830	416	336	443	10	11	2
AT2G23840	947	839	1586	1351	1119	946
AT2G23890	894	825	591	420	303	346
AT2G23910	102	76	40	18	14	51
AT2G23930	1740	1572	1974	1051	1032	921
AT2G23940	393	334	502	547	433	439
AT2G23945	19	17	26	7	8	2
AT2G23950	239	221	205	365	300	309
AT2G23960	0	0	0	6	2	1
AT2G23970	2	2	0	0	2	1
AT2G23980	1885	1718	1490	1694	1396	1546
AT2G23985	183	142	240	262	228	266
AT2G24000	0	0	0	1	0	0
AT2G24010	5	4	6	26	6	18
AT2G24020	579	541	949	2021	1820	2098
AT2G24030	7	6	8	11	13	8
AT2G24040	121	148	239	153	147	127
AT2G24050	1642	1463	1025	809	740	720
AT2G24060	911	900	1035	2043	1632	1846
AT2G24070	0	1	3	6	6	10
AT2G24090	1460	1349	2621	4830	3872	4048
AT2G24100	769	710	956	431	459	324
AT2G24103	3	2	0	0	0	0
AT2G24120	1347	1266	499	1158	1046	1205
AT2G24130	10	7	0	14	4	9
AT2G24140	4	8	16	7	10	11
AT2G24150	718	642	791	1234	1044	995
AT2G24170	115	86	70	256	228	218
AT2G24180	4203	3926	3720	2112	1741	1530
AT2G24190	89	86	154	99	54	60
AT2G24200	12525	11170	9282	8748	7961	6994
AT2G24210	2	2	2	86	68	65
AT2G24220	131	153	165	218	157	225
AT2G24230	221	181	185	266	236	258
AT2G24240	945	790	925	550	534	539
AT2G24250	95	105	110	99	74	89
AT2G24255	143	120	137	0	0	0
AT2G24260	112	113	136	66	47	55
AT2G24270	7220	6229	8565	9389	7945	6186
AT2G24280	1780	1587	1704	1684	1663	1444
AT2G24285	22	23	17	4	6	6
AT2G24290	307	263	376	504	531	531
AT2G24300	64	55	42	127	102	78
AT2G24310	4	3	8	7	10	8
AT2G24320	6	4	2	3	5	1
AT2G24330	1407	1301	1028	1237	1047	1117
AT2G24340	0	1	0	0	0	0
AT2G24350	39	42	31	105	86	108
AT2G24360	4831	4413	3320	3667	3151	2804
AT2G24370	1	0	0	0	0	0
AT2G24390	470	500	499	361	356	396
AT2G24395	116	96	185	192	219	228
AT2G24400	3	1	1	3	2	1
AT2G24410	3	0	1	0	0	0
AT2G24420	3131	2742	3031	3585	2914	2751
AT2G24430	10	7	16	1	4	3
AT2G24440	42	43	37	79	69	73
AT2G24450	0	1	0	0	0	0
AT2G24460	2	1	0	0	0	0
AT2G24470	0	0	1	0	0	0
AT2G24480	4	2	2	7	1	0
AT2G24490	347	301	380	217	195	175
AT2G24500	2023	1722	1475	1072	867	879
AT2G24513	0	0	1	0	0	0
AT2G24520	1024	872	750	501	401	388
AT2G24530	180	171	158	183	152	150
AT2G24540	111	109	153	107	133	70
AT2G24545	120	115	151	115	134	79
AT2G24550	5636	4864	7058	6589	4854	4238
AT2G24560	1	0	3	7	5	1
AT2G24570	603	542	512	357	317	267
AT2G24580	281	262	298	387	387	298
AT2G24590	948	982	941	678	638	492
AT2G24592	117	97	99	74	73	80
AT2G24600	11734	10607	5827	19204	15926	16426
AT2G24610	22	11	26	133	170	161
AT2G24630	97	102	100	318	241	305
AT2G24640	783	805	648	494	382	363
AT2G24645	90	85	117	331	276	318
AT2G24650	401	411	238	531	423	397
AT2G24680	66	61	44	27	20	16
AT2G24681	5	4	7	2	6	4
AT2G24683	1	5	5	0	2	5
AT2G24690	397	351	283	627	476	431
AT2G24692	1	3	15	17	18	15
AT2G24696	0	0	0	4	2	1
AT2G24700	83	62	65	74	68	31
AT2G24720	0	0	0	0	2	0
AT2G24735	13	3	7	5	2	2
AT2G24740	6	1	3	3	2	1
AT2G24755	1334	1132	903	543	490	503
AT2G24762	115	132	140	151	141	126
AT2G24765	780	775	900	1295	1079	1083
AT2G24780	5	8	7	0	0	0
AT2G24790	6715	6699	7794	5850	5536	5081
AT2G24820	4161	3831	3614	2938	2467	2394
AT2G24830	424	364	371	484	362	359
AT2G24840	1	0	1	1	0	0
AT2G24850	7779	7348	5180	3867	3609	2162
AT2G24860	926	872	901	1233	1069	1180
AT2G24870	6	0	2	11	3	8
AT2G24940	2623	2374	2930	3732	3619	3486
AT2G24945	2614	2367	2918	3718	3614	3470
AT2G24960	417	364	247	239	168	154
AT2G24970	96	110	129	66	49	57
AT2G24990	789	787	532	427	313	297
AT2G25000	919	862	855	289	229	210
AT2G25010	707	627	706	480	430	412
AT2G25050	276	266	167	667	597	482
AT2G25052	1	3	1	3	0	1
AT2G25060	98	82	144	282	351	274
AT2G25070	2042	1688	2450	1597	1358	1409
AT2G25080	3397	2985	5755	14836	12627	11097
AT2G25090	65	61	48	23	16	13
AT2G25095	3	2	3	2	1	0
AT2G25100	176	180	232	285	253	203
AT2G25110	2278	2008	1760	1678	1336	1252
AT2G25120	1	0	0	0	0	0
AT2G25130	1	2	8	16	17	6
AT2G25140	1198	1116	750	446	354	360
AT2G25150	3	1	8	8	14	10
AT2G25160	0	0	0	0	0	1
AT2G25169	0	0	0	0	0	1
AT2G25170	2634	2253	1444	2645	2253	2079
AT2G25180	516	422	447	576	447	380
AT2G25190	569	505	586	581	555	568
AT2G25200	667	682	1187	969	818	737
AT2G25210	909	811	1315	742	935	798
AT2G25220	32	28	54	136	121	125
AT2G25230	0	0	3	0	2	0
AT2G25240	9	10	2	2	10	10
AT2G25250	5066	4505	5009	4969	4236	3729
AT2G25260	63	56	43	48	39	42
AT2G25270	130	157	126	196	229	195
AT2G25280	1120	1000	1010	911	742	713
AT2G25290	660	581	274	769	558	547
AT2G25295	30	20	2	8	8	10
AT2G25300	239	215	239	291	208	275
AT2G25310	951	890	1050	1226	1176	1122
AT2G25312	2	0	0	0	0	0
AT2G25320	1668	1479	782	1395	1139	1110
AT2G25330	9	4	1	5	3	3
AT2G25350	358	318	265	359	319	312
AT2G25355	286	278	257	152	115	138
AT2G25370	13	10	8	0	0	0
AT2G25420	205	172	226	299	288	208
AT2G25430	3116	2619	1810	2802	2324	2272
AT2G25440	1228	1164	559	310	242	182
AT2G25450	22359	20217	16662	12845	10889	10606
AT2G25460	2421	2255	1023	1696	1394	913
AT2G25470	89	70	53	31	29	22
AT2G25480	237	162	249	769	584	517
AT2G25482	0	2	3	1	0	2
AT2G25490	7074	6459	4991	6125	5398	5102
AT2G25500	2	0	0	0	0	0
AT2G25510	26158	23632	28149	37596	36183	32892
AT2G25520	3693	3097	2597	3414	3205	2908
AT2G25530	50	72	76	65	74	46
AT2G25540	1	2	0	6	3	4
AT2G25560	463	408	344	325	252	242
AT2G25565	1	1	1	1	2	3
AT2G25570	317	310	304	299	225	256
AT2G25580	364	287	204	237	155	216
AT2G25590	691	630	694	578	580	502
AT2G25600	2	1	1	1	1	0
AT2G25605	345	294	462	627	550	516
AT2G25610	1071	982	1187	1007	971	1007
AT2G25620	388	374	183	273	247	240
AT2G25625	815	753	613	246	262	136
AT2G25630	5	1	0	0	0	0
AT2G25640	202	202	114	198	184	175
AT2G25650	621	581	461	403	323	323
AT2G25660	1292	1140	709	2037	1756	1702
AT2G25670	3239	2974	2531	2034	1724	1707
AT2G25680	81	101	85	44	33	24
AT2G25685	0	0	0	0	0	1
AT2G25690	342	251	249	245	202	212
AT2G25710	533	457	567	521	461	434
AT2G25720	291	250	370	134	179	115
AT2G25730	4042	3640	1156	2819	2241	4010
AT2G25735	2770	2482	2673	3561	3129	3092
AT2G25737	337	273	280	249	247	227
AT2G25740	1103	955	749	455	427	385
AT2G25760	2373	2246	1345	1635	1318	1396
AT2G25770	6	9	11	4	1	3
AT2G25780	0	2	1	1	1	0
AT2G25790	143	145	79	111	105	161
AT2G25800	1632	1474	1088	2411	2220	2428
AT2G25810	5	7	18	31	27	5
AT2G25820	9	1	14	30	56	11
AT2G25830	742	676	560	1175	911	921
AT2G25840	485	471	505	1000	796	1063
AT2G25850	1455	1272	830	1203	922	1075
AT2G25870	1663	1397	1048	2301	1894	2011
AT2G25880	23	22	43	78	82	83
AT2G25890	2	1	1	0	1	0
AT2G25900	947	898	1846	4102	3472	3250
AT2G25910	1704	1491	1669	1689	1450	1437
AT2G25920	353	300	399	402	346	289
AT2G25930	2281	2010	1094	1286	1036	1619
AT2G25940	512	433	206	4	6	3
AT2G25950	626	559	604	794	659	715
AT2G25964	143	112	189	232	188	154
AT2G25970	5333	5058	3712	2953	2741	2594
AT2G26000	415	357	334	267	226	244
AT2G26010	250	208	900	6631	7465	1873
AT2G26020	141	163	659	7549	7757	1703
AT2G26030	424	398	495	388	339	340
AT2G26040	5	16	22	27	27	18
AT2G26060	1377	1239	1204	853	787	703
AT2G26070	277	216	265	235	248	222
AT2G26080	7087	6590	6001	9164	8608	6988
AT2G26100	598	498	465	395	348	400
AT2G26110	285	229	367	595	450	451
AT2G26130	0	0	0	0	1	0
AT2G26140	4568	3847	2409	3005	2561	2430
AT2G26150	264	249	74	18	21	15
AT2G26160	2	0	1	0	1	1
AT2G26170	311	283	309	286	235	205
AT2G26180	36	28	40	67	65	38
AT2G26190	11541	10497	7393	11971	10052	10409
AT2G26200	1000	891	780	801	596	681
AT2G26210	1102	962	1374	981	803	782
AT2G26211	21	21	46	15	29	15
AT2G26230	2023	1748	1531	1244	1017	935
AT2G26240	947	850	1061	1057	940	938
AT2G26250	3542	3137	3355	5917	5153	5178
AT2G26260	396	313	321	477	423	486
AT2G26267	7	6	1	12	6	11
AT2G26270	64	47	66	98	83	86
AT2G26280	3464	3110	2781	2730	2332	2240
AT2G26290	70	42	32	10	7	6
AT2G26300	2447	2082	2075	1824	1485	1231
AT2G26310	133	127	100	30	39	30
AT2G26330	955	879	1033	2462	2433	1924
AT2G26340	1044	952	1524	2194	1900	2142
AT2G26350	638	549	563	308	295	333
AT2G26355	571	535	880	670	663	677
AT2G26360	61	46	60	85	74	87
AT2G26380	16	17	27	7	7	3
AT2G26390	307	227	152	118	120	67
AT2G26400	1058	998	663	170	148	72
AT2G26410	2	1	5	3	3	1
AT2G26430	1187	1064	1068	1203	985	887
AT2G26440	3592	3375	1852	2104	1626	2059
AT2G26450	0	0	0	0	0	1
AT2G26460	844	772	695	549	443	413
AT2G26470	442	376	417	335	220	207
AT2G26480	143	132	102	13	7	6
AT2G26500	4761	4388	9653	14931	13518	15523
AT2G26510	2199	2039	1746	1355	1290	1258
AT2G26520	3	7	20	27	38	26
AT2G26530	4448	3930	4938	7529	6764	7073
AT2G26540	407	379	502	1480	1104	1223
AT2G26550	311	274	370	751	669	657
AT2G26560	17671	15989	12079	17911	15099	12812
AT2G26570	1821	1724	1445	2429	1978	1824
AT2G26580	240	214	288	513	445	463
AT2G26590	1770	1648	1822	984	807	770
AT2G26600	1746	1560	1348	1046	907	809
AT2G26610	1	0	2	0	1	0
AT2G26620	0	0	3	1	0	0
AT2G26640	255	232	249	576	519	578
AT2G26650	901	785	858	994	820	582
AT2G26660	735	713	749	439	376	372
AT2G26670	3832	3355	3732	3302	2725	2765
AT2G26680	467	397	321	492	377	440
AT2G26690	1402	1157	1233	2175	1899	1399
AT2G26692	46	52	23	37	35	21
AT2G26695	173	135	171	90	59	47
AT2G26700	18	14	11	30	30	21
AT2G26710	69	48	129	217	215	141
AT2G26730	822	788	834	1790	1548	1520
AT2G26740	5708	5465	4911	2902	2792	2269
AT2G26750	289	305	300	182	159	127
AT2G26760	9	23	47	106	79	70
AT2G26770	1086	889	774	941	777	717
AT2G26780	2888	2484	1368	1613	1473	1373
AT2G26790	89	68	24	39	38	30
AT2G26800	1805	1606	1444	1488	1360	1023
AT2G26810	249	235	302	294	224	229
AT2G26820	1	3	0	1	1	2
AT2G26830	617	542	582	469	355	364
AT2G26840	171	173	178	210	172	154
AT2G26860	349	307	339	189	178	155
AT2G26870	73	59	84	175	146	194
AT2G26890	3666	3383	1437	3035	2773	2913
AT2G26900	3989	3602	3614	5687	5698	6107
AT2G26910	2348	1943	1671	5162	4506	4873
AT2G26920	1418	1279	954	745	609	568
AT2G26930	942	766	808	1090	881	1059
AT2G26940	0	0	3	0	2	0
AT2G26960	0	0	0	1	0	0
AT2G26970	482	464	566	366	273	275
AT2G26975	927	900	1546	1036	1093	1150
AT2G26980	2060	1880	1825	1860	1452	1405
AT2G26990	1715	1442	1552	1063	937	868
AT2G27000	17	8	7	12	3	8
AT2G27010	0	1	2	3	1	2
AT2G27020	2900	2591	2820	2585	1952	1931
AT2G27030	1659	1370	1815	2505	2238	2353
AT2G27035	4	0	3	7	9	11
AT2G27040	881	711	529	941	910	926
AT2G27050	1549	1326	1493	3632	2948	2875
AT2G27060	286	255	234	660	589	552
AT2G27080	11949	11173	8523	6480	4788	4753
AT2G27090	1528	1459	943	848	671	605
AT2G27100	2271	2107	1384	1330	1152	1104
AT2G27110	854	735	521	744	647	615
AT2G27120	1	2	2	0	0	0
AT2G27130	48	60	99	106	154	157
AT2G27140	33	30	53	79	38	51
AT2G27150	2533	2293	1236	1049	974	754
AT2G27160	1	1	0	0	0	0
AT2G27170	1736	1464	913	1560	1143	985
AT2G27180	16	27	37	17	12	9
AT2G27190	2151	2115	2118	1471	1249	1385
AT2G27200	885	822	728	511	441	444
AT2G27210	1457	1308	802	1294	1073	973
AT2G27220	0	0	2	10	8	9
AT2G27228	1033	925	708	1107	983	711
AT2G27229	4	2	4	3	2	1
AT2G27230	1033	925	708	1107	983	711
AT2G27250	1	1	2	0	0	0
AT2G27260	2099	1971	1644	1538	1264	1221
AT2G27270	10	10	8	10	4	2
AT2G27280	11	11	4	1	5	0
AT2G27285	874	761	992	773	596	500
AT2G27290	1426	1377	1971	2266	2219	2236
AT2G27300	3	6	6	9	3	7
AT2G27310	5511	5097	3824	4232	3344	2534
AT2G27320	1	0	1	0	0	0
AT2G27330	215	201	238	287	236	221
AT2G27340	190	164	227	201	195	177
AT2G27350	1943	1859	1495	1306	1123	1021
AT2G27360	291	270	312	300	264	197
AT2G27370	0	0	0	0	1	0
AT2G27385	602	560	2308	3411	3039	2748
AT2G27389	460	423	309	40	47	20
AT2G27390	155	158	117	15	21	6
AT2G27400	489	426	529	143	141	167
AT2G27402	308	284	381	325	391	232
AT2G27420	0	1	0	7	6	4
AT2G27430	48	48	56	12	15	23
AT2G27450	891	750	1013	1218	1031	967
AT2G27460	695	659	422	544	486	461
AT2G27470	283	268	239	165	122	128
AT2G27480	92	64	124	111	112	90
AT2G27490	406	376	513	298	242	241
AT2G27500	8355	7123	4896	5662	4840	4318
AT2G27505	11	4	1	3	10	4
AT2G27510	384	396	486	317	355	256
AT2G27520	0	0	1	0	0	1
AT2G27530	4126	3584	4108	5724	5359	4972
AT2G27550	5	3	2	2	1	1
AT2G27570	0	1	1	0	0	0
AT2G27580	728	717	926	375	327	337
AT2G27590	394	335	348	234	228	211
AT2G27600	4825	4454	3986	3202	2899	2801
AT2G27610	61	50	23	37	33	63
AT2G27630	16	17	5	5	11	12
AT2G27650	4	3	0	0	1	1
AT2G27660	3000	2763	1327	1105	858	817
AT2G27680	2392	2126	2503	5630	4541	5132
AT2G27690	1107	1032	579	736	667	551
AT2G27710	4785	4182	4479	3421	3392	2919
AT2G27720	3431	2987	4148	3727	3897	3351
AT2G27730	2589	2319	2790	2411	2012	1797
AT2G27740	6	5	21	28	27	19
AT2G27760	250	175	194	173	120	119
AT2G27770	161	117	190	202	145	159
AT2G27775	185	148	177	131	123	132
AT2G27780	4	0	1	0	0	1
AT2G27790	129	111	131	114	75	66
AT2G27800	89	83	111	89	84	74
AT2G27810	907	840	634	1148	943	1095
AT2G27820	255	238	319	539	540	507
AT2G27830	1989	1758	3379	2798	2692	2282
AT2G27840	871	809	851	350	360	283
AT2G27860	4436	4061	4394	8262	6993	7159
AT2G27880	5	3	0	4	1	0
AT2G27900	2252	2091	1053	1890	1694	1831
AT2G27920	2318	1999	1741	1100	834	1019
AT2G27930	3	6	13	9	14	10
AT2G27940	0	2	0	0	0	0
AT2G27950	2043	1898	1326	1680	1350	1153
AT2G27960	469	440	662	548	522	589
AT2G27970	149	101	236	179	178	154
AT2G27980	1107	908	757	1139	917	848
AT2G27990	130	107	81	64	64	45
AT2G28000	7258	6445	5535	8409	7869	8852
AT2G28010	1	0	0	0	0	0
AT2G28030	0	0	0	2	0	0
AT2G28040	10	3	6	7	6	7
AT2G28050	9	10	9	49	53	52
AT2G28056	13	8	18	3	6	5
AT2G28060	549	403	688	346	273	283
AT2G28070	847	718	665	752	674	608
AT2G28080	415	409	347	636	519	536
AT2G28085	15	7	13	20	26	8
AT2G28090	1	0	0	2	0	0
AT2G28100	472	415	383	645	534	522
AT2G28105	120	99	157	92	95	77
AT2G28110	870	747	920	148	125	67
AT2G28120	633	564	533	471	370	448
AT2G28130	289	275	253	163	199	183
AT2G28140	141	138	146	76	64	60
AT2G28150	234	183	237	461	374	406
AT2G28160	68	68	96	55	49	57
AT2G28190	3477	3327	4551	7989	6762	4164
AT2G28200	132	142	142	73	77	70
AT2G28210	31	16	34	271	177	126
AT2G28220	0	1	0	0	0	1
AT2G28230	345	291	342	284	231	219
AT2G28240	424	367	217	354	239	204
AT2G28250	34	39	78	158	149	121
AT2G28260	73	51	81	145	110	101
AT2G28290	4402	3924	1709	4248	3806	3534
AT2G28305	750	669	1000	1228	903	837
AT2G28310	574	457	420	755	584	620
AT2G28315	17	23	30	28	23	16
AT2G28320	1215	1187	749	688	607	521
AT2G28330	93	75	138	48	48	35
AT2G28340	0	1	0	0	2	0
AT2G28350	332	324	274	243	190	194
AT2G28360	947	879	599	999	869	938
AT2G28370	973	899	1128	802	808	750
AT2G28380	1222	1046	696	1097	970	913
AT2G28390	1375	1203	818	1235	942	921
AT2G28400	1355	1295	1454	896	621	520
AT2G28410	41	25	57	197	124	108
AT2G28420	20	18	28	9	7	14
AT2G28426	14	8	9	16	7	7
AT2G28430	321	301	570	376	497	501
AT2G28440	60	54	43	43	13	22
AT2G28450	928	792	436	868	689	565
AT2G28460	83	70	62	102	75	77
AT2G28470	412	387	545	3395	2782	2207
AT2G28480	374	301	342	293	265	257
AT2G28500	336	345	295	413	319	365
AT2G28510	834	735	609	333	299	244
AT2G28520	1473	1376	857	1266	1086	1127
AT2G28540	1525	1375	940	993	914	914
AT2G28550	2472	2065	2552	2605	2175	1830
AT2G28560	23	11	26	19	16	14
AT2G28570	210	171	265	73	66	48
AT2G28580	3	2	11	42	34	19
AT2G28590	70	61	60	69	41	50
AT2G28600	603	474	434	423	308	327
AT2G28605	375	283	543	667	582	712
AT2G28610	1	2	0	0	0	2
AT2G28620	62	50	71	242	207	173
AT2G28630	1153	972	915	2398	1882	2058
AT2G28650	65	54	56	64	58	56
AT2G28660	172	173	232	175	169	178
AT2G28670	79	74	70	105	88	71
AT2G28671	65	63	65	95	80	64
AT2G28680	1	2	1	0	0	0
AT2G28690	5	2	1	7	5	0
AT2G28700	1	1	0	3	0	0
AT2G28710	162	190	238	40	31	24
AT2G28720	3121	2743	4295	1480	1081	1077
AT2G28725	0	2	2	0	0	0
AT2G28740	378	346	781	696	544	483
AT2G28755	7	5	14	3	5	5
AT2G28760	135	133	154	158	160	122
AT2G28780	1	0	14	7	4	5
AT2G28790	427	467	453	735	747	361
AT2G28800	6739	5851	7616	15467	13400	13353
AT2G28810	266	285	262	335	269	292
AT2G28830	527	455	306	551	568	455
AT2G28840	6506	5731	5339	9413	8553	9361
AT2G28850	0	0	1	0	0	0
AT2G28870	110	106	144	72	48	48
AT2G28880	336	286	275	329	306	284
AT2G28890	1728	1484	1275	1373	1063	1072
AT2G28900	2959	2677	3298	4551	4405	7762
AT2G28910	4281	3757	4890	8287	6918	6249
AT2G28920	1	0	0	0	1	0
AT2G28930	436	409	547	507	431	604
AT2G28940	851	728	759	992	905	753
AT2G28950	1152	995	1505	2677	2443	2315
AT2G28960	1	0	0	2	1	0
AT2G28970	0	0	0	0	1	2
AT2G28990	1	0	0	2	0	0
AT2G29020	1073	997	1194	962	868	846
AT2G29050	107	126	134	219	236	207
AT2G29060	3	0	0	0	1	0
AT2G29065	331	297	195	169	106	130
AT2G29070	475	380	320	207	191	188
AT2G29080	3742	3445	2391	2634	2265	2224
AT2G29090	259	205	294	104	104	51
AT2G29100	252	192	55	63	40	18
AT2G29110	6581	5963	1667	1570	1297	837
AT2G29120	4432	3973	2196	1515	1264	1043
AT2G29125	6	3	11	32	34	23
AT2G29130	3	2	9	25	11	12
AT2G29140	2009	1781	1166	1352	1152	1070
AT2G29150	3	2	1	2	0	0
AT2G29170	68	63	200	297	299	193
AT2G29180	271	226	486	773	695	844
AT2G29190	2360	2018	1320	1564	1376	1360
AT2G29200	1079	978	528	467	422	373
AT2G29210	2176	2085	1316	1503	1385	1252
AT2G29220	2	0	0	0	0	0
AT2G29250	1	2	1	0	0	0
AT2G29260	55	57	50	43	34	46
AT2G29263	1	1	1	1	3	3
AT2G29290	187	196	772	1691	1492	1291
AT2G29300	64	55	188	643	567	445
AT2G29310	262	212	571	1452	1409	1408
AT2G29320	2047	1692	2653	1058	1033	885
AT2G29330	10	2	12	3	2	1
AT2G29340	2082	1998	3287	2348	2418	1725
AT2G29350	13308	12029	9911	2966	2447	1096
AT2G29360	879	765	1193	1676	1514	1270
AT2G29370	1	0	7	2	0	1
AT2G29380	4	2	0	2	1	2
AT2G29390	530	456	495	733	640	561
AT2G29400	3102	2721	3003	3472	2744	2366
AT2G29410	28	23	17	38	28	26
AT2G29420	250	240	247	185	168	143
AT2G29430	2	2	4	0	3	0
AT2G29440	44	35	87	118	106	51
AT2G29450	2532	2174	2893	3559	2876	2311
AT2G29452	0	0	0	0	1	0
AT2G29460	675	592	499	432	373	238
AT2G29470	201	186	126	89	72	37
AT2G29480	8	6	1	3	3	5
AT2G29490	43	41	18	35	24	33
AT2G29500	21	18	8	33	24	33
AT2G29510	2092	1821	1288	3231	2529	2659
AT2G29525	302	222	234	178	196	175
AT2G29530	1007	805	868	733	608	509
AT2G29540	383	303	364	162	131	146
AT2G29550	787	719	790	2040	1841	2057
AT2G29560	615	543	446	755	672	681
AT2G29570	1061	961	1244	409	428	321
AT2G29580	453	415	376	352	287	289
AT2G29590	258	265	358	247	233	169
AT2G29600	31	38	43	16	24	19
AT2G29620	13	9	14	19	23	24
AT2G29628	0	0	0	1	0	1
AT2G29630	18578	16939	13514	19778	17593	28698
AT2G29640	331	305	282	232	200	170
AT2G29650	3096	2866	3161	6402	5365	4536
AT2G29660	56	37	78	58	61	39
AT2G29670	8222	7543	8682	8471	7036	4966
AT2G29679	0	0	0	5	5	1
AT2G29680	60	43	67	165	164	148
AT2G29690	1037	983	568	966	786	874
AT2G29700	821	821	1122	927	850	812
AT2G29710	10	10	21	84	89	39
AT2G29720	1258	1139	934	1214	1148	1159
AT2G29730	81	52	97	199	226	195
AT2G29740	8	3	3	3	8	4
AT2G29750	6	3	7	27	11	12
AT2G29760	429	356	174	173	154	217
AT2G29770	1	0	0	0	0	0
AT2G29870	1	0	2	0	0	0
AT2G29890	143	137	197	339	281	199
AT2G29900	301	260	279	302	241	217
AT2G29910	371	320	389	266	219	176
AT2G29940	165	164	72	121	101	86
AT2G29950	174	163	177	48	46	47
AT2G29960	1060	945	1412	1506	1240	1167
AT2G29970	1241	1067	960	2080	1740	1687
AT2G29980	1015	988	1596	5252	4425	4787
AT2G29990	1070	905	781	522	532	435
AT2G29995	29	21	76	61	52	55
AT2G30000	291	297	344	147	141	157
AT2G30010	168	130	273	1001	919	1268
AT2G30020	17792	15615	12681	11900	9347	8693
AT2G30040	4063	3723	3217	2730	2436	2236
AT2G30050	1051	912	828	989	860	838
AT2G30060	1655	1528	1576	1760	1575	1465
AT2G30070	539	515	386	599	518	578
AT2G30080	94	84	94	85	60	53
AT2G30100	467	409	509	888	627	416
AT2G30105	665	645	617	522	494	454
AT2G30110	8679	7834	5271	5649	5027	5051
AT2G30115	0	0	2	0	0	0
AT2G30120	197	182	206	219	159	149
AT2G30130	0	0	0	0	0	1
AT2G30140	5798	5430	3838	1364	1044	821
AT2G30150	148	144	155	366	256	295
AT2G30160	441	399	352	348	297	303
AT2G30170	417	325	668	902	826	889
AT2G30200	776	801	614	1244	1154	1206
AT2G30210	5	2	21	7	6	16
AT2G30220	1	0	0	0	0	0
AT2G30230	773	597	721	435	426	479
AT2G30240	1	0	0	0	0	1
AT2G30250	9144	8023	6615	2731	2323	2248
AT2G30260	1496	1354	1565	1204	1104	1035
AT2G30270	1017	873	1110	624	549	593
AT2G30280	458	435	398	308	267	224
AT2G30290	0	0	1	0	0	0
AT2G30300	3	1	1	2	0	0
AT2G30310	0	1	0	0	0	1
AT2G30320	317	263	190	377	315	319
AT2G30330	250	239	283	271	201	232
AT2G30340	15	4	7	0	0	0
AT2G30350	386	345	365	239	207	232
AT2G30360	7710	6758	5689	2088	1737	1291
AT2G30362	6389	5641	3971	1720	1381	1025
AT2G30370	26	40	61	39	21	10
AT2G30380	2	3	1	3	4	2
AT2G30390	2390	2160	2522	2719	2257	2678
AT2G30395	0	3	8	9	15	7
AT2G30400	4	14	17	5	2	4
AT2G30410	650	513	781	701	636	693
AT2G30420	10	19	43	66	67	98
AT2G30424	143	121	285	251	222	214
AT2G30432	0	1	15	13	15	21
AT2G30440	9135	8136	7039	8813	7575	7293
AT2G30460	291	231	261	420	389	360
AT2G30470	1172	1074	666	963	756	844
AT2G30480	158	138	119	104	73	67
AT2G30490	4330	4006	3898	2870	2603	1996
AT2G30500	4498	4190	3234	3211	2424	2654
AT2G30505	90	77	77	41	52	20
AT2G30520	4670	4225	6132	5075	4745	3054
AT2G30530	1861	1610	1799	692	567	556
AT2G30540	36	30	66	73	62	83
AT2G30550	4094	3768	2570	1475	1297	1133
AT2G30560	3	1	3	2	2	1
AT2G30570	15779	14370	35809	54867	66984	60779
AT2G30575	235	237	196	562	393	408
AT2G30580	556	459	359	349	289	241
AT2G30590	1331	1178	1203	756	635	725
AT2G30600	2922	2632	2818	5320	4634	5714
AT2G30615	442	443	909	919	881	996
AT2G30620	5525	4861	8572	4061	3620	3238
AT2G30630	8	4	11	4	7	5
AT2G30660	103	65	19	11	11	3
AT2G30670	3	1	4	1	5	0
AT2G30680	0	1	0	0	0	0
AT2G30690	8	5	9	10	5	3
AT2G30695	481	395	562	870	700	794
AT2G30700	1207	1065	923	1019	1009	918
AT2G30710	813	721	584	661	646	599
AT2G30720	1172	1067	813	1137	1063	1079
AT2G30730	2	0	0	2	2	0
AT2G30740	1081	981	968	1215	958	842
AT2G30750	1838	1640	1341	233	202	256
AT2G30760	124	132	180	110	70	86
AT2G30766	293	280	476	203	181	231
AT2G30770	1134	1101	912	975	761	340
AT2G30780	820	685	559	391	333	344
AT2G30790	143	133	210	354	301	182
AT2G30800	1012	931	524	839	661	639
AT2G30820	8	15	13	55	43	50
AT2G30830	3	6	2	25	9	23
AT2G30840	133	88	103	38	38	46
AT2G30860	42695	38247	39749	37996	37447	40454
AT2G30870	12741	11276	11638	18700	15658	16741
AT2G30880	1026	972	758	815	683	608
AT2G30890	40	30	57	94	83	76
AT2G30900	5	11	27	39	25	22
AT2G30910	333	280	403	339	312	395
AT2G30920	301	300	282	303	316	298
AT2G30930	5272	4936	5171	3591	3443	3833
AT2G30933	22	20	24	13	8	8
AT2G30940	0	0	0	1	0	0
AT2G30942	78	67	107	61	64	73
AT2G30945	84	67	92	94	79	61
AT2G30950	19520	17290	14830	27269	24437	25376
AT2G30960	217	163	194	153	152	136
AT2G30970	2862	2536	2061	1935	1722	1885
AT2G30980	2663	2404	1950	2749	2394	2585
AT2G30984	0	1	2	1	3	1
AT2G30985	0	1	1	0	2	1
AT2G30990	2106	1805	1280	2345	1989	2399
AT2G31010	394	373	209	639	609	989
AT2G31018	17	19	7	9	8	10
AT2G31020	482	477	253	325	259	307
AT2G31030	0	1	0	2	0	0
AT2G31035	1	0	0	3	0	1
AT2G31040	2980	2671	2577	4534	4012	5156
AT2G31050	13	17	9	0	0	0
AT2G31060	2626	2421	1118	1107	876	891
AT2G31070	825	802	861	1243	913	916
AT2G31085	0	0	2	0	0	0
AT2G31090	800	755	964	612	750	684
AT2G31100	10	11	16	20	18	9
AT2G31110	1084	1021	1048	364	302	243
AT2G31130	526	493	493	239	202	171
AT2G31140	646	579	625	533	425	441
AT2G31141	54	71	73	22	29	24
AT2G31150	334	275	313	513	466	424
AT2G31160	64	48	56	73	72	35
AT2G31170	561	491	428	745	669	835
AT2G31180	11	10	8	11	7	6
AT2G31190	363	373	374	436	373	401
AT2G31200	1868	1704	2101	967	891	969
AT2G31210	12	8	2	3	6	6
AT2G31220	4	3	6	14	17	8
AT2G31230	424	342	600	250	200	157
AT2G31240	650	548	374	308	225	289
AT2G31250	8	6	3	8	9	3
AT2G31260	1358	1213	755	891	780	877
AT2G31270	235	191	139	179	161	167
AT2G31280	805	734	538	651	513	480
AT2G31290	201	174	201	169	150	153
AT2G31300	428	408	247	410	345	274
AT2G31305	353	303	369	159	165	194
AT2G31310	1	0	0	0	0	0
AT2G31320	1351	1145	863	240	216	182
AT2G31335	5	8	2	0	1	0
AT2G31340	210	206	124	279	204	192
AT2G31345	9	4	4	4	4	3
AT2G31350	1603	1368	1682	1400	1100	1008
AT2G31360	4643	4324	3646	5267	4396	5493
AT2G31370	1556	1294	1044	1326	1112	938
AT2G31380	477	391	1003	630	656	292
AT2G31390	2433	2204	2036	1207	1272	944
AT2G31400	10119	8937	5926	7483	6382	6025
AT2G31410	807	707	773	704	629	535
AT2G31420	4	6	3	1	2	4
AT2G31425	2	1	1	0	0	1
AT2G31430	0	0	0	0	1	0
AT2G31440	515	471	610	570	634	580
AT2G31450	347	334	380	354	319	307
AT2G31490	1248	1172	1734	1390	1352	1211
AT2G31500	1	3	3	0	0	0
AT2G31510	2562	2451	2207	1980	1754	1634
AT2G31530	835	697	580	665	472	492
AT2G31540	1	2	3	0	0	0
AT2G31550	0	0	1	0	1	0
AT2G31560	1073	1055	1203	305	283	194
AT2G31570	2956	2534	3133	2379	2113	1632
AT2G31580	521	414	360	326	296	317
AT2G31585	255	233	427	390	406	362
AT2G31590	5	4	6	2	3	1
AT2G31600	123	90	82	107	81	92
AT2G31610	5846	5197	5021	4738	3822	3388
AT2G31650	306	320	216	240	199	234
AT2G31660	3009	2607	1233	2006	1675	1745
AT2G31670	995	915	1066	1470	1354	1253
AT2G31680	544	539	468	523	434	385
AT2G31690	7	11	10	1	4	5
AT2G31710	237	243	342	279	281	250
AT2G31725	109	82	109	112	89	108
AT2G31730	220	173	151	147	109	157
AT2G31740	1457	1421	856	727	603	682
AT2G31750	481	394	474	482	394	355
AT2G31751	213	170	219	198	161	136
AT2G31790	1091	971	1076	1789	1466	1367
AT2G31800	7001	6238	5499	6633	5560	5605
AT2G31810	3515	3273	2760	4515	3746	3988
AT2G31820	2941	2595	1954	2571	2210	1849
AT2G31830	63	62	47	90	70	83
AT2G31840	597	483	469	965	822	798
AT2G31862	0	3	4	2	1	1
AT2G31865	7804	7046	4850	2040	1981	1847
AT2G31870	1611	1391	1153	429	416	473
AT2G31880	43851	40555	26495	29605	25308	23466
AT2G31890	7880	7177	8764	5973	5336	5173
AT2G31900	187	163	146	347	271	242
AT2G31902	112	105	83	240	182	162
AT2G31910	3	1	2	7	10	2
AT2G31920	0	2	2	1	4	5
AT2G31930	0	3	5	0	0	0
AT2G31940	6	3	6	3	3	4
AT2G31945	321	272	228	65	36	39
AT2G31953	0	2	0	0	0	0
AT2G31955	1317	1184	998	787	718	723
AT2G31957	1	0	5	1	1	1
AT2G31960	3344	3098	1680	3692	3006	3007
AT2G31970	1326	1153	546	873	662	604
AT2G31980	80	56	112	55	64	30
AT2G31985	3	1	3	1	0	0
AT2G31990	1136	1070	733	446	393	325
AT2G32000	789	705	587	766	626	580
AT2G32010	354	325	398	732	700	588
AT2G32020	82	96	188	27	21	20
AT2G32030	1036	988	1012	693	696	647
AT2G32040	1039	848	857	1152	1078	1104
AT2G32050	8	6	4	1	1	1
AT2G32060	2880	2563	3046	1817	2015	1819
AT2G32070	1446	1376	1392	940	735	710
AT2G32080	1989	1804	2036	2961	2637	2447
AT2G32090	910	764	1514	1063	994	954
AT2G32100	19	22	75	112	124	63
AT2G32120	61	51	50	73	63	38
AT2G32130	389	348	295	138	108	66
AT2G32140	2960	2678	2048	1618	1232	851
AT2G32150	5381	5300	4405	3240	2905	1987
AT2G32160	3710	3383	3551	2647	2088	1489
AT2G32170	1283	1143	908	1160	1031	962
AT2G32179	294	259	369	596	478	589
AT2G32180	293	257	369	590	477	588
AT2G32190	995	1002	725	152	188	214
AT2G32200	591	598	625	307	348	342
AT2G32210	3371	3349	3027	673	741	735
AT2G32220	277	276	262	205	173	203
AT2G32230	1164	988	901	2213	1843	1911
AT2G32235	1453	1257	1457	1781	1437	1310
AT2G32240	5867	5195	2771	5899	4703	4646
AT2G32250	689	643	422	534	494	411
AT2G32260	1564	1480	1449	1337	1108	1086
AT2G32270	5	1	3	3	5	7
AT2G32280	211	185	145	49	66	81
AT2G32290	726	608	800	370	284	479
AT2G32295	375	366	319	291	252	220
AT2G32300	0	0	1	0	2	2
AT2G32315	0	0	1	2	1	0
AT2G32320	832	731	659	566	454	446
AT2G32340	105	121	69	138	126	94
AT2G32350	1	0	0	0	0	0
AT2G32370	0	1	0	0	0	0
AT2G32380	219	202	215	285	249	276
AT2G32390	364	325	239	464	379	425
AT2G32400	660	596	327	898	838	744
AT2G32410	185	170	165	199	174	180
AT2G32415	469	409	311	355	350	352
AT2G32430	227	156	218	168	157	134
AT2G32440	240	214	316	794	616	590
AT2G32450	384	414	365	601	484	496
AT2G32460	11	14	5	3	1	1
AT2G32470	261	254	454	353	356	401
AT2G32480	1914	1752	1736	2891	2291	2681
AT2G32487	21	18	38	153	143	92
AT2G32500	361	354	634	1046	974	1052
AT2G32510	52	41	16	64	61	32
AT2G32520	1471	1341	1826	1553	1439	1378
AT2G32530	600	543	427	96	78	36
AT2G32540	278	232	312	416	370	214
AT2G32550	53	44	73	7	13	9
AT2G32560	679	587	943	1725	1408	1270
AT2G32580	1068	901	1242	1647	1268	1213
AT2G32590	66	68	73	99	98	63
AT2G32600	1430	1338	1259	789	645	712
AT2G32610	1	4	0	0	0	1
AT2G32630	43	52	27	68	51	47
AT2G32640	286	255	361	698	687	653
AT2G32645	266	240	382	373	333	415
AT2G32650	589	496	697	888	718	861
AT2G32660	317	278	136	41	42	28
AT2G32670	50	33	30	40	53	23
AT2G32680	8876	7809	3331	5332	4200	3393
AT2G32690	1543	1359	1883	4771	4672	4382
AT2G32700	4593	4158	2530	3434	2752	2947
AT2G32710	738	680	798	547	397	419
AT2G32720	154	129	195	469	360	274
AT2G32730	4550	4037	2433	3335	2962	2955
AT2G32740	0	1	2	0	0	0
AT2G32750	1	2	4	3	6	4
AT2G32760	559	511	407	338	309	298
AT2G32765	51	31	51	63	63	38
AT2G32770	11	12	17	39	23	16
AT2G32780	1	0	0	0	0	1
AT2G32790	6	2	3	4	1	2
AT2G32795	118	109	129	128	127	124
AT2G32800	4473	4190	2457	3835	3145	2679
AT2G32810	2083	1862	1251	2624	2173	2183
AT2G32830	91	69	71	14	19	17
AT2G32840	259	261	205	245	163	146
AT2G32850	2260	1971	1273	1223	1059	1135
AT2G32860	369	331	419	847	684	612
AT2G32870	2798	2480	3571	3124	2762	2516
AT2G32880	680	679	1276	1244	1110	1042
AT2G32885	3	3	10	9	3	8
AT2G32890	76	81	41	53	46	44
AT2G32900	884	789	630	636	531	584
AT2G32905	1	2	0	1	1	0
AT2G32910	1160	1092	769	864	722	747
AT2G32920	2181	1844	1382	1291	1165	1224
AT2G32930	2209	1936	1108	1060	1037	900
AT2G32940	47	37	39	69	77	43
AT2G32950	1211	1097	957	951	743	683
AT2G32960	169	173	156	56	59	37
AT2G32970	921	817	579	1109	962	1082
AT2G32980	353	321	326	475	414	379
AT2G32990	70	66	113	681	542	285
AT2G33000	4	7	7	4	4	7
AT2G33020	223	176	110	44	32	33
AT2G33030	1	0	0	0	0	0
AT2G33040	5147	4630	4358	5912	5084	5115
AT2G33050	553	524	521	981	756	754
AT2G33051	524	465	466	957	725	726
AT2G33060	217	193	203	188	167	125
AT2G33070	15	9	8	2	2	2
AT2G33080	994	864	422	88	69	35
AT2G33090	1	0	0	0	0	0
AT2G33100	34	15	9	10	9	4
AT2G33110	1182	1060	812	689	706	589
AT2G33120	5969	5239	4411	3608	3449	3169
AT2G33130	5	10	18	1	2	2
AT2G33150	27714	25054	20522	13200	11599	11198
AT2G33160	14	14	1	0	1	3
AT2G33170	1913	1761	848	810	670	743
AT2G33175	14	9	8	5	5	4
AT2G33180	369	338	487	661	587	579
AT2G33200	6	2	12	0	0	0
AT2G33205	4	2	15	19	16	8
AT2G33210	1922	1757	813	998	877	880
AT2G33220	1286	1224	1391	1548	1598	1658
AT2G33230	0	3	0	0	0	2
AT2G33240	5	13	7	20	20	9
AT2G33250	339	270	466	750	560	478
AT2G33255	481	405	719	670	534	614
AT2G33260	10	9	1	7	2	3
AT2G33280	4	7	3	11	9	4
AT2G33290	309	279	196	339	237	264
AT2G33300	0	2	0	0	0	0
AT2G33310	492	520	692	677	506	453
AT2G33320	396	360	277	308	265	256
AT2G33330	80	106	124	600	460	590
AT2G33340	3781	3560	2968	3608	3351	3000
AT2G33350	29	19	11	33	29	24
AT2G33360	477	446	384	337	322	285
AT2G33370	2164	1839	2657	1911	1944	1661
AT2G33380	5237	4837	3810	1440	1128	566
AT2G33385	21	18	15	19	10	12
AT2G33390	1512	1216	1633	1309	1057	1009
AT2G33400	331	288	537	331	328	291
AT2G33410	2312	1995	1821	1480	1234	1124
AT2G33420	0	0	0	0	1	0
AT2G33430	1770	1594	1403	2057	1801	1948
AT2G33435	597	451	101	411	361	332
AT2G33440	447	438	422	396	337	305
AT2G33450	775	798	1623	5160	4052	4580
AT2G33460	12	7	8	8	2	8
AT2G33470	2023	1731	1778	1232	1454	1287
AT2G33480	1672	1542	1775	365	243	253
AT2G33490	2041	1795	1083	714	541	533
AT2G33500	319	295	344	359	278	263
AT2G33510	538	486	642	305	304	297
AT2G33520	1	1	0	3	0	1
AT2G33530	2111	1924	1671	1195	1095	888
AT2G33540	1233	1090	752	1179	896	868
AT2G33550	270	244	334	459	361	317
AT2G33560	18	21	36	77	62	70
AT2G33570	333	361	277	666	595	647
AT2G33580	8112	7262	3425	5228	4335	3875
AT2G33585	124	115	227	135	126	106
AT2G33590	1405	1169	1307	1021	929	701
AT2G33600	421	395	458	718	643	697
AT2G33610	745	734	770	735	618	555
AT2G33620	964	895	880	930	759	642
AT2G33630	3027	2835	2436	1787	1513	1524
AT2G33640	34	25	39	44	37	31
AT2G33680	153	120	66	95	84	94
AT2G33690	0	0	2	0	0	0
AT2G33700	1267	1172	1096	687	557	530
AT2G33710	118	108	74	30	34	25
AT2G33720	4	3	10	0	0	0
AT2G33730	2222	2020	1224	2229	1801	1873
AT2G33735	57	31	56	56	59	76
AT2G33740	678	652	865	625	652	651
AT2G33750	1	1	17	23	12	13
AT2G33760	51	60	21	29	19	20
AT2G33770	3713	3347	2786	4657	4362	4307
AT2G33775	0	0	0	3	0	4
AT2G33780	1	1	0	4	3	0
AT2G33793	35	29	31	58	51	30
AT2G33796	0	0	0	1	2	0
AT2G33800	3689	3169	4619	8633	6944	7636
AT2G33810	348	271	449	456	441	394
AT2G33815	347	262	442	452	437	390
AT2G33820	152	145	181	285	221	223
AT2G33830	11777	11965	16182	8226	8619	18732
AT2G33835	485	432	296	350	276	291
AT2G33840	1157	990	743	625	582	497
AT2G33845	907	883	830	529	539	489
AT2G33847	38	39	40	27	28	28
AT2G33850	306	243	560	1679	1118	881
AT2G33855	234	219	439	633	479	564
AT2G33860	842	766	754	1077	967	1020
AT2G33880	0	0	0	3	1	0
AT2G33980	322	313	315	172	166	163
AT2G33990	289	238	373	583	473	448
AT2G34000	4	3	19	1	2	3
AT2G34010	38	33	44	126	99	82
AT2G34020	2	0	1	0	0	0
AT2G34030	30	31	47	3	5	5
AT2G34040	2167	1907	1660	1418	1212	1120
AT2G34050	254	210	238	157	178	135
AT2G34060	29	28	62	175	130	132
AT2G34070	1271	1159	1022	573	546	398
AT2G34080	54	37	48	21	10	10
AT2G34090	951	912	689	1416	1197	1493
AT2G34100	1	0	0	1	1	0
AT2G34110	1012	953	742	1441	1207	1505
AT2G34140	12	29	7	7	12	16
AT2G34150	53	36	32	205	171	179
AT2G34160	419	383	617	390	330	405
AT2G34170	194	208	277	606	541	549
AT2G34180	34	28	39	78	64	86
AT2G34185	7	6	3	11	6	7
AT2G34190	29	19	34	95	80	68
AT2G34200	124	80	158	139	105	126
AT2G34210	2	1	0	5	0	2
AT2G34220	17	11	15	9	10	6
AT2G34224	4	3	1	0	2	1
AT2G34230	9	8	7	7	6	7
AT2G34238	5	1	2	1	1	3
AT2G34240	38	42	25	20	14	12
AT2G34250	11078	10148	8315	7805	7633	7359
AT2G34260	724	609	554	277	214	225
AT2G34270	0	0	1	0	0	0
AT2G34300	535	478	307	1271	1072	1067
AT2G34310	926	780	970	1408	1073	955
AT2G34315	0	0	0	0	1	0
AT2G34320	1	0	1	0	0	1
AT2G34330	0	2	1	0	1	1
AT2G34340	12	14	14	19	13	22
AT2G34350	0	0	0	0	1	0
AT2G34355	224	164	185	390	368	370
AT2G34357	2489	2317	987	1372	1067	1060
AT2G34360	105	88	90	9	8	16
AT2G34370	1	1	3	2	0	0
AT2G34380	219	161	209	145	135	123
AT2G34390	29	32	30	33	16	23
AT2G34400	130	124	60	87	75	82
AT2G34410	631	572	510	596	514	517
AT2G34420	89920	97548	188752	285515	342949	300527
AT2G34430	7580	8292	49333	150759	165686	147416
AT2G34440	32	27	28	26	11	8
AT2G34450	132	86	176	107	94	51
AT2G34460	1592	1345	2116	1918	1831	1531
AT2G34470	1408	1295	1736	1708	1602	1562
AT2G34480	3543	3072	3978	8829	8039	6888
AT2G34490	262	275	299	553	504	477
AT2G34500	517	462	373	46	63	22
AT2G34510	986	889	917	2736	2361	3069
AT2G34520	793	708	995	606	560	537
AT2G34530	7	5	22	16	14	12
AT2G34540	4	11	10	6	11	8
AT2G34555	3	1	1	1	1	3
AT2G34560	395	395	580	1484	1364	1149
AT2G34570	424	357	322	228	180	153
AT2G34580	18	21	12	5	6	6
AT2G34585	838	705	1000	775	922	933
AT2G34590	1352	1208	1319	2143	1977	1955
AT2G34600	2997	2647	2951	1500	1285	999
AT2G34610	122	95	159	2	3	0
AT2G34620	145	135	395	1667	1527	1123
AT2G34630	1475	1228	1185	754	693	539
AT2G34640	955	890	715	1865	1304	1518
AT2G34650	415	364	327	316	311	240
AT2G34655	361	281	264	756	668	714
AT2G34660	1727	1543	1002	1619	1340	1097
AT2G34670	129	105	120	157	126	106
AT2G34680	945	898	602	2244	1804	1921
AT2G34690	1555	1402	1682	1344	1075	1168
AT2G34710	843	780	727	666	687	557
AT2G34720	406	372	634	871	728	340
AT2G34730	701	655	652	502	404	341
AT2G34740	1	0	0	0	0	0
AT2G34750	4359	3926	3121	1975	1676	1780
AT2G34770	1138	1059	1225	1539	1206	1758
AT2G34780	1358	1186	651	460	449	432
AT2G34790	48	38	55	57	50	33
AT2G34810	1408	1214	1535	1372	1058	834
AT2G34820	0	0	1	0	0	0
AT2G34830	5	12	2	9	13	4
AT2G34840	181	168	178	297	261	212
AT2G34850	19	19	30	72	69	39
AT2G34860	1497	1386	1920	3224	2925	2949
AT2G34870	0	0	0	0	1	0
AT2G34880	0	0	0	0	1	0
AT2G34900	967	825	787	466	354	346
AT2G34910	10	4	1	20	12	19
AT2G34920	505	431	494	112	88	100
AT2G34925	15	13	46	31	39	44
AT2G34930	1210	1171	684	3450	3076	3024
AT2G34940	131	110	98	146	122	120
AT2G34960	56	48	38	98	70	41
AT2G34970	1462	1237	851	668	557	634
AT2G34980	22	21	30	24	19	15
AT2G34990	0	0	2	0	0	0
AT2G35000	69	41	36	8	17	9
AT2G35010	979	866	869	520	502	485
AT2G35020	1118	1127	941	1214	1046	868
AT2G35030	154	143	80	109	74	69
AT2G35035	48	53	44	50	33	37
AT2G35040	3449	2969	2137	1632	1449	1571
AT2G35050	6765	6019	3131	8511	7148	7598
AT2G35060	2172	1891	1595	2389	2075	1490
AT2G35070	360	313	313	45	35	16
AT2G35075	10	12	3	29	13	17
AT2G35080	0	0	1	0	0	0
AT2G35090	2	2	0	0	1	0
AT2G35100	384	390	271	447	366	372
AT2G35110	1757	1511	889	1727	1466	1445
AT2G35120	390	337	483	469	461	387
AT2G35130	118	104	172	501	451	402
AT2G35140	34	24	22	26	25	28
AT2G35150	7	11	16	60	37	36
AT2G35155	489	392	398	656	560	607
AT2G35160	45	40	30	68	52	51
AT2G35170	237	212	194	193	151	179
AT2G35190	140	126	109	478	388	355
AT2G35200	0	0	0	5	1	0
AT2G35210	0	1	2	12	7	9
AT2G35230	836	734	486	608	414	471
AT2G35240	916	877	755	622	523	479
AT2G35250	0	0	0	2	0	0
AT2G35260	3989	3409	4293	9141	7750	7303
AT2G35270	0	4	5	0	1	0
AT2G35290	1242	1129	1289	671	639	608
AT2G35300	5	11	4	2	0	0
AT2G35310	10	17	18	22	19	6
AT2G35320	507	503	578	545	461	456
AT2G35330	1178	1057	837	1111	875	866
AT2G35340	227	192	144	294	245	176
AT2G35345	6	12	11	8	15	9
AT2G35350	64	59	44	70	67	74
AT2G35360	238	242	297	239	195	165
AT2G35370	2468	2233	4904	7421	6874	8333
AT2G35380	22	25	27	3	0	5
AT2G35382	3	4	4	0	1	3
AT2G35384	2	1	1	1	1	0
AT2G35387	6	5	0	4	2	1
AT2G35390	1948	1661	1448	1324	1154	1301
AT2G35410	1518	1391	1803	2813	2430	2947
AT2G35420	141	123	123	133	88	113
AT2G35430	110	97	126	88	69	72
AT2G35450	447	357	490	820	878	951
AT2G35470	705	671	1002	576	538	512
AT2G35480	176	155	191	57	42	80
AT2G35490	4924	4602	3622	4760	3644	3777
AT2G35500	734	682	680	1315	1196	1379
AT2G35510	2956	2658	1954	2261	1871	1761
AT2G35520	268	304	315	341	349	350
AT2G35530	765	660	631	404	382	335
AT2G35540	236	194	199	152	105	124
AT2G35550	163	169	168	46	29	31
AT2G35585	30	11	21	29	26	27
AT2G35600	52	33	42	46	40	17
AT2G35605	322	301	308	234	227	215
AT2G35610	978	825	589	1158	891	937
AT2G35620	594	486	429	1199	1150	1092
AT2G35630	2734	2495	1114	2760	2380	2358
AT2G35635	1756	1603	1951	1913	1529	1530
AT2G35637	25	18	31	140	111	126
AT2G35640	22	20	32	129	116	120
AT2G35650	457	358	456	912	837	902
AT2G35658	392	378	267	210	229	188
AT2G35660	480	503	620	440	440	379
AT2G35670	1	1	3	2	0	0
AT2G35680	5070	4555	4408	4638	3962	3221
AT2G35690	545	455	395	621	555	579
AT2G35700	8	7	13	24	37	20
AT2G35710	1019	927	488	1355	1083	1120
AT2G35720	673	620	420	499	439	421
AT2G35730	50	53	35	29	26	9
AT2G35733	8	4	6	2	4	3
AT2G35736	210	204	251	139	122	108
AT2G35738	104	103	45	75	33	29
AT2G35740	195	195	129	109	85	89
AT2G35742	21	18	18	5	2	3
AT2G35744	56	41	46	35	29	40
AT2G35747	0	2	0	0	0	0
AT2G35750	156	130	121	91	67	84
AT2G35760	181	163	276	362	360	308
AT2G35765	0	2	1	0	1	0
AT2G35770	3	15	21	4	3	0
AT2G35780	1160	1083	1226	2146	1934	1965
AT2G35790	665	611	546	523	494	446
AT2G35795	700	583	859	611	562	510
AT2G35800	1527	1282	1227	1954	1597	1533
AT2G35810	881	799	938	672	636	515
AT2G35820	747	771	894	662	581	616
AT2G35830	1846	1543	2533	2005	1625	1450
AT2G35840	1941	1719	1767	2318	1882	1793
AT2G35850	2	0	2	3	7	8
AT2G35859	180	197	213	1621	1363	943
AT2G35860	217	238	347	2164	1767	1240
AT2G35880	1255	1147	888	2426	1884	2285
AT2G35890	0	0	0	0	0	1
AT2G35900	737	796	642	545	494	465
AT2G35910	67	79	102	36	17	34
AT2G35920	802	765	645	1039	858	753
AT2G35930	10034	9232	6724	7337	5996	5984
AT2G35940	7495	7383	4691	3780	3212	2502
AT2G35945	1703	1903	580	728	693	535
AT2G35950	41	50	82	46	27	13
AT2G35960	173	159	262	753	657	611
AT2G35970	36	28	24	17	9	9
AT2G35980	1931	1868	1461	454	376	223
AT2G35990	3	0	5	1	0	1
AT2G36000	784	705	929	2042	1577	1579
AT2G36010	204	155	131	142	119	154
AT2G36020	4	4	4	0	0	1
AT2G36026	23	38	50	74	52	51
AT2G36030	1	1	6	13	6	3
AT2G36050	45	36	141	269	212	249
AT2G36060	2325	2232	2760	2287	1909	1777
AT2G36070	1282	1103	773	875	632	606
AT2G36080	1821	1629	1761	554	523	419
AT2G36090	114	110	138	93	72	60
AT2G36100	0	0	0	0	2	6
AT2G36110	12	9	8	15	7	21
AT2G36120	976	890	1058	1450	1436	1529
AT2G36130	681	612	907	872	693	689
AT2G36145	345	351	602	916	808	983
AT2G36150	0	0	1	0	0	0
AT2G36160	4356	3992	4726	3024	3293	2879
AT2G36170	2043	1824	2063	1584	1453	1300
AT2G36190	0	0	0	0	0	1
AT2G36200	130	101	100	290	232	245
AT2G36210	2	2	4	1	0	3
AT2G36220	6149	6005	5614	4591	3978	3557
AT2G36230	296	280	272	494	390	449
AT2G36240	729	631	675	1000	706	785
AT2G36250	2084	1835	1485	2589	2200	2538
AT2G36260	0	0	0	2	0	1
AT2G36261	18	8	20	0	2	0
AT2G36270	159	119	94	51	57	39
AT2G36290	606	566	633	400	440	450
AT2G36295	1	4	2	0	0	0
AT2G36300	937	870	655	518	523	566
AT2G36305	241	225	171	165	174	132
AT2G36307	33	30	54	36	28	20
AT2G36310	812	672	717	1265	941	951
AT2G36320	2203	2047	3460	2754	2625	2397
AT2G36325	1	3	1	2	3	2
AT2G36330	569	496	550	433	392	345
AT2G36340	322	302	326	279	213	208
AT2G36350	298	288	314	514	466	370
AT2G36355	120	117	208	114	132	133
AT2G36360	871	791	670	859	754	831
AT2G36370	396	344	294	251	199	200
AT2G36380	1986	1651	927	2087	1747	1678
AT2G36390	5815	5365	2934	4010	3542	5877
AT2G36400	431	338	530	521	454	443
AT2G36410	1488	1319	1476	1608	1178	1520
AT2G36420	389	403	352	604	512	435
AT2G36430	641	664	633	910	879	873
AT2G36440	52	60	35	28	18	10
AT2G36450	0	1	0	0	0	0
AT2G36460	6666	6050	5402	4702	4051	4785
AT2G36470	358	304	309	352	307	344
AT2G36480	895	850	559	715	632	647
AT2G36485	190	186	100	101	118	92
AT2G36490	1051	897	802	1821	1669	1626
AT2G36500	52	50	44	92	59	86
AT2G36530	22183	20329	14998	12833	11093	11172
AT2G36540	42	44	81	12	12	13
AT2G36570	157	123	183	434	377	336
AT2G36580	4166	3573	1949	1548	1337	1265
AT2G36590	33	26	39	46	40	52
AT2G36600	0	1	0	0	0	0
AT2G36610	0	1	2	1	1	0
AT2G36620	1830	1708	1972	2884	2404	2044
AT2G36630	759	677	695	568	486	344
AT2G36640	6	11	3	4	0	0
AT2G36650	37	28	37	38	21	31
AT2G36660	3	3	5	13	7	8
AT2G36670	788	707	556	488	466	437
AT2G36680	1211	1056	1275	1018	827	734
AT2G36690	29	21	16	35	33	16
AT2G36710	0	0	0	3	0	1
AT2G36720	1682	1545	1043	1425	1199	1224
AT2G36730	147	118	77	79	84	60
AT2G36740	461	390	385	432	291	331
AT2G36750	37	28	28	2	1	2
AT2G36760	2	1	2	1	0	1
AT2G36770	933	818	724	392	323	327
AT2G36780	5459	4787	4722	275	236	290
AT2G36790	1063	971	1782	294	311	343
AT2G36792	1007	934	1665	304	314	348
AT2G36800	1254	1087	1955	496	402	376
AT2G36810	1710	1488	749	1653	1507	1563
AT2G36815	2	3	1	0	1	0
AT2G36830	2010	2136	2197	3830	4499	4812
AT2G36835	1818	1605	2171	1117	966	1131
AT2G36840	231	238	222	246	202	216
AT2G36850	4650	4028	1840	3108	2590	2624
AT2G36854	9	12	3	2	5	2
AT2G36870	240	219	299	642	491	295
AT2G36880	3862	3557	3060	6113	5913	4951
AT2G36885	70	65	92	274	233	276
AT2G36890	22	17	19	35	23	15
AT2G36895	633	552	798	1166	990	915
AT2G36900	714	661	841	607	537	520
AT2G36910	4105	3986	2714	3962	3542	3146
AT2G36920	1	3	0	0	0	0
AT2G36930	1693	1613	1837	1165	996	782
AT2G36950	1600	1543	1332	409	379	280
AT2G36960	759	679	555	432	453	409
AT2G36970	494	474	646	342	336	432
AT2G36980	78	76	52	62	39	50
AT2G36985	29	22	36	20	19	9
AT2G36990	1610	1512	1444	2742	2162	2352
AT2G37000	6	0	2	0	0	1
AT2G37020	469	416	416	361	344	316
AT2G37025	26	39	64	229	167	168
AT2G37030	0	0	5	6	4	16
AT2G37035	434	375	386	498	429	424
AT2G37040	2179	2051	1780	2375	2101	1109
AT2G37050	882	776	691	1058	931	863
AT2G37060	273	287	209	75	79	58
AT2G37070	16	12	10	15	16	13
AT2G37080	1258	1105	1054	1079	761	631
AT2G37090	16	14	32	36	18	26
AT2G37100	191	160	198	119	97	86
AT2G37110	7159	6480	5956	3284	3529	3282
AT2G37120	303	248	366	363	427	423
AT2G37130	5012	4413	6460	5860	5152	5748
AT2G37140	0	0	0	0	4	0
AT2G37150	1025	911	609	512	443	414
AT2G37160	648	596	432	590	597	515
AT2G37170	1484	1405	2519	1788	1691	1242
AT2G37180	313	311	584	595	494	277
AT2G37190	1460	1226	1649	2899	2641	2240
AT2G37195	92	58	83	65	52	60
AT2G37200	637	635	720	733	751	653
AT2G37210	12	13	21	17	10	3
AT2G37220	16348	15250	19054	26164	21855	27931
AT2G37230	921	868	589	653	549	574
AT2G37240	2220	1924	2308	728	626	475
AT2G37250	1989	1889	1750	1088	932	904
AT2G37260	143	151	152	118	98	99
AT2G37270	3281	2847	2739	2081	2282	2072
AT2G37280	58	47	40	68	70	48
AT2G37290	7	5	3	13	12	11
AT2G37300	13	13	57	97	66	41
AT2G37310	289	237	127	99	103	109
AT2G37320	91	84	50	65	47	67
AT2G37330	156	147	189	93	99	103
AT2G37340	2992	2767	2936	2451	1926	1786
AT2G37360	421	396	324	206	199	234
AT2G37362	428	403	336	221	214	241
AT2G37370	0	1	1	7	4	4
AT2G37380	5	5	14	22	30	24
AT2G37390	19	18	51	93	58	44
AT2G37400	657	503	435	576	479	494
AT2G37410	3232	2960	2779	2611	2256	2086
AT2G37420	89	91	96	204	144	156
AT2G37430	300	290	207	402	338	314
AT2G37435	0	2	0	0	0	0
AT2G37440	48	25	25	4	4	1
AT2G37450	239	221	352	781	722	782
AT2G37460	167	145	275	437	346	262
AT2G37470	851	708	1224	789	783	637
AT2G37478	3697	3236	3457	4162	3618	3660
AT2G37480	3697	3236	3457	4162	3618	3660
AT2G37500	757	688	678	897	786	815
AT2G37510	39	37	40	50	63	54
AT2G37520	2814	2481	1786	1614	1522	1372
AT2G37530	96	95	110	37	40	46
AT2G37540	2349	1996	1468	1053	927	1296
AT2G37550	2082	1868	1438	3049	2498	2654
AT2G37555	682	615	328	835	805	797
AT2G37560	120	109	92	88	53	60
AT2G37570	1944	1795	1669	1163	923	840
AT2G37580	334	345	323	305	272	245
AT2G37585	107	107	148	404	318	382
AT2G37590	47	40	47	32	44	28
AT2G37600	980	879	965	905	818	744
AT2G37610	1	2	0	3	0	4
AT2G37620	572	530	410	641	632	558
AT2G37630	405	332	333	498	375	335
AT2G37640	76	91	245	952	900	684
AT2G37650	221	153	175	254	243	213
AT2G37660	4336	4211	4546	9305	7568	9165
AT2G37670	8	9	6	13	11	8
AT2G37678	429	297	646	446	395	395
AT2G37680	415	309	383	289	295	235
AT2G37690	961	857	431	448	442	347
AT2G37700	4	4	6	2	1	1
AT2G37710	5358	4857	3649	5413	4429	4596
AT2G37720	0	1	3	18	16	13
AT2G37740	2	1	0	0	1	1
AT2G37750	178	133	201	32	19	17
AT2G37760	3851	3409	2676	610	463	345
AT2G37770	401	380	190	63	67	84
AT2G37790	412	369	325	423	410	443
AT2G37800	0	0	0	4	0	0
AT2G37810	0	1	0	0	0	0
AT2G37820	3	2	5	2	3	3
AT2G37840	1116	1028	845	984	863	797
AT2G37860	990	893	810	1243	1194	1050
AT2G37870	140	114	54	25	19	19
AT2G37880	2	4	9	12	16	10
AT2G37890	257	263	206	121	93	114
AT2G37900	54	55	61	79	80	34
AT2G37910	1	1	2	0	0	1
AT2G37920	667	617	794	883	751	837
AT2G37925	2	7	3	4	8	6
AT2G37930	173	166	142	223	153	209
AT2G37940	7953	7063	5037	6458	5886	6086
AT2G37950	82	56	113	327	230	220
AT2G37960	26	14	15	35	44	40
AT2G37970	4506	4062	4399	2865	2626	1601
AT2G37975	314	255	358	327	224	224
AT2G37980	249	263	114	108	71	81
AT2G37990	1036	892	724	949	734	735
AT2G38000	1480	1243	1260	979	798	792
AT2G38010	276	284	284	1168	1013	1113
AT2G38020	1974	1785	1352	1603	1387	1342
AT2G38025	498	430	663	881	699	824
AT2G38040	4211	3996	3362	9100	7567	7709
AT2G38050	391	351	525	506	481	395
AT2G38060	20	14	12	20	11	10
AT2G38070	31	27	37	48	43	43
AT2G38080	106	126	191	111	114	99
AT2G38090	19	13	26	115	100	81
AT2G38100	15	15	10	2	1	1
AT2G38110	185	138	196	331	320	217
AT2G38120	932	927	1023	2219	1936	1638
AT2G38130	766	730	851	577	549	487
AT2G38140	1290	1145	2155	4305	3948	4447
AT2G38150	2	2	3	0	0	0
AT2G38152	2	1	10	14	7	2
AT2G38160	16	12	24	65	52	24
AT2G38170	22306	19960	15379	21699	19252	22654
AT2G38180	423	454	355	467	374	443
AT2G38185	238	218	261	179	147	148
AT2G38195	62	47	119	49	41	35
AT2G38210	553	600	684	485	535	456
AT2G38230	3258	3196	3741	2912	2769	2392
AT2G38240	293	259	161	193	152	116
AT2G38250	835	707	599	73	70	48
AT2G38255	5	4	6	11	4	2
AT2G38270	1783	1691	1542	1837	1583	1632
AT2G38280	2120	1976	1104	1265	1080	1329
AT2G38290	1881	1810	1433	1171	1086	1207
AT2G38300	74	67	88	99	80	49
AT2G38310	636	704	853	454	500	610
AT2G38320	11	10	9	34	21	24
AT2G38325	0	0	1	1	0	0
AT2G38330	835	817	882	1137	1046	1127
AT2G38340	1129	945	1056	8	12	7
AT2G38350	145	102	71	0	2	1
AT2G38360	1325	1296	886	566	494	466
AT2G38370	305	269	280	273	221	214
AT2G38380	224	206	170	75	50	103
AT2G38390	224	223	223	17	13	19
AT2G38400	760	706	631	848	708	944
AT2G38410	1774	1592	1117	876	673	654
AT2G38420	164	170	182	107	76	99
AT2G38430	45	43	34	50	32	42
AT2G38440	1919	1778	922	2326	2039	2228
AT2G38450	418	362	571	452	402	370
AT2G38460	119	99	171	267	282	305
AT2G38465	155	180	187	170	172	414
AT2G38470	26705	23945	17374	32172	25243	23024
AT2G38480	167	166	179	220	200	175
AT2G38490	53	39	25	27	17	8
AT2G38500	89	93	111	203	114	133
AT2G38530	1455	1568	1103	322	378	184
AT2G38540	4677	4508	6184	12866	14427	11179
AT2G38550	2038	1804	1510	1316	1096	1368
AT2G38560	1029	939	889	634	639	534
AT2G38570	60	63	87	120	114	105
AT2G38580	514	491	378	439	317	382
AT2G38600	3	1	7	2	1	1
AT2G38610	969	903	861	1076	1019	924
AT2G38620	23	23	25	57	41	46
AT2G38630	342	277	332	509	396	389
AT2G38640	399	372	725	278	216	199
AT2G38646	1	1	0	0	0	0
AT2G38650	943	847	680	1472	1228	1436
AT2G38660	505	421	409	364	336	363
AT2G38670	2094	1828	1639	1791	1616	1704
AT2G38680	206	141	213	280	289	275
AT2G38690	29	9	21	13	8	3
AT2G38695	50	47	71	164	135	128
AT2G38700	517	453	456	1251	1067	976
AT2G38710	1185	1111	1142	617	581	481
AT2G38720	37	34	28	69	51	53
AT2G38730	317	301	299	256	214	242
AT2G38740	839	781	1232	995	994	831
AT2G38750	444	392	503	545	495	405
AT2G38760	114	95	123	166	101	145
AT2G38770	1902	1575	887	1207	942	1060
AT2G38780	398	369	450	648	514	431
AT2G38790	3426	3015	3149	4990	4155	3416
AT2G38800	4427	4040	4592	3550	2862	2364
AT2G38810	242	205	297	147	163	116
AT2G38820	413	428	493	727	624	601
AT2G38823	53	34	60	38	46	33
AT2G38830	68	75	79	77	69	63
AT2G38840	588	536	368	611	506	538
AT2G38860	3463	3348	3014	2191	1850	1336
AT2G38870	411	332	743	472	507	457
AT2G38880	476	381	498	350	309	305
AT2G38890	4	5	2	8	12	5
AT2G38905	1	0	1	0	0	0
AT2G38920	2	1	2	0	0	0
AT2G38940	207	208	198	97	79	109
AT2G38950	1656	1485	1138	1189	951	912
AT2G38960	445	392	301	506	389	407
AT2G38970	159	135	110	333	267	329
AT2G38995	28	31	72	163	123	120
AT2G39000	1494	1446	2060	1607	1458	1322
AT2G39010	4445	4060	4935	10348	9763	10031
AT2G39020	1352	1224	1129	1165	1054	858
AT2G39030	1346	1423	2286	8030	8470	2878
AT2G39050	703	669	591	804	661	620
AT2G39080	825	735	796	1287	1113	1176
AT2G39090	370	307	283	487	362	339
AT2G39100	374	354	311	203	188	215
AT2G39110	89	58	47	62	51	44
AT2G39120	68	53	60	27	24	20
AT2G39130	539	502	293	971	826	861
AT2G39140	1041	904	798	1329	1079	1295
AT2G39160	0	0	1	1	0	0
AT2G39170	765	679	709	440	323	321
AT2G39175	3	2	1	0	0	0
AT2G39180	44	44	44	173	158	173
AT2G39190	2597	2310	1743	3146	2805	2962
AT2G39200	309	265	200	212	178	143
AT2G39210	3253	3096	2459	1394	1122	1067
AT2G39220	431	400	432	546	473	384
AT2G39230	70	69	42	54	40	37
AT2G39240	39	20	21	50	67	49
AT2G39250	225	183	346	1087	940	593
AT2G39260	3016	2665	1457	1791	1524	1443
AT2G39270	1203	1086	979	773	718	679
AT2G39280	675	612	475	1069	827	816
AT2G39290	519	527	457	634	572	593
AT2G39300	95	75	80	81	54	55
AT2G39310	78	62	121	594	428	171
AT2G39320	0	0	1	0	1	1
AT2G39330	1922	1664	3521	5444	4445	1667
AT2G39340	3284	3006	1822	2000	1611	1550
AT2G39350	393	306	396	116	102	76
AT2G39360	2356	2081	1261	1166	962	1022
AT2G39380	142	152	171	77	81	96
AT2G39390	1409	1265	1714	1238	1017	960
AT2G39400	2217	2040	2969	2838	2221	1820
AT2G39410	95	85	128	13	9	8
AT2G39415	0	2	0	0	1	0
AT2G39420	4247	3836	3501	3562	3021	2631
AT2G39430	17	18	16	13	16	8
AT2G39435	267	250	254	211	246	186
AT2G39440	148	139	230	139	159	114
AT2G39445	155	118	184	99	109	110
AT2G39450	505	413	556	1123	906	689
AT2G39460	2209	1873	2583	4698	4179	3982
AT2G39470	653	548	1538	3902	3239	3606
AT2G39480	2061	1812	900	1881	1660	1862
AT2G39490	1	2	0	2	2	1
AT2G39500	189	199	338	194	174	176
AT2G39510	1	0	1	3	0	6
AT2G39518	188	188	204	37	46	24
AT2G39520	13	9	9	1	2	2
AT2G39530	34	28	33	3	2	1
AT2G39550	684	611	565	457	462	397
AT2G39560	12	15	21	35	44	24
AT2G39570	3526	3234	3943	2866	2488	2368
AT2G39580	2228	1967	1138	2344	1928	1971
AT2G39590	4	0	1	0	0	0
AT2G39620	18	19	9	17	13	9
AT2G39630	886	749	867	654	574	561
AT2G39640	1	1	0	0	0	0
AT2G39650	2573	2292	1981	1707	1543	1537
AT2G39660	3451	3156	2892	1310	1167	1347
AT2G39670	1401	1347	1291	1623	1408	1458
AT2G39675	335	286	505	172	165	167
AT2G39681	883	730	903	247	234	229
AT2G39690	44	52	62	88	63	61
AT2G39700	696	665	840	778	578	474
AT2G39705	291	243	602	92	92	60
AT2G39710	1168	1040	949	345	270	333
AT2G39720	1509	1380	1215	1089	1059	1014
AT2G39725	196	220	211	98	113	101
AT2G39730	56436	53147	86779	185971	175287	136141
AT2G39740	1004	903	816	608	511	512
AT2G39750	1163	959	873	1364	1109	1117
AT2G39760	1636	1459	1275	1114	952	868
AT2G39770	4081	3581	4473	5377	5038	4267
AT2G39780	2312	1931	2203	1436	1295	1198
AT2G39795	470	412	481	299	235	199
AT2G39800	5903	5460	5748	10597	8942	3985
AT2G39805	1070	926	899	707	586	575
AT2G39810	1487	1267	795	1035	841	804
AT2G39820	30	20	23	7	7	7
AT2G39830	125	91	78	59	69	70
AT2G39840	1669	1454	1355	1016	874	842
AT2G39850	186	189	400	1801	1411	1204
AT2G39855	0	1	4	3	1	2
AT2G39870	1584	1449	1455	1541	1191	1194
AT2G39880	18	33	26	86	59	63
AT2G39885	12	6	7	0	0	0
AT2G39890	798	776	564	846	696	677
AT2G39900	683	634	710	791	762	1087
AT2G39910	253	235	309	200	182	143
AT2G39920	691	568	727	818	724	901
AT2G39930	1863	1583	1401	2989	2592	2334
AT2G39940	1590	1505	1375	1242	959	904
AT2G39950	1502	1369	1198	1187	1091	838
AT2G39960	1760	1539	1782	1196	1199	1113
AT2G39970	1994	1756	1487	1751	1408	1295
AT2G39975	0	0	0	1	2	1
AT2G39980	282	218	433	650	544	513
AT2G39990	2586	2264	2264	1719	1569	1470
AT2G40000	50751	46352	44665	46397	35302	33085
AT2G40004	1	0	0	0	0	0
AT2G40008	105	120	132	80	95	82
AT2G40010	186	202	206	174	166	150
AT2G40020	269	237	360	383	264	270
AT2G40030	320	328	155	346	310	276
AT2G40050	7	15	0	0	3	2
AT2G40060	2138	2011	2153	3103	2534	2325
AT2G40070	1110	1041	669	1080	761	866
AT2G40080	616	607	270	71	61	401
AT2G40085	20	24	22	19	26	38
AT2G40090	496	473	321	375	319	380
AT2G40095	1105	1067	745	477	415	476
AT2G40100	180	181	397	1136	1192	1037
AT2G40110	522	448	660	403	390	417
AT2G40113	6	3	7	4	4	6
AT2G40116	0	2	1	1	1	0
AT2G40120	87	61	62	139	142	109
AT2G40130	154	142	184	643	514	499
AT2G40140	21801	19721	13370	13531	12490	12738
AT2G40150	34	32	80	363	318	288
AT2G40160	67	61	73	72	60	63
AT2G40170	39	34	4	1	0	2
AT2G40180	87	61	41	17	13	7
AT2G40190	391	363	394	329	328	315
AT2G40200	36	19	29	12	14	11
AT2G40205	416	418	747	244	372	311
AT2G40230	59	36	60	72	60	34
AT2G40240	70	61	73	65	53	53
AT2G40250	0	0	0	2	0	1
AT2G40260	49	29	68	92	67	62
AT2G40270	10031	8643	6118	6238	5638	4816
AT2G40280	692	671	514	1244	1024	902
AT2G40290	1587	1456	1099	1550	1232	1359
AT2G40300	1093	1012	1208	923	871	945
AT2G40316	580	506	584	619	518	519
AT2G40320	13	10	31	56	24	38
AT2G40330	62	88	104	36	37	44
AT2G40340	755	697	472	28	26	67
AT2G40350	25	27	4	0	0	6
AT2G40360	3150	2948	1732	1731	1385	1290
AT2G40370	80	49	66	10	12	10
AT2G40380	1138	1038	928	852	900	786
AT2G40390	159	112	121	62	66	45
AT2G40400	1048	978	847	1716	1483	1538
AT2G40410	1010	963	1054	1285	1110	1100
AT2G40420	619	526	639	615	613	594
AT2G40430	1931	1561	1267	1444	1201	1066
AT2G40435	351	348	367	290	257	166
AT2G40440	6	11	18	11	7	6
AT2G40450	3	0	1	0	0	0
AT2G40460	2094	1934	2180	887	746	504
AT2G40470	10	13	19	3	1	7
AT2G40475	120	114	182	238	207	156
AT2G40480	87	63	85	245	173	163
AT2G40490	2603	2171	2803	5700	5225	5742
AT2G40510	2438	2247	2348	1375	1484	1288
AT2G40520	1147	990	957	826	711	557
AT2G40530	13	19	29	106	54	50
AT2G40540	909	781	820	2237	1833	1936
AT2G40550	813	701	631	325	304	293
AT2G40570	423	335	285	249	212	244
AT2G40580	6	3	4	0	1	2
AT2G40590	1326	1371	1388	797	805	731
AT2G40600	1542	1411	1505	1380	1357	1401
AT2G40610	98	122	921	2833	2511	1784
AT2G40620	165	167	177	242	214	244
AT2G40630	510	430	403	298	291	287
AT2G40640	98	92	120	184	165	163
AT2G40650	1000	914	875	769	673	618
AT2G40660	1385	1138	1042	1081	880	743
AT2G40670	59	45	96	188	198	169
AT2G40690	131	147	128	267	255	281
AT2G40700	810	721	596	370	229	255
AT2G40710	58	59	75	36	40	33
AT2G40711	46	39	24	18	23	7
AT2G40720	93	74	55	74	52	52
AT2G40730	2345	2132	1230	1890	1598	1639
AT2G40740	743	749	302	146	145	50
AT2G40750	3236	3088	2825	1420	1191	1943
AT2G40760	367	343	451	659	518	502
AT2G40765	1253	1314	1562	1002	1051	991
AT2G40770	725	676	297	679	571	534
AT2G40780	173	166	180	104	86	87
AT2G40790	1	1	5	2	0	0
AT2G40800	672	536	530	640	549	503
AT2G40802	1	0	3	0	0	0
AT2G40805	0	0	3	0	0	0
AT2G40810	360	327	296	397	310	297
AT2G40815	327	278	276	302	243	270
AT2G40820	149	129	162	524	463	381
AT2G40830	1994	1956	1562	1066	1043	900
AT2G40840	10039	9011	5644	10940	8724	9189
AT2G40850	91	101	80	90	87	73
AT2G40860	487	454	317	577	513	498
AT2G40880	2377	2140	4408	3539	2917	2516
AT2G40890	1570	1381	1427	1233	1103	877
AT2G40900	71	54	135	85	68	58
AT2G40910	0	0	0	0	2	1
AT2G40920	768	683	786	536	491	531
AT2G40925	0	3	5	8	0	0
AT2G40930	1631	1410	1123	895	734	778
AT2G40935	280	264	317	167	153	204
AT2G40940	1689	1522	1035	1804	1663	1628
AT2G40950	1912	1695	1148	765	632	707
AT2G40955	1	2	0	1	2	1
AT2G40960	165	146	250	711	555	560
AT2G40970	234	215	253	342	284	231
AT2G40980	815	744	513	552	500	495
AT2G41000	372	301	491	151	133	111
AT2G41010	3513	3362	3325	2468	2206	1980
AT2G41020	550	429	434	382	335	342
AT2G41040	599	469	477	369	359	338
AT2G41050	26	14	26	64	57	58
AT2G41060	1053	967	607	582	448	446
AT2G41070	190	150	197	129	116	98
AT2G41080	331	333	291	302	244	253
AT2G41082	96	58	69	30	31	41
AT2G41090	14502	12485	14171	15036	13922	15168
AT2G41100	44327	39500	35225	39228	33092	35530
AT2G41110	5015	4544	3814	3199	2890	3125
AT2G41120	368	333	498	380	249	220
AT2G41130	82	67	67	79	55	42
AT2G41140	1284	1105	995	1040	896	869
AT2G41150	44	61	65	71	58	34
AT2G41160	729	679	602	497	459	537
AT2G41170	52	58	155	209	199	158
AT2G41178	196	213	206	253	188	172
AT2G41180	1096	1079	1287	1205	1076	973
AT2G41190	695	657	338	306	277	146
AT2G41200	119	96	125	117	102	105
AT2G41210	531	520	281	313	280	246
AT2G41220	2446	2128	1258	2321	1980	1545
AT2G41230	2	4	3	10	5	3
AT2G41231	2	4	1	3	2	3
AT2G41240	15	9	12	15	7	7
AT2G41250	1487	1388	3478	745	712	239
AT2G41260	350	351	290	1	1	0
AT2G41280	3	1	2	0	0	0
AT2G41290	11	13	45	119	113	74
AT2G41300	19	20	38	25	30	19
AT2G41310	237	186	367	333	339	226
AT2G41312	9	4	23	50	63	60
AT2G41330	25	28	34	70	50	61
AT2G41340	16	14	17	63	54	35
AT2G41342	18	21	22	31	17	19
AT2G41350	309	319	316	377	293	269
AT2G41360	1	0	0	0	0	0
AT2G41370	153	126	120	211	180	151
AT2G41380	351	356	378	120	93	44
AT2G41400	4	1	2	0	0	0
AT2G41410	13641	13069	14207	8952	7578	7639
AT2G41415	1	0	0	0	0	0
AT2G41420	3884	3473	3714	4143	3119	3054
AT2G41430	35134	31387	38090	48858	38384	42911
AT2G41440	285	284	297	155	143	119
AT2G41445	1	0	0	1	0	0
AT2G41450	15	27	25	43	45	22
AT2G41451	0	0	0	0	1	0
AT2G41460	616	534	456	274	231	203
AT2G41470	2	7	4	19	13	1
AT2G41473	0	1	0	0	0	0
AT2G41475	1297	1097	1238	2130	1630	1469
AT2G41480	66	59	51	26	14	28
AT2G41490	703	597	495	552	529	463
AT2G41500	837	759	601	508	499	405
AT2G41510	70	46	76	122	104	75
AT2G41520	686	647	404	670	563	489
AT2G41530	4023	3582	3924	4085	3482	3232
AT2G41540	196	163	250	594	563	486
AT2G41550	68	43	53	87	58	61
AT2G41560	4860	4235	2921	7153	5896	6755
AT2G41590	1	0	1	1	1	1
AT2G41600	351	286	410	297	262	273
AT2G41610	3	0	11	4	8	2
AT2G41620	1377	1282	881	1351	1163	1092
AT2G41630	4014	3538	3572	1774	1445	1293
AT2G41640	11735	10062	9142	4643	3991	4007
AT2G41650	828	749	1043	361	346	365
AT2G41660	24	27	19	14	8	16
AT2G41670	230	258	197	100	72	86
AT2G41680	3376	3113	3462	5370	4111	4004
AT2G41690	6	9	13	6	1	0
AT2G41700	2777	2332	1175	1894	1721	1807
AT2G41705	803	712	632	549	484	434
AT2G41710	1292	1176	1135	1604	1266	1203
AT2G41720	1045	970	829	932	852	963
AT2G41730	1655	1532	2006	198	154	187
AT2G41740	2716	2389	1532	3839	3267	3314
AT2G41750	117	156	118	168	194	145
AT2G41760	242	291	250	448	393	393
AT2G41770	376	316	233	746	584	690
AT2G41780	165	119	126	41	33	37
AT2G41790	4717	4216	2825	2794	2440	2400
AT2G41800	174	149	289	118	88	67
AT2G41810	16	10	19	15	9	12
AT2G41820	174	148	221	833	744	681
AT2G41830	241	216	70	359	311	383
AT2G41835	883	811	583	478	416	387
AT2G41840	9174	8561	7977	7248	7129	6028
AT2G41850	780	752	128	5	6	4
AT2G41870	1072	1046	1428	1616	1289	863
AT2G41880	487	400	427	964	765	749
AT2G41890	517	450	468	566	504	486
AT2G41900	5296	4679	3553	2660	2374	1905
AT2G41905	51	56	71	38	52	38
AT2G41940	1041	1039	1351	641	472	560
AT2G41945	404	321	411	255	238	268
AT2G41950	312	283	356	410	420	477
AT2G41960	2023	1766	991	1723	1389	1361
AT2G41970	0	0	2	0	0	1
AT2G41980	434	403	350	523	414	454
AT2G41990	73	53	53	69	85	85
AT2G42005	3	0	1	2	2	1
AT2G42010	2463	2195	927	1508	1250	1203
AT2G42030	1045	1003	778	980	739	769
AT2G42040	284	256	368	787	609	736
AT2G42060	6	5	1	1	1	1
AT2G42070	761	711	865	1036	962	954
AT2G42080	380	351	346	236	249	246
AT2G42090	1	1	3	6	2	2
AT2G42110	7	7	21	22	23	40
AT2G42120	297	261	252	194	193	167
AT2G42130	1038	939	1108	1563	1297	1481
AT2G42140	9	14	15	4	4	0
AT2G42150	7	10	10	12	7	4
AT2G42160	855	762	738	728	568	540
AT2G42170	17	17	63	152	101	133
AT2G42180	11	1	20	0	0	0
AT2G42190	474	425	882	1043	870	741
AT2G42200	42	50	95	201	214	133
AT2G42210	2038	1750	2267	2553	2251	2193
AT2G42220	1327	1223	3349	11161	8825	8722
AT2G42230	1055	889	673	768	681	638
AT2G42240	331	333	378	239	240	237
AT2G42247	163	151	156	332	249	165
AT2G42250	131	126	150	294	221	144
AT2G42260	16	20	28	45	53	33
AT2G42270	2148	2001	932	1206	983	951
AT2G42280	557	541	538	252	227	227
AT2G42290	174	168	152	149	99	99
AT2G42300	758	750	888	871	764	817
AT2G42310	1200	1183	1728	1046	1167	1249
AT2G42320	974	843	822	1771	1587	1620
AT2G42330	893	779	527	524	462	403
AT2G42340	12	12	12	2	4	0
AT2G42350	549	605	578	217	197	122
AT2G42360	3884	3700	2882	554	445	347
AT2G42365	302	281	298	207	186	165
AT2G42370	77	82	63	99	81	76
AT2G42380	44	50	226	1008	787	649
AT2G42388	0	0	2	10	7	6
AT2G42390	630	593	756	697	639	547
AT2G42395	37	29	55	19	12	17
AT2G42400	912	746	736	766	590	560
AT2G42430	1	1	1	0	0	0
AT2G42450	255	237	192	163	166	147
AT2G42460	0	1	0	0	0	0
AT2G42470	0	0	0	1	0	0
AT2G42480	16	15	10	3	2	2
AT2G42485	53	59	89	108	110	107
AT2G42490	2415	2309	1288	2554	2189	2027
AT2G42500	1585	1437	1250	2041	1868	1705
AT2G42510	73	71	71	114	83	83
AT2G42520	2253	2156	1410	1336	1152	1382
AT2G42530	928	793	2199	3377	3079	4837
AT2G42540	1160	1009	2320	3722	3303	4183
AT2G42560	104	96	6	1	4	0
AT2G42570	162	166	224	267	259	207
AT2G42580	1027	871	695	1739	1646	2007
AT2G42590	7247	6470	7418	8592	7728	7168
AT2G42600	10831	9853	8702	17302	15858	12070
AT2G42610	477	499	556	2135	2086	1531
AT2G42620	496	500	472	605	474	445
AT2G42640	129	148	108	185	147	126
AT2G42650	229	175	162	129	84	87
AT2G42660	1	3	2	0	1	1
AT2G42670	444	391	477	458	388	416
AT2G42680	2759	2690	3274	1365	1337	1217
AT2G42690	2564	2333	3861	4932	4212	3370
AT2G42700	1043	873	688	545	460	439
AT2G42710	804	752	498	580	497	505
AT2G42720	12	6	14	5	4	5
AT2G42730	51	35	74	93	68	44
AT2G42740	361	333	361	270	297	259
AT2G42750	2174	1986	3106	4509	3719	2722
AT2G42760	1246	1133	1213	2095	1737	997
AT2G42770	749	729	808	861	806	850
AT2G42780	996	867	1084	870	760	719
AT2G42790	5470	4901	3886	3773	3482	3365
AT2G42800	16	13	26	63	37	23
AT2G42810	2672	2481	2027	1560	1359	1236
AT2G42820	14	6	19	25	14	18
AT2G42830	1	1	0	1	0	0
AT2G42835	1	1	0	1	0	0
AT2G42840	1002	961	1222	2998	2639	1619
AT2G42850	14	10	4	10	7	11
AT2G42860	26	19	26	22	12	8
AT2G42870	13	21	77	96	85	112
AT2G42880	1401	1285	1076	2936	2527	2331
AT2G42885	3	1	0	4	0	0
AT2G42890	2686	2277	1441	1506	1319	1136
AT2G42900	32	27	51	144	132	106
AT2G42910	1482	1418	1184	984	1054	811
AT2G42920	287	287	195	347	291	297
AT2G42930	20	10	10	19	17	6
AT2G42940	82	100	102	113	100	104
AT2G42950	521	472	329	331	327	240
AT2G42955	4	4	2	9	8	4
AT2G42960	63	36	58	125	110	97
AT2G42975	118	112	251	406	314	174
AT2G42980	29	21	34	16	16	7
AT2G42990	1	5	5	5	5	0
AT2G43000	326	261	325	129	105	82
AT2G43010	3315	2987	3903	7800	6423	6224
AT2G43018	3425	3086	2340	4253	3841	3769
AT2G43020	3426	3088	2341	4256	3842	3769
AT2G43030	2675	2567	4224	10868	8579	9608
AT2G43040	53	54	39	111	85	54
AT2G43050	11	4	20	27	32	14
AT2G43060	561	511	556	580	428	358
AT2G43070	1532	1362	1386	1045	1046	1088
AT2G43080	1064	1001	933	796	585	653
AT2G43090	4366	4166	3133	3376	3236	3079
AT2G43100	1080	1026	852	1613	1307	1419
AT2G43110	611	560	457	222	174	158
AT2G43120	357	271	338	323	280	455
AT2G43130	547	464	470	436	452	422
AT2G43140	75	78	77	29	30	27
AT2G43150	5700	5302	4258	14467	11087	4948
AT2G43160	8808	8036	4688	8074	6748	6936
AT2G43180	645	625	569	641	493	531
AT2G43190	195	160	188	137	130	108
AT2G43200	159	162	141	368	325	328
AT2G43210	997	955	893	1031	840	822
AT2G43230	12	10	11	2	11	5
AT2G43235	673	632	730	482	431	370
AT2G43240	251	241	182	327	293	222
AT2G43250	387	330	284	236	201	194
AT2G43255	0	1	1	2	0	0
AT2G43260	417	339	302	209	184	179
AT2G43261	5	1	6	0	0	0
AT2G43270	2	5	3	0	0	2
AT2G43280	220	230	228	261	209	225
AT2G43290	8724	7687	9119	4753	4004	4109
AT2G43310	75	60	66	40	45	37
AT2G43320	1656	1367	1070	770	668	501
AT2G43330	696	714	744	1184	1076	853
AT2G43340	335	268	327	147	125	109
AT2G43350	1230	1044	1321	993	764	810
AT2G43360	450	387	364	1203	1027	1062
AT2G43370	248	204	208	263	205	143
AT2G43375	86	63	48	30	20	25
AT2G43390	2	5	5	0	0	0
AT2G43400	803	712	580	721	657	617
AT2G43410	2633	2493	1330	1300	1040	1014
AT2G43420	1195	1059	876	639	527	524
AT2G43430	1075	909	863	903	752	744
AT2G43440	27	31	35	28	41	31
AT2G43445	42	33	45	44	36	38
AT2G43450	1	0	2	0	1	0
AT2G43460	1608	1456	2000	2346	2330	2065
AT2G43465	85	67	121	151	123	118
AT2G43470	2	0	5	14	10	3
AT2G43480	1	0	1	1	1	0
AT2G43490	659	537	333	531	395	447
AT2G43500	716	630	580	538	457	358
AT2G43510	2735	2642	4152	1597	1271	963
AT2G43520	142	97	207	129	85	65
AT2G43530	2892	2628	8403	2941	2821	2107
AT2G43535	195	164	371	507	453	430
AT2G43540	495	495	626	463	473	435
AT2G43550	236	197	551	1344	1487	1678
AT2G43560	876	751	1605	3399	2874	3072
AT2G43570	13080	12689	11165	2236	1932	1698
AT2G43580	54	45	39	296	262	41
AT2G43590	182	167	414	1394	1228	353
AT2G43600	0	1	0	4	0	1
AT2G43610	42	24	50	41	31	24
AT2G43620	404	356	263	207	177	200
AT2G43630	968	897	977	938	794	840
AT2G43640	450	406	513	459	400	422
AT2G43650	1450	1345	757	840	634	566
AT2G43660	0	1	3	4	2	2
AT2G43670	2	4	5	7	6	1
AT2G43680	5141	4721	5200	7092	5899	4933
AT2G43690	37	21	11	56	32	29
AT2G43700	118	73	58	61	60	61
AT2G43710	4071	3647	3146	4313	3309	3057
AT2G43720	161	136	189	91	80	66
AT2G43730	1	1	0	0	0	0
AT2G43740	1	0	0	1	0	0
AT2G43745	215	204	430	334	419	413
AT2G43750	2873	2690	3016	5991	5603	5813
AT2G43760	598	502	755	766	742	596
AT2G43770	1009	884	778	672	672	588
AT2G43780	435	444	481	366	296	291
AT2G43790	2347	2132	1635	1784	1436	1366
AT2G43795	2	0	0	0	0	0
AT2G43800	274	279	248	733	659	523
AT2G43810	524	472	624	549	475	474
AT2G43820	2319	2050	1219	1057	907	991
AT2G43840	4	9	3	23	17	13
AT2G43850	1241	1162	943	802	695	674
AT2G43865	0	0	2	0	0	0
AT2G43870	4	10	0	13	13	5
AT2G43880	2	3	2	9	6	3
AT2G43900	525	423	415	671	590	536
AT2G43910	1130	1047	1864	2438	2563	2522
AT2G43920	44	32	194	304	330	291
AT2G43930	39	29	44	25	29	17
AT2G43940	393	300	360	369	304	329
AT2G43945	1125	1100	1127	2124	2032	1853
AT2G43950	1390	1204	1018	897	773	702
AT2G43960	27	20	10	0	0	0
AT2G43970	10949	10389	8711	25645	20021	19335
AT2G43980	731	655	530	417	415	383
AT2G43990	44	36	23	73	54	52
AT2G44000	9	11	10	9	6	2
AT2G44010	80	86	53	12	4	3
AT2G44020	423	357	356	239	216	168
AT2G44030	0	0	1	0	0	0
AT2G44040	185	194	213	493	486	542
AT2G44050	765	712	717	1634	1418	1312
AT2G44060	4685	4300	4325	6711	5623	5505
AT2G44065	1079	938	942	748	597	618
AT2G44070	53	45	32	23	23	6
AT2G44080	1423	1319	1476	890	821	532
AT2G44090	1215	1083	930	1340	1160	1180
AT2G44100	7820	6990	5686	5012	4369	4061
AT2G44120	3688	3258	3906	3687	3328	3007
AT2G44130	206	196	382	344	316	283
AT2G44140	1380	1137	1349	1386	1294	1210
AT2G44150	268	246	260	487	401	425
AT2G44160	1268	1104	1387	4056	3498	2964
AT2G44180	2608	2241	1932	1597	1360	1210
AT2G44190	13	11	12	34	31	37
AT2G44195	3	1	5	1	2	1
AT2G44200	1393	1176	884	994	797	716
AT2G44210	1536	1288	1413	3179	2851	2633
AT2G44220	0	1	2	2	1	2
AT2G44230	596	581	1029	2496	1859	1835
AT2G44240	1059	965	638	111	90	15
AT2G44250	1	0	1	3	2	1
AT2G44255	271	244	249	235	172	173
AT2G44260	281	247	251	239	178	176
AT2G44270	492	498	378	409	355	322
AT2G44280	351	271	237	172	185	129
AT2G44290	4069	3993	3539	1885	1758	1566
AT2G44300	70	60	85	76	74	61
AT2G44310	1036	958	1367	1031	843	1085
AT2G44320	0	0	1	0	0	0
AT2G44330	0	0	0	0	1	0
AT2G44350	5958	5366	3733	2798	2490	2573
AT2G44360	589	457	734	650	550	655
AT2G44370	595	532	498	142	107	103
AT2G44380	281	231	340	89	75	52
AT2G44390	17	14	20	2	1	0
AT2G44400	37	32	37	7	7	8
AT2G44410	3016	2630	2490	1218	1039	1008
AT2G44420	650	559	720	483	426	399
AT2G44430	876	878	538	908	660	688
AT2G44440	294	255	236	282	200	203
AT2G44450	112	119	49	46	49	41
AT2G44460	5	6	5	11	8	3
AT2G44480	236	191	253	241	196	142
AT2G44490	11796	10434	8745	14592	11177	12787
AT2G44500	9969	8774	4569	6298	5199	5107
AT2G44510	358	314	316	80	103	97
AT2G44520	1912	1725	1281	1003	885	839
AT2G44525	736	634	720	447	487	495
AT2G44530	2167	2077	1655	1352	1067	1115
AT2G44540	0	0	0	0	1	0
AT2G44570	3	7	10	10	8	6
AT2G44578	91	89	85	90	153	52
AT2G44580	85	93	124	142	121	88
AT2G44590	5	4	2	1	4	7
AT2G44600	269	232	233	276	186	169
AT2G44610	2058	1869	1721	2277	1902	1947
AT2G44620	1322	1143	1627	1178	1374	1234
AT2G44630	34	30	23	31	23	31
AT2G44640	491	434	448	874	854	950
AT2G44650	1034	901	1588	2181	2080	2281
AT2G44660	329	315	266	298	298	278
AT2G44670	528	497	774	567	546	495
AT2G44680	1281	1209	1331	676	659	626
AT2G44690	13	12	26	25	22	22
AT2G44700	45	39	41	29	32	32
AT2G44710	1969	1822	1215	831	730	788
AT2G44730	436	416	447	608	494	472
AT2G44735	39	27	25	43	50	37
AT2G44740	23	27	129	302	251	350
AT2G44745	228	161	166	27	21	13
AT2G44750	328	318	315	257	216	209
AT2G44760	1061	907	675	1262	859	976
AT2G44770	516	439	508	542	473	478
AT2G44790	333	303	267	157	164	74
AT2G44798	131	121	138	79	77	82
AT2G44800	101	90	115	72	62	66
AT2G44810	4	0	2	2	0	1
AT2G44820	415	383	400	289	293	269
AT2G44830	182	165	128	273	244	190
AT2G44840	2620	2825	2475	2226	2382	1407
AT2G44850	401	305	294	177	186	113
AT2G44860	1872	1576	1771	972	929	817
AT2G44870	1952	1803	2074	2320	2052	2150
AT2G44880	35	31	18	20	19	23
AT2G44890	18	10	12	7	4	3
AT2G44900	1146	1053	756	973	785	812
AT2G44910	15	16	30	25	28	7
AT2G44920	810	685	1313	2453	2172	2351
AT2G44930	6	4	9	30	30	27
AT2G44940	71	68	88	198	200	112
AT2G44950	1178	1159	774	958	809	693
AT2G44970	1845	1709	1273	1470	1208	1125
AT2G44980	634	615	365	262	222	209
AT2G44990	21	25	9	2	4	1
AT2G44995	62	52	93	78	55	58
AT2G45000	1116	1031	568	654	509	533
AT2G45010	1286	1153	1062	905	917	853
AT2G45023	97	85	171	86	64	66
AT2G45030	1702	1587	889	960	779	713
AT2G45040	11	24	19	4	6	2
AT2G45050	22	26	53	63	66	32
AT2G45060	631	587	547	561	472	479
AT2G45070	2637	2553	2780	1742	1978	1687
AT2G45080	56	45	60	104	109	63
AT2G45100	146	148	101	208	155	152
AT2G45120	10	12	21	14	10	4
AT2G45130	24	26	14	2	2	6
AT2G45135	14	7	14	3	3	7
AT2G45140	2083	1817	1714	1242	1076	998
AT2G45150	218	214	237	279	194	221
AT2G45160	1364	1186	1187	768	752	683
AT2G45170	2714	2189	4021	1300	1201	1259
AT2G45180	13417	11742	18394	25182	26916	41147
AT2G45190	231	209	342	640	522	394
AT2G45200	480	444	520	926	797	703
AT2G45210	231	256	222	30	32	28
AT2G45220	2049	1913	1106	373	331	154
AT2G45240	1785	1656	1300	888	826	714
AT2G45245	113	108	150	110	127	127
AT2G45250	884	795	788	779	592	637
AT2G45260	1126	1002	969	804	744	708
AT2G45270	413	368	379	550	534	528
AT2G45280	219	202	191	120	90	115
AT2G45290	664	602	349	693	565	459
AT2G45300	1243	1077	893	1273	1182	1027
AT2G45310	500	432	471	287	263	292
AT2G45315	483	421	445	275	245	268
AT2G45320	217	161	201	129	104	124
AT2G45330	516	439	548	464	465	408
AT2G45340	584	538	708	908	823	679
AT2G45350	40	32	21	44	27	33
AT2G45360	29	31	28	20	10	15
AT2G45380	1603	1416	1632	1878	1469	1560
AT2G45400	25	19	43	219	174	154
AT2G45410	2	2	8	9	9	1
AT2G45420	1	1	1	1	4	2
AT2G45430	0	1	1	2	1	3
AT2G45440	1438	1187	1070	831	626	636
AT2G45450	595	522	830	307	264	257
AT2G45460	1504	1297	963	303	238	230
AT2G45470	566	545	679	4038	3619	4221
AT2G45480	39	40	34	43	45	22
AT2G45490	15	19	33	49	34	27
AT2G45500	799	643	625	456	414	380
AT2G45510	1628	1365	1076	1016	819	743
AT2G45520	1174	1054	1108	597	592	588
AT2G45530	427	401	562	490	445	354
AT2G45540	3002	2651	1281	3914	3467	3626
AT2G45560	706	618	853	1498	1597	1560
AT2G45570	847	829	223	54	66	28
AT2G45580	37	27	1	4	1	0
AT2G45590	674	599	563	931	799	758
AT2G45600	126	125	123	314	275	167
AT2G45610	0	4	4	1	3	1
AT2G45620	2280	2079	1668	2450	1982	1843
AT2G45630	353	352	387	255	216	214
AT2G45640	1247	1192	1503	917	833	807
AT2G45650	1	0	3	1	0	0
AT2G45660	2255	1827	2521	1988	1702	1273
AT2G45670	2172	2005	1737	3181	2590	2406
AT2G45680	1956	2044	1231	378	376	340
AT2G45685	1414	1493	678	281	259	233
AT2G45690	535	463	514	338	238	219
AT2G45695	322	261	420	206	132	102
AT2G45700	1034	861	750	809	636	653
AT2G45710	759	627	819	301	362	313
AT2G45720	353	328	266	227	226	218
AT2G45730	647	565	523	519	488	462
AT2G45740	2347	2126	2464	3268	2867	3505
AT2G45750	27	22	23	28	19	20
AT2G45760	259	248	181	87	80	59
AT2G45770	837	753	995	1285	1124	1092
AT2G45780	7	0	8	1	3	2
AT2G45790	1316	1155	1422	2029	1825	1894
AT2G45800	4	5	11	18	31	16
AT2G45810	2134	1932	1802	2764	2338	2282
AT2G45820	4347	3887	4728	7122	5592	5293
AT2G45830	26	14	40	64	46	63
AT2G45840	1	4	5	2	5	4
AT2G45850	746	701	897	1182	953	1198
AT2G45860	201	170	261	273	249	235
AT2G45870	46	30	39	53	49	28
AT2G45880	700	681	419	531	425	405
AT2G45890	13	12	28	34	24	34
AT2G45900	18	6	13	33	27	36
AT2G45910	2106	1937	841	1221	1111	1002
AT2G45920	894	779	655	528	405	318
AT2G45930	107	97	72	92	85	45
AT2G45940	9	7	1	12	15	7
AT2G45950	584	476	551	576	397	371
AT2G45960	9900	9274	15994	16374	17306	14995
AT2G45970	302	259	354	496	483	465
AT2G45980	3107	2791	3068	2495	2258	2215
AT2G45990	1362	1251	1642	2190	1685	1724
AT2G46000	236	226	267	345	286	251
AT2G46020	3906	3622	1717	3362	2930	2740
AT2G46030	1126	1013	1289	812	716	612
AT2G46040	194	190	143	106	82	83
AT2G46050	38	33	7	19	21	20
AT2G46060	894	806	533	711	690	717
AT2G46070	267	295	335	344	254	242
AT2G46080	2063	1858	1993	765	701	603
AT2G46090	522	471	431	627	570	609
AT2G46100	2059	1886	2776	1884	1622	1602
AT2G46110	79	91	113	189	144	164
AT2G46120	0	0	1	0	0	0
AT2G46130	5	1	4	1	0	0
AT2G46140	103	103	118	112	94	81
AT2G46150	196	184	244	38	33	25
AT2G46160	160	152	155	128	101	75
AT2G46170	2297	2173	2665	1250	1328	1259
AT2G46180	1745	1499	1254	868	707	764
AT2G46192	130	127	184	61	54	46
AT2G46200	223	252	248	244	170	177
AT2G46210	13	18	19	41	36	26
AT2G46220	4405	3843	5293	7583	6161	5483
AT2G46225	438	389	511	573	507	502
AT2G46230	1439	1237	1378	620	711	715
AT2G46240	678	664	289	622	500	502
AT2G46250	207	207	300	519	432	461
AT2G46260	1215	1125	1194	1179	1026	959
AT2G46270	840	838	705	444	319	168
AT2G46280	2837	2466	2375	2665	2603	2270
AT2G46290	58	58	46	89	90	98
AT2G46300	1	5	2	6	2	1
AT2G46308	0	0	3	0	0	0
AT2G46310	196	162	191	116	99	86
AT2G46320	913	852	780	375	309	300
AT2G46330	4027	3823	4165	5233	5405	5437
AT2G46340	3072	2776	2398	4047	3440	2622
AT2G46360	0	0	0	0	0	1
AT2G46370	2369	2191	1874	1767	1627	1629
AT2G46375	0	0	2	0	0	0
AT2G46380	179	192	144	210	179	160
AT2G46390	1044	892	1386	885	1010	870
AT2G46400	17355	15086	13324	5353	4282	3927
AT2G46410	40	36	64	42	63	42
AT2G46420	1662	1620	1097	878	832	798
AT2G46430	5089	4654	3581	2016	1907	2177
AT2G46440	3619	3197	2595	2790	2238	2768
AT2G46450	3169	2903	2445	2889	2289	1987
AT2G46455	7	9	7	15	9	8
AT2G46460	0	0	0	0	1	0
AT2G46470	684	544	591	595	527	559
AT2G46480	1	2	5	9	6	2
AT2G46490	792	856	1152	1305	1203	1261
AT2G46493	0	0	1	0	2	0
AT2G46494	1	1	2	1	0	0
AT2G46495	0	0	1	0	0	0
AT2G46500	5083	4499	2981	3275	2805	2796
AT2G46505	1892	1780	2000	1848	1615	1419
AT2G46510	5831	5124	3045	3611	3085	2711
AT2G46520	2080	1828	1008	1332	1242	1144
AT2G46530	185	139	233	742	583	557
AT2G46535	65	45	125	147	123	116
AT2G46540	667	642	925	679	566	614
AT2G46550	3376	2988	3678	3524	2795	2678
AT2G46560	2767	2430	1122	2464	2192	2367
AT2G46567	21	10	15	9	14	9
AT2G46570	61	61	59	77	70	74
AT2G46572	65	66	63	87	76	88
AT2G46580	494	401	517	528	446	453
AT2G46590	204	203	168	230	197	176
AT2G46600	7449	6597	10662	5495	5471	5544
AT2G46610	981	951	886	409	284	313
AT2G46620	3708	3253	2080	2276	1985	1684
AT2G46630	99	73	113	322	256	257
AT2G46640	47	47	101	364	280	224
AT2G46650	1303	1120	1241	1905	1597	1350
AT2G46660	25	13	8	43	36	28
AT2G46662	0	0	1	0	0	0
AT2G46670	88	82	236	180	82	63
AT2G46680	2704	2358	2335	1011	732	430
AT2G46685	7	11	20	2	2	2
AT2G46690	191	186	448	367	293	252
AT2G46700	527	450	392	432	309	300
AT2G46710	276	246	601	1111	959	887
AT2G46720	179	160	92	122	122	169
AT2G46735	364	320	380	342	299	195
AT2G46740	5	2	6	26	26	19
AT2G46750	39	44	51	9	6	3
AT2G46760	13	4	15	19	18	13
AT2G46770	5	11	12	6	5	2
AT2G46780	116	100	114	314	239	239
AT2G46790	374	317	704	692	550	195
AT2G46800	1112	971	1247	1035	977	746
AT2G46810	113	112	148	376	306	290
AT2G46820	6050	5652	12177	35402	32189	29722
AT2G46830	519	420	817	856	727	142
AT2G46840	2	0	1	3	6	6
AT2G46870	224	174	349	272	270	264
AT2G46880	5	0	0	11	3	18
AT2G46890	139	107	103	151	120	133
AT2G46900	1299	1249	1195	1383	1179	1127
AT2G46910	445	413	594	1329	1122	1174
AT2G46915	859	757	856	1122	1042	983
AT2G46920	662	589	440	637	566	567
AT2G46930	217	232	276	831	681	616
AT2G46940	87	82	54	100	90	75
AT2G46950	73	66	14	5	10	6
AT2G46970	12	7	19	34	33	20
AT2G46980	299	240	200	211	163	142
AT2G46990	0	0	1	1	1	0
AT2G46995	1	0	1	0	0	1
AT2G47000	3041	2795	1360	322	294	266
AT2G47010	49	46	45	69	63	54
AT2G47015	166	144	156	132	123	114
AT2G47020	301	266	244	224	197	184
AT2G47050	4	3	7	7	8	9
AT2G47060	2963	2677	2001	5648	4854	4895
AT2G47070	7558	6671	4068	7070	6576	6071
AT2G47090	373	341	252	372	351	297
AT2G47110	5617	5307	5887	4961	4385	3649
AT2G47115	5519	5214	5824	4879	4317	3587
AT2G47130	1219	1275	1181	500	503	468
AT2G47140	18	16	27	32	11	30
AT2G47150	2	1	4	4	0	1
AT2G47160	224	249	261	852	778	789
AT2G47170	6314	5762	5436	5799	5110	4734
AT2G47180	470	440	1027	1426	1320	449
AT2G47190	738	704	585	253	204	114
AT2G47200	59	63	77	3	4	3
AT2G47210	1135	1011	862	1040	949	925
AT2G47220	187	173	226	314	270	236
AT2G47230	154	161	136	187	163	110
AT2G47240	1424	1320	1193	1998	1635	1763
AT2G47250	2888	2387	1866	2075	1833	1838
AT2G47260	194	187	186	140	110	116
AT2G47270	104	86	124	37	43	37
AT2G47275	19	11	21	3	3	2
AT2G47300	202	126	84	89	56	67
AT2G47310	243	233	186	227	194	189
AT2G47320	1239	1066	1427	1151	1146	1185
AT2G47330	1446	1241	953	849	733	728
AT2G47340	1	1	1	1	1	0
AT2G47350	322	315	330	348	244	243
AT2G47360	1	1	0	3	5	3
AT2G47370	48	48	94	157	146	113
AT2G47380	910	800	1196	1079	1031	883
AT2G47390	8640	7642	4478	4978	4272	5995
AT2G47400	12082	12055	16562	14963	15230	14600
AT2G47410	2394	2173	943	1790	1522	1536
AT2G47420	1753	1504	1575	839	750	781
AT2G47430	0	3	1	0	0	0
AT2G47440	1642	1564	1282	1558	1287	1333
AT2G47450	2893	2866	4227	7221	6561	5065
AT2G47460	2	0	1	5	7	0
AT2G47470	7250	6470	4988	3762	3156	2786
AT2G47480	15	14	20	8	10	6
AT2G47485	18	17	53	32	46	23
AT2G47490	684	706	743	539	462	327
AT2G47500	130	104	113	489	365	294
AT2G47510	2716	2425	1789	2129	2121	2102
AT2G47520	16	6	12	7	5	3
AT2G47550	239	226	78	16	16	25
AT2G47560	15	19	16	24	19	11
AT2G47570	7	6	10	13	5	8
AT2G47580	378	361	467	706	609	554
AT2G47585	0	1	0	1	0	0
AT2G47590	2331	2102	2051	4201	3755	3837
AT2G47600	1364	1176	1020	2153	1947	1576
AT2G47610	5116	4517	4939	6176	5381	4787
AT2G47620	509	483	350	351	308	289
AT2G47630	224	208	265	351	337	268
AT2G47640	718	644	840	645	482	486
AT2G47650	2156	2084	1467	2943	2503	2358
AT2G47670	21	21	22	16	11	0
AT2G47680	2217	1947	1041	386	348	285
AT2G47690	258	227	398	593	614	619
AT2G47700	1295	1175	1152	1788	1515	1537
AT2G47710	2700	2640	3246	1549	1871	1626
AT2G47720	4	6	10	23	11	14
AT2G47730	6223	5604	7014	9436	9880	9336
AT2G47750	25	13	55	278	199	143
AT2G47760	684	670	504	725	663	702
AT2G47770	70	49	33	6	2	3
AT2G47780	76	68	109	42	34	17
AT2G47790	837	727	697	495	396	346
AT2G47800	2860	2607	847	584	489	472
AT2G47820	245	256	183	132	100	108
AT2G47830	592	525	432	476	377	412
AT2G47840	444	459	482	599	639	514
AT2G47844	1	0	1	0	0	0
AT2G47850	1370	1321	1048	934	863	954
AT2G47860	108	115	106	119	139	145
AT2G47870	21	35	33	21	10	20
AT2G47880	89	71	289	235	273	343
AT2G47890	1268	1241	1276	865	930	1026
AT2G47895	15	10	19	12	15	5
AT2G47900	1346	1244	1056	1190	1081	925
AT2G47910	707	708	739	621	677	762
AT2G47920	81	79	65	70	50	61
AT2G47930	68	49	172	685	592	672
AT2G47940	2024	1773	2012	6675	5875	6218
AT2G47950	10	8	11	17	12	5
AT2G47960	1247	1231	1124	1295	1130	1132
AT2G47970	1538	1653	1259	808	790	746
AT2G47980	2354	2110	1363	1850	1536	1413
AT2G47990	631	679	452	288	236	240
AT2G48000	613	619	506	378	314	304
AT2G48010	775	774	621	560	574	387
AT2G48020	391	346	478	1307	1192	826
AT2G48030	421	393	286	292	289	551
AT2G48060	1613	1390	732	1845	1613	1723
AT2G48070	1047	980	1213	2378	2148	2415
AT2G48075	17	20	18	40	17	33
AT2G48080	3	2	8	7	2	8
AT2G48090	30	27	36	11	19	14
AT2G48100	1413	1303	1190	1028	905	871
AT2G48110	1663	1484	945	928	949	817
AT2G48120	454	373	438	630	501	507
AT2G48121	65	88	141	96	93	81
AT2G48130	13	20	27	2	6	1
AT2G48140	42	30	43	7	3	7
AT2G48150	20	17	33	3	7	3
AT2G48160	2484	2204	1287	2506	2111	2215
AT3G01015	0	1	2	1	2	1
AT3G01030	0	1	0	1	0	1
AT3G01040	1220	1091	737	1006	758	771
AT3G01050	827	746	973	609	556	491
AT3G01060	811	695	1275	2397	2402	1417
AT3G01070	11	12	17	7	14	2
AT3G01080	870	892	641	99	112	105
AT3G01085	2	1	3	0	1	0
AT3G01090	1679	1416	1337	1703	1409	1370
AT3G01100	1491	1263	945	941	785	737
AT3G01120	5664	5301	4995	6673	6367	5734
AT3G01130	894	840	1015	1080	914	735
AT3G01140	165	146	196	247	224	213
AT3G01142	154	142	183	226	200	200
AT3G01150	924	799	741	596	616	581
AT3G01160	1025	939	618	518	435	417
AT3G01170	1367	1303	1399	662	590	576
AT3G01175	50	68	60	12	14	8
AT3G01180	1642	1445	1213	1675	1257	977
AT3G01200	1437	1344	1213	838	747	654
AT3G01202	1202	1094	881	649	610	544
AT3G01210	573	510	715	454	385	389
AT3G01220	6	6	6	47	38	29
AT3G01260	0	1	2	0	1	0
AT3G01270	1	2	1	0	0	0
AT3G01280	7516	6721	7794	3781	3880	3513
AT3G01290	16669	15439	10873	10595	10095	12139
AT3G01300	534	499	509	445	443	432
AT3G01310	5557	4893	3242	6450	5276	5963
AT3G01311	2	0	1	2	1	0
AT3G01313	1	0	1	0	0	0
AT3G01316	0	0	2	1	0	2
AT3G01319	37	50	7	24	14	17
AT3G01320	1962	1644	1000	1600	1315	1203
AT3G01325	0	0	0	1	0	0
AT3G01329	0	0	0	1	0	2
AT3G01330	29	24	44	51	52	39
AT3G01340	1948	1772	1811	1660	1666	1577
AT3G01345	7	2	3	3	1	0
AT3G01350	109	93	89	64	47	42
AT3G01360	578	533	560	337	349	250
AT3G01370	1992	1665	1395	2821	2323	2289
AT3G01380	628	568	324	483	489	558
AT3G01390	1885	1567	2106	3257	2617	2748
AT3G01400	501	411	528	449	407	375
AT3G01410	71	50	66	105	83	92
AT3G01420	5499	4991	1282	134	109	77
AT3G01430	265	309	261	144	200	174
AT3G01435	275	236	278	213	179	182
AT3G01440	172	155	251	481	345	590
AT3G01450	130	142	120	257	199	237
AT3G01460	1308	1198	611	1163	1047	950
AT3G01470	6962	6371	6913	2462	2168	1780
AT3G01472	6962	6371	6913	2462	2168	1780
AT3G01480	2463	2178	2623	7259	6187	6999
AT3G01490	262	244	463	1317	1061	942
AT3G01500	5924	5520	15581	58323	47216	42662
AT3G01510	1078	937	722	793	622	631
AT3G01513	52	39	32	7	2	5
AT3G01516	0	0	1	4	2	2
AT3G01520	976	872	1085	2479	2041	2188
AT3G01530	1	1	0	0	0	0
AT3G01540	9309	8728	6808	7702	6470	6326
AT3G01550	196	146	328	944	888	591
AT3G01560	1621	1505	1213	1396	1109	1141
AT3G01570	56	45	41	13	24	15
AT3G01572	5	13	10	9	8	8
AT3G01580	81	80	19	42	34	52
AT3G01590	1684	1443	1426	755	603	598
AT3G01600	1065	919	1228	11	14	5
AT3G01610	890	830	535	586	498	477
AT3G01620	31	32	16	5	5	8
AT3G01630	11	7	3	4	10	3
AT3G01640	1065	898	677	938	824	832
AT3G01650	985	922	748	612	500	511
AT3G01660	309	309	516	183	182	209
AT3G01670	274	246	288	842	649	601
AT3G01680	533	501	484	784	721	678
AT3G01690	1495	1380	2243	5449	4906	4479
AT3G01700	0	0	0	1	0	0
AT3G01710	31	33	43	90	81	77
AT3G01720	1167	1127	634	1189	942	1031
AT3G01740	919	747	1007	745	678	638
AT3G01750	198	163	110	194	205	199
AT3G01760	11	16	18	4	3	2
AT3G01770	1696	1574	1383	1555	1375	1320
AT3G01780	1723	1571	1012	1734	1436	1510
AT3G01790	889	767	782	625	593	489
AT3G01800	590	513	430	232	208	212
AT3G01810	639	520	411	1596	1459	1239
AT3G01820	1818	1739	1466	1096	1123	1018
AT3G01830	6002	5395	4960	2573	2104	1891
AT3G01840	463	450	139	121	97	88
AT3G01850	962	951	853	770	881	766
AT3G01860	685	591	806	734	558	613
AT3G01870	7	4	2	1	2	1
AT3G01890	322	317	309	257	233	223
AT3G01900	1	3	2	0	0	0
AT3G01910	3922	3551	2929	4228	3598	3439
AT3G01920	437	424	391	730	683	676
AT3G01930	923	828	655	756	654	570
AT3G01940	15	16	23	12	12	15
AT3G01950	40	42	51	61	44	45
AT3G01960	32	22	61	63	40	55
AT3G01961	1	0	0	0	0	0
AT3G01970	558	487	692	439	342	169
AT3G01980	559	529	529	715	668	617
AT3G01990	79	88	103	95	60	50
AT3G02000	7	7	6	12	5	8
AT3G02010	170	139	60	75	60	66
AT3G02020	2461	2249	2077	3157	3021	3186
AT3G02030	343	345	668	231	246	243
AT3G02040	800	772	1361	481	429	420
AT3G02050	1815	1704	1294	1677	1535	1524
AT3G02060	1042	909	614	917	865	1020
AT3G02065	1018	799	687	550	514	479
AT3G02070	1107	850	735	1089	901	930
AT3G02080	3385	2953	3842	3973	4022	3338
AT3G02090	10151	9412	6966	7095	6448	6028
AT3G02110	201	182	238	554	531	474
AT3G02120	43	36	53	131	111	94
AT3G02125	0	0	0	4	3	2
AT3G02130	1948	1761	1101	2283	1914	1952
AT3G02140	277	263	174	66	38	24
AT3G02150	1368	1183	1023	340	280	184
AT3G02160	88	85	90	62	65	61
AT3G02170	2276	2046	2169	3041	2376	2670
AT3G02180	686	601	928	1770	1459	1476
AT3G02190	835	708	787	314	297	247
AT3G02200	2086	1864	1886	2120	1942	1840
AT3G02210	65	65	84	89	86	63
AT3G02220	1582	1477	1578	804	730	610
AT3G02230	1798	1638	1079	1490	1422	1003
AT3G02240	6	3	3	2	0	0
AT3G02250	413	394	501	1501	1250	1189
AT3G02260	6103	5247	2440	6300	5321	5185
AT3G02270	1	4	1	5	4	5
AT3G02280	757	771	566	403	335	323
AT3G02290	446	407	430	431	337	318
AT3G02300	1183	1063	1145	1605	1253	1283
AT3G02310	1	0	1	1	2	1
AT3G02320	728	667	507	347	282	349
AT3G02330	106	104	44	51	46	45
AT3G02340	514	465	465	598	466	485
AT3G02350	2253	2087	1379	2814	2389	2438
AT3G02360	3641	3276	2541	3372	3071	2777
AT3G02370	120	132	100	73	78	68
AT3G02380	253	268	385	414	361	190
AT3G02390	79	56	123	73	42	52
AT3G02400	858	749	535	188	164	124
AT3G02410	7	6	18	28	22	38
AT3G02420	1302	1236	1059	566	567	613
AT3G02450	1311	1242	1302	1808	1529	1848
AT3G02460	1331	1170	1052	815	805	856
AT3G02468	37947	35120	34065	37310	31245	26417
AT3G02470	37969	35146	34072	37341	31271	26436
AT3G02480	467	422	83	42	54	17
AT3G02490	287	246	196	166	159	163
AT3G02493	0	0	0	1	1	0
AT3G02500	6	6	11	46	35	21
AT3G02510	378	350	371	844	735	608
AT3G02520	4054	3744	3182	2435	1933	1708
AT3G02530	2084	1789	1126	1486	1174	1116
AT3G02540	1854	1820	1756	3098	2830	2682
AT3G02550	389	337	345	184	193	222
AT3G02555	305	260	357	220	214	155
AT3G02560	3175	2793	3370	2531	2394	2275
AT3G02570	853	712	830	2262	1821	2650
AT3G02580	620	538	545	682	565	683
AT3G02590	2	3	0	1	0	2
AT3G02600	847	704	915	1171	1156	1186
AT3G02610	61	66	70	49	43	45
AT3G02620	31	18	39	17	21	10
AT3G02630	1999	1785	1515	2187	1964	2061
AT3G02640	59	59	90	189	169	149
AT3G02645	1	0	0	0	1	0
AT3G02650	523	531	368	410	329	353
AT3G02660	512	436	411	559	518	524
AT3G02670	1	1	3	1	2	0
AT3G02680	165	165	133	156	120	87
AT3G02690	1077	967	1205	1464	1279	1432
AT3G02700	729	710	1044	855	748	853
AT3G02710	1004	952	742	764	604	603
AT3G02715	0	0	2	0	0	0
AT3G02720	1021	904	1058	1999	1843	1703
AT3G02730	3948	3570	5957	7293	8045	8039
AT3G02740	1918	1723	1646	1079	1110	1039
AT3G02750	2102	1857	1888	2408	2362	2213
AT3G02760	1769	1574	1003	1521	1120	1106
AT3G02770	834	780	968	920	763	779
AT3G02780	1751	1539	1921	1983	1526	1488
AT3G02790	422	391	540	501	484	396
AT3G02800	239	231	241	274	185	194
AT3G02810	475	398	419	0	1	0
AT3G02820	117	113	142	138	106	101
AT3G02830	1871	1712	1886	1974	1582	1231
AT3G02832	113	91	107	34	28	34
AT3G02840	9427	8563	5843	5723	5106	4804
AT3G02850	31	31	14	14	11	18
AT3G02860	620	573	631	576	415	391
AT3G02870	543	487	743	1686	1292	967
AT3G02875	579	535	480	461	290	285
AT3G02880	3527	3257	1715	2469	2354	2469
AT3G02885	39	54	98	73	48	55
AT3G02890	584	566	387	567	463	439
AT3G02900	385	368	523	668	640	641
AT3G02910	840	809	855	570	480	603
AT3G02920	340	333	389	235	179	174
AT3G02930	286	234	136	343	271	228
AT3G02940	9	3	3	1	0	0
AT3G02950	410	389	504	426	377	338
AT3G02980	45	36	39	48	44	48
AT3G02990	219	153	152	86	82	111
AT3G03000	284	257	292	406	427	433
AT3G03010	407	442	449	425	377	314
AT3G03020	1984	1698	1482	1667	1381	1291
AT3G03030	859	757	454	500	495	550
AT3G03040	682	651	709	499	443	416
AT3G03050	2752	2455	934	2247	2060	1957
AT3G03060	396	373	164	196	133	143
AT3G03070	1491	1347	1537	1803	1710	1794
AT3G03090	609	476	383	640	587	596
AT3G03100	1370	1226	1582	2352	1900	1758
AT3G03110	681	607	323	583	547	453
AT3G03120	522	463	517	283	218	213
AT3G03130	21	23	35	115	103	92
AT3G03140	415	379	242	436	326	316
AT3G03150	1701	1738	2457	3634	3831	3718
AT3G03160	689	681	713	550	659	527
AT3G03170	36	32	59	30	31	33
AT3G03180	146	131	168	163	167	164
AT3G03190	77	79	134	261	287	263
AT3G03200	7	11	16	6	9	9
AT3G03210	247	221	185	211	171	158
AT3G03220	177	157	158	348	267	275
AT3G03230	0	0	0	7	3	0
AT3G03240	9	7	3	3	3	5
AT3G03250	3201	3015	1996	3765	3168	3352
AT3G03260	8	4	2	5	4	10
AT3G03270	261	231	387	296	218	224
AT3G03272	3	0	1	3	0	2
AT3G03280	20	15	8	9	14	8
AT3G03300	1499	1270	872	1101	915	975
AT3G03305	818	699	547	683	606	599
AT3G03310	811	690	605	425	392	310
AT3G03320	154	117	146	179	155	145
AT3G03330	841	774	853	778	696	650
AT3G03340	1465	1220	1141	891	763	683
AT3G03341	17	22	18	13	9	9
AT3G03350	96	105	50	116	102	99
AT3G03360	230	180	202	208	221	208
AT3G03370	59	44	80	76	61	44
AT3G03380	2775	2660	1811	2765	2417	2321
AT3G03420	469	476	515	307	240	270
AT3G03430	0	1	2	0	0	1
AT3G03440	308	303	254	201	167	146
AT3G03450	49	57	51	34	29	39
AT3G03460	90	73	56	46	39	28
AT3G03470	6159	5788	5852	2230	1825	1057
AT3G03480	349	336	422	50	70	16
AT3G03490	544	454	582	561	471	412
AT3G03500	0	0	5	1	0	1
AT3G03520	870	712	596	490	415	380
AT3G03530	73	72	26	7	11	11
AT3G03540	1	2	0	0	0	0
AT3G03550	267	226	291	333	311	271
AT3G03560	2408	2142	1583	1025	842	854
AT3G03570	801	687	483	603	504	515
AT3G03580	180	185	91	127	107	92
AT3G03590	103	103	162	150	147	156
AT3G03600	649	528	453	433	354	404
AT3G03610	746	670	648	377	275	251
AT3G03620	7	4	0	0	0	1
AT3G03630	331	266	224	531	463	576
AT3G03640	2857	2428	2232	843	653	726
AT3G03650	175	136	96	2	2	3
AT3G03660	26	45	40	0	1	0
AT3G03670	4	10	4	2	5	1
AT3G03680	215	190	116	240	229	236
AT3G03690	122	109	129	266	172	161
AT3G03700	31	41	38	72	43	44
AT3G03702	32	42	38	75	49	48
AT3G03710	1412	1291	958	2102	1732	2029
AT3G03720	1462	1302	1058	1095	1037	1010
AT3G03726	0	0	2	0	0	1
AT3G03740	1661	1511	1276	986	895	785
AT3G03750	446	377	393	291	258	331
AT3G03770	459	423	381	569	500	441
AT3G03773	315	259	341	141	172	149
AT3G03776	2	1	4	8	11	3
AT3G03780	2629	2261	1642	5867	5510	4425
AT3G03790	1677	1421	848	1532	1266	1216
AT3G03800	0	1	0	0	0	1
AT3G03810	675	645	411	608	553	563
AT3G03820	6	6	31	88	131	72
AT3G03828	0	0	0	0	0	1
AT3G03830	0	1	6	25	17	18
AT3G03840	4	2	21	60	49	34
AT3G03847	0	0	0	1	0	1
AT3G03850	9	5	32	79	79	42
AT3G03860	1338	1136	1335	1171	1041	1003
AT3G03870	3764	3287	4431	2800	2551	2057
AT3G03880	632	607	794	389	325	324
AT3G03890	2349	2157	2236	1517	1434	1410
AT3G03900	103	65	115	146	123	90
AT3G03910	3	9	19	20	22	19
AT3G03920	1928	1724	1719	1249	1055	825
AT3G03930	6	9	7	1	2	2
AT3G03940	3537	3093	2044	2602	2126	2173
AT3G03950	2151	1996	1681	864	761	718
AT3G03960	2934	2714	1843	1849	1756	1582
AT3G03970	210	200	179	187	132	131
AT3G03980	302	311	344	339	324	363
AT3G03990	1686	1546	1770	1068	1135	959
AT3G04000	158	153	171	118	110	96
AT3G04010	594	590	354	411	308	364
AT3G04020	210	176	169	145	140	138
AT3G04030	211	169	157	105	71	115
AT3G04040	80	56	114	56	60	40
AT3G04050	23	21	20	17	14	8
AT3G04060	2457	2108	2376	159	109	204
AT3G04070	2420	2094	1376	152	111	97
AT3G04080	1372	1228	922	892	791	788
AT3G04090	2785	2474	2547	2138	1945	1871
AT3G04100	1	0	0	0	0	1
AT3G04110	1690	1454	1049	1134	961	904
AT3G04120	32665	29065	28343	15748	13933	12622
AT3G04130	220	194	157	130	100	97
AT3G04140	113	104	246	209	239	144
AT3G04160	169	141	122	177	177	159
AT3G04170	1	0	0	1	4	0
AT3G04180	1	0	0	0	0	0
AT3G04181	25	22	19	15	11	16
AT3G04184	44	30	56	28	23	35
AT3G04190	2	2	3	0	0	0
AT3G04200	24	26	14	15	21	6
AT3G04210	4864	4164	4755	9225	8093	10433
AT3G04220	593	561	222	140	124	111
AT3G04230	495	472	548	159	193	168
AT3G04240	6169	5632	2781	2963	2469	2469
AT3G04250	0	1	0	0	0	0
AT3G04260	1745	1643	1130	2368	1934	2096
AT3G04290	247	202	424	1596	1532	1090
AT3G04300	8	8	6	16	4	1
AT3G04310	157	125	144	144	150	126
AT3G04320	15	9	6	2	1	1
AT3G04340	1935	1647	984	3281	2759	3065
AT3G04350	1318	1195	1220	704	658	612
AT3G04360	0	2	4	1	1	4
AT3G04370	8	10	8	2	0	0
AT3G04380	124	97	78	98	104	103
AT3G04400	7110	6355	8669	8102	8303	6933
AT3G04410	9	9	4	5	5	2
AT3G04420	444	398	558	60	84	94
AT3G04440	64	43	72	102	98	88
AT3G04450	208	195	185	199	194	195
AT3G04460	581	525	454	419	332	352
AT3G04470	1421	1356	1106	1494	1370	1417
AT3G04480	2579	2153	1616	1315	1244	1311
AT3G04485	48	46	60	113	109	95
AT3G04490	1307	1135	802	1101	967	992
AT3G04500	853	711	824	578	541	522
AT3G04510	75	51	72	51	65	25
AT3G04520	494	510	454	506	435	324
AT3G04530	5	2	5	5	15	8
AT3G04550	4113	3787	2578	4272	3284	5090
AT3G04560	822	762	761	443	402	386
AT3G04570	7	4	4	0	2	0
AT3G04580	970	835	494	855	732	785
AT3G04590	1251	1067	942	777	705	669
AT3G04600	1693	1482	1259	1151	974	989
AT3G04610	1934	1769	1377	1136	1019	981
AT3G04620	51	50	41	30	40	35
AT3G04630	386	367	520	723	561	478
AT3G04640	8742	8257	9018	7304	7863	7365
AT3G04650	1285	1147	708	1408	1205	1197
AT3G04660	18	13	10	1	4	3
AT3G04670	649	578	611	611	489	370
AT3G04680	533	482	393	462	411	463
AT3G04690	96	69	64	107	106	104
AT3G04700	42	28	40	34	44	38
AT3G04710	831	734	580	300	306	263
AT3G04720	10808	10992	11839	29454	28957	11775
AT3G04730	3104	2775	4203	3696	3447	3170
AT3G04740	1667	1513	1007	1436	1361	1265
AT3G04750	248	217	170	244	179	185
AT3G04760	2125	1912	1914	1799	1527	1724
AT3G04770	538	478	386	167	155	154
AT3G04780	875	702	958	594	561	504
AT3G04790	2276	2090	2632	3990	3471	4216
AT3G04800	12	16	16	2	1	6
AT3G04810	416	365	461	840	688	598
AT3G04820	622	553	340	380	301	304
AT3G04830	1189	1082	1158	1049	921	903
AT3G04840	5795	5163	4191	7596	6493	6069
AT3G04850	39	35	36	63	69	63
AT3G04854	4	0	0	3	2	0
AT3G04855	0	0	0	0	1	0
AT3G04860	96	76	110	121	98	112
AT3G04870	2916	2592	2419	2556	1954	1975
AT3G04880	845	858	934	989	917	861
AT3G04890	479	429	475	760	757	835
AT3G04900	2	2	4	1	3	3
AT3G04910	3692	3212	3064	8012	6448	7717
AT3G04920	2459	2250	2805	2675	2527	2139
AT3G04930	1794	1755	1332	1653	1273	1159
AT3G04940	671	584	698	1376	1192	1132
AT3G04950	110	93	65	103	79	67
AT3G04960	8	4	8	26	32	56
AT3G04970	397	364	347	283	240	240
AT3G04980	162	155	92	158	137	123
AT3G04990	0	0	2	0	0	0
AT3G05000	293	325	361	757	589	617
AT3G05010	787	714	901	456	433	458
AT3G05020	125	109	203	460	373	298
AT3G05030	563	479	554	1281	1215	903
AT3G05040	754	729	336	581	495	568
AT3G05050	1008	921	696	852	654	586
AT3G05060	2198	2025	1380	1271	1104	980
AT3G05070	722	707	827	442	523	477
AT3G05080	140	118	209	52	49	48
AT3G05090	3115	2960	2008	1673	1472	1328
AT3G05100	636	531	552	804	626	644
AT3G05110	3	4	3	2	2	0
AT3G05120	1862	1742	1522	964	775	997
AT3G05130	638	510	297	304	194	300
AT3G05140	3	8	19	34	37	31
AT3G05150	0	0	0	8	4	5
AT3G05152	1	3	3	3	3	1
AT3G05155	0	0	0	1	1	0
AT3G05160	1390	1143	1299	1907	1492	1744
AT3G05165	4256	3823	3465	2346	1856	1499
AT3G05170	243	173	179	118	111	134
AT3G05180	137	100	204	306	260	223
AT3G05190	35	23	25	63	47	36
AT3G05200	3464	3456	3809	3360	2939	3164
AT3G05210	1116	1057	922	572	563	457
AT3G05220	6946	6452	4015	4632	4407	4902
AT3G05230	489	442	500	486	418	362
AT3G05240	31	26	12	23	10	11
AT3G05250	412	345	447	355	304	305
AT3G05260	1	2	3	1	3	0
AT3G05270	910	794	626	824	648	621
AT3G05280	934	851	759	637	635	639
AT3G05290	672	608	661	628	517	452
AT3G05310	5	4	4	4	4	13
AT3G05320	1236	1133	596	938	759	867
AT3G05327	17	30	30	8	7	12
AT3G05330	98	68	68	118	106	121
AT3G05340	145	137	81	112	61	80
AT3G05345	636	578	732	622	590	542
AT3G05350	2404	2094	1423	2011	1793	1958
AT3G05360	413	396	204	117	120	96
AT3G05370	633	575	453	796	763	911
AT3G05380	1627	1532	883	797	670	647
AT3G05390	90	75	34	30	25	26
AT3G05400	336	285	83	41	32	28
AT3G05410	335	307	386	695	605	564
AT3G05420	1521	1484	887	1696	1528	1540
AT3G05430	63	65	55	115	106	126
AT3G05470	56	42	55	166	147	109
AT3G05480	41	45	27	39	31	28
AT3G05490	1254	1191	1112	1096	1110	1235
AT3G05500	4438	3989	4044	1436	1423	1168
AT3G05510	363	373	290	263	223	237
AT3G05520	587	453	600	857	810	826
AT3G05530	4931	4517	3579	3682	3507	3226
AT3G05540	2	0	0	0	0	0
AT3G05545	2554	2476	2405	1700	1632	1385
AT3G05550	22	25	29	12	14	12
AT3G05560	2285	1998	2307	3045	2949	2710
AT3G05570	248	188	267	192	197	206
AT3G05580	1346	1169	858	910	739	750
AT3G05590	3497	3220	3909	6869	5834	5064
AT3G05600	21	18	34	85	87	71
AT3G05610	1	0	0	0	0	0
AT3G05620	16	13	14	14	15	3
AT3G05625	196	187	222	291	261	318
AT3G05630	1131	1030	324	243	194	191
AT3G05640	469	467	607	1171	1029	828
AT3G05650	1347	1197	572	422	308	389
AT3G05660	272	263	164	149	150	232
AT3G05670	1684	1443	866	1314	1176	1123
AT3G05675	249	236	251	186	146	135
AT3G05680	2068	1697	715	1826	1581	1449
AT3G05685	51	35	51	36	51	36
AT3G05690	696	596	544	133	137	123
AT3G05700	493	442	552	370	324	317
AT3G05710	883	746	721	703	623	706
AT3G05720	6	0	1	2	2	0
AT3G05727	129	126	282	438	459	95
AT3G05730	218	169	616	643	707	666
AT3G05740	187	158	156	84	66	73
AT3G05746	0	0	0	1	1	0
AT3G05750	236	216	220	397	325	287
AT3G05760	684	582	778	846	700	627
AT3G05770	3	0	0	1	0	1
AT3G05780	4	5	3	0	1	0
AT3G05790	14	7	5	20	19	7
AT3G05800	38	29	95	135	158	298
AT3G05810	276	229	269	175	188	145
AT3G05820	17	14	13	21	11	11
AT3G05830	271	205	245	278	192	167
AT3G05840	4234	3809	3915	2690	2111	1972
AT3G05860	0	0	0	2	0	0
AT3G05870	190	165	203	179	164	135
AT3G05880	2887	2576	3341	1637	1708	3804
AT3G05890	13	14	31	54	43	31
AT3G05900	595	418	687	2718	1997	2224
AT3G05905	604	429	697	2729	2000	2232
AT3G05910	1509	1291	1271	3279	2889	3021
AT3G05920	0	0	0	1	0	0
AT3G05930	145	118	161	98	95	93
AT3G05932	204	168	214	150	146	143
AT3G05935	136	124	150	142	152	148
AT3G05936	82	76	202	157	164	118
AT3G05937	524	525	825	276	226	215
AT3G05940	431	355	343	268	253	237
AT3G05950	2	0	0	1	0	0
AT3G05960	1	1	0	0	0	0
AT3G05970	4989	4446	2454	2543	2186	2773
AT3G05975	0	0	2	0	1	0
AT3G05980	7	8	23	35	38	35
AT3G05990	356	323	254	445	406	388
AT3G06010	911	777	592	869	688	611
AT3G06019	0	0	0	3	2	3
AT3G06020	39	30	50	181	160	117
AT3G06030	88	68	84	269	198	147
AT3G06035	62	56	93	483	427	309
AT3G06040	897	750	900	739	659	678
AT3G06050	854	869	872	2185	2017	1913
AT3G06060	347	312	343	572	511	579
AT3G06070	584	461	1380	1920	1540	1700
AT3G06080	1403	1341	1396	2320	1915	2264
AT3G06090	0	0	0	0	1	0
AT3G06100	7	5	1	14	19	17
AT3G06110	480	447	602	353	350	341
AT3G06120	4	5	9	3	9	21
AT3G06125	459	404	766	531	501	439
AT3G06130	193	163	319	504	464	410
AT3G06140	58	44	87	172	184	215
AT3G06145	55	49	81	87	85	84
AT3G06150	337	342	503	949	852	942
AT3G06160	18	18	18	65	50	60
AT3G06170	2354	2106	2029	1679	1487	1350
AT3G06180	202	190	158	163	170	139
AT3G06190	1759	1547	1451	1079	882	898
AT3G06200	558	541	491	528	411	418
AT3G06210	1008	877	744	382	340	339
AT3G06220	16	10	15	18	16	8
AT3G06240	509	452	428	338	319	331
AT3G06250	482	485	342	460	405	408
AT3G06260	17	15	9	15	3	4
AT3G06270	576	499	481	405	316	319
AT3G06290	1543	1331	785	1218	1030	975
AT3G06300	793	708	737	635	590	578
AT3G06310	364	354	454	454	492	449
AT3G06320	216	192	261	191	194	200
AT3G06330	779	741	916	795	758	574
AT3G06340	856	738	517	610	436	471
AT3G06350	1882	1681	1287	2078	1912	1732
AT3G06360	21	26	37	12	13	13
AT3G06370	115	88	79	104	93	69
AT3G06380	1824	1607	1878	1444	1272	1240
AT3G06390	28	24	38	3	2	3
AT3G06400	3824	3489	2147	2858	2298	2406
AT3G06410	722	675	571	748	682	586
AT3G06420	738	705	656	192	208	180
AT3G06430	981	771	873	1428	1082	1191
AT3G06435	87	67	50	41	41	40
AT3G06440	397	322	344	731	702	602
AT3G06450	2281	2046	1304	1208	1140	1194
AT3G06455	69	83	107	113	75	88
AT3G06460	0	0	0	1	0	0
AT3G06470	1021	901	972	1306	1054	914
AT3G06480	1694	1586	913	825	756	689
AT3G06483	3015	2789	3014	3280	3182	3420
AT3G06490	68	51	40	59	33	14
AT3G06500	11634	10163	6193	12134	10422	10065
AT3G06510	5265	4563	5120	3774	3397	3086
AT3G06520	59	57	43	66	49	58
AT3G06530	2478	2063	825	1041	936	868
AT3G06540	1527	1370	853	877	748	675
AT3G06550	1701	1486	976	2194	1698	1660
AT3G06560	2	2	0	0	0	0
AT3G06570	328	290	347	225	180	175
AT3G06580	2353	2025	1655	1701	1508	1450
AT3G06590	340	292	449	437	450	388
AT3G06600	11	11	6	13	4	5
AT3G06610	629	524	724	477	482	460
AT3G06620	1138	1027	723	984	787	849
AT3G06630	49	29	23	26	19	16
AT3G06640	8	6	7	24	14	6
AT3G06650	1736	1521	1357	3482	3032	2965
AT3G06660	409	361	309	303	244	247
AT3G06670	2735	2579	1961	2368	1927	1774
AT3G06680	406	412	513	521	411	396
AT3G06690	354	341	420	130	119	128
AT3G06700	3127	3160	3645	3369	2446	2034
AT3G06710	82	79	39	15	19	22
AT3G06720	4105	3676	2573	2412	2096	2155
AT3G06730	508	481	503	572	556	544
AT3G06740	121	101	144	239	206	213
AT3G06750	704	695	1117	1720	1461	1203
AT3G06760	1073	939	1138	973	849	748
AT3G06770	122	127	241	680	696	754
AT3G06778	14	12	30	37	35	36
AT3G06780	892	819	988	827	888	861
AT3G06790	644	627	601	417	415	364
AT3G06810	3214	2858	1809	1671	1455	1279
AT3G06820	612	521	545	505	412	431
AT3G06830	117	102	113	59	60	47
AT3G06840	14	15	24	39	34	33
AT3G06850	767	702	613	737	672	575
AT3G06860	6181	5519	3526	2725	2438	2253
AT3G06868	91	100	148	249	253	215
AT3G06870	72	78	102	181	200	152
AT3G06880	328	287	247	1017	857	1095
AT3G06890	350	316	336	190	191	179
AT3G06895	1	0	4	0	0	0
AT3G06900	6	5	10	2	1	0
AT3G06910	270	213	190	238	212	174
AT3G06920	321	305	142	143	129	137
AT3G06930	1198	990	680	773	605	610
AT3G06950	422	371	479	431	481	441
AT3G06960	1115	1087	1113	730	749	683
AT3G06962	0	2	1	3	4	1
AT3G06970	0	0	1	1	2	5
AT3G06980	1141	971	893	2461	2137	2388
AT3G06985	0	1	0	1	1	2
AT3G06990	2	0	1	16	14	19
AT3G07000	5	1	1	22	11	10
AT3G07010	440	492	805	2153	1892	2169
AT3G07020	1328	1175	877	1024	938	986
AT3G07030	629	571	346	500	425	341
AT3G07040	1330	1183	842	777	747	777
AT3G07050	2277	2034	1215	988	938	801
AT3G07055	0	0	0	1	0	0
AT3G07060	273	259	152	252	202	203
AT3G07070	2	3	1	1	2	3
AT3G07080	653	504	440	462	357	416
AT3G07090	1087	1067	1131	743	647	599
AT3G07100	4871	4409	2207	3583	3157	3194
AT3G07110	2407	2189	1919	2955	2868	2596
AT3G07120	2	0	1	7	8	8
AT3G07130	71	57	72	58	69	57
AT3G07140	771	681	550	866	829	829
AT3G07150	21	25	29	11	10	9
AT3G07160	5868	5322	2510	3951	3235	3333
AT3G07170	1109	1045	1087	815	661	699
AT3G07180	1338	1280	1017	1139	993	1017
AT3G07190	326	276	281	323	270	292
AT3G07195	1654	1609	1127	1811	1471	1218
AT3G07200	141	120	160	277	263	267
AT3G07210	104	87	127	289	262	211
AT3G07215	249	256	282	157	147	200
AT3G07220	885	828	900	728	672	617
AT3G07230	1741	1519	2289	1324	1129	1181
AT3G07250	30	20	17	6	7	2
AT3G07260	14	23	45	24	15	22
AT3G07270	1304	1301	1394	1306	1263	1284
AT3G07273	184	134	151	192	148	136
AT3G07290	50	54	28	49	47	37
AT3G07300	1365	1266	1079	778	722	741
AT3G07310	1287	1284	1766	2514	2086	1954
AT3G07320	223	242	286	887	767	726
AT3G07330	1012	943	665	1090	949	1128
AT3G07340	287	291	206	343	245	383
AT3G07350	578	572	582	716	769	677
AT3G07360	4706	4044	4422	5270	4515	4008
AT3G07370	910	908	747	729	612	558
AT3G07380	1	0	5	20	3	16
AT3G07390	3381	3344	3126	3412	3382	3178
AT3G07400	1016	961	553	1134	1064	1073
AT3G07410	217	200	339	354	288	223
AT3G07420	197	204	126	149	143	120
AT3G07425	0	0	0	0	0	1
AT3G07430	2122	1963	1649	1866	1772	1984
AT3G07440	332	341	349	269	231	183
AT3G07450	0	0	0	1	0	0
AT3G07460	2015	1788	2150	3785	3814	5368
AT3G07470	2406	2074	2877	3456	2967	3537
AT3G07480	2230	2015	1972	1804	1893	1791
AT3G07490	1	2	2	0	2	2
AT3G07500	49	30	79	86	52	67
AT3G07510	187	180	239	194	194	210
AT3G07520	1152	1034	524	550	369	363
AT3G07522	2	2	1	0	0	0
AT3G07525	248	228	236	191	142	160
AT3G07530	217	232	134	125	94	110
AT3G07540	442	447	382	407	317	372
AT3G07550	459	389	374	349	264	290
AT3G07560	4124	3764	3645	3716	3299	2826
AT3G07565	820	801	706	518	510	521
AT3G07568	341	309	407	381	402	383
AT3G07570	962	902	647	468	365	465
AT3G07580	271	302	237	218	157	168
AT3G07590	516	536	577	126	136	125
AT3G07600	247	230	225	84	51	57
AT3G07610	1304	1161	665	708	647	644
AT3G07630	1386	1278	974	704	673	788
AT3G07640	836	753	734	451	414	609
AT3G07650	1606	1446	537	185	134	1095
AT3G07660	1970	1754	1341	1846	1623	1596
AT3G07670	1648	1598	1525	1340	1296	1433
AT3G07680	2300	2031	2117	1659	1428	1267
AT3G07690	507	410	352	328	274	290
AT3G07700	5359	4831	3250	3220	2538	2032
AT3G07710	3	0	0	0	0	0
AT3G07720	2157	1937	1711	915	809	675
AT3G07730	320	264	250	211	164	124
AT3G07740	653	518	443	386	367	349
AT3G07750	341	341	267	209	164	178
AT3G07760	1535	1316	1574	1049	754	708
AT3G07770	2752	2420	1292	1641	1315	1263
AT3G07780	6077	5478	3869	6129	4838	4882
AT3G07790	3652	3284	2708	3197	2842	2758
AT3G07800	7339	6489	8312	520	564	525
AT3G07810	2750	2596	1597	1709	1522	1532
AT3G07860	308	308	280	165	170	135
AT3G07870	771	666	731	541	397	420
AT3G07880	1531	1415	1634	1847	1634	1602
AT3G07890	1143	1075	829	1065	870	916
AT3G07900	6	4	4	5	6	1
AT3G07910	437	434	513	473	530	488
AT3G07920	5	5	2	4	0	0
AT3G07930	283	232	227	250	218	199
AT3G07940	609	501	576	973	722	585
AT3G07950	956	753	815	892	805	804
AT3G07960	16	19	6	88	73	63
AT3G07970	13	12	10	4	2	4
AT3G07980	841	828	399	638	597	670
AT3G07990	189	163	197	583	550	513
AT3G08000	82	82	101	62	57	61
AT3G08010	1537	1280	1792	1794	1701	1894
AT3G08020	1322	1175	862	1059	861	792
AT3G08030	2681	2506	3394	6694	6923	6394
AT3G08040	12	10	8	4	5	7
AT3G08490	0	0	2	7	4	3
AT3G08500	1	3	1	7	3	7
AT3G08505	195	165	239	193	165	148
AT3G08510	5190	4630	4850	10008	7505	8000
AT3G08520	1534	1304	2271	1123	1058	888
AT3G08530	11677	10643	4919	8496	7727	8318
AT3G08550	1060	1029	863	1074	946	1031
AT3G08560	1	3	0	1	0	0
AT3G08570	29	41	29	62	46	36
AT3G08580	32812	29468	21296	26425	23602	23906
AT3G08590	9756	8635	5506	2832	2732	2455
AT3G08600	113	100	177	383	396	391
AT3G08610	1398	1210	1814	2695	2751	2464
AT3G08620	420	344	380	275	244	193
AT3G08630	183	151	153	266	261	222
AT3G08636	1	0	0	0	0	0
AT3G08640	2627	2369	1980	1487	1305	1208
AT3G08650	3624	3242	3205	2501	2508	2421
AT3G08660	24	13	37	174	166	139
AT3G08670	582	555	464	1284	995	944
AT3G08680	555	496	427	1181	1048	1081
AT3G08690	2301	2148	2382	893	729	723
AT3G08700	9	6	4	3	2	0
AT3G08710	1632	1447	1691	1349	1120	1066
AT3G08720	4964	4430	2907	2655	2202	1826
AT3G08730	2920	2566	2634	1508	1137	935
AT3G08740	2204	1934	2407	3879	3339	3741
AT3G08750	1	5	2	2	2	0
AT3G08760	3303	3013	2565	2721	2401	2111
AT3G08770	91	97	268	566	587	323
AT3G08780	717	694	684	581	514	489
AT3G08790	2	0	1	4	3	2
AT3G08800	243	224	147	208	194	190
AT3G08810	30	21	24	4	4	2
AT3G08820	134	104	54	57	39	35
AT3G08840	912	843	584	1113	1019	937
AT3G08850	4077	3720	1789	3305	2912	2819
AT3G08860	2620	2326	2161	910	805	407
AT3G08870	391	357	383	229	192	187
AT3G08880	101	103	141	242	173	210
AT3G08890	198	163	229	327	266	253
AT3G08900	33	26	40	30	25	19
AT3G08910	279	292	254	304	269	261
AT3G08920	337	350	701	1916	1735	1750
AT3G08930	2062	1860	1347	2186	1869	1999
AT3G08940	13515	13387	39455	89351	92472	77318
AT3G08943	2170	1894	1350	1026	956	964
AT3G08947	767	699	390	247	249	253
AT3G08950	462	364	231	254	209	244
AT3G08960	1286	1146	644	1017	873	835
AT3G08970	336	279	151	64	73	86
AT3G08980	235	184	123	85	85	85
AT3G08990	317	306	367	181	137	95
AT3G09000	657	646	528	675	654	671
AT3G09010	919	959	712	460	388	414
AT3G09020	3636	3298	4063	1967	1817	1768
AT3G09030	713	657	552	676	685	683
AT3G09032	127	129	152	114	100	103
AT3G09035	224	194	259	347	309	301
AT3G09040	197	159	67	60	66	79
AT3G09050	588	540	747	1148	846	973
AT3G09060	86	89	28	47	43	34
AT3G09070	224	192	178	195	167	115
AT3G09080	9	11	12	5	15	12
AT3G09085	213	188	370	130	142	132
AT3G09090	2016	1872	1081	1453	1203	1230
AT3G09100	2714	2389	1660	1711	1309	1304
AT3G09140	0	0	0	0	0	1
AT3G09150	184	176	192	505	381	389
AT3G09160	75	78	89	84	75	95
AT3G09162	107	98	145	47	42	39
AT3G09180	846	860	735	407	412	377
AT3G09190	16	26	34	55	56	37
AT3G09200	8329	7542	7213	11949	10817	9898
AT3G09210	963	873	1346	2120	1601	1806
AT3G09220	115	124	45	18	13	5
AT3G09230	192	173	183	167	135	119
AT3G09240	5	8	8	8	12	9
AT3G09250	789	748	727	879	634	777
AT3G09260	1103	1096	1674	2577	2211	938
AT3G09270	156	128	279	52	33	28
AT3G09280	5	1	1	0	2	5
AT3G09300	1492	1332	1165	1490	1360	1542
AT3G09310	104	85	157	108	93	92
AT3G09320	683	680	743	459	402	484
AT3G09330	0	0	2	4	5	4
AT3G09340	0	0	0	0	1	0
AT3G09350	775	666	475	284	239	280
AT3G09360	497	441	368	399	320	306
AT3G09370	334	327	246	243	244	244
AT3G09380	1	0	3	0	0	0
AT3G09390	19242	18030	18382	13844	12637	23889
AT3G09400	7	9	4	1	2	3
AT3G09405	270	245	237	395	339	236
AT3G09410	718	624	695	1063	882	886
AT3G09430	25	18	10	17	19	18
AT3G09440	22773	20336	11144	4171	3424	3902
AT3G09450	13	10	12	5	7	0
AT3G09470	842	763	909	1254	1183	1151
AT3G09480	143	141	152	35	31	31
AT3G09490	281	228	193	184	120	156
AT3G09500	2131	1907	2909	4293	4162	3621
AT3G09520	530	475	340	308	279	270
AT3G09530	1	0	2	0	0	1
AT3G09540	128	120	161	462	366	374
AT3G09550	55	44	35	114	98	118
AT3G09560	1338	1227	936	892	766	725
AT3G09570	1183	1105	862	1064	834	734
AT3G09580	348	333	432	782	739	852
AT3G09590	0	0	0	0	1	0
AT3G09595	0	1	1	0	0	0
AT3G09600	386	366	556	286	263	70
AT3G09620	5	3	1	2	0	1
AT3G09630	10116	10148	7645	5606	5350	4733
AT3G09640	5	8	0	0	0	4
AT3G09650	841	654	664	956	721	700
AT3G09660	464	374	270	118	93	98
AT3G09670	411	354	322	306	215	255
AT3G09680	45	54	44	8	7	2
AT3G09690	500	466	391	581	532	487
AT3G09700	319	255	341	140	116	130
AT3G09710	60	78	44	238	209	204
AT3G09720	626	540	401	225	215	205
AT3G09730	51	46	61	88	57	50
AT3G09735	1047	958	1394	836	693	744
AT3G09740	2140	1935	2025	2487	2095	2228
AT3G09750	1	1	0	1	0	0
AT3G09760	699	656	531	652	489	521
AT3G09770	1462	1385	1291	1314	1112	927
AT3G09780	25	18	15	62	70	68
AT3G09790	27	12	32	22	24	14
AT3G09800	140	135	183	400	382	412
AT3G09810	1331	1150	851	611	593	572
AT3G09820	2521	2248	2161	5924	5280	4756
AT3G09830	6100	5483	3746	4906	4422	3586
AT3G09840	30868	27368	19893	13129	11656	11171
AT3G09850	2194	1967	1451	1812	1472	1390
AT3G09860	1686	1527	2587	2295	1989	2034
AT3G09863	22	23	22	5	4	5
AT3G09870	120	116	140	384	294	275
AT3G09880	842	723	546	807	655	646
AT3G09890	267	256	243	205	245	215
AT3G09900	1041	905	1115	829	650	606
AT3G09910	46	55	103	145	129	82
AT3G09920	915	810	794	1534	1246	1014
AT3G09922	1	0	0	1	4	10
AT3G09930	0	0	0	0	1	0
AT3G09940	2699	2350	1804	3034	2449	797
AT3G09950	15	15	13	11	16	1
AT3G09960	134	113	125	25	26	19
AT3G09970	849	721	828	466	393	480
AT3G09980	1390	1340	1710	1351	978	948
AT3G09990	0	0	0	0	1	0
AT3G10000	1	1	3	7	5	5
AT3G10010	905	847	480	772	671	573
AT3G10020	3174	3009	5502	7346	5786	5831
AT3G10030	801	790	684	863	602	652
AT3G10040	55	49	45	93	49	62
AT3G10050	1340	1205	863	1090	927	901
AT3G10060	1069	927	1840	3102	2741	2852
AT3G10070	363	373	268	257	236	245
AT3G10080	68	49	146	360	266	208
AT3G10090	933	840	1217	529	543	515
AT3G10110	127	146	119	86	71	67
AT3G10113	108	120	178	148	124	107
AT3G10116	1	0	0	0	0	0
AT3G10120	37	37	85	50	40	53
AT3G10130	1369	1298	1289	1611	1420	1489
AT3G10140	327	276	330	438	330	335
AT3G10150	28	9	36	21	23	20
AT3G10160	1064	984	872	1430	1236	1361
AT3G10180	95	80	44	123	84	86
AT3G10185	0	0	2	5	0	4
AT3G10190	376	387	611	294	277	249
AT3G10200	39	42	53	60	72	38
AT3G10210	676	600	847	597	510	470
AT3G10220	462	430	520	582	550	546
AT3G10230	2021	1764	2424	2193	1968	1676
AT3G10240	0	0	3	0	0	2
AT3G10250	1413	1227	1415	754	563	554
AT3G10260	1529	1459	1857	2303	1978	1805
AT3G10270	983	923	722	1478	1262	1297
AT3G10280	61	62	38	41	29	36
AT3G10290	9	2	7	12	17	6
AT3G10300	7535	7346	5822	4723	4719	4632
AT3G10310	31	52	28	132	83	107
AT3G10320	1607	1380	1351	155	116	58
AT3G10330	569	503	494	566	480	487
AT3G10340	61	82	127	128	136	93
AT3G10350	1797	1589	1384	1668	1588	1635
AT3G10360	971	830	607	1671	1380	1273
AT3G10370	1592	1499	1004	1169	998	1216
AT3G10380	4181	3615	1932	2946	2575	2581
AT3G10390	701	623	348	492	384	381
AT3G10400	125	164	142	104	92	86
AT3G10405	443	401	855	1350	1213	1074
AT3G10410	8906	8232	5683	2630	2345	4150
AT3G10420	3063	2744	3257	2865	2813	1589
AT3G10440	139	125	128	262	246	210
AT3G10450	1172	954	982	327	271	249
AT3G10470	0	2	3	9	3	1
AT3G10480	1246	1175	1062	788	669	651
AT3G10490	2098	2074	1445	960	767	638
AT3G10500	4609	4199	3688	743	621	608
AT3G10510	1	2	0	0	2	0
AT3G10520	776	713	1081	2070	1938	2654
AT3G10525	936	993	1464	337	308	305
AT3G10530	908	813	482	344	270	307
AT3G10540	690	634	468	568	515	503
AT3G10550	480	379	338	584	458	457
AT3G10560	1	1	1	2	3	1
AT3G10570	40	21	58	130	94	74
AT3G10572	571	494	597	391	371	368
AT3G10580	1	0	0	0	0	0
AT3G10590	24	26	4	5	2	3
AT3G10600	9	10	10	15	6	6
AT3G10610	775	635	726	635	645	519
AT3G10620	588	511	763	718	720	684
AT3G10630	556	447	430	433	357	371
AT3G10640	2159	1889	1850	1570	1362	1277
AT3G10650	2643	2418	1149	1719	1351	1451
AT3G10660	102	68	56	180	167	166
AT3G10670	1975	1775	1811	2052	1706	1873
AT3G10680	11	13	11	20	18	15
AT3G10690	1400	1211	659	1010	846	814
AT3G10700	322	288	260	402	370	376
AT3G10720	2288	2185	1631	7191	5998	6082
AT3G10730	638	549	507	441	394	368
AT3G10740	2067	1749	1758	2218	1991	1701
AT3G10745	8	19	11	3	0	4
AT3G10750	27	30	20	10	3	3
AT3G10760	669	650	716	640	570	442
AT3G10770	2723	2550	2802	2327	2188	1912
AT3G10780	1	4	2	1	1	3
AT3G10800	2651	2373	1531	1972	1563	1559
AT3G10810	972	963	662	906	836	744
AT3G10815	529	530	445	123	86	41
AT3G10820	432	357	319	308	225	227
AT3G10840	110	109	152	364	318	348
AT3G10845	1	3	3	0	2	0
AT3G10850	2729	2635	3042	3698	2887	3067
AT3G10860	961	868	1437	1812	1966	1843
AT3G10870	142	143	160	276	214	183
AT3G10880	24	17	49	25	30	16
AT3G10890	1	0	1	2	0	0
AT3G10910	98	69	79	26	33	23
AT3G10912	98	69	79	26	33	23
AT3G10915	694	616	792	742	573	586
AT3G10920	2812	2481	2959	4876	4522	4440
AT3G10930	6725	6310	9149	3046	2937	2825
AT3G10940	408	397	491	841	716	823
AT3G10950	0	0	1	0	0	0
AT3G10960	254	204	214	191	151	202
AT3G10970	2600	2287	2406	2440	1960	2191
AT3G10980	975	875	679	953	817	973
AT3G10985	6289	6087	5035	6977	6610	6459
AT3G10986	2	7	4	4	6	7
AT3G10990	1	0	0	0	0	0
AT3G11000	75	53	47	42	54	38
AT3G11010	6266	5614	3113	2125	1810	2023
AT3G11020	305	292	214	101	101	208
AT3G11030	501	456	382	413	382	356
AT3G11040	170	156	147	250	178	129
AT3G11050	27	34	27	14	24	18
AT3G11060	0	1	0	0	0	0
AT3G11070	856	755	669	706	549	605
AT3G11080	1388	1296	529	421	341	298
AT3G11090	449	400	561	215	233	203
AT3G11100	610	529	683	544	459	401
AT3G11110	38	26	89	118	141	131
AT3G11120	814	777	1324	1011	891	764
AT3G11130	9339	8201	3481	7558	6878	7628
AT3G11150	46	39	31	17	25	12
AT3G11160	0	1	2	0	0	0
AT3G11165	4	3	4	4	0	2
AT3G11170	3931	3452	3560	8234	7019	7408
AT3G11180	2	0	5	2	1	1
AT3G11200	1908	1648	1696	1269	1125	1049
AT3G11210	112	110	201	316	242	185
AT3G11220	486	456	343	240	237	225
AT3G11230	620	498	642	462	354	476
AT3G11240	317	278	250	279	210	239
AT3G11250	619	606	535	721	672	664
AT3G11260	3	4	7	3	1	3
AT3G11270	439	396	349	301	315	257
AT3G11280	1653	1520	1767	1485	1242	1198
AT3G11290	653	558	557	553	430	420
AT3G11320	884	766	686	613	600	556
AT3G11325	2	1	0	0	0	3
AT3G11330	834	709	549	633	465	489
AT3G11340	84	99	55	49	33	53
AT3G11390	2	4	1	4	3	5
AT3G11397	939	810	908	676	545	526
AT3G11400	3537	3093	3258	2134	1947	1724
AT3G11402	1212	1035	1026	723	588	583
AT3G11405	6	0	6	2	1	0
AT3G11410	3020	2801	2587	2450	2199	1986
AT3G11415	8	10	21	5	3	10
AT3G11420	653	636	480	1178	1050	973
AT3G11430	54	86	42	2	3	8
AT3G11440	305	275	277	195	188	157
AT3G11450	3322	2984	2325	2734	1960	2044
AT3G11460	128	111	45	55	53	71
AT3G11470	299	246	335	232	182	178
AT3G11480	90	69	89	63	56	19
AT3G11490	183	188	233	373	286	301
AT3G11500	547	472	789	520	492	478
AT3G11510	4678	3900	4613	3827	4897	4302
AT3G11520	12	21	22	39	54	61
AT3G11530	743	711	941	551	507	473
AT3G11540	1595	1435	1102	1229	1017	1111
AT3G11550	0	0	1	2	5	1
AT3G11560	2900	2649	2098	5044	4192	4382
AT3G11570	496	506	738	636	690	716
AT3G11580	410	339	390	74	78	62
AT3G11590	740	698	541	935	707	742
AT3G11591	23	35	61	21	32	23
AT3G11600	453	409	659	176	144	120
AT3G11620	200	194	196	269	256	217
AT3G11630	4470	4072	6705	15668	13923	16042
AT3G11640	92	111	58	26	36	27
AT3G11650	1759	1536	1345	1450	1049	1083
AT3G11660	2426	2318	2721	2145	1880	1301
AT3G11670	2377	2016	2035	2002	1716	1311
AT3G11680	1	0	0	7	2	1
AT3G11690	147	164	213	181	139	106
AT3G11700	2823	2616	1999	4959	3972	4321
AT3G11710	5292	5042	3246	2742	2251	2232
AT3G11720	842	767	739	499	428	357
AT3G11730	1100	938	1362	928	852	732
AT3G11740	0	3	4	0	0	0
AT3G11745	94	76	149	57	60	62
AT3G11750	55	53	85	106	114	103
AT3G11760	246	199	208	360	284	277
AT3G11770	412	326	469	435	419	441
AT3G11773	29	14	24	5	5	3
AT3G11780	2411	2187	2454	1584	1518	1597
AT3G11800	1270	1204	1015	1062	1026	1151
AT3G11810	1837	1625	1599	1278	1099	1112
AT3G11820	6070	5522	4203	5846	5250	5368
AT3G11830	3173	2939	2044	2511	2060	1863
AT3G11840	2531	2390	1797	1425	1220	1623
AT3G11850	800	705	627	706	584	629
AT3G11860	48	55	64	21	18	32
AT3G11880	2203	1999	1605	1425	1343	1209
AT3G11890	656	617	571	514	421	421
AT3G11900	1164	938	1149	675	577	439
AT3G11910	4447	3859	2092	3273	2577	2678
AT3G11920	6	1	1	2	0	1
AT3G11930	1646	1626	2032	1497	1549	1571
AT3G11940	7355	6921	7362	5956	6601	5560
AT3G11945	708	579	758	1547	1510	1572
AT3G11950	231	169	200	251	187	172
AT3G11960	2128	1818	1062	1547	1393	1338
AT3G11964	2451	2027	807	1374	1078	1102
AT3G11980	0	1	0	0	0	0
AT3G12010	1407	1245	842	1362	1249	1076
AT3G12012	1407	1245	842	1362	1249	1076
AT3G12020	985	793	645	1413	1040	1003
AT3G12030	336	341	486	351	333	292
AT3G12040	250	220	276	199	224	173
AT3G12050	1425	1331	1126	833	720	651
AT3G12060	9	9	7	11	7	11
AT3G12070	250	228	231	101	78	51
AT3G12080	1800	1627	1301	2742	2158	2348
AT3G12090	120	97	139	88	65	71
AT3G12100	654	607	621	473	441	488
AT3G12110	128	108	105	322	311	378
AT3G12120	8146	7296	10185	25824	21374	22272
AT3G12130	1076	912	1074	784	664	561
AT3G12140	1609	1372	1555	1202	996	991
AT3G12145	636	556	605	1046	916	487
AT3G12150	362	310	406	566	540	521
AT3G12160	0	0	1	0	0	0
AT3G12170	50	68	96	79	71	44
AT3G12180	280	241	325	217	212	191
AT3G12190	1	0	1	0	0	0
AT3G12200	1181	980	909	1101	914	863
AT3G12203	0	0	6	3	1	2
AT3G12210	234	233	336	377	316	298
AT3G12220	733	705	587	217	173	142
AT3G12230	24	19	5	6	2	6
AT3G12250	545	490	456	283	271	244
AT3G12260	1725	1562	2189	1705	1817	1678
AT3G12270	757	650	440	376	266	256
AT3G12280	3628	3290	1679	1314	1197	1095
AT3G12290	3912	3672	3945	4085	3490	3653
AT3G12300	561	531	720	395	343	313
AT3G12320	778	671	1280	888	845	273
AT3G12340	377	282	218	182	173	133
AT3G12345	1273	1094	1979	4178	3350	2967
AT3G12350	704	624	703	575	481	486
AT3G12360	3948	3558	2681	2920	2696	2352
AT3G12370	430	415	430	338	324	302
AT3G12380	626	524	366	431	348	382
AT3G12390	2682	2326	2518	2224	2011	1779
AT3G12400	2359	2214	1795	2319	1957	1976
AT3G12410	328	314	410	6	6	0
AT3G12420	1	0	0	1	0	1
AT3G12440	0	0	0	2	0	0
AT3G12460	3	5	5	8	21	11
AT3G12470	0	0	1	0	0	0
AT3G12480	1134	1047	1082	845	758	710
AT3G12490	6741	6163	7091	3359	3225	3437
AT3G12500	1524	1551	1707	3895	3991	1013
AT3G12502	444	481	334	936	1016	278
AT3G12510	430	406	372	43	37	25
AT3G12520	227	214	206	736	612	407
AT3G12530	184	139	173	126	92	107
AT3G12545	1	0	0	0	1	0
AT3G12550	475	379	327	439	338	372
AT3G12560	877	793	649	691	614	671
AT3G12570	1931	1907	1543	1755	1530	1500
AT3G12580	1183	1084	529	255	215	168
AT3G12587	318	281	467	297	275	228
AT3G12590	929	867	599	1089	991	1066
AT3G12600	752	702	831	772	568	595
AT3G12610	210	152	543	1640	1764	1952
AT3G12620	1272	1136	868	1174	1037	1089
AT3G12630	5315	4853	6083	3456	3213	3189
AT3G12640	1152	1050	820	977	699	706
AT3G12650	552	529	652	321	279	250
AT3G12660	1	0	0	0	0	0
AT3G12670	2866	2558	2008	1786	1535	1419
AT3G12680	845	797	678	637	545	550
AT3G12685	132	139	136	271	219	287
AT3G12690	172	177	155	163	113	118
AT3G12700	723	683	469	408	403	497
AT3G12710	193	188	325	1077	1089	726
AT3G12720	5	5	3	1	0	0
AT3G12730	86	86	106	98	91	64
AT3G12740	5758	5084	4774	3918	3271	3337
AT3G12750	111	102	110	158	135	137
AT3G12760	1944	1729	1839	1201	1095	1048
AT3G12770	147	138	75	58	62	68
AT3G12775	0	2	2	2	3	2
AT3G12780	20309	19245	21780	35266	31197	36500
AT3G12800	3622	3466	3537	2554	2063	2165
AT3G12810	1981	1798	909	1336	1168	1054
AT3G12820	7	12	18	58	31	37
AT3G12830	1549	1375	1590	515	553	645
AT3G12835	23	22	23	19	6	8
AT3G12860	298	296	240	79	90	47
AT3G12870	26	20	32	84	70	44
AT3G12880	2	2	4	1	2	1
AT3G12890	4	3	8	14	18	11
AT3G12900	0	1	3	1	1	0
AT3G12910	146	133	79	37	21	11
AT3G12915	624	552	483	251	232	235
AT3G12920	84	87	153	182	166	160
AT3G12930	686	659	856	1568	1352	1592
AT3G12940	339	315	300	303	301	276
AT3G12950	1161	1050	916	632	501	548
AT3G12955	1	4	4	5	0	3
AT3G12960	2	5	6	0	0	1
AT3G12965	607	511	897	193	329	319
AT3G12970	17	18	8	51	29	15
AT3G12977	16	11	34	8	5	3
AT3G12980	1651	1519	687	1523	1191	1239
AT3G12990	517	433	466	271	276	275
AT3G13000	204	146	237	481	377	382
AT3G13010	1	0	1	1	1	1
AT3G13020	40	37	19	43	49	38
AT3G13030	454	397	384	616	596	626
AT3G13040	2931	2598	3072	2565	2039	1459
AT3G13050	985	835	585	715	704	636
AT3G13060	2317	1925	2272	2137	1857	1714
AT3G13061	649	593	1068	691	700	527
AT3G13062	3304	2816	4274	2361	2431	1828
AT3G13065	227	206	260	398	309	254
AT3G13070	1088	972	762	1382	1248	1151
AT3G13080	36786	33054	17436	2211	2091	1597
AT3G13090	85	80	57	41	35	25
AT3G13100	718	610	309	307	227	185
AT3G13110	2315	2109	2477	2715	2342	1653
AT3G13120	2903	2752	3892	7555	6510	7318
AT3G13130	36	48	42	0	5	0
AT3G13140	0	0	1	3	2	0
AT3G13150	499	454	305	131	120	143
AT3G13160	553	514	350	242	230	246
AT3G13170	15	12	15	10	2	6
AT3G13175	178	173	272	211	159	116
AT3G13180	590	584	585	889	816	966
AT3G13190	348	278	286	254	200	142
AT3G13200	2406	2162	2535	1932	1882	1701
AT3G13210	78	87	37	33	20	18
AT3G13220	0	0	0	0	1	0
AT3G13222	746	652	533	800	654	578
AT3G13224	1047	880	834	508	431	430
AT3G13225	1290	1146	796	1292	1031	1086
AT3G13226	419	370	375	428	405	376
AT3G13227	1	0	0	0	0	0
AT3G13229	2	5	14	7	4	3
AT3G13230	1044	870	878	413	357	360
AT3G13235	2378	2044	1776	1122	1061	1068
AT3G13240	72	52	44	87	58	51
AT3G13275	95	78	98	91	75	89
AT3G13277	178	157	110	68	77	65
AT3G13280	26	21	23	4	4	2
AT3G13290	1261	1215	550	804	772	748
AT3G13300	3898	3645	1944	3259	2746	2920
AT3G13310	331	358	517	254	224	249
AT3G13320	2055	1828	1592	1140	941	1027
AT3G13330	7368	6538	2728	2978	2754	2474
AT3G13340	2667	2411	2105	2205	1858	1794
AT3G13350	570	481	627	398	342	384
AT3G13360	835	754	855	1202	891	911
AT3G13370	0	0	1	0	0	0
AT3G13380	3773	3591	1681	524	483	645
AT3G13390	0	1	0	0	0	0
AT3G13400	7	3	6	8	11	7
AT3G13403	1	0	2	6	10	12
AT3G13404	13	6	42	102	109	74
AT3G13405	2	2	8	18	19	15
AT3G13410	5710	5104	4593	5083	4753	5104
AT3G13420	45	51	50	63	57	48
AT3G13430	1000	918	809	761	646	620
AT3G13432	174	153	154	9	9	1
AT3G13433	796	628	716	88	68	29
AT3G13435	91	65	84	10	12	5
AT3G13437	477	459	552	315	273	273
AT3G13440	1162	1150	1019	832	746	732
AT3G13445	1192	1055	998	564	500	486
AT3G13450	875	856	882	620	681	699
AT3G13460	11818	10743	8220	12309	9806	9748
AT3G13470	1108	987	856	2668	2177	2351
AT3G13480	371	318	426	448	424	366
AT3G13490	1888	1720	1451	1710	1557	1692
AT3G13500	7	3	3	2	0	0
AT3G13510	210	183	268	444	344	284
AT3G13520	511	401	627	760	1184	1430
AT3G13525	3	7	5	1	1	0
AT3G13530	1593	1440	788	1352	1151	1281
AT3G13540	31	15	37	17	27	19
AT3G13550	453	399	551	312	253	271
AT3G13560	811	707	619	536	472	538
AT3G13570	1194	1139	1009	855	900	819
AT3G13580	2366	2149	2409	2816	2216	1812
AT3G13590	12	2	22	25	18	12
AT3G13600	315	244	171	176	140	120
AT3G13610	180	167	156	43	45	16
AT3G13620	150	119	238	171	131	109
AT3G13630	1	1	0	0	0	0
AT3G13640	7	4	3	10	7	8
AT3G13650	78	68	61	93	79	48
AT3G13660	3	0	2	1	0	0
AT3G13662	1	0	0	0	0	0
AT3G13670	6223	5370	3660	2961	2539	2729
AT3G13672	1718	1499	1870	997	858	891
AT3G13674	32	25	57	47	50	50
AT3G13677	92	91	152	80	86	85
AT3G13680	4	3	4	1	1	1
AT3G13682	77	74	64	69	72	69
AT3G13690	813	767	898	2775	2236	2186
AT3G13700	277	213	314	466	418	475
AT3G13710	279	215	314	469	419	476
AT3G13720	911	886	1029	993	1085	1129
AT3G13724	6	1	4	0	0	0
AT3G13730	103	86	95	108	93	109
AT3G13740	608	547	732	1026	954	1125
AT3G13750	4553	4128	7217	24114	19682	23923
AT3G13760	1	2	1	0	0	1
AT3G13770	91	79	31	32	45	33
AT3G13772	2297	2079	1706	1410	1317	1248
AT3G13780	248	210	174	212	129	136
AT3G13782	107	84	87	74	51	62
AT3G13784	1	1	7	0	4	1
AT3G13790	2447	2348	2060	880	736	717
AT3G13800	461	385	340	465	415	403
AT3G13810	1578	1410	1162	697	560	474
AT3G13840	0	0	0	10	10	4
AT3G13845	99	77	149	122	148	131
AT3G13850	25	29	18	36	46	38
AT3G13855	7	10	16	3	4	2
AT3G13857	4	9	8	2	2	2
AT3G13860	1065	950	585	713	677	606
AT3G13870	5190	4642	3293	4424	3821	3687
AT3G13880	165	134	84	108	75	91
AT3G13882	786	679	899	594	577	576
AT3G13890	4	1	6	0	0	0
AT3G13898	1	0	3	0	0	1
AT3G13900	35	20	28	12	10	10
AT3G13910	500	478	690	340	335	267
AT3G13920	14068	12734	9423	11613	11013	10438
AT3G13930	3265	2898	1840	2622	2104	2239
AT3G13940	1715	1397	925	310	261	256
AT3G13950	1668	1585	1709	324	282	184
AT3G13960	57	52	56	70	67	35
AT3G13970	112	93	138	65	76	75
AT3G13980	77	85	133	364	290	195
AT3G13990	2377	2108	1093	1271	1065	1151
AT3G14000	154	123	170	369	303	264
AT3G14010	2954	2644	2133	2188	1702	1764
AT3G14020	418	373	466	310	260	224
AT3G14050	12443	11475	6667	8853	7786	6672
AT3G14060	313	303	389	51	34	29
AT3G14067	4533	4435	4773	7939	6923	4898
AT3G14070	210	198	159	114	120	82
AT3G14075	1082	935	786	635	589	549
AT3G14080	428	403	414	378	288	291
AT3G14090	1982	1815	1663	1468	1235	1264
AT3G14100	3005	2724	2676	3862	3557	3300
AT3G14110	978	874	1314	3005	2687	2853
AT3G14120	956	816	515	600	561	543
AT3G14130	739	582	728	466	377	396
AT3G14140	5	12	18	7	3	9
AT3G14150	272	232	435	943	763	773
AT3G14160	372	373	265	203	178	140
AT3G14170	23	14	29	100	75	66
AT3G14172	1019	905	483	921	771	1025
AT3G14180	684	657	605	643	539	484
AT3G14185	0	0	1	0	0	0
AT3G14190	52	46	91	75	71	80
AT3G14200	1622	1368	1183	749	601	524
AT3G14205	1886	1541	969	1627	1210	1406
AT3G14210	11978	11070	9401	40785	34876	43111
AT3G14220	668	618	512	1496	1326	1208
AT3G14225	6	8	13	7	11	4
AT3G14230	5456	4808	3759	3038	2861	3256
AT3G14240	805	834	846	2459	2190	2185
AT3G14260	0	0	0	5	6	0
AT3G14270	3503	3050	1217	3456	2911	3025
AT3G14280	1624	1410	2181	295	239	181
AT3G14290	1159	963	1162	1274	1250	1124
AT3G14310	4232	4041	3782	15213	13395	14271
AT3G14320	2	0	1	1	1	0
AT3G14330	208	205	131	454	360	396
AT3G14340	247	233	279	388	318	277
AT3G14350	2860	2655	1390	3593	3098	2841
AT3G14360	126	145	71	77	78	56
AT3G14362	1	0	0	2	0	0
AT3G14370	6	4	9	16	9	12
AT3G14380	1	4	4	8	7	5
AT3G14385	0	0	1	0	0	0
AT3G14390	1276	1206	795	1044	977	981
AT3G14395	25	32	29	24	17	2
AT3G14400	1894	1705	1233	1458	1169	1252
AT3G14410	641	509	407	379	390	411
AT3G14415	9863	9044	11401	16232	14730	17623
AT3G14420	14335	12890	18526	25875	26019	24360
AT3G14430	327	269	420	191	269	287
AT3G14431	0	0	1	1	0	0
AT3G14440	645	596	491	1250	1125	1195
AT3G14450	46	57	35	84	78	79
AT3G14452	8	5	3	4	6	11
AT3G14460	229	228	56	115	109	124
AT3G14470	734	660	362	499	404	421
AT3G14475	2	4	8	3	1	2
AT3G14510	1	0	0	0	1	0
AT3G14530	3	1	1	2	2	0
AT3G14540	6	5	4	17	17	10
AT3G14550	46	34	33	50	47	26
AT3G14560	80	73	136	103	68	55
AT3G14570	52	35	36	184	167	132
AT3G14580	68	56	28	33	34	51
AT3G14590	1202	996	560	592	447	442
AT3G14595	2402	2316	3058	2044	2142	1567
AT3G14600	3159	3079	4024	3223	2846	2393
AT3G14610	204	180	159	96	72	61
AT3G14620	4350	3779	2870	2502	2298	2384
AT3G14630	57	51	51	66	74	71
AT3G14640	45	66	15	11	9	9
AT3G14650	2441	2174	1996	3232	2816	2952
AT3G14660	1807	1678	1707	2816	2381	2547
AT3G14670	0	0	1	1	1	0
AT3G14680	107	99	77	202	141	93
AT3G14690	2569	2370	2344	2289	1858	1694
AT3G14700	257	230	234	34	23	16
AT3G14710	155	188	107	7	8	14
AT3G14720	1117	1021	797	742	645	565
AT3G14730	103	110	56	91	61	81
AT3G14735	3	5	7	2	2	3
AT3G14740	45	34	40	73	74	75
AT3G14750	239	193	230	187	162	181
AT3G14760	11	6	37	83	74	42
AT3G14770	536	524	319	277	249	140
AT3G14780	13	17	4	14	9	9
AT3G14790	666	713	510	710	677	644
AT3G14810	355	280	190	814	629	498
AT3G14820	1	1	0	0	1	0
AT3G14830	1310	1187	992	972	838	799
AT3G14840	7576	6792	3367	5301	4460	5082
AT3G14850	35	32	46	104	102	52
AT3G14860	969	938	827	908	748	755
AT3G14870	404	341	194	605	594	602
AT3G14880	1	0	0	0	0	0
AT3G14890	509	478	386	361	300	241
AT3G14900	228	151	100	312	241	288
AT3G14910	421	394	353	233	219	245
AT3G14920	1049	917	836	668	480	489
AT3G14930	2361	2091	2888	5449	5114	5673
AT3G14940	128	119	80	167	193	136
AT3G14950	0	0	1	9	11	6
AT3G14960	457	415	454	532	524	478
AT3G14980	306	303	219	702	630	763
AT3G14981	2	6	0	5	3	5
AT3G14990	4083	3740	3329	1225	1130	1409
AT3G15000	5793	5844	3346	3033	2732	2428
AT3G15010	1846	1736	1117	856	837	768
AT3G15020	655	592	355	452	439	450
AT3G15030	678	711	440	1104	932	1312
AT3G15040	630	560	679	546	573	564
AT3G15050	6	6	11	15	13	10
AT3G15060	634	639	525	531	464	564
AT3G15070	890	778	668	843	684	621
AT3G15080	371	304	315	188	176	143
AT3G15090	489	417	384	357	308	259
AT3G15095	775	706	857	1926	1567	1600
AT3G15110	838	740	909	1542	1276	1626
AT3G15115	28	33	74	94	95	95
AT3G15120	1034	823	546	1029	918	837
AT3G15130	57	56	25	53	56	56
AT3G15140	235	198	131	143	120	152
AT3G15150	150	122	138	108	84	65
AT3G15160	923	872	778	1284	1180	1052
AT3G15170	18	9	16	3	3	3
AT3G15180	1810	1612	1249	694	511	493
AT3G15190	1944	1747	2878	6585	6111	6861
AT3G15200	159	162	76	214	196	171
AT3G15210	10912	11615	11084	6167	6992	6665
AT3G15220	602	569	506	765	692	671
AT3G15240	275	264	268	0	0	1
AT3G15250	0	0	0	1	0	0
AT3G15260	1148	1013	1167	1653	1258	1188
AT3G15270	23	23	32	100	74	68
AT3G15280	1	1	0	0	0	2
AT3G15290	845	786	755	523	489	532
AT3G15300	37	57	55	43	30	30
AT3G15340	46	36	32	12	8	10
AT3G15350	2662	2388	1333	1682	1392	1398
AT3G15351	374	362	429	311	248	212
AT3G15352	236	220	254	170	148	115
AT3G15353	20710	19570	37265	29840	26935	24848
AT3G15354	1649	1432	1659	946	785	575
AT3G15355	1304	1127	923	616	508	552
AT3G15356	2473	2061	2604	18711	16769	7217
AT3G15357	43	47	42	18	12	16
AT3G15358	164	150	293	201	203	159
AT3G15359	0	1	0	0	0	0
AT3G15360	4497	4577	6146	8941	8195	8693
AT3G15370	5	4	4	7	6	2
AT3G15380	1115	1022	761	949	784	817
AT3G15390	327	300	410	373	265	287
AT3G15395	244	187	329	292	292	287
AT3G15400	246	237	203	101	115	98
AT3G15410	720	584	591	1007	985	950
AT3G15420	84	81	126	45	52	66
AT3G15430	3522	3178	2268	1013	903	880
AT3G15440	17	12	12	4	4	4
AT3G15450	7836	7053	11683	13159	12205	14617
AT3G15460	389	302	321	224	173	164
AT3G15470	753	703	511	1129	899	1002
AT3G15480	878	777	928	1605	1566	1403
AT3G15500	1388	1281	967	440	365	269
AT3G15510	685	647	584	628	530	389
AT3G15518	751	813	639	302	319	221
AT3G15520	410	348	534	1575	1334	1499
AT3G15530	4142	3923	3774	3205	3603	3385
AT3G15534	52	40	85	5	5	5
AT3G15536	1315	1146	1874	208	178	126
AT3G15540	274	269	268	513	450	305
AT3G15550	42	40	49	188	135	151
AT3G15570	324	314	523	1173	989	905
AT3G15578	3	4	3	0	1	1
AT3G15580	1268	1157	1617	876	1168	932
AT3G15590	1437	1226	885	806	629	653
AT3G15605	12	12	23	8	6	8
AT3G15610	1206	1121	1252	1130	997	989
AT3G15620	149	129	165	118	95	130
AT3G15630	520	493	1046	1126	1128	1690
AT3G15640	2041	2011	1782	1160	1296	1146
AT3G15650	148	139	93	38	36	37
AT3G15660	1689	1559	1646	1288	1113	1136
AT3G15670	4	4	1	1	3	0
AT3G15680	45	57	120	175	237	187
AT3G15690	665	667	715	1503	1359	1526
AT3G15700	0	2	0	0	0	0
AT3G15710	1154	925	941	1175	1052	1099
AT3G15720	294	283	276	88	83	210
AT3G15730	23987	21606	13246	18138	16184	15633
AT3G15740	39	30	41	35	20	14
AT3G15750	305	297	323	136	136	118
AT3G15760	665	623	1020	940	827	690
AT3G15770	1642	1391	2111	1172	1145	943
AT3G15780	288	336	420	315	331	302
AT3G15790	746	684	832	1364	1025	830
AT3G15800	13	16	15	18	14	26
AT3G15810	5174	4526	5580	2295	2357	1851
AT3G15820	1809	1616	1744	1103	1040	979
AT3G15830	11	6	5	2	2	3
AT3G15840	16857	15614	16789	14741	13762	17064
AT3G15850	1434	1313	2387	3574	3056	3472
AT3G15860	1	0	0	0	0	0
AT3G15870	1	2	3	1	3	1
AT3G15880	3136	2772	1730	2341	2147	1901
AT3G15890	182	160	153	148	94	94
AT3G15900	321	269	419	456	481	387
AT3G15910	1	5	1	0	1	1
AT3G15920	1094	968	827	887	696	719
AT3G15930	77	70	41	56	52	38
AT3G15940	817	763	566	1072	883	901
AT3G15950	459	448	498	938	711	328
AT3G15970	901	793	770	700	577	535
AT3G15980	2126	1982	1051	2273	1939	1990
AT3G15990	83	64	96	100	95	57
AT3G16000	2488	2145	2242	6301	4952	5387
AT3G16010	183	154	164	228	202	188
AT3G16020	6	3	4	3	6	1
AT3G16030	1504	1251	875	643	553	472
AT3G16040	9	3	1	1	2	1
AT3G16050	459	433	298	193	172	165
AT3G16060	1062	884	691	1392	1137	1218
AT3G16070	4	3	5	15	11	3
AT3G16080	2175	1840	2362	1940	1707	1585
AT3G16090	672	567	606	584	515	538
AT3G16100	617	543	805	506	556	533
AT3G16110	792	722	626	549	452	522
AT3G16120	5	3	20	3	9	6
AT3G16130	857	834	2031	2782	2768	2679
AT3G16140	6309	6322	9906	18952	20509	20022
AT3G16150	32	29	24	31	47	16
AT3G16160	4	1	4	5	4	3
AT3G16170	499	458	372	369	300	272
AT3G16175	13	19	43	48	26	24
AT3G16180	430	398	273	453	406	991
AT3G16190	866	794	1087	940	782	746
AT3G16200	360	340	364	420	340	347
AT3G16210	1	5	2	0	0	1
AT3G16220	1597	1355	1486	923	919	914
AT3G16230	854	781	750	880	700	681
AT3G16240	1296	1345	3813	8876	10555	11502
AT3G16250	299	302	683	1247	1200	1395
AT3G16260	1015	943	664	974	868	843
AT3G16270	2097	1858	1159	1801	1500	1504
AT3G16280	17	28	45	29	33	19
AT3G16290	1852	1587	1020	2333	1885	2213
AT3G16300	6	1	0	0	0	4
AT3G16310	1321	1255	1022	779	678	598
AT3G16320	113	95	84	49	80	55
AT3G16330	15	17	8	13	19	1
AT3G16340	295	230	214	379	290	236
AT3G16350	140	139	179	284	250	230
AT3G16360	13	5	41	24	15	20
AT3G16370	1885	1538	4088	9048	8898	10445
AT3G16380	8	12	23	52	52	56
AT3G16390	24	16	43	10	10	2
AT3G16400	2460	2136	3399	7600	6254	2723
AT3G16410	377	328	502	1305	953	505
AT3G16420	1259	1158	1893	3496	3338	1594
AT3G16430	30	28	29	28	42	14
AT3G16440	2	1	2	0	0	0
AT3G16450	168	172	307	426	402	115
AT3G16460	1438	1447	1408	1917	1640	1064
AT3G16470	8052	6941	13088	10107	8663	4836
AT3G16480	1431	1272	1094	1151	964	984
AT3G16490	13	8	21	14	23	11
AT3G16500	752	716	873	725	656	537
AT3G16510	2152	2158	1351	1602	1402	1317
AT3G16520	3365	3219	4029	5746	4891	3921
AT3G16530	2733	2475	3284	14545	13348	8470
AT3G16540	0	0	2	0	1	0
AT3G16555	1	1	0	0	0	0
AT3G16560	1514	1268	1168	718	718	543
AT3G16565	815	698	584	543	430	583
AT3G16570	1149	1080	1080	1182	1131	1278
AT3G16580	1	0	1	0	0	0
AT3G16590	5	2	1	0	0	0
AT3G16610	65	53	29	37	33	35
AT3G16620	139	131	113	230	187	170
AT3G16630	1784	1609	1106	2399	2010	1766
AT3G16640	23462	20993	33649	37293	36689	33727
AT3G16650	440	420	230	130	150	134
AT3G16660	149	124	203	124	133	115
AT3G16670	48	48	252	771	738	534
AT3G16680	0	1	0	0	1	1
AT3G16690	75	63	103	205	180	177
AT3G16700	164	156	196	223	242	232
AT3G16710	198	170	120	183	134	139
AT3G16712	38	26	52	23	32	26
AT3G16720	5657	5494	5170	3838	3648	3718
AT3G16730	417	356	318	219	193	171
AT3G16740	648	557	640	511	434	490
AT3G16750	196	159	229	212	196	197
AT3G16760	1345	1143	733	1103	959	884
AT3G16770	9665	9702	16349	22223	21815	20697
AT3G16780	1103	925	972	1351	1208	1090
AT3G16785	2269	2083	1188	1607	1380	1381
AT3G16800	135	116	277	612	554	412
AT3G16810	1460	1322	825	535	435	405
AT3G16830	3463	3123	1762	2065	1663	1523
AT3G16840	1551	1418	1018	1091	826	861
AT3G16850	1485	1310	1442	4030	3309	3642
AT3G16857	1634	1495	1243	1505	1290	1172
AT3G16860	4309	4080	1895	3389	2685	2431
AT3G16870	321	315	352	217	184	178
AT3G16890	142	134	86	84	73	72
AT3G16895	2	0	0	0	0	0
AT3G16900	33	28	32	14	16	11
AT3G16910	1541	1490	1406	1034	899	860
AT3G16920	46	58	117	56	64	61
AT3G16940	1893	1824	1321	1995	1619	1437
AT3G16950	418	366	345	803	663	662
AT3G16980	61	75	70	28	23	20
AT3G16990	566	459	526	370	315	262
AT3G17000	2207	2026	1714	1214	980	766
AT3G17010	5	3	0	0	0	0
AT3G17020	4820	4447	6048	5906	5501	5816
AT3G17030	145	138	139	123	116	88
AT3G17040	1340	1245	1859	3907	2909	2377
AT3G17060	1	1	1	0	2	0
AT3G17070	163	178	335	294	258	327
AT3G17090	1327	1184	1139	1474	1362	1356
AT3G17100	913	826	1180	1810	1603	1370
AT3G17120	200	205	243	858	737	539
AT3G17130	3	6	20	31	38	15
AT3G17152	1	1	1	0	1	0
AT3G17160	415	376	616	347	279	223
AT3G17170	933	846	703	1658	1234	1383
AT3G17180	6	3	0	4	1	0
AT3G17185	111	88	188	141	107	87
AT3G17205	3062	2797	1778	1883	1566	1519
AT3G17210	486	423	637	1564	1451	1521
AT3G17220	33	32	18	15	32	8
AT3G17225	50	58	50	59	40	46
AT3G17230	1	0	0	0	0	3
AT3G17240	4934	4227	3103	2907	2527	2575
AT3G17250	852	739	829	216	199	226
AT3G17270	3	0	0	0	0	0
AT3G17280	91	90	68	47	43	38
AT3G17300	304	321	422	352	343	321
AT3G17310	799	746	509	853	751	796
AT3G17320	1	3	1	0	2	0
AT3G17330	922	849	828	1240	1088	950
AT3G17340	1015	931	511	874	687	794
AT3G17350	37	40	69	255	208	204
AT3G17360	85	58	63	157	140	135
AT3G17365	278	256	345	234	201	230
AT3G17380	48	33	84	38	56	36
AT3G17390	16172	14620	11996	16515	14426	16740
AT3G17400	1	0	0	0	0	0
AT3G17410	4668	4359	3795	2820	2540	2438
AT3G17420	1314	1116	778	373	333	333
AT3G17430	706	627	477	684	593	585
AT3G17440	909	748	761	920	742	814
AT3G17450	827	752	543	498	441	430
AT3G17460	37	44	46	35	41	32
AT3G17465	1146	1073	904	730	631	597
AT3G17470	560	496	503	771	617	720
AT3G17510	1872	1709	2158	3035	2649	1522
AT3G17520	34	30	0	13	6	1
AT3G17530	1	0	0	0	0	0
AT3G17580	2	1	3	4	1	0
AT3G17590	420	331	443	400	358	324
AT3G17600	0	0	0	1	0	0
AT3G17609	155	153	299	69	48	15
AT3G17611	240	239	284	94	87	91
AT3G17626	64	62	84	75	64	73
AT3G17630	158	137	106	105	126	99
AT3G17640	25	30	67	220	147	139
AT3G17650	3013	2810	2722	2631	2348	2400
AT3G17660	87	79	73	98	89	78
AT3G17668	131	138	193	181	137	156
AT3G17670	251	249	299	326	291	317
AT3G17675	6	2	3	0	3	2
AT3G17680	96	63	103	134	123	81
AT3G17690	501	414	288	199	155	99
AT3G17700	2464	2286	1423	2141	1676	1424
AT3G17710	243	219	220	134	130	100
AT3G17712	299	319	105	236	162	214
AT3G17720	1	2	11	0	1	0
AT3G17730	11	10	11	27	15	14
AT3G17740	777	657	512	507	504	412
AT3G17750	903	823	623	1229	981	975
AT3G17760	3	4	2	4	0	1
AT3G17770	4499	4049	2855	2289	1949	1782
AT3G17780	616	589	725	703	544	624
AT3G17790	3856	3475	3987	1336	1085	787
AT3G17800	11060	10259	9672	8394	7319	5721
AT3G17810	5161	4624	3417	3200	2596	1846
AT3G17820	4484	4213	3801	1803	1543	1264
AT3G17830	121	116	79	186	147	137
AT3G17840	300	318	230	508	422	382
AT3G17850	2569	2370	1304	2776	2311	2267
AT3G17860	937	954	863	1558	1304	1276
AT3G17880	1883	1735	1750	1174	957	858
AT3G17890	154	138	168	84	67	51
AT3G17900	1267	1155	784	1342	1185	1210
AT3G17910	444	374	270	267	244	256
AT3G17920	750	716	462	786	689	754
AT3G17930	1922	1666	2330	2980	2248	2394
AT3G17940	1355	1288	1106	1288	938	983
AT3G17950	184	187	218	224	201	220
AT3G17970	1785	1549	1302	1048	924	954
AT3G17980	12	10	18	2	5	3
AT3G17998	618	506	491	1771	1375	1506
AT3G18000	618	506	491	1773	1376	1510
AT3G18010	13	13	4	26	14	12
AT3G18020	232	206	65	69	71	58
AT3G18030	470	452	513	226	227	198
AT3G18035	3195	3025	3763	2699	2243	2134
AT3G18040	1969	1908	1282	898	764	855
AT3G18050	661	696	1009	3285	2921	2935
AT3G18060	2832	2565	2188	3534	3186	3066
AT3G18070	8	9	30	75	58	57
AT3G18080	9177	8179	9403	26776	21302	22804
AT3G18090	170	156	132	423	343	262
AT3G18100	440	383	263	282	256	194
AT3G18110	450	404	281	1029	899	973
AT3G18130	1866	1722	1265	1298	1298	1127
AT3G18140	960	885	1112	1891	1720	1722
AT3G18160	434	404	476	437	402	370
AT3G18165	1092	1051	924	836	734	676
AT3G18170	158	140	172	187	170	165
AT3G18180	2	0	1	5	1	2
AT3G18190	2181	2035	1527	1874	1566	1417
AT3G18200	1	0	0	3	1	0
AT3G18210	1165	1132	940	538	482	534
AT3G18215	366	361	475	674	573	529
AT3G18217	8	4	13	25	15	27
AT3G18230	1072	1105	655	798	687	710
AT3G18235	3	0	4	2	1	0
AT3G18240	424	365	289	420	344	264
AT3G18250	812	838	1020	98	133	73
AT3G18260	109	107	143	35	22	19
AT3G18270	974	835	789	774	710	702
AT3G18280	295	334	367	264	342	334
AT3G18290	3389	3065	1800	3456	3059	3375
AT3G18295	427	346	362	484	389	416
AT3G18300	163	119	152	126	131	114
AT3G18310	370	325	255	222	170	182
AT3G18320	529	475	411	161	84	116
AT3G18330	1	5	4	6	1	4
AT3G18350	691	617	457	688	539	495
AT3G18360	4	1	3	2	2	7
AT3G18362	0	0	1	0	4	0
AT3G18370	3603	3342	1901	4130	3489	3552
AT3G18380	711	624	642	416	399	422
AT3G18390	1911	1700	1448	5620	4177	4364
AT3G18400	33	24	32	3	7	4
AT3G18410	1481	1340	1600	1215	1163	1132
AT3G18420	1053	997	851	985	853	994
AT3G18430	681	649	725	466	417	422
AT3G18440	1703	1594	1190	997	813	815
AT3G18450	0	0	0	1	0	0
AT3G18480	1620	1336	983	1217	911	968
AT3G18485	60	52	73	28	19	25
AT3G18490	6783	6406	8856	8350	8158	5350
AT3G18500	785	690	806	1247	1041	1129
AT3G18510	40	55	57	39	39	40
AT3G18520	1015	862	881	872	843	686
AT3G18524	339	319	287	299	230	242
AT3G18530	33	29	63	51	46	57
AT3G18535	705	608	584	544	565	514
AT3G18550	2	9	6	30	18	3
AT3G18560	365	362	383	295	241	170
AT3G18570	2	0	1	2	3	1
AT3G18580	203	246	184	161	142	149
AT3G18590	2	3	4	10	11	10
AT3G18600	1517	1309	825	565	449	440
AT3G18610	1174	1059	558	70	59	42
AT3G18620	334	256	216	164	139	147
AT3G18630	97	92	88	38	38	22
AT3G18640	1390	1217	725	693	638	583
AT3G18660	13	7	28	34	30	24
AT3G18670	7	8	9	10	14	10
AT3G18680	1937	1810	1595	2795	2279	2678
AT3G18690	1012	953	979	870	850	856
AT3G18710	559	496	366	898	835	753
AT3G18715	0	0	0	3	3	3
AT3G18720	3	1	0	0	1	2
AT3G18730	343	307	201	143	131	98
AT3G18740	2706	2379	3025	2756	2706	2636
AT3G18750	173	171	200	411	314	270
AT3G18760	342	362	299	290	211	246
AT3G18770	887	773	628	347	333	285
AT3G18773	121	97	290	179	174	141
AT3G18780	12722	11340	11354	17778	16557	17515
AT3G18790	779	689	724	689	540	572
AT3G18800	58	76	124	160	151	142
AT3G18810	0	0	0	1	0	0
AT3G18820	2684	2507	2805	2694	2253	2619
AT3G18827	1	0	0	0	0	0
AT3G18830	6331	6055	5584	3497	3020	3035
AT3G18840	19	11	2	10	10	9
AT3G18850	127	125	137	490	404	300
AT3G18860	2327	2069	1452	1642	1298	1227
AT3G18870	95	102	202	205	135	164
AT3G18880	17	17	29	22	35	26
AT3G18890	2729	2581	2143	6364	5279	5969
AT3G18900	7	2	12	38	28	33
AT3G18910	296	241	310	201	180	127
AT3G18930	674	650	605	717	673	680
AT3G18940	647	541	588	403	363	369
AT3G18950	504	507	499	420	414	304
AT3G18960	78	52	127	140	107	83
AT3G18970	167	96	149	126	95	108
AT3G18980	1130	928	808	1019	800	760
AT3G18990	1079	921	896	925	716	696
AT3G19000	919	826	864	1071	860	693
AT3G19002	322	256	205	354	243	214
AT3G19010	16750	14465	11479	12901	11412	10067
AT3G19020	499	485	303	619	557	559
AT3G19030	5285	4482	6319	4847	4595	3538
AT3G19040	3	13	3	12	18	15
AT3G19050	120	126	58	302	262	253
AT3G19055	0	1	0	0	0	0
AT3G19070	0	0	1	0	0	0
AT3G19080	128	79	106	195	141	125
AT3G19085	0	1	3	2	2	0
AT3G19090	4	0	2	6	1	1
AT3G19100	739	693	648	757	612	550
AT3G19120	397	341	346	414	334	319
AT3G19130	2922	2538	1949	2354	1916	2055
AT3G19140	0	0	3	0	0	0
AT3G19150	3392	2977	3510	432	363	347
AT3G19170	10710	9675	5648	8972	7603	7943
AT3G19180	459	381	365	601	519	509
AT3G19184	6	0	4	9	9	4
AT3G19190	2674	2424	1110	1935	1754	1852
AT3G19200	15	16	25	40	35	17
AT3G19210	212	217	154	96	93	79
AT3G19220	378	370	384	340	327	317
AT3G19230	20	17	23	25	32	21
AT3G19240	8020	7178	5023	3768	3097	3145
AT3G19250	159	130	91	64	51	71
AT3G19260	962	822	723	425	435	507
AT3G19270	48	31	65	31	33	14
AT3G19280	271	248	231	193	182	148
AT3G19290	1909	1687	1893	1390	1153	970
AT3G19300	79	87	71	87	58	68
AT3G19310	0	1	3	2	1	0
AT3G19320	0	0	1	4	1	0
AT3G19330	150	159	83	94	77	101
AT3G19340	1319	1132	939	1569	1211	1130
AT3G19350	4	8	4	7	13	29
AT3G19360	255	261	230	180	163	158
AT3G19370	330	262	288	523	358	319
AT3G19380	542	539	643	970	942	807
AT3G19390	73	78	59	17	15	16
AT3G19400	519	415	458	950	738	787
AT3G19420	4186	3807	2989	3870	3311	2893
AT3G19430	4	2	1	3	1	0
AT3G19440	223	200	126	113	110	98
AT3G19450	690	560	802	1915	1578	821
AT3G19460	693	641	738	509	523	476
AT3G19470	221	220	163	112	99	80
AT3G19480	567	493	481	936	855	873
AT3G19490	3054	2751	1863	2395	2442	2649
AT3G19500	41	29	31	32	34	41
AT3G19508	113	117	118	44	52	69
AT3G19510	653	538	392	470	356	353
AT3G19515	1000	874	735	1069	859	735
AT3G19520	1430	1272	1477	962	867	876
AT3G19540	1610	1489	1615	1414	1182	1103
AT3G19550	77	92	183	88	100	93
AT3G19553	1960	1842	1826	3394	3377	3347
AT3G19560	3	1	1	4	4	0
AT3G19570	243	237	189	399	297	287
AT3G19580	6306	6196	6241	4015	3312	2401
AT3G19590	246	212	223	274	203	223
AT3G19595	2	7	5	0	0	0
AT3G19615	28	19	19	3	5	2
AT3G19620	50	31	45	74	57	73
AT3G19630	966	864	743	498	398	404
AT3G19640	1684	1528	1310	864	813	690
AT3G19650	471	438	527	375	305	296
AT3G19660	281	223	373	192	189	153
AT3G19663	6	7	4	6	5	1
AT3G19670	1646	1438	978	1160	900	881
AT3G19680	4792	4762	3866	2456	2766	2534
AT3G19690	4	2	5	2	2	1
AT3G19700	235	220	371	429	461	467
AT3G19710	3112	2684	2586	5501	4571	5164
AT3G19720	1678	1465	1436	3464	2913	2324
AT3G19740	1892	1649	891	1293	1085	1069
AT3G19760	5203	4633	3994	2928	2433	2576
AT3G19770	926	863	815	706	581	599
AT3G19780	550	492	451	576	527	481
AT3G19790	170	185	199	207	190	141
AT3G19800	1636	1448	2131	1632	1515	1591
AT3G19810	1044	876	870	1334	1086	1144
AT3G19820	1805	1703	2702	7421	6208	6279
AT3G19830	1633	1281	780	1143	953	863
AT3G19840	1004	983	606	722	531	507
AT3G19850	380	341	499	1146	844	1312
AT3G19860	1228	1126	1184	1464	1108	1289
AT3G19870	1152	1024	692	962	894	896
AT3G19895	855	741	591	528	474	416
AT3G19900	1865	1545	2278	1698	1354	1327
AT3G19910	1256	1164	1225	986	887	775
AT3G19920	4	3	0	0	0	0
AT3G19930	4284	3897	4051	3053	2620	2456
AT3G19950	1199	1058	878	756	676	579
AT3G19960	1588	1351	986	2112	1756	1881
AT3G19970	2328	2159	1544	1366	1260	892
AT3G19980	1297	1227	975	866	813	767
AT3G19990	1038	939	779	763	595	513
AT3G20000	1631	1489	1204	1503	1152	1090
AT3G20010	569	528	314	359	297	301
AT3G20015	74	68	104	182	189	174
AT3G20020	602	607	452	328	245	275
AT3G20040	65	54	61	124	106	103
AT3G20050	4825	4148	3193	3180	2809	2522
AT3G20060	1774	1588	2287	1533	1378	1353
AT3G20070	370	282	273	287	252	243
AT3G20080	467	379	328	679	559	492
AT3G20090	113	101	88	104	86	69
AT3G20100	881	769	595	794	630	609
AT3G20110	4	6	0	3	5	1
AT3G20120	385	323	347	467	403	351
AT3G20130	70	48	58	61	49	47
AT3G20140	1	0	0	1	1	2
AT3G20150	59	68	46	189	183	171
AT3G20155	0	0	0	3	0	0
AT3G20160	0	0	0	1	0	0
AT3G20170	211	209	216	260	228	227
AT3G20180	4	7	8	7	6	6
AT3G20190	0	2	2	7	12	5
AT3G20200	21	11	14	55	52	37
AT3G20210	1	2	4	1	0	3
AT3G20220	1	2	2	3	0	3
AT3G20230	1052	944	1452	2266	1701	1937
AT3G20240	524	446	467	359	322	361
AT3G20250	3523	3073	2059	2015	1673	1395
AT3G20260	72	59	115	250	259	146
AT3G20270	303	323	408	404	361	347
AT3G20280	296	324	178	286	201	207
AT3G20290	2801	2432	2171	2210	2040	1959
AT3G20300	530	504	412	754	640	750
AT3G20310	2206	2197	2040	1824	1842	1645
AT3G20320	1026	943	977	1015	908	885
AT3G20330	1611	1511	996	905	782	717
AT3G20340	21	20	34	8	12	16
AT3G20350	161	148	124	456	369	439
AT3G20362	0	1	0	0	0	0
AT3G20370	49	30	63	53	44	16
AT3G20380	1	3	5	0	1	0
AT3G20390	2623	2455	2843	7464	6737	5888
AT3G20395	5	6	7	16	17	6
AT3G20410	3199	2966	2024	3767	3045	2644
AT3G20420	171	210	196	191	155	134
AT3G20430	352	317	371	329	243	257
AT3G20440	424	392	136	433	367	363
AT3G20450	3	4	17	26	14	16
AT3G20460	8	1	2	25	19	13
AT3G20470	580	582	488	776	887	810
AT3G20475	43	37	32	45	43	39
AT3G20480	34	25	40	61	71	65
AT3G20490	947	848	605	181	154	147
AT3G20500	3377	2969	2355	1461	1315	1495
AT3G20510	1023	915	900	676	760	759
AT3G20520	19	25	10	8	13	7
AT3G20530	5	2	0	9	6	12
AT3G20540	1016	892	590	830	722	805
AT3G20550	875	738	711	751	633	522
AT3G20560	260	252	223	407	331	326
AT3G20570	92	95	127	177	172	153
AT3G20580	3	1	0	0	0	1
AT3G20590	36	16	21	18	25	24
AT3G20600	2121	1901	1793	2212	1916	1848
AT3G20610	4	5	5	3	2	0
AT3G20620	658	552	419	259	226	220
AT3G20630	2957	2608	1843	1143	1129	1025
AT3G20640	46	49	73	93	97	85
AT3G20650	609	570	597	457	403	382
AT3G20660	260	235	254	130	115	152
AT3G20670	400	349	762	468	477	405
AT3G20680	375	323	435	827	729	660
AT3G20710	11	4	1	0	0	0
AT3G20720	1639	1341	806	1328	1005	1031
AT3G20730	86	89	88	77	71	76
AT3G20740	608	535	461	500	408	408
AT3G20760	39	49	136	11	6	1
AT3G20770	8926	7702	5765	6523	5597	5450
AT3G20780	313	293	186	330	246	280
AT3G20790	408	372	485	1240	1053	1115
AT3G20800	1071	950	793	556	589	594
AT3G20810	607	562	165	51	54	193
AT3G20820	819	747	1267	2953	2549	2204
AT3G20830	99	122	88	91	88	86
AT3G20850	0	0	0	0	1	0
AT3G20860	65	92	81	100	82	75
AT3G20865	1	0	5	2	4	6
AT3G20870	768	770	860	727	613	519
AT3G20890	280	233	256	241	239	207
AT3G20898	59	77	131	75	54	41
AT3G20900	26	30	50	33	18	18
AT3G20910	426	357	427	226	196	191
AT3G20920	1253	1131	1153	892	817	791
AT3G20930	545	433	497	897	783	693
AT3G20935	7	0	2	7	1	3
AT3G20940	0	0	0	1	0	0
AT3G20960	497	487	444	221	154	134
AT3G20966	0	0	2	0	0	0
AT3G20970	845	767	774	605	498	441
AT3G20978	18	15	14	4	4	0
AT3G21000	0	0	1	3	2	1
AT3G21055	3796	4416	8808	19457	19249	19381
AT3G21060	660	590	454	558	479	526
AT3G21070	2031	1844	1275	2865	2461	2472
AT3G21080	444	394	385	57	74	43
AT3G21090	123	96	85	53	56	22
AT3G21100	250	225	176	220	204	203
AT3G21110	731	682	646	420	423	323
AT3G21140	1169	1017	824	740	644	573
AT3G21150	257	257	255	431	360	185
AT3G21160	857	777	644	647	551	583
AT3G21170	0	0	0	1	0	0
AT3G21175	1079	966	995	651	554	511
AT3G21190	176	133	174	788	703	480
AT3G21200	1194	1071	1344	2017	1621	1759
AT3G21210	5	8	8	16	6	14
AT3G21215	1045	1058	926	874	671	572
AT3G21220	2568	2357	1716	1260	1084	1010
AT3G21230	492	468	368	347	292	227
AT3G21240	155	113	135	226	238	120
AT3G21250	932	841	625	1368	1230	918
AT3G21260	75	51	146	217	203	134
AT3G21270	393	357	504	645	468	465
AT3G21280	498	422	436	418	374	369
AT3G21290	716	691	402	718	539	530
AT3G21295	682	625	394	450	373	321
AT3G21300	265	287	197	353	365	362
AT3G21310	78	80	57	18	12	11
AT3G21320	62	55	24	60	53	46
AT3G21330	4	1	4	17	16	3
AT3G21350	534	488	458	496	449	436
AT3G21351	12	9	8	10	7	8
AT3G21352	1	1	1	3	0	0
AT3G21360	237	214	288	380	321	292
AT3G21370	0	1	3	1	0	0
AT3G21390	321	245	357	370	324	222
AT3G21400	218	200	231	250	208	224
AT3G21420	42	37	19	28	23	16
AT3G21430	1126	969	564	917	741	668
AT3G21450	0	0	2	0	0	0
AT3G21460	71	44	164	153	168	141
AT3G21465	504	418	438	311	252	266
AT3G21470	62	63	37	42	25	24
AT3G21480	822	667	422	279	230	230
AT3G21490	1	0	0	1	0	0
AT3G21500	160	156	144	127	111	55
AT3G21510	70	77	75	64	76	52
AT3G21520	674	590	267	331	279	143
AT3G21530	58	52	41	68	71	23
AT3G21540	1102	887	489	403	370	336
AT3G21550	63	44	73	62	46	55
AT3G21560	514	445	297	415	303	264
AT3G21580	337	328	337	501	443	435
AT3G21590	0	0	0	1	0	0
AT3G21600	61	45	48	68	58	41
AT3G21610	979	872	881	437	482	547
AT3G21620	2	0	0	8	12	5
AT3G21630	1832	1649	1178	1370	1248	1177
AT3G21640	683	607	563	705	467	459
AT3G21650	998	831	637	777	787	682
AT3G21660	6	4	6	11	14	4
AT3G21670	1036	933	1246	1289	1104	512
AT3G21680	1	0	1	5	2	1
AT3G21690	4898	4510	3051	2061	1655	1769
AT3G21700	318	266	419	248	241	164
AT3G21710	30	24	39	15	11	6
AT3G21720	0	0	0	0	0	1
AT3G21730	0	0	1	0	0	0
AT3G21740	299	245	219	168	153	129
AT3G21750	671	688	775	742	599	462
AT3G21755	364	323	544	626	580	477
AT3G21760	349	328	559	609	572	474
AT3G21770	259	236	253	160	133	120
AT3G21780	786	696	626	980	761	682
AT3G21781	75	64	82	87	100	71
AT3G21790	2278	2052	1697	1477	1358	1217
AT3G21800	2	4	2	2	1	0
AT3G21805	12	7	3	2	4	0
AT3G21810	802	685	519	478	353	356
AT3G21820	509	419	346	425	382	394
AT3G21830	7	11	14	1	0	0
AT3G21840	30	27	60	0	0	0
AT3G21850	252	184	293	0	1	1
AT3G21860	68	52	79	0	0	0
AT3G21865	1471	1317	1554	1166	1090	1021
AT3G21870	40	39	129	92	99	61
AT3G21880	1	0	0	0	1	0
AT3G21890	15	18	59	13	7	0
AT3G21930	0	0	0	0	2	1
AT3G21950	28	23	46	388	329	293
AT3G22057	0	2	0	0	0	0
AT3G22060	611	539	834	1246	1042	543
AT3G22070	42	46	63	126	103	84
AT3G22072	45	46	64	128	107	91
AT3G22100	7	4	3	7	12	6
AT3G22104	298	251	376	503	435	415
AT3G22110	2868	2525	2881	2615	2251	2140
AT3G22120	16852	17136	14504	20631	17557	15179
AT3G22121	7615	8304	3409	8890	7131	5613
AT3G22142	186	181	174	959	765	951
AT3G22150	492	446	504	836	742	788
AT3G22160	1887	1801	1780	1235	1003	758
AT3G22170	3081	2776	1868	2146	1763	1694
AT3G22180	438	377	307	382	347	323
AT3G22183	36	40	41	47	33	38
AT3G22190	835	725	523	795	639	792
AT3G22200	4999	4452	3285	4168	3547	3604
AT3G22210	692	623	1428	1192	1119	1502
AT3G22220	656	639	481	534	463	461
AT3G22230	2229	2245	2718	2336	2442	2121
AT3G22231	4565	4190	5550	7992	8408	18284
AT3G22235	6133	5472	7301	6368	7490	16219
AT3G22240	573	547	817	572	586	1209
AT3G22250	1	0	2	0	2	0
AT3G22260	956	802	744	506	490	402
AT3G22270	1571	1262	967	1168	1070	828
AT3G22275	54	43	36	52	46	16
AT3G22290	1166	1093	1176	1155	977	865
AT3G22300	434	488	348	381	324	339
AT3G22310	1209	1092	577	563	471	466
AT3G22320	2812	2496	2934	1289	1259	1217
AT3G22330	2760	2506	1420	1369	1023	1123
AT3G22350	3	2	2	0	0	0
AT3G22370	10299	9238	9961	2024	1906	1599
AT3G22380	9019	8475	5047	8324	7363	6498
AT3G22400	342	296	200	254	183	156
AT3G22410	48	37	58	113	78	49
AT3G22415	0	2	5	30	44	13
AT3G22420	702	588	746	717	586	493
AT3G22425	327	330	463	575	492	459
AT3G22430	522	514	372	308	272	252
AT3G22436	1	1	0	1	1	1
AT3G22440	6524	6023	5145	6398	5115	4531
AT3G22450	49	51	35	44	42	48
AT3G22460	941	879	1181	703	591	495
AT3G22470	148	118	138	105	78	81
AT3G22480	614	544	711	658	509	448
AT3G22490	0	1	0	0	0	0
AT3G22510	0	2	0	0	1	0
AT3G22520	1586	1410	1308	1014	894	753
AT3G22530	755	679	910	457	351	257
AT3G22540	0	0	4	13	7	9
AT3G22550	1031	940	989	421	316	189
AT3G22560	41	53	46	7	13	3
AT3G22570	14	11	6	0	1	0
AT3G22590	458	437	334	394	311	312
AT3G22600	2473	2239	1945	454	464	373
AT3G22620	232	218	282	33	24	42
AT3G22630	1545	1435	1580	695	691	664
AT3G22640	5	8	2	1	2	2
AT3G22660	1343	1189	936	614	527	452
AT3G22670	90	70	51	61	44	58
AT3G22680	320	261	318	157	167	189
AT3G22690	92	85	45	90	66	87
AT3G22700	13	23	9	1	2	4
AT3G22740	460	409	387	689	525	573
AT3G22750	384	344	251	358	294	256
AT3G22760	96	84	119	191	156	163
AT3G22770	1	2	1	0	1	0
AT3G22780	450	373	389	874	773	761
AT3G22790	217	208	147	873	680	604
AT3G22800	12	5	6	1	2	9
AT3G22810	105	94	97	109	96	72
AT3G22820	39	40	70	44	47	34
AT3G22830	2	1	1	2	3	3
AT3G22840	37	40	118	35	40	10
AT3G22845	2258	2011	2428	1306	1247	1194
AT3G22850	1203	1064	1001	528	573	519
AT3G22860	8	8	5	1	1	0
AT3G22870	0	0	0	1	0	0
AT3G22880	57	50	81	127	103	94
AT3G22886	32	26	41	9	6	12
AT3G22890	12175	11398	11462	22665	19974	15825
AT3G22900	63	64	95	70	59	66
AT3G22910	8381	7292	2692	461	368	377
AT3G22920	41	20	25	0	0	0
AT3G22930	509	448	375	79	90	94
AT3G22942	317	351	297	214	198	180
AT3G22950	947	793	1046	752	675	696
AT3G22960	5082	4579	3898	7374	6421	7014
AT3G22961	67	52	98	15	16	19
AT3G22968	5958	5235	6215	3865	3437	3858
AT3G22970	5958	5235	6215	3865	3437	3858
AT3G22980	917	852	644	556	426	433
AT3G22990	893	891	810	514	450	401
AT3G23000	1522	1315	2162	3572	3072	2229
AT3G23010	556	518	314	308	249	311
AT3G23020	214	201	103	114	91	122
AT3G23030	2351	2000	2798	2853	2411	2136
AT3G23040	0	0	0	2	0	0
AT3G23050	1675	1594	2234	3719	3363	3005
AT3G23060	0	0	0	0	0	1
AT3G23070	733	592	472	1271	948	1000
AT3G23080	543	543	1103	3400	2879	2656
AT3G23090	44	30	78	225	183	121
AT3G23100	1587	1309	865	903	733	736
AT3G23110	1011	854	339	466	387	368
AT3G23120	2780	2528	1290	552	389	440
AT3G23125	1	1	3	0	0	0
AT3G23150	270	254	167	359	337	218
AT3G23160	348	290	238	239	244	181
AT3G23170	5127	4846	6502	2590	2659	2214
AT3G23175	1	0	6	4	2	0
AT3G23180	2	2	0	1	1	1
AT3G23190	1	1	1	5	12	9
AT3G23200	172	128	141	107	124	75
AT3G23210	124	107	164	197	178	84
AT3G23220	0	1	2	21	20	1
AT3G23230	83	75	45	252	210	162
AT3G23240	306	242	312	462	336	159
AT3G23245	0	1	0	0	0	1
AT3G23250	5854	5347	4464	2802	2149	1456
AT3G23255	180	166	177	206	196	160
AT3G23260	84	55	88	68	74	46
AT3G23270	0	1	0	8	4	3
AT3G23280	7383	6707	4953	4634	4285	5030
AT3G23290	667	593	699	569	560	342
AT3G23300	1812	1567	1084	1750	1545	1573
AT3G23310	1111	994	806	1286	946	967
AT3G23320	0	0	0	0	0	1
AT3G23325	508	447	579	267	247	209
AT3G23326	0	2	1	2	0	3
AT3G23330	157	152	96	94	82	100
AT3G23340	221	191	346	562	518	426
AT3G23370	27	38	25	57	32	32
AT3G23380	0	1	0	1	0	0
AT3G23390	1012	811	1056	1610	1676	1408
AT3G23400	8670	7721	7526	9188	7804	8102
AT3G23410	782	684	536	762	620	685
AT3G23420	1	0	0	0	0	0
AT3G23430	90	101	148	292	273	253
AT3G23440	40	43	47	70	56	51
AT3G23450	404	399	327	1129	1106	1045
AT3G23460	0	0	2	0	1	1
AT3G23470	8	11	24	34	37	29
AT3G23480	434	443	687	1427	1277	1345
AT3G23490	1598	1552	2068	2323	1995	1945
AT3G23510	13	14	30	36	52	27
AT3G23530	701	662	603	1690	1505	1495
AT3G23540	1121	1027	651	859	725	667
AT3G23550	860	798	1213	4142	3942	2790
AT3G23560	380	314	305	288	268	212
AT3G23570	1784	1564	1959	1831	1673	1331
AT3G23580	1941	1602	1859	802	708	670
AT3G23590	839	715	580	906	888	963
AT3G23600	6513	6221	6525	6076	5180	4955
AT3G23605	217	185	294	184	164	157
AT3G23610	133	109	163	162	128	121
AT3G23620	1783	1652	1345	736	630	617
AT3G23630	234	209	108	35	24	28
AT3G23633	2	0	0	0	0	0
AT3G23635	18	17	33	14	16	5
AT3G23637	3	2	2	0	1	1
AT3G23640	1672	1491	1116	3120	2594	2598
AT3G23660	1103	925	688	949	879	972
AT3G23670	67	61	71	210	187	194
AT3G23690	1300	1186	1090	1360	1186	1224
AT3G23700	1822	1649	2123	4759	3757	4235
AT3G23710	521	435	436	287	233	265
AT3G23715	0	0	0	1	0	0
AT3G23730	170	163	239	335	289	281
AT3G23740	170	181	153	131	117	130
AT3G23750	3319	2829	1512	2591	2149	2469
AT3G23760	114	101	166	370	281	304
AT3G23780	1016	900	633	970	764	725
AT3G23790	907	868	645	637	497	499
AT3G23800	0	1	1	0	2	1
AT3G23805	85	82	168	316	256	285
AT3G23810	901	750	1201	6714	5786	4689
AT3G23820	3213	3159	3103	8865	7169	7043
AT3G23830	407	398	426	410	405	364
AT3G23840	34	36	83	398	308	196
AT3G23850	0	0	0	0	1	0
AT3G23860	2	0	1	1	0	0
AT3G23870	89	120	152	66	73	58
AT3G23880	41	38	127	78	63	76
AT3G23890	224	213	167	572	461	449
AT3G23900	1327	1202	938	1179	941	972
AT3G23910	287	250	260	449	345	294
AT3G23920	8588	7735	6125	6410	5437	4101
AT3G23930	12	9	19	30	28	5
AT3G23940	2764	2410	1316	2084	1743	1793
AT3G23955	1	4	0	2	3	0
AT3G23980	1616	1432	980	1440	1252	1174
AT3G23990	3413	3060	1905	1751	1525	1423
AT3G24000	187	151	109	195	150	165
AT3G24010	459	458	517	413	346	296
AT3G24020	88	97	89	75	80	55
AT3G24030	373	417	370	442	385	344
AT3G24040	698	633	546	857	665	779
AT3G24050	2981	2818	2564	2366	1894	2117
AT3G24060	0	0	0	1	0	1
AT3G24065	1	1	4	3	3	2
AT3G24068	0	1	0	0	0	0
AT3G24070	449	407	465	531	445	424
AT3G24080	1471	1384	781	1019	802	715
AT3G24090	235	211	116	189	152	118
AT3G24093	0	0	0	0	1	0
AT3G24100	717	622	977	728	642	679
AT3G24110	4	4	9	25	16	14
AT3G24120	764	738	826	773	615	556
AT3G24140	470	463	361	354	243	356
AT3G24150	208	154	169	205	239	211
AT3G24160	5081	4591	4213	5610	4520	4631
AT3G24170	3638	3193	2916	2385	1967	1408
AT3G24180	3774	3397	1663	2375	2018	1971
AT3G24190	2174	1981	1978	2001	1830	1524
AT3G24200	1333	1186	954	911	804	734
AT3G24210	13	15	11	0	0	0
AT3G24220	2	0	0	0	0	0
AT3G24225	0	0	1	0	2	0
AT3G24230	1	1	2	0	2	3
AT3G24255	78	84	101	185	160	129
AT3G24280	0	1	0	0	0	0
AT3G24300	1	6	1	2	2	1
AT3G24310	0	0	0	1	0	3
AT3G24315	444	408	498	472	421	352
AT3G24320	390	338	199	228	195	161
AT3G24340	12	11	19	17	13	14
AT3G24350	1014	882	829	1057	899	928
AT3G24360	20	15	20	40	37	36
AT3G24420	415	431	602	699	604	625
AT3G24430	1636	1433	1920	3364	3174	3566
AT3G24440	828	758	431	687	555	544
AT3G24450	15	18	52	73	55	36
AT3G24460	83	78	71	58	59	30
AT3G24480	1770	1602	593	3311	2768	2876
AT3G24490	531	433	427	620	481	413
AT3G24495	240	225	135	209	182	160
AT3G24500	444	418	356	232	165	140
AT3G24503	7125	6401	4703	5400	4669	4568
AT3G24506	335	321	405	437	408	341
AT3G24515	74	79	88	130	151	153
AT3G24518	247	238	185	933	687	636
AT3G24520	276	274	234	1041	750	714
AT3G24530	1206	1123	728	1385	998	989
AT3G24535	2	1	4	9	8	4
AT3G24542	0	0	0	0	1	0
AT3G24550	8571	8106	4150	5589	4576	4689
AT3G24560	139	154	149	260	209	259
AT3G24570	611	497	585	521	537	614
AT3G24580	1	0	0	0	0	0
AT3G24590	647	579	630	1195	1006	1092
AT3G24600	8	2	2	7	4	0
AT3G24610	0	0	0	2	0	1
AT3G24612	0	2	3	2	1	3
AT3G24614	1	0	0	0	0	0
AT3G24615	3	0	0	0	0	0
AT3G24630	55	47	56	170	133	152
AT3G24640	0	0	1	0	0	1
AT3G24650	0	0	0	1	0	0
AT3G24660	98	78	116	212	152	138
AT3G24670	338	311	244	214	191	201
AT3G24715	22	18	19	115	84	69
AT3G24730	219	189	288	148	147	141
AT3G24740	1035	905	1087	801	685	597
AT3G24750	1	0	0	0	0	0
AT3G24760	439	361	350	232	195	203
AT3G24770	454	417	494	540	441	374
AT3G24780	31	21	20	22	36	25
AT3G24790	1	0	1	1	0	0
AT3G24800	352	275	293	347	303	351
AT3G24810	69	59	100	50	51	42
AT3G24820	225	244	326	222	175	177
AT3G24830	4266	3715	4867	6595	5823	4912
AT3G24840	178	168	124	238	176	125
AT3G24860	243	262	235	169	127	127
AT3G24870	1081	1027	538	1124	892	887
AT3G24880	1138	972	422	1077	857	776
AT3G24890	148	131	167	78	102	62
AT3G24900	613	539	166	107	87	73
AT3G24929	42	46	27	54	40	43
AT3G24982	1616	1403	786	839	656	447
AT3G25010	5181	4651	1779	1690	1266	1062
AT3G25011	16	6	8	23	13	7
AT3G25013	92	77	66	79	81	59
AT3G25014	1	1	0	1	2	0
AT3G25020	2736	2468	1458	1091	884	802
AT3G25030	37	43	53	93	91	75
AT3G25040	1234	1099	1215	1044	876	925
AT3G25060	19	21	16	13	11	18
AT3G25070	2042	1840	2132	1590	1394	1420
AT3G25100	59	67	59	93	80	72
AT3G25110	162	128	164	230	232	214
AT3G25120	514	478	591	333	359	325
AT3G25130	25	10	16	45	37	34
AT3G25140	1852	1746	1207	2934	2253	2474
AT3G25150	1371	1325	1183	1767	1535	1405
AT3G25180	3167	2836	1712	556	563	306
AT3G25190	14	13	27	21	23	7
AT3G25210	194	218	167	246	204	211
AT3G25220	1607	1424	1855	1248	991	1002
AT3G25221	4	5	4	1	5	5
AT3G25230	3281	2837	2020	1576	1243	1082
AT3G25233	2	0	0	0	0	0
AT3G25240	17	20	20	3	3	3
AT3G25250	3919	3489	2879	416	323	199
AT3G25270	1	0	0	0	0	0
AT3G25290	605	534	409	216	183	161
AT3G25400	236	219	228	379	374	256
AT3G25410	655	512	547	746	710	824
AT3G25430	302	293	264	166	165	167
AT3G25440	100	88	99	103	89	92
AT3G25470	1386	1100	1209	1947	1626	1717
AT3G25480	887	786	977	853	777	843
AT3G25490	25	22	18	27	40	41
AT3G25500	959	833	579	1434	1207	1608
AT3G25510	1022	844	434	248	218	179
AT3G25520	7321	6572	6623	10753	8606	7990
AT3G25530	1466	1329	1493	3124	2818	3122
AT3G25540	641	644	574	657	454	607
AT3G25545	1027	948	1039	337	264	273
AT3G25550	0	1	2	1	1	0
AT3G25560	197	205	238	330	317	249
AT3G25570	434	387	497	400	354	308
AT3G25572	432	384	494	400	350	305
AT3G25573	5	0	0	0	0	0
AT3G25580	255	209	266	253	239	231
AT3G25585	1621	1457	1529	976	845	630
AT3G25590	85	70	66	52	51	44
AT3G25597	496	465	637	164	118	151
AT3G25600	2596	2362	2956	1929	1702	1557
AT3G25610	4281	3811	1550	2451	2153	2172
AT3G25620	81	99	81	87	89	65
AT3G25640	32	34	38	21	8	10
AT3G25655	13	9	7	1	0	0
AT3G25660	1097	1018	1053	3135	2709	3063
AT3G25670	9	10	29	78	76	76
AT3G25680	438	391	302	436	396	348
AT3G25690	6637	5994	5038	10833	8673	10116
AT3G25700	88	63	101	231	181	183
AT3G25710	102	93	123	174	137	120
AT3G25717	48	52	179	260	232	131
AT3G25719	2	2	1	0	0	0
AT3G25720	0	1	0	0	0	0
AT3G25730	30	53	30	46	47	22
AT3G25740	263	242	286	486	436	393
AT3G25760	4539	3875	6106	6372	5319	4060
AT3G25770	10155	9163	11465	17877	14929	14604
AT3G25780	4526	4318	2590	4813	3894	2994
AT3G25795	3	3	1	0	3	2
AT3G25800	2933	2492	1645	1509	1546	1441
AT3G25805	356	322	436	667	569	657
AT3G25820	1	2	4	0	0	1
AT3G25830	1	0	0	1	0	0
AT3G25840	2491	2149	1430	1925	1597	1625
AT3G25855	4	2	17	12	9	2
AT3G25860	954	863	705	1835	1673	1795
AT3G25870	156	124	159	92	110	95
AT3G25880	36	25	13	19	21	30
AT3G25882	584	569	645	317	202	316
AT3G25890	805	750	684	434	417	442
AT3G25900	160	156	160	228	205	160
AT3G25905	19	4	7	21	18	15
AT3G25910	2086	1961	2107	1963	1602	1519
AT3G25920	2362	2045	3588	11210	8800	10610
AT3G25940	330	324	363	130	113	104
AT3G25950	27	28	6	1	0	0
AT3G25970	22	33	18	32	25	26
AT3G25980	59	38	74	127	141	102
AT3G25990	132	122	100	124	119	82
AT3G26000	1929	1676	1740	1848	1650	1319
AT3G26010	4	2	0	0	1	0
AT3G26020	1520	1358	1226	1042	927	903
AT3G26030	1941	1618	1835	2452	2113	2048
AT3G26040	124	138	144	51	60	48
AT3G26050	13	12	14	44	36	21
AT3G26060	2065	1840	3285	7655	6386	7304
AT3G26070	2697	2332	3216	4491	4189	4222
AT3G26080	2101	1839	1952	627	534	604
AT3G26085	801	743	945	857	720	757
AT3G26090	1023	872	690	620	530	551
AT3G26100	3053	2714	2241	1964	1747	1645
AT3G26115	303	287	283	251	163	201
AT3G26120	0	0	0	1	0	0
AT3G26125	1	2	4	4	2	1
AT3G26130	6	8	4	3	5	4
AT3G26150	5	0	0	1	0	0
AT3G26160	53	3	2	0	0	0
AT3G26170	5495	4916	5041	2136	1740	1823
AT3G26180	7144	6302	7516	5058	4178	4013
AT3G26190	35	28	4	10	5	3
AT3G26200	302	235	330	1321	1031	700
AT3G26210	3438	3046	2647	1182	926	852
AT3G26220	2873	2592	2858	1074	933	762
AT3G26230	1847	1531	1798	876	654	604
AT3G26235	0	0	0	3	3	6
AT3G26240	542	481	352	591	519	530
AT3G26270	1	0	1	1	0	0
AT3G26280	2573	2196	2973	2147	2112	1706
AT3G26290	2780	2359	2514	2030	1854	1244
AT3G26300	358	365	444	1228	1084	1051
AT3G26310	166	162	209	406	301	249
AT3G26320	273	261	334	154	164	110
AT3G26330	9	4	12	43	32	13
AT3G26340	571	423	463	436	355	358
AT3G26350	66	73	49	18	16	15
AT3G26360	352	307	430	299	268	273
AT3G26370	1199	1099	866	993	953	908
AT3G26380	1338	1250	1088	1093	947	932
AT3G26400	1316	1211	776	720	562	530
AT3G26410	447	398	326	195	155	181
AT3G26420	3164	3023	2829	2534	2370	2146
AT3G26430	3142	3008	2796	2519	2358	2136
AT3G26440	1941	1717	1533	310	285	143
AT3G26445	32	19	41	46	38	50
AT3G26450	1223	1139	1617	2849	2211	2108
AT3G26460	13	8	32	24	19	25
AT3G26470	320	301	393	100	79	75
AT3G26480	25	23	10	25	16	15
AT3G26490	158	176	181	256	206	262
AT3G26500	1669	1538	1292	892	698	556
AT3G26510	1595	1509	2405	1527	1283	1224
AT3G26520	12884	13228	17398	25885	29975	32105
AT3G26539	21	15	15	23	17	10
AT3G26540	150	155	39	123	94	115
AT3G26550	10	15	8	19	9	7
AT3G26560	2244	2059	1246	1441	1242	1205
AT3G26570	3269	3021	3127	5827	4943	3607
AT3G26580	5865	5311	5213	4738	4672	5169
AT3G26590	2348	2247	1719	785	687	642
AT3G26600	1997	1820	1282	746	725	856
AT3G26610	0	0	0	0	1	0
AT3G26612	198	172	288	168	171	164
AT3G26616	5	3	0	3	1	6
AT3G26618	750	607	615	808	709	683
AT3G26620	6	5	11	1	3	2
AT3G26630	616	541	485	803	633	699
AT3G26640	418	386	442	252	243	251
AT3G26650	28643	25145	39590	42455	40390	40169
AT3G26660	2	0	5	0	0	2
AT3G26670	1320	1220	954	1095	856	934
AT3G26680	230	204	227	225	167	196
AT3G26690	73	60	117	106	106	61
AT3G26700	164	142	151	288	268	312
AT3G26710	1089	912	1366	1537	1323	1671
AT3G26720	1665	1596	1207	1869	1492	1486
AT3G26730	3286	2923	2414	2561	2263	2198
AT3G26740	25511	22956	37954	35023	28007	33597
AT3G26742	0	1	7	3	1	1
AT3G26744	1024	833	824	1053	1052	878
AT3G26750	104	98	110	81	74	63
AT3G26760	10	8	21	34	20	8
AT3G26770	9	6	26	27	21	15
AT3G26780	1129	995	1147	1584	1395	1363
AT3G26782	218	230	111	141	121	148
AT3G26790	10	8	8	19	19	20
AT3G26800	5	1	2	0	0	3
AT3G26810	1514	1355	1471	1296	1198	1206
AT3G26812	2	4	7	3	3	3
AT3G26813	4	6	7	1	2	1
AT3G26815	1	3	10	16	13	14
AT3G26816	1	4	2	6	0	1
AT3G26818	3	8	17	34	24	25
AT3G26819	3	0	0	0	1	1
AT3G26820	25	24	15	4	1	4
AT3G26830	4943	4228	2947	2058	1865	1326
AT3G26840	5421	4851	3007	1250	1102	789
AT3G26850	1390	1198	1525	505	403	316
AT3G26855	0	0	0	0	1	0
AT3G26890	1151	1073	1164	2082	1793	1905
AT3G26900	1222	1095	1453	2319	2043	2070
AT3G26910	1378	1316	705	1044	987	834
AT3G26920	552	496	443	326	295	294
AT3G26922	101	102	123	100	70	62
AT3G26930	13	8	8	19	11	16
AT3G26932	79	67	129	255	194	189
AT3G26934	0	0	1	0	0	0
AT3G26935	1086	964	883	1308	1029	974
AT3G26940	2	2	2	0	0	0
AT3G26950	520	525	502	788	649	637
AT3G26960	33	28	68	220	268	212
AT3G26980	2954	2679	2806	2519	2248	1963
AT3G26990	700	713	476	462	356	378
AT3G27000	498	418	475	333	258	202
AT3G27010	548	481	401	191	148	156
AT3G27020	2450	2264	2544	2192	2082	1708
AT3G27025	8	12	14	23	15	10
AT3G27027	9	5	12	11	8	11
AT3G27030	110	107	163	174	140	123
AT3G27040	1	1	2	0	0	0
AT3G27050	340	311	531	645	532	438
AT3G27060	18378	16949	19747	1150	1096	985
AT3G27070	6	11	12	8	6	4
AT3G27080	1089	953	1049	565	529	496
AT3G27090	9072	8234	9466	5599	4395	3960
AT3G27100	327	290	487	375	314	262
AT3G27110	1875	1705	1687	1278	1062	1142
AT3G27120	347	320	488	357	212	245
AT3G27130	29	17	13	24	15	10
AT3G27150	4	5	8	7	5	5
AT3G27160	1708	1472	2845	6400	5377	5642
AT3G27170	300	220	313	211	167	91
AT3G27180	572	520	372	612	537	528
AT3G27190	565	437	356	189	141	177
AT3G27200	52	32	70	79	65	72
AT3G27210	5392	4744	4493	1807	1421	1828
AT3G27220	271	240	267	161	161	164
AT3G27230	965	824	610	1392	1142	1156
AT3G27240	2755	2342	1867	2065	2130	1866
AT3G27250	56	46	65	86	70	37
AT3G27260	3632	3359	2157	2568	2018	1888
AT3G27270	22	20	25	22	26	24
AT3G27280	882	807	671	634	432	411
AT3G27290	25	30	22	16	24	24
AT3G27300	3380	3090	2236	1595	1508	1861
AT3G27310	734	684	679	678	594	533
AT3G27320	889	808	737	639	542	528
AT3G27325	975	823	494	940	840	854
AT3G27330	119	106	84	93	75	62
AT3G27340	396	329	515	740	488	464
AT3G27350	223	188	379	315	321	147
AT3G27360	358	290	599	456	433	321
AT3G27380	2316	2173	2313	1546	1504	1344
AT3G27390	1994	1867	1643	1347	1138	1159
AT3G27400	386	360	633	234	213	190
AT3G27410	24	15	21	14	2	15
AT3G27415	3	9	7	10	9	4
AT3G27416	3	9	7	9	9	4
AT3G27420	274	208	286	218	198	205
AT3G27430	2264	2062	1989	2135	1838	1642
AT3G27440	8	5	2	3	1	5
AT3G27460	279	240	275	343	261	248
AT3G27470	405	360	390	502	334	297
AT3G27473	3	8	5	3	5	6
AT3G27480	0	0	0	3	0	0
AT3G27490	1	0	1	0	1	2
AT3G27500	1	2	12	44	42	37
AT3G27510	19	22	10	32	14	26
AT3G27520	113	88	122	91	77	93
AT3G27530	2265	2001	1447	1896	1491	1504
AT3G27540	1328	1186	1038	678	527	519
AT3G27550	194	177	115	121	113	133
AT3G27560	1537	1322	1088	963	811	741
AT3G27570	2199	1967	1584	1171	955	904
AT3G27580	175	152	109	200	168	155
AT3G27590	0	0	0	0	1	0
AT3G27600	3	0	0	0	0	0
AT3G27610	522	429	445	407	347	363
AT3G27620	123	110	84	14	10	6
AT3G27630	1351	1195	2440	2	3	6
AT3G27640	60	55	59	67	44	52
AT3G27650	10	13	40	72	58	34
AT3G27660	6	7	36	42	29	17
AT3G27670	1357	1137	615	1085	975	921
AT3G27690	908	870	8850	42576	38090	20828
AT3G27700	1351	1214	802	822	672	714
AT3G27710	37	33	18	2	3	4
AT3G27720	2	1	0	1	0	0
AT3G27730	7	4	5	13	11	10
AT3G27740	2820	2501	1790	1637	1607	1544
AT3G27750	352	268	620	557	464	496
AT3G27770	1776	1459	2067	3173	2696	3153
AT3G27809	4	8	6	2	1	0
AT3G27810	9	11	6	2	3	0
AT3G27820	6402	5941	5560	5228	4120	3994
AT3G27830	2638	2673	3133	6803	6190	6477
AT3G27831	30	18	34	26	20	17
AT3G27850	2258	2135	3193	6108	5462	6100
AT3G27860	37	25	21	33	24	30
AT3G27865	7	13	15	3	1	11
AT3G27870	306	201	193	514	445	389
AT3G27880	175	181	178	151	129	149
AT3G27884	1	1	0	0	0	0
AT3G27890	1433	1266	1744	1457	1259	1284
AT3G27900	5	8	14	15	23	11
AT3G27906	341	292	357	326	297	291
AT3G27910	4	7	2	0	0	0
AT3G27920	12	7	20	24	27	10
AT3G27925	3330	3243	3610	5037	4546	4429
AT3G27930	804	770	530	433	409	395
AT3G27940	110	106	111	162	118	120
AT3G27960	371	320	161	349	337	420
AT3G27970	3	2	5	7	10	11
AT3G27980	68	62	73	42	26	32
AT3G27990	567	499	474	472	459	452
AT3G28007	41	22	27	37	35	45
AT3G28030	764	668	415	646	460	427
AT3G28040	1114	968	1056	2120	1891	1851
AT3G28050	4330	4001	4717	2368	1941	1747
AT3G28060	1	0	0	5	8	4
AT3G28070	1064	953	1179	973	742	737
AT3G28080	347	286	401	867	598	689
AT3G28100	1213	1078	934	413	326	276
AT3G28130	247	244	326	1047	787	659
AT3G28140	238	192	283	182	149	172
AT3G28150	30	48	68	17	20	14
AT3G28155	7	0	1	1	4	2
AT3G28170	4	9	4	3	2	2
AT3G28180	3353	2993	2133	8246	6784	7272
AT3G28190	0	0	0	0	1	0
AT3G28193	1	0	0	0	0	0
AT3G28200	1123	1090	794	1316	1122	1180
AT3G28210	3620	3126	2903	291	310	262
AT3G28220	1327	1107	7644	3345	2809	2424
AT3G28230	0	0	1	0	1	0
AT3G28270	175	124	789	194	138	124
AT3G28290	865	889	1758	1368	1284	2110
AT3G28300	847	818	2007	1455	1213	1941
AT3G28310	5	14	8	29	15	48
AT3G28320	5	1	1	2	6	16
AT3G28330	5	3	3	0	0	2
AT3G28340	5486	4584	3081	3006	2808	2967
AT3G28345	8	10	16	73	56	48
AT3G28360	8	5	1	1	0	0
AT3G28370	306	261	273	370	295	328
AT3G28380	6	9	17	20	15	21
AT3G28390	0	0	0	0	1	0
AT3G28415	3	3	1	0	0	0
AT3G28420	2	2	20	34	30	20
AT3G28430	984	774	513	779	715	687
AT3G28450	2285	1955	1420	1784	1449	1411
AT3G28455	20	14	26	45	30	32
AT3G28460	205	176	218	623	540	604
AT3G28470	6	4	2	2	0	1
AT3G28480	2097	1809	1813	966	742	731
AT3G28500	53	62	71	60	68	35
AT3G28510	11301	9865	5737	376	346	250
AT3G28540	5459	4574	4095	1501	1023	764
AT3G28550	0	0	0	1	1	0
AT3G28560	5	1	7	3	1	1
AT3G28570	2	2	3	3	8	2
AT3G28580	1861	1720	986	588	495	457
AT3G28590	1	0	0	0	0	0
AT3G28600	110	95	61	12	12	9
AT3G28610	2	1	3	1	0	2
AT3G28620	38	39	35	30	16	17
AT3G28630	45	34	26	42	33	26
AT3G28640	101	79	39	67	44	59
AT3G28650	2	1	0	0	0	0
AT3G28660	132	121	56	84	82	102
AT3G28670	732	712	580	571	477	496
AT3G28690	1961	1698	1412	1597	1235	1304
AT3G28700	283	268	224	250	257	226
AT3G28710	2900	2634	2690	3765	3674	3657
AT3G28715	1814	1706	1632	2296	2048	2187
AT3G28720	1317	1127	801	974	805	751
AT3G28730	2286	1969	1680	1681	1489	1274
AT3G28740	22	20	17	9	9	15
AT3G28750	15	6	12	14	21	16
AT3G28760	160	148	205	410	312	360
AT3G28770	8	2	15	11	16	9
AT3G28780	2	0	1	0	0	0
AT3G28830	0	1	2	2	2	0
AT3G28840	16	13	25	35	30	21
AT3G28850	860	712	577	599	450	371
AT3G28857	11	8	20	18	28	8
AT3G28860	1113	1002	1081	5785	5351	5042
AT3G28880	75	79	29	59	53	72
AT3G28890	1519	1388	794	409	379	271
AT3G28899	4	5	8	1	1	3
AT3G28900	1099	981	1319	1629	1124	978
AT3G28910	1814	1577	1461	1514	1244	1217
AT3G28917	0	1	3	2	0	0
AT3G28920	1452	1516	1359	888	873	744
AT3G28925	1	1	2	0	5	2
AT3G28930	1915	1686	1872	4824	3703	2947
AT3G28940	10210	9267	10491	17887	12099	11376
AT3G28950	745	612	761	769	550	478
AT3G28956	218	151	216	100	108	72
AT3G28958	1	1	0	1	3	0
AT3G28960	10	9	10	39	34	27
AT3G28970	630	488	634	499	354	423
AT3G28980	0	0	0	1	0	0
AT3G29000	4670	4002	5674	4394	3490	3092
AT3G29010	181	163	166	136	106	118
AT3G29020	7	12	11	3	3	0
AT3G29030	131	130	426	1528	1433	1488
AT3G29034	149	131	202	154	112	110
AT3G29035	697	621	1099	537	393	413
AT3G29060	4	2	0	11	7	0
AT3G29075	1213	1048	955	1239	832	785
AT3G29080	0	1	0	2	0	0
AT3G29090	608	594	615	501	424	413
AT3G29100	90	116	137	112	96	80
AT3G29130	169	154	200	164	171	152
AT3G29140	18	12	26	53	55	30
AT3G29160	1312	1142	1054	1104	895	822
AT3G29170	589	529	702	350	408	408
AT3G29180	689	660	784	870	802	698
AT3G29185	942	829	1042	1614	1483	1544
AT3G29190	1	4	0	3	1	3
AT3G29200	850	803	710	560	496	446
AT3G29230	529	506	330	506	441	505
AT3G29240	5626	5055	5864	3494	3173	2568
AT3G29250	2233	2199	982	31	48	25
AT3G29255	0	0	0	0	0	1
AT3G29270	1102	1003	1042	665	573	532
AT3G29280	24	18	46	128	83	66
AT3G29290	476	372	572	793	676	693
AT3G29300	5	1	3	3	1	2
AT3G29305	1	0	0	0	1	0
AT3G29310	874	809	597	666	533	476
AT3G29320	6681	5915	3854	14362	11437	14042
AT3G29330	163	153	249	151	136	113
AT3G29340	96	94	105	0	0	0
AT3G29350	1164	1067	1387	975	943	861
AT3G29360	4941	4310	2724	5690	4673	5153
AT3G29370	5	9	30	59	35	30
AT3G29375	219	197	224	482	401	324
AT3G29380	0	3	1	0	0	1
AT3G29390	1916	1792	1396	1697	1509	1274
AT3G29400	1624	1398	1072	1472	1210	1200
AT3G29410	2	5	6	12	6	5
AT3G29570	0	0	1	0	0	0
AT3G29575	400	365	466	274	260	114
AT3G29580	2	0	0	0	0	0
AT3G29590	12	11	27	102	106	38
AT3G29630	0	0	1	0	0	0
AT3G29633	6	3	2	2	1	0
AT3G29635	0	0	1	0	0	0
AT3G29638	1	1	1	9	0	1
AT3G29639	26	31	62	39	38	23
AT3G29644	60	76	137	63	52	28
AT3G29670	88	75	229	398	273	286
AT3G29680	40	18	41	80	49	60
AT3G29690	0	0	0	1	1	1
AT3G29720	0	1	0	0	0	1
AT3G29760	769	689	735	1035	836	722
AT3G29770	128	109	134	102	98	93
AT3G29791	0	0	0	1	0	0
AT3G29810	341	258	140	118	111	109
AT3G29970	0	1	2	2	0	1
AT3G30180	223	194	136	353	306	320
AT3G30200	3	3	2	1	1	3
AT3G30210	2	0	0	0	0	0
AT3G30300	1166	1077	761	1544	1262	1176
AT3G30340	3	10	14	21	14	11
AT3G30350	0	0	3	1	1	1
AT3G30380	432	362	376	482	307	309
AT3G30390	13340	11879	8881	8155	7595	6878
AT3G30460	4	2	5	3	6	5
AT3G30530	0	0	1	1	3	1
AT3G30580	0	0	0	2	0	0
AT3G30720	78	59	85	123	109	57
AT3G30725	0	1	0	5	3	1
AT3G30730	0	0	0	2	0	2
AT3G30770	2	2	1	0	2	0
AT3G30775	2611	2699	1706	1416	1223	1243
AT3G30778	1	0	0	0	0	0
AT3G30841	314	251	250	310	249	233
AT3G30842	3	11	2	0	0	0
AT3G31051	0	0	0	0	1	0
AT3G31910	1	0	0	0	0	0
AT3G32030	0	0	2	1	2	1
AT3G32047	47	28	25	0	0	0
AT3G32090	27	26	26	20	24	15
AT3G32400	0	0	3	3	0	0
AT3G32920	20	13	18	7	9	7
AT3G32930	1391	1263	1643	2388	2128	2483
AT3G32940	871	856	578	764	592	569
AT3G32980	138	161	285	376	340	430
AT3G33520	584	517	437	640	546	571
AT3G33528	13	5	1	6	8	5
AT3G33530	2326	2299	1283	2465	2086	2111
AT3G36659	1	0	0	0	1	0
AT3G41761	3	1	8	2	3	0
AT3G41762	45	62	84	23	22	10
AT3G41768	63874	63152	53773	48777	52821	36464
AT3G41979	1507	1940	1927	387	535	461
AT3G42050	7561	6795	5042	7300	6301	6337
AT3G42148	0	0	0	0	0	1
AT3G42150	303	335	486	445	389	361
AT3G42155	1	0	0	0	0	0
AT3G42170	1201	1139	895	1338	1168	1099
AT3G42180	3	0	5	1	1	3
AT3G42310	1	0	1	0	0	1
AT3G42550	0	1	0	0	6	0
AT3G42570	2	0	0	6	5	5
AT3G42630	410	459	289	355	300	326
AT3G42640	479	360	316	472	388	354
AT3G42660	565	517	291	396	290	277
AT3G42670	198	215	109	190	153	158
AT3G42725	6	7	12	13	18	12
AT3G42790	2724	2385	3171	1906	1669	1643
AT3G42800	0	1	8	48	26	46
AT3G42850	11	11	11	6	2	4
AT3G42860	828	711	675	61	50	56
AT3G42950	336	254	223	489	472	458
AT3G43110	3	4	7	7	6	8
AT3G43190	44	50	49	39	37	64
AT3G43210	168	169	135	262	227	201
AT3G43220	1476	1356	1036	1736	1368	1329
AT3G43230	2099	1948	1851	1197	1057	944
AT3G43240	1428	1333	1020	1203	1022	933
AT3G43250	176	169	143	459	384	125
AT3G43270	900	883	673	594	508	447
AT3G43300	3905	3489	2036	4137	3682	3782
AT3G43340	1	0	0	1	1	0
AT3G43400	0	0	0	1	0	1
AT3G43430	103	102	145	61	41	38
AT3G43440	372	342	403	354	295	281
AT3G43520	2338	2207	2007	1371	1360	1345
AT3G43540	739	732	876	1162	1068	1046
AT3G43580	291	272	176	22	28	13
AT3G43590	1118	1012	687	672	577	539
AT3G43600	409	433	331	809	683	624
AT3G43610	519	504	329	1084	908	924
AT3G43670	2315	2031	1695	2279	2092	2134
AT3G43700	375	350	303	246	233	202
AT3G43710	0	0	0	1	1	3
AT3G43720	279	304	489	756	1006	1096
AT3G43740	868	715	866	849	687	670
AT3G43790	212	167	156	159	146	157
AT3G43800	603	508	696	582	472	520
AT3G43810	1383	1220	1519	2149	1805	1905
AT3G43840	3	3	2	13	7	8
AT3G43850	2	7	7	15	12	17
AT3G43920	270	209	127	254	248	228
AT3G43930	12	13	24	22	13	14
AT3G43960	176	185	163	180	132	122
AT3G43970	14	10	11	0	4	0
AT3G43980	602	532	709	432	503	472
AT3G44010	2925	2650	3637	2453	2133	1880
AT3G44020	353	315	604	437	428	462
AT3G44050	254	244	156	145	103	100
AT3G44060	4	1	1	0	0	1
AT3G44070	0	1	0	0	0	0
AT3G44100	2216	2119	2748	1735	1329	1202
AT3G44110	10435	9240	7418	6027	4727	4623
AT3G44120	61	58	39	11	13	14
AT3G44150	478	433	460	365	282	276
AT3G44160	633	589	523	628	604	711
AT3G44171	0	0	0	1	0	0
AT3G44190	1225	1184	933	1362	1067	1009
AT3G44200	633	571	328	992	786	917
AT3G44220	7	7	20	27	18	28
AT3G44240	1	2	1	0	0	0
AT3G44260	24255	23741	25019	20908	16957	16186
AT3G44280	322	260	353	425	309	351
AT3G44290	6	6	2	5	1	0
AT3G44300	12968	11332	6256	1485	1203	843
AT3G44310	32857	30223	33161	40174	35376	26772
AT3G44320	677	570	451	306	259	215
AT3G44326	44	57	33	27	23	8
AT3G44330	2665	2423	2017	1484	1351	1399
AT3G44340	3049	2760	1271	2344	2018	2074
AT3G44350	1652	1536	941	494	455	393
AT3G44370	652	594	468	397	353	337
AT3G44380	137	175	188	158	115	86
AT3G44400	2074	1846	869	1396	1229	1252
AT3G44430	992	899	952	846	706	806
AT3G44440	1	1	3	3	4	1
AT3G44444	0	0	4	0	3	1
AT3G44450	469	407	752	418	358	254
AT3G44460	0	0	0	0	1	0
AT3G44480	8080	7111	4245	4043	3806	3108
AT3G44490	0	0	1	1	1	0
AT3G44510	5	4	4	18	12	14
AT3G44530	1015	917	586	418	404	337
AT3G44540	21	25	20	6	3	2
AT3G44550	169	120	154	89	59	54
AT3G44560	3	4	21	5	4	2
AT3G44570	1	3	5	3	3	2
AT3G44580	3	3	13	0	0	0
AT3G44590	520	551	638	352	409	359
AT3G44600	1340	1193	989	841	715	749
AT3G44610	398	354	391	512	458	412
AT3G44620	1238	1084	1232	1427	1148	1244
AT3G44630	7728	6670	3864	5492	4843	4122
AT3G44660	2	0	0	0	0	0
AT3G44670	6459	5785	3320	3620	3071	2581
AT3G44680	660	614	462	429	382	360
AT3G44690	154	127	68	80	64	83
AT3G44700	6	2	13	1	4	4
AT3G44713	80	70	29	80	56	46
AT3G44716	21	19	37	52	52	38
AT3G44720	7356	7573	5581	3422	3696	2637
AT3G44730	65	90	59	126	122	98
AT3G44735	207	170	297	365	252	254
AT3G44740	154	155	184	157	139	127
AT3G44750	879	866	645	1116	866	756
AT3G44755	0	0	0	5	3	0
AT3G44765	0	0	1	4	4	1
AT3G44770	18	12	25	19	16	16
AT3G44785	0	1	0	0	0	0
AT3G44790	7	3	10	2	1	0
AT3G44798	194	176	358	235	229	217
AT3G44800	7	5	3	13	9	8
AT3G44805	2	2	3	17	16	6
AT3G44820	269	267	229	435	292	351
AT3G44830	8	8	5	3	7	1
AT3G44850	519	436	336	413	303	292
AT3G44860	6862	6076	6658	8152	7831	5135
AT3G44870	2	1	1	4	3	2
AT3G44880	7538	7054	4968	3192	3001	2651
AT3G44890	1663	1443	2485	5722	4881	5561
AT3G44900	20	20	15	30	20	30
AT3G44940	56	46	75	125	113	97
AT3G44950	0	0	0	0	5	0
AT3G44960	13	6	15	37	27	38
AT3G44970	8	9	5	48	36	33
AT3G44980	0	0	0	1	0	0
AT3G44990	121	96	144	570	544	337
AT3G45000	0	0	0	1	0	2
AT3G45010	2703	2511	1918	1034	850	698
AT3G45020	88	71	111	63	69	63
AT3G45030	1983	1798	2118	1610	1862	1574
AT3G45040	3114	2667	1792	1823	1705	1612
AT3G45050	636	516	831	801	782	816
AT3G45060	163	167	64	189	203	123
AT3G45070	3	0	4	5	1	4
AT3G45080	1	1	1	0	0	2
AT3G45090	553	489	407	642	518	519
AT3G45093	1	3	4	4	3	0
AT3G45100	494	451	436	390	372	349
AT3G45110	0	0	1	1	0	0
AT3G45130	217	197	146	229	205	91
AT3G45140	43370	39158	35720	74861	61161	52376
AT3G45160	144	108	407	515	417	425
AT3G45190	2814	2456	1995	2074	1787	1773
AT3G45210	211	232	375	282	205	145
AT3G45230	66	58	89	210	163	195
AT3G45240	1219	1039	1006	720	628	630
AT3G45242	1219	1039	1006	720	628	630
AT3G45260	2358	2060	2085	1913	1399	1519
AT3G45280	8	4	7	8	3	5
AT3G45290	585	508	512	442	406	361
AT3G45300	1422	1294	1201	1207	1031	833
AT3G45310	1277	1198	961	869	692	664
AT3G45330	690	679	314	21	5	7
AT3G45390	42	29	40	33	37	27
AT3G45400	120	92	105	127	134	113
AT3G45410	35	25	26	34	23	16
AT3G45420	63	62	46	46	37	51
AT3G45430	5	5	10	51	48	64
AT3G45440	25	11	18	32	18	13
AT3G45443	258	249	286	313	293	243
AT3G45490	2	3	4	1	0	0
AT3G45530	5	11	1	1	1	2
AT3G45540	2	1	0	1	0	0
AT3G45570	0	0	0	0	0	1
AT3G45590	251	187	245	85	97	79
AT3G45600	1978	1893	2580	1972	1571	1247
AT3G45610	30	51	66	94	58	47
AT3G45620	2829	2529	2159	1016	888	926
AT3G45630	1746	1747	1126	1207	1187	1196
AT3G45638	54	50	86	100	102	72
AT3G45640	21176	18727	14265	21623	18303	15951
AT3G45650	1931	1661	1397	738	711	492
AT3G45660	60	47	35	31	17	7
AT3G45680	5	9	17	27	27	17
AT3G45700	0	0	0	2	1	0
AT3G45710	27	18	24	18	11	19
AT3G45720	1	2	2	0	0	0
AT3G45730	6537	5985	8681	1292	1019	809
AT3G45740	450	381	362	435	356	346
AT3G45750	401	372	306	255	255	224
AT3G45760	1	0	0	0	0	0
AT3G45770	1883	1695	1687	2050	1722	1699
AT3G45780	6363	5742	5902	13604	11648	10558
AT3G45790	1	0	0	2	0	1
AT3G45820	12	10	1	7	4	13
AT3G45830	1576	1379	729	936	810	821
AT3G45840	0	0	0	1	0	0
AT3G45850	535	508	494	1698	1365	1608
AT3G45851	0	0	0	1	0	0
AT3G45860	7876	6547	4223	5041	3991	4420
AT3G45870	63	47	47	40	19	27
AT3G45880	132	104	105	52	64	33
AT3G45890	432	323	283	289	279	308
AT3G45900	370	362	438	411	309	253
AT3G45930	282	263	649	359	286	271
AT3G45940	10	3	3	44	41	34
AT3G45950	0	0	0	1	2	0
AT3G45960	446	446	442	237	212	266
AT3G45970	8277	7454	5472	3215	2574	4066
AT3G45980	1573	1434	2634	1860	1783	1658
AT3G46000	3679	3154	4231	2701	2571	2861
AT3G46010	3750	3220	3976	3489	3089	3169
AT3G46020	206	171	297	93	66	68
AT3G46030	1513	1353	2036	1541	1324	1144
AT3G46040	1360	1347	1636	1612	1388	1264
AT3G46060	2652	2359	2399	2634	2351	2184
AT3G46070	546	502	830	25	11	5
AT3G46080	7303	6313	7879	677	532	365
AT3G46086	1	1	5	0	0	0
AT3G46090	9684	8783	10606	1751	1307	1311
AT3G46100	1175	941	924	1364	1107	1184
AT3G46110	297	248	229	629	532	559
AT3G46130	91	94	142	233	194	250
AT3G46140	7	0	0	1	0	2
AT3G46150	23	25	22	16	22	20
AT3G46160	3	7	6	0	0	0
AT3G46170	1	0	0	0	0	0
AT3G46180	494	458	457	289	192	212
AT3G46190	0	1	0	0	0	0
AT3G46200	116	107	122	151	155	125
AT3G46210	588	505	530	290	252	223
AT3G46220	1162	955	689	720	603	637
AT3G46230	37	34	30	20	11	5
AT3G46260	1	0	0	0	0	0
AT3G46280	232	221	128	13	20	13
AT3G46290	1735	1576	1279	1734	1449	1542
AT3G46300	0	1	0	7	1	1
AT3G46310	0	0	1	0	2	1
AT3G46320	201	188	421	469	370	318
AT3G46330	0	0	0	1	0	0
AT3G46370	242	198	215	1118	987	636
AT3G46430	810	765	1221	1159	1111	901
AT3G46440	2963	2855	2203	1083	946	1136
AT3G46450	1486	1275	927	754	720	654
AT3G46460	737	654	880	782	630	610
AT3G46480	0	4	0	2	0	0
AT3G46490	0	0	45	287	231	244
AT3G46500	2	3	0	10	15	3
AT3G46510	2831	2599	2275	2706	2404	2337
AT3G46520	2	3	2	0	3	0
AT3G46530	4556	4151	3656	2642	2171	2589
AT3G46540	1368	1227	1390	1601	1317	1253
AT3G46550	515	512	496	1045	907	827
AT3G46560	512	450	591	537	607	552
AT3G46580	128	105	182	148	145	119
AT3G46590	2448	2251	2193	2540	2292	2240
AT3G46600	7081	6667	6241	7835	6393	6936
AT3G46610	687	602	509	765	566	637
AT3G46613	0	0	0	1	0	0
AT3G46614	3	1	0	0	1	0
AT3G46616	0	3	0	0	3	0
AT3G46620	9103	8095	8188	8717	7705	8377
AT3G46630	822	786	915	894	994	1262
AT3G46640	1653	1684	610	438	366	1556
AT3G46650	39	38	47	96	66	60
AT3G46658	307	291	178	154	153	132
AT3G46660	292	275	170	146	141	121
AT3G46666	4	1	2	5	2	2
AT3G46668	239	232	201	302	248	287
AT3G46670	162	170	95	208	180	213
AT3G46680	25	21	17	6	2	4
AT3G46690	508	445	366	99	77	39
AT3G46700	131	88	108	47	30	19
AT3G46720	4	1	4	5	2	3
AT3G46730	35	22	23	16	14	11
AT3G46740	2641	2384	1671	3366	2946	3284
AT3G46770	9	7	9	10	4	1
AT3G46780	4695	4430	10632	32688	28543	29415
AT3G46790	639	534	357	394	318	346
AT3G46820	832	652	626	526	461	588
AT3G46830	538	476	618	925	723	841
AT3G46840	0	0	0	0	1	0
AT3G46850	0	0	0	1	0	0
AT3G46870	198	189	144	164	108	110
AT3G46875	1	0	0	0	0	0
AT3G46880	19	21	28	32	51	31
AT3G46890	171	141	249	47	26	31
AT3G46900	222	222	349	94	102	80
AT3G46904	1	0	0	0	1	2
AT3G46910	6	4	4	1	1	0
AT3G46920	705	613	450	453	365	324
AT3G46930	2918	2644	1360	1363	1168	774
AT3G46940	301	230	364	294	258	241
AT3G46950	127	123	133	55	76	56
AT3G46960	1219	1073	637	1025	828	788
AT3G46970	13716	12358	7555	16078	13243	17953
AT3G46980	1083	932	656	839	780	847
AT3G46990	63	50	60	96	84	77
AT3G47000	990	852	1035	1422	1259	1174
AT3G47010	164	171	196	392	359	322
AT3G47020	2	1	2	3	1	0
AT3G47030	4	9	7	18	18	8
AT3G47040	2	6	5	3	1	0
AT3G47050	12	5	4	5	6	9
AT3G47060	1154	1167	738	832	626	619
AT3G47070	839	850	2176	3031	2943	3193
AT3G47080	2240	2045	1955	1770	1327	1322
AT3G47090	1101	1050	639	558	455	346
AT3G47100	12	17	24	24	22	10
AT3G47110	135	117	64	54	30	34
AT3G47120	412	413	369	279	223	192
AT3G47130	1	0	1	2	0	1
AT3G47150	2	0	5	0	0	3
AT3G47160	1858	1614	2558	1978	1812	2030
AT3G47180	7	10	14	8	10	8
AT3G47190	0	0	1	3	0	0
AT3G47200	4	4	1	0	0	0
AT3G47210	74	68	42	3	2	8
AT3G47220	4	9	7	29	18	17
AT3G47250	6252	5870	5503	5134	4405	4031
AT3G47290	967	990	928	1137	931	931
AT3G47295	148	140	488	448	343	229
AT3G47300	261	247	339	206	197	174
AT3G47340	4081	3724	3564	3163	2933	1492
AT3G47342	34	21	19	15	9	9
AT3G47347	55	49	62	35	34	38
AT3G47348	186	140	152	98	89	81
AT3G47350	602	538	488	813	816	830
AT3G47360	104	90	99	218	220	162
AT3G47370	1304	1141	1359	1336	1405	1197
AT3G47380	88	66	96	139	140	117
AT3G47390	820	680	617	651	608	596
AT3G47400	7	4	10	20	17	6
AT3G47420	1740	1549	2229	1059	940	438
AT3G47430	513	515	958	290	293	234
AT3G47440	0	0	2	0	0	1
AT3G47450	1093	1020	866	1218	871	1076
AT3G47460	361	316	202	153	127	115
AT3G47470	58929	54641	122790	257560	247663	224238
AT3G47480	2226	2111	2238	961	736	578
AT3G47490	890	784	992	1200	868	828
AT3G47500	526	548	977	1018	825	542
AT3G47510	72	89	163	144	151	101
AT3G47520	2453	2072	1603	2005	1789	2063
AT3G47530	258	217	195	155	112	129
AT3G47540	672	628	800	434	404	297
AT3G47543	0	0	0	0	1	0
AT3G47550	3357	3078	2637	2335	2388	2212
AT3G47560	616	553	716	1148	1028	1025
AT3G47570	2460	2108	1108	1900	1610	1555
AT3G47580	226	178	109	178	162	125
AT3G47590	319	326	322	490	427	438
AT3G47600	241	235	260	232	163	162
AT3G47610	893	780	953	796	609	548
AT3G47620	1662	1535	1408	2073	1597	1533
AT3G47630	405	411	445	309	236	249
AT3G47640	581	515	542	244	226	248
AT3G47650	1187	1027	2011	4267	3555	3922
AT3G47660	13	13	17	16	9	12
AT3G47670	745	656	748	734	667	657
AT3G47675	78	56	178	205	217	196
AT3G47680	842	807	780	851	627	643
AT3G47690	46	43	50	59	60	48
AT3G47700	504	459	309	365	348	359
AT3G47720	2	2	0	1	1	0
AT3G47730	2052	1911	1363	1605	1389	1267
AT3G47750	61	71	54	177	138	138
AT3G47780	1391	1297	786	237	215	185
AT3G47790	11	11	10	0	2	2
AT3G47800	4064	3696	3168	3685	3376	4672
AT3G47810	2339	2135	2039	2303	2166	2187
AT3G47820	1256	1313	792	1748	1367	1531
AT3G47830	40	38	31	45	42	42
AT3G47833	708	600	821	611	707	651
AT3G47836	455	470	613	353	483	407
AT3G47840	66	49	29	26	21	40
AT3G47850	635	624	589	416	326	387
AT3G47860	908	829	975	1565	1464	2788
AT3G47870	2	1	0	2	1	2
AT3G47890	993	955	490	1227	1121	1077
AT3G47910	2534	2235	991	2004	1664	1645
AT3G47930	685	607	336	796	699	731
AT3G47940	239	201	218	240	209	207
AT3G47950	331	290	149	121	104	124
AT3G47960	5095	4704	3906	7515	6841	7652
AT3G47965	141	143	213	148	115	97
AT3G47980	4	1	4	5	11	11
AT3G47990	1398	1189	1171	694	724	707
AT3G48000	9157	8250	7225	12320	10228	9403
AT3G48010	5	6	2	7	2	3
AT3G48020	160	177	141	60	87	35
AT3G48030	432	373	457	420	439	360
AT3G48040	158	132	192	236	194	184
AT3G48050	4547	4012	2526	3127	2772	2725
AT3G48057	0	0	0	1	0	1
AT3G48060	2072	1924	1042	1318	1160	1274
AT3G48070	1267	1191	1359	865	746	764
AT3G48080	1746	1421	1008	576	472	593
AT3G48090	4339	3978	2733	2933	2422	2293
AT3G48100	1479	1263	1321	1965	1661	1827
AT3G48110	2458	2178	1247	2743	2522	2878
AT3G48115	612	558	730	683	553	627
AT3G48120	339	359	274	287	202	233
AT3G48131	0	0	3	0	2	0
AT3G48140	6396	5724	8085	6367	5630	5199
AT3G48150	290	264	169	159	145	123
AT3G48160	33	31	20	72	60	52
AT3G48170	3308	2924	2525	2439	2296	2352
AT3G48180	52	42	76	24	17	21
AT3G48185	40	42	75	44	47	26
AT3G48190	977	766	411	1206	942	974
AT3G48195	1238	980	686	869	746	716
AT3G48200	1295	1163	1094	3101	2560	2679
AT3G48201	6	7	5	0	3	1
AT3G48210	249	228	222	190	148	143
AT3G48230	0	0	1	3	1	0
AT3G48240	3	9	4	6	11	4
AT3G48250	210	159	84	147	104	137
AT3G48260	2	1	6	45	42	26
AT3G48280	48	56	37	65	56	55
AT3G48290	8	9	18	51	36	35
AT3G48300	15	17	10	6	3	4
AT3G48310	2244	2015	1938	1038	886	699
AT3G48320	2426	2083	2005	1362	1139	874
AT3G48330	656	553	710	593	557	579
AT3G48340	155	151	137	3	1	2
AT3G48344	1	0	0	0	0	0
AT3G48346	1	2	0	1	0	0
AT3G48350	67	40	103	201	146	152
AT3G48360	3780	3540	2122	2240	2064	3853
AT3G48380	1064	967	876	892	797	771
AT3G48390	408	341	343	192	155	151
AT3G48400	1	1	1	0	1	1
AT3G48410	78	79	84	117	97	100
AT3G48420	750	622	1412	3388	3257	3436
AT3G48425	286	289	205	146	106	126
AT3G48430	735	662	372	698	626	638
AT3G48440	219	207	128	260	225	233
AT3G48450	54	38	51	28	21	12
AT3G48460	94	78	157	423	326	237
AT3G48470	359	326	231	217	153	179
AT3G48480	10	14	33	10	14	9
AT3G48490	239	231	278	77	57	79
AT3G48500	1211	1051	779	1593	1272	1415
AT3G48510	5	1	1	13	11	9
AT3G48520	3197	2939	2454	2598	2098	2472
AT3G48530	3751	3299	4120	3154	2821	2788
AT3G48540	12	16	15	55	48	31
AT3G48550	21	8	44	115	106	97
AT3G48560	9306	8520	7209	10458	8889	8426
AT3G48570	416	324	421	217	212	246
AT3G48580	146	134	62	31	18	23
AT3G48590	520	459	671	625	560	627
AT3G48600	49	47	55	101	69	73
AT3G48610	365	354	369	647	562	458
AT3G48620	3	5	0	1	1	4
AT3G48630	885	733	824	218	200	201
AT3G48640	481	414	326	249	242	189
AT3G48660	5	6	24	23	25	15
AT3G48670	464	417	352	866	603	508
AT3G48680	1325	1328	1685	1274	1438	1267
AT3G48690	3652	3265	3805	2650	2341	1820
AT3G48700	1	1	9	7	3	2
AT3G48710	932	744	906	684	494	421
AT3G48720	292	306	582	1296	1111	1387
AT3G48730	2678	2375	2915	4549	4113	4705
AT3G48740	2721	2397	2799	1280	1199	1712
AT3G48750	1689	1505	1230	1622	1324	1320
AT3G48760	3176	2864	2318	2437	1899	1892
AT3G48770	903	870	558	18	23	24
AT3G48780	2235	2039	1649	1746	1378	1367
AT3G48790	14	11	4	4	5	5
AT3G48800	169	175	199	202	140	132
AT3G48810	75	78	86	117	98	102
AT3G48820	433	399	330	478	449	415
AT3G48830	175	148	114	69	75	89
AT3G48840	4	3	4	3	7	3
AT3G48850	671	530	434	116	118	44
AT3G48860	2066	1913	1429	1171	1017	933
AT3G48870	3152	2892	2146	3741	3076	2877
AT3G48880	784	715	932	676	602	549
AT3G48890	3274	2919	3347	2266	1904	1641
AT3G48900	27	23	27	42	36	27
AT3G48920	14	13	12	6	9	4
AT3G48930	5476	4762	5719	4282	3951	3548
AT3G48940	0	0	0	0	2	0
AT3G48960	6	4	5	0	1	0
AT3G48970	5	2	22	34	40	52
AT3G48980	57	53	66	127	97	62
AT3G48990	11710	11095	7890	8547	7882	6214
AT3G49000	487	429	347	315	296	313
AT3G49010	5843	5123	5489	6168	5820	5236
AT3G49050	367	270	343	560	463	464
AT3G49051	1	0	0	0	0	0
AT3G49055	29	17	12	10	15	17
AT3G49060	829	799	478	660	530	609
AT3G49070	12	11	13	8	13	7
AT3G49080	921	809	566	660	512	515
AT3G49100	371	343	440	303	224	259
AT3G49110	514	565	482	1835	1411	615
AT3G49120	114775	105338	66950	28553	23682	19400
AT3G49130	495	389	181	125	94	92
AT3G49140	1407	1292	1464	2637	2116	2129
AT3G49142	96	79	35	42	52	40
AT3G49150	2	1	3	5	2	3
AT3G49160	709	619	530	599	470	319
AT3G49170	286	202	99	112	131	146
AT3G49180	488	421	366	283	231	221
AT3G49190	16	19	24	2	3	6
AT3G49200	2	2	0	0	0	0
AT3G49210	1279	1166	971	250	230	194
AT3G49220	1841	1737	1264	3682	3171	2824
AT3G49230	1	1	1	1	2	1
AT3G49240	708	708	359	465	333	323
AT3G49250	133	119	124	193	165	138
AT3G49260	282	298	488	1473	1269	1318
AT3G49290	265	232	300	565	496	417
AT3G49300	4	0	4	11	7	16
AT3G49310	960	864	747	731	731	737
AT3G49320	196	159	111	90	85	68
AT3G49330	5	4	9	10	10	2
AT3G49340	73	76	97	80	49	42
AT3G49350	1741	1658	988	1403	1184	1154
AT3G49360	285	237	261	277	273	260
AT3G49370	154	159	92	139	118	125
AT3G49380	1	3	5	7	6	5
AT3G49390	1351	1227	1030	1097	941	963
AT3G49400	290	252	166	167	143	104
AT3G49410	49	27	22	47	38	38
AT3G49420	166	172	224	125	130	115
AT3G49430	2174	1914	1750	1445	1390	1170
AT3G49470	1182	1053	1453	1780	1361	1630
AT3G49480	15	21	12	4	3	7
AT3G49490	3993	3700	2279	2185	1870	1648
AT3G49500	847	863	520	1222	1007	1020
AT3G49510	28	27	20	18	18	27
AT3G49520	7	1	0	1	0	0
AT3G49530	7517	6651	4391	5028	4412	4784
AT3G49540	3	5	3	1	0	2
AT3G49550	162	177	177	168	140	179
AT3G49551	37	34	20	40	34	41
AT3G49560	1518	1332	1607	1925	1740	1748
AT3G49570	34	17	45	77	96	31
AT3G49580	47	52	109	133	150	83
AT3G49590	1230	1104	940	1025	853	834
AT3G49600	928	784	542	742	641	625
AT3G49601	1864	1557	1197	1319	1034	1003
AT3G49620	247	208	398	4651	3736	1164
AT3G49630	2	5	0	21	34	20
AT3G49640	300	227	342	328	238	232
AT3G49645	402	377	390	241	188	186
AT3G49650	67	68	113	297	298	284
AT3G49660	205	191	148	107	89	79
AT3G49668	31	28	20	100	107	91
AT3G49670	312	245	367	1057	1052	995
AT3G49680	2066	1832	1619	3238	2927	2899
AT3G49690	19	9	32	13	4	9
AT3G49700	0	0	0	1	0	0
AT3G49710	218	196	85	169	128	139
AT3G49720	4595	4304	3189	5571	4638	4980
AT3G49725	441	389	217	268	223	234
AT3G49730	95	83	75	162	114	128
AT3G49740	140	128	57	66	71	86
AT3G49744	0	0	0	1	0	0
AT3G49750	23	28	28	100	82	59
AT3G49760	0	3	0	0	0	0
AT3G49780	2388	2099	2554	940	787	632
AT3G49790	1074	1013	1346	1532	1338	1361
AT3G49800	1565	1463	1411	1301	1205	1241
AT3G49810	364	241	262	715	644	571
AT3G49820	1	0	2	1	2	5
AT3G49830	6	6	2	1	2	1
AT3G49840	102	71	93	127	125	115
AT3G49850	470	419	520	399	343	274
AT3G49860	10	7	11	7	7	5
AT3G49870	1015	846	1199	1894	1794	1839
AT3G49880	375	398	328	531	427	403
AT3G49890	166	174	157	119	90	87
AT3G49900	23	42	56	72	66	80
AT3G49910	4888	4369	5459	7245	6138	5172
AT3G49920	47	52	80	105	87	95
AT3G49930	21	17	44	93	68	75
AT3G49940	721	636	876	1043	965	1100
AT3G49950	8	5	7	8	3	8
AT3G49960	0	0	1	14	3	3
AT3G49970	2	3	11	37	35	26
AT3G49980	9	5	2	6	3	2
AT3G49990	1917	1672	1190	1223	984	953
AT3G50000	2342	1963	2097	2084	1837	1834
AT3G50010	11	13	8	60	40	47
AT3G50030	0	6	5	1	0	2
AT3G50040	48	51	32	39	33	30
AT3G50050	137	105	68	213	202	154
AT3G50060	3145	2820	3047	3877	3387	2702
AT3G50070	199	150	141	249	201	172
AT3G50080	590	509	449	405	347	298
AT3G50090	0	1	0	0	0	0
AT3G50100	138	121	128	153	133	144
AT3G50110	155	128	91	216	204	170
AT3G50120	38	38	38	80	69	207
AT3G50130	6	4	4	9	15	9
AT3G50140	121	104	72	110	108	151
AT3G50160	0	0	0	0	2	0
AT3G50170	2	3	4	9	13	3
AT3G50190	80	51	27	90	86	84
AT3G50200	24	21	17	7	6	13
AT3G50210	751	653	803	564	455	508
AT3G50220	17	12	42	10	6	6
AT3G50230	0	2	1	6	8	2
AT3G50240	607	530	419	1330	1088	1083
AT3G50260	2986	3252	2428	2100	1758	1481
AT3G50270	929	907	908	1280	1083	974
AT3G50280	427	404	389	353	304	145
AT3G50290	0	3	0	1	0	0
AT3G50300	2	0	0	4	5	2
AT3G50310	15	17	19	17	23	10
AT3G50330	0	0	0	1	0	0
AT3G50340	287	341	338	449	411	400
AT3G50350	56	68	101	142	158	136
AT3G50360	1266	1150	1336	1062	778	855
AT3G50370	4011	3706	1530	5208	4426	4168
AT3G50380	1752	1576	845	1571	1439	1308
AT3G50390	37	36	48	21	25	11
AT3G50400	26	16	38	2	3	3
AT3G50410	118	98	105	76	56	47
AT3G50420	153	144	71	74	70	49
AT3G50430	291	315	220	299	294	285
AT3G50440	606	553	975	1179	1049	1123
AT3G50450	14	13	16	11	10	5
AT3G50460	11	9	14	4	3	4
AT3G50470	711	621	805	383	321	417
AT3G50480	19503	17332	15624	9120	7300	7890
AT3G50500	6379	5582	5908	5970	5147	6190
AT3G50510	0	0	0	7	1	2
AT3G50520	403	418	519	437	368	386
AT3G50530	693	627	574	967	909	839
AT3G50540	0	0	0	0	1	0
AT3G50550	249	222	396	500	372	365
AT3G50560	72	62	110	153	131	151
AT3G50570	45	45	33	45	27	26
AT3G50580	2	0	0	0	0	0
AT3G50590	3536	3320	1461	3399	2919	3015
AT3G50610	0	2	1	0	0	0
AT3G50620	115	106	123	119	103	88
AT3G50630	51	52	112	179	148	134
AT3G50640	0	0	1	4	0	0
AT3G50650	337	287	255	207	150	248
AT3G50660	247	251	323	315	288	271
AT3G50665	1	0	0	0	0	0
AT3G50670	2771	2598	1900	2243	1822	1722
AT3G50682	1	0	0	0	0	0
AT3G50685	428	396	1116	2931	2730	2462
AT3G50690	1649	1389	1352	946	758	706
AT3G50700	1005	964	1044	1342	1108	1417
AT3G50740	1712	1658	1427	2513	2455	1795
AT3G50750	582	528	900	986	820	721
AT3G50760	717	695	606	880	706	525
AT3G50770	9120	8167	6750	4287	3109	2949
AT3G50780	270	238	271	363	329	315
AT3G50790	702	597	695	1333	1309	1233
AT3G50800	723	702	912	905	746	713
AT3G50810	153	154	160	44	47	48
AT3G50820	16709	17065	26331	37335	33260	30087
AT3G50825	67	42	65	45	38	31
AT3G50830	3268	2799	2914	3181	2961	2592
AT3G50840	664	634	927	1168	875	698
AT3G50845	61	56	114	127	133	99
AT3G50850	29	46	37	25	14	10
AT3G50860	232	247	292	244	176	184
AT3G50870	11	5	11	26	8	11
AT3G50880	821	745	673	456	410	342
AT3G50890	12	9	25	55	51	26
AT3G50900	439	365	470	408	371	300
AT3G50910	2056	1719	1262	1037	843	739
AT3G50920	428	448	406	421	366	357
AT3G50930	34210	30687	17582	14558	11527	9694
AT3G50940	376	284	254	28	28	24
AT3G50950	19634	17552	11741	20968	17939	18714
AT3G50960	62	64	82	89	88	70
AT3G50970	411	364	358	520	385	306
AT3G50980	13	8	3	0	0	0
AT3G50990	0	0	0	0	1	1
AT3G51000	2890	2608	2956	1963	1585	1320
AT3G51010	927	826	991	779	780	754
AT3G51020	0	0	0	4	0	0
AT3G51030	11	14	30	33	34	28
AT3G51040	469	437	549	459	408	389
AT3G51050	2210	1978	1343	1631	1504	1400
AT3G51060	4	9	10	24	18	9
AT3G51070	234	220	149	303	237	242
AT3G51075	267	249	220	361	270	265
AT3G51080	96	87	133	197	182	146
AT3G51090	189	180	203	121	118	83
AT3G51100	820	690	708	553	497	426
AT3G51110	475	426	388	363	315	367
AT3G51120	1709	1630	845	1073	1063	1014
AT3G51130	1702	1576	1441	824	733	639
AT3G51140	1126	1046	982	1492	1489	1432
AT3G51150	219	225	301	1286	1127	1430
AT3G51160	3906	3566	2107	3194	2582	2607
AT3G51171	0	0	0	0	1	2
AT3G51180	376	333	248	132	121	100
AT3G51190	1	1	0	1	0	0
AT3G51220	6	4	27	35	27	24
AT3G51230	6	9	8	43	29	26
AT3G51238	45	52	72	209	173	89
AT3G51240	46	53	74	214	177	91
AT3G51250	1443	1299	1249	1089	815	807
AT3G51260	4040	3723	4085	2071	1900	1911
AT3G51270	1658	1455	1209	1186	1096	997
AT3G51280	43	36	45	173	143	122
AT3G51290	89	72	92	226	154	142
AT3G51300	34	24	33	31	20	22
AT3G51310	2334	2081	1688	1825	1624	1491
AT3G51320	245	239	145	159	118	154
AT3G51325	4	1	12	2	3	4
AT3G51330	1006	919	499	647	447	465
AT3G51340	99	84	92	130	99	124
AT3G51350	182	164	93	31	28	24
AT3G51360	62	45	31	0	2	0
AT3G51370	3679	3244	3283	3523	2863	3006
AT3G51375	0	0	2	2	1	0
AT3G51380	3	2	5	4	7	1
AT3G51390	597	483	505	517	487	557
AT3G51400	97	71	112	81	67	115
AT3G51420	1765	1619	1816	2009	1703	1988
AT3G51430	5649	5094	5108	1525	1274	1100
AT3G51440	1369	1291	981	372	299	252
AT3G51450	2783	2578	2648	3153	2631	1955
AT3G51460	1709	1456	1107	1263	1091	1074
AT3G51470	42	27	49	115	92	110
AT3G51480	48	46	51	175	137	122
AT3G51490	11	4	4	20	10	13
AT3G51500	556	503	783	381	303	307
AT3G51510	1213	1145	2224	3074	2841	3007
AT3G51520	806	805	836	792	847	759
AT3G51530	339	296	281	194	173	132
AT3G51540	72	73	68	9	11	4
AT3G51550	14372	12913	7420	12038	10248	10925
AT3G51560	2	2	0	1	0	0
AT3G51570	2	0	0	0	0	0
AT3G51580	1218	1135	857	804	685	720
AT3G51600	3954	4005	4496	5655	6858	6578
AT3G51610	944	874	986	832	820	746
AT3G51620	1518	1366	813	919	814	775
AT3G51630	1323	1226	1183	1288	1058	929
AT3G51632	1308	1203	1179	1270	1049	916
AT3G51640	1047	895	545	743	637	730
AT3G51642	0	1	0	0	0	2
AT3G51644	0	0	1	0	0	0
AT3G51650	856	690	527	591	520	502
AT3G51660	2513	2256	2836	1690	1380	1304
AT3G51670	4307	3867	3784	1444	1197	981
AT3G51680	7	5	1	6	5	1
AT3G51710	28	19	43	93	66	52
AT3G51720	136	131	130	213	140	130
AT3G51730	8967	7808	11164	4295	4070	3578
AT3G51740	117	99	104	403	313	274
AT3G51750	92	70	103	115	87	84
AT3G51760	71	52	61	98	81	103
AT3G51770	1031	975	617	1043	984	894
AT3G51780	1056	924	935	578	457	511
AT3G51790	468	470	313	287	233	230
AT3G51800	4377	3765	3028	2754	2368	2305
AT3G51810	4	5	2	0	2	0
AT3G51820	2501	2279	2687	4777	4115	4432
AT3G51830	1501	1315	1456	1421	1154	1027
AT3G51840	7148	6499	7365	6864	5711	4861
AT3G51850	1427	1224	1108	1862	1449	1471
AT3G51860	18250	16453	8375	4293	3975	3904
AT3G51870	721	650	485	684	677	613
AT3G51880	1696	1502	2472	2169	1666	1631
AT3G51890	1585	1421	1426	905	776	692
AT3G51895	1035	960	1269	751	675	417
AT3G51910	39	38	61	63	50	51
AT3G51915	2	5	6	2	2	1
AT3G51920	10980	9892	11007	6597	5626	4429
AT3G51930	9	10	15	75	62	41
AT3G51940	169	169	142	161	134	120
AT3G51950	2504	2259	2205	4507	4020	3995
AT3G51960	669	561	564	292	223	202
AT3G51970	580	543	452	527	448	405
AT3G51980	809	708	527	574	506	513
AT3G51990	279	312	247	254	186	208
AT3G52000	0	0	0	0	0	1
AT3G52010	0	0	1	0	1	0
AT3G52030	662	621	573	622	528	409
AT3G52040	296	359	412	304	206	189
AT3G52050	583	531	530	558	498	520
AT3G52060	1038	883	1536	2344	1885	1589
AT3G52070	170	161	444	314	303	314
AT3G52072	252	227	564	382	367	357
AT3G52080	1	2	1	1	0	0
AT3G52090	703	669	855	926	779	746
AT3G52100	417	388	349	485	352	341
AT3G52105	276	224	403	357	335	244
AT3G52110	142	162	294	327	249	265
AT3G52115	593	534	431	54	52	61
AT3G52120	2787	2368	2138	2088	1730	1685
AT3G52130	1	0	0	2	3	0
AT3G52140	5535	5046	2516	3510	3144	3026
AT3G52150	2072	1830	2712	5635	5243	5967
AT3G52155	566	457	628	1024	874	958
AT3G52160	14	19	19	23	12	15
AT3G52170	534	446	379	421	386	316
AT3G52180	2841	2486	2323	3274	2903	3655
AT3G52190	706	590	618	326	293	298
AT3G52200	2120	1918	1238	1652	1454	1459
AT3G52210	424	416	435	361	270	263
AT3G52220	1279	1115	1558	1242	979	912
AT3G52230	2188	2010	3302	2888	2186	1940
AT3G52240	1649	1524	1211	1503	1241	1255
AT3G52250	2401	2040	1069	1964	1684	1705
AT3G52260	359	344	396	349	327	278
AT3G52270	4	1	0	1	5	2
AT3G52280	640	602	587	571	421	431
AT3G52290	108	88	133	374	330	384
AT3G52300	2723	2585	3138	3881	3626	3459
AT3G52310	21	29	53	63	48	50
AT3G52330	0	0	1	0	0	0
AT3G52340	784	639	714	777	715	524
AT3G52350	1	0	0	1	0	1
AT3G52360	83	65	123	212	146	135
AT3G52370	46	41	78	487	372	253
AT3G52380	2958	2540	2558	5363	4436	5369
AT3G52390	148	141	113	148	141	123
AT3G52400	27136	25430	18194	17675	16704	15286
AT3G52420	200	180	310	189	159	152
AT3G52430	4940	4346	3673	2588	2343	1855
AT3G52440	0	0	0	0	1	3
AT3G52450	1230	1179	707	940	776	928
AT3G52460	49	54	39	23	14	16
AT3G52470	1889	1685	1635	1492	1307	1141
AT3G52480	180	195	309	158	174	127
AT3G52490	107	85	110	104	95	109
AT3G52500	1623	1614	1657	3798	3099	4588
AT3G52510	7	4	9	1	2	1
AT3G52520	410	408	200	610	515	424
AT3G52525	17	14	10	15	14	10
AT3G52530	70	68	31	38	25	17
AT3G52535	254	211	375	206	203	220
AT3G52540	79	69	112	59	56	36
AT3G52550	14	20	48	51	28	19
AT3G52560	2565	2205	3042	2294	2079	2015
AT3G52561	1	0	0	1	0	3
AT3G52565	0	1	0	0	0	0
AT3G52570	346	355	326	263	201	198
AT3G52580	1427	1255	1363	983	1062	853
AT3G52590	3547	3229	4394	5408	5600	5039
AT3G52600	0	0	1	0	0	0
AT3G52605	306	315	236	241	212	195
AT3G52610	725	652	704	576	535	514
AT3G52620	3	4	4	0	3	0
AT3G52630	195	214	373	99	96	74
AT3G52640	1408	1286	1009	1300	1200	1274
AT3G52660	727	663	602	735	613	524
AT3G52670	64	66	65	48	46	61
AT3G52680	137	100	121	116	110	86
AT3G52700	2727	2621	2072	1606	1299	1256
AT3G52710	2716	2611	2060	1599	1290	1252
AT3G52720	105	81	255	471	373	271
AT3G52730	1976	1760	2096	1929	1588	1425
AT3G52740	172	145	309	133	147	70
AT3G52742	8	5	9	2	1	2
AT3G52748	362	321	482	85	72	36
AT3G52750	444	386	391	1551	1232	1470
AT3G52760	474	480	523	319	368	359
AT3G52770	70	52	48	27	28	29
AT3G52780	337	318	78	1	4	0
AT3G52790	6	4	10	0	1	0
AT3G52800	15009	14353	13187	11369	11052	10370
AT3G52810	1	2	1	0	0	2
AT3G52820	193	193	44	9	8	10
AT3G52830	1	1	0	1	0	0
AT3G52840	1179	1081	1559	4210	3680	3937
AT3G52850	7784	6854	5160	4981	4191	3650
AT3G52860	252	261	290	244	231	244
AT3G52870	1741	1600	1520	1955	1481	1766
AT3G52880	11693	10589	9925	9359	8512	7501
AT3G52890	939	884	719	1017	845	705
AT3G52900	25	18	38	100	65	87
AT3G52905	199	178	162	172	132	146
AT3G52910	46	39	58	140	153	89
AT3G52920	637	511	783	883	543	475
AT3G52930	7661	7319	5430	6098	6109	5806
AT3G52940	191	160	192	424	347	396
AT3G52950	936	860	744	582	480	507
AT3G52960	2160	2217	2214	4217	3630	3643
AT3G52970	5	5	0	0	0	0
AT3G52990	3974	3680	2299	4183	3838	4462
AT3G53000	501	451	471	569	515	511
AT3G53010	5	8	14	45	39	44
AT3G53020	2956	2514	3222	3952	3942	3465
AT3G53030	629	503	547	622	534	544
AT3G53040	406	442	138	0	0	0
AT3G53065	1	0	2	0	0	0
AT3G53080	0	0	1	0	0	0
AT3G53090	1047	908	632	736	663	587
AT3G53100	141	129	285	357	310	253
AT3G53110	2642	2439	1797	2046	1683	1690
AT3G53120	750	739	804	462	382	323
AT3G53130	654	548	557	1168	1026	1117
AT3G53140	26	21	31	38	50	47
AT3G53150	272	203	149	25	27	17
AT3G53160	66	63	20	33	43	33
AT3G53170	98	74	46	103	110	150
AT3G53180	2089	1839	1207	2796	2454	2272
AT3G53190	294	218	335	714	539	446
AT3G53200	0	1	2	0	0	0
AT3G53210	182	173	197	128	124	142
AT3G53220	57	52	58	34	30	28
AT3G53230	3187	2917	2002	146	133	100
AT3G53232	12	21	57	17	22	22
AT3G53235	12	11	33	39	42	17
AT3G53240	309	267	267	457	409	334
AT3G53250	1	1	17	23	14	13
AT3G53260	2384	2203	1958	4468	4116	2885
AT3G53270	1134	1013	886	620	568	517
AT3G53280	3008	2624	2508	1863	1640	1470
AT3G53300	0	0	0	1	0	2
AT3G53310	229	218	222	282	222	230
AT3G53320	157	122	105	188	184	139
AT3G53340	918	694	812	322	319	279
AT3G53350	235	187	206	158	145	122
AT3G53360	189	168	78	93	85	78
AT3G53365	49	38	40	27	12	25
AT3G53370	123	148	187	168	129	155
AT3G53380	61	61	72	171	147	136
AT3G53390	1290	1161	883	725	581	617
AT3G53400	859	762	772	830	756	736
AT3G53402	859	762	772	830	756	736
AT3G53410	371	316	277	351	288	307
AT3G53420	8363	7522	12844	20233	18391	15219
AT3G53430	4946	4609	5445	4198	4067	3843
AT3G53440	135	129	110	128	94	118
AT3G53450	8	9	7	7	5	6
AT3G53460	15918	14784	12434	20661	16969	28922
AT3G53470	364	338	720	1050	931	918
AT3G53480	66	46	39	35	48	29
AT3G53490	287	218	231	215	163	160
AT3G53500	2191	2130	2413	1769	1840	1666
AT3G53510	247	228	278	168	159	200
AT3G53520	1774	1566	1197	1302	1163	1191
AT3G53530	58	64	173	246	249	275
AT3G53540	1377	1250	831	981	821	815
AT3G53550	0	1	4	2	0	1
AT3G53560	865	819	634	1317	1079	1182
AT3G53570	684	632	546	712	581	540
AT3G53580	1992	1880	1685	2335	2210	2028
AT3G53590	1	1	2	6	3	1
AT3G53600	62	47	34	38	32	15
AT3G53610	1173	1029	1418	1198	974	937
AT3G53620	493	429	479	681	638	497
AT3G53630	889	833	756	717	611	590
AT3G53650	374	300	520	99	74	64
AT3G53668	1629	1442	1531	1191	1251	1101
AT3G53670	1665	1464	1561	1191	1254	1107
AT3G53680	256	252	224	397	385	303
AT3G53690	150	165	160	32	27	25
AT3G53700	912	777	622	636	505	569
AT3G53710	1624	1462	1270	1766	1369	1430
AT3G53720	573	490	402	381	333	277
AT3G53730	824	818	1936	819	789	657
AT3G53740	2342	2025	3076	3666	3460	2925
AT3G53750	285	241	294	788	727	690
AT3G53760	184	152	127	151	142	161
AT3G53770	0	0	1	0	0	0
AT3G53780	1286	1154	1053	520	432	405
AT3G53790	1	0	1	2	3	1
AT3G53800	427	387	868	2408	2231	2615
AT3G53810	1156	1050	889	1200	965	848
AT3G53820	0	1	0	0	0	0
AT3G53830	266	256	318	425	358	204
AT3G53840	27	13	11	19	6	16
AT3G53850	106	102	129	204	187	202
AT3G53860	93	91	117	63	57	57
AT3G53870	8270	7281	6951	6087	5582	4772
AT3G53880	198	160	160	173	153	112
AT3G53890	3188	2769	3576	2003	2188	1957
AT3G53900	202	201	259	693	650	592
AT3G53920	1053	901	882	1259	1034	1079
AT3G53930	656	566	501	415	387	352
AT3G53940	324	296	199	84	84	76
AT3G53950	260	261	252	271	319	350
AT3G53960	1456	1282	1264	948	892	942
AT3G53970	1986	1888	1677	873	846	744
AT3G53980	110	108	168	13	16	6
AT3G53990	6390	5737	6899	7329	6412	6218
AT3G54000	2123	1894	1711	597	476	415
AT3G54010	2079	1839	1253	1705	1238	1201
AT3G54020	1799	1507	1352	2040	1863	1824
AT3G54030	930	905	649	993	846	741
AT3G54040	19	11	19	23	15	19
AT3G54050	6620	6126	8990	17281	15898	16687
AT3G54060	20	11	39	14	10	15
AT3G54070	8	3	19	0	4	2
AT3G54080	489	442	589	641	510	497
AT3G54085	229	198	293	265	237	212
AT3G54090	595	597	479	826	707	848
AT3G54100	1092	1040	600	857	737	813
AT3G54110	1564	1458	1171	1567	1324	1368
AT3G54120	77	50	73	121	118	119
AT3G54130	513	441	485	242	259	250
AT3G54140	2088	1870	1832	1215	1174	1104
AT3G54150	1641	1377	1143	681	650	659
AT3G54160	80	76	56	33	39	35
AT3G54170	678	644	676	563	428	475
AT3G54180	177	144	204	90	95	74
AT3G54190	1926	1691	1528	1302	1187	1192
AT3G54200	1713	1577	1286	1172	1230	1083
AT3G54210	4162	3932	6003	9999	8935	9877
AT3G54220	794	714	542	738	636	579
AT3G54230	1902	1674	1276	1618	1258	1280
AT3G54240	0	0	0	0	1	1
AT3G54250	76	57	85	201	167	210
AT3G54260	129	93	123	192	160	208
AT3G54270	105	87	97	46	34	43
AT3G54280	1916	1594	894	1644	1480	1382
AT3G54290	599	566	763	504	445	419
AT3G54300	1412	1236	1503	1021	852	862
AT3G54310	0	0	2	1	5	0
AT3G54320	429	369	289	245	205	191
AT3G54340	0	0	1	3	6	2
AT3G54350	1709	1596	1069	1076	987	909
AT3G54360	4150	3748	3987	3477	3298	3249
AT3G54363	56	43	71	49	63	65
AT3G54366	493	415	693	1201	1066	1098
AT3G54380	789	659	677	443	375	400
AT3G54390	79	63	122	147	130	100
AT3G54400	333	311	441	1434	1332	792
AT3G54410	2	0	2	0	0	1
AT3G54420	550	498	408	201	185	154
AT3G54430	81	76	91	142	114	125
AT3G54440	1911	1791	1313	2565	2058	2094
AT3G54450	1	3	3	2	0	1
AT3G54460	1491	1341	722	2251	1783	1647
AT3G54470	1728	1480	1135	1499	1156	977
AT3G54480	1091	965	1182	747	776	711
AT3G54490	2	1	2	6	2	2
AT3G54500	2166	1858	3273	4688	4058	2011
AT3G54510	3	5	6	22	27	8
AT3G54520	45	55	35	0	0	0
AT3G54530	0	2	2	0	0	0
AT3G54540	2803	2676	1861	2403	2019	1998
AT3G54550	3	0	0	1	0	1
AT3G54560	224	236	460	393	416	373
AT3G54570	0	0	0	0	2	3
AT3G54580	0	1	0	0	1	0
AT3G54600	866	802	754	1644	1556	1631
AT3G54610	433	465	321	360	269	275
AT3G54620	3795	3487	3313	2076	1864	1896
AT3G54625	115	94	77	88	82	68
AT3G54630	103	92	64	88	79	64
AT3G54640	4897	4666	4188	4985	4259	2932
AT3G54650	648	614	469	634	566	570
AT3G54660	4350	3971	3844	6185	5229	4534
AT3G54670	1803	1559	939	1200	927	916
AT3G54680	474	434	471	266	181	120
AT3G54690	265	283	295	1034	990	1020
AT3G54710	49	34	54	71	61	52
AT3G54720	304	272	244	821	652	529
AT3G54730	3	6	13	8	4	7
AT3G54740	306	280	322	386	279	206
AT3G54750	276	251	227	481	437	345
AT3G54760	2525	2279	1372	1593	1370	1296
AT3G54770	0	0	0	1	1	0
AT3G54780	69	49	64	48	54	57
AT3G54790	616	539	512	1135	886	988
AT3G54800	1	1	1	0	0	0
AT3G54810	21180	19279	14508	9117	7391	6736
AT3G54820	266	249	320	219	209	155
AT3G54826	741	591	849	572	489	507
AT3G54830	251	267	243	516	568	557
AT3G54840	1870	1704	1938	1166	1224	1128
AT3G54850	1136	1011	793	723	569	582
AT3G54860	926	836	803	905	818	858
AT3G54870	13	10	18	14	7	4
AT3G54880	585	451	772	681	604	506
AT3G54890	31371	31088	79352	204826	182013	162373
AT3G54900	1286	1136	2270	3637	2725	2680
AT3G54910	179	147	175	234	244	207
AT3G54920	1371	1135	1296	3038	2540	2805
AT3G54930	74	55	40	161	111	113
AT3G54950	801	662	429	363	397	309
AT3G54960	2074	1903	1293	850	756	715
AT3G54970	172	176	145	208	162	152
AT3G54980	497	466	280	223	166	181
AT3G54990	32	28	22	20	17	22
AT3G55000	778	668	720	505	415	408
AT3G55005	845	831	798	539	389	437
AT3G55010	1114	864	749	688	552	512
AT3G55020	1639	1515	1268	2195	1893	1902
AT3G55030	514	511	581	546	504	480
AT3G55040	1363	1261	1318	2052	1896	1921
AT3G55050	1381	1249	869	1269	1014	1057
AT3G55060	110	97	70	109	103	71
AT3G55070	902	824	827	824	733	731
AT3G55080	452	456	496	600	537	496
AT3G55090	51	43	46	47	43	58
AT3G55100	3	2	1	2	2	0
AT3G55110	321	297	228	128	82	52
AT3G55120	135	139	155	204	161	114
AT3G55130	1368	1240	1475	1767	1523	1160
AT3G55140	493	449	564	678	606	582
AT3G55150	4	5	0	3	2	1
AT3G55160	1007	889	331	501	478	436
AT3G55170	640	560	726	502	541	441
AT3G55200	2021	1692	854	1151	939	957
AT3G55210	5	3	3	2	9	2
AT3G55220	1947	1971	1298	1144	971	963
AT3G55230	0	0	3	20	11	10
AT3G55240	109	121	388	1687	1281	1067
AT3G55250	1270	1146	1465	2216	1976	1941
AT3G55260	1093	1019	993	1539	1274	1407
AT3G55270	3987	3555	2409	2239	1837	1601
AT3G55280	1192	988	1044	1548	1506	1289
AT3G55290	132	94	175	339	247	151
AT3G55310	19	19	18	66	34	32
AT3G55320	1138	1027	575	815	696	745
AT3G55330	792	757	1227	2447	2490	2870
AT3G55340	697	587	430	248	177	169
AT3G55350	151	150	127	238	223	243
AT3G55360	1296	1226	1175	1759	1659	1571
AT3G55370	82	80	102	98	81	67
AT3G55380	917	772	950	447	474	406
AT3G55390	133	139	146	127	125	158
AT3G55400	2192	2066	1413	2259	1838	1934
AT3G55410	7727	6977	3552	5077	4564	4542
AT3G55420	76	76	110	302	253	244
AT3G55430	19761	19554	11666	9467	8777	8313
AT3G55440	12327	11328	10496	13075	12574	12889
AT3G55450	2231	1989	1556	1340	1137	1593
AT3G55460	2042	1930	2030	1948	1782	1710
AT3G55470	1436	1325	1231	532	521	454
AT3G55480	1443	1265	987	1165	1054	1008
AT3G55485	0	0	6	0	2	1
AT3G55490	226	221	273	160	151	143
AT3G55500	27	18	64	171	172	320
AT3G55510	763	732	449	386	339	353
AT3G55515	6	4	7	10	10	4
AT3G55520	1097	914	1136	1003	844	812
AT3G55530	531	509	735	413	440	360
AT3G55540	6	10	5	1	0	0
AT3G55550	8	8	0	0	0	0
AT3G55560	934	932	827	515	381	410
AT3G55580	82	68	106	134	133	79
AT3G55590	0	0	0	0	0	1
AT3G55600	372	324	342	275	255	202
AT3G55605	326	268	295	136	137	127
AT3G55610	8956	7833	4046	4846	4325	3866
AT3G55620	4114	3620	3159	1516	1475	1403
AT3G55630	688	614	959	1042	895	1339
AT3G55640	678	577	549	302	248	252
AT3G55646	267	245	470	312	247	268
AT3G55650	1	0	1	2	1	2
AT3G55660	38	35	29	121	105	108
AT3G55677	0	1	0	0	0	0
AT3G55690	224	210	305	107	70	69
AT3G55700	140	135	163	15	5	10
AT3G55710	47	38	60	121	98	86
AT3G55720	0	2	3	7	7	9
AT3G55730	241	225	212	90	79	68
AT3G55734	6	3	3	2	1	0
AT3G55740	1078	952	1076	447	423	356
AT3G55750	2080	1800	2199	2709	2032	1853
AT3G55760	1683	1553	1055	1640	1331	1543
AT3G55770	2379	2053	2790	3245	3409	3026
AT3G55780	0	0	0	3	0	2
AT3G55790	1	1	2	0	0	0
AT3G55800	6993	6248	9409	16995	14767	14527
AT3G55810	0	1	0	0	0	0
AT3G55820	76	78	58	72	47	53
AT3G55830	1865	1682	1580	1574	1350	1363
AT3G55840	1607	1454	1489	2306	2015	1755
AT3G55850	869	799	755	848	655	650
AT3G55860	5	4	5	0	1	0
AT3G55880	2116	1900	2051	2236	1838	1457
AT3G55890	338	286	264	47	42	36
AT3G55900	136	120	120	19	20	15
AT3G55910	171	145	199	15	27	24
AT3G55920	282	209	307	503	386	393
AT3G55930	1	0	0	0	0	0
AT3G55940	22	16	22	128	130	92
AT3G55950	1425	1290	592	1281	970	833
AT3G55960	2305	2227	2116	1954	1813	1406
AT3G55970	1079	1036	1068	989	746	332
AT3G55980	44246	39056	29796	42837	37890	37166
AT3G55990	29	25	35	68	48	56
AT3G56000	68	60	86	149	96	133
AT3G56010	1402	1222	1788	2157	1732	2077
AT3G56020	917	836	1372	603	950	795
AT3G56030	201	152	129	100	86	71
AT3G56040	2199	2046	1562	3045	2528	2563
AT3G56050	6860	6312	5543	7635	6427	6181
AT3G56060	825	790	913	1533	1285	1821
AT3G56070	1183	1084	1197	792	712	583
AT3G56080	1059	947	931	753	651	399
AT3G56085	0	0	0	0	1	0
AT3G56090	1271	1163	766	1038	1062	1047
AT3G56100	14	10	14	63	35	41
AT3G56110	941	882	794	567	658	676
AT3G56120	598	494	384	389	362	354
AT3G56130	829	720	1099	1363	1185	1143
AT3G56140	1919	1754	1354	2000	1634	1694
AT3G56150	9411	8726	5227	5924	5000	4934
AT3G56160	395	426	546	1064	891	973
AT3G56170	992	896	960	585	423	426
AT3G56190	5001	4376	3981	4744	4120	3944
AT3G56200	2395	2219	1823	2534	2224	1365
AT3G56210	996	837	1071	825	734	530
AT3G56220	3	4	13	39	37	18
AT3G56230	2	3	4	2	3	4
AT3G56240	2609	2403	4887	2719	2787	2625
AT3G56250	105	100	82	20	17	22
AT3G56260	133	116	197	86	78	71
AT3G56270	150	125	115	187	190	150
AT3G56290	486	405	1026	667	589	293
AT3G56300	101	61	101	59	54	51
AT3G56310	3949	3502	3031	3121	2695	2260
AT3G56320	425	329	279	198	181	126
AT3G56330	164	153	133	212	136	170
AT3G56340	3367	3349	2728	2596	2720	2331
AT3G56350	3	3	2	0	0	0
AT3G56360	6711	6342	7350	8710	7819	7599
AT3G56370	366	315	255	916	808	780
AT3G56380	0	1	4	4	0	1
AT3G56400	13340	12051	13371	7548	6881	9866
AT3G56408	3141	2829	1416	3918	2972	3086
AT3G56410	3103	2808	1396	3885	2952	3061
AT3G56420	2	2	0	0	2	1
AT3G56430	454	433	334	367	291	299
AT3G56440	200	149	167	177	180	160
AT3G56450	425	349	361	233	198	203
AT3G56460	3120	2841	2574	2433	2187	2165
AT3G56470	214	166	199	111	105	116
AT3G56480	736	610	522	590	443	512
AT3G56490	1746	1596	1832	1104	1099	935
AT3G56500	12	6	10	12	11	5
AT3G56510	956	830	945	578	511	457
AT3G56540	3	3	0	8	2	5
AT3G56550	46	55	19	25	29	22
AT3G56560	1	0	0	0	0	0
AT3G56570	114	101	84	58	54	34
AT3G56580	599	561	535	565	443	482
AT3G56590	813	732	514	1205	993	960
AT3G56600	3	2	0	9	9	8
AT3G56620	59	69	97	96	85	102
AT3G56630	956	912	932	671	548	627
AT3G56640	376	280	239	222	239	223
AT3G56650	737	626	1388	1732	1497	1771
AT3G56660	4	9	6	11	13	10
AT3G56680	1470	1263	1564	2430	1970	2174
AT3G56690	950	847	466	519	493	432
AT3G56700	7	12	3	13	7	6
AT3G56705	93	93	128	4	5	5
AT3G56710	3850	3621	3977	3567	3269	3852
AT3G56720	1630	1510	1234	1571	1179	1376
AT3G56730	12	11	16	19	16	6
AT3G56740	641	620	563	502	499	429
AT3G56750	660	535	621	892	712	768
AT3G56760	393	325	258	394	349	344
AT3G56770	31	24	43	10	9	22
AT3G56780	13	12	9	6	5	8
AT3G56790	160	164	123	132	88	89
AT3G56800	8172	7314	8013	9213	8526	8051
AT3G56810	123	98	158	152	143	141
AT3G56820	350	334	357	196	184	177
AT3G56825	181	167	195	15	14	10
AT3G56830	146	133	177	152	150	144
AT3G56840	1932	1803	1738	295	271	292
AT3G56850	799	742	670	619	512	500
AT3G56860	2917	2691	2299	2016	1794	1840
AT3G56870	121	110	108	93	84	106
AT3G56880	9821	9077	9433	13740	11889	13198
AT3G56890	6	14	4	1	4	4
AT3G56891	245	204	260	2	2	2
AT3G56900	235	206	161	228	195	153
AT3G56910	2902	2536	4890	6762	6913	6887
AT3G56920	3	5	3	0	2	0
AT3G56930	243	190	174	334	290	303
AT3G56940	14609	13663	23048	57142	48544	38465
AT3G56950	887	817	908	499	443	447
AT3G56960	209	207	101	216	170	169
AT3G56970	17	8	20	8	14	10
AT3G56980	5	4	13	10	6	13
AT3G56990	1202	1084	664	474	344	326
AT3G57000	1101	989	884	489	430	363
AT3G57010	18	14	8	61	40	39
AT3G57020	392	364	483	494	373	223
AT3G57030	811	732	867	970	902	671
AT3G57040	187	180	331	572	472	328
AT3G57050	2251	1935	1930	2698	2348	2136
AT3G57060	167	163	112	267	256	230
AT3G57062	397	356	584	589	605	645
AT3G57070	583	575	736	1000	780	735
AT3G57072	0	0	1	1	0	3
AT3G57080	318	290	474	373	325	296
AT3G57090	2405	2244	2862	1447	1330	1280
AT3G57100	6	6	6	3	3	4
AT3G57110	3	1	6	11	5	8
AT3G57120	520	432	376	585	526	490
AT3G57130	9	7	10	32	15	5
AT3G57140	206	168	168	209	205	186
AT3G57150	3738	3487	2167	1858	1514	1322
AT3G57157	61	56	102	33	25	32
AT3G57160	26	35	31	28	13	38
AT3G57170	985	893	714	918	807	858
AT3G57180	385	332	229	482	409	408
AT3G57190	635	596	741	490	458	548
AT3G57200	8	3	4	26	44	32
AT3G57210	1	5	8	9	14	6
AT3G57220	530	417	326	425	392	505
AT3G57230	1059	887	1017	804	706	696
AT3G57240	415	399	312	781	673	1082
AT3G57260	62927	60447	44975	12079	10287	8492
AT3G57270	85	71	48	53	29	30
AT3G57280	2269	2031	2117	1681	1551	1657
AT3G57290	2754	2456	2124	2643	2429	2246
AT3G57300	2624	2178	1308	2563	2086	1981
AT3G57310	2	1	2	0	0	1
AT3G57320	177	152	303	279	309	263
AT3G57330	8281	7562	4391	6005	5194	5444
AT3G57340	1966	1761	1849	1268	1164	1071
AT3G57350	575	538	403	377	349	354
AT3G57360	152	129	97	49	52	45
AT3G57370	4	3	1	2	0	0
AT3G57380	603	511	551	12	10	10
AT3G57390	636	548	648	329	188	210
AT3G57400	1671	1709	1790	1938	1756	1343
AT3G57410	5076	4580	3358	5172	4210	4531
AT3G57420	647	567	374	643	539	598
AT3G57430	363	332	210	317	288	373
AT3G57440	8	6	16	15	13	9
AT3G57450	10967	9540	10924	6909	7700	7476
AT3G57460	476	494	467	273	205	193
AT3G57470	1521	1313	1268	2269	1814	1698
AT3G57480	450	431	457	312	282	276
AT3G57490	1045	947	886	341	333	315
AT3G57500	10	10	10	20	35	8
AT3G57510	252	254	29	6	0	2
AT3G57520	12990	11523	6519	6034	5465	5465
AT3G57530	10954	9962	7204	14845	11362	11335
AT3G57540	389	352	383	355	246	198
AT3G57550	4375	3979	2708	2484	1860	1699
AT3G57560	795	737	552	849	808	865
AT3G57570	1129	1050	659	637	506	494
AT3G57580	150	134	92	103	107	107
AT3G57590	191	201	171	141	120	115
AT3G57600	69	48	92	104	79	90
AT3G57610	3531	3075	1968	2049	2203	2217
AT3G57620	0	0	0	1	1	0
AT3G57630	690	629	438	759	620	557
AT3G57640	700	620	605	656	570	568
AT3G57645	33	30	36	17	14	26
AT3G57650	1763	1572	1211	1487	1273	1193
AT3G57660	2010	1738	603	871	727	649
AT3G57670	11	10	7	23	27	12
AT3G57680	126	111	145	136	133	92
AT3G57690	0	2	1	0	2	0
AT3G57700	396	371	268	90	87	100
AT3G57710	983	883	700	400	314	351
AT3G57720	128	97	120	109	79	97
AT3G57730	322	231	171	312	315	300
AT3G57740	54	52	48	61	51	51
AT3G57750	416	383	423	592	468	435
AT3G57760	307	265	249	393	313	331
AT3G57765	226	210	194	52	54	67
AT3G57770	214	196	202	129	121	140
AT3G57780	231	190	125	665	502	463
AT3G57785	740	679	822	630	681	734
AT3G57790	395	333	369	417	402	435
AT3G57800	960	891	1015	1029	1008	1204
AT3G57810	494	471	600	416	393	348
AT3G57830	46	40	63	130	101	88
AT3G57860	45	33	57	79	60	51
AT3G57870	3284	3003	4128	3304	2841	2602
AT3G57880	2808	2492	1453	1581	1415	1248
AT3G57890	2588	2422	1787	2108	1691	1703
AT3G57900	0	0	0	0	1	0
AT3G57910	150	132	182	143	93	102
AT3G57920	5	5	15	30	45	23
AT3G57930	1991	1741	1945	2249	1902	1904
AT3G57940	646	654	319	289	237	225
AT3G57950	104	66	114	25	23	10
AT3G57958	2	0	0	0	0	0
AT3G57960	0	3	0	0	1	0
AT3G57965	246	250	210	343	284	349
AT3G57970	176	195	112	251	221	233
AT3G57980	241	265	154	284	239	265
AT3G57990	1635	1610	1625	1206	1080	1233
AT3G58000	33	11	50	34	33	27
AT3G58010	705	641	715	1086	992	1147
AT3G58020	315	267	299	376	285	279
AT3G58030	1601	1439	1552	1373	986	998
AT3G58040	1051	944	938	659	546	534
AT3G58050	1508	1213	864	1299	1093	1087
AT3G58060	3	0	0	1	0	0
AT3G58070	1	6	7	24	14	16
AT3G58090	159	129	179	208	141	153
AT3G58100	33	24	40	84	73	84
AT3G58110	1709	1473	1224	1188	880	970
AT3G58120	178	160	527	1538	1256	1339
AT3G58130	187	147	218	237	232	241
AT3G58140	2763	2394	2215	3367	2833	2916
AT3G58150	47	40	42	13	8	12
AT3G58160	243	220	157	372	328	322
AT3G58165	1	1	5	0	1	0
AT3G58170	748	714	920	936	904	820
AT3G58180	789	646	685	404	366	360
AT3G58193	0	0	3	0	0	0
AT3G58196	0	1	0	0	0	1
AT3G58200	119	112	95	56	76	70
AT3G58210	0	1	0	0	0	0
AT3G58220	507	485	490	509	369	380
AT3G58270	1959	1662	1886	191	195	162
AT3G58280	3	3	1	0	0	0
AT3G58290	0	0	0	2	0	0
AT3G58350	17	7	20	27	22	10
AT3G58380	11	14	18	12	14	16
AT3G58420	0	0	0	2	0	0
AT3G58430	155	152	167	140	114	76
AT3G58450	1	0	0	0	1	0
AT3G58460	1392	1292	1462	1065	1000	1033
AT3G58470	598	515	640	386	374	372
AT3G58480	2	0	0	4	9	4
AT3G58490	1582	1289	1484	2019	1964	1659
AT3G58500	4008	3604	3486	3629	3425	3044
AT3G58510	2689	2469	1474	1363	1300	1284
AT3G58520	127	162	65	99	58	92
AT3G58530	810	688	726	530	487	497
AT3G58540	18	8	13	3	15	8
AT3G58550	90	73	85	11	3	4
AT3G58560	2862	2543	1741	2048	1864	1758
AT3G58570	2393	2009	1189	1108	964	1459
AT3G58580	1453	1233	846	891	781	749
AT3G58590	158	168	66	103	63	90
AT3G58600	1050	893	966	822	709	668
AT3G58610	13575	12759	8964	9803	8907	9118
AT3G58620	169	169	247	522	427	512
AT3G58630	245	275	242	193	207	199
AT3G58640	2648	2441	1932	2422	2027	1898
AT3G58650	47	38	44	136	112	131
AT3G58660	1656	1505	1006	687	539	527
AT3G58670	673	594	572	647	596	544
AT3G58680	5971	5768	6515	3615	3446	4031
AT3G58690	307	259	340	280	289	321
AT3G58700	1007	933	938	1038	975	810
AT3G58710	269	213	280	383	369	260
AT3G58720	141	120	115	198	179	147
AT3G58730	4466	3941	3741	5106	4335	4845
AT3G58740	1	0	0	0	0	0
AT3G58750	2369	2031	1483	1739	1645	1631
AT3G58760	1150	960	722	943	701	744
AT3G58770	22	19	12	18	28	16
AT3G58780	56	51	59	72	68	102
AT3G58790	798	670	423	1087	990	994
AT3G58795	88	67	44	96	86	88
AT3G58800	83	59	60	110	95	102
AT3G58810	20	13	25	44	24	33
AT3G58820	84	72	87	127	113	123
AT3G58830	551	481	510	742	629	659
AT3G58840	570	494	434	477	337	389
AT3G58850	135	124	166	198	149	138
AT3G58860	0	0	0	1	1	0
AT3G58900	281	264	308	280	295	290
AT3G58930	237	218	181	134	115	115
AT3G58940	142	125	87	200	176	161
AT3G58950	2	1	3	0	1	0
AT3G58970	1231	1123	1248	928	868	833
AT3G58980	103	78	108	141	124	137
AT3G58990	888	849	806	1140	1043	992
AT3G59000	194	150	161	180	134	139
AT3G59010	147	153	280	485	463	385
AT3G59020	5231	4680	2641	3051	2679	2801
AT3G59030	4	4	1	1	1	2
AT3G59040	805	684	660	1149	939	946
AT3G59050	1693	1557	1453	1255	1099	982
AT3G59052	1693	1557	1453	1255	1099	982
AT3G59060	5024	4727	4935	6277	5333	4410
AT3G59068	30	42	63	16	29	19
AT3G59070	30	38	64	13	28	16
AT3G59080	2638	2488	1575	3322	2924	2934
AT3G59090	940	789	982	1052	898	919
AT3G59100	453	379	219	316	248	279
AT3G59110	643	575	678	1165	1008	1076
AT3G59120	46	40	108	50	61	72
AT3G59140	559	504	304	240	210	227
AT3G59150	403	333	301	134	149	129
AT3G59160	1	1	0	0	0	0
AT3G59190	24	21	35	7	5	5
AT3G59200	13	12	28	20	16	11
AT3G59210	621	559	648	552	602	560
AT3G59220	27	15	37	14	20	23
AT3G59230	0	0	0	2	1	2
AT3G59250	1	4	7	21	17	33
AT3G59260	0	0	2	0	1	0
AT3G59270	8	9	11	21	21	16
AT3G59280	2091	1789	1892	939	810	782
AT3G59290	1052	964	530	950	782	831
AT3G59300	1822	1679	1738	2084	1930	2032
AT3G59310	1087	989	1241	2168	1918	2196
AT3G59320	291	261	352	378	339	358
AT3G59330	201	200	144	245	228	241
AT3G59340	0	0	0	1	1	0
AT3G59350	13987	12022	5678	6667	5975	11853
AT3G59360	1373	1200	870	985	912	878
AT3G59370	0	0	0	2	0	3
AT3G59380	991	915	895	822	671	596
AT3G59390	156	144	171	113	117	110
AT3G59400	1002	906	2676	5188	4441	2938
AT3G59410	1387	1226	663	1243	1064	982
AT3G59420	162	151	104	329	285	295
AT3G59430	262	242	222	174	154	140
AT3G59440	2	0	4	7	5	6
AT3G59450	3	2	6	7	6	2
AT3G59460	1	0	0	0	1	0
AT3G59470	219	219	206	236	180	188
AT3G59480	36	33	60	16	23	21
AT3G59490	408	397	567	430	360	354
AT3G59500	1403	1291	1370	729	710	711
AT3G59510	18	22	26	17	11	5
AT3G59520	234	216	205	192	173	156
AT3G59530	133	107	134	153	108	85
AT3G59540	2532	2169	2667	1615	1870	1684
AT3G59550	107	88	94	122	92	97
AT3G59570	267	263	169	277	260	245
AT3G59580	88	102	82	122	86	91
AT3G59600	977	932	1135	977	799	808
AT3G59610	1	1	0	0	0	0
AT3G59620	10	12	15	21	16	1
AT3G59630	578	513	445	359	317	251
AT3G59640	625	596	541	282	226	234
AT3G59650	102	126	135	198	172	184
AT3G59660	2741	2449	1904	1849	1500	1490
AT3G59670	844	728	484	349	261	247
AT3G59680	10	16	29	55	49	52
AT3G59690	157	136	161	186	158	136
AT3G59695	128	112	144	155	130	113
AT3G59700	1460	1261	946	760	508	508
AT3G59710	10	8	23	50	46	35
AT3G59730	2	1	0	5	4	0
AT3G59740	1	1	1	10	5	4
AT3G59750	46	46	29	67	44	30
AT3G59760	1246	1074	911	1650	1438	1291
AT3G59765	18	11	24	77	48	50
AT3G59770	3377	2940	1595	2362	2097	2215
AT3G59780	3586	3261	3482	8319	7692	7923
AT3G59790	1	0	1	4	4	1
AT3G59800	271	256	355	240	201	203
AT3G59810	512	456	591	488	411	388
AT3G59820	2221	1880	679	881	741	1158
AT3G59830	2	1	3	11	3	4
AT3G59840	262	243	334	225	288	274
AT3G59850	5	1	8	1	4	4
AT3G59870	528	452	435	802	663	720
AT3G59880	240	241	367	164	137	124
AT3G59884	14	3	11	1	0	4
AT3G59890	76	67	47	197	178	143
AT3G59900	11	20	23	60	44	37
AT3G59910	1536	1422	1188	1120	1057	1041
AT3G59920	6208	5579	4248	4067	3687	3609
AT3G59926	0	0	1	0	0	0
AT3G59930	236	218	257	23	30	26
AT3G59940	1989	1945	3489	2582	2422	2315
AT3G59950	1528	1373	1416	1101	974	970
AT3G59960	0	0	0	1	0	0
AT3G59970	3231	2830	2679	9313	8035	7628
AT3G59980	805	773	918	1010	1013	1213
AT3G59990	3385	3056	2400	2198	1884	1798
AT3G60000	0	0	0	1	3	1
AT3G60010	9	10	2	3	0	0
AT3G60020	0	1	1	0	1	0
AT3G60030	2251	2058	1784	2963	2629	2637
AT3G60040	156	157	193	129	127	126
AT3G60050	187	154	178	186	118	158
AT3G60060	1	0	0	0	0	0
AT3G60070	304	243	234	186	168	139
AT3G60080	444	414	482	400	355	241
AT3G60090	2	2	1	0	0	0
AT3G60100	0	8	2	0	0	0
AT3G60110	321	348	227	209	142	170
AT3G60120	100	77	60	110	65	16
AT3G60130	1463	1292	826	1759	1542	1858
AT3G60140	3743	3221	552	61	48	38
AT3G60150	51	61	69	118	131	110
AT3G60160	4145	3669	1702	277	231	205
AT3G60176	0	0	0	1	1	0
AT3G60180	357	272	362	476	400	392
AT3G60190	5026	4293	3420	3130	3018	2940
AT3G60200	177	141	210	274	249	241
AT3G60210	282	334	477	793	744	816
AT3G60220	25	22	46	91	59	57
AT3G60240	5311	4779	2460	4409	3747	3550
AT3G60245	5721	5598	5780	6784	5444	4836
AT3G60250	2860	2511	2804	969	899	897
AT3G60260	805	708	500	704	658	630
AT3G60286	23	26	36	20	26	24
AT3G60290	56	78	214	598	519	453
AT3G60300	1647	1544	2053	3348	2642	2501
AT3G60310	379	331	259	223	190	221
AT3G60318	1	1	2	3	2	1
AT3G60320	2011	1751	1526	4550	3753	5026
AT3G60328	1	2	0	0	0	1
AT3G60330	70	48	44	34	29	16
AT3G60340	1681	1489	1909	1543	1400	1295
AT3G60350	1134	1004	709	1004	956	919
AT3G60360	428	418	367	297	221	197
AT3G60370	492	451	654	719	680	790
AT3G60380	470	399	372	1151	924	1001
AT3G60390	84	89	154	385	331	306
AT3G60400	333	287	262	180	188	176
AT3G60410	960	920	976	805	736	703
AT3G60420	5423	5226	4909	1103	902	1094
AT3G60440	319	277	230	503	433	447
AT3G60450	675	567	590	418	367	359
AT3G60470	113	136	103	26	34	20
AT3G60480	190	223	274	215	252	198
AT3G60490	6	8	7	20	17	12
AT3G60500	759	665	635	473	451	408
AT3G60510	218	216	206	280	260	249
AT3G60520	513	430	597	405	361	264
AT3G60530	343	321	608	1344	1053	1088
AT3G60540	234	198	180	133	126	82
AT3G60550	15	12	39	191	162	132
AT3G60580	114	86	135	106	80	49
AT3G60590	765	728	676	699	604	656
AT3G60600	2466	2273	2701	2980	2357	2170
AT3G60620	403	297	390	545	511	554
AT3G60630	481	506	442	605	544	594
AT3G60640	516	481	521	222	216	171
AT3G60647	0	0	1	0	1	0
AT3G60650	0	0	7	4	3	1
AT3G60660	185	137	127	66	79	41
AT3G60670	44	42	52	37	35	22
AT3G60680	149	105	160	165	122	120
AT3G60690	1669	1489	2100	919	715	736
AT3G60700	11	8	6	12	17	11
AT3G60710	52	50	30	45	37	54
AT3G60720	80	72	70	61	58	48
AT3G60730	12	7	7	19	11	13
AT3G60740	668	618	375	828	744	763
AT3G60750	34042	30818	25886	42864	38833	47046
AT3G60760	1	1	2	0	1	0
AT3G60770	5562	4929	5540	4504	4153	3778
AT3G60780	1	0	0	0	0	0
AT3G60800	1243	1112	846	778	770	773
AT3G60810	448	376	551	910	676	724
AT3G60820	3636	3326	3244	2796	2636	2418
AT3G60830	688	576	633	414	361	435
AT3G60840	37	32	43	95	97	98
AT3G60850	725	594	467	527	390	426
AT3G60860	3013	2703	1796	2621	2358	2294
AT3G60880	939	812	584	542	466	393
AT3G60890	2	2	14	23	19	11
AT3G60900	11	17	15	61	47	35
AT3G60910	453	364	520	449	426	423
AT3G60920	3	11	5	3	0	4
AT3G60940	10	9	6	20	13	10
AT3G60950	2	0	0	0	2	1
AT3G60960	441	367	288	151	155	131
AT3G60961	614	565	395	342	304	258
AT3G60966	258	247	188	43	54	37
AT3G60970	610	630	355	8	9	13
AT3G60972	1	0	1	4	2	2
AT3G60980	837	760	795	498	387	397
AT3G60990	0	0	0	2	4	3
AT3G61010	1577	1384	1012	1810	1564	1539
AT3G61028	4	4	2	9	11	3
AT3G61030	0	2	0	0	0	0
AT3G61035	2	0	1	0	0	1
AT3G61050	2394	2151	2083	2921	2539	2426
AT3G61060	1606	1462	2779	2371	2091	1757
AT3G61070	1664	1590	2251	1619	1467	1378
AT3G61080	380	315	496	1324	979	1087
AT3G61090	34	34	25	10	6	6
AT3G61100	184	155	160	200	153	151
AT3G61110	4385	3813	5212	3430	3000	2549
AT3G61111	5	2	2	0	0	0
AT3G61113	26	16	28	29	27	31
AT3G61118	1	0	4	1	1	0
AT3G61120	3	0	0	2	3	2
AT3G61130	1670	1452	1107	3100	2665	2753
AT3G61140	1914	1693	1536	835	755	676
AT3G61150	812	740	586	691	620	749
AT3G61160	209	179	274	350	302	319
AT3G61170	48	55	39	31	29	33
AT3G61180	1168	1104	1306	1115	1052	1071
AT3G61182	0	1	0	0	0	0
AT3G61190	6499	5892	5766	3219	2633	2529
AT3G61198	177	156	193	45	44	40
AT3G61200	1009	901	1034	1122	1091	975
AT3G61210	827	739	1354	1270	1027	1137
AT3G61220	1720	1363	2050	885	685	524
AT3G61230	6	1	4	0	1	1
AT3G61240	2343	2066	1462	1546	1357	1344
AT3G61250	17	26	22	42	28	10
AT3G61260	1589	1507	2843	5563	4724	5552
AT3G61270	6	5	5	3	2	3
AT3G61280	4847	4251	3020	2489	2068	2235
AT3G61300	18	20	12	6	7	8
AT3G61310	487	463	465	615	553	509
AT3G61320	473	384	350	396	332	332
AT3G61340	45	48	23	4	1	2
AT3G61350	123	118	102	133	113	134
AT3G61360	124	108	72	81	58	57
AT3G61370	121	140	153	176	129	136
AT3G61380	171	160	145	217	172	223
AT3G61390	62	54	57	11	9	4
AT3G61400	0	1	2	0	0	0
AT3G61410	31	26	34	24	17	12
AT3G61415	486	451	498	407	350	336
AT3G61420	563	495	715	1078	933	743
AT3G61430	3439	3205	5331	6764	6664	5175
AT3G61440	13679	12262	11862	16236	12486	10438
AT3G61450	13	25	8	14	4	6
AT3G61460	669	603	1080	1034	784	722
AT3G61470	40219	39687	77472	161077	150373	147206
AT3G61480	1456	1234	804	1231	1032	1025
AT3G61490	66	58	121	125	139	80
AT3G61510	0	0	0	3	2	2
AT3G61520	381	336	172	212	184	227
AT3G61530	781	688	554	430	334	359
AT3G61540	1022	976	829	938	830	764
AT3G61545	1	0	0	0	0	0
AT3G61550	94	92	230	293	316	280
AT3G61560	363	318	403	359	309	301
AT3G61570	707	629	474	495	354	377
AT3G61571	0	0	0	3	0	1
AT3G61580	7573	6890	6803	11835	10541	10809
AT3G61590	95	93	95	171	134	131
AT3G61600	3168	2897	3301	2385	2181	1960
AT3G61610	76	52	112	221	166	144
AT3G61620	619	467	620	267	262	256
AT3G61630	4193	3794	4372	769	677	641
AT3G61640	2411	2077	1579	1696	1597	1500
AT3G61650	212	201	149	265	200	174
AT3G61660	1	0	3	0	0	0
AT3G61670	1054	970	648	945	822	680
AT3G61680	17	21	11	18	21	13
AT3G61690	2147	1982	1193	1503	1297	1327
AT3G61700	1017	868	753	1088	850	920
AT3G61710	1197	1034	928	759	709	636
AT3G61730	2	0	0	0	0	1
AT3G61740	553	491	333	484	378	316
AT3G61750	12	19	35	99	74	68
AT3G61760	67	70	46	55	49	49
AT3G61770	711	543	700	562	564	574
AT3G61780	634	494	285	745	601	602
AT3G61790	1089	1038	1005	862	731	730
AT3G61800	795	668	436	528	444	417
AT3G61810	37	38	14	59	49	62
AT3G61820	556	536	638	1368	1222	1327
AT3G61827	0	0	0	2	0	1
AT3G61829	0	0	0	1	0	0
AT3G61830	288	307	272	887	652	596
AT3G61840	8	14	35	38	31	20
AT3G61850	201	178	176	181	116	126
AT3G61860	2204	1971	1955	1329	1189	1148
AT3G61870	2024	1850	2410	5561	4990	4685
AT3G61880	54	41	102	133	113	56
AT3G61890	1045	994	1458	485	350	217
AT3G61897	1	6	1	1	0	0
AT3G61898	3	10	16	13	12	11
AT3G61900	29	30	68	35	26	18
AT3G61910	0	1	2	0	2	0
AT3G61920	2	2	12	9	4	17
AT3G61930	94	103	41	12	20	6
AT3G61940	0	1	0	0	0	1
AT3G61950	7	12	23	60	49	54
AT3G61960	6949	6271	4726	1244	1059	943
AT3G61970	158	149	204	131	128	164
AT3G61980	776	784	867	294	336	329
AT3G61990	419	434	644	425	411	310
AT3G62000	215	193	249	276	262	232
AT3G62010	3177	2848	1740	4702	3923	3446
AT3G62020	37	25	47	48	50	45
AT3G62030	2990	2655	4429	12710	12659	14308
AT3G62040	13	10	12	12	9	16
AT3G62050	40	26	29	39	28	37
AT3G62060	83	70	81	187	177	138
AT3G62070	47	43	84	132	105	97
AT3G62080	334	275	261	349	302	313
AT3G62090	121	93	109	131	124	86
AT3G62100	3	7	19	22	8	7
AT3G62110	398	330	392	1185	992	1167
AT3G62120	3464	3048	2485	3405	2896	2931
AT3G62130	1314	1177	1002	595	570	462
AT3G62140	449	444	453	376	287	246
AT3G62150	1345	1229	573	2224	1788	2234
AT3G62160	20	15	22	36	29	41
AT3G62180	1	0	0	0	0	0
AT3G62190	911	856	1362	782	651	644
AT3G62200	1002	921	322	445	316	330
AT3G62210	13	17	11	3	0	0
AT3G62220	550	518	628	510	478	416
AT3G62230	0	0	0	0	0	1
AT3G62240	1930	1670	1097	1117	932	937
AT3G62250	5500	5275	5146	6551	6506	5808
AT3G62260	5129	4747	3678	2395	2068	1543
AT3G62270	197	167	81	90	67	100
AT3G62280	4	6	9	3	5	4
AT3G62290	8190	7785	11284	13667	11406	10870
AT3G62300	438	405	322	541	470	391
AT3G62310	3242	2999	2061	1378	1198	1126
AT3G62320	3	1	8	0	0	3
AT3G62330	1357	1119	906	719	609	562
AT3G62360	2973	2589	1359	2692	2269	2526
AT3G62370	793	693	728	890	808	955
AT3G62380	3	3	1	0	0	0
AT3G62390	61	76	137	348	263	207
AT3G62400	954	815	1536	857	975	933
AT3G62410	3104	2926	4863	7844	6889	8706
AT3G62420	3752	3158	4078	3293	2995	2779
AT3G62422	3752	3158	4078	3293	2995	2779
AT3G62430	12	20	9	8	18	6
AT3G62440	1	0	3	0	0	0
AT3G62450	354	285	361	344	281	281
AT3G62460	341	383	272	94	75	71
AT3G62470	141	108	123	194	150	175
AT3G62499	9	2	3	13	12	17
AT3G62500	102	64	68	98	90	90
AT3G62510	16	12	27	40	18	12
AT3G62528	0	0	0	0	2	0
AT3G62530	3665	3315	3241	5631	4877	4642
AT3G62540	99	79	72	108	98	71
AT3G62550	2658	2420	6357	6560	5522	6814
AT3G62560	1638	1442	2033	1144	1157	967
AT3G62570	52	59	42	63	61	47
AT3G62580	2534	2269	2439	2396	2233	2040
AT3G62590	1258	1070	662	247	208	167
AT3G62600	2793	2341	1718	2047	1593	1502
AT3G62610	0	0	0	1	0	1
AT3G62620	205	173	246	140	130	134
AT3G62630	173	162	363	732	652	675
AT3G62640	2	2	1	2	1	0
AT3G62650	1302	1235	2061	1603	1347	1157
AT3G62660	644	652	849	1771	1606	1845
AT3G62680	0	5	0	1	0	0
AT3G62690	115	102	158	271	228	228
AT3G62700	1732	1485	1507	5534	4511	4438
AT3G62720	3843	3760	2411	4062	3496	3484
AT3G62730	11	11	16	3	1	5
AT3G62740	7	4	11	99	72	82
AT3G62750	1384	1242	1731	4775	4236	4629
AT3G62760	40	27	17	16	7	14
AT3G62770	1537	1545	1317	998	989	871
AT3G62780	74	66	64	85	66	127
AT3G62790	526	532	773	889	792	748
AT3G62800	602	601	589	315	373	278
AT3G62810	224	225	323	412	359	401
AT3G62820	229	215	248	318	333	388
AT3G62830	3212	2879	2183	1713	1633	1462
AT3G62840	1965	1763	2217	1345	1255	1232
AT3G62850	0	0	0	0	0	2
AT3G62860	212	225	337	229	209	168
AT3G62870	4387	4035	4000	7637	6832	6321
AT3G62880	245	189	238	188	185	159
AT3G62890	102	66	64	45	47	42
AT3G62900	2088	1991	894	1498	1379	1266
AT3G62910	576	537	660	1382	1069	1129
AT3G62920	92	68	102	58	62	60
AT3G62930	97	66	140	115	91	73
AT3G62940	1029	939	905	888	736	634
AT3G62950	148	119	397	250	288	205
AT3G62960	19	25	59	12	10	11
AT3G62970	553	492	550	582	503	452
AT3G62980	1981	1878	1994	2590	2355	2232
AT3G62990	0	0	0	0	2	0
AT3G63000	1571	1490	1251	1072	958	883
AT3G63003	0	2	0	0	0	0
AT3G63010	2122	1913	1475	398	376	259
AT3G63020	1	0	0	0	0	0
AT3G63030	478	451	568	350	361	288
AT3G63040	0	1	0	0	1	0
AT3G63050	42	38	35	22	19	7
AT3G63052	5	6	3	2	0	1
AT3G63060	25	37	31	29	35	23
AT3G63070	2250	1960	912	1550	1175	1189
AT3G63080	1417	1288	1637	1334	1142	1228
AT3G63088	0	0	4	2	7	1
AT3G63090	328	272	265	118	103	102
AT3G63095	3	1	0	2	9	4
AT3G63110	480	441	316	335	274	260
AT3G63120	551	589	706	845	707	649
AT3G63130	988	861	863	641	514	492
AT3G63140	3589	3449	5662	12347	12032	12609
AT3G63150	1687	1532	950	1391	1137	1163
AT3G63160	2769	2562	3842	7941	7803	15247
AT3G63170	447	399	488	778	647	749
AT3G63180	902	839	474	815	617	689
AT3G63190	1718	1417	1845	4208	3502	3771
AT3G63200	43	44	116	321	332	265
AT3G63210	1263	1120	1370	1429	1133	1106
AT3G63220	302	325	299	180	194	171
AT3G63230	0	0	2	0	0	0
AT3G63240	86	74	75	212	215	200
AT3G63250	797	715	718	809	675	718
AT3G63260	2289	2216	1625	1340	1305	1142
AT3G63270	642	485	450	322	296	272
AT3G63280	122	117	84	85	80	60
AT3G63290	143	126	116	117	91	84
AT3G63300	196	170	270	221	201	153
AT3G63310	2463	2200	2099	1940	1724	1567
AT3G63320	2	1	3	0	1	3
AT3G63340	1508	1310	962	1588	1443	1292
AT3G63350	1	0	0	1	0	0
AT3G63360	0	1	0	0	0	0
AT3G63370	266	223	134	305	267	293
AT3G63375	24	11	14	21	15	21
AT3G63380	6911	6360	2784	1356	1206	1214
AT3G63390	505	496	304	248	275	237
AT3G63400	2779	2632	1875	1677	1362	1348
AT3G63410	4694	4605	6003	10244	9961	10189
AT3G63420	766	719	845	764	669	761
AT3G63430	19	21	16	70	57	26
AT3G63440	189	184	154	392	310	271
AT3G63445	354	322	333	471	392	349
AT3G63450	42	45	54	185	195	149
AT3G63460	5946	5413	2498	4353	3725	3583
AT3G63470	31	28	22	38	31	19
AT3G63480	83	83	90	75	60	47
AT3G63490	4958	4834	6018	12557	10669	11287
AT3G63500	4226	3812	2388	3860	3193	3034
AT3G63510	190	166	199	475	400	444
AT3G63520	10117	8921	8286	9605	8222	8520
AT3G63530	95	90	146	189	165	88
AT3G63540	2331	2231	3119	3208	3182	3307
AT3G66652	255	230	117	208	146	124
AT3G66654	2051	1715	1935	1518	1202	1232
AT3G66658	704	632	571	667	548	644
AT4G00020	167	156	122	218	220	219
AT4G00026	896	792	746	518	409	395
AT4G00030	635	631	549	764	663	628
AT4G00040	888	847	1035	931	862	763
AT4G00050	73	78	102	174	170	111
AT4G00060	1210	1154	600	1137	970	936
AT4G00070	4	2	0	6	1	2
AT4G00090	1138	1110	947	792	583	615
AT4G00100	3972	3611	4073	4010	4233	3618
AT4G00110	309	261	282	267	211	270
AT4G00130	0	0	0	0	1	0
AT4G00140	0	0	0	0	2	0
AT4G00150	1950	2064	1685	579	573	639
AT4G00165	354	336	529	567	536	849
AT4G00170	945	900	960	452	419	420
AT4G00180	353	308	480	970	802	760
AT4G00190	2	0	0	0	0	0
AT4G00200	158	188	222	74	65	66
AT4G00210	26	26	10	3	1	2
AT4G00220	1	5	6	3	6	2
AT4G00230	266	254	221	259	239	231
AT4G00231	615	553	510	391	305	292
AT4G00234	0	1	3	3	3	1
AT4G00238	642	583	656	300	219	187
AT4G00240	157	151	82	160	136	131
AT4G00250	2	6	9	0	3	0
AT4G00260	0	0	1	1	0	1
AT4G00270	663	599	578	465	409	387
AT4G00280	0	0	1	0	0	0
AT4G00290	556	554	547	483	445	499
AT4G00300	3533	3124	2439	3986	3290	3483
AT4G00305	39	33	59	4	1	0
AT4G00310	41	34	65	66	70	54
AT4G00330	4271	3920	2758	3477	2760	3312
AT4G00335	493	456	418	412	364	355
AT4G00340	898	825	707	1320	1124	1142
AT4G00350	0	2	1	1	0	1
AT4G00355	3301	2841	3802	2054	1844	1759
AT4G00360	1219	1227	1610	5267	5320	5996
AT4G00370	2224	1956	1903	2632	2100	2282
AT4G00380	57	68	69	155	105	108
AT4G00390	31	44	22	14	15	15
AT4G00400	225	206	406	1507	1361	1388
AT4G00420	320	257	349	387	348	310
AT4G00430	4165	4049	4127	3607	3601	2895
AT4G00440	559	472	329	812	730	674
AT4G00450	2447	2320	1128	2110	1910	1955
AT4G00460	5	9	10	19	10	27
AT4G00480	16	23	49	148	95	75
AT4G00490	1198	1050	874	1211	1035	822
AT4G00500	480	479	509	385	335	387
AT4G00520	353	355	382	540	454	442
AT4G00525	101	77	94	70	54	68
AT4G00530	43	38	70	64	72	34
AT4G00540	0	2	0	0	0	1
AT4G00550	800	698	617	456	446	435
AT4G00560	386	319	429	630	621	604
AT4G00570	3368	3076	1932	3260	2828	2967
AT4G00580	0	0	3	7	6	4
AT4G00585	1380	1231	1710	1259	1265	1202
AT4G00590	179	160	199	180	143	169
AT4G00600	3	2	4	0	0	2
AT4G00620	790	694	481	392	363	339
AT4G00630	2099	1915	1249	2273	1833	1838
AT4G00650	317	246	196	179	149	147
AT4G00651	3	1	3	0	0	0
AT4G00660	2119	1949	1519	1396	1232	1246
AT4G00670	24	25	39	41	40	50
AT4G00680	1	3	1	5	2	5
AT4G00690	67	60	62	33	20	20
AT4G00695	22	20	23	2	4	4
AT4G00700	4747	4508	2235	689	638	363
AT4G00710	2283	2026	1737	2004	1711	1660
AT4G00720	2134	1988	1532	3672	2973	2864
AT4G00730	3115	2952	2444	2873	2685	2607
AT4G00740	1203	1040	809	1435	1313	1381
AT4G00750	1033	1021	834	1243	1072	936
AT4G00752	498	441	484	572	499	478
AT4G00755	342	297	417	404	404	390
AT4G00760	693	615	449	787	684	609
AT4G00770	238	200	87	220	221	169
AT4G00780	4316	3880	5871	4432	3639	4029
AT4G00800	2001	1783	990	2168	1929	1806
AT4G00810	764	744	825	958	1113	1012
AT4G00820	79	82	104	206	152	81
AT4G00830	1738	1522	1433	1563	1181	1150
AT4G00840	451	398	410	346	303	324
AT4G00850	272	221	282	238	204	171
AT4G00860	2219	1965	2406	1515	1608	1436
AT4G00870	27	24	24	20	19	15
AT4G00872	0	0	1	2	0	2
AT4G00880	480	355	620	787	747	813
AT4G00890	4	6	9	44	16	17
AT4G00893	2	2	1	3	2	2
AT4G00895	2726	2426	3353	2658	2182	2465
AT4G00900	1881	1570	890	359	335	383
AT4G00905	23	38	51	56	38	47
AT4G00910	4	0	6	2	0	2
AT4G00920	0	4	0	0	0	0
AT4G00930	697	660	331	374	299	279
AT4G00940	101	69	74	59	52	49
AT4G00950	106	87	209	471	342	510
AT4G00955	471	385	401	238	242	191
AT4G00960	21	17	22	35	38	29
AT4G00970	4224	3852	2752	4634	3684	3616
AT4G00975	136	103	165	77	67	65
AT4G00980	225	170	184	128	106	115
AT4G00985	0	3	3	0	0	1
AT4G00990	889	789	507	840	646	703
AT4G01000	2701	2419	2840	2383	1836	1745
AT4G01010	2721	2356	1431	1169	985	809
AT4G01020	794	619	424	722	640	623
AT4G01023	1	0	0	0	0	1
AT4G01026	1089	905	1186	1153	1129	998
AT4G01030	514	441	618	599	516	488
AT4G01037	1243	1089	844	908	779	815
AT4G01040	472	402	449	915	781	866
AT4G01050	5414	5025	5683	17005	14035	13201
AT4G01060	4	3	28	18	17	9
AT4G01070	1845	1667	1471	1373	1059	1085
AT4G01080	276	225	377	321	227	215
AT4G01090	4318	3794	2062	2906	2578	2012
AT4G01100	4107	3665	3067	3643	3101	3177
AT4G01110	52	42	57	41	40	20
AT4G01120	600	564	582	611	508	520
AT4G01130	270	239	325	699	553	827
AT4G01140	2	1	1	10	5	9
AT4G01150	4720	4272	9416	17358	20691	21314
AT4G01160	2	1	1	0	0	1
AT4G01170	2	3	0	0	1	0
AT4G01180	10	9	6	0	0	0
AT4G01190	13	7	8	31	20	25
AT4G01200	47	58	53	84	61	61
AT4G01210	1580	1478	840	1634	1352	1493
AT4G01220	295	275	245	342	312	317
AT4G01230	14	16	8	21	20	15
AT4G01250	1989	1811	1482	1675	1318	1299
AT4G01270	23	15	42	50	50	48
AT4G01280	765	718	849	423	396	308
AT4G01290	4073	3572	2327	4273	3387	3338
AT4G01310	2118	1992	3355	6955	6263	6829
AT4G01320	2234	2034	1719	1422	1355	1332
AT4G01330	869	822	858	1992	1684	1781
AT4G01335	0	0	10	29	25	23
AT4G01340	0	1	0	4	2	0
AT4G01350	19	26	10	11	11	4
AT4G01360	5844	5262	3941	3003	2490	1943
AT4G01370	2867	2482	2483	1573	1484	1467
AT4G01380	57	61	83	21	18	26
AT4G01390	422	370	475	206	146	151
AT4G01400	1443	1272	1102	1628	1497	1461
AT4G01410	85	93	98	173	187	140
AT4G01420	7	6	15	6	6	4
AT4G01430	684	634	283	36	15	37
AT4G01440	74	45	108	136	111	113
AT4G01450	214	192	308	269	279	242
AT4G01460	145	123	275	527	331	302
AT4G01470	0	2	0	0	0	0
AT4G01480	1303	1186	1268	1003	918	769
AT4G01500	9	11	16	8	7	8
AT4G01510	164	133	224	146	130	122
AT4G01520	5	16	3	1	1	0
AT4G01533	5	8	10	1	3	0
AT4G01535	38	35	24	9	8	7
AT4G01540	987	882	487	354	253	228
AT4G01550	1012	895	963	527	454	459
AT4G01560	1416	1199	894	614	504	576
AT4G01570	417	429	323	406	353	358
AT4G01575	30	15	18	29	26	32
AT4G01580	50	54	72	130	118	107
AT4G01590	937	798	876	776	626	683
AT4G01593	425	421	548	547	511	397
AT4G01595	330	341	378	443	421	316
AT4G01600	261	243	282	145	124	155
AT4G01610	9763	8801	8450	4766	3961	3717
AT4G01630	0	0	0	1	0	0
AT4G01640	0	1	0	0	1	0
AT4G01650	294	254	266	338	320	277
AT4G01660	1053	897	697	547	487	450
AT4G01670	131	127	117	244	189	213
AT4G01680	39	43	59	122	99	65
AT4G01690	2867	2651	2482	4961	4280	4568
AT4G01700	1116	1022	822	493	404	343
AT4G01710	298	249	426	228	196	230
AT4G01720	2032	1938	1194	485	407	332
AT4G01730	24	27	49	119	104	73
AT4G01735	3	2	4	0	1	0
AT4G01740	264	240	193	105	143	130
AT4G01750	1265	1292	782	564	479	616
AT4G01770	1	0	0	1	1	0
AT4G01780	1	0	1	0	0	2
AT4G01790	188	183	222	59	57	64
AT4G01800	4038	3786	3003	7338	6022	6425
AT4G01810	1643	1495	998	1421	1293	1317
AT4G01820	4	1	3	3	1	7
AT4G01830	0	0	0	0	1	1
AT4G01840	227	200	219	284	252	231
AT4G01850	4847	4553	4600	9941	8492	5876
AT4G01860	949	796	441	740	682	689
AT4G01870	2168	2067	1102	733	743	564
AT4G01880	571	495	526	297	279	222
AT4G01883	382	351	421	824	662	704
AT4G01890	0	0	0	2	2	2
AT4G01895	167	152	208	77	84	18
AT4G01897	454	370	629	369	379	328
AT4G01900	452	372	494	1141	855	908
AT4G01910	222	196	182	102	81	62
AT4G01915	383	333	618	265	259	262
AT4G01920	230	192	208	123	109	144
AT4G01925	11	7	6	2	5	5
AT4G01930	5	5	1	5	4	3
AT4G01935	531	513	829	1003	899	865
AT4G01940	1628	1558	2057	2582	2252	2313
AT4G01950	9148	8254	5287	7830	6901	7272
AT4G01960	556	530	682	556	487	413
AT4G01970	1	2	5	5	4	3
AT4G01985	39	40	21	6	10	5
AT4G01990	315	268	255	105	123	107
AT4G01995	415	377	493	596	530	602
AT4G02000	23	18	11	15	12	8
AT4G02005	189	167	188	77	66	68
AT4G02010	1030	903	716	833	699	707
AT4G02020	1830	1639	1080	1321	1154	1020
AT4G02030	1264	1104	848	1018	804	801
AT4G02040	107	101	114	54	33	45
AT4G02050	1354	1313	1541	802	737	647
AT4G02060	691	642	715	532	532	447
AT4G02070	433	378	208	298	244	252
AT4G02075	1233	1067	1638	520	478	469
AT4G02080	2602	2283	2992	2376	2189	2024
AT4G02090	13	6	10	9	1	3
AT4G02100	176	138	176	217	208	164
AT4G02110	1032	938	540	163	149	130
AT4G02120	1816	1635	1462	1500	1400	1298
AT4G02130	879	806	705	1722	1450	2272
AT4G02140	179	130	227	89	114	111
AT4G02150	1172	948	773	631	600	600
AT4G02160	3	0	0	0	1	0
AT4G02170	35	29	9	12	14	16
AT4G02180	3	6	3	8	8	6
AT4G02195	418	337	367	376	302	282
AT4G02200	1094	928	1300	2100	1705	1733
AT4G02210	580	479	687	805	685	697
AT4G02220	1392	1207	804	534	434	433
AT4G02230	2592	2337	2456	3374	2843	2390
AT4G02250	1	0	0	0	0	0
AT4G02260	3118	2847	2188	3589	3072	3578
AT4G02280	761	628	284	128	110	76
AT4G02290	90	60	121	424	334	374
AT4G02300	0	0	0	1	0	0
AT4G02320	36	37	53	8	14	4
AT4G02330	5057	4798	2207	3657	2832	2785
AT4G02340	2724	2575	2010	1647	1625	1475
AT4G02350	3803	3373	2095	3225	2778	2863
AT4G02360	90	81	89	148	136	102
AT4G02370	2598	2359	2786	1942	1759	2015
AT4G02380	23664	21886	21304	8649	9208	7286
AT4G02390	5558	5104	3757	128	115	120
AT4G02400	1396	1292	787	690	500	510
AT4G02405	481	428	366	542	508	550
AT4G02410	3123	2919	2023	4502	3605	3202
AT4G02420	553	507	562	1060	876	738
AT4G02425	49	49	56	121	103	90
AT4G02430	501	464	566	383	419	329
AT4G02440	850	796	1269	860	774	796
AT4G02450	4788	4288	3775	2504	2444	2301
AT4G02460	533	522	414	232	198	167
AT4G02465	0	0	1	0	0	0
AT4G02480	9131	8055	4832	7698	6554	6492
AT4G02482	22	11	12	48	32	21
AT4G02485	77	72	94	133	87	113
AT4G02500	1619	1478	1390	3955	3250	3058
AT4G02510	12301	10881	6090	10350	8506	8902
AT4G02520	23009	21149	20294	46085	39428	27509
AT4G02530	1173	1069	2067	4379	3699	4468
AT4G02540	2098	1941	1141	1091	1019	935
AT4G02541	3	2	2	2	0	0
AT4G02550	779	680	639	541	438	498
AT4G02555	2	0	1	0	0	1
AT4G02560	1191	1064	652	843	696	651
AT4G02570	8581	7664	5025	5281	4332	4241
AT4G02580	2365	1993	2190	2466	2296	2135
AT4G02590	1464	1283	1154	797	737	743
AT4G02600	1860	1760	1324	1350	1264	1230
AT4G02610	433	405	541	461	382	368
AT4G02620	2071	1710	2167	1981	1744	1855
AT4G02630	282	215	253	520	380	439
AT4G02640	1612	1373	1156	1127	850	873
AT4G02650	12	5	3	0	0	2
AT4G02660	140	114	48	147	143	91
AT4G02670	9	9	10	10	22	4
AT4G02680	1233	1179	857	1608	1383	1331
AT4G02690	2	0	0	0	3	2
AT4G02700	27	25	55	16	15	9
AT4G02710	869	757	416	228	159	187
AT4G02715	693	650	316	792	698	604
AT4G02720	1079	935	840	907	714	650
AT4G02725	569	484	845	1278	1060	1189
AT4G02730	254	228	228	121	109	117
AT4G02740	856	779	771	709	627	551
AT4G02750	122	90	59	94	63	72
AT4G02760	310	306	201	189	152	133
AT4G02770	17519	17986	31225	73688	60570	56713
AT4G02780	4	1	5	18	15	14
AT4G02790	819	731	812	1525	1274	1335
AT4G02800	42	26	66	140	132	161
AT4G02810	3	0	6	5	6	1
AT4G02820	422	415	404	244	263	219
AT4G02830	13	6	15	2	1	1
AT4G02840	587	493	798	758	677	577
AT4G02850	44	33	94	459	474	274
AT4G02860	851	796	817	771	733	774
AT4G02880	2365	2105	2002	1191	1049	967
AT4G02890	10273	9221	10033	5370	5455	4415
AT4G02900	154	138	105	210	232	213
AT4G02920	5526	4966	5993	7425	6190	5421
AT4G02930	3035	2554	1614	1512	1250	1130
AT4G02940	1594	1485	953	955	838	792
AT4G02950	5	13	8	1	1	3
AT4G02970	1443	1424	2005	1229	1100	810
AT4G02980	543	451	502	351	308	336
AT4G02990	1082	875	820	1095	929	1082
AT4G03000	1061	927	729	929	734	741
AT4G03010	27	32	33	55	46	43
AT4G03020	4143	3638	2886	3115	2664	2684
AT4G03030	1610	1467	1461	1729	1497	1488
AT4G03038	45	57	19	0	0	0
AT4G03039	3	3	2	0	0	0
AT4G03040	5	4	0	0	0	0
AT4G03070	182	169	192	137	144	156
AT4G03080	3634	3369	1815	2069	1839	2112
AT4G03090	510	445	303	401	292	298
AT4G03100	43	32	58	151	136	135
AT4G03110	698	671	718	1374	1361	1312
AT4G03115	140	127	102	183	161	166
AT4G03120	579	478	460	348	315	276
AT4G03130	13	9	7	7	13	9
AT4G03135	1	0	0	0	0	0
AT4G03140	339	353	413	224	212	219
AT4G03150	297	230	376	386	380	378
AT4G03153	1	0	1	0	0	0
AT4G03156	4	0	3	0	0	1
AT4G03175	0	0	1	2	0	2
AT4G03180	611	554	542	375	284	303
AT4G03190	212	217	326	673	630	597
AT4G03200	1856	1644	1367	1934	1657	1544
AT4G03205	174	162	274	445	347	344
AT4G03210	429	410	876	1296	1307	1732
AT4G03220	6	5	3	0	4	1
AT4G03230	595	504	329	358	318	251
AT4G03240	383	385	389	333	291	266
AT4G03250	251	191	141	224	161	154
AT4G03260	4305	3788	3574	3840	3312	2846
AT4G03270	49	24	37	88	79	46
AT4G03280	11758	10946	19472	31203	29133	31072
AT4G03290	0	0	0	0	1	0
AT4G03292	1	1	7	3	5	3
AT4G03295	3	1	3	0	4	5
AT4G03320	1172	1082	811	105	99	44
AT4G03330	2	7	9	23	16	20
AT4G03340	37	36	31	48	43	40
AT4G03360	10	4	1	2	0	0
AT4G03380	2	1	14	24	16	15
AT4G03390	1458	1294	914	1790	1485	1556
AT4G03400	674	580	875	1270	1101	783
AT4G03410	938	839	898	1066	944	1020
AT4G03415	2243	2173	2400	1403	1242	1165
AT4G03420	4368	3896	3761	2165	1930	1386
AT4G03430	3430	2997	1742	1730	1457	1422
AT4G03438	1	3	1	2	0	0
AT4G03440	132	131	118	113	96	112
AT4G03443	26	18	17	19	15	17
AT4G03445	15	8	3	15	9	11
AT4G03450	783	757	433	425	375	346
AT4G03460	10	12	10	1	4	1
AT4G03480	6	5	3	3	1	1
AT4G03490	73	69	42	18	14	20
AT4G03500	292	294	339	231	233	231
AT4G03505	8	3	5	6	5	3
AT4G03510	339	296	603	574	508	595
AT4G03520	4996	4550	6271	11109	9764	11244
AT4G03540	4	3	8	2	4	6
AT4G03550	3344	3133	1205	2430	2174	2458
AT4G03560	3857	3257	3145	5818	4903	4798
AT4G03565	0	1	0	1	0	0
AT4G03580	2	1	1	0	0	3
AT4G03600	18	15	30	53	21	27
AT4G03610	53	58	51	102	80	81
AT4G03620	2	3	3	2	2	0
AT4G03635	274	261	314	128	98	102
AT4G03811	3	2	5	7	9	3
AT4G03820	506	443	343	446	364	329
AT4G03930	3	10	7	9	7	10
AT4G03935	103	136	165	250	212	223
AT4G03940	99	98	66	120	89	58
AT4G03950	0	2	2	2	0	0
AT4G03960	513	468	700	214	244	215
AT4G03965	2	1	2	3	2	5
AT4G04020	3108	2887	2981	4438	4226	3336
AT4G04030	2	1	1	1	0	3
AT4G04040	2707	2373	2384	2698	2388	2753
AT4G04090	2	0	0	0	0	0
AT4G04180	310	260	213	138	103	102
AT4G04190	147	141	109	99	108	94
AT4G04200	473	375	492	399	408	349
AT4G04210	2334	2028	2087	1611	1577	1468
AT4G04220	853	720	490	529	441	397
AT4G04221	246	215	209	184	147	126
AT4G04223	530	443	511	335	248	184
AT4G04260	6	2	2	0	4	0
AT4G04320	844	763	694	925	821	799
AT4G04330	1432	1282	1787	2577	2345	4033
AT4G04340	3387	3011	2760	7922	7146	7873
AT4G04350	1008	861	685	1588	1335	1371
AT4G04360	67	73	93	105	85	98
AT4G04370	175	162	88	202	179	205
AT4G04423	8	4	9	20	19	9
AT4G04450	40	45	30	49	27	44
AT4G04460	1492	1377	719	54	44	40
AT4G04470	935	763	1078	678	618	544
AT4G04480	16	23	16	10	7	9
AT4G04490	4159	3720	2717	721	594	416
AT4G04500	1119	1010	1019	106	106	77
AT4G04510	348	337	184	49	61	33
AT4G04540	410	368	150	177	136	131
AT4G04570	5477	4797	2946	5210	4437	5099
AT4G04580	4	1	0	0	0	1
AT4G04601	2	0	0	0	0	1
AT4G04610	1017	866	1043	2926	2388	1480
AT4G04614	365	352	458	425	337	279
AT4G04620	1831	1542	1890	455	418	357
AT4G04630	71	54	144	340	304	295
AT4G04640	17132	15265	19492	32881	30355	32221
AT4G04670	506	493	269	250	216	204
AT4G04680	18	7	16	1	2	3
AT4G04690	0	1	0	1	0	0
AT4G04695	378	357	307	307	240	246
AT4G04700	86	93	78	163	146	141
AT4G04710	14	23	11	10	3	3
AT4G04720	2113	1836	1463	1761	1429	1512
AT4G04740	1208	1047	676	1017	878	963
AT4G04745	92	78	55	66	45	65
AT4G04750	133	115	188	410	425	392
AT4G04760	3	3	0	17	25	26
AT4G04770	11489	10572	9197	5634	4466	4371
AT4G04780	221	231	340	219	181	178
AT4G04790	182	191	96	121	119	108
AT4G04800	1448	1397	1734	979	792	703
AT4G04810	22	19	17	101	83	56
AT4G04830	251	223	540	1056	1168	743
AT4G04840	66	61	324	1064	1103	1353
AT4G04850	2581	2187	2366	2799	2495	2325
AT4G04860	1080	987	1101	800	772	665
AT4G04870	211	168	205	212	218	209
AT4G04880	690	611	676	308	336	323
AT4G04885	1230	1125	698	916	797	818
AT4G04890	2038	1899	1468	3270	2800	2805
AT4G04900	4	3	10	7	5	5
AT4G04910	2372	2178	1301	1718	1474	1764
AT4G04920	2459	2198	1194	973	811	737
AT4G04925	425	428	447	394	365	373
AT4G04930	0	0	2	1	0	1
AT4G04940	806	752	362	285	249	263
AT4G04950	1711	1522	1272	1188	974	1004
AT4G04955	162	149	295	590	515	486
AT4G04960	2283	2161	1291	1278	1044	925
AT4G04970	1109	952	585	1207	1016	1015
AT4G04972	27	21	28	3	7	11
AT4G04990	0	0	1	0	0	0
AT4G05000	582	473	623	423	309	330
AT4G05010	118	94	142	192	186	141
AT4G05018	3	4	2	0	1	0
AT4G05020	3475	3233	1930	682	573	450
AT4G05030	21	15	26	1	2	1
AT4G05040	574	534	343	397	351	324
AT4G05048	1	0	0	0	0	0
AT4G05050	34997	32060	30624	23408	21331	20647
AT4G05060	804	705	818	868	599	710
AT4G05070	1590	1583	3042	2820	2955	2744
AT4G05071	8	2	7	11	9	2
AT4G05090	295	234	264	708	537	519
AT4G05091	2	0	2	5	0	1
AT4G05095	0	0	0	0	1	0
AT4G05100	119	122	56	67	50	66
AT4G05105	0	0	0	0	1	0
AT4G05110	16	16	36	41	42	22
AT4G05120	97	98	135	200	172	181
AT4G05130	35	29	21	40	27	39
AT4G05150	6918	6693	7364	6047	6297	6039
AT4G05160	3045	2621	1929	1472	1228	1284
AT4G05170	1	2	9	20	15	6
AT4G05180	15866	14373	35713	77026	75211	76584
AT4G05190	64	61	59	223	180	161
AT4G05200	2	4	4	7	2	0
AT4G05210	34	18	24	11	12	9
AT4G05220	3	4	9	7	5	2
AT4G05320	91484	83934	96329	48031	43232	38335
AT4G05330	375	350	389	505	433	583
AT4G05360	0	1	0	0	0	0
AT4G05370	78	61	81	2	0	1
AT4G05380	115	85	155	2	4	1
AT4G05390	785	635	522	564	468	436
AT4G05400	514	532	458	384	276	280
AT4G05410	708	621	458	273	263	214
AT4G05420	2931	2579	1484	2340	1939	1773
AT4G05430	7	1	8	8	10	4
AT4G05440	485	373	335	173	148	162
AT4G05450	347	338	375	277	222	254
AT4G05460	482	464	517	275	256	263
AT4G05470	0	1	2	0	0	0
AT4G05475	0	0	0	2	0	0
AT4G05490	0	0	1	0	0	0
AT4G05497	44	34	43	9	11	6
AT4G05520	136	142	145	227	204	159
AT4G05530	2032	1773	1587	1262	1195	1050
AT4G05540	673	587	488	9	8	8
AT4G05590	713	648	876	471	404	352
AT4G05631	323	310	268	196	166	187
AT4G06534	13	15	45	143	130	62
AT4G06536	3	3	35	74	57	32
AT4G06598	221	237	220	177	196	200
AT4G06599	888	788	756	600	557	529
AT4G06634	630	522	490	431	306	332
AT4G06676	420	402	331	265	257	228
AT4G06701	112	100	143	163	150	134
AT4G06744	88	56	50	106	82	39
AT4G06746	126	111	184	318	287	304
AT4G07390	1410	1325	1360	1036	901	850
AT4G07400	131	112	103	173	126	175
AT4G07408	5	5	7	9	11	9
AT4G07410	2765	2568	1929	1663	1627	1486
AT4G07670	0	0	0	0	0	1
AT4G07820	15	14	24	30	16	14
AT4G07825	960	898	720	1310	985	921
AT4G07940	11	9	1	1	3	0
AT4G07950	232	276	262	194	177	194
AT4G07960	15	14	19	102	83	64
AT4G07965	6	3	1	0	0	0
AT4G07990	789	770	746	547	423	447
AT4G08035	394	370	571	613	508	509
AT4G08040	224	163	106	394	301	333
AT4G08150	65	69	92	90	82	52
AT4G08160	25	16	13	47	33	23
AT4G08170	651	583	544	510	478	461
AT4G08180	1454	1227	858	1136	953	913
AT4G08190	0	1	0	0	0	0
AT4G08210	44	39	25	22	21	20
AT4G08230	1411	1319	1627	957	680	711
AT4G08240	159	153	188	255	230	249
AT4G08250	35	28	20	14	16	24
AT4G08260	0	3	1	1	0	1
AT4G08280	579	533	687	905	919	865
AT4G08290	228	187	265	208	197	161
AT4G08300	43	36	58	101	99	61
AT4G08310	1198	1066	1054	729	564	524
AT4G08320	845	686	627	645	508	421
AT4G08330	290	238	311	277	221	226
AT4G08350	3532	3209	1988	2302	1938	1758
AT4G08360	0	0	0	1	0	0
AT4G08370	1	0	0	0	0	0
AT4G08390	2738	2383	2015	2602	2063	1932
AT4G08430	0	0	0	0	1	0
AT4G08450	1	1	1	1	0	0
AT4G08455	485	405	437	195	197	178
AT4G08460	1549	1395	1301	1194	912	934
AT4G08470	5149	4484	3935	3181	2931	3130
AT4G08480	1311	1061	653	808	666	669
AT4G08500	4126	3688	2111	3014	2436	2524
AT4G08510	911	812	640	427	350	306
AT4G08520	863	711	857	1469	1170	1138
AT4G08540	1133	1073	1048	852	725	704
AT4G08550	0	0	0	1	1	0
AT4G08555	211	178	390	136	119	119
AT4G08570	2	2	0	3	6	0
AT4G08580	532	511	433	462	376	348
AT4G08590	34	22	26	115	108	67
AT4G08593	0	2	0	0	0	0
AT4G08685	160	145	358	823	836	743
AT4G08690	222	196	214	419	346	274
AT4G08691	4	4	6	0	0	0
AT4G08700	172	180	259	311	268	289
AT4G08730	0	0	1	0	0	0
AT4G08760	4	1	0	1	0	0
AT4G08770	241	183	127	400	377	114
AT4G08780	37	35	21	33	35	5
AT4G08790	303	264	287	179	157	189
AT4G08810	1225	1104	785	1830	1329	1530
AT4G08840	0	1	0	0	0	0
AT4G08850	16012	14564	8310	6706	5494	5412
AT4G08868	0	1	0	0	2	0
AT4G08870	6221	5421	9514	11892	9562	5658
AT4G08874	3	2	0	9	4	7
AT4G08875	0	1	0	0	0	0
AT4G08876	0	0	0	1	0	0
AT4G08900	932	825	869	730	597	580
AT4G08910	1	0	4	20	8	13
AT4G08920	7910	7033	7772	8989	7959	6698
AT4G08930	764	711	953	524	518	428
AT4G08940	167	133	154	82	65	81
AT4G08950	21984	20676	13132	5763	4758	4842
AT4G08960	865	725	657	573	489	461
AT4G08980	1652	1526	1866	1390	1279	1132
AT4G08990	30	38	25	26	36	8
AT4G09000	10083	8927	7395	10906	10022	9574
AT4G09010	1750	1478	2957	11204	9272	9963
AT4G09012	71	70	79	68	73	63
AT4G09020	4865	4512	2653	3368	2914	4500
AT4G09030	2441	2365	1654	643	575	455
AT4G09040	871	848	1050	2334	1906	2024
AT4G09060	11	10	36	57	32	48
AT4G09070	8	1	5	0	0	0
AT4G09080	77	73	40	21	17	20
AT4G09100	11	22	8	0	1	0
AT4G09110	8	13	6	0	0	0
AT4G09120	0	1	0	0	0	0
AT4G09130	11	8	4	6	0	2
AT4G09140	667	545	482	326	277	307
AT4G09150	2463	2224	1419	2993	2663	2716
AT4G09160	120	88	163	647	557	563
AT4G09170	4	6	4	1	3	0
AT4G09180	533	499	721	335	270	197
AT4G09200	860	271	272	207	178	278
AT4G09250	209	221	470	253	190	78
AT4G09300	26	22	21	9	4	4
AT4G09310	177	701	366	238	311	227
AT4G09320	6588	6076	7462	5703	5970	5317
AT4G09340	1017	823	806	589	487	463
AT4G09350	317	261	501	438	368	299
AT4G09420	128	96	125	115	106	179
AT4G09430	203	175	201	69	55	61
AT4G09432	201	173	197	68	55	60
AT4G09460	524	437	773	407	374	316
AT4G09490	49	53	106	81	54	70
AT4G09500	86	87	119	273	229	166
AT4G09510	317	328	292	600	513	395
AT4G09520	235	200	202	319	250	228
AT4G09530	0	0	1	0	0	0
AT4G09550	237	214	337	285	275	230
AT4G09560	531	440	465	556	430	431
AT4G09570	1748	1507	1222	1609	1258	1182
AT4G09580	683	528	629	463	482	510
AT4G09590	8	8	3	3	1	0
AT4G09600	2	4	4	0	0	0
AT4G09610	0	0	0	0	1	1
AT4G09620	882	770	1127	920	778	778
AT4G09630	619	535	484	1075	856	929
AT4G09640	694	580	513	759	686	697
AT4G09649	0	2	0	1	0	0
AT4G09650	4488	4256	8694	20771	18550	18446
AT4G09670	1393	1194	989	1474	1367	1454
AT4G09680	1598	1383	964	1030	850	886
AT4G09690	2	0	0	2	2	3
AT4G09720	713	644	846	920	759	832
AT4G09730	1811	1666	1149	1521	1285	1347
AT4G09731	4	1	3	2	3	0
AT4G09740	0	0	0	0	1	1
AT4G09750	703	666	944	184	122	97
AT4G09760	6571	5781	6853	3023	2699	2805
AT4G09770	75	43	64	24	26	12
AT4G09780	0	4	7	0	0	0
AT4G09800	4134	3659	5497	4081	3758	3213
AT4G09810	186	172	186	236	260	241
AT4G09820	12	10	32	32	32	16
AT4G09830	952	897	1298	1631	1449	1162
AT4G09840	34	14	42	15	20	9
AT4G09850	0	0	1	0	0	0
AT4G09870	0	1	2	0	0	0
AT4G09880	6	7	1	0	1	0
AT4G09890	309	250	585	559	467	375
AT4G09900	469	408	502	741	669	649
AT4G09920	47	55	58	32	35	41
AT4G09950	28	24	43	54	28	46
AT4G09960	0	0	0	2	1	0
AT4G09965	0	0	4	3	1	1
AT4G09970	156	111	194	145	108	107
AT4G09980	1127	1030	567	739	606	697
AT4G09990	17	15	15	19	15	10
AT4G10000	640	620	648	1060	892	892
AT4G10020	8	7	8	6	7	3
AT4G10030	251	205	293	645	594	554
AT4G10040	1055	909	1040	637	592	414
AT4G10050	716	543	603	485	440	397
AT4G10060	2139	1897	1728	4871	3919	3416
AT4G10070	1007	910	583	464	402	416
AT4G10080	3022	2571	2575	3429	2949	2545
AT4G10090	356	278	380	196	170	162
AT4G10100	673	539	1007	498	524	500
AT4G10110	833	810	857	389	332	309
AT4G10112	0	0	0	0	1	0
AT4G10120	3745	3387	3047	2427	1892	1789
AT4G10130	183	164	200	159	132	124
AT4G10140	525	449	601	368	312	306
AT4G10150	1	0	19	55	36	22
AT4G10160	1	0	6	12	10	13
AT4G10170	484	456	572	480	436	466
AT4G10180	1472	1323	1066	1262	990	867
AT4G10200	8	11	10	10	10	1
AT4G10230	1	2	1	2	0	0
AT4G10250	1	0	1	0	0	0
AT4G10260	0	1	0	1	2	0
AT4G10265	3	9	10	4	5	1
AT4G10270	36	40	56	47	44	27
AT4G10280	213	228	346	173	144	94
AT4G10290	7	6	10	24	15	12
AT4G10300	1104	985	1686	1857	1832	2126
AT4G10310	9	4	18	14	15	20
AT4G10320	5352	4907	2412	3414	2795	2634
AT4G10330	285	278	433	236	211	139
AT4G10340	34595	30914	86923	212251	209090	197067
AT4G10360	703	568	835	576	535	439
AT4G10380	120	107	132	205	191	131
AT4G10390	51	62	54	276	232	95
AT4G10400	307	237	229	157	158	148
AT4G10410	0	1	0	0	0	0
AT4G10420	58	50	50	45	32	41
AT4G10430	1242	1034	1144	807	646	562
AT4G10440	1	2	1	0	2	0
AT4G10450	1400	1126	1112	832	732	725
AT4G10470	216	197	212	326	282	356
AT4G10480	2756	2419	2453	2793	2324	2299
AT4G10500	2973	2841	2055	487	415	289
AT4G10507	0	0	0	0	1	0
AT4G10510	1	0	0	1	1	0
AT4G10550	390	379	266	127	121	137
AT4G10560	1	1	1	10	3	5
AT4G10570	813	761	488	664	558	462
AT4G10590	1302	1201	751	839	652	614
AT4G10595	0	1	0	0	0	0
AT4G10596	2	2	0	0	0	0
AT4G10600	22	14	19	38	37	21
AT4G10610	2579	2280	2151	1697	1643	1622
AT4G10620	431	408	272	233	192	173
AT4G10630	5	8	11	29	30	11
AT4G10640	3	2	9	2	2	4
AT4G10650	108	89	59	52	28	43
AT4G10695	25	33	12	5	2	4
AT4G10710	3282	3175	1940	1887	1646	1585
AT4G10720	34	22	32	3	5	6
AT4G10730	2071	1784	1386	1952	1601	1458
AT4G10740	0	0	0	1	0	0
AT4G10750	527	472	427	487	470	424
AT4G10760	995	818	631	581	454	470
AT4G10770	1079	1003	1207	2636	2510	1968
AT4G10780	4	0	0	1	2	1
AT4G10790	2395	2087	1925	2055	1708	1478
AT4G10800	83	65	77	133	94	101
AT4G10810	688	711	700	608	581	543
AT4G10840	2836	2565	1804	3028	2542	2613
AT4G10845	9	13	4	5	2	5
AT4G10850	4	2	0	0	0	0
AT4G10860	83	80	42	29	12	10
AT4G10890	193	158	182	254	195	151
AT4G10910	5	3	11	21	24	20
AT4G10920	1503	1262	2210	1092	987	965
AT4G10925	459	503	571	354	344	269
AT4G10930	1113	990	599	821	620	572
AT4G10940	151	134	22	85	68	56
AT4G10950	6	13	20	4	3	4
AT4G10955	720	652	542	340	294	230
AT4G10960	706	646	540	339	293	230
AT4G10970	1770	1571	1504	1306	1021	971
AT4G11000	1090	945	660	760	638	669
AT4G11010	2717	2371	2463	3418	3114	3256
AT4G11040	2	0	0	0	0	0
AT4G11050	6	2	2	16	18	10
AT4G11060	190	184	181	205	149	173
AT4G11070	1243	1101	690	165	149	57
AT4G11080	131	114	108	154	113	93
AT4G11090	309	297	299	328	293	297
AT4G11100	307	283	306	716	574	626
AT4G11110	1681	1450	955	1448	1315	1259
AT4G11120	972	917	757	565	518	536
AT4G11130	155	140	93	127	119	121
AT4G11140	14	18	17	27	18	19
AT4G11150	5385	4789	4912	6989	6615	6268
AT4G11160	2335	2126	1277	1161	906	907
AT4G11170	229	224	109	80	63	35
AT4G11175	550	524	846	1066	844	874
AT4G11190	3	2	4	27	15	11
AT4G11210	0	2	1	6	6	5
AT4G11211	19	18	97	405	370	282
AT4G11220	2416	2177	2569	1295	1108	1034
AT4G11230	28	28	18	5	8	6
AT4G11240	1275	1172	1103	953	845	852
AT4G11250	5	0	2	2	2	5
AT4G11260	5436	4907	4659	4455	3644	3555
AT4G11270	1798	1652	834	1428	1293	1418
AT4G11280	11078	9834	10402	12773	11985	10460
AT4G11290	0	0	25	604	545	300
AT4G11300	1491	1637	1281	1836	1706	1414
AT4G11310	4	6	5	33	23	17
AT4G11320	45	62	260	1532	1239	624
AT4G11330	1498	1259	1343	1885	1605	1474
AT4G11340	0	3	4	1	5	1
AT4G11350	264	270	214	108	84	39
AT4G11360	1022	862	1702	1259	1284	1350
AT4G11370	155	129	186	152	173	156
AT4G11380	3290	2851	1663	2888	2506	2472
AT4G11400	10	6	15	16	14	18
AT4G11405	0	1	0	0	0	0
AT4G11410	488	412	497	532	425	516
AT4G11420	7086	6402	3545	4294	3603	3555
AT4G11440	221	158	128	182	148	123
AT4G11450	56	62	53	204	175	149
AT4G11460	10	4	2	23	22	32
AT4G11470	130	131	57	165	122	75
AT4G11480	21	31	4	17	8	2
AT4G11510	1	0	0	2	1	0
AT4G11521	470	468	303	1074	863	649
AT4G11530	239	209	200	300	217	201
AT4G11550	6	12	5	13	7	12
AT4G11560	1375	1238	1119	960	706	711
AT4G11570	3958	3427	4294	5666	4665	3566
AT4G11580	0	4	0	0	0	0
AT4G11590	25	22	16	3	7	7
AT4G11600	9458	8437	8108	4176	3895	5282
AT4G11630	764	609	667	523	449	470
AT4G11640	65	89	96	133	125	123
AT4G11650	2093	1957	2056	1096	955	352
AT4G11655	28	26	44	11	9	4
AT4G11660	615	539	470	563	476	476
AT4G11670	1228	1125	704	690	637	597
AT4G11680	287	290	205	259	235	285
AT4G11690	78	83	43	40	36	35
AT4G11700	12	9	10	4	8	9
AT4G11720	0	2	1	2	2	2
AT4G11740	3073	2770	2038	1055	907	836
AT4G11780	0	0	1	10	9	5
AT4G11790	1516	1290	1131	885	753	647
AT4G11800	2011	1730	1000	1182	1121	1024
AT4G11810	3	0	3	3	3	6
AT4G11820	919	874	777	1455	1287	1245
AT4G11830	2618	2310	1671	2705	2248	2166
AT4G11840	2015	1770	930	1078	918	978
AT4G11845	147	152	107	92	77	64
AT4G11850	5995	5105	2676	4022	3362	3604
AT4G11860	1181	1091	915	844	636	637
AT4G11880	4	4	9	5	3	5
AT4G11890	4547	4307	3501	928	860	787
AT4G11900	1397	1237	877	1200	1050	1052
AT4G11910	1729	1595	1521	294	202	184
AT4G11911	7	6	11	88	68	31
AT4G11920	228	203	211	149	121	130
AT4G11950	2	0	9	7	4	7
AT4G11960	2244	1852	2056	1347	1032	995
AT4G11970	343	287	316	228	200	225
AT4G11980	281	258	288	457	388	438
AT4G11990	57	36	39	71	46	25
AT4G12000	275	210	275	433	392	269
AT4G12005	8	7	1	9	1	6
AT4G12010	689	698	383	527	459	530
AT4G12020	1464	1331	846	1037	909	946
AT4G12030	626	557	527	1227	1105	1131
AT4G12040	3262	2884	3477	2893	2775	2748
AT4G12050	9	5	4	0	3	3
AT4G12060	1478	1445	1473	1624	1679	1711
AT4G12070	1452	1395	1254	876	803	873
AT4G12080	190	177	175	133	118	120
AT4G12090	46	32	28	19	20	12
AT4G12100	4	6	2	1	1	3
AT4G12110	652	578	577	761	635	654
AT4G12120	1147	968	705	658	547	486
AT4G12130	232	200	227	145	171	138
AT4G12140	1	0	0	0	0	0
AT4G12190	2	5	9	0	0	0
AT4G12210	9	9	0	0	0	1
AT4G12230	1355	1190	1004	1441	1192	1188
AT4G12240	76	86	78	59	60	40
AT4G12250	921	863	578	485	486	403
AT4G12270	0	0	0	0	2	0
AT4G12280	3	0	0	0	0	0
AT4G12290	8663	8403	4235	2476	2014	3568
AT4G12300	1636	1402	1553	568	518	413
AT4G12310	775	690	875	806	784	791
AT4G12320	1758	1479	1755	2512	2063	2751
AT4G12330	3	2	6	4	7	6
AT4G12340	1060	963	1131	1032	793	745
AT4G12350	2	3	4	2	4	1
AT4G12370	0	0	0	1	2	2
AT4G12380	3	6	7	0	2	0
AT4G12382	56	50	73	7	21	26
AT4G12390	196	164	247	152	141	152
AT4G12400	86	97	58	38	43	39
AT4G12410	38	48	33	17	15	9
AT4G12420	1413	1150	1483	4115	3724	4585
AT4G12430	149	120	158	142	113	117
AT4G12432	149	120	158	142	113	117
AT4G12440	2	0	0	13	7	9
AT4G12450	9	9	5	14	12	5
AT4G12460	701	597	545	1200	994	1013
AT4G12470	3025	2775	1859	390	336	670
AT4G12480	4538	4254	2621	848	700	713
AT4G12490	573	601	611	594	489	358
AT4G12500	109	115	67	141	118	57
AT4G12510	0	0	1	10	11	13
AT4G12520	0	0	2	19	19	29
AT4G12530	2	0	0	1	1	1
AT4G12540	12	12	28	25	18	22
AT4G12545	4	2	1	6	7	2
AT4G12550	0	0	1	0	1	1
AT4G12560	1493	1392	1435	1072	973	925
AT4G12570	1252	1072	813	759	681	613
AT4G12580	6	6	9	4	7	6
AT4G12590	2094	1933	2281	1725	1520	1608
AT4G12600	1601	1461	1416	1226	1214	1019
AT4G12610	1397	1209	1088	838	681	690
AT4G12620	244	190	179	124	122	116
AT4G12640	1009	905	580	761	630	572
AT4G12650	3455	3086	1924	3264	2997	3218
AT4G12670	250	238	148	281	177	217
AT4G12680	150	148	138	229	232	189
AT4G12690	66	70	175	248	190	260
AT4G12700	102	93	99	291	205	155
AT4G12710	590	539	495	392	382	356
AT4G12720	9834	8700	7824	6463	5968	5392
AT4G12730	505	521	796	3688	3056	3141
AT4G12735	1678	1458	2744	186	170	48
AT4G12740	45	36	29	20	10	17
AT4G12750	898	867	425	536	453	549
AT4G12760	304	271	365	280	217	217
AT4G12770	1547	1315	722	1335	1093	1048
AT4G12780	1971	1718	1085	1633	1394	1396
AT4G12790	2223	1970	1844	1567	1514	1322
AT4G12800	28877	29218	49615	92502	99284	95025
AT4G12810	0	0	1	0	1	0
AT4G12830	233	244	441	575	464	619
AT4G12840	76	52	72	149	121	122
AT4G12850	62	41	61	78	80	48
AT4G12870	7	9	7	35	17	12
AT4G12880	289	318	441	1964	1558	1184
AT4G12890	4	4	14	9	9	5
AT4G12900	144	126	162	437	296	437
AT4G12910	732	583	611	911	726	860
AT4G12917	190	152	278	260	263	375
AT4G12940	1	0	0	0	0	0
AT4G12960	0	0	0	2	0	0
AT4G12970	27	24	101	141	145	91
AT4G12980	90	77	469	1518	1294	789
AT4G12990	141	107	165	154	108	88
AT4G13000	48	45	40	20	18	23
AT4G13010	4913	4541	5063	3751	3333	2611
AT4G13020	2432	2229	1813	2196	1757	1600
AT4G13030	345	332	484	144	128	123
AT4G13040	540	506	616	609	457	425
AT4G13050	538	517	460	593	553	521
AT4G13060	0	0	0	0	1	0
AT4G13070	178	135	124	135	127	148
AT4G13100	156	120	173	263	245	252
AT4G13110	390	343	345	308	266	197
AT4G13130	14	15	5	12	4	6
AT4G13150	546	474	569	1019	901	844
AT4G13160	228	176	296	236	193	197
AT4G13170	503	495	450	942	998	872
AT4G13180	353	335	388	261	235	202
AT4G13190	11	10	24	32	30	23
AT4G13195	119	111	144	162	132	106
AT4G13200	719	616	995	1378	1193	1177
AT4G13210	4	5	17	47	43	9
AT4G13220	590	530	865	715	744	691
AT4G13230	1	0	5	0	0	0
AT4G13235	6	4	8	1	3	1
AT4G13245	0	2	4	2	0	0
AT4G13250	13832	12416	8073	4451	3707	5380
AT4G13260	7	6	11	19	19	20
AT4G13261	0	2	0	0	0	0
AT4G13270	1283	1216	1138	849	739	722
AT4G13280	3	3	3	8	4	6
AT4G13290	4	4	10	3	5	3
AT4G13310	2	2	4	1	0	0
AT4G13320	145	118	73	38	42	44
AT4G13330	333	290	104	82	83	96
AT4G13340	25896	25504	9771	12077	10632	12933
AT4G13345	492	427	353	381	333	391
AT4G13350	3535	3129	1936	2619	2185	2650
AT4G13360	2602	2380	2129	1730	1436	1497
AT4G13370	354	355	260	118	94	105
AT4G13390	0	1	0	1	1	1
AT4G13395	2434	2346	4116	2220	1869	1844
AT4G13400	287	263	205	199	184	164
AT4G13410	33	41	171	231	238	214
AT4G13420	6	7	7	2	2	1
AT4G13430	10346	9351	6766	7938	7194	7218
AT4G13440	2	0	0	0	0	1
AT4G13450	0	0	1	5	1	1
AT4G13460	1167	1075	938	1071	834	822
AT4G13480	5	4	10	0	0	0
AT4G13493	19	24	24	71	41	21
AT4G13494	169	171	160	337	312	239
AT4G13495	5517	4954	6698	21135	16378	13560
AT4G13500	423	305	761	1322	1173	1409
AT4G13505	7597	8076	4136	2569	2489	3263
AT4G13510	8361	8723	5063	2841	2774	3738
AT4G13520	920	852	1485	1052	972	872
AT4G13530	2336	1978	2186	1888	1422	1272
AT4G13540	31	29	67	78	52	40
AT4G13550	817	727	589	902	818	765
AT4G13554	1	1	1	2	0	1
AT4G13555	0	1	0	0	0	0
AT4G13560	115	78	94	138	129	124
AT4G13564	2	5	0	3	5	0
AT4G13570	288	251	122	537	437	409
AT4G13572	249	232	341	906	784	645
AT4G13575	465	421	710	1559	1230	925
AT4G13580	25	21	18	12	5	14
AT4G13590	960	929	1175	2101	1781	1880
AT4G13600	14	15	11	11	4	7
AT4G13615	2579	2410	3372	1879	2216	1847
AT4G13620	1	1	1	4	1	1
AT4G13630	619	522	580	538	424	440
AT4G13640	751	735	849	1176	1082	1077
AT4G13650	173	146	107	134	105	143
AT4G13660	40	46	42	18	10	11
AT4G13670	833	778	966	1627	1259	1311
AT4G13680	6	5	4	6	2	0
AT4G13690	8	13	12	22	17	16
AT4G13710	50	38	44	160	151	168
AT4G13720	337	324	377	423	448	486
AT4G13730	869	737	700	663	536	532
AT4G13750	526	488	166	341	305	263
AT4G13770	3585	3296	2973	6183	6041	6036
AT4G13780	3612	3368	1800	2167	1935	1822
AT4G13790	8	2	0	0	0	0
AT4G13800	108	95	138	139	133	75
AT4G13810	7331	6635	5921	1408	1176	1190
AT4G13820	960	901	821	178	158	141
AT4G13830	1968	1760	2767	4023	3319	2959
AT4G13840	1011	954	987	4569	3571	3272
AT4G13850	5800	5325	4204	2315	2312	2646
AT4G13860	42	44	67	44	32	18
AT4G13870	162	167	191	171	136	135
AT4G13880	269	234	217	81	80	76
AT4G13885	38	37	32	26	25	30
AT4G13890	242	214	193	32	28	16
AT4G13918	1839	1678	1106	675	559	468
AT4G13920	1809	1648	1085	664	545	457
AT4G13930	1997	1833	1672	3265	3179	3040
AT4G13940	20184	18348	14758	22541	20407	18663
AT4G13950	75	71	106	183	209	154
AT4G13960	0	0	1	0	0	0
AT4G13970	865	702	532	554	467	416
AT4G13980	459	421	366	430	357	314
AT4G13990	38	24	28	123	84	59
AT4G13992	8	10	14	11	12	7
AT4G14000	552	505	516	337	332	333
AT4G14010	79	59	146	141	149	105
AT4G14020	618	589	748	288	250	215
AT4G14030	3235	2830	3516	3633	3194	2773
AT4G14040	2509	2319	2034	3742	3474	3482
AT4G14050	153	125	59	76	62	68
AT4G14060	0	0	1	0	0	0
AT4G14070	3441	3021	2046	3565	2894	3350
AT4G14090	98	101	214	262	236	150
AT4G14096	145	132	172	148	134	133
AT4G14100	336	355	577	407	343	355
AT4G14103	29	36	36	41	35	43
AT4G14104	4	3	2	2	1	1
AT4G14105	0	0	0	0	0	1
AT4G14110	1075	953	1230	559	457	430
AT4G14120	64	49	64	40	47	40
AT4G14130	48	30	9	31	25	23
AT4G14140	2	2	1	5	6	2
AT4G14145	248	236	340	332	287	238
AT4G14147	298	235	372	240	202	170
AT4G14150	48	42	39	92	58	42
AT4G14160	3214	2839	2109	2631	2408	2335
AT4G14165	23	23	12	4	0	3
AT4G14170	116	63	50	66	54	50
AT4G14180	35	22	32	28	26	33
AT4G14190	264	264	326	299	263	286
AT4G14200	87	90	86	257	216	175
AT4G14210	2582	2152	2225	3981	3333	3241
AT4G14220	1678	1520	1189	1285	1045	957
AT4G14225	0	2	0	0	0	1
AT4G14230	2379	2190	1864	2581	2264	2690
AT4G14240	1048	933	934	1175	932	936
AT4G14250	0	0	0	1	0	0
AT4G14270	2071	1890	3606	2642	2547	3248
AT4G14272	0	0	0	0	2	0
AT4G14290	90	48	77	91	69	64
AT4G14300	924	855	724	1439	1267	1212
AT4G14301	0	1	0	0	0	0
AT4G14305	53	46	64	32	32	27
AT4G14310	190	184	133	240	250	195
AT4G14320	1744	1580	2176	2552	2643	2226
AT4G14330	56	50	39	147	122	110
AT4G14340	857	792	788	983	838	769
AT4G14342	650	622	775	686	776	727
AT4G14345	0	0	1	0	0	0
AT4G14350	2203	1983	1316	1786	1422	1474
AT4G14358	3	3	2	8	5	2
AT4G14360	977	839	656	2037	1695	1692
AT4G14365	23310	20637	14218	13861	12609	11710
AT4G14368	16	18	9	6	7	3
AT4G14370	4038	3575	1153	1560	1285	1134
AT4G14380	2	4	19	19	18	20
AT4G14385	466	424	558	466	411	423
AT4G14390	140	129	74	53	42	55
AT4G14400	6982	6394	6398	7789	6530	11317
AT4G14403	3	1	0	2	1	3
AT4G14410	1546	1400	1678	1174	952	942
AT4G14415	0	2	0	0	0	0
AT4G14420	1481	1375	1464	1448	1318	1229
AT4G14430	1681	1698	1528	1169	1028	919
AT4G14440	395	448	573	591	567	439
AT4G14450	1234	1213	767	683	642	434
AT4G14455	400	355	432	324	288	308
AT4G14465	20	23	29	39	30	13
AT4G14480	86	60	81	151	93	114
AT4G14490	38	17	34	40	41	29
AT4G14500	1841	1678	1757	2483	2212	2227
AT4G14510	557	461	351	701	503	574
AT4G14520	377	301	402	333	244	264
AT4G14530	4	3	4	0	0	0
AT4G14540	345	303	597	657	435	474
AT4G14548	34	20	72	115	118	106
AT4G14550	77	54	180	357	319	204
AT4G14560	380	336	574	855	775	579
AT4G14570	1384	1242	1071	1147	1179	1183
AT4G14580	122	135	100	150	138	175
AT4G14590	157	128	142	63	61	66
AT4G14600	321	252	359	218	217	221
AT4G14605	614	466	537	631	554	435
AT4G14615	501	466	579	665	617	552
AT4G14620	276	254	285	241	200	184
AT4G14622	276	254	285	241	200	184
AT4G14630	373	368	344	59	39	48
AT4G14640	35	36	40	20	12	9
AT4G14650	6	6	3	52	26	22
AT4G14660	267	219	209	182	151	147
AT4G14670	0	0	0	1	0	0
AT4G14680	668	618	635	1900	1793	1423
AT4G14690	4	4	5	4	8	6
AT4G14695	1	0	1	10	8	6
AT4G14700	19	17	32	18	19	19
AT4G14710	3437	2923	3092	2924	2820	2366
AT4G14713	84	105	81	152	117	80
AT4G14716	1960	1766	1966	2420	2171	2620
AT4G14720	576	474	508	359	294	260
AT4G14723	9	16	14	16	8	6
AT4G14730	0	0	0	2	1	1
AT4G14740	216	243	248	782	669	551
AT4G14746	1605	1504	1749	666	543	514
AT4G14750	67	79	144	362	312	293
AT4G14760	1177	990	551	2397	1931	1858
AT4G14770	296	276	296	346	262	230
AT4G14780	4	3	5	2	11	4
AT4G14790	476	467	358	317	314	307
AT4G14800	1314	1308	1354	1103	982	981
AT4G14805	3	4	3	0	0	0
AT4G14819	1	0	3	4	3	1
AT4G14820	109	102	56	77	61	69
AT4G14830	91	67	121	71	73	87
AT4G14840	158	102	105	124	127	131
AT4G14850	170	204	110	111	91	113
AT4G14860	18	16	18	23	19	10
AT4G14870	445	417	758	1210	1026	1199
AT4G14880	14087	12597	12862	14910	13675	13634
AT4G14890	877	867	1400	2309	1863	1997
AT4G14900	2260	2103	1300	1212	1016	806
AT4G14905	261	248	290	287	271	232
AT4G14910	803	697	762	769	755	735
AT4G14920	670	625	397	1163	992	946
AT4G14930	944	869	950	1164	1005	617
AT4G14940	5	3	4	38	30	26
AT4G14950	1146	1042	875	605	499	490
AT4G14960	5961	5158	5454	12897	12349	14272
AT4G14965	597	585	687	689	639	611
AT4G14970	266	229	99	102	91	63
AT4G14980	0	1	3	6	2	1
AT4G14990	2050	1868	1392	1858	1465	1407
AT4G15000	1874	1560	2232	3595	3529	2917
AT4G15010	938	819	726	508	489	492
AT4G15020	947	801	488	567	523	527
AT4G15030	380	317	435	384	252	253
AT4G15040	5	9	8	2	5	4
AT4G15070	192	178	118	114	122	138
AT4G15075	0	0	0	0	0	1
AT4G15080	1117	986	703	779	760	800
AT4G15090	942	827	551	538	503	447
AT4G15093	192	194	238	238	231	194
AT4G15096	1	0	1	0	0	0
AT4G15100	21	7	16	0	2	1
AT4G15110	1403	1282	1486	3117	2381	2752
AT4G15120	30	33	48	24	20	15
AT4G15130	393	350	478	584	471	519
AT4G15140	40	50	81	115	105	93
AT4G15150	153	167	107	54	52	22
AT4G15160	12	18	6	51	33	14
AT4G15165	77	76	89	39	36	30
AT4G15180	2305	2016	876	2160	1721	1898
AT4G15200	0	0	0	6	10	2
AT4G15210	179	173	177	1473	1128	965
AT4G15215	209	199	92	172	135	162
AT4G15230	48	58	14	78	59	53
AT4G15233	490	412	225	576	520	564
AT4G15236	47	47	24	48	59	30
AT4G15240	314	352	314	350	263	277
AT4G15248	3	1	7	34	26	3
AT4G15250	0	1	0	0	0	0
AT4G15258	8	4	12	10	6	8
AT4G15260	1879	1635	1551	791	698	611
AT4G15270	42	60	64	103	96	48
AT4G15280	235	243	205	268	220	94
AT4G15290	0	1	0	0	0	0
AT4G15300	0	0	0	0	1	1
AT4G15320	0	1	1	5	3	0
AT4G15330	1	0	1	1	2	1
AT4G15340	0	2	2	0	0	0
AT4G15380	3	0	0	1	8	1
AT4G15390	0	0	2	1	1	0
AT4G15393	0	3	2	0	0	0
AT4G15396	5	7	1	0	1	2
AT4G15400	1	2	3	0	1	0
AT4G15410	1243	1181	954	434	435	389
AT4G15415	1229	1101	940	950	850	785
AT4G15417	109	110	66	32	12	5
AT4G15420	1682	1546	1562	632	541	458
AT4G15430	151	150	171	74	70	32
AT4G15440	802	742	1754	356	391	208
AT4G15450	481	455	578	588	442	427
AT4G15460	1	0	0	0	0	0
AT4G15470	8407	7760	6695	4959	4355	4226
AT4G15475	934	795	796	719	674	682
AT4G15480	8	8	18	9	6	5
AT4G15490	615	631	571	738	610	527
AT4G15500	28	32	39	115	78	64
AT4G15510	380	333	722	1025	898	892
AT4G15520	292	291	317	238	245	243
AT4G15530	7758	7068	4902	4293	3468	2425
AT4G15540	3050	2871	3937	2047	1813	1763
AT4G15545	5503	4916	5947	8859	7886	7578
AT4G15550	222	267	477	433	408	290
AT4G15560	6978	6163	6362	17501	15709	12569
AT4G15563	43	62	43	10	15	11
AT4G15570	438	345	290	319	299	253
AT4G15610	2867	2456	2392	320	277	206
AT4G15620	88	83	155	229	179	182
AT4G15630	435	365	825	807	774	771
AT4G15640	480	455	325	398	334	269
AT4G15650	1	0	0	1	0	0
AT4G15660	259	214	182	271	224	200
AT4G15670	235	233	192	126	140	128
AT4G15680	272	207	220	150	128	126
AT4G15690	257	248	287	206	222	218
AT4G15700	479	408	507	373	285	291
AT4G15710	9	13	10	4	5	4
AT4G15720	31	27	17	18	15	19
AT4G15730	245	210	143	141	96	89
AT4G15740	0	2	0	1	1	1
AT4G15750	0	0	0	1	0	1
AT4G15760	767	680	1033	765	694	931
AT4G15765	144	120	188	217	191	168
AT4G15770	1492	1338	1158	784	673	612
AT4G15780	772	637	1039	1641	1188	1155
AT4G15790	250	225	330	335	285	284
AT4G15800	2633	2467	2719	1439	1571	1463
AT4G15802	809	732	1066	1265	1037	1154
AT4G15810	451	354	306	388	335	300
AT4G15820	351	324	266	298	221	261
AT4G15830	44	30	77	120	108	97
AT4G15840	1426	1280	916	1082	950	988
AT4G15850	258	234	168	120	105	101
AT4G15880	1081	1002	723	748	644	621
AT4G15885	1	0	0	0	0	0
AT4G15890	84	85	65	103	99	105
AT4G15900	3138	2820	2193	1860	1464	1450
AT4G15910	570	495	921	812	727	392
AT4G15920	757	667	1006	1840	1614	1438
AT4G15930	280	263	421	490	520	464
AT4G15940	687	674	724	628	540	542
AT4G15950	221	186	251	172	143	161
AT4G15953	26	15	24	19	23	11
AT4G15955	430	372	348	302	279	230
AT4G15960	9	7	11	27	19	10
AT4G15970	0	0	0	0	1	3
AT4G15975	141	138	112	265	243	235
AT4G15980	0	0	0	0	0	1
AT4G15990	29	26	93	26	22	21
AT4G16000	302	262	903	174	177	116
AT4G16008	382	317	660	238	202	192
AT4G16015	7	2	5	12	4	11
AT4G16030	3	5	0	0	0	0
AT4G16050	0	0	0	2	0	2
AT4G16060	436	429	497	893	683	877
AT4G16070	514	446	358	483	382	394
AT4G16080	1	0	0	0	0	0
AT4G16100	354	317	332	264	186	184
AT4G16110	418	383	270	310	243	263
AT4G16120	272	263	197	413	355	441
AT4G16130	1770	1625	904	1311	1162	1157
AT4G16140	51	64	145	380	253	158
AT4G16141	384	382	406	459	306	329
AT4G16143	5208	4688	3388	3285	2735	2564
AT4G16144	931	813	590	627	522	475
AT4G16146	833	640	913	995	896	1409
AT4G16150	3490	3170	1921	3235	2573	2092
AT4G16155	558	545	574	1777	1611	1746
AT4G16160	2	1	2	7	6	1
AT4G16162	32	27	35	14	19	12
AT4G16180	1925	1741	1326	1808	1632	1589
AT4G16190	42215	39033	42776	22646	19447	20038
AT4G16200	1	1	0	2	0	0
AT4G16210	947	778	825	607	531	551
AT4G16220	0	0	0	1	0	0
AT4G16230	0	0	0	1	0	0
AT4G16240	71	91	92	19	16	22
AT4G16250	651	606	370	922	765	798
AT4G16260	4588	4134	5571	17213	15152	5111
AT4G16265	187	134	186	170	162	106
AT4G16270	12	8	10	12	6	9
AT4G16280	1128	1034	762	841	706	716
AT4G16310	1075	949	545	890	798	811
AT4G16330	1020	989	871	823	756	717
AT4G16340	1018	883	461	1643	1347	1594
AT4G16350	5	4	9	6	8	5
AT4G16355	0	0	0	1	3	0
AT4G16360	1234	1063	1042	945	895	912
AT4G16370	4727	4418	3204	2761	2621	3014
AT4G16380	3393	3584	3140	2100	2085	1893
AT4G16390	1600	1517	1133	1082	1025	1166
AT4G16400	1639	1467	2246	2296	2089	2276
AT4G16410	1590	1430	2183	2256	2063	2249
AT4G16420	1352	1311	1225	1043	928	845
AT4G16430	1557	1336	1310	873	715	789
AT4G16440	685	658	542	352	304	279
AT4G16442	272	275	393	508	478	393
AT4G16444	431	352	478	282	252	274
AT4G16447	32	32	39	40	21	33
AT4G16450	1620	1337	1600	1607	1686	1573
AT4G16451	0	0	0	0	1	0
AT4G16460	1	4	3	9	7	5
AT4G16470	104	94	107	99	111	82
AT4G16480	445	415	420	329	342	283
AT4G16490	2209	2186	2094	2658	2268	1994
AT4G16500	909	833	1110	1467	1338	1307
AT4G16510	244	219	257	207	179	128
AT4G16515	18	20	58	151	130	101
AT4G16520	3047	2720	3932	4962	3838	3231
AT4G16530	555	490	497	267	229	256
AT4G16540	13	15	24	13	19	25
AT4G16550	0	0	0	0	0	1
AT4G16563	484	466	96	165	167	405
AT4G16566	174	187	222	232	208	235
AT4G16570	152	160	109	168	189	175
AT4G16580	893	765	711	722	571	585
AT4G16590	11	10	74	29	14	37
AT4G16600	22	16	27	3	6	5
AT4G16610	821	721	751	7	8	11
AT4G16620	43	24	38	5	7	13
AT4G16630	1418	1313	717	827	589	586
AT4G16640	7	4	7	2	3	6
AT4G16650	757	719	588	867	788	704
AT4G16660	6078	5427	2631	4503	3579	3406
AT4G16670	1082	1010	969	351	304	173
AT4G16680	602	589	471	184	161	97
AT4G16690	1226	1094	817	174	198	132
AT4G16695	368	346	412	393	326	323
AT4G16700	130	133	107	90	68	76
AT4G16710	553	491	684	639	482	515
AT4G16720	5610	5244	5153	4848	5033	4545
AT4G16730	16	11	9	40	38	4
AT4G16740	328	268	61	98	86	109
AT4G16745	217	176	164	201	181	142
AT4G16748	0	0	2	0	0	0
AT4G16750	94	84	162	136	131	106
AT4G16760	6417	5712	3979	4475	3979	2881
AT4G16765	872	795	811	587	479	439
AT4G16770	793	672	760	1083	953	814
AT4G16780	2093	2039	2120	1054	834	737
AT4G16790	620	586	620	305	219	209
AT4G16800	181	155	191	237	210	218
AT4G16807	25	26	36	50	36	22
AT4G16810	0	2	0	0	0	0
AT4G16820	108	100	47	77	72	58
AT4G16830	4138	3997	3617	4204	3929	3291
AT4G16835	138	132	42	76	66	63
AT4G16840	141	107	171	118	117	123
AT4G16845	894	806	649	630	514	468
AT4G16850	234	217	185	237	194	230
AT4G16855	2	2	0	0	2	2
AT4G16860	9915	8801	6164	8175	7152	6650
AT4G16880	829	642	1388	1036	1049	810
AT4G16890	15228	13567	9358	12451	11018	10425
AT4G16892	149	120	158	115	86	76
AT4G16900	1125	1089	630	969	857	831
AT4G16915	3	11	6	8	9	2
AT4G16920	2310	2062	1239	1802	1550	1737
AT4G16940	345	284	68	198	207	182
AT4G16950	11826	10480	7176	10712	9569	8965
AT4G16960	1593	1440	487	961	768	707
AT4G16970	52	69	63	123	119	103
AT4G16980	1976	1962	3161	9094	8349	8473
AT4G16990	7831	7204	5273	11535	9376	9145
AT4G17000	25	31	22	107	83	74
AT4G17010	403	356	417	242	179	214
AT4G17020	686	608	549	418	407	367
AT4G17030	9	11	28	102	96	110
AT4G17040	3059	2736	3259	5600	5068	5145
AT4G17050	1006	1040	1157	1827	1676	1596
AT4G17060	540	521	384	401	356	318
AT4G17070	1076	1092	1092	737	714	695
AT4G17080	917	811	883	710	550	527
AT4G17085	112	98	147	88	110	152
AT4G17090	9002	8575	7135	10970	8652	14599
AT4G17098	1604	1500	1378	2564	2552	3387
AT4G17100	1953	1846	1548	3189	3059	4101
AT4G17140	4746	4237	1497	3594	3033	5433
AT4G17150	988	821	782	964	754	960
AT4G17160	3	0	10	30	14	9
AT4G17170	2908	2711	3319	3227	2449	2490
AT4G17180	135	111	96	154	114	113
AT4G17190	334	289	272	677	593	673
AT4G17210	0	2	0	0	0	0
AT4G17215	23	16	54	22	16	21
AT4G17220	12	13	1	6	9	3
AT4G17230	11251	10794	7181	12773	11368	10007
AT4G17240	85	60	89	255	230	238
AT4G17245	325	309	650	1177	958	772
AT4G17250	2397	2285	1763	2592	2124	1857
AT4G17260	336	320	259	478	432	457
AT4G17270	1939	1691	1642	1493	1301	1221
AT4G17280	40	45	80	25	31	31
AT4G17300	1205	1147	929	1595	1266	1462
AT4G17310	182	198	197	129	141	158
AT4G17330	5808	5254	2516	5174	4207	4121
AT4G17340	1721	1802	3274	2744	3032	2449
AT4G17350	155	136	165	176	156	108
AT4G17360	184	132	250	353	301	307
AT4G17370	901	828	947	951	760	836
AT4G17380	12	11	10	15	13	13
AT4G17390	3477	3265	3368	4262	4369	4003
AT4G17410	900	790	626	477	467	435
AT4G17420	376	393	340	393	395	312
AT4G17430	353	316	259	237	175	180
AT4G17440	165	140	96	108	90	88
AT4G17460	166	142	247	476	456	420
AT4G17470	191	173	494	666	593	748
AT4G17480	44	54	50	51	67	71
AT4G17483	22	28	24	24	14	8
AT4G17486	1221	1041	1210	1178	1024	858
AT4G17490	1865	1798	2234	4611	4142	4023
AT4G17500	6296	6112	6072	3575	3226	2486
AT4G17505	0	0	0	0	1	0
AT4G17510	894	778	1114	633	527	441
AT4G17520	6713	6207	5427	5022	4173	3905
AT4G17530	2247	1895	2247	1733	1797	1426
AT4G17540	167	138	220	276	234	220
AT4G17550	915	862	742	681	612	530
AT4G17560	1447	1363	2112	4587	3893	4397
AT4G17565	0	0	2	0	0	0
AT4G17570	1825	1615	1591	1162	1031	972
AT4G17600	1313	1275	1746	4071	3344	3584
AT4G17610	412	344	227	268	240	223
AT4G17615	2865	2572	1900	2224	1873	1807
AT4G17616	521	519	382	317	250	263
AT4G17620	1211	1168	965	753	568	590
AT4G17640	1253	1148	1316	1628	1433	1497
AT4G17650	852	762	593	451	431	476
AT4G17660	552	499	260	33	46	35
AT4G17670	1092	997	1051	102	102	113
AT4G17680	8	8	17	62	36	26
AT4G17695	317	268	299	146	145	119
AT4G17710	52	67	51	0	1	0
AT4G17720	2732	2496	2539	1550	1347	1023
AT4G17730	1163	994	1230	1178	1105	1039
AT4G17740	797	722	705	920	780	851
AT4G17750	257	244	200	176	111	121
AT4G17760	48	44	62	39	30	26
AT4G17770	1240	1047	833	843	727	643
AT4G17780	1	1	0	2	0	0
AT4G17785	2	0	0	0	0	0
AT4G17788	2	2	0	0	2	3
AT4G17790	651	576	791	369	375	314
AT4G17800	4	2	6	4	3	1
AT4G17810	88	80	223	375	309	323
AT4G17830	2533	2230	1908	1965	1591	1482
AT4G17840	3817	3304	3932	2710	2405	1647
AT4G17860	0	1	4	29	34	14
AT4G17870	760	723	1231	1157	1086	1039
AT4G17880	306	259	351	440	358	325
AT4G17890	1042	948	1021	1237	1099	963
AT4G17895	503	423	338	310	311	314
AT4G17900	2745	2536	2496	2861	2402	2375
AT4G17905	23	23	37	34	23	25
AT4G17910	291	277	326	298	280	277
AT4G17920	9	4	5	30	19	22
AT4G17940	1306	1084	1270	1513	1075	1172
AT4G17950	1143	1152	791	1255	964	989
AT4G17960	174	165	158	177	142	160
AT4G17970	147	115	96	199	181	175
AT4G17980	12	14	27	2	3	2
AT4G18000	0	1	0	0	0	0
AT4G18010	8464	7421	4474	3738	2907	3087
AT4G18020	1218	1221	1063	1026	906	808
AT4G18030	2334	2130	1625	4597	3668	3913
AT4G18040	1921	1783	1723	1054	899	912
AT4G18050	150	119	81	151	111	134
AT4G18060	774	735	772	1061	994	989
AT4G18070	1711	1446	1157	2149	2026	2094
AT4G18080	1	7	6	1	2	0
AT4G18090	5	2	0	6	6	0
AT4G18100	2810	2469	3139	4733	4344	3832
AT4G18120	4416	3906	3229	2908	2737	2688
AT4G18130	877	829	713	1254	1083	955
AT4G18140	634	574	566	613	457	492
AT4G18150	3	5	1	1	2	1
AT4G18160	472	403	483	449	363	316
AT4G18170	239	227	198	105	86	69
AT4G18180	0	1	0	0	0	0
AT4G18190	0	3	3	2	0	2
AT4G18195	284	245	237	186	172	158
AT4G18197	2461	2208	1999	4276	3971	4430
AT4G18205	3830	3334	3846	7085	6458	8117
AT4G18210	1043	982	1045	618	447	490
AT4G18220	597	538	585	726	546	617
AT4G18230	498	455	587	430	381	416
AT4G18240	3475	2959	2131	4303	3675	4951
AT4G18250	2056	1888	1545	1729	1595	1271
AT4G18260	341	329	362	297	240	252
AT4G18270	297	209	267	450	485	371
AT4G18280	674	688	848	847	873	870
AT4G18290	59	46	34	114	90	85
AT4G18300	504	454	325	198	175	153
AT4G18310	1	0	0	0	0	0
AT4G18320	3	0	2	0	1	0
AT4G18330	8	2	1	0	1	4
AT4G18340	141	147	148	240	184	137
AT4G18350	36	34	13	2	2	2
AT4G18360	106	90	88	90	76	42
AT4G18370	552	464	783	1208	1095	1280
AT4G18372	152	161	224	100	132	105
AT4G18375	48	48	42	96	79	79
AT4G18380	178	224	244	288	268	315
AT4G18390	1467	1267	1308	1487	1314	1252
AT4G18395	4	2	7	4	3	2
AT4G18400	187	148	267	145	232	216
AT4G18422	55	57	66	36	34	82
AT4G18425	396	305	209	12	11	6
AT4G18430	506	485	291	103	67	43
AT4G18440	2321	2047	2154	15848	13225	11993
AT4G18450	3	0	2	0	0	0
AT4G18460	112	70	145	148	128	123
AT4G18465	677	585	537	430	395	333
AT4G18470	275	245	261	57	45	34
AT4G18480	6192	5597	6566	11596	9238	10052
AT4G18490	47	46	28	73	68	70
AT4G18500	0	2	0	5	5	2
AT4G18501	2	6	2	5	11	6
AT4G18510	1	1	1	5	7	1
AT4G18520	527	459	411	591	434	567
AT4G18530	801	779	806	696	604	596
AT4G18540	89	95	19	99	95	68
AT4G18550	62	50	49	12	5	5
AT4G18570	712	544	573	1191	997	1088
AT4G18580	444	335	374	251	190	185
AT4G18590	305	291	370	343	374	374
AT4G18593	548	465	692	370	276	312
AT4G18596	5	1	3	4	6	1
AT4G18600	892	746	392	873	757	722
AT4G18610	10	8	16	25	15	17
AT4G18630	88	93	67	48	69	30
AT4G18640	45	37	76	197	176	145
AT4G18660	0	0	0	0	1	0
AT4G18670	401	466	385	2568	2102	1835
AT4G18680	0	0	0	0	0	1
AT4G18700	2099	1876	1609	2782	2112	2088
AT4G18710	4696	4196	3894	5595	4826	4933
AT4G18730	2835	2628	3356	3610	3025	2806
AT4G18740	314	284	585	604	565	568
AT4G18750	180	166	76	86	71	88
AT4G18760	163	193	178	646	474	510
AT4G18770	4	4	23	13	12	16
AT4G18780	65	38	88	91	80	89
AT4G18790	0	1	1	0	0	0
AT4G18800	653	575	621	374	363	356
AT4G18810	2187	1977	1551	1808	1485	1740
AT4G18820	446	391	389	859	721	736
AT4G18823	0	0	1	0	0	1
AT4G18830	91	109	110	126	79	94
AT4G18840	117	104	52	57	54	56
AT4G18860	1	1	0	0	0	0
AT4G18870	41	38	33	0	5	1
AT4G18880	9280	8174	6849	6238	5625	5889
AT4G18890	1273	1184	1327	473	400	365
AT4G18900	1	0	6	0	0	0
AT4G18905	2114	1918	1290	834	703	687
AT4G18910	589	504	496	352	285	298
AT4G18930	1623	1525	1657	2144	1899	2023
AT4G18940	0	0	2	0	1	1
AT4G18950	4320	3870	2384	2294	1899	2053
AT4G18960	5	4	0	16	21	10
AT4G18970	161	145	476	2203	1842	1745
AT4G18975	920	769	822	1007	899	910
AT4G18980	290	312	229	23	25	20
AT4G18990	110	94	94	37	21	24
AT4G19000	44	44	56	21	19	18
AT4G19003	647	592	672	678	612	609
AT4G19006	1120	1012	1030	970	904	893
AT4G19010	392	367	330	276	262	253
AT4G19020	231	217	146	982	828	629
AT4G19030	7	4	8	9	3	2
AT4G19040	1539	1487	1081	1070	983	853
AT4G19045	177	145	171	220	159	179
AT4G19050	23	11	18	67	60	47
AT4G19060	272	250	280	380	343	290
AT4G19070	197	189	172	280	265	244
AT4G19080	121	102	61	36	14	24
AT4G19090	386	375	234	95	115	109
AT4G19095	14	16	13	12	9	14
AT4G19100	357	325	564	647	607	707
AT4G19110	6450	5996	4273	6714	5585	5515
AT4G19112	6446	5995	4270	6713	5585	5515
AT4G19120	2433	2150	1232	3049	2531	4570
AT4G19130	596	553	418	38	27	33
AT4G19140	1081	994	947	778	738	673
AT4G19150	525	430	606	441	345	381
AT4G19160	1961	1691	2021	2588	2325	2180
AT4G19170	8838	8019	13701	13847	12457	7424
AT4G19180	804	803	501	576	563	568
AT4G19185	636	512	471	297	316	386
AT4G19190	978	907	783	834	618	573
AT4G19191	94	80	44	58	40	57
AT4G19200	20549	19716	20538	9142	9441	9529
AT4G19210	5290	4660	3259	2878	2619	2439
AT4G19220	48	29	18	25	35	24
AT4G19230	329	330	160	369	327	341
AT4G19350	612	528	712	583	558	472
AT4G19360	3	4	0	1	0	0
AT4G19370	330	303	463	254	191	144
AT4G19380	12	10	27	99	68	69
AT4G19390	955	842	820	855	726	939
AT4G19395	30	27	20	6	12	6
AT4G19400	122	114	178	137	117	99
AT4G19410	3738	3290	2823	5481	5035	6775
AT4G19420	7830	6851	9341	6699	5868	5589
AT4G19430	6	2	6	52	32	31
AT4G19440	369	335	216	240	199	248
AT4G19450	1694	1562	1219	1415	1209	1175
AT4G19460	30	29	23	47	45	19
AT4G19470	0	0	0	1	0	0
AT4G19480	1	0	0	1	0	0
AT4G19490	2295	2018	1294	1821	1604	1631
AT4G19500	1970	1599	1385	1611	1350	1490
AT4G19510	2274	1985	1521	2149	1821	1852
AT4G19520	8991	7822	2993	6285	5707	5802
AT4G19530	729	603	794	2840	2598	3440
AT4G19540	248	187	204	276	272	288
AT4G19550	129	109	162	120	99	105
AT4G19560	44	50	65	89	79	65
AT4G19570	64	70	66	2	0	2
AT4G19580	1	1	1	0	0	1
AT4G19590	4	5	10	13	10	7
AT4G19600	1085	953	905	696	613	566
AT4G19610	961	847	654	657	566	528
AT4G19630	0	0	0	0	2	0
AT4G19640	3035	2668	2610	2081	1839	1647
AT4G19645	236	245	313	88	108	94
AT4G19650	221	167	163	112	82	89
AT4G19660	1316	1234	1085	982	884	1063
AT4G19670	2452	2269	1826	1317	1004	1034
AT4G19700	1155	1068	1233	311	306	282
AT4G19710	1763	1624	1039	2173	1885	1853
AT4G19720	12	11	11	0	1	2
AT4G19740	2	2	2	0	0	0
AT4G19750	0	0	0	2	0	1
AT4G19800	0	0	0	1	0	0
AT4G19810	869	735	426	216	170	215
AT4G19820	3	0	11	19	9	10
AT4G19829	6	3	2	1	4	7
AT4G19830	257	243	314	435	338	404
AT4G19840	3399	3099	3999	3593	2829	3005
AT4G19850	14	19	25	24	9	16
AT4G19860	4443	3929	3333	3469	3288	2818
AT4G19865	68	65	82	93	102	105
AT4G19870	381	339	299	167	135	151
AT4G19880	1915	1731	1677	1743	1570	1835
AT4G19890	119	117	71	146	111	117
AT4G19900	354	333	245	420	303	334
AT4G19905	0	0	1	0	0	0
AT4G19920	0	0	1	1	0	0
AT4G19925	0	0	0	3	0	0
AT4G19940	0	0	1	0	0	0
AT4G19950	173	139	125	128	124	100
AT4G19960	2523	2293	1340	1784	1482	1529
AT4G19970	171	146	131	67	40	32
AT4G19985	387	311	457	612	508	565
AT4G19990	605	508	393	569	420	436
AT4G20000	409	408	503	98	89	61
AT4G20006	4	0	1	2	2	0
AT4G20010	938	899	738	875	823	793
AT4G20020	1369	1199	723	767	564	571
AT4G20030	208	194	318	277	269	259
AT4G20040	10	8	13	15	19	16
AT4G20050	11	4	5	16	13	18
AT4G20060	359	332	276	159	154	142
AT4G20070	111	113	207	531	425	295
AT4G20090	217	201	102	132	120	133
AT4G20110	3394	2927	1937	1187	993	742
AT4G20130	722	600	689	1355	1162	1303
AT4G20140	45	41	28	124	90	132
AT4G20150	2709	2546	3252	2137	2221	2134
AT4G20160	1	0	0	0	0	0
AT4G20170	914	783	652	1154	919	629
AT4G20190	0	0	0	17	10	0
AT4G20220	0	0	0	0	0	1
AT4G20230	0	0	4	14	14	8
AT4G20235	0	0	0	1	2	1
AT4G20240	1	4	0	5	5	12
AT4G20250	0	0	0	1	0	0
AT4G20260	12005	11332	13051	14084	10811	13082
AT4G20270	310	220	230	411	334	367
AT4G20280	612	553	658	591	470	440
AT4G20290	1	5	2	7	2	2
AT4G20300	1048	935	819	1169	933	848
AT4G20310	274	206	245	227	217	155
AT4G20320	783	690	860	557	403	297
AT4G20325	116	95	131	151	96	129
AT4G20330	1377	1221	1390	958	719	774
AT4G20340	381	347	293	281	236	211
AT4G20350	96	93	106	47	42	34
AT4G20360	22144	20022	19718	27930	22819	23538
AT4G20362	71	75	129	24	18	17
AT4G20370	6	7	8	1	1	0
AT4G20380	1882	1830	1937	1278	1138	1075
AT4G20390	80	69	77	23	27	28
AT4G20400	1767	1585	1097	1495	1349	1311
AT4G20410	1153	971	1019	1338	1195	1220
AT4G20420	21	23	41	47	40	35
AT4G20430	179	152	161	401	386	384
AT4G20440	1461	1326	1076	674	874	807
AT4G20450	0	1	0	1	2	0
AT4G20460	222	190	116	58	72	40
AT4G20470	5	15	4	5	3	5
AT4G20480	2277	2137	2010	833	695	679
AT4G20520	2	1	2	0	0	1
AT4G20530	0	2	1	0	0	0
AT4G20540	1	1	0	0	0	0
AT4G20550	1	1	0	0	0	0
AT4G20580	0	0	1	0	0	0
AT4G20590	0	0	1	1	0	0
AT4G20610	1	0	0	0	0	0
AT4G20620	0	0	1	0	0	0
AT4G20630	0	0	2	0	0	0
AT4G20640	2	0	1	0	0	0
AT4G20690	16	7	5	3	5	4
AT4G20700	2	0	1	0	0	0
AT4G20720	647	510	495	592	413	493
AT4G20740	164	122	80	102	97	90
AT4G20760	192	204	249	757	721	750
AT4G20770	41	32	19	21	15	16
AT4G20780	441	425	568	709	634	915
AT4G20800	0	0	1	0	0	1
AT4G20820	48	36	63	258	225	157
AT4G20830	21331	19533	11595	15307	11835	12352
AT4G20840	361	288	277	536	427	459
AT4G20850	8078	7222	4357	7717	6495	5849
AT4G20860	6770	6246	5010	2932	2226	2142
AT4G20870	293	268	332	768	683	689
AT4G20880	809	716	583	922	844	874
AT4G20890	4711	4144	2777	2586	2455	4016
AT4G20900	4	7	1	3	4	1
AT4G20910	465	392	260	290	244	240
AT4G20920	5	5	10	2	7	2
AT4G20930	337	294	366	421	390	351
AT4G20940	114	101	86	539	431	438
AT4G20960	622	549	567	966	804	881
AT4G20970	5	8	9	12	9	23
AT4G20980	3573	3285	2300	1825	1572	1410
AT4G20990	9	6	10	1	3	4
AT4G21020	2	4	0	0	0	0
AT4G21060	153	108	152	231	192	166
AT4G21065	63	55	53	45	35	35
AT4G21070	3271	2825	2042	198	164	163
AT4G21090	559	482	495	275	229	207
AT4G21100	919	797	524	671	539	518
AT4G21105	3032	2691	3747	2422	2874	2728
AT4G21110	1478	1333	1816	880	797	773
AT4G21120	921	896	666	143	120	76
AT4G21130	2	1	0	0	0	0
AT4G21140	282	221	147	187	122	146
AT4G21150	3999	3350	2321	2608	2499	2681
AT4G21160	1577	1348	1366	1158	1115	1161
AT4G21170	115	129	90	98	88	78
AT4G21180	1263	1156	880	1347	1095	1000
AT4G21190	364	296	425	496	393	405
AT4G21192	230	235	393	262	273	243
AT4G21200	4	1	2	6	14	10
AT4G21210	4376	4034	3841	5593	4576	5442
AT4G21213	1	0	0	0	0	2
AT4G21215	1519	1413	1314	1033	748	967
AT4G21220	64	63	59	46	54	62
AT4G21230	88	78	45	26	32	22
AT4G21250	0	2	0	1	3	1
AT4G21270	52	57	58	192	149	105
AT4G21280	5963	5714	11575	26514	27970	28496
AT4G21300	152	144	72	62	40	52
AT4G21310	84	71	98	62	51	48
AT4G21320	26	25	37	54	54	41
AT4G21323	9	3	13	19	5	6
AT4G21326	333	292	333	676	600	508
AT4G21330	0	0	1	0	0	0
AT4G21340	0	0	0	1	0	0
AT4G21350	285	274	292	414	288	248
AT4G21380	1736	1566	977	1109	859	1104
AT4G21390	716	645	342	881	837	575
AT4G21400	671	689	482	427	381	344
AT4G21410	541	492	243	389	375	373
AT4G21430	399	337	222	529	434	444
AT4G21440	64	45	48	59	58	36
AT4G21445	150	98	338	328	250	297
AT4G21450	2813	2616	2961	2363	1928	1646
AT4G21460	403	412	340	551	425	454
AT4G21470	1417	1317	1504	685	642	619
AT4G21480	29	24	29	66	50	53
AT4G21490	8	5	11	4	10	4
AT4G21500	84	66	76	30	28	23
AT4G21510	53	46	144	117	106	116
AT4G21520	300	251	207	187	165	128
AT4G21530	399	351	214	225	201	173
AT4G21534	695	560	501	374	315	351
AT4G21540	1076	965	798	912	841	839
AT4G21550	164	126	105	124	103	86
AT4G21560	2250	1918	1829	1313	1306	1340
AT4G21570	7645	6777	6063	7790	7052	6986
AT4G21580	3457	3053	2871	1559	1288	1146
AT4G21585	126	132	155	270	200	204
AT4G21590	1	0	1	13	11	5
AT4G21600	0	1	5	2	7	3
AT4G21610	214	216	277	133	122	115
AT4G21620	1449	1359	1395	1261	1122	1363
AT4G21640	1	1	18	59	33	15
AT4G21650	55	67	183	956	772	552
AT4G21660	4081	3516	3004	3029	2301	2163
AT4G21670	1757	1658	891	786	731	676
AT4G21680	399	354	130	405	388	188
AT4G21700	497	477	209	436	364	394
AT4G21705	146	126	109	176	165	152
AT4G21710	3406	3140	2107	2286	1930	1761
AT4G21720	131	138	142	146	127	151
AT4G21740	446	443	456	568	491	376
AT4G21745	0	0	4	1	1	2
AT4G21750	1248	1087	959	2539	2114	2366
AT4G21760	72	76	112	220	188	195
AT4G21770	334	307	319	575	512	482
AT4G21780	11	18	15	23	23	25
AT4G21790	2588	2316	2279	3031	2672	2302
AT4G21800	1814	1633	1586	803	694	612
AT4G21810	1348	1246	1620	1506	1215	1116
AT4G21820	52	24	35	96	77	68
AT4G21830	445	477	513	560	499	72
AT4G21840	1286	1227	1199	251	258	94
AT4G21850	4747	4244	3093	1254	1150	431
AT4G21860	2660	2309	3060	4091	3607	3680
AT4G21865	110	84	106	95	70	49
AT4G21870	91	71	164	132	118	174
AT4G21880	99	95	68	180	138	140
AT4G21890	54	46	28	49	47	87
AT4G21895	1	0	0	0	0	0
AT4G21900	263	233	222	234	222	161
AT4G21903	707	687	447	171	161	127
AT4G21910	3881	3655	4699	2002	1749	1531
AT4G21920	76	79	138	95	73	86
AT4G21926	70	48	79	114	90	61
AT4G21930	61	62	91	80	91	44
AT4G21940	427	365	296	272	246	188
AT4G21950	16	15	28	1	4	1
AT4G21960	24945	23723	30141	102682	92616	77167
AT4G21970	2	4	11	32	23	13
AT4G21980	2321	2019	2571	979	878	747
AT4G21990	1139	990	1420	2535	2092	1531
AT4G22000	705	666	759	742	571	517
AT4G22010	446	474	633	1791	1721	1768
AT4G22030	31	51	9	8	10	5
AT4G22050	6	11	4	4	2	2
AT4G22070	30	34	20	23	16	14
AT4G22080	0	0	1	0	0	0
AT4G22100	0	0	0	0	2	0
AT4G22110	1	0	0	0	0	0
AT4G22120	245	186	185	348	284	302
AT4G22130	197	196	248	702	663	457
AT4G22140	724	603	688	625	495	448
AT4G22150	1296	1071	1118	866	730	716
AT4G22160	92	86	190	291	247	256
AT4G22170	5	7	15	19	12	6
AT4G22190	1410	1452	1574	1645	1412	1066
AT4G22200	724	671	822	1129	883	678
AT4G22212	6	3	11	6	5	6
AT4G22214	0	1	0	2	0	0
AT4G22220	5274	4698	5787	3694	3643	3325
AT4G22230	5	5	17	7	19	10
AT4G22233	1	1	4	7	10	10
AT4G22235	3	2	3	6	10	5
AT4G22240	4463	4116	4026	6065	5174	4523
AT4G22250	140	137	194	82	72	61
AT4G22260	2639	2294	1708	1405	1367	1289
AT4G22270	103	98	99	127	129	101
AT4G22280	102	52	73	38	38	35
AT4G22285	1567	1462	1100	880	775	832
AT4G22290	210	203	277	817	693	662
AT4G22300	214	180	208	278	270	288
AT4G22305	664	559	531	349	327	388
AT4G22310	781	667	937	1445	1351	1264
AT4G22320	229	163	171	121	79	88
AT4G22330	1961	1720	1888	1399	1257	1194
AT4G22340	273	218	320	278	268	216
AT4G22350	546	472	382	391	322	298
AT4G22360	955	876	775	842	704	688
AT4G22370	7	7	22	5	6	5
AT4G22380	971	881	926	364	355	335
AT4G22390	31	29	40	27	13	20
AT4G22410	51	41	24	74	23	63
AT4G22420	0	1	0	0	0	0
AT4G22460	3	0	0	2	0	1
AT4G22470	1277	1272	584	1761	1470	1095
AT4G22485	322	348	369	1109	882	302
AT4G22490	213	222	232	549	536	193
AT4G22505	321	357	411	1021	797	318
AT4G22510	75	82	118	233	234	53
AT4G22513	122	111	146	359	356	101
AT4G22517	108	84	125	273	255	63
AT4G22520	41	43	48	160	88	50
AT4G22530	198	205	233	220	199	228
AT4G22540	3114	2726	2545	3381	2664	2820
AT4G22550	113	125	110	146	155	158
AT4G22560	12	14	33	55	63	45
AT4G22570	575	479	926	1505	1302	853
AT4G22580	464	409	289	663	584	599
AT4G22590	3442	3002	1759	1311	1075	994
AT4G22592	3442	3002	1759	1311	1075	994
AT4G22600	0	1	2	0	0	0
AT4G22610	0	2	4	5	6	0
AT4G22620	5	5	17	55	31	36
AT4G22630	0	0	0	0	2	0
AT4G22640	2	0	0	1	1	0
AT4G22666	0	0	0	0	1	0
AT4G22670	4627	4475	3254	2879	2816	2730
AT4G22680	17	7	18	10	5	1
AT4G22690	17462	15911	14139	26999	25839	24967
AT4G22700	0	0	2	1	0	2
AT4G22710	7303	6654	5200	10143	9837	9534
AT4G22720	775	671	585	454	430	380
AT4G22730	157	160	140	125	121	126
AT4G22740	1625	1469	1387	1098	906	869
AT4G22745	330	310	433	465	368	336
AT4G22750	1470	1275	1239	1259	1252	1087
AT4G22753	2152	1841	1930	2259	2163	1765
AT4G22756	165	159	145	350	289	288
AT4G22758	149	144	161	53	45	41
AT4G22760	48	49	19	39	44	39
AT4G22770	134	152	91	86	81	108
AT4G22780	6259	5532	3247	4632	3731	3023
AT4G22785	0	0	3	0	0	0
AT4G22790	67	53	71	44	38	58
AT4G22810	3	0	0	0	1	0
AT4G22820	2850	2738	2584	844	781	693
AT4G22830	204	198	269	536	525	574
AT4G22840	299	290	288	362	293	279
AT4G22850	284	243	214	205	149	139
AT4G22860	26	19	30	82	61	47
AT4G22870	0	1	1	7	9	4
AT4G22880	76	77	160	483	373	139
AT4G22890	5039	4549	7941	11852	11609	10083
AT4G22900	12	5	14	8	5	7
AT4G22910	408	393	212	319	244	271
AT4G22920	3725	3209	4116	848	650	488
AT4G22930	1041	956	817	1112	952	1050
AT4G22940	24	24	19	10	4	6
AT4G22950	340	300	711	136	93	115
AT4G22960	3907	3385	2498	9	11	10
AT4G22970	221	231	112	172	133	124
AT4G22980	818	659	504	409	338	348
AT4G22990	536	563	589	901	793	796
AT4G23000	260	217	167	217	192	274
AT4G23010	6524	5913	4186	2840	2451	2599
AT4G23020	29	20	42	237	179	158
AT4G23030	123	126	70	166	118	99
AT4G23040	619	558	517	562	487	472
AT4G23050	712	613	458	786	604	533
AT4G23060	373	388	293	625	601	500
AT4G23070	0	1	0	1	3	3
AT4G23100	10318	9251	7209	10274	8773	8412
AT4G23130	1006	930	802	706	619	598
AT4G23140	11065	9983	5020	2770	2394	1951
AT4G23150	4743	4253	1809	1078	940	704
AT4G23160	3812	3540	1992	487	397	323
AT4G23170	4523	4331	3884	2643	2443	2680
AT4G23180	9108	8497	5927	17393	14914	13391
AT4G23190	3440	3186	1802	2132	1836	1447
AT4G23200	889	740	467	364	357	323
AT4G23205	3	2	0	1	2	6
AT4G23210	1027	883	593	340	316	265
AT4G23220	3692	3454	1973	3439	3075	2672
AT4G23230	1404	1268	825	692	671	544
AT4G23240	262	238	173	109	103	113
AT4G23250	2182	2040	1600	2137	1666	1566
AT4G23260	6365	5807	4998	2315	1962	2056
AT4G23270	4912	4338	3263	3623	3081	3437
AT4G23271	45	37	39	22	30	40
AT4G23280	233	209	104	67	62	32
AT4G23290	204	177	345	1309	1095	1000
AT4G23300	993	842	738	1187	1036	943
AT4G23310	1753	1505	631	241	217	163
AT4G23320	906	743	565	304	247	194
AT4G23330	376	371	412	411	353	312
AT4G23340	0	1	5	4	4	2
AT4G23350	0	0	0	0	1	1
AT4G23370	0	0	0	0	0	1
AT4G23380	0	1	0	0	0	0
AT4G23400	1521	1461	2403	6317	6170	7306
AT4G23410	35	19	34	27	31	36
AT4G23420	120	164	286	65	50	41
AT4G23430	427	453	534	650	563	554
AT4G23440	170	135	117	339	317	293
AT4G23450	369	334	360	101	69	78
AT4G23460	4072	3773	1973	2134	2108	2198
AT4G23470	6763	6051	5119	4201	4230	3947
AT4G23490	56	56	55	170	155	119
AT4G23493	20	16	19	13	15	14
AT4G23496	1	2	3	8	4	6
AT4G23500	162	132	249	290	260	219
AT4G23510	4	3	9	0	2	1
AT4G23515	12	4	6	6	3	1
AT4G23520	0	0	1	3	0	0
AT4G23530	939	864	843	1029	869	828
AT4G23540	1654	1461	708	722	561	619
AT4G23550	261	218	148	40	49	64
AT4G23560	1	2	0	0	1	0
AT4G23570	3440	3068	2630	2512	1985	2001
AT4G23590	2	0	1	0	0	1
AT4G23600	8372	7653	4652	13268	11662	9699
AT4G23610	1422	1448	1228	833	629	478
AT4G23620	625	573	612	326	312	250
AT4G23630	7821	6938	7224	4929	4282	3295
AT4G23640	2344	2225	1468	1665	1477	1568
AT4G23650	4877	4190	3822	4330	3348	3454
AT4G23660	416	345	330	319	302	235
AT4G23670	4285	3930	9056	19181	15298	12236
AT4G23680	715	638	924	150	137	75
AT4G23690	21	26	36	60	33	39
AT4G23700	1168	1049	705	227	217	140
AT4G23710	616	609	802	1083	939	1002
AT4G23713	0	1	0	0	1	0
AT4G23720	30	34	46	16	17	10
AT4G23730	1238	1121	1272	1269	1155	1028
AT4G23740	420	347	487	1061	927	985
AT4G23750	127	148	135	229	190	186
AT4G23760	372	350	382	214	234	207
AT4G23770	122	113	211	74	71	67
AT4G23780	0	0	0	0	2	0
AT4G23790	193	177	243	706	615	515
AT4G23800	855	780	979	1272	1076	976
AT4G23810	14831	13714	9017	13959	11109	9579
AT4G23820	641	581	900	4187	3537	4518
AT4G23840	503	458	375	302	212	226
AT4G23850	14032	12161	8198	9234	8128	7362
AT4G23860	1592	1459	1367	638	628	531
AT4G23870	460	427	624	579	527	495
AT4G23880	2061	1702	1881	1321	1025	786
AT4G23882	41	31	26	50	46	25
AT4G23885	307	280	329	252	237	177
AT4G23890	3144	2810	4825	5112	4080	3952
AT4G23895	405	379	495	572	466	457
AT4G23900	122	105	156	177	148	136
AT4G23910	1413	1300	1219	677	574	620
AT4G23920	580	462	402	352	357	404
AT4G23930	31	23	29	45	54	59
AT4G23940	536	493	465	1343	1033	1172
AT4G23950	186	140	84	95	110	115
AT4G23960	0	2	1	5	3	0
AT4G23970	1	0	1	2	1	0
AT4G23980	844	774	622	918	754	661
AT4G23990	298	293	424	228	211	184
AT4G24000	1324	1276	509	265	248	142
AT4G24010	15	20	28	134	139	69
AT4G24015	164	133	168	154	128	180
AT4G24020	2337	2137	1713	2094	1946	1889
AT4G24026	12	23	19	23	26	16
AT4G24030	7	13	5	14	18	8
AT4G24040	402	337	238	207	180	195
AT4G24050	42	49	71	118	89	64
AT4G24060	717	605	619	604	481	476
AT4G24080	2	2	2	3	4	2
AT4G24090	516	475	732	820	693	765
AT4G24100	771	678	570	597	483	461
AT4G24110	365	389	267	406	353	318
AT4G24120	1191	1185	769	412	421	523
AT4G24130	81	87	108	46	49	40
AT4G24140	76	52	74	38	39	44
AT4G24150	26	27	21	19	16	7
AT4G24160	1719	1491	1196	1398	1320	1285
AT4G24170	2	2	0	3	7	7
AT4G24175	94	92	90	158	119	148
AT4G24180	1	5	2	11	7	3
AT4G24190	15141	13565	8193	11230	8924	8913
AT4G24200	1877	1718	956	828	778	761
AT4G24204	0	0	0	0	2	0
AT4G24210	735	732	889	440	351	311
AT4G24220	9193	8417	6860	6800	6382	6470
AT4G24230	729	712	912	1312	1103	1080
AT4G24231	1	0	0	0	0	0
AT4G24240	475	453	345	302	268	306
AT4G24250	6	14	14	23	23	9
AT4G24260	12	5	6	16	8	9
AT4G24265	2	9	6	31	27	24
AT4G24270	1264	1048	630	685	534	513
AT4G24275	29	27	69	228	222	159
AT4G24280	8357	7541	5660	9615	8092	8197
AT4G24290	2919	2715	2189	2403	2005	1852
AT4G24310	17	13	13	4	5	0
AT4G24320	62	51	18	43	41	29
AT4G24330	2816	2522	1986	2066	1806	1742
AT4G24340	20	17	36	417	381	73
AT4G24350	834	766	1566	7178	6058	3383
AT4G24370	918	893	846	342	348	343
AT4G24380	2482	2323	2394	3671	3263	2886
AT4G24390	1899	1780	2109	2538	2289	2087
AT4G24400	1802	1588	1333	959	770	808
AT4G24410	3	4	0	4	4	6
AT4G24415	61	52	46	44	63	61
AT4G24420	9	4	21	1	0	0
AT4G24430	7	12	6	7	7	9
AT4G24440	767	588	707	669	585	565
AT4G24450	992	861	722	595	572	494
AT4G24460	608	576	483	843	761	824
AT4G24470	719	626	694	724	629	582
AT4G24480	214	203	190	392	340	323
AT4G24490	1116	1037	743	633	557	639
AT4G24500	359	330	381	366	257	308
AT4G24510	99	102	239	744	634	713
AT4G24520	3206	2871	2342	4650	4035	3597
AT4G24530	311	280	248	438	395	395
AT4G24540	290	205	378	568	468	351
AT4G24550	2027	1768	1544	1848	1568	1480
AT4G24560	1666	1408	780	1209	940	1029
AT4G24565	0	0	3	0	0	0
AT4G24570	28016	28733	22974	23699	21964	21757
AT4G24580	426	322	200	74	83	84
AT4G24590	1242	1014	1488	348	310	266
AT4G24600	0	0	0	0	1	1
AT4G24610	821	728	474	412	306	428
AT4G24620	1731	1606	1425	3156	2595	2715
AT4G24630	642	550	448	587	523	433
AT4G24660	230	295	344	223	235	192
AT4G24670	42	38	58	218	198	124
AT4G24680	2739	2287	1071	2123	1763	1714
AT4G24690	40511	36347	31287	11781	10655	11733
AT4G24700	26	13	99	51	45	26
AT4G24710	72	54	68	62	69	34
AT4G24730	583	529	548	512	474	500
AT4G24740	2076	1952	1875	1764	1440	1435
AT4G24750	1160	959	1600	2904	2613	3004
AT4G24760	310	348	314	437	411	334
AT4G24770	6305	5819	9207	20470	17088	17925
AT4G24780	783	769	1473	2460	2287	1868
AT4G24790	98	96	103	216	229	189
AT4G24800	2746	2434	2900	4059	3765	3118
AT4G24805	473	464	563	778	756	794
AT4G24810	416	357	499	475	448	497
AT4G24820	4725	4167	4518	3123	2814	2703
AT4G24830	2096	1856	1344	2285	1945	1689
AT4G24840	1292	1202	705	1106	985	945
AT4G24860	35	25	22	18	10	10
AT4G24880	584	545	524	291	271	252
AT4G24890	9	5	17	4	2	3
AT4G24900	388	302	364	300	227	245
AT4G24910	49	35	54	48	33	16
AT4G24920	1403	1156	1504	1386	1187	1219
AT4G24930	653	594	786	1507	1120	1311
AT4G24940	1175	1026	908	790	654	634
AT4G24950	0	1	0	0	0	0
AT4G24960	850	751	774	588	603	466
AT4G24970	333	263	154	208	178	208
AT4G24972	441	394	341	550	432	348
AT4G24980	0	0	0	1	1	0
AT4G24990	1398	1206	1367	1442	1238	1229
AT4G25000	3542	3365	2061	501	448	542
AT4G25010	0	2	0	0	0	0
AT4G25020	181	168	158	266	175	134
AT4G25030	7448	6761	4905	6860	5978	5852
AT4G25040	2	0	0	0	0	0
AT4G25050	2015	1995	3799	8815	7332	8019
AT4G25070	280	281	130	178	139	99
AT4G25080	3175	2990	5410	7994	7865	7334
AT4G25090	0	0	0	1	2	0
AT4G25100	4055	3788	6395	19692	18933	20516
AT4G25110	663	661	392	324	309	400
AT4G25120	184	202	104	231	186	163
AT4G25130	3692	3593	3303	4702	4156	4282
AT4G25140	0	0	0	2	0	1
AT4G25150	46	46	50	81	63	71
AT4G25160	6	4	1	19	13	6
AT4G25170	3189	2960	3080	2047	1864	1752
AT4G25180	445	387	448	336	329	238
AT4G25200	6	7	4	0	0	0
AT4G25210	3788	3236	2714	2605	2236	2054
AT4G25220	10	6	6	0	2	3
AT4G25225	172	131	186	141	116	117
AT4G25230	1964	1753	1399	1677	1591	1528
AT4G25240	80	73	49	77	62	53
AT4G25260	161	183	238	362	336	308
AT4G25270	173	169	79	171	154	185
AT4G25280	459	459	464	396	340	316
AT4G25290	476	467	427	643	576	476
AT4G25300	360	343	396	301	347	280
AT4G25310	1	0	0	1	0	2
AT4G25315	155	166	194	119	99	103
AT4G25320	690	644	569	409	318	309
AT4G25330	470	431	562	0	0	0
AT4G25340	1763	1556	1069	772	570	449
AT4G25350	93	93	49	103	74	69
AT4G25360	1065	980	779	826	744	724
AT4G25370	2015	1957	2229	3129	2613	2812
AT4G25380	37	21	41	20	15	15
AT4G25386	0	1	0	0	1	0
AT4G25390	1644	1587	1186	1506	1290	1023
AT4G25400	2	0	0	0	0	0
AT4G25410	1	0	4	6	12	10
AT4G25420	13	7	12	52	41	30
AT4G25430	0	2	0	1	1	1
AT4G25433	7	3	4	9	15	5
AT4G25434	35	34	38	43	19	32
AT4G25440	565	530	422	570	422	473
AT4G25450	1606	1438	1216	1462	1268	1417
AT4G25470	2024	1997	3916	2578	2554	2067
AT4G25480	124	89	246	317	346	352
AT4G25490	793	810	1278	1122	1199	1276
AT4G25500	2428	2175	2337	3375	2717	2691
AT4G25510	23	14	1	8	15	16
AT4G25515	419	351	288	388	324	320
AT4G25520	1134	1022	869	1033	840	775
AT4G25530	0	1	0	0	0	0
AT4G25540	61	37	45	24	19	20
AT4G25550	1519	1421	1332	1266	1056	1029
AT4G25560	3	2	1	0	0	0
AT4G25570	3810	3347	4902	4650	4259	3909
AT4G25580	60	68	22	1	0	0
AT4G25600	67	49	59	137	116	133
AT4G25610	504	462	348	361	282	308
AT4G25620	2485	2249	1780	2350	2019	2202
AT4G25630	1518	1395	1005	612	622	518
AT4G25640	5734	5234	4968	2750	2544	2143
AT4G25650	3208	3049	2661	3938	3514	3523
AT4G25660	623	554	649	949	793	771
AT4G25670	3687	3233	3047	2781	2515	2036
AT4G25672	3685	3232	3040	2778	2515	2036
AT4G25680	623	598	635	821	708	592
AT4G25690	1006	843	1232	722	603	577
AT4G25692	1006	841	1231	720	603	577
AT4G25700	745	746	694	501	465	400
AT4G25707	25	22	31	8	14	12
AT4G25710	272	250	160	194	166	140
AT4G25719	326	332	395	333	242	269
AT4G25720	855	800	683	776	618	643
AT4G25730	2977	2576	1341	1297	1070	1040
AT4G25740	2095	2098	2263	1820	1945	1830
AT4G25750	5	5	1	9	8	7
AT4G25760	3	3	4	16	13	4
AT4G25770	717	659	633	669	592	617
AT4G25780	5	7	16	35	35	28
AT4G25800	358	325	300	233	175	138
AT4G25810	11210	10282	4857	1344	1205	1061
AT4G25820	21	32	19	0	0	0
AT4G25830	188	176	252	407	401	438
AT4G25835	260	235	182	259	180	257
AT4G25840	558	521	525	502	411	372
AT4G25845	17	18	17	6	2	6
AT4G25850	13	15	14	4	2	2
AT4G25860	2	0	0	0	0	0
AT4G25870	320	278	305	501	418	401
AT4G25880	3584	3250	2254	2036	1863	1643
AT4G25885	6	8	0	1	1	1
AT4G25890	610	593	867	657	743	696
AT4G25900	5410	4754	4288	2221	2006	1950
AT4G25910	736	697	1015	1011	761	734
AT4G25920	1	2	0	0	0	1
AT4G25930	2	0	3	0	0	0
AT4G25940	2224	1999	1407	2472	1921	2053
AT4G25950	4	4	8	24	19	10
AT4G25960	1503	1383	1005	3071	2611	2583
AT4G25970	3259	2825	2296	3711	3269	3396
AT4G25980	35	33	38	45	46	34
AT4G25990	59	47	68	110	83	104
AT4G26000	1557	1444	1188	883	755	729
AT4G26010	1	0	4	3	4	1
AT4G26020	1	4	0	4	3	1
AT4G26030	0	3	1	1	0	0
AT4G26040	1	0	0	0	0	0
AT4G26050	20	21	12	2	12	6
AT4G26055	35	23	18	11	11	15
AT4G26060	1013	939	1057	455	356	348
AT4G26070	1519	1390	1357	1366	1165	1330
AT4G26080	5278	4793	4539	3049	2693	2141
AT4G26090	3006	2743	1424	2052	1735	1797
AT4G26095	2799	2563	1162	1924	1602	1665
AT4G26100	1212	1172	1015	1192	961	954
AT4G26110	2427	2063	1966	2102	1694	1552
AT4G26120	381	326	245	181	154	99
AT4G26130	2889	2721	2712	2713	2300	2260
AT4G26140	208	219	203	268	248	205
AT4G26150	48	48	81	48	41	39
AT4G26160	430	380	462	315	287	277
AT4G26170	0	6	4	5	8	11
AT4G26180	347	311	338	173	136	141
AT4G26190	1804	1573	893	1210	943	878
AT4G26200	479	411	269	17	12	10
AT4G26210	535	495	480	368	348	335
AT4G26220	30	45	34	12	19	14
AT4G26230	1962	1618	2177	2189	1683	1485
AT4G26240	622	524	592	413	350	337
AT4G26250	0	1	0	1	2	0
AT4G26255	51	45	81	117	114	77
AT4G26260	123	107	79	7	8	2
AT4G26270	1917	1703	1290	908	724	862
AT4G26288	623	565	795	502	463	440
AT4G26290	10	11	9	10	10	3
AT4G26300	2598	2324	2011	1969	1645	1634
AT4G26310	535	498	499	523	422	389
AT4G26320	0	0	2	1	0	1
AT4G26330	1	2	2	6	2	1
AT4G26365	3	0	0	0	1	0
AT4G26370	1394	1304	1415	1950	1857	2066
AT4G26375	0	0	1	0	0	0
AT4G26380	117	110	64	30	19	19
AT4G26390	5	1	2	1	0	8
AT4G26400	2474	2237	2134	2098	1946	1874
AT4G26410	1099	1096	1211	1030	1031	1002
AT4G26420	0	0	0	1	0	0
AT4G26430	418	377	398	182	189	166
AT4G26440	4	2	0	0	2	3
AT4G26450	1309	1224	813	1179	970	920
AT4G26455	717	595	374	598	428	513
AT4G26460	30	19	15	0	0	0
AT4G26466	64	66	68	2	0	0
AT4G26470	110	94	108	36	27	26
AT4G26480	2165	2083	1933	2074	1748	1974
AT4G26488	97	67	85	62	56	84
AT4G26490	85	64	71	52	51	70
AT4G26500	752	637	473	856	589	661
AT4G26510	1794	1616	1483	1846	1572	1707
AT4G26520	553	541	672	715	711	728
AT4G26530	1435	1479	5013	11985	11871	11686
AT4G26540	236	184	379	1587	1343	1473
AT4G26542	149	113	116	842	727	824
AT4G26550	424	402	406	304	329	309
AT4G26555	415	358	626	1294	1073	1046
AT4G26560	1	1	0	2	0	0
AT4G26570	1009	878	890	1122	938	918
AT4G26580	5	8	21	8	5	9
AT4G26582	153	169	93	113	73	111
AT4G26590	298	325	263	197	173	155
AT4G26600	696	587	341	321	257	250
AT4G26610	1401	1233	983	1015	923	945
AT4G26620	814	698	819	739	745	702
AT4G26630	6560	5640	4414	4756	3870	3479
AT4G26640	1764	1594	1387	1088	899	885
AT4G26650	1118	983	942	1047	968	981
AT4G26660	47	50	37	138	122	154
AT4G26670	1543	1370	1361	1085	1132	1929
AT4G26675	2	0	1	0	0	0
AT4G26680	89	88	120	66	89	67
AT4G26690	7847	7191	3295	6133	5543	6087
AT4G26700	1839	1654	1428	2924	2552	2390
AT4G26701	2	4	2	2	1	0
AT4G26710	1634	1484	1683	2838	2410	2478
AT4G26720	670	645	600	586	535	475
AT4G26730	0	1	0	1	0	1
AT4G26740	2	0	0	0	1	1
AT4G26750	2004	1933	1187	1034	900	825
AT4G26760	228	200	244	738	627	638
AT4G26770	2	6	3	2	2	0
AT4G26780	611	524	389	302	258	247
AT4G26790	108	102	137	167	154	151
AT4G26795	134	125	157	182	173	171
AT4G26800	87	78	54	39	35	41
AT4G26810	286	256	266	129	115	129
AT4G26820	2	0	0	0	0	1
AT4G26830	4	8	4	18	13	20
AT4G26840	1890	1737	2376	1261	1161	1096
AT4G26850	6296	5630	7751	7691	7051	4225
AT4G26860	731	704	1099	1281	1100	965
AT4G26870	3118	2746	2075	1760	1502	1260
AT4G26890	51	53	56	79	64	50
AT4G26900	1209	1063	782	1333	1071	1197
AT4G26910	4054	3741	2511	2592	2241	2329
AT4G26930	3	3	0	2	0	1
AT4G26940	1210	1107	867	1665	1459	1324
AT4G26950	25	24	44	23	13	18
AT4G26960	55	48	78	63	70	61
AT4G26965	291	282	332	221	175	192
AT4G26970	7971	7395	4059	5372	4687	4337
AT4G26980	312	247	302	266	238	220
AT4G26990	420	370	250	184	124	141
AT4G27000	4707	4311	3722	3408	3152	2707
AT4G27010	771	704	228	276	260	215
AT4G27020	1006	991	899	713	626	531
AT4G27030	404	360	717	391	325	311
AT4G27040	914	867	804	1023	982	937
AT4G27050	533	472	413	403	397	340
AT4G27060	858	776	575	945	744	752
AT4G27070	419	423	404	558	543	332
AT4G27080	1137	1038	810	1228	1032	1142
AT4G27090	3018	2805	4415	7876	6893	5957
AT4G27100	545	456	430	532	471	473
AT4G27110	0	1	0	0	0	0
AT4G27120	935	838	845	902	673	570
AT4G27130	3028	2765	2810	2351	1983	3090
AT4G27140	3	5	3	10	6	10
AT4G27150	0	1	1	0	1	1
AT4G27180	713	647	602	1621	1355	1259
AT4G27190	0	0	1	4	3	0
AT4G27220	14	23	9	13	13	16
AT4G27230	830	879	1557	622	687	602
AT4G27240	121	115	134	203	164	120
AT4G27250	3	2	3	2	4	1
AT4G27260	1892	1853	1045	463	387	289
AT4G27270	181	141	164	230	226	206
AT4G27280	9805	8986	10077	8391	7693	6150
AT4G27290	21	8	34	45	41	21
AT4G27300	2031	1714	1691	4927	4196	3355
AT4G27310	899	788	1767	1812	1612	986
AT4G27320	2325	2183	2057	2038	2003	1557
AT4G27340	576	575	386	513	468	413
AT4G27350	424	395	328	407	380	289
AT4G27360	0	0	1	0	0	0
AT4G27370	50	42	52	149	100	79
AT4G27380	685	545	728	584	373	410
AT4G27390	633	596	702	785	771	796
AT4G27410	2897	2687	2713	2622	2119	1566
AT4G27430	936	867	740	3320	2624	2694
AT4G27435	44	43	85	138	110	96
AT4G27440	13618	12500	15763	47199	40119	50196
AT4G27450	2488	2134	4141	2844	2653	1581
AT4G27460	129	112	124	253	225	191
AT4G27470	1822	1713	1525	1078	872	870
AT4G27480	879	756	514	278	298	236
AT4G27490	355	336	265	204	194	193
AT4G27500	9611	9089	6018	8677	6898	7100
AT4G27510	40	38	41	29	32	15
AT4G27520	7910	7997	4585	8815	8254	7196
AT4G27530	6	3	3	5	7	0
AT4G27540	468	455	474	230	214	211
AT4G27550	0	0	1	2	4	0
AT4G27560	532	485	492	1715	1287	1123
AT4G27570	23	28	26	102	64	60
AT4G27580	24	19	9	4	0	1
AT4G27585	1657	1556	1220	678	566	641
AT4G27590	7	4	5	16	11	3
AT4G27595	101	123	91	458	347	289
AT4G27600	2175	2043	1878	3594	2986	3342
AT4G27610	473	511	465	623	582	535
AT4G27620	513	486	493	504	406	494
AT4G27630	176	150	153	185	181	211
AT4G27640	2402	2053	1298	1962	1918	1922
AT4G27650	945	796	658	932	781	750
AT4G27652	5045	4404	6579	2497	3000	2702
AT4G27654	1564	1428	2206	1369	1444	1047
AT4G27657	1957	1792	2841	1918	1805	1388
AT4G27660	41	44	39	42	43	36
AT4G27670	4	1	0	0	1	0
AT4G27680	1212	1138	1150	601	573	541
AT4G27690	486	441	421	269	227	268
AT4G27700	1912	1820	3182	4101	3447	3223
AT4G27710	1503	1438	1562	2495	2132	1558
AT4G27720	1926	1729	1343	3152	3014	3066
AT4G27730	203	201	152	155	173	159
AT4G27740	647	584	948	770	642	603
AT4G27745	461	369	608	361	378	262
AT4G27750	661	621	681	485	445	453
AT4G27760	878	779	863	817	754	808
AT4G27765	2	1	0	2	1	3
AT4G27780	823	786	642	317	262	252
AT4G27790	2	0	1	0	1	0
AT4G27800	5222	4902	5492	6383	5855	7065
AT4G27810	10	4	1	0	3	3
AT4G27820	2021	1726	1903	794	641	705
AT4G27830	2775	2527	2322	1018	820	587
AT4G27840	218	163	177	207	205	211
AT4G27850	90	91	77	44	55	67
AT4G27852	105	101	83	60	58	70
AT4G27860	1056	942	1105	1210	954	632
AT4G27870	3457	3110	2947	2757	2345	2408
AT4G27880	922	829	858	554	494	458
AT4G27890	2	3	2	2	1	2
AT4G27900	1145	1124	822	508	355	494
AT4G27910	360	303	218	402	344	305
AT4G27940	570	492	412	186	184	154
AT4G27950	44	27	46	56	74	59
AT4G27960	3972	3686	4431	3889	3251	3202
AT4G27970	181	171	134	168	192	103
AT4G27980	11	15	6	12	11	15
AT4G27990	2134	2023	1964	2093	1964	1861
AT4G28000	2	0	0	0	2	0
AT4G28005	28	44	34	6	5	9
AT4G28010	117	95	81	101	78	88
AT4G28020	111	128	156	114	85	85
AT4G28025	940	903	1328	2115	1859	1715
AT4G28030	1394	1230	1894	2145	2038	1938
AT4G28040	218	179	153	60	46	37
AT4G28050	119	122	172	576	516	512
AT4G28060	1186	1078	1373	1144	1184	1026
AT4G28070	158	156	147	174	150	135
AT4G28080	7328	6641	5477	13501	11450	11391
AT4G28085	584	518	570	472	459	464
AT4G28088	2	5	1	0	1	5
AT4G28090	1	0	2	0	0	0
AT4G28100	442	441	393	498	429	368
AT4G28110	1	0	5	0	1	0
AT4G28130	0	0	0	1	0	1
AT4G28140	353	346	396	568	450	668
AT4G28150	139	151	186	176	149	169
AT4G28160	34	48	45	47	58	52
AT4G28162	23	37	31	39	42	37
AT4G28170	11	16	29	8	17	9
AT4G28180	104	105	156	252	212	158
AT4G28190	62	52	98	150	121	152
AT4G28200	2193	1970	1383	868	741	658
AT4G28210	759	714	666	701	629	686
AT4G28220	290	240	270	659	586	583
AT4G28230	52	48	82	136	138	116
AT4G28240	231	244	736	673	702	517
AT4G28250	120	109	211	555	497	335
AT4G28260	1460	1331	1480	2048	1608	1444
AT4G28270	505	480	689	360	308	337
AT4G28280	9	3	14	8	0	0
AT4G28290	116	100	271	111	95	78
AT4G28300	4115	3819	2606	3111	2768	2251
AT4G28310	52	60	110	94	82	68
AT4G28320	140	114	152	148	125	116
AT4G28330	23	24	33	39	28	20
AT4G28340	3	2	2	4	4	6
AT4G28350	362	292	305	422	349	312
AT4G28360	347	301	282	596	555	585
AT4G28365	0	0	0	1	0	0
AT4G28370	811	769	563	590	553	472
AT4G28380	50	51	31	46	36	35
AT4G28390	2450	2329	1829	619	622	375
AT4G28400	4610	4082	3778	3682	3210	2818
AT4G28405	60	78	90	26	34	38
AT4G28410	0	0	0	1	2	0
AT4G28420	44	44	38	10	10	3
AT4G28430	13	17	10	22	31	20
AT4G28440	1578	1412	1455	830	768	766
AT4G28450	1243	1137	678	541	415	466
AT4G28460	254	253	241	120	93	39
AT4G28470	1899	1863	1134	1381	1227	1268
AT4G28480	1258	1266	1084	921	746	697
AT4G28485	5	6	2	9	1	1
AT4G28490	1215	1107	719	1007	892	903
AT4G28500	7	6	16	14	14	22
AT4G28510	1178	1072	901	692	540	454
AT4G28530	43	51	50	12	4	3
AT4G28540	884	824	651	1017	898	934
AT4G28550	341	311	229	316	263	213
AT4G28556	30	31	63	5	14	11
AT4G28560	40	35	47	21	23	27
AT4G28570	1884	1713	1302	1082	834	748
AT4G28580	3	0	0	0	1	0
AT4G28590	452	407	274	232	173	194
AT4G28600	3066	2640	1679	1287	1148	1105
AT4G28610	2519	2319	2220	1664	1440	1363
AT4G28620	1	0	0	1	1	1
AT4G28630	417	324	337	563	476	488
AT4G28640	189	182	226	239	229	212
AT4G28650	946	851	635	424	389	363
AT4G28652	903	786	633	391	361	336
AT4G28660	1137	1002	1686	2441	1925	2079
AT4G28680	7	3	7	40	49	35
AT4G28690	143	130	104	77	79	79
AT4G28700	3	2	7	39	27	21
AT4G28703	97	105	191	182	151	102
AT4G28706	509	443	516	1233	1150	1218
AT4G28710	1998	1826	722	1966	1645	1779
AT4G28720	1	0	4	8	10	2
AT4G28730	401	394	484	454	362	422
AT4G28740	813	729	822	1095	942	895
AT4G28750	8240	8270	22346	48756	48262	46748
AT4G28760	1548	1388	1064	1675	1419	1293
AT4G28770	1558	1270	1493	1133	1065	1213
AT4G28775	0	0	2	0	1	0
AT4G28780	101	94	258	977	890	1073
AT4G28790	10	9	47	16	19	16
AT4G28811	0	3	1	1	0	0
AT4G28815	5	7	6	1	3	2
AT4G28820	98	64	90	116	91	79
AT4G28830	372	278	403	312	245	214
AT4G28840	0	5	0	7	2	1
AT4G28860	1430	1362	1535	1708	1435	1167
AT4G28880	3263	2826	2766	2168	1919	1800
AT4G28890	3	2	3	0	1	0
AT4G28910	2523	2162	1873	2245	1896	1782
AT4G28930	1	2	1	2	0	1
AT4G28940	62	45	43	11	11	3
AT4G28950	74	81	85	48	36	29
AT4G28980	730	680	554	815	774	823
AT4G28990	226	259	223	166	183	140
AT4G29000	871	752	503	481	390	414
AT4G29010	8392	7428	6138	7231	6291	5944
AT4G29020	150	141	331	826	963	625
AT4G29030	398	351	470	553	566	378
AT4G29040	6841	6067	5577	3334	2830	2710
AT4G29050	998	946	722	716	693	666
AT4G29060	8339	7345	5595	15084	11945	13925
AT4G29070	1265	1127	1397	1201	1145	975
AT4G29080	200	210	388	729	695	584
AT4G29100	897	871	899	514	423	363
AT4G29110	937	927	1209	175	206	193
AT4G29120	964	915	1080	772	618	731
AT4G29130	1800	1650	1526	1513	1372	1389
AT4G29140	76	80	77	133	103	146
AT4G29150	24	17	16	24	15	8
AT4G29160	4677	4359	3556	2899	2750	2409
AT4G29170	474	421	472	81	74	77
AT4G29180	7	15	10	7	3	2
AT4G29190	2916	2736	3993	5766	5394	5299
AT4G29200	18	14	8	0	0	1
AT4G29210	2274	2037	2290	1625	1407	1131
AT4G29220	3054	2614	2415	2519	2224	2532
AT4G29230	211	226	91	63	42	42
AT4G29240	12	25	43	106	94	77
AT4G29250	2	0	0	3	1	0
AT4G29260	782	688	767	774	667	686
AT4G29270	9	8	16	31	20	26
AT4G29285	1	0	0	0	0	0
AT4G29305	2	0	1	0	0	0
AT4G29310	109	129	165	505	441	531
AT4G29330	895	784	805	659	557	566
AT4G29340	3	1	14	4	0	0
AT4G29350	4506	4298	4676	6116	6760	6112
AT4G29360	76	66	120	269	207	169
AT4G29370	1	0	0	1	1	0
AT4G29380	1876	1764	981	1207	1117	986
AT4G29390	2274	2090	2494	1536	1435	1280
AT4G29400	180	153	142	358	310	300
AT4G29410	1448	1386	1490	1970	1816	1554
AT4G29420	317	284	312	217	202	179
AT4G29430	264	233	268	219	183	203
AT4G29440	3761	3219	1402	1988	1710	1680
AT4G29460	0	0	0	0	1	0
AT4G29470	6	4	10	2	4	1
AT4G29480	1138	1080	1264	1497	1302	1315
AT4G29490	1561	1426	1312	1221	1020	1018
AT4G29510	2185	1899	1418	908	781	775
AT4G29520	907	740	640	556	417	453
AT4G29530	277	221	271	110	90	91
AT4G29540	144	130	110	105	74	81
AT4G29548	2	0	0	0	1	0
AT4G29550	5	3	2	10	10	7
AT4G29560	164	125	93	71	69	66
AT4G29570	25	21	15	3	2	1
AT4G29580	10	2	13	2	1	5
AT4G29590	624	626	646	1067	846	948
AT4G29600	4	2	3	8	5	9
AT4G29610	204	219	223	750	669	929
AT4G29620	0	4	0	1	0	0
AT4G29640	3	13	0	0	0	0
AT4G29650	6	13	10	2	1	1
AT4G29658	1	0	1	0	0	0
AT4G29660	386	346	453	312	265	231
AT4G29670	5300	4938	4473	5707	5156	5639
AT4G29680	1181	1078	914	704	616	564
AT4G29690	8	4	10	72	37	13
AT4G29700	133	147	320	723	651	319
AT4G29710	2	6	6	10	9	6
AT4G29720	351	272	406	658	449	448
AT4G29730	191	193	176	200	197	164
AT4G29735	900	823	1359	742	791	736
AT4G29740	700	639	491	973	707	609
AT4G29750	1664	1444	1165	2075	1716	1540
AT4G29760	16	17	5	2	0	2
AT4G29770	9	7	8	5	4	2
AT4G29780	28190	28307	20279	25681	21385	19532
AT4G29790	1699	1471	841	1410	1188	1165
AT4G29800	9	12	11	6	2	4
AT4G29810	2793	2487	1971	1829	1711	1597
AT4G29820	777	627	669	471	432	406
AT4G29830	853	733	771	354	424	416
AT4G29840	4118	3741	2790	1946	1991	2477
AT4G29850	333	310	224	93	81	49
AT4G29860	601	573	442	303	250	201
AT4G29870	634	535	552	586	578	540
AT4G29880	23	17	20	12	8	16
AT4G29890	580	461	604	629	472	602
AT4G29900	12306	11043	5932	6234	5701	5387
AT4G29905	1035	860	2351	3998	3426	2933
AT4G29910	416	363	309	308	278	229
AT4G29920	31	30	36	89	76	61
AT4G29930	10	5	8	15	13	2
AT4G29940	539	503	301	558	371	344
AT4G29950	5384	4614	3245	2472	2068	1937
AT4G29960	921	854	902	650	558	576
AT4G29970	0	0	0	1	0	0
AT4G29990	145	124	142	160	129	151
AT4G30000	155	128	114	217	192	161
AT4G30010	3136	2750	4034	2540	2250	1921
AT4G30020	1293	1089	840	2777	2364	2440
AT4G30060	594	568	400	946	813	724
AT4G30080	765	700	518	545	450	543
AT4G30090	105	88	91	213	160	140
AT4G30097	108	113	7	94	72	70
AT4G30100	3746	3227	1771	3610	3097	2935
AT4G30110	165	141	237	647	570	455
AT4G30120	6	4	5	9	11	9
AT4G30130	76	57	52	72	66	56
AT4G30140	67	77	103	330	244	50
AT4G30150	1129	1059	455	364	336	342
AT4G30160	2600	2345	1135	2670	2236	2087
AT4G30170	8	11	9	25	33	12
AT4G30180	14	23	42	57	55	20
AT4G30190	15506	13687	6477	6785	6129	6806
AT4G30200	1960	1759	1408	1546	1646	1544
AT4G30210	12122	10427	5447	13162	11494	11884
AT4G30220	889	762	1056	823	684	703
AT4G30230	198	152	134	28	20	21
AT4G30240	1507	1279	1181	856	780	848
AT4G30250	11	6	25	114	83	53
AT4G30260	1682	1526	1308	1621	1566	1484
AT4G30270	24136	21697	16732	7127	6704	6089
AT4G30280	5330	4913	3348	3564	3041	2402
AT4G30290	752	644	624	761	572	452
AT4G30300	5	1	2	0	1	0
AT4G30310	2610	2285	1981	3071	2846	2689
AT4G30320	0	0	1	4	4	2
AT4G30330	209	188	251	296	252	226
AT4G30340	885	792	547	1022	872	880
AT4G30350	3101	2903	1581	3375	2558	3178
AT4G30360	1025	893	840	813	772	752
AT4G30370	93	111	145	112	113	104
AT4G30380	2	3	2	0	2	0
AT4G30390	860	742	840	532	412	406
AT4G30400	87	97	120	215	124	152
AT4G30410	54	32	115	150	112	125
AT4G30420	16	11	17	2	4	4
AT4G30430	705	674	282	142	151	121
AT4G30440	15387	14389	14295	12750	10569	10997
AT4G30450	101	82	183	56	57	37
AT4G30460	167	166	257	87	94	40
AT4G30470	1288	1140	1060	1065	815	729
AT4G30480	1103	977	1068	676	588	582
AT4G30490	2117	1833	1406	966	932	794
AT4G30500	55	78	42	65	63	72
AT4G30510	314	296	270	259	220	199
AT4G30520	85	81	102	209	159	162
AT4G30530	8492	7404	9704	10192	8736	7297
AT4G30540	0	2	0	0	0	0
AT4G30550	1319	1180	1438	1329	1142	1118
AT4G30560	214	200	166	356	259	257
AT4G30570	133	82	112	128	117	97
AT4G30580	1076	985	1103	1752	1514	1521
AT4G30600	9820	8655	7454	7578	6435	6091
AT4G30610	29	22	66	192	192	187
AT4G30620	379	306	465	798	601	672
AT4G30630	460	420	453	349	254	272
AT4G30640	88	70	61	53	48	33
AT4G30650	1399	1271	1826	2469	2510	4810
AT4G30660	694	657	1347	1755	1802	1995
AT4G30662	37	27	106	75	99	97
AT4G30670	51	57	42	24	10	22
AT4G30680	534	443	356	188	177	206
AT4G30690	980	840	1534	3221	2848	3034
AT4G30700	99	91	40	84	67	84
AT4G30710	251	217	220	485	424	440
AT4G30720	812	680	703	1448	1163	1426
AT4G30730	32	40	40	12	16	14
AT4G30740	6	1	3	2	4	2
AT4G30750	1513	1453	1439	824	666	688
AT4G30760	1482	1383	1874	1041	935	907
AT4G30780	1671	1627	1250	1137	989	953
AT4G30790	1921	1647	990	1374	1177	1167
AT4G30800	260	237	196	190	166	178
AT4G30810	946	908	923	1545	1338	1204
AT4G30820	223	223	278	235	185	161
AT4G30825	578	471	331	738	607	647
AT4G30830	8	7	6	26	16	7
AT4G30840	357	319	294	169	161	164
AT4G30845	61	38	73	69	96	108
AT4G30850	441	376	225	537	482	561
AT4G30860	102	108	91	114	77	75
AT4G30870	162	160	101	122	92	89
AT4G30880	1	2	1	3	0	0
AT4G30890	2252	1968	1528	1414	1216	1272
AT4G30900	681	614	552	574	525	567
AT4G30910	1108	1034	785	1365	1084	1200
AT4G30920	4161	3681	2896	4338	3520	3914
AT4G30930	485	477	488	359	348	350
AT4G30935	705	639	492	417	315	355
AT4G30940	70	56	96	133	104	114
AT4G30950	4280	3812	5132	10704	9939	10025
AT4G30960	5383	4843	5382	7079	5873	4037
AT4G30970	0	0	0	1	0	0
AT4G30972	0	2	0	0	0	0
AT4G30975	12	14	17	21	18	12
AT4G30980	24	38	24	42	33	16
AT4G30990	2141	1841	672	1140	1047	932
AT4G30993	921	836	1416	1834	1678	1653
AT4G30996	821	769	874	1112	1120	1151
AT4G31000	1020	945	366	1079	839	967
AT4G31010	431	422	440	351	279	269
AT4G31020	73	82	151	78	52	49
AT4G31030	10	3	15	10	10	8
AT4G31040	1750	1552	1607	2499	2159	2372
AT4G31050	195	154	171	371	315	387
AT4G31060	211	182	229	381	295	351
AT4G31070	117	103	46	36	32	35
AT4G31080	1789	1569	1398	1826	1493	1394
AT4G31100	28	29	23	8	3	11
AT4G31110	10	16	14	20	17	15
AT4G31115	543	493	696	588	500	643
AT4G31120	1256	1085	752	718	688	683
AT4G31130	1337	1233	1580	666	694	617
AT4G31140	359	319	333	425	306	282
AT4G31150	371	278	365	380	272	267
AT4G31160	2151	1913	987	1232	977	907
AT4G31170	4347	3959	3740	2571	2151	2157
AT4G31180	7010	6256	5075	3034	2710	2585
AT4G31200	730	669	521	507	446	396
AT4G31210	1304	1038	514	1073	773	950
AT4G31230	50	54	32	29	24	26
AT4G31240	484	438	430	163	179	171
AT4G31248	252	253	158	143	156	155
AT4G31250	279	275	167	152	165	166
AT4G31265	0	1	0	0	0	2
AT4G31270	178	181	171	213	175	144
AT4G31280	0	2	0	1	0	1
AT4G31290	1413	1307	1992	1969	1772	1869
AT4G31300	4560	4265	4208	2611	2323	2157
AT4G31310	338	280	541	626	534	496
AT4G31330	15	6	23	45	49	33
AT4G31340	2932	2644	2404	3416	2731	2514
AT4G31350	570	516	471	648	578	529
AT4G31351	30	20	8	12	7	7
AT4G31354	37	30	22	7	12	13
AT4G31355	21	18	17	8	4	5
AT4G31360	62	57	64	126	97	91
AT4G31370	4	1	0	3	4	3
AT4G31380	1	0	1	0	2	5
AT4G31390	1952	1863	1184	1004	868	910
AT4G31398	69	57	83	40	15	28
AT4G31400	170	178	185	87	71	88
AT4G31408	1	1	5	1	2	6
AT4G31410	875	763	784	627	543	546
AT4G31420	1153	983	898	900	836	832
AT4G31430	1255	1130	901	785	680	589
AT4G31440	217	173	111	197	145	151
AT4G31441	41	20	34	30	22	31
AT4G31450	1057	1003	1243	926	776	713
AT4G31460	674	575	551	524	423	393
AT4G31470	0	0	0	1	0	2
AT4G31480	4094	3600	2379	4033	3313	3502
AT4G31490	3141	2825	1498	2755	2336	2696
AT4G31500	26423	24091	20531	21623	18017	15363
AT4G31510	2002	1709	2451	944	821	771
AT4G31520	159	125	90	21	19	16
AT4G31530	1097	943	1186	2468	2032	2260
AT4G31540	939	882	520	666	518	572
AT4G31550	5169	4856	4229	6731	5513	5503
AT4G31560	738	777	1028	1092	1082	1044
AT4G31570	3094	2614	1358	2046	1832	1652
AT4G31580	1593	1589	1345	769	894	716
AT4G31590	202	206	251	1119	1031	883
AT4G31600	458	391	446	244	270	291
AT4G31610	3	2	2	20	21	2
AT4G31615	6	3	9	9	8	1
AT4G31620	33	22	52	117	82	108
AT4G31630	0	0	0	1	1	0
AT4G31640	3	0	4	5	5	2
AT4G31650	308	313	247	348	348	291
AT4G31660	2	0	0	0	1	0
AT4G31670	932	794	601	464	509	446
AT4G31680	0	1	0	1	1	3
AT4G31690	3	0	2	3	1	0
AT4G31700	8163	7296	6653	5863	5068	4830
AT4G31710	5	1	3	1	1	0
AT4G31720	743	687	780	965	874	875
AT4G31730	11	13	25	6	10	7
AT4G31740	3	0	1	0	1	2
AT4G31750	556	506	554	486	429	425
AT4G31760	2	5	4	1	1	3
AT4G31770	522	444	369	330	311	280
AT4G31780	2147	1847	1771	3151	2818	2841
AT4G31790	900	819	663	451	349	377
AT4G31800	10970	10066	7162	5826	4306	5329
AT4G31805	23	24	41	79	60	53
AT4G31810	476	400	316	409	362	313
AT4G31820	840	718	789	1792	1555	1648
AT4G31830	1	1	0	0	1	1
AT4G31840	94	102	151	311	289	260
AT4G31850	850	779	698	1600	1261	1479
AT4G31860	1461	1334	1148	1450	1191	1184
AT4G31870	123	82	166	80	79	64
AT4G31875	66	65	101	43	31	28
AT4G31877	43	26	46	11	20	10
AT4G31880	2659	2390	1573	1546	1427	1365
AT4G31890	53	49	68	176	181	182
AT4G31910	2	3	5	7	3	4
AT4G31920	793	666	630	602	505	463
AT4G31930	125	147	98	116	78	111
AT4G31940	2	0	1	2	0	0
AT4G31950	72	45	25	32	28	19
AT4G31960	6	3	14	1	1	0
AT4G31970	106	90	39	8	16	1
AT4G31980	740	674	657	602	545	528
AT4G31985	2108	1836	2767	1581	1724	1586
AT4G31990	5285	4824	3516	4409	3564	3937
AT4G32000	30	26	46	229	201	181
AT4G32010	1491	1450	876	1155	989	987
AT4G32020	42421	39147	35331	35411	32267	30554
AT4G32030	2854	2651	2663	2175	1789	1792
AT4G32040	1800	1697	1551	1277	1045	1030
AT4G32050	653	584	413	271	292	283
AT4G32060	12429	11137	11593	17799	15497	15933
AT4G32070	1519	1422	549	713	542	612
AT4G32080	0	2	0	0	0	0
AT4G32105	0	3	1	0	0	0
AT4G32110	0	0	0	0	1	0
AT4G32120	308	264	329	490	385	432
AT4G32130	1271	1133	1305	859	778	648
AT4G32140	599	609	562	527	451	538
AT4G32150	2927	2830	2993	3613	3247	3409
AT4G32160	1316	1207	805	887	752	762
AT4G32175	325	263	317	215	195	160
AT4G32180	2539	2337	1613	1973	1661	1616
AT4G32190	1358	1117	1001	2168	1616	1242
AT4G32200	810	798	481	341	321	284
AT4G32208	175	193	216	65	61	63
AT4G32210	2722	2416	2634	2047	1792	1546
AT4G32230	1	0	1	0	0	0
AT4G32240	887	784	1235	712	550	551
AT4G32250	2145	1841	1093	1020	835	637
AT4G32260	8505	8189	12464	23480	21566	21824
AT4G32270	331	267	371	373	334	282
AT4G32272	567	452	450	344	320	271
AT4G32280	94	80	206	386	259	109
AT4G32285	3414	2828	2264	3072	2584	2432
AT4G32290	190	180	238	266	278	209
AT4G32295	103	101	176	114	106	74
AT4G32300	1879	1584	1184	1653	1393	1693
AT4G32320	511	490	573	703	574	636
AT4G32330	1266	1083	1112	3824	2916	2566
AT4G32340	4686	4361	5845	3383	3325	5773
AT4G32342	1	0	0	0	0	0
AT4G32350	505	424	230	648	512	578
AT4G32360	494	417	359	373	337	288
AT4G32390	2002	1804	1395	1830	1602	1743
AT4G32400	573	512	450	495	391	443
AT4G32410	5870	5365	3680	13801	11718	12883
AT4G32420	1701	1604	1133	1335	1002	985
AT4G32430	93	69	54	51	32	40
AT4G32440	1041	896	820	526	481	421
AT4G32445	6	6	12	2	0	0
AT4G32450	235	247	168	171	126	140
AT4G32460	314	311	461	776	778	457
AT4G32470	2067	2080	2233	2793	2794	2468
AT4G32480	1891	1754	1460	1452	1070	1082
AT4G32490	1	0	0	1	2	0
AT4G32500	1	1	0	2	0	0
AT4G32510	1	0	1	1	6	0
AT4G32520	3536	3237	2522	1919	1607	1573
AT4G32530	2066	1962	1836	2062	1982	2201
AT4G32540	5	8	5	6	4	3
AT4G32551	2473	2313	1445	1914	1694	1691
AT4G32560	323	296	411	358	346	351
AT4G32570	733	622	722	1572	1357	1343
AT4G32580	0	1	0	0	0	1
AT4G32590	737	692	1283	1976	1585	1460
AT4G32600	1596	1414	1480	1157	936	930
AT4G32605	382	375	316	298	293	320
AT4G32610	954	829	933	769	591	539
AT4G32620	1674	1594	855	1577	1200	1261
AT4G32630	3	4	0	2	3	1
AT4G32640	2884	2739	1393	2548	2113	2143
AT4G32650	787	616	457	179	159	186
AT4G32660	1020	880	982	1146	852	879
AT4G32670	418	388	242	303	291	291
AT4G32680	857	729	643	521	508	443
AT4G32690	290	273	395	166	153	136
AT4G32700	279	232	129	375	286	294
AT4G32710	72	77	102	239	191	189
AT4G32720	2066	1646	1612	932	844	810
AT4G32730	620	556	311	557	452	480
AT4G32750	351	331	322	301	308	285
AT4G32760	3411	3056	1891	3125	2520	2584
AT4G32770	382	372	431	638	492	369
AT4G32780	0	0	2	17	12	9
AT4G32785	4	1	3	23	11	11
AT4G32790	561	428	320	405	342	544
AT4G32800	1726	1499	933	1307	1167	1289
AT4G32810	1400	1297	442	34	30	12
AT4G32820	933	803	409	829	754	768
AT4G32830	38	36	55	124	114	100
AT4G32840	189	183	158	347	323	275
AT4G32850	3291	2985	2614	2382	2033	2094
AT4G32860	2	2	3	0	1	5
AT4G32870	255	228	265	95	71	89
AT4G32880	271	240	265	427	374	358
AT4G32890	31	39	54	80	74	60
AT4G32900	359	381	454	513	421	475
AT4G32910	1397	1267	1173	869	898	807
AT4G32915	373	343	463	734	646	699
AT4G32920	927	859	378	543	484	387
AT4G32930	920	856	1295	665	572	587
AT4G32940	16709	15046	19758	12638	11966	12942
AT4G32950	6	3	7	4	4	5
AT4G32960	592	559	680	425	360	419
AT4G32970	392	333	277	286	243	225
AT4G32980	996	886	998	722	623	544
AT4G32990	12	6	27	28	29	27
AT4G33000	228	229	483	759	662	644
AT4G33010	23825	21488	19040	33981	30450	29990
AT4G33020	24	32	20	1	0	1
AT4G33030	2465	2139	2286	2309	2182	2483
AT4G33040	677	688	958	96	82	67
AT4G33050	25064	22545	17388	14956	12131	11558
AT4G33060	1056	935	785	721	613	644
AT4G33070	89	75	67	14	10	17
AT4G33080	1501	1275	1145	1432	1188	1106
AT4G33090	8163	7257	4556	5312	4553	4629
AT4G33100	208	183	297	211	162	117
AT4G33110	509	562	743	1414	1170	973
AT4G33120	3	4	5	8	9	9
AT4G33130	36	25	46	49	34	23
AT4G33140	278	289	182	201	159	147
AT4G33145	0	1	0	0	0	0
AT4G33150	5663	4992	1390	1129	955	589
AT4G33160	198	170	177	87	69	62
AT4G33170	109	102	42	39	35	34
AT4G33180	339	363	348	407	360	357
AT4G33200	1457	1249	746	1256	1078	982
AT4G33210	2691	2437	1532	1965	1888	1882
AT4G33220	1981	1766	1963	3868	3252	3461
AT4G33230	0	2	0	0	1	0
AT4G33240	2302	2012	1246	2189	1769	1672
AT4G33250	3269	2988	2958	2453	2325	2243
AT4G33260	81	87	112	274	221	200
AT4G33270	141	136	204	486	446	330
AT4G33280	1	0	0	6	2	1
AT4G33290	13	16	17	6	6	4
AT4G33300	12803	11412	7607	6468	5573	5770
AT4G33310	94	92	109	64	39	53
AT4G33320	27	22	20	20	10	12
AT4G33330	5	6	14	11	12	8
AT4G33350	765	763	803	1255	1061	1083
AT4G33355	19	9	14	6	6	9
AT4G33360	588	575	426	778	668	690
AT4G33370	5	3	2	5	8	7
AT4G33380	1595	1342	1659	2115	1609	1641
AT4G33390	1	0	0	1	0	4
AT4G33400	239	210	224	280	260	196
AT4G33410	558	497	476	494	433	443
AT4G33420	206	226	162	34	41	28
AT4G33430	3565	3128	1953	2555	2145	2349
AT4G33440	105	97	75	89	83	93
AT4G33450	1	2	2	0	0	0
AT4G33460	431	355	422	504	469	469
AT4G33465	4	0	1	0	0	0
AT4G33467	228	206	137	116	106	101
AT4G33470	642	575	767	1392	1212	1351
AT4G33480	1415	1312	1162	1342	1002	1245
AT4G33490	602	495	518	728	626	983
AT4G33495	423	387	320	266	210	236
AT4G33500	1693	1501	1544	2167	2079	2395
AT4G33510	10455	9508	6993	8416	6794	7822
AT4G33520	1521	1363	1216	1884	1692	1826
AT4G33530	1197	1112	726	1884	1508	1872
AT4G33540	1158	1126	852	1012	805	913
AT4G33550	43	41	21	11	24	6
AT4G33560	16	16	29	45	45	16
AT4G33565	671	563	729	559	482	466
AT4G33580	831	723	833	1155	1070	1001
AT4G33585	4	1	2	0	0	1
AT4G33590	1	0	0	0	0	0
AT4G33610	33	30	47	12	3	9
AT4G33620	568	514	420	322	232	246
AT4G33625	1177	1003	1397	2108	1812	2422
AT4G33630	2610	2188	1749	2496	1946	2150
AT4G33640	564	554	775	869	898	905
AT4G33650	2064	1947	1184	1095	949	984
AT4G33660	287	225	473	358	300	246
AT4G33666	157	157	647	867	853	558
AT4G33670	1151	1037	1367	1691	1726	1759
AT4G33680	2696	2423	2119	2904	2558	2711
AT4G33690	328	287	287	337	236	248
AT4G33700	1432	1246	1157	856	737	987
AT4G33720	0	0	0	18	13	1
AT4G33740	977	858	933	1272	967	900
AT4G33760	882	799	647	913	817	919
AT4G33770	179	158	200	177	156	157
AT4G33780	1062	958	1153	682	610	642
AT4G33790	4	11	11	134	110	112
AT4G33800	3	1	0	5	9	2
AT4G33810	4	12	13	24	10	18
AT4G33820	0	1	0	0	0	0
AT4G33840	1	0	0	0	0	0
AT4G33860	6	3	16	1	0	1
AT4G33865	3009	2783	4165	2074	2328	1982
AT4G33870	0	1	0	2	1	0
AT4G33880	0	0	2	3	1	5
AT4G33890	1064	899	992	823	740	716
AT4G33905	62	44	28	30	23	27
AT4G33910	1936	1767	1480	1214	961	1126
AT4G33920	17642	15547	10932	11039	9026	9406
AT4G33925	47	39	52	66	55	22
AT4G33930	28	33	26	12	12	11
AT4G33940	1364	1272	1345	1160	1006	925
AT4G33945	583	425	421	663	584	617
AT4G33950	558	533	501	361	314	346
AT4G33960	169	151	238	190	306	256
AT4G33970	5	10	3	20	17	19
AT4G33980	912	842	277	87	81	868
AT4G33985	1250	1149	842	355	349	703
AT4G33990	170	134	61	104	62	63
AT4G34000	892	749	966	1189	966	579
AT4G34020	1370	1221	1284	763	737	755
AT4G34030	2389	2155	1900	1828	1563	1532
AT4G34035	0	1	0	0	0	0
AT4G34040	1731	1658	1115	1334	1131	1071
AT4G34050	5160	4687	4319	5357	4675	4149
AT4G34060	139	148	113	138	129	140
AT4G34070	632	568	606	704	668	663
AT4G34071	0	2	1	0	1	0
AT4G34080	51	32	29	23	26	24
AT4G34090	484	415	606	1089	920	1005
AT4G34100	5726	5161	3383	4776	4536	4393
AT4G34110	10112	9355	8648	14526	13673	12931
AT4G34120	6978	6148	6661	4870	4467	4859
AT4G34131	420	363	239	110	124	97
AT4G34135	765	691	517	199	151	174
AT4G34138	336	317	289	433	375	411
AT4G34140	766	696	635	770	518	534
AT4G34150	27247	24748	17883	24476	20953	18832
AT4G34160	378	279	344	407	310	263
AT4G34170	0	0	0	0	1	0
AT4G34180	9029	8098	9263	4822	4184	3715
AT4G34190	2834	2594	4056	3857	3997	4614
AT4G34200	4192	4161	2514	4203	3694	2800
AT4G34210	9	9	8	5	7	3
AT4G34215	614	568	597	840	749	740
AT4G34220	596	530	591	1860	1552	1539
AT4G34230	2639	2331	2444	1426	1184	851
AT4G34240	2087	1858	1641	2218	1845	1809
AT4G34250	187	155	283	490	384	398
AT4G34260	1449	1242	878	3107	2632	3010
AT4G34265	635	663	724	642	624	523
AT4G34270	1090	979	1144	832	695	671
AT4G34272	0	0	0	0	1	0
AT4G34280	809	676	596	588	509	457
AT4G34290	545	563	691	827	875	835
AT4G34300	13	22	19	2	0	0
AT4G34310	1064	975	610	626	549	532
AT4G34320	523	487	343	6	5	2
AT4G34330	12	8	15	1	1	3
AT4G34332	12	7	14	1	1	3
AT4G34340	333	269	340	142	142	165
AT4G34350	7786	7213	7976	11475	9204	7078
AT4G34360	74	80	66	53	64	43
AT4G34370	1051	916	696	697	586	550
AT4G34380	71	58	38	98	57	47
AT4G34390	8576	7529	3413	5415	4780	4290
AT4G34400	76	67	51	48	47	26
AT4G34410	12462	11495	8528	8237	6858	5526
AT4G34412	505	562	633	417	349	313
AT4G34419	0	2	1	2	2	0
AT4G34420	17	17	23	45	28	26
AT4G34430	1676	1585	939	1355	1072	1076
AT4G34440	3	0	0	3	1	0
AT4G34450	7934	6933	4986	8852	7624	7997
AT4G34460	5624	5352	3780	5537	4799	3819
AT4G34470	29	26	9	2	4	2
AT4G34480	6456	6200	4096	3077	2941	2888
AT4G34490	1180	1063	1041	2290	1977	1918
AT4G34500	254	216	254	395	350	295
AT4G34510	633	514	498	17	9	12
AT4G34520	0	0	0	1	0	0
AT4G34530	232	218	326	374	342	273
AT4G34540	902	731	870	712	673	511
AT4G34550	5	9	32	9	8	3
AT4G34555	707	650	743	403	409	393
AT4G34560	116	85	180	142	104	120
AT4G34570	427	388	253	446	412	417
AT4G34580	1	2	8	68	68	65
AT4G34588	345	293	202	316	238	217
AT4G34590	345	293	202	316	238	217
AT4G34600	10	10	39	25	40	11
AT4G34610	249	258	297	500	383	398
AT4G34620	5137	4559	8626	10245	9588	9660
AT4G34630	1049	905	1663	558	537	473
AT4G34640	1473	1333	1363	1673	1358	1305
AT4G34650	33	21	67	179	182	132
AT4G34660	763	607	634	713	665	627
AT4G34670	8259	7059	7505	8781	6861	5952
AT4G34680	410	413	593	254	289	222
AT4G34700	2192	2019	2620	2057	1987	1866
AT4G34710	14352	13249	6814	11647	10676	7892
AT4G34720	2818	2487	3353	3384	3567	3447
AT4G34730	356	305	658	1095	963	817
AT4G34740	1248	1121	929	723	626	592
AT4G34750	1858	1544	1687	267	208	240
AT4G34760	97	84	155	246	233	206
AT4G34770	3	2	16	81	59	71
AT4G34780	0	0	0	1	0	2
AT4G34790	11	7	43	76	90	86
AT4G34800	3	5	12	7	10	2
AT4G34810	9	4	11	15	18	18
AT4G34830	2188	1857	1275	2985	2440	3040
AT4G34840	248	215	228	251	239	171
AT4G34850	1	1	1	5	7	3
AT4G34860	312	290	236	143	141	118
AT4G34870	5728	5076	5914	5679	5650	5261
AT4G34880	14	8	10	13	11	9
AT4G34881	1313	1196	1933	1681	1665	1666
AT4G34890	2168	1894	1165	1824	1504	1412
AT4G34900	129	100	165	891	735	861
AT4G34910	1096	1023	718	457	357	372
AT4G34920	1814	1614	2104	2390	2279	2410
AT4G34930	74	56	59	139	115	130
AT4G34940	3	2	0	0	0	1
AT4G34950	7684	6948	3177	5777	4947	8010
AT4G34960	484	418	403	583	415	405
AT4G34970	2	3	31	48	64	46
AT4G34980	1544	1478	1500	3545	3310	2683
AT4G34990	154	110	217	67	56	35
AT4G35000	7487	6903	7937	5147	4899	4835
AT4G35010	0	0	0	3	1	4
AT4G35020	607	508	754	595	507	416
AT4G35030	293	258	305	81	75	54
AT4G35040	881	749	647	685	653	621
AT4G35050	585	567	491	325	235	296
AT4G35060	159	139	259	134	141	80
AT4G35070	165	164	153	82	75	58
AT4G35080	838	765	593	594	566	514
AT4G35090	11158	10512	11848	11142	9393	5071
AT4G35100	3445	3169	5063	8030	7006	8445
AT4G35110	780	703	843	642	496	419
AT4G35120	18	13	11	0	0	0
AT4G35130	134	107	97	84	77	104
AT4G35140	434	392	393	471	331	362
AT4G35160	17	14	10	200	149	45
AT4G35165	1	2	2	10	3	0
AT4G35170	19	17	20	9	9	5
AT4G35180	528	483	311	113	87	128
AT4G35190	3	4	7	6	3	2
AT4G35200	0	0	0	1	1	0
AT4G35220	954	879	861	858	758	806
AT4G35230	2667	2511	2107	1707	1505	1477
AT4G35240	856	850	611	951	726	747
AT4G35250	1509	1426	2140	3758	3535	2842
AT4G35260	2956	2697	2281	1881	1673	1653
AT4G35263	0	0	0	0	1	0
AT4G35270	855	780	557	783	624	554
AT4G35290	94	91	111	250	222	195
AT4G35295	37	32	32	20	26	15
AT4G35300	1388	1289	1180	1743	1700	1642
AT4G35310	6474	5689	4077	6191	5275	5447
AT4G35320	192	150	164	332	311	284
AT4G35335	359	314	322	496	460	452
AT4G35350	85	80	124	210	133	146
AT4G35360	1056	948	957	1391	1066	1014
AT4G35370	3	3	2	1	1	0
AT4G35380	65	42	20	60	64	58
AT4G35390	1	5	1	5	1	0
AT4G35410	176	132	222	308	224	279
AT4G35420	233	210	237	302	255	276
AT4G35430	83	66	83	106	133	171
AT4G35440	776	642	388	1058	1020	1105
AT4G35450	5908	5176	6289	7345	7078	7598
AT4G35460	604	587	588	622	550	572
AT4G35470	1167	976	1227	1659	1607	1565
AT4G35480	1332	1459	910	1281	1443	1387
AT4G35490	1143	1151	1081	827	834	754
AT4G35500	537	493	255	228	152	169
AT4G35510	646	649	429	423	359	359
AT4G35519	0	1	0	0	0	1
AT4G35520	109	102	52	32	22	14
AT4G35530	264	207	276	168	199	176
AT4G35540	177	157	105	225	156	139
AT4G35550	335	273	348	358	289	241
AT4G35560	116	114	92	329	248	227
AT4G35570	915	814	1196	1010	763	660
AT4G35580	1758	1704	1293	909	747	666
AT4G35590	90	71	57	23	16	20
AT4G35600	4584	4254	3623	1495	1278	1090
AT4G35620	33	17	43	106	73	68
AT4G35630	2859	2379	1754	1871	1874	1561
AT4G35640	19	28	27	50	43	37
AT4G35650	1	1	0	1	2	3
AT4G35655	33	27	25	32	29	37
AT4G35660	1	4	3	0	0	0
AT4G35680	36	33	38	30	22	15
AT4G35720	1	0	3	1	7	4
AT4G35730	72	72	71	227	161	164
AT4G35733	0	1	0	0	0	0
AT4G35740	1226	1097	1066	343	277	262
AT4G35750	4759	4304	6859	5632	4604	4200
AT4G35760	1529	1316	1486	1597	1452	1651
AT4G35770	793	760	1309	2022	1708	1555
AT4G35780	1151	1106	886	889	764	816
AT4G35783	36	24	14	16	12	18
AT4G35785	1131	989	1048	890	842	757
AT4G35790	3692	3198	2165	3674	3260	3310
AT4G35800	5675	5121	2030	4730	3876	3900
AT4G35810	4	4	20	27	32	19
AT4G35830	17984	16210	11027	22107	18732	18542
AT4G35840	240	206	292	185	147	146
AT4G35850	1027	947	747	872	701	662
AT4G35860	1429	1383	1570	1178	1075	1001
AT4G35870	520	441	338	397	353	368
AT4G35880	165	154	161	483	376	392
AT4G35890	3109	2914	1918	1570	1255	1314
AT4G35900	71	64	105	103	99	58
AT4G35905	131	110	177	175	189	161
AT4G35910	461	444	376	266	261	231
AT4G35920	302	259	405	1063	805	804
AT4G35930	326	319	248	304	245	280
AT4G35940	1106	961	672	623	512	559
AT4G35950	364	316	451	596	562	500
AT4G35970	15	24	41	45	29	26
AT4G35980	232	194	265	344	310	262
AT4G35985	1847	1629	1228	1742	1521	1459
AT4G35987	247	202	240	257	227	257
AT4G36000	81	74	68	29	28	20
AT4G36010	4133	4157	3006	1832	1604	1820
AT4G36020	1870	1768	1549	1103	969	937
AT4G36030	3030	3027	2143	1508	1386	1276
AT4G36032	2874	2889	1900	1413	1302	1193
AT4G36040	5781	5766	8806	6148	6741	5315
AT4G36050	482	426	415	396	385	317
AT4G36052	217	182	196	180	154	132
AT4G36060	24	12	20	29	29	22
AT4G36070	1	0	0	0	0	0
AT4G36080	1712	1589	679	1177	1064	934
AT4G36090	1263	1082	834	469	441	451
AT4G36100	9	3	2	4	8	1
AT4G36105	7	1	8	19	22	13
AT4G36110	100	77	101	122	117	111
AT4G36120	400	391	299	202	206	139
AT4G36130	3222	2932	2954	2580	2121	2009
AT4G36140	947	818	630	830	718	675
AT4G36150	551	488	325	424	447	428
AT4G36160	14	5	9	13	10	15
AT4G36170	0	0	2	0	0	1
AT4G36180	271	239	183	452	372	434
AT4G36190	1476	1245	1313	1446	1340	1329
AT4G36195	5206	4568	4423	2738	2538	2270
AT4G36197	0	0	0	0	1	0
AT4G36210	3726	3494	2396	3260	2874	2637
AT4G36220	4610	4256	3928	5311	4215	3014
AT4G36230	2	3	1	45	35	31
AT4G36240	53	39	78	148	165	129
AT4G36250	1804	1622	1561	3112	2601	2398
AT4G36260	35	31	36	33	29	19
AT4G36270	45	43	46	174	129	163
AT4G36280	154	125	105	361	265	307
AT4G36290	626	566	407	558	494	494
AT4G36350	0	0	0	3	1	1
AT4G36360	531	462	710	3053	2518	1935
AT4G36380	252	236	142	201	151	104
AT4G36390	1458	1353	1192	2379	2186	2349
AT4G36400	654	632	473	767	656	668
AT4G36410	127	95	238	88	107	170
AT4G36420	495	510	440	591	467	450
AT4G36430	171	165	190	53	36	49
AT4G36440	908	757	865	933	856	847
AT4G36450	39	31	63	51	43	29
AT4G36470	86	82	127	77	64	69
AT4G36480	1224	1061	1002	1155	911	1000
AT4G36490	3	2	0	3	1	4
AT4G36500	8233	7339	8460	13331	10519	10770
AT4G36510	2	0	0	6	0	1
AT4G36515	246	208	305	304	242	206
AT4G36520	959	880	355	895	716	751
AT4G36530	1016	890	1343	1590	1474	1452
AT4G36540	343	262	652	1525	1229	1280
AT4G36550	2859	2452	1610	2621	2457	2728
AT4G36570	19	21	74	210	183	321
AT4G36580	270	217	133	119	104	112
AT4G36590	0	0	0	1	0	2
AT4G36600	2	3	1	0	1	0
AT4G36610	38	61	98	8	5	5
AT4G36620	29	25	26	21	12	13
AT4G36630	1295	1186	826	1475	1278	1227
AT4G36640	962	918	837	557	417	316
AT4G36648	5010	4295	5095	2894	2440	2333
AT4G36650	1435	1309	872	1017	794	846
AT4G36660	455	442	537	648	594	550
AT4G36670	3224	2853	3397	5835	5436	4766
AT4G36680	759	688	464	397	308	323
AT4G36690	3296	2952	2547	2901	2357	2450
AT4G36700	8	8	4	10	5	1
AT4G36710	1892	1673	1441	228	258	300
AT4G36720	881	825	1028	444	468	475
AT4G36730	2935	2678	3072	3268	2584	2662
AT4G36740	0	0	2	4	3	1
AT4G36750	674	608	509	813	687	702
AT4G36760	3417	3142	1796	2410	2151	2279
AT4G36770	43	51	28	31	22	20
AT4G36780	734	643	783	1138	898	985
AT4G36790	476	487	535	501	484	455
AT4G36791	19	31	16	10	7	11
AT4G36800	3350	2858	3599	3227	2842	2867
AT4G36808	334	310	238	475	300	315
AT4G36810	1837	1607	1738	2261	1896	1996
AT4G36820	43	20	27	10	15	9
AT4G36830	51	51	47	45	32	61
AT4G36840	399	413	389	214	197	197
AT4G36850	185	197	254	333	232	179
AT4G36860	1206	1041	776	843	758	749
AT4G36870	1423	1274	931	1396	1172	1150
AT4G36880	32	28	56	18	8	1
AT4G36890	1014	920	721	822	659	641
AT4G36900	836	776	855	367	323	259
AT4G36910	197	173	211	253	286	236
AT4G36920	725	673	526	485	457	447
AT4G36925	4	2	3	2	5	4
AT4G36930	150	134	113	75	60	73
AT4G36940	884	772	643	915	786	900
AT4G36945	1066	1034	700	659	632	600
AT4G36950	1049	941	676	599	527	182
AT4G36960	930	887	809	774	665	622
AT4G36970	984	903	861	768	708	742
AT4G36980	2656	2522	2313	2932	2289	2009
AT4G36988	5793	5160	3754	2172	1891	1534
AT4G36990	5793	5160	3754	2172	1891	1534
AT4G37000	1682	1521	1926	1797	1498	1382
AT4G37010	254	218	294	117	68	30
AT4G37020	239	191	232	343	287	285
AT4G37022	83	71	84	26	10	20
AT4G37030	1069	970	817	25	27	25
AT4G37040	873	809	964	1284	1291	1409
AT4G37050	39	35	32	8	12	11
AT4G37060	2	0	1	0	0	1
AT4G37070	123	107	61	6	8	2
AT4G37080	496	421	387	854	752	924
AT4G37090	405	358	411	287	203	188
AT4G37095	52	47	63	52	58	60
AT4G37100	418	347	199	564	519	487
AT4G37110	101	98	148	422	320	335
AT4G37120	4757	4002	2891	3188	2461	2453
AT4G37130	633	548	494	457	385	364
AT4G37140	50	40	60	14	23	14
AT4G37150	305	286	414	92	99	35
AT4G37160	36	29	12	2	2	1
AT4G37170	83	66	49	54	45	53
AT4G37175	1	0	1	0	0	0
AT4G37180	2566	2311	1905	1455	1286	1268
AT4G37190	648	613	646	690	537	449
AT4G37200	1110	1068	1341	2046	1665	1628
AT4G37210	1204	1129	990	645	577	554
AT4G37220	16	18	15	13	14	9
AT4G37225	2	2	7	11	14	20
AT4G37230	2	3	5	4	5	14
AT4G37235	3	3	11	7	5	5
AT4G37240	177	159	259	528	439	480
AT4G37250	308	331	341	284	270	306
AT4G37260	4236	4024	3570	5880	4843	5531
AT4G37270	1984	1833	1386	1996	1785	1690
AT4G37280	291	259	372	525	444	413
AT4G37290	59	57	84	174	193	109
AT4G37295	19	9	7	7	4	3
AT4G37300	2420	2338	4097	5648	4058	3643
AT4G37310	2599	2464	2243	1715	1432	882
AT4G37320	427	377	271	224	149	123
AT4G37330	459	423	691	682	647	630
AT4G37340	0	1	1	5	1	2
AT4G37370	2404	2286	1842	450	376	393
AT4G37380	196	201	167	254	206	198
AT4G37390	462	447	301	61	56	35
AT4G37400	153	164	124	88	83	66
AT4G37409	385	416	281	1491	1181	214
AT4G37410	385	417	281	1490	1181	214
AT4G37420	12	15	11	1	1	1
AT4G37430	1804	1719	646	438	353	312
AT4G37432	1481	1419	484	358	289	272
AT4G37440	1736	1503	1492	1283	1047	1037
AT4G37445	11	10	25	16	23	18
AT4G37450	882	936	470	978	824	885
AT4G37460	3203	2834	2139	2527	2149	1764
AT4G37470	2013	1928	2467	2148	1968	1858
AT4G37480	234	209	214	471	356	340
AT4G37483	50	51	72	92	63	85
AT4G37490	3271	2965	3110	70	76	48
AT4G37500	0	0	0	1	2	0
AT4G37510	2840	2549	2318	3459	2973	3048
AT4G37520	3012	2738	2173	1160	914	589
AT4G37530	2506	2217	1662	334	266	171
AT4G37540	991	915	744	683	601	541
AT4G37550	1222	1092	1255	1969	1697	1126
AT4G37553	1252	1089	1411	1665	1461	948
AT4G37560	832	673	826	984	821	556
AT4G37580	34	34	47	42	46	36
AT4G37590	691	569	661	900	840	663
AT4G37608	146	131	181	87	85	75
AT4G37610	3817	3236	3965	4449	3558	3779
AT4G37630	226	184	203	250	208	192
AT4G37640	4919	4383	2136	3230	2881	2647
AT4G37650	146	137	155	206	180	110
AT4G37660	241	197	246	194	220	213
AT4G37670	409	376	266	508	425	482
AT4G37680	2328	2038	2034	1576	1327	1167
AT4G37682	9	7	2	21	18	25
AT4G37685	25	21	35	37	24	44
AT4G37690	44	33	44	64	58	53
AT4G37700	6	6	23	9	11	9
AT4G37710	4	5	2	7	9	2
AT4G37730	30	39	59	37	25	27
AT4G37740	78	77	73	174	176	144
AT4G37750	154	185	211	450	352	262
AT4G37760	1235	1045	1464	1689	1654	1044
AT4G37770	154	131	130	154	124	107
AT4G37780	5	8	8	1	0	0
AT4G37790	846	770	933	623	559	490
AT4G37800	344	295	470	2350	2179	2854
AT4G37810	49	46	102	22	23	15
AT4G37820	823	766	673	976	703	681
AT4G37830	3047	2792	3363	3671	3381	2855
AT4G37840	0	0	1	0	0	1
AT4G37850	1	5	1	0	3	0
AT4G37860	0	0	0	0	1	0
AT4G37870	6136	5619	4907	7173	6097	5634
AT4G37880	1674	1535	1655	1161	939	1030
AT4G37890	18	25	23	63	68	70
AT4G37895	9	15	6	36	36	29
AT4G37900	448	370	266	111	126	79
AT4G37910	6688	5979	3356	2481	2223	2161
AT4G37920	536	487	500	890	725	743
AT4G37925	512	409	999	1463	1104	1306
AT4G37930	11509	10332	17491	51038	48355	49721
AT4G37940	1	0	0	1	0	0
AT4G37970	11	10	21	25	27	19
AT4G37980	1132	1145	1389	3176	3214	2712
AT4G37990	1666	1625	978	345	300	262
AT4G38000	8	8	10	7	4	8
AT4G38010	58	46	34	48	45	49
AT4G38020	228	230	224	420	395	365
AT4G38030	5	9	4	1	0	0
AT4G38040	613	560	487	789	581	735
AT4G38050	170	168	111	215	165	188
AT4G38060	765	709	674	392	304	230
AT4G38070	39	30	30	85	72	56
AT4G38080	292	285	389	47	47	46
AT4G38090	393	400	548	556	554	610
AT4G38092	3	5	12	9	7	2
AT4G38100	626	520	619	411	410	398
AT4G38120	769	647	367	909	814	807
AT4G38130	3871	3670	2641	2579	2413	2241
AT4G38140	0	1	0	1	0	0
AT4G38150	540	482	360	177	187	213
AT4G38160	649	590	757	1358	1281	1396
AT4G38170	419	377	401	272	221	236
AT4G38180	440	351	255	251	208	183
AT4G38190	2	2	0	0	1	3
AT4G38200	1378	1305	681	1411	1143	1181
AT4G38210	73	75	76	63	79	53
AT4G38215	31	40	32	22	35	32
AT4G38220	1919	1805	1737	1965	1785	1715
AT4G38225	2615	2561	2253	1868	1910	2068
AT4G38230	439	391	316	366	277	245
AT4G38240	1102	994	836	1167	922	866
AT4G38250	2676	2450	2161	2101	2122	2294
AT4G38260	668	722	713	516	451	395
AT4G38270	1239	1052	793	802	640	573
AT4G38280	589	483	601	619	519	504
AT4G38290	249	207	366	258	208	176
AT4G38300	115	138	68	59	72	48
AT4G38310	8	4	1	7	7	9
AT4G38320	613	525	475	466	436	386
AT4G38330	38	43	75	92	69	69
AT4G38340	30	43	69	103	87	33
AT4G38350	2212	1861	1410	2578	2314	2170
AT4G38360	1891	1656	1512	1396	1135	1206
AT4G38370	104	84	114	228	216	215
AT4G38380	367	349	180	127	114	126
AT4G38390	2	0	1	0	0	1
AT4G38400	236	198	226	361	297	310
AT4G38410	2	3	1	8	8	1
AT4G38420	2398	2151	900	891	702	545
AT4G38430	888	795	1025	1572	1570	1524
AT4G38440	1362	1233	784	532	507	492
AT4G38460	2353	2626	2301	2741	2645	2675
AT4G38470	1589	1478	1326	3391	2620	2157
AT4G38480	169	162	113	102	81	83
AT4G38490	396	357	575	400	410	475
AT4G38495	493	409	485	369	304	283
AT4G38500	1211	1019	765	914	875	844
AT4G38510	3140	2783	2006	4165	3479	3699
AT4G38520	1546	1427	1228	1440	1326	1384
AT4G38530	28	27	33	72	54	54
AT4G38540	3020	2791	2391	1904	1591	1479
AT4G38545	3109	2872	2485	1973	1663	1559
AT4G38550	17760	18376	10072	21879	18735	19228
AT4G38552	15781	16542	7765	19251	16267	16699
AT4G38560	2215	2037	1181	835	656	446
AT4G38570	381	333	393	320	325	295
AT4G38580	831	870	860	512	518	518
AT4G38590	8	6	4	3	1	0
AT4G38600	6630	6180	2745	4805	4557	4122
AT4G38620	82	79	133	98	119	86
AT4G38630	5208	4932	4430	2720	2478	2286
AT4G38640	1009	1018	652	1102	1001	1041
AT4G38650	53	68	64	112	90	69
AT4G38660	83	79	130	220	311	234
AT4G38670	197	211	141	212	215	168
AT4G38680	2259	2297	2349	1816	2034	1652
AT4G38690	288	253	570	1250	1093	1233
AT4G38700	16	28	54	88	59	58
AT4G38710	1835	1788	1341	1481	1156	1082
AT4G38730	239	265	272	239	237	237
AT4G38740	2647	2524	3707	4379	4393	3659
AT4G38760	2089	2029	1150	1840	1693	1692
AT4G38770	2523	2510	4705	37446	29046	26885
AT4G38780	66	56	37	54	36	41
AT4G38781	1	0	0	0	0	0
AT4G38790	1251	1064	1017	498	529	564
AT4G38800	2231	2102	2369	3362	2953	2767
AT4G38810	2314	2044	2898	2271	2043	1575
AT4G38820	2	1	7	32	24	17
AT4G38825	2	1	7	35	26	19
AT4G38830	32	18	9	19	13	14
AT4G38840	77	58	324	186	195	157
AT4G38850	19	9	43	88	74	41
AT4G38860	290	290	789	618	549	445
AT4G38870	166	128	105	32	22	28
AT4G38880	17	10	7	12	15	7
AT4G38890	2126	1816	1424	1187	1026	996
AT4G38900	1062	865	761	1337	1093	889
AT4G38910	153	148	139	131	117	111
AT4G38920	4835	4554	4584	4535	4533	4471
AT4G38930	1196	1103	1017	692	542	542
AT4G38932	1782	1649	2370	1532	1435	1379
AT4G38940	607	503	461	390	361	354
AT4G38950	214	215	208	902	690	554
AT4G38960	167	117	258	152	119	69
AT4G38970	31711	32567	37104	45799	46397	40201
AT4G38980	407	373	542	197	181	144
AT4G39000	0	4	2	1	0	0
AT4G39010	20	25	25	52	54	44
AT4G39020	0	2	0	0	0	1
AT4G39030	1776	1610	1024	749	706	593
AT4G39040	877	849	1200	2315	1825	1954
AT4G39050	1235	1050	721	2259	1868	1968
AT4G39060	9	11	7	13	9	7
AT4G39070	67	65	63	23	42	47
AT4G39080	8924	7707	4397	8179	7301	8057
AT4G39090	42844	41641	43753	24673	24661	29333
AT4G39100	1961	1856	2328	1255	1108	1063
AT4G39110	43	35	15	30	16	19
AT4G39120	343	312	303	589	499	502
AT4G39130	1	2	0	0	0	0
AT4G39140	2512	2240	1645	1165	973	896
AT4G39150	1511	1324	1506	1422	1198	1266
AT4G39160	613	569	345	497	416	390
AT4G39170	1353	1134	1041	1396	1263	1290
AT4G39180	259	224	209	484	423	406
AT4G39190	908	878	916	152	126	111
AT4G39200	5156	4971	6370	4646	5010	3983
AT4G39210	2060	1825	1228	1172	994	943
AT4G39220	1449	1364	1228	1005	904	990
AT4G39230	502	459	382	337	320	241
AT4G39235	58	52	97	103	92	85
AT4G39240	1108	940	918	820	713	704
AT4G39250	0	2	1	7	10	4
AT4G39260	17148	17582	14839	9151	7700	11574
AT4G39270	1693	1515	1325	765	666	741
AT4G39280	1783	1642	1381	1466	1198	1165
AT4G39290	0	1	0	0	0	0
AT4G39300	448	433	513	260	255	211
AT4G39320	86	91	129	107	85	72
AT4G39330	825	761	1412	3286	2789	2031
AT4G39340	1	1	1	10	8	4
AT4G39345	0	0	0	0	1	0
AT4G39350	2045	1867	1550	6884	6372	5475
AT4G39360	11	8	1	2	2	5
AT4G39361	45	50	34	23	29	21
AT4G39363	72	70	65	30	34	27
AT4G39364	53	48	56	30	19	28
AT4G39366	77	87	92	40	50	55
AT4G39370	380	300	263	220	177	217
AT4G39380	175	148	125	152	120	86
AT4G39390	654	604	483	396	369	465
AT4G39400	4648	4050	2048	5303	4538	4670
AT4G39403	13	13	31	8	9	5
AT4G39404	5	3	2	1	2	0
AT4G39410	108	93	80	56	43	37
AT4G39420	2305	2034	972	2633	2195	2400
AT4G39460	666	627	833	1318	1205	1219
AT4G39470	261	198	192	312	263	250
AT4G39480	3	0	5	11	17	9
AT4G39490	1	0	1	1	0	0
AT4G39500	22	24	12	0	1	0
AT4G39510	81	52	165	388	367	237
AT4G39520	2150	1956	1655	1585	1350	1262
AT4G39530	84	61	34	63	41	55
AT4G39540	891	749	872	1320	1138	912
AT4G39550	96	71	94	76	66	49
AT4G39560	209	193	225	229	201	186
AT4G39570	1094	1014	710	832	805	687
AT4G39580	903	781	560	755	697	541
AT4G39590	2	2	0	0	1	0
AT4G39600	33	42	33	47	45	38
AT4G39610	34	36	42	11	10	9
AT4G39615	0	0	1	0	0	0
AT4G39620	296	285	303	597	522	572
AT4G39630	24	18	21	73	52	45
AT4G39640	6681	6355	3985	6700	5343	4548
AT4G39650	1	0	0	0	2	0
AT4G39660	1192	1062	1181	1176	962	1058
AT4G39670	6599	6021	4829	1644	1373	1151
AT4G39675	5	7	24	8	7	3
AT4G39680	3629	3212	2277	2934	2547	2411
AT4G39690	1423	1249	833	1053	940	879
AT4G39700	1	1	2	5	1	2
AT4G39710	474	452	1036	1788	1543	1773
AT4G39720	24	25	27	22	20	7
AT4G39730	3939	3817	3517	3582	3474	2850
AT4G39740	761	720	607	214	164	166
AT4G39745	0	0	0	2	0	0
AT4G39750	1	0	1	0	0	0
AT4G39770	166	142	191	316	319	258
AT4G39780	1098	1008	1776	594	467	308
AT4G39790	17	17	14	20	15	10
AT4G39795	14	6	23	18	15	16
AT4G39800	1134	1029	1616	4104	3656	2082
AT4G39810	7	4	16	7	6	5
AT4G39820	1435	1434	854	1016	884	880
AT4G39830	4548	4339	1949	1961	1661	1512
AT4G39838	908	810	607	1451	1029	1022
AT4G39840	1054	945	782	1809	1350	1376
AT4G39850	2995	2688	1376	2281	2058	2001
AT4G39860	829	743	824	422	301	283
AT4G39870	779	711	624	620	471	481
AT4G39880	677	650	529	682	589	625
AT4G39890	1035	937	783	831	705	643
AT4G39900	619	584	651	861	814	729
AT4G39910	2100	1863	1655	1933	1680	1444
AT4G39920	274	242	245	229	244	242
AT4G39925	65	54	85	82	53	44
AT4G39930	39	39	43	37	38	31
AT4G39940	2073	1966	2237	3298	3205	2642
AT4G39950	5718	5419	3490	2726	2583	2084
AT4G39952	314	243	136	53	57	63
AT4G39955	500	531	402	280	211	171
AT4G39960	2176	1888	1720	1981	1663	1830
AT4G39970	855	725	1471	2801	2778	2778
AT4G39980	5771	5372	4209	5644	5260	4600
AT4G39986	1	1	0	0	0	0
AT4G39990	716	610	761	1057	1012	1027
AT4G40000	67	58	51	95	75	73
AT4G40010	19	18	13	18	14	11
AT4G40020	272	209	125	37	27	20
AT4G40030	4516	4211	5681	4536	4332	4156
AT4G40040	22797	20703	27387	10434	9296	8583
AT4G40042	340	267	473	140	179	126
AT4G40045	158	131	210	422	332	400
AT4G40050	1622	1468	1063	1288	1064	905
AT4G40060	1544	1380	1881	1374	1219	966
AT4G40065	345	343	313	326	385	558
AT4G40070	57	57	61	46	58	45
AT4G40080	114	109	141	212	160	196
AT4G40085	92	99	100	158	135	163
AT4G40090	0	0	0	10	10	12
AT4G40100	0	0	0	1	0	0
AT5G01010	2846	2663	2275	3199	2717	2556
AT5G01015	7	7	56	179	179	225
AT5G01020	1819	1626	1674	2492	2318	2329
AT5G01030	1365	1199	1032	656	469	457
AT5G01040	268	251	76	69	53	103
AT5G01050	5	1	3	2	2	3
AT5G01060	1	0	0	0	1	1
AT5G01070	1	0	2	6	9	4
AT5G01075	14	11	35	140	128	95
AT5G01080	3	0	0	0	0	0
AT5G01090	400	377	407	771	703	536
AT5G01100	5776	5372	2039	3219	2937	2855
AT5G01110	120	105	62	94	72	81
AT5G01120	52	32	61	35	22	14
AT5G01130	1	0	0	0	0	0
AT5G01150	0	0	1	0	0	0
AT5G01160	702	732	726	635	469	436
AT5G01170	147	157	129	212	167	197
AT5G01175	39	43	63	70	57	43
AT5G01180	97	98	80	205	186	173
AT5G01190	2	6	9	22	17	16
AT5G01200	26	33	50	78	44	47
AT5G01210	615	668	505	624	553	556
AT5G01215	616	669	502	623	552	559
AT5G01220	2316	2021	1953	2115	1906	2013
AT5G01225	43	22	13	3	0	1
AT5G01230	418	368	368	285	235	213
AT5G01240	781	714	871	1576	1530	1580
AT5G01250	215	173	259	77	86	41
AT5G01260	369	349	468	316	226	230
AT5G01270	1181	1061	712	1031	854	832
AT5G01290	1104	1071	721	668	576	536
AT5G01300	28	28	23	7	11	4
AT5G01310	279	272	211	234	203	199
AT5G01320	44	52	38	18	23	33
AT5G01330	1	2	4	28	28	16
AT5G01340	189	199	195	143	156	130
AT5G01350	1969	1721	2667	1803	1588	1496
AT5G01360	4	4	14	11	13	5
AT5G01370	83	86	100	104	77	74
AT5G01380	205	166	129	47	31	46
AT5G01390	435	382	450	385	394	318
AT5G01400	1579	1405	776	1263	1020	987
AT5G01410	4030	3945	4449	3742	4193	3111
AT5G01420	4	4	10	21	14	12
AT5G01430	678	582	786	537	446	380
AT5G01445	88	53	103	30	36	28
AT5G01450	878	783	794	417	355	342
AT5G01460	989	923	658	1207	1027	1053
AT5G01470	197	219	276	175	177	160
AT5G01480	22	20	19	12	13	16
AT5G01490	49	43	21	1	0	0
AT5G01500	293	311	251	538	472	427
AT5G01510	185	159	139	279	225	269
AT5G01520	736	605	850	808	774	584
AT5G01530	34312	35447	56356	109794	121931	119410
AT5G01540	3972	3626	2564	1854	1643	1210
AT5G01542	3672	3409	2221	1750	1548	1139
AT5G01550	872	818	594	71	63	47
AT5G01560	961	875	804	744	652	657
AT5G01570	19	22	12	18	13	17
AT5G01580	36	24	24	47	25	23
AT5G01590	2015	1834	1565	4014	3145	3347
AT5G01595	5314	4972	4254	3433	3171	2340
AT5G01600	5265	4937	4219	3409	3140	2310
AT5G01610	60	60	76	155	94	84
AT5G01620	163	153	125	324	292	211
AT5G01630	118	135	96	158	144	123
AT5G01640	122	129	88	116	123	118
AT5G01650	1314	1210	1823	1160	1103	1026
AT5G01660	14	24	20	22	26	28
AT5G01670	363	339	364	348	334	252
AT5G01680	1	3	1	3	4	1
AT5G01700	153	126	103	71	59	76
AT5G01710	5638	5375	3565	4805	3826	4166
AT5G01712	5638	5375	3565	4805	3826	4166
AT5G01720	2798	2548	1522	1094	1091	950
AT5G01730	736	694	276	667	530	509
AT5G01732	652	614	268	601	475	463
AT5G01734	0	0	0	0	1	0
AT5G01740	21	15	25	18	22	18
AT5G01747	0	1	3	0	1	0
AT5G01750	10775	10255	11036	12816	11453	12201
AT5G01760	58	53	54	51	49	24
AT5G01770	363	337	185	473	380	324
AT5G01780	643	597	541	523	504	462
AT5G01790	46	40	90	256	220	165
AT5G01800	2788	2527	3076	1797	1598	1345
AT5G01810	524	443	337	771	604	487
AT5G01820	2329	2392	3017	2148	2005	850
AT5G01830	469	480	280	365	299	290
AT5G01840	61	59	35	48	48	42
AT5G01849	0	1	0	0	0	0
AT5G01850	1000	880	657	416	407	301
AT5G01860	0	1	0	0	0	0
AT5G01870	5	8	24	40	41	11
AT5G01880	137	132	177	124	129	100
AT5G01881	26	27	58	55	46	40
AT5G01890	187	176	117	291	266	240
AT5G01900	428	436	292	71	48	38
AT5G01910	22	15	27	31	45	39
AT5G01920	1792	1688	1776	3298	2990	3170
AT5G01930	509	481	485	588	504	550
AT5G01940	124	118	93	65	55	39
AT5G01950	2416	2145	1296	2356	2034	2184
AT5G01960	2688	2448	1849	1377	1312	1303
AT5G01970	750	699	684	461	445	362
AT5G01980	1151	1099	851	836	735	732
AT5G01990	1001	974	931	583	523	515
AT5G02000	0	0	0	0	1	0
AT5G02010	467	384	321	367	339	332
AT5G02020	1027	879	1651	689	588	174
AT5G02030	478	481	421	416	426	296
AT5G02040	920	881	1046	548	584	531
AT5G02050	845	744	587	440	448	389
AT5G02060	54	48	52	43	34	37
AT5G02070	104	109	111	103	79	71
AT5G02080	173	153	196	73	90	58
AT5G02090	27	24	35	8	8	12
AT5G02100	697	630	523	399	358	347
AT5G02110	0	1	1	4	1	1
AT5G02120	692	572	1665	1807	1861	1588
AT5G02130	447	397	395	385	307	277
AT5G02140	15	15	39	8	3	9
AT5G02150	704	630	844	645	610	578
AT5G02160	2656	2494	7232	17450	16740	18120
AT5G02170	27	12	24	104	87	74
AT5G02180	479	394	381	1047	847	683
AT5G02190	30	29	21	121	103	83
AT5G02200	84	94	99	181	164	171
AT5G02210	14	17	20	4	5	1
AT5G02220	185	159	260	16	19	12
AT5G02230	730	668	1093	529	487	350
AT5G02240	3012	2816	2938	4507	3869	5206
AT5G02250	1008	853	704	1201	971	1071
AT5G02260	361	389	433	178	161	163
AT5G02270	393	320	384	331	274	232
AT5G02280	214	201	383	227	217	161
AT5G02290	5395	4549	4326	3660	3056	3148
AT5G02310	3749	3300	1480	2494	2429	2219
AT5G02320	196	167	159	94	79	86
AT5G02330	0	0	0	0	0	2
AT5G02350	0	0	1	1	1	4
AT5G02360	1	0	0	0	0	2
AT5G02370	11491	10843	19643	19589	21483	20774
AT5G02380	11428	10782	19570	19454	21355	20665
AT5G02390	4	3	0	8	1	4
AT5G02400	52	38	34	50	57	39
AT5G02410	363	328	307	312	312	306
AT5G02420	94	66	77	16	10	17
AT5G02430	91	81	46	109	90	75
AT5G02440	19	7	28	58	54	23
AT5G02450	3037	2596	3311	3955	3082	2668
AT5G02460	72	62	36	38	32	19
AT5G02470	397	316	321	247	182	196
AT5G02480	3832	3434	3542	3399	2441	2307
AT5G02490	17735	16119	6422	856	747	715
AT5G02500	56953	52222	37581	57340	50444	47968
AT5G02502	397	386	572	252	315	317
AT5G02510	0	0	1	13	7	1
AT5G02520	112	96	66	46	41	36
AT5G02530	2267	2281	1878	1481	1296	1302
AT5G02540	44	50	76	305	313	246
AT5G02550	41	39	72	76	57	52
AT5G02560	179	174	266	330	308	242
AT5G02570	47	21	56	14	16	12
AT5G02580	53	50	82	9	9	7
AT5G02590	348	341	318	230	189	210
AT5G02600	604	513	686	519	477	412
AT5G02610	1554	1298	1556	1390	1460	1379
AT5G02620	1860	1727	1523	1156	980	888
AT5G02630	449	438	413	280	278	246
AT5G02640	0	1	6	8	3	5
AT5G02650	330	315	333	280	226	240
AT5G02660	0	0	0	0	1	0
AT5G02670	167	166	188	244	214	203
AT5G02680	293	274	366	520	434	387
AT5G02690	34	25	34	52	54	55
AT5G02710	590	487	657	792	685	757
AT5G02720	46	37	78	48	61	65
AT5G02725	0	0	1	0	0	0
AT5G02730	0	0	0	1	0	0
AT5G02740	851	764	762	640	599	565
AT5G02750	8	2	7	12	10	10
AT5G02760	59	56	234	999	804	473
AT5G02770	3701	3377	3878	2864	2589	2454
AT5G02780	162	129	150	70	57	34
AT5G02790	5101	4647	5245	6633	5421	5296
AT5G02800	1299	1140	1093	905	793	780
AT5G02810	5528	4925	4423	7864	6281	5468
AT5G02815	0	0	0	0	1	0
AT5G02820	693	651	569	435	378	337
AT5G02830	1068	1024	958	1129	932	784
AT5G02840	2122	1858	2925	2246	2098	1388
AT5G02850	836	656	603	495	423	363
AT5G02860	706	604	406	771	638	696
AT5G02870	6496	6325	4575	5803	6064	5995
AT5G02880	4007	3477	2075	2135	1984	1731
AT5G02890	21	28	99	411	319	323
AT5G02910	312	278	313	215	175	186
AT5G02930	9	4	1	9	7	7
AT5G02940	3475	3085	3398	5903	4851	5159
AT5G02950	97	112	123	124	135	94
AT5G02960	9489	8225	8978	6757	6902	6108
AT5G02970	461	447	436	960	716	778
AT5G02980	0	3	0	0	0	1
AT5G03000	5	3	2	2	2	5
AT5G03010	3	0	2	9	3	4
AT5G03020	31	39	42	30	16	19
AT5G03030	625	490	619	507	522	435
AT5G03040	3355	3173	2115	4649	3956	4248
AT5G03050	244	218	268	377	304	434
AT5G03060	7	6	7	2	11	14
AT5G03070	378	308	271	287	238	213
AT5G03080	664	586	631	590	496	464
AT5G03090	0	0	0	0	2	1
AT5G03100	249	192	214	90	92	94
AT5G03110	125	137	147	138	101	137
AT5G03120	127	125	231	747	564	943
AT5G03130	4	2	18	18	21	21
AT5G03140	213	232	234	645	632	568
AT5G03150	47	48	97	368	285	233
AT5G03160	1211	1114	724	770	655	612
AT5G03170	40	47	90	101	111	80
AT5G03180	228	189	199	235	182	178
AT5G03190	553	490	540	783	664	580
AT5G03200	954	830	942	717	539	484
AT5G03204	8	19	17	19	19	8
AT5G03210	1834	1687	2204	1081	1033	763
AT5G03220	382	330	429	320	287	267
AT5G03230	371	314	543	546	410	321
AT5G03240	22121	19885	23333	11970	11396	13983
AT5G03250	27	25	32	39	36	34
AT5G03260	59	51	65	87	83	82
AT5G03270	4	2	8	39	30	8
AT5G03280	2734	2501	1635	3304	3030	2920
AT5G03285	113	85	165	57	66	60
AT5G03290	3293	3001	2684	2176	2129	2054
AT5G03300	1596	1438	1326	2560	2084	2184
AT5G03310	0	0	3	2	0	2
AT5G03320	2161	1997	1901	1136	937	926
AT5G03330	978	905	987	998	846	774
AT5G03340	2390	2211	1406	1091	973	1039
AT5G03345	792	699	1056	582	621	584
AT5G03350	4490	4258	4955	4478	3937	4713
AT5G03360	799	668	430	576	514	640
AT5G03370	490	465	622	356	425	386
AT5G03380	7141	6369	6096	2449	2082	1984
AT5G03390	113	92	68	121	121	90
AT5G03406	332	304	365	227	191	185
AT5G03415	589	552	442	386	303	322
AT5G03420	1075	966	854	1433	1192	1104
AT5G03430	2512	2321	2330	1544	1253	1487
AT5G03435	50	64	66	81	69	41
AT5G03440	215	194	271	183	170	155
AT5G03450	510	428	327	352	295	314
AT5G03455	1795	1612	2465	1535	1406	1290
AT5G03460	2200	1929	2833	1353	1241	1386
AT5G03470	823	802	799	1019	827	928
AT5G03480	2	3	3	0	0	0
AT5G03490	352	365	404	447	414	291
AT5G03495	317	261	314	53	43	43
AT5G03500	390	332	407	378	318	287
AT5G03510	17	10	25	29	30	31
AT5G03520	2132	1862	2101	2065	1686	1835
AT5G03530	128	92	169	477	379	299
AT5G03540	2130	1937	1558	2110	1817	1860
AT5G03545	67	43	123	132	141	186
AT5G03550	54	46	54	0	1	0
AT5G03552	37	23	52	50	32	50
AT5G03555	555	562	533	376	364	219
AT5G03560	994	891	926	397	340	320
AT5G03590	1	0	0	0	0	0
AT5G03610	808	655	557	420	372	257
AT5G03620	9	6	12	5	9	4
AT5G03630	6424	5595	5451	6733	5910	4860
AT5G03640	53	54	42	92	92	79
AT5G03650	2418	2156	1682	3763	3141	3111
AT5G03660	841	754	928	1901	1410	1446
AT5G03668	25	17	11	42	35	33
AT5G03670	44	34	34	97	71	87
AT5G03680	35	20	33	63	41	53
AT5G03690	444	376	394	360	306	309
AT5G03700	42	41	52	46	31	46
AT5G03705	0	2	3	0	0	0
AT5G03710	4	3	5	0	0	0
AT5G03720	550	482	323	337	260	383
AT5G03730	3140	2924	1863	2970	2452	2317
AT5G03740	2018	1880	1825	1082	936	891
AT5G03760	109	120	286	2046	1699	1215
AT5G03770	183	145	168	149	99	93
AT5G03780	1373	1194	1106	142	119	103
AT5G03790	8	4	19	6	6	2
AT5G03795	3	2	8	10	7	6
AT5G03800	179	202	135	199	183	174
AT5G03830	196	159	272	286	225	214
AT5G03840	8	6	9	5	11	7
AT5G03850	2992	2709	3547	2688	2407	1992
AT5G03860	7	11	15	5	8	5
AT5G03870	12	12	23	74	53	45
AT5G03880	3188	2858	3191	5531	5068	5645
AT5G03890	4	3	10	13	1	1
AT5G03900	1750	1493	1478	2120	1888	1922
AT5G03905	975	808	891	339	332	340
AT5G03910	1244	1097	984	1534	1430	1529
AT5G03920	2	2	3	0	0	0
AT5G03940	2081	1874	2144	5284	3949	4634
AT5G03960	2	0	5	27	26	28
AT5G03970	680	559	533	255	212	191
AT5G03990	495	469	350	319	244	308
AT5G03995	0	1	13	49	39	31
AT5G04000	0	0	5	8	5	6
AT5G04010	1	5	3	0	3	7
AT5G04020	1904	1612	628	2206	1752	1889
AT5G04040	3040	2758	2173	2969	2610	2521
AT5G04050	120	111	67	180	106	140
AT5G04060	412	393	329	701	625	550
AT5G04070	286	206	218	172	148	155
AT5G04080	322	238	540	154	167	142
AT5G04090	957	805	848	701	632	556
AT5G04110	614	526	501	535	464	437
AT5G04120	0	0	0	0	1	0
AT5G04130	656	568	441	793	710	643
AT5G04140	13666	12077	13297	34600	29180	25165
AT5G04150	11	8	33	36	34	20
AT5G04160	133	133	166	554	522	454
AT5G04170	2835	2741	2491	2181	2149	1933
AT5G04180	7	2	9	5	4	1
AT5G04190	16	25	70	188	158	74
AT5G04200	370	350	169	27	23	25
AT5G04210	16	20	21	6	7	4
AT5G04220	1006	885	983	936	812	767
AT5G04230	205	162	321	393	327	439
AT5G04238	40	46	2	23	29	18
AT5G04240	1241	1064	646	951	793	871
AT5G04250	462	427	273	161	149	162
AT5G04260	832	844	999	796	742	759
AT5G04267	2	0	0	0	0	0
AT5G04270	113	93	108	164	139	122
AT5G04275	13	10	12	4	4	1
AT5G04280	1759	1640	1366	992	957	800
AT5G04290	1628	1439	646	1156	921	919
AT5G04310	56	46	43	75	75	60
AT5G04320	392	361	327	393	304	297
AT5G04330	34	32	48	62	83	41
AT5G04340	5621	5588	6423	6515	6017	5743
AT5G04350	1	0	1	0	0	0
AT5G04360	759	643	598	1819	1625	2039
AT5G04370	59	57	25	8	4	5
AT5G04380	0	1	0	0	0	0
AT5G04390	24	21	19	13	19	20
AT5G04400	0	0	0	0	0	1
AT5G04410	4897	4363	2891	2189	1808	1731
AT5G04420	703	633	526	994	773	736
AT5G04430	2354	2141	1894	3842	3095	3309
AT5G04440	1195	1054	1409	1703	1345	1375
AT5G04460	593	569	399	714	520	517
AT5G04470	127	120	233	153	106	102
AT5G04480	1829	1617	775	2052	1678	1711
AT5G04490	1454	1295	1752	2107	1933	1550
AT5G04500	0	3	0	6	2	2
AT5G04510	929	864	701	1226	997	1052
AT5G04520	364	343	294	172	175	148
AT5G04530	92	78	194	520	440	396
AT5G04540	1924	1692	1022	1049	977	890
AT5G04550	5265	4660	2978	4958	4524	4490
AT5G04560	2107	1888	1043	2548	2137	2337
AT5G04590	11126	10176	9646	12416	10882	9141
AT5G04600	1390	1254	1464	1157	932	792
AT5G04610	18	29	33	23	19	25
AT5G04620	169	141	124	269	220	200
AT5G04630	1	1	2	3	1	2
AT5G04660	63	50	77	145	124	103
AT5G04670	926	872	542	639	561	587
AT5G04680	41	22	29	54	51	37
AT5G04690	20	18	11	37	43	19
AT5G04700	159	150	139	69	72	67
AT5G04710	1099	942	815	1050	943	950
AT5G04720	8732	7885	5705	4582	4143	4360
AT5G04730	2	1	2	0	3	1
AT5G04740	1048	938	1107	1530	1401	1466
AT5G04750	1292	1136	1821	1496	1419	1222
AT5G04760	1280	1185	1300	1309	961	995
AT5G04770	41	41	65	49	46	56
AT5G04780	100	107	72	91	78	55
AT5G04790	13	14	16	22	27	20
AT5G04800	1805	1724	1734	1362	1453	1382
AT5G04810	1699	1534	1691	2979	2422	2479
AT5G04820	48	39	47	62	73	75
AT5G04830	3380	3012	4302	1402	1209	1036
AT5G04840	66	42	36	48	24	28
AT5G04850	1090	834	874	715	599	596
AT5G04860	312	257	222	215	180	148
AT5G04870	4462	3961	2059	4485	3451	3711
AT5G04885	803	682	557	604	539	681
AT5G04890	24	19	32	34	35	42
AT5G04895	355	278	109	236	181	191
AT5G04900	460	422	525	801	692	668
AT5G04910	624	624	767	348	305	242
AT5G04920	2252	1957	1808	1571	1461	1362
AT5G04930	7874	6810	3533	5172	4621	4838
AT5G04940	582	594	455	578	482	486
AT5G04950	204	194	237	468	446	350
AT5G04970	0	1	2	4	1	2
AT5G04980	393	399	350	215	185	141
AT5G04990	1227	1154	955	998	846	876
AT5G05000	526	468	605	609	504	460
AT5G05010	4137	3757	3285	4257	3871	3967
AT5G05020	0	2	3	1	1	0
AT5G05040	12	7	10	10	11	12
AT5G05060	738	663	1044	1210	953	935
AT5G05070	4	1	1	2	2	0
AT5G05080	1592	1509	1762	1752	1407	1402
AT5G05090	375	355	529	796	553	572
AT5G05100	1865	1771	1685	1445	1240	1074
AT5G05110	2850	2655	3100	900	807	728
AT5G05130	168	146	129	136	126	112
AT5G05140	2715	2549	1828	2497	2080	1621
AT5G05150	0	1	0	3	0	1
AT5G05160	137	125	131	167	146	166
AT5G05170	6463	5746	4136	14424	13694	14398
AT5G05180	378	330	350	314	234	207
AT5G05190	4735	4418	2257	3282	2871	2663
AT5G05200	4537	4241	3717	7351	6332	7163
AT5G05210	1383	1247	1109	863	705	590
AT5G05220	5	8	10	17	16	9
AT5G05230	1153	1012	1105	611	516	532
AT5G05240	96	92	77	120	83	84
AT5G05250	227	241	314	435	386	490
AT5G05260	0	0	0	0	1	0
AT5G05270	14	12	63	165	152	68
AT5G05280	0	0	1	1	5	0
AT5G05282	0	0	1	1	5	0
AT5G05290	37	19	24	19	30	12
AT5G05300	1453	1345	1106	1399	1257	1144
AT5G05310	352	274	331	320	240	254
AT5G05320	452	362	390	294	265	290
AT5G05330	17	9	37	85	57	56
AT5G05340	340	369	224	81	82	83
AT5G05350	29	17	31	29	19	21
AT5G05360	541	496	658	315	354	299
AT5G05365	327	312	360	108	78	96
AT5G05370	477	479	674	284	381	417
AT5G05380	177	191	170	165	128	154
AT5G05390	34	28	53	3	5	3
AT5G05400	153	108	61	57	49	53
AT5G05410	4935	4586	2761	1281	1085	1971
AT5G05420	29	42	45	5	4	4
AT5G05430	36	49	41	18	17	19
AT5G05435	60	41	95	89	81	90
AT5G05440	519	595	559	240	282	370
AT5G05450	965	936	724	686	559	585
AT5G05460	704	632	565	535	495	526
AT5G05470	550	483	410	318	322	301
AT5G05480	323	332	330	501	449	386
AT5G05490	18	21	8	7	8	4
AT5G05500	1	0	0	0	0	0
AT5G05510	15	11	17	43	44	25
AT5G05520	1021	940	669	668	581	569
AT5G05530	6	8	5	2	2	3
AT5G05540	763	666	612	633	551	493
AT5G05550	320	269	365	454	361	381
AT5G05560	834	771	270	446	387	446
AT5G05570	677	669	409	845	676	738
AT5G05580	277	275	367	953	778	914
AT5G05590	334	177	257	498	397	316
AT5G05598	0	0	1	1	0	0
AT5G05600	3167	2900	2708	2417	2195	1567
AT5G05610	1193	1115	1276	1245	1056	1020
AT5G05620	365	303	245	354	315	330
AT5G05630	53	41	57	75	45	68
AT5G05640	183	170	180	41	53	23
AT5G05660	759	645	554	1045	946	961
AT5G05670	575	517	652	437	470	444
AT5G05680	560	551	382	377	344	319
AT5G05690	2627	2431	2918	5104	4762	5046
AT5G05700	1020	831	726	913	747	752
AT5G05710	182	196	222	216	231	213
AT5G05720	1	3	0	0	0	0
AT5G05730	4014	3617	3136	5260	4484	3452
AT5G05740	1010	893	894	2122	1805	2258
AT5G05750	2382	2181	1979	1038	954	911
AT5G05760	565	509	533	279	268	196
AT5G05770	0	0	0	1	3	0
AT5G05780	2229	2032	2038	1949	1633	1474
AT5G05790	53	52	82	89	57	52
AT5G05800	627	612	642	739	623	567
AT5G05810	10	5	15	14	16	15
AT5G05820	394	429	334	667	545	577
AT5G05830	137	145	167	286	265	314
AT5G05840	12	10	21	36	46	44
AT5G05850	507	499	307	709	591	532
AT5G05860	183	162	171	537	489	458
AT5G05870	263	237	280	393	364	339
AT5G05880	19	18	11	26	22	14
AT5G05890	33	32	96	294	200	210
AT5G05920	723	601	509	236	204	245
AT5G05930	1112	891	1106	880	767	725
AT5G05940	47	42	52	93	71	89
AT5G05950	346	288	445	398	348	298
AT5G05960	56	56	128	118	143	123
AT5G05965	23	18	32	2	6	5
AT5G05970	319	342	232	412	338	342
AT5G05980	970	882	956	1011	863	828
AT5G05987	449	432	353	241	254	197
AT5G05990	333	332	306	191	138	131
AT5G06000	136	118	116	54	40	45
AT5G06040	0	1	0	0	0	0
AT5G06050	310	323	256	556	455	437
AT5G06060	871	771	1236	1180	1098	1085
AT5G06070	0	0	0	1	1	0
AT5G06090	12	6	7	1	2	0
AT5G06100	606	516	589	520	408	439
AT5G06110	3564	3161	2430	2034	1474	1591
AT5G06120	1585	1400	902	1256	1120	986
AT5G06130	2067	1816	1805	2149	1825	1828
AT5G06140	1609	1353	1630	1788	1528	1427
AT5G06150	54	50	86	186	236	209
AT5G06160	1093	1019	902	808	609	600
AT5G06165	57	54	63	27	16	37
AT5G06180	234	227	248	199	166	211
AT5G06190	211	192	348	44	38	39
AT5G06200	2	4	2	0	5	1
AT5G06210	505	423	685	423	436	473
AT5G06220	1875	1702	1529	2384	1961	2036
AT5G06230	868	764	797	525	417	389
AT5G06240	358	351	405	264	273	271
AT5G06250	5	8	6	6	13	8
AT5G06260	1652	1455	1245	1074	1020	1001
AT5G06265	358	342	441	281	269	272
AT5G06270	48	33	86	161	180	159
AT5G06280	652	660	957	521	452	404
AT5G06290	2097	1891	2707	6169	5168	5660
AT5G06300	179	217	231	316	243	240
AT5G06310	142	120	175	100	115	111
AT5G06320	48772	45680	43651	30466	26044	26306
AT5G06330	676	667	356	68	37	57
AT5G06340	1072	1016	1083	1801	1577	1661
AT5G06350	879	765	492	471	430	442
AT5G06360	2804	2451	2555	1721	1441	1343
AT5G06370	1477	1268	1328	777	760	721
AT5G06380	2	2	7	0	1	1
AT5G06390	380	356	302	1316	1213	1188
AT5G06400	85	57	41	49	46	46
AT5G06410	491	466	407	237	205	231
AT5G06420	242	241	227	143	117	112
AT5G06430	178	194	232	140	123	116
AT5G06440	1309	1181	1295	1183	993	943
AT5G06450	494	448	682	389	358	368
AT5G06460	2131	1922	1092	1159	943	920
AT5G06470	15	9	20	27	26	32
AT5G06480	47	32	59	57	68	64
AT5G06500	0	0	1	1	0	1
AT5G06510	127	108	162	63	69	45
AT5G06520	3	2	2	8	4	9
AT5G06530	1847	1714	2251	1997	1843	1545
AT5G06540	62	63	22	41	24	25
AT5G06550	365	302	261	168	140	113
AT5G06560	1354	1204	932	1532	1157	1109
AT5G06570	74	67	66	76	69	55
AT5G06580	880	777	675	777	716	759
AT5G06590	82	80	99	66	71	58
AT5G06600	5904	5444	2928	4867	4137	4247
AT5G06610	225	188	184	179	136	166
AT5G06620	108	112	122	80	70	94
AT5G06660	645	556	702	504	533	584
AT5G06670	176	162	178	396	249	294
AT5G06680	523	489	370	295	281	280
AT5G06690	1132	1028	1603	2037	1580	2370
AT5G06700	2333	2074	1556	4342	3356	3507
AT5G06710	159	185	257	359	314	281
AT5G06720	1039	1023	758	80	72	89
AT5G06730	160	146	112	29	23	18
AT5G06740	49	56	25	10	4	0
AT5G06750	1291	1257	953	817	688	641
AT5G06755	10	6	10	1	2	1
AT5G06760	90	81	32	36	37	18
AT5G06770	413	359	394	280	276	277
AT5G06780	873	798	815	610	487	485
AT5G06790	15	7	30	79	49	55
AT5G06800	23	20	47	33	23	32
AT5G06810	443	346	343	239	178	203
AT5G06820	14	21	14	37	36	41
AT5G06830	813	714	594	896	821	830
AT5G06839	2	7	4	0	0	0
AT5G06850	302	272	186	244	201	216
AT5G06860	1378	1191	1218	1379	1216	919
AT5G06865	1440	1255	1313	1485	1326	994
AT5G06870	1742	1495	2331	4578	3635	2479
AT5G06890	0	0	2	0	5	3
AT5G06900	1	0	0	0	6	0
AT5G06910	510	411	588	463	373	343
AT5G06920	0	2	0	0	0	0
AT5G06930	26	25	46	210	195	180
AT5G06940	17	11	7	53	46	36
AT5G06950	726	590	506	484	347	340
AT5G06960	1474	1209	1211	491	361	353
AT5G06970	1582	1354	818	2093	1720	1784
AT5G06980	624	509	1473	996	836	491
AT5G06990	7	7	7	16	21	12
AT5G07000	19	14	47	261	203	133
AT5G07010	353	354	422	684	570	228
AT5G07020	1919	1903	2534	5242	4463	4922
AT5G07030	177	185	302	791	918	668
AT5G07040	2	5	11	1	4	6
AT5G07050	0	0	0	2	0	0
AT5G07060	203	164	125	17	13	18
AT5G07070	234	210	150	360	284	304
AT5G07080	25	39	43	70	64	46
AT5G07090	6267	5686	5887	7932	6882	5928
AT5G07100	3189	2984	3433	2536	1905	1828
AT5G07110	194	205	211	286	326	283
AT5G07120	885	777	604	872	685	700
AT5G07130	226	215	137	138	93	105
AT5G07140	44	46	42	76	86	66
AT5G07150	134	129	160	286	229	246
AT5G07152	60	42	50	106	79	84
AT5G07170	0	2	3	4	2	0
AT5G07180	185	165	118	317	273	173
AT5G07200	1	5	0	3	1	1
AT5G07220	2085	1800	2023	2348	1969	1883
AT5G07240	712	673	774	899	793	949
AT5G07250	304	266	250	517	486	497
AT5G07260	0	1	3	0	0	0
AT5G07270	959	889	775	868	721	669
AT5G07280	85	68	30	94	66	55
AT5G07290	2214	2018	1252	1591	1371	1299
AT5G07300	2108	1793	1469	1505	1385	1267
AT5G07310	12	9	16	8	3	2
AT5G07320	358	299	284	368	320	308
AT5G07322	43	32	61	58	23	18
AT5G07330	1	1	0	0	0	0
AT5G07340	2380	2178	1519	1684	1442	1245
AT5G07350	3400	3055	1664	3218	2801	2809
AT5G07360	1201	1050	822	706	682	633
AT5G07370	2280	1979	2159	1105	1006	1218
AT5G07380	67	66	44	25	34	14
AT5G07390	2	3	3	1	1	0
AT5G07400	88	71	61	64	55	64
AT5G07430	0	2	0	2	3	0
AT5G07440	7158	6319	4051	3410	3026	2208
AT5G07450	2	1	1	0	0	1
AT5G07460	568	522	560	1109	1031	877
AT5G07470	2669	2594	2619	2109	1887	1770
AT5G07475	25	26	50	3	2	2
AT5G07480	1	0	0	0	1	0
AT5G07500	0	2	2	0	2	1
AT5G07510	1	0	1	0	3	2
AT5G07520	0	0	0	0	1	0
AT5G07550	1	1	0	0	1	0
AT5G07560	1	2	0	1	2	6
AT5G07570	4	6	3	16	10	13
AT5G07571	3	8	11	7	9	31
AT5G07572	5	8	11	7	9	28
AT5G07580	787	667	1583	1615	1423	1675
AT5G07590	160	147	118	290	261	308
AT5G07600	56	61	64	0	0	1
AT5G07610	11546	10331	8840	247	161	245
AT5G07620	1604	1418	1581	94	87	114
AT5G07630	350	335	377	633	523	609
AT5G07640	21	21	35	30	26	25
AT5G07650	14	18	11	5	7	1
AT5G07660	323	255	228	135	106	61
AT5G07670	757	660	807	383	305	358
AT5G07675	1	1	1	0	0	0
AT5G07680	116	113	92	22	15	22
AT5G07690	137	103	159	773	641	602
AT5G07700	26	18	16	53	34	59
AT5G07710	381	322	324	214	201	163
AT5G07720	20	9	30	75	56	69
AT5G07730	268	245	242	209	201	184
AT5G07740	1855	1799	824	2185	1876	1732
AT5G07760	87	52	49	92	56	52
AT5G07770	1377	1270	984	1237	1047	864
AT5G07780	54	48	47	38	21	39
AT5G07790	1142	1013	763	361	286	299
AT5G07800	79	69	52	48	55	33
AT5G07810	47	35	30	119	111	103
AT5G07820	740	631	569	568	457	437
AT5G07830	2829	2396	1702	1670	1565	1375
AT5G07840	554	507	573	598	536	541
AT5G07842	577	525	588	630	555	572
AT5G07860	191	175	205	449	372	526
AT5G07870	209	151	207	462	390	405
AT5G07880	19	17	14	10	13	8
AT5G07890	555	483	503	489	454	399
AT5G07900	209	161	193	278	195	247
AT5G07910	733	564	673	485	440	539
AT5G07920	1671	1450	917	1660	1413	1335
AT5G07940	2058	1760	933	1353	1257	1247
AT5G07950	495	455	398	194	178	208
AT5G07960	574	521	839	369	434	384
AT5G07970	1511	1402	844	982	809	843
AT5G07980	1203	1152	631	984	812	820
AT5G07990	71	64	83	124	96	42
AT5G08000	158	155	259	404	328	254
AT5G08010	404	346	337	437	334	329
AT5G08020	100	73	81	135	115	104
AT5G08030	10	3	21	68	69	29
AT5G08040	633	613	938	770	565	507
AT5G08050	642	650	1384	2620	2310	2402
AT5G08055	0	0	4	0	0	0
AT5G08060	1704	1767	1576	1743	1612	1470
AT5G08070	56	46	69	47	33	33
AT5G08080	1138	994	1098	996	1002	969
AT5G08100	638	570	606	762	783	861
AT5G08110	253	222	141	197	177	149
AT5G08120	342	285	350	671	548	559
AT5G08130	1297	1137	890	1844	1522	1416
AT5G08139	583	494	495	437	398	365
AT5G08141	0	0	1	0	0	0
AT5G08150	55	65	69	112	91	113
AT5G08160	1319	1282	1067	1173	1173	1272
AT5G08170	882	845	779	536	471	428
AT5G08180	848	753	855	901	767	641
AT5G08185	113	113	215	330	279	282
AT5G08190	676	574	715	375	303	317
AT5G08200	598	543	438	484	414	379
AT5G08210	32	28	66	34	23	20
AT5G08220	16	12	15	9	7	9
AT5G08230	960	820	548	672	583	582
AT5G08240	2604	2490	1976	1478	1290	1139
AT5G08250	2	5	1	0	0	0
AT5G08260	1281	1065	1123	2241	2024	2016
AT5G08270	125	115	133	168	152	121
AT5G08280	5223	4868	5156	9811	8319	9646
AT5G08290	2795	2315	2722	2077	2184	2056
AT5G08300	3606	3368	2680	2062	1904	1904
AT5G08305	106	112	53	53	33	48
AT5G08310	120	95	41	75	64	76
AT5G08320	393	351	536	359	286	295
AT5G08330	2073	1896	2602	2765	2962	2936
AT5G08335	589	543	581	292	274	243
AT5G08340	289	244	257	214	233	264
AT5G08350	80	80	134	82	68	65
AT5G08360	62	76	47	18	13	13
AT5G08370	1051	843	1009	972	786	836
AT5G08380	4118	3630	2281	1225	1040	1222
AT5G08390	614	496	439	880	781	780
AT5G08391	1	3	0	8	4	0
AT5G08400	585	500	570	448	379	504
AT5G08410	2044	1830	2997	2464	2325	3251
AT5G08415	547	527	484	600	582	606
AT5G08420	1845	1717	1465	1547	1232	1282
AT5G08430	491	432	462	764	637	517
AT5G08440	936	895	670	543	469	459
AT5G08450	2468	2324	1276	1787	1527	1475
AT5G08460	0	0	0	1	1	0
AT5G08470	1459	1282	835	1158	1059	990
AT5G08480	42	45	28	13	35	23
AT5G08490	58	34	17	27	30	28
AT5G08500	1837	1673	1088	1206	1119	1134
AT5G08510	325	275	215	166	143	151
AT5G08520	1847	1618	1614	1976	1711	1776
AT5G08530	6971	6288	5349	6372	5641	5646
AT5G08535	267	229	281	249	184	198
AT5G08540	1956	1925	2177	1921	1773	1841
AT5G08550	1019	909	577	496	466	470
AT5G08560	2391	2067	1676	1636	1397	1307
AT5G08565	129	143	180	108	113	95
AT5G08570	3348	2926	2290	2037	1966	2067
AT5G08580	515	437	452	525	496	498
AT5G08590	2008	1826	2196	3375	2786	2738
AT5G08600	223	201	91	204	148	121
AT5G08610	1407	1284	769	1644	1487	1569
AT5G08620	1142	1035	741	657	614	495
AT5G08630	748	742	439	619	439	484
AT5G08640	18	11	28	129	109	73
AT5G08650	2574	2332	2440	5905	4549	4531
AT5G08660	2321	1949	1530	1149	926	1116
AT5G08670	9932	9156	6914	8212	7816	7485
AT5G08680	8900	8347	5173	5574	5274	5277
AT5G08690	10630	10245	7284	8250	7642	7831
AT5G08695	1	0	1	0	0	1
AT5G08710	460	413	442	391	294	310
AT5G08712	0	1	0	0	0	0
AT5G08720	364	340	431	816	692	671
AT5G08730	3	2	2	2	0	0
AT5G08740	1324	1186	1260	1456	1173	1144
AT5G08750	387	367	383	433	378	345
AT5G08760	3465	3354	4334	2736	2218	2053
AT5G08770	261	264	188	301	216	254
AT5G08780	350	307	337	281	234	190
AT5G08790	8172	7605	8355	3570	3229	3674
AT5G09210	0	1	0	1	0	0
AT5G09220	2542	2424	3220	6733	6376	6900
AT5G09225	446	440	647	383	408	355
AT5G09230	332	296	333	360	317	342
AT5G09240	81	71	94	172	169	176
AT5G09250	486	502	586	449	440	382
AT5G09260	599	539	608	315	305	286
AT5G09270	211	166	189	176	131	126
AT5G09280	7	5	5	0	2	1
AT5G09290	294	293	262	131	116	90
AT5G09300	31	37	56	177	151	115
AT5G09310	416	336	426	243	311	285
AT5G09320	255	214	201	211	188	203
AT5G09330	4143	3792	2211	2145	1788	1547
AT5G09350	172	150	95	308	281	244
AT5G09360	10	8	7	0	0	0
AT5G09370	8	5	7	1	1	0
AT5G09380	397	323	342	224	163	194
AT5G09390	974	880	851	647	462	496
AT5G09400	1571	1370	843	1083	993	1000
AT5G09410	1924	1679	1224	1974	1786	1649
AT5G09420	526	490	277	194	172	172
AT5G09430	11	6	3	1	6	1
AT5G09440	2634	2678	2638	1485	1611	1547
AT5G09443	95	102	98	104	94	83
AT5G09445	82	92	85	92	78	80
AT5G09450	851	755	706	490	421	420
AT5G09460	3097	2768	2613	3071	2688	2570
AT5G09461	3097	2768	2613	3071	2688	2570
AT5G09462	3097	2768	2613	3071	2688	2570
AT5G09463	3097	2768	2613	3071	2688	2570
AT5G09470	46	51	38	22	14	19
AT5G09480	81	80	99	15	10	13
AT5G09500	2	0	1	0	0	0
AT5G09510	2058	1831	2156	2453	2482	2478
AT5G09520	10	5	10	6	8	6
AT5G09530	580	512	528	81	95	137
AT5G09540	78	75	94	77	80	73
AT5G09570	9	7	13	9	3	2
AT5G09580	78	84	69	48	48	56
AT5G09585	55	46	77	9	5	10
AT5G09590	4165	3808	2211	1316	1018	985
AT5G09600	2721	2535	2351	2022	1696	1746
AT5G09610	1	1	1	1	2	0
AT5G09620	3262	2946	1828	2011	1798	1713
AT5G09630	369	349	271	190	146	189
AT5G09640	9	4	2	3	3	1
AT5G09650	2346	2138	3219	4597	4228	4408
AT5G09660	7372	6833	12492	21592	20649	19068
AT5G09670	1182	1061	1010	1090	1021	1119
AT5G09672	1182	1063	1011	1094	1023	1120
AT5G09680	1096	886	965	723	696	676
AT5G09690	289	239	267	160	131	163
AT5G09700	9	11	11	9	6	5
AT5G09710	36	21	36	38	50	36
AT5G09711	2	1	0	0	0	1
AT5G09720	6	1	10	3	3	0
AT5G09730	23	20	16	68	61	44
AT5G09740	409	388	372	509	381	368
AT5G09760	268	215	236	490	425	331
AT5G09770	836	763	1017	559	615	497
AT5G09780	1	0	0	2	0	0
AT5G09790	226	232	165	232	205	177
AT5G09800	278	261	140	136	106	115
AT5G09805	13	13	27	32	37	31
AT5G09810	17077	15070	12811	12458	12808	12477
AT5G09820	152	153	242	327	278	311
AT5G09830	354	260	430	381	389	356
AT5G09840	225	197	83	124	98	68
AT5G09850	1365	1134	1196	1717	1210	1158
AT5G09860	980	794	776	969	775	728
AT5G09870	2494	2129	1530	4547	4143	4010
AT5G09876	323	313	261	148	93	83
AT5G09880	2492	2291	1837	1776	1562	1511
AT5G09890	1468	1360	1060	1353	1129	1143
AT5G09900	3749	3327	2886	2604	2306	2128
AT5G09910	0	3	0	3	4	0
AT5G09920	866	774	1156	682	794	643
AT5G09930	41	48	22	3	5	3
AT5G09940	0	0	1	0	1	0
AT5G09950	98	81	34	32	35	42
AT5G09960	557	504	777	531	475	440
AT5G09970	6	7	3	6	7	3
AT5G09976	8	5	9	21	18	4
AT5G09978	2	3	1	2	2	0
AT5G09980	19	26	43	81	65	15
AT5G09990	47	35	110	55	56	29
AT5G09995	294	283	336	451	405	380
AT5G10000	0	0	1	0	0	0
AT5G10010	1120	971	756	1051	799	754
AT5G10020	545	497	348	763	650	686
AT5G10030	551	479	498	568	487	410
AT5G10050	312	290	355	417	423	410
AT5G10060	1234	987	804	1052	803	822
AT5G10070	562	515	594	433	320	366
AT5G10080	52	48	39	82	63	48
AT5G10090	3	2	4	1	2	0
AT5G10100	38	26	11	62	40	27
AT5G10110	459	353	388	260	243	255
AT5G10130	0	0	0	2	1	4
AT5G10140	44	40	61	104	66	83
AT5G10150	96	88	233	570	507	430
AT5G10160	251	248	328	703	611	588
AT5G10170	313	245	243	486	381	449
AT5G10180	1542	1300	1506	2632	2325	2402
AT5G10190	1612	1547	1356	1061	893	903
AT5G10200	188	148	145	323	317	215
AT5G10210	3	6	16	5	6	7
AT5G10230	3	8	3	3	5	4
AT5G10235	0	0	1	0	0	0
AT5G10240	404	344	324	498	444	350
AT5G10250	12	7	33	152	135	153
AT5G10260	7	7	8	70	70	61
AT5G10270	859	731	694	424	350	346
AT5G10278	1	1	0	0	1	2
AT5G10280	0	2	2	4	1	0
AT5G10290	1233	1081	761	731	637	663
AT5G10300	970	875	788	307	264	154
AT5G10310	49	38	62	63	59	66
AT5G10320	186	157	188	172	141	164
AT5G10330	497	471	551	657	608	661
AT5G10336	24	27	8	8	7	4
AT5G10340	6	9	0	5	1	5
AT5G10350	547	521	534	879	744	707
AT5G10360	8264	7380	7522	8301	7297	6269
AT5G10370	924	884	565	684	600	572
AT5G10380	16236	15038	16900	8909	7442	6162
AT5G10390	392	364	594	381	418	353
AT5G10400	435	398	779	598	563	493
AT5G10410	155	145	152	112	117	93
AT5G10430	53	48	186	471	418	353
AT5G10440	41	33	54	30	32	39
AT5G10450	12085	10786	15711	11693	11095	10205
AT5G10460	508	481	627	575	519	454
AT5G10470	2506	2154	1689	2719	2303	2284
AT5G10480	480	501	594	1194	1061	962
AT5G10490	1598	1511	1205	1039	897	873
AT5G10510	92	67	48	74	50	49
AT5G10520	211	188	293	419	359	200
AT5G10530	27	31	22	75	51	76
AT5G10540	4219	3847	2814	4617	3885	4091
AT5G10550	1815	1632	1077	1896	1449	1756
AT5G10560	1369	1151	1085	2350	1884	2016
AT5G10570	112	104	154	214	141	140
AT5G10572	16	21	13	12	14	9
AT5G10580	0	1	2	1	0	3
AT5G10600	364	320	288	375	325	376
AT5G10605	41	32	33	32	22	40
AT5G10610	732	595	570	547	478	478
AT5G10620	40	31	50	113	119	110
AT5G10625	94	76	59	66	32	21
AT5G10630	874	730	579	662	592	584
AT5G10650	4121	3762	3603	506	422	411
AT5G10660	8	11	7	13	17	13
AT5G10680	11	5	8	19	12	13
AT5G10690	568	458	586	1436	1177	1364
AT5G10695	4891	4572	5413	3420	3590	3855
AT5G10700	178	163	269	228	254	239
AT5G10710	561	481	570	376	347	318
AT5G10720	1	0	3	5	5	4
AT5G10730	543	553	534	435	377	378
AT5G10740	510	459	334	259	220	206
AT5G10745	595	530	544	471	410	386
AT5G10750	3173	3217	2350	2321	2162	2230
AT5G10760	26970	25156	13367	8245	7482	7994
AT5G10770	1105	1083	1169	414	406	312
AT5G10780	3300	3196	3075	2168	1902	2061
AT5G10790	1074	983	960	619	509	555
AT5G10800	54	43	63	195	112	147
AT5G10810	838	829	937	613	532	574
AT5G10820	140	147	120	118	130	118
AT5G10830	38	35	56	110	115	85
AT5G10840	3658	3306	2200	2822	2662	2947
AT5G10860	9255	8332	9477	6938	6502	7100
AT5G10870	447	392	371	337	289	272
AT5G10880	19	6	6	6	1	4
AT5G10890	6	8	8	24	12	17
AT5G10900	159	155	126	164	160	127
AT5G10910	408	407	395	676	508	512
AT5G10920	1014	902	723	900	830	861
AT5G10930	406	367	589	304	273	184
AT5G10940	1636	1471	1060	1145	955	919
AT5G10946	215	166	351	174	151	122
AT5G10950	754	627	594	512	440	375
AT5G10960	3743	3259	3254	3049	2696	2739
AT5G10970	9	12	19	31	26	22
AT5G10980	8005	7463	9942	2355	2358	2226
AT5G10990	1	3	0	9	0	3
AT5G11000	5501	4948	2870	2652	2217	1956
AT5G11010	575	460	351	304	273	254
AT5G11020	129	86	110	125	115	77
AT5G11030	1007	991	809	475	500	486
AT5G11040	1670	1495	911	1232	1219	1370
AT5G11050	0	1	0	0	0	0
AT5G11060	4340	4084	3956	2222	1811	1906
AT5G11070	2114	1902	2625	3677	3418	3955
AT5G11080	0	0	2	1	0	1
AT5G11090	7062	6694	8278	1172	1037	960
AT5G11100	127	120	161	28	26	15
AT5G11110	417	375	217	257	229	224
AT5G11140	484	403	266	547	463	247
AT5G11150	1038	873	687	688	653	1263
AT5G11160	30	52	56	124	76	120
AT5G11170	5316	4706	4239	4602	3794	3815
AT5G11180	0	1	0	0	0	0
AT5G11190	18	11	51	39	28	27
AT5G11200	4331	3850	3170	2710	2220	2187
AT5G11210	1128	1106	425	59	68	36
AT5G11230	271	283	210	162	114	112
AT5G11240	1176	1002	613	503	392	322
AT5G11250	1304	1185	694	1184	1150	1301
AT5G11260	165	162	262	75	64	38
AT5G11270	654	551	544	687	600	613
AT5G11280	599	482	730	652	579	573
AT5G11290	20	15	13	11	7	12
AT5G11300	126	109	81	128	99	79
AT5G11310	283	237	199	174	150	141
AT5G11320	12	9	12	8	10	3
AT5G11330	1684	1493	1551	1813	1556	1799
AT5G11340	675	657	611	521	470	462
AT5G11350	630	565	390	633	480	523
AT5G11360	14	11	14	7	4	6
AT5G11380	647	634	460	478	474	536
AT5G11390	445	434	355	427	372	338
AT5G11400	5	6	7	0	2	0
AT5G11410	536	468	820	66	59	51
AT5G11412	1	0	2	3	1	5
AT5G11416	0	0	0	0	0	2
AT5G11420	1201	1157	2052	5388	4768	5237
AT5G11425	13	11	11	8	11	11
AT5G11430	955	813	509	550	496	485
AT5G11440	0	1	0	0	0	2
AT5G11450	1685	1540	1855	2487	2413	2671
AT5G11460	1500	1351	1286	128	113	107
AT5G11470	210	153	145	114	101	78
AT5G11480	1398	1282	1424	2153	1718	1823
AT5G11490	2613	2251	1611	2139	1715	1840
AT5G11500	3396	3060	4004	3630	2918	2629
AT5G11510	83	87	54	192	169	151
AT5G11520	3022	2566	1696	1931	1679	1804
AT5G11530	907	761	433	596	509	429
AT5G11540	0	5	4	35	21	8
AT5G11550	83	89	125	202	213	122
AT5G11560	5211	4821	3062	3932	3307	3422
AT5G11570	0	3	0	0	3	1
AT5G11580	2070	1735	1744	2599	2255	2367
AT5G11590	8	5	16	36	59	39
AT5G11600	741	620	671	886	719	617
AT5G11610	1382	1283	1181	1621	1280	1167
AT5G11620	9	5	13	9	5	7
AT5G11630	293	228	254	135	183	139
AT5G11640	328	323	403	405	384	341
AT5G11650	2754	2624	2368	2433	2167	1726
AT5G11670	30597	27360	18057	28672	28932	25893
AT5G11680	1548	1390	1130	1433	1168	1216
AT5G11690	200	158	241	263	236	232
AT5G11700	3408	3184	1739	3909	3732	3399
AT5G11710	2572	2409	2119	3405	2753	2390
AT5G11720	2145	1938	1478	2375	1912	1967
AT5G11730	1061	911	770	651	648	675
AT5G11740	18493	16853	15689	13201	12986	16000
AT5G11750	359	303	304	276	277	255
AT5G11760	1207	1187	1392	715	577	555
AT5G11770	4733	4702	4303	4273	3964	3649
AT5G11780	40	25	25	39	34	26
AT5G11790	631	573	672	2312	1901	1649
AT5G11800	674	621	455	869	749	788
AT5G11810	1052	877	853	1006	944	934
AT5G11820	3	5	2	5	4	1
AT5G11840	1165	1097	1120	1668	1591	1471
AT5G11850	2348	1963	1420	1180	984	934
AT5G11860	1159	1154	1125	776	700	621
AT5G11870	15	12	10	13	9	8
AT5G11880	2364	2240	1523	2197	1846	1689
AT5G11890	450	448	548	590	541	447
AT5G11900	1196	1092	1230	696	582	632
AT5G11910	827	772	914	621	515	511
AT5G11920	1440	1235	750	168	138	78
AT5G11930	41	43	44	20	17	10
AT5G11940	10	2	3	2	2	0
AT5G11950	626	581	481	627	486	475
AT5G11960	1098	1063	947	978	768	726
AT5G11970	1393	1291	1425	994	696	860
AT5G11980	717	624	533	662	621	638
AT5G11990	11	7	10	14	15	11
AT5G12000	0	1	1	0	0	0
AT5G12010	2039	1853	1622	709	671	640
AT5G12020	11	8	10	2	8	4
AT5G12030	32	25	11	6	6	4
AT5G12040	2159	1896	1693	1301	1184	1164
AT5G12050	41	41	103	282	245	136
AT5G12080	401	361	276	571	469	337
AT5G12100	228	193	134	197	138	153
AT5G12110	80	84	70	181	178	123
AT5G12120	2620	2436	2119	2285	1776	1812
AT5G12130	858	751	803	1259	1111	1112
AT5G12140	1866	1725	2422	3253	3105	2999
AT5G12150	2555	2305	1849	5315	4539	4129
AT5G12170	1011	887	724	789	640	674
AT5G12180	25	15	24	6	9	3
AT5G12190	570	537	704	338	248	255
AT5G12200	2134	1917	1841	1900	1675	1649
AT5G12210	1895	1703	1736	1421	1161	1322
AT5G12220	499	501	359	253	228	200
AT5G12230	1149	993	942	843	629	695
AT5G12235	11	3	13	1	5	3
AT5G12236	0	0	1	1	0	0
AT5G12240	487	395	528	330	388	315
AT5G12250	1617	1504	1730	7531	6969	6231
AT5G12260	273	256	253	346	315	302
AT5G12270	2	2	1	1	1	2
AT5G12280	6	6	2	2	4	5
AT5G12290	859	767	730	637	585	504
AT5G12300	43	54	55	108	64	55
AT5G12310	1083	1050	1407	947	783	715
AT5G12320	304	244	383	302	297	260
AT5G12330	41	44	37	28	25	26
AT5G12340	111	103	74	131	112	75
AT5G12350	1273	1142	611	1385	1065	1246
AT5G12360	20	24	34	50	44	33
AT5G12370	3050	2721	1888	3709	3211	3361
AT5G12380	99	87	81	56	54	43
AT5G12390	768	677	786	404	384	410
AT5G12400	1599	1462	677	1214	1064	1003
AT5G12410	784	710	593	583	495	453
AT5G12420	415	348	446	298	229	246
AT5G12430	1429	1258	661	1633	1358	1376
AT5G12440	667	626	597	862	777	892
AT5G12450	1	1	2	0	2	0
AT5G12460	0	0	0	1	0	0
AT5G12470	1402	1220	1610	2760	2432	1805
AT5G12480	1961	1848	1287	1702	1383	1340
AT5G12840	1162	1036	1078	824	707	518
AT5G12850	1545	1331	821	1708	1611	1527
AT5G12860	8476	8162	6126	7384	8037	8329
AT5G12870	39	34	41	9	6	8
AT5G12880	703	615	498	159	157	99
AT5G12890	2307	2092	1597	1296	1204	1018
AT5G12900	327	260	253	473	411	386
AT5G12910	0	0	0	1	0	0
AT5G12920	169	137	109	54	42	35
AT5G12930	466	410	308	216	190	154
AT5G12940	277	277	475	1908	1763	1353
AT5G12950	2383	2292	1996	3899	3276	3540
AT5G12960	154	126	126	197	192	304
AT5G12970	46	47	45	52	32	26
AT5G12980	479	420	376	333	309	309
AT5G12990	0	1	0	3	3	0
AT5G13000	2296	1981	1145	2807	2417	2235
AT5G13010	3245	2864	1789	2636	2219	2081
AT5G13020	2883	2667	2194	2031	1653	1547
AT5G13030	4478	4082	2940	3074	2883	2801
AT5G13050	875	788	735	517	554	537
AT5G13060	128	94	79	124	116	106
AT5G13070	761	641	799	516	430	405
AT5G13080	1881	1613	1915	386	364	151
AT5G13090	502	424	629	700	628	474
AT5G13100	854	872	977	2251	2033	1675
AT5G13110	670	633	491	484	418	380
AT5G13120	1571	1388	1498	3225	2488	2473
AT5G13130	4	2	9	12	8	16
AT5G13140	289	246	520	1154	1102	1050
AT5G13150	5	2	3	0	1	1
AT5G13160	1623	1433	1312	1239	1133	1007
AT5G13170	1854	1539	282	25	17	16
AT5G13180	3887	3674	5289	2589	2204	2080
AT5G13181	0	2	3	2	2	0
AT5G13190	5675	5136	4963	4196	4441	3945
AT5G13200	6713	6356	4700	4295	3842	3361
AT5G13210	2654	2490	1461	461	362	334
AT5G13220	1215	1016	978	1112	1159	546
AT5G13225	0	0	1	0	0	2
AT5G13230	76	53	12	20	32	24
AT5G13240	941	747	923	648	520	621
AT5G13250	22	17	17	11	17	9
AT5G13260	877	853	808	1228	1046	1033
AT5G13270	368	328	148	178	139	182
AT5G13280	1228	1140	876	1365	1117	1124
AT5G13290	121	128	169	200	163	145
AT5G13300	1983	1786	1159	1854	1619	1558
AT5G13310	453	440	346	268	228	221
AT5G13320	6324	5551	3529	698	647	451
AT5G13330	578	519	490	112	100	48
AT5G13340	176	155	166	149	112	96
AT5G13350	1	0	0	0	0	0
AT5G13360	424	388	418	377	351	294
AT5G13370	881	879	483	335	251	314
AT5G13390	2618	2431	1289	1954	1769	1915
AT5G13400	230	217	237	578	533	657
AT5G13410	622	567	790	1173	1050	1126
AT5G13420	2699	2427	1622	1728	1598	1265
AT5G13430	3017	2736	2482	2183	2180	1952
AT5G13440	5354	4823	4307	2842	2696	2563
AT5G13450	3695	3380	3229	5554	4774	4457
AT5G13460	121	111	152	554	457	409
AT5G13470	241	223	297	206	191	221
AT5G13480	721	668	442	581	444	459
AT5G13490	1499	1318	686	348	358	360
AT5G13500	1428	1256	1094	953	916	773
AT5G13510	2041	2049	2702	6261	5118	5732
AT5G13520	305	329	241	401	353	244
AT5G13530	1867	1727	750	1725	1358	1390
AT5G13550	2064	1837	1560	1637	1338	1023
AT5G13560	2420	2131	1754	2037	1569	1601
AT5G13570	1034	865	805	656	636	587
AT5G13580	49	31	29	7	4	10
AT5G13590	3249	2836	1808	2270	1897	1688
AT5G13600	0	0	1	6	5	2
AT5G13610	480	429	371	378	297	338
AT5G13630	20483	18866	20743	66711	60608	46769
AT5G13640	1873	1731	1783	2035	1883	1533
AT5G13650	10708	9893	8547	12542	9828	11118
AT5G13660	354	322	290	332	272	279
AT5G13670	3	3	2	0	0	0
AT5G13680	1651	1402	799	986	852	797
AT5G13690	531	414	431	1104	875	1082
AT5G13700	420	436	222	403	335	308
AT5G13710	2534	2141	1937	3124	2490	3606
AT5G13720	1588	1486	1621	1297	1295	1424
AT5G13730	297	303	507	943	735	907
AT5G13740	814	777	1168	1506	1431	1221
AT5G13750	486	382	365	511	436	384
AT5G13760	666	645	474	761	713	730
AT5G13770	920	883	1311	3177	2467	1632
AT5G13780	1290	1249	1379	1195	1141	991
AT5G13790	27	36	27	31	22	6
AT5G13800	7921	7116	6319	3985	3524	3116
AT5G13810	3370	3066	3135	2699	2335	1898
AT5G13820	1088	1090	773	287	210	157
AT5G13825	1	0	0	0	0	0
AT5G13830	30	34	32	18	32	24
AT5G13840	116	99	105	275	240	208
AT5G13850	1824	1682	1862	2034	1776	1618
AT5G13860	336	302	261	257	208	191
AT5G13870	177	135	212	132	131	121
AT5G13880	9	16	25	38	26	15
AT5G13887	0	1	0	0	0	0
AT5G13890	537	477	346	408	301	355
AT5G13900	2	6	17	2	1	6
AT5G13910	1	1	0	0	1	1
AT5G13920	42	31	30	49	46	49
AT5G13930	250	218	624	1265	1335	524
AT5G13940	5	3	2	6	2	1
AT5G13950	2098	1827	1578	2401	2238	2319
AT5G13960	496	413	288	334	295	209
AT5G13970	606	578	602	457	335	293
AT5G13980	1710	1526	1247	3733	3005	2997
AT5G13990	7	13	15	33	27	19
AT5G14000	152	158	137	8	9	6
AT5G14010	0	0	1	0	0	0
AT5G14020	0	0	0	0	0	2
AT5G14030	3096	2705	3045	2654	2174	2093
AT5G14035	0	1	0	0	0	0
AT5G14040	9802	8975	6728	6779	5802	5724
AT5G14050	1062	1001	787	743	630	515
AT5G14060	2220	1930	2487	6310	5297	4336
AT5G14070	5	7	8	3	3	2
AT5G14080	286	236	216	348	300	285
AT5G14090	73	70	89	215	165	196
AT5G14100	134	143	147	260	283	275
AT5G14105	273	277	404	154	177	153
AT5G14110	0	1	6	9	7	0
AT5G14120	4875	4444	5074	8398	8094	9259
AT5G14130	19	17	19	1	1	1
AT5G14140	134	132	156	126	120	104
AT5G14150	0	0	0	2	1	1
AT5G14160	5	9	14	15	12	2
AT5G14170	1744	1654	1334	1417	1157	1133
AT5G14180	130	104	84	29	46	14
AT5G14200	2061	1795	1729	4572	3974	3966
AT5G14210	342	255	388	1059	936	951
AT5G14220	839	770	667	972	809	848
AT5G14230	88	100	79	271	228	160
AT5G14240	889	746	937	1244	947	971
AT5G14250	1485	1367	1191	738	621	601
AT5G14260	3443	3050	2782	5146	4986	4904
AT5G14270	3514	2981	1972	2324	1853	2417
AT5G14280	428	433	397	367	312	313
AT5G14290	1	0	0	0	0	0
AT5G14310	1264	1118	819	700	654	625
AT5G14320	1994	1867	3854	8699	7575	8120
AT5G14330	0	4	2	8	9	9
AT5G14350	116	127	116	128	106	136
AT5G14360	24	23	42	44	43	38
AT5G14370	635	622	610	707	644	587
AT5G14380	11	13	8	4	11	8
AT5G14390	732	552	664	947	893	739
AT5G14400	1	1	2	2	4	1
AT5G14410	54	66	146	192	128	153
AT5G14420	2109	1922	1795	800	586	526
AT5G14430	2877	2566	2325	2413	2164	2183
AT5G14440	612	483	611	644	483	457
AT5G14450	196	245	237	239	230	255
AT5G14460	796	632	657	1433	1147	1268
AT5G14470	37	30	28	23	24	17
AT5G14480	527	456	344	278	252	255
AT5G14490	506	460	512	2	1	4
AT5G14500	376	314	310	361	303	282
AT5G14510	14	19	27	26	28	20
AT5G14520	2810	2519	1598	1492	1260	1117
AT5G14530	600	529	497	307	317	265
AT5G14540	2193	2075	1720	1724	1575	1425
AT5G14545	1	1	10	0	0	0
AT5G14550	1466	1291	2194	786	815	1140
AT5G14560	5	8	2	0	2	3
AT5G14565	638	623	789	1381	1186	1024
AT5G14570	632	621	767	1345	1165	992
AT5G14580	404	384	196	182	185	141
AT5G14590	2644	2381	1704	1630	1284	1329
AT5G14600	333	312	258	193	143	148
AT5G14602	3	1	1	0	0	0
AT5G14610	190	227	166	457	411	348
AT5G14620	556	458	457	369	331	290
AT5G14640	1617	1394	988	760	590	409
AT5G14650	50	38	36	51	49	42
AT5G14660	688	548	733	1281	1009	1135
AT5G14670	2	1	1	1	1	0
AT5G14680	584	573	734	727	693	634
AT5G14690	3	2	11	37	29	18
AT5G14700	1631	1613	991	1532	1376	760
AT5G14710	224	203	298	238	219	169
AT5G14720	2817	2729	1853	3467	2738	2734
AT5G14730	351	381	628	177	143	220
AT5G14740	11908	10901	15459	21810	19159	18696
AT5G14750	0	2	3	3	4	1
AT5G14760	235	251	200	131	129	94
AT5G14770	179	176	86	179	152	131
AT5G14780	14002	12779	7585	11498	10751	8907
AT5G14790	391	345	271	636	562	535
AT5G14800	3400	3227	2656	1738	1618	1545
AT5G14820	77	76	75	114	100	101
AT5G14850	316	309	214	358	272	297
AT5G14860	5	10	5	5	1	1
AT5G14870	8	6	11	16	15	20
AT5G14880	1209	1127	848	1215	1054	875
AT5G14890	33	29	23	41	32	21
AT5G14900	2	0	2	0	0	3
AT5G14910	1803	1653	2575	5214	4277	5156
AT5G14920	2612	2833	2640	6250	4950	7104
AT5G14930	9753	8865	6522	2529	1956	1927
AT5G14940	271	215	311	118	113	98
AT5G14950	1802	1679	1007	1527	1388	1470
AT5G14960	96	93	79	117	125	92
AT5G14970	2198	1899	2374	5298	3803	3861
AT5G14980	3	7	2	2	0	1
AT5G14990	0	1	0	2	0	0
AT5G15008	1	0	0	0	0	0
AT5G15010	123	88	94	101	73	81
AT5G15020	2463	2197	1253	2173	1990	1764
AT5G15022	15	19	25	7	11	10
AT5G15030	151	124	217	153	102	117
AT5G15050	464	414	433	667	685	616
AT5G15060	0	0	0	2	2	0
AT5G15070	48	62	48	184	154	140
AT5G15080	1168	1059	1045	728	658	563
AT5G15090	3802	3647	3336	2414	2400	1947
AT5G15110	0	0	0	1	0	0
AT5G15120	45	45	51	64	47	31
AT5G15130	78	91	45	6	7	6
AT5G15140	0	0	1	0	2	0
AT5G15150	5	2	4	59	61	35
AT5G15160	19	7	35	114	90	70
AT5G15170	318	314	297	413	362	304
AT5G15180	5	2	8	12	4	10
AT5G15190	265	282	522	259	230	124
AT5G15200	10943	9631	10498	8326	9225	7927
AT5G15210	181	188	334	293	268	187
AT5G15220	279	246	292	368	332	369
AT5G15230	1230	1085	2109	2304	2175	2341
AT5G15240	90	78	102	85	82	92
AT5G15250	5	5	5	8	1	8
AT5G15254	16	10	36	3	4	2
AT5G15260	1088	989	799	739	615	560
AT5G15265	0	0	2	7	4	8
AT5G15270	1166	1076	868	853	714	700
AT5G15280	308	232	223	386	339	376
AT5G15290	1	0	1	0	0	0
AT5G15300	34	51	29	44	30	29
AT5G15310	125	100	304	341	225	247
AT5G15320	875	818	1104	889	833	804
AT5G15330	183	147	204	242	202	181
AT5G15340	68	37	16	38	32	35
AT5G15350	2401	2196	2212	2812	2585	2638
AT5G15360	1	0	0	0	1	0
AT5G15380	17	17	19	0	0	0
AT5G15390	298	304	347	642	558	575
AT5G15400	3845	3446	1945	2036	1809	1817
AT5G15410	4074	3778	2517	2644	2655	3127
AT5G15420	0	0	0	0	1	1
AT5G15430	0	0	12	20	17	14
AT5G15440	631	581	691	600	594	508
AT5G15450	4832	4424	3161	2976	2786	2201
AT5G15460	219	207	268	246	231	233
AT5G15470	620	528	474	1007	822	752
AT5G15480	1	3	0	2	1	0
AT5G15490	1909	1767	1209	1563	1458	1315
AT5G15500	300	311	245	165	147	103
AT5G15510	29	21	22	77	73	74
AT5G15520	257	242	325	218	229	203
AT5G15530	55	48	70	231	191	143
AT5G15540	3907	3575	1584	1312	1116	1194
AT5G15550	1453	1218	937	586	495	533
AT5G15570	399	358	340	302	246	256
AT5G15580	215	200	230	941	743	641
AT5G15581	16	20	8	85	82	62
AT5G15600	1	2	12	41	22	20
AT5G15610	1041	936	881	1360	1135	1149
AT5G15620	2	1	2	0	0	0
AT5G15630	43	28	51	45	49	40
AT5G15640	1785	1519	1105	774	695	892
AT5G15650	6423	5870	3709	7913	7052	7181
AT5G15660	9	9	1	1	3	3
AT5G15680	1899	1752	824	1671	1522	1486
AT5G15700	1016	903	442	390	350	341
AT5G15710	331	301	263	291	250	263
AT5G15720	22	12	20	9	6	11
AT5G15730	1365	1267	880	1209	1003	1020
AT5G15740	274	258	201	568	595	496
AT5G15750	983	796	803	367	394	323
AT5G15760	135	118	153	147	136	122
AT5G15770	90	68	120	75	45	68
AT5G15780	230	243	554	2611	1975	1958
AT5G15790	167	158	199	136	121	158
AT5G15800	4	1	0	3	2	1
AT5G15802	91	89	134	163	153	165
AT5G15810	1364	1264	761	717	645	619
AT5G15820	109	137	92	118	72	71
AT5G15830	42	26	62	71	59	33
AT5G15833	3	4	4	0	0	0
AT5G15840	50	44	16	24	19	9
AT5G15845	787	697	1187	529	450	248
AT5G15850	749	669	1168	510	442	234
AT5G15853	9	7	15	3	2	2
AT5G15860	825	780	751	446	447	262
AT5G15870	1470	1329	555	1902	1555	1477
AT5G15880	387	363	310	544	418	435
AT5G15890	6	7	2	8	2	2
AT5G15900	8	1	11	26	19	11
AT5G15910	433	411	521	390	371	271
AT5G15920	664	551	387	326	286	258
AT5G15930	383	355	524	934	803	877
AT5G15940	10	14	10	12	22	4
AT5G15948	1361	1254	1748	690	568	283
AT5G15950	1361	1254	1748	690	568	283
AT5G15960	139	141	196	267	258	250
AT5G15970	4910	4786	7614	9728	10601	15553
AT5G15980	784	700	399	379	317	308
AT5G16000	84	67	150	505	409	454
AT5G16010	2458	2142	2532	2060	1857	1807
AT5G16020	1	3	1	0	1	1
AT5G16030	755	641	2065	6342	4959	3894
AT5G16040	406	404	325	432	366	357
AT5G16050	5519	4809	5468	2915	2250	1980
AT5G16060	180	159	182	338	295	251
AT5G16070	1449	1256	998	1351	1187	1037
AT5G16080	72	80	76	33	26	28
AT5G16110	3289	3048	3478	3511	2898	2648
AT5G16120	1619	1528	1740	1008	850	746
AT5G16130	5110	4490	4559	4466	4066	3669
AT5G16140	183	186	267	325	280	279
AT5G16150	3567	3172	3321	6715	6395	6441
AT5G16160	59	58	107	62	77	66
AT5G16170	176	143	124	147	97	121
AT5G16180	785	706	637	1099	845	809
AT5G16190	115	93	81	179	164	109
AT5G16200	685	683	647	525	520	360
AT5G16210	1570	1372	803	1927	1652	1687
AT5G16220	1256	1143	676	1511	1222	1126
AT5G16230	115	101	59	69	63	80
AT5G16235	77	75	42	42	35	50
AT5G16240	108	81	151	344	298	341
AT5G16250	114	94	153	345	246	239
AT5G16260	1248	1083	1078	1062	805	695
AT5G16270	2780	2551	1472	2061	1779	1613
AT5G16280	1618	1464	856	1494	1288	1291
AT5G16290	970	815	789	1090	955	883
AT5G16300	1748	1574	889	1537	1262	1342
AT5G16310	413	434	473	271	252	197
AT5G16320	426	364	400	142	115	160
AT5G16340	53	66	61	159	149	116
AT5G16350	10	13	15	57	74	56
AT5G16360	1118	981	629	548	438	389
AT5G16370	1350	1243	969	1437	1309	1263
AT5G16380	819	728	712	466	427	498
AT5G16390	1212	1111	1056	2627	2487	2414
AT5G16400	1187	1224	1957	3133	3108	2663
AT5G16410	76	64	173	210	229	146
AT5G16420	170	143	73	155	133	130
AT5G16430	0	1	0	0	0	0
AT5G16440	1124	1078	1190	1126	1009	996
AT5G16450	800	728	861	752	596	543
AT5G16453	0	1	0	0	0	0
AT5G16470	3280	3086	4201	1788	1931	1734
AT5G16480	221	211	252	272	243	280
AT5G16486	3	2	1	5	5	4
AT5G16490	4	8	14	26	29	20
AT5G16500	0	0	0	0	1	0
AT5G16510	1263	1134	910	769	686	678
AT5G16520	639	558	460	433	416	347
AT5G16530	11	16	15	30	22	30
AT5G16540	645	588	853	715	629	638
AT5G16550	1039	955	839	1052	916	996
AT5G16560	468	354	383	501	419	426
AT5G16570	538	548	682	234	224	175
AT5G16580	0	1	1	1	2	0
AT5G16590	323	287	468	1233	1068	1232
AT5G16600	11	12	23	30	32	28
AT5G16610	768	673	608	473	458	423
AT5G16620	2854	2509	1856	3269	2577	2751
AT5G16630	918	796	596	870	708	666
AT5G16640	21	15	23	32	33	40
AT5G16650	670	583	998	755	672	647
AT5G16660	1472	1354	1969	2064	1876	2192
AT5G16680	2701	2553	1126	1906	1492	1389
AT5G16690	542	524	353	158	122	121
AT5G16710	1787	1602	2260	4257	3840	4064
AT5G16715	1181	1111	688	1745	1407	1545
AT5G16720	54	41	84	220	190	197
AT5G16730	2462	2181	1545	2781	2151	2242
AT5G16740	2	0	1	0	1	0
AT5G16750	1227	1050	598	642	560	472
AT5G16760	1468	1351	1223	1080	930	946
AT5G16770	32	29	33	7	12	11
AT5G16780	1779	1515	1000	1567	1259	1234
AT5G16790	75	75	90	84	66	47
AT5G16800	1112	991	852	956	875	874
AT5G16810	563	588	735	889	812	727
AT5G16820	859	703	737	767	593	559
AT5G16830	1694	1542	1405	1535	1392	1352
AT5G16840	1799	1663	1727	1374	1317	1282
AT5G16850	2	6	1	11	8	6
AT5G16860	154	113	59	59	35	41
AT5G16870	211	174	222	218	216	219
AT5G16880	4968	4593	4566	3079	2498	2346
AT5G16890	269	239	232	262	220	241
AT5G16900	9	11	2	4	3	3
AT5G16910	5281	4832	2292	3659	3312	2871
AT5G16930	590	560	384	266	234	208
AT5G16940	77	67	159	245	175	190
AT5G16950	217	192	254	120	132	115
AT5G16960	63	33	48	2	4	14
AT5G16970	2316	2178	2050	1648	1270	1446
AT5G16980	268	209	247	35	27	53
AT5G16990	1073	980	980	860	762	693
AT5G17000	1524	1362	1535	865	706	666
AT5G17010	502	478	442	548	522	539
AT5G17020	5232	4852	2351	2668	2400	2304
AT5G17030	0	1	0	0	1	0
AT5G17040	0	1	4	7	8	6
AT5G17050	340	350	453	499	467	245
AT5G17060	592	516	505	303	276	288
AT5G17070	438	417	458	423	343	380
AT5G17090	1	1	0	0	0	0
AT5G17150	15	13	6	13	7	14
AT5G17160	67	69	75	236	166	126
AT5G17165	8	9	30	8	12	15
AT5G17170	3269	2956	4233	2128	2040	2357
AT5G17180	0	0	0	0	1	0
AT5G17190	3219	2865	3140	1412	1342	1483
AT5G17200	5	4	6	0	0	0
AT5G17210	54	52	76	52	48	47
AT5G17220	105	111	347	225	232	94
AT5G17230	2867	2498	2855	7436	6536	6053
AT5G17240	183	146	158	125	121	134
AT5G17250	249	232	160	299	289	248
AT5G17260	4	11	13	7	7	11
AT5G17270	792	776	379	594	444	385
AT5G17280	591	530	742	523	409	412
AT5G17290	771	707	894	426	453	402
AT5G17300	110	89	253	117	100	47
AT5G17310	772	670	808	890	827	756
AT5G17320	0	0	1	0	0	0
AT5G17330	1047	1030	551	135	129	90
AT5G17340	0	1	0	1	0	3
AT5G17350	3494	3362	3569	1427	1600	1608
AT5G17360	371	320	296	87	72	73
AT5G17370	364	341	288	212	192	158
AT5G17380	3590	3120	2004	1866	1690	1520
AT5G17390	13	6	4	0	2	1
AT5G17400	301	249	254	278	228	210
AT5G17410	438	353	384	526	489	511
AT5G17420	67	99	102	105	93	89
AT5G17440	1175	1080	963	728	654	602
AT5G17450	297	308	310	223	171	221
AT5G17460	766	660	929	644	594	632
AT5G17490	57	47	84	151	177	96
AT5G17500	5	2	5	0	3	2
AT5G17510	1829	1579	1255	683	639	567
AT5G17520	619	662	704	1287	1254	1459
AT5G17523	287	212	167	408	388	364
AT5G17530	1234	1056	988	1259	1093	1132
AT5G17540	72	67	50	47	45	38
AT5G17550	1002	831	1082	847	706	620
AT5G17560	865	755	1116	1131	1160	1237
AT5G17570	130	122	101	144	98	128
AT5G17580	152	121	156	154	134	126
AT5G17590	1	0	1	0	2	1
AT5G17600	325	280	410	153	145	118
AT5G17610	638	560	746	541	424	436
AT5G17620	180	201	238	294	233	229
AT5G17630	667	619	469	710	670	727
AT5G17640	1105	928	908	456	387	473
AT5G17650	722	667	711	225	217	224
AT5G17660	164	155	170	266	215	212
AT5G17670	321	270	624	1164	1048	1109
AT5G17680	42	26	44	54	35	39
AT5G17690	749	653	574	497	380	398
AT5G17700	68	77	95	223	203	242
AT5G17710	1777	1601	1661	2715	2074	2505
AT5G17760	3152	2926	2125	449	320	306
AT5G17770	2227	2005	2088	2471	2286	2197
AT5G17780	13	8	15	39	32	18
AT5G17790	692	624	412	549	395	468
AT5G17800	5	7	4	12	9	6
AT5G17810	2	0	0	2	0	0
AT5G17820	0	0	1	1	1	0
AT5G17830	14	13	21	18	10	21
AT5G17840	313	304	332	493	408	484
AT5G17847	3	1	5	0	5	3
AT5G17850	1034	941	605	742	564	778
AT5G17860	1244	1171	1051	416	374	236
AT5G17870	1183	1031	2183	2377	2671	2704
AT5G17880	1031	943	589	888	883	966
AT5G17890	1672	1484	836	1372	1166	1042
AT5G17900	1013	900	790	917	712	629
AT5G17910	1367	1206	684	1942	1742	1640
AT5G17920	24710	22910	17220	43150	40445	38358
AT5G17930	961	774	500	556	493	447
AT5G17970	1	1	1	0	0	0
AT5G17980	174	135	111	123	126	113
AT5G17990	3403	2966	2564	3887	3341	2767
AT5G18000	3	2	4	3	1	0
AT5G18010	2	0	13	24	24	14
AT5G18015	0	0	0	1	0	0
AT5G18020	1	2	19	43	45	37
AT5G18030	2	1	38	86	73	61
AT5G18037	0	0	0	0	1	1
AT5G18040	688	649	705	293	250	187
AT5G18050	2	2	13	39	31	23
AT5G18060	4	8	43	83	109	61
AT5G18065	373	305	337	123	93	87
AT5G18070	274	231	177	239	237	195
AT5G18080	8	8	52	201	113	109
AT5G18090	11	7	16	1	1	2
AT5G18100	531	461	662	1126	888	941
AT5G18110	3839	3568	3950	1581	1440	1232
AT5G18120	606	471	606	606	529	449
AT5G18130	6995	6089	7416	3819	3059	2987
AT5G18140	817	762	1111	957	997	890
AT5G18150	1349	1184	1770	1084	1097	983
AT5G18160	0	0	0	0	1	0
AT5G18170	2501	2364	2896	4988	4361	3686
AT5G18180	86	89	76	17	19	11
AT5G18190	2491	2257	1660	2118	1793	1759
AT5G18200	764	668	735	400	382	406
AT5G18210	239	258	227	349	336	299
AT5G18220	98	113	86	42	43	46
AT5G18230	3370	2995	2195	3939	3119	2859
AT5G18240	546	476	480	541	462	552
AT5G18245	600	544	604	657	535	663
AT5G18250	321	314	363	225	223	160
AT5G18255	989	948	1087	648	532	520
AT5G18260	817	808	927	588	483	460
AT5G18270	16161	14543	12474	225	151	166
AT5G18280	984	859	676	1315	1130	1306
AT5G18290	25	40	43	78	64	71
AT5G18300	3	3	9	7	4	7
AT5G18310	4609	4169	4837	1625	1474	1362
AT5G18320	4	4	3	3	4	9
AT5G18330	0	0	0	0	0	1
AT5G18340	17	15	7	30	29	35
AT5G18350	151	124	51	22	18	18
AT5G18360	466	395	186	720	585	570
AT5G18362	139	112	76	63	72	75
AT5G18370	410	361	111	266	235	202
AT5G18380	8130	7330	9228	7331	6927	5887
AT5G18390	244	186	205	167	143	177
AT5G18400	3017	2897	2313	2013	1966	2137
AT5G18403	0	0	0	0	0	1
AT5G18404	12	8	9	9	6	7
AT5G18407	4	0	10	2	0	4
AT5G18410	1266	1101	805	1384	1315	1241
AT5G18420	1212	1056	923	636	606	642
AT5G18430	21	20	58	69	93	76
AT5G18440	747	644	404	421	318	322
AT5G18450	0	0	0	1	0	0
AT5G18460	186	141	192	617	466	466
AT5G18470	10315	9217	5658	3871	3377	3393
AT5G18475	156	135	56	105	84	98
AT5G18480	2383	2215	1849	1522	1533	1526
AT5G18490	3099	2793	2182	1796	1554	1812
AT5G18500	1254	1116	1000	2008	1907	2158
AT5G18510	1	4	1	0	2	0
AT5G18520	2942	2563	1955	2504	2366	2355
AT5G18525	1845	1514	864	1289	1110	1535
AT5G18540	337	356	408	179	152	233
AT5G18550	339	347	279	670	631	523
AT5G18560	4	1	0	0	0	0
AT5G18570	790	687	563	1252	1066	1198
AT5G18580	1732	1553	1457	1553	1399	1401
AT5G18590	1504	1425	1261	1774	1496	1696
AT5G18600	846	832	1235	1246	1214	1232
AT5G18610	1018	997	787	1000	825	766
AT5G18620	1818	1626	1023	952	842	794
AT5G18630	1588	1510	1567	2418	2089	1610
AT5G18636	11	7	7	2	4	8
AT5G18640	1124	1033	1107	1488	1435	1267
AT5G18650	2292	1978	2628	2254	1907	1718
AT5G18660	498	439	854	2234	1740	2188
AT5G18661	5	5	5	2	2	2
AT5G18670	303	298	377	616	574	360
AT5G18680	650	627	826	895	813	868
AT5G18690	60	49	56	83	77	74
AT5G18700	251	223	177	616	403	508
AT5G18710	12	13	7	4	5	4
AT5G18720	10	2	2	3	1	4
AT5G18730	24	13	15	26	22	15
AT5G18740	4	5	6	6	4	4
AT5G18748	1	0	0	0	0	0
AT5G18750	757	712	545	464	348	310
AT5G18760	699	619	683	864	728	642
AT5G18770	373	331	363	169	170	149
AT5G18780	783	608	618	271	255	276
AT5G18790	171	136	182	151	175	152
AT5G18800	766	704	889	1022	989	917
AT5G18810	41	47	32	21	18	17
AT5G18820	223	215	152	205	171	186
AT5G18830	881	830	681	627	549	502
AT5G18840	51	48	54	26	27	24
AT5G18850	106	103	210	383	292	275
AT5G18860	158	161	206	677	576	478
AT5G18870	0	0	0	0	0	2
AT5G18900	987	919	947	602	584	563
AT5G18920	44	44	74	76	36	46
AT5G18930	9	5	20	60	67	37
AT5G18940	998	897	995	670	725	686
AT5G18950	408	319	258	192	184	180
AT5G18960	758	691	436	789	731	766
AT5G18970	116	113	216	181	194	162
AT5G18980	848	687	418	488	416	379
AT5G18990	0	0	0	0	0	1
AT5G19000	1667	1533	1504	1094	947	845
AT5G19010	2399	2114	1804	2607	2541	2605
AT5G19020	230	219	130	118	110	153
AT5G19025	140	142	117	171	140	169
AT5G19030	254	225	249	221	187	191
AT5G19040	21	20	15	11	22	13
AT5G19050	924	790	813	493	507	500
AT5G19060	16	10	12	61	52	38
AT5G19070	664	645	595	518	476	493
AT5G19080	496	432	360	457	367	314
AT5G19090	583	568	608	1143	910	830
AT5G19100	23	17	20	66	43	17
AT5G19110	138	145	103	284	279	97
AT5G19120	1083	1017	1929	2318	2334	2358
AT5G19130	887	856	564	672	599	619
AT5G19140	21535	19764	34144	43917	37628	36081
AT5G19150	20491	18783	32838	40782	35782	34283
AT5G19151	48	56	56	67	70	57
AT5G19160	179	182	143	152	153	166
AT5G19170	10	10	29	41	42	27
AT5G19180	1615	1522	1505	1110	1053	958
AT5G19190	723	626	1444	1651	1336	1224
AT5G19200	253	235	273	143	156	143
AT5G19210	265	218	214	299	281	273
AT5G19220	2251	2087	2873	8883	7064	6684
AT5G19221	1285	1260	1600	5530	4242	4003
AT5G19230	1702	1538	1736	1846	1687	1129
AT5G19240	21769	19223	18075	22925	18140	16309
AT5G19250	6262	5804	5964	11355	8702	9287
AT5G19257	1	0	0	1	0	0
AT5G19260	116	115	196	410	312	194
AT5G19270	0	0	0	1	0	0
AT5G19280	814	742	683	881	656	699
AT5G19290	377	337	538	1218	1103	823
AT5G19300	484	370	235	203	136	146
AT5G19310	441	345	275	572	436	430
AT5G19320	948	821	562	587	426	424
AT5G19330	3156	2932	2185	2589	2108	2058
AT5G19340	25	25	38	43	52	24
AT5G19350	1793	1614	1427	1264	1068	1031
AT5G19360	4	2	1	1	2	1
AT5G19370	1271	1104	1009	1533	1430	1550
AT5G19380	296	286	210	249	232	257
AT5G19390	1621	1363	977	2034	1634	1618
AT5G19400	11115	9906	5114	3082	2753	2638
AT5G19410	17	19	27	2	2	3
AT5G19420	776	689	418	698	526	525
AT5G19430	500	454	685	569	482	460
AT5G19440	2906	2530	2056	1391	1260	1224
AT5G19450	2088	1852	1456	1982	1442	1353
AT5G19460	489	424	484	788	632	675
AT5G19470	0	0	23	28	29	8
AT5G19473	0	0	2	0	0	0
AT5G19480	438	420	429	350	281	237
AT5G19485	1018	979	836	603	584	565
AT5G19490	130	160	152	35	33	9
AT5G19500	1172	1041	1540	1040	1114	980
AT5G19510	6482	5949	6417	5588	5982	4970
AT5G19520	17	20	16	9	15	3
AT5G19530	106	85	273	610	563	467
AT5G19540	4088	3674	4286	4703	3939	4241
AT5G19550	5921	5285	3712	2092	2004	1786
AT5G19560	1	1	5	0	2	1
AT5G19570	96	97	137	159	151	144
AT5G19580	42	52	45	76	89	89
AT5G19590	4184	3820	5903	3633	2936	2722
AT5G19600	31	30	40	88	81	73
AT5G19620	1184	1010	812	1149	1014	1062
AT5G19630	326	315	376	295	285	282
AT5G19650	6	7	12	10	4	9
AT5G19660	739	722	586	838	705	717
AT5G19670	205	178	172	271	266	210
AT5G19680	1048	1026	783	545	573	566
AT5G19690	3674	3468	1920	3237	2807	2951
AT5G19700	0	0	0	1	0	0
AT5G19720	0	0	0	5	1	0
AT5G19729	0	0	0	1	0	0
AT5G19730	27	36	51	154	123	75
AT5G19740	102	108	150	218	212	200
AT5G19750	809	729	634	604	669	668
AT5G19760	3547	3156	3715	5719	5091	4759
AT5G19770	3908	3450	3452	7509	6642	8181
AT5G19780	4036	3827	3297	5663	5113	6855
AT5G19790	4	0	3	2	5	7
AT5G19810	9	10	7	40	40	28
AT5G19820	5551	5002	2723	3790	3235	3356
AT5G19830	99	93	92	129	88	82
AT5G19840	269	283	235	278	254	270
AT5G19850	790	755	967	515	451	390
AT5G19855	1274	1065	1373	1502	1235	1199
AT5G19860	2950	2736	3847	2276	2278	1888
AT5G19870	14	16	19	14	6	4
AT5G19875	581	564	673	75	68	40
AT5G19880	195	182	131	21	20	8
AT5G19890	0	1	0	1	0	1
AT5G19900	1615	1494	843	999	824	826
AT5G19910	307	294	277	273	257	216
AT5G19920	428	362	270	254	182	210
AT5G19930	545	463	556	450	417	433
AT5G19940	6450	6048	10062	19031	16903	15540
AT5G19950	395	375	404	411	347	354
AT5G19960	448	397	406	312	258	306
AT5G19970	3	5	9	17	9	11
AT5G19980	1593	1400	1122	763	706	661
AT5G19990	2596	2307	2330	2059	1867	1811
AT5G20000	2902	2645	2287	1041	874	929
AT5G20010	13382	12025	11023	9875	8427	8791
AT5G20020	4995	4357	4312	3604	3246	3236
AT5G20030	71	62	96	168	129	111
AT5G20040	407	370	473	636	582	602
AT5G20050	874	788	823	1219	1038	1059
AT5G20060	704	619	728	990	1028	958
AT5G20070	771	679	804	1203	959	583
AT5G20080	1334	1137	1055	1926	1591	1510
AT5G20090	1766	1508	2011	1309	1328	1210
AT5G20110	185	150	223	147	132	134
AT5G20120	520	470	528	379	369	353
AT5G20130	500	447	712	725	609	671
AT5G20140	861	806	949	1165	996	1057
AT5G20150	966	784	1679	296	255	219
AT5G20160	2040	1781	2099	922	919	978
AT5G20165	821	723	1012	590	559	491
AT5G20170	654	627	456	526	454	388
AT5G20180	634	564	827	505	509	381
AT5G20190	5022	4448	5364	4712	4186	2851
AT5G20200	1476	1321	916	1006	838	750
AT5G20220	294	284	413	414	336	361
AT5G20225	79	95	176	118	109	105
AT5G20230	73383	67535	64035	18634	17302	14913
AT5G20240	43	29	38	6	6	6
AT5G20250	12295	11474	7759	6075	5493	9532
AT5G20260	7	9	6	3	2	2
AT5G20270	419	369	488	877	797	814
AT5G20280	10158	9236	4912	5963	5231	6193
AT5G20290	14714	13689	14935	14224	11823	10285
AT5G20300	1242	1090	967	1014	807	877
AT5G20320	986	944	523	713	663	611
AT5G20350	3165	2744	2197	2303	2103	2106
AT5G20360	679	603	384	530	377	389
AT5G20370	1	0	2	0	0	0
AT5G20380	1228	1211	1208	1531	1186	1063
AT5G20400	905	764	655	387	350	353
AT5G20410	127	92	139	200	165	221
AT5G20420	45	39	23	45	53	29
AT5G20430	0	0	0	3	2	2
AT5G20447	0	0	0	0	0	1
AT5G20450	142	111	119	111	98	113
AT5G20470	4	1	0	3	1	3
AT5G20480	1042	897	559	733	631	718
AT5G20490	3177	2757	1360	3185	2629	2423
AT5G20500	1635	1529	2026	1901	1522	1504
AT5G20510	220	193	234	138	127	109
AT5G20520	1886	1809	1652	1139	1164	1073
AT5G20540	142	127	103	133	115	90
AT5G20550	7	9	9	3	8	10
AT5G20560	0	2	0	0	0	0
AT5G20570	1236	1176	1312	1185	1146	1184
AT5G20580	421	335	364	431	351	364
AT5G20590	489	469	413	681	557	539
AT5G20600	974	827	688	521	473	447
AT5G20610	1397	1199	818	1269	960	995
AT5G20620	4664	4216	4331	1405	1333	1261
AT5G20630	1220	1138	2513	3806	3529	7208
AT5G20635	23	24	42	59	70	40
AT5G20640	3	1	14	11	8	15
AT5G20650	1667	1627	1819	1512	1354	1377
AT5G20660	3366	3027	2076	2595	2221	2322
AT5G20670	20	24	42	20	37	31
AT5G20680	828	733	564	509	457	450
AT5G20690	0	0	0	1	1	1
AT5G20700	15580	13883	11185	9240	7509	7608
AT5G20710	9	0	4	20	17	20
AT5G20720	6032	5453	6624	8923	7543	8010
AT5G20730	2719	2403	1346	1869	1639	1598
AT5G20740	71	75	113	201	234	182
AT5G20790	25	22	25	25	19	21
AT5G20810	11	8	5	39	32	15
AT5G20820	3	1	11	23	17	15
AT5G20830	4547	4003	1788	895	865	1169
AT5G20840	1863	1684	1066	1933	1656	1570
AT5G20850	718	643	723	57	33	54
AT5G20860	13	8	16	2	0	1
AT5G20870	9	16	20	27	16	15
AT5G20885	204	193	270	250	263	269
AT5G20890	5192	4602	3527	3069	2813	2768
AT5G20900	2887	2692	3086	2819	2537	2176
AT5G20910	963	825	831	423	362	368
AT5G20920	3814	3063	3362	1706	1582	1508
AT5G20930	1217	1103	895	400	343	340
AT5G20935	88	99	216	269	289	327
AT5G20940	95	85	47	48	34	26
AT5G20950	4570	4133	3756	5234	4825	4765
AT5G20960	1781	1578	1061	798	714	588
AT5G20970	67	58	80	66	70	75
AT5G20980	443	423	296	446	444	420
AT5G20990	2673	2297	1751	1690	1499	1543
AT5G21010	716	704	694	512	441	444
AT5G21020	4392	4121	7276	8525	9172	8982
AT5G21030	2	1	1	7	3	1
AT5G21040	999	957	938	779	675	717
AT5G21050	1	2	2	5	6	8
AT5G21060	658	585	595	849	743	692
AT5G21070	763	644	683	536	558	517
AT5G21080	0	1	0	1	0	1
AT5G21090	17780	16027	14185	10643	8760	7682
AT5G21100	353	318	352	1480	1158	990
AT5G21105	1063	1034	908	1371	1199	1100
AT5G21110	1	0	0	0	0	0
AT5G21120	0	1	1	1	0	1
AT5G21140	408	405	372	67	52	60
AT5G21150	42	19	11	8	7	2
AT5G21160	2659	2444	1615	2457	2007	2028
AT5G21170	1328	1268	1694	1695	1537	1610
AT5G21222	1153	1123	1047	1778	1359	1460
AT5G21274	947	830	1253	1357	1279	1222
AT5G21280	32	15	37	40	38	22
AT5G21326	2211	2000	1916	1414	1205	1118
AT5G21430	457	401	908	1470	1307	1474
AT5G21482	445	446	455	455	411	461
AT5G21900	268	250	200	96	83	94
AT5G21910	172	213	396	493	474	556
AT5G21920	702	682	972	1843	1693	2036
AT5G21930	1563	1460	1341	2541	2498	3044
AT5G21940	3031	2944	5373	3082	3000	3458
AT5G21950	50	43	68	45	54	45
AT5G21960	1024	1022	976	895	910	604
AT5G21970	276	254	179	234	175	171
AT5G21990	2472	2240	1637	1432	1291	1210
AT5G22000	6280	5700	4313	3201	2666	2374
AT5G22010	2347	2071	1459	819	637	603
AT5G22020	521	454	680	491	433	391
AT5G22030	1272	1115	719	836	765	786
AT5G22040	425	400	400	434	295	309
AT5G22050	973	828	1021	1037	910	936
AT5G22060	5857	5222	4209	2414	1983	1842
AT5G22070	853	863	665	975	1005	1012
AT5G22080	1109	843	1098	1181	917	803
AT5G22090	1838	1648	1584	1429	1309	1560
AT5G22100	746	620	648	269	233	229
AT5G22110	251	256	138	158	107	91
AT5G22120	875	861	839	639	670	685
AT5G22130	282	227	167	209	210	213
AT5G22140	29	33	27	54	40	30
AT5G22150	0	1	3	1	6	2
AT5G22190	0	1	1	0	0	0
AT5G22200	5	5	5	2	5	1
AT5G22210	323	297	491	281	339	292
AT5G22220	213	213	163	210	178	168
AT5G22240	37	12	18	27	9	20
AT5G22250	7540	7251	6271	6825	5625	5270
AT5G22260	0	1	2	1	0	0
AT5G22270	813	772	1439	870	813	734
AT5G22280	742	591	778	517	459	417
AT5G22290	457	414	524	464	388	208
AT5G22300	262	235	437	380	324	173
AT5G22310	26	45	172	490	381	364
AT5G22315	7	2	7	0	1	0
AT5G22320	1159	1027	895	422	306	297
AT5G22330	933	767	690	643	489	496
AT5G22340	859	717	936	1455	1386	1510
AT5G22350	2009	1850	1224	929	815	789
AT5G22360	979	931	982	1129	1019	995
AT5G22370	409	390	379	336	309	283
AT5G22380	3304	3048	2095	3574	3024	2725
AT5G22390	66	73	196	568	447	305
AT5G22400	293	275	264	457	383	319
AT5G22410	1	0	0	1	0	0
AT5G22430	0	0	1	4	2	0
AT5G22440	775	770	809	1585	1485	1301
AT5G22450	3905	3577	1974	2797	2346	2398
AT5G22460	150	117	89	255	213	192
AT5G22470	1	0	0	0	0	0
AT5G22480	961	912	698	542	475	440
AT5G22490	0	0	0	6	7	2
AT5G22500	240	220	212	297	253	216
AT5G22510	4229	3961	3012	3525	3166	2775
AT5G22520	1006	816	987	654	538	453
AT5G22530	350	319	392	112	88	66
AT5G22540	1528	1240	925	420	459	355
AT5G22545	405	343	363	278	252	210
AT5G22550	103	91	77	12	8	9
AT5G22555	14	5	13	0	0	0
AT5G22560	283	227	156	6	2	11
AT5G22570	2569	2194	1754	190	194	266
AT5G22580	288	267	923	3033	3332	3014
AT5G22600	0	0	0	0	0	1
AT5G22608	74	72	145	65	100	94
AT5G22620	793	726	859	1580	1276	1420
AT5G22630	3694	3978	2867	1928	2108	1593
AT5G22640	2095	1857	1677	3891	2925	3587
AT5G22650	6507	5729	4382	3669	2844	2591
AT5G22660	44	33	34	0	0	1
AT5G22670	5	1	1	0	0	0
AT5G22680	8	8	8	5	10	4
AT5G22690	2747	2356	1112	2428	2078	1978
AT5G22700	439	333	416	446	443	389
AT5G22720	239	186	135	233	193	209
AT5G22730	332	296	295	237	206	226
AT5G22740	538	459	511	1288	1112	670
AT5G22750	287	258	179	201	168	181
AT5G22760	1423	1255	838	1494	1215	1176
AT5G22770	2451	2254	1077	2179	1834	1888
AT5G22780	2857	2550	1319	2445	2134	2194
AT5G22788	25	30	30	9	15	19
AT5G22790	200	169	151	262	190	222
AT5G22791	2	2	7	2	1	1
AT5G22794	45	36	10	43	34	27
AT5G22800	3508	3340	2460	3247	2636	3048
AT5G22810	21	22	23	13	13	11
AT5G22820	331	309	280	247	199	173
AT5G22830	1318	1217	1105	1776	1551	1652
AT5G22840	713	642	539	357	330	314
AT5G22850	791	708	720	797	678	632
AT5G22860	557	417	271	321	277	236
AT5G22870	0	0	4	10	8	5
AT5G22875	536	471	678	516	466	405
AT5G22880	1003	906	1801	1403	1145	861
AT5G22890	3	5	6	0	0	0
AT5G22920	1275	1104	2031	2406	2371	2802
AT5G22930	44	44	51	59	49	43
AT5G22940	68	54	101	169	171	119
AT5G22950	1035	857	877	676	498	487
AT5G23000	6	12	10	6	12	3
AT5G23010	5417	5012	4198	8394	6674	8050
AT5G23020	310	277	272	429	400	474
AT5G23027	0	0	0	0	1	0
AT5G23040	3321	3025	3530	4299	3657	3554
AT5G23050	811	757	522	394	358	406
AT5G23060	2759	2428	4012	9070	8611	7096
AT5G23065	1	0	0	2	0	1
AT5G23070	432	363	358	410	294	302
AT5G23080	886	848	700	798	718	600
AT5G23090	534	502	594	262	260	253
AT5G23100	144	114	128	168	152	128
AT5G23110	2471	2060	812	2049	1863	1884
AT5G23120	3360	3209	3863	8611	6671	7310
AT5G23130	574	509	381	812	702	743
AT5G23140	1236	1166	1282	873	812	788
AT5G23150	2010	1674	736	1342	1233	1176
AT5G23155	64	52	92	42	37	30
AT5G23160	122	117	94	38	35	10
AT5G23170	26	27	33	35	23	24
AT5G23190	29	20	46	1	1	13
AT5G23200	430	400	344	335	319	293
AT5G23210	956	979	772	1338	1006	1390
AT5G23212	0	0	0	0	1	0
AT5G23220	3	0	1	0	0	0
AT5G23230	92	97	118	93	71	74
AT5G23240	9014	8251	5383	2942	2477	7732
AT5G23250	880	789	707	642	612	542
AT5G23260	0	1	0	1	0	0
AT5G23270	14	6	4	20	10	26
AT5G23280	674	593	710	1019	861	939
AT5G23290	536	499	580	431	424	429
AT5G23300	588	572	379	378	258	245
AT5G23310	732	710	732	767	710	749
AT5G23320	95	87	78	74	67	68
AT5G23330	402	309	419	341	298	273
AT5G23340	821	734	816	444	429	394
AT5G23350	12	22	43	131	117	82
AT5G23360	42	31	69	124	88	107
AT5G23370	8	3	13	22	23	13
AT5G23380	296	272	322	241	192	181
AT5G23390	1736	1569	1204	936	813	809
AT5G23395	485	413	512	302	269	221
AT5G23400	59	59	59	148	129	127
AT5G23405	537	540	635	295	208	173
AT5G23410	342	274	338	255	230	192
AT5G23411	8	9	7	3	4	3
AT5G23420	862	833	1147	511	412	386
AT5G23430	342	313	209	503	456	402
AT5G23440	696	664	944	693	699	746
AT5G23450	3040	2740	1762	3003	2542	2667
AT5G23460	249	227	353	279	260	258
AT5G23480	50	31	41	38	30	45
AT5G23490	999	902	686	651	510	526
AT5G23510	1596	1346	1399	1474	1249	1479
AT5G23520	981	827	834	645	578	530
AT5G23530	74	69	60	84	67	73
AT5G23535	485	403	388	412	344	337
AT5G23540	4018	3524	3474	2186	2081	1883
AT5G23550	291	273	319	313	243	240
AT5G23570	827	775	571	861	588	670
AT5G23575	3760	3438	2484	2064	1907	2572
AT5G23580	811	738	714	445	342	293
AT5G23590	940	795	827	665	553	553
AT5G23600	93	83	84	52	28	32
AT5G23610	1916	1768	1450	1283	1072	1022
AT5G23630	3684	3308	1785	2381	2043	2072
AT5G23660	1025	979	935	283	282	475
AT5G23670	1016	903	951	1711	1469	1374
AT5G23680	201	170	201	195	138	144
AT5G23690	385	320	307	224	197	185
AT5G23700	10	15	9	10	13	7
AT5G23710	490	490	525	227	208	190
AT5G23720	561	517	391	442	370	350
AT5G23730	58	66	63	103	86	55
AT5G23740	1999	1814	2671	3488	3370	2959
AT5G23750	156	115	217	378	299	247
AT5G23760	218	189	356	383	242	193
AT5G23770	41	36	34	44	32	26
AT5G23780	6	4	9	8	8	12
AT5G23790	0	2	1	0	2	1
AT5G23800	22	18	30	71	75	51
AT5G23810	82	66	112	140	124	133
AT5G23820	378	334	826	2570	2178	1591
AT5G23830	3	0	2	0	3	0
AT5G23840	2	1	0	0	0	0
AT5G23850	1212	1152	787	645	563	410
AT5G23860	466	406	714	1514	1371	1435
AT5G23870	399	344	369	562	404	543
AT5G23880	882	833	509	525	474	474
AT5G23890	2595	2448	1714	2468	1914	1946
AT5G23900	2679	2373	2590	2123	2486	2152
AT5G23908	5	0	1	0	1	1
AT5G23910	375	365	256	163	146	132
AT5G23920	1471	1274	2235	766	718	759
AT5G23930	96	63	56	27	17	24
AT5G23940	231	192	245	831	692	411
AT5G23950	54	37	45	26	34	5
AT5G23970	0	0	0	0	4	0
AT5G23980	219	194	131	291	178	220
AT5G23990	0	0	0	0	1	2
AT5G24000	164	135	142	188	176	213
AT5G24010	269	250	180	220	159	200
AT5G24020	584	498	450	672	585	611
AT5G24030	1595	1442	693	1645	1404	1484
AT5G24040	3	1	2	0	1	0
AT5G24060	1309	1130	929	1098	960	1302
AT5G24080	13	19	20	9	3	10
AT5G24090	50	40	40	11	6	6
AT5G24100	0	0	1	0	0	0
AT5G24105	6	3	19	62	42	66
AT5G24110	608	576	302	405	301	164
AT5G24120	657	596	1106	1031	835	280
AT5G24140	0	1	6	1	1	1
AT5G24150	298	311	425	759	679	495
AT5G24155	142	157	392	79	64	84
AT5G24160	2469	2368	2515	1306	1161	1059
AT5G24165	1276	1189	2585	2048	1688	1596
AT5G24170	202	170	265	178	183	185
AT5G24180	2	0	1	0	0	2
AT5G24190	0	1	0	0	0	0
AT5G24200	761	732	403	224	155	136
AT5G24205	85	69	29	26	22	27
AT5G24206	35	25	7	13	4	8
AT5G24210	9197	8270	6044	6046	4864	5086
AT5G24220	1	0	0	0	0	0
AT5G24230	60	63	49	13	13	14
AT5G24240	24	31	26	11	10	10
AT5G24250	1	0	0	0	0	0
AT5G24260	817	728	525	887	703	703
AT5G24270	59	69	90	86	99	104
AT5G24280	6690	5965	3156	81	68	71
AT5G24290	123	89	134	97	81	74
AT5G24300	2701	2425	2084	4853	4039	4119
AT5G24310	114	116	138	140	115	107
AT5G24314	407	394	940	2165	1882	2190
AT5G24316	2	2	2	0	1	2
AT5G24318	75	57	63	93	73	64
AT5G24320	725	640	621	677	585	644
AT5G24330	4	6	14	17	29	11
AT5G24340	472	432	408	332	317	271
AT5G24350	1661	1297	649	1519	1256	1364
AT5G24352	82	82	146	94	92	92
AT5G24355	1	0	0	0	3	1
AT5G24360	762	787	546	728	575	628
AT5G24370	0	0	1	0	0	0
AT5G24380	148	150	135	183	200	160
AT5G24390	66	57	26	56	55	50
AT5G24400	940	852	800	843	712	705
AT5G24420	1518	1363	2617	1799	1665	619
AT5G24430	1666	1456	1145	1134	973	875
AT5G24450	1532	1261	1112	1480	1218	1151
AT5G24460	2528	2291	2380	1653	1427	1591
AT5G24470	2427	2121	1881	1313	1082	2160
AT5G24480	0	0	0	0	0	2
AT5G24490	3349	3012	6374	13423	11091	14779
AT5G24500	727	691	703	693	525	538
AT5G24510	5	9	13	3	12	6
AT5G24520	1988	1878	2027	1786	1492	1524
AT5G24530	8250	7593	6870	4293	3661	2826
AT5G24540	1620	1426	780	47	51	18
AT5G24550	8	17	7	2	1	0
AT5G24560	1	0	0	1	0	0
AT5G24570	133	179	198	201	190	174
AT5G24580	26	23	49	218	186	147
AT5G24590	7637	6691	5006	5978	5045	4970
AT5G24600	81	73	46	17	6	12
AT5G24610	1651	1479	1260	1385	1328	1381
AT5G24620	2651	2501	1975	3357	2765	2717
AT5G24630	274	273	234	172	109	121
AT5G24640	39	41	53	1	3	3
AT5G24650	1113	1015	998	1118	999	960
AT5G24655	28	19	49	19	20	15
AT5G24660	168	176	234	183	183	99
AT5G24670	2440	2276	2242	1917	1704	1680
AT5G24680	228	196	214	164	136	156
AT5G24690	4472	4223	4053	5098	4381	4618
AT5G24710	2132	2085	921	2472	2179	2106
AT5G24735	1129	956	1886	1510	1282	1374
AT5G24740	2000	1791	706	1530	1364	1261
AT5G24750	86	57	93	183	182	193
AT5G24760	152	127	163	261	213	180
AT5G24770	2742	2518	7772	6602	5700	5567
AT5G24780	2204	2006	5546	3116	2802	2691
AT5G24800	519	477	742	624	440	370
AT5G24810	4334	4058	1961	2980	2506	2422
AT5G24820	0	0	1	0	0	1
AT5G24830	404	330	281	265	205	165
AT5G24840	468	408	522	238	212	183
AT5G24850	198	161	195	163	114	105
AT5G24860	17	15	3	0	1	0
AT5G24870	923	754	682	360	360	251
AT5G24890	1986	1789	2580	1570	1302	1277
AT5G24900	1	0	0	0	0	0
AT5G24910	39	55	17	2	2	2
AT5G24920	29	27	41	49	55	55
AT5G24930	5244	5078	5823	10284	8108	6670
AT5G24940	0	0	1	0	0	0
AT5G24960	1	0	0	2	1	1
AT5G24970	342	270	190	239	222	217
AT5G24980	256	267	363	267	300	266
AT5G24990	60	56	56	100	63	52
AT5G25000	0	0	0	1	1	2
AT5G25010	11	9	19	25	27	26
AT5G25020	2	0	5	2	8	4
AT5G25040	2255	2107	1776	886	833	1001
AT5G25050	583	487	519	613	630	557
AT5G25060	1867	1598	1128	1801	1373	1325
AT5G25070	956	865	677	769	693	814
AT5G25080	607	558	585	454	410	393
AT5G25090	33	26	41	98	100	80
AT5G25100	2954	2909	2076	3811	3328	3457
AT5G25110	60	74	62	77	74	78
AT5G25120	1665	1412	1982	732	571	469
AT5G25130	545	493	630	353	326	283
AT5G25140	667	565	847	482	483	282
AT5G25150	820	727	626	634	548	535
AT5G25160	7	11	5	17	20	5
AT5G25170	400	336	483	421	436	398
AT5G25180	4	5	8	11	14	7
AT5G25190	288	271	634	1020	891	702
AT5G25200	3	0	0	0	0	0
AT5G25210	652	647	916	741	728	950
AT5G25220	1857	1737	1828	1280	934	876
AT5G25230	93	86	43	32	30	35
AT5G25240	120	124	139	101	120	142
AT5G25250	15361	13795	8256	10118	8587	6916
AT5G25260	1387	1309	775	319	308	209
AT5G25265	2622	2329	2204	2818	2552	2587
AT5G25270	3964	3615	2667	2643	2363	2254
AT5G25280	3387	3279	4770	2536	2212	2322
AT5G25290	6	7	14	0	0	0
AT5G25310	0	0	1	0	2	0
AT5G25340	348	320	685	202	228	255
AT5G25350	2986	2668	2450	2104	1935	2010
AT5G25360	590	503	758	688	613	575
AT5G25370	21	14	25	40	19	19
AT5G25380	3	3	1	10	7	13
AT5G25390	4	2	6	17	17	5
AT5G25430	1	0	0	0	0	0
AT5G25440	3577	3246	2844	2733	2274	2372
AT5G25450	535	460	379	51	43	32
AT5G25460	743	645	1952	10183	8898	8110
AT5G25470	63	53	74	20	18	6
AT5G25475	143	115	191	199	143	109
AT5G25480	199	200	141	128	101	111
AT5G25490	23	26	47	48	42	20
AT5G25500	122	136	81	87	66	83
AT5G25510	802	672	736	965	862	809
AT5G25520	2777	2347	1600	1599	1396	1431
AT5G25530	3	3	1	0	0	0
AT5G25540	1801	1654	1713	973	973	996
AT5G25550	0	0	0	0	1	3
AT5G25560	5232	4658	3903	3254	2630	2636
AT5G25570	44	46	60	71	73	58
AT5G25580	107	97	116	90	76	64
AT5G25590	89	73	67	224	192	178
AT5G25600	0	0	0	1	0	0
AT5G25610	4004	3981	4477	13322	12627	9450
AT5G25620	44	47	48	53	42	45
AT5G25630	2531	2275	2343	2926	2546	2665
AT5G25640	1	3	1	7	5	4
AT5G25750	2	1	3	8	0	1
AT5G25752	503	459	529	674	633	669
AT5G25754	2855	2734	1638	1725	1487	1378
AT5G25757	2511	2226	1483	1789	1444	1404
AT5G25760	910	799	1104	742	647	650
AT5G25770	1155	1035	961	451	397	393
AT5G25780	1526	1300	1031	920	726	802
AT5G25790	145	116	121	117	76	89
AT5G25800	396	375	287	268	187	232
AT5G25810	1	0	5	13	15	12
AT5G25820	882	747	569	196	184	174
AT5G25830	10	9	18	29	29	27
AT5G25840	167	163	274	257	213	246
AT5G25880	6	7	18	51	39	27
AT5G25890	69	45	91	131	116	91
AT5G25900	763	682	754	1319	1164	894
AT5G25910	732	648	425	182	177	155
AT5G25920	40	35	4	21	15	16
AT5G25930	3962	3490	1687	2870	2365	2436
AT5G25940	543	524	486	374	389	342
AT5G25970	10	4	5	11	7	9
AT5G25980	7241	6454	17706	51543	42074	45452
AT5G25990	50	33	62	99	83	90
AT5G26000	21864	19754	31236	68502	58693	65440
AT5G26010	19	10	7	32	36	24
AT5G26030	12423	11189	7580	10860	10449	9861
AT5G26038	14	8	15	10	7	6
AT5G26040	740	712	717	603	427	491
AT5G26090	0	2	3	2	1	1
AT5G26110	701	630	545	398	370	329
AT5G26120	0	2	2	0	1	0
AT5G26140	0	1	0	0	0	0
AT5G26160	343	341	178	247	194	166
AT5G26170	1839	1658	1849	118	91	92
AT5G26180	1293	1209	764	402	365	355
AT5G26190	5	6	1	3	5	7
AT5G26200	66	61	102	167	145	128
AT5G26210	822	790	1029	800	768	707
AT5G26220	119	98	256	339	291	277
AT5G26230	49	50	103	258	231	231
AT5G26240	1346	1211	978	1417	1106	1081
AT5G26250	0	1	0	5	1	1
AT5G26260	22	17	14	48	34	35
AT5G26270	12	14	15	20	19	8
AT5G26280	35	35	21	27	18	14
AT5G26290	1	1	3	0	0	0
AT5G26300	0	0	0	0	1	1
AT5G26310	1	0	0	0	1	0
AT5G26330	38	52	73	48	53	37
AT5G26340	17795	16230	14532	6201	6027	6373
AT5G26360	4395	4003	2804	3404	2881	2774
AT5G26570	6941	6233	3287	5704	5293	10060
AT5G26600	1167	1057	906	821	620	560
AT5G26610	795	787	890	816	526	530
AT5G26620	4	2	1	1	1	1
AT5G26622	546	500	627	524	413	420
AT5G26630	0	2	6	17	15	18
AT5G26660	16	11	29	38	29	13
AT5G26667	1234	1027	1119	1802	1495	1550
AT5G26670	28	32	67	268	230	160
AT5G26680	678	616	388	217	206	172
AT5G26690	369	374	308	143	95	84
AT5G26700	44	42	45	21	12	16
AT5G26710	2214	1840	1317	1653	1354	1353
AT5G26720	55	51	129	76	67	78
AT5G26730	0	1	4	3	5	2
AT5G26731	512	453	538	95	102	77
AT5G26740	902	838	830	668	626	751
AT5G26742	11541	10431	8415	14095	12146	14513
AT5G26749	79	84	100	60	62	68
AT5G26751	4960	4396	4018	2773	2448	2278
AT5G26760	1264	1134	772	832	689	801
AT5G26770	2173	1744	1530	1533	1146	1247
AT5G26780	1163	1096	894	1470	1372	1294
AT5G26790	5	1	5	11	15	9
AT5G26800	357	290	395	340	324	321
AT5G26820	1249	1161	1436	1689	1470	1572
AT5G26830	3701	3358	2260	2230	1927	1912
AT5G26840	0	0	0	0	1	0
AT5G26850	604	558	552	1223	1068	943
AT5G26860	1534	1408	562	831	701	605
AT5G26880	1623	1638	1609	1714	1431	1809
AT5G26900	5	4	2	0	0	0
AT5G26910	1038	839	600	1495	1198	1225
AT5G26920	19713	17965	10481	9400	8316	7738
AT5G26930	0	2	3	0	1	1
AT5G26940	684	533	547	420	421	419
AT5G26950	1	1	0	1	2	5
AT5G26960	290	253	300	485	427	396
AT5G26970	1	0	3	11	3	0
AT5G26980	368	329	382	349	328	285
AT5G26990	753	681	834	439	417	399
AT5G27000	49	36	38	52	35	37
AT5G27010	1	2	0	0	0	0
AT5G27020	3	4	9	1	5	2
AT5G27030	3042	2742	1802	719	679	499
AT5G27050	3	5	9	0	0	0
AT5G27060	503	528	234	216	172	113
AT5G27070	1	0	0	0	0	1
AT5G27080	1	0	0	0	0	0
AT5G27090	0	0	0	0	1	0
AT5G27100	502	457	265	193	165	171
AT5G27110	132	104	67	71	44	75
AT5G27120	2492	2228	1344	1563	1086	948
AT5G27130	2	0	2	2	2	0
AT5G27150	3071	2590	2214	2173	1919	1809
AT5G27210	138	123	156	87	79	82
AT5G27220	8	12	2	38	35	30
AT5G27230	32	26	24	16	24	19
AT5G27240	266	257	63	335	290	269
AT5G27247	11	8	5	14	9	15
AT5G27270	705	672	416	738	594	701
AT5G27280	1870	1694	2040	2469	2395	2772
AT5G27290	152	137	348	1026	862	1003
AT5G27300	169	169	236	405	294	283
AT5G27320	718	647	802	498	486	472
AT5G27330	287	294	162	419	314	263
AT5G27350	5664	5062	3749	3360	2819	2236
AT5G27360	39	28	64	361	312	350
AT5G27370	0	0	0	1	1	0
AT5G27380	3617	3035	3102	5130	4618	4575
AT5G27390	402	347	485	960	852	968
AT5G27395	505	440	294	389	306	296
AT5G27400	592	529	511	508	448	420
AT5G27410	1246	1052	978	1077	966	928
AT5G27420	10108	9297	8996	8359	7785	6347
AT5G27430	800	680	767	683	593	548
AT5G27440	36	21	20	13	7	13
AT5G27450	180	138	233	370	289	274
AT5G27460	330	290	256	302	204	195
AT5G27470	2547	2212	2214	2173	2000	1875
AT5G27490	219	173	149	184	173	178
AT5G27510	6	7	15	0	0	0
AT5G27520	1459	1263	1006	1207	1079	861
AT5G27540	2309	2012	1496	1419	1257	1121
AT5G27550	114	99	99	230	191	191
AT5G27560	947	742	1049	1616	1372	1458
AT5G27570	0	0	0	0	3	0
AT5G27580	0	0	0	0	1	1
AT5G27600	2011	1737	1285	885	760	690
AT5G27610	394	364	173	134	133	133
AT5G27620	358	339	268	291	265	230
AT5G27630	33	43	42	86	62	39
AT5G27640	5498	5068	3176	3359	2810	2775
AT5G27650	1157	1055	636	892	823	766
AT5G27660	978	1016	1534	344	374	289
AT5G27670	993	890	1452	793	853	773
AT5G27680	170	136	129	90	77	54
AT5G27690	158	172	193	161	147	118
AT5G27700	2700	2351	3771	2285	2250	2087
AT5G27710	328	313	409	389	349	298
AT5G27720	1396	1222	1652	1251	1039	998
AT5G27730	592	524	654	807	785	827
AT5G27740	628	523	591	634	577	504
AT5G27750	235	201	188	113	100	108
AT5G27760	2167	1958	2280	649	706	662
AT5G27770	2807	2363	3048	2279	2093	1886
AT5G27780	0	0	4	4	7	5
AT5G27807	1	1	2	0	0	0
AT5G27810	0	0	0	1	0	0
AT5G27820	127	126	164	250	219	246
AT5G27830	1174	1019	1118	757	660	649
AT5G27840	1549	1383	1528	1119	1034	985
AT5G27850	4127	3584	4573	5731	5548	5124
AT5G27860	1561	1378	2201	1669	1424	1448
AT5G27889	8	4	1	9	11	12
AT5G27890	44	41	52	110	86	65
AT5G27910	0	0	2	3	2	2
AT5G27920	797	705	531	649	589	567
AT5G27930	2030	1799	1966	2083	1853	1914
AT5G27940	83	75	61	4	8	4
AT5G27950	2453	2164	2336	2726	2440	2321
AT5G27970	1910	1555	941	1822	1616	1670
AT5G27980	0	2	2	2	2	1
AT5G27990	910	798	780	450	386	367
AT5G28000	0	0	2	0	0	0
AT5G28010	87	72	101	25	25	26
AT5G28020	1306	1078	1735	2874	2691	2358
AT5G28030	306	254	570	258	201	168
AT5G28040	701	651	487	668	493	501
AT5G28050	1503	1342	1519	1655	1427	1322
AT5G28052	1	1	0	3	3	0
AT5G28060	3726	3211	4766	4665	4293	3592
AT5G28080	8	5	5	0	2	6
AT5G28150	359	226	238	360	263	287
AT5G28210	0	0	3	0	0	0
AT5G28220	499	387	376	386	271	249
AT5G28235	1	6	1	1	4	1
AT5G28237	142	107	99	214	164	65
AT5G28262	14	19	30	32	36	20
AT5G28290	209	172	181	455	421	364
AT5G28300	935	868	638	865	646	573
AT5G28310	10	6	6	14	8	10
AT5G28320	390	295	94	557	428	371
AT5G28340	44	56	136	147	71	78
AT5G28350	1611	1428	871	1250	1165	1309
AT5G28370	333	294	126	146	153	143
AT5G28380	54	38	66	43	44	35
AT5G28390	174	171	115	232	172	214
AT5G28400	400	419	117	519	370	331
AT5G28410	2	0	0	0	1	0
AT5G28420	2	1	1	2	2	3
AT5G28442	45	50	47	73	66	73
AT5G28450	160	142	404	341	530	613
AT5G28460	366	360	163	237	180	185
AT5G28490	209	151	186	281	235	150
AT5G28491	0	0	0	0	1	0
AT5G28500	2335	2121	1880	5048	3846	4286
AT5G28510	0	0	1	0	0	0
AT5G28520	5	9	8	0	0	0
AT5G28530	283	235	254	203	187	168
AT5G28540	14998	13699	7728	7166	5875	5315
AT5G28610	62	28	32	128	93	67
AT5G28630	604	594	514	1038	847	856
AT5G28640	269	256	314	229	231	104
AT5G28646	8	8	12	8	18	4
AT5G28650	8	3	4	8	8	6
AT5G28740	1636	1428	1105	1268	1041	1002
AT5G28750	1086	1011	1720	2215	2188	1905
AT5G28770	888	847	1325	1229	1035	973
AT5G28830	499	481	475	613	569	425
AT5G28840	4917	4404	5255	4521	3926	3979
AT5G28850	956	899	715	854	708	678
AT5G28900	1087	959	729	1074	904	879
AT5G28910	13	13	28	47	38	28
AT5G28919	1554	1389	1408	1806	1394	1325
AT5G28920	1562	1394	1427	1813	1402	1328
AT5G29000	1020	872	768	436	361	429
AT5G30490	740	588	712	352	341	347
AT5G30495	479	385	441	240	222	281
AT5G30500	0	0	3	0	0	0
AT5G30510	5838	5162	7015	12874	11760	12887
AT5G32440	1573	1378	1598	2116	1744	1540
AT5G32450	1085	953	1293	2162	1942	2265
AT5G32460	0	1	1	0	0	0
AT5G32470	947	896	659	832	742	748
AT5G33280	800	721	538	984	955	948
AT5G33290	3640	3193	2235	1448	1281	1251
AT5G33300	70	42	47	107	48	59
AT5G33320	2464	2219	1861	3158	2892	2582
AT5G33330	1	5	0	1	2	0
AT5G33355	6	11	9	3	3	1
AT5G33370	40	41	77	237	211	160
AT5G33390	29	41	30	0	0	0
AT5G33399	11	7	1	2	2	4
AT5G34780	1	6	2	0	0	0
AT5G34830	0	0	1	9	2	6
AT5G34850	4238	3810	3577	5626	4436	4515
AT5G34871	4	6	7	0	1	0
AT5G34930	500	499	302	324	291	338
AT5G34940	157	160	115	180	150	111
AT5G35050	0	1	0	0	0	0
AT5G35080	788	682	653	666	575	542
AT5G35090	1	0	0	0	1	0
AT5G35100	1079	996	1086	1788	1675	1621
AT5G35110	18	10	9	14	13	7
AT5G35120	3	0	1	0	2	3
AT5G35160	2030	1819	1169	2217	1861	2025
AT5G35170	2863	2618	2953	8438	6714	6964
AT5G35180	2938	2619	1804	2930	2426	2182
AT5G35200	2853	2424	1881	1919	1497	1403
AT5G35210	3348	2916	1734	3613	3057	2940
AT5G35220	1125	1142	948	1563	1269	1493
AT5G35320	661	599	713	256	197	216
AT5G35330	752	685	870	766	686	693
AT5G35360	1699	1497	1462	4941	4115	4529
AT5G35370	846	814	583	567	537	554
AT5G35375	7	2	8	2	1	0
AT5G35380	0	0	0	0	1	0
AT5G35400	199	161	191	154	158	129
AT5G35407	13	3	10	0	2	0
AT5G35410	312	243	274	223	178	177
AT5G35430	1928	1723	1116	950	841	806
AT5G35450	481	447	254	403	332	316
AT5G35460	2452	2069	2500	1983	1831	1300
AT5G35475	0	0	0	1	0	0
AT5G35480	506	424	967	1374	1169	1174
AT5G35490	313	277	603	722	650	545
AT5G35510	0	0	7	18	9	5
AT5G35520	244	206	237	176	154	158
AT5G35525	2	0	8	25	26	26
AT5G35530	5277	4625	4976	3817	3126	2839
AT5G35550	0	0	1	0	0	1
AT5G35560	2289	2042	1671	1787	1622	1537
AT5G35570	1188	970	665	1041	849	919
AT5G35580	82	89	50	13	26	19
AT5G35590	2744	2610	2599	2195	1851	1798
AT5G35600	0	1	0	0	0	1
AT5G35605	0	0	0	0	1	0
AT5G35620	1626	1510	1487	1405	1184	1189
AT5G35630	15466	13942	16593	32381	29710	29387
AT5G35631	1	1	0	0	1	0
AT5G35640	8	1	3	0	0	0
AT5G35660	5	3	0	1	0	0
AT5G35670	56	70	63	127	68	63
AT5G35680	2407	2032	2354	1389	1266	1172
AT5G35688	1	2	0	0	0	0
AT5G35690	2637	2297	2174	1733	1501	1409
AT5G35700	738	729	459	769	718	632
AT5G35715	0	1	0	0	0	0
AT5G35730	1040	931	733	863	700	691
AT5G35732	31	27	61	34	33	38
AT5G35735	25340	24021	14404	16733	14424	17217
AT5G35740	17	14	35	140	98	131
AT5G35750	332	271	275	1118	875	1047
AT5G35753	503	473	270	268	215	202
AT5G35760	3	1	4	4	4	2
AT5G35770	2	1	0	1	1	0
AT5G35790	2046	1792	2600	5138	4122	3841
AT5G35830	1	0	0	0	0	0
AT5G35840	1895	1600	1283	1136	1013	1074
AT5G35870	0	0	1	0	0	0
AT5G35890	0	2	0	0	0	0
AT5G35900	0	2	1	0	0	0
AT5G35910	2036	1652	1124	1138	892	878
AT5G35920	3	1	0	2	1	2
AT5G35926	83	75	160	138	122	93
AT5G35930	433	399	305	448	412	381
AT5G35940	6	4	2	2	1	1
AT5G35945	0	1	0	2	0	3
AT5G35960	6	8	3	6	5	3
AT5G35970	2605	2486	3815	10482	9519	5533
AT5G35980	3690	3205	1963	3495	2996	2773
AT5G35995	389	372	444	343	326	335
AT5G36000	218	199	143	332	284	273
AT5G36001	340	273	116	619	440	436
AT5G36002	288	232	84	517	354	367
AT5G36100	0	1	0	2	3	0
AT5G36110	3	2	4	0	0	0
AT5G36120	340	331	524	845	773	901
AT5G36160	1978	1824	1717	1941	1741	1416
AT5G36170	1052	918	1138	2029	1765	1895
AT5G36180	1	0	0	4	1	0
AT5G36210	2401	2103	1796	1960	1672	1761
AT5G36220	2309	2085	2327	1613	1345	944
AT5G36230	4624	4012	3345	4524	4148	4160
AT5G36240	3	2	1	3	0	0
AT5G36250	1155	1015	1133	1358	1265	1334
AT5G36260	12	14	2	8	19	8
AT5G36280	0	0	0	0	1	0
AT5G36290	1827	1677	1719	1977	1885	1913
AT5G36670	61	45	51	52	47	44
AT5G36680	0	0	1	0	0	0
AT5G36690	0	0	0	0	2	0
AT5G36700	2639	1161	1836	6037	5759	4213
AT5G36710	15	12	19	49	47	31
AT5G36722	0	0	2	0	0	0
AT5G36740	72	54	36	75	58	79
AT5G36780	0	0	0	0	1	0
AT5G36790	2259	3380	4214	5697	3422	5186
AT5G36800	14	16	18	55	46	50
AT5G36870	4	5	2	1	3	2
AT5G36880	4743	4340	2496	3678	3121	3236
AT5G36890	762	663	532	784	650	691
AT5G36900	1	0	2	0	0	0
AT5G36910	7	4	38	51	57	44
AT5G36920	53	49	62	54	62	36
AT5G36925	576	459	448	433	446	406
AT5G36930	2207	1906	1280	1506	1322	1603
AT5G36940	626	583	508	816	840	862
AT5G36950	281	236	209	425	351	345
AT5G36960	2	1	1	5	1	3
AT5G36970	46	42	43	30	34	17
AT5G37000	16	20	19	89	87	69
AT5G37010	39	31	33	122	111	84
AT5G37020	692	593	598	1119	983	695
AT5G37050	5	8	4	2	1	4
AT5G37055	172	153	292	172	161	162
AT5G37070	760	665	850	726	612	647
AT5G37130	2306	1985	1353	1230	966	1012
AT5G37140	1	0	0	0	0	0
AT5G37160	0	0	0	1	0	0
AT5G37180	38	28	22	73	29	32
AT5G37190	630	536	406	552	398	390
AT5G37210	5	4	3	1	4	4
AT5G37230	2	3	0	0	0	0
AT5G37240	0	0	0	2	1	1
AT5G37250	10	3	8	2	1	0
AT5G37260	104	91	79	31	19	22
AT5G37290	220	207	289	212	176	159
AT5G37300	3	4	13	38	31	18
AT5G37310	1195	1112	604	906	873	902
AT5G37320	0	0	1	0	0	0
AT5G37340	209	155	183	165	133	141
AT5G37350	1372	1224	970	698	576	530
AT5G37360	2464	2121	2462	4634	3926	3974
AT5G37370	1777	1632	1470	1401	1133	1106
AT5G37380	816	691	600	507	446	406
AT5G37400	93	69	72	54	36	39
AT5G37410	51	53	52	56	56	66
AT5G37415	1	0	2	0	0	0
AT5G37420	4	6	6	8	7	7
AT5G37430	0	1	0	0	0	0
AT5G37440	234	186	190	76	74	76
AT5G37450	5	5	8	2	3	9
AT5G37470	0	0	0	2	0	0
AT5G37474	0	0	0	0	1	0
AT5G37475	1041	912	1096	752	637	643
AT5G37478	6	10	32	2	1	3
AT5G37480	666	586	772	425	403	397
AT5G37485	5	10	1	5	7	9
AT5G37490	159	145	81	13	6	8
AT5G37500	450	438	320	175	123	224
AT5G37510	6493	5591	4108	4389	4143	3896
AT5G37530	163	153	127	114	71	76
AT5G37540	1878	1734	1152	1240	951	701
AT5G37550	35	12	36	30	30	21
AT5G37560	1	0	0	0	0	0
AT5G37570	104	100	57	59	60	63
AT5G37590	330	288	212	304	285	263
AT5G37600	27479	24779	21744	8439	7998	7237
AT5G37610	3	3	1	0	0	0
AT5G37630	193	150	146	249	190	181
AT5G37660	52	34	90	58	58	56
AT5G37670	51	36	57	56	31	33
AT5G37680	265	254	344	239	220	200
AT5G37690	97	72	93	13	12	10
AT5G37710	336	260	251	384	266	307
AT5G37720	1542	1292	1401	893	801	749
AT5G37740	1019	852	987	312	328	373
AT5G37750	59	66	62	31	37	34
AT5G37760	21	26	20	7	7	2
AT5G37770	9054	8039	9212	8147	6464	6539
AT5G37780	4279	3796	4326	3019	2506	3109
AT5G37790	53	59	86	256	188	152
AT5G37800	0	0	0	1	0	0
AT5G37830	2871	2537	1692	2917	2407	2423
AT5G37840	2	1	1	1	3	3
AT5G37850	1384	1201	1520	1592	1423	1362
AT5G37890	294	243	278	194	169	193
AT5G37930	543	503	589	440	336	347
AT5G37940	0	0	0	2	7	0
AT5G37950	3	1	3	53	41	44
AT5G37960	0	0	0	0	0	1
AT5G37980	0	0	1	6	0	0
AT5G37990	0	0	1	1	2	1
AT5G38000	0	2	4	17	16	4
AT5G38005	9	4	18	32	27	19
AT5G38010	15	11	20	57	52	43
AT5G38020	23	23	17	4	6	11
AT5G38030	29	17	33	13	7	12
AT5G38040	109	81	83	70	67	60
AT5G38050	140	120	169	121	76	84
AT5G38060	58	75	80	128	109	104
AT5G38070	30	24	29	32	24	15
AT5G38100	0	0	0	1	1	3
AT5G38110	164	119	175	153	135	143
AT5G38120	7	11	31	187	153	68
AT5G38130	5	2	2	22	31	4
AT5G38140	126	130	269	371	402	255
AT5G38150	301	233	179	804	579	543
AT5G38197	0	0	2	0	0	0
AT5G38200	27	24	31	20	22	22
AT5G38210	3690	3296	2137	3742	2871	2493
AT5G38212	2551	2268	1392	2698	2010	1756
AT5G38220	523	487	485	524	507	432
AT5G38240	1073	1047	893	372	295	246
AT5G38250	321	218	161	100	84	55
AT5G38260	6	7	6	3	0	0
AT5G38280	90	79	74	119	109	76
AT5G38290	433	353	447	708	598	648
AT5G38300	18	7	15	53	25	28
AT5G38310	57	42	52	40	43	22
AT5G38320	8	8	7	8	12	6
AT5G38340	163	164	77	81	81	47
AT5G38344	9	3	4	4	1	0
AT5G38350	30	27	31	19	15	16
AT5G38360	222	181	292	432	377	397
AT5G38380	581	507	552	440	406	395
AT5G38386	3	1	3	1	1	0
AT5G38396	12	3	1	4	5	6
AT5G38400	0	0	0	1	0	1
AT5G38410	17016	16715	42273	129173	125796	119915
AT5G38420	7542	7224	19786	53164	48062	44838
AT5G38430	12046	11109	17883	33183	29420	36577
AT5G38450	0	0	1	0	1	0
AT5G38460	310	290	232	276	231	216
AT5G38470	4961	4555	4039	2735	2552	2487
AT5G38480	4422	3715	4517	4764	4582	4215
AT5G38510	2678	2374	2735	1657	1459	1771
AT5G38520	1567	1411	2417	3364	3200	3254
AT5G38530	1220	1107	863	688	524	580
AT5G38550	0	0	0	10	9	2
AT5G38560	1432	1263	715	1294	1127	1038
AT5G38565	297	236	178	58	59	46
AT5G38580	0	1	2	0	0	0
AT5G38590	192	164	210	169	183	166
AT5G38600	622	521	393	658	487	524
AT5G38610	15	11	10	16	14	8
AT5G38630	1086	928	1109	580	552	645
AT5G38640	1412	1274	803	871	698	666
AT5G38650	2508	2219	2694	1418	1372	1085
AT5G38660	4834	4315	5734	6163	5396	5251
AT5G38680	1	0	0	3	1	0
AT5G38690	301	252	217	340	250	247
AT5G38700	111	102	64	218	180	221
AT5G38710	1007	938	555	653	511	385
AT5G38720	572	602	570	308	247	243
AT5G38730	110	119	83	74	76	68
AT5G38740	14	14	9	0	2	1
AT5G38750	2	2	5	1	3	1
AT5G38770	1	2	6	6	3	6
AT5G38780	132	104	127	38	35	36
AT5G38800	1	1	0	0	1	0
AT5G38820	7	4	1	2	2	0
AT5G38830	2680	2339	1749	1203	1025	1013
AT5G38840	1112	1000	647	720	547	505
AT5G38850	929	807	678	853	724	658
AT5G38860	289	271	306	277	231	232
AT5G38880	726	661	460	1007	844	797
AT5G38890	457	390	388	151	130	156
AT5G38895	677	578	661	297	284	294
AT5G38900	864	807	837	398	351	217
AT5G38910	16	10	13	2	1	0
AT5G38930	12	11	12	21	19	4
AT5G38940	74	84	86	92	103	33
AT5G38970	0	1	4	33	17	12
AT5G38980	3173	2777	4592	3315	3250	3226
AT5G38990	4055	3690	3062	3039	2628	2897
AT5G39000	230	222	257	216	136	153
AT5G39010	8	2	7	0	2	3
AT5G39020	1301	1211	995	1603	1275	1383
AT5G39024	4	11	9	9	9	9
AT5G39030	2297	1916	1398	1622	1380	1248
AT5G39040	2335	2098	1408	1099	1000	921
AT5G39050	3459	3092	2499	729	629	602
AT5G39080	498	454	814	936	743	688
AT5G39090	144	136	175	82	84	67
AT5G39100	35	25	47	7	9	3
AT5G39110	15	4	16	8	4	4
AT5G39120	15	21	63	3	1	5
AT5G39130	22	17	28	9	6	9
AT5G39150	30	23	82	0	3	1
AT5G39160	133	145	155	90	70	101
AT5G39180	21	27	47	1	1	2
AT5G39190	199	148	234	101	97	142
AT5G39210	223	186	411	505	422	624
AT5G39220	1	3	3	37	32	23
AT5G39230	2	0	1	0	1	0
AT5G39240	18	14	37	9	11	24
AT5G39250	278	242	258	188	184	169
AT5G39260	34	14	30	9	7	15
AT5G39310	0	1	0	0	0	0
AT5G39320	184	209	269	1187	1025	822
AT5G39330	5	2	4	0	7	7
AT5G39340	381	360	556	480	451	507
AT5G39350	208	232	106	165	114	122
AT5G39360	527	444	481	455	423	464
AT5G39370	4	3	5	4	0	1
AT5G39380	246	239	181	144	135	122
AT5G39390	62	58	19	11	3	5
AT5G39400	2	0	0	0	0	0
AT5G39410	880	851	557	926	835	1280
AT5G39420	0	4	12	16	9	5
AT5G39450	591	509	462	328	269	315
AT5G39460	0	1	0	1	0	0
AT5G39470	1	0	0	0	0	0
AT5G39471	4	9	11	10	11	15
AT5G39493	2	5	8	1	1	2
AT5G39500	1235	1191	689	1399	1110	1187
AT5G39510	2888	2540	2556	2432	2164	1963
AT5G39520	2640	2337	2060	294	269	122
AT5G39530	478	402	1132	2713	2518	2111
AT5G39550	127	120	93	190	195	160
AT5G39570	10705	9745	6867	10963	8863	8669
AT5G39580	152	160	104	162	141	183
AT5G39590	5910	5202	3772	4457	3466	3720
AT5G39600	379	332	397	386	366	360
AT5G39610	836	751	639	466	445	345
AT5G39630	0	1	0	1	0	0
AT5G39660	393	330	364	291	245	112
AT5G39670	4866	4147	4415	2007	2079	1437
AT5G39680	123	99	67	36	43	52
AT5G39710	386	364	276	228	196	189
AT5G39720	53	69	66	5	4	4
AT5G39730	780	602	750	1081	942	858
AT5G39740	4890	4466	4660	8091	6294	5739
AT5G39750	1	1	2	0	0	0
AT5G39760	499	499	439	485	350	403
AT5G39770	5	3	1	0	0	0
AT5G39785	1564	1350	775	835	634	588
AT5G39790	279	214	259	457	431	445
AT5G39800	137	127	202	259	196	191
AT5G39810	1	0	1	0	0	0
AT5G39820	0	0	0	1	0	0
AT5G39830	1042	894	988	1737	1542	1733
AT5G39840	323	290	156	176	135	146
AT5G39850	1165	1026	1069	291	279	266
AT5G39860	19	26	118	183	173	105
AT5G39865	34	23	21	26	26	23
AT5G39890	34	18	22	35	22	14
AT5G39900	220	210	136	138	115	122
AT5G39940	307	326	296	368	314	307
AT5G39950	2423	2197	2553	1679	1370	1322
AT5G39960	271	254	151	226	196	192
AT5G39970	19	21	29	15	11	18
AT5G39980	243	213	141	229	226	230
AT5G39990	630	492	497	428	399	395
AT5G40000	745	747	559	31	32	18
AT5G40010	371	322	321	34	21	9
AT5G40020	25	10	25	16	15	15
AT5G40030	11	14	15	40	35	27
AT5G40040	33	34	18	2	5	1
AT5G40060	1369	1153	854	652	572	623
AT5G40070	1	0	0	0	1	0
AT5G40080	146	180	249	219	155	126
AT5G40090	106	87	121	12	7	5
AT5G40100	57	49	31	16	19	16
AT5G40140	223	203	158	279	224	207
AT5G40150	155	164	130	319	351	279
AT5G40155	2	0	0	0	0	0
AT5G40160	327	302	284	737	597	793
AT5G40170	4505	4012	3387	3878	2985	3077
AT5G40180	21	14	37	33	35	35
AT5G40190	487	493	594	583	529	522
AT5G40200	1288	1162	886	1014	803	783
AT5G40210	27	17	13	19	12	10
AT5G40220	3	0	0	1	0	0
AT5G40230	161	149	168	58	52	33
AT5G40240	3330	3033	2488	1033	863	972
AT5G40250	360	307	329	473	379	349
AT5G40260	2	2	4	0	0	0
AT5G40270	275	231	288	286	233	216
AT5G40275	0	0	1	0	0	0
AT5G40280	520	480	435	396	320	376
AT5G40290	0	0	0	0	1	0
AT5G40300	801	714	693	484	361	352
AT5G40310	0	0	0	1	1	5
AT5G40330	115	90	161	160	128	124
AT5G40340	3258	2685	1441	3034	2297	2180
AT5G40348	30	26	25	34	34	20
AT5G40350	8	6	8	11	18	4
AT5G40370	3907	3554	3929	4432	3729	3949
AT5G40380	286	242	223	697	614	644
AT5G40382	4	1	13	8	7	7
AT5G40384	0	0	1	0	0	0
AT5G40390	229	204	262	924	856	500
AT5G40395	9	6	18	1	2	0
AT5G40400	100	84	79	108	77	62
AT5G40405	111	111	78	68	63	59
AT5G40410	43	37	22	28	19	37
AT5G40430	5	4	8	0	0	1
AT5G40440	628	567	540	341	307	226
AT5G40450	7248	6323	2984	15209	11471	16804
AT5G40460	185	104	188	87	118	79
AT5G40470	262	235	265	270	203	194
AT5G40480	2038	1800	693	1415	1191	1123
AT5G40490	967	867	475	513	433	456
AT5G40500	280	283	555	745	668	634
AT5G40510	5	1	1	1	5	3
AT5G40520	514	448	371	305	279	272
AT5G40530	531	457	481	193	179	188
AT5G40540	155	128	84	303	279	281
AT5G40550	340	272	305	249	227	245
AT5G40570	86	94	99	59	45	57
AT5G40580	1530	1266	1460	1291	1050	970
AT5G40600	120	100	147	130	133	132
AT5G40610	186	158	194	692	600	524
AT5G40620	0	0	0	0	2	0
AT5G40630	3	2	2	23	21	12
AT5G40640	182	153	192	193	153	159
AT5G40645	1	5	3	4	0	0
AT5G40650	934	861	1016	751	757	652
AT5G40660	592	522	542	513	391	379
AT5G40670	1926	1660	2118	1843	1652	1474
AT5G40680	66	69	3	0	2	1
AT5G40690	1073	1005	900	166	134	133
AT5G40700	53	56	78	103	74	81
AT5G40710	350	287	311	254	217	231
AT5G40720	1855	1830	1367	632	566	571
AT5G40730	96	89	62	32	45	23
AT5G40740	577	473	420	641	500	482
AT5G40760	1471	1375	952	1350	1088	979
AT5G40770	2557	2272	2018	1311	1280	1317
AT5G40780	5280	4678	3498	2050	2024	2334
AT5G40790	4	2	5	3	2	3
AT5G40800	10	14	11	19	28	13
AT5G40810	2858	2510	2263	2833	2692	2770
AT5G40820	147	143	64	111	107	98
AT5G40830	315	281	229	689	562	597
AT5G40840	1169	1069	729	70	59	59
AT5G40850	1414	1277	1187	2670	2127	2222
AT5G40855	2	3	0	2	0	1
AT5G40860	1	2	4	0	0	1
AT5G40870	728	676	528	794	673	684
AT5G40880	590	482	361	174	148	201
AT5G40890	6571	5896	5427	5780	4999	5207
AT5G40900	4	1	4	3	4	3
AT5G40910	2973	2682	1938	2991	2443	2546
AT5G40930	676	534	711	665	567	565
AT5G40940	1	0	0	0	0	0
AT5G40950	3096	2712	3838	7835	6824	7317
AT5G40960	30	33	48	22	21	23
AT5G40970	106	97	149	161	149	148
AT5G40980	14	18	32	26	25	25
AT5G40990	77	54	95	32	18	20
AT5G41000	138	118	134	174	160	131
AT5G41010	756	611	870	315	288	325
AT5G41020	1042	929	700	612	460	453
AT5G41030	1	0	0	0	0	0
AT5G41040	274	215	287	43	31	32
AT5G41050	172	169	341	284	282	257
AT5G41060	83	57	78	166	130	123
AT5G41070	63	54	69	117	102	56
AT5G41071	1	1	3	2	2	1
AT5G41080	754	703	605	439	447	358
AT5G41090	0	0	0	0	0	1
AT5G41100	2280	2114	1115	2241	1822	1811
AT5G41109	0	0	0	3	1	0
AT5G41110	403	390	305	341	356	301
AT5G41120	192	193	149	350	326	279
AT5G41130	202	205	127	181	179	183
AT5G41140	259	243	235	2013	1582	1722
AT5G41150	536	450	284	533	476	478
AT5G41160	145	109	130	51	53	64
AT5G41170	94	89	65	54	55	58
AT5G41180	377	336	283	369	321	359
AT5G41190	1741	1515	1099	791	617	671
AT5G41200	2	0	0	0	0	0
AT5G41210	2008	1759	2005	2094	2039	2010
AT5G41220	655	513	616	450	391	412
AT5G41240	450	413	479	344	268	213
AT5G41250	5	9	5	0	0	0
AT5G41260	2404	2257	1795	1968	1943	2278
AT5G41270	268	231	205	133	139	149
AT5G41280	3	3	0	3	0	0
AT5G41290	0	1	0	0	0	0
AT5G41300	0	0	0	1	0	0
AT5G41310	0	0	1	0	4	0
AT5G41315	3	3	7	33	10	24
AT5G41320	220	171	210	135	138	135
AT5G41330	716	638	491	457	404	410
AT5G41340	685	552	884	928	745	670
AT5G41350	710	584	595	551	469	394
AT5G41360	852	744	480	431	356	285
AT5G41370	1998	1755	1408	1870	1540	1406
AT5G41380	9	7	16	5	4	5
AT5G41390	2	0	1	0	2	0
AT5G41400	791	742	994	527	483	408
AT5G41410	3340	3068	2426	1493	1220	1178
AT5G41420	0	0	0	0	1	0
AT5G41440	0	0	0	0	1	0
AT5G41450	0	0	0	1	1	0
AT5G41460	92	87	93	446	398	259
AT5G41470	2	2	5	9	7	10
AT5G41471	8	6	10	4	5	3
AT5G41480	423	402	325	353	320	325
AT5G41520	6205	5667	5657	4040	4463	3755
AT5G41540	4	1	0	0	1	0
AT5G41550	1281	1155	319	191	147	182
AT5G41560	419	376	445	362	254	243
AT5G41570	8	6	9	3	0	0
AT5G41580	539	498	328	423	391	304
AT5G41590	20	7	28	71	54	36
AT5G41600	1211	1096	1186	1516	1481	1179
AT5G41610	289	248	247	222	187	194
AT5G41612	130	112	113	133	108	136
AT5G41620	57	66	58	127	106	72
AT5G41650	37	36	43	33	32	24
AT5G41660	0	0	0	1	0	0
AT5G41663	1	0	3	1	1	0
AT5G41670	1836	1812	1088	1853	1487	1574
AT5G41680	288	284	505	203	224	211
AT5G41685	1124	1024	1314	932	892	828
AT5G41690	128	110	100	165	171	149
AT5G41700	5415	4789	8232	13410	11092	11035
AT5G41730	36	37	22	13	18	7
AT5G41740	20554	18594	8366	11639	9791	8891
AT5G41750	28199	24657	10231	18186	15823	14856
AT5G41760	489	425	508	528	496	536
AT5G41761	124	129	235	345	326	240
AT5G41765	4	4	6	0	1	0
AT5G41770	2188	1949	1379	1317	1119	1074
AT5G41780	2	4	8	1	1	1
AT5G41790	6928	5900	2544	5339	4228	4487
AT5G41800	627	514	577	430	427	386
AT5G41810	1158	1056	1318	1120	917	950
AT5G41820	76	61	51	29	17	19
AT5G41830	23	24	9	15	16	17
AT5G41850	218	192	162	194	165	132
AT5G41860	178	207	148	150	140	124
AT5G41870	741	682	533	577	499	420
AT5G41880	591	533	578	245	218	206
AT5G41890	1	0	5	3	2	4
AT5G41900	28	24	38	203	195	200
AT5G41905	3	1	2	0	1	1
AT5G41908	2	1	2	0	1	0
AT5G41910	261	243	279	155	154	162
AT5G41920	187	220	180	289	265	337
AT5G41940	1006	907	994	1204	932	985
AT5G41950	1806	1671	1365	1670	1339	1325
AT5G41960	945	883	1097	669	553	525
AT5G41970	1550	1378	1230	890	867	877
AT5G41980	93	76	87	89	77	73
AT5G41990	1948	1747	1490	1400	1271	1178
AT5G41992	1948	1747	1490	1400	1271	1178
AT5G42000	705	626	692	760	712	606
AT5G42010	687	568	289	313	297	169
AT5G42020	9718	8711	4125	4961	4079	3763
AT5G42030	2707	2321	2720	2930	2287	2285
AT5G42040	106	106	108	84	64	60
AT5G42050	41612	38218	29416	27099	20101	19077
AT5G42053	1	2	1	1	1	0
AT5G42060	413	306	502	189	155	111
AT5G42070	298	260	537	805	689	633
AT5G42080	6490	5872	4057	5052	4399	3992
AT5G42090	4108	3566	3017	2807	2705	2890
AT5G42092	1254	1111	557	849	731	777
AT5G42100	1704	1730	1814	2057	1954	1696
AT5G42110	140	120	180	183	147	153
AT5G42120	5	7	3	4	6	2
AT5G42130	702	628	560	629	527	626
AT5G42140	960	839	473	871	647	650
AT5G42146	52	45	54	47	33	36
AT5G42150	1048	1031	780	449	378	386
AT5G42180	6	7	22	4	9	0
AT5G42190	1198	1093	1374	2051	1878	1894
AT5G42200	250	246	256	96	111	106
AT5G42210	869	744	665	31	29	24
AT5G42220	2914	2587	1744	1815	1548	1517
AT5G42223	0	1	1	0	0	1
AT5G42230	3	0	4	0	5	1
AT5G42235	3	4	5	0	0	0
AT5G42240	827	739	817	1113	984	982
AT5G42242	0	0	1	0	0	0
AT5G42250	392	347	600	1419	1266	1166
AT5G42270	9660	8742	7513	13742	10771	11642
AT5G42280	17	21	13	64	49	46
AT5G42290	3	5	6	6	4	0
AT5G42300	3785	3424	4781	4324	3487	3332
AT5G42310	1511	1405	1247	1619	1359	1498
AT5G42320	808	694	622	601	588	618
AT5G42325	1	1	0	2	4	0
AT5G42330	18	14	30	47	26	30
AT5G42340	0	0	0	0	1	1
AT5G42350	264	244	177	242	246	263
AT5G42360	328	308	245	430	372	400
AT5G42370	193	174	162	109	102	116
AT5G42380	6707	6277	4389	3554	2746	1987
AT5G42390	8193	7230	3873	7515	6506	6907
AT5G42400	700	600	349	705	564	544
AT5G42420	784	711	695	1029	815	1084
AT5G42430	2	0	0	0	1	0
AT5G42440	532	497	415	414	357	341
AT5G42450	70	48	50	54	41	49
AT5G42460	383	295	324	249	210	181
AT5G42470	643	571	599	543	523	478
AT5G42480	1017	931	627	1286	1073	1132
AT5G42490	5	5	3	7	1	2
AT5G42500	6	3	3	4	6	6
AT5G42510	2	1	0	0	0	0
AT5G42520	1490	1355	1257	1441	1190	1201
AT5G42530	21082	19441	30687	47048	43613	35018
AT5G42540	2596	2270	1367	2047	1668	1734
AT5G42560	1254	1165	1216	1097	841	869
AT5G42570	1492	1453	1067	1328	1020	1038
AT5G42610	3	1	4	2	2	1
AT5G42620	1094	1006	654	1434	1276	1222
AT5G42630	4	5	3	10	6	6
AT5G42640	1	0	0	0	0	0
AT5G42650	12059	11303	13611	27039	21782	17494
AT5G42655	0	1	3	0	1	0
AT5G42660	514	453	449	497	401	341
AT5G42670	438	352	460	341	284	253
AT5G42680	52	32	71	98	74	63
AT5G42690	22	16	34	63	53	60
AT5G42700	6	4	4	24	12	15
AT5G42710	7	8	6	12	12	5
AT5G42720	129	143	161	298	279	185
AT5G42740	3401	3077	2275	1878	1801	1919
AT5G42750	374	386	330	401	275	295
AT5G42760	131	107	209	78	62	52
AT5G42765	543	492	715	1158	1093	1132
AT5G42770	260	186	221	343	206	237
AT5G42780	20	14	19	47	33	35
AT5G42790	2862	2696	3033	1933	1823	1811
AT5G42800	229	198	359	633	509	187
AT5G42810	741	682	792	553	461	371
AT5G42820	1456	1360	1539	1625	1319	1278
AT5G42825	929	804	1519	1223	1271	1503
AT5G42830	1202	1011	884	455	445	299
AT5G42840	31	32	17	18	15	14
AT5G42850	1984	1721	1994	1211	1263	1281
AT5G42860	43	36	48	308	258	210
AT5G42870	1973	1669	1141	1903	1582	1565
AT5G42880	15	19	28	106	71	47
AT5G42890	851	659	858	1156	983	987
AT5G42900	1116	965	241	32	32	841
AT5G42920	1268	1275	793	862	846	968
AT5G42930	5	3	8	20	21	10
AT5G42940	2036	1743	1218	1027	972	970
AT5G42950	4670	4123	2507	3416	2793	2773
AT5G42960	781	703	770	476	497	494
AT5G42965	24	20	21	14	5	11
AT5G42970	1071	925	906	670	613	535
AT5G42980	10814	9413	12156	14348	13590	13125
AT5G42990	922	845	1092	568	470	419
AT5G43000	1	0	0	0	0	0
AT5G43010	1962	1700	1461	1132	1000	978
AT5G43020	249	237	293	489	394	228
AT5G43030	2	0	3	4	4	3
AT5G43040	6	1	6	18	33	30
AT5G43050	303	259	367	389	320	347
AT5G43060	1071	1059	766	673	652	739
AT5G43070	169	155	204	147	133	130
AT5G43080	58	56	65	83	58	72
AT5G43090	0	0	0	1	0	0
AT5G43100	1769	1717	1178	1547	1354	1238
AT5G43120	0	0	1	3	5	1
AT5G43130	1972	1708	1150	1643	1325	1202
AT5G43140	412	409	414	276	244	275
AT5G43150	272	258	772	728	652	335
AT5G43160	364	327	317	158	172	135
AT5G43170	368	364	454	177	143	168
AT5G43180	18	13	34	15	16	5
AT5G43190	803	711	692	1262	962	783
AT5G43200	2	2	1	0	2	1
AT5G43210	90	117	152	119	101	87
AT5G43230	4	7	7	0	0	0
AT5G43240	1	3	2	8	9	7
AT5G43245	1	1	0	0	0	0
AT5G43250	94	72	113	64	48	39
AT5G43260	830	808	1172	549	617	555
AT5G43270	636	584	678	666	612	786
AT5G43280	947	810	776	556	547	530
AT5G43285	0	0	0	1	0	0
AT5G43290	2	1	0	5	3	2
AT5G43300	2	2	9	0	2	0
AT5G43310	1473	1256	675	1565	1429	1675
AT5G43320	3887	3447	3203	3299	2872	2734
AT5G43330	886	756	845	692	665	641
AT5G43350	2	5	2	4	3	2
AT5G43360	0	0	0	2	1	0
AT5G43370	2	2	0	0	0	1
AT5G43380	248	236	149	88	64	98
AT5G43390	2	3	1	0	0	0
AT5G43400	78	68	60	138	109	97
AT5G43403	118	86	159	152	138	147
AT5G43410	1	0	1	1	0	0
AT5G43420	1425	1339	916	307	280	270
AT5G43430	324	356	339	444	414	392
AT5G43440	4440	4087	4340	2503	2106	2469
AT5G43450	2177	2112	2789	813	708	633
AT5G43455	3	0	5	0	0	0
AT5G43460	2442	2088	3260	2176	2007	1670
AT5G43470	5997	5306	3556	6475	5343	5557
AT5G43480	1	6	10	1	2	1
AT5G43490	10	17	12	9	5	9
AT5G43500	480	472	449	481	371	354
AT5G43510	1	0	1	1	1	2
AT5G43520	1	1	1	0	0	0
AT5G43530	5	1	6	15	13	13
AT5G43560	2073	1842	1248	1812	1470	1260
AT5G43570	27	20	6	3	4	2
AT5G43580	232	197	72	32	22	23
AT5G43590	1	1	2	0	0	0
AT5G43600	744	642	701	918	820	718
AT5G43603	1	2	1	0	0	0
AT5G43610	0	0	1	0	0	0
AT5G43620	1322	1198	1188	980	825	885
AT5G43630	1150	966	1025	643	543	344
AT5G43650	537	451	381	59	43	29
AT5G43660	7	5	12	6	3	3
AT5G43670	842	795	549	553	522	520
AT5G43680	384	323	358	275	258	271
AT5G43690	3	2	6	3	1	3
AT5G43700	688	578	1244	1064	925	869
AT5G43710	374	306	267	472	466	460
AT5G43720	623	560	656	530	448	392
AT5G43725	271	258	237	212	186	199
AT5G43730	214	193	140	101	91	107
AT5G43740	602	540	514	810	723	655
AT5G43745	411	390	323	1011	842	826
AT5G43750	224	207	649	2199	1927	1979
AT5G43755	0	3	3	2	0	0
AT5G43760	5646	5392	4404	7266	5596	6183
AT5G43770	3	2	3	2	0	0
AT5G43780	3477	3263	2769	1939	1935	2007
AT5G43790	244	222	187	121	79	97
AT5G43810	767	657	539	1033	752	683
AT5G43820	78	63	39	51	41	40
AT5G43822	244	230	242	225	191	155
AT5G43830	3844	3537	4073	4466	4502	4271
AT5G43840	2	0	3	4	3	0
AT5G43850	1846	1670	2679	1767	1689	1306
AT5G43860	590	518	666	154	138	87
AT5G43870	357	327	433	630	511	589
AT5G43880	671	618	492	1462	1204	1290
AT5G43890	14	18	21	55	40	41
AT5G43900	5154	4700	1810	2772	2315	2484
AT5G43910	910	814	670	287	230	226
AT5G43920	899	788	708	703	589	584
AT5G43930	1251	1087	848	781	729	690
AT5G43935	1	0	0	0	1	0
AT5G43940	10318	9587	8143	8750	8260	7948
AT5G43950	94	89	105	243	202	196
AT5G43960	2267	2100	1383	1268	1090	1151
AT5G43970	737	634	810	614	680	571
AT5G43980	126	124	162	63	59	42
AT5G43990	73	86	82	192	199	162
AT5G44000	1297	1115	989	1059	875	1014
AT5G44005	376	302	646	581	489	641
AT5G44010	418	402	385	146	146	217
AT5G44020	2355	2189	3607	8645	7280	12490
AT5G44030	172	146	204	260	194	248
AT5G44040	120	91	106	190	153	171
AT5G44050	78	61	55	392	379	246
AT5G44060	2400	2329	1464	2759	2337	1772
AT5G44065	18	13	20	14	17	11
AT5G44070	6242	5443	3770	8335	7436	7673
AT5G44080	518	427	561	553	425	442
AT5G44090	2153	1843	1509	1535	1343	1352
AT5G44100	2765	2520	2070	2201	1883	1833
AT5G44110	65	56	74	109	123	74
AT5G44120	1	0	0	0	0	0
AT5G44130	278	311	393	1223	1044	1380
AT5G44140	1	0	0	2	2	3
AT5G44150	240	200	285	217	176	194
AT5G44160	52	57	49	21	27	35
AT5G44170	290	275	317	207	143	151
AT5G44180	2239	2046	993	1981	1614	1454
AT5G44190	1502	1438	2455	3124	2925	1968
AT5G44200	1090	939	1364	931	797	715
AT5G44210	29	27	48	69	75	43
AT5G44230	181	171	79	114	111	105
AT5G44240	2875	2357	1501	1865	1548	1504
AT5G44250	770	706	822	575	530	534
AT5G44260	93	97	142	386	400	397
AT5G44270	1	1	0	0	0	0
AT5G44280	225	171	159	215	144	137
AT5G44286	1	0	1	1	0	1
AT5G44290	5989	5224	3938	5193	4172	3940
AT5G44306	53	37	36	4	1	1
AT5G44310	4	0	3	3	4	4
AT5G44316	2	1	0	0	0	1
AT5G44320	2984	2640	2196	1605	1416	1351
AT5G44330	1	1	2	0	0	0
AT5G44340	7424	6439	5280	9304	8828	11603
AT5G44350	92	104	111	226	190	148
AT5G44370	208	198	147	232	186	189
AT5G44380	211	210	118	80	67	44
AT5G44390	382	302	417	158	144	100
AT5G44400	582	482	555	588	449	339
AT5G44410	76	74	150	247	230	255
AT5G44420	590	557	3626	41292	40839	9429
AT5G44430	457	406	2177	30723	34126	7316
AT5G44440	0	0	0	0	0	4
AT5G44450	734	648	758	652	573	514
AT5G44460	18	25	27	6	7	6
AT5G44480	385	348	228	134	109	48
AT5G44490	141	144	101	76	28	40
AT5G44500	212	236	172	114	138	131
AT5G44510	974	844	680	787	743	717
AT5G44520	547	491	556	1004	864	932
AT5G44530	231	207	370	2164	1825	1059
AT5G44540	1	1	8	11	15	12
AT5G44550	87	73	134	37	26	41
AT5G44560	64	63	94	164	138	119
AT5G44562	32	27	43	52	42	37
AT5G44565	236	189	216	304	250	168
AT5G44568	2919	2568	2067	2397	2189	2255
AT5G44569	83	90	122	78	71	63
AT5G44570	56	59	53	9	15	9
AT5G44572	572	489	628	232	189	174
AT5G44574	25	23	32	10	9	7
AT5G44575	29	20	43	26	29	22
AT5G44578	30	19	36	37	40	24
AT5G44580	1696	1605	2883	3017	2592	2028
AT5G44582	111	75	207	78	88	99
AT5G44585	142	116	169	36	39	33
AT5G44590	0	1	2	1	0	3
AT5G44600	83	76	148	308	303	345
AT5G44610	62	55	45	2	0	1
AT5G44620	17	4	12	42	29	9
AT5G44630	1	1	0	1	2	0
AT5G44635	418	435	352	321	235	221
AT5G44650	1343	1278	1340	2459	2065	2195
AT5G44660	350	324	362	450	420	431
AT5G44670	80	73	112	232	193	132
AT5G44680	158	157	802	1216	1062	1422
AT5G44690	1	0	0	0	0	0
AT5G44700	14	4	0	5	6	1
AT5G44710	199	222	249	225	173	196
AT5G44720	876	792	1150	2153	2003	1629
AT5G44730	627	521	542	559	424	499
AT5G44740	275	235	231	194	151	161
AT5G44750	2361	2032	1536	1375	1201	1094
AT5G44780	381	324	174	149	82	82
AT5G44785	1309	1147	954	1118	960	992
AT5G44790	3026	2621	1915	2308	1950	1843
AT5G44800	2248	2001	973	2355	1977	1957
AT5G44820	1448	1300	1188	572	543	510
AT5G44850	0	0	0	0	0	1
AT5G44860	543	511	477	482	423	410
AT5G44870	2083	1831	1167	1759	1593	1658
AT5G44900	0	2	0	0	1	0
AT5G44910	172	182	128	59	32	39
AT5G44920	137	99	156	84	108	82
AT5G44930	564	468	422	464	382	339
AT5G44940	25	17	22	2	1	3
AT5G44973	8	4	32	12	21	7
AT5G44980	285	217	264	80	75	72
AT5G44990	217	174	186	75	39	39
AT5G45000	226	222	143	108	69	128
AT5G45010	951	781	1361	891	738	668
AT5G45020	154	125	143	276	220	251
AT5G45030	1158	1131	896	1082	850	903
AT5G45040	82	87	220	352	298	297
AT5G45050	1275	1153	784	1136	955	878
AT5G45060	1610	1475	1064	1425	1226	1206
AT5G45070	5	9	9	7	7	7
AT5G45080	1	2	2	4	2	6
AT5G45090	96	73	49	28	22	20
AT5G45095	24	35	24	4	5	0
AT5G45100	995	901	1155	655	528	589
AT5G45110	12394	10946	7909	5552	5058	5191
AT5G45130	2679	2465	2290	1931	1740	1717
AT5G45140	1189	1066	452	584	552	496
AT5G45150	50	54	39	35	21	19
AT5G45160	1237	1081	791	772	710	631
AT5G45170	1491	1321	1362	1428	1427	1300
AT5G45180	13	6	8	0	1	0
AT5G45190	1273	1153	935	1024	846	807
AT5G45200	0	0	0	1	0	0
AT5G45210	3	0	5	0	2	1
AT5G45220	12	7	13	23	23	15
AT5G45240	14	7	6	12	11	9
AT5G45250	1595	1433	873	1604	1369	1454
AT5G45260	1081	992	573	1122	985	925
AT5G45275	375	324	300	272	241	209
AT5G45280	1165	1038	636	1749	1670	1276
AT5G45290	445	335	353	645	621	629
AT5G45300	397	367	325	365	361	397
AT5G45307	2	0	0	0	1	0
AT5G45310	67	72	121	180	182	119
AT5G45320	4	5	4	2	6	4
AT5G45330	247	209	154	227	194	180
AT5G45340	4902	4358	3453	7126	5953	5773
AT5G45350	8950	8458	9201	3369	3282	3418
AT5G45360	2532	2179	2259	1117	1012	929
AT5G45370	187	197	181	206	168	176
AT5G45380	2581	2284	2104	1206	1018	757
AT5G45390	4526	4092	4580	5803	5111	5420
AT5G45400	527	485	310	139	97	104
AT5G45410	5116	4411	4277	2958	2782	2519
AT5G45420	1148	1024	1092	1044	841	791
AT5G45428	10261	9386	7794	7207	6294	4935
AT5G45430	10323	9444	7880	7239	6337	4958
AT5G45440	46	35	22	25	14	12
AT5G45450	0	0	2	3	2	3
AT5G45460	92	66	67	118	103	112
AT5G45469	12	8	0	14	12	6
AT5G45470	2421	2188	1376	1761	1478	1693
AT5G45472	1909	1767	853	1296	1094	1334
AT5G45475	689	578	654	785	698	663
AT5G45480	2064	1763	1166	2081	1795	1782
AT5G45490	1317	1130	1350	2781	2437	2494
AT5G45500	5533	5160	3941	2381	2188	1981
AT5G45510	10903	9698	4358	7481	6006	6079
AT5G45520	25	17	17	52	34	35
AT5G45530	11	16	8	50	31	31
AT5G45540	16	19	26	35	38	27
AT5G45550	1675	1500	1333	1430	1233	1424
AT5G45560	108	85	94	235	215	235
AT5G45570	1	1	0	1	1	0
AT5G45580	6	11	8	9	7	7
AT5G45590	188	165	218	208	189	169
AT5G45600	747	578	660	383	320	305
AT5G45610	383	350	363	568	404	445
AT5G45620	1533	1373	1167	1279	1128	1147
AT5G45630	927	865	1200	653	482	419
AT5G45640	0	0	0	1	0	0
AT5G45650	840	738	860	2117	1636	1272
AT5G45660	126	115	139	123	116	102
AT5G45670	182	192	390	1027	861	578
AT5G45680	399	299	802	1781	1834	2243
AT5G45690	1	0	0	0	0	0
AT5G45700	22	26	30	84	77	65
AT5G45710	811	653	576	568	526	599
AT5G45720	10	18	18	33	32	39
AT5G45730	5	7	17	30	32	25
AT5G45740	11	12	15	28	18	27
AT5G45750	2702	2438	2502	3390	3058	3445
AT5G45760	305	284	351	331	252	278
AT5G45770	1	1	3	4	9	14
AT5G45775	2294	2142	2676	2014	1920	1738
AT5G45780	241	257	163	194	151	146
AT5G45790	50	56	50	49	38	50
AT5G45800	4562	4046	2757	1615	1363	1108
AT5G45810	30	20	4	0	1	0
AT5G45820	326	261	545	1218	937	572
AT5G45830	10	10	24	140	101	72
AT5G45840	745	617	453	465	422	406
AT5G45850	0	3	5	26	10	13
AT5G45860	0	1	1	1	0	0
AT5G45890	180	191	245	33	16	0
AT5G45900	1518	1367	801	390	390	345
AT5G45920	8	10	21	29	19	37
AT5G45930	626	548	822	2028	1909	2174
AT5G45940	98	79	194	324	287	255
AT5G45950	166	134	436	1229	948	1030
AT5G45960	8	8	11	42	58	26
AT5G45970	0	3	6	6	5	9
AT5G45990	843	745	526	34	36	25
AT5G46010	5	5	4	1	0	2
AT5G46013	13	14	7	2	0	3
AT5G46020	4030	3419	4708	3727	3484	3181
AT5G46030	1696	1460	2054	1322	1041	995
AT5G46040	4	6	6	3	1	4
AT5G46050	2142	1942	1455	341	251	213
AT5G46060	12	6	3	3	1	0
AT5G46070	1625	1367	898	1511	1100	1169
AT5G46080	1422	1282	853	922	692	600
AT5G46090	124	105	143	62	74	75
AT5G46100	220	168	87	84	73	78
AT5G46110	19427	17486	22851	51294	51326	47878
AT5G46115	16	5	23	1	3	3
AT5G46130	12	10	15	4	4	6
AT5G46140	54	46	31	28	19	28
AT5G46150	877	746	850	967	761	711
AT5G46160	584	506	502	562	426	424
AT5G46170	963	838	756	650	600	549
AT5G46180	4699	4179	3143	1485	1292	1071
AT5G46190	778	719	487	808	704	639
AT5G46200	0	1	0	0	0	3
AT5G46210	4035	3620	2435	3210	2556	2564
AT5G46220	10	8	14	60	51	79
AT5G46230	417	399	305	128	100	144
AT5G46240	567	503	381	540	385	395
AT5G46250	2764	2580	2695	4723	4154	3692
AT5G46260	994	880	520	553	474	513
AT5G46270	1945	1773	1230	883	744	887
AT5G46280	1033	904	903	480	403	466
AT5G46290	1947	1733	1253	3055	2643	2928
AT5G46295	534	476	642	320	245	247
AT5G46315	4	2	5	1	0	2
AT5G46330	1092	984	763	1707	1417	1607
AT5G46340	913	819	675	968	753	728
AT5G46350	535	517	503	146	133	107
AT5G46360	4	3	1	1	4	3
AT5G46370	2	1	1	1	4	1
AT5G46380	0	0	0	0	1	0
AT5G46390	681	638	650	735	691	758
AT5G46400	489	434	270	510	416	337
AT5G46410	1815	1439	1383	834	786	718
AT5G46417	1	1	0	0	0	0
AT5G46420	2202	1922	1991	4005	3435	3472
AT5G46430	3493	3165	4145	3892	3725	3113
AT5G46440	87	86	107	101	72	86
AT5G46450	1837	1662	1204	1063	1011	1226
AT5G46460	162	140	31	69	60	62
AT5G46470	6839	6096	3286	4964	4220	3739
AT5G46490	2305	2112	1957	1361	1223	1080
AT5G46500	417	390	158	352	282	193
AT5G46510	2419	2071	849	2394	2175	2242
AT5G46520	2090	1856	919	1657	1320	1320
AT5G46530	10	12	36	35	38	22
AT5G46540	0	0	1	0	1	0
AT5G46550	1087	902	896	634	516	562
AT5G46560	585	501	553	368	325	325
AT5G46570	252	214	277	554	438	466
AT5G46580	1598	1498	1035	2182	1655	1996
AT5G46590	62	55	89	24	25	17
AT5G46600	75	82	55	150	126	170
AT5G46610	1	1	0	0	0	2
AT5G46620	556	492	560	362	316	305
AT5G46630	3368	3052	2686	2953	2541	2432
AT5G46640	92	66	98	120	88	68
AT5G46650	0	1	0	0	0	0
AT5G46660	0	1	1	0	1	0
AT5G46670	6	1	3	1	5	2
AT5G46680	145	108	90	101	79	67
AT5G46690	64	42	108	175	159	147
AT5G46700	219	198	240	248	224	203
AT5G46710	1747	1513	2226	1938	1910	2194
AT5G46720	41	31	69	48	15	30
AT5G46730	149	147	100	77	106	152
AT5G46740	693	623	389	236	222	187
AT5G46750	2091	1831	1915	1357	1251	1247
AT5G46760	3620	3126	2170	2824	2063	1876
AT5G46770	26	16	32	0	1	0
AT5G46780	5140	4875	4766	2188	1626	1500
AT5G46790	571	590	658	466	367	332
AT5G46795	0	0	1	0	0	0
AT5G46800	984	817	1422	1605	1637	1553
AT5G46830	2	1	4	44	37	12
AT5G46840	1027	955	978	697	573	492
AT5G46845	3	2	1	0	2	0
AT5G46850	252	243	345	193	190	191
AT5G46860	2358	2048	2039	1500	1411	1534
AT5G46870	136	81	99	101	89	85
AT5G46871	32	19	56	14	15	15
AT5G46874	2	2	2	1	4	1
AT5G46880	175	129	148	265	275	226
AT5G46890	1	0	0	0	0	0
AT5G46910	885	769	260	725	576	542
AT5G46915	14	9	7	17	14	9
AT5G46920	620	477	366	300	271	312
AT5G46950	18	15	3	0	0	0
AT5G46960	56	48	51	3	0	0
AT5G47010	4729	4315	2086	3237	2649	2707
AT5G47020	2592	2246	1163	2741	2372	2980
AT5G47030	4202	3977	3913	5200	4883	4321
AT5G47040	3114	2781	2795	4429	3626	3461
AT5G47050	1921	1857	2053	370	293	167
AT5G47060	681	603	726	247	156	176
AT5G47070	5711	5231	4461	3296	2746	2874
AT5G47077	0	0	2	0	0	0
AT5G47080	2018	1815	1985	791	681	612
AT5G47090	481	444	427	389	366	302
AT5G47100	204	156	202	276	219	223
AT5G47110	4673	4148	6273	7682	7467	7390
AT5G47120	10744	9566	9604	2686	2508	2495
AT5G47130	99	83	66	33	40	35
AT5G47140	2309	2000	1609	472	473	460
AT5G47150	0	0	0	0	0	1
AT5G47160	14	14	17	24	18	16
AT5G47170	1	2	1	8	2	4
AT5G47175	2	0	0	0	0	0
AT5G47180	1114	1022	859	505	396	521
AT5G47190	1460	1317	2061	4531	3912	4336
AT5G47200	3647	3131	2590	1746	1727	1657
AT5G47210	11450	10885	8076	9240	8492	7922
AT5G47220	5072	4608	5595	4227	3340	2610
AT5G47230	1605	1288	1956	3743	3057	2781
AT5G47240	1609	1326	2308	4655	4095	3699
AT5G47250	194	176	121	239	197	248
AT5G47260	0	2	0	0	0	0
AT5G47310	910	793	1001	1174	1021	968
AT5G47320	1206	1098	1187	860	823	825
AT5G47330	382	372	593	60	43	95
AT5G47340	1	0	0	0	0	0
AT5G47350	9	14	19	9	10	5
AT5G47360	111	101	96	96	88	79
AT5G47370	740	655	1048	608	529	351
AT5G47380	214	173	153	332	291	220
AT5G47390	1380	1271	1585	1624	1406	1059
AT5G47400	386	364	249	223	189	111
AT5G47420	581	549	496	389	368	424
AT5G47430	2550	2331	1761	1497	1311	1374
AT5G47435	1162	924	1205	1702	1432	1531
AT5G47440	30	23	49	89	94	75
AT5G47455	327	276	317	243	205	235
AT5G47460	41	49	23	45	25	27
AT5G47470	4	7	1	4	3	3
AT5G47480	3643	3294	1675	2946	2521	2680
AT5G47490	795	731	322	929	693	822
AT5G47500	122	110	229	489	498	476
AT5G47510	116	126	104	52	77	65
AT5G47520	427	352	463	432	373	319
AT5G47530	5	2	2	2	0	1
AT5G47540	398	314	372	697	561	593
AT5G47550	166	193	236	157	147	143
AT5G47560	5493	5365	5308	3745	3408	1856
AT5G47570	1158	1146	1398	982	1305	1314
AT5G47580	956	817	510	471	430	397
AT5G47590	91	100	86	67	58	76
AT5G47600	3	1	2	4	5	0
AT5G47610	28	35	88	85	81	58
AT5G47620	1362	1294	1133	1095	876	897
AT5G47630	315	266	361	275	223	239
AT5G47635	8	9	10	4	9	5
AT5G47640	622	560	891	1041	862	799
AT5G47650	236	233	258	416	364	316
AT5G47660	255	280	199	216	161	144
AT5G47670	5	6	7	2	4	2
AT5G47680	747	604	716	742	626	591
AT5G47690	5978	5115	2472	4786	3751	3617
AT5G47700	1977	1937	2192	1670	1905	1560
AT5G47710	606	591	659	492	472	368
AT5G47720	277	267	326	375	274	251
AT5G47730	778	710	707	728	578	524
AT5G47740	4	12	10	11	3	0
AT5G47750	1675	1677	1410	1085	1005	1056
AT5G47760	617	560	692	544	519	547
AT5G47770	701	614	797	1589	1526	1659
AT5G47780	2195	2042	1684	2942	2374	2790
AT5G47790	625	499	450	326	373	381
AT5G47800	28	28	46	86	90	92
AT5G47810	400	418	374	211	189	168
AT5G47820	1778	1517	1030	2051	1788	1807
AT5G47830	400	355	462	241	222	157
AT5G47840	1219	1076	1635	3655	3212	3209
AT5G47850	4447	4087	1914	1913	1785	1078
AT5G47860	2936	2597	2372	1790	1418	1342
AT5G47870	551	447	589	555	512	566
AT5G47880	4155	3734	2560	1311	1159	982
AT5G47890	831	668	1245	1371	1321	1296
AT5G47900	177	140	230	312	311	254
AT5G47910	17852	16558	8983	14110	12483	10488
AT5G47920	6	3	10	20	14	5
AT5G47930	3454	3195	3915	2082	2444	2380
AT5G47940	480	439	347	301	229	273
AT5G47950	2	1	3	0	1	0
AT5G47960	456	370	470	413	297	292
AT5G47970	553	493	559	456	414	415
AT5G47980	0	0	0	0	1	0
AT5G47990	0	0	0	1	1	0
AT5G48000	0	0	2	1	1	2
AT5G48010	4	3	1	1	0	1
AT5G48020	5283	4677	4706	1227	1066	1109
AT5G48030	1294	1236	1141	799	711	711
AT5G48040	158	132	103	87	81	85
AT5G48050	1	0	2	7	3	7
AT5G48060	19	32	24	37	43	27
AT5G48070	1	0	1	3	1	0
AT5G48090	3	2	0	9	3	7
AT5G48100	1	0	0	0	0	0
AT5G48110	2	2	3	0	3	0
AT5G48120	1596	1390	866	710	673	665
AT5G48150	1555	1348	1598	1864	1671	1344
AT5G48160	5492	4868	4595	4266	3261	3216
AT5G48170	28	45	53	38	44	34
AT5G48180	7122	6664	3677	1947	1649	1241
AT5G48190	0	0	2	1	1	4
AT5G48220	670	536	633	1354	1268	1357
AT5G48230	940	876	732	1441	1362	1328
AT5G48240	766	663	593	358	324	314
AT5G48250	1618	1462	644	340	312	1457
AT5G48290	99	93	55	12	11	13
AT5G48300	6851	6067	4634	7303	6204	6560
AT5G48310	26	19	27	108	98	84
AT5G48320	51	56	41	73	62	69
AT5G48330	285	303	250	215	226	218
AT5G48335	460	383	609	668	570	538
AT5G48340	336	288	342	367	275	267
AT5G48350	1	0	0	0	0	0
AT5G48360	197	145	229	533	488	402
AT5G48370	502	433	418	563	516	569
AT5G48375	1	0	0	0	1	0
AT5G48380	17213	15579	8622	11333	9611	10830
AT5G48385	7788	6931	4418	5247	4609	4691
AT5G48390	10	9	8	13	9	7
AT5G48400	284	190	81	55	44	33
AT5G48410	659	588	300	39	29	12
AT5G48412	869	749	1459	1576	1477	1406
AT5G48430	5	2	2	11	8	0
AT5G48440	624	565	511	689	603	669
AT5G48450	353	282	179	519	477	504
AT5G48460	103	75	136	644	491	642
AT5G48470	482	449	246	459	329	419
AT5G48480	629	617	739	391	394	387
AT5G48485	174	131	374	346	367	256
AT5G48490	30	35	304	517	554	246
AT5G48500	115	85	177	177	163	144
AT5G48520	388	367	310	488	452	391
AT5G48530	214	175	241	267	206	141
AT5G48540	552	539	736	766	662	521
AT5G48545	506	538	791	665	622	619
AT5G48550	20	18	28	65	64	31
AT5G48560	163	165	115	84	54	77
AT5G48570	366	272	147	213	198	193
AT5G48580	1030	1039	970	1408	1096	1071
AT5G48590	1067	1016	1450	1212	1024	1137
AT5G48600	231	224	155	440	320	268
AT5G48610	480	411	258	397	283	345
AT5G48620	5013	4321	3230	4283	3625	3860
AT5G48630	346	314	423	392	339	416
AT5G48640	383	319	382	312	245	267
AT5G48650	24	22	36	35	26	13
AT5G48655	1669	1537	1431	1066	1045	905
AT5G48657	3348	2927	2075	1669	1227	966
AT5G48660	339	305	285	523	433	422
AT5G48670	59	48	56	22	37	20
AT5G48680	521	483	567	311	276	268
AT5G48690	9	5	10	16	15	8
AT5G48710	0	1	0	3	4	4
AT5G48720	8623	7948	8044	258	188	244
AT5G48730	359	320	254	274	230	270
AT5G48740	10	5	14	23	19	24
AT5G48750	0	0	0	0	1	0
AT5G48760	1469	1395	1437	996	1012	937
AT5G48770	292	273	195	177	172	159
AT5G48775	181	181	155	131	122	103
AT5G48780	83	95	54	70	54	22
AT5G48790	963	933	1528	3285	2710	2887
AT5G48800	308	300	308	229	188	159
AT5G48810	3102	2829	3978	3894	3883	3505
AT5G48820	56	46	50	45	33	23
AT5G48830	430	368	318	816	655	749
AT5G48840	481	408	473	331	309	320
AT5G48850	78	46	104	202	205	118
AT5G48870	553	472	885	521	380	354
AT5G48880	1075	955	1340	2367	2159	1865
AT5G48890	1	4	0	0	0	0
AT5G48900	135	149	326	1261	1008	726
AT5G48910	311	290	364	565	465	467
AT5G48920	23	15	24	33	37	24
AT5G48930	2546	2228	2280	3598	3538	2656
AT5G48940	3	4	5	6	6	1
AT5G48950	9	4	5	4	3	3
AT5G48960	1046	899	646	1236	885	1006
AT5G48970	676	569	526	470	419	446
AT5G48980	9	9	3	5	2	1
AT5G48990	201	150	223	151	126	110
AT5G49000	189	166	156	118	110	73
AT5G49010	133	120	163	106	88	86
AT5G49015	376	345	647	315	273	322
AT5G49020	669	584	417	551	490	477
AT5G49030	1752	1645	1168	3561	3123	3331
AT5G49060	433	412	385	268	203	229
AT5G49070	39	34	32	13	11	8
AT5G49100	188	187	275	615	498	408
AT5G49110	1190	937	482	75	68	53
AT5G49120	20	14	24	21	22	4
AT5G49130	0	0	0	3	0	1
AT5G49138	0	0	0	3	0	1
AT5G49150	17	11	6	30	33	18
AT5G49152	21	14	18	38	40	25
AT5G49160	945	725	596	1069	870	761
AT5G49170	27	26	44	166	123	106
AT5G49180	0	0	0	0	1	0
AT5G49190	60	64	23	49	37	46
AT5G49200	92	111	41	6	7	3
AT5G49210	642	567	680	435	427	388
AT5G49215	95	94	154	416	415	487
AT5G49220	603	561	593	394	401	337
AT5G49230	385	330	461	391	306	277
AT5G49270	160	153	64	0	0	0
AT5G49280	1893	1753	1303	1444	1242	901
AT5G49290	88	63	50	32	44	52
AT5G49300	155	133	167	94	75	43
AT5G49310	2	0	0	1	0	1
AT5G49320	5	8	11	14	12	11
AT5G49330	1	2	3	20	16	22
AT5G49340	0	1	2	0	0	1
AT5G49350	19	6	23	0	0	1
AT5G49360	6610	6496	8236	8843	8225	7847
AT5G49370	5	3	1	10	10	8
AT5G49380	4	3	5	18	17	16
AT5G49390	20	21	36	101	72	83
AT5G49400	780	613	860	642	506	513
AT5G49410	224	211	159	129	119	117
AT5G49420	2	4	7	0	0	0
AT5G49430	906	761	465	917	764	908
AT5G49440	2358	2295	2378	3659	3267	3078
AT5G49448	563	490	913	777	749	609
AT5G49450	563	490	913	777	749	609
AT5G49460	734	650	622	1423	1288	1160
AT5G49470	742	671	482	705	627	593
AT5G49480	10860	9968	15778	1137	852	566
AT5G49500	172	162	134	148	99	105
AT5G49510	780	798	830	1038	798	794
AT5G49520	8804	8086	5549	1808	1454	1605
AT5G49525	52	49	76	46	60	47
AT5G49530	1060	1001	667	798	598	574
AT5G49540	968	906	1042	806	744	750
AT5G49550	228	204	360	187	193	167
AT5G49555	863	746	759	1254	1059	1029
AT5G49560	144	123	147	53	39	31
AT5G49570	2149	2011	1509	1198	1100	1118
AT5G49580	1113	1036	842	1065	841	806
AT5G49600	8	8	6	2	2	0
AT5G49610	200	189	218	167	132	135
AT5G49615	0	0	0	0	6	0
AT5G49620	6	3	5	1	1	3
AT5G49630	2342	2054	2074	1713	1591	1489
AT5G49640	942	848	1398	817	876	904
AT5G49650	1931	1602	1322	1927	1618	1769
AT5G49660	834	842	674	986	834	850
AT5G49665	221	230	142	221	199	178
AT5G49680	281	237	104	273	233	201
AT5G49690	42	48	30	12	4	3
AT5G49700	263	240	246	50	41	20
AT5G49710	435	332	469	410	380	350
AT5G49720	6037	5403	5317	10202	8752	8877
AT5G49730	3309	2996	6232	15326	13112	7748
AT5G49740	3302	2955	4695	6834	5765	3428
AT5G49760	7026	6203	4170	6509	5401	5441
AT5G49770	1	0	3	3	0	0
AT5G49780	2	10	1	5	8	3
AT5G49800	12	4	26	34	36	35
AT5G49810	2901	2605	1736	2074	1873	1936
AT5G49820	1059	864	764	1056	938	992
AT5G49830	1849	1667	1144	1609	1469	1434
AT5G49840	736	622	482	820	714	715
AT5G49850	5	7	10	3	1	5
AT5G49880	863	766	558	682	619	491
AT5G49890	1834	1648	1206	1564	1278	1288
AT5G49900	1118	972	352	1084	938	1080
AT5G49910	6388	5695	3569	5533	4318	4907
AT5G49920	13	2	4	5	3	6
AT5G49930	1629	1345	802	900	856	708
AT5G49940	1549	1411	1587	2359	2008	2199
AT5G49945	566	494	445	501	469	517
AT5G49950	797	767	646	570	441	455
AT5G49960	195	166	135	476	341	359
AT5G49970	1887	1629	1729	2136	1814	1921
AT5G49980	2100	1864	1713	2736	2357	2452
AT5G49990	961	846	841	364	290	275
AT5G50000	804	736	894	1748	1512	1477
AT5G50010	16	18	55	109	96	80
AT5G50011	16	18	55	109	96	80
AT5G50012	16	18	55	109	96	80
AT5G50020	498	418	370	591	527	528
AT5G50030	2	2	1	2	0	0
AT5G50040	0	0	0	2	0	0
AT5G50060	0	0	0	1	2	2
AT5G50080	1	0	0	0	0	0
AT5G50090	11	17	33	41	34	32
AT5G50100	655	580	815	784	622	451
AT5G50110	145	145	109	242	189	198
AT5G50120	2	2	4	5	5	6
AT5G50130	302	301	386	157	106	146
AT5G50136	0	0	0	0	0	1
AT5G50140	1	0	0	4	0	0
AT5G50150	261	271	333	417	339	342
AT5G50160	1732	1539	1559	1739	1441	1600
AT5G50170	233	241	153	245	235	239
AT5G50180	461	398	544	927	830	827
AT5G50200	1417	1241	1178	644	503	451
AT5G50210	692	596	456	931	839	819
AT5G50220	0	0	0	1	0	0
AT5G50230	798	686	652	604	446	412
AT5G50240	172	158	195	128	113	97
AT5G50250	2570	2389	2327	2205	1643	1952
AT5G50260	692	587	286	11	9	7
AT5G50270	6	9	7	0	0	0
AT5G50280	404	337	285	570	519	525
AT5G50290	4	7	13	14	7	5
AT5G50300	5	2	9	2	0	2
AT5G50310	1558	1353	843	1225	968	857
AT5G50320	1437	1273	1184	771	677	699
AT5G50330	825	718	705	217	187	213
AT5G50335	38	18	92	175	235	130
AT5G50340	751	624	529	613	481	439
AT5G50350	555	493	412	406	321	297
AT5G50360	57	51	25	8	7	7
AT5G50361	4	1	3	0	0	0
AT5G50370	310	297	284	521	378	348
AT5G50375	195	180	203	433	480	519
AT5G50380	2214	2019	1573	1351	1067	1035
AT5G50390	117	121	41	152	129	129
AT5G50400	821	721	693	869	920	799
AT5G50410	664	610	610	255	265	260
AT5G50420	296	270	228	562	572	638
AT5G50430	1627	1505	1615	1257	1080	1065
AT5G50440	162	179	201	161	159	181
AT5G50450	1309	1216	1716	833	714	1312
AT5G50460	1469	1325	1629	1062	1074	1063
AT5G50470	0	0	1	0	0	0
AT5G50510	0	1	0	0	0	0
AT5G50520	745	736	506	269	329	408
AT5G50530	775	539	512	549	527	487
AT5G50540	115	24	29	14	59	46
AT5G50550	208	269	304	207	196	143
AT5G50560	12	16	12	2	7	0
AT5G50562	6	11	15	3	7	1
AT5G50565	306	440	494	131	256	199
AT5G50570	1903	1745	1170	1633	1433	1102
AT5G50580	765	1234	665	479	547	179
AT5G50590	1	3	4	1	1	3
AT5G50600	13	5	17	0	0	0
AT5G50610	1	1	2	0	1	0
AT5G50630	862	740	604	426	357	376
AT5G50640	1114	1157	498	588	388	608
AT5G50645	55	122	21	82	28	50
AT5G50650	485	288	102	114	118	168
AT5G50660	9	6	15	5	0	1
AT5G50665	466	213	313	367	135	230
AT5G50670	2463	2080	1310	1499	1350	1287
AT5G50680	887	228	702	364	181	624
AT5G50690	5	0	1	3	0	0
AT5G50700	11	7	12	2	0	0
AT5G50710	0	1	1	0	0	0
AT5G50720	130	134	194	116	111	94
AT5G50740	73	54	154	748	564	531
AT5G50750	1	0	1	3	5	1
AT5G50760	69	53	21	8	10	10
AT5G50770	3	2	0	0	0	0
AT5G50780	705	596	461	570	471	489
AT5G50790	0	2	2	1	0	0
AT5G50800	18	17	32	73	65	35
AT5G50810	826	752	846	487	469	427
AT5G50820	2	3	8	13	17	6
AT5G50830	0	0	0	1	0	0
AT5G50840	910	809	792	512	451	452
AT5G50850	4803	4279	3424	3975	3669	3650
AT5G50860	1255	1172	881	997	858	817
AT5G50870	1494	1307	1642	1079	971	814
AT5G50890	285	181	136	266	254	219
AT5G50900	1509	1337	889	1079	897	876
AT5G50915	489	448	258	997	767	1018
AT5G50920	53034	47994	35468	61275	50185	50338
AT5G50930	95	77	108	32	36	40
AT5G50940	95	89	112	86	49	40
AT5G50950	2691	2311	3514	11590	11232	10626
AT5G50960	2769	2495	2250	1319	1169	1214
AT5G50970	345	312	272	365	359	310
AT5G50990	42	33	40	85	52	62
AT5G51000	1	0	0	0	0	0
AT5G51010	1060	1024	1722	1905	1750	1929
AT5G51020	1129	971	1369	1930	1609	1617
AT5G51030	10	7	28	9	12	10
AT5G51040	1740	1576	1666	660	652	575
AT5G51050	497	434	373	432	329	356
AT5G51060	17	12	5	32	30	18
AT5G51070	26318	23318	11566	10180	8738	9098
AT5G51080	118	121	153	125	90	75
AT5G51090	0	1	1	0	0	0
AT5G51100	500	480	439	569	413	475
AT5G51105	3	3	1	2	3	0
AT5G51110	2215	2000	2710	5039	4394	4625
AT5G51120	1071	1024	954	699	579	558
AT5G51130	469	381	364	151	111	114
AT5G51140	639	605	625	1019	837	851
AT5G51150	751	751	811	724	638	635
AT5G51160	12	14	8	2	9	1
AT5G51170	314	225	322	170	161	163
AT5G51174	1	6	6	3	1	1
AT5G51180	1062	1055	1133	917	728	777
AT5G51190	2079	2059	3184	4736	3603	3203
AT5G51200	2089	1898	925	1535	1328	1238
AT5G51210	1	0	2	3	4	3
AT5G51220	766	676	613	361	283	286
AT5G51230	1178	1001	825	832	777	779
AT5G51260	597	490	646	252	242	193
AT5G51270	0	1	2	5	3	1
AT5G51280	1354	1211	1021	704	622	667
AT5G51290	1377	1307	1089	1095	991	938
AT5G51300	2749	2514	1362	1537	1408	1401
AT5G51310	10	6	11	22	17	13
AT5G51330	2	1	0	9	7	4
AT5G51340	1461	1251	815	961	906	875
AT5G51350	106	71	87	176	188	192
AT5G51370	286	228	239	318	283	280
AT5G51380	24	27	28	93	78	61
AT5G51390	160	152	390	283	233	226
AT5G51400	1677	1392	1818	1770	1683	1582
AT5G51410	1145	1033	967	795	699	637
AT5G51420	1	1	1	0	2	0
AT5G51430	2733	2460	1754	1568	1333	1490
AT5G51440	657	578	385	13	17	17
AT5G51450	608	563	494	476	471	434
AT5G51451	25	17	27	21	24	32
AT5G51460	227	182	310	400	317	258
AT5G51470	9	10	4	5	4	6
AT5G51480	102	121	22	96	68	74
AT5G51490	3	0	1	0	0	0
AT5G51510	712	712	751	465	416	399
AT5G51530	6	5	2	7	6	5
AT5G51540	427	339	201	225	157	166
AT5G51545	837	771	1024	1027	785	999
AT5G51550	2125	2072	2722	1507	1258	1766
AT5G51560	178	146	299	513	476	423
AT5G51570	2832	2506	1867	986	923	1324
AT5G51580	468	402	864	30	37	37
AT5G51590	148	140	129	79	91	58
AT5G51600	78	49	87	184	138	150
AT5G51610	0	0	0	2	4	2
AT5G51620	737	657	977	719	607	582
AT5G51630	587	507	287	326	296	293
AT5G51640	1298	1105	884	588	441	462
AT5G51660	953	907	444	797	696	754
AT5G51670	29	12	49	124	96	83
AT5G51680	402	306	390	418	334	339
AT5G51690	735	599	510	728	631	612
AT5G51700	631	633	624	410	348	344
AT5G51710	830	695	542	431	411	355
AT5G51720	95	85	457	789	863	705
AT5G51730	1228	1035	1096	381	320	301
AT5G51740	1005	861	662	275	240	231
AT5G51750	366	319	471	814	721	565
AT5G51760	4	0	0	5	1	3
AT5G51770	472	419	276	153	149	164
AT5G51780	1	2	3	6	4	6
AT5G51790	7	4	24	79	104	134
AT5G51795	31	16	17	48	37	55
AT5G51800	1	8	0	3	2	4
AT5G51810	1	0	0	3	9	4
AT5G51820	2743	2583	2002	3410	2958	4366
AT5G51830	801	693	632	515	455	520
AT5G51840	330	295	301	513	391	388
AT5G51850	4	3	26	65	41	31
AT5G51870	2	1	0	5	0	0
AT5G51880	779	642	903	666	510	511
AT5G51890	93	82	130	144	129	142
AT5G51900	0	1	0	1	0	0
AT5G51910	59	65	59	108	73	54
AT5G51920	78	83	41	28	30	36
AT5G51940	1114	967	1321	615	468	503
AT5G51950	8	10	10	11	13	2
AT5G51960	255	252	363	239	239	242
AT5G51970	3376	3004	3593	3531	3176	3648
AT5G51980	1066	983	708	857	806	770
AT5G51990	99	96	117	167	145	191
AT5G52000	14	12	3	3	5	6
AT5G52010	409	390	354	588	388	451
AT5G52020	998	959	666	273	211	292
AT5G52030	349	322	333	583	479	474
AT5G52040	3651	3405	2881	3178	2439	2171
AT5G52050	6407	5904	2685	5221	4634	3838
AT5G52060	1050	919	963	2266	1972	1458
AT5G52070	435	359	476	262	173	186
AT5G52100	364	322	636	1196	1034	1249
AT5G52110	425	360	489	568	534	593
AT5G52120	378	341	533	353	295	232
AT5G52170	30	29	26	21	15	6
AT5G52180	328	238	242	339	295	316
AT5G52190	330	271	395	430	354	456
AT5G52200	1091	961	989	813	671	649
AT5G52210	641	609	574	594	444	471
AT5G52220	32	21	41	23	28	29
AT5G52230	254	239	214	344	229	236
AT5G52240	2576	2298	3030	2742	2618	2399
AT5G52250	35	25	54	123	108	83
AT5G52260	0	0	1	0	0	0
AT5G52270	2	1	3	4	2	5
AT5G52280	187	161	178	778	596	665
AT5G52290	14	12	4	15	11	11
AT5G52300	111	77	30	45	43	11
AT5G52310	5682	5100	3060	9947	7977	8506
AT5G52320	957	850	595	1891	1596	1316
AT5G52330	6	3	5	1	1	7
AT5G52340	5	4	4	15	10	10
AT5G52350	2	0	1	0	0	0
AT5G52370	514	437	502	441	414	435
AT5G52380	266	243	236	159	111	109
AT5G52390	180	165	330	127	131	95
AT5G52400	20	16	12	45	45	11
AT5G52410	527	449	322	384	298	320
AT5G52420	879	796	1227	485	349	284
AT5G52430	509	490	338	637	506	566
AT5G52440	1860	1704	2120	3983	3107	3300
AT5G52450	1534	1320	1233	738	774	637
AT5G52470	6388	5872	4948	2903	2828	2310
AT5G52510	940	905	799	1092	912	701
AT5G52520	1354	1335	1106	1803	1343	1435
AT5G52530	4580	4027	2167	2977	2439	2286
AT5G52540	2139	2045	1237	1641	1566	1599
AT5G52545	85	83	125	64	53	61
AT5G52547	12	16	32	27	29	15
AT5G52550	895	716	804	725	580	539
AT5G52552	895	716	804	725	580	539
AT5G52560	953	774	677	1126	986	876
AT5G52570	39	32	104	219	166	53
AT5G52580	2514	2178	1578	1932	1542	1501
AT5G52600	10	11	8	22	14	4
AT5G52630	116	113	90	115	79	82
AT5G52640	1468	1282	624	277	248	263
AT5G52650	3488	3354	3200	2850	2828	2485
AT5G52660	581	489	499	380	320	287
AT5G52680	0	0	0	1	0	0
AT5G52710	7	9	14	5	8	6
AT5G52720	88	72	117	51	31	17
AT5G52730	14	8	8	10	8	8
AT5G52740	104	94	136	61	56	44
AT5G52750	14314	12873	15384	7134	6354	5212
AT5G52760	8324	7417	6606	2632	2382	2044
AT5G52770	12	10	26	3	1	3
AT5G52780	913	735	1280	809	708	769
AT5G52790	53	45	62	23	13	20
AT5G52797	2	3	0	0	0	0
AT5G52800	52	53	23	38	37	35
AT5G52810	646	617	461	591	501	439
AT5G52820	2417	2086	1837	978	830	765
AT5G52830	68	61	74	42	45	50
AT5G52840	1157	1111	1117	1989	1961	1989
AT5G52850	153	128	78	91	83	99
AT5G52860	90	71	89	101	89	46
AT5G52870	405	360	475	351	306	247
AT5G52880	680	617	625	411	300	308
AT5G52882	682	570	611	1574	1190	1872
AT5G52890	324	299	302	138	120	83
AT5G52900	861	757	1745	301	302	158
AT5G52910	560	512	533	228	198	144
AT5G52920	6973	6199	4321	3569	3144	3037
AT5G52930	57	58	116	46	59	55
AT5G52940	16	28	9	14	12	16
AT5G52950	262	250	184	118	95	91
AT5G52960	555	429	853	1301	1028	1086
AT5G52965	0	0	0	1	0	0
AT5G52970	279	275	535	1747	1565	1796
AT5G52975	0	1	0	0	0	1
AT5G52980	378	381	339	265	209	207
AT5G52990	85	98	76	57	55	38
AT5G53000	1300	1140	1016	974	779	832
AT5G53010	846	718	449	613	474	470
AT5G53020	227	191	200	471	346	388
AT5G53030	133	142	155	98	60	85
AT5G53045	180	170	216	165	160	144
AT5G53048	1551	1222	1639	1378	1199	1103
AT5G53050	2663	2231	2324	2485	2112	1791
AT5G53060	895	810	677	720	739	630
AT5G53070	282	272	273	269	289	280
AT5G53080	173	193	142	217	189	189
AT5G53090	86	49	62	93	98	86
AT5G53100	0	0	0	3	2	2
AT5G53110	275	255	153	86	88	67
AT5G53120	2281	2105	1945	1224	1088	758
AT5G53130	3500	3137	2342	3240	2774	2689
AT5G53140	2696	2492	1972	4321	3474	3625
AT5G53144	11	11	0	11	8	13
AT5G53150	597	567	389	631	468	492
AT5G53160	2502	2120	2945	1880	1640	1708
AT5G53170	3598	3316	3294	3398	2913	2763
AT5G53180	1449	1291	1186	614	624	656
AT5G53200	8	3	15	30	17	6
AT5G53210	14	24	25	71	53	32
AT5G53220	330	239	247	310	182	222
AT5G53230	9	7	13	0	0	0
AT5G53240	0	0	0	1	1	0
AT5G53250	1	2	0	10	9	11
AT5G53280	192	180	276	299	280	270
AT5G53290	319	303	184	153	125	80
AT5G53300	13275	12022	16718	14344	12571	10967
AT5G53310	1073	979	1183	1378	1053	1042
AT5G53320	58	65	44	25	22	9
AT5G53330	1265	1200	1459	890	837	797
AT5G53340	620	535	481	571	459	437
AT5G53350	6480	5872	5750	4801	4016	3669
AT5G53360	702	590	703	282	266	237
AT5G53370	2301	2235	1698	2947	2480	1967
AT5G53390	0	0	0	0	1	3
AT5G53400	930	798	860	561	490	401
AT5G53420	1709	1485	1950	1086	830	739
AT5G53430	399	356	231	386	321	359
AT5G53440	1651	1385	941	1533	1195	1133
AT5G53450	2775	2341	2113	3751	3051	3150
AT5G53460	8965	8178	3981	15333	12877	14161
AT5G53470	643	574	623	410	429	429
AT5G53480	4887	4342	2419	4540	3672	3942
AT5G53486	23	28	58	68	78	62
AT5G53490	1254	1123	1822	5270	4084	4723
AT5G53500	553	421	436	1420	1284	1570
AT5G53520	3	0	0	0	0	0
AT5G53530	1180	1049	1065	926	724	818
AT5G53540	1551	1355	1274	857	787	798
AT5G53550	3064	2647	2474	2533	2312	2382
AT5G53560	3760	3407	4315	3651	3270	3037
AT5G53570	2699	2359	2033	2068	1812	1886
AT5G53580	922	857	1215	1554	1426	1597
AT5G53588	591	478	507	246	210	187
AT5G53590	591	478	507	246	210	187
AT5G53592	8	8	31	35	27	33
AT5G53600	0	0	0	0	1	0
AT5G53620	1765	1578	1019	1285	1170	1235
AT5G53640	0	1	1	0	0	0
AT5G53650	358	281	506	252	297	261
AT5G53660	5	9	10	19	14	5
AT5G53680	1	1	1	2	1	0
AT5G53700	43	20	32	2	3	2
AT5G53710	6	7	5	0	1	0
AT5G53720	6	7	4	0	0	0
AT5G53730	1372	1189	1182	135	112	121
AT5G53740	104	115	207	25	34	28
AT5G53742	0	0	0	2	0	0
AT5G53750	312	287	207	614	476	345
AT5G53760	219	204	187	331	269	206
AT5G53770	600	552	443	381	293	269
AT5G53780	0	1	0	0	0	0
AT5G53800	763	692	585	607	438	443
AT5G53810	68	78	68	84	79	63
AT5G53820	202	178	118	15	12	14
AT5G53830	666	584	649	525	340	302
AT5G53850	2765	2362	2388	2389	2059	2154
AT5G53860	1407	1231	1444	2152	1948	2077
AT5G53870	832	745	321	148	133	78
AT5G53880	385	319	574	988	687	865
AT5G53890	382	332	321	397	330	381
AT5G53895	17	12	12	11	9	7
AT5G53900	718	640	676	449	425	387
AT5G53902	82	109	156	15	30	28
AT5G53905	82	109	156	15	30	28
AT5G53920	248	212	154	91	98	83
AT5G53930	466	365	402	402	305	319
AT5G53940	468	425	776	602	504	537
AT5G53950	6	4	6	5	10	1
AT5G53960	1	2	0	0	0	0
AT5G53970	2034	1858	1782	652	539	264
AT5G53980	1	1	8	4	4	1
AT5G53990	1	1	0	2	1	1
AT5G54000	2	1	0	0	0	0
AT5G54020	1	1	3	4	1	1
AT5G54030	6	3	6	1	1	1
AT5G54040	16	6	4	1	0	1
AT5G54050	0	0	0	1	0	0
AT5G54060	38	38	78	101	96	47
AT5G54067	1	8	3	2	1	2
AT5G54070	97	114	142	24	22	27
AT5G54075	97	114	142	24	22	27
AT5G54080	2440	2136	2144	1236	1116	959
AT5G54090	516	510	501	493	470	463
AT5G54095	2	0	2	0	1	1
AT5G54100	668	669	476	279	188	172
AT5G54110	1675	1547	1519	1433	1105	811
AT5G54130	198	180	265	189	160	80
AT5G54140	315	292	304	131	117	106
AT5G54145	220	200	500	124	172	199
AT5G54148	35	21	41	25	14	33
AT5G54150	0	2	0	0	2	0
AT5G54160	5429	5026	4219	5056	4492	3356
AT5G54165	58	52	67	13	12	10
AT5G54170	5134	4613	4763	4377	3515	2759
AT5G54180	317	292	300	295	319	359
AT5G54190	193	152	519	1110	834	564
AT5G54200	205	167	194	513	458	399
AT5G54220	0	0	1	0	0	0
AT5G54230	9	9	13	3	2	4
AT5G54240	18	26	18	32	24	22
AT5G54250	1512	1446	976	1295	1094	1138
AT5G54260	172	164	172	239	174	188
AT5G54270	27244	24802	79099	194736	206835	179672
AT5G54280	464	394	616	1105	934	805
AT5G54290	1615	1564	1480	2183	1895	2028
AT5G54300	268	241	462	477	342	268
AT5G54310	2896	2577	2379	3301	2694	2481
AT5G54370	0	0	0	0	1	1
AT5G54380	2399	2088	985	2142	1726	2511
AT5G54390	2302	2154	2165	3317	2977	2733
AT5G54400	17	18	23	18	20	10
AT5G54430	3037	2781	2547	1846	1665	1451
AT5G54440	1526	1227	673	1686	1492	1531
AT5G54450	7	3	4	2	0	0
AT5G54470	189	174	357	394	309	137
AT5G54490	947	890	1560	1417	1377	1071
AT5G54500	3308	3049	2605	3955	2883	3240
AT5G54510	1000	904	600	624	564	473
AT5G54520	192	164	164	147	94	123
AT5G54530	32	41	102	161	148	122
AT5G54540	3526	3227	3948	3395	3499	3294
AT5G54550	2	0	0	1	0	0
AT5G54560	3	0	2	0	0	1
AT5G54569	111	94	106	115	93	83
AT5G54570	88	75	61	71	61	54
AT5G54580	814	769	686	709	596	602
AT5G54585	17	15	134	331	297	205
AT5G54590	229	206	152	297	277	243
AT5G54600	3461	3174	4800	8572	6964	7642
AT5G54610	1585	1363	1393	846	758	654
AT5G54620	4	5	2	5	7	3
AT5G54630	294	229	302	708	511	529
AT5G54640	1064	942	1788	315	339	278
AT5G54650	442	402	260	416	371	363
AT5G54660	230	207	296	221	178	160
AT5G54670	85	87	87	203	181	144
AT5G54680	3546	3180	3270	2949	2630	2468
AT5G54690	7	17	37	24	24	13
AT5G54700	103	82	27	24	25	35
AT5G54710	6128	5606	2452	4373	3742	3722
AT5G54720	1530	1312	306	942	738	667
AT5G54730	1918	1824	1157	1529	1273	1184
AT5G54750	879	746	862	644	625	596
AT5G54760	3079	2837	2946	3268	2996	3094
AT5G54770	53736	47656	49964	72118	71198	88298
AT5G54780	445	444	367	302	252	254
AT5G54800	966	904	936	888	839	796
AT5G54810	10026	9685	8345	16193	13837	10892
AT5G54820	0	1	0	0	0	0
AT5G54830	1024	829	601	723	597	589
AT5G54840	593	449	582	240	183	174
AT5G54850	132	122	151	172	167	130
AT5G54855	392	378	585	540	514	400
AT5G54860	1295	1143	723	898	773	761
AT5G54870	2319	1994	1585	1150	1009	907
AT5G54880	104	86	112	98	79	75
AT5G54890	175	183	227	207	171	218
AT5G54900	3360	3012	2273	1445	1368	1274
AT5G54910	667	535	408	281	213	242
AT5G54920	531	493	313	416	311	291
AT5G54930	700	557	424	202	184	322
AT5G54940	16106	14366	18041	16571	12412	12606
AT5G54950	6	1	6	1	2	1
AT5G54960	8537	8022	6786	5851	5253	6348
AT5G54970	506	461	574	262	276	222
AT5G54980	719	567	957	582	546	546
AT5G54990	1	3	0	0	1	2
AT5G55000	778	714	964	421	390	375
AT5G55010	26	22	18	11	14	10
AT5G55020	4	7	3	2	4	1
AT5G55040	2329	2127	1084	1684	1399	1502
AT5G55050	738	687	593	342	292	323
AT5G55060	677	614	560	706	587	557
AT5G55070	5422	4853	2971	2370	2236	2078
AT5G55090	5	4	6	6	5	8
AT5G55100	2202	1955	1236	1627	1354	1442
AT5G55110	0	0	0	1	0	0
AT5G55120	787	665	840	1456	1365	850
AT5G55125	303	263	302	321	274	246
AT5G55130	1250	1105	910	657	638	601
AT5G55140	447	379	471	449	483	403
AT5G55150	508	420	381	3	0	3
AT5G55160	2504	2297	3005	1828	1768	1574
AT5G55170	88	83	103	43	44	42
AT5G55180	436	399	376	461	385	381
AT5G55190	4753	4253	4330	2880	2981	2654
AT5G55200	756	682	601	223	203	222
AT5G55210	867	722	1127	658	574	561
AT5G55220	1565	1408	1394	4042	3130	3695
AT5G55230	1761	1524	1395	2965	2535	3208
AT5G55250	15	14	25	85	67	31
AT5G55260	503	423	537	487	428	409
AT5G55270	14	10	8	2	0	0
AT5G55280	1388	1244	1197	1892	1713	1823
AT5G55290	504	423	511	742	749	758
AT5G55300	1883	1558	1155	1899	1555	1389
AT5G55310	2103	1863	1107	1458	1219	1057
AT5G55330	1	0	0	0	2	2
AT5G55340	6	4	5	26	19	12
AT5G55350	2	0	0	0	1	0
AT5G55360	2	1	0	0	0	0
AT5G55370	0	0	0	1	0	0
AT5G55380	21	23	19	74	86	70
AT5G55390	1961	1655	1188	1712	1451	1268
AT5G55400	679	596	406	599	477	460
AT5G55410	31	37	43	4	4	7
AT5G55430	2	0	0	0	0	0
AT5G55440	2	4	10	0	1	1
AT5G55450	981	938	1266	1121	1182	994
AT5G55460	686	668	717	510	476	465
AT5G55470	73	61	54	114	84	83
AT5G55480	171	169	143	575	556	613
AT5G55490	1639	1407	1463	32	40	37
AT5G55500	980	863	687	788	672	649
AT5G55507	2	2	0	0	0	3
AT5G55510	370	351	398	279	247	293
AT5G55520	47	26	38	154	124	111
AT5G55530	2149	1809	1658	970	932	939
AT5G55540	410	443	351	815	665	662
AT5G55550	478	426	447	486	407	473
AT5G55560	705	651	577	258	218	155
AT5G55570	3	4	9	9	14	11
AT5G55580	409	318	336	420	448	467
AT5G55590	9	5	14	4	4	2
AT5G55600	1448	1250	919	1430	1142	1235
AT5G55610	1211	1104	1053	864	777	710
AT5G55620	166	117	396	610	524	427
AT5G55630	713	657	783	799	733	769
AT5G55640	257	224	385	261	236	200
AT5G55650	2	3	2	0	3	4
AT5G55660	2771	2452	1750	2271	1708	1605
AT5G55670	1268	1115	710	907	767	679
AT5G55680	5	3	2	5	7	13
AT5G55690	0	0	0	0	1	0
AT5G55700	854	776	935	694	606	565
AT5G55710	846	830	1128	1438	1330	1465
AT5G55720	2	2	13	44	47	32
AT5G55730	105	94	184	819	823	570
AT5G55740	216	225	202	463	400	497
AT5G55750	2	0	2	4	0	1
AT5G55760	193	196	186	131	117	112
AT5G55770	1	0	0	0	0	0
AT5G55780	1	1	2	3	0	3
AT5G55790	163	150	224	223	210	232
AT5G55800	0	1	0	0	0	0
AT5G55810	143	122	142	178	150	126
AT5G55820	119	84	70	224	155	133
AT5G55830	14	12	11	33	18	21
AT5G55835	0	2	1	0	0	0
AT5G55840	247	202	129	197	215	208
AT5G55850	3110	2609	3173	2315	2125	1965
AT5G55855	0	0	1	0	0	0
AT5G55860	1355	1141	1038	1139	940	811
AT5G55893	0	1	0	2	0	1
AT5G55900	125	95	131	105	89	77
AT5G55910	2500	2228	2545	2256	2119	2204
AT5G55920	2034	1759	948	905	667	652
AT5G55930	968	902	806	550	500	610
AT5G55940	1125	1012	1222	1019	935	950
AT5G55950	8	6	29	41	35	37
AT5G55960	1281	1147	944	1333	1168	1298
AT5G55970	652	574	1111	722	749	496
AT5G55980	1	3	4	0	0	0
AT5G55990	993	836	1063	1355	1093	1325
AT5G56000	1333	1175	812	600	550	592
AT5G56010	13629	12166	6910	4006	3463	3648
AT5G56020	403	287	363	319	310	278
AT5G56030	13948	12419	6920	4138	3698	3912
AT5G56040	286	281	181	593	470	579
AT5G56050	95	86	120	29	37	22
AT5G56060	3	1	2	0	2	0
AT5G56075	1	1	0	0	0	0
AT5G56090	343	317	248	223	195	184
AT5G56100	78	67	212	345	266	216
AT5G56110	0	2	0	0	0	0
AT5G56120	35	47	67	167	139	116
AT5G56130	605	538	502	368	328	301
AT5G56140	2362	2217	2060	2218	2150	2179
AT5G56150	2468	2318	2204	1220	990	871
AT5G56160	419	373	246	203	194	152
AT5G56170	3913	3526	3074	3690	3356	3211
AT5G56180	1975	1822	1461	959	867	809
AT5G56190	1452	1260	1170	993	932	825
AT5G56200	8	5	7	0	0	2
AT5G56210	430	409	430	782	547	472
AT5G56220	92	69	93	222	180	158
AT5G56230	64	66	88	60	69	88
AT5G56240	1972	1697	1225	1388	1086	1169
AT5G56250	1779	1579	949	1173	939	885
AT5G56260	1522	1481	1485	1677	1374	1336
AT5G56270	1049	934	668	801	701	636
AT5G56280	1044	889	815	685	625	600
AT5G56290	2282	2145	1524	2018	1750	1598
AT5G56300	0	1	3	13	6	6
AT5G56310	153	164	54	72	62	88
AT5G56320	24	29	30	22	33	18
AT5G56325	0	0	0	1	0	0
AT5G56340	1436	1235	1343	1187	1061	1101
AT5G56350	5965	5413	3741	1761	1780	1721
AT5G56360	1618	1344	998	1962	1476	1523
AT5G56370	72	63	112	60	42	58
AT5G56380	627	566	592	520	505	514
AT5G56410	1	0	0	0	0	0
AT5G56420	336	288	299	141	149	112
AT5G56440	0	0	0	0	0	1
AT5G56450	125	96	92	114	94	105
AT5G56460	254	197	275	120	94	88
AT5G56490	10	13	20	65	34	29
AT5G56500	684	496	500	660	537	414
AT5G56510	226	172	86	0	2	0
AT5G56520	191	142	264	198	172	192
AT5G56530	96	108	157	293	252	186
AT5G56540	5	5	13	10	13	11
AT5G56550	396	348	861	258	183	160
AT5G56570	0	0	0	0	0	1
AT5G56580	84	78	39	86	80	69
AT5G56590	163	139	198	323	300	236
AT5G56600	1458	1392	1559	688	703	639
AT5G56610	192	206	210	199	167	170
AT5G56620	3	7	5	6	2	4
AT5G56630	2138	1874	1375	1080	898	913
AT5G56650	839	772	899	847	800	754
AT5G56660	1100	974	1005	835	824	738
AT5G56670	2627	2411	3042	2594	2131	1908
AT5G56680	3300	3068	2413	1846	1699	1694
AT5G56700	96	89	106	7	8	7
AT5G56710	2617	2491	2933	4154	3312	2851
AT5G56720	15	8	19	33	23	16
AT5G56730	621	563	322	596	544	479
AT5G56740	851	777	876	452	380	280
AT5G56750	610	542	538	890	750	807
AT5G56760	1534	1419	1658	2370	2200	1828
AT5G56770	0	1	0	1	0	0
AT5G56780	168	142	171	176	148	123
AT5G56790	379	350	320	392	346	342
AT5G56795	147	172	286	95	88	35
AT5G56800	0	1	0	2	0	0
AT5G56810	43	38	53	31	38	22
AT5G56840	4	3	23	70	73	61
AT5G56850	576	514	826	1706	1265	1089
AT5G56860	391	392	503	394	336	219
AT5G56870	2538	2223	2896	2027	1975	1502
AT5G56880	3	5	4	12	13	8
AT5G56890	618	564	486	1556	1227	1005
AT5G56900	1104	987	799	950	822	733
AT5G56910	630	550	642	278	278	309
AT5G56930	475	369	317	343	288	251
AT5G56940	652	667	761	565	503	463
AT5G56950	1143	1050	778	1171	958	1073
AT5G56960	57	42	41	34	49	33
AT5G56970	14	4	6	4	7	7
AT5G56980	5521	5141	3322	5015	3906	2483
AT5G56990	147	154	162	128	104	79
AT5G57000	221	151	279	242	210	211
AT5G57010	1006	845	401	352	303	235
AT5G57015	1996	1770	1135	1385	1163	1105
AT5G57020	2321	2103	1789	1917	1677	1698
AT5G57030	787	732	791	2173	1886	1798
AT5G57035	2204	1895	1356	1459	1286	1380
AT5G57040	1608	1457	2371	3507	3086	2670
AT5G57050	530	485	554	418	350	247
AT5G57060	390	378	469	350	308	311
AT5G57070	470	460	355	434	412	341
AT5G57080	56	56	56	36	23	30
AT5G57090	5	6	6	6	4	3
AT5G57100	706	614	529	561	468	528
AT5G57110	4353	3955	1466	1375	1172	3856
AT5G57120	1291	1145	1169	1234	1020	857
AT5G57123	47	66	65	61	41	60
AT5G57130	352	281	219	414	330	303
AT5G57140	180	197	98	197	167	140
AT5G57150	2381	2087	2125	700	674	535
AT5G57160	905	721	546	719	620	534
AT5G57170	208	174	363	501	424	429
AT5G57180	1495	1221	1622	1320	968	834
AT5G57181	1	0	3	1	0	0
AT5G57190	88	91	80	72	78	58
AT5G57210	410	398	340	529	433	440
AT5G57220	2394	2078	1945	3049	2659	1926
AT5G57230	242	240	194	165	137	162
AT5G57240	173	181	266	162	110	114
AT5G57250	541	517	363	497	368	403
AT5G57270	759	654	555	670	622	640
AT5G57280	651	619	523	310	216	252
AT5G57290	3387	3197	3338	1679	2413	2000
AT5G57300	359	325	417	483	405	379
AT5G57310	8	3	2	3	2	3
AT5G57320	83	69	56	90	68	60
AT5G57330	2213	2017	2068	2266	1941	1718
AT5G57340	937	806	1332	1065	858	705
AT5G57345	3306	3160	5508	4946	4735	3207
AT5G57350	5130	4451	3977	5094	4504	4503
AT5G57360	1962	1869	1583	1536	1374	1210
AT5G57370	350	361	340	299	280	297
AT5G57380	6	3	5	0	0	0
AT5G57390	73	68	64	95	61	62
AT5G57400	0	0	0	4	1	0
AT5G57410	177	152	203	275	232	236
AT5G57420	1	0	0	4	2	0
AT5G57440	245	197	236	728	630	694
AT5G57450	37	27	25	19	21	13
AT5G57460	1457	1252	987	1304	1155	1224
AT5G57480	602	562	392	167	148	128
AT5G57490	1356	1095	1380	1585	1267	1238
AT5G57500	24	22	22	32	34	29
AT5G57510	752	693	682	115	96	66
AT5G57520	1	2	2	9	2	1
AT5G57540	0	1	0	0	0	0
AT5G57550	509	390	336	279	214	495
AT5G57560	48066	42803	38786	31095	26493	29076
AT5G57565	364	320	420	332	303	377
AT5G57567	16	11	7	4	2	3
AT5G57570	47	31	41	21	15	11
AT5G57580	4257	3921	2909	3076	2554	2783
AT5G57590	121	111	87	231	191	169
AT5G57610	1271	1145	686	1320	1146	1074
AT5G57620	0	1	1	2	0	0
AT5G57630	3231	2892	2545	2419	1839	3610
AT5G57640	145	113	108	36	16	31
AT5G57650	5	6	13	1	1	2
AT5G57655	10664	9461	8514	6328	5196	5251
AT5G57660	8183	7783	10179	7648	6893	4587
AT5G57670	14	20	36	3	12	5
AT5G57685	89	76	142	175	118	110
AT5G57690	0	0	4	1	0	2
AT5G57700	223	165	255	668	533	545
AT5G57710	12774	11668	5709	9491	7737	7763
AT5G57720	7	3	4	2	1	0
AT5G57735	1	0	1	1	0	0
AT5G57740	481	441	412	283	315	229
AT5G57760	6	5	53	156	149	132
AT5G57770	2	5	43	104	84	76
AT5G57780	26	25	74	103	78	42
AT5G57785	10	15	56	34	36	20
AT5G57790	59	59	91	86	103	64
AT5G57800	1545	1406	1630	1605	1469	1583
AT5G57810	0	0	1	5	0	3
AT5G57815	722	581	909	1011	828	834
AT5G57820	1	1	3	0	3	2
AT5G57830	50	42	75	148	133	113
AT5G57840	158	137	120	93	79	87
AT5G57850	939	798	747	1536	1473	1703
AT5G57860	481	379	594	363	328	282
AT5G57870	6337	5811	3420	3580	3653	3475
AT5G57880	568	521	845	468	461	447
AT5G57887	534	488	824	404	444	400
AT5G57890	228	185	183	273	243	245
AT5G57900	1685	1476	1834	803	690	535
AT5G57910	608	570	673	343	306	229
AT5G57920	0	0	0	3	3	0
AT5G57930	2306	2147	2466	3681	3375	3596
AT5G57940	1949	1841	1532	1944	1750	1856
AT5G57950	447	380	565	266	201	202
AT5G57960	922	765	973	909	783	692
AT5G57970	84	80	80	160	154	125
AT5G57980	6	5	1	4	3	4
AT5G57990	4874	4354	2570	2399	1945	1903
AT5G58000	78	62	73	240	196	193
AT5G58003	487	407	398	350	254	301
AT5G58005	632	558	819	398	396	366
AT5G58010	3	0	1	0	0	1
AT5G58020	1664	1548	1499	865	764	819
AT5G58030	944	843	969	698	688	675
AT5G58040	2682	2400	1268	2195	1769	1684
AT5G58050	0	1	0	0	2	1
AT5G58060	2099	1925	1887	1782	1744	1754
AT5G58070	10662	10352	14874	5717	5181	4046
AT5G58080	8	5	0	7	1	2
AT5G58090	1426	1265	1168	2434	1860	2071
AT5G58100	2716	2482	1569	2058	1696	1723
AT5G58110	1705	1640	2048	1364	1256	1012
AT5G58120	5666	5146	2603	3991	3308	2575
AT5G58130	1447	1208	972	763	618	546
AT5G58140	9643	8587	6831	9654	8083	7577
AT5G58150	530	441	359	698	542	591
AT5G58160	228	198	101	406	313	285
AT5G58170	0	0	0	1	1	0
AT5G58190	479	448	305	351	286	301
AT5G58200	1912	1714	2050	2461	1757	1745
AT5G58210	682	673	496	253	170	163
AT5G58220	1099	966	940	1162	1132	1245
AT5G58230	1554	1508	1239	806	655	651
AT5G58240	594	537	677	561	494	481
AT5G58250	1856	1713	2286	3709	3669	4161
AT5G58260	726	636	1133	1533	1336	1559
AT5G58270	1569	1459	884	1308	978	1090
AT5G58280	1	3	4	8	6	6
AT5G58290	7473	6782	5651	3459	3197	2973
AT5G58300	180	179	157	436	338	331
AT5G58310	49	64	88	206	204	303
AT5G58320	322	250	220	359	287	217
AT5G58330	8439	7554	9270	8775	7611	6838
AT5G58340	159	141	125	224	181	150
AT5G58350	2753	2372	2370	1624	1439	844
AT5G58360	2	1	10	4	9	3
AT5G58370	519	487	368	359	288	275
AT5G58375	954	887	1197	849	823	646
AT5G58380	582	454	424	417	368	314
AT5G58390	32	35	90	404	382	283
AT5G58400	56	77	94	2	2	2
AT5G58410	2328	1995	994	1470	1295	1195
AT5G58412	1	0	1	0	0	0
AT5G58420	4876	4500	3969	3259	2800	2344
AT5G58430	7988	7140	5295	10314	8613	8738
AT5G58440	1396	1294	964	1180	1050	939
AT5G58450	1377	1172	874	939	886	859
AT5G58460	0	1	0	0	0	0
AT5G58465	0	2	0	1	0	0
AT5G58470	1808	1763	1403	927	880	796
AT5G58480	113	125	138	324	298	271
AT5G58490	1349	1288	1224	1251	1109	1183
AT5G58500	7	5	12	14	18	9
AT5G58510	1391	1139	942	968	883	791
AT5G58520	347	288	308	437	443	403
AT5G58530	100	121	130	110	80	81
AT5G58540	433	438	371	549	455	434
AT5G58550	213	176	82	372	313	261
AT5G58560	932	848	766	1033	885	940
AT5G58570	622	591	571	453	355	397
AT5G58575	561	504	570	327	320	268
AT5G58580	47	42	55	50	40	37
AT5G58590	1035	930	655	607	485	449
AT5G58595	5	1	4	1	0	1
AT5G58600	278	260	271	410	357	462
AT5G58610	139	127	73	10	16	9
AT5G58620	3940	3633	2174	1515	1354	1145
AT5G58630	6	10	18	25	17	17
AT5G58640	1310	1255	1284	977	809	685
AT5G58650	254	267	433	276	236	202
AT5G58660	10	7	14	10	7	9
AT5G58670	1446	1408	915	2362	2226	2537
AT5G58680	641	557	360	744	585	429
AT5G58690	87	63	62	101	99	65
AT5G58700	95	101	105	209	160	114
AT5G58710	3377	3037	2707	2286	1883	1749
AT5G58720	3487	3204	2402	3155	2740	2583
AT5G58730	791	709	574	568	493	374
AT5G58740	1019	916	1138	986	870	870
AT5G58750	0	0	2	1	2	0
AT5G58760	259	268	266	114	113	72
AT5G58770	344	326	555	152	125	93
AT5G58780	5	2	6	1	2	4
AT5G58784	0	0	0	0	0	2
AT5G58787	856	733	811	953	784	820
AT5G58790	111	101	139	91	85	97
AT5G58800	1126	1020	1479	1049	815	909
AT5G58840	19	23	20	9	10	6
AT5G58860	209	197	184	17	19	27
AT5G58870	2263	1973	1607	2688	2252	1663
AT5G58900	375	339	383	569	441	624
AT5G58910	0	2	2	0	0	0
AT5G58920	590	590	696	688	485	496
AT5G58930	584	587	545	989	755	753
AT5G58940	998	885	589	748	679	541
AT5G58950	3853	3499	3382	4586	3965	4127
AT5G58960	262	247	256	845	720	698
AT5G58970	378	301	289	491	401	450
AT5G58980	436	364	366	541	408	402
AT5G58990	335	332	408	302	251	303
AT5G59000	165	178	232	312	299	407
AT5G59010	428	372	329	486	459	466
AT5G59020	70	84	59	98	73	85
AT5G59030	1715	1681	2325	1848	1775	1377
AT5G59040	0	0	0	1	1	0
AT5G59050	181	200	278	481	399	251
AT5G59060	9	3	0	5	4	3
AT5G59070	255	217	323	312	323	210
AT5G59080	754	639	1639	1675	1423	896
AT5G59090	8	10	15	5	8	3
AT5G59130	420	410	364	1169	998	986
AT5G59140	468	376	527	627	558	569
AT5G59150	585	505	570	695	566	609
AT5G59160	2154	1973	1953	1464	1300	1201
AT5G59170	18	26	7	19	18	13
AT5G59180	455	388	474	185	220	201
AT5G59190	43	25	28	9	5	5
AT5G59200	40	31	28	22	16	26
AT5G59210	842	767	736	809	609	626
AT5G59220	663	617	315	117	114	59
AT5G59230	3	3	5	0	0	1
AT5G59240	45	58	62	31	18	30
AT5G59250	1401	1190	1352	3088	2792	2897
AT5G59260	12	3	8	14	8	16
AT5G59290	1318	1220	1173	2046	1675	1649
AT5G59300	660	586	1002	540	657	551
AT5G59305	0	1	8	19	8	6
AT5G59310	2096	1859	91	188	204	233
AT5G59320	1684	1505	198	272	314	306
AT5G59330	4	2	2	4	9	5
AT5G59340	10	8	13	15	4	13
AT5G59350	291	305	433	399	311	279
AT5G59360	0	3	7	14	14	15
AT5G59370	1	0	1	0	0	3
AT5G59380	162	179	218	205	205	145
AT5G59385	0	2	0	2	0	1
AT5G59390	115	96	66	1	2	2
AT5G59400	705	588	893	449	414	352
AT5G59410	248	178	314	281	270	237
AT5G59420	6880	6306	5308	3719	3142	2878
AT5G59430	2264	2100	1916	1714	1569	1113
AT5G59440	652	645	714	528	489	403
AT5G59450	2191	2000	1815	2695	2492	1904
AT5G59460	390	319	431	265	287	227
AT5G59470	266	188	318	151	188	151
AT5G59480	368	324	381	707	567	345
AT5G59490	32	20	15	8	11	6
AT5G59500	743	702	641	859	802	885
AT5G59510	12	6	16	9	10	12
AT5G59520	2	1	3	2	3	3
AT5G59530	70	63	75	18	22	16
AT5G59540	4251	3789	3493	2609	2239	2146
AT5G59550	6895	6816	6269	7141	6526	6416
AT5G59560	448	366	396	401	338	342
AT5G59570	150	129	49	35	47	87
AT5G59580	43	52	40	73	55	62
AT5G59590	3	3	5	0	1	0
AT5G59600	67	74	43	63	70	40
AT5G59610	318	311	408	368	307	330
AT5G59613	1409	1167	1973	2079	2546	2300
AT5G59650	42	38	22	120	84	93
AT5G59660	130	128	105	143	161	113
AT5G59662	30	46	64	43	56	50
AT5G59670	591	519	585	891	711	995
AT5G59680	85	60	69	268	217	191
AT5G59690	1407	1191	2656	1762	1545	1335
AT5G59700	238	193	256	398	319	236
AT5G59710	1570	1476	958	931	775	758
AT5G59720	50	44	38	79	46	53
AT5G59730	5461	4835	4154	8174	7420	6146
AT5G59732	3794	3323	2164	4970	4728	4001
AT5G59740	46	49	49	53	44	57
AT5G59750	875	785	999	1150	958	934
AT5G59760	4	7	7	5	5	2
AT5G59770	848	686	1079	467	580	466
AT5G59780	1645	1385	2653	924	810	446
AT5G59790	170	141	140	161	126	119
AT5G59800	200	164	177	225	203	198
AT5G59810	5	2	3	0	1	0
AT5G59820	8836	8474	8989	3952	3852	3859
AT5G59830	709	641	633	597	493	438
AT5G59840	1273	1066	1154	1004	801	804
AT5G59845	4	4	9	5	2	3
AT5G59850	2555	2315	2703	2287	1865	1769
AT5G59860	0	1	1	1	1	2
AT5G59870	655	597	1157	968	1019	796
AT5G59880	3386	2976	3759	5735	5116	4837
AT5G59890	1880	1639	2237	2123	2195	2192
AT5G59900	97	95	62	132	90	109
AT5G59910	4056	3707	5331	3027	2661	2191
AT5G59920	178	207	200	256	257	177
AT5G59940	2	1	2	4	3	7
AT5G59950	2384	2420	2605	1657	1807	1516
AT5G59960	1515	1363	1611	1069	918	859
AT5G59970	278	245	616	495	422	317
AT5G59980	322	330	175	161	136	111
AT5G59990	3	2	13	21	23	11
AT5G60010	0	0	0	0	1	0
AT5G60020	74	76	71	115	93	90
AT5G60022	87	78	73	88	70	74
AT5G60030	293	232	242	274	224	174
AT5G60040	610	549	260	330	270	231
AT5G60050	119	113	142	108	90	95
AT5G60060	1	3	1	0	1	1
AT5G60070	0	0	0	0	1	0
AT5G60100	949	863	354	405	371	1337
AT5G60110	5	4	1	0	2	1
AT5G60120	484	461	392	554	454	441
AT5G60130	1	2	0	8	5	4
AT5G60140	2	2	0	0	1	0
AT5G60142	29	22	40	53	47	27
AT5G60150	29	37	25	57	61	61
AT5G60160	2232	2034	1656	1284	1199	1054
AT5G60170	3068	2706	1644	2016	1686	1606
AT5G60180	16	10	15	4	7	7
AT5G60190	346	265	398	209	186	152
AT5G60200	227	222	340	230	151	141
AT5G60210	308	264	400	588	448	428
AT5G60220	1	2	4	3	4	2
AT5G60230	150	131	169	87	106	104
AT5G60240	14	9	6	9	12	2
AT5G60250	4095	3653	2298	42	40	34
AT5G60260	19	17	13	2	4	6
AT5G60270	579	478	409	342	342	353
AT5G60280	638	564	373	242	220	213
AT5G60285	9	12	10	4	3	5
AT5G60290	30	27	7	22	22	20
AT5G60300	823	766	436	1602	1499	834
AT5G60310	47	55	19	33	34	36
AT5G60320	0	3	5	4	10	4
AT5G60330	12	8	5	5	6	10
AT5G60335	16	14	23	14	19	16
AT5G60340	2095	2045	2419	1068	942	895
AT5G60350	3	3	3	2	0	2
AT5G60360	40385	36050	32829	26003	22717	20585
AT5G60370	216	206	221	252	199	177
AT5G60380	0	0	0	1	0	0
AT5G60390	66038	59964	42026	42492	39219	38185
AT5G60400	237	212	465	440	403	446
AT5G60408	8	10	4	0	0	2
AT5G60410	5229	4551	2955	3690	3211	3174
AT5G60430	184	139	191	129	141	103
AT5G60440	15	10	19	36	30	24
AT5G60450	1437	1248	900	1070	956	792
AT5G60460	330	333	467	188	229	183
AT5G60470	114	103	108	6	7	5
AT5G60490	19	17	38	104	87	61
AT5G60540	1094	916	1013	1009	983	1283
AT5G60548	1041	1036	949	1004	813	788
AT5G60550	1041	1036	949	1004	813	788
AT5G60570	1084	951	912	1410	1142	1091
AT5G60580	653	547	441	284	344	266
AT5G60590	452	388	389	195	179	178
AT5G60600	10540	9444	6873	15254	12799	12832
AT5G60610	24	14	25	10	7	10
AT5G60620	1824	1686	1749	1229	1191	1205
AT5G60630	20	25	13	10	12	6
AT5G60640	5566	5042	3944	3998	3387	3300
AT5G60650	6	3	16	12	7	5
AT5G60660	11	8	12	21	23	30
AT5G60670	866	774	905	935	955	881
AT5G60680	2076	2087	3569	3266	2876	2361
AT5G60690	719	701	544	504	513	355
AT5G60700	628	522	426	562	449	485
AT5G60710	1503	1314	1005	1201	1132	1410
AT5G60720	16	6	19	21	26	23
AT5G60730	41	42	34	46	28	27
AT5G60750	936	832	882	810	730	800
AT5G60760	7	11	14	23	9	10
AT5G60780	2	3	1	6	4	15
AT5G60790	7085	6288	4785	3285	3056	3044
AT5G60800	1684	1522	1432	651	518	508
AT5G60820	231	230	173	283	208	270
AT5G60830	5	2	6	3	1	1
AT5G60840	490	441	622	670	567	426
AT5G60850	970	919	1289	1213	1163	910
AT5G60860	297	331	343	749	715	819
AT5G60870	101	91	76	135	144	100
AT5G60880	8	3	13	31	20	8
AT5G60890	113	87	154	416	382	308
AT5G60900	3338	3077	1524	2503	2120	1976
AT5G60910	67	51	61	48	49	19
AT5G60920	3009	2727	2720	7179	6190	6300
AT5G60930	108	133	114	316	261	216
AT5G60940	382	339	388	647	531	523
AT5G60950	368	319	369	320	331	281
AT5G60960	1067	992	674	734	596	603
AT5G60970	163	158	170	148	112	114
AT5G60980	1978	1884	1576	2292	1928	1776
AT5G60990	1082	875	685	469	367	381
AT5G61000	224	158	209	274	271	203
AT5G61010	4801	4269	3274	3014	2883	2530
AT5G61020	4785	4201	3222	2156	1760	1852
AT5G61030	962	998	584	480	394	302
AT5G61040	307	277	252	339	369	365
AT5G61050	0	0	0	1	0	0
AT5G61060	1972	1739	1316	1238	1062	952
AT5G61070	229	229	187	68	66	42
AT5G61090	23	18	6	35	13	21
AT5G61100	4	6	5	2	9	4
AT5G61120	16	11	3	8	10	14
AT5G61130	432	393	422	942	833	796
AT5G61140	2966	2514	1289	2278	2001	2100
AT5G61150	2305	2153	1633	1616	1308	1196
AT5G61160	801	765	785	6258	5113	2710
AT5G61170	2015	1827	1808	2161	2460	2308
AT5G61180	16	12	16	2	2	4
AT5G61190	784	667	320	712	557	672
AT5G61200	67	60	76	202	126	186
AT5G61210	12341	10959	8312	7442	6194	5680
AT5G61220	362	328	417	379	370	307
AT5G61228	3254	2981	3096	1937	1567	1593
AT5G61230	3254	2981	3096	1937	1567	1593
AT5G61240	1159	1078	913	1487	1242	1177
AT5G61250	408	381	372	296	276	247
AT5G61260	65	47	69	30	36	19
AT5G61270	500	444	545	993	838	853
AT5G61280	2	0	6	22	8	14
AT5G61290	26	25	50	103	90	87
AT5G61300	139	96	94	166	155	164
AT5G61310	330	323	403	187	161	184
AT5G61320	0	1	0	0	0	0
AT5G61330	885	778	767	729	611	602
AT5G61340	154	142	208	273	228	223
AT5G61350	8	16	3	18	19	25
AT5G61360	171	133	132	61	73	84
AT5G61370	378	332	203	109	102	149
AT5G61380	6462	5600	2790	2367	2000	4081
AT5G61390	455	469	430	127	108	108
AT5G61400	83	55	49	55	42	42
AT5G61410	10255	9198	11773	20915	19261	19430
AT5G61412	0	0	2	6	4	2
AT5G61420	651	623	758	1169	945	987
AT5G61430	179	162	127	31	32	32
AT5G61440	375	310	296	593	451	774
AT5G61450	1439	1200	963	596	491	494
AT5G61455	67	69	94	2	2	0
AT5G61460	987	877	592	286	250	232
AT5G61480	249	214	204	455	429	365
AT5G61490	192	153	152	12	6	8
AT5G61495	76	62	55	2	3	4
AT5G61500	1936	1740	1955	1193	1078	964
AT5G61510	1513	1237	1355	1160	995	937
AT5G61520	1205	1055	878	1062	990	1079
AT5G61530	2676	2463	2186	1909	1598	1544
AT5G61540	245	193	225	244	183	211
AT5G61550	0	5	0	12	5	3
AT5G61560	920	812	453	671	586	628
AT5G61570	38	51	73	134	114	133
AT5G61580	1358	1176	1012	975	791	782
AT5G61590	1549	1398	3297	2664	1965	2538
AT5G61600	5124	4810	5581	7526	5855	6254
AT5G61610	7	5	3	31	23	14
AT5G61620	5	4	3	1	2	0
AT5G61640	1188	1127	1302	538	495	397
AT5G61650	3	2	3	2	1	0
AT5G61660	360	299	510	825	827	806
AT5G61670	2288	2061	3080	2823	2342	1808
AT5G61690	0	2	1	0	0	0
AT5G61730	138	116	64	3	0	2
AT5G61740	801	717	507	124	100	98
AT5G61750	1	1	1	1	0	0
AT5G61760	821	803	835	458	459	422
AT5G61770	1047	903	839	417	326	351
AT5G61780	3078	2877	1645	3120	2654	2597
AT5G61790	8659	7899	4891	5604	4479	4288
AT5G61800	76	69	51	14	28	47
AT5G61810	1322	1144	1285	1473	1180	1203
AT5G61820	3377	2952	2651	1080	1059	857
AT5G61830	211	212	290	293	293	226
AT5G61840	942	860	821	884	780	839
AT5G61850	5	1	0	1	3	0
AT5G61865	39	30	21	31	19	21
AT5G61880	279	264	272	112	129	102
AT5G61890	72	37	87	39	39	42
AT5G61900	2998	2711	1444	1446	1324	1512
AT5G61910	4016	3695	2091	2010	1806	1974
AT5G61920	215	206	208	129	113	107
AT5G61930	311	300	305	210	196	192
AT5G61940	225	193	86	127	101	118
AT5G61950	251	245	103	135	124	127
AT5G61960	3762	3385	2221	2457	1992	1825
AT5G61970	1571	1433	1047	1382	1121	1167
AT5G61980	56	45	77	99	56	49
AT5G61990	392	327	265	319	275	246
AT5G62000	12147	11010	6683	12347	9813	9017
AT5G62020	872	860	965	832	739	625
AT5G62030	733	647	673	607	536	558
AT5G62040	4	1	10	23	21	10
AT5G62050	1645	1502	1054	857	713	739
AT5G62070	1463	1383	1468	726	602	587
AT5G62080	0	0	1	0	0	0
AT5G62090	2514	2144	1396	1986	1708	1614
AT5G62100	46	47	61	129	116	106
AT5G62120	0	0	0	1	0	0
AT5G62130	626	581	651	376	356	249
AT5G62140	343	353	474	421	289	345
AT5G62150	209	138	298	23	35	21
AT5G62160	0	0	3	0	0	0
AT5G62162	1	0	1	0	0	0
AT5G62165	47	32	53	77	71	45
AT5G62170	74	77	69	213	173	106
AT5G62180	49	45	44	98	63	63
AT5G62190	6768	6009	3457	4572	4083	4053
AT5G62200	1558	1465	1320	524	527	600
AT5G62210	4	8	17	62	64	36
AT5G62220	235	228	290	1334	1146	910
AT5G62230	31	24	24	42	47	40
AT5G62240	0	0	0	1	1	0
AT5G62250	0	2	0	0	1	0
AT5G62260	14	24	20	41	11	30
AT5G62270	817	755	465	726	551	537
AT5G62280	8	4	86	444	324	166
AT5G62290	546	427	535	249	273	219
AT5G62300	3257	2908	3445	3646	2926	2602
AT5G62310	5	6	0	3	5	4
AT5G62320	0	0	2	1	1	0
AT5G62350	2173	2048	3660	9782	7167	8070
AT5G62360	334	299	953	1118	852	2869
AT5G62370	140	125	58	105	66	78
AT5G62380	6	11	14	25	25	16
AT5G62390	3006	2721	2212	3724	2971	2865
AT5G62400	0	0	4	2	0	0
AT5G62410	483	437	290	377	313	271
AT5G62420	0	0	0	2	0	4
AT5G62430	460	379	498	513	449	263
AT5G62440	603	550	529	394	325	306
AT5G62460	2229	2033	1848	1442	1341	1111
AT5G62470	3372	2939	3015	3921	2746	3018
AT5G62480	338	309	284	55	96	66
AT5G62490	4	0	0	1	0	0
AT5G62500	87	70	85	158	151	127
AT5G62510	3	6	11	0	0	2
AT5G62520	4959	4267	3359	2418	2238	2495
AT5G62530	4328	3635	2991	2651	2417	2475
AT5G62540	1043	883	1079	769	627	597
AT5G62550	133	101	165	250	221	194
AT5G62560	1039	997	666	1270	1145	1119
AT5G62570	7602	6974	4429	5493	4878	4518
AT5G62575	455	419	538	306	334	302
AT5G62580	157	136	164	575	551	450
AT5G62600	1382	1241	868	708	710	672
AT5G62610	1170	1028	1145	941	717	722
AT5G62620	2105	1907	943	914	700	687
AT5G62630	1254	1215	1347	1448	1333	1080
AT5G62640	1593	1375	1144	1127	934	916
AT5G62650	1089	1014	817	744	650	683
AT5G62660	12	13	2	0	0	0
AT5G62670	637	556	564	2899	2545	2962
AT5G62680	4514	4197	3285	2499	2295	1904
AT5G62690	5055	4832	4464	6254	5386	5068
AT5G62700	2965	2734	3044	4730	4148	3625
AT5G62710	120	123	108	290	246	200
AT5G62720	1554	1516	1441	2047	2183	3211
AT5G62730	23	10	8	19	17	44
AT5G62740	2491	2137	2122	1387	1370	1379
AT5G62760	516	422	362	434	296	327
AT5G62770	1228	1183	1299	429	373	406
AT5G62780	0	1	3	2	0	0
AT5G62790	2636	2391	2734	3800	3502	3439
AT5G62800	3	5	0	0	0	0
AT5G62810	2864	2573	1940	2670	2155	2381
AT5G62820	137	119	114	22	25	26
AT5G62840	115	97	134	403	364	367
AT5G62850	9	8	16	14	20	16
AT5G62865	744	710	700	305	427	439
AT5G62880	545	461	632	676	506	531
AT5G62890	2234	2104	1657	2598	2537	2649
AT5G62900	887	825	933	306	257	435
AT5G62910	927	791	813	603	578	640
AT5G62920	137	121	125	363	336	570
AT5G62930	827	734	745	758	731	723
AT5G62940	54	52	74	62	59	75
AT5G62950	608	569	776	333	350	302
AT5G62960	401	370	260	141	133	117
AT5G62970	8	2	3	0	0	3
AT5G62980	313	305	517	337	343	414
AT5G62990	493	380	203	172	153	243
AT5G62998	2	0	5	2	2	2
AT5G63000	384	360	408	392	379	345
AT5G63010	377	358	393	211	145	161
AT5G63020	1038	929	774	1120	956	1058
AT5G63030	1079	942	1231	1221	1147	1000
AT5G63040	345	322	266	540	495	493
AT5G63050	1018	963	848	1261	1042	1022
AT5G63060	236	220	242	292	238	266
AT5G63065	0	0	0	2	0	0
AT5G63070	3	1	1	1	1	0
AT5G63080	736	636	711	456	390	439
AT5G63087	0	0	0	10	4	2
AT5G63090	22	19	31	64	87	26
AT5G63100	65	79	79	145	137	141
AT5G63110	1096	1005	952	619	541	526
AT5G63120	1245	1101	761	489	421	402
AT5G63130	1912	1760	1964	620	597	481
AT5G63135	163	146	210	171	153	136
AT5G63140	44	38	53	153	115	158
AT5G63150	546	481	588	538	387	342
AT5G63160	2296	2167	1770	2888	2630	2319
AT5G63170	0	1	0	0	1	0
AT5G63180	420	387	868	2792	2255	1764
AT5G63190	2955	2755	3221	3497	3141	2697
AT5G63195	1811	1702	1915	2297	1860	1637
AT5G63200	988	775	830	650	581	548
AT5G63220	633	587	532	457	378	351
AT5G63225	58	51	58	11	8	4
AT5G63240	1	0	0	1	0	0
AT5G63250	1	1	1	0	1	0
AT5G63260	757	737	561	555	485	496
AT5G63270	3	0	2	1	1	0
AT5G63280	491	450	509	373	304	302
AT5G63290	205	178	109	92	72	102
AT5G63300	20	31	34	28	26	20
AT5G63310	1410	1289	1674	3116	3213	3383
AT5G63320	1664	1554	1120	2726	2030	1831
AT5G63340	86	85	24	112	84	79
AT5G63350	31	16	17	43	27	25
AT5G63370	5604	4848	3052	4533	3648	3811
AT5G63380	601	553	523	789	755	654
AT5G63390	22	11	13	14	14	5
AT5G63400	2200	2021	1968	2462	2175	2130
AT5G63410	1461	1315	1127	1738	1521	1573
AT5G63420	1907	1669	830	1398	1102	1645
AT5G63440	216	178	221	269	241	246
AT5G63450	15	22	20	54	31	22
AT5G63460	661	611	811	507	394	395
AT5G63470	904	820	1254	1170	1173	1122
AT5G63480	127	113	189	145	126	120
AT5G63490	2472	2300	1624	1153	1048	796
AT5G63500	145	118	248	180	198	161
AT5G63510	965	944	933	1372	1310	1198
AT5G63520	396	382	388	363	317	309
AT5G63530	713	649	903	1269	936	726
AT5G63540	35	37	30	32	37	14
AT5G63550	598	557	457	520	426	337
AT5G63560	107	73	51	6	14	7
AT5G63570	3163	2847	2125	4098	3371	3886
AT5G63580	36	36	55	194	150	91
AT5G63590	12	6	6	25	18	15
AT5G63595	0	0	1	2	0	0
AT5G63600	8	6	12	19	8	11
AT5G63610	977	963	775	666	625	590
AT5G63620	1029	972	1130	1089	1097	918
AT5G63630	208	247	163	249	176	233
AT5G63640	1573	1479	1113	905	808	758
AT5G63650	48	43	77	167	119	78
AT5G63660	0	0	1	0	0	0
AT5G63670	725	663	918	705	606	590
AT5G63680	2854	2640	2033	1278	1218	1076
AT5G63690	33	33	36	37	35	33
AT5G63700	352	321	268	557	406	442
AT5G63710	379	324	422	469	354	405
AT5G63730	0	0	0	1	0	0
AT5G63750	23	31	18	10	3	6
AT5G63760	1022	888	777	360	332	334
AT5G63770	1974	1665	1018	1703	1432	1582
AT5G63780	1662	1504	1660	2089	1909	2798
AT5G63790	2115	2024	1942	1729	1421	1807
AT5G63800	7890	7200	6073	10825	8982	8464
AT5G63810	1119	947	938	2895	2310	3353
AT5G63820	37	39	48	114	114	108
AT5G63830	304	290	295	117	105	117
AT5G63840	3180	2859	1843	3114	2649	2803
AT5G63850	790	694	981	950	832	745
AT5G63860	3966	3739	3157	4596	3822	3699
AT5G63870	891	835	805	1042	872	876
AT5G63880	794	703	752	598	542	526
AT5G63890	1462	1375	1122	1688	1540	1626
AT5G63900	10	19	6	9	1	3
AT5G63905	320	343	437	177	187	206
AT5G63910	1522	1328	1321	1051	871	827
AT5G63920	425	330	217	168	158	109
AT5G63930	326	374	261	257	273	221
AT5G63940	500	459	418	488	401	351
AT5G63950	410	376	315	390	340	245
AT5G63960	615	587	392	307	259	223
AT5G63970	1351	1229	1387	372	297	220
AT5G63980	1471	1270	1464	1879	1712	1575
AT5G63990	506	444	371	171	173	142
AT5G64000	2637	2326	1651	909	844	708
AT5G64010	302	243	255	156	149	176
AT5G64020	1234	1059	1031	728	613	626
AT5G64030	1492	1236	859	1882	1657	1679
AT5G64040	4634	4028	18546	42689	43791	39474
AT5G64050	2674	2351	2049	2517	2048	2195
AT5G64060	1183	1058	694	39	54	35
AT5G64070	3457	2973	1771	2949	2520	2508
AT5G64080	272	286	295	247	243	175
AT5G64090	748	647	579	711	605	643
AT5G64100	18	15	4	0	2	1
AT5G64110	299	294	260	193	182	45
AT5G64120	4125	3984	2622	1097	931	870
AT5G64130	3166	2904	3443	3132	2741	2893
AT5G64140	1714	1617	2071	1230	1265	1200
AT5G64150	296	298	255	280	236	254
AT5G64160	454	461	630	378	314	329
AT5G64170	2107	1884	2280	2466	2130	1374
AT5G64180	692	561	837	735	700	646
AT5G64190	378	341	420	402	321	193
AT5G64200	1574	1573	1383	941	942	899
AT5G64210	0	0	0	0	0	1
AT5G64220	1568	1314	901	1301	1076	1075
AT5G64230	241	219	263	128	105	90
AT5G64240	1165	1073	1628	1215	1052	971
AT5G64250	873	848	704	1006	804	754
AT5G64260	22615	23339	17022	7465	6639	6475
AT5G64270	5858	5257	3259	3120	2980	2903
AT5G64280	1524	1364	1124	1429	1419	1324
AT5G64290	3904	3574	2727	3884	3831	4192
AT5G64300	4470	4041	2377	3136	2409	2819
AT5G64310	18555	18339	10429	7677	7231	6659
AT5G64320	157	118	70	77	90	87
AT5G64330	418	370	605	1977	1569	1551
AT5G64340	2103	1851	1574	1502	1392	1466
AT5G64341	2103	1851	1574	1502	1392	1466
AT5G64342	2103	1851	1574	1502	1392	1466
AT5G64343	2103	1851	1574	1502	1392	1466
AT5G64350	3197	2881	3567	2713	2732	2621
AT5G64360	402	401	373	478	414	421
AT5G64370	3026	2778	2904	1550	1208	1187
AT5G64380	349	325	457	874	682	724
AT5G64390	1059	1052	582	746	608	579
AT5G64395	21	15	27	19	16	24
AT5G64400	7838	7796	7934	2682	3711	3317
AT5G64401	36	31	28	9	6	13
AT5G64410	1488	1273	1662	1577	1249	1067
AT5G64420	2327	2030	1526	1279	1145	1088
AT5G64430	2941	2616	1908	1454	1275	1074
AT5G64440	1680	1428	967	1486	1358	1270
AT5G64450	340	279	325	54	64	57
AT5G64460	465	426	725	1560	1251	1179
AT5G64470	272	281	248	250	219	211
AT5G64480	187	167	260	274	233	275
AT5G64490	58	51	68	34	29	41
AT5G64500	1974	1690	1561	1906	1779	1713
AT5G64510	204	179	130	71	37	49
AT5G64520	165	141	166	116	101	131
AT5G64530	56	54	80	48	43	33
AT5G64540	3	3	3	0	0	1
AT5G64550	962	907	796	657	576	473
AT5G64552	962	907	796	657	576	473
AT5G64560	898	816	768	771	603	638
AT5G64570	5299	4726	4276	3535	2972	2513
AT5G64572	3201	2859	2981	2264	1881	1572
AT5G64580	916	806	600	1725	1550	1712
AT5G64590	4	4	8	2	1	0
AT5G64600	325	249	233	332	252	257
AT5G64610	930	882	946	703	584	559
AT5G64620	696	644	728	782	666	1033
AT5G64630	267	216	199	156	131	167
AT5G64640	108	143	80	287	266	254
AT5G64650	315	238	321	293	260	245
AT5G64660	3277	2941	2447	2895	2424	2540
AT5G64667	22	17	32	55	39	43
AT5G64670	571	533	527	679	563	540
AT5G64680	495	430	487	256	240	222
AT5G64690	7	6	10	11	4	8
AT5G64700	10	12	18	18	9	15
AT5G64710	92	61	46	50	39	38
AT5G64730	422	391	339	214	237	234
AT5G64740	4795	4312	2633	9311	8257	9076
AT5G64750	126	109	57	125	94	122
AT5G64760	517	487	411	419	350	324
AT5G64770	565	480	1589	2724	2245	1814
AT5G64780	85	85	138	149	113	86
AT5G64790	31	24	16	5	6	4
AT5G64800	38	31	53	36	28	29
AT5G64810	1158	959	917	159	151	119
AT5G64813	1059	922	871	1150	999	972
AT5G64816	204	158	241	228	233	300
AT5G64820	0	3	3	2	3	0
AT5G64830	582	557	600	428	415	452
AT5G64840	7167	6361	7288	12345	9628	5720
AT5G64850	626	617	829	1036	982	901
AT5G64855	2	2	11	3	2	0
AT5G64860	1444	1297	1203	2750	2252	3071
AT5G64870	3147	2871	1472	1629	1358	1412
AT5G64880	380	281	343	529	424	457
AT5G64890	22	17	26	4	6	4
AT5G64900	75	74	71	75	52	62
AT5G64905	80	107	94	57	50	30
AT5G64910	24	22	10	54	44	35
AT5G64920	752	738	903	1211	1113	1019
AT5G64930	873	761	581	550	512	382
AT5G64940	3813	3231	3896	10934	8658	5674
AT5G64950	130	115	95	75	59	60
AT5G64960	3080	2867	2320	1853	1615	1534
AT5G64970	902	910	1155	515	508	530
AT5G64980	69	62	61	58	45	46
AT5G64990	101	81	74	12	11	20
AT5G65000	542	507	394	233	249	238
AT5G65010	2255	1891	1356	3074	2833	2292
AT5G65015	0	0	0	0	0	1
AT5G65020	463	400	648	1839	1650	1207
AT5G65030	8	3	13	16	3	3
AT5G65040	8	5	14	21	19	9
AT5G65050	963	759	1065	1000	949	802
AT5G65060	661	637	776	398	339	304
AT5G65070	110	98	110	77	81	41
AT5G65080	148	111	80	74	62	29
AT5G65090	649	552	412	57	46	52
AT5G65110	4455	3937	2578	1769	1560	1452
AT5G65120	291	298	251	138	157	125
AT5G65130	6	3	11	14	8	10
AT5G65140	267	197	234	172	144	98
AT5G65160	9	4	13	30	21	16
AT5G65165	2	0	0	3	1	0
AT5G65170	78	81	60	90	67	41
AT5G65180	520	429	286	353	277	223
AT5G65200	362	362	249	325	295	282
AT5G65205	250	221	213	182	160	186
AT5G65207	436	378	1221	1356	1115	855
AT5G65210	1287	1255	1025	565	480	405
AT5G65220	2612	2550	4984	8333	7894	8037
AT5G65230	23	30	32	17	14	17
AT5G65240	463	386	376	468	348	309
AT5G65250	700	731	726	632	634	550
AT5G65260	1158	1016	1239	1093	980	917
AT5G65270	868	774	770	850	758	794
AT5G65274	4	2	7	1	2	3
AT5G65280	305	243	368	279	230	150
AT5G65290	742	649	399	500	427	414
AT5G65300	1427	1205	1201	642	618	737
AT5G65310	1154	1156	1239	2657	2200	2432
AT5G65320	1	2	0	28	19	9
AT5G65330	0	0	0	0	2	0
AT5G65340	0	1	1	17	15	12
AT5G65350	144	144	226	38	39	40
AT5G65360	2868	2595	4496	1199	1123	943
AT5G65380	3114	2819	3341	1664	1350	949
AT5G65390	39	52	73	231	238	278
AT5G65400	303	272	302	229	213	208
AT5G65410	120	97	187	338	279	252
AT5G65420	13	10	18	61	60	55
AT5G65430	2827	2444	3507	3217	3165	3784
AT5G65440	1373	1171	830	1383	1132	1247
AT5G65445	0	0	1	0	0	0
AT5G65450	171	147	122	179	153	191
AT5G65460	588	510	451	951	776	726
AT5G65470	3087	2732	2054	2254	2125	2135
AT5G65480	1839	1631	3144	3793	2968	2657
AT5G65490	737	667	607	545	451	400
AT5G65495	213	252	349	157	190	132
AT5G65500	20	13	18	7	5	2
AT5G65510	42	29	24	37	25	18
AT5G65520	225	255	351	229	225	202
AT5G65530	28	37	49	49	46	29
AT5G65540	556	480	416	455	370	376
AT5G65550	31	29	19	12	9	9
AT5G65560	435	383	240	257	232	231
AT5G65570	121	114	56	71	66	79
AT5G65575	238	188	248	252	220	249
AT5G65580	79	71	84	65	66	86
AT5G65590	90	75	51	89	56	91
AT5G65600	285	259	201	256	273	213
AT5G65609	43	27	42	35	26	35
AT5G65610	177	197	273	320	286	304
AT5G65620	6494	5732	3533	5697	5202	5505
AT5G65630	3124	2759	1689	3719	2907	3978
AT5G65640	163	139	189	330	280	237
AT5G65650	323	338	317	416	380	299
AT5G65660	2240	2161	2161	1495	1199	1051
AT5G65670	6861	6167	5686	6932	5498	5163
AT5G65683	130	114	119	220	207	191
AT5G65685	628	569	716	1014	923	973
AT5G65687	425	410	416	374	342	341
AT5G65690	73	66	61	43	43	10
AT5G65700	822	761	690	1657	1433	1532
AT5G65710	190	152	178	307	259	272
AT5G65720	3971	3631	2661	2126	1751	1491
AT5G65730	219	183	865	2135	1886	2513
AT5G65740	196	170	209	236	221	213
AT5G65750	6636	5843	2939	2557	2288	2069
AT5G65760	1172	1097	1054	1000	932	902
AT5G65770	2648	2200	1183	1854	1410	1340
AT5G65780	3859	3359	2168	3175	2469	2359
AT5G65790	5	5	11	10	14	4
AT5G65800	0	0	0	5	4	2
AT5G65810	295	275	323	781	629	654
AT5G65820	72	49	28	85	62	73
AT5G65830	92	81	85	141	101	77
AT5G65840	1410	1220	1663	2391	2051	2008
AT5G65850	167	121	138	24	22	23
AT5G65860	455	462	482	295	246	211
AT5G65870	293	312	531	162	137	150
AT5G65880	204	186	216	156	143	106
AT5G65890	95	75	151	328	257	159
AT5G65900	680	560	353	357	334	292
AT5G65910	1832	1599	1766	1747	1513	1523
AT5G65920	1018	873	549	699	666	739
AT5G65925	95	95	106	52	76	85
AT5G65930	771	686	486	1239	1088	1036
AT5G65940	1143	1065	1165	1409	1250	1292
AT5G65950	2826	2621	1553	2811	2428	2659
AT5G65960	1526	1356	1298	1654	1330	1376
AT5G65970	62	79	70	69	59	61
AT5G65980	5	11	2	0	0	2
AT5G65990	1004	1095	693	680	715	679
AT5G66000	88	89	108	79	73	71
AT5G66005	136	108	134	152	166	169
AT5G66010	610	521	507	521	430	354
AT5G66020	0	1	1	1	2	1
AT5G66030	2009	1810	1507	2863	2215	2260
AT5G66040	2988	2931	4393	6794	6831	6476
AT5G66045	1	2	1	3	3	3
AT5G66050	693	637	669	1045	783	808
AT5G66052	1009	920	1380	940	899	1570
AT5G66053	22	25	47	11	15	34
AT5G66055	1754	1721	1537	2209	1674	1906
AT5G66060	718	625	590	1129	855	808
AT5G66070	3466	3298	2981	3036	2729	2505
AT5G66080	202	156	203	221	187	179
AT5G66090	829	806	910	898	885	927
AT5G66100	762	746	593	535	491	468
AT5G66110	7	8	16	9	5	5
AT5G66120	5597	5270	4152	2867	2405	2407
AT5G66130	1802	1685	1324	293	202	200
AT5G66140	2539	2413	2676	1126	1029	1000
AT5G66150	2	5	3	9	9	8
AT5G66160	893	800	693	666	659	666
AT5G66170	93	101	184	155	112	80
AT5G66180	687	630	832	619	548	553
AT5G66190	13670	12347	19520	36617	29040	30999
AT5G66200	4290	4704	2960	2271	2440	2402
AT5G66210	10496	9574	5618	11640	9726	8581
AT5G66220	0	1	0	0	0	0
AT5G66230	57	46	83	235	243	207
AT5G66240	1572	1501	1656	1709	1516	1455
AT5G66250	1492	1362	1623	941	964	869
AT5G66260	0	1	1	1	2	1
AT5G66270	271	264	278	49	48	39
AT5G66280	75	66	45	40	29	19
AT5G66290	542	489	538	402	317	315
AT5G66300	14	11	27	46	35	24
AT5G66310	118	97	129	596	509	345
AT5G66320	1133	1173	863	842	883	817
AT5G66330	12	13	53	124	79	95
AT5G66340	5	0	3	3	1	2
AT5G66350	448	449	442	65	49	51
AT5G66360	393	345	384	331	311	259
AT5G66380	289	263	242	260	197	233
AT5G66390	5	8	2	9	7	3
AT5G66400	847	819	504	688	599	298
AT5G66410	265	263	270	505	403	427
AT5G66420	1200	1048	857	2520	2129	2073
AT5G66440	148	167	217	119	106	109
AT5G66450	317	264	308	259	303	277
AT5G66460	173	161	185	354	279	223
AT5G66470	785	689	615	1411	1225	1355
AT5G66480	267	240	231	300	253	229
AT5G66490	378	377	646	615	596	504
AT5G66500	86	95	67	58	41	63
AT5G66510	1185	1073	1082	1776	1678	1635
AT5G66520	54	45	87	350	236	321
AT5G66530	1087	996	1164	1965	1666	2317
AT5G66540	902	774	378	421	317	388
AT5G66550	206	190	306	351	276	222
AT5G66558	372	385	390	590	511	437
AT5G66560	365	378	388	585	510	428
AT5G66562	3	2	3	0	0	0
AT5G66564	3	4	4	2	1	0
AT5G66570	33215	32589	57470	163352	154632	147294
AT5G66580	9	9	38	45	41	29
AT5G66590	76	62	256	714	596	411
AT5G66600	74	85	72	86	79	69
AT5G66607	16	4	8	19	6	16
AT5G66610	135	104	91	172	164	171
AT5G66620	629	490	201	313	243	204
AT5G66630	759	719	355	555	535	339
AT5G66631	116	103	56	69	69	49
AT5G66640	1809	1477	1068	1021	785	788
AT5G66650	1066	1056	1109	1340	1255	1021
AT5G66658	65	67	62	50	34	37
AT5G66660	7	4	16	5	4	3
AT5G66670	28	15	20	13	9	11
AT5G66675	4390	3808	3298	4161	3542	3299
AT5G66680	3488	3152	2117	2343	2068	2064
AT5G66690	168	237	73	10	13	6
AT5G66700	13	15	29	11	7	7
AT5G66710	6	8	5	5	9	4
AT5G66720	1906	1610	1553	1833	1783	1731
AT5G66730	3468	3156	2483	2113	1816	1650
AT5G66740	6	6	28	27	24	8
AT5G66750	339	271	315	255	204	203
AT5G66760	5783	5022	2682	3164	2551	2307
AT5G66770	173	164	158	268	237	249
AT5G66780	15	5	0	1	1	0
AT5G66790	905	818	713	1405	1236	1283
AT5G66800	17	24	53	97	101	74
AT5G66810	1160	995	881	890	772	785
AT5G66820	976	797	856	476	350	322
AT5G66830	24	24	8	3	2	1
AT5G66840	6	8	7	21	15	15
AT5G66850	1675	1584	907	1804	1506	1321
AT5G66860	931	887	819	600	549	522
AT5G66870	203	160	132	20	13	7
AT5G66880	2299	1990	2637	2250	1853	2021
AT5G66890	60	46	39	10	18	8
AT5G66900	2164	1920	1588	1902	1747	1736
AT5G66910	1503	1238	1063	844	727	844
AT5G66920	255	243	178	373	349	303
AT5G66930	881	762	887	562	480	442
AT5G66940	11	11	13	14	17	7
AT5G66950	876	824	534	739	595	668
AT5G66960	60	66	30	84	70	50
AT5G66985	0	0	6	1	0	0
AT5G67000	0	1	1	0	0	0
AT5G67020	18	22	12	16	6	15
AT5G67030	7640	7146	10333	12452	9803	5892
AT5G67050	4	4	8	16	11	6
AT5G67060	1	0	0	17	12	8
AT5G67070	241	212	436	2081	1750	1238
AT5G67080	302	303	286	828	639	210
AT5G67090	8	5	13	17	22	16
AT5G67100	842	763	367	487	398	376
AT5G67110	122	104	163	73	61	54
AT5G67130	772	609	746	1049	870	841
AT5G67140	353	349	510	463	417	265
AT5G67150	158	137	196	344	266	248
AT5G67160	327	239	297	115	81	52
AT5G67170	302	306	278	269	228	196
AT5G67180	97	86	224	337	238	154
AT5G67190	70	71	157	145	144	117
AT5G67200	57	60	59	97	107	73
AT5G67210	57	50	68	167	145	67
AT5G67220	1812	1725	1607	1549	1290	1273
AT5G67230	174	133	148	215	225	196
AT5G67240	1213	1104	704	727	638	591
AT5G67245	113	117	122	67	50	49
AT5G67250	2868	2587	1985	2838	2453	2368
AT5G67260	836	649	998	941	831	619
AT5G67265	1	0	2	1	0	1
AT5G67270	58	40	69	124	115	111
AT5G67280	416	370	507	847	703	623
AT5G67290	630	638	660	628	550	548
AT5G67300	21664	21174	19554	12836	10678	9225
AT5G67310	438	384	266	151	138	73
AT5G67320	1618	1434	1048	1327	1148	1039
AT5G67330	2311	2146	1985	1291	1235	959
AT5G67340	2911	2707	1314	1034	883	625
AT5G67350	290	290	223	160	109	97
AT5G67360	9062	8963	6606	4067	3538	3018
AT5G67370	2115	1884	2644	1643	1297	1217
AT5G67380	1499	1367	1363	1436	1288	1066
AT5G67385	655	623	880	2367	1900	1822
AT5G67390	88	73	217	212	180	118
AT5G67410	26	27	24	26	35	28
AT5G67411	4	1	5	7	4	8
AT5G67420	2852	2834	3605	2848	2756	2676
AT5G67430	0	2	2	4	4	1
AT5G67440	483	445	504	367	333	285
AT5G67450	1293	1168	951	1001	909	746
AT5G67460	183	154	185	66	50	45
AT5G67470	1080	1094	527	784	646	734
AT5G67480	7677	6803	5966	2786	2522	4152
AT5G67488	795	755	1020	940	758	738
AT5G67490	792	709	1012	895	721	748
AT5G67500	3595	3219	2585	2950	2426	2434
AT5G67510	1859	1826	1819	971	1043	915
AT5G67520	91	105	183	145	140	83
AT5G67530	1041	959	810	672	654	616
AT5G67540	926	861	600	556	488	471
AT5G67550	5	6	7	9	7	15
AT5G67560	1265	1113	1449	2048	1981	2099
AT5G67570	612	507	496	851	753	787
AT5G67580	708	658	659	738	710	652
AT5G67590	1433	1355	1703	1782	1895	2003
AT5G67600	595	514	631	312	378	293
AT5G67610	782	682	632	458	441	438
AT5G67620	40	36	45	88	76	78
AT5G67630	1580	1470	1093	710	596	627
AT5G67640	122	111	114	155	150	141
ATCG00010	16	19	43	37	46	45
ATCG00020	1483	1394	1263	1457	1285	1654
ATCG00030	37	31	57	72	66	51
ATCG00040	17	18	16	37	34	25
ATCG00050	2	5	4	6	4	1
ATCG00060	1	1	2	0	0	0
ATCG00065	12	11	10	16	22	10
ATCG00070	47	54	107	206	147	148
ATCG00080	45	40	130	238	138	138
ATCG00090	21	31	88	72	82	89
ATCG00100	37	36	68	53	64	56
ATCG00110	4	6	14	8	11	8
ATCG00120	155	138	139	513	346	324
ATCG00130	88	69	68	157	117	103
ATCG00140	51	48	52	89	89	73
ATCG00150	43	46	53	100	78	78
ATCG00160	15	23	22	32	18	25
ATCG00170	59	34	10	79	68	54
ATCG00180	89	70	21	185	137	142
ATCG00190	261	204	152	596	495	521
ATCG00200	3	2	5	5	2	1
ATCG00210	4	4	8	15	7	12
ATCG00220	63	37	113	117	101	70
ATCG00230	0	1	0	0	0	0
ATCG00240	0	0	1	1	1	1
ATCG00250	0	1	1	3	2	0
ATCG00260	0	0	0	1	2	1
ATCG00270	270	247	232	334	297	275
ATCG00280	494	391	381	628	593	473
ATCG00290	10	16	21	26	22	12
ATCG00300	24	16	12	22	29	24
ATCG00310	0	0	1	0	0	0
ATCG00320	0	1	5	5	1	0
ATCG00330	54	60	33	99	82	88
ATCG00340	377	363	256	590	507	495
ATCG00350	333	349	263	506	493	426
ATCG00360	21	11	21	20	22	15
ATCG00370	7	3	4	17	11	2
ATCG00380	11	9	12	34	14	21
ATCG00390	2	3	3	1	4	3
ATCG00400	6	6	3	19	16	16
ATCG00410	11	6	8	3	2	2
ATCG00420	25	31	35	70	50	51
ATCG00430	25	18	47	96	82	99
ATCG00440	22	15	6	37	31	35
ATCG00450	138	96	210	198	224	201
ATCG00460	0	2	2	1	0	3
ATCG00470	122	125	189	363	349	386
ATCG00480	395	344	325	1283	1089	1084
ATCG00490	748	693	723	1228	1115	1114
ATCG00500	23	25	19	9	10	17
ATCG00510	6	7	8	11	4	11
ATCG00520	22	15	15	19	19	16
ATCG00530	118	87	218	238	230	230
ATCG00540	95	61	41	148	129	139
ATCG00550	32	27	19	33	59	45
ATCG00560	15	23	10	29	26	23
ATCG00570	14	20	6	32	19	22
ATCG00580	41	36	47	81	69	75
ATCG00590	12	13	9	21	15	10
ATCG00600	8	12	5	12	16	8
ATCG00610	7	4	7	11	4	5
ATCG00620	5	7	4	14	11	12
ATCG00630	129	110	238	313	215	212
ATCG00640	14	19	15	16	10	24
ATCG00650	15	2	7	10	10	8
ATCG00660	21	11	10	14	11	22
ATCG00670	160	129	237	229	192	208
ATCG00680	461	436	464	691	571	578
ATCG00690	39	31	23	68	45	30
ATCG00700	29	25	28	41	40	22
ATCG00710	51	35	25	63	51	47
ATCG00720	143	148	95	161	137	135
ATCG00730	110	116	76	120	77	130
ATCG00740	49	33	14	78	52	36
ATCG00750	19	28	20	48	36	31
ATCG00760	9	8	9	16	18	12
ATCG00770	25	18	16	51	36	28
ATCG00780	43	32	40	102	89	102
ATCG00790	85	95	120	182	143	167
ATCG00800	57	53	61	115	79	100
ATCG00810	26	26	51	75	65	63
ATCG00820	22	15	27	59	51	51
ATCG00830	187	194	276	729	519	505
ATCG00840	18	10	8	75	47	53
ATCG00850	0	0	0	0	0	2
ATCG00860	18	26	17	29	33	33
ATCG00870	1	2	0	2	2	5
ATCG00880	0	3	0	1	1	0
ATCG00890	35	38	21	46	43	47
ATCG00900	44	39	39	82	52	83
ATCG00905	38	31	32	81	55	44
ATCG00910	0	0	0	0	0	1
ATCG00920	9263	10998	10609	10773	11913	8946
ATCG00930	84	121	100	117	121	109
ATCG00940	150	160	159	217	200	180
ATCG00950	19427	22468	23664	19116	21868	16997
ATCG00960	42	37	39	50	76	47
ATCG00970	20	15	14	3	18	28
ATCG00980	1	3	1	0	0	1
ATCG01000	5	5	2	4	5	8
ATCG01010	12	6	14	29	23	11
ATCG01020	195	154	387	414	344	327
ATCG01040	2	6	8	7	9	3
ATCG01050	75	60	71	50	49	42
ATCG01060	17	14	16	17	6	15
ATCG01070	8	6	5	7	7	11
ATCG01080	6	5	15	11	10	18
ATCG01090	8	6	5	5	10	12
ATCG01100	23	25	30	41	50	30
ATCG01110	9	7	4	10	12	6
ATCG01120	3	1	0	5	1	2
ATCG01130	26	28	33	33	25	23
ATCG01140	0	1	0	3	1	1
ATCG01150	3	1	1	3	0	2
ATCG01160	11	12	21	4	10	32
ATCG01170	40	51	52	54	69	65
ATCG01180	19547	22584	23941	18861	22089	16787
ATCG01190	164	165	186	185	216	207
ATCG01200	89	138	84	101	120	110
ATCG01210	9559	11125	10678	10933	11864	8796
ATCG01220	0	0	0	0	0	4
ATCG01230	23	27	26	66	47	55
ATCG01240	39	32	33	75	64	61
ATCG01250	28	16	19	31	39	53
ATCG01270	2	4	0	0	0	2
ATCG01280	23	26	17	36	36	35
ATCG01290	0	0	1	0	0	3
ATCG01300	19	9	6	51	47	47
ATCG01310	218	166	250	659	532	535
ATMG00010	3	4	1	3	4	0
ATMG00020	3149	3300	3463	1601	1718	1287
ATMG00030	278	309	329	192	198	163
ATMG00040	33	27	26	29	28	25
ATMG00050	3	8	8	6	3	4
ATMG00060	191	146	243	304	255	261
ATMG00070	52	33	23	20	19	28
ATMG00080	49	31	52	32	44	34
ATMG00090	380	436	484	518	409	401
ATMG00100	3	4	3	2	3	0
ATMG00110	39	40	35	30	26	31
ATMG00120	3	4	7	4	1	2
ATMG00130	9	12	6	0	5	5
ATMG00140	6	6	5	4	6	4
ATMG00150	5	1	4	2	2	2
ATMG00160	312	270	378	306	272	290
ATMG00170	6	15	4	4	1	4
ATMG00180	82	99	69	73	71	55
ATMG00190	2	3	1	1	1	0
ATMG00200	1	13	2	3	1	2
ATMG00210	17	18	12	13	19	16
ATMG00220	19	20	19	14	6	8
ATMG00240	0	1	0	0	0	0
ATMG00250	1	1	1	0	0	0
ATMG00260	9	1	1	3	2	1
ATMG00270	1	5	2	0	1	2
ATMG00280	2	4	7	3	3	6
ATMG00285	25	11	23	15	11	6
ATMG00290	27	14	12	7	17	15
ATMG00300	3	1	4	2	1	1
ATMG00310	1	2	3	2	0	2
ATMG00320	1	3	3	2	0	2
ATMG00330	5	5	8	4	7	5
ATMG00340	1	0	5	5	2	0
ATMG00350	2	4	0	1	0	2
ATMG00360	0	1	0	1	0	0
ATMG00370	18	16	18	9	15	13
ATMG00380	1	3	0	1	3	0
ATMG00390	0	0	2	0	0	0
ATMG00400	10	3	8	3	2	2
ATMG00410	27	24	20	12	18	14
ATMG00420	0	0	1	0	0	0
ATMG00430	5	0	2	1	2	1
ATMG00440	0	2	0	0	1	1
ATMG00450	3	0	1	0	0	0
ATMG00460	0	1	1	0	0	0
ATMG00470	2	3	5	0	1	1
ATMG00480	19	12	19	27	19	15
ATMG00490	6	6	2	6	8	7
ATMG00500	6	5	7	5	7	9
ATMG00510	292	293	405	303	279	286
ATMG00513	56	49	88	51	42	40
ATMG00516	88	47	72	45	42	44
ATMG00520	52	19	21	19	21	19
ATMG00530	8	7	11	7	4	6
ATMG00540	1	1	2	0	0	0
ATMG00550	4	1	2	0	0	0
ATMG00560	144	149	162	125	152	115
ATMG00570	11	13	4	1	4	2
ATMG00580	298	284	309	274	248	276
ATMG00590	79	86	162	119	96	104
ATMG00600	2	1	2	1	0	0
ATMG00610	10	11	11	2	7	7
ATMG00620	7	11	10	7	6	9
ATMG00630	9	9	4	9	2	7
ATMG00640	50	45	46	47	52	44
ATMG00650	17	20	22	24	29	27
ATMG00660	49	76	72	53	47	36
ATMG00665	5	4	7	6	4	3
ATMG00670	47	55	44	50	44	56
ATMG00680	3	3	0	0	1	0
ATMG00690	35	41	61	25	27	22
ATMG00700	1	2	1	0	1	0
ATMG00710	0	0	0	3	0	0
ATMG00720	1	3	2	1	3	0
ATMG00730	28	23	24	10	8	3
ATMG00740	1	2	4	2	0	2
ATMG00760	0	1	4	0	0	0
ATMG00770	0	1	0	1	0	0
ATMG00780	1	2	3	9	9	9
ATMG00790	0	0	2	0	1	0
ATMG00810	10	7	4	5	9	8
ATMG00820	1	2	2	1	1	2
ATMG00830	22	10	11	1	3	3
ATMG00840	1	0	0	0	0	2
ATMG00860	1	0	0	0	0	1
ATMG00870	2	0	0	0	1	1
ATMG00890	2	2	2	0	0	0
ATMG00900	2	3	6	2	3	0
ATMG00910	1	1	0	2	0	1
ATMG00920	4	4	0	2	5	2
ATMG00930	0	2	1	1	1	1
ATMG00940	2	3	0	3	3	1
ATMG00950	2	1	1	0	1	0
ATMG00960	10	10	10	7	5	2
ATMG00970	5	6	5	0	2	3
ATMG00980	53	49	124	26	28	25
ATMG00990	36	23	55	17	10	20
ATMG01000	15	16	18	9	8	20
ATMG01010	10	6	9	5	9	8
ATMG01020	7	17	4	3	14	7
ATMG01030	5	2	3	2	0	2
ATMG01040	2	0	2	0	0	1
ATMG01050	5	5	3	2	2	1
ATMG01060	3	6	11	1	1	3
ATMG01080	40	39	67	62	46	61
ATMG01090	48	66	71	53	61	51
ATMG01100	2	0	2	3	2	1
ATMG01110	1	6	5	5	2	3
ATMG01120	41	42	30	15	19	19
ATMG01130	22	15	15	22	12	3
ATMG01140	3	2	2	3	2	1
ATMG01150	1	0	1	1	0	2
ATMG01160	0	1	0	0	0	0
ATMG01170	36	52	49	46	40	52
ATMG01180	3	4	7	6	1	4
ATMG01190	159	124	182	102	78	86
ATMG01200	46	35	24	15	31	21
ATMG01210	13	2	4	6	3	6
ATMG01220	23	20	9	17	12	8
ATMG01230	0	2	0	0	1	0
ATMG01250	1	2	2	1	2	0
ATMG01260	1	2	2	1	0	2
ATMG01270	6	4	2	5	4	4
ATMG01275	19	6	4	2	10	5
ATMG01280	16	21	18	11	12	11
ATMG01290	0	1	4	3	0	1
ATMG01300	1	1	0	0	1	0
ATMG01310	1	3	4	0	0	1
ATMG01320	149	144	227	272	250	246
ATMG01330	3	10	3	13	12	11
ATMG01340	1	1	0	0	0	1
ATMG01350	2	5	18	3	3	7
ATMG01360	102	92	91	58	68	78
ATMG01370	114	100	97	89	60	58
ATMG01380	48	57	73	41	36	37
ATMG01390	2457	2577	2064	1536	1681	1140
ATMG01400	0	0	1	1	0	0
ATMG01410	5	3	9	4	8	4
