Geneid	Clavel_Mock_Rep1	Clavel_Mock_Rep2	Clavel_TyMV_Rep1	Clavel_TyMV_Rep2	Clavel_TyMV_Rep3
AT1G01010	3	1	3	8	7
AT1G01020	13	9	6	16	21
AT1G01040	11	19	2	9	12
AT1G01050	42	64	62	93	107
AT1G01060	4	1	6	0	3
AT1G01070	0	0	1	3	0
AT1G01080	76	80	27	23	37
AT1G01090	147	176	66	62	81
AT1G01100	496	616	297	376	469
AT1G01110	3	1	2	1	1
AT1G01120	29	37	31	40	31
AT1G01130	2	5	1	0	0
AT1G01140	51	47	27	39	31
AT1G01150	0	0	0	2	0
AT1G01160	14	20	15	17	24
AT1G01170	153	130	121	145	173
AT1G01180	7	4	7	5	10
AT1G01190	2	2	2	3	0
AT1G01200	0	1	1	0	2
AT1G01210	9	12	9	21	11
AT1G01220	7	17	17	12	10
AT1G01225	11	6	1	2	8
AT1G01230	23	22	22	25	31
AT1G01240	10	11	6	8	6
AT1G01250	7	7	2	0	1
AT1G01260	3	3	4	2	6
AT1G01280	0	1	0	0	0
AT1G01290	9	14	4	6	3
AT1G01300	59	58	22	45	34
AT1G01305	0	0	0	0	1
AT1G01320	100	129	74	92	86
AT1G01340	2	0	6	0	1
AT1G01350	12	9	6	16	16
AT1G01360	11	16	10	3	14
AT1G01370	8	8	5	3	9
AT1G01380	3	1	2	0	1
AT1G01390	1	2	1	4	2
AT1G01420	1	0	0	2	3
AT1G01430	28	24	19	29	26
AT1G01440	4	3	4	2	6
AT1G01448	5	4	6	4	7
AT1G01450	1	0	0	0	0
AT1G01470	79	71	58	59	67
AT1G01490	33	34	25	36	31
AT1G01500	21	12	17	15	5
AT1G01510	9	10	13	13	9
AT1G01530	0	0	0	1	0
AT1G01540	24	17	17	34	36
AT1G01550	106	85	62	61	94
AT1G01560	2	0	7	2	5
AT1G01570	0	2	0	0	0
AT1G01580	0	2	0	0	0
AT1G01600	7	3	4	5	4
AT1G01610	20	27	21	18	38
AT1G01620	287	307	126	139	171
AT1G01630	53	41	29	39	50
AT1G01640	0	1	5	7	4
AT1G01650	15	25	12	11	22
AT1G01660	0	1	0	2	2
AT1G01670	5	0	2	4	2
AT1G01680	1	1	10	2	10
AT1G01690	5	4	3	3	0
AT1G01695	0	0	1	0	0
AT1G01700	0	1	1	0	1
AT1G01710	14	15	11	16	11
AT1G01720	11	6	6	8	16
AT1G01725	17	17	22	33	32
AT1G01730	33	26	21	28	15
AT1G01740	0	1	0	1	1
AT1G01750	1	2	1	2	0
AT1G01760	2	1	1	2	0
AT1G01770	7	13	7	12	4
AT1G01780	8	6	8	12	9
AT1G01790	63	71	24	24	40
AT1G01800	46	42	33	59	69
AT1G01810	1	4	0	0	0
AT1G01820	40	37	34	44	46
AT1G01830	11	9	4	4	5
AT1G01840	12	10	10	17	20
AT1G01860	9	15	14	15	11
AT1G01880	1	1	2	0	0
AT1G01900	16	9	5	10	5
AT1G01910	29	26	26	38	37
AT1G01920	13	14	20	22	33
AT1G01930	3	2	2	5	4
AT1G01940	14	17	18	19	17
AT1G01950	8	28	3	4	7
AT1G01960	15	11	13	14	10
AT1G01970	16	18	9	9	17
AT1G01990	8	18	4	5	6
AT1G02000	2	2	10	9	9
AT1G02010	3	0	3	4	2
AT1G02020	14	13	12	17	15
AT1G02030	1	0	0	0	0
AT1G02040	0	0	0	0	1
AT1G02050	1	5	1	7	7
AT1G02060	0	0	0	0	1
AT1G02065	6	2	0	4	1
AT1G02070	0	2	0	0	0
AT1G02080	33	30	22	35	42
AT1G02090	16	20	25	27	29
AT1G02100	14	15	6	22	21
AT1G02110	18	13	19	9	27
AT1G02120	42	46	33	36	50
AT1G02130	37	25	30	35	35
AT1G02140	62	78	55	43	72
AT1G02145	10	13	6	8	10
AT1G02150	62	84	16	42	37
AT1G02160	45	48	32	36	48
AT1G02170	21	14	23	21	15
AT1G02180	13	3	6	3	7
AT1G02190	1	5	0	1	2
AT1G02205	140	137	75	81	94
AT1G02220	1	0	2	2	2
AT1G02230	0	1	0	0	0
AT1G02260	9	6	7	5	4
AT1G02270	11	15	8	7	10
AT1G02280	92	136	78	89	103
AT1G02290	4	6	1	7	5
AT1G02300	20	26	24	22	13
AT1G02305	72	55	44	54	56
AT1G02310	0	0	0	0	3
AT1G02330	25	19	26	39	23
AT1G02335	5	10	1	4	5
AT1G02340	1	1	2	0	0
AT1G02350	12	2	1	2	10
AT1G02360	3	4	2	2	5
AT1G02370	4	6	5	10	6
AT1G02380	1	3	4	3	0
AT1G02390	0	0	1	0	1
AT1G02400	2	0	0	0	2
AT1G02405	0	0	1	0	0
AT1G02410	26	18	30	20	24
AT1G02420	0	1	0	0	0
AT1G02430	0	1	2	0	2
AT1G02450	19	4	11	20	8
AT1G02460	0	0	0	1	1
AT1G02470	0	0	0	1	1
AT1G02475	49	38	34	50	55
AT1G02500	176	163	127	157	165
AT1G02520	0	1	0	0	0
AT1G02530	0	0	1	0	1
AT1G02560	247	300	159	144	160
AT1G02610	2	4	5	5	8
AT1G02640	16	20	9	3	16
AT1G02650	1	0	0	1	0
AT1G02660	6	3	4	1	6
AT1G02670	1	0	0	0	0
AT1G02680	7	9	9	7	8
AT1G02690	4	8	7	1	6
AT1G02700	0	2	0	1	0
AT1G02710	5	4	7	1	8
AT1G02720	4	5	3	3	8
AT1G02730	25	29	8	10	13
AT1G02740	6	8	9	6	7
AT1G02750	4	10	13	15	20
AT1G02780	944	1209	643	749	925
AT1G02800	6	5	1	1	0
AT1G02813	0	1	0	0	0
AT1G02816	9	14	13	20	19
AT1G02820	1	6	24	21	43
AT1G02840	41	48	30	43	46
AT1G02850	1	0	1	2	0
AT1G02860	2	3	3	8	4
AT1G02870	26	29	27	38	47
AT1G02880	20	8	19	9	20
AT1G02890	11	14	19	19	28
AT1G02900	2	0	0	5	2
AT1G02910	39	47	14	26	25
AT1G02920	19	12	34	27	36
AT1G02930	116	63	125	132	145
AT1G02950	5	2	1	5	4
AT1G02952	0	2	0	0	0
AT1G02960	6	2	5	15	10
AT1G02970	2	2	2	0	2
AT1G02990	4	3	5	4	5
AT1G03000	12	14	4	10	18
AT1G03010	2	4	0	0	0
AT1G03030	16	10	7	7	15
AT1G03040	3	9	10	14	9
AT1G03050	0	0	1	0	0
AT1G03055	0	1	0	1	1
AT1G03060	19	15	19	12	18
AT1G03070	0	0	0	0	1
AT1G03080	12	18	3	17	11
AT1G03090	18	16	10	13	10
AT1G03100	0	2	3	2	4
AT1G03110	7	8	9	5	18
AT1G03130	1605	1656	192	199	286
AT1G03140	29	19	22	36	38
AT1G03150	17	11	14	28	25
AT1G03160	20	18	10	11	13
AT1G03170	0	1	0	0	0
AT1G03180	3	1	4	2	2
AT1G03190	6	1	1	4	4
AT1G03200	0	0	3	0	0
AT1G03210	18	7	9	17	17
AT1G03220	15	13	11	11	13
AT1G03230	18	22	16	11	12
AT1G03250	17	15	12	9	22
AT1G03260	6	9	6	3	3
AT1G03270	0	2	0	2	3
AT1G03280	15	20	17	14	20
AT1G03290	20	15	20	29	20
AT1G03300	1	2	1	1	4
AT1G03310	43	23	11	21	15
AT1G03320	0	1	0	0	0
AT1G03330	34	38	21	40	65
AT1G03340	1	0	1	2	0
AT1G03350	20	23	22	24	22
AT1G03360	16	12	8	9	21
AT1G03365	8	16	3	7	6
AT1G03370	37	17	14	26	22
AT1G03380	9	3	2	6	9
AT1G03390	1	0	0	0	0
AT1G03400	28	27	26	27	42
AT1G03410	28	27	17	16	25
AT1G03430	15	17	13	11	14
AT1G03440	7	8	12	5	13
AT1G03457	2	2	0	1	3
AT1G03470	1	6	5	3	2
AT1G03475	226	249	73	70	99
AT1G03495	0	2	2	1	3
AT1G03502	0	1	1	0	0
AT1G03510	0	2	0	2	0
AT1G03520	9	9	6	5	8
AT1G03530	6	4	7	6	4
AT1G03545	1	2	1	0	1
AT1G03550	4	5	6	1	4
AT1G03560	2	3	0	1	0
AT1G03590	13	8	6	9	7
AT1G03600	220	232	72	78	105
AT1G03610	4	10	9	10	19
AT1G03620	0	0	2	0	3
AT1G03630	238	242	46	39	54
AT1G03650	2	3	5	5	8
AT1G03660	1	3	0	1	2
AT1G03680	541	495	188	208	258
AT1G03687	5	14	6	3	15
AT1G03710	0	0	1	0	0
AT1G03730	7	6	3	4	9
AT1G03740	19	15	15	30	14
AT1G03743	0	0	0	1	0
AT1G03750	4	4	0	1	1
AT1G03760	2	7	11	12	7
AT1G03770	0	0	1	0	0
AT1G03780	11	7	6	3	12
AT1G03820	6	4	3	3	4
AT1G03830	1	4	3	6	3
AT1G03850	8	3	5	8	10
AT1G03860	37	45	26	36	51
AT1G03870	86	102	44	48	92
AT1G03900	38	26	48	40	49
AT1G03905	0	1	0	0	1
AT1G03910	9	24	6	19	35
AT1G03930	25	23	18	10	23
AT1G03935	0	1	1	1	0
AT1G03940	0	0	1	2	0
AT1G03950	6	3	4	3	7
AT1G03960	7	13	5	9	6
AT1G03970	7	5	1	7	5
AT1G03980	8	5	3	7	5
AT1G03990	0	0	1	1	0
AT1G04000	9	6	6	7	3
AT1G04010	1	3	1	1	4
AT1G04020	9	6	9	4	5
AT1G04030	82	68	73	70	98
AT1G04040	90	84	80	79	106
AT1G04050	2	1	1	2	2
AT1G04070	11	3	8	10	12
AT1G04080	79	76	75	94	94
AT1G04090	1	0	0	0	2
AT1G04100	2	4	3	5	0
AT1G04110	3	5	1	3	4
AT1G04120	12	7	9	7	13
AT1G04130	7	8	7	11	4
AT1G04140	22	18	9	20	18
AT1G04160	1	3	1	3	2
AT1G04170	48	66	40	50	50
AT1G04190	16	19	10	14	17
AT1G04200	10	11	8	10	9
AT1G04210	10	12	19	14	17
AT1G04220	0	3	1	1	1
AT1G04230	2	5	2	4	6
AT1G04240	34	47	16	19	19
AT1G04250	12	13	10	4	11
AT1G04260	26	23	14	14	21
AT1G04270	547	717	464	498	660
AT1G04280	8	23	13	16	6
AT1G04290	12	7	25	15	22
AT1G04295	3	1	6	1	3
AT1G04300	10	16	11	18	13
AT1G04310	1	6	1	4	6
AT1G04330	0	0	0	1	0
AT1G04340	13	25	18	5	23
AT1G04350	25	30	30	36	47
AT1G04360	0	3	0	0	1
AT1G04390	6	4	2	3	3
AT1G04400	48	51	45	56	71
AT1G04410	465	509	431	458	562
AT1G04420	47	48	21	31	46
AT1G04425	3	5	3	4	3
AT1G04430	55	60	33	51	59
AT1G04440	45	33	39	34	24
AT1G04480	251	292	165	193	230
AT1G04490	0	1	0	0	0
AT1G04500	0	0	0	0	1
AT1G04510	25	49	34	43	50
AT1G04520	5	6	4	6	6
AT1G04530	44	33	41	33	60
AT1G04540	0	1	1	2	1
AT1G04550	17	13	7	10	17
AT1G04555	5	4	8	5	8
AT1G04570	1	1	0	0	1
AT1G04590	8	9	2	9	13
AT1G04600	0	1	0	0	0
AT1G04620	11	15	15	20	11
AT1G04630	33	48	21	17	24
AT1G04635	6	6	11	7	3
AT1G04640	30	32	22	23	27
AT1G04650	1	3	3	2	2
AT1G04660	6	6	1	0	1
AT1G04670	0	0	0	0	1
AT1G04680	67	73	41	40	39
AT1G04690	68	65	60	66	78
AT1G04700	0	1	0	4	0
AT1G04710	10	16	14	12	20
AT1G04730	2	3	2	3	1
AT1G04750	77	81	64	75	92
AT1G04760	0	0	0	0	2
AT1G04770	3	5	3	9	5
AT1G04778	0	1	0	0	0
AT1G04780	17	21	21	25	25
AT1G04790	9	9	10	9	11
AT1G04800	118	154	64	50	104
AT1G04810	20	31	40	47	45
AT1G04820	256	306	182	174	223
AT1G04830	9	4	3	5	10
AT1G04850	33	50	27	32	62
AT1G04860	4	8	5	7	7
AT1G04870	14	24	14	36	31
AT1G04900	1	6	7	3	10
AT1G04910	25	19	21	17	14
AT1G04920	0	2	1	3	0
AT1G04930	3	0	2	3	2
AT1G04940	38	52	20	21	21
AT1G04945	45	61	28	24	34
AT1G04950	4	22	12	11	12
AT1G04960	13	12	4	15	15
AT1G04970	13	17	18	25	18
AT1G04980	17	10	11	16	20
AT1G04985	15	19	13	16	13
AT1G04990	7	13	10	17	13
AT1G05000	0	0	2	4	3
AT1G05010	110	94	74	91	121
AT1G05020	1	1	0	0	0
AT1G05030	11	4	2	4	11
AT1G05055	6	12	10	18	15
AT1G05060	18	8	4	11	5
AT1G05065	2	0	1	1	0
AT1G05070	18	11	30	20	37
AT1G05090	0	8	3	5	1
AT1G05120	6	5	4	11	12
AT1G05140	21	33	12	22	19
AT1G05150	19	21	13	18	19
AT1G05160	6	5	2	4	9
AT1G05170	10	17	6	6	8
AT1G05180	13	9	24	20	29
AT1G05190	428	447	182	211	257
AT1G05200	20	14	12	10	27
AT1G05205	23	26	22	21	36
AT1G05210	7	13	15	6	11
AT1G05220	3	6	14	8	12
AT1G05230	2	6	11	6	10
AT1G05250	0	0	0	2	0
AT1G05270	2	10	5	3	2
AT1G05300	1	2	2	4	3
AT1G05310	4	2	2	1	2
AT1G05320	10	7	8	8	5
AT1G05340	0	0	1	6	12
AT1G05350	13	20	6	26	19
AT1G05360	5	9	4	4	3
AT1G05370	5	0	0	0	0
AT1G05380	9	10	9	9	9
AT1G05385	40	39	13	17	17
AT1G05400	0	0	1	0	0
AT1G05410	5	8	12	8	11
AT1G05420	0	0	1	0	4
AT1G05430	20	25	20	24	19
AT1G05440	4	2	5	0	3
AT1G05460	2	12	3	6	3
AT1G05470	3	2	3	3	3
AT1G05490	1	2	0	1	1
AT1G05500	18	26	5	12	11
AT1G05520	11	18	12	22	32
AT1G05540	2	1	5	1	0
AT1G05550	1	0	0	0	0
AT1G05560	6	9	3	2	0
AT1G05562	2	2	0	1	1
AT1G05570	5	22	17	21	16
AT1G05575	1	0	5	4	12
AT1G05590	21	17	7	6	6
AT1G05600	5	8	5	2	2
AT1G05610	0	1	0	2	1
AT1G05620	11	12	12	23	11
AT1G05630	12	8	5	8	13
AT1G05640	0	1	2	0	0
AT1G05670	1	7	4	6	5
AT1G05675	0	0	2	0	1
AT1G05680	1	2	1	1	1
AT1G05690	1	3	3	4	5
AT1G05700	1	0	0	0	1
AT1G05710	2	3	10	13	8
AT1G05720	36	44	44	35	51
AT1G05730	2	4	2	3	2
AT1G05750	6	7	5	9	7
AT1G05760	3	1	3	0	2
AT1G05770	3	2	0	0	0
AT1G05780	7	1	7	7	10
AT1G05785	4	2	11	3	11
AT1G05790	4	7	8	5	12
AT1G05805	25	18	22	19	25
AT1G05810	6	9	7	12	8
AT1G05820	0	0	0	2	3
AT1G05830	11	11	7	13	13
AT1G05835	49	45	7	7	26
AT1G05840	8	8	6	12	13
AT1G05850	661	661	404	437	550
AT1G05860	11	14	3	10	6
AT1G05870	21	19	9	9	14
AT1G05890	14	25	36	40	30
AT1G05894	0	0	1	0	0
AT1G05900	13	12	6	4	12
AT1G05910	8	10	4	5	11
AT1G05940	23	29	27	30	29
AT1G05950	3	3	0	1	0
AT1G05960	20	14	10	20	27
AT1G05970	9	9	7	5	14
AT1G06000	14	19	19	28	31
AT1G06002	5	1	0	3	2
AT1G06010	21	11	20	10	13
AT1G06020	0	0	0	1	0
AT1G06040	227	210	167	201	222
AT1G06050	2	1	2	4	2
AT1G06060	23	15	13	14	10
AT1G06070	8	22	12	20	18
AT1G06080	35	44	5	2	10
AT1G06090	0	0	1	0	2
AT1G06100	2	5	3	3	3
AT1G06110	16	23	14	17	21
AT1G06130	26	16	6	14	21
AT1G06148	0	0	1	0	0
AT1G06149	8	11	3	15	10
AT1G06150	9	17	8	21	18
AT1G06160	1	0	5	2	1
AT1G06170	0	2	0	0	0
AT1G06180	2	2	2	5	3
AT1G06190	64	54	37	35	61
AT1G06200	38	43	41	40	47
AT1G06210	9	8	7	8	14
AT1G06220	43	29	30	47	42
AT1G06230	12	16	20	17	17
AT1G06240	7	6	4	8	13
AT1G06250	1	0	0	1	0
AT1G06265	4	1	5	1	1
AT1G06270	1	3	0	2	0
AT1G06290	26	22	25	20	35
AT1G06350	1	5	0	5	3
AT1G06360	28	35	23	19	33
AT1G06380	1	10	3	4	8
AT1G06390	23	16	20	29	13
AT1G06400	31	29	34	24	30
AT1G06410	49	41	32	45	46
AT1G06420	2	0	1	2	0
AT1G06430	24	39	12	13	17
AT1G06440	0	0	0	1	1
AT1G06450	9	5	7	6	3
AT1G06460	215	160	131	151	141
AT1G06470	20	21	14	17	8
AT1G06475	3	3	5	2	9
AT1G06490	2	5	1	2	3
AT1G06500	21	16	12	8	11
AT1G06510	16	18	8	13	14
AT1G06515	28	21	22	23	31
AT1G06520	0	0	1	0	0
AT1G06530	37	35	22	28	32
AT1G06550	24	28	13	19	24
AT1G06560	5	9	12	9	17
AT1G06570	10	16	9	17	22
AT1G06580	0	1	0	1	2
AT1G06590	13	6	8	8	4
AT1G06620	0	0	0	2	3
AT1G06630	12	12	9	21	9
AT1G06640	48	48	39	36	58
AT1G06645	3	9	2	2	5
AT1G06650	29	21	42	69	71
AT1G06660	2	4	3	3	5
AT1G06670	30	37	25	18	31
AT1G06680	6616	6385	999	1008	1434
AT1G06690	19	22	13	10	10
AT1G06700	28	30	23	30	31
AT1G06710	0	0	1	1	0
AT1G06720	10	15	6	15	18
AT1G06730	4	7	4	16	6
AT1G06750	1	5	1	1	2
AT1G06760	163	192	138	158	192
AT1G06770	5	4	6	5	5
AT1G06780	10	5	7	5	11
AT1G06790	11	10	13	22	16
AT1G06800	1	5	2	1	1
AT1G06820	15	14	10	14	18
AT1G06830	19	20	28	18	37
AT1G06840	7	5	4	5	7
AT1G06850	4	10	1	6	4
AT1G06870	10	9	8	6	5
AT1G06880	0	0	1	0	0
AT1G06890	16	16	12	12	25
AT1G06900	5	12	11	17	25
AT1G06910	2	6	3	4	6
AT1G06930	0	0	0	0	1
AT1G06950	84	103	39	36	64
AT1G06960	20	16	11	29	23
AT1G06970	0	0	0	0	2
AT1G06980	0	1	0	0	2
AT1G07000	13	7	10	21	12
AT1G07010	24	9	9	13	22
AT1G07020	29	22	14	10	28
AT1G07030	18	7	11	11	7
AT1G07040	9	6	10	12	21
AT1G07050	24	17	31	55	43
AT1G07070	28	49	17	29	52
AT1G07080	60	49	50	66	76
AT1G07090	2	2	12	5	8
AT1G07110	45	42	69	61	75
AT1G07119	0	3	2	0	0
AT1G07120	0	1	2	0	0
AT1G07128	0	3	2	1	1
AT1G07130	1	3	1	2	1
AT1G07135	21	9	46	61	83
AT1G07140	84	97	52	50	63
AT1G07150	0	0	0	2	2
AT1G07170	30	26	23	33	31
AT1G07180	14	10	7	13	27
AT1G07200	1	10	5	4	5
AT1G07210	28	27	20	13	24
AT1G07220	10	13	5	10	10
AT1G07230	21	13	19	19	22
AT1G07240	26	15	12	18	18
AT1G07250	22	16	11	12	6
AT1G07260	0	2	0	0	0
AT1G07270	1	0	0	0	0
AT1G07280	22	25	11	13	18
AT1G07290	1	0	0	0	0
AT1G07300	0	0	2	1	0
AT1G07310	34	40	16	31	37
AT1G07320	366	437	110	121	164
AT1G07350	21	27	25	31	39
AT1G07360	35	33	26	33	45
AT1G07370	18	20	13	19	12
AT1G07380	0	0	2	1	0
AT1G07390	0	0	1	2	2
AT1G07400	1	0	0	7	5
AT1G07410	1	0	2	0	0
AT1G07420	26	31	38	36	61
AT1G07430	0	0	1	1	0
AT1G07440	42	35	56	64	70
AT1G07450	2	1	1	9	9
AT1G07470	21	16	12	17	23
AT1G07480	10	14	13	15	13
AT1G07485	6	1	2	1	6
AT1G07490	6	1	2	0	4
AT1G07510	20	22	15	17	25
AT1G07520	0	0	5	2	3
AT1G07530	13	11	5	10	6
AT1G07570	13	13	4	4	15
AT1G07590	318	240	686	773	978
AT1G07610	1	10	19	0	22
AT1G07615	3	2	2	1	0
AT1G07620	3	2	1	1	1
AT1G07630	8	12	11	6	13
AT1G07640	5	2	9	12	9
AT1G07650	31	48	21	28	38
AT1G07660	27	18	19	20	25
AT1G07670	17	22	16	19	24
AT1G07700	42	34	8	27	25
AT1G07705	8	10	12	14	13
AT1G07710	0	0	1	0	0
AT1G07720	14	14	5	12	22
AT1G07725	0	2	0	4	0
AT1G07728	3	2	0	4	0
AT1G07730	0	2	0	1	0
AT1G07740	2	3	3	2	1
AT1G07745	0	2	0	4	3
AT1G07750	0	4	3	8	4
AT1G07770	427	538	315	414	539
AT1G07780	11	15	19	10	15
AT1G07790	35	38	23	24	25
AT1G07810	12	25	20	21	16
AT1G07820	170	173	84	90	114
AT1G07830	27	29	12	26	37
AT1G07840	13	17	11	13	15
AT1G07870	6	4	7	4	1
AT1G07880	4	0	3	1	1
AT1G07890	252	284	357	363	482
AT1G07900	0	1	1	1	0
AT1G07901	0	1	2	0	2
AT1G07910	5	10	0	5	7
AT1G07920	314	357	284	305	365
AT1G07930	291	329	230	278	346
AT1G07940	332	456	322	336	416
AT1G07950	13	10	21	17	11
AT1G07960	12	11	23	29	19
AT1G07970	13	13	4	6	13
AT1G07980	10	6	9	5	7
AT1G07985	1	0	0	0	0
AT1G07990	16	22	10	12	24
AT1G08000	0	7	5	3	3
AT1G08010	16	20	6	11	10
AT1G08030	7	11	4	9	5
AT1G08035	0	0	0	1	2
AT1G08040	15	25	10	13	13
AT1G08050	4	4	5	4	5
AT1G08060	7	7	7	9	15
AT1G08070	0	1	0	1	2
AT1G08110	72	86	53	75	78
AT1G08115	1	1	0	0	3
AT1G08125	14	5	15	16	9
AT1G08130	35	24	23	25	28
AT1G08160	12	4	4	4	4
AT1G08165	3	6	4	3	1
AT1G08180	9	6	4	5	7
AT1G08190	28	41	20	31	46
AT1G08200	89	86	84	79	92
AT1G08210	6	8	5	5	13
AT1G08220	10	6	5	5	5
AT1G08230	7	6	5	1	7
AT1G08250	13	6	8	9	8
AT1G08260	5	4	3	0	4
AT1G08270	7	7	7	7	11
AT1G08280	8	6	7	5	7
AT1G08290	1	0	0	0	0
AT1G08300	0	1	0	3	0
AT1G08310	0	0	0	1	1
AT1G08315	4	2	2	6	0
AT1G08320	0	1	0	0	0
AT1G08340	0	1	0	0	2
AT1G08350	3	4	2	5	8
AT1G08360	292	314	291	303	405
AT1G08370	20	13	25	25	26
AT1G08380	5025	4551	764	805	1197
AT1G08390	4	11	6	10	4
AT1G08400	2	2	1	4	2
AT1G08410	9	2	6	7	6
AT1G08420	4	10	11	13	13
AT1G08430	0	1	0	0	0
AT1G08450	133	96	93	101	126
AT1G08460	9	11	23	13	12
AT1G08465	29	25	18	28	35
AT1G08470	14	20	5	12	19
AT1G08480	76	94	64	70	90
AT1G08490	19	39	13	18	19
AT1G08500	6	1	2	2	2
AT1G08510	56	45	26	20	31
AT1G08520	165	163	82	68	110
AT1G08530	6	12	6	6	16
AT1G08540	64	71	22	21	30
AT1G08550	35	47	22	33	28
AT1G08560	41	54	34	24	36
AT1G08570	29	24	33	30	31
AT1G08580	69	74	35	38	64
AT1G08590	2	0	1	3	1
AT1G08600	11	5	10	6	6
AT1G08610	6	7	2	2	11
AT1G08620	4	6	2	6	8
AT1G08630	2	4	0	0	2
AT1G08640	100	89	34	47	53
AT1G08650	18	8	14	11	12
AT1G08660	25	21	11	14	31
AT1G08680	11	14	19	14	20
AT1G08700	25	15	24	24	33
AT1G08710	5	6	11	2	15
AT1G08720	10	7	10	11	15
AT1G08730	0	0	0	0	1
AT1G08750	6	11	3	13	14
AT1G08760	4	3	4	0	3
AT1G08770	12	12	2	10	10
AT1G08780	13	29	23	20	31
AT1G08800	4	6	5	1	1
AT1G08810	4	7	7	7	5
AT1G08820	16	19	17	17	6
AT1G08830	387	399	389	478	565
AT1G08840	80	86	86	142	124
AT1G08845	7	10	9	13	8
AT1G08860	0	1	0	1	0
AT1G08880	86	89	49	72	86
AT1G08890	9	3	2	4	4
AT1G08900	7	7	20	7	14
AT1G08910	4	6	9	8	10
AT1G08920	7	3	4	2	5
AT1G08930	64	45	51	55	53
AT1G08940	1	7	2	4	3
AT1G08960	2	4	4	4	1
AT1G08970	23	25	33	39	41
AT1G08980	54	60	43	48	31
AT1G09000	0	1	0	4	2
AT1G09010	34	21	24	24	39
AT1G09020	10	3	8	6	7
AT1G09040	0	2	0	4	7
AT1G09050	1	0	0	2	0
AT1G09060	4	17	9	17	22
AT1G09070	57	53	128	124	192
AT1G09080	7	2	5	1	2
AT1G09100	8	17	18	24	27
AT1G09130	138	147	69	65	87
AT1G09140	28	23	25	27	36
AT1G09150	55	31	40	41	55
AT1G09160	20	30	13	12	12
AT1G09170	0	1	0	0	0
AT1G09180	0	1	0	2	0
AT1G09190	4	4	2	5	4
AT1G09195	4	1	5	8	7
AT1G09200	178	172	90	67	129
AT1G09210	125	134	110	111	134
AT1G09220	2	1	0	0	0
AT1G09230	4	7	9	6	13
AT1G09240	0	0	7	1	3
AT1G09250	4	5	5	11	5
AT1G09270	18	28	17	25	33
AT1G09280	12	6	9	15	28
AT1G09290	7	9	12	15	13
AT1G09300	6	11	9	14	9
AT1G09310	844	860	474	500	701
AT1G09320	6	2	1	4	4
AT1G09330	14	17	13	14	21
AT1G09340	445	456	123	124	182
AT1G09350	2	3	0	0	0
AT1G09380	0	0	0	1	0
AT1G09390	9	18	7	8	6
AT1G09410	0	0	0	0	1
AT1G09415	30	27	26	41	51
AT1G09420	3	7	1	3	4
AT1G09421	0	2	0	0	1
AT1G09430	44	45	42	41	38
AT1G09440	2	2	1	1	1
AT1G09450	3	6	2	4	2
AT1G09460	4	3	1	0	2
AT1G09470	2	3	2	1	2
AT1G09480	0	0	0	0	1
AT1G09490	15	13	24	30	24
AT1G09500	1	1	4	2	3
AT1G09520	14	10	9	16	12
AT1G09530	7	3	2	3	3
AT1G09540	0	0	0	0	1
AT1G09560	24	24	20	28	44
AT1G09570	18	32	21	25	21
AT1G09575	1	5	1	1	1
AT1G09580	4	22	6	10	9
AT1G09590	205	261	127	170	217
AT1G09610	3	0	0	4	1
AT1G09620	75	68	41	61	62
AT1G09630	25	19	10	17	16
AT1G09640	113	179	125	129	171
AT1G09645	11	8	6	24	21
AT1G09650	1	0	1	0	0
AT1G09660	19	13	9	27	26
AT1G09680	5	1	0	0	0
AT1G09690	791	942	459	493	624
AT1G09700	14	8	8	21	8
AT1G09710	4	4	5	8	2
AT1G09730	9	12	7	14	12
AT1G09740	9	8	12	2	10
AT1G09750	419	424	170	177	221
AT1G09760	48	47	33	28	40
AT1G09770	59	73	43	41	56
AT1G09780	52	72	54	78	77
AT1G09794	5	4	4	5	5
AT1G09795	32	23	32	23	27
AT1G09800	4	2	4	1	5
AT1G09810	4	5	6	11	10
AT1G09812	1	0	0	1	0
AT1G09815	40	51	36	34	41
AT1G09820	4	6	4	6	0
AT1G09830	23	16	22	22	25
AT1G09840	11	12	4	13	11
AT1G09850	24	12	11	15	18
AT1G09860	2	0	0	0	1
AT1G09870	12	12	7	10	15
AT1G09880	1	0	1	1	0
AT1G09890	2	0	0	0	0
AT1G09900	9	9	4	4	8
AT1G09910	11	9	18	16	25
AT1G09920	19	23	18	19	16
AT1G09932	8	4	16	25	21
AT1G09935	0	0	0	0	2
AT1G09940	8	5	6	7	12
AT1G09950	0	0	0	0	1
AT1G09960	1	1	0	1	2
AT1G09970	17	12	31	35	34
AT1G09980	22	19	11	18	14
AT1G09995	2	2	6	8	0
AT1G10000	1	0	0	1	0
AT1G10010	0	0	1	0	0
AT1G10020	9	17	4	10	10
AT1G10030	17	31	8	19	10
AT1G10040	1	0	1	0	0
AT1G10050	1	2	3	9	6
AT1G10060	22	16	17	5	12
AT1G10070	5	4	5	6	2
AT1G10090	13	15	6	15	20
AT1G10095	0	1	3	2	2
AT1G10120	13	23	11	8	24
AT1G10130	7	15	17	12	10
AT1G10140	2	5	2	14	13
AT1G10150	10	11	7	7	15
AT1G10170	14	5	10	18	16
AT1G10180	15	16	22	29	35
AT1G10200	56	37	30	30	37
AT1G10210	3	3	13	8	8
AT1G10230	12	10	13	14	14
AT1G10240	2	12	7	10	18
AT1G10270	8	10	10	11	7
AT1G10280	2	2	1	2	6
AT1G10290	29	29	20	31	30
AT1G10300	0	0	0	0	1
AT1G10310	23	27	15	20	12
AT1G10320	4	3	5	5	5
AT1G10330	0	2	0	1	0
AT1G10340	7	3	15	12	7
AT1G10350	12	12	8	9	11
AT1G10360	56	41	24	24	43
AT1G10370	13	18	2	3	13
AT1G10380	14	7	3	4	4
AT1G10390	30	34	19	34	34
AT1G10410	22	13	18	14	27
AT1G10417	0	0	1	3	2
AT1G10430	9	11	4	14	11
AT1G10450	8	9	5	6	8
AT1G10460	3	6	0	6	0
AT1G10470	77	73	39	54	87
AT1G10490	41	44	31	43	54
AT1G10500	37	38	27	31	47
AT1G10510	24	31	6	20	10
AT1G10520	0	1	0	0	1
AT1G10522	86	107	97	87	116
AT1G10540	1	0	0	0	3
AT1G10550	1	0	0	0	0
AT1G10560	0	0	0	0	5
AT1G10570	14	14	12	13	29
AT1G10580	38	34	24	24	34
AT1G10585	0	1	0	1	0
AT1G10590	72	73	58	42	56
AT1G10600	14	18	12	8	9
AT1G10610	9	3	9	12	14
AT1G10630	30	46	27	18	40
AT1G10640	13	10	5	1	11
AT1G10650	8	12	5	7	12
AT1G10657	21	28	12	8	14
AT1G10660	8	15	16	26	29
AT1G10670	112	154	87	84	100
AT1G10682	53	45	15	20	27
AT1G10690	5	7	18	16	21
AT1G10700	6	12	7	16	14
AT1G10710	0	0	0	1	0
AT1G10720	21	11	17	17	22
AT1G10730	1	0	0	2	1
AT1G10740	11	14	9	9	14
AT1G10750	0	0	1	0	0
AT1G10760	94	93	86	86	86
AT1G10770	1	0	0	0	3
AT1G10780	4	6	6	3	5
AT1G10790	0	1	0	0	0
AT1G10800	0	0	0	0	1
AT1G10820	11	7	13	13	9
AT1G10830	18	26	13	19	23
AT1G10840	43	67	46	61	81
AT1G10850	11	9	7	5	10
AT1G10865	22	15	21	28	29
AT1G10870	5	5	4	9	5
AT1G10890	25	22	23	26	13
AT1G10900	9	10	4	16	13
AT1G10910	7	14	4	10	5
AT1G10920	5	4	1	1	4
AT1G10930	10	12	4	13	4
AT1G10940	36	47	28	34	52
AT1G10950	21	22	15	18	28
AT1G10960	287	270	179	145	315
AT1G10970	2	10	2	8	2
AT1G10980	1	4	1	0	1
AT1G10990	9	11	4	8	4
AT1G11000	10	11	1	4	7
AT1G11020	2	5	5	4	7
AT1G11040	0	0	1	0	0
AT1G11050	2	6	1	8	6
AT1G11060	7	6	8	4	7
AT1G11070	1	2	0	0	0
AT1G11080	6	1	0	0	0
AT1G11090	7	12	4	15	7
AT1G11100	2	1	0	0	3
AT1G11112	2	3	0	1	0
AT1G11120	0	2	0	0	0
AT1G11125	1	1	0	0	0
AT1G11130	14	18	10	13	14
AT1G11160	0	5	0	1	1
AT1G11170	2	0	0	0	1
AT1G11175	4	2	3	1	10
AT1G11180	10	12	8	8	16
AT1G11185	0	1	0	0	0
AT1G11190	2	3	0	0	2
AT1G11200	13	10	11	12	13
AT1G11210	11	6	10	4	3
AT1G11220	0	1	0	4	3
AT1G11240	47	47	37	24	25
AT1G11260	92	102	61	57	93
AT1G11270	0	0	2	4	8
AT1G11280	23	18	11	12	11
AT1G11290	0	3	1	0	0
AT1G11300	8	5	2	6	8
AT1G11310	68	52	60	72	96
AT1G11320	4	5	3	4	5
AT1G11330	45	27	21	21	25
AT1G11340	2	1	0	1	2
AT1G11350	17	16	13	18	15
AT1G11360	25	26	22	16	19
AT1G11380	12	5	4	9	13
AT1G11390	8	6	10	14	7
AT1G11400	10	28	9	10	23
AT1G11410	18	4	9	7	7
AT1G11420	0	1	1	0	0
AT1G11430	236	244	81	84	128
AT1G11440	7	8	12	19	18
AT1G11450	1	1	0	0	0
AT1G11475	77	53	62	68	79
AT1G11480	23	20	22	22	17
AT1G11500	0	1	0	0	0
AT1G11530	43	28	44	63	66
AT1G11540	0	0	0	1	0
AT1G11545	22	22	6	7	17
AT1G11570	1	0	0	0	2
AT1G11580	10	5	3	6	7
AT1G11592	5	7	5	3	19
AT1G11600	6	8	7	2	3
AT1G11630	2	8	1	5	4
AT1G11650	162	184	125	132	169
AT1G11660	11	7	12	10	23
AT1G11670	4	4	0	1	1
AT1G11680	56	53	41	44	57
AT1G11700	5	4	2	4	7
AT1G11710	1	4	0	1	3
AT1G11720	22	26	4	8	9
AT1G11730	0	1	2	0	2
AT1G11740	2	6	0	0	1
AT1G11750	135	138	54	61	83
AT1G11755	9	8	11	12	12
AT1G11760	7	1	5	4	5
AT1G11780	0	7	1	7	5
AT1G11790	8	26	15	12	23
AT1G11800	1	4	2	3	0
AT1G11810	1	0	0	0	0
AT1G11820	32	28	12	13	32
AT1G11840	151	149	87	91	113
AT1G11850	109	136	67	77	150
AT1G11860	559	678	212	244	334
AT1G11870	28	19	12	18	11
AT1G11880	5	6	3	4	5
AT1G11890	36	31	18	25	17
AT1G11900	4	0	2	0	1
AT1G11905	4	4	3	9	9
AT1G11910	216	181	150	198	214
AT1G11915	0	1	0	0	0
AT1G11930	60	45	33	34	37
AT1G11940	4	5	6	7	2
AT1G11950	1	4	0	1	6
AT1G11960	9	3	2	4	3
AT1G11990	0	1	0	0	1
AT1G12000	76	87	65	61	75
AT1G12010	4	3	0	0	0
AT1G12013	0	0	0	2	0
AT1G12020	7	13	6	4	5
AT1G12030	1	0	0	0	0
AT1G12050	18	20	11	24	27
AT1G12060	3	4	4	1	4
AT1G12080	24	14	5	11	11
AT1G12090	2704	2662	2136	2220	2695
AT1G12100	0	1	2	0	4
AT1G12110	20	15	11	26	29
AT1G12120	26	22	24	28	35
AT1G12140	23	12	17	17	22
AT1G12150	0	0	5	3	3
AT1G12160	8	4	0	0	0
AT1G12200	2	3	1	2	3
AT1G12210	0	1	0	4	1
AT1G12211	0	1	0	0	1
AT1G12220	9	13	9	3	4
AT1G12230	66	55	30	28	40
AT1G12240	39	49	35	54	47
AT1G12244	8	10	7	3	6
AT1G12250	33	28	25	26	30
AT1G12260	2	3	1	0	0
AT1G12270	42	46	36	49	50
AT1G12280	6	4	4	3	3
AT1G12290	1	4	6	2	4
AT1G12300	1	2	2	1	1
AT1G12310	84	71	47	75	84
AT1G12320	10	8	12	6	3
AT1G12330	13	12	2	3	7
AT1G12340	0	0	1	1	1
AT1G12350	6	2	7	18	16
AT1G12360	15	14	30	28	22
AT1G12370	2	1	8	1	2
AT1G12380	2	3	1	0	4
AT1G12390	9	10	6	19	13
AT1G12400	8	12	23	20	14
AT1G12410	84	84	32	52	60
AT1G12420	9	3	5	6	12
AT1G12430	9	6	4	3	5
AT1G12440	47	60	35	44	47
AT1G12450	2	3	1	6	7
AT1G12460	11	10	8	12	7
AT1G12470	18	10	10	9	25
AT1G12480	1	4	4	6	3
AT1G12500	22	19	11	14	17
AT1G12510	0	0	1	0	0
AT1G12520	34	44	79	75	85
AT1G12530	14	16	10	6	12
AT1G12550	5	3	7	3	10
AT1G12570	8	11	3	5	9
AT1G12580	24	15	13	13	34
AT1G12600	0	0	0	0	1
AT1G12610	1	0	0	1	1
AT1G12620	2	6	0	2	3
AT1G12640	12	8	4	5	13
AT1G12650	27	12	12	16	18
AT1G12680	5	13	8	12	22
AT1G12700	4	0	2	3	0
AT1G12710	20	22	13	21	17
AT1G12730	2	7	6	6	2
AT1G12740	1	0	0	0	0
AT1G12750	17	11	3	9	8
AT1G12760	20	28	19	19	21
AT1G12770	28	38	17	12	15
AT1G12775	3	1	0	1	5
AT1G12780	22	22	38	30	37
AT1G12790	2	2	1	5	3
AT1G12800	113	110	28	35	55
AT1G12805	0	1	0	0	0
AT1G12810	57	39	41	60	47
AT1G12820	17	19	16	15	13
AT1G12830	23	11	10	10	17
AT1G12840	70	77	45	47	55
AT1G12845	64	62	33	21	34
AT1G12850	46	38	25	42	42
AT1G12855	1	0	0	0	0
AT1G12860	62	46	34	34	41
AT1G12880	7	5	9	15	6
AT1G12900	1115	1159	289	353	443
AT1G12910	9	17	24	22	31
AT1G12920	29	55	26	44	37
AT1G12930	4	5	5	4	6
AT1G12950	3	0	0	1	0
AT1G12970	2	2	2	1	3
AT1G12990	36	32	14	21	28
AT1G13000	13	8	9	16	11
AT1G13020	14	22	11	17	22
AT1G13030	12	11	4	4	9
AT1G13040	0	1	1	0	0
AT1G13050	2	6	2	3	3
AT1G13060	105	81	55	71	73
AT1G13080	14	7	7	10	4
AT1G13090	29	39	20	31	39
AT1G13100	3	3	4	5	3
AT1G13110	42	29	42	41	53
AT1G13120	13	8	13	12	13
AT1G13140	3	2	1	0	0
AT1G13150	3	0	1	1	0
AT1G13160	11	10	13	7	9
AT1G13170	4	11	6	13	10
AT1G13180	7	4	5	8	5
AT1G13190	47	38	36	45	50
AT1G13195	7	1	6	14	4
AT1G13210	23	14	8	12	21
AT1G13220	9	16	6	7	33
AT1G13230	1	0	0	0	0
AT1G13245	37	29	18	15	15
AT1G13250	39	28	12	17	26
AT1G13260	18	16	20	24	36
AT1G13270	70	66	28	32	52
AT1G13280	36	42	24	16	26
AT1G13310	0	0	0	1	0
AT1G13320	23	41	48	51	64
AT1G13330	7	10	14	19	24
AT1G13340	5	9	12	18	23
AT1G13350	7	13	15	7	20
AT1G13360	16	14	7	12	24
AT1G13380	31	26	26	28	30
AT1G13390	15	19	8	15	7
AT1G13410	0	0	0	2	1
AT1G13440	705	802	548	677	852
AT1G13448	10	5	4	6	4
AT1G13450	24	18	12	14	23
AT1G13460	5	5	8	8	9
AT1G13470	20	14	23	42	26
AT1G13480	0	0	0	1	0
AT1G13520	0	0	0	1	1
AT1G13560	60	70	47	65	51
AT1G13570	8	14	6	13	16
AT1G13580	2	10	4	6	5
AT1G13600	0	0	0	1	0
AT1G13609	9	13	0	0	2
AT1G13640	15	14	10	16	13
AT1G13650	27	33	3	10	8
AT1G13670	1	0	3	2	2
AT1G13680	0	0	0	1	0
AT1G13690	38	30	13	25	20
AT1G13700	8	2	4	7	5
AT1G13710	0	8	4	1	1
AT1G13730	6	33	11	15	14
AT1G13740	8	12	5	7	5
AT1G13750	13	6	12	19	8
AT1G13770	8	11	5	8	6
AT1G13780	2	0	3	3	1
AT1G13790	1	1	6	2	3
AT1G13810	3	1	1	5	9
AT1G13820	32	25	8	7	25
AT1G13830	1	0	0	0	1
AT1G13860	9	7	2	5	0
AT1G13870	2	7	8	4	4
AT1G13880	13	12	7	19	12
AT1G13900	12	17	11	11	7
AT1G13910	9	3	11	6	8
AT1G13920	8	6	7	8	3
AT1G13930	1319	1279	719	745	981
AT1G13940	5	0	0	2	6
AT1G13950	17	16	26	28	41
AT1G13960	9	5	8	8	3
AT1G13970	1	3	0	0	3
AT1G13980	23	12	15	16	15
AT1G13990	18	5	7	10	9
AT1G14000	35	34	29	37	35
AT1G14010	15	15	7	19	20
AT1G14020	6	13	6	7	12
AT1G14030	51	44	15	18	19
AT1G14040	1	0	2	2	1
AT1G14060	12	16	12	11	18
AT1G14070	0	2	1	3	0
AT1G14100	1	0	2	0	0
AT1G14130	3	0	3	0	1
AT1G14140	8	9	2	8	7
AT1G14150	53	52	28	27	41
AT1G14170	4	4	5	4	8
AT1G14180	3	4	4	2	10
AT1G14190	0	1	0	0	1
AT1G14200	4	5	11	11	15
AT1G14205	1	1	1	2	2
AT1G14210	13	12	4	11	10
AT1G14230	8	9	6	9	11
AT1G14250	19	15	6	12	4
AT1G14260	0	0	1	3	2
AT1G14270	59	63	19	41	39
AT1G14280	36	43	13	21	22
AT1G14290	29	32	8	24	11
AT1G14300	9	15	13	10	12
AT1G14310	6	10	3	2	11
AT1G14320	729	917	488	607	730
AT1G14330	4	5	3	7	9
AT1G14340	12	13	15	16	20
AT1G14345	131	148	33	47	62
AT1G14350	9	4	4	7	6
AT1G14360	11	21	15	15	23
AT1G14370	3	5	10	13	13
AT1G14380	16	21	14	20	24
AT1G14400	163	134	137	134	202
AT1G14410	26	42	24	17	28
AT1G14430	5	0	1	2	1
AT1G14440	14	6	6	7	11
AT1G14450	113	131	129	143	188
AT1G14455	1	0	0	0	0
AT1G14460	9	7	5	10	2
AT1G14480	2	3	2	4	5
AT1G14490	0	0	0	0	1
AT1G14510	23	28	14	12	16
AT1G14520	6	2	1	3	2
AT1G14530	3	1	2	3	2
AT1G14540	0	1	0	0	2
AT1G14560	9	6	5	5	2
AT1G14570	23	41	22	34	37
AT1G14580	5	12	5	9	5
AT1G14590	2	4	3	4	6
AT1G14600	0	1	0	0	2
AT1G14610	39	33	35	39	61
AT1G14620	16	17	22	19	40
AT1G14630	2	1	1	0	1
AT1G14642	0	0	0	0	1
AT1G14650	29	35	43	33	33
AT1G14660	2	3	0	1	0
AT1G14670	64	71	42	61	68
AT1G14680	0	0	1	0	1
AT1G14685	23	28	37	16	24
AT1G14686	0	1	0	0	0
AT1G14687	2	1	2	2	2
AT1G14690	17	24	14	13	18
AT1G14700	8	17	5	8	7
AT1G14710	41	36	19	23	28
AT1G14720	41	39	22	24	32
AT1G14730	1	5	1	3	2
AT1G14740	11	17	6	14	10
AT1G14750	1	0	0	1	0
AT1G14760	1	2	0	0	0
AT1G14770	4	8	1	2	2
AT1G14780	0	0	0	6	1
AT1G14790	0	9	2	6	20
AT1G14810	72	102	50	49	78
AT1G14820	18	23	17	26	17
AT1G14830	36	32	33	24	31
AT1G14840	16	12	2	14	8
AT1G14850	7	5	4	13	8
AT1G14860	1	0	1	0	0
AT1G14870	0	2	7	9	20
AT1G14880	409	191	223	237	219
AT1G14890	33	34	16	10	21
AT1G14900	16	21	15	18	21
AT1G14910	17	18	16	9	9
AT1G14920	46	37	20	14	22
AT1G14970	1	2	0	2	0
AT1G14980	155	198	158	189	218
AT1G14990	15	15	9	7	11
AT1G15000	15	20	3	4	4
AT1G15002	3	0	0	0	2
AT1G15010	1	0	5	4	5
AT1G15020	13	8	5	9	11
AT1G15030	13	25	8	14	10
AT1G15040	5	4	7	5	4
AT1G15050	0	1	0	0	0
AT1G15060	12	7	6	5	4
AT1G15080	4	3	2	6	4
AT1G15100	1	3	3	5	4
AT1G15110	1	2	5	0	3
AT1G15120	182	223	271	292	368
AT1G15125	0	0	2	2	3
AT1G15130	46	47	34	36	47
AT1G15140	84	85	27	35	37
AT1G15150	1	0	0	0	0
AT1G15160	1	5	0	1	4
AT1G15165	0	0	2	1	0
AT1G15170	2	2	3	8	4
AT1G15175	10	5	2	8	5
AT1G15180	25	33	25	26	41
AT1G15190	0	1	0	0	0
AT1G15200	38	24	34	37	53
AT1G15210	0	1	0	0	0
AT1G15215	4	6	13	1	9
AT1G15220	7	7	7	6	9
AT1G15230	19	16	23	30	30
AT1G15240	9	10	1	5	4
AT1G15250	9	27	20	22	28
AT1G15260	58	70	32	34	53
AT1G15270	225	251	292	268	403
AT1G15280	21	14	14	15	21
AT1G15290	23	36	13	24	26
AT1G15310	3	0	1	0	0
AT1G15320	0	0	0	0	1
AT1G15340	101	115	56	96	98
AT1G15350	7	6	3	6	5
AT1G15370	33	30	17	20	17
AT1G15380	1	0	2	4	3
AT1G15390	57	48	20	17	23
AT1G15400	14	16	16	12	31
AT1G15405	59	72	44	47	38
AT1G15410	9	7	1	2	2
AT1G15415	1	1	4	0	0
AT1G15420	17	23	14	20	18
AT1G15430	4	7	3	4	9
AT1G15440	14	22	27	23	33
AT1G15470	6	16	3	9	10
AT1G15480	5	11	6	13	6
AT1G15490	8	1	4	4	3
AT1G15500	94	71	66	74	84
AT1G15510	6	1	1	5	9
AT1G15520	4	8	6	9	7
AT1G15530	0	3	0	0	0
AT1G15550	14	10	1	1	3
AT1G15570	16	13	5	5	15
AT1G15580	4	3	0	0	2
AT1G15660	13	20	5	11	10
AT1G15670	3	3	1	6	4
AT1G15690	461	517	302	310	408
AT1G15700	5	1	0	0	1
AT1G15710	6	3	7	4	5
AT1G15720	1	3	0	1	2
AT1G15730	35	40	9	19	13
AT1G15740	36	60	28	52	43
AT1G15750	33	46	31	48	60
AT1G15780	7	6	8	11	7
AT1G15790	9	7	12	15	17
AT1G15800	2	1	2	5	6
AT1G15810	34	30	40	23	41
AT1G15820	4072	4056	506	558	764
AT1G15830	2	1	0	0	0
AT1G15860	21	25	13	21	40
AT1G15870	2	0	4	5	1
AT1G15880	13	26	16	12	13
AT1G15885	2	7	18	14	14
AT1G15890	0	1	1	4	2
AT1G15900	1	0	0	2	0
AT1G15910	11	14	11	9	8
AT1G15920	8	4	10	12	19
AT1G15930	343	386	190	225	293
AT1G15940	15	16	14	29	22
AT1G15950	52	75	55	59	79
AT1G15960	54	71	56	59	76
AT1G15970	9	8	8	9	9
AT1G15980	107	138	31	44	54
AT1G15990	1	1	0	0	1
AT1G16000	30	44	48	43	44
AT1G16010	9	7	16	22	15
AT1G16020	10	6	7	13	3
AT1G16022	0	1	0	1	1
AT1G16025	0	1	0	1	0
AT1G16030	1	2	0	1	1
AT1G16040	14	9	7	5	16
AT1G16060	4	2	10	3	6
AT1G16070	1	4	0	1	3
AT1G16080	117	96	36	45	55
AT1G16090	1	1	1	4	3
AT1G16110	3	6	6	8	2
AT1G16130	1	1	0	1	1
AT1G16170	20	19	14	18	22
AT1G16180	140	108	102	125	138
AT1G16190	24	14	10	15	11
AT1G16210	54	32	31	48	48
AT1G16220	0	2	1	1	3
AT1G16240	49	53	32	56	55
AT1G16250	6	8	7	7	7
AT1G16260	4	14	18	21	11
AT1G16270	15	9	17	14	16
AT1G16280	0	4	2	5	0
AT1G16300	2	1	1	3	1
AT1G16310	2	0	2	4	0
AT1G16320	11	23	17	10	21
AT1G16330	1	1	0	0	1
AT1G16340	13	11	4	9	8
AT1G16350	29	53	39	62	67
AT1G16360	1	0	0	0	0
AT1G16370	1	1	1	0	0
AT1G16390	5	5	1	3	2
AT1G16400	1	1	0	1	0
AT1G16410	39	35	17	23	24
AT1G16420	3	0	1	0	2
AT1G16430	9	17	11	12	9
AT1G16445	3	8	3	2	2
AT1G16460	39	49	41	51	48
AT1G16470	34	40	29	29	38
AT1G16480	2	0	0	1	1
AT1G16489	1	1	0	0	1
AT1G16490	1	3	2	1	3
AT1G16500	3	6	3	12	5
AT1G16510	0	1	1	0	0
AT1G16515	3	2	2	1	4
AT1G16520	6	8	11	6	9
AT1G16530	1	0	2	1	0
AT1G16540	1	6	7	5	2
AT1G16560	18	16	16	17	31
AT1G16570	7	16	5	7	9
AT1G16590	4	3	7	4	7
AT1G16610	59	99	52	62	68
AT1G16630	4	8	2	6	4
AT1G16635	3	0	0	3	1
AT1G16640	5	2	2	0	3
AT1G16650	2	1	6	5	5
AT1G16670	5	5	6	2	1
AT1G16680	3	5	7	4	14
AT1G16690	3	3	5	13	6
AT1G16700	61	43	32	37	40
AT1G16705	2	0	0	0	0
AT1G16710	9	6	2	8	13
AT1G16720	43	48	24	33	40
AT1G16730	0	2	1	0	2
AT1G16740	44	39	24	34	33
AT1G16750	5	1	1	2	3
AT1G16770	2	1	1	0	2
AT1G16780	7	11	5	4	3
AT1G16790	17	10	5	15	9
AT1G16800	0	1	1	2	2
AT1G16810	74	73	73	72	82
AT1G16820	15	6	38	51	38
AT1G16825	7	9	8	4	7
AT1G16830	0	2	2	4	0
AT1G16840	44	39	26	26	38
AT1G16850	2	9	5	1	0
AT1G16858	9	25	12	7	11
AT1G16860	9	25	12	7	11
AT1G16870	13	11	15	21	21
AT1G16880	113	111	71	73	103
AT1G16890	82	70	116	113	169
AT1G16900	19	12	11	20	25
AT1G16916	17	14	12	11	11
AT1G16920	32	35	14	20	11
AT1G16930	0	1	0	0	0
AT1G16960	28	11	11	13	18
AT1G16970	13	14	5	12	13
AT1G17020	0	0	1	0	0
AT1G17040	9	4	2	7	6
AT1G17050	7	17	5	6	7
AT1G17060	2	0	0	1	0
AT1G17070	12	8	15	8	9
AT1G17080	35	43	32	55	35
AT1G17090	0	2	1	2	4
AT1G17100	76	77	98	111	131
AT1G17110	15	17	14	15	19
AT1G17120	23	10	11	11	9
AT1G17130	14	14	12	13	12
AT1G17140	35	37	24	21	30
AT1G17145	6	8	5	13	12
AT1G17147	1	1	1	3	1
AT1G17160	8	10	2	8	8
AT1G17190	1	4	8	3	3
AT1G17200	69	73	66	63	90
AT1G17210	11	19	8	15	14
AT1G17220	93	88	39	26	46
AT1G17230	12	18	3	5	8
AT1G17240	0	0	1	1	4
AT1G17250	1	0	1	0	1
AT1G17255	2	0	1	0	4
AT1G17260	1	1	0	0	0
AT1G17270	3	3	0	6	5
AT1G17280	34	28	29	28	31
AT1G17285	1	0	0	0	1
AT1G17290	76	72	70	118	132
AT1G17330	13	7	7	9	6
AT1G17340	1	2	4	7	1
AT1G17350	10	7	6	11	6
AT1G17360	4	4	11	12	27
AT1G17370	28	27	20	17	33
AT1G17380	0	3	2	3	3
AT1G17400	0	0	0	0	1
AT1G17410	3	7	5	5	5
AT1G17420	6	9	1	4	2
AT1G17430	6	8	8	11	13
AT1G17440	9	5	11	19	14
AT1G17450	7	7	5	2	5
AT1G17455	15	13	11	13	18
AT1G17460	6	6	5	15	8
AT1G17470	48	62	50	40	59
AT1G17480	1	11	5	5	7
AT1G17490	15	11	23	11	26
AT1G17500	10	16	3	9	3
AT1G17510	17	15	9	11	7
AT1G17520	8	6	7	6	11
AT1G17530	22	16	16	11	17
AT1G17550	14	20	15	14	17
AT1G17560	12	6	11	10	18
AT1G17580	12	10	11	11	8
AT1G17590	2	3	3	2	4
AT1G17600	4	5	4	6	2
AT1G17610	4	4	5	4	10
AT1G17620	16	21	17	10	24
AT1G17630	0	0	0	0	1
AT1G17640	2	2	1	1	2
AT1G17650	35	32	10	11	13
AT1G17665	5	2	6	14	5
AT1G17680	5	9	6	11	6
AT1G17690	15	13	17	15	21
AT1G17700	2	6	0	0	0
AT1G17720	13	25	9	7	11
AT1G17730	23	12	11	13	19
AT1G17745	24	23	12	11	18
AT1G17750	2	1	1	2	3
AT1G17760	12	7	11	10	16
AT1G17780	17	8	8	9	15
AT1G17790	11	12	5	14	8
AT1G17820	7	7	8	8	7
AT1G17830	0	2	1	0	2
AT1G17840	86	76	62	67	84
AT1G17850	43	35	24	34	41
AT1G17860	9	12	8	4	11
AT1G17870	1	4	1	0	0
AT1G17880	244	294	273	298	352
AT1G17890	30	25	32	40	43
AT1G17920	3	1	5	1	5
AT1G17930	4	6	1	9	5
AT1G17940	4	6	2	3	4
AT1G17960	0	0	1	1	1
AT1G17970	12	12	3	4	9
AT1G17980	10	6	15	15	16
AT1G17990	16	13	1	10	12
AT1G18000	13	23	8	10	9
AT1G18010	20	20	7	11	16
AT1G18020	16	12	5	6	10
AT1G18030	3	3	6	6	2
AT1G18040	2	1	5	8	6
AT1G18060	94	82	26	46	60
AT1G18070	31	43	45	64	53
AT1G18075	1	3	4	1	2
AT1G18080	414	584	270	318	398
AT1G18090	9	11	11	8	9
AT1G18100	8	9	9	8	6
AT1G18140	0	1	0	0	0
AT1G18150	12	23	25	19	22
AT1G18160	11	16	18	22	17
AT1G18170	31	45	18	19	33
AT1G18180	3	1	7	6	4
AT1G18190	1	6	3	5	3
AT1G18200	2	0	1	0	0
AT1G18210	46	55	67	69	94
AT1G18250	37	67	17	21	41
AT1G18260	8	13	12	10	19
AT1G18265	1	0	1	0	7
AT1G18270	11	11	21	14	12
AT1G18290	0	1	0	0	0
AT1G18300	5	7	7	11	49
AT1G18320	3	6	5	7	7
AT1G18330	8	13	9	9	10
AT1G18335	6	2	4	2	5
AT1G18340	7	3	7	9	16
AT1G18360	47	42	6	11	17
AT1G18370	17	29	7	6	11
AT1G18390	5	6	7	4	6
AT1G18400	7	5	1	2	4
AT1G18415	4	2	2	0	6
AT1G18420	2	1	0	0	2
AT1G18440	10	12	1	11	7
AT1G18450	34	42	27	16	33
AT1G18460	11	11	10	5	11
AT1G18470	8	9	10	11	18
AT1G18480	9	3	15	10	20
AT1G18485	1	8	7	4	8
AT1G18490	19	14	20	15	26
AT1G18500	27	14	11	22	26
AT1G18540	485	583	339	394	489
AT1G18550	4	1	2	0	2
AT1G18560	1	4	0	3	2
AT1G18570	10	10	8	10	8
AT1G18580	6	5	2	6	3
AT1G18590	10	7	5	6	14
AT1G18600	12	11	7	20	17
AT1G18610	1	8	0	0	3
AT1G18620	38	35	13	10	14
AT1G18630	14	33	13	21	12
AT1G18640	29	36	15	19	18
AT1G18650	55	45	41	49	64
AT1G18660	37	32	35	37	42
AT1G18670	5	2	4	8	6
AT1G18680	4	5	11	8	12
AT1G18690	8	5	5	10	12
AT1G18700	4	16	10	8	9
AT1G18710	2	1	2	0	3
AT1G18720	85	70	61	90	98
AT1G18730	165	154	35	49	58
AT1G18740	9	13	16	13	43
AT1G18745	14	9	15	17	24
AT1G18750	0	0	6	1	2
AT1G18773	1	4	4	4	5
AT1G18800	32	49	32	27	43
AT1G18810	7	13	4	12	6
AT1G18840	16	24	8	12	11
AT1G18850	6	10	7	25	11
AT1G18870	5	2	0	0	0
AT1G18871	0	1	0	0	1
AT1G18880	0	8	1	2	1
AT1G18890	8	21	6	14	11
AT1G18900	5	2	5	11	9
AT1G18910	1	4	1	5	1
AT1G18940	0	0	0	0	1
AT1G18950	9	15	8	7	4
AT1G18960	0	0	0	0	3
AT1G19000	99	100	46	47	72
AT1G19010	2	8	2	1	4
AT1G19020	13	10	12	9	21
AT1G19025	0	4	0	1	1
AT1G19050	54	65	26	31	22
AT1G19080	5	4	7	12	14
AT1G19100	4	10	5	5	3
AT1G19110	22	14	18	16	21
AT1G19120	19	28	15	22	18
AT1G19130	27	43	27	34	36
AT1G19140	12	12	10	18	14
AT1G19150	98	80	29	27	42
AT1G19160	1	0	0	0	0
AT1G19170	9	12	3	3	8
AT1G19180	9	6	21	22	22
AT1G19200	0	1	1	1	0
AT1G19220	9	5	3	4	4
AT1G19240	14	18	14	11	19
AT1G19250	2	0	0	0	0
AT1G19270	4	7	11	10	7
AT1G19290	0	0	0	1	1
AT1G19300	15	4	10	5	8
AT1G19310	17	15	15	18	19
AT1G19320	1	0	0	1	0
AT1G19330	16	12	4	6	7
AT1G19340	3	2	0	2	0
AT1G19350	58	55	23	29	28
AT1G19360	12	12	1	0	8
AT1G19370	18	12	7	16	10
AT1G19376	1	1	2	0	1
AT1G19380	12	10	19	15	32
AT1G19394	2	2	0	1	0
AT1G19396	6	5	3	10	8
AT1G19397	4	3	3	6	7
AT1G19400	38	37	17	24	38
AT1G19410	0	0	0	0	1
AT1G19430	17	14	4	5	5
AT1G19440	28	15	8	22	32
AT1G19450	31	20	12	30	39
AT1G19480	2	8	5	1	5
AT1G19485	10	6	3	11	7
AT1G19490	0	2	1	3	1
AT1G19510	3	3	1	2	3
AT1G19520	13	24	5	16	14
AT1G19540	2	3	1	3	0
AT1G19550	0	0	0	0	2
AT1G19570	167	163	81	100	123
AT1G19580	21	12	9	13	15
AT1G19600	20	18	19	16	31
AT1G19610	0	2	1	1	7
AT1G19620	1	1	0	0	0
AT1G19640	1	0	0	0	1
AT1G19650	1	8	9	5	9
AT1G19660	52	41	30	34	46
AT1G19670	47	32	47	49	80
AT1G19680	3	9	8	11	16
AT1G19690	7	5	2	8	7
AT1G19700	9	11	6	6	14
AT1G19710	17	18	14	16	12
AT1G19715	31	24	12	18	17
AT1G19720	10	9	6	5	8
AT1G19730	11	6	13	11	12
AT1G19740	68	108	14	21	40
AT1G19750	0	1	0	1	0
AT1G19770	19	22	19	26	46
AT1G19780	0	1	0	0	0
AT1G19790	0	1	0	0	0
AT1G19800	23	26	5	12	10
AT1G19830	1	5	1	0	0
AT1G19835	27	45	30	31	39
AT1G19850	5	16	5	2	3
AT1G19860	6	16	16	9	11
AT1G19870	11	22	10	9	11
AT1G19880	21	14	23	24	17
AT1G19910	208	221	176	223	291
AT1G19920	30	41	26	44	35
AT1G19940	3	3	2	3	6
AT1G19950	6	3	9	3	5
AT1G19960	162	151	101	113	143
AT1G19970	8	3	5	1	10
AT1G19980	2	6	2	4	9
AT1G19990	5	11	12	15	13
AT1G20000	1	0	0	0	0
AT1G20010	229	241	126	138	164
AT1G20015	0	3	1	2	0
AT1G20020	669	760	320	333	510
AT1G20030	7	7	4	4	4
AT1G20050	53	57	33	34	40
AT1G20060	1	3	1	0	2
AT1G20065	3	0	2	0	2
AT1G20070	9	6	13	7	8
AT1G20090	52	41	42	30	47
AT1G20100	32	39	65	71	86
AT1G20110	40	35	28	38	40
AT1G20120	0	0	1	1	0
AT1G20130	0	0	0	0	2
AT1G20140	7	8	7	11	10
AT1G20160	6	12	0	3	7
AT1G20190	22	19	21	13	24
AT1G20200	61	50	38	50	56
AT1G20220	73	43	30	35	49
AT1G20225	40	31	34	31	33
AT1G20230	0	0	1	3	0
AT1G20260	98	87	77	97	81
AT1G20270	6	6	5	15	8
AT1G20300	9	5	5	7	11
AT1G20310	0	0	0	1	1
AT1G20330	81	86	29	50	54
AT1G20340	7283	7130	1481	1555	2034
AT1G20350	1	0	5	10	8
AT1G20370	16	18	12	22	12
AT1G20380	4	4	1	0	5
AT1G20400	1	0	0	0	0
AT1G20410	7	16	9	4	4
AT1G20430	22	28	36	30	34
AT1G20440	115	88	63	61	83
AT1G20450	95	103	44	48	78
AT1G20460	0	0	0	2	0
AT1G20470	1	2	0	1	1
AT1G20480	2	0	0	1	0
AT1G20490	2	0	0	4	3
AT1G20510	30	23	25	32	49
AT1G20515	0	1	0	5	1
AT1G20540	23	8	19	27	37
AT1G20550	3	5	0	1	1
AT1G20560	13	20	14	9	10
AT1G20570	1	1	0	0	1
AT1G20575	20	19	17	14	13
AT1G20580	67	97	56	45	58
AT1G20600	0	0	2	0	2
AT1G20610	11	7	2	6	10
AT1G20620	2533	2421	1349	1442	1747
AT1G20630	37	42	60	55	66
AT1G20640	14	8	6	10	10
AT1G20650	15	14	9	9	18
AT1G20670	9	12	2	9	8
AT1G20690	7	9	6	11	7
AT1G20691	7	9	7	11	7
AT1G20693	212	190	163	149	193
AT1G20696	65	45	56	71	66
AT1G20700	0	2	0	0	0
AT1G20720	0	2	2	0	0
AT1G20750	0	0	1	0	0
AT1G20760	13	14	16	19	23
AT1G20770	23	23	15	22	33
AT1G20780	8	15	9	16	5
AT1G20810	45	37	20	21	24
AT1G20816	8	16	10	7	6
AT1G20823	8	6	7	6	22
AT1G20830	13	13	8	8	14
AT1G20840	20	16	15	19	11
AT1G20850	32	43	3	9	7
AT1G20870	1	1	2	1	2
AT1G20880	1	6	5	5	3
AT1G20890	6	7	7	4	8
AT1G20900	0	0	0	1	0
AT1G20910	6	7	9	6	4
AT1G20920	20	14	15	19	31
AT1G20930	13	15	10	7	8
AT1G20950	51	61	36	41	62
AT1G20960	44	48	48	66	70
AT1G20970	11	15	14	18	19
AT1G20980	11	17	24	13	28
AT1G21000	7	7	10	21	16
AT1G21010	5	1	4	2	3
AT1G21050	5	4	6	3	4
AT1G21060	14	6	14	1	4
AT1G21065	146	139	55	68	106
AT1G21070	11	7	2	6	4
AT1G21080	19	23	16	24	40
AT1G21090	11	12	3	8	6
AT1G21100	0	0	1	2	1
AT1G21110	0	0	2	1	0
AT1G21120	4	0	6	0	1
AT1G21130	137	125	138	162	215
AT1G21140	0	0	0	0	1
AT1G21150	1	7	1	1	4
AT1G21160	0	2	3	4	5
AT1G21170	14	6	12	5	12
AT1G21190	25	36	24	27	35
AT1G21200	3	3	6	3	3
AT1G21210	0	0	0	1	0
AT1G21240	13	6	3	11	9
AT1G21245	0	0	2	0	0
AT1G21250	148	126	101	133	193
AT1G21270	117	61	60	95	106
AT1G21280	2	1	0	0	3
AT1G21310	42	48	64	73	83
AT1G21320	0	0	0	0	1
AT1G21350	30	36	14	9	18
AT1G21370	12	17	7	8	14
AT1G21380	22	13	11	15	16
AT1G21390	4	2	4	7	5
AT1G21400	13	11	1	2	7
AT1G21410	11	4	7	6	9
AT1G21440	42	29	12	23	27
AT1G21450	2	3	6	6	8
AT1G21460	18	26	26	39	39
AT1G21480	9	6	4	2	10
AT1G21500	574	578	125	123	176
AT1G21520	12	16	48	58	77
AT1G21540	2	1	0	4	1
AT1G21550	3	1	2	6	5
AT1G21560	12	16	12	13	12
AT1G21580	20	23	23	23	25
AT1G21590	31	29	23	16	26
AT1G21600	98	72	34	48	54
AT1G21610	15	10	6	5	10
AT1G21630	18	43	20	27	22
AT1G21640	20	16	9	22	41
AT1G21650	8	14	9	20	24
AT1G21651	1	1	1	4	4
AT1G21660	16	16	9	13	16
AT1G21670	16	19	11	13	10
AT1G21680	47	56	25	24	50
AT1G21690	10	11	9	17	18
AT1G21700	14	22	7	10	18
AT1G21710	3	4	2	13	10
AT1G21720	66	91	50	63	70
AT1G21730	8	10	3	4	3
AT1G21740	2	1	0	0	1
AT1G21750	82	76	57	81	91
AT1G21760	24	10	22	38	27
AT1G21770	66	63	66	72	82
AT1G21780	27	14	35	18	45
AT1G21790	6	1	4	3	4
AT1G21810	2	2	0	0	1
AT1G21830	14	17	3	8	9
AT1G21840	3	4	4	7	8
AT1G21880	30	30	14	16	27
AT1G21900	22	18	18	40	28
AT1G21910	3	2	7	0	7
AT1G21920	13	14	6	16	13
AT1G21930	46	33	50	50	73
AT1G21980	11	12	4	5	11
AT1G22020	5	8	3	7	9
AT1G22030	8	10	1	1	6
AT1G22040	6	6	3	9	6
AT1G22050	13	12	7	8	12
AT1G22060	36	35	16	20	23
AT1G22065	2	0	1	0	0
AT1G22070	23	22	28	26	44
AT1G22110	0	1	0	0	0
AT1G22140	23	28	33	40	50
AT1G22160	8	5	1	4	4
AT1G22170	7	7	3	3	2
AT1G22180	5	2	4	5	11
AT1G22190	5	5	17	18	17
AT1G22200	31	23	17	12	21
AT1G22230	0	0	1	1	2
AT1G22250	13	13	17	20	20
AT1G22260	1	6	1	4	2
AT1G22270	61	53	33	62	48
AT1G22280	11	8	14	17	12
AT1G22290	2	0	0	0	0
AT1G22300	189	226	165	193	244
AT1G22310	4	4	4	2	6
AT1G22330	17	32	16	7	21
AT1G22360	15	21	13	14	15
AT1G22370	8	5	7	2	3
AT1G22380	0	0	0	2	2
AT1G22400	7	6	14	14	25
AT1G22403	2	0	2	4	7
AT1G22410	97	113	74	87	88
AT1G22430	21	34	26	17	45
AT1G22440	0	0	0	0	1
AT1G22450	98	88	73	76	110
AT1G22460	0	1	0	0	0
AT1G22470	1	0	0	0	0
AT1G22480	0	0	0	0	3
AT1G22490	0	2	1	2	1
AT1G22500	2	0	3	2	2
AT1G22510	10	11	13	10	17
AT1G22520	21	18	19	12	16
AT1G22530	47	56	25	35	27
AT1G22540	6	9	3	2	0
AT1G22550	4	3	0	8	8
AT1G22570	4	4	3	1	3
AT1G22590	11	12	13	16	16
AT1G22600	0	1	0	0	1
AT1G22610	52	53	26	38	70
AT1G22620	12	15	11	15	9
AT1G22630	62	54	49	45	48
AT1G22640	20	14	5	6	13
AT1G22650	4	12	4	4	8
AT1G22660	9	4	6	14	7
AT1G22680	0	0	1	0	0
AT1G22690	50	56	68	69	109
AT1G22700	73	77	32	34	35
AT1G22710	85	69	56	61	85
AT1G22730	12	6	2	5	5
AT1G22740	29	17	3	10	15
AT1G22750	32	30	22	25	50
AT1G22760	0	0	0	0	1
AT1G22770	40	29	45	44	31
AT1G22780	228	283	135	137	190
AT1G22790	15	12	4	10	17
AT1G22800	10	6	6	8	10
AT1G22830	1	0	2	2	1
AT1G22840	131	144	105	167	166
AT1G22850	58	52	54	50	70
AT1G22860	7	11	7	9	9
AT1G22870	0	2	0	2	1
AT1G22880	1	3	4	0	7
AT1G22882	7	14	14	15	11
AT1G22885	25	39	24	35	25
AT1G22890	40	36	29	26	41
AT1G22900	1	5	0	0	0
AT1G22910	17	22	21	13	24
AT1G22920	15	21	23	21	27
AT1G22930	24	24	53	50	47
AT1G22940	3	5	4	12	8
AT1G22950	13	14	9	10	18
AT1G22960	1	0	0	0	1
AT1G22970	11	3	11	12	9
AT1G22985	2	2	7	1	1
AT1G22990	0	0	0	1	0
AT1G23000	7	5	3	7	3
AT1G23010	1	0	3	8	3
AT1G23020	24	20	4	7	8
AT1G23030	14	11	16	12	12
AT1G23040	6	7	4	4	9
AT1G23050	8	7	8	1	2
AT1G23052	8	7	8	1	2
AT1G23060	4	2	0	0	3
AT1G23080	71	68	25	29	35
AT1G23090	10	6	6	15	12
AT1G23100	16	20	23	34	24
AT1G23110	0	0	0	2	0
AT1G23120	0	0	0	0	1
AT1G23130	293	165	179	202	293
AT1G23140	9	4	4	12	9
AT1G23149	3	1	1	9	2
AT1G23150	3	1	1	9	2
AT1G23170	8	8	3	4	4
AT1G23180	20	32	8	14	24
AT1G23190	57	62	55	54	78
AT1G23200	0	2	1	2	2
AT1G23205	15	16	11	5	13
AT1G23220	19	18	9	15	27
AT1G23230	9	10	9	13	10
AT1G23260	34	30	23	28	28
AT1G23280	8	7	7	15	10
AT1G23290	388	408	239	326	345
AT1G23310	592	547	458	585	677
AT1G23330	11	4	3	18	12
AT1G23340	1	2	0	1	1
AT1G23360	18	24	15	17	33
AT1G23380	7	11	0	0	1
AT1G23390	53	51	39	48	59
AT1G23400	40	33	20	23	21
AT1G23410	5	4	2	0	1
AT1G23440	35	17	27	30	30
AT1G23460	9	3	4	4	1
AT1G23480	11	14	11	8	9
AT1G23490	151	121	127	113	137
AT1G23530	2	3	1	1	0
AT1G23550	0	1	4	5	6
AT1G23560	0	0	0	1	1
AT1G23580	1	0	0	0	0
AT1G23710	3	3	3	3	12
AT1G23730	4	0	5	7	4
AT1G23740	57	88	15	15	14
AT1G23750	18	21	13	16	16
AT1G23780	7	16	13	12	12
AT1G23790	5	4	5	4	7
AT1G23800	1	4	1	2	0
AT1G23820	57	68	78	71	114
AT1G23830	4	2	3	6	9
AT1G23840	14	3	12	15	23
AT1G23850	0	0	0	0	2
AT1G23860	28	41	31	15	26
AT1G23870	3	3	5	7	3
AT1G23880	7	8	2	7	5
AT1G23890	8	6	2	3	3
AT1G23900	12	16	9	11	10
AT1G23935	0	0	0	1	0
AT1G23940	4	0	1	3	4
AT1G23950	11	14	13	10	20
AT1G23960	14	19	19	30	20
AT1G23970	6	14	7	12	13
AT1G23980	2	4	1	3	1
AT1G24000	0	0	1	0	0
AT1G24020	239	358	205	182	301
AT1G24030	15	5	4	8	8
AT1G24040	27	12	7	8	9
AT1G24050	48	53	38	44	51
AT1G24070	10	18	2	2	1
AT1G24090	1	7	5	4	5
AT1G24095	6	1	6	6	4
AT1G24100	31	35	15	42	26
AT1G24120	23	18	14	27	23
AT1G24140	2	2	3	8	10
AT1G24145	13	5	15	16	11
AT1G24147	90	72	106	122	139
AT1G24148	11	8	20	6	15
AT1G24150	7	4	9	5	8
AT1G24160	35	31	18	23	48
AT1G24170	28	40	17	19	25
AT1G24180	28	15	18	17	25
AT1G24190	8	5	8	12	8
AT1G24210	0	0	4	3	1
AT1G24240	11	12	7	7	16
AT1G24260	2	1	2	1	1
AT1G24265	0	0	3	0	7
AT1G24267	12	31	15	25	24
AT1G24280	4	5	4	5	5
AT1G24290	6	9	4	9	5
AT1G24300	8	4	3	6	6
AT1G24310	8	9	12	9	19
AT1G24320	2	4	1	0	3
AT1G24330	3	1	0	0	2
AT1G24340	14	10	8	5	9
AT1G24350	33	27	25	26	26
AT1G24360	77	102	36	44	47
AT1G24400	2	5	5	5	4
AT1G24405	0	0	0	3	1
AT1G24420	2	0	0	0	0
AT1G24440	19	10	11	10	6
AT1G24450	9	17	12	14	15
AT1G24460	15	12	10	19	23
AT1G24470	1	1	2	3	1
AT1G24490	21	23	8	16	14
AT1G24510	78	83	108	68	101
AT1G24530	3	2	2	5	2
AT1G24560	11	6	14	12	10
AT1G24570	1	0	0	0	0
AT1G24575	8	8	7	9	3
AT1G24577	5	8	6	3	3
AT1G24580	0	0	1	0	0
AT1G24600	1	0	0	0	2
AT1G24610	21	22	18	16	21
AT1G24625	16	14	10	12	14
AT1G24706	23	16	19	19	27
AT1G24735	0	0	0	0	3
AT1G24764	18	19	9	10	11
AT1G24793	5	6	8	3	25
AT1G24800	15	16	19	18	18
AT1G24807	0	1	0	0	0
AT1G24822	95	101	86	100	120
AT1G24880	113	141	121	143	171
AT1G24881	10	14	14	12	18
AT1G24909	0	0	0	1	0
AT1G24996	114	113	82	130	104
AT1G25054	212	215	190	230	172
AT1G25055	12	12	8	7	12
AT1G25097	130	124	145	131	161
AT1G25098	96	115	110	105	115
AT1G25145	5	6	8	10	1
AT1G25150	21	14	13	18	25
AT1G25155	1	1	0	1	0
AT1G25175	121	160	134	192	254
AT1G25210	12	8	3	4	7
AT1G25211	17	12	18	21	22
AT1G25220	42	25	13	27	33
AT1G25230	40	45	10	10	17
AT1G25250	1	2	0	1	8
AT1G25260	40	68	31	49	65
AT1G25275	178	156	123	122	152
AT1G25280	22	15	25	17	17
AT1G25290	13	11	3	4	4
AT1G25320	6	7	4	3	4
AT1G25330	1	0	0	0	0
AT1G25350	25	22	26	38	33
AT1G25360	0	0	3	0	0
AT1G25370	0	6	7	7	3
AT1G25375	3	2	3	3	4
AT1G25380	6	9	4	9	6
AT1G25390	8	13	5	18	11
AT1G25400	0	0	5	5	3
AT1G25420	15	20	22	17	20
AT1G25422	2	0	0	0	1
AT1G25425	3	10	6	6	6
AT1G25440	165	133	51	69	65
AT1G25450	21	16	14	14	30
AT1G25460	0	1	0	0	3
AT1G25470	8	14	6	10	10
AT1G25472	8	14	6	10	10
AT1G25480	2	2	2	3	2
AT1G25490	29	28	33	36	38
AT1G25500	2	0	2	1	4
AT1G25510	3	2	3	0	1
AT1G25520	13	10	10	14	4
AT1G25530	5	3	0	4	1
AT1G25540	12	9	16	10	16
AT1G25550	59	47	55	70	85
AT1G25560	13	7	15	22	25
AT1G25570	22	8	7	4	20
AT1G25580	4	5	5	2	9
AT1G25682	3	11	15	13	17
AT1G26090	12	15	11	4	7
AT1G26100	11	22	7	13	9
AT1G26110	74	74	44	48	68
AT1G26120	21	13	12	11	17
AT1G26130	4	9	4	7	9
AT1G26150	68	68	33	59	46
AT1G26160	14	8	1	10	12
AT1G26170	2	7	13	11	19
AT1G26180	16	16	11	6	19
AT1G26190	10	5	3	9	10
AT1G26200	2	3	1	0	3
AT1G26208	31	27	12	16	20
AT1G26210	22	22	7	11	14
AT1G26218	25	25	9	13	10
AT1G26220	21	21	7	8	2
AT1G26230	17	13	10	10	14
AT1G26250	0	1	0	0	0
AT1G26260	7	6	2	2	2
AT1G26270	18	26	18	17	27
AT1G26290	0	3	0	0	0
AT1G26300	15	11	11	19	12
AT1G26310	0	0	0	1	0
AT1G26330	2	3	0	1	4
AT1G26340	15	20	17	26	30
AT1G26370	2	6	4	13	14
AT1G26380	0	0	3	2	1
AT1G26410	0	0	0	1	0
AT1G26420	0	0	0	2	0
AT1G26440	10	10	7	9	6
AT1G26450	9	7	1	5	10
AT1G26460	19	21	24	23	18
AT1G26470	28	17	25	15	33
AT1G26500	2	0	0	2	3
AT1G26510	3	0	0	0	1
AT1G26520	3	1	5	4	5
AT1G26530	1	1	0	0	0
AT1G26540	3	0	2	0	3
AT1G26550	87	90	92	103	137
AT1G26558	1	1	0	3	0
AT1G26560	26	28	28	28	31
AT1G26570	6	4	7	6	19
AT1G26580	19	21	15	17	12
AT1G26600	3	4	1	2	4
AT1G26620	1	3	1	3	3
AT1G26630	1017	1179	888	989	1226
AT1G26640	9	11	18	17	18
AT1G26650	17	16	10	7	11
AT1G26660	14	11	4	11	17
AT1G26665	22	21	29	35	32
AT1G26670	40	49	43	41	47
AT1G26690	12	11	13	21	9
AT1G26730	3	3	4	3	4
AT1G26740	29	30	22	29	38
AT1G26750	17	21	18	33	24
AT1G26760	1	5	1	2	3
AT1G26761	18	31	13	14	7
AT1G26762	1	0	1	0	2
AT1G26770	22	21	10	11	38
AT1G26780	1	0	1	0	0
AT1G26800	5	4	9	11	8
AT1G26810	1	2	0	1	3
AT1G26820	1	4	2	1	0
AT1G26830	24	20	19	17	28
AT1G26840	1	2	1	2	2
AT1G26850	105	100	53	83	83
AT1G26880	272	298	134	168	227
AT1G26890	2	0	3	0	0
AT1G26900	3	1	1	2	0
AT1G26910	14	22	14	8	18
AT1G26920	34	42	20	24	34
AT1G26930	2	2	0	3	6
AT1G26940	5	8	11	4	7
AT1G26945	22	25	7	13	17
AT1G26960	1	3	0	0	3
AT1G27000	30	25	13	23	42
AT1G27020	4	2	2	0	2
AT1G27030	33	37	17	25	25
AT1G27040	0	0	1	0	0
AT1G27050	18	16	14	17	23
AT1G27060	0	2	1	2	4
AT1G27070	6	8	5	8	4
AT1G27090	16	28	26	30	26
AT1G27100	26	31	33	29	39
AT1G27110	0	0	1	1	0
AT1G27120	9	7	2	2	9
AT1G27130	48	55	51	37	51
AT1G27150	9	8	5	15	10
AT1G27170	0	1	2	2	2
AT1G27180	3	1	2	3	4
AT1G27190	21	15	14	14	13
AT1G27200	0	5	1	2	5
AT1G27210	18	21	12	8	17
AT1G27290	19	23	15	16	25
AT1G27300	16	13	10	18	9
AT1G27310	65	80	68	64	77
AT1G27320	22	24	31	31	23
AT1G27330	55	44	84	100	116
AT1G27340	16	18	13	27	23
AT1G27350	40	32	52	54	63
AT1G27360	6	7	2	6	4
AT1G27370	9	3	5	2	6
AT1G27380	0	2	0	0	0
AT1G27385	43	42	17	16	25
AT1G27390	30	52	52	50	46
AT1G27400	185	250	172	188	231
AT1G27410	3	7	0	5	7
AT1G27420	0	1	0	0	0
AT1G27430	4	11	7	5	10
AT1G27435	41	41	27	36	51
AT1G27440	1	3	0	0	1
AT1G27450	126	132	91	119	153
AT1G27460	13	19	5	12	13
AT1G27470	5	14	5	9	8
AT1G27480	30	25	22	31	36
AT1G27500	1	0	2	0	2
AT1G27510	26	28	22	29	19
AT1G27520	4	11	6	6	10
AT1G27530	63	60	46	76	85
AT1G27540	19	16	14	12	19
AT1G27565	0	2	0	0	2
AT1G27580	0	2	2	3	2
AT1G27590	0	1	5	0	4
AT1G27595	13	15	7	17	16
AT1G27600	7	5	6	11	7
AT1G27620	2	1	0	0	3
AT1G27630	30	18	17	19	31
AT1G27650	39	27	20	22	22
AT1G27660	4	4	4	3	0
AT1G27680	5	13	5	9	10
AT1G27690	11	10	3	7	7
AT1G27695	40	20	11	24	39
AT1G27700	5	11	5	6	5
AT1G27710	0	0	2	0	1
AT1G27720	0	1	1	0	0
AT1G27730	8	3	36	52	80
AT1G27750	12	12	14	13	16
AT1G27752	8	2	7	9	8
AT1G27760	19	15	14	17	17
AT1G27770	18	31	29	36	37
AT1G27820	0	0	0	0	1
AT1G27840	9	8	4	7	7
AT1G27850	9	8	10	6	3
AT1G27880	5	2	5	4	1
AT1G27890	0	0	0	1	0
AT1G27900	2	3	6	9	8
AT1G27910	11	7	5	6	9
AT1G27920	3	3	2	2	0
AT1G27921	0	1	0	0	1
AT1G27930	32	22	19	37	27
AT1G27940	1	2	0	0	1
AT1G27950	180	200	112	137	144
AT1G27960	3	5	1	4	5
AT1G27970	85	99	119	131	171
AT1G27980	4	3	3	6	8
AT1G28010	1	1	1	2	1
AT1G28050	11	5	12	9	12
AT1G28060	10	19	15	10	20
AT1G28070	4	5	7	6	6
AT1G28090	7	6	5	5	12
AT1G28100	26	29	23	18	33
AT1G28110	29	36	24	22	34
AT1G28120	14	21	21	23	26
AT1G28130	0	4	1	0	0
AT1G28140	53	57	27	26	38
AT1G28150	82	64	30	31	49
AT1G28190	2	0	2	4	3
AT1G28200	22	27	23	26	28
AT1G28210	6	4	10	7	6
AT1G28220	0	1	0	0	0
AT1G28230	9	4	7	11	17
AT1G28240	5	10	4	10	10
AT1G28250	27	21	27	18	28
AT1G28260	9	8	4	11	14
AT1G28280	12	16	19	16	33
AT1G28290	123	185	33	63	55
AT1G28310	2	7	4	5	10
AT1G28320	10	12	4	10	18
AT1G28330	54	70	30	41	28
AT1G28340	23	17	15	19	26
AT1G28350	9	10	9	20	9
AT1G28360	0	2	0	5	0
AT1G28370	0	0	0	3	10
AT1G28380	17	11	21	23	18
AT1G28390	3	1	0	0	0
AT1G28395	26	36	15	34	33
AT1G28400	19	28	20	16	30
AT1G28410	7	10	7	8	14
AT1G28420	8	9	7	8	16
AT1G28440	15	19	9	11	20
AT1G28470	0	0	0	0	2
AT1G28480	7	1	0	0	4
AT1G28490	10	4	6	11	17
AT1G28510	11	17	17	19	19
AT1G28520	16	14	9	13	21
AT1G28530	6	8	2	1	6
AT1G28540	8	5	8	2	14
AT1G28560	1	1	1	6	1
AT1G28570	2	3	3	5	3
AT1G28580	7	15	12	17	19
AT1G28600	15	26	26	34	50
AT1G28610	22	10	10	16	34
AT1G28660	6	3	3	10	6
AT1G28670	45	41	17	29	59
AT1G28680	17	13	9	9	8
AT1G28685	0	2	0	1	1
AT1G28710	5	1	4	3	8
AT1G28815	8	3	0	3	6
AT1G28870	0	0	0	0	1
AT1G28960	8	9	3	11	13
AT1G29025	1	0	0	0	0
AT1G29030	8	5	7	6	9
AT1G29040	45	34	18	17	31
AT1G29041	1	2	0	0	2
AT1G29050	14	10	12	3	20
AT1G29060	3	4	10	16	8
AT1G29070	625	648	267	250	364
AT1G29071	1	0	2	1	1
AT1G29120	10	9	15	7	6
AT1G29150	74	110	82	88	104
AT1G29160	1	2	0	2	0
AT1G29170	1	6	3	2	5
AT1G29195	4	0	1	0	0
AT1G29200	0	0	0	1	1
AT1G29220	7	7	9	10	11
AT1G29240	4	3	8	7	8
AT1G29250	43	76	65	52	102
AT1G29260	25	16	17	22	26
AT1G29280	0	2	0	0	0
AT1G29290	0	1	2	0	0
AT1G29300	0	1	2	0	0
AT1G29310	35	28	12	20	22
AT1G29320	6	16	9	11	12
AT1G29330	4	3	6	4	6
AT1G29340	18	13	11	17	21
AT1G29350	21	17	22	14	24
AT1G29355	5	5	11	6	7
AT1G29357	5	5	7	6	5
AT1G29370	16	14	16	12	18
AT1G29380	0	0	1	0	0
AT1G29390	72	60	26	7	25
AT1G29395	63	46	11	11	16
AT1G29400	15	6	9	6	13
AT1G29410	1	8	3	6	3
AT1G29418	29	32	40	52	58
AT1G29420	9	8	6	9	18
AT1G29430	31	32	11	25	20
AT1G29440	21	18	8	10	11
AT1G29450	26	14	12	7	12
AT1G29460	20	13	3	5	6
AT1G29465	19	19	28	27	43
AT1G29470	121	123	67	83	100
AT1G29490	0	1	0	0	0
AT1G29500	22	19	20	6	18
AT1G29510	23	22	12	10	11
AT1G29520	9	17	3	5	13
AT1G29530	21	17	14	15	15
AT1G29540	1	4	0	3	2
AT1G29550	12	10	10	2	3
AT1G29560	5	2	0	1	2
AT1G29590	2	0	0	0	1
AT1G29630	8	3	4	0	3
AT1G29640	0	0	0	2	0
AT1G29660	178	124	126	106	188
AT1G29670	264	236	219	243	309
AT1G29680	0	1	0	0	0
AT1G29690	5	6	6	8	9
AT1G29700	31	35	16	19	28
AT1G29710	5	1	4	5	1
AT1G29720	28	11	15	22	24
AT1G29730	0	1	3	4	0
AT1G29740	1	1	1	0	1
AT1G29750	4	7	2	2	9
AT1G29760	3	5	8	7	5
AT1G29770	2	0	2	1	0
AT1G29785	19	10	3	8	9
AT1G29790	16	11	7	14	18
AT1G29800	4	3	7	8	9
AT1G29810	8	9	6	6	5
AT1G29820	0	4	3	10	10
AT1G29840	10	5	6	3	10
AT1G29850	73	95	67	75	106
AT1G29880	53	55	55	54	81
AT1G29890	6	16	14	6	9
AT1G29900	69	61	50	60	81
AT1G29910	7112	6996	810	915	1373
AT1G29920	7029	7247	1154	1254	1809
AT1G29930	20239	20031	3603	3885	4794
AT1G29940	21	20	13	25	19
AT1G29950	17	21	12	14	9
AT1G29951	17	21	12	14	9
AT1G29952	17	21	12	14	9
AT1G29960	6	4	4	11	13
AT1G29965	36	48	24	28	43
AT1G29970	36	47	39	42	57
AT1G29980	15	17	10	10	13
AT1G29990	39	50	38	43	44
AT1G30000	10	7	7	7	15
AT1G30010	4	1	1	0	3
AT1G30020	1	1	0	0	1
AT1G30040	3	6	0	3	9
AT1G30070	19	12	12	10	20
AT1G30090	21	11	10	18	4
AT1G30100	1	0	0	0	0
AT1G30110	4	1	2	0	0
AT1G30120	86	94	35	27	50
AT1G30130	19	13	15	15	13
AT1G30135	0	0	1	0	5
AT1G30160	1	4	0	0	2
AT1G30170	0	0	1	1	3
AT1G30190	0	1	0	0	1
AT1G30200	19	31	30	22	30
AT1G30210	22	46	25	20	25
AT1G30220	0	0	1	0	0
AT1G30230	503	616	665	784	875
AT1G30240	5	9	6	4	6
AT1G30250	28	14	14	23	47
AT1G30260	14	22	20	17	18
AT1G30270	8	9	6	9	5
AT1G30280	7	9	5	6	11
AT1G30282	0	0	0	0	2
AT1G30290	1	2	0	1	2
AT1G30300	1	6	5	5	20
AT1G30320	5	1	3	4	4
AT1G30330	38	22	38	35	36
AT1G30360	84	95	63	94	109
AT1G30380	3400	3147	766	817	1146
AT1G30400	34	31	28	29	40
AT1G30410	2	2	1	5	4
AT1G30420	5	2	2	1	3
AT1G30440	19	23	10	16	21
AT1G30450	15	15	6	14	4
AT1G30460	7	5	6	15	10
AT1G30470	9	11	14	16	24
AT1G30473	3	3	5	1	1
AT1G30475	3	3	5	4	1
AT1G30480	7	9	5	3	12
AT1G30490	6	6	4	7	12
AT1G30500	8	8	7	14	4
AT1G30510	18	24	14	12	27
AT1G30515	2	0	0	0	0
AT1G30520	19	25	8	17	15
AT1G30530	35	56	28	20	45
AT1G30540	10	11	11	10	14
AT1G30550	0	1	0	2	4
AT1G30570	16	10	6	5	11
AT1G30580	78	119	62	108	91
AT1G30590	25	21	14	10	32
AT1G30600	5	5	3	2	6
AT1G30610	26	25	8	12	19
AT1G30620	7	5	7	6	5
AT1G30630	68	63	64	58	63
AT1G30640	3	3	0	0	0
AT1G30650	1	1	0	0	0
AT1G30680	23	22	12	34	20
AT1G30690	43	42	16	16	36
AT1G30700	0	0	1	0	3
AT1G30720	0	0	0	2	2
AT1G30730	0	0	0	0	1
AT1G30755	2	0	0	4	5
AT1G30757	1	0	1	2	0
AT1G30760	0	0	0	0	2
AT1G30780	1	0	0	0	0
AT1G30800	1	3	0	2	1
AT1G30810	5	7	5	17	7
AT1G30820	32	44	14	10	9
AT1G30825	7	2	5	11	6
AT1G30840	0	0	0	1	0
AT1G30845	2	2	8	5	11
AT1G30860	0	0	0	0	2
AT1G30880	79	87	71	69	92
AT1G30890	11	6	11	8	19
AT1G30900	6	0	12	4	11
AT1G30910	29	22	21	15	25
AT1G30960	5	5	3	12	8
AT1G30970	13	12	2	9	15
AT1G30972	0	0	0	0	1
AT1G31010	3	1	0	1	1
AT1G31020	24	13	1	14	14
AT1G31070	9	4	1	10	5
AT1G31120	7	4	7	3	4
AT1G31130	27	20	21	28	43
AT1G31150	6	6	4	8	9
AT1G31160	37	22	11	22	28
AT1G31170	39	41	30	26	38
AT1G31173	3	7	5	4	4
AT1G31175	1	3	1	8	6
AT1G31180	41	69	25	51	39
AT1G31190	18	12	8	13	13
AT1G31200	5	7	1	2	1
AT1G31220	10	8	6	4	7
AT1G31230	28	38	15	10	26
AT1G31240	0	2	0	0	0
AT1G31258	4	10	24	17	20
AT1G31280	4	2	3	3	4
AT1G31290	0	1	0	0	0
AT1G31300	17	23	22	26	13
AT1G31310	1	5	1	0	2
AT1G31320	3	0	2	1	0
AT1G31330	4989	5100	880	897	1262
AT1G31335	10	15	14	10	10
AT1G31340	70	74	40	47	69
AT1G31350	1	2	6	3	5
AT1G31360	7	3	5	9	8
AT1G31410	21	22	11	4	12
AT1G31420	62	89	46	51	53
AT1G31430	1	4	0	2	5
AT1G31440	26	14	7	12	26
AT1G31460	8	11	6	6	3
AT1G31470	1	6	4	3	0
AT1G31480	1	6	6	5	4
AT1G31490	1	6	4	4	6
AT1G31500	9	14	4	11	6
AT1G31540	22	11	14	27	31
AT1G31550	21	25	25	36	26
AT1G31580	2460	1835	2007	2075	2472
AT1G31600	12	12	13	20	18
AT1G31650	10	16	9	13	12
AT1G31660	15	20	19	37	23
AT1G31690	23	24	22	31	37
AT1G31710	21	9	7	4	1
AT1G31720	3	0	0	0	0
AT1G31730	21	23	26	17	33
AT1G31750	2	0	0	3	2
AT1G31760	1	3	3	3	4
AT1G31770	0	3	0	1	0
AT1G31780	23	28	23	23	25
AT1G31790	0	0	1	2	1
AT1G31800	50	70	28	46	44
AT1G31810	13	10	11	12	13
AT1G31812	653	644	484	480	634
AT1G31814	1	0	2	0	0
AT1G31817	22	26	14	21	21
AT1G31820	0	0	3	5	1
AT1G31830	14	14	8	15	11
AT1G31835	1	7	7	6	3
AT1G31840	0	2	1	4	4
AT1G31850	32	33	14	23	29
AT1G31860	42	69	28	19	28
AT1G31870	14	16	14	23	12
AT1G31880	1	1	0	0	1
AT1G31910	61	65	45	61	66
AT1G31920	19	18	12	13	18
AT1G31930	16	14	9	11	13
AT1G31935	7	6	2	2	8
AT1G31940	10	11	13	14	28
AT1G31950	5	1	0	0	1
AT1G31970	37	51	35	34	42
AT1G32050	71	60	52	67	93
AT1G32060	603	583	202	179	256
AT1G32070	57	63	28	31	48
AT1G32080	160	160	48	68	101
AT1G32090	31	28	15	22	18
AT1G32100	7	5	5	4	3
AT1G32120	3	19	2	7	7
AT1G32130	43	39	46	43	38
AT1G32150	9	7	12	6	4
AT1G32160	33	50	12	22	38
AT1G32170	0	5	4	3	4
AT1G32190	5	7	2	3	0
AT1G32200	59	63	12	25	28
AT1G32210	77	62	54	58	79
AT1G32220	64	54	20	16	36
AT1G32230	44	35	35	44	55
AT1G32240	9	4	3	16	11
AT1G32260	6	4	10	11	9
AT1G32310	10	11	13	9	21
AT1G32330	2	11	7	4	12
AT1G32340	5	11	10	6	4
AT1G32350	1	0	2	2	0
AT1G32360	11	9	7	5	10
AT1G32370	13	10	8	8	19
AT1G32380	8	10	7	5	3
AT1G32385	1	0	0	0	0
AT1G32400	65	77	47	72	73
AT1G32410	9	17	6	12	8
AT1G32415	2	3	11	4	3
AT1G32440	21	13	14	13	16
AT1G32450	8	6	4	3	11
AT1G32460	76	69	64	78	82
AT1G32470	692	711	274	296	411
AT1G32490	21	26	5	22	19
AT1G32500	46	60	24	15	24
AT1G32520	12	12	10	14	14
AT1G32530	7	13	8	10	12
AT1G32540	21	23	13	10	14
AT1G32550	77	87	20	15	27
AT1G32570	0	0	0	0	1
AT1G32580	67	62	46	64	56
AT1G32583	3	0	1	4	3
AT1G32610	5	2	1	1	2
AT1G32630	8	2	0	2	8
AT1G32640	10	8	15	11	19
AT1G32690	0	5	1	2	0
AT1G32700	27	25	29	25	32
AT1G32730	4	10	1	4	4
AT1G32740	5	2	2	4	2
AT1G32750	23	30	25	26	24
AT1G32760	0	1	4	1	0
AT1G32780	1	1	2	0	3
AT1G32790	69	57	56	56	65
AT1G32810	3	4	6	1	6
AT1G32860	1	6	12	4	5
AT1G32870	5	5	11	13	25
AT1G32900	17	15	3	4	7
AT1G32920	45	28	94	106	212
AT1G32928	9	2	14	5	27
AT1G32930	5	0	1	4	3
AT1G32940	5	3	4	7	8
AT1G32990	236	252	94	95	179
AT1G33030	1	0	0	0	0
AT1G33040	84	94	64	76	118
AT1G33050	14	16	16	21	25
AT1G33055	2	1	0	0	3
AT1G33060	8	6	5	5	5
AT1G33080	7	6	8	3	9
AT1G33102	0	0	1	1	0
AT1G33110	6	7	13	21	8
AT1G33120	231	282	148	163	245
AT1G33140	378	433	232	220	329
AT1G33170	17	25	1	4	9
AT1G33230	9	12	9	16	14
AT1G33240	52	34	33	45	30
AT1G33250	20	17	17	21	26
AT1G33260	5	3	1	3	5
AT1G33265	31	23	13	12	24
AT1G33270	9	10	5	10	10
AT1G33290	24	27	21	33	18
AT1G33320	0	0	0	0	1
AT1G33330	6	16	10	8	5
AT1G33340	2	1	5	2	6
AT1G33350	2	2	2	2	2
AT1G33360	7	5	11	9	19
AT1G33390	5	10	4	13	8
AT1G33400	9	5	4	12	7
AT1G33410	20	30	18	36	27
AT1G33415	8	12	14	11	14
AT1G33420	6	8	12	9	12
AT1G33430	1	2	0	0	1
AT1G33440	1	1	1	1	1
AT1G33470	55	54	51	84	64
AT1G33475	0	4	2	1	1
AT1G33480	8	12	0	6	6
AT1G33490	24	27	32	33	39
AT1G33500	0	1	0	0	0
AT1G33520	8	18	15	13	18
AT1G33540	1	0	0	0	0
AT1G33560	11	3	5	11	5
AT1G33590	81	91	77	91	109
AT1G33600	25	24	27	22	28
AT1G33610	19	11	4	11	10
AT1G33615	0	0	0	2	1
AT1G33680	32	32	23	42	39
AT1G33700	20	22	20	37	30
AT1G33720	6	5	12	8	13
AT1G33760	0	0	1	3	0
AT1G33770	0	0	2	0	0
AT1G33780	18	23	6	13	11
AT1G33790	3	4	1	1	0
AT1G33800	1	1	2	1	2
AT1G33810	105	132	95	105	134
AT1G33811	42	43	25	33	58
AT1G33840	0	0	0	0	1
AT1G33930	3	4	1	0	3
AT1G33960	8	3	8	13	10
AT1G33970	18	39	29	36	47
AT1G33980	12	15	10	17	14
AT1G33990	46	42	34	54	50
AT1G34000	172	164	60	71	72
AT1G34010	16	5	3	7	5
AT1G34020	15	10	5	13	21
AT1G34030	248	287	124	170	203
AT1G34060	0	0	0	0	1
AT1G34065	6	11	8	3	6
AT1G34110	2	5	3	6	3
AT1G34120	3	5	3	5	7
AT1G34130	30	43	13	33	26
AT1G34150	4	1	1	4	4
AT1G34160	1	2	1	4	1
AT1G34180	3	0	4	3	1
AT1G34190	25	19	16	24	23
AT1G34200	9	10	4	9	10
AT1G34210	18	19	9	12	16
AT1G34220	26	19	20	9	17
AT1G34245	4	4	5	0	1
AT1G34260	7	10	8	9	12
AT1G34270	10	4	6	5	6
AT1G34300	6	4	13	12	15
AT1G34315	1	2	1	6	2
AT1G34320	9	12	7	11	14
AT1G34340	12	12	5	6	6
AT1G34350	18	11	8	14	11
AT1G34355	6	3	4	1	3
AT1G34360	6	5	5	6	5
AT1G34370	19	14	11	16	9
AT1G34380	20	13	8	9	17
AT1G34418	21	19	26	24	34
AT1G34420	0	1	0	2	3
AT1G34430	60	60	23	29	36
AT1G34460	0	0	0	0	1
AT1G34470	4	16	1	9	8
AT1G34480	2	0	0	0	0
AT1G34550	18	9	15	7	12
AT1G34570	8	14	15	23	19
AT1G34580	0	1	0	0	0
AT1G34630	14	5	8	7	4
AT1G34640	26	17	20	20	25
AT1G34750	5	1	11	8	8
AT1G34760	3	0	0	1	0
AT1G34770	3	6	8	6	7
AT1G34780	15	8	15	16	21
AT1G34844	4	5	6	6	5
AT1G35140	2	1	8	5	13
AT1G35160	113	118	134	111	119
AT1G35180	7	4	9	6	16
AT1G35183	0	1	0	0	0
AT1G35190	3	3	2	2	1
AT1G35210	6	5	6	5	13
AT1G35220	20	5	11	9	10
AT1G35230	8	8	12	28	14
AT1G35255	2	0	0	0	0
AT1G35260	1	0	1	1	0
AT1G35290	0	1	1	0	0
AT1G35310	0	0	0	0	1
AT1G35320	6	6	15	13	22
AT1G35340	77	83	25	27	41
AT1G35350	4	5	4	6	10
AT1G35420	46	47	9	19	33
AT1G35430	4	9	5	4	8
AT1G35460	10	11	7	11	23
AT1G35470	15	13	7	16	13
AT1G35510	13	11	13	7	8
AT1G35515	30	22	28	15	23
AT1G35516	29	21	28	15	23
AT1G35530	0	0	0	0	1
AT1G35560	0	4	3	2	5
AT1G35580	80	70	60	72	69
AT1G35620	29	24	14	23	19
AT1G35625	0	1	0	0	0
AT1G35630	1	0	0	0	0
AT1G35660	2	2	3	6	8
AT1G35670	10	2	6	6	13
AT1G35680	649	780	308	331	414
AT1G35710	89	49	136	198	195
AT1G35720	363	317	311	335	417
AT1G35730	0	0	1	0	0
AT1G35780	18	26	8	14	21
AT1G35830	1	5	1	0	1
AT1G35910	0	3	1	0	1
AT1G36050	18	20	14	10	19
AT1G36060	0	0	0	1	1
AT1G36070	7	5	4	12	15
AT1G36160	25	36	32	32	54
AT1G36180	2	4	7	13	2
AT1G36240	0	1	0	0	0
AT1G36280	8	10	6	13	10
AT1G36310	29	38	15	24	27
AT1G36320	51	54	25	24	48
AT1G36370	4	6	1	5	7
AT1G36380	13	16	7	11	16
AT1G36390	51	50	15	20	35
AT1G36622	2	0	1	1	1
AT1G36730	65	81	46	75	77
AT1G36732	65	81	46	75	77
AT1G36940	4	3	2	1	0
AT1G36980	196	165	117	153	166
AT1G36990	4	8	3	2	3
AT1G37130	84	101	115	123	166
AT1G37150	0	0	0	1	4
AT1G38065	3	8	5	3	3
AT1G38131	8	9	2	3	5
AT1G41830	61	58	43	67	52
AT1G41880	347	449	277	304	379
AT1G42430	12	16	3	5	10
AT1G42440	11	15	10	21	30
AT1G42470	15	6	6	11	10
AT1G42480	20	27	11	19	22
AT1G42540	7	2	8	2	4
AT1G42550	18	31	26	12	33
AT1G42960	197	201	150	134	210
AT1G42970	738	795	318	330	443
AT1G42980	1	0	3	0	0
AT1G42990	30	33	50	67	90
AT1G43000	0	0	0	0	1
AT1G43020	0	0	0	0	1
AT1G43130	18	16	28	23	27
AT1G43170	530	611	311	371	467
AT1G43190	36	54	64	67	83
AT1G43245	2	5	4	6	2
AT1G43560	157	125	79	62	95
AT1G43580	20	30	20	31	10
AT1G43620	16	9	14	13	18
AT1G43650	3	2	2	0	1
AT1G43670	141	130	151	179	241
AT1G43690	16	20	15	19	17
AT1G43700	16	18	14	12	7
AT1G43710	48	52	50	54	66
AT1G43765	1	4	2	1	1
AT1G43770	5	0	0	2	3
AT1G43790	11	14	10	9	5
AT1G43800	5	7	0	2	0
AT1G43850	17	15	25	23	26
AT1G43860	20	20	17	24	33
AT1G43890	58	77	56	71	62
AT1G43900	8	9	14	28	32
AT1G43910	3	3	4	9	9
AT1G43980	1	0	0	1	2
AT1G44000	51	72	21	31	45
AT1G44100	7	7	8	12	9
AT1G44110	17	19	15	10	23
AT1G44120	2	1	1	2	2
AT1G44125	2	1	1	2	4
AT1G44130	0	0	0	1	0
AT1G44170	16	22	10	16	24
AT1G44350	4	3	2	4	9
AT1G44414	0	0	2	0	0
AT1G44446	78	109	20	22	32
AT1G44575	951	1009	185	211	365
AT1G44608	0	1	0	0	0
AT1G44740	2	5	0	1	0
AT1G44750	21	13	9	20	13
AT1G44760	8	20	12	5	19
AT1G44770	37	30	24	37	51
AT1G44780	4	5	1	2	3
AT1G44790	28	33	11	18	25
AT1G44800	4	10	2	0	0
AT1G44810	14	6	8	11	10
AT1G44820	22	15	13	15	18
AT1G44830	9	7	3	2	1
AT1G44835	36	22	22	19	28
AT1G44890	2	6	4	0	8
AT1G44900	8	16	8	8	10
AT1G44910	20	8	15	12	7
AT1G44920	77	61	27	35	61
AT1G44960	6	16	15	12	10
AT1G44970	1	1	0	0	0
AT1G45000	64	71	60	72	64
AT1G45010	9	12	12	11	7
AT1G45050	11	8	14	15	23
AT1G45110	2	4	2	2	8
AT1G45130	27	27	20	22	24
AT1G45145	47	25	70	89	114
AT1G45150	7	14	11	8	21
AT1G45160	15	10	8	13	23
AT1G45163	15	11	9	5	12
AT1G45165	15	9	9	5	12
AT1G45170	6	11	13	8	12
AT1G45180	1	2	3	6	6
AT1G45191	8	6	12	5	9
AT1G45201	96	94	103	104	160
AT1G45207	9	12	7	10	10
AT1G45229	12	4	3	7	5
AT1G45230	41	43	36	37	45
AT1G45231	3	6	10	10	6
AT1G45233	3	9	4	8	2
AT1G45248	0	1	2	0	3
AT1G45249	9	5	7	11	9
AT1G45332	13	6	16	16	15
AT1G45474	229	199	87	109	160
AT1G45545	0	1	2	3	1
AT1G45616	0	0	1	1	0
AT1G45688	24	36	22	31	31
AT1G45976	8	15	11	14	17
AT1G46264	1	6	3	9	16
AT1G46480	1	3	1	1	3
AT1G46554	5	0	6	8	9
AT1G46768	3	1	0	2	3
AT1G47056	8	9	10	8	8
AT1G47128	179	171	112	188	179
AT1G47200	40	53	34	32	61
AT1G47210	7	16	9	5	6
AT1G47230	1	4	2	3	8
AT1G47240	8	9	8	10	19
AT1G47250	32	32	28	19	19
AT1G47260	78	102	57	76	88
AT1G47270	6	2	3	4	4
AT1G47278	20	30	24	23	37
AT1G47280	0	1	0	0	0
AT1G47290	11	6	13	12	19
AT1G47310	13	13	14	13	6
AT1G47330	7	11	4	13	12
AT1G47340	1	5	2	1	3
AT1G47370	3	0	0	2	3
AT1G47380	7	8	6	4	6
AT1G47395	23	17	1	4	1
AT1G47400	17	12	2	0	4
AT1G47410	7	21	7	12	13
AT1G47420	118	133	73	110	117
AT1G47480	1	0	0	0	0
AT1G47490	31	56	21	17	35
AT1G47500	22	20	12	24	23
AT1G47510	0	0	0	0	2
AT1G47530	32	32	15	26	29
AT1G47550	12	23	28	33	35
AT1G47560	0	3	2	0	0
AT1G47570	3	7	10	7	15
AT1G47580	24	30	15	10	17
AT1G47640	28	46	33	26	48
AT1G47655	1	0	1	1	1
AT1G47670	10	16	1	8	4
AT1G47710	38	25	21	30	39
AT1G47720	2	0	3	6	2
AT1G47740	32	37	14	31	49
AT1G47750	14	14	7	12	6
AT1G47760	0	0	0	1	0
AT1G47813	0	0	0	0	1
AT1G47820	17	19	29	26	22
AT1G47830	49	52	45	47	57
AT1G47840	2	0	0	1	4
AT1G47870	2	9	5	0	3
AT1G47890	0	0	2	2	0
AT1G47900	11	8	7	18	18
AT1G47960	11	9	8	6	12
AT1G47970	12	10	13	16	16
AT1G47980	0	0	0	1	0
AT1G48030	197	178	112	170	144
AT1G48040	1	6	3	3	5
AT1G48050	7	7	12	10	17
AT1G48090	11	6	10	8	13
AT1G48100	3	6	2	2	3
AT1G48110	20	23	12	23	16
AT1G48120	2	7	8	1	2
AT1G48140	22	24	19	14	24
AT1G48160	24	28	15	22	24
AT1G48170	17	18	24	10	28
AT1G48175	9	5	9	8	7
AT1G48200	13	9	6	11	17
AT1G48210	33	30	24	31	31
AT1G48230	16	29	22	22	30
AT1G48240	9	14	12	14	25
AT1G48270	6	3	3	5	4
AT1G48280	2	8	1	2	2
AT1G48300	182	168	64	71	73
AT1G48310	7	3	8	3	3
AT1G48315	13	8	11	7	15
AT1G48320	13	7	11	7	15
AT1G48325	0	0	1	0	0
AT1G48330	14	18	26	23	10
AT1G48350	475	545	171	210	264
AT1G48360	5	3	2	4	5
AT1G48370	3	4	3	5	0
AT1G48380	2	6	0	2	10
AT1G48390	0	0	0	0	1
AT1G48400	0	0	0	1	0
AT1G48405	0	0	0	1	0
AT1G48410	48	58	65	68	71
AT1G48420	32	42	32	28	38
AT1G48430	29	32	29	42	42
AT1G48440	55	48	53	47	56
AT1G48450	100	119	40	50	50
AT1G48460	11	19	5	8	11
AT1G48470	0	0	1	0	0
AT1G48480	16	19	24	12	13
AT1G48490	6	8	6	9	10
AT1G48500	0	1	0	0	2
AT1G48520	43	50	27	37	29
AT1G48540	6	9	8	11	13
AT1G48550	12	14	8	15	14
AT1G48560	1	5	1	2	5
AT1G48570	31	42	26	16	22
AT1G48580	0	0	0	1	2
AT1G48598	60	51	61	82	105
AT1G48600	60	51	61	82	105
AT1G48605	0	2	2	0	6
AT1G48610	13	14	14	13	11
AT1G48620	32	33	41	18	23
AT1G48630	100	120	86	108	144
AT1G48635	8	7	5	15	11
AT1G48640	0	1	0	0	0
AT1G48650	11	5	7	0	11
AT1G48740	1	1	1	0	2
AT1G48745	1	1	4	2	3
AT1G48750	11	29	29	20	40
AT1G48760	20	37	35	27	49
AT1G48770	2	1	0	0	2
AT1G48780	1	0	0	1	4
AT1G48790	17	13	19	20	32
AT1G48820	1	0	0	0	1
AT1G48830	233	270	177	187	251
AT1G48840	4	7	3	3	14
AT1G48850	46	32	21	30	34
AT1G48860	20	15	6	17	20
AT1G48870	0	0	0	2	4
AT1G48880	1	1	1	0	1
AT1G48900	33	51	26	35	38
AT1G48920	201	264	175	216	273
AT1G48940	0	0	0	0	1
AT1G48950	8	5	8	13	7
AT1G48960	2	3	4	2	3
AT1G48970	10	9	11	10	14
AT1G49000	1	1	1	0	0
AT1G49010	13	15	15	18	32
AT1G49032	13	6	8	16	14
AT1G49040	15	14	12	15	23
AT1G49050	15	14	24	26	29
AT1G49130	5	18	2	3	3
AT1G49140	102	113	68	65	67
AT1G49150	0	0	0	0	1
AT1G49160	0	0	4	0	2
AT1G49170	2	4	7	8	9
AT1G49180	7	6	5	7	15
AT1G49200	4	4	0	3	2
AT1G49210	2	0	0	0	0
AT1G49230	8	8	5	10	12
AT1G49240	114	108	102	109	110
AT1G49245	10	3	10	11	8
AT1G49300	34	39	28	26	27
AT1G49310	2	0	0	2	3
AT1G49320	2	0	3	2	1
AT1G49340	14	17	8	23	7
AT1G49350	3	6	5	4	11
AT1G49360	4	1	6	8	4
AT1G49380	43	31	14	20	17
AT1G49400	20	27	29	42	65
AT1G49405	0	0	0	2	0
AT1G49410	65	81	66	69	88
AT1G49430	20	28	12	17	25
AT1G49450	2	1	0	0	0
AT1G49470	4	3	5	8	11
AT1G49475	2	0	0	0	0
AT1G49480	20	26	20	15	30
AT1G49490	3	3	1	5	3
AT1G49500	95	64	86	86	90
AT1G49510	16	33	27	16	24
AT1G49520	1	1	0	0	1
AT1G49530	0	1	2	1	4
AT1G49540	5	13	14	6	15
AT1G49560	5	9	7	4	10
AT1G49580	24	17	7	15	15
AT1G49590	8	16	12	13	26
AT1G49600	28	45	31	47	50
AT1G49620	1	2	2	4	4
AT1G49630	9	19	8	4	8
AT1G49650	13	23	11	8	7
AT1G49660	8	13	11	6	12
AT1G49670	24	23	12	14	24
AT1G49700	14	7	10	9	10
AT1G49710	10	24	17	11	21
AT1G49720	27	27	43	27	39
AT1G49730	10	18	0	17	14
AT1G49740	7	11	10	11	8
AT1G49750	117	129	75	113	105
AT1G49760	69	117	80	80	110
AT1G49780	4	2	4	2	0
AT1G49790	4	0	0	0	0
AT1G49800	0	0	0	1	0
AT1G49820	15	18	24	19	24
AT1G49832	0	0	2	1	4
AT1G49840	7	7	7	2	4
AT1G49850	15	11	10	17	14
AT1G49870	4	5	1	0	1
AT1G49880	7	7	6	4	11
AT1G49890	8	9	1	4	12
AT1G49910	2	1	2	1	1
AT1G49920	1	0	0	0	0
AT1G49940	0	2	2	0	0
AT1G49950	16	16	9	17	18
AT1G49960	0	3	1	0	0
AT1G49970	179	149	72	66	82
AT1G49975	88	65	36	51	85
AT1G49980	12	19	10	15	13
AT1G49990	0	4	1	2	2
AT1G50000	7	16	9	4	7
AT1G50010	238	333	172	152	199
AT1G50020	45	49	42	47	37
AT1G50030	5	4	5	14	13
AT1G50040	2	5	4	0	5
AT1G50055	4	8	7	5	15
AT1G50060	0	1	0	0	0
AT1G50110	6	9	2	1	4
AT1G50120	9	9	7	15	10
AT1G50140	10	13	5	15	4
AT1G50170	14	23	13	18	12
AT1G50180	0	0	1	1	0
AT1G50200	87	97	99	100	138
AT1G50240	6	3	1	7	12
AT1G50250	89	71	42	37	62
AT1G50260	3	4	3	9	4
AT1G50270	12	8	4	9	9
AT1G50280	3	4	4	4	6
AT1G50290	3	2	1	2	6
AT1G50300	7	11	1	9	7
AT1G50310	1	0	1	0	0
AT1G50320	244	236	74	91	112
AT1G50360	4	2	7	6	2
AT1G50370	9	25	30	22	35
AT1G50380	8	12	10	6	13
AT1G50410	8	12	8	7	9
AT1G50420	2	1	7	1	6
AT1G50430	55	49	44	56	50
AT1G50440	11	15	13	13	24
AT1G50450	31	31	18	22	23
AT1G50460	3	7	8	12	20
AT1G50480	78	89	59	81	107
AT1G50490	25	45	21	36	37
AT1G50500	19	18	12	13	23
AT1G50510	7	17	6	6	7
AT1G50520	0	2	4	1	3
AT1G50560	0	0	1	0	0
AT1G50570	15	19	12	30	37
AT1G50575	9	13	6	8	7
AT1G50590	2	1	2	0	0
AT1G50600	10	13	10	19	15
AT1G50620	5	9	2	4	4
AT1G50630	1	4	5	9	3
AT1G50640	24	23	22	49	41
AT1G50660	25	32	40	29	42
AT1G50670	34	34	27	42	46
AT1G50700	2	1	1	1	1
AT1G50710	11	13	9	10	18
AT1G50730	5	3	6	8	8
AT1G50732	25	29	17	14	14
AT1G50740	23	29	52	44	78
AT1G50750	0	0	0	0	3
AT1G50780	1	0	0	0	0
AT1G50790	0	0	1	0	0
AT1G50840	15	18	9	14	15
AT1G50890	3	1	3	0	2
AT1G50900	319	336	73	114	168
AT1G50910	306	321	61	102	160
AT1G50920	59	64	46	67	79
AT1G50940	7	10	5	12	13
AT1G50950	2	4	6	3	7
AT1G50970	1	1	0	3	0
AT1G51030	0	0	0	1	0
AT1G51055	3	1	1	0	2
AT1G51060	78	105	42	59	71
AT1G51070	37	28	42	53	68
AT1G51080	39	21	8	17	12
AT1G51090	4	11	9	17	21
AT1G51100	25	49	7	18	28
AT1G51110	56	52	26	34	33
AT1G51130	3	0	1	1	5
AT1G51140	13	4	3	2	2
AT1G51160	70	59	47	73	60
AT1G51170	7	0	1	3	1
AT1G51200	145	127	144	134	163
AT1G51270	2	1	4	4	6
AT1G51310	13	19	14	21	20
AT1G51340	0	2	7	0	8
AT1G51350	5	10	10	14	11
AT1G51355	1	5	0	1	0
AT1G51360	4	11	9	6	8
AT1G51370	2	4	2	1	4
AT1G51380	1	3	4	5	3
AT1G51390	7	7	9	12	13
AT1G51400	1766	1375	337	354	502
AT1G51402	245	202	55	54	67
AT1G51405	2	1	1	1	1
AT1G51410	0	1	0	0	0
AT1G51430	15	14	10	17	19
AT1G51440	1	1	2	7	2
AT1G51450	3	7	7	9	4
AT1G51460	5	8	1	4	5
AT1G51470	1	0	0	0	0
AT1G51500	59	32	53	45	73
AT1G51510	75	82	67	90	96
AT1G51520	0	0	0	3	0
AT1G51530	2	0	0	0	0
AT1G51540	26	11	8	10	12
AT1G51550	29	16	9	14	17
AT1G51560	16	19	9	14	24
AT1G51570	45	62	56	39	52
AT1G51580	9	11	6	4	7
AT1G51590	11	14	12	12	10
AT1G51600	5	4	2	5	7
AT1G51610	21	19	16	16	19
AT1G51620	3	5	3	1	3
AT1G51630	29	29	37	27	35
AT1G51640	2	2	4	2	2
AT1G51645	0	0	1	1	2
AT1G51650	181	218	144	178	188
AT1G51660	4	7	7	3	13
AT1G51670	3	4	0	1	0
AT1G51680	32	34	11	19	23
AT1G51690	19	16	10	21	20
AT1G51700	9	9	9	4	7
AT1G51710	44	44	39	45	42
AT1G51720	10	14	14	12	16
AT1G51730	42	33	28	51	50
AT1G51740	10	12	7	4	7
AT1G51745	4	4	5	6	4
AT1G51760	7	13	9	6	11
AT1G51790	2	1	1	1	2
AT1G51800	0	2	1	1	3
AT1G51805	65	55	29	44	44
AT1G51820	0	0	0	1	0
AT1G51830	0	1	0	0	0
AT1G51850	0	2	0	0	0
AT1G51860	0	0	1	1	3
AT1G51890	1	0	4	1	9
AT1G51910	0	0	1	0	0
AT1G51920	0	2	0	0	0
AT1G51940	32	33	17	27	47
AT1G51950	25	20	10	13	11
AT1G51960	1	0	0	0	0
AT1G51965	1	1	0	0	4
AT1G51980	59	44	36	45	45
AT1G52000	11	6	6	16	16
AT1G52030	11	20	4	13	9
AT1G52040	6	6	7	9	8
AT1G52080	4	2	2	1	1
AT1G52100	0	1	0	0	0
AT1G52140	5	6	0	4	6
AT1G52150	15	8	15	15	16
AT1G52155	0	0	2	1	1
AT1G52160	9	7	10	7	10
AT1G52190	77	49	11	27	23
AT1G52200	8	1	7	10	9
AT1G52220	423	429	150	142	212
AT1G52230	1827	1806	409	388	547
AT1G52240	15	15	2	4	4
AT1G52260	3	5	3	6	5
AT1G52270	5	0	6	10	8
AT1G52280	18	24	12	16	17
AT1G52290	24	8	16	24	18
AT1G52300	537	715	325	402	507
AT1G52310	16	15	8	13	20
AT1G52315	3	1	2	0	1
AT1G52320	17	15	18	22	15
AT1G52340	22	13	4	10	16
AT1G52342	12	13	27	26	40
AT1G52347	6	4	7	9	19
AT1G52360	12	14	7	7	12
AT1G52370	11	19	18	20	13
AT1G52380	26	24	23	25	29
AT1G52400	221	323	172	214	214
AT1G52410	31	15	17	14	16
AT1G52420	17	18	11	11	18
AT1G52430	0	0	2	1	0
AT1G52450	0	0	3	0	1
AT1G52460	1	0	0	0	0
AT1G52500	114	111	34	34	69
AT1G52510	133	127	42	38	68
AT1G52520	0	2	3	3	1
AT1G52530	1	0	0	5	1
AT1G52540	4	3	1	3	6
AT1G52550	2	6	6	3	10
AT1G52565	0	1	1	3	1
AT1G52570	1	0	0	1	2
AT1G52590	26	15	9	10	13
AT1G52600	44	32	37	35	40
AT1G52618	5	4	2	4	5
AT1G52620	0	0	0	2	0
AT1G52630	6	4	10	13	8
AT1G52640	0	1	0	1	1
AT1G52650	1	0	2	0	0
AT1G52670	34	51	20	25	24
AT1G52690	0	0	0	0	1
AT1G52700	2	0	2	1	0
AT1G52710	10	6	4	6	11
AT1G52720	20	17	10	25	17
AT1G52730	20	15	19	19	22
AT1G52740	174	181	138	174	200
AT1G52750	5	5	0	0	0
AT1G52760	28	35	25	24	35
AT1G52770	18	7	10	11	11
AT1G52780	26	21	22	37	18
AT1G52820	2	4	1	0	3
AT1G52825	6	6	10	8	15
AT1G52827	14	17	16	6	13
AT1G52830	1	3	3	4	7
AT1G52855	2	3	2	4	16
AT1G52870	59	54	27	38	37
AT1G52880	2	2	7	2	5
AT1G52890	4	4	2	4	8
AT1G52905	22	26	21	11	10
AT1G52910	2	5	10	6	4
AT1G52920	1	0	2	1	1
AT1G52930	28	34	26	25	48
AT1G52980	29	26	32	32	32
AT1G52990	0	0	0	1	1
AT1G53000	31	17	17	11	8
AT1G53025	2	3	2	8	5
AT1G53030	9	22	25	36	31
AT1G53035	8	6	5	7	8
AT1G53040	7	7	5	5	3
AT1G53050	7	8	8	15	14
AT1G53060	1	0	1	1	0
AT1G53070	14	12	3	3	10
AT1G53090	2	6	12	5	6
AT1G53100	0	0	1	0	0
AT1G53110	4	6	0	7	3
AT1G53120	11	5	10	13	11
AT1G53140	4	3	4	4	5
AT1G53160	12	17	12	9	8
AT1G53165	1	7	8	7	4
AT1G53170	5	2	6	11	9
AT1G53180	2	3	0	0	2
AT1G53190	2	10	11	4	10
AT1G53200	3	5	4	7	10
AT1G53210	119	112	96	106	151
AT1G53230	50	36	48	51	69
AT1G53233	6	7	9	7	7
AT1G53240	132	162	102	125	140
AT1G53250	3	9	6	6	9
AT1G53260	0	1	0	0	0
AT1G53270	0	0	0	3	0
AT1G53280	30	35	22	19	28
AT1G53290	25	15	7	17	13
AT1G53300	1	4	0	2	1
AT1G53310	54	48	47	54	70
AT1G53320	26	34	11	18	23
AT1G53345	1	4	0	2	2
AT1G53350	6	11	2	6	3
AT1G53380	5	5	2	2	7
AT1G53390	4	11	3	12	10
AT1G53400	40	35	23	21	39
AT1G53430	9	16	11	15	21
AT1G53440	7	12	9	10	9
AT1G53450	33	30	25	25	36
AT1G53460	12	14	12	11	18
AT1G53470	0	0	0	0	3
AT1G53480	38	39	27	33	32
AT1G53490	7	14	7	9	10
AT1G53500	28	26	13	19	23
AT1G53510	36	47	40	37	42
AT1G53520	29	43	12	5	16
AT1G53530	4	9	3	8	15
AT1G53540	1	0	2	3	3
AT1G53541	1	0	0	1	3
AT1G53542	4	4	9	15	9
AT1G53543	0	1	2	0	1
AT1G53560	23	20	16	18	16
AT1G53570	29	10	15	21	21
AT1G53580	32	37	41	34	28
AT1G53590	4	5	3	3	4
AT1G53600	0	0	0	4	0
AT1G53620	0	0	0	3	0
AT1G53625	0	2	0	2	0
AT1G53633	0	0	1	0	0
AT1G53645	6	7	26	13	23
AT1G53650	7	11	3	6	5
AT1G53670	62	71	17	40	53
AT1G53690	1	5	0	2	1
AT1G53700	0	0	0	1	0
AT1G53710	23	15	9	22	20
AT1G53720	3	5	5	11	12
AT1G53730	52	37	27	35	36
AT1G53750	104	78	90	103	120
AT1G53760	1	6	7	9	6
AT1G53770	4	3	0	7	5
AT1G53780	4	10	7	12	16
AT1G53785	0	4	2	2	1
AT1G53790	1	2	0	1	1
AT1G53800	23	24	10	14	21
AT1G53801	1	2	2	0	2
AT1G53830	0	1	0	0	0
AT1G53840	46	43	16	37	35
AT1G53850	33	38	39	39	59
AT1G53860	0	0	0	0	2
AT1G53870	3	1	2	1	2
AT1G53880	10	19	16	19	11
AT1G53885	6	8	13	8	7
AT1G53887	2	3	5	0	1
AT1G53890	0	1	2	0	0
AT1G53900	10	7	19	18	13
AT1G53903	6	0	8	5	16
AT1G53910	67	94	70	72	61
AT1G53920	4	2	3	5	5
AT1G54000	5	3	0	0	0
AT1G54010	6	8	2	8	1
AT1G54020	3	8	3	2	5
AT1G54030	32	40	36	52	32
AT1G54040	30	37	27	26	55
AT1G54050	18	20	17	9	12
AT1G54060	25	24	19	9	15
AT1G54080	53	88	58	79	98
AT1G54090	12	24	11	9	13
AT1G54100	14	21	14	9	33
AT1G54110	4	7	13	9	12
AT1G54115	7	7	3	6	16
AT1G54120	4	4	4	1	3
AT1G54130	33	26	15	27	16
AT1G54140	19	16	10	16	22
AT1G54150	13	7	8	12	11
AT1G54160	5	2	3	2	2
AT1G54170	13	15	17	15	31
AT1G54180	2	8	0	3	7
AT1G54200	4	3	1	2	2
AT1G54210	11	24	14	5	17
AT1G54215	1	0	0	0	0
AT1G54217	5	2	0	3	2
AT1G54220	11	8	6	11	6
AT1G54250	12	20	21	15	29
AT1G54260	2	0	2	6	2
AT1G54270	48	63	29	44	49
AT1G54290	10	16	23	23	21
AT1G54310	8	9	2	4	9
AT1G54320	49	28	20	21	22
AT1G54340	13	9	5	13	13
AT1G54350	26	28	15	18	30
AT1G54355	9	8	8	7	8
AT1G54360	34	32	21	47	54
AT1G54370	15	13	13	23	16
AT1G54380	5	5	3	8	11
AT1G54385	11	15	5	8	19
AT1G54390	7	11	12	8	16
AT1G54400	0	0	0	0	3
AT1G54410	1216	1107	894	964	1127
AT1G54440	8	9	11	17	18
AT1G54450	5	3	1	2	2
AT1G54460	15	22	15	17	21
AT1G54490	21	14	22	25	29
AT1G54500	190	211	91	94	139
AT1G54510	6	6	10	5	3
AT1G54520	58	75	16	19	30
AT1G54530	1	0	0	0	0
AT1G54570	3	10	6	4	9
AT1G54575	2	0	7	1	1
AT1G54580	143	163	72	68	102
AT1G54610	22	29	21	30	27
AT1G54630	112	127	96	85	115
AT1G54650	11	9	4	11	10
AT1G54680	7	7	9	7	7
AT1G54690	78	53	49	51	46
AT1G54700	4	4	9	5	2
AT1G54710	4	4	6	5	2
AT1G54730	7	6	4	4	8
AT1G54740	4	4	1	3	1
AT1G54770	8	23	10	10	16
AT1G54780	634	587	170	164	240
AT1G54790	26	34	11	5	13
AT1G54820	31	27	19	30	31
AT1G54830	26	34	26	21	22
AT1G54840	1	0	0	0	0
AT1G54850	5	11	6	6	10
AT1G54920	20	15	12	12	19
AT1G54930	0	0	0	0	2
AT1G54960	2	2	1	0	1
AT1G54980	0	2	0	0	0
AT1G54990	18	25	26	26	22
AT1G55000	44	34	20	16	34
AT1G55010	1	2	0	0	0
AT1G55020	6	13	7	5	18
AT1G55040	2	3	3	3	9
AT1G55050	0	0	0	1	1
AT1G55080	11	9	10	4	4
AT1G55090	27	27	33	54	44
AT1G55110	12	8	10	9	15
AT1G55120	8	6	4	6	1
AT1G55130	10	16	7	12	19
AT1G55140	37	26	10	18	21
AT1G55150	10	14	13	21	16
AT1G55152	4	15	13	10	16
AT1G55160	25	18	28	25	24
AT1G55170	4	1	6	3	2
AT1G55180	2	1	5	1	3
AT1G55190	3	7	6	12	7
AT1G55200	0	6	3	1	2
AT1G55205	6	3	7	8	5
AT1G55210	41	32	36	39	65
AT1G55250	12	8	5	13	14
AT1G55260	66	69	55	55	64
AT1G55265	12	4	9	7	8
AT1G55270	16	18	4	6	16
AT1G55280	1	5	3	5	3
AT1G55300	8	11	5	4	7
AT1G55310	17	21	19	34	28
AT1G55320	4	3	3	3	6
AT1G55325	13	17	10	16	17
AT1G55330	417	357	283	232	380
AT1G55340	17	18	12	21	21
AT1G55350	11	17	5	10	24
AT1G55360	94	91	45	45	37
AT1G55365	0	0	0	3	0
AT1G55370	36	42	16	24	22
AT1G55430	0	1	0	0	0
AT1G55450	71	43	75	82	80
AT1G55460	17	17	12	4	18
AT1G55475	2	1	3	1	4
AT1G55480	75	87	25	17	33
AT1G55490	435	420	147	207	224
AT1G55500	17	20	18	9	10
AT1G55510	13	8	6	7	13
AT1G55520	26	20	7	8	16
AT1G55530	11	13	13	20	14
AT1G55535	2	5	8	7	9
AT1G55540	4	6	2	2	7
AT1G55550	2	1	0	0	1
AT1G55590	8	8	5	8	2
AT1G55610	0	1	0	2	1
AT1G55620	5	3	1	8	11
AT1G55630	1	1	0	2	2
AT1G55670	5369	4990	890	876	1359
AT1G55675	29	34	30	30	34
AT1G55680	37	45	58	44	61
AT1G55690	6	18	5	4	9
AT1G55730	3	1	4	1	5
AT1G55740	1	0	0	0	1
AT1G55750	8	7	6	6	10
AT1G55760	3	2	2	1	3
AT1G55805	26	59	12	17	33
AT1G55810	7	10	6	7	5
AT1G55820	7	6	5	2	5
AT1G55830	3	9	4	4	4
AT1G55840	36	36	37	42	44
AT1G55850	7	11	5	9	10
AT1G55860	24	41	27	31	33
AT1G55870	2	3	3	4	14
AT1G55880	4	7	4	6	10
AT1G55890	20	28	12	14	8
AT1G55900	16	15	13	20	20
AT1G55910	8	12	10	14	25
AT1G55915	1	2	2	0	4
AT1G55920	17	15	18	23	23
AT1G55930	5	2	2	3	2
AT1G55940	1	0	2	0	0
AT1G55960	14	15	18	13	20
AT1G55970	2	4	1	1	0
AT1G55980	1	0	3	0	1
AT1G56000	14	20	9	12	15
AT1G56010	9	2	11	3	4
AT1G56020	0	3	1	1	1
AT1G56045	274	313	284	283	404
AT1G56050	36	44	20	26	30
AT1G56060	2	0	7	8	5
AT1G56070	462	511	362	401	544
AT1G56080	0	1	1	0	3
AT1G56090	3	4	8	5	6
AT1G56110	81	100	70	80	87
AT1G56120	6	0	1	8	8
AT1G56130	2	3	2	2	3
AT1G56140	7	4	3	4	3
AT1G56145	3	3	6	4	7
AT1G56150	26	17	19	12	30
AT1G56160	0	0	1	4	7
AT1G56165	1	0	1	11	12
AT1G56170	4	8	7	4	13
AT1G56180	0	5	1	4	5
AT1G56190	116	113	32	44	52
AT1G56200	121	132	68	116	102
AT1G56210	7	4	8	6	5
AT1G56220	128	120	100	105	93
AT1G56230	6	7	4	6	8
AT1G56240	0	0	0	2	0
AT1G56242	0	0	0	1	0
AT1G56250	0	0	0	0	1
AT1G56260	5	4	2	5	4
AT1G56280	354	361	310	378	436
AT1G56290	9	9	6	4	0
AT1G56300	75	95	69	81	111
AT1G56310	1	8	3	1	9
AT1G56320	2	3	0	1	2
AT1G56330	108	105	80	63	120
AT1G56340	120	130	100	129	173
AT1G56345	3	1	0	1	1
AT1G56350	5	2	2	4	7
AT1G56420	4	3	4	4	14
AT1G56423	11	26	9	9	14
AT1G56430	10	4	2	3	1
AT1G56440	1	3	2	7	3
AT1G56450	65	72	65	86	80
AT1G56460	13	13	22	20	13
AT1G56500	73	69	28	28	30
AT1G56510	23	5	23	35	34
AT1G56520	4	5	8	7	4
AT1G56540	4	0	0	0	1
AT1G56550	2	2	0	2	1
AT1G56560	7	14	7	12	5
AT1G56580	321	315	191	202	319
AT1G56590	15	9	10	18	17
AT1G56600	1	0	1	0	1
AT1G56610	14	9	9	8	20
AT1G56612	13	3	4	4	9
AT1G56650	1	0	0	1	0
AT1G56660	21	7	17	26	39
AT1G56670	2	3	2	0	4
AT1G56690	2	1	0	2	1
AT1G56700	28	35	26	28	16
AT1G56720	10	18	3	1	4
AT1G57540	7	9	12	14	11
AT1G57560	0	0	1	0	2
AT1G57590	1	0	1	1	6
AT1G57600	13	6	12	4	8
AT1G57610	13	6	8	4	22
AT1G57620	32	20	25	25	34
AT1G57630	6	4	1	1	5
AT1G57650	0	0	0	0	1
AT1G57660	287	341	171	206	258
AT1G57680	39	46	33	16	48
AT1G57700	0	4	2	5	4
AT1G57720	197	228	173	220	304
AT1G57750	5	11	4	7	1
AT1G57765	35	43	26	27	31
AT1G57770	14	9	8	20	24
AT1G57780	1	0	0	0	0
AT1G57790	5	6	4	2	2
AT1G57820	16	26	17	11	12
AT1G57860	117	150	73	94	117
AT1G57870	12	17	17	18	5
AT1G57980	3	3	0	0	0
AT1G57990	24	21	27	18	33
AT1G58025	23	27	13	16	15
AT1G58030	28	19	9	13	23
AT1G58060	11	4	6	5	5
AT1G58070	2	5	2	7	3
AT1G58080	27	22	8	27	20
AT1G58100	13	13	9	13	20
AT1G58110	15	22	11	21	18
AT1G58150	3	2	1	1	2
AT1G58160	0	1	0	0	0
AT1G58170	6	1	1	1	0
AT1G58180	8	11	8	17	14
AT1G58190	0	2	2	0	0
AT1G58200	15	14	8	10	14
AT1G58210	2	7	0	3	2
AT1G58220	4	5	4	4	10
AT1G58225	6	5	54	34	33
AT1G58230	5	7	6	9	11
AT1G58235	19	14	7	13	18
AT1G58250	5	14	6	4	20
AT1G58270	27	31	12	14	22
AT1G58280	4	3	6	6	8
AT1G58290	140	194	57	67	99
AT1G58340	0	0	1	1	1
AT1G58350	14	4	11	8	9
AT1G58360	64	60	50	78	68
AT1G58370	3	3	0	0	2
AT1G58380	23	45	26	36	58
AT1G58390	0	1	0	0	0
AT1G58420	7	1	3	3	10
AT1G58430	0	2	1	0	4
AT1G58440	20	19	10	5	20
AT1G58470	5	3	0	2	4
AT1G58520	1	2	6	8	6
AT1G58590	12	11	6	14	13
AT1G58602	75	40	99	70	90
AT1G58684	135	236	111	139	150
AT1G58725	0	2	0	0	0
AT1G58807	22	24	10	17	20
AT1G58848	19	17	16	27	15
AT1G58983	195	224	131	158	183
AT1G59030	0	0	0	0	1
AT1G59124	11	19	16	15	20
AT1G59218	2	11	2	7	11
AT1G59359	153	195	115	150	182
AT1G59406	0	0	0	1	0
AT1G59510	0	2	0	1	1
AT1G59520	7	4	7	4	8
AT1G59540	4	14	9	7	6
AT1G59560	1	4	7	6	4
AT1G59580	12	14	8	8	17
AT1G59590	0	1	2	6	3
AT1G59600	10	9	3	9	12
AT1G59610	34	32	32	34	26
AT1G59620	3	5	4	4	1
AT1G59640	0	1	1	2	2
AT1G59650	3	4	6	10	9
AT1G59660	2	1	5	2	4
AT1G59700	9	7	9	12	13
AT1G59710	25	15	26	31	20
AT1G59720	2	3	3	2	2
AT1G59730	0	1	0	0	0
AT1G59740	3	2	1	1	1
AT1G59750	30	41	23	37	49
AT1G59760	9	18	9	8	23
AT1G59810	0	0	0	0	2
AT1G59820	7	3	6	7	5
AT1G59830	15	15	31	24	38
AT1G59840	19	20	14	11	23
AT1G59850	5	5	9	2	9
AT1G59860	0	2	1	1	2
AT1G59870	107	83	94	106	130
AT1G59890	9	11	11	12	13
AT1G59900	79	65	29	42	70
AT1G59910	5	4	5	9	6
AT1G59920	1	0	0	0	0
AT1G59930	3	0	0	0	2
AT1G59960	11	16	4	2	5
AT1G59970	3	2	5	3	2
AT1G59980	5	8	2	4	4
AT1G59990	26	31	11	20	23
AT1G60000	59	73	31	23	29
AT1G60010	40	27	32	33	23
AT1G60030	0	0	4	0	3
AT1G60060	3	8	8	3	4
AT1G60070	40	17	21	29	19
AT1G60080	5	4	7	6	16
AT1G60110	0	0	0	0	1
AT1G60140	7	5	3	2	10
AT1G60160	23	30	15	17	27
AT1G60170	23	25	19	32	11
AT1G60190	0	1	0	0	4
AT1G60200	22	32	14	18	26
AT1G60220	11	20	16	23	16
AT1G60230	15	17	8	6	6
AT1G60260	21	24	10	26	33
AT1G60270	3	4	4	2	7
AT1G60360	0	0	0	0	2
AT1G60390	1	2	0	0	2
AT1G60420	35	33	38	36	41
AT1G60430	6	15	9	4	12
AT1G60440	15	8	11	24	14
AT1G60460	3	4	4	1	0
AT1G60470	0	0	0	1	0
AT1G60490	21	16	26	36	35
AT1G60505	2	6	5	3	5
AT1G60525	4	4	7	3	2
AT1G60530	1	0	1	1	0
AT1G60545	7	4	2	6	5
AT1G60550	21	26	10	13	8
AT1G60560	4	4	3	4	4
AT1G60580	2	0	0	0	0
AT1G60590	6	7	11	6	9
AT1G60600	47	43	29	23	26
AT1G60610	3	2	2	4	5
AT1G60620	6	9	3	5	9
AT1G60630	1	2	1	0	0
AT1G60640	14	11	17	11	18
AT1G60650	7	12	12	12	19
AT1G60660	23	29	14	15	15
AT1G60670	4	7	4	5	8
AT1G60680	0	0	0	2	1
AT1G60690	5	9	8	8	7
AT1G60700	7	4	3	0	4
AT1G60710	49	70	35	41	76
AT1G60730	2	1	5	5	4
AT1G60770	20	24	10	12	23
AT1G60780	39	39	36	33	36
AT1G60790	8	13	2	5	11
AT1G60800	28	26	12	24	28
AT1G60810	23	19	7	12	16
AT1G60830	1	3	1	2	2
AT1G60840	0	3	1	0	2
AT1G60850	15	12	7	17	19
AT1G60860	14	4	2	3	10
AT1G60870	58	37	47	52	46
AT1G60890	6	0	4	5	7
AT1G60900	12	18	10	17	26
AT1G60910	0	0	0	0	2
AT1G60930	0	1	4	0	0
AT1G60940	28	34	36	27	43
AT1G60950	3134	3484	1243	1212	1701
AT1G60960	4	3	1	5	2
AT1G60989	18	24	10	13	22
AT1G60990	27	34	13	18	27
AT1G60995	6	2	4	4	10
AT1G61000	5	8	3	8	9
AT1G61010	8	15	14	14	31
AT1G61030	3	4	6	5	16
AT1G61040	8	13	6	9	9
AT1G61065	1	4	4	9	8
AT1G61070	1	3	0	0	7
AT1G61100	20	20	17	22	17
AT1G61120	0	1	0	3	1
AT1G61140	15	15	13	8	15
AT1G61150	14	24	12	22	20
AT1G61170	14	9	2	5	17
AT1G61180	11	6	5	3	9
AT1G61190	30	33	30	32	40
AT1G61210	7	9	4	14	7
AT1G61215	0	0	2	0	3
AT1G61240	6	7	3	4	4
AT1G61250	39	51	33	39	38
AT1G61255	0	1	0	0	0
AT1G61260	2	5	5	0	3
AT1G61275	1	0	0	1	0
AT1G61280	0	0	0	0	2
AT1G61300	15	7	14	17	11
AT1G61310	6	2	6	3	8
AT1G61340	1	3	2	0	1
AT1G61350	6	2	2	5	9
AT1G61360	1	9	6	7	2
AT1G61370	0	2	1	2	3
AT1G61380	6	8	13	15	13
AT1G61390	2	0	0	0	0
AT1G61400	1	0	0	1	3
AT1G61415	1	2	0	1	7
AT1G61420	1	0	0	2	2
AT1G61430	4	5	6	7	10
AT1G61440	0	0	0	0	1
AT1G61450	0	4	0	1	3
AT1G61460	1	3	6	6	4
AT1G61470	1	1	8	7	6
AT1G61475	0	0	0	2	0
AT1G61490	2	0	0	3	3
AT1G61500	3	2	1	1	2
AT1G61520	5827	5593	1027	1101	1468
AT1G61550	0	0	1	0	0
AT1G61560	0	0	1	0	3
AT1G61570	59	67	69	70	92
AT1G61575	2	0	0	0	2
AT1G61580	8	17	12	10	12
AT1G61590	0	0	1	0	0
AT1G61600	1	1	1	3	1
AT1G61610	0	0	0	0	1
AT1G61620	30	31	18	30	26
AT1G61640	5	1	10	9	5
AT1G61660	1	5	6	4	5
AT1G61667	3	4	2	0	6
AT1G61670	15	21	12	16	8
AT1G61680	2	0	0	3	2
AT1G61690	10	11	4	5	9
AT1G61720	1	1	0	0	0
AT1G61730	8	22	19	26	24
AT1G61740	78	78	94	140	173
AT1G61760	1	0	3	0	1
AT1G61770	28	39	14	26	27
AT1G61780	73	67	49	52	48
AT1G61790	23	23	28	38	59
AT1G61795	5	13	2	4	6
AT1G61800	0	0	4	1	1
AT1G61850	16	9	3	9	8
AT1G61860	2	0	0	1	0
AT1G61870	25	21	20	15	23
AT1G61890	10	7	7	10	4
AT1G61900	23	21	15	20	29
AT1G61960	5	4	4	2	6
AT1G61970	4	6	2	3	1
AT1G61980	6	10	3	7	8
AT1G61990	12	22	6	7	14
AT1G62010	2	3	2	3	2
AT1G62020	31	43	32	40	46
AT1G62030	2	4	1	4	4
AT1G62040	42	33	31	44	67
AT1G62045	5	4	0	0	7
AT1G62050	6	6	3	3	10
AT1G62085	1	1	1	0	3
AT1G62110	3	3	1	3	2
AT1G62120	0	2	3	2	4
AT1G62130	1	2	4	2	0
AT1G62150	6	6	6	8	5
AT1G62170	8	9	7	4	12
AT1G62180	24	20	24	18	30
AT1G62200	14	9	10	10	6
AT1G62250	19	16	8	10	20
AT1G62260	1	0	0	1	3
AT1G62290	4	0	3	0	0
AT1G62300	3	4	2	2	1
AT1G62305	1	2	0	2	1
AT1G62310	0	4	0	0	0
AT1G62320	0	0	0	0	1
AT1G62330	17	22	10	6	15
AT1G62333	0	0	0	1	0
AT1G62350	0	0	0	0	1
AT1G62355	0	0	1	0	0
AT1G62360	7	5	3	4	0
AT1G62370	1	0	0	0	0
AT1G62380	249	237	113	147	207
AT1G62390	47	63	14	33	44
AT1G62400	1	3	2	1	0
AT1G62420	1	0	0	0	0
AT1G62422	1	5	6	1	1
AT1G62430	22	18	10	24	28
AT1G62440	1	1	0	0	0
AT1G62480	223	266	88	81	70
AT1G62500	38	63	5	6	10
AT1G62510	7	1	2	4	3
AT1G62520	3	7	3	2	6
AT1G62540	8	0	2	3	3
AT1G62560	18	11	5	13	13
AT1G62570	2	2	2	1	5
AT1G62580	1	2	2	3	11
AT1G62590	1	2	1	0	1
AT1G62600	15	13	12	10	15
AT1G62610	7	2	3	7	6
AT1G62630	3	2	0	5	6
AT1G62640	22	26	5	19	17
AT1G62660	16	17	15	15	21
AT1G62670	2	1	2	0	1
AT1G62680	2	2	0	3	1
AT1G62700	2	4	0	0	0
AT1G62710	0	1	0	1	2
AT1G62720	1	0	0	0	2
AT1G62730	5	3	8	3	11
AT1G62740	31	38	17	48	74
AT1G62750	188	247	68	92	124
AT1G62760	0	0	0	0	3
AT1G62770	3	2	0	1	0
AT1G62780	126	138	48	71	87
AT1G62790	19	23	16	16	21
AT1G62800	3	5	0	1	4
AT1G62810	10	1	9	5	9
AT1G62820	24	23	20	30	34
AT1G62830	7	1	5	6	5
AT1G62840	3	0	8	4	4
AT1G62850	12	5	12	9	11
AT1G62870	3	0	0	0	0
AT1G62880	12	10	11	8	15
AT1G62886	0	2	0	0	0
AT1G62910	0	2	5	0	2
AT1G62920	6	3	2	2	3
AT1G62930	6	1	1	1	5
AT1G62950	4	3	3	4	1
AT1G62960	20	27	28	23	42
AT1G62970	10	6	5	6	5
AT1G62975	0	1	0	0	0
AT1G62981	0	2	0	0	1
AT1G62990	3	4	2	4	1
AT1G63000	20	20	11	13	14
AT1G63010	14	20	19	18	18
AT1G63020	5	4	2	5	1
AT1G63050	9	12	3	15	13
AT1G63080	3	2	0	3	8
AT1G63090	9	7	7	12	6
AT1G63100	4	8	4	0	2
AT1G63110	13	25	8	19	23
AT1G63120	6	12	3	5	6
AT1G63130	4	11	8	11	8
AT1G63140	1	0	0	0	1
AT1G63150	3	5	0	3	5
AT1G63160	5	13	7	10	8
AT1G63170	8	21	8	17	13
AT1G63180	4	1	9	6	3
AT1G63220	23	18	8	15	17
AT1G63230	0	2	1	0	1
AT1G63240	14	9	5	7	7
AT1G63245	0	0	1	0	0
AT1G63250	3	5	3	3	5
AT1G63260	17	15	16	8	14
AT1G63270	2	6	0	10	3
AT1G63290	31	41	21	28	39
AT1G63295	3	0	0	0	0
AT1G63300	3	4	3	0	0
AT1G63310	11	12	4	9	1
AT1G63330	0	1	0	1	1
AT1G63350	0	0	2	1	2
AT1G63360	3	3	4	4	3
AT1G63390	0	0	1	4	1
AT1G63400	0	2	1	0	0
AT1G63420	5	4	5	0	2
AT1G63430	15	16	17	11	22
AT1G63440	0	0	0	1	0
AT1G63460	37	37	37	36	39
AT1G63470	21	32	14	19	26
AT1G63480	8	10	7	9	6
AT1G63490	5	2	3	3	2
AT1G63500	17	19	13	20	28
AT1G63520	0	2	0	1	1
AT1G63530	3	0	1	0	0
AT1G63610	23	41	12	11	22
AT1G63630	3	0	0	1	0
AT1G63640	12	5	6	14	10
AT1G63650	1	3	0	0	2
AT1G63660	30	47	57	64	56
AT1G63670	3	9	9	5	10
AT1G63680	13	20	12	13	14
AT1G63690	51	49	33	32	30
AT1G63700	17	14	9	18	13
AT1G63710	3	2	2	0	1
AT1G63720	5	3	0	3	3
AT1G63730	1	0	1	0	0
AT1G63740	1	2	0	0	1
AT1G63750	5	1	4	2	2
AT1G63770	110	109	79	99	124
AT1G63780	16	21	25	21	34
AT1G63800	14	22	16	15	25
AT1G63810	8	5	13	11	10
AT1G63830	67	57	65	72	81
AT1G63840	9	4	2	11	7
AT1G63850	1	1	1	6	3
AT1G63855	3	7	3	5	9
AT1G63860	6	3	5	8	8
AT1G63870	0	0	1	0	0
AT1G63880	28	27	19	32	28
AT1G63900	15	13	27	14	20
AT1G63910	0	0	0	0	1
AT1G63940	57	56	38	50	54
AT1G63970	114	125	57	71	119
AT1G63980	60	64	38	64	62
AT1G63990	45	47	21	49	44
AT1G64040	31	28	17	21	19
AT1G64050	12	6	2	9	14
AT1G64060	4	6	5	7	2
AT1G64065	2	0	1	3	5
AT1G64080	2	2	2	5	2
AT1G64090	80	41	25	44	64
AT1G64100	6	3	1	2	4
AT1G64105	11	9	3	8	11
AT1G64140	26	24	23	10	10
AT1G64142	26	24	23	10	10
AT1G64150	13	14	5	16	1
AT1G64170	1	0	0	0	1
AT1G64180	4	0	3	0	8
AT1G64185	11	5	4	4	7
AT1G64190	36	31	33	24	36
AT1G64200	9	6	7	4	8
AT1G64220	5	4	7	8	12
AT1G64230	233	247	264	263	337
AT1G64280	23	24	28	27	35
AT1G64300	1	3	0	0	2
AT1G64320	1	0	0	0	0
AT1G64330	23	20	9	10	19
AT1G64350	17	17	20	30	30
AT1G64355	37	40	19	14	30
AT1G64360	12	6	4	3	15
AT1G64370	162	128	77	70	106
AT1G64380	10	13	2	1	1
AT1G64385	11	13	9	4	9
AT1G64390	40	52	21	39	31
AT1G64400	15	1	9	17	28
AT1G64405	0	0	1	0	0
AT1G64430	28	19	14	11	14
AT1G64440	8	9	7	9	13
AT1G64450	1	2	2	3	8
AT1G64460	2	5	3	1	4
AT1G64490	10	13	11	19	25
AT1G64500	6	9	10	5	17
AT1G64510	259	268	102	85	140
AT1G64520	91	106	95	93	138
AT1G64530	9	7	5	3	8
AT1G64550	35	46	27	46	42
AT1G64561	0	0	0	2	1
AT1G64563	4	1	0	0	3
AT1G64570	0	2	1	1	2
AT1G64572	6	6	9	9	16
AT1G64580	0	0	4	4	2
AT1G64583	1	0	0	0	1
AT1G64600	3	7	14	9	13
AT1G64610	3	3	7	10	8
AT1G64620	0	2	1	3	0
AT1G64625	4	1	2	1	2
AT1G64628	6	9	7	5	6
AT1G64630	6	9	7	5	6
AT1G64640	32	37	12	15	17
AT1G64650	53	56	38	39	52
AT1G64660	8	16	1	0	4
AT1G64670	9	14	13	10	5
AT1G64680	52	60	39	43	60
AT1G64690	1	4	1	1	3
AT1G64700	2	3	4	4	4
AT1G64710	26	11	23	23	34
AT1G64720	842	680	374	430	458
AT1G64740	21	17	16	14	25
AT1G64750	68	70	53	68	73
AT1G64760	5	11	5	15	17
AT1G64770	75	48	36	42	33
AT1G64780	3	0	1	9	3
AT1G64790	35	47	32	33	41
AT1G64810	9	9	8	15	9
AT1G64840	11	12	3	12	4
AT1G64850	39	56	41	59	47
AT1G64860	32	34	12	15	24
AT1G64880	40	38	23	23	43
AT1G64890	12	7	9	8	12
AT1G64900	53	43	39	52	45
AT1G64950	19	18	18	27	26
AT1G64960	6	7	6	2	10
AT1G64970	17	35	28	25	39
AT1G64980	43	35	19	15	26
AT1G64990	13	8	7	9	23
AT1G65000	10	6	10	8	4
AT1G65010	39	56	26	17	35
AT1G65020	16	17	21	16	42
AT1G65030	10	19	9	14	14
AT1G65032	2	7	16	9	17
AT1G65040	20	8	21	33	25
AT1G65060	8	12	7	13	10
AT1G65070	19	15	6	20	22
AT1G65080	0	0	1	6	2
AT1G65110	0	0	0	0	1
AT1G65120	1	0	3	2	0
AT1G65130	1	0	1	2	2
AT1G65150	1	5	6	3	6
AT1G65180	0	0	0	2	0
AT1G65190	21	17	26	19	37
AT1G65220	33	36	38	33	34
AT1G65230	64	61	31	32	37
AT1G65240	0	0	1	0	1
AT1G65250	2	2	2	2	2
AT1G65260	118	134	36	50	50
AT1G65270	45	55	31	43	54
AT1G65280	3	6	5	16	11
AT1G65290	145	154	140	135	165
AT1G65295	10	5	14	16	7
AT1G65310	5	1	0	1	0
AT1G65320	13	18	8	7	8
AT1G65330	0	1	0	0	0
AT1G65350	2	2	0	1	2
AT1G65370	45	49	39	45	61
AT1G65380	8	5	4	5	5
AT1G65390	0	1	1	0	0
AT1G65410	19	24	14	4	16
AT1G65420	0	11	6	7	2
AT1G65430	7	15	15	19	15
AT1G65440	40	42	38	42	53
AT1G65450	1	7	3	4	8
AT1G65470	7	9	7	10	3
AT1G65480	0	2	0	0	1
AT1G65481	0	1	0	0	0
AT1G65483	0	0	0	1	0
AT1G65484	1	0	1	3	5
AT1G65486	6	5	12	6	14
AT1G65490	34	29	79	92	179
AT1G65500	9	10	25	19	36
AT1G65510	2	1	2	1	2
AT1G65520	1	6	9	4	6
AT1G65540	12	17	12	15	10
AT1G65560	5	4	8	3	3
AT1G65580	7	15	13	9	14
AT1G65590	21	21	6	12	9
AT1G65610	0	1	0	0	0
AT1G65620	2	5	2	1	2
AT1G65650	11	33	24	25	23
AT1G65660	11	19	16	14	21
AT1G65690	0	0	2	2	4
AT1G65700	11	20	23	30	32
AT1G65710	1	7	6	0	1
AT1G65720	111	84	75	106	111
AT1G65730	0	0	0	1	0
AT1G65790	19	4	9	7	13
AT1G65800	44	22	23	30	39
AT1G65820	119	124	105	131	164
AT1G65840	9	6	10	8	11
AT1G65845	11	13	12	24	28
AT1G65860	3	2	4	5	6
AT1G65870	1	4	0	1	0
AT1G65890	0	0	0	2	1
AT1G65900	13	12	8	6	7
AT1G65910	1	3	0	0	1
AT1G65920	8	5	1	1	2
AT1G65930	119	149	102	129	167
AT1G65950	6	9	4	9	5
AT1G65960	284	279	244	308	291
AT1G65970	1	0	4	0	4
AT1G65980	157	175	188	243	251
AT1G65985	1	3	4	1	0
AT1G66040	0	0	0	1	1
AT1G66050	2	5	1	3	0
AT1G66060	1	0	0	0	0
AT1G66070	19	22	11	21	11
AT1G66080	7	2	1	3	10
AT1G66090	6	4	13	11	17
AT1G66100	426	280	174	160	235
AT1G66130	19	20	11	7	17
AT1G66140	7	1	1	1	1
AT1G66150	58	66	33	51	59
AT1G66160	0	1	0	2	6
AT1G66173	0	2	3	3	1
AT1G66180	30	19	16	18	33
AT1G66190	8	12	5	7	4
AT1G66200	119	130	168	176	267
AT1G66230	7	13	2	3	5
AT1G66240	145	135	112	142	129
AT1G66250	5	2	3	2	7
AT1G66260	37	58	33	49	67
AT1G66270	0	0	2	0	0
AT1G66280	0	0	0	0	4
AT1G66330	36	27	27	22	36
AT1G66340	18	12	10	13	11
AT1G66345	0	1	2	2	0
AT1G66350	18	12	12	7	17
AT1G66400	5	2	2	6	8
AT1G66410	121	113	103	132	156
AT1G66430	70	73	34	29	33
AT1G66450	0	0	0	1	0
AT1G66460	1	1	1	4	6
AT1G66480	1	0	1	0	0
AT1G66500	3	7	13	9	20
AT1G66510	10	8	3	6	7
AT1G66520	10	8	5	2	6
AT1G66530	15	18	14	17	19
AT1G66540	2	2	2	1	4
AT1G66580	218	201	140	172	257
AT1G66590	14	11	22	20	31
AT1G66620	3	2	0	2	3
AT1G66650	0	0	1	0	0
AT1G66660	2	4	1	12	10
AT1G66670	117	111	50	67	77
AT1G66680	21	15	31	26	41
AT1G66690	0	1	1	0	0
AT1G66700	0	0	2	0	4
AT1G66725	4	5	20	28	40
AT1G66730	5	3	4	2	8
AT1G66740	12	19	13	23	32
AT1G66750	3	3	12	11	6
AT1G66760	3	7	6	2	4
AT1G66820	28	29	24	20	27
AT1G66840	5	12	5	2	10
AT1G66850	0	3	0	0	1
AT1G66860	0	0	3	0	0
AT1G66870	0	0	0	0	1
AT1G66880	21	12	27	34	25
AT1G66890	18	20	4	8	7
AT1G66900	21	13	8	14	9
AT1G66910	2	3	5	7	5
AT1G66920	4	0	3	5	8
AT1G66930	1	3	3	1	10
AT1G66940	37	34	22	19	30
AT1G66960	8	5	10	16	10
AT1G66970	218	180	122	176	161
AT1G66980	36	37	30	21	40
AT1G67000	1	0	0	0	2
AT1G67025	1	0	0	0	0
AT1G67035	0	3	1	1	1
AT1G67040	4	6	1	1	2
AT1G67050	12	7	6	10	4
AT1G67060	11	12	6	8	17
AT1G67070	1	3	1	2	1
AT1G67080	24	35	18	24	18
AT1G67090	16301	15798	4778	4822	6479
AT1G67105	1	2	0	0	0
AT1G67110	0	0	0	1	0
AT1G67120	24	23	10	36	27
AT1G67140	14	13	7	12	8
AT1G67150	0	1	0	0	0
AT1G67170	9	8	12	6	12
AT1G67180	6	1	1	0	2
AT1G67190	10	13	8	8	7
AT1G67195	32	22	25	27	34
AT1G67210	0	3	3	2	1
AT1G67230	44	38	16	26	29
AT1G67250	60	52	44	51	81
AT1G67260	2	1	0	1	1
AT1G67265	6	6	2	0	2
AT1G67280	122	122	41	53	61
AT1G67300	7	2	10	9	6
AT1G67310	0	3	0	6	2
AT1G67320	15	6	8	6	17
AT1G67325	19	24	18	21	16
AT1G67328	1	0	0	0	1
AT1G67330	3	1	3	1	2
AT1G67340	0	3	0	5	1
AT1G67350	120	140	99	93	131
AT1G67360	13	12	11	11	2
AT1G67365	1	4	0	3	2
AT1G67370	0	1	0	0	0
AT1G67400	10	8	1	5	3
AT1G67410	5	4	6	6	3
AT1G67420	0	9	1	0	1
AT1G67430	417	603	309	342	479
AT1G67440	11	13	4	2	2
AT1G67455	0	0	0	1	0
AT1G67470	7	1	6	10	7
AT1G67480	20	31	28	33	33
AT1G67490	7	8	8	18	10
AT1G67500	8	6	2	1	5
AT1G67510	0	6	0	5	4
AT1G67520	0	0	2	0	0
AT1G67530	2	3	6	7	8
AT1G67550	9	4	8	24	15
AT1G67560	12	20	8	7	13
AT1G67570	0	2	0	2	1
AT1G67580	10	15	5	16	11
AT1G67590	12	14	7	5	4
AT1G67600	1	0	3	0	1
AT1G67620	7	3	5	10	11
AT1G67630	7	9	0	5	4
AT1G67640	0	0	1	0	0
AT1G67650	0	0	0	3	0
AT1G67660	31	21	12	10	22
AT1G67680	46	31	29	45	35
AT1G67690	1	3	2	0	8
AT1G67700	281	284	91	109	120
AT1G67710	2	0	2	2	4
AT1G67720	8	18	8	6	9
AT1G67730	50	44	37	55	47
AT1G67740	1235	1204	226	240	339
AT1G67750	19	30	12	12	14
AT1G67760	0	0	1	0	0
AT1G67770	0	0	0	1	0
AT1G67780	1	2	1	0	1
AT1G67785	76	81	29	37	76
AT1G67790	3	1	1	0	0
AT1G67792	3	2	2	1	4
AT1G67800	8	5	8	7	14
AT1G67810	2	2	0	2	0
AT1G67820	0	4	0	0	1
AT1G67830	17	25	13	16	19
AT1G67840	22	30	12	31	33
AT1G67850	2	6	5	10	5
AT1G67856	0	0	0	2	2
AT1G67860	80	75	46	39	45
AT1G67865	317	249	128	145	192
AT1G67870	161	131	39	54	69
AT1G67880	5	4	1	0	8
AT1G67890	11	21	14	22	15
AT1G67900	57	73	15	19	25
AT1G67910	4	7	5	9	9
AT1G67920	3	1	7	1	2
AT1G67930	17	18	10	16	32
AT1G67940	7	8	4	6	14
AT1G67950	25	28	26	17	27
AT1G67960	3	16	1	3	5
AT1G67970	9	5	15	16	13
AT1G67980	3	0	6	5	4
AT1G67990	0	2	0	0	1
AT1G68000	32	31	39	40	60
AT1G68010	209	268	227	262	325
AT1G68020	24	26	20	12	23
AT1G68030	3	0	2	4	0
AT1G68050	15	11	21	35	23
AT1G68060	20	21	19	15	17
AT1G68070	6	6	8	10	5
AT1G68080	3	6	2	6	7
AT1G68100	13	20	19	17	13
AT1G68110	1	1	1	1	0
AT1G68120	0	0	0	1	3
AT1G68130	6	1	3	1	5
AT1G68140	14	13	12	22	13
AT1G68160	7	9	3	3	7
AT1G68170	3	0	0	0	0
AT1G68180	1	0	0	0	0
AT1G68185	5	6	5	7	8
AT1G68190	27	16	5	10	5
AT1G68220	25	18	18	24	21
AT1G68230	1	3	0	0	0
AT1G68238	6	7	13	18	30
AT1G68240	0	0	1	0	0
AT1G68260	17	21	3	14	12
AT1G68290	0	1	2	3	8
AT1G68300	38	39	35	52	49
AT1G68310	27	41	30	37	49
AT1G68330	1	4	0	1	1
AT1G68340	0	0	1	1	3
AT1G68350	0	0	1	0	1
AT1G68360	0	4	0	0	0
AT1G68370	29	34	18	35	25
AT1G68390	1	0	1	1	0
AT1G68400	4	9	3	7	5
AT1G68410	17	7	7	5	10
AT1G68430	3	2	0	1	2
AT1G68440	7	13	3	2	7
AT1G68450	1	0	0	0	0
AT1G68460	0	0	0	0	2
AT1G68470	6	5	2	1	7
AT1G68490	24	34	22	26	36
AT1G68500	1	8	3	0	5
AT1G68520	60	52	25	30	32
AT1G68530	113	85	78	112	112
AT1G68540	7	6	9	6	15
AT1G68550	11	14	5	8	13
AT1G68552	11	14	5	8	13
AT1G68560	195	206	93	94	106
AT1G68570	14	13	16	16	18
AT1G68580	15	20	14	18	19
AT1G68585	41	37	14	22	43
AT1G68590	427	435	155	174	240
AT1G68600	24	15	8	9	13
AT1G68620	2	0	1	0	0
AT1G68630	0	0	0	0	4
AT1G68640	0	0	0	0	4
AT1G68650	7	17	12	10	17
AT1G68660	88	84	57	74	92
AT1G68670	26	25	25	31	39
AT1G68680	26	25	33	16	38
AT1G68690	2	2	5	3	2
AT1G68700	5	10	10	0	9
AT1G68710	2	7	4	0	6
AT1G68720	17	15	7	14	13
AT1G68725	8	4	2	8	5
AT1G68730	11	10	6	4	12
AT1G68740	3	3	2	2	1
AT1G68760	12	19	0	15	5
AT1G68765	0	0	0	2	0
AT1G68780	29	17	8	7	14
AT1G68790	12	18	7	16	16
AT1G68795	1	0	0	0	0
AT1G68800	2	1	0	0	0
AT1G68810	5	8	3	3	5
AT1G68820	16	15	8	8	4
AT1G68830	60	53	33	30	43
AT1G68840	12	7	8	3	7
AT1G68862	2	5	3	4	2
AT1G68870	1	8	0	2	2
AT1G68872	0	0	1	0	0
AT1G68875	0	1	0	0	1
AT1G68880	0	1	0	0	0
AT1G68890	15	21	22	19	18
AT1G68910	10	6	10	12	5
AT1G68920	2	6	8	12	6
AT1G68940	3	0	0	1	3
AT1G68945	73	80	29	41	52
AT1G68980	2	5	2	0	3
AT1G68990	8	3	16	11	11
AT1G69010	16	16	14	10	17
AT1G69020	4	1	1	2	2
AT1G69030	15	12	9	7	8
AT1G69040	37	40	17	11	13
AT1G69050	2	0	2	0	0
AT1G69060	6	6	6	11	9
AT1G69070	21	15	20	25	28
AT1G69080	0	6	0	1	2
AT1G69120	1	1	2	1	1
AT1G69160	6	8	3	1	4
AT1G69170	1	7	3	5	9
AT1G69180	0	3	1	0	0
AT1G69200	37	33	18	27	31
AT1G69210	4	9	4	9	2
AT1G69220	19	24	8	12	15
AT1G69230	0	1	0	1	2
AT1G69250	9	6	19	13	19
AT1G69252	35	31	27	39	38
AT1G69260	0	0	4	3	2
AT1G69270	4	4	4	8	3
AT1G69280	3	1	4	1	3
AT1G69295	32	28	25	21	36
AT1G69310	1	5	1	2	3
AT1G69320	1	1	0	2	2
AT1G69325	0	0	0	0	1
AT1G69330	4	5	3	7	11
AT1G69340	20	25	20	29	28
AT1G69350	1	1	0	0	1
AT1G69360	4	8	11	5	5
AT1G69370	11	13	12	5	22
AT1G69380	11	9	3	7	19
AT1G69390	42	45	11	20	28
AT1G69400	1	3	1	5	6
AT1G69410	63	57	77	85	98
AT1G69420	32	35	13	20	24
AT1G69430	0	1	0	2	0
AT1G69440	6	7	6	9	7
AT1G69450	4	5	6	10	10
AT1G69460	66	45	27	30	41
AT1G69480	0	0	0	1	0
AT1G69485	0	0	0	1	0
AT1G69490	1	0	1	5	5
AT1G69500	0	1	0	0	0
AT1G69510	67	63	70	64	61
AT1G69520	0	2	1	1	1
AT1G69523	7	10	5	2	7
AT1G69526	6	4	3	3	2
AT1G69530	132	125	113	162	162
AT1G69540	1	0	0	0	0
AT1G69550	7	8	16	16	14
AT1G69570	10	9	17	13	18
AT1G69572	8	9	16	10	17
AT1G69580	4	4	1	1	1
AT1G69587	10	5	8	9	12
AT1G69588	3	0	0	1	4
AT1G69600	0	0	0	0	1
AT1G69610	4	5	0	3	3
AT1G69620	392	448	235	287	346
AT1G69640	15	11	12	15	11
AT1G69670	7	12	10	10	6
AT1G69680	7	15	7	9	8
AT1G69690	12	9	19	7	15
AT1G69700	33	46	30	28	40
AT1G69710	0	2	2	0	1
AT1G69720	12	3	5	10	9
AT1G69730	14	23	14	7	28
AT1G69740	184	235	74	71	101
AT1G69750	13	14	18	14	28
AT1G69760	4	12	6	7	20
AT1G69770	7	10	12	10	22
AT1G69780	11	14	8	1	7
AT1G69790	0	0	1	1	0
AT1G69800	3	6	13	10	6
AT1G69810	0	0	0	1	0
AT1G69830	69	65	33	43	45
AT1G69840	54	36	52	46	74
AT1G69850	15	7	8	11	15
AT1G69870	19	14	16	20	27
AT1G69880	0	0	1	1	0
AT1G69890	9	12	18	14	14
AT1G69900	2	2	0	5	2
AT1G69910	6	8	7	5	4
AT1G69930	0	0	1	0	2
AT1G69935	17	21	15	19	29
AT1G69960	10	5	10	14	10
AT1G69970	0	0	1	0	0
AT1G69980	6	14	5	15	10
AT1G70000	6	3	7	14	12
AT1G70020	1	1	0	2	0
AT1G70060	18	22	10	18	19
AT1G70070	16	29	5	12	10
AT1G70080	0	1	0	0	0
AT1G70090	19	31	19	24	23
AT1G70100	11	12	6	9	6
AT1G70150	1	7	3	7	5
AT1G70160	87	86	49	74	74
AT1G70180	5	9	7	5	11
AT1G70185	0	1	0	2	7
AT1G70190	22	25	15	18	26
AT1G70200	28	42	12	19	24
AT1G70210	8	21	1	13	7
AT1G70220	0	2	1	0	3
AT1G70230	14	16	2	5	6
AT1G70250	4	1	5	6	7
AT1G70260	0	1	0	0	2
AT1G70270	2	1	0	2	1
AT1G70280	18	15	25	11	19
AT1G70290	16	21	17	14	16
AT1G70300	0	6	3	3	2
AT1G70310	50	48	55	62	75
AT1G70320	35	37	25	28	41
AT1G70330	30	37	27	49	33
AT1G70340	30	38	29	48	33
AT1G70350	17	28	22	25	29
AT1G70370	77	91	49	68	74
AT1G70390	0	0	0	1	0
AT1G70410	98	103	79	96	120
AT1G70420	15	14	11	6	12
AT1G70430	3	2	1	2	4
AT1G70440	0	0	0	2	1
AT1G70470	7	3	4	3	3
AT1G70480	12	16	7	16	24
AT1G70490	218	209	150	185	201
AT1G70500	1	0	2	0	0
AT1G70505	1	2	0	3	2
AT1G70510	0	7	2	3	1
AT1G70518	6	4	3	4	2
AT1G70520	26	14	16	18	19
AT1G70530	2	1	4	2	1
AT1G70550	4	4	1	2	0
AT1G70560	3	3	5	3	6
AT1G70570	19	13	7	17	20
AT1G70580	16	10	20	23	29
AT1G70590	14	8	7	7	17
AT1G70600	566	686	314	364	473
AT1G70610	20	28	9	15	10
AT1G70620	20	29	21	45	39
AT1G70630	1	2	1	4	4
AT1G70640	1	0	2	0	0
AT1G70650	22	18	24	26	25
AT1G70660	20	17	19	25	24
AT1G70670	10	7	5	5	16
AT1G70690	5	1	2	3	5
AT1G70700	29	32	31	50	62
AT1G70710	29	18	13	12	12
AT1G70730	76	50	58	83	102
AT1G70740	7	7	2	9	11
AT1G70750	11	10	3	5	5
AT1G70760	129	160	85	120	111
AT1G70770	203	225	127	168	196
AT1G70780	65	94	75	94	117
AT1G70782	65	94	75	94	117
AT1G70790	15	9	2	6	4
AT1G70800	0	2	1	0	3
AT1G70810	9	15	16	12	19
AT1G70820	77	66	37	38	25
AT1G70830	117	154	82	90	78
AT1G70880	0	0	0	0	2
AT1G70890	48	29	38	33	42
AT1G70895	0	0	1	3	5
AT1G70900	39	26	8	18	18
AT1G70910	0	0	0	1	0
AT1G70940	15	19	4	10	11
AT1G70980	9	6	8	14	33
AT1G70985	6	1	3	5	4
AT1G70990	0	0	0	0	1
AT1G71000	0	0	0	1	0
AT1G71010	17	15	18	7	20
AT1G71015	2	0	0	1	1
AT1G71020	25	28	20	14	26
AT1G71030	75	49	79	67	70
AT1G71040	45	25	52	60	56
AT1G71050	10	8	12	8	10
AT1G71060	2	0	2	1	2
AT1G71070	26	19	18	18	16
AT1G71080	16	23	18	29	31
AT1G71090	17	25	19	23	27
AT1G71100	4	9	9	14	17
AT1G71110	3	4	6	4	13
AT1G71130	20	13	4	11	16
AT1G71140	1	1	4	1	2
AT1G71170	12	16	10	18	17
AT1G71180	14	22	18	10	24
AT1G71190	6	3	7	16	16
AT1G71210	5	5	4	3	5
AT1G71220	43	27	26	38	36
AT1G71230	3	5	2	5	4
AT1G71240	11	9	4	4	7
AT1G71250	0	0	2	0	1
AT1G71260	18	38	20	20	34
AT1G71270	33	23	11	21	19
AT1G71280	1	0	0	0	0
AT1G71300	0	0	0	0	1
AT1G71310	13	13	10	18	13
AT1G71330	2	1	0	0	0
AT1G71340	24	24	20	20	22
AT1G71350	5	4	4	9	2
AT1G71360	5	2	3	3	3
AT1G71400	2	0	1	0	0
AT1G71410	15	20	8	14	11
AT1G71420	0	0	2	0	0
AT1G71430	11	16	9	6	10
AT1G71440	7	12	11	13	5
AT1G71460	9	5	7	4	2
AT1G71480	34	24	19	19	33
AT1G71490	23	24	16	14	27
AT1G71500	138	157	61	52	75
AT1G71528	2	2	4	0	2
AT1G71530	2	1	3	0	2
AT1G71691	1	0	0	0	0
AT1G71695	106	111	87	103	130
AT1G71696	13	8	7	10	11
AT1G71697	7	7	6	3	10
AT1G71710	16	18	8	13	5
AT1G71720	34	22	16	15	27
AT1G71730	30	39	29	37	49
AT1G71740	0	1	0	0	0
AT1G71750	13	9	8	10	8
AT1G71760	3	2	0	0	0
AT1G71770	0	2	0	0	0
AT1G71780	19	18	18	21	14
AT1G71790	12	13	11	11	16
AT1G71800	6	7	4	7	9
AT1G71810	3	13	14	7	11
AT1G71820	20	17	16	21	20
AT1G71830	0	1	0	0	1
AT1G71840	42	26	33	43	57
AT1G71850	1	12	1	3	9
AT1G71860	22	36	20	48	44
AT1G71865	11	12	12	9	8
AT1G71866	3	1	1	2	1
AT1G71880	37	12	41	56	28
AT1G71890	0	1	0	1	0
AT1G71900	8	13	9	10	15
AT1G71910	2	0	1	2	3
AT1G71920	0	1	0	0	4
AT1G71930	0	1	0	1	0
AT1G71940	1	9	13	3	10
AT1G71950	53	79	86	89	121
AT1G71960	1	1	1	0	2
AT1G71970	10	17	9	9	9
AT1G71980	57	42	30	36	49
AT1G71990	7	1	2	3	1
AT1G72000	0	1	0	0	0
AT1G72010	43	38	30	31	26
AT1G72020	143	196	134	161	174
AT1G72030	44	50	12	16	34
AT1G72040	34	33	23	40	30
AT1G72050	9	15	8	15	10
AT1G72060	15	10	9	12	11
AT1G72070	17	9	10	9	6
AT1G72090	21	29	18	15	36
AT1G72120	3	2	1	1	4
AT1G72125	0	0	0	1	0
AT1G72130	5	7	8	14	11
AT1G72140	0	0	1	0	1
AT1G72150	243	192	141	159	165
AT1G72160	51	34	30	62	61
AT1G72170	23	28	33	32	34
AT1G72175	19	27	9	22	21
AT1G72180	91	70	42	53	82
AT1G72190	4	0	4	10	10
AT1G72200	0	0	2	0	0
AT1G72210	2	4	1	0	1
AT1G72230	13	15	3	4	4
AT1G72240	0	4	11	6	7
AT1G72250	7	11	3	3	5
AT1G72260	2	1	4	4	3
AT1G72270	3	3	0	3	2
AT1G72280	5	4	5	7	4
AT1G72300	10	3	5	5	6
AT1G72310	17	5	13	4	11
AT1G72320	22	21	16	9	20
AT1G72330	8	8	24	37	39
AT1G72340	24	33	23	24	34
AT1G72360	2	4	0	0	2
AT1G72370	493	601	286	319	457
AT1G72390	17	12	11	19	12
AT1G72410	3	20	4	9	12
AT1G72416	7	12	16	6	14
AT1G72420	7	7	8	4	13
AT1G72430	50	52	107	99	142
AT1G72440	46	46	33	52	48
AT1G72450	20	17	4	12	20
AT1G72470	0	4	2	2	6
AT1G72480	24	15	16	22	13
AT1G72500	19	27	4	13	9
AT1G72510	13	18	19	21	36
AT1G72520	0	2	9	0	0
AT1G72530	1	1	0	0	3
AT1G72540	0	0	0	0	2
AT1G72550	30	23	39	46	53
AT1G72560	13	10	13	8	9
AT1G72600	2284	2167	1676	1932	2217
AT1G72610	2277	2154	1672	1923	2202
AT1G72620	4	0	0	1	1
AT1G72630	29	18	24	42	32
AT1G72640	37	26	19	21	24
AT1G72645	23	29	11	14	21
AT1G72650	4	9	6	6	3
AT1G72660	1	1	1	1	0
AT1G72670	4	6	3	3	5
AT1G72680	12	11	10	19	27
AT1G72690	2	5	7	9	10
AT1G72700	11	6	7	18	10
AT1G72710	74	66	47	59	64
AT1G72720	0	1	0	1	5
AT1G72730	8	10	3	4	6
AT1G72740	14	11	15	14	17
AT1G72750	46	36	29	29	39
AT1G72770	0	6	3	5	3
AT1G72790	2	5	3	9	5
AT1G72800	2	1	0	2	3
AT1G72810	9	10	6	8	9
AT1G72820	13	11	12	14	12
AT1G72830	2	4	0	1	1
AT1G72840	0	1	1	0	0
AT1G72850	1	0	1	1	1
AT1G72852	1	0	1	1	0
AT1G72855	1	2	0	2	2
AT1G72860	1	5	1	2	3
AT1G72880	26	18	20	19	15
AT1G72890	0	1	5	5	9
AT1G72900	5	4	7	12	15
AT1G72910	11	10	18	9	20
AT1G72920	3	4	8	10	10
AT1G72930	214	179	162	172	249
AT1G72940	3	3	1	3	6
AT1G72950	0	1	2	0	1
AT1G72970	43	58	23	38	57
AT1G72990	2	3	6	5	8
AT1G73010	0	0	0	2	2
AT1G73020	6	4	4	1	5
AT1G73030	52	55	35	24	59
AT1G73040	1	0	0	0	0
AT1G73060	72	75	44	29	51
AT1G73066	0	0	0	0	2
AT1G73080	14	15	9	8	9
AT1G73090	17	15	17	17	16
AT1G73100	10	8	4	3	7
AT1G73110	36	28	18	18	29
AT1G73130	6	2	1	1	5
AT1G73140	0	1	0	0	0
AT1G73150	3	1	0	2	1
AT1G73170	19	22	23	28	30
AT1G73177	9	9	8	20	22
AT1G73180	17	12	5	11	22
AT1G73190	4	3	5	4	2
AT1G73200	2	4	1	6	7
AT1G73210	2	0	1	0	1
AT1G73220	15	9	8	5	6
AT1G73230	207	248	165	202	239
AT1G73240	7	7	19	9	10
AT1G73250	5	6	5	5	7
AT1G73260	0	0	1	0	1
AT1G73310	1	3	4	4	4
AT1G73320	2	5	4	2	1
AT1G73325	3	0	3	3	6
AT1G73330	3	0	0	1	0
AT1G73350	20	16	15	18	24
AT1G73360	2	4	0	1	4
AT1G73370	4	3	3	1	1
AT1G73380	8	4	7	10	17
AT1G73390	18	34	13	16	18
AT1G73430	9	15	16	19	10
AT1G73440	1	4	4	5	4
AT1G73450	2	7	5	6	6
AT1G73460	9	8	8	9	11
AT1G73470	36	22	12	16	17
AT1G73480	15	16	7	15	14
AT1G73490	40	46	33	37	42
AT1G73500	18	7	4	6	11
AT1G73530	70	59	23	26	36
AT1G73540	13	12	41	64	134
AT1G73550	0	1	0	0	0
AT1G73570	0	0	2	0	1
AT1G73590	8	4	3	2	3
AT1G73600	92	105	62	74	103
AT1G73602	69	83	47	52	82
AT1G73620	4	6	12	13	22
AT1G73630	6	8	5	3	4
AT1G73640	1	0	1	1	1
AT1G73650	21	21	21	31	31
AT1G73655	168	155	41	69	61
AT1G73660	11	20	17	21	17
AT1G73670	10	17	4	10	7
AT1G73680	10	9	10	11	10
AT1G73690	0	1	0	2	4
AT1G73700	0	0	0	1	1
AT1G73710	1	6	2	4	5
AT1G73720	19	28	24	29	25
AT1G73730	8	7	2	2	9
AT1G73740	11	13	10	12	17
AT1G73750	12	9	18	14	10
AT1G73760	21	34	25	11	18
AT1G73770	3	1	2	8	6
AT1G73790	6	9	17	16	17
AT1G73805	23	7	20	22	28
AT1G73810	1	0	1	1	1
AT1G73820	19	15	10	8	12
AT1G73830	6	5	0	1	1
AT1G73840	20	17	8	18	26
AT1G73850	0	1	0	1	0
AT1G73870	17	9	4	2	12
AT1G73875	3	2	6	5	5
AT1G73880	1	4	3	9	3
AT1G73885	157	146	65	85	72
AT1G73890	3	0	0	0	1
AT1G73910	0	1	0	0	0
AT1G73920	28	23	20	14	22
AT1G73930	5	12	5	10	10
AT1G73940	29	41	28	27	25
AT1G73950	8	9	5	2	5
AT1G73960	23	22	10	17	20
AT1G73970	8	2	10	3	8
AT1G73980	19	10	23	23	24
AT1G73990	28	36	11	14	12
AT1G74000	0	1	0	1	0
AT1G74010	0	0	0	1	1
AT1G74020	7	4	3	8	8
AT1G74030	9	17	13	6	2
AT1G74040	21	21	7	9	16
AT1G74050	173	213	162	179	201
AT1G74055	2	2	3	3	0
AT1G74060	146	192	154	130	210
AT1G74070	34	42	13	13	35
AT1G74088	1	1	7	3	4
AT1G74090	22	18	23	20	35
AT1G74100	46	24	36	37	36
AT1G74120	4	1	4	3	1
AT1G74150	0	1	0	0	0
AT1G74160	11	11	6	9	15
AT1G74170	1	5	6	8	10
AT1G74180	2	2	1	0	0
AT1G74200	0	0	1	2	0
AT1G74210	14	21	29	19	38
AT1G74230	58	60	44	40	62
AT1G74240	2	7	4	3	6
AT1G74250	4	10	6	9	9
AT1G74260	25	25	14	20	16
AT1G74270	210	218	153	172	225
AT1G74280	7	5	2	5	4
AT1G74290	1	2	1	3	2
AT1G74300	5	5	3	9	4
AT1G74310	3	1	2	7	6
AT1G74320	15	14	15	13	21
AT1G74330	4	8	1	3	1
AT1G74340	17	27	33	30	53
AT1G74360	1	1	6	6	2
AT1G74370	4	20	15	10	19
AT1G74380	24	21	17	22	20
AT1G74390	11	9	10	10	3
AT1G74400	0	0	2	2	2
AT1G74410	5	9	2	7	6
AT1G74420	0	0	2	1	2
AT1G74430	6	16	10	7	11
AT1G74440	35	39	30	31	67
AT1G74450	8	6	16	14	9
AT1G74453	2	5	8	7	9
AT1G74456	2	0	1	0	4
AT1G74458	6	4	4	3	0
AT1G74470	740	835	186	230	304
AT1G74480	2	0	0	1	0
AT1G74490	0	1	0	0	0
AT1G74510	4	4	11	2	9
AT1G74520	44	35	33	37	38
AT1G74530	11	18	13	23	24
AT1G74540	0	0	2	0	5
AT1G74545	2	0	0	0	0
AT1G74550	1	1	0	5	5
AT1G74560	73	110	62	99	101
AT1G74590	2	0	3	3	3
AT1G74600	0	1	0	0	0
AT1G74640	31	23	8	9	14
AT1G74650	0	2	0	1	1
AT1G74660	1	1	0	0	0
AT1G74670	282	266	135	124	179
AT1G74680	9	15	12	4	9
AT1G74690	50	49	32	31	40
AT1G74700	4	1	3	3	10
AT1G74710	9	6	9	11	16
AT1G74720	13	14	6	12	14
AT1G74730	324	343	75	95	102
AT1G74740	4	4	2	3	2
AT1G74750	1	1	0	1	3
AT1G74780	3	1	6	3	0
AT1G74790	10	8	5	6	7
AT1G74800	9	17	6	4	7
AT1G74810	0	3	4	0	1
AT1G74840	19	11	17	10	13
AT1G74850	20	20	19	15	8
AT1G74860	3	1	6	2	8
AT1G74870	0	2	1	0	2
AT1G74875	0	5	5	3	5
AT1G74880	107	105	34	37	68
AT1G74890	3	6	3	1	2
AT1G74900	4	3	3	9	10
AT1G74910	55	58	31	38	63
AT1G74920	83	95	60	93	106
AT1G74929	1	0	0	0	0
AT1G74930	0	0	0	3	3
AT1G74940	27	25	14	29	18
AT1G74950	16	18	16	14	20
AT1G74960	61	65	37	42	43
AT1G74970	352	365	134	151	225
AT1G75000	1	2	2	2	5
AT1G75010	15	16	10	16	13
AT1G75020	5	8	8	17	11
AT1G75030	5	7	4	10	9
AT1G75040	172	127	222	256	244
AT1G75050	0	0	1	0	0
AT1G75060	6	4	1	4	2
AT1G75080	33	30	15	18	22
AT1G75090	12	11	6	8	10
AT1G75100	5	22	8	7	19
AT1G75110	1	0	0	0	2
AT1G75120	4	0	2	6	1
AT1G75130	9	9	9	12	11
AT1G75140	6	8	3	10	9
AT1G75150	2	3	2	6	3
AT1G75166	7	6	5	6	2
AT1G75170	7	5	2	6	6
AT1G75180	36	46	10	18	32
AT1G75190	28	30	10	17	18
AT1G75200	8	13	6	2	11
AT1G75210	46	45	27	25	32
AT1G75220	53	37	24	33	36
AT1G75230	7	4	4	12	10
AT1G75240	15	14	3	12	12
AT1G75250	2	4	0	0	2
AT1G75260	2	2	2	0	2
AT1G75270	21	14	12	16	9
AT1G75280	44	39	34	31	59
AT1G75290	2	4	1	3	0
AT1G75295	9	6	5	7	6
AT1G75300	7	1	3	1	3
AT1G75310	3	1	2	2	2
AT1G75330	47	55	33	38	42
AT1G75335	11	9	14	15	17
AT1G75340	17	10	9	7	8
AT1G75350	398	402	100	163	198
AT1G75360	0	1	3	2	0
AT1G75370	41	46	28	39	52
AT1G75380	214	153	95	107	135
AT1G75388	2	2	0	0	4
AT1G75390	2	2	0	0	4
AT1G75400	3	6	6	2	12
AT1G75410	10	15	3	6	11
AT1G75420	6	8	5	15	7
AT1G75440	10	10	10	12	11
AT1G75450	12	12	9	14	11
AT1G75460	137	149	37	35	34
AT1G75500	75	90	48	45	57
AT1G75510	23	17	28	29	40
AT1G75520	0	1	0	0	0
AT1G75530	0	1	0	0	0
AT1G75540	18	13	10	10	14
AT1G75560	26	22	17	29	19
AT1G75580	6	11	4	4	7
AT1G75590	2	3	0	0	4
AT1G75620	1	0	0	0	0
AT1G75630	143	123	79	87	143
AT1G75640	2	0	0	2	0
AT1G75660	35	34	14	39	39
AT1G75670	8	8	0	10	19
AT1G75680	86	96	72	72	61
AT1G75690	453	484	66	100	139
AT1G75700	1	0	0	0	0
AT1G75710	3	13	7	7	9
AT1G75720	1	0	1	0	0
AT1G75730	6	10	5	4	18
AT1G75750	55	41	250	291	289
AT1G75760	7	7	6	10	5
AT1G75770	0	2	3	6	3
AT1G75780	26	31	13	18	16
AT1G75800	36	48	28	27	32
AT1G75810	13	3	12	11	11
AT1G75820	20	35	10	17	15
AT1G75840	14	32	24	13	23
AT1G75850	12	14	10	17	15
AT1G75860	9	15	18	14	18
AT1G75880	2	3	3	2	5
AT1G75890	0	0	2	1	1
AT1G75891	0	0	1	1	0
AT1G75900	20	17	27	22	26
AT1G75910	0	1	0	0	0
AT1G75950	212	225	168	198	217
AT1G75960	13	6	4	11	13
AT1G75980	5	11	3	12	14
AT1G75990	16	30	23	19	18
AT1G76010	64	79	54	87	69
AT1G76020	14	13	10	9	21
AT1G76030	96	107	89	118	112
AT1G76040	9	11	6	6	12
AT1G76050	19	17	12	13	14
AT1G76060	8	8	13	6	8
AT1G76065	2	5	2	2	5
AT1G76070	5	0	1	0	3
AT1G76080	238	218	59	59	98
AT1G76090	22	25	7	6	19
AT1G76100	443	464	100	104	143
AT1G76110	8	26	8	25	12
AT1G76120	8	3	5	5	4
AT1G76130	4	5	5	6	10
AT1G76140	31	28	29	42	38
AT1G76150	49	50	45	54	55
AT1G76160	108	106	49	68	65
AT1G76170	0	7	2	8	6
AT1G76180	163	155	132	119	196
AT1G76185	5	2	2	2	2
AT1G76190	1	1	1	2	1
AT1G76200	207	244	148	205	257
AT1G76240	5	13	4	11	13
AT1G76250	0	0	0	1	1
AT1G76260	8	8	10	2	10
AT1G76270	5	5	3	6	5
AT1G76280	8	5	3	6	5
AT1G76300	24	31	20	16	31
AT1G76310	2	3	1	0	1
AT1G76320	5	8	3	5	5
AT1G76340	12	18	12	11	12
AT1G76350	7	7	2	6	5
AT1G76360	11	6	11	18	10
AT1G76380	3	2	3	2	5
AT1G76390	13	11	8	15	13
AT1G76400	23	28	21	24	34
AT1G76405	17	21	27	18	35
AT1G76410	4	3	1	3	7
AT1G76420	0	0	0	0	1
AT1G76440	6	4	2	2	8
AT1G76450	154	176	85	81	150
AT1G76460	7	14	3	10	10
AT1G76490	78	87	51	57	89
AT1G76510	14	15	16	18	13
AT1G76520	22	13	30	26	29
AT1G76530	2	0	6	3	2
AT1G76540	31	24	7	12	10
AT1G76550	17	12	9	10	9
AT1G76560	11	11	3	4	12
AT1G76570	10	14	7	9	4
AT1G76580	5	8	4	6	5
AT1G76590	4	4	5	6	12
AT1G76600	8	5	10	7	19
AT1G76610	0	1	2	0	1
AT1G76620	12	12	4	9	7
AT1G76630	0	2	4	4	8
AT1G76650	4	1	6	7	25
AT1G76660	7	8	16	10	9
AT1G76670	40	36	26	30	40
AT1G76680	28	18	21	19	30
AT1G76690	9	3	2	2	3
AT1G76700	12	5	19	14	12
AT1G76705	0	1	1	1	1
AT1G76710	4	6	6	3	5
AT1G76720	1	2	3	3	3
AT1G76730	12	18	19	25	24
AT1G76740	1	1	0	3	1
AT1G76760	3	2	3	1	2
AT1G76780	1	1	1	1	5
AT1G76790	3	4	3	4	8
AT1G76800	3	0	3	3	0
AT1G76810	62	71	28	40	55
AT1G76820	5	1	4	1	0
AT1G76850	15	17	21	15	16
AT1G76860	48	73	47	42	65
AT1G76870	0	3	1	0	5
AT1G76878	7	6	6	9	6
AT1G76880	10	15	12	18	13
AT1G76890	20	18	11	16	10
AT1G76892	9	10	5	4	5
AT1G76900	25	21	10	18	32
AT1G76920	15	16	7	9	20
AT1G76930	8	5	7	6	8
AT1G76940	10	7	3	12	15
AT1G76950	5	7	1	1	7
AT1G76952	0	0	0	1	0
AT1G76955	9	7	12	6	18
AT1G76960	91	57	202	239	287
AT1G76970	3	8	3	12	12
AT1G76980	4	4	9	7	8
AT1G76990	33	42	25	32	39
AT1G77000	6	4	4	10	5
AT1G77020	4	1	2	2	4
AT1G77030	10	7	4	11	18
AT1G77060	15	22	5	7	12
AT1G77080	32	37	30	21	50
AT1G77090	40	38	20	23	31
AT1G77110	1	2	2	1	1
AT1G77120	0	6	2	2	4
AT1G77122	22	17	12	6	18
AT1G77130	9	9	3	13	15
AT1G77138	0	1	2	0	2
AT1G77140	11	7	1	8	3
AT1G77170	5	4	1	6	4
AT1G77180	32	35	37	53	56
AT1G77210	5	3	2	5	7
AT1G77220	7	4	16	7	10
AT1G77230	4	4	1	6	8
AT1G77240	2	4	1	4	6
AT1G77250	10	7	2	5	13
AT1G77260	22	8	12	17	14
AT1G77270	8	8	6	2	8
AT1G77280	0	1	0	0	0
AT1G77290	7	4	0	4	4
AT1G77300	11	12	7	14	8
AT1G77310	0	0	0	1	2
AT1G77320	1	3	1	4	3
AT1G77330	0	2	0	0	1
AT1G77350	23	20	24	25	24
AT1G77360	0	2	0	0	0
AT1G77370	26	25	21	27	26
AT1G77380	0	0	0	0	2
AT1G77390	1	0	2	0	1
AT1G77400	5	1	0	0	0
AT1G77405	1	0	0	1	1
AT1G77410	3	5	0	1	0
AT1G77420	7	11	11	5	8
AT1G77440	31	39	36	41	35
AT1G77450	0	1	0	0	0
AT1G77460	13	11	8	5	10
AT1G77470	10	8	2	10	7
AT1G77480	11	4	9	10	6
AT1G77490	64	62	18	14	27
AT1G77500	12	5	3	2	8
AT1G77510	54	31	48	56	69
AT1G77520	1	0	1	2	1
AT1G77540	54	35	30	20	41
AT1G77550	13	13	18	23	27
AT1G77570	3	3	2	4	6
AT1G77580	4	8	3	3	7
AT1G77590	15	15	8	7	14
AT1G77600	12	6	6	7	8
AT1G77610	16	17	14	5	16
AT1G77620	11	4	5	5	5
AT1G77630	9	11	10	8	14
AT1G77640	0	0	2	1	5
AT1G77660	0	3	1	8	1
AT1G77670	11	16	10	19	9
AT1G77680	7	6	8	11	4
AT1G77690	6	8	3	2	5
AT1G77700	0	1	0	0	0
AT1G77710	141	137	231	217	242
AT1G77720	2	3	6	2	0
AT1G77740	21	17	9	8	10
AT1G77750	31	27	19	29	30
AT1G77760	24	26	75	97	109
AT1G77765	1	8	1	4	4
AT1G77770	8	9	10	11	13
AT1G77790	0	1	1	0	1
AT1G77800	7	5	9	4	10
AT1G77810	7	6	6	11	9
AT1G77840	34	23	20	20	31
AT1G77850	4	3	5	6	5
AT1G77855	5	1	1	0	3
AT1G77880	1	0	0	0	0
AT1G77885	1	0	1	0	1
AT1G77890	1	4	10	9	8
AT1G77920	5	2	7	13	7
AT1G77930	36	20	22	24	30
AT1G77940	332	417	300	309	357
AT1G77950	0	0	0	0	1
AT1G77960	0	0	0	0	1
AT1G77980	0	1	0	0	0
AT1G77990	3	7	3	4	4
AT1G77992	0	1	0	1	0
AT1G78000	6	3	5	0	3
AT1G78010	10	8	5	10	16
AT1G78020	64	52	44	49	64
AT1G78030	21	20	16	38	29
AT1G78040	713	725	488	582	730
AT1G78050	1	2	6	1	2
AT1G78060	29	39	16	20	21
AT1G78070	8	13	14	14	11
AT1G78080	42	31	58	73	64
AT1G78090	1	0	2	0	0
AT1G78100	14	25	4	14	9
AT1G78110	4	2	3	2	5
AT1G78120	0	2	0	0	0
AT1G78130	3	1	0	1	3
AT1G78140	17	12	2	3	10
AT1G78150	38	47	30	41	44
AT1G78170	27	17	23	12	22
AT1G78172	1	1	0	1	1
AT1G78180	17	18	8	10	16
AT1G78190	8	5	3	9	4
AT1G78200	5	14	8	14	12
AT1G78206	1	1	0	2	3
AT1G78210	32	35	17	23	26
AT1G78230	6	7	13	15	12
AT1G78240	16	11	8	6	8
AT1G78260	9	17	16	6	5
AT1G78265	4	6	3	3	2
AT1G78270	14	9	5	7	6
AT1G78280	5	7	16	14	16
AT1G78290	7	3	13	21	24
AT1G78300	103	71	69	65	108
AT1G78310	0	1	0	1	3
AT1G78320	2	3	0	0	0
AT1G78340	0	0	1	1	2
AT1G78370	192	191	89	111	118
AT1G78380	316	306	155	181	258
AT1G78410	4	1	2	6	4
AT1G78420	17	20	17	8	16
AT1G78430	5	5	0	1	3
AT1G78440	5	8	0	1	0
AT1G78450	5	2	2	1	2
AT1G78460	18	17	51	49	43
AT1G78476	6	11	7	6	6
AT1G78480	4	7	3	3	2
AT1G78490	16	21	3	12	4
AT1G78510	15	14	20	15	18
AT1G78520	0	0	1	0	1
AT1G78530	4	0	0	0	2
AT1G78540	6	2	2	2	6
AT1G78550	3	2	1	7	5
AT1G78560	24	20	10	8	7
AT1G78570	83	76	61	79	109
AT1G78580	27	27	17	25	33
AT1G78590	14	17	6	12	18
AT1G78600	36	41	18	34	36
AT1G78610	9	10	3	5	10
AT1G78620	48	55	26	33	49
AT1G78630	449	459	145	185	228
AT1G78650	6	7	4	10	1
AT1G78660	38	30	15	25	21
AT1G78670	16	7	5	9	8
AT1G78680	88	115	79	97	108
AT1G78690	4	10	5	3	3
AT1G78700	5	12	9	6	12
AT1G78710	7	16	13	5	14
AT1G78730	2	7	0	2	2
AT1G78750	0	2	2	0	1
AT1G78770	5	8	5	3	11
AT1G78780	0	0	1	4	4
AT1G78790	9	15	12	14	19
AT1G78800	13	4	7	13	8
AT1G78810	4	4	7	4	3
AT1G78820	77	67	29	31	53
AT1G78830	83	78	70	75	71
AT1G78850	39	40	47	44	56
AT1G78860	0	0	0	1	0
AT1G78865	4	4	3	4	8
AT1G78870	44	33	33	45	51
AT1G78880	13	12	2	10	8
AT1G78882	13	12	2	10	8
AT1G78890	34	38	27	43	53
AT1G78895	9	2	5	9	11
AT1G78900	233	278	208	212	281
AT1G78910	1	0	0	3	1
AT1G78915	19	24	21	11	8
AT1G78920	33	35	21	40	29
AT1G78922	23	18	14	25	18
AT1G78930	2	6	3	7	11
AT1G78940	0	0	2	1	0
AT1G78950	1	0	1	0	2
AT1G78960	9	2	3	5	8
AT1G78970	12	8	9	7	7
AT1G78980	1	0	0	1	1
AT1G78990	0	0	3	0	0
AT1G78995	26	26	17	19	20
AT1G79000	8	3	2	9	4
AT1G79010	61	89	57	72	84
AT1G79020	8	4	9	10	5
AT1G79030	4	4	1	3	5
AT1G79040	10306	9072	2176	2528	3307
AT1G79050	13	23	13	17	15
AT1G79060	4	2	1	1	4
AT1G79070	2	1	5	6	3
AT1G79075	81	92	116	135	144
AT1G79080	10	6	4	11	6
AT1G79090	21	16	11	20	12
AT1G79110	6	6	11	11	8
AT1G79120	0	2	2	1	0
AT1G79150	27	26	16	15	26
AT1G79160	9	8	6	7	11
AT1G79170	0	2	2	0	1
AT1G79190	10	3	8	9	7
AT1G79200	13	17	10	16	19
AT1G79210	23	37	42	51	54
AT1G79220	1	1	0	2	1
AT1G79230	56	47	47	34	52
AT1G79260	17	8	20	21	27
AT1G79270	6	13	27	31	46
AT1G79280	17	27	23	15	31
AT1G79310	0	0	0	1	0
AT1G79330	0	0	0	0	1
AT1G79340	43	28	18	23	30
AT1G79350	9	13	19	14	19
AT1G79360	0	4	0	0	0
AT1G79380	29	22	49	51	63
AT1G79390	18	14	13	31	23
AT1G79410	2	1	0	1	0
AT1G79420	2	1	2	4	1
AT1G79430	9	16	11	10	6
AT1G79440	57	41	24	37	43
AT1G79450	0	2	0	0	0
AT1G79460	16	14	3	1	6
AT1G79470	5	7	4	9	11
AT1G79480	0	1	0	2	1
AT1G79490	1	5	6	3	3
AT1G79500	52	87	30	38	49
AT1G79510	27	47	14	24	25
AT1G79520	6	4	2	7	5
AT1G79529	13	27	10	10	16
AT1G79530	13	27	10	14	15
AT1G79540	3	8	5	4	4
AT1G79550	152	179	135	160	214
AT1G79560	33	35	23	44	26
AT1G79570	8	10	9	13	16
AT1G79590	18	15	13	12	17
AT1G79600	75	74	33	42	46
AT1G79610	2	10	12	10	8
AT1G79620	6	8	0	2	3
AT1G79630	5	3	1	1	4
AT1G79640	0	0	3	2	3
AT1G79650	13	18	9	18	17
AT1G79660	27	28	18	15	24
AT1G79670	10	9	8	4	12
AT1G79680	0	0	1	0	0
AT1G79690	20	15	18	30	26
AT1G79700	17	3	5	1	5
AT1G79710	28	52	18	21	23
AT1G79720	23	47	15	16	24
AT1G79730	19	17	20	21	19
AT1G79740	6	6	7	6	5
AT1G79750	88	110	65	62	74
AT1G79760	1	1	0	0	0
AT1G79770	0	2	0	0	0
AT1G79780	0	2	1	1	5
AT1G79790	45	58	30	47	29
AT1G79810	16	11	13	11	22
AT1G79820	18	11	9	10	16
AT1G79830	46	31	25	24	36
AT1G79840	51	40	16	12	24
AT1G79850	778	822	276	265	391
AT1G79870	51	79	46	41	39
AT1G79880	3	7	9	4	7
AT1G79890	0	0	1	0	0
AT1G79900	1	1	1	1	1
AT1G79910	1	0	0	0	2
AT1G79915	0	0	1	0	0
AT1G79920	33	48	45	55	68
AT1G79930	28	39	34	45	42
AT1G79940	31	40	28	28	20
AT1G79950	6	3	3	6	8
AT1G79960	2	0	1	0	0
AT1G79970	13	24	21	11	30
AT1G79990	53	39	28	28	42
AT1G80000	18	14	14	22	17
AT1G80010	8	1	5	16	9
AT1G80030	24	24	17	10	17
AT1G80040	30	29	20	24	34
AT1G80050	32	35	32	31	43
AT1G80060	0	2	4	2	1
AT1G80070	70	66	67	80	80
AT1G80080	11	11	8	7	9
AT1G80090	0	0	0	0	1
AT1G80110	5	1	1	6	0
AT1G80120	5	3	0	1	0
AT1G80130	7	2	6	0	3
AT1G80150	3	2	1	5	4
AT1G80160	1	0	0	3	3
AT1G80170	5	9	10	5	11
AT1G80180	20	13	24	21	23
AT1G80190	7	10	3	4	7
AT1G80200	1	0	0	0	0
AT1G80210	5	9	7	11	5
AT1G80230	40	35	25	33	39
AT1G80245	4	7	3	9	6
AT1G80260	9	11	18	17	20
AT1G80270	11	30	26	33	24
AT1G80280	6	13	5	4	11
AT1G80290	4	4	1	6	5
AT1G80300	15	12	14	21	32
AT1G80310	11	5	6	18	7
AT1G80320	0	1	1	0	0
AT1G80325	2	5	2	3	0
AT1G80340	0	0	0	0	1
AT1G80350	3	15	11	10	10
AT1G80360	22	25	22	20	41
AT1G80370	2	2	0	3	4
AT1G80380	106	118	26	31	37
AT1G80400	6	14	5	8	8
AT1G80410	22	30	17	21	35
AT1G80420	34	24	14	14	19
AT1G80440	17	14	23	21	22
AT1G80450	2	4	1	2	8
AT1G80460	25	36	22	34	40
AT1G80480	65	73	30	25	40
AT1G80490	20	35	10	13	34
AT1G80500	28	43	49	48	58
AT1G80510	5	7	8	6	3
AT1G80520	2	2	0	0	0
AT1G80530	22	32	20	11	13
AT1G80550	1	7	6	8	3
AT1G80555	0	0	0	0	1
AT1G80560	36	33	16	24	20
AT1G80570	0	2	1	2	4
AT1G80600	88	106	41	37	40
AT1G80610	5	8	6	5	5
AT1G80620	11	18	7	12	15
AT1G80630	6	4	2	2	6
AT1G80640	12	16	6	16	11
AT1G80650	14	9	6	17	15
AT1G80660	0	0	1	0	0
AT1G80670	10	12	7	11	8
AT1G80680	19	13	20	25	38
AT1G80690	2	4	1	2	4
AT1G80700	9	10	9	6	7
AT1G80710	3	5	4	3	8
AT1G80720	3	8	8	8	12
AT1G80730	0	1	1	0	1
AT1G80745	1	0	0	0	1
AT1G80750	29	41	32	27	41
AT1G80760	8	8	0	1	3
AT1G80770	24	31	14	15	28
AT1G80780	29	31	43	28	53
AT1G80790	10	17	14	15	28
AT1G80810	0	3	1	2	3
AT1G80820	0	0	0	1	0
AT1G80830	2	12	12	10	11
AT1G80840	3	3	7	11	22
AT1G80850	10	11	20	10	7
AT1G80860	14	17	16	18	23
AT1G80865	1	0	0	0	0
AT1G80870	8	17	3	6	5
AT1G80880	0	0	0	1	0
AT1G80890	24	33	22	23	39
AT1G80900	1	0	1	2	4
AT1G80910	13	16	11	12	11
AT1G80920	124	87	98	82	90
AT1G80930	24	46	36	50	43
AT1G80940	34	16	14	26	25
AT1G80950	11	8	8	18	16
AT1G80960	1	6	1	0	2
AT1G80970	3	8	1	10	5
AT1G80980	6	6	5	8	8
AT2G01008	9	7	2	4	8
AT2G01010	5758	7143	3218	4357	4966
AT2G01020	459	563	481	577	686
AT2G01021	289	154	228	143	211
AT2G01060	58	47	56	78	51
AT2G01070	16	14	4	10	8
AT2G01080	7	4	5	5	6
AT2G01090	35	25	22	48	33
AT2G01100	23	17	20	16	34
AT2G01110	102	95	52	49	64
AT2G01120	10	3	6	6	6
AT2G01130	8	11	8	6	10
AT2G01140	45	58	72	59	90
AT2G01150	6	8	10	1	6
AT2G01170	26	19	27	24	17
AT2G01175	0	1	0	0	0
AT2G01180	5	7	12	8	3
AT2G01190	23	13	8	16	23
AT2G01200	0	1	1	0	2
AT2G01210	2	3	1	2	0
AT2G01220	27	16	17	18	19
AT2G01250	504	594	270	339	374
AT2G01260	7	5	7	6	3
AT2G01270	25	13	17	34	31
AT2G01275	0	2	0	2	0
AT2G01280	32	39	20	23	34
AT2G01290	32	37	20	23	29
AT2G01300	0	0	2	0	1
AT2G01320	25	20	25	27	23
AT2G01330	7	2	2	0	2
AT2G01340	7	9	9	14	14
AT2G01350	44	33	41	42	50
AT2G01390	2	1	0	0	0
AT2G01400	31	33	7	33	14
AT2G01410	18	23	7	16	11
AT2G01420	36	38	27	27	27
AT2G01422	55	47	40	55	48
AT2G01430	0	0	2	0	0
AT2G01440	8	19	3	14	10
AT2G01450	78	70	70	76	91
AT2G01460	4	7	6	6	9
AT2G01470	26	30	29	26	42
AT2G01480	1	3	1	6	2
AT2G01490	42	43	56	63	94
AT2G01505	7	12	6	4	7
AT2G01510	0	1	0	0	0
AT2G01520	0	1	2	0	2
AT2G01530	0	1	0	2	0
AT2G01540	15	8	13	12	13
AT2G01570	38	37	9	29	22
AT2G01590	96	86	33	48	42
AT2G01600	29	36	35	33	38
AT2G01610	11	3	3	2	2
AT2G01620	31	14	30	33	27
AT2G01630	18	13	18	19	17
AT2G01640	9	15	9	9	17
AT2G01650	13	9	19	23	18
AT2G01660	1	1	2	0	4
AT2G01670	41	23	46	59	73
AT2G01680	18	9	6	13	12
AT2G01690	18	10	13	10	16
AT2G01710	10	9	11	8	11
AT2G01720	69	62	47	60	85
AT2G01730	0	3	1	1	2
AT2G01735	11	7	6	4	10
AT2G01740	1	0	0	0	1
AT2G01750	8	1	8	3	3
AT2G01755	26	19	9	6	13
AT2G01760	23	14	12	13	13
AT2G01770	1	0	0	0	0
AT2G01818	1	1	1	3	1
AT2G01820	26	32	27	26	29
AT2G01830	11	10	4	7	3
AT2G01850	44	47	27	42	32
AT2G01860	13	14	4	3	13
AT2G01870	55	43	25	34	33
AT2G01890	3	0	2	1	2
AT2G01905	0	1	0	0	0
AT2G01910	23	21	15	14	25
AT2G01913	2	6	3	2	4
AT2G01918	16	11	16	12	18
AT2G01930	20	11	8	9	8
AT2G01940	2	8	3	5	3
AT2G01950	4	4	0	3	4
AT2G01960	0	0	0	0	1
AT2G01970	31	46	15	30	31
AT2G01980	9	1	8	6	8
AT2G01990	7	7	8	3	10
AT2G02010	1	0	0	0	1
AT2G02020	1	4	0	8	1
AT2G02040	25	21	26	27	29
AT2G02050	44	44	34	41	53
AT2G02060	5	4	4	2	2
AT2G02061	0	0	0	1	0
AT2G02070	43	26	23	46	33
AT2G02080	21	12	18	8	22
AT2G02090	13	11	5	20	14
AT2G02100	570	591	403	475	589
AT2G02120	0	0	0	3	1
AT2G02130	467	423	237	314	434
AT2G02148	3	2	0	2	3
AT2G02150	0	1	0	0	0
AT2G02160	24	20	23	26	18
AT2G02170	13	16	6	8	11
AT2G02180	30	16	14	15	12
AT2G02220	5	4	7	6	9
AT2G02230	8	10	13	13	21
AT2G02240	0	0	0	0	1
AT2G02350	0	3	0	3	1
AT2G02360	16	5	10	12	15
AT2G02370	3	5	4	5	3
AT2G02380	0	0	0	1	0
AT2G02390	28	16	10	26	22
AT2G02400	20	15	8	18	8
AT2G02410	18	14	11	4	10
AT2G02440	0	0	1	0	0
AT2G02450	11	19	11	12	14
AT2G02470	7	6	7	14	16
AT2G02480	4	0	5	6	9
AT2G02500	39	25	10	14	17
AT2G02510	51	69	71	80	95
AT2G02540	0	0	0	0	1
AT2G02560	30	21	19	28	35
AT2G02570	24	22	23	24	27
AT2G02590	8	4	3	1	6
AT2G02700	0	0	0	0	1
AT2G02710	21	14	14	16	15
AT2G02730	4	4	1	5	8
AT2G02740	25	26	17	27	22
AT2G02750	9	7	11	4	13
AT2G02760	100	106	79	114	132
AT2G02770	3	11	7	5	8
AT2G02780	13	13	8	18	5
AT2G02790	0	1	1	0	1
AT2G02800	36	15	25	17	20
AT2G02810	16	12	7	18	20
AT2G02820	4	2	4	4	3
AT2G02850	19	16	16	17	15
AT2G02860	4	6	10	5	8
AT2G02870	19	29	14	19	12
AT2G02880	9	12	10	11	9
AT2G02910	10	2	5	10	2
AT2G02950	17	18	19	16	22
AT2G02955	6	4	13	10	4
AT2G02960	16	13	11	17	12
AT2G02970	10	6	8	3	11
AT2G02980	4	4	0	3	9
AT2G02990	0	0	0	0	1
AT2G03010	1	0	1	4	4
AT2G03020	0	0	0	0	1
AT2G03040	1	0	0	0	0
AT2G03050	9	9	2	4	7
AT2G03060	3	4	3	2	5
AT2G03070	13	10	10	21	12
AT2G03090	9	13	4	3	2
AT2G03110	0	0	1	0	0
AT2G03120	37	36	30	35	49
AT2G03130	0	0	1	3	0
AT2G03140	21	14	17	5	11
AT2G03150	18	24	13	34	14
AT2G03200	2	0	0	0	0
AT2G03220	9	5	9	9	8
AT2G03240	10	15	5	2	10
AT2G03260	0	2	0	0	3
AT2G03270	4	13	14	14	18
AT2G03280	9	12	2	10	5
AT2G03290	0	1	0	0	0
AT2G03310	25	22	23	28	38
AT2G03330	1	5	5	2	3
AT2G03340	20	17	11	11	16
AT2G03350	28	37	24	25	17
AT2G03380	0	0	0	0	1
AT2G03390	38	27	12	17	35
AT2G03410	74	59	52	62	64
AT2G03420	60	43	40	31	43
AT2G03430	7	8	10	15	16
AT2G03440	166	155	121	156	159
AT2G03450	2	3	5	0	0
AT2G03470	15	17	8	11	17
AT2G03480	4	6	7	4	4
AT2G03500	3	11	2	3	6
AT2G03505	3	0	1	0	1
AT2G03510	42	26	28	40	41
AT2G03530	9	6	5	5	4
AT2G03550	18	23	11	18	12
AT2G03590	0	1	1	0	0
AT2G03620	12	5	7	3	11
AT2G03640	38	21	17	26	24
AT2G03667	11	4	7	4	3
AT2G03670	4	4	3	5	3
AT2G03680	342	243	199	224	245
AT2G03690	23	32	16	31	12
AT2G03710	13	12	6	6	15
AT2G03730	7	12	12	11	16
AT2G03740	0	1	0	0	0
AT2G03750	43	38	17	14	22
AT2G03760	16	15	14	30	18
AT2G03770	0	0	0	1	1
AT2G03780	15	7	10	14	6
AT2G03800	11	9	3	8	15
AT2G03810	3	2	2	3	6
AT2G03820	33	21	17	38	36
AT2G03822	0	0	0	1	0
AT2G03870	48	55	50	69	76
AT2G03880	0	0	1	2	2
AT2G03890	18	4	12	14	14
AT2G03980	9	13	7	8	5
AT2G04030	88	96	55	51	55
AT2G04032	9	4	6	3	3
AT2G04039	67	37	34	44	56
AT2G04040	0	0	5	5	4
AT2G04050	0	0	0	3	0
AT2G04066	0	1	2	2	1
AT2G04070	1	0	3	1	3
AT2G04080	4	16	9	6	12
AT2G04100	3	0	0	1	1
AT2G04160	5	6	6	8	10
AT2G04170	3	8	0	1	0
AT2G04230	4	7	6	7	7
AT2G04235	5	0	2	1	2
AT2G04240	6	11	6	11	12
AT2G04270	69	76	37	60	47
AT2G04280	54	56	27	46	33
AT2G04305	10	3	13	7	5
AT2G04340	7	16	15	19	15
AT2G04350	20	26	9	19	18
AT2G04360	42	30	22	23	39
AT2G04378	66	48	33	63	44
AT2G04380	8	2	0	1	3
AT2G04390	179	216	148	161	217
AT2G04400	41	24	38	25	35
AT2G04410	114	104	80	118	127
AT2G04420	0	0	1	0	0
AT2G04430	6	0	2	2	5
AT2G04450	40	21	18	21	22
AT2G04495	2	0	11	13	17
AT2G04515	0	0	0	1	1
AT2G04520	90	73	70	65	96
AT2G04530	17	21	12	18	14
AT2G04540	10	10	4	14	5
AT2G04550	23	12	17	20	22
AT2G04560	4	2	2	1	0
AT2G04570	27	19	10	12	18
AT2G04620	2	3	1	2	4
AT2G04630	54	44	34	52	34
AT2G04650	3	7	5	4	5
AT2G04660	0	4	3	6	7
AT2G04690	31	39	27	35	47
AT2G04700	257	187	102	112	120
AT2G04740	11	4	14	16	15
AT2G04780	59	67	45	40	41
AT2G04790	7	4	10	6	13
AT2G04795	4	4	2	7	6
AT2G04800	1	0	0	0	0
AT2G04840	0	0	0	1	0
AT2G04842	51	42	17	25	42
AT2G04845	16	9	8	18	12
AT2G04850	11	9	7	3	13
AT2G04852	11	8	4	3	14
AT2G04865	4	7	2	6	13
AT2G04880	19	14	23	36	33
AT2G04890	15	9	11	14	11
AT2G04900	61	46	33	58	66
AT2G04940	10	15	10	10	8
AT2G05070	3568	2949	627	663	863
AT2G05100	4088	3334	578	714	891
AT2G05120	8	6	10	10	14
AT2G05160	2	5	3	1	3
AT2G05170	17	20	7	13	10
AT2G05185	4	5	2	2	3
AT2G05210	22	18	16	15	11
AT2G05220	336	357	233	262	343
AT2G05230	6	12	10	15	10
AT2G05250	7	11	6	13	14
AT2G05260	5	3	3	5	5
AT2G05310	197	132	96	97	137
AT2G05320	8	11	6	1	3
AT2G05330	0	1	0	0	0
AT2G05380	203	121	150	179	124
AT2G05440	8	6	7	7	11
AT2G05500	1	0	0	0	0
AT2G05518	1	2	1	1	1
AT2G05520	2044	1382	1647	2087	1881
AT2G05540	8	14	11	22	21
AT2G05590	8	6	17	4	14
AT2G05620	153	153	98	110	154
AT2G05630	29	18	41	36	61
AT2G05632	2	6	3	2	11
AT2G05710	75	72	85	82	99
AT2G05755	6	2	9	6	6
AT2G05760	6	3	4	5	11
AT2G05765	7	6	6	9	11
AT2G05790	75	70	56	50	57
AT2G05810	14	1	8	7	5
AT2G05812	8	1	4	2	2
AT2G05830	66	32	58	60	88
AT2G05840	63	67	49	64	72
AT2G05910	1	0	0	0	1
AT2G05914	2	1	1	2	1
AT2G05920	93	65	42	83	62
AT2G05940	7	3	4	9	11
AT2G05990	69	96	21	52	45
AT2G05995	4	1	0	2	1
AT2G06000	13	18	4	5	13
AT2G06002	1	0	0	0	1
AT2G06005	2	1	0	4	1
AT2G06010	16	11	9	18	17
AT2G06025	17	23	24	26	25
AT2G06040	3	3	4	9	1
AT2G06050	10	13	7	12	9
AT2G06210	21	10	9	27	18
AT2G06255	2	1	4	5	4
AT2G06510	3	4	6	8	6
AT2G06520	6341	5013	1266	1300	1765
AT2G06530	50	21	24	46	62
AT2G06850	271	284	89	151	122
AT2G06925	50	69	38	33	49
AT2G06990	30	23	26	38	36
AT2G07042	2	2	2	5	2
AT2G07050	71	58	33	32	47
AT2G07170	5	2	2	2	9
AT2G07180	32	35	27	35	36
AT2G07340	64	57	42	42	45
AT2G07360	31	45	29	32	36
AT2G07599	2	0	1	1	0
AT2G07667	1	0	1	0	1
AT2G07671	3	13	3	3	3
AT2G07675	0	3	2	0	3
AT2G07678	0	0	0	1	1
AT2G07680	4	6	2	0	1
AT2G07681	5	0	1	9	3
AT2G07687	6	2	10	11	16
AT2G07689	0	0	0	1	0
AT2G07690	20	24	7	14	20
AT2G07692	0	1	0	0	0
AT2G07695	1	1	0	1	0
AT2G07696	0	0	0	1	0
AT2G07698	26	47	38	24	38
AT2G07701	0	0	0	0	1
AT2G07706	1	2	1	1	1
AT2G07707	2	5	1	0	0
AT2G07708	5	13	5	13	4
AT2G07714	1	0	0	0	0
AT2G07715	3	2	0	0	1
AT2G07718	2	1	1	0	0
AT2G07719	0	1	1	0	3
AT2G07722	1	0	0	1	0
AT2G07725	2	0	0	2	2
AT2G07727	14	21	5	15	13
AT2G07734	0	0	0	1	0
AT2G07739	4	2	1	1	2
AT2G07741	5	4	3	3	3
AT2G07751	1	3	0	3	1
AT2G07759	0	0	1	0	0
AT2G07761	2	2	1	2	2
AT2G07765	0	0	0	1	0
AT2G07771	1	2	0	1	3
AT2G07774	7	6	11	8	8
AT2G07776	1	1	2	1	0
AT2G07777	2	1	0	0	4
AT2G07785	0	1	0	1	2
AT2G07787	0	0	0	1	1
AT2G07793	0	0	1	0	1
AT2G07798	2	0	1	0	0
AT2G07806	0	1	0	0	0
AT2G07815	5	4	2	5	7
AT2G07827	0	0	3	1	0
AT2G07835	4	4	1	1	2
AT2G09795	10	15	10	15	13
AT2G09990	50	67	27	40	61
AT2G10606	1	0	1	0	0
AT2G10930	0	2	1	2	0
AT2G10931	1	1	3	5	2
AT2G10940	1366	1528	433	507	646
AT2G10950	10	15	10	5	8
AT2G11000	15	6	11	5	12
AT2G11520	13	20	15	13	10
AT2G11810	0	0	3	0	0
AT2G11890	18	23	11	23	17
AT2G11910	84	125	73	69	106
AT2G12170	7	2	2	8	6
AT2G12190	2	2	0	2	2
AT2G12400	7	10	17	11	8
AT2G12461	1	1	2	0	1
AT2G12462	8	7	1	2	5
AT2G12465	1	0	1	0	1
AT2G12480	0	2	0	0	0
AT2G12550	8	6	2	9	2
AT2G13100	7	8	9	2	15
AT2G13290	12	8	4	13	8
AT2G13360	522	421	373	399	543
AT2G13370	16	10	8	12	14
AT2G13430	1	0	0	0	2
AT2G13440	18	18	9	8	7
AT2G13540	5	20	10	12	17
AT2G13550	0	2	3	1	4
AT2G13560	68	49	36	41	43
AT2G13600	0	0	0	0	1
AT2G13610	22	14	9	8	26
AT2G13650	11	19	18	11	14
AT2G13660	9	2	4	4	5
AT2G13665	9	2	4	4	5
AT2G13690	4	6	2	5	5
AT2G13790	19	19	23	19	19
AT2G13800	6	4	4	5	8
AT2G13810	1	3	1	0	0
AT2G13820	18	44	7	19	31
AT2G13840	2	5	5	8	8
AT2G14045	45	50	39	44	67
AT2G14050	0	1	0	1	0
AT2G14060	0	0	0	1	0
AT2G14070	0	0	0	1	1
AT2G14080	5	8	4	10	7
AT2G14110	8	2	5	4	17
AT2G14115	7	5	5	6	8
AT2G14120	7	10	17	13	18
AT2G14170	34	40	19	17	24
AT2G14210	0	1	0	0	0
AT2G14247	31	21	0	0	1
AT2G14255	4	3	12	4	9
AT2G14260	27	27	22	37	28
AT2G14285	5	16	20	21	20
AT2G14460	2	12	6	5	8
AT2G14520	2	6	4	13	4
AT2G14530	5	1	4	7	6
AT2G14560	248	145	168	197	209
AT2G14580	0	0	2	0	0
AT2G14610	140	76	328	380	437
AT2G14620	5	0	2	1	5
AT2G14660	16	4	1	9	16
AT2G14680	8	7	2	9	5
AT2G14720	71	61	38	70	49
AT2G14740	8	18	15	16	12
AT2G14750	28	38	27	27	28
AT2G14800	1	1	1	2	0
AT2G14830	3	5	4	7	5
AT2G14835	19	22	14	17	14
AT2G14850	2	4	6	5	6
AT2G14860	12	11	7	7	6
AT2G14878	52	21	22	28	28
AT2G14880	66	87	45	36	47
AT2G14890	212	264	94	113	150
AT2G14900	17	18	5	2	13
AT2G14910	101	113	90	106	124
AT2G15000	11	31	34	38	45
AT2G15020	0	6	2	5	7
AT2G15042	8	2	14	11	13
AT2G15050	71	71	83	77	111
AT2G15080	7	7	11	10	12
AT2G15090	106	94	101	114	119
AT2G15128	0	0	0	1	0
AT2G15130	1	0	9	5	7
AT2G15220	1	1	3	1	0
AT2G15230	9	13	7	14	16
AT2G15240	16	17	18	15	23
AT2G15270	15	12	4	15	20
AT2G15280	18	14	13	10	19
AT2G15290	71	82	28	43	65
AT2G15292	15	18	13	13	15
AT2G15300	2	3	0	0	1
AT2G15310	1	1	0	3	0
AT2G15320	6	8	11	15	17
AT2G15390	4	2	2	3	1
AT2G15400	0	2	1	2	1
AT2G15430	18	31	23	33	26
AT2G15440	1	2	0	0	0
AT2G15480	0	1	1	3	2
AT2G15490	0	0	0	1	0
AT2G15530	6	10	23	12	12
AT2G15555	0	0	0	0	1
AT2G15560	13	14	18	18	5
AT2G15570	13	20	14	11	24
AT2G15580	64	51	51	74	79
AT2G15620	53	65	36	40	62
AT2G15630	0	2	2	0	3
AT2G15680	3	11	2	2	4
AT2G15690	31	27	16	26	30
AT2G15695	17	15	17	40	19
AT2G15730	6	2	1	1	5
AT2G15760	2	0	1	0	0
AT2G15790	5	2	1	3	2
AT2G15820	11	6	2	13	11
AT2G15830	10	10	2	4	3
AT2G15860	21	24	16	23	29
AT2G15880	2	3	4	6	5
AT2G15890	232	166	206	197	143
AT2G15900	12	5	5	8	15
AT2G15910	72	45	55	71	102
AT2G15960	143	94	57	56	38
AT2G15970	269	224	142	195	225
AT2G15980	0	2	2	1	0
AT2G16050	1	2	2	1	1
AT2G16060	5	9	0	2	0
AT2G16070	13	16	18	17	27
AT2G16090	7	3	1	2	6
AT2G16210	0	3	0	0	0
AT2G16245	1	0	1	2	1
AT2G16250	1	0	0	0	0
AT2G16270	4	13	5	5	9
AT2G16280	81	71	45	42	67
AT2G16360	0	0	0	1	0
AT2G16365	40	33	38	71	71
AT2G16370	20	17	23	18	13
AT2G16380	11	8	9	13	6
AT2G16390	1	2	2	2	4
AT2G16400	34	32	21	19	30
AT2G16405	12	13	10	13	10
AT2G16430	59	45	43	50	93
AT2G16440	14	19	6	5	5
AT2G16460	6	10	11	8	9
AT2G16485	8	17	8	17	8
AT2G16500	47	69	15	49	61
AT2G16510	74	86	61	95	68
AT2G16530	4	2	5	10	5
AT2G16570	0	0	0	1	0
AT2G16580	0	1	0	1	1
AT2G16586	2	3	0	0	2
AT2G16595	2	2	4	7	4
AT2G16600	914	907	590	648	770
AT2G16630	5	3	4	5	11
AT2G16640	13	15	22	22	39
AT2G16650	2	6	11	7	17
AT2G16660	195	122	116	153	198
AT2G16700	13	24	26	26	28
AT2G16710	42	35	38	44	37
AT2G16720	0	0	0	0	5
AT2G16740	14	14	11	10	17
AT2G16750	2	7	1	9	4
AT2G16770	2	6	0	5	5
AT2G16780	10	30	17	21	33
AT2G16790	0	0	0	1	1
AT2G16800	26	15	15	6	15
AT2G16850	16	24	6	10	14
AT2G16860	28	31	25	28	41
AT2G16870	2	1	1	1	3
AT2G16880	0	3	4	6	4
AT2G16890	1	3	0	0	2
AT2G16900	14	10	6	7	10
AT2G16910	2	0	0	0	0
AT2G16920	5	10	5	16	14
AT2G16930	38	37	23	19	38
AT2G16940	41	50	22	47	42
AT2G16950	39	47	66	55	61
AT2G16990	2	0	2	4	0
AT2G17010	1	0	0	0	0
AT2G17020	3	7	5	3	4
AT2G17030	4	2	3	7	2
AT2G17033	19	15	15	5	4
AT2G17036	2	0	1	0	2
AT2G17040	34	19	61	70	65
AT2G17110	3	7	7	3	9
AT2G17120	48	45	29	39	58
AT2G17130	11	13	15	14	21
AT2G17140	0	0	0	0	1
AT2G17150	2	5	5	5	10
AT2G17190	51	51	43	44	67
AT2G17200	51	66	48	58	64
AT2G17210	0	0	0	2	0
AT2G17220	14	22	18	11	26
AT2G17230	48	41	23	27	55
AT2G17240	87	59	38	44	52
AT2G17250	5	11	12	10	15
AT2G17260	0	0	0	2	2
AT2G17265	19	12	3	13	22
AT2G17270	1	2	1	5	4
AT2G17280	3	2	5	7	6
AT2G17290	8	5	2	8	6
AT2G17300	3	4	5	5	5
AT2G17320	13	16	4	7	7
AT2G17340	27	45	46	55	67
AT2G17350	18	16	21	18	13
AT2G17360	367	413	239	273	311
AT2G17370	5	0	3	4	3
AT2G17380	51	52	18	38	38
AT2G17390	69	59	47	66	64
AT2G17410	22	23	15	16	29
AT2G17420	54	44	26	48	56
AT2G17430	0	1	0	1	1
AT2G17440	5	10	0	9	24
AT2G17442	3	2	3	5	7
AT2G17450	39	44	30	34	38
AT2G17480	9	6	11	4	9
AT2G17500	2	1	2	3	3
AT2G17510	20	13	12	19	32
AT2G17520	8	19	10	26	18
AT2G17525	0	0	0	0	1
AT2G17530	6	7	11	7	3
AT2G17540	12	17	6	18	10
AT2G17550	8	3	5	8	4
AT2G17560	58	72	37	50	66
AT2G17570	7	5	3	6	8
AT2G17580	5	9	7	4	1
AT2G17620	0	8	1	1	2
AT2G17630	7	7	7	4	9
AT2G17640	5	5	9	6	6
AT2G17650	0	1	4	0	3
AT2G17670	3	9	2	12	10
AT2G17690	0	3	0	1	1
AT2G17695	46	43	25	17	27
AT2G17700	8	8	2	9	16
AT2G17705	7	9	17	20	23
AT2G17710	8	5	9	6	3
AT2G17720	16	21	15	20	22
AT2G17730	12	9	1	16	14
AT2G17760	6	3	5	5	8
AT2G17770	0	0	2	0	0
AT2G17780	13	7	15	15	22
AT2G17787	1	5	3	1	4
AT2G17790	19	23	16	28	20
AT2G17800	21	30	22	21	17
AT2G17820	10	13	9	12	15
AT2G17830	3	2	0	10	5
AT2G17840	31	21	21	23	43
AT2G17870	29	27	20	10	42
AT2G17880	16	20	5	6	14
AT2G17900	5	4	1	3	1
AT2G17920	0	0	0	1	0
AT2G17930	12	18	16	17	34
AT2G17970	5	4	3	4	3
AT2G17972	41	39	16	27	23
AT2G17975	15	18	12	16	15
AT2G17980	17	20	15	17	26
AT2G17990	19	17	10	16	20
AT2G18000	0	0	0	0	1
AT2G18020	887	1033	545	655	746
AT2G18030	19	14	10	14	8
AT2G18040	99	105	82	121	132
AT2G18050	1	0	0	0	2
AT2G18060	1	0	0	0	0
AT2G18090	4	11	2	4	14
AT2G18100	0	0	0	1	0
AT2G18110	77	96	77	85	98
AT2G18120	0	2	0	1	0
AT2G18160	46	63	41	41	44
AT2G18162	46	63	41	41	44
AT2G18170	15	13	8	9	13
AT2G18180	0	3	1	0	0
AT2G18190	0	0	0	1	0
AT2G18193	0	0	7	10	21
AT2G18196	1	3	1	0	1
AT2G18210	0	0	1	2	0
AT2G18220	8	9	6	7	8
AT2G18230	9	14	14	19	19
AT2G18240	10	12	8	5	10
AT2G18245	4	3	4	7	4
AT2G18250	5	7	6	12	5
AT2G18260	0	1	1	2	4
AT2G18280	52	39	35	54	53
AT2G18290	32	42	19	31	28
AT2G18300	73	68	48	73	85
AT2G18328	17	23	8	12	8
AT2G18330	11	10	5	13	16
AT2G18340	0	1	1	0	0
AT2G18350	1	2	1	4	3
AT2G18370	0	0	1	0	0
AT2G18380	0	1	0	0	0
AT2G18390	19	18	12	19	18
AT2G18400	25	27	31	45	48
AT2G18410	1	7	5	8	9
AT2G18440	64	69	86	86	100
AT2G18450	0	0	1	0	1
AT2G18460	0	1	0	0	0
AT2G18465	2	11	4	9	9
AT2G18480	1	0	0	0	0
AT2G18510	26	39	19	24	47
AT2G18520	9	10	3	1	7
AT2G18560	15	2	5	2	2
AT2G18570	7	4	1	1	5
AT2G18600	1	2	2	0	8
AT2G18630	11	20	4	10	13
AT2G18650	0	1	2	0	0
AT2G18660	58	35	41	43	63
AT2G18670	8	10	8	11	15
AT2G18680	0	0	5	3	0
AT2G18690	19	16	28	29	19
AT2G18700	11	18	18	20	18
AT2G18710	61	62	44	64	66
AT2G18730	17	25	25	17	24
AT2G18735	6	5	7	5	10
AT2G18740	56	47	62	71	80
AT2G18750	25	24	15	16	14
AT2G18760	0	0	0	2	0
AT2G18770	23	16	17	9	22
AT2G18780	0	0	1	1	1
AT2G18790	7	12	8	23	8
AT2G18840	8	11	10	5	15
AT2G18850	5	6	9	7	9
AT2G18860	8	9	4	11	5
AT2G18870	1	0	0	0	0
AT2G18876	5	12	6	8	3
AT2G18880	2	7	3	6	4
AT2G18890	10	12	7	8	4
AT2G18900	15	12	10	12	16
AT2G18910	21	9	12	17	34
AT2G18915	7	7	4	4	9
AT2G18938	1	1	0	0	1
AT2G18940	10	18	8	8	15
AT2G18950	28	26	13	24	17
AT2G18960	170	217	144	198	243
AT2G18969	3	5	1	0	1
AT2G18970	2	4	1	0	1
AT2G18990	20	24	6	16	10
AT2G19060	0	0	0	0	1
AT2G19070	0	0	0	0	1
AT2G19080	17	7	14	12	15
AT2G19090	0	2	1	1	2
AT2G19110	2	7	3	3	3
AT2G19130	4	5	7	14	12
AT2G19160	7	9	5	2	6
AT2G19170	11	8	1	4	6
AT2G19180	18	13	22	31	24
AT2G19190	0	0	1	2	1
AT2G19260	4	6	6	2	2
AT2G19270	8	25	8	3	13
AT2G19280	1	2	3	1	0
AT2G19290	0	0	1	0	0
AT2G19310	16	33	40	42	51
AT2G19330	0	2	1	3	2
AT2G19340	5	9	11	13	13
AT2G19350	5	3	11	16	14
AT2G19380	0	0	0	0	2
AT2G19385	11	13	3	14	19
AT2G19390	0	3	1	0	4
AT2G19400	5	4	2	1	3
AT2G19430	13	10	17	27	17
AT2G19450	5	10	8	8	14
AT2G19460	10	28	15	11	17
AT2G19470	16	20	17	26	27
AT2G19480	89	127	90	136	147
AT2G19490	3	5	1	1	7
AT2G19520	36	37	24	15	26
AT2G19530	1	2	2	0	4
AT2G19540	27	38	53	76	79
AT2G19550	0	3	2	1	1
AT2G19560	11	1	4	3	9
AT2G19570	10	8	7	9	13
AT2G19572	3	2	3	2	5
AT2G19580	1	3	1	0	3
AT2G19582	0	2	0	0	0
AT2G19590	1	4	2	2	0
AT2G19600	10	17	5	2	13
AT2G19620	12	11	7	11	14
AT2G19630	0	1	0	0	0
AT2G19640	0	2	1	1	3
AT2G19650	4	2	5	7	11
AT2G19660	1	0	0	0	0
AT2G19670	11	20	25	16	28
AT2G19680	25	28	35	29	30
AT2G19690	3	2	4	5	8
AT2G19710	2	6	8	10	11
AT2G19720	12	16	7	5	8
AT2G19730	451	546	293	298	443
AT2G19740	146	147	112	137	159
AT2G19750	128	194	122	149	202
AT2G19760	134	145	98	111	146
AT2G19780	9	7	4	2	5
AT2G19790	48	46	49	43	57
AT2G19800	7	5	0	0	0
AT2G19810	17	13	9	11	15
AT2G19830	27	30	18	24	37
AT2G19860	10	10	4	4	10
AT2G19870	26	17	15	10	20
AT2G19880	5	12	7	10	11
AT2G19910	1	0	1	0	0
AT2G19920	0	1	0	0	0
AT2G19930	2	0	1	0	0
AT2G19940	27	30	19	15	20
AT2G19950	20	12	7	9	19
AT2G19960	0	0	0	1	0
AT2G19970	0	0	1	0	0
AT2G19980	0	0	1	0	1
AT2G19990	0	1	1	0	0
AT2G20000	10	6	14	16	11
AT2G20010	4	2	4	16	7
AT2G20020	16	18	6	7	7
AT2G20050	15	20	20	18	17
AT2G20060	31	45	24	27	52
AT2G20100	10	12	3	1	8
AT2G20110	1	3	4	3	4
AT2G20120	24	20	10	15	32
AT2G20130	2	6	7	2	6
AT2G20140	27	14	14	24	28
AT2G20142	4	3	9	6	11
AT2G20150	0	3	2	2	1
AT2G20170	9	10	6	9	10
AT2G20180	12	10	9	7	11
AT2G20190	33	26	9	23	10
AT2G20210	3	5	3	3	0
AT2G20230	150	149	67	94	96
AT2G20240	2	8	10	6	1
AT2G20250	2	1	1	5	1
AT2G20260	1224	1092	403	329	457
AT2G20270	57	67	25	28	38
AT2G20280	25	17	10	21	23
AT2G20290	1	2	3	1	3
AT2G20300	11	11	1	3	4
AT2G20310	8	4	2	5	9
AT2G20320	3	3	6	3	4
AT2G20330	8	27	22	33	22
AT2G20340	3	6	12	11	2
AT2G20360	66	62	65	54	70
AT2G20362	5	0	1	0	0
AT2G20370	16	22	6	14	13
AT2G20390	20	17	9	25	18
AT2G20400	1	2	0	3	5
AT2G20410	6	3	2	6	9
AT2G20420	85	80	78	74	99
AT2G20440	0	1	3	0	0
AT2G20450	71	123	62	66	98
AT2G20480	6	4	4	2	7
AT2G20490	150	177	190	174	220
AT2G20495	3	5	2	12	7
AT2G20500	9	2	4	12	12
AT2G20515	1	1	0	0	0
AT2G20530	47	75	37	36	71
AT2G20540	0	1	0	0	0
AT2G20550	8	10	2	4	2
AT2G20560	2	2	5	3	13
AT2G20562	4	4	2	5	2
AT2G20570	65	46	17	34	38
AT2G20580	33	44	59	68	97
AT2G20585	24	34	39	30	50
AT2G20590	5	3	2	5	2
AT2G20610	80	80	55	73	64
AT2G20630	83	71	46	61	64
AT2G20635	3	3	4	2	3
AT2G20650	9	3	4	4	7
AT2G20670	20	11	13	17	16
AT2G20680	5	3	5	4	6
AT2G20690	37	33	19	22	36
AT2G20700	0	2	0	1	0
AT2G20710	3	4	0	1	8
AT2G20720	0	2	1	1	4
AT2G20721	1	0	0	0	0
AT2G20722	1	2	1	1	4
AT2G20723	0	1	0	5	1
AT2G20725	62	42	22	20	14
AT2G20740	19	18	15	30	20
AT2G20750	2	4	0	1	1
AT2G20760	61	60	49	42	52
AT2G20770	2	2	0	0	1
AT2G20780	12	12	16	15	17
AT2G20790	26	15	12	21	22
AT2G20810	10	12	5	9	20
AT2G20815	13	22	8	10	24
AT2G20820	210	221	158	194	243
AT2G20830	23	30	21	28	31
AT2G20835	2	5	1	2	2
AT2G20840	9	8	7	7	13
AT2G20850	11	13	8	17	17
AT2G20860	73	83	36	57	77
AT2G20870	18	93	26	19	43
AT2G20875	9	4	1	6	4
AT2G20880	2	1	1	1	0
AT2G20890	276	264	121	128	140
AT2G20900	2	13	5	9	11
AT2G20920	90	65	40	40	38
AT2G20930	51	54	42	59	58
AT2G20940	10	13	16	17	15
AT2G20950	9	9	7	5	5
AT2G20960	31	21	41	22	42
AT2G20980	1	4	1	5	3
AT2G20990	149	143	78	99	120
AT2G21010	1	0	0	0	0
AT2G21050	17	10	6	6	5
AT2G21060	22	37	35	20	31
AT2G21070	5	3	5	2	3
AT2G21080	0	9	6	1	8
AT2G21090	2	5	0	0	2
AT2G21120	18	23	14	12	18
AT2G21130	18	17	19	16	16
AT2G21140	44	44	21	13	21
AT2G21150	13	8	9	3	18
AT2G21160	114	122	81	84	96
AT2G21170	221	279	88	102	122
AT2G21180	3	7	3	2	6
AT2G21185	19	15	8	21	23
AT2G21187	20	16	13	22	26
AT2G21188	8	6	3	3	10
AT2G21190	13	21	23	29	38
AT2G21195	19	27	14	31	29
AT2G21200	1	0	2	1	1
AT2G21210	55	43	125	102	126
AT2G21220	2	0	3	3	4
AT2G21230	8	20	7	19	17
AT2G21240	35	46	25	38	26
AT2G21250	120	118	101	124	138
AT2G21270	29	28	35	41	52
AT2G21280	40	52	17	21	27
AT2G21290	65	28	51	28	50
AT2G21300	11	16	5	15	22
AT2G21320	15	12	20	18	24
AT2G21330	435	515	252	301	440
AT2G21340	34	44	14	27	20
AT2G21350	0	0	1	0	1
AT2G21370	58	33	21	20	38
AT2G21380	41	37	23	32	37
AT2G21385	36	56	13	23	37
AT2G21390	55	56	48	73	84
AT2G21410	15	26	7	8	18
AT2G21430	2	1	2	2	0
AT2G21440	23	19	14	14	15
AT2G21470	15	12	9	7	23
AT2G21500	2	3	2	8	2
AT2G21510	0	1	1	0	0
AT2G21520	55	30	38	52	53
AT2G21530	78	107	47	65	63
AT2G21540	5	9	7	5	11
AT2G21550	1	2	1	0	1
AT2G21560	6	10	2	3	3
AT2G21580	253	287	161	151	219
AT2G21590	1	16	7	5	4
AT2G21600	45	21	28	27	35
AT2G21620	50	49	24	23	28
AT2G21630	1	5	9	3	4
AT2G21640	8	5	46	53	78
AT2G21650	2	3	2	1	6
AT2G21660	2458	2072	2425	2831	2527
AT2G21710	6	3	3	8	5
AT2G21770	0	1	0	0	0
AT2G21780	0	0	1	0	0
AT2G21790	29	52	23	41	64
AT2G21800	1	1	0	0	0
AT2G21820	1	0	0	0	0
AT2G21830	1	10	1	3	4
AT2G21850	5	6	5	3	3
AT2G21860	34	38	14	17	19
AT2G21870	236	245	139	213	249
AT2G21880	7	2	4	2	7
AT2G21890	0	1	0	0	0
AT2G21910	0	1	0	0	0
AT2G21930	0	0	0	1	0
AT2G21940	3	4	2	4	6
AT2G21950	27	27	14	26	19
AT2G21960	75	95	39	47	48
AT2G21970	44	33	38	30	44
AT2G22000	1	2	0	3	6
AT2G22010	12	5	1	13	14
AT2G22080	7	22	7	13	12
AT2G22088	1	0	0	1	0
AT2G22090	4	9	1	7	4
AT2G22100	2	8	7	10	8
AT2G22120	13	4	6	10	10
AT2G22122	1	1	0	1	4
AT2G22125	32	21	15	21	25
AT2G22140	0	3	0	0	1
AT2G22170	150	141	68	80	92
AT2G22190	5	2	1	1	10
AT2G22200	0	1	2	1	0
AT2G22230	55	44	16	18	23
AT2G22240	20	19	9	9	21
AT2G22250	16	14	13	15	15
AT2G22260	0	6	4	5	1
AT2G22270	0	4	2	4	6
AT2G22290	2	0	0	0	0
AT2G22300	29	15	31	20	32
AT2G22310	2	4	11	4	9
AT2G22330	9	13	3	10	17
AT2G22360	23	26	7	9	14
AT2G22370	21	9	1	7	11
AT2G22400	26	38	28	25	41
AT2G22410	0	0	2	0	5
AT2G22420	2	8	1	4	1
AT2G22425	89	105	80	85	107
AT2G22430	88	91	77	89	98
AT2G22450	32	25	9	14	23
AT2G22470	13	6	1	5	1
AT2G22475	12	8	14	14	14
AT2G22480	16	9	14	19	25
AT2G22482	0	4	0	4	0
AT2G22490	3	6	5	10	6
AT2G22496	1	0	0	0	0
AT2G22500	18	18	43	32	70
AT2G22530	1	6	2	6	2
AT2G22540	81	71	68	60	67
AT2G22560	2	0	0	1	2
AT2G22570	8	14	12	12	8
AT2G22590	0	0	0	0	2
AT2G22600	0	0	0	2	0
AT2G22610	9	11	5	2	7
AT2G22620	1	3	3	2	2
AT2G22640	16	15	5	14	13
AT2G22650	11	12	4	3	20
AT2G22660	52	38	32	34	39
AT2G22670	125	174	84	116	133
AT2G22680	0	1	3	0	1
AT2G22690	4	6	5	12	11
AT2G22720	16	25	7	11	16
AT2G22730	2	5	4	6	5
AT2G22740	9	8	9	10	12
AT2G22770	0	1	2	0	1
AT2G22780	35	23	12	26	27
AT2G22790	1	0	0	0	1
AT2G22795	44	40	33	24	40
AT2G22800	0	0	0	4	2
AT2G22810	1	0	0	1	3
AT2G22821	4	5	0	0	2
AT2G22830	8	12	2	11	10
AT2G22840	12	13	5	6	9
AT2G22850	3	4	7	5	5
AT2G22860	4	1	2	4	7
AT2G22870	24	23	13	15	17
AT2G22880	1	0	3	2	5
AT2G22890	3	2	0	1	0
AT2G22900	12	8	4	6	10
AT2G22905	0	0	0	1	0
AT2G22910	8	11	4	6	13
AT2G22920	0	1	0	0	0
AT2G22930	0	0	0	0	1
AT2G22970	29	19	13	22	22
AT2G22980	59	55	46	57	63
AT2G22990	314	307	194	248	317
AT2G23000	6	15	16	11	17
AT2G23010	2	2	0	6	9
AT2G23030	1	0	0	1	0
AT2G23040	1	6	7	8	9
AT2G23050	0	0	0	2	0
AT2G23060	0	0	0	0	1
AT2G23070	49	44	35	47	48
AT2G23080	25	16	21	20	25
AT2G23090	261	303	245	274	337
AT2G23093	2	1	2	3	2
AT2G23100	1	2	2	1	2
AT2G23120	176	157	180	214	293
AT2G23130	38	30	9	22	20
AT2G23140	13	5	4	5	11
AT2G23150	18	17	2	5	11
AT2G23170	4	6	0	1	2
AT2G23180	0	2	6	5	1
AT2G23200	9	10	14	15	16
AT2G23290	12	6	13	8	13
AT2G23300	0	0	0	0	1
AT2G23310	23	26	23	30	37
AT2G23320	18	20	20	22	37
AT2G23340	9	6	1	3	4
AT2G23348	2	4	2	5	0
AT2G23350	61	81	62	36	80
AT2G23360	2	3	1	5	0
AT2G23370	12	10	19	13	11
AT2G23380	2	9	3	8	3
AT2G23390	30	25	15	23	34
AT2G23420	13	12	19	17	17
AT2G23430	1	7	8	5	7
AT2G23450	5	11	11	21	21
AT2G23460	24	16	19	25	32
AT2G23470	4	12	11	5	7
AT2G23520	7	7	1	5	4
AT2G23530	1	0	0	0	0
AT2G23540	0	0	0	0	1
AT2G23560	3	2	3	2	5
AT2G23590	1	0	2	0	0
AT2G23600	86	74	65	120	165
AT2G23610	24	28	39	39	50
AT2G23620	0	1	1	0	0
AT2G23670	170	201	62	64	67
AT2G23672	105	145	41	37	47
AT2G23680	8	5	7	7	7
AT2G23690	0	0	2	1	0
AT2G23700	2	4	2	1	5
AT2G23740	10	10	7	14	16
AT2G23755	11	8	7	13	17
AT2G23760	16	22	12	23	25
AT2G23770	0	1	0	1	5
AT2G23780	16	18	13	16	23
AT2G23790	3	5	3	4	5
AT2G23810	35	31	45	58	92
AT2G23820	29	24	20	8	19
AT2G23834	0	1	0	0	0
AT2G23840	21	23	10	23	28
AT2G23890	10	8	10	9	12
AT2G23910	0	1	1	2	3
AT2G23930	158	183	140	147	175
AT2G23940	15	18	8	14	10
AT2G23950	3	13	1	2	11
AT2G23980	8	4	3	7	13
AT2G23985	6	6	5	13	9
AT2G24020	112	112	36	47	51
AT2G24030	1	0	0	0	0
AT2G24040	4	3	12	4	11
AT2G24050	22	23	13	31	23
AT2G24060	106	112	54	45	55
AT2G24070	0	1	0	2	0
AT2G24090	392	374	136	164	215
AT2G24100	5	1	4	1	3
AT2G24120	32	41	21	23	30
AT2G24140	1	1	0	0	0
AT2G24150	25	50	13	20	24
AT2G24170	7	7	6	4	9
AT2G24180	25	19	20	18	30
AT2G24190	0	1	0	9	4
AT2G24200	148	144	102	106	116
AT2G24210	1	1	0	0	0
AT2G24220	6	7	4	5	3
AT2G24230	5	5	1	4	10
AT2G24240	7	1	5	3	1
AT2G24250	0	0	0	6	9
AT2G24255	0	0	2	1	2
AT2G24270	106	118	75	99	125
AT2G24280	15	19	22	25	25
AT2G24285	0	0	1	0	0
AT2G24290	14	13	9	13	7
AT2G24300	1	2	0	0	0
AT2G24330	3	12	9	16	14
AT2G24350	3	3	8	2	7
AT2G24360	21	27	18	33	25
AT2G24390	19	13	3	3	18
AT2G24395	23	23	11	19	19
AT2G24420	37	36	34	48	53
AT2G24430	0	0	1	0	0
AT2G24440	5	7	0	7	7
AT2G24450	0	0	0	1	0
AT2G24490	15	12	7	10	14
AT2G24500	21	27	28	33	48
AT2G24520	3	7	5	5	6
AT2G24530	0	2	0	2	0
AT2G24540	1	1	2	1	3
AT2G24545	1	0	2	0	2
AT2G24550	26	9	31	26	27
AT2G24570	2	8	4	3	4
AT2G24580	4	8	5	7	10
AT2G24590	19	17	10	11	35
AT2G24592	1	2	0	3	2
AT2G24600	11	4	8	22	28
AT2G24610	0	0	2	0	0
AT2G24630	5	6	3	1	1
AT2G24640	6	6	2	5	8
AT2G24645	13	14	6	2	12
AT2G24650	4	6	1	6	2
AT2G24680	0	1	0	0	0
AT2G24690	2	3	4	6	6
AT2G24692	2	3	2	1	2
AT2G24700	1	4	0	0	0
AT2G24755	13	8	6	9	11
AT2G24762	13	13	4	6	3
AT2G24765	27	45	26	27	29
AT2G24790	96	112	78	72	137
AT2G24820	60	45	34	25	32
AT2G24830	17	8	2	13	16
AT2G24850	36	23	17	18	22
AT2G24860	38	20	9	12	15
AT2G24870	0	1	0	0	0
AT2G24940	315	330	264	303	340
AT2G24945	315	330	264	303	340
AT2G24960	1	3	1	0	2
AT2G24970	10	15	8	5	18
AT2G24990	5	6	10	3	6
AT2G25000	3	5	3	10	3
AT2G25010	9	6	7	3	4
AT2G25050	3	8	5	13	7
AT2G25060	70	81	40	31	51
AT2G25070	18	33	19	30	46
AT2G25080	197	212	52	78	122
AT2G25090	0	0	0	1	0
AT2G25100	20	4	2	6	6
AT2G25110	35	51	20	33	60
AT2G25130	1	1	0	2	2
AT2G25140	3	4	5	0	6
AT2G25150	0	0	1	0	0
AT2G25170	40	44	20	31	35
AT2G25180	7	5	10	8	8
AT2G25190	8	13	18	18	12
AT2G25200	4	5	4	15	11
AT2G25210	343	408	267	255	437
AT2G25220	3	4	6	2	2
AT2G25240	2	0	0	0	0
AT2G25250	21	28	20	36	54
AT2G25260	0	2	2	0	3
AT2G25270	13	10	8	7	17
AT2G25280	24	9	15	8	26
AT2G25300	3	2	3	2	2
AT2G25310	22	25	15	17	28
AT2G25320	5	6	7	9	7
AT2G25350	0	1	2	2	3
AT2G25355	1	5	4	5	9
AT2G25420	10	7	6	4	7
AT2G25430	44	39	27	36	28
AT2G25440	0	0	1	1	0
AT2G25450	46	49	66	82	103
AT2G25460	0	0	1	0	1
AT2G25480	8	15	6	5	19
AT2G25490	19	22	11	12	19
AT2G25500	0	0	0	2	0
AT2G25510	3019	2179	2468	2879	3245
AT2G25520	68	51	43	48	45
AT2G25530	1	0	3	1	0
AT2G25560	0	4	3	12	7
AT2G25570	8	7	9	7	16
AT2G25580	0	5	4	4	5
AT2G25590	13	9	13	12	13
AT2G25605	7	14	7	7	8
AT2G25610	44	48	42	45	49
AT2G25620	1	4	4	7	7
AT2G25625	2	3	0	1	1
AT2G25640	1	1	1	1	4
AT2G25650	7	6	4	12	13
AT2G25660	15	7	2	7	9
AT2G25670	45	58	36	53	47
AT2G25680	0	0	0	2	3
AT2G25690	2	1	1	1	2
AT2G25710	8	11	13	10	4
AT2G25720	23	26	11	12	14
AT2G25730	18	14	24	12	25
AT2G25735	8	1	15	10	16
AT2G25737	6	3	5	3	2
AT2G25740	4	10	3	8	4
AT2G25760	11	15	18	28	30
AT2G25780	0	0	0	0	1
AT2G25790	0	3	2	0	5
AT2G25800	17	17	10	6	13
AT2G25810	2	2	1	0	1
AT2G25820	0	0	2	1	0
AT2G25830	48	35	29	31	27
AT2G25840	38	33	25	33	46
AT2G25850	17	18	8	19	9
AT2G25870	52	56	18	35	37
AT2G25880	6	15	5	7	7
AT2G25900	54	57	28	20	32
AT2G25910	15	27	29	32	52
AT2G25920	13	13	14	9	23
AT2G25930	16	23	13	23	23
AT2G25940	1	0	0	0	0
AT2G25950	28	16	12	8	23
AT2G25964	1	12	8	10	10
AT2G25970	95	96	73	93	103
AT2G26000	2	4	4	5	4
AT2G26010	2	0	44	49	56
AT2G26020	2	1	3	14	8
AT2G26030	11	8	3	3	9
AT2G26040	1	1	1	1	1
AT2G26060	7	22	15	14	18
AT2G26070	9	13	7	5	14
AT2G26080	172	151	99	107	150
AT2G26100	16	8	14	10	15
AT2G26110	20	21	16	10	16
AT2G26140	55	46	31	35	40
AT2G26150	0	0	0	0	3
AT2G26170	6	5	7	5	12
AT2G26180	1	4	4	2	3
AT2G26190	19	15	29	40	41
AT2G26200	10	5	7	6	9
AT2G26210	23	15	18	18	20
AT2G26211	0	0	0	0	1
AT2G26230	16	14	20	18	25
AT2G26240	49	43	55	35	61
AT2G26250	171	155	92	123	134
AT2G26260	4	5	6	10	7
AT2G26270	2	4	2	1	5
AT2G26280	31	38	20	33	26
AT2G26300	12	12	13	14	25
AT2G26310	0	1	0	0	1
AT2G26330	35	44	18	23	33
AT2G26340	56	64	42	41	45
AT2G26350	8	3	6	7	2
AT2G26355	9	10	10	24	17
AT2G26360	3	2	4	0	9
AT2G26400	7	13	15	13	8
AT2G26430	24	26	21	28	29
AT2G26440	20	17	14	10	22
AT2G26460	6	16	8	8	16
AT2G26470	2	4	1	3	9
AT2G26500	1384	1394	948	933	1218
AT2G26510	30	14	18	21	21
AT2G26520	1	5	2	0	2
AT2G26530	12	9	26	11	15
AT2G26540	23	33	13	12	18
AT2G26550	17	32	13	8	11
AT2G26560	20	17	52	47	49
AT2G26570	19	19	12	17	9
AT2G26580	11	26	38	33	36
AT2G26590	17	40	31	36	30
AT2G26600	17	13	20	23	14
AT2G26640	12	22	4	5	5
AT2G26650	6	0	0	0	0
AT2G26660	9	20	5	14	9
AT2G26670	72	69	21	39	32
AT2G26680	15	15	4	9	19
AT2G26690	36	29	19	32	27
AT2G26695	1	7	1	2	1
AT2G26700	0	2	0	0	0
AT2G26710	0	2	0	1	1
AT2G26730	19	36	12	23	25
AT2G26740	18	38	46	32	48
AT2G26750	0	0	1	1	0
AT2G26760	6	2	0	3	3
AT2G26770	22	21	13	23	13
AT2G26780	13	18	10	13	15
AT2G26800	12	14	16	12	19
AT2G26810	10	6	6	11	13
AT2G26830	13	9	15	10	8
AT2G26840	10	9	8	7	4
AT2G26860	7	0	4	4	10
AT2G26870	5	2	2	1	2
AT2G26890	7	18	13	12	13
AT2G26900	180	183	93	100	99
AT2G26910	42	53	22	29	57
AT2G26920	11	12	11	14	13
AT2G26930	32	26	18	19	15
AT2G26970	8	5	13	8	14
AT2G26975	33	34	28	34	44
AT2G26980	25	22	14	6	20
AT2G26990	29	39	38	29	51
AT2G27020	82	95	76	79	100
AT2G27030	107	127	120	119	184
AT2G27035	2	0	0	0	0
AT2G27040	22	23	17	25	22
AT2G27050	44	40	22	14	37
AT2G27060	20	20	10	19	18
AT2G27080	1	0	7	2	15
AT2G27090	6	2	4	3	3
AT2G27100	14	15	24	14	20
AT2G27110	9	9	7	10	11
AT2G27130	14	19	9	12	11
AT2G27140	14	8	7	4	2
AT2G27150	9	8	9	19	10
AT2G27170	15	16	13	17	38
AT2G27180	0	0	0	0	1
AT2G27190	9	9	11	12	10
AT2G27200	4	3	7	7	10
AT2G27210	5	11	10	5	5
AT2G27220	2	0	1	1	1
AT2G27228	11	18	10	8	15
AT2G27230	11	18	10	8	15
AT2G27260	13	12	6	6	12
AT2G27285	5	20	8	8	7
AT2G27290	87	85	36	50	64
AT2G27310	3	2	3	13	7
AT2G27330	13	8	15	17	6
AT2G27340	3	3	6	3	3
AT2G27350	29	39	21	28	32
AT2G27360	8	10	3	4	7
AT2G27385	249	275	200	214	315
AT2G27389	1	0	0	0	2
AT2G27400	17	12	22	18	15
AT2G27402	39	41	23	30	33
AT2G27420	1	2	2	0	1
AT2G27450	25	36	23	16	38
AT2G27460	10	6	14	16	19
AT2G27470	11	14	4	11	17
AT2G27480	3	3	2	9	8
AT2G27490	7	8	13	11	6
AT2G27500	3	3	11	10	11
AT2G27505	0	0	0	1	0
AT2G27510	27	40	23	27	22
AT2G27520	1	0	0	0	0
AT2G27530	366	386	245	302	367
AT2G27580	32	31	27	25	21
AT2G27590	4	6	4	11	6
AT2G27600	73	79	64	89	93
AT2G27610	0	2	3	0	3
AT2G27630	0	0	0	0	1
AT2G27660	0	0	1	1	4
AT2G27680	99	95	30	39	40
AT2G27690	2	0	1	0	1
AT2G27710	319	440	218	242	322
AT2G27720	369	425	236	234	309
AT2G27730	75	74	77	97	103
AT2G27740	2	4	0	0	0
AT2G27760	2	0	4	6	2
AT2G27770	4	2	1	5	9
AT2G27775	19	17	17	14	18
AT2G27790	1	0	2	3	1
AT2G27800	3	2	1	1	1
AT2G27810	16	15	9	3	8
AT2G27820	30	20	11	11	22
AT2G27830	4	1	1	6	6
AT2G27840	20	31	12	17	23
AT2G27860	79	80	65	66	56
AT2G27900	27	21	27	29	27
AT2G27920	22	10	28	26	24
AT2G27930	0	1	0	1	0
AT2G27950	25	14	9	20	14
AT2G27960	102	91	80	88	105
AT2G27970	61	46	25	27	37
AT2G27980	4	7	7	2	10
AT2G27990	3	0	1	0	0
AT2G28000	301	426	172	195	229
AT2G28040	1	1	0	0	0
AT2G28056	6	3	1	0	1
AT2G28060	8	9	21	22	21
AT2G28070	7	2	4	6	7
AT2G28080	9	10	5	8	14
AT2G28085	3	1	1	4	2
AT2G28100	9	6	5	5	4
AT2G28105	19	7	9	8	14
AT2G28110	1	0	0	2	0
AT2G28120	4	0	4	1	1
AT2G28130	2	8	8	4	6
AT2G28140	0	5	2	8	7
AT2G28150	11	8	4	7	7
AT2G28160	2	1	6	0	0
AT2G28190	681	870	626	678	892
AT2G28200	1	4	0	0	2
AT2G28210	0	2	0	1	2
AT2G28220	1	0	0	0	0
AT2G28230	18	13	15	18	12
AT2G28240	0	3	2	3	3
AT2G28250	3	0	4	4	2
AT2G28260	0	4	0	8	3
AT2G28290	29	47	19	21	39
AT2G28305	12	12	9	13	18
AT2G28310	17	6	6	8	7
AT2G28315	2	2	1	4	1
AT2G28320	9	10	6	8	7
AT2G28330	4	3	5	2	5
AT2G28340	0	2	0	0	0
AT2G28350	1	4	0	0	3
AT2G28360	3	1	7	3	4
AT2G28370	21	31	10	22	21
AT2G28380	21	29	20	16	18
AT2G28390	10	16	20	16	13
AT2G28400	3	1	7	4	4
AT2G28410	25	34	13	13	32
AT2G28420	0	0	1	2	1
AT2G28426	0	0	0	1	1
AT2G28430	39	45	59	51	49
AT2G28440	0	0	0	0	3
AT2G28450	12	15	13	11	27
AT2G28460	1	1	1	1	1
AT2G28470	55	72	21	33	45
AT2G28480	1	8	0	3	5
AT2G28500	0	0	1	2	3
AT2G28510	4	6	10	2	6
AT2G28520	8	4	1	3	3
AT2G28540	11	11	13	17	21
AT2G28550	13	18	6	4	11
AT2G28560	1	1	0	0	0
AT2G28570	0	1	1	1	1
AT2G28580	1	0	0	0	2
AT2G28590	2	3	3	4	2
AT2G28600	14	17	18	19	24
AT2G28605	30	18	17	29	24
AT2G28620	3	5	1	2	2
AT2G28630	6	6	11	8	12
AT2G28660	6	7	1	8	7
AT2G28670	2	3	2	2	4
AT2G28671	4	3	2	2	5
AT2G28710	1	1	1	1	0
AT2G28720	65	66	76	94	108
AT2G28740	114	128	40	52	76
AT2G28760	8	5	5	4	6
AT2G28790	70	132	60	56	58
AT2G28800	277	265	96	95	115
AT2G28810	25	12	13	15	17
AT2G28830	7	1	5	8	4
AT2G28840	65	64	57	53	67
AT2G28870	10	3	3	8	5
AT2G28880	7	1	1	10	2
AT2G28890	21	16	15	13	11
AT2G28900	279	257	147	149	226
AT2G28910	114	118	77	100	122
AT2G28930	18	11	8	7	14
AT2G28940	13	19	9	15	14
AT2G28950	109	115	63	78	72
AT2G29020	49	33	33	33	45
AT2G29050	5	5	5	8	6
AT2G29065	1	1	1	1	3
AT2G29070	1	2	3	11	10
AT2G29080	51	48	21	22	29
AT2G29090	3	1	4	2	3
AT2G29100	0	0	0	0	1
AT2G29110	1	0	1	3	3
AT2G29120	10	5	27	23	27
AT2G29125	1	3	0	1	3
AT2G29130	0	1	0	1	0
AT2G29140	27	18	21	26	23
AT2G29170	5	1	11	6	6
AT2G29180	70	69	30	45	69
AT2G29190	19	29	10	16	20
AT2G29200	9	10	8	11	5
AT2G29210	14	20	10	18	15
AT2G29260	1	2	0	3	4
AT2G29290	41	49	16	26	30
AT2G29300	1	3	1	3	0
AT2G29310	49	55	42	54	48
AT2G29320	24	27	19	23	19
AT2G29340	12	14	35	35	38
AT2G29350	9	5	10	14	25
AT2G29360	59	42	48	47	78
AT2G29390	17	14	9	19	18
AT2G29400	48	46	60	95	91
AT2G29410	1	0	3	0	2
AT2G29420	2	9	0	6	7
AT2G29440	0	0	3	0	3
AT2G29450	76	80	69	70	93
AT2G29460	1	0	3	0	0
AT2G29470	0	1	0	0	1
AT2G29480	0	0	2	0	0
AT2G29490	0	0	0	0	3
AT2G29500	0	4	3	4	11
AT2G29510	26	23	12	13	16
AT2G29525	4	1	3	5	2
AT2G29530	55	49	61	74	88
AT2G29540	14	15	9	17	26
AT2G29550	133	154	97	97	125
AT2G29560	21	22	15	14	26
AT2G29570	54	52	33	33	36
AT2G29580	8	12	6	18	14
AT2G29590	12	11	8	7	9
AT2G29620	1	0	0	0	0
AT2G29630	204	216	173	194	217
AT2G29640	4	2	2	2	0
AT2G29650	49	46	11	18	44
AT2G29660	4	5	0	1	0
AT2G29670	41	33	18	25	30
AT2G29680	4	3	0	4	3
AT2G29690	22	33	16	23	25
AT2G29700	53	40	22	44	58
AT2G29710	2	0	0	1	0
AT2G29720	5	9	5	8	4
AT2G29730	13	4	6	1	3
AT2G29740	0	0	2	0	0
AT2G29750	2	0	0	0	0
AT2G29760	6	8	5	2	8
AT2G29890	8	4	6	2	6
AT2G29900	9	2	0	2	6
AT2G29910	7	5	7	2	8
AT2G29940	1	2	1	0	3
AT2G29950	0	0	1	0	0
AT2G29960	50	60	44	55	51
AT2G29970	15	16	8	15	12
AT2G29980	86	71	61	59	92
AT2G29990	5	1	3	6	1
AT2G29995	5	7	6	4	2
AT2G30000	6	12	12	7	13
AT2G30010	49	40	33	38	46
AT2G30020	8	8	13	7	31
AT2G30040	3	2	5	8	4
AT2G30050	15	21	16	16	16
AT2G30060	27	29	39	44	31
AT2G30070	13	5	2	10	6
AT2G30080	0	3	0	0	0
AT2G30100	4	22	6	10	12
AT2G30105	9	7	7	14	15
AT2G30110	60	89	65	72	89
AT2G30120	0	0	1	4	6
AT2G30140	7	6	12	13	13
AT2G30150	10	9	12	8	8
AT2G30160	6	5	6	8	20
AT2G30170	37	58	30	31	39
AT2G30190	0	0	1	0	1
AT2G30200	47	65	22	18	35
AT2G30230	8	2	4	2	4
AT2G30250	18	11	20	36	37
AT2G30260	40	31	51	43	68
AT2G30270	9	8	15	12	15
AT2G30280	11	5	4	15	4
AT2G30320	8	14	1	9	9
AT2G30330	8	12	2	5	8
AT2G30350	14	7	3	4	5
AT2G30360	7	5	3	8	4
AT2G30362	2	1	0	1	2
AT2G30370	1	5	1	2	6
AT2G30390	45	33	33	28	44
AT2G30395	4	2	1	1	4
AT2G30400	0	0	0	1	0
AT2G30410	69	74	43	51	68
AT2G30420	13	11	7	4	5
AT2G30424	27	12	6	14	20
AT2G30432	5	7	3	1	4
AT2G30440	58	41	62	39	54
AT2G30460	9	7	6	2	7
AT2G30470	6	5	14	2	3
AT2G30480	2	1	0	2	1
AT2G30490	65	75	50	43	88
AT2G30500	13	25	17	21	25
AT2G30505	0	2	1	1	1
AT2G30520	56	64	32	34	43
AT2G30530	10	14	6	9	12
AT2G30540	3	4	4	0	5
AT2G30550	22	10	12	14	29
AT2G30560	0	2	0	0	0
AT2G30570	5559	5178	1130	1124	1573
AT2G30575	8	11	7	4	9
AT2G30580	8	1	8	5	9
AT2G30590	9	5	5	8	0
AT2G30600	76	57	18	25	22
AT2G30615	71	55	18	24	22
AT2G30620	97	122	78	67	107
AT2G30650	0	0	0	0	1
AT2G30690	0	0	0	0	1
AT2G30695	39	42	21	17	33
AT2G30700	13	16	11	15	12
AT2G30710	4	14	9	14	12
AT2G30720	2	10	4	6	7
AT2G30740	4	7	22	17	26
AT2G30750	2	0	2	0	0
AT2G30760	5	3	1	0	1
AT2G30766	97	59	21	8	52
AT2G30770	5	10	1	1	5
AT2G30780	7	4	2	7	5
AT2G30790	13	6	5	2	2
AT2G30800	7	6	5	8	8
AT2G30820	1	2	1	1	1
AT2G30830	3	4	4	1	0
AT2G30840	0	0	1	0	0
AT2G30860	775	650	696	787	757
AT2G30870	159	146	135	147	181
AT2G30880	9	6	7	5	12
AT2G30890	3	12	4	5	7
AT2G30900	5	11	3	5	4
AT2G30910	8	3	2	6	5
AT2G30920	7	7	6	5	5
AT2G30930	72	39	38	53	64
AT2G30933	0	4	4	2	1
AT2G30942	2	4	6	10	8
AT2G30945	2	1	0	2	0
AT2G30950	270	278	104	108	132
AT2G30960	0	5	2	5	4
AT2G30970	42	57	24	54	56
AT2G30980	49	54	45	46	56
AT2G30990	19	16	21	9	13
AT2G31010	7	12	4	6	8
AT2G31020	0	2	0	0	1
AT2G31035	0	1	0	0	0
AT2G31040	118	103	37	48	64
AT2G31060	19	17	20	35	27
AT2G31070	17	28	15	14	26
AT2G31090	21	26	19	31	30
AT2G31110	5	6	1	9	3
AT2G31130	2	2	3	6	5
AT2G31140	35	33	20	33	23
AT2G31141	9	8	2	7	5
AT2G31150	4	14	7	13	18
AT2G31160	0	4	3	1	2
AT2G31170	18	15	18	10	18
AT2G31190	13	14	11	19	20
AT2G31200	56	51	71	78	111
AT2G31220	2	0	0	0	0
AT2G31230	6	7	2	8	3
AT2G31240	7	11	10	9	12
AT2G31250	0	5	0	0	0
AT2G31260	5	3	3	7	2
AT2G31270	25	21	7	5	11
AT2G31280	8	19	3	10	12
AT2G31290	0	6	2	2	4
AT2G31300	2	6	3	6	8
AT2G31305	10	5	8	11	12
AT2G31320	2	3	2	7	8
AT2G31340	4	2	3	6	4
AT2G31350	14	12	9	14	11
AT2G31360	167	199	91	95	119
AT2G31370	32	32	27	27	36
AT2G31380	19	41	36	31	65
AT2G31390	22	14	18	12	21
AT2G31400	124	138	66	65	77
AT2G31410	42	38	24	39	47
AT2G31440	20	23	22	22	24
AT2G31450	5	13	2	13	7
AT2G31490	101	122	74	83	86
AT2G31510	32	28	60	62	52
AT2G31530	5	10	3	5	8
AT2G31560	8	13	26	32	30
AT2G31570	112	102	88	109	126
AT2G31580	6	5	4	5	6
AT2G31585	8	4	4	3	7
AT2G31600	2	3	3	2	1
AT2G31610	181	228	141	165	209
AT2G31650	4	7	4	1	4
AT2G31660	25	36	27	38	70
AT2G31670	52	57	31	33	47
AT2G31680	3	2	3	7	3
AT2G31710	11	8	12	15	23
AT2G31725	18	17	11	17	15
AT2G31730	12	7	3	13	12
AT2G31740	19	5	18	12	11
AT2G31750	16	7	7	8	8
AT2G31751	16	6	7	8	11
AT2G31790	29	41	28	42	39
AT2G31800	28	24	16	33	19
AT2G31810	44	69	22	29	33
AT2G31820	7	7	5	5	6
AT2G31830	7	1	3	3	1
AT2G31840	25	50	14	13	15
AT2G31865	5	7	18	30	14
AT2G31870	4	0	11	8	6
AT2G31880	125	75	191	303	251
AT2G31890	151	108	219	349	281
AT2G31900	2	0	1	2	1
AT2G31902	2	0	1	1	1
AT2G31910	0	1	0	2	0
AT2G31940	2	2	0	0	2
AT2G31945	1	0	1	0	1
AT2G31955	12	8	9	15	8
AT2G31960	11	26	12	18	20
AT2G31970	8	12	16	20	18
AT2G31980	0	2	0	0	1
AT2G31990	4	0	2	1	3
AT2G32000	5	7	6	4	7
AT2G32010	5	8	1	4	5
AT2G32020	0	4	2	0	0
AT2G32030	0	1	5	4	5
AT2G32040	37	30	12	22	27
AT2G32060	203	235	132	130	183
AT2G32070	19	20	20	13	26
AT2G32080	51	33	27	27	34
AT2G32090	42	34	37	35	66
AT2G32100	17	15	6	16	11
AT2G32120	2	4	0	2	3
AT2G32130	0	0	1	0	0
AT2G32140	1	1	5	4	0
AT2G32150	19	17	3	7	14
AT2G32160	42	21	32	48	43
AT2G32170	15	20	21	24	43
AT2G32179	55	87	40	41	56
AT2G32180	53	82	38	36	54
AT2G32190	4	3	3	7	2
AT2G32200	2	0	5	1	0
AT2G32210	0	0	3	6	10
AT2G32220	11	20	8	14	10
AT2G32230	71	112	32	56	53
AT2G32235	30	24	9	31	17
AT2G32240	29	23	10	28	19
AT2G32250	2	5	7	8	11
AT2G32260	23	18	19	24	31
AT2G32270	1	0	1	4	3
AT2G32280	10	8	8	9	5
AT2G32290	1	0	0	3	4
AT2G32295	4	7	9	9	7
AT2G32320	5	8	2	2	4
AT2G32340	2	3	5	3	4
AT2G32380	18	21	12	20	6
AT2G32390	0	2	2	4	2
AT2G32400	1	3	11	6	8
AT2G32410	3	4	1	10	12
AT2G32415	4	2	2	5	3
AT2G32430	1	4	0	2	1
AT2G32440	17	7	8	12	11
AT2G32450	6	8	9	1	3
AT2G32470	54	55	20	22	22
AT2G32480	58	65	22	22	19
AT2G32487	1	1	0	0	1
AT2G32500	36	42	25	32	36
AT2G32520	45	42	40	30	50
AT2G32530	2	0	2	1	8
AT2G32540	0	0	2	2	1
AT2G32550	0	1	0	0	0
AT2G32560	29	28	27	17	22
AT2G32580	66	54	42	29	39
AT2G32590	0	5	4	0	4
AT2G32600	25	26	18	21	23
AT2G32630	0	1	0	1	0
AT2G32640	12	24	9	10	25
AT2G32645	92	71	50	55	49
AT2G32650	101	77	57	59	57
AT2G32670	0	0	2	2	5
AT2G32680	42	28	54	67	64
AT2G32690	478	474	500	534	688
AT2G32700	39	25	30	29	21
AT2G32710	10	9	7	8	7
AT2G32720	35	44	16	26	33
AT2G32730	47	36	50	87	101
AT2G32760	6	8	6	8	4
AT2G32765	2	7	3	3	14
AT2G32770	2	2	0	0	3
AT2G32790	0	0	0	1	0
AT2G32795	3	5	4	7	7
AT2G32800	15	14	11	13	7
AT2G32810	31	37	19	21	25
AT2G32840	5	10	11	7	9
AT2G32850	10	29	11	7	11
AT2G32860	32	32	15	13	17
AT2G32870	27	19	12	21	22
AT2G32880	21	23	11	15	25
AT2G32900	6	1	13	9	8
AT2G32910	21	12	9	22	19
AT2G32920	34	31	22	30	51
AT2G32930	1	3	2	2	1
AT2G32940	1	0	0	1	0
AT2G32950	8	11	17	12	20
AT2G32960	0	3	2	3	5
AT2G32970	10	9	9	10	16
AT2G32980	10	13	12	8	18
AT2G32990	4	6	3	2	10
AT2G33020	0	1	1	0	0
AT2G33040	180	181	129	118	177
AT2G33050	15	17	10	16	20
AT2G33051	14	16	11	16	22
AT2G33060	4	4	3	0	7
AT2G33080	0	0	0	1	0
AT2G33110	3	1	3	2	4
AT2G33120	30	34	37	42	54
AT2G33150	80	101	75	70	96
AT2G33170	2	4	0	3	6
AT2G33175	0	0	1	0	0
AT2G33180	54	47	32	42	52
AT2G33205	1	0	1	2	0
AT2G33210	49	67	52	50	65
AT2G33220	95	62	61	85	84
AT2G33250	19	16	8	18	26
AT2G33255	27	44	25	32	24
AT2G33290	5	0	1	2	2
AT2G33310	4	6	3	10	1
AT2G33320	4	7	5	4	4
AT2G33330	9	19	8	4	7
AT2G33340	75	65	48	75	81
AT2G33350	0	0	0	1	0
AT2G33360	4	1	1	3	0
AT2G33370	290	350	222	253	304
AT2G33380	15	12	3	5	18
AT2G33385	1	1	0	1	0
AT2G33390	16	11	8	21	31
AT2G33400	29	21	15	23	33
AT2G33410	42	58	27	33	31
AT2G33430	169	170	75	83	102
AT2G33435	4	6	6	3	2
AT2G33440	3	11	3	9	3
AT2G33450	405	429	173	168	211
AT2G33460	0	0	0	0	1
AT2G33470	47	30	69	66	99
AT2G33480	12	16	12	8	10
AT2G33490	3	5	8	8	6
AT2G33500	6	13	5	6	15
AT2G33510	18	14	34	27	33
AT2G33530	28	17	23	19	17
AT2G33540	8	5	7	3	9
AT2G33550	0	2	1	1	0
AT2G33560	4	0	9	1	8
AT2G33570	31	26	17	13	24
AT2G33580	6	6	9	7	13
AT2G33585	5	3	3	4	5
AT2G33590	13	16	12	14	23
AT2G33600	31	30	6	14	17
AT2G33610	12	20	10	18	13
AT2G33620	24	25	11	21	18
AT2G33630	8	15	10	17	23
AT2G33640	2	0	3	0	0
AT2G33680	0	0	3	0	0
AT2G33700	14	8	8	10	11
AT2G33710	0	0	0	0	1
AT2G33720	0	0	0	0	1
AT2G33730	45	56	33	41	31
AT2G33735	4	8	4	10	9
AT2G33740	40	32	23	27	29
AT2G33750	0	0	0	1	0
AT2G33760	0	0	1	0	2
AT2G33770	23	17	20	24	37
AT2G33793	0	2	3	1	3
AT2G33800	597	626	175	172	291
AT2G33810	35	59	30	38	28
AT2G33815	33	55	30	35	27
AT2G33820	6	8	2	5	4
AT2G33830	199	135	269	253	208
AT2G33835	12	9	4	5	10
AT2G33840	9	8	13	9	29
AT2G33845	35	31	16	16	35
AT2G33847	7	6	2	1	6
AT2G33850	75	76	59	39	65
AT2G33855	19	15	17	9	16
AT2G33860	14	15	20	39	24
AT2G33880	0	0	0	0	1
AT2G33980	3	0	1	3	1
AT2G33990	14	13	3	12	11
AT2G34010	3	1	2	1	0
AT2G34040	31	41	43	34	52
AT2G34050	6	12	1	5	9
AT2G34060	0	0	1	0	2
AT2G34070	1	11	5	8	12
AT2G34080	0	0	0	1	0
AT2G34090	2	6	11	5	15
AT2G34100	0	1	0	0	1
AT2G34110	2	8	11	6	16
AT2G34123	0	1	0	0	0
AT2G34150	8	5	3	5	6
AT2G34160	28	32	40	32	51
AT2G34170	12	8	5	6	6
AT2G34180	2	1	0	3	5
AT2G34185	2	0	0	1	3
AT2G34190	3	3	1	2	5
AT2G34200	1	4	2	1	1
AT2G34230	0	0	0	2	0
AT2G34240	0	0	0	0	1
AT2G34250	99	137	113	125	133
AT2G34260	7	15	11	20	16
AT2G34300	9	11	15	15	23
AT2G34310	21	12	23	32	24
AT2G34340	1	0	0	0	0
AT2G34355	6	6	3	5	5
AT2G34357	29	28	36	28	34
AT2G34360	0	0	0	0	1
AT2G34380	1	4	4	5	3
AT2G34390	1	0	0	0	0
AT2G34400	2	3	0	0	1
AT2G34410	15	17	7	14	11
AT2G34420	10558	9600	1957	2044	2865
AT2G34430	7108	6077	672	736	1082
AT2G34440	0	0	1	0	0
AT2G34450	4	0	7	5	6
AT2G34460	115	113	64	64	88
AT2G34470	48	58	28	40	47
AT2G34480	540	664	333	379	473
AT2G34490	2	5	4	3	2
AT2G34500	0	0	1	1	1
AT2G34510	40	36	22	21	32
AT2G34520	23	27	23	30	52
AT2G34530	2	3	0	0	3
AT2G34560	28	30	34	31	43
AT2G34570	5	11	8	3	7
AT2G34580	1	0	0	0	0
AT2G34585	71	65	70	70	63
AT2G34590	48	40	32	27	36
AT2G34620	85	92	21	29	24
AT2G34630	26	21	21	19	18
AT2G34640	50	77	31	43	33
AT2G34650	5	2	1	2	1
AT2G34655	23	19	15	16	13
AT2G34660	9	13	9	8	12
AT2G34670	2	7	2	0	2
AT2G34680	26	32	22	35	14
AT2G34690	41	27	27	20	42
AT2G34710	5	10	6	7	13
AT2G34720	14	18	17	21	23
AT2G34730	14	3	0	5	8
AT2G34750	43	39	38	44	47
AT2G34770	69	49	33	33	48
AT2G34780	7	14	5	11	4
AT2G34790	0	1	0	0	1
AT2G34810	11	6	14	11	31
AT2G34830	1	0	0	0	0
AT2G34840	8	12	4	11	10
AT2G34850	0	1	4	3	0
AT2G34860	134	117	59	77	99
AT2G34900	10	11	17	9	31
AT2G34920	2	0	1	2	0
AT2G34925	4	1	2	2	2
AT2G34930	5	3	7	12	13
AT2G34940	2	3	3	5	4
AT2G34960	1	1	1	0	0
AT2G34970	16	12	12	13	24
AT2G34980	0	1	0	1	1
AT2G35000	0	0	0	0	1
AT2G35010	16	17	26	19	36
AT2G35020	20	26	20	25	22
AT2G35030	0	0	2	1	1
AT2G35035	0	0	2	0	0
AT2G35040	43	52	33	28	67
AT2G35050	44	46	17	29	29
AT2G35060	32	17	9	21	19
AT2G35070	0	0	0	0	1
AT2G35080	0	1	0	1	0
AT2G35100	11	7	0	11	7
AT2G35110	30	20	21	20	22
AT2G35120	13	16	12	17	21
AT2G35130	16	13	9	7	4
AT2G35150	3	0	0	2	4
AT2G35155	5	11	6	9	16
AT2G35160	5	2	2	0	4
AT2G35170	3	3	2	6	4
AT2G35190	14	17	14	9	8
AT2G35200	1	0	0	1	0
AT2G35210	1	1	1	0	0
AT2G35230	6	8	1	1	3
AT2G35240	29	19	11	15	17
AT2G35260	78	69	40	31	24
AT2G35290	8	2	1	4	5
AT2G35310	5	6	8	0	1
AT2G35320	15	18	17	12	15
AT2G35330	7	11	13	7	8
AT2G35340	3	2	6	2	8
AT2G35350	1	1	0	1	0
AT2G35360	7	12	8	7	4
AT2G35370	566	555	248	316	380
AT2G35380	0	0	0	1	0
AT2G35382	0	1	0	0	0
AT2G35384	0	0	0	0	1
AT2G35387	0	2	0	0	0
AT2G35390	26	13	6	25	29
AT2G35410	136	154	92	89	105
AT2G35420	1	1	1	2	2
AT2G35430	3	2	3	2	6
AT2G35450	25	25	17	31	29
AT2G35470	23	12	22	14	19
AT2G35480	2	1	8	8	5
AT2G35490	46	33	18	25	28
AT2G35500	66	53	15	18	31
AT2G35510	21	19	14	19	12
AT2G35520	19	17	16	23	21
AT2G35530	9	8	5	13	9
AT2G35540	5	1	4	3	1
AT2G35550	0	1	1	0	3
AT2G35585	1	0	0	0	0
AT2G35600	0	0	0	2	0
AT2G35605	18	15	13	13	18
AT2G35610	8	13	11	5	15
AT2G35620	8	10	5	3	4
AT2G35630	28	36	19	15	34
AT2G35635	61	54	71	78	75
AT2G35637	1	1	3	0	4
AT2G35640	1	1	3	0	3
AT2G35650	8	15	10	3	4
AT2G35658	1	0	2	0	3
AT2G35660	12	17	5	8	5
AT2G35670	0	0	0	1	0
AT2G35680	26	22	25	12	29
AT2G35690	2	6	5	3	7
AT2G35700	4	3	0	2	2
AT2G35710	1	0	2	0	2
AT2G35720	17	5	10	12	12
AT2G35730	1	0	0	0	0
AT2G35736	3	5	6	2	3
AT2G35738	0	1	0	1	0
AT2G35740	2	0	0	0	1
AT2G35744	0	0	1	0	0
AT2G35750	5	11	13	4	6
AT2G35760	5	7	9	9	10
AT2G35765	0	0	0	0	1
AT2G35780	73	90	63	48	52
AT2G35790	26	32	31	24	44
AT2G35795	23	27	22	29	26
AT2G35800	14	13	6	12	10
AT2G35810	19	19	31	38	42
AT2G35820	7	14	15	15	14
AT2G35830	54	34	40	49	53
AT2G35840	22	30	26	30	41
AT2G35850	1	0	0	0	0
AT2G35859	8	4	3	2	3
AT2G35860	35	36	10	17	27
AT2G35880	31	31	6	8	9
AT2G35900	14	12	8	7	12
AT2G35910	0	1	0	0	0
AT2G35920	8	11	5	5	8
AT2G35930	1	0	0	3	2
AT2G35940	24	13	35	34	40
AT2G35945	4	5	6	1	4
AT2G35950	0	0	0	0	2
AT2G35960	28	19	12	18	17
AT2G35970	0	0	0	0	1
AT2G35980	0	1	0	0	0
AT2G36000	43	39	33	28	43
AT2G36010	5	5	6	9	3
AT2G36020	0	0	0	1	0
AT2G36026	1	4	2	2	1
AT2G36030	0	0	1	0	0
AT2G36050	8	21	5	9	12
AT2G36060	82	96	66	66	69
AT2G36070	10	13	12	12	14
AT2G36080	0	1	4	10	6
AT2G36090	4	3	4	1	2
AT2G36100	0	0	0	0	1
AT2G36110	0	0	2	0	1
AT2G36120	82	38	83	104	86
AT2G36130	37	33	29	28	57
AT2G36145	37	49	31	29	38
AT2G36160	261	279	213	226	379
AT2G36170	166	181	145	143	201
AT2G36200	24	9	4	8	17
AT2G36210	0	1	0	0	0
AT2G36220	10	7	12	7	8
AT2G36230	20	10	7	5	12
AT2G36240	11	14	13	12	10
AT2G36250	96	108	28	38	61
AT2G36270	0	1	0	0	0
AT2G36290	5	19	10	8	13
AT2G36300	13	17	16	17	13
AT2G36305	3	0	1	0	4
AT2G36307	1	0	1	0	1
AT2G36310	24	18	15	10	24
AT2G36320	35	45	30	27	35
AT2G36330	3	12	4	5	8
AT2G36340	6	3	3	5	3
AT2G36350	9	13	3	3	9
AT2G36355	14	9	6	10	18
AT2G36360	15	10	7	9	18
AT2G36370	2	2	2	4	2
AT2G36380	6	3	4	7	8
AT2G36390	60	52	37	54	49
AT2G36400	11	17	6	7	10
AT2G36410	13	16	12	14	9
AT2G36420	12	14	8	7	7
AT2G36430	15	5	11	17	20
AT2G36460	63	66	71	80	74
AT2G36470	12	6	6	7	11
AT2G36480	9	3	2	8	5
AT2G36485	0	6	1	3	2
AT2G36490	19	31	29	20	22
AT2G36500	0	3	2	3	0
AT2G36530	244	322	285	307	421
AT2G36570	15	21	4	10	10
AT2G36580	18	19	23	27	24
AT2G36590	2	0	3	0	2
AT2G36620	343	431	167	174	251
AT2G36630	27	31	35	35	45
AT2G36660	1	0	0	0	0
AT2G36670	5	4	1	4	4
AT2G36680	6	14	10	5	20
AT2G36720	12	14	6	8	10
AT2G36730	2	1	2	1	3
AT2G36740	15	6	4	16	13
AT2G36750	0	0	1	0	1
AT2G36770	0	0	1	0	0
AT2G36780	0	0	0	3	4
AT2G36790	1	3	7	8	10
AT2G36792	1	3	2	3	6
AT2G36800	2	0	5	2	11
AT2G36810	13	11	7	8	13
AT2G36830	564	633	201	232	323
AT2G36835	82	67	46	65	93
AT2G36840	5	3	2	3	6
AT2G36850	17	21	31	31	30
AT2G36854	1	0	1	0	0
AT2G36870	20	26	11	20	20
AT2G36880	98	120	69	77	95
AT2G36885	11	12	9	11	21
AT2G36890	0	0	0	0	1
AT2G36895	10	14	9	8	13
AT2G36900	24	20	26	21	25
AT2G36910	19	24	29	27	16
AT2G36930	33	43	36	40	41
AT2G36950	14	9	7	6	15
AT2G36960	2	2	7	4	6
AT2G36970	2	3	8	6	19
AT2G36980	2	2	0	0	1
AT2G36985	1	1	1	1	1
AT2G36990	77	84	31	40	32
AT2G37000	0	1	0	0	0
AT2G37020	9	20	4	13	5
AT2G37025	7	4	2	9	12
AT2G37035	4	3	6	3	3
AT2G37040	9	19	7	13	11
AT2G37050	11	13	3	12	15
AT2G37060	3	4	4	3	13
AT2G37070	0	0	0	3	1
AT2G37080	21	18	15	14	15
AT2G37090	1	2	1	0	0
AT2G37100	4	10	6	5	12
AT2G37110	92	67	80	114	116
AT2G37120	34	29	36	40	52
AT2G37130	4	0	4	3	8
AT2G37150	3	1	5	6	9
AT2G37160	5	13	11	4	7
AT2G37170	48	39	24	19	28
AT2G37180	3	15	4	3	7
AT2G37190	218	309	134	156	193
AT2G37195	2	3	4	3	4
AT2G37200	15	17	17	24	34
AT2G37220	492	530	169	246	254
AT2G37230	13	15	6	22	12
AT2G37240	17	5	8	10	20
AT2G37250	43	23	31	44	65
AT2G37260	0	1	0	0	1
AT2G37270	217	284	182	210	270
AT2G37290	1	0	0	0	0
AT2G37300	3	6	0	4	6
AT2G37310	0	3	3	1	7
AT2G37320	3	0	3	1	0
AT2G37330	7	3	7	5	9
AT2G37340	43	61	39	49	49
AT2G37360	2	3	2	0	2
AT2G37362	5	5	4	0	3
AT2G37380	1	0	3	0	6
AT2G37390	12	16	5	2	11
AT2G37400	11	30	6	16	7
AT2G37410	76	81	40	56	61
AT2G37420	4	10	4	5	5
AT2G37430	0	1	0	0	1
AT2G37450	24	28	22	20	22
AT2G37460	5	2	4	2	6
AT2G37470	78	87	40	45	76
AT2G37478	30	36	31	41	39
AT2G37480	30	36	31	41	39
AT2G37500	42	44	24	31	46
AT2G37510	3	23	7	8	7
AT2G37520	5	5	2	10	12
AT2G37530	2	1	7	4	3
AT2G37540	17	8	17	17	21
AT2G37550	24	16	18	14	15
AT2G37555	0	1	0	0	1
AT2G37560	3	3	4	9	5
AT2G37570	17	7	10	13	11
AT2G37580	13	2	2	4	3
AT2G37585	19	11	6	7	8
AT2G37590	1	1	0	0	0
AT2G37600	119	157	92	85	118
AT2G37610	0	1	0	0	0
AT2G37620	14	19	13	18	31
AT2G37630	6	5	6	6	8
AT2G37640	25	21	6	10	11
AT2G37650	7	4	1	1	4
AT2G37660	225	307	100	109	134
AT2G37678	21	22	22	24	40
AT2G37680	10	7	16	7	6
AT2G37690	16	17	17	26	29
AT2G37710	37	50	39	43	33
AT2G37750	2	1	0	0	0
AT2G37760	4	4	8	4	3
AT2G37790	31	28	24	21	43
AT2G37820	1	0	0	0	0
AT2G37840	12	9	4	7	7
AT2G37860	25	23	13	17	22
AT2G37880	0	0	1	0	0
AT2G37890	4	0	6	4	1
AT2G37900	2	3	2	5	0
AT2G37920	40	19	11	9	13
AT2G37925	0	0	0	1	0
AT2G37930	7	8	0	2	4
AT2G37940	49	27	29	26	28
AT2G37950	2	0	0	1	0
AT2G37960	0	0	3	3	2
AT2G37970	28	9	27	29	45
AT2G37975	19	18	35	26	34
AT2G37980	0	0	0	0	1
AT2G37990	48	54	33	32	58
AT2G38000	16	11	18	20	21
AT2G38010	20	16	12	11	12
AT2G38020	19	17	14	19	30
AT2G38025	22	26	14	19	22
AT2G38040	112	121	36	43	51
AT2G38050	12	21	9	9	12
AT2G38060	0	1	1	0	0
AT2G38070	0	3	0	1	1
AT2G38080	13	5	2	1	5
AT2G38090	1	1	2	0	2
AT2G38110	25	15	18	8	12
AT2G38120	32	33	18	26	27
AT2G38130	27	20	17	19	32
AT2G38140	626	617	376	350	456
AT2G38152	0	0	1	0	0
AT2G38160	1	3	1	2	3
AT2G38170	60	70	69	93	92
AT2G38180	10	8	4	3	6
AT2G38185	2	3	2	0	5
AT2G38195	0	3	2	0	3
AT2G38210	4	5	5	8	7
AT2G38230	87	56	86	147	117
AT2G38240	0	0	0	0	3
AT2G38250	0	2	2	0	2
AT2G38270	69	90	16	19	33
AT2G38280	20	26	32	28	37
AT2G38290	7	10	18	21	7
AT2G38300	5	0	1	3	3
AT2G38310	52	47	33	36	42
AT2G38320	0	1	0	1	0
AT2G38330	21	15	10	5	12
AT2G38340	0	0	1	1	3
AT2G38360	10	15	9	18	24
AT2G38365	0	1	0	0	0
AT2G38370	8	12	3	7	6
AT2G38380	1	3	0	0	2
AT2G38390	1	0	1	0	1
AT2G38400	14	8	13	12	8
AT2G38410	7	22	10	7	14
AT2G38420	3	5	0	0	7
AT2G38430	5	0	0	0	0
AT2G38440	17	23	14	29	11
AT2G38450	13	24	13	13	13
AT2G38460	4	9	4	4	4
AT2G38465	2	4	16	21	15
AT2G38470	11	6	13	10	12
AT2G38480	10	16	9	6	8
AT2G38490	0	1	0	1	2
AT2G38530	40	35	22	14	12
AT2G38540	1305	1425	1088	1134	1667
AT2G38550	42	39	19	19	13
AT2G38560	9	11	8	10	15
AT2G38570	4	3	1	1	3
AT2G38580	7	11	6	9	10
AT2G38610	7	12	14	8	24
AT2G38620	5	8	7	9	6
AT2G38630	12	13	17	14	22
AT2G38640	2	0	1	2	0
AT2G38650	18	16	15	10	12
AT2G38660	24	6	11	9	23
AT2G38670	40	43	27	29	28
AT2G38680	4	7	6	9	8
AT2G38695	11	4	4	2	4
AT2G38700	45	39	31	24	39
AT2G38710	18	21	20	19	49
AT2G38720	0	6	2	1	4
AT2G38730	13	8	6	9	14
AT2G38740	15	10	20	39	36
AT2G38750	17	20	15	15	25
AT2G38760	6	6	3	1	5
AT2G38770	4	28	17	12	6
AT2G38780	11	9	9	4	12
AT2G38790	3	2	11	10	9
AT2G38800	18	25	20	33	30
AT2G38810	24	40	22	19	23
AT2G38820	9	4	5	9	6
AT2G38823	2	3	0	0	0
AT2G38840	21	14	8	15	11
AT2G38860	16	12	13	24	17
AT2G38870	23	29	17	26	38
AT2G38880	17	15	16	11	22
AT2G38920	0	1	0	0	0
AT2G38950	6	14	3	5	4
AT2G38960	11	8	7	3	10
AT2G38970	5	10	8	4	8
AT2G38995	7	11	11	11	8
AT2G39000	24	15	14	15	18
AT2G39010	168	173	103	105	157
AT2G39020	32	55	26	43	32
AT2G39050	5	9	9	9	10
AT2G39080	28	36	15	31	34
AT2G39090	8	6	7	8	6
AT2G39100	7	4	2	1	3
AT2G39110	0	0	5	1	1
AT2G39120	0	3	2	2	3
AT2G39130	4	5	5	6	8
AT2G39140	23	15	7	9	8
AT2G39170	10	12	4	6	8
AT2G39180	2	1	2	0	1
AT2G39190	40	55	17	29	27
AT2G39200	2	0	0	0	0
AT2G39210	10	5	11	16	20
AT2G39220	2	6	2	3	4
AT2G39230	0	0	0	0	1
AT2G39240	0	0	0	1	0
AT2G39250	7	7	4	13	3
AT2G39260	9	7	13	17	13
AT2G39270	19	25	22	32	20
AT2G39280	20	15	22	18	16
AT2G39290	21	21	16	14	23
AT2G39300	0	2	0	1	0
AT2G39310	0	0	0	1	0
AT2G39330	18	35	10	14	11
AT2G39340	16	18	14	17	29
AT2G39350	1	1	0	0	2
AT2G39360	7	6	7	4	5
AT2G39380	1	0	0	2	2
AT2G39390	173	228	126	135	159
AT2G39400	2	4	4	8	6
AT2G39410	0	0	1	0	0
AT2G39420	12	11	12	23	22
AT2G39430	0	2	0	0	0
AT2G39435	4	3	0	3	3
AT2G39440	3	7	5	11	4
AT2G39445	7	4	3	5	3
AT2G39450	13	18	27	25	39
AT2G39460	701	847	709	677	960
AT2G39470	152	138	72	77	91
AT2G39480	7	18	8	5	12
AT2G39500	23	15	25	12	31
AT2G39510	0	0	1	0	0
AT2G39518	0	0	1	0	0
AT2G39530	1	0	0	0	0
AT2G39550	17	15	7	6	14
AT2G39560	0	5	2	3	1
AT2G39570	24	25	5	19	14
AT2G39580	7	6	8	17	13
AT2G39620	1	0	1	0	1
AT2G39630	5	12	11	8	11
AT2G39650	1	1	5	5	5
AT2G39660	7	4	8	13	16
AT2G39670	68	76	24	46	62
AT2G39675	11	15	30	29	30
AT2G39681	28	29	14	25	22
AT2G39690	0	4	1	0	3
AT2G39700	16	14	10	9	6
AT2G39705	11	12	1	12	15
AT2G39710	4	2	1	0	1
AT2G39720	11	30	20	38	22
AT2G39725	12	6	17	12	22
AT2G39730	1635	1580	567	594	881
AT2G39740	20	21	20	20	23
AT2G39750	15	12	5	12	8
AT2G39760	13	18	15	27	38
AT2G39770	40	27	14	33	32
AT2G39780	35	46	40	59	84
AT2G39795	13	15	9	11	26
AT2G39800	38	42	27	49	47
AT2G39805	8	6	8	15	16
AT2G39810	14	14	15	11	11
AT2G39830	0	2	1	2	2
AT2G39840	14	13	6	9	6
AT2G39850	34	54	29	28	26
AT2G39855	0	1	0	0	0
AT2G39870	14	16	6	3	10
AT2G39880	6	4	0	2	1
AT2G39890	19	20	8	24	15
AT2G39900	71	86	42	37	59
AT2G39910	5	2	6	6	5
AT2G39920	33	18	18	18	28
AT2G39930	37	22	21	22	34
AT2G39940	18	19	11	10	23
AT2G39950	15	7	7	12	17
AT2G39960	50	53	54	62	66
AT2G39970	20	17	9	25	17
AT2G39980	4	0	1	4	0
AT2G39990	52	67	67	58	91
AT2G40000	11	8	50	40	57
AT2G40008	11	7	10	4	6
AT2G40010	11	7	10	4	7
AT2G40020	6	6	5	13	7
AT2G40030	12	6	5	7	2
AT2G40050	0	0	1	0	0
AT2G40060	120	164	155	166	261
AT2G40070	34	20	12	19	43
AT2G40080	12	15	16	24	25
AT2G40085	2	3	3	2	3
AT2G40090	5	7	4	8	8
AT2G40095	2	0	6	7	6
AT2G40100	47	42	23	16	29
AT2G40110	6	8	7	6	4
AT2G40113	0	0	1	0	1
AT2G40120	0	6	0	2	3
AT2G40130	2	10	1	11	2
AT2G40140	11	7	33	27	21
AT2G40150	6	4	3	5	0
AT2G40160	1	0	4	3	3
AT2G40190	4	6	1	7	3
AT2G40200	0	2	1	2	1
AT2G40205	161	229	168	224	272
AT2G40230	1	4	1	4	1
AT2G40240	3	3	2	1	1
AT2G40260	1	2	0	5	1
AT2G40270	39	33	30	41	41
AT2G40280	5	6	2	11	14
AT2G40290	35	47	28	34	51
AT2G40300	25	36	25	39	48
AT2G40316	19	14	10	23	14
AT2G40320	6	2	0	2	0
AT2G40330	3	1	0	0	2
AT2G40340	0	0	4	6	8
AT2G40350	0	0	1	2	2
AT2G40360	52	55	54	70	70
AT2G40380	32	33	18	15	33
AT2G40390	0	0	0	2	2
AT2G40400	34	37	8	16	25
AT2G40410	17	10	12	14	13
AT2G40420	10	5	7	7	8
AT2G40430	42	43	31	45	52
AT2G40435	7	5	5	2	3
AT2G40440	1	2	0	0	0
AT2G40460	6	8	7	4	8
AT2G40475	12	18	18	19	28
AT2G40480	3	13	2	4	6
AT2G40490	138	154	53	44	80
AT2G40510	255	295	211	222	311
AT2G40520	10	2	14	13	20
AT2G40530	2	3	3	0	1
AT2G40540	26	33	25	22	12
AT2G40550	5	17	14	9	12
AT2G40570	1	2	6	2	4
AT2G40590	65	82	66	61	96
AT2G40600	37	43	34	31	58
AT2G40610	38	34	18	26	40
AT2G40620	3	3	3	3	5
AT2G40630	0	5	0	3	1
AT2G40640	6	8	7	9	4
AT2G40650	11	26	16	35	23
AT2G40660	43	48	37	36	48
AT2G40670	14	14	5	2	10
AT2G40690	10	10	6	9	9
AT2G40700	12	11	6	7	10
AT2G40710	0	1	2	0	0
AT2G40711	0	1	0	0	0
AT2G40720	0	0	0	2	0
AT2G40730	20	15	18	33	43
AT2G40740	0	0	2	0	0
AT2G40750	45	29	37	44	51
AT2G40760	13	18	16	4	10
AT2G40765	124	153	121	111	133
AT2G40770	7	2	1	0	10
AT2G40780	6	4	1	5	10
AT2G40800	7	8	3	4	12
AT2G40810	7	8	4	2	9
AT2G40815	8	8	12	11	14
AT2G40820	11	7	5	6	8
AT2G40830	22	17	27	37	34
AT2G40840	100	99	115	109	130
AT2G40850	2	0	2	6	0
AT2G40860	5	3	15	10	3
AT2G40880	156	137	76	94	137
AT2G40890	40	35	21	21	39
AT2G40900	0	1	1	0	0
AT2G40910	0	0	2	0	0
AT2G40920	3	6	6	8	7
AT2G40930	8	15	13	13	25
AT2G40935	16	8	12	13	17
AT2G40940	20	26	11	20	25
AT2G40950	8	2	8	6	14
AT2G40960	13	12	16	11	23
AT2G40970	0	1	4	7	3
AT2G40980	12	14	5	6	23
AT2G41000	3	4	0	5	6
AT2G41010	4	3	10	7	26
AT2G41020	11	9	5	4	5
AT2G41040	8	14	0	8	4
AT2G41050	2	2	3	0	4
AT2G41060	3	7	9	7	4
AT2G41070	1	3	3	4	4
AT2G41080	4	2	3	1	4
AT2G41082	0	1	4	1	1
AT2G41090	541	538	356	408	492
AT2G41100	79	79	139	132	162
AT2G41110	33	29	40	33	36
AT2G41120	8	8	11	11	14
AT2G41130	1	2	0	0	1
AT2G41140	16	13	12	9	13
AT2G41150	3	1	9	7	10
AT2G41160	5	15	15	15	22
AT2G41170	8	10	2	2	4
AT2G41180	18	21	20	13	16
AT2G41190	1	2	5	2	0
AT2G41200	11	3	7	12	18
AT2G41210	0	0	5	5	0
AT2G41220	13	18	11	10	12
AT2G41230	0	1	0	0	3
AT2G41231	0	1	0	0	0
AT2G41240	1	3	0	0	0
AT2G41250	7	18	4	14	13
AT2G41290	2	1	3	3	0
AT2G41300	0	0	0	0	1
AT2G41310	15	14	9	14	13
AT2G41312	6	5	0	3	2
AT2G41330	2	1	4	0	3
AT2G41340	7	2	2	3	8
AT2G41342	0	0	0	1	1
AT2G41350	9	11	11	5	6
AT2G41370	5	3	1	5	3
AT2G41380	0	3	1	1	2
AT2G41410	60	51	58	78	81
AT2G41420	96	81	76	79	133
AT2G41430	534	421	498	557	651
AT2G41440	4	11	6	4	5
AT2G41450	0	2	1	1	2
AT2G41460	7	7	3	1	1
AT2G41470	1	0	1	0	1
AT2G41475	57	64	31	46	65
AT2G41480	0	0	0	1	0
AT2G41490	11	10	8	12	20
AT2G41500	8	10	8	9	11
AT2G41510	1	0	0	0	0
AT2G41520	10	16	9	12	11
AT2G41530	137	112	92	100	128
AT2G41540	12	9	9	13	18
AT2G41550	6	2	2	4	3
AT2G41560	38	20	30	25	38
AT2G41600	15	25	16	22	20
AT2G41610	0	0	0	2	0
AT2G41620	18	15	13	19	14
AT2G41630	21	28	28	33	25
AT2G41640	1	1	3	10	7
AT2G41650	39	67	34	49	49
AT2G41660	0	0	0	0	1
AT2G41670	5	7	1	6	12
AT2G41680	125	130	66	83	103
AT2G41700	13	13	11	6	16
AT2G41705	6	14	5	5	11
AT2G41710	9	9	10	8	6
AT2G41720	13	16	12	15	12
AT2G41730	0	2	9	20	8
AT2G41740	38	38	27	34	29
AT2G41750	2	4	4	3	4
AT2G41760	17	12	11	14	8
AT2G41770	7	17	9	13	11
AT2G41780	0	3	4	3	2
AT2G41790	46	61	49	67	95
AT2G41810	0	0	2	0	0
AT2G41820	8	13	4	4	4
AT2G41830	5	6	3	5	6
AT2G41835	2	3	6	8	7
AT2G41840	323	403	191	247	272
AT2G41850	0	0	0	0	1
AT2G41870	11	8	7	5	2
AT2G41880	6	2	3	10	9
AT2G41890	3	5	2	1	4
AT2G41900	11	12	6	6	8
AT2G41905	1	2	10	9	14
AT2G41940	39	25	20	33	56
AT2G41945	7	9	17	11	14
AT2G41950	61	60	24	24	63
AT2G41960	16	19	13	15	28
AT2G41980	0	2	3	3	5
AT2G41990	11	19	2	7	16
AT2G42005	1	0	0	2	0
AT2G42010	10	11	7	8	7
AT2G42030	11	13	9	11	7
AT2G42040	22	22	18	17	21
AT2G42060	0	0	0	0	1
AT2G42070	29	22	22	20	36
AT2G42080	9	7	7	9	16
AT2G42110	3	4	1	1	4
AT2G42120	6	6	9	3	11
AT2G42130	72	69	24	20	37
AT2G42150	1	0	0	0	0
AT2G42160	11	9	8	7	11
AT2G42170	8	6	7	10	9
AT2G42190	23	37	18	20	26
AT2G42200	16	14	9	9	10
AT2G42210	135	134	83	105	120
AT2G42220	610	686	116	129	164
AT2G42230	14	16	17	20	25
AT2G42240	9	4	7	5	15
AT2G42247	7	2	0	1	1
AT2G42250	7	2	1	3	6
AT2G42260	2	4	0	0	1
AT2G42270	3	7	6	14	7
AT2G42280	8	9	5	7	9
AT2G42290	1	1	2	1	3
AT2G42300	20	31	19	16	24
AT2G42310	113	113	83	110	129
AT2G42320	24	31	15	20	28
AT2G42330	8	5	4	1	1
AT2G42350	0	0	3	1	0
AT2G42360	0	0	1	4	6
AT2G42365	2	4	2	7	8
AT2G42370	0	2	0	2	1
AT2G42380	11	10	4	7	12
AT2G42390	17	28	24	30	40
AT2G42395	1	2	3	3	3
AT2G42400	7	9	14	10	2
AT2G42450	5	3	0	11	10
AT2G42485	7	11	14	6	7
AT2G42490	11	7	8	17	20
AT2G42500	49	41	42	41	46
AT2G42510	0	1	2	1	1
AT2G42520	18	26	17	23	20
AT2G42530	154	127	40	47	56
AT2G42540	162	91	56	58	67
AT2G42570	10	13	6	8	14
AT2G42580	31	27	22	21	27
AT2G42590	358	328	209	256	290
AT2G42600	293	285	212	215	293
AT2G42610	56	83	24	27	22
AT2G42620	14	16	11	10	16
AT2G42640	0	2	0	0	2
AT2G42650	3	7	8	5	3
AT2G42660	0	0	0	2	0
AT2G42670	12	5	4	5	3
AT2G42680	128	111	129	160	169
AT2G42690	120	96	63	83	97
AT2G42700	8	9	10	7	12
AT2G42710	16	13	20	25	10
AT2G42730	2	1	0	2	1
AT2G42740	39	51	21	43	53
AT2G42750	77	59	22	23	39
AT2G42760	8	5	9	7	1
AT2G42770	32	43	27	37	26
AT2G42780	7	10	14	9	16
AT2G42790	35	42	45	33	46
AT2G42800	2	6	0	0	2
AT2G42810	8	14	19	28	21
AT2G42820	0	1	0	2	1
AT2G42840	216	297	95	89	147
AT2G42850	0	1	0	0	0
AT2G42860	0	0	2	0	0
AT2G42870	26	20	10	3	3
AT2G42880	44	38	27	30	35
AT2G42885	1	0	0	1	1
AT2G42890	13	8	9	14	14
AT2G42900	5	2	0	1	0
AT2G42910	37	52	42	73	68
AT2G42920	3	3	5	4	8
AT2G42940	3	1	3	3	7
AT2G42950	2	5	2	2	2
AT2G42955	0	0	3	1	1
AT2G42960	0	0	1	0	1
AT2G42975	4	6	5	2	4
AT2G42980	0	1	1	1	1
AT2G42990	2	1	0	1	1
AT2G43010	57	43	29	29	30
AT2G43018	29	23	31	45	34
AT2G43020	29	25	31	45	35
AT2G43030	549	580	162	188	250
AT2G43040	2	0	0	2	3
AT2G43050	0	0	1	0	0
AT2G43060	1	6	6	3	6
AT2G43070	29	24	7	19	23
AT2G43080	10	8	4	7	7
AT2G43090	155	178	92	130	123
AT2G43100	26	38	13	18	17
AT2G43110	12	14	9	9	7
AT2G43120	4	5	2	6	4
AT2G43130	11	30	13	22	20
AT2G43140	0	0	0	1	2
AT2G43150	70	51	63	89	73
AT2G43160	37	48	32	52	40
AT2G43180	16	15	6	12	14
AT2G43190	0	3	2	5	3
AT2G43200	0	1	2	0	1
AT2G43210	8	7	3	8	10
AT2G43230	0	1	0	0	1
AT2G43235	7	7	15	8	9
AT2G43240	3	3	5	2	13
AT2G43250	3	4	4	1	4
AT2G43260	5	1	2	2	2
AT2G43280	18	12	16	17	22
AT2G43290	27	14	18	26	24
AT2G43310	0	2	2	1	3
AT2G43320	3	2	4	1	2
AT2G43330	16	10	9	5	13
AT2G43340	6	3	3	5	14
AT2G43350	29	36	45	59	64
AT2G43360	23	17	3	11	6
AT2G43370	4	4	1	4	1
AT2G43375	7	2	1	2	0
AT2G43400	18	11	11	10	13
AT2G43410	14	13	10	10	16
AT2G43420	12	9	12	9	9
AT2G43430	14	9	12	13	20
AT2G43440	0	0	1	0	5
AT2G43445	1	0	0	2	4
AT2G43460	403	448	432	439	565
AT2G43465	0	2	0	1	4
AT2G43490	6	3	6	4	5
AT2G43500	4	4	4	2	4
AT2G43510	6	18	16	12	25
AT2G43520	11	18	1	3	7
AT2G43530	50	67	59	72	118
AT2G43535	21	29	10	11	24
AT2G43540	10	12	11	12	10
AT2G43550	124	121	43	52	59
AT2G43560	177	184	70	67	63
AT2G43570	45	14	30	32	49
AT2G43580	0	0	0	1	0
AT2G43590	15	6	1	2	1
AT2G43610	1	0	0	0	1
AT2G43620	6	5	2	4	9
AT2G43630	35	38	24	26	24
AT2G43640	28	34	20	17	20
AT2G43650	19	29	18	32	46
AT2G43680	54	87	53	58	97
AT2G43700	0	1	0	1	2
AT2G43710	100	105	45	54	72
AT2G43720	0	4	2	4	3
AT2G43745	76	74	22	27	34
AT2G43750	122	93	18	38	48
AT2G43760	13	21	14	22	23
AT2G43770	30	36	26	22	40
AT2G43780	24	36	34	43	35
AT2G43790	17	15	13	22	24
AT2G43800	21	31	17	31	24
AT2G43810	18	21	13	19	21
AT2G43820	14	10	24	14	25
AT2G43840	0	3	2	0	0
AT2G43850	4	4	15	8	9
AT2G43900	2	6	3	6	3
AT2G43910	100	121	80	89	132
AT2G43920	22	21	10	18	25
AT2G43930	0	0	1	1	0
AT2G43940	2	2	9	6	13
AT2G43945	74	52	46	32	73
AT2G43950	17	19	7	27	19
AT2G43970	245	209	180	211	256
AT2G43980	4	5	7	5	8
AT2G43990	1	2	2	1	3
AT2G44020	2	3	3	8	11
AT2G44040	31	30	7	5	12
AT2G44050	41	46	24	46	30
AT2G44060	121	100	105	107	123
AT2G44065	20	20	2	10	10
AT2G44080	9	13	6	3	7
AT2G44090	21	31	28	32	26
AT2G44100	60	69	53	86	72
AT2G44120	80	103	67	64	112
AT2G44130	6	15	8	7	2
AT2G44140	23	26	23	16	17
AT2G44150	2	15	4	8	12
AT2G44160	65	90	51	63	100
AT2G44180	9	15	15	15	21
AT2G44190	3	2	1	1	5
AT2G44200	10	10	3	3	6
AT2G44210	91	52	44	37	41
AT2G44230	20	25	12	16	24
AT2G44255	1	1	2	0	3
AT2G44260	2	0	4	0	3
AT2G44270	6	12	6	5	5
AT2G44280	2	1	3	3	6
AT2G44290	30	32	23	25	34
AT2G44300	3	11	4	4	9
AT2G44310	58	54	40	36	40
AT2G44320	0	0	2	0	0
AT2G44350	87	79	64	82	88
AT2G44360	28	38	16	46	38
AT2G44370	1	0	1	0	6
AT2G44380	0	0	2	0	3
AT2G44400	0	0	1	0	0
AT2G44410	12	13	17	14	20
AT2G44420	10	6	3	8	5
AT2G44430	5	2	12	11	16
AT2G44440	6	7	4	6	6
AT2G44450	0	5	1	0	2
AT2G44460	1	1	0	0	1
AT2G44480	0	0	0	1	0
AT2G44490	104	62	98	81	111
AT2G44500	3	3	6	5	2
AT2G44510	1	6	7	14	17
AT2G44520	15	25	13	9	21
AT2G44525	7	18	13	14	26
AT2G44530	12	26	12	19	18
AT2G44540	0	0	0	1	0
AT2G44550	0	0	0	2	0
AT2G44570	1	0	0	0	1
AT2G44578	0	0	1	0	0
AT2G44580	10	11	10	5	11
AT2G44600	2	3	2	2	3
AT2G44610	43	37	21	35	41
AT2G44620	102	106	74	83	122
AT2G44630	4	2	1	0	1
AT2G44640	30	37	20	23	28
AT2G44650	281	328	136	158	171
AT2G44660	2	4	7	3	3
AT2G44670	67	57	29	52	58
AT2G44680	28	29	7	25	36
AT2G44690	4	6	3	2	5
AT2G44700	3	0	2	0	0
AT2G44710	16	12	9	13	18
AT2G44730	12	5	6	4	8
AT2G44735	0	0	1	0	0
AT2G44740	17	20	8	11	12
AT2G44745	3	2	2	0	1
AT2G44750	9	4	10	16	6
AT2G44760	20	25	9	6	8
AT2G44770	18	14	9	3	10
AT2G44790	3	1	0	0	1
AT2G44798	1	3	1	0	7
AT2G44800	1	3	1	0	7
AT2G44820	16	12	11	7	13
AT2G44830	0	1	3	0	5
AT2G44840	0	2	2	0	1
AT2G44850	3	2	0	2	2
AT2G44860	50	79	73	60	97
AT2G44870	84	103	35	33	45
AT2G44900	2	3	1	1	0
AT2G44910	0	0	1	2	1
AT2G44920	73	77	26	31	50
AT2G44930	4	0	0	0	1
AT2G44940	3	7	5	4	11
AT2G44950	5	8	9	7	8
AT2G44970	8	10	17	14	14
AT2G44980	3	6	2	7	12
AT2G44995	0	0	0	1	1
AT2G45000	4	15	21	21	19
AT2G45010	19	24	22	27	33
AT2G45023	1	6	2	1	2
AT2G45030	20	19	20	27	30
AT2G45040	0	0	0	0	2
AT2G45050	3	3	5	1	2
AT2G45060	2	6	7	4	3
AT2G45070	272	276	217	212	297
AT2G45080	1	0	0	0	0
AT2G45100	2	2	1	1	7
AT2G45120	0	0	0	0	1
AT2G45135	0	0	0	1	0
AT2G45140	33	32	17	30	29
AT2G45150	5	4	2	4	5
AT2G45160	11	23	7	18	22
AT2G45170	35	24	71	64	69
AT2G45180	2309	2151	1714	1637	2020
AT2G45190	19	27	12	12	19
AT2G45200	10	18	13	16	16
AT2G45210	1	2	0	0	0
AT2G45220	0	1	6	2	2
AT2G45240	19	23	18	22	23
AT2G45245	10	8	8	3	12
AT2G45250	20	29	21	20	30
AT2G45260	19	15	6	13	16
AT2G45270	22	17	10	11	13
AT2G45280	7	2	3	0	4
AT2G45290	1	6	0	4	5
AT2G45300	28	20	14	9	22
AT2G45310	6	4	6	2	7
AT2G45315	2	1	4	0	3
AT2G45320	7	5	10	4	5
AT2G45330	16	14	18	13	22
AT2G45340	18	26	12	24	23
AT2G45350	1	2	2	0	0
AT2G45360	1	0	0	0	0
AT2G45380	27	23	12	15	41
AT2G45400	0	1	1	0	2
AT2G45410	0	2	0	0	0
AT2G45440	15	12	8	14	9
AT2G45450	14	19	6	17	9
AT2G45460	1	5	2	10	4
AT2G45470	172	238	92	95	117
AT2G45480	0	6	0	0	1
AT2G45490	2	2	1	1	3
AT2G45500	1	4	0	1	6
AT2G45510	6	3	5	11	10
AT2G45520	14	23	23	16	19
AT2G45530	13	16	16	13	14
AT2G45540	24	22	18	17	17
AT2G45560	42	39	25	30	31
AT2G45570	0	0	1	0	1
AT2G45590	38	32	10	21	30
AT2G45600	8	12	6	3	1
AT2G45620	14	17	6	23	20
AT2G45630	3	0	1	1	3
AT2G45640	26	36	25	42	29
AT2G45650	1	0	0	0	0
AT2G45660	60	91	68	52	74
AT2G45670	26	25	31	27	29
AT2G45680	6	4	5	7	6
AT2G45685	0	0	0	1	0
AT2G45690	9	1	3	6	6
AT2G45695	15	24	13	9	17
AT2G45700	15	10	8	27	18
AT2G45710	50	60	43	36	79
AT2G45720	5	3	2	1	4
AT2G45730	19	22	20	13	28
AT2G45740	64	75	39	38	63
AT2G45750	1	0	0	0	0
AT2G45760	0	0	2	1	1
AT2G45770	23	26	12	16	16
AT2G45790	86	107	75	88	87
AT2G45800	1	0	1	1	1
AT2G45810	46	50	43	49	49
AT2G45820	134	137	91	128	115
AT2G45850	26	17	20	13	15
AT2G45860	35	39	34	22	51
AT2G45870	0	2	1	2	1
AT2G45880	4	7	1	6	9
AT2G45890	1	0	0	0	0
AT2G45900	1	2	0	0	0
AT2G45910	10	3	5	2	2
AT2G45920	3	5	5	4	11
AT2G45950	11	12	5	9	17
AT2G45960	769	809	390	481	588
AT2G45970	24	19	20	11	12
AT2G45980	24	24	30	27	30
AT2G45990	47	64	64	73	96
AT2G46000	20	26	30	38	49
AT2G46020	26	23	23	18	18
AT2G46030	16	13	15	14	18
AT2G46040	5	1	0	1	2
AT2G46050	0	0	4	0	0
AT2G46060	8	15	8	10	9
AT2G46070	6	5	5	12	14
AT2G46080	15	21	16	23	26
AT2G46090	25	22	7	21	16
AT2G46100	28	22	23	23	26
AT2G46110	3	2	3	2	3
AT2G46140	7	10	12	10	9
AT2G46150	0	0	3	0	0
AT2G46160	0	5	4	3	6
AT2G46170	19	38	22	18	18
AT2G46180	2	7	3	9	6
AT2G46192	4	5	11	8	11
AT2G46200	6	6	3	4	0
AT2G46210	0	2	2	2	1
AT2G46220	111	71	25	42	40
AT2G46225	23	13	19	20	22
AT2G46230	70	65	74	75	100
AT2G46240	4	7	2	8	5
AT2G46250	8	15	14	21	15
AT2G46260	12	19	25	16	17
AT2G46270	2	0	1	2	0
AT2G46280	59	82	56	66	76
AT2G46290	7	6	6	9	7
AT2G46310	4	4	1	0	3
AT2G46320	9	11	5	6	11
AT2G46330	174	189	94	115	133
AT2G46340	12	17	24	23	28
AT2G46370	23	37	10	19	24
AT2G46375	0	1	1	0	0
AT2G46380	11	2	5	12	9
AT2G46390	52	71	58	79	104
AT2G46400	11	6	24	32	59
AT2G46410	2	0	0	0	0
AT2G46420	13	5	8	8	17
AT2G46430	13	5	14	18	12
AT2G46440	28	14	30	23	33
AT2G46450	14	18	13	21	24
AT2G46455	0	1	0	0	0
AT2G46470	17	14	13	11	21
AT2G46490	57	39	57	45	85
AT2G46493	0	0	0	0	1
AT2G46500	22	31	20	25	39
AT2G46505	43	65	54	63	88
AT2G46510	9	8	11	15	15
AT2G46520	9	12	10	13	12
AT2G46530	3	4	2	2	1
AT2G46535	8	10	4	2	7
AT2G46540	76	56	41	45	63
AT2G46550	36	40	20	37	24
AT2G46560	17	14	7	10	16
AT2G46570	1	0	0	0	0
AT2G46572	1	3	0	0	0
AT2G46580	17	10	15	10	19
AT2G46590	1	1	2	8	4
AT2G46600	120	89	153	193	227
AT2G46610	5	5	11	8	8
AT2G46620	11	10	9	7	8
AT2G46630	16	2	10	2	7
AT2G46640	3	3	3	7	2
AT2G46650	20	41	31	41	43
AT2G46660	0	1	0	3	1
AT2G46670	1	0	2	3	4
AT2G46680	8	7	1	0	2
AT2G46690	7	3	0	5	8
AT2G46700	4	4	2	8	3
AT2G46710	29	30	20	17	22
AT2G46720	1	2	3	0	0
AT2G46735	4	6	1	4	2
AT2G46740	2	1	0	0	0
AT2G46760	1	0	0	0	0
AT2G46770	0	1	0	0	0
AT2G46780	8	16	4	6	1
AT2G46790	5	1	3	3	4
AT2G46800	21	17	9	17	14
AT2G46810	3	13	10	5	12
AT2G46820	814	798	204	197	268
AT2G46830	0	4	10	3	5
AT2G46870	13	7	2	4	5
AT2G46890	2	6	1	7	5
AT2G46900	14	33	17	24	22
AT2G46910	41	36	13	9	23
AT2G46915	12	13	7	6	18
AT2G46920	17	5	11	14	19
AT2G46930	13	23	10	9	16
AT2G46940	0	0	0	0	2
AT2G46950	0	1	0	1	0
AT2G46970	0	2	0	0	0
AT2G46980	2	8	3	4	2
AT2G47000	0	3	3	3	1
AT2G47010	0	0	2	0	0
AT2G47015	0	0	1	0	0
AT2G47020	2	5	6	4	5
AT2G47030	1	0	0	0	0
AT2G47060	20	15	16	23	20
AT2G47070	47	50	35	59	59
AT2G47090	1	3	1	6	1
AT2G47110	378	407	239	270	369
AT2G47115	378	411	241	270	369
AT2G47130	7	3	0	2	3
AT2G47140	0	0	1	0	0
AT2G47160	21	23	6	9	13
AT2G47170	254	247	188	193	263
AT2G47180	2	7	6	9	14
AT2G47200	2	0	0	0	0
AT2G47210	38	19	16	26	24
AT2G47220	5	3	2	2	7
AT2G47230	3	8	7	7	14
AT2G47240	25	52	26	25	52
AT2G47250	37	36	32	34	44
AT2G47260	0	4	0	3	4
AT2G47270	0	0	2	0	0
AT2G47275	1	0	0	0	0
AT2G47300	0	2	0	0	0
AT2G47310	7	4	2	2	7
AT2G47320	63	86	52	55	82
AT2G47330	17	18	8	20	12
AT2G47350	5	7	4	3	3
AT2G47360	1	2	0	1	0
AT2G47370	2	5	5	11	1
AT2G47380	79	66	75	79	94
AT2G47390	93	70	58	53	69
AT2G47400	1418	1305	423	487	644
AT2G47410	9	6	6	7	16
AT2G47420	13	23	20	29	20
AT2G47440	51	60	34	33	38
AT2G47450	277	259	98	105	178
AT2G47460	2	2	0	0	0
AT2G47470	133	140	123	168	163
AT2G47480	0	0	0	1	2
AT2G47485	2	0	1	0	0
AT2G47490	7	6	6	11	8
AT2G47500	14	16	9	9	13
AT2G47510	43	30	22	29	23
AT2G47520	0	0	0	0	1
AT2G47550	1	0	0	0	0
AT2G47560	0	0	0	0	2
AT2G47580	17	52	19	40	40
AT2G47590	109	105	49	40	83
AT2G47600	20	12	5	4	8
AT2G47610	246	321	143	193	241
AT2G47620	5	5	7	3	3
AT2G47630	12	24	7	11	10
AT2G47640	34	47	29	35	44
AT2G47650	11	26	18	4	13
AT2G47670	2	2	0	0	0
AT2G47680	4	4	6	8	2
AT2G47690	77	71	31	69	80
AT2G47700	32	29	52	46	55
AT2G47710	109	89	118	99	108
AT2G47730	259	257	183	176	306
AT2G47750	5	2	1	0	1
AT2G47760	8	19	8	12	18
AT2G47770	0	0	0	0	1
AT2G47780	1	2	0	0	6
AT2G47790	10	14	19	16	37
AT2G47800	5	6	14	11	10
AT2G47820	2	2	4	5	1
AT2G47830	3	2	4	13	9
AT2G47840	56	52	12	20	29
AT2G47844	0	2	0	0	0
AT2G47850	12	19	15	13	11
AT2G47860	3	2	1	2	1
AT2G47870	1	1	0	0	0
AT2G47880	46	47	12	11	24
AT2G47890	10	16	19	21	15
AT2G47895	0	1	0	1	3
AT2G47900	22	28	17	14	29
AT2G47910	38	28	24	25	24
AT2G47920	7	1	1	2	4
AT2G47930	64	58	26	35	42
AT2G47940	128	149	92	107	158
AT2G47950	0	0	0	0	1
AT2G47960	15	19	19	22	43
AT2G47970	16	27	36	32	44
AT2G47980	39	32	32	47	59
AT2G47990	20	22	11	17	22
AT2G48000	6	11	5	7	14
AT2G48010	4	7	3	3	2
AT2G48020	16	27	13	10	29
AT2G48030	12	10	5	8	5
AT2G48060	16	21	12	16	16
AT2G48070	139	101	74	68	101
AT2G48075	5	0	5	4	8
AT2G48080	0	0	0	0	1
AT2G48090	0	0	0	1	0
AT2G48100	21	18	10	17	12
AT2G48110	4	5	9	4	2
AT2G48120	32	28	17	14	11
AT2G48121	4	11	4	6	2
AT2G48150	1	0	0	0	0
AT2G48160	15	14	11	14	10
AT3G01015	0	1	0	0	0
AT3G01040	5	7	5	19	2
AT3G01050	4	6	9	11	14
AT3G01060	34	33	11	17	21
AT3G01080	2	2	0	4	1
AT3G01090	13	22	15	8	17
AT3G01100	8	7	7	14	10
AT3G01120	67	60	50	47	57
AT3G01130	100	78	56	66	94
AT3G01140	5	1	6	6	10
AT3G01142	4	1	2	4	6
AT3G01150	17	15	13	12	23
AT3G01160	6	12	9	17	6
AT3G01170	5	9	5	9	11
AT3G01180	11	21	7	17	4
AT3G01200	11	12	16	20	16
AT3G01202	1	0	2	0	1
AT3G01210	11	11	11	3	5
AT3G01230	0	0	0	0	1
AT3G01280	110	155	137	130	181
AT3G01290	46	21	32	58	41
AT3G01300	4	6	4	11	6
AT3G01310	35	34	32	34	30
AT3G01316	0	0	1	0	2
AT3G01320	10	8	16	14	18
AT3G01330	8	3	4	6	5
AT3G01340	62	47	35	31	44
AT3G01345	0	0	0	0	1
AT3G01350	0	0	0	2	0
AT3G01360	10	5	7	4	4
AT3G01370	44	32	18	19	20
AT3G01380	2	1	6	0	0
AT3G01390	40	50	34	49	49
AT3G01400	4	6	4	4	5
AT3G01410	12	7	5	2	5
AT3G01420	0	0	0	0	5
AT3G01430	1	3	4	2	5
AT3G01435	10	18	11	14	11
AT3G01440	28	23	11	15	14
AT3G01450	6	8	1	6	7
AT3G01460	7	6	2	10	8
AT3G01470	36	23	21	9	24
AT3G01472	36	23	21	9	24
AT3G01480	132	132	39	43	43
AT3G01490	10	16	5	8	5
AT3G01500	2273	2291	541	585	851
AT3G01510	11	14	9	11	13
AT3G01520	52	43	36	37	38
AT3G01540	52	57	63	77	98
AT3G01550	29	43	17	10	18
AT3G01560	26	21	17	22	25
AT3G01570	0	0	0	2	2
AT3G01590	11	6	8	10	16
AT3G01600	0	0	0	0	1
AT3G01610	14	13	6	18	10
AT3G01640	7	11	4	11	9
AT3G01650	5	9	5	7	15
AT3G01660	14	15	3	6	8
AT3G01670	30	29	10	20	20
AT3G01680	26	28	16	15	16
AT3G01690	106	67	55	69	77
AT3G01700	0	0	0	3	0
AT3G01710	3	7	4	2	5
AT3G01720	12	16	5	3	7
AT3G01740	59	48	43	34	52
AT3G01750	4	3	5	2	3
AT3G01770	18	26	24	28	26
AT3G01780	20	32	24	31	37
AT3G01790	41	56	36	48	62
AT3G01800	13	14	8	17	31
AT3G01810	23	23	12	6	16
AT3G01820	9	17	6	8	14
AT3G01830	8	1	4	4	4
AT3G01840	3	0	0	0	0
AT3G01850	22	10	18	17	21
AT3G01860	35	29	25	36	41
AT3G01890	2	4	3	5	1
AT3G01910	96	100	58	59	62
AT3G01920	13	23	11	10	11
AT3G01930	8	2	7	5	7
AT3G01940	2	1	3	0	3
AT3G01950	7	4	5	3	3
AT3G01960	1	2	0	1	0
AT3G01970	0	0	1	1	2
AT3G01980	24	27	18	19	19
AT3G01990	2	2	0	0	0
AT3G02000	0	0	0	0	1
AT3G02010	0	0	0	1	0
AT3G02020	22	13	18	16	7
AT3G02030	8	10	13	7	8
AT3G02040	9	9	14	6	7
AT3G02050	20	16	11	20	19
AT3G02060	18	24	11	18	32
AT3G02065	6	5	6	8	9
AT3G02070	7	7	10	12	12
AT3G02080	314	357	201	207	269
AT3G02090	120	168	96	116	145
AT3G02110	20	23	13	13	15
AT3G02120	26	17	7	17	33
AT3G02130	10	8	6	11	4
AT3G02140	2	0	1	0	1
AT3G02150	1	5	5	3	4
AT3G02160	1	0	4	1	1
AT3G02170	21	27	13	20	19
AT3G02180	125	105	61	76	78
AT3G02190	30	40	27	47	43
AT3G02200	21	26	27	21	44
AT3G02210	4	6	2	1	9
AT3G02220	40	54	28	30	51
AT3G02230	26	39	36	40	53
AT3G02250	34	36	3	22	17
AT3G02260	58	48	45	54	77
AT3G02280	4	3	5	4	20
AT3G02290	6	10	2	4	4
AT3G02300	16	20	19	18	14
AT3G02310	0	3	0	0	1
AT3G02320	4	8	5	4	11
AT3G02330	1	1	0	1	1
AT3G02340	5	5	9	11	14
AT3G02350	32	22	23	20	41
AT3G02360	68	46	78	60	68
AT3G02370	0	0	0	0	1
AT3G02380	6	7	9	2	5
AT3G02390	1	2	1	1	3
AT3G02400	1	3	0	3	5
AT3G02420	19	23	12	21	26
AT3G02450	42	39	13	30	29
AT3G02460	3	8	3	7	6
AT3G02468	312	321	262	274	380
AT3G02470	312	322	265	278	382
AT3G02490	6	9	0	10	6
AT3G02500	1	1	0	0	0
AT3G02510	6	5	5	7	6
AT3G02520	28	17	23	32	27
AT3G02530	19	28	17	14	19
AT3G02540	46	46	28	23	36
AT3G02550	6	20	12	6	6
AT3G02555	1	8	5	8	17
AT3G02560	189	232	121	174	205
AT3G02570	64	47	25	33	36
AT3G02580	35	29	24	26	42
AT3G02600	18	15	15	10	9
AT3G02610	1	1	3	0	1
AT3G02620	0	0	2	0	0
AT3G02630	54	37	22	29	36
AT3G02640	36	54	41	20	50
AT3G02650	13	18	12	6	16
AT3G02660	24	15	2	13	14
AT3G02680	1	6	2	1	6
AT3G02690	21	29	26	22	45
AT3G02700	45	39	34	40	50
AT3G02710	8	7	22	11	25
AT3G02720	26	52	41	83	85
AT3G02730	354	237	94	122	157
AT3G02740	10	21	13	13	31
AT3G02750	14	32	15	21	13
AT3G02760	32	49	25	23	33
AT3G02770	32	35	23	36	30
AT3G02780	32	31	23	23	30
AT3G02790	58	70	41	46	56
AT3G02800	1	0	3	0	2
AT3G02820	8	4	2	2	9
AT3G02830	23	26	22	18	38
AT3G02832	2	4	11	8	10
AT3G02840	0	0	1	0	4
AT3G02860	3	10	4	2	2
AT3G02870	35	42	20	18	30
AT3G02875	5	5	3	4	3
AT3G02880	13	12	8	9	5
AT3G02890	4	5	4	4	4
AT3G02900	47	43	26	25	20
AT3G02910	7	13	6	5	11
AT3G02920	4	12	7	10	11
AT3G02930	7	8	3	2	10
AT3G02950	12	24	9	9	16
AT3G02980	1	0	0	0	0
AT3G02990	3	4	2	4	0
AT3G03000	3	3	2	5	7
AT3G03010	20	10	4	12	21
AT3G03020	4	9	19	28	26
AT3G03030	2	2	3	2	6
AT3G03040	7	5	13	11	6
AT3G03050	5	3	4	6	6
AT3G03060	12	11	3	9	12
AT3G03070	100	144	124	136	175
AT3G03090	9	14	2	12	12
AT3G03100	122	115	111	100	159
AT3G03110	3	9	7	9	11
AT3G03120	7	5	6	6	3
AT3G03130	8	5	6	1	6
AT3G03140	3	4	3	2	1
AT3G03150	280	303	162	160	222
AT3G03160	48	35	31	40	45
AT3G03170	2	1	0	1	0
AT3G03180	3	3	1	5	3
AT3G03190	9	4	2	3	0
AT3G03210	4	2	1	5	4
AT3G03220	22	12	1	11	10
AT3G03230	1	0	0	0	0
AT3G03240	0	0	0	1	0
AT3G03250	63	45	56	53	86
AT3G03270	23	23	21	15	24
AT3G03272	0	0	0	2	0
AT3G03300	10	7	8	6	11
AT3G03305	5	6	5	4	6
AT3G03310	4	11	9	10	16
AT3G03320	6	8	5	8	9
AT3G03330	14	16	15	22	34
AT3G03340	16	16	15	24	23
AT3G03341	4	1	0	0	0
AT3G03360	4	8	8	4	8
AT3G03370	1	0	0	0	1
AT3G03380	28	31	42	39	50
AT3G03420	9	15	12	11	13
AT3G03440	1	3	2	0	1
AT3G03450	3	3	2	2	2
AT3G03460	3	1	2	3	1
AT3G03470	11	12	16	7	21
AT3G03480	0	0	0	0	1
AT3G03490	14	10	14	19	14
AT3G03520	1	1	2	1	2
AT3G03530	0	0	0	1	0
AT3G03550	5	4	2	2	9
AT3G03560	13	13	15	14	13
AT3G03570	7	7	2	16	8
AT3G03580	1	1	3	4	1
AT3G03590	6	6	4	10	8
AT3G03600	35	21	9	16	22
AT3G03610	5	7	10	5	10
AT3G03630	22	18	12	13	16
AT3G03640	23	20	21	17	47
AT3G03650	0	0	0	0	1
AT3G03680	3	6	2	2	0
AT3G03690	6	5	5	3	7
AT3G03700	0	3	1	0	3
AT3G03702	1	3	1	0	3
AT3G03710	29	50	32	21	25
AT3G03720	14	14	8	12	7
AT3G03740	20	12	15	17	20
AT3G03750	4	5	6	6	7
AT3G03770	5	9	9	11	17
AT3G03773	3	4	10	7	9
AT3G03776	1	0	0	1	1
AT3G03780	107	97	78	74	93
AT3G03790	9	18	11	11	9
AT3G03810	7	11	6	5	0
AT3G03820	24	14	5	7	9
AT3G03830	3	5	3	8	3
AT3G03840	3	10	2	0	1
AT3G03850	6	7	2	5	3
AT3G03860	15	24	11	17	30
AT3G03870	8	9	14	6	13
AT3G03880	8	6	12	6	11
AT3G03890	24	31	14	28	24
AT3G03900	4	2	5	2	2
AT3G03910	1	1	0	0	0
AT3G03920	83	132	75	91	103
AT3G03940	42	41	23	40	40
AT3G03950	14	18	28	32	44
AT3G03960	59	58	54	59	54
AT3G03970	2	4	4	7	4
AT3G03980	16	13	9	16	20
AT3G03990	27	29	36	26	33
AT3G04000	3	0	0	0	2
AT3G04010	0	0	0	1	1
AT3G04020	2	3	7	3	4
AT3G04030	2	2	1	5	0
AT3G04040	1	2	1	1	0
AT3G04060	0	0	2	6	1
AT3G04070	0	1	3	0	3
AT3G04080	9	9	7	7	4
AT3G04090	37	37	27	29	53
AT3G04110	2	0	4	9	2
AT3G04120	162	187	155	182	254
AT3G04130	2	1	4	8	5
AT3G04140	13	4	4	8	7
AT3G04160	2	4	1	0	1
AT3G04184	0	0	1	0	1
AT3G04200	0	0	0	0	1
AT3G04210	105	96	63	81	90
AT3G04220	0	0	0	0	2
AT3G04230	16	12	10	7	20
AT3G04240	19	18	22	27	35
AT3G04260	79	76	43	40	61
AT3G04290	91	110	73	71	123
AT3G04300	0	0	1	0	1
AT3G04310	0	2	1	1	1
AT3G04340	20	37	17	30	23
AT3G04350	1	10	16	6	8
AT3G04380	3	1	4	4	5
AT3G04400	775	926	489	572	685
AT3G04440	0	2	3	0	1
AT3G04450	3	6	6	9	12
AT3G04460	8	5	0	6	10
AT3G04470	16	17	18	22	19
AT3G04480	16	20	17	23	27
AT3G04485	3	3	4	7	5
AT3G04490	7	14	4	9	12
AT3G04500	39	30	12	16	24
AT3G04510	6	4	4	1	1
AT3G04520	12	13	8	18	10
AT3G04550	100	96	22	25	18
AT3G04560	23	10	9	17	29
AT3G04580	5	2	6	3	9
AT3G04590	6	13	5	7	10
AT3G04600	31	30	44	37	40
AT3G04610	32	31	27	33	37
AT3G04620	2	1	1	1	1
AT3G04630	30	30	15	15	18
AT3G04640	2	2	14	10	13
AT3G04650	20	18	9	16	16
AT3G04670	16	17	12	7	17
AT3G04680	7	2	3	9	8
AT3G04690	1	1	0	1	0
AT3G04700	1	0	0	0	3
AT3G04710	12	15	14	8	19
AT3G04720	10	8	22	26	15
AT3G04730	52	59	33	28	46
AT3G04740	19	17	5	20	22
AT3G04750	0	0	1	1	0
AT3G04760	43	49	16	22	29
AT3G04770	4	17	2	9	6
AT3G04780	37	37	30	50	48
AT3G04790	214	199	51	41	93
AT3G04810	10	7	8	10	15
AT3G04820	3	5	8	10	11
AT3G04830	16	15	14	29	39
AT3G04840	364	446	198	285	337
AT3G04850	5	3	2	3	0
AT3G04860	2	3	1	0	3
AT3G04870	44	37	25	42	57
AT3G04880	29	26	30	38	30
AT3G04890	22	26	10	7	16
AT3G04910	48	42	47	42	58
AT3G04920	295	316	154	212	281
AT3G04930	6	12	15	4	13
AT3G04940	29	23	16	24	28
AT3G04950	1	4	3	2	4
AT3G04960	1	5	3	1	1
AT3G04970	2	11	0	3	3
AT3G04980	3	1	1	1	5
AT3G05000	29	28	26	21	38
AT3G05010	12	10	14	11	26
AT3G05020	21	18	10	18	29
AT3G05030	13	24	7	8	2
AT3G05040	6	6	12	10	7
AT3G05050	4	6	6	10	6
AT3G05060	40	59	37	31	38
AT3G05070	26	18	29	32	52
AT3G05080	10	5	10	4	2
AT3G05090	21	14	25	21	16
AT3G05100	15	22	10	9	16
AT3G05120	11	5	4	12	8
AT3G05130	9	3	5	4	7
AT3G05140	2	4	2	3	3
AT3G05150	0	1	0	0	0
AT3G05152	1	0	0	0	3
AT3G05160	15	18	10	16	21
AT3G05165	2	4	6	3	6
AT3G05170	3	1	8	8	2
AT3G05180	13	19	9	17	6
AT3G05190	4	0	0	0	0
AT3G05200	5	5	8	6	6
AT3G05210	13	9	4	9	8
AT3G05220	63	72	50	67	70
AT3G05230	26	20	27	38	30
AT3G05240	0	1	0	1	1
AT3G05250	4	10	3	3	6
AT3G05270	4	2	2	3	0
AT3G05280	19	23	12	13	33
AT3G05290	13	12	4	10	10
AT3G05320	1	1	2	2	7
AT3G05327	0	0	0	2	0
AT3G05330	1	6	3	4	9
AT3G05340	1	0	1	2	1
AT3G05345	1	1	4	3	1
AT3G05350	39	40	14	19	28
AT3G05360	1	0	0	0	0
AT3G05370	4	5	1	2	2
AT3G05380	7	15	7	7	22
AT3G05400	0	1	1	0	0
AT3G05410	22	13	13	21	27
AT3G05420	8	16	15	14	21
AT3G05430	1	3	0	4	4
AT3G05470	6	3	0	4	6
AT3G05480	0	3	0	1	0
AT3G05490	21	10	16	7	20
AT3G05500	20	20	16	31	27
AT3G05510	6	4	1	3	1
AT3G05520	27	19	21	20	39
AT3G05530	93	96	114	131	144
AT3G05545	47	44	53	52	68
AT3G05550	2	1	2	0	1
AT3G05560	408	480	295	326	395
AT3G05570	16	8	14	10	18
AT3G05580	0	5	0	3	4
AT3G05590	370	473	262	303	374
AT3G05600	14	14	5	6	10
AT3G05620	1	0	1	0	0
AT3G05625	16	10	5	3	6
AT3G05630	0	0	0	1	2
AT3G05640	9	16	0	6	3
AT3G05650	5	9	5	9	10
AT3G05660	0	1	0	5	0
AT3G05670	13	8	9	12	10
AT3G05675	3	3	0	3	5
AT3G05680	22	22	16	17	19
AT3G05685	3	1	1	2	2
AT3G05690	1	10	0	3	0
AT3G05700	7	12	6	8	14
AT3G05710	14	10	8	14	15
AT3G05727	6	12	0	8	0
AT3G05730	102	113	33	45	73
AT3G05740	2	4	3	3	0
AT3G05750	4	3	8	4	13
AT3G05760	15	10	12	12	10
AT3G05790	1	0	0	1	0
AT3G05800	22	9	9	7	12
AT3G05810	27	18	10	25	22
AT3G05830	9	8	1	1	2
AT3G05840	29	27	19	33	36
AT3G05870	2	1	6	6	8
AT3G05880	421	332	373	393	513
AT3G05890	6	3	1	6	3
AT3G05900	43	33	12	18	16
AT3G05905	45	33	13	18	16
AT3G05910	82	86	55	59	72
AT3G05930	7	5	2	1	2
AT3G05932	7	7	3	1	4
AT3G05935	4	5	7	8	11
AT3G05936	6	3	3	7	5
AT3G05937	0	1	3	3	0
AT3G05940	7	7	3	7	6
AT3G05970	20	31	24	36	50
AT3G05980	3	0	3	2	2
AT3G05990	7	11	3	10	10
AT3G06010	1	16	7	9	7
AT3G06020	6	4	2	2	2
AT3G06030	4	5	0	1	3
AT3G06035	42	43	45	37	68
AT3G06040	35	51	35	40	31
AT3G06050	102	87	44	77	69
AT3G06060	12	13	6	13	14
AT3G06070	40	53	47	44	83
AT3G06080	16	14	18	19	14
AT3G06100	0	1	0	0	1
AT3G06110	10	17	13	14	26
AT3G06120	5	2	1	1	2
AT3G06125	37	40	24	26	43
AT3G06130	16	14	3	4	12
AT3G06140	4	10	2	8	2
AT3G06145	10	2	3	11	15
AT3G06150	8	8	8	9	9
AT3G06160	7	4	3	2	2
AT3G06170	41	39	37	47	38
AT3G06180	6	7	7	2	6
AT3G06190	11	9	11	17	12
AT3G06200	6	8	4	8	12
AT3G06210	5	0	4	2	4
AT3G06220	1	5	0	3	2
AT3G06240	6	9	5	5	10
AT3G06250	13	4	3	7	5
AT3G06270	7	5	5	6	8
AT3G06290	3	7	3	4	11
AT3G06300	7	9	9	6	15
AT3G06310	31	36	19	24	23
AT3G06320	22	34	37	52	76
AT3G06330	14	13	8	13	12
AT3G06340	7	11	7	6	4
AT3G06350	29	43	14	21	21
AT3G06360	4	3	0	0	0
AT3G06370	0	1	2	0	1
AT3G06380	28	32	16	30	32
AT3G06390	0	0	1	0	0
AT3G06400	29	40	31	38	66
AT3G06410	12	16	16	18	18
AT3G06420	17	6	14	16	21
AT3G06430	35	39	25	17	20
AT3G06435	1	3	3	4	3
AT3G06440	9	3	4	4	3
AT3G06450	19	21	15	21	9
AT3G06470	17	15	13	6	17
AT3G06480	12	9	8	7	2
AT3G06483	70	70	43	53	46
AT3G06490	1	0	0	0	0
AT3G06500	11	14	15	12	15
AT3G06510	70	54	29	45	48
AT3G06520	1	0	0	1	0
AT3G06530	10	22	12	23	28
AT3G06540	10	7	9	7	13
AT3G06550	33	45	35	26	57
AT3G06570	2	3	3	6	3
AT3G06580	49	41	17	36	44
AT3G06590	28	28	18	12	14
AT3G06600	1	2	0	0	0
AT3G06610	35	54	28	32	66
AT3G06620	9	6	2	7	2
AT3G06630	1	0	0	1	0
AT3G06640	1	0	0	0	0
AT3G06650	100	89	80	68	83
AT3G06660	3	13	12	26	24
AT3G06670	17	9	13	11	15
AT3G06680	75	88	74	64	112
AT3G06690	1	2	4	2	2
AT3G06700	297	403	294	294	448
AT3G06710	1	1	3	0	0
AT3G06720	40	35	28	48	61
AT3G06730	66	81	51	43	62
AT3G06740	19	20	12	14	18
AT3G06750	56	36	47	34	49
AT3G06760	6	7	6	11	11
AT3G06770	38	47	8	12	12
AT3G06778	0	4	3	1	4
AT3G06780	20	12	3	9	12
AT3G06790	26	24	28	24	50
AT3G06810	6	10	13	12	10
AT3G06820	10	10	9	6	8
AT3G06830	0	0	0	0	2
AT3G06840	2	11	0	1	2
AT3G06850	24	20	12	19	18
AT3G06860	28	26	12	23	27
AT3G06868	11	15	6	11	12
AT3G06870	1	1	1	1	3
AT3G06880	33	30	15	29	30
AT3G06890	3	0	0	0	3
AT3G06900	0	0	0	3	0
AT3G06910	7	11	4	6	2
AT3G06930	14	24	22	17	27
AT3G06950	27	46	11	19	34
AT3G06960	15	24	10	13	28
AT3G06962	0	1	0	0	0
AT3G06980	62	52	25	12	27
AT3G06985	0	2	0	2	0
AT3G07000	1	0	0	1	0
AT3G07010	34	36	8	24	33
AT3G07020	21	12	9	8	23
AT3G07030	4	3	1	3	2
AT3G07040	4	2	3	9	9
AT3G07050	6	6	5	6	14
AT3G07060	6	1	6	12	8
AT3G07080	1	6	6	5	8
AT3G07090	26	17	27	19	26
AT3G07100	22	19	21	17	28
AT3G07110	245	285	151	163	205
AT3G07130	2	4	2	1	2
AT3G07140	8	4	5	6	13
AT3G07150	0	1	1	0	0
AT3G07160	21	28	23	30	38
AT3G07170	32	21	19	19	24
AT3G07180	16	21	14	22	34
AT3G07190	4	6	3	3	5
AT3G07195	0	1	1	1	4
AT3G07200	20	20	10	15	12
AT3G07210	6	9	3	3	4
AT3G07215	7	2	8	3	8
AT3G07220	9	19	15	13	19
AT3G07230	159	162	238	214	314
AT3G07250	0	0	1	0	1
AT3G07260	1	3	0	1	1
AT3G07270	13	14	11	15	18
AT3G07273	0	3	2	0	0
AT3G07290	3	2	0	3	1
AT3G07300	21	13	18	22	35
AT3G07310	49	39	24	28	29
AT3G07320	21	37	16	17	18
AT3G07330	6	21	14	20	17
AT3G07340	5	6	9	18	13
AT3G07350	3	0	8	2	5
AT3G07360	29	22	11	15	25
AT3G07370	4	4	3	10	5
AT3G07390	68	85	39	35	52
AT3G07400	18	9	12	11	19
AT3G07410	16	19	8	9	14
AT3G07420	4	4	2	1	2
AT3G07430	95	126	48	58	77
AT3G07440	11	13	2	12	8
AT3G07460	131	124	53	90	105
AT3G07470	76	70	53	38	76
AT3G07480	128	123	118	107	138
AT3G07500	13	5	3	2	4
AT3G07510	13	16	5	14	15
AT3G07520	7	6	12	10	10
AT3G07525	7	5	6	6	14
AT3G07530	2	0	0	1	0
AT3G07540	11	11	8	5	7
AT3G07550	9	5	3	4	11
AT3G07560	84	73	58	80	72
AT3G07565	12	1	4	9	9
AT3G07568	47	51	48	64	57
AT3G07570	5	4	0	2	4
AT3G07580	9	10	6	17	13
AT3G07590	19	23	8	17	31
AT3G07600	3	2	4	3	4
AT3G07610	10	6	2	6	4
AT3G07630	18	18	17	22	22
AT3G07640	25	23	11	24	25
AT3G07650	6	6	16	23	23
AT3G07660	38	39	31	32	26
AT3G07670	23	32	17	12	27
AT3G07680	33	46	30	43	38
AT3G07690	5	2	2	6	9
AT3G07700	25	9	7	11	11
AT3G07720	14	9	8	19	22
AT3G07730	0	0	2	0	0
AT3G07740	7	8	5	7	17
AT3G07750	4	13	15	8	17
AT3G07760	19	12	8	15	17
AT3G07770	35	37	21	19	41
AT3G07780	35	22	22	25	40
AT3G07790	35	29	46	36	37
AT3G07800	34	41	22	30	35
AT3G07810	24	23	18	19	33
AT3G07830	0	0	1	0	0
AT3G07860	3	18	10	6	18
AT3G07870	3	1	7	4	2
AT3G07880	41	57	49	49	62
AT3G07890	10	12	4	4	4
AT3G07900	0	0	0	0	1
AT3G07910	22	57	32	55	46
AT3G07930	1	2	2	3	7
AT3G07940	10	0	3	4	2
AT3G07950	10	11	12	6	21
AT3G07960	1	1	0	0	1
AT3G07980	2	7	0	1	9
AT3G07990	20	15	14	8	11
AT3G08000	2	6	3	6	10
AT3G08010	45	42	24	24	26
AT3G08020	15	12	11	17	16
AT3G08030	186	207	83	144	187
AT3G08505	9	11	3	5	8
AT3G08510	69	84	46	48	59
AT3G08520	111	131	139	118	165
AT3G08530	46	74	47	54	57
AT3G08550	26	26	17	19	14
AT3G08570	1	2	0	1	0
AT3G08580	496	583	406	409	505
AT3G08590	47	42	75	93	89
AT3G08600	6	12	3	10	5
AT3G08610	244	249	199	194	244
AT3G08620	6	6	5	13	4
AT3G08630	10	9	4	9	12
AT3G08640	35	40	15	31	28
AT3G08650	70	54	29	65	59
AT3G08660	2	1	0	0	0
AT3G08670	6	11	6	2	4
AT3G08680	17	21	8	11	14
AT3G08690	24	23	38	33	30
AT3G08710	20	15	8	5	27
AT3G08720	1	0	2	2	3
AT3G08730	24	24	15	19	32
AT3G08740	276	268	81	127	148
AT3G08760	12	11	5	4	5
AT3G08770	80	175	72	69	167
AT3G08780	11	9	11	19	11
AT3G08800	3	3	1	2	1
AT3G08820	1	2	0	1	2
AT3G08840	12	7	8	10	6
AT3G08850	36	26	24	32	30
AT3G08860	0	0	0	0	1
AT3G08870	0	2	6	0	1
AT3G08880	8	9	9	6	16
AT3G08890	12	8	11	12	11
AT3G08900	1	2	5	3	2
AT3G08910	6	11	2	2	7
AT3G08920	53	41	9	10	28
AT3G08930	25	26	17	14	18
AT3G08940	2090	2027	323	379	540
AT3G08943	24	22	45	35	38
AT3G08947	4	4	3	3	10
AT3G08950	4	9	4	5	7
AT3G08960	6	3	9	7	7
AT3G08970	0	5	4	6	2
AT3G08980	1	0	1	2	1
AT3G08990	5	5	4	9	8
AT3G09000	8	8	4	13	22
AT3G09010	4	0	7	2	12
AT3G09020	0	1	2	5	6
AT3G09030	10	6	7	16	13
AT3G09032	3	5	0	0	6
AT3G09035	16	23	4	10	5
AT3G09050	29	27	11	15	24
AT3G09060	0	0	1	1	0
AT3G09070	3	5	5	2	5
AT3G09080	0	1	0	0	3
AT3G09085	23	13	21	15	20
AT3G09090	31	22	18	20	38
AT3G09100	12	22	10	20	16
AT3G09150	8	16	7	7	15
AT3G09160	1	0	0	0	0
AT3G09162	1	0	0	0	0
AT3G09180	14	10	6	16	14
AT3G09190	0	4	0	0	2
AT3G09200	407	475	289	369	407
AT3G09210	56	60	22	18	34
AT3G09230	1	2	4	2	4
AT3G09250	18	17	11	9	19
AT3G09260	6	5	5	7	6
AT3G09270	1	0	0	2	2
AT3G09300	31	48	43	40	55
AT3G09310	10	20	17	19	34
AT3G09320	10	7	8	9	17
AT3G09350	10	13	8	13	16
AT3G09360	5	6	2	3	6
AT3G09370	1	1	2	4	1
AT3G09390	429	376	547	654	572
AT3G09405	3	2	0	0	2
AT3G09410	16	14	3	7	9
AT3G09430	2	1	2	3	2
AT3G09440	59	54	90	108	137
AT3G09470	30	44	35	34	43
AT3G09480	5	4	2	1	3
AT3G09490	2	4	2	3	3
AT3G09500	531	664	399	453	590
AT3G09520	0	0	0	2	2
AT3G09540	11	9	15	13	8
AT3G09550	2	1	0	1	0
AT3G09560	6	8	7	7	12
AT3G09570	17	20	12	10	20
AT3G09580	14	25	12	9	18
AT3G09600	6	3	4	5	5
AT3G09630	285	361	162	193	227
AT3G09650	18	17	10	19	23
AT3G09660	0	2	0	1	0
AT3G09670	3	3	9	4	7
AT3G09680	0	2	0	0	0
AT3G09690	7	9	9	4	6
AT3G09700	10	9	7	12	19
AT3G09710	7	3	3	6	3
AT3G09720	8	8	6	5	4
AT3G09730	0	5	2	3	0
AT3G09735	51	64	95	73	72
AT3G09740	58	83	71	70	92
AT3G09760	10	7	3	1	6
AT3G09770	22	22	11	20	22
AT3G09780	1	0	0	0	3
AT3G09790	0	1	0	1	0
AT3G09800	25	11	9	11	17
AT3G09810	31	18	15	21	29
AT3G09820	160	191	90	95	140
AT3G09830	12	6	11	17	11
AT3G09840	95	93	80	99	110
AT3G09850	33	27	13	8	22
AT3G09860	137	163	137	132	174
AT3G09863	0	0	0	1	0
AT3G09870	1	0	1	3	6
AT3G09880	7	6	6	3	11
AT3G09890	11	20	9	27	20
AT3G09900	26	23	16	18	18
AT3G09910	3	4	1	0	4
AT3G09920	3	3	7	15	7
AT3G09940	2	3	4	8	2
AT3G09960	0	1	0	0	0
AT3G09970	14	23	16	18	28
AT3G09980	34	38	33	27	28
AT3G10000	0	1	0	0	0
AT3G10010	9	12	4	13	7
AT3G10020	68	66	80	82	83
AT3G10030	15	11	4	11	8
AT3G10040	3	1	0	1	8
AT3G10050	15	18	15	12	10
AT3G10060	85	130	39	40	58
AT3G10070	13	4	8	3	2
AT3G10080	23	22	14	22	23
AT3G10090	52	65	53	70	51
AT3G10110	4	6	10	10	12
AT3G10113	1	1	0	1	2
AT3G10120	1	4	1	8	1
AT3G10130	16	25	3	14	11
AT3G10140	6	18	11	15	12
AT3G10150	0	2	0	2	0
AT3G10160	20	17	16	13	26
AT3G10180	3	5	0	0	0
AT3G10185	0	2	1	1	0
AT3G10190	4	6	4	7	4
AT3G10200	2	3	1	1	3
AT3G10210	17	11	15	12	16
AT3G10220	19	17	8	17	19
AT3G10230	49	42	31	39	34
AT3G10250	2	4	6	6	10
AT3G10260	39	38	37	29	44
AT3G10270	12	23	21	18	21
AT3G10290	0	0	0	1	0
AT3G10300	6	6	13	18	17
AT3G10310	0	1	0	2	1
AT3G10320	0	2	3	0	0
AT3G10330	12	12	6	9	9
AT3G10340	1	6	0	0	3
AT3G10350	34	28	25	29	32
AT3G10360	7	8	10	7	7
AT3G10370	12	8	11	4	13
AT3G10380	13	17	7	11	14
AT3G10390	6	2	1	2	1
AT3G10400	0	2	6	4	6
AT3G10405	64	76	28	30	50
AT3G10410	32	38	52	55	58
AT3G10420	36	29	10	25	30
AT3G10440	0	1	0	0	3
AT3G10450	10	16	9	8	23
AT3G10480	19	17	9	10	17
AT3G10490	13	15	14	10	15
AT3G10500	10	3	5	14	11
AT3G10510	0	0	0	0	1
AT3G10520	150	157	96	132	169
AT3G10525	28	20	42	63	61
AT3G10530	20	12	2	13	12
AT3G10540	7	10	11	15	20
AT3G10550	5	1	0	2	1
AT3G10570	2	5	2	3	4
AT3G10572	11	15	24	22	21
AT3G10590	0	0	1	0	0
AT3G10600	1	0	0	0	0
AT3G10610	47	52	28	42	37
AT3G10620	41	49	31	30	36
AT3G10630	34	34	10	24	15
AT3G10640	19	8	12	26	31
AT3G10650	15	18	5	7	7
AT3G10660	1	1	5	2	0
AT3G10670	66	56	26	19	15
AT3G10680	0	1	0	1	1
AT3G10690	37	29	10	19	17
AT3G10700	6	5	3	4	1
AT3G10720	68	55	29	35	49
AT3G10730	6	9	6	4	13
AT3G10740	24	17	24	21	25
AT3G10760	20	26	18	19	35
AT3G10770	39	39	42	52	43
AT3G10800	10	12	4	23	22
AT3G10810	10	7	5	9	5
AT3G10815	1	0	0	0	0
AT3G10820	9	1	3	6	4
AT3G10840	17	10	6	16	14
AT3G10845	0	0	1	0	0
AT3G10850	72	80	57	94	103
AT3G10860	171	190	150	163	209
AT3G10870	8	8	5	4	9
AT3G10880	0	0	3	0	3
AT3G10910	3	0	1	0	0
AT3G10912	3	0	1	0	0
AT3G10915	18	21	12	17	18
AT3G10920	185	171	180	204	233
AT3G10930	9	2	16	14	22
AT3G10940	40	38	11	11	20
AT3G10960	14	11	3	7	7
AT3G10970	42	59	24	25	19
AT3G10980	20	13	12	7	12
AT3G10985	7	13	11	16	25
AT3G11000	2	7	1	0	3
AT3G11010	44	21	51	55	46
AT3G11020	1	4	4	10	2
AT3G11030	8	8	6	7	7
AT3G11040	0	1	0	0	0
AT3G11050	0	5	1	0	1
AT3G11070	10	10	5	5	4
AT3G11080	0	1	0	1	0
AT3G11090	22	16	31	24	29
AT3G11100	4	7	9	3	8
AT3G11110	4	4	5	3	5
AT3G11120	308	358	204	270	316
AT3G11130	56	67	42	39	53
AT3G11170	103	130	45	45	73
AT3G11200	17	15	27	25	39
AT3G11210	8	8	9	7	4
AT3G11220	0	5	6	2	6
AT3G11230	20	15	28	43	43
AT3G11240	3	3	1	4	4
AT3G11250	39	34	31	23	39
AT3G11270	6	3	16	19	22
AT3G11280	22	16	22	18	16
AT3G11290	5	10	12	5	8
AT3G11320	9	2	10	9	7
AT3G11330	11	23	19	19	16
AT3G11340	1	0	0	0	1
AT3G11397	14	10	18	18	14
AT3G11400	80	127	61	56	99
AT3G11402	15	12	19	18	18
AT3G11410	22	15	7	9	15
AT3G11415	0	0	0	0	1
AT3G11420	7	8	5	3	2
AT3G11430	0	0	1	0	2
AT3G11440	0	4	3	1	1
AT3G11450	20	21	27	24	41
AT3G11460	0	0	2	0	1
AT3G11470	2	5	5	3	4
AT3G11480	0	0	0	0	3
AT3G11490	5	6	4	2	5
AT3G11500	54	57	49	66	75
AT3G11510	436	516	305	364	464
AT3G11520	3	6	6	6	6
AT3G11530	19	17	9	26	25
AT3G11540	15	12	17	11	17
AT3G11560	61	62	49	38	53
AT3G11570	59	60	48	33	49
AT3G11580	2	6	3	5	5
AT3G11590	12	15	12	11	10
AT3G11591	10	3	6	6	3
AT3G11600	9	16	7	0	3
AT3G11620	13	9	3	8	6
AT3G11630	801	824	278	309	428
AT3G11640	0	2	0	0	0
AT3G11650	7	7	10	16	7
AT3G11660	21	33	41	51	46
AT3G11670	23	27	12	19	33
AT3G11680	1	1	0	1	0
AT3G11690	0	7	1	1	2
AT3G11700	135	120	53	79	77
AT3G11710	56	74	52	82	91
AT3G11720	4	10	11	7	6
AT3G11730	31	28	29	23	46
AT3G11745	3	1	0	3	8
AT3G11750	3	4	4	5	3
AT3G11760	10	6	8	1	8
AT3G11770	15	13	16	25	25
AT3G11773	0	0	1	0	0
AT3G11780	70	62	56	56	90
AT3G11800	39	56	31	48	46
AT3G11810	22	12	16	20	21
AT3G11820	20	24	30	27	28
AT3G11830	32	42	45	69	73
AT3G11840	2	2	5	3	4
AT3G11850	8	9	7	8	14
AT3G11860	0	2	7	3	2
AT3G11880	13	11	21	19	24
AT3G11890	5	18	2	10	11
AT3G11900	4	5	9	8	14
AT3G11910	15	20	18	22	33
AT3G11930	118	102	61	71	80
AT3G11940	673	793	607	671	851
AT3G11945	37	49	19	22	16
AT3G11950	2	2	3	4	8
AT3G11960	14	16	12	14	21
AT3G11964	11	22	8	13	16
AT3G12010	17	18	31	18	15
AT3G12012	17	18	31	18	15
AT3G12020	5	7	9	10	15
AT3G12030	7	11	10	15	11
AT3G12040	9	2	4	4	3
AT3G12050	30	42	23	25	38
AT3G12070	1	1	2	3	4
AT3G12080	39	38	37	55	83
AT3G12090	1	4	0	3	0
AT3G12100	16	8	10	6	16
AT3G12110	33	34	13	15	20
AT3G12120	437	520	367	378	484
AT3G12130	19	18	12	13	12
AT3G12140	22	26	10	26	21
AT3G12145	38	95	39	42	43
AT3G12150	6	13	1	3	5
AT3G12160	0	0	1	0	0
AT3G12170	3	4	0	0	3
AT3G12180	9	10	10	12	7
AT3G12200	16	9	7	14	11
AT3G12203	0	0	0	3	0
AT3G12210	23	12	12	15	18
AT3G12220	5	0	3	3	6
AT3G12250	5	7	6	4	8
AT3G12260	148	167	119	123	160
AT3G12270	15	17	39	41	47
AT3G12280	16	16	13	19	21
AT3G12290	136	124	63	102	107
AT3G12300	4	19	6	18	16
AT3G12320	10	11	7	10	20
AT3G12340	6	10	2	7	4
AT3G12345	137	148	38	45	68
AT3G12350	7	8	8	8	7
AT3G12360	20	23	16	20	25
AT3G12370	26	31	25	15	23
AT3G12380	6	7	7	11	13
AT3G12390	94	117	87	110	125
AT3G12400	16	27	16	16	34
AT3G12410	0	2	0	0	0
AT3G12460	0	2	1	1	0
AT3G12470	2	0	0	0	0
AT3G12480	14	25	15	18	13
AT3G12490	160	158	141	148	192
AT3G12500	0	0	2	1	4
AT3G12510	0	3	1	4	5
AT3G12520	0	2	0	1	3
AT3G12530	7	4	5	10	7
AT3G12550	5	4	2	7	2
AT3G12560	9	4	7	5	7
AT3G12570	20	26	17	27	23
AT3G12580	3	0	12	19	20
AT3G12587	22	24	33	35	57
AT3G12590	10	12	3	9	10
AT3G12600	11	17	12	21	16
AT3G12610	53	79	43	57	42
AT3G12620	10	10	6	9	7
AT3G12630	23	15	21	31	25
AT3G12640	5	8	12	8	14
AT3G12650	15	10	10	8	14
AT3G12670	30	44	22	25	33
AT3G12680	18	11	4	23	11
AT3G12685	17	13	4	19	15
AT3G12690	4	1	4	1	3
AT3G12700	15	13	15	15	22
AT3G12710	9	3	4	2	6
AT3G12730	3	2	5	2	0
AT3G12740	20	13	13	14	18
AT3G12750	7	3	0	6	8
AT3G12760	38	32	47	50	38
AT3G12770	4	0	1	4	5
AT3G12780	1140	1037	311	359	432
AT3G12800	89	81	84	89	103
AT3G12810	16	8	5	3	6
AT3G12820	3	1	0	0	3
AT3G12830	4	2	8	8	12
AT3G12860	3	1	4	8	2
AT3G12870	12	14	8	9	9
AT3G12890	1	0	0	0	1
AT3G12915	1	2	5	5	6
AT3G12920	37	49	17	27	43
AT3G12930	71	114	44	48	57
AT3G12940	9	0	1	5	3
AT3G12950	9	8	10	6	14
AT3G12965	166	184	130	125	217
AT3G12970	1	2	0	0	1
AT3G12977	0	0	0	0	1
AT3G12980	8	8	9	6	7
AT3G12990	13	9	8	17	11
AT3G13000	10	12	2	6	1
AT3G13030	13	15	6	12	10
AT3G13040	35	28	19	24	38
AT3G13050	9	4	6	8	5
AT3G13060	15	25	24	24	23
AT3G13061	11	18	18	15	16
AT3G13062	20	25	41	23	31
AT3G13065	1	1	0	3	1
AT3G13070	14	29	16	13	16
AT3G13080	11	8	33	35	38
AT3G13090	0	1	0	0	0
AT3G13100	4	0	2	1	3
AT3G13110	37	51	22	26	28
AT3G13120	391	480	166	212	290
AT3G13150	0	4	6	10	7
AT3G13160	12	12	8	9	10
AT3G13175	17	34	19	16	18
AT3G13180	18	42	6	19	18
AT3G13190	7	14	8	7	9
AT3G13200	60	63	53	73	79
AT3G13210	0	1	1	1	3
AT3G13222	10	18	9	18	13
AT3G13224	14	16	9	16	6
AT3G13225	18	10	11	12	14
AT3G13226	15	16	6	6	15
AT3G13230	45	47	26	34	40
AT3G13235	11	9	3	13	11
AT3G13275	2	1	4	2	2
AT3G13277	3	0	0	1	1
AT3G13290	17	14	9	8	3
AT3G13300	29	44	30	47	32
AT3G13310	10	6	3	9	9
AT3G13320	10	19	7	9	15
AT3G13330	18	28	42	46	53
AT3G13340	25	22	31	37	27
AT3G13350	20	12	9	8	10
AT3G13360	17	11	13	17	14
AT3G13380	6	2	7	17	19
AT3G13404	1	3	0	1	1
AT3G13405	0	1	0	0	1
AT3G13410	136	144	92	123	113
AT3G13420	3	3	2	1	3
AT3G13430	4	3	3	4	3
AT3G13433	0	0	1	0	0
AT3G13435	1	0	2	1	3
AT3G13437	4	3	10	7	15
AT3G13440	12	14	7	23	25
AT3G13445	22	22	16	20	20
AT3G13450	15	26	7	3	7
AT3G13460	87	93	131	112	150
AT3G13470	136	127	68	75	90
AT3G13480	20	26	11	11	22
AT3G13490	51	44	20	24	25
AT3G13510	11	17	13	12	4
AT3G13520	230	211	156	155	239
AT3G13525	0	1	0	0	0
AT3G13530	15	11	8	11	11
AT3G13540	2	1	0	0	1
AT3G13550	11	4	11	12	11
AT3G13560	18	12	10	28	22
AT3G13570	64	55	44	54	58
AT3G13580	67	85	85	108	132
AT3G13590	5	1	0	0	0
AT3G13600	0	0	0	0	1
AT3G13610	2	0	0	1	0
AT3G13620	5	2	2	3	12
AT3G13640	2	2	0	0	0
AT3G13650	4	5	2	0	0
AT3G13662	0	0	0	0	1
AT3G13670	37	36	29	33	36
AT3G13672	36	34	26	32	35
AT3G13674	7	11	10	2	13
AT3G13677	10	7	11	8	7
AT3G13682	2	0	0	0	0
AT3G13690	17	14	9	6	10
AT3G13700	12	11	10	3	6
AT3G13710	12	11	10	3	6
AT3G13720	20	18	9	20	20
AT3G13730	0	1	1	1	0
AT3G13740	36	49	21	15	18
AT3G13750	122	134	88	113	126
AT3G13770	0	0	0	2	1
AT3G13772	26	33	23	38	46
AT3G13780	2	1	1	5	3
AT3G13782	0	1	1	0	0
AT3G13784	0	1	0	2	1
AT3G13790	8	13	18	13	16
AT3G13800	3	2	8	1	6
AT3G13810	6	3	8	6	10
AT3G13840	0	1	0	0	0
AT3G13845	26	28	10	19	28
AT3G13850	2	0	0	0	0
AT3G13855	3	1	0	0	2
AT3G13857	1	0	0	0	2
AT3G13860	24	13	21	25	30
AT3G13870	45	61	41	29	66
AT3G13880	1	0	2	4	2
AT3G13882	44	25	30	30	32
AT3G13900	0	0	0	1	0
AT3G13910	12	15	8	12	27
AT3G13920	258	284	121	183	258
AT3G13930	53	76	31	53	63
AT3G13940	6	11	10	16	15
AT3G13950	5	1	2	0	6
AT3G13960	4	2	3	4	0
AT3G13970	9	3	4	5	14
AT3G13980	10	4	2	4	4
AT3G13990	30	17	26	25	32
AT3G14000	5	7	2	5	4
AT3G14010	14	14	15	16	10
AT3G14020	1	3	0	1	0
AT3G14050	10	5	5	5	10
AT3G14060	1	0	0	0	1
AT3G14067	64	54	68	68	82
AT3G14070	1	1	0	1	1
AT3G14075	6	1	12	11	10
AT3G14080	11	16	7	11	12
AT3G14090	12	6	4	13	8
AT3G14100	84	91	58	59	100
AT3G14110	166	179	69	74	86
AT3G14120	17	4	12	24	15
AT3G14130	10	7	1	11	16
AT3G14150	21	31	16	16	17
AT3G14160	3	2	3	6	10
AT3G14170	3	0	1	0	1
AT3G14172	21	7	6	1	14
AT3G14180	8	7	6	2	15
AT3G14190	7	8	2	7	9
AT3G14200	13	15	12	19	30
AT3G14205	12	5	10	7	7
AT3G14210	1154	1163	431	622	783
AT3G14220	38	31	30	23	48
AT3G14230	37	52	21	14	20
AT3G14240	70	100	30	43	62
AT3G14270	19	12	5	13	11
AT3G14280	3	2	9	2	3
AT3G14290	84	71	82	76	89
AT3G14310	221	206	131	160	170
AT3G14330	0	1	0	1	0
AT3G14340	15	16	16	12	20
AT3G14350	29	34	31	25	30
AT3G14360	1	1	1	2	1
AT3G14380	2	0	0	0	1
AT3G14390	52	40	13	30	25
AT3G14395	8	4	3	1	12
AT3G14400	6	8	5	9	10
AT3G14410	7	6	8	8	19
AT3G14415	337	332	229	289	322
AT3G14420	582	625	405	470	631
AT3G14430	36	21	19	23	25
AT3G14440	3	0	1	0	0
AT3G14450	1	1	0	0	1
AT3G14452	0	0	1	0	0
AT3G14460	1	0	0	0	0
AT3G14470	1	3	1	13	3
AT3G14540	1	0	0	0	0
AT3G14550	2	6	0	0	2
AT3G14560	2	8	3	4	3
AT3G14570	4	0	2	2	0
AT3G14590	1	3	1	2	1
AT3G14595	25	39	19	33	33
AT3G14600	110	131	106	113	138
AT3G14610	0	3	0	2	1
AT3G14620	7	4	7	12	7
AT3G14630	4	2	2	5	2
AT3G14650	73	59	48	54	75
AT3G14660	47	44	38	35	50
AT3G14680	0	1	0	0	1
AT3G14690	45	41	46	54	81
AT3G14700	0	0	0	1	0
AT3G14710	0	0	1	0	0
AT3G14720	23	30	20	19	22
AT3G14730	1	1	0	1	3
AT3G14735	1	0	0	0	0
AT3G14740	6	8	3	6	8
AT3G14750	4	7	3	6	4
AT3G14760	7	9	2	2	3
AT3G14770	5	3	4	1	4
AT3G14780	0	0	0	2	0
AT3G14790	28	33	12	21	31
AT3G14810	15	11	6	11	16
AT3G14830	15	18	9	20	7
AT3G14840	27	41	27	21	35
AT3G14850	3	2	4	5	2
AT3G14860	15	20	12	30	25
AT3G14870	1	5	0	2	1
AT3G14890	8	12	0	2	7
AT3G14900	8	18	7	9	5
AT3G14910	5	5	3	14	9
AT3G14920	12	14	14	16	11
AT3G14930	155	168	50	53	58
AT3G14940	9	6	3	5	5
AT3G14950	0	1	0	0	0
AT3G14960	3	8	9	5	5
AT3G14980	13	4	6	6	4
AT3G14990	14	28	26	12	19
AT3G15000	143	174	140	169	172
AT3G15010	11	10	15	9	21
AT3G15020	24	28	26	22	13
AT3G15030	64	82	26	24	34
AT3G15040	10	10	6	10	20
AT3G15060	5	10	7	15	18
AT3G15070	6	12	8	15	9
AT3G15080	4	7	5	3	7
AT3G15090	8	17	11	13	12
AT3G15095	31	29	17	29	22
AT3G15110	40	40	24	28	49
AT3G15115	6	2	0	1	1
AT3G15120	7	6	4	12	4
AT3G15140	6	15	7	7	7
AT3G15150	3	0	0	2	4
AT3G15160	7	10	6	16	16
AT3G15180	7	6	12	9	12
AT3G15190	348	457	142	117	178
AT3G15200	14	8	3	1	5
AT3G15210	18	14	10	12	34
AT3G15220	3	1	5	4	1
AT3G15240	0	0	0	1	0
AT3G15260	24	28	16	33	21
AT3G15270	1	6	2	1	3
AT3G15280	0	0	0	1	0
AT3G15290	16	8	9	18	10
AT3G15300	2	1	1	0	0
AT3G15340	1	0	0	0	0
AT3G15350	10	14	7	12	9
AT3G15351	20	2	7	3	8
AT3G15352	7	7	8	7	16
AT3G15353	831	658	764	796	965
AT3G15354	9	14	6	13	11
AT3G15355	7	5	9	4	5
AT3G15356	5	15	10	10	9
AT3G15357	1	4	0	3	3
AT3G15358	4	1	5	4	4
AT3G15360	338	359	94	88	170
AT3G15380	13	11	12	24	9
AT3G15390	4	5	2	5	1
AT3G15395	22	18	18	31	28
AT3G15400	5	6	6	5	3
AT3G15410	21	23	11	24	24
AT3G15420	1	1	3	4	3
AT3G15430	22	22	19	18	17
AT3G15450	269	271	95	78	87
AT3G15460	10	8	8	4	12
AT3G15470	10	13	7	4	9
AT3G15480	78	95	77	71	95
AT3G15500	0	0	0	0	2
AT3G15510	0	0	1	1	1
AT3G15518	1	10	6	3	6
AT3G15520	55	51	17	16	25
AT3G15530	18	13	8	23	13
AT3G15536	8	8	46	50	46
AT3G15540	16	23	4	5	7
AT3G15550	4	5	3	7	12
AT3G15570	48	56	30	28	40
AT3G15580	63	54	80	81	76
AT3G15590	19	22	16	22	19
AT3G15605	1	0	0	0	0
AT3G15610	18	21	12	14	22
AT3G15620	1	2	1	4	2
AT3G15630	43	25	27	14	14
AT3G15640	46	83	48	36	73
AT3G15650	1	1	0	0	0
AT3G15660	46	47	51	62	59
AT3G15670	2	0	0	0	0
AT3G15680	18	42	15	19	25
AT3G15690	30	50	23	13	25
AT3G15710	41	37	26	49	43
AT3G15720	3	0	3	2	2
AT3G15730	161	208	160	181	200
AT3G15740	0	2	0	0	0
AT3G15750	2	2	2	5	4
AT3G15760	3	2	1	6	9
AT3G15770	4	9	5	6	5
AT3G15780	12	12	14	11	15
AT3G15790	15	14	16	19	16
AT3G15800	3	0	1	0	2
AT3G15810	37	38	42	64	62
AT3G15820	18	10	13	17	15
AT3G15840	239	176	92	71	115
AT3G15850	72	94	43	49	64
AT3G15880	35	34	23	26	55
AT3G15890	3	2	5	3	2
AT3G15900	23	41	19	24	39
AT3G15920	13	13	12	16	19
AT3G15930	1	0	0	0	0
AT3G15940	8	14	10	13	12
AT3G15950	1	1	0	1	0
AT3G15970	11	12	10	11	21
AT3G15980	32	36	21	23	25
AT3G15990	1	0	3	1	0
AT3G16000	114	140	24	35	40
AT3G16010	4	6	0	9	4
AT3G16030	1	2	6	7	5
AT3G16040	0	0	0	1	0
AT3G16050	8	4	3	3	4
AT3G16060	30	21	34	48	39
AT3G16070	1	1	1	0	0
AT3G16080	262	315	131	195	218
AT3G16090	7	4	7	9	12
AT3G16100	25	49	26	22	26
AT3G16110	6	13	7	20	14
AT3G16120	0	1	0	0	1
AT3G16130	732	798	188	208	284
AT3G16140	1222	1225	284	291	427
AT3G16150	0	1	0	1	1
AT3G16170	6	10	3	8	14
AT3G16175	1	0	0	1	2
AT3G16180	40	26	7	28	20
AT3G16190	32	20	30	25	51
AT3G16200	10	14	6	7	11
AT3G16220	20	18	27	35	37
AT3G16230	6	10	12	13	9
AT3G16240	1054	1208	539	589	748
AT3G16250	103	115	46	51	77
AT3G16260	16	15	11	8	14
AT3G16270	11	13	15	8	13
AT3G16280	0	1	0	3	0
AT3G16290	28	28	12	12	16
AT3G16310	15	15	16	18	12
AT3G16320	1	0	1	1	2
AT3G16330	0	0	2	4	2
AT3G16340	3	4	3	3	3
AT3G16350	4	4	5	4	9
AT3G16360	2	0	0	1	0
AT3G16370	631	621	546	538	755
AT3G16380	0	1	2	1	4
AT3G16400	19	10	12	13	25
AT3G16410	2	5	0	0	2
AT3G16420	4	7	14	9	15
AT3G16430	0	0	0	1	0
AT3G16450	0	3	0	2	1
AT3G16460	6	4	4	8	5
AT3G16470	44	48	26	30	40
AT3G16480	14	24	13	22	21
AT3G16490	2	0	1	0	1
AT3G16500	18	14	12	22	12
AT3G16510	1	1	2	1	1
AT3G16520	110	104	61	59	98
AT3G16530	18	4	11	13	19
AT3G16560	8	8	6	9	9
AT3G16565	15	4	10	8	3
AT3G16570	42	40	40	50	65
AT3G16620	7	10	7	5	8
AT3G16630	30	27	30	18	27
AT3G16640	2070	2042	1386	1708	1917
AT3G16650	0	2	7	2	1
AT3G16660	7	13	4	6	4
AT3G16670	56	71	6	8	11
AT3G16690	0	0	3	1	0
AT3G16700	10	11	6	7	5
AT3G16710	0	0	1	1	0
AT3G16712	3	1	0	1	2
AT3G16720	3	4	7	5	12
AT3G16730	4	5	1	5	8
AT3G16740	4	7	3	12	3
AT3G16750	5	6	5	8	3
AT3G16760	37	21	26	10	16
AT3G16770	55	39	21	40	31
AT3G16780	74	91	44	55	63
AT3G16785	14	5	6	14	14
AT3G16800	5	13	1	2	0
AT3G16810	5	16	11	13	18
AT3G16830	11	36	20	10	9
AT3G16840	9	22	21	24	26
AT3G16850	39	42	35	39	37
AT3G16857	13	8	11	13	14
AT3G16860	0	0	2	2	2
AT3G16870	16	9	7	8	19
AT3G16910	13	8	11	22	18
AT3G16920	8	8	3	0	4
AT3G16940	10	7	13	13	26
AT3G16950	16	21	7	16	6
AT3G16980	0	1	0	0	3
AT3G16990	4	6	13	13	11
AT3G17000	25	23	30	16	27
AT3G17020	175	170	166	190	195
AT3G17030	1	2	4	0	1
AT3G17040	42	30	14	8	12
AT3G17070	6	7	13	4	17
AT3G17090	33	35	33	32	39
AT3G17100	34	21	22	12	21
AT3G17120	28	21	9	29	18
AT3G17130	2	0	0	2	5
AT3G17160	26	45	24	24	40
AT3G17170	83	126	44	46	61
AT3G17185	11	29	60	41	88
AT3G17205	10	15	16	18	8
AT3G17210	93	114	80	92	106
AT3G17225	0	0	2	1	2
AT3G17240	44	39	35	27	37
AT3G17250	4	3	3	9	2
AT3G17280	1	0	0	0	0
AT3G17300	28	25	36	33	60
AT3G17310	3	4	2	7	4
AT3G17330	9	7	10	13	13
AT3G17340	9	8	4	15	7
AT3G17350	12	9	7	4	6
AT3G17360	4	11	4	6	6
AT3G17365	9	6	5	4	7
AT3G17380	2	3	1	0	6
AT3G17390	409	460	305	344	444
AT3G17410	65	42	51	66	77
AT3G17420	4	8	4	5	1
AT3G17430	8	12	13	11	19
AT3G17440	17	21	9	19	19
AT3G17450	2	7	7	2	1
AT3G17465	8	19	19	15	27
AT3G17470	16	20	16	10	13
AT3G17510	15	14	13	25	19
AT3G17590	20	19	9	17	24
AT3G17609	3	3	7	5	13
AT3G17611	2	1	3	4	4
AT3G17626	2	0	9	4	6
AT3G17630	0	0	0	0	2
AT3G17640	5	0	9	3	2
AT3G17650	21	33	23	32	27
AT3G17660	0	2	3	5	0
AT3G17668	6	7	7	5	6
AT3G17670	4	9	4	5	5
AT3G17680	10	10	7	9	7
AT3G17690	0	0	4	4	5
AT3G17700	17	5	16	16	7
AT3G17710	0	0	0	0	2
AT3G17712	2	0	0	0	0
AT3G17720	0	0	1	0	0
AT3G17730	2	0	0	0	0
AT3G17740	4	9	3	9	11
AT3G17750	9	11	6	6	6
AT3G17770	13	19	15	5	11
AT3G17780	46	34	36	24	32
AT3G17790	7	3	9	10	19
AT3G17800	49	34	22	25	50
AT3G17810	21	17	22	15	18
AT3G17820	16	30	19	19	24
AT3G17830	3	6	2	3	7
AT3G17840	5	7	2	6	4
AT3G17850	26	7	12	14	24
AT3G17860	15	16	4	8	11
AT3G17880	31	22	30	37	54
AT3G17890	1	1	2	2	4
AT3G17900	23	18	23	25	41
AT3G17910	6	9	6	6	3
AT3G17920	1	6	3	3	5
AT3G17930	127	122	55	81	75
AT3G17940	12	8	9	6	16
AT3G17950	8	13	6	8	1
AT3G17970	27	22	14	21	24
AT3G17998	47	47	25	48	42
AT3G18000	50	51	25	54	46
AT3G18020	2	2	0	0	1
AT3G18030	6	9	4	7	9
AT3G18035	65	89	44	48	60
AT3G18040	7	18	16	6	19
AT3G18050	90	110	54	49	63
AT3G18060	20	38	17	56	57
AT3G18070	2	2	1	1	2
AT3G18080	189	203	105	89	135
AT3G18090	2	6	2	1	5
AT3G18100	3	4	2	0	2
AT3G18110	16	15	14	17	24
AT3G18130	92	108	58	47	78
AT3G18140	41	46	27	37	44
AT3G18160	9	12	7	14	4
AT3G18165	22	23	23	23	28
AT3G18170	3	7	3	1	4
AT3G18180	1	0	0	0	0
AT3G18190	54	53	39	42	43
AT3G18200	1	0	0	0	0
AT3G18210	14	10	11	20	11
AT3G18215	19	16	21	32	21
AT3G18217	0	0	0	1	0
AT3G18230	14	17	23	12	19
AT3G18240	18	6	9	17	9
AT3G18250	4	0	4	7	6
AT3G18260	1	2	4	0	4
AT3G18270	10	17	12	4	3
AT3G18280	28	38	30	29	43
AT3G18290	23	21	8	7	17
AT3G18295	3	3	3	9	4
AT3G18300	1	3	2	8	6
AT3G18310	0	3	3	3	2
AT3G18320	2	1	2	1	0
AT3G18330	0	0	0	1	0
AT3G18350	5	4	2	5	1
AT3G18370	32	24	18	26	10
AT3G18380	11	7	4	13	8
AT3G18390	44	49	21	18	24
AT3G18410	116	127	84	107	127
AT3G18420	31	42	21	19	26
AT3G18430	22	24	18	22	28
AT3G18440	8	12	9	11	7
AT3G18480	10	30	10	13	30
AT3G18485	0	0	1	1	1
AT3G18490	130	119	97	116	128
AT3G18500	20	21	15	22	15
AT3G18510	4	2	2	13	8
AT3G18520	9	9	10	11	8
AT3G18524	7	1	1	4	5
AT3G18530	4	9	6	6	4
AT3G18535	3	3	3	2	0
AT3G18550	0	1	0	0	0
AT3G18560	1	3	3	1	4
AT3G18570	0	0	0	1	0
AT3G18580	10	10	4	9	11
AT3G18600	25	24	9	21	10
AT3G18610	0	0	1	1	0
AT3G18620	3	3	1	4	4
AT3G18630	1	2	0	0	1
AT3G18640	7	7	3	8	5
AT3G18660	1	2	0	0	1
AT3G18680	93	93	24	32	58
AT3G18690	15	27	9	13	23
AT3G18710	5	8	4	3	3
AT3G18730	2	6	1	5	4
AT3G18740	412	452	330	325	486
AT3G18750	4	4	9	5	6
AT3G18760	21	24	12	19	24
AT3G18770	0	2	3	0	3
AT3G18773	11	8	3	1	5
AT3G18780	193	225	163	211	191
AT3G18790	19	23	19	12	22
AT3G18800	13	14	4	6	13
AT3G18820	77	80	48	60	57
AT3G18830	30	25	27	41	37
AT3G18850	17	35	12	13	15
AT3G18860	19	18	23	29	34
AT3G18870	7	8	5	6	5
AT3G18880	1	2	2	7	6
AT3G18890	76	102	20	26	34
AT3G18900	3	4	0	0	4
AT3G18910	5	5	4	4	3
AT3G18930	6	6	4	3	2
AT3G18940	24	21	31	17	36
AT3G18950	1	0	0	3	2
AT3G18960	10	10	8	11	5
AT3G18970	11	12	12	12	6
AT3G18980	12	3	2	4	2
AT3G18990	13	5	12	10	8
AT3G19000	6	7	20	13	20
AT3G19002	0	2	0	0	1
AT3G19010	26	13	21	34	40
AT3G19020	0	1	0	2	0
AT3G19030	8	3	57	59	77
AT3G19040	0	0	2	0	1
AT3G19050	6	4	2	3	2
AT3G19080	2	5	3	2	5
AT3G19100	9	14	18	7	8
AT3G19120	13	19	13	17	18
AT3G19130	29	19	27	26	35
AT3G19150	2	6	5	5	10
AT3G19170	122	124	57	84	114
AT3G19180	9	14	6	11	16
AT3G19190	6	11	3	4	11
AT3G19200	0	1	0	0	0
AT3G19210	1	2	2	1	7
AT3G19220	11	6	7	7	4
AT3G19230	0	0	1	0	0
AT3G19240	12	11	4	5	9
AT3G19250	0	0	1	3	0
AT3G19260	5	7	6	6	11
AT3G19280	5	5	2	4	1
AT3G19290	14	18	15	13	24
AT3G19300	2	4	4	0	1
AT3G19320	0	1	0	0	0
AT3G19330	1	0	4	4	4
AT3G19340	43	40	20	39	39
AT3G19350	0	1	0	0	0
AT3G19360	0	3	1	0	2
AT3G19370	16	19	5	12	9
AT3G19380	5	3	2	2	4
AT3G19400	33	17	11	10	15
AT3G19420	30	30	22	29	36
AT3G19430	0	0	0	3	1
AT3G19440	1	6	1	3	4
AT3G19450	40	42	24	40	36
AT3G19460	8	12	14	8	18
AT3G19470	1	4	2	3	1
AT3G19480	9	20	8	9	9
AT3G19490	20	35	15	12	19
AT3G19508	14	7	16	13	11
AT3G19510	7	11	7	5	4
AT3G19515	6	8	14	16	7
AT3G19520	13	14	8	17	16
AT3G19540	4	18	13	10	9
AT3G19550	0	0	2	2	1
AT3G19553	20	28	10	23	21
AT3G19570	3	9	2	8	3
AT3G19580	1	0	2	3	2
AT3G19590	11	26	10	7	12
AT3G19620	2	4	2	0	2
AT3G19630	20	14	11	19	21
AT3G19640	7	17	17	5	12
AT3G19650	8	6	6	8	7
AT3G19660	1	1	4	3	4
AT3G19670	14	7	15	7	1
AT3G19680	16	15	9	13	11
AT3G19700	39	19	23	27	25
AT3G19710	50	27	37	37	37
AT3G19720	34	42	27	30	34
AT3G19740	14	23	6	15	13
AT3G19760	85	115	58	63	90
AT3G19770	3	4	3	4	6
AT3G19780	10	3	1	4	9
AT3G19790	17	16	16	22	27
AT3G19800	51	46	51	50	76
AT3G19810	26	46	14	11	32
AT3G19820	269	325	134	135	163
AT3G19830	3	3	3	2	3
AT3G19840	8	7	6	7	5
AT3G19850	10	18	11	17	22
AT3G19860	18	20	37	38	36
AT3G19870	6	15	4	16	14
AT3G19895	3	6	7	7	8
AT3G19900	26	21	8	22	17
AT3G19910	17	11	19	40	37
AT3G19920	0	0	0	0	1
AT3G19930	33	30	26	28	36
AT3G19950	10	7	11	9	18
AT3G19960	30	30	7	18	30
AT3G19970	6	4	2	6	10
AT3G19980	27	26	17	19	22
AT3G19990	3	4	3	10	9
AT3G20000	44	59	28	51	48
AT3G20010	5	11	5	7	10
AT3G20015	8	6	2	7	13
AT3G20020	8	6	8	10	8
AT3G20040	1	3	2	0	2
AT3G20050	55	55	55	72	87
AT3G20060	74	79	49	71	96
AT3G20070	15	5	8	8	5
AT3G20080	1	6	3	2	7
AT3G20090	5	2	3	2	1
AT3G20100	12	10	11	19	17
AT3G20120	5	9	3	5	13
AT3G20130	2	1	1	0	0
AT3G20150	9	13	3	8	13
AT3G20170	5	7	3	8	3
AT3G20180	0	0	0	0	1
AT3G20190	1	1	0	0	0
AT3G20200	2	1	4	1	0
AT3G20210	0	0	0	1	0
AT3G20220	0	0	0	1	2
AT3G20230	105	129	62	67	96
AT3G20240	15	8	8	7	9
AT3G20250	3	9	7	10	14
AT3G20260	11	12	5	10	5
AT3G20270	7	8	6	14	14
AT3G20280	7	2	6	2	6
AT3G20290	47	30	34	33	45
AT3G20300	5	5	6	8	10
AT3G20310	16	11	26	13	23
AT3G20320	23	19	2	11	20
AT3G20330	27	22	10	15	27
AT3G20340	1	0	0	0	0
AT3G20350	3	10	2	2	4
AT3G20365	2	3	0	0	1
AT3G20380	0	2	0	0	0
AT3G20390	228	227	114	129	157
AT3G20395	0	2	1	0	0
AT3G20410	14	14	17	14	17
AT3G20420	8	3	8	6	6
AT3G20430	7	8	8	6	14
AT3G20440	3	16	19	18	25
AT3G20450	4	5	6	6	4
AT3G20460	0	2	0	0	0
AT3G20470	114	138	61	70	119
AT3G20475	2	1	0	0	1
AT3G20480	4	8	2	3	2
AT3G20490	5	4	2	2	4
AT3G20500	10	20	12	17	17
AT3G20510	32	34	19	17	24
AT3G20530	0	0	0	0	1
AT3G20540	12	8	4	8	18
AT3G20550	15	5	16	15	8
AT3G20560	8	3	10	5	4
AT3G20570	20	29	10	7	15
AT3G20600	15	8	8	12	11
AT3G20620	4	3	6	8	5
AT3G20630	7	13	8	17	14
AT3G20640	3	7	1	1	8
AT3G20650	9	8	7	18	20
AT3G20660	2	1	1	1	0
AT3G20670	61	96	37	50	63
AT3G20680	18	39	15	27	27
AT3G20720	5	4	9	6	13
AT3G20730	8	14	7	7	6
AT3G20740	10	18	7	10	14
AT3G20760	0	0	1	0	0
AT3G20770	75	56	53	66	71
AT3G20780	4	6	6	4	7
AT3G20790	15	41	22	27	37
AT3G20800	11	28	11	14	13
AT3G20810	2	9	14	11	3
AT3G20820	89	80	45	37	69
AT3G20830	2	1	0	1	1
AT3G20860	2	1	4	3	2
AT3G20865	0	1	1	0	5
AT3G20870	25	17	12	22	23
AT3G20890	0	2	1	1	1
AT3G20898	2	2	1	0	0
AT3G20900	2	1	1	0	0
AT3G20910	4	6	6	2	2
AT3G20920	17	26	16	17	32
AT3G20930	9	14	3	7	6
AT3G20960	0	0	0	1	1
AT3G20970	8	18	6	13	19
AT3G20978	0	0	0	0	3
AT3G21055	3630	3509	926	832	1292
AT3G21060	7	6	12	10	14
AT3G21070	13	7	11	20	12
AT3G21080	0	0	1	0	0
AT3G21090	0	0	1	1	0
AT3G21100	9	9	2	4	4
AT3G21110	15	20	6	24	19
AT3G21140	9	10	11	9	6
AT3G21150	0	0	2	2	2
AT3G21160	11	15	8	9	9
AT3G21175	15	9	15	16	15
AT3G21190	13	29	5	17	16
AT3G21200	62	72	37	25	31
AT3G21210	0	0	0	1	1
AT3G21215	18	16	20	29	27
AT3G21220	9	11	16	10	21
AT3G21230	0	3	2	2	2
AT3G21240	1	1	2	3	0
AT3G21250	10	15	12	19	24
AT3G21260	4	1	1	3	6
AT3G21270	8	6	9	3	6
AT3G21280	8	11	9	13	13
AT3G21290	6	3	0	2	4
AT3G21295	6	7	1	5	4
AT3G21300	17	9	7	8	7
AT3G21310	2	0	3	2	0
AT3G21330	0	2	1	0	0
AT3G21350	12	13	21	21	15
AT3G21351	0	0	0	0	2
AT3G21352	0	1	0	0	0
AT3G21360	4	13	4	5	3
AT3G21390	8	10	7	10	11
AT3G21400	3	13	1	7	5
AT3G21420	2	0	1	1	1
AT3G21430	10	15	10	7	17
AT3G21460	9	6	0	2	2
AT3G21465	8	9	11	12	21
AT3G21470	1	1	3	2	3
AT3G21480	12	13	4	0	7
AT3G21510	2	0	0	2	3
AT3G21520	0	0	1	0	2
AT3G21530	0	0	0	0	1
AT3G21540	13	9	6	6	12
AT3G21550	3	5	2	3	0
AT3G21560	5	8	2	8	3
AT3G21580	13	17	10	6	15
AT3G21600	1	3	1	0	2
AT3G21610	14	13	9	23	22
AT3G21620	0	0	0	0	1
AT3G21630	15	14	13	20	14
AT3G21640	10	6	9	4	9
AT3G21650	7	9	12	4	5
AT3G21660	0	1	0	0	0
AT3G21670	8	15	12	19	26
AT3G21680	0	1	0	0	0
AT3G21690	5	17	16	12	21
AT3G21700	1	6	1	1	3
AT3G21740	5	8	3	3	10
AT3G21750	27	21	26	14	32
AT3G21755	2	3	8	7	5
AT3G21760	13	10	21	17	20
AT3G21770	1	2	2	2	0
AT3G21780	1	0	1	3	2
AT3G21781	0	0	0	1	0
AT3G21790	8	7	15	19	17
AT3G21805	1	0	0	0	0
AT3G21810	7	14	3	11	7
AT3G21820	5	18	6	14	14
AT3G21865	44	32	23	33	49
AT3G21870	1	0	3	5	4
AT3G21890	0	0	1	1	4
AT3G21950	9	9	3	6	13
AT3G22060	15	10	11	6	8
AT3G22070	6	5	2	9	6
AT3G22072	6	5	2	9	6
AT3G22090	0	1	0	1	1
AT3G22100	1	0	0	0	0
AT3G22104	11	14	13	13	10
AT3G22110	120	112	115	153	135
AT3G22120	586	629	631	762	871
AT3G22121	26	34	29	45	34
AT3G22142	12	21	6	6	10
AT3G22150	13	5	11	10	20
AT3G22160	7	2	3	5	2
AT3G22170	26	39	23	34	26
AT3G22180	10	3	4	4	5
AT3G22183	1	3	1	0	0
AT3G22190	3	9	12	11	10
AT3G22200	49	39	29	38	49
AT3G22210	145	122	138	127	170
AT3G22220	6	13	5	8	12
AT3G22230	405	492	247	246	350
AT3G22231	1746	1239	1022	927	1084
AT3G22235	1496	1105	988	845	1103
AT3G22240	558	395	365	373	421
AT3G22260	2	8	6	3	9
AT3G22270	18	15	7	17	15
AT3G22290	11	16	18	12	19
AT3G22300	22	24	21	22	27
AT3G22310	13	23	10	21	20
AT3G22320	54	73	55	80	77
AT3G22330	11	18	20	18	39
AT3G22370	13	19	41	39	59
AT3G22380	47	48	26	49	59
AT3G22400	2	0	2	3	0
AT3G22410	2	2	0	0	1
AT3G22415	3	3	1	1	2
AT3G22420	15	9	12	16	25
AT3G22425	12	10	13	16	9
AT3G22430	0	3	0	3	2
AT3G22436	1	1	0	1	1
AT3G22440	66	84	63	92	78
AT3G22450	0	1	1	0	1
AT3G22460	2	0	1	5	3
AT3G22470	1	6	1	3	5
AT3G22480	40	30	29	32	28
AT3G22520	17	18	19	19	36
AT3G22530	23	25	18	13	16
AT3G22540	1	2	0	0	1
AT3G22550	1	2	4	5	8
AT3G22560	4	1	0	0	0
AT3G22590	6	5	5	10	11
AT3G22600	7	6	1	6	8
AT3G22630	53	61	61	47	74
AT3G22660	22	17	12	18	29
AT3G22670	2	2	1	2	2
AT3G22680	19	10	15	10	22
AT3G22690	3	1	2	1	0
AT3G22740	2	0	0	0	0
AT3G22750	2	9	0	1	2
AT3G22760	15	13	5	5	13
AT3G22780	28	18	9	16	25
AT3G22790	8	16	5	8	10
AT3G22800	1	0	0	0	0
AT3G22810	3	0	0	0	0
AT3G22820	0	0	1	3	1
AT3G22830	0	0	1	0	0
AT3G22840	6	7	0	1	6
AT3G22845	57	57	60	46	90
AT3G22850	13	20	29	28	30
AT3G22880	10	11	7	9	16
AT3G22886	1	0	0	0	0
AT3G22890	120	113	90	118	153
AT3G22900	3	4	4	2	1
AT3G22910	1	2	0	2	3
AT3G22930	1	0	3	1	2
AT3G22942	5	3	5	5	7
AT3G22950	13	8	12	12	27
AT3G22960	100	121	53	62	61
AT3G22961	0	0	1	0	0
AT3G22968	34	22	44	45	45
AT3G22970	34	22	44	45	45
AT3G22980	11	12	6	11	12
AT3G22990	7	19	13	11	20
AT3G23000	39	30	18	17	30
AT3G23010	2	0	0	1	1
AT3G23020	2	2	0	6	7
AT3G23030	39	37	17	19	25
AT3G23050	151	142	79	93	118
AT3G23070	19	17	4	10	16
AT3G23080	85	70	12	15	23
AT3G23090	4	9	1	3	2
AT3G23100	8	11	28	36	37
AT3G23110	0	2	5	4	2
AT3G23120	12	8	20	34	20
AT3G23150	7	7	3	3	0
AT3G23160	2	1	0	3	1
AT3G23170	8	3	32	8	27
AT3G23180	0	1	0	0	0
AT3G23190	0	0	0	0	2
AT3G23200	4	1	1	2	3
AT3G23210	4	2	1	7	5
AT3G23250	0	0	1	0	1
AT3G23255	7	9	3	6	1
AT3G23260	0	1	3	3	0
AT3G23280	58	40	49	64	88
AT3G23290	21	19	16	24	6
AT3G23300	36	23	24	13	32
AT3G23310	16	17	8	11	14
AT3G23325	15	35	38	33	49
AT3G23330	1	0	1	2	1
AT3G23340	4	12	4	5	12
AT3G23370	0	3	2	1	2
AT3G23390	298	412	199	198	335
AT3G23400	252	168	55	60	105
AT3G23410	20	24	15	20	26
AT3G23430	6	3	0	0	2
AT3G23440	1	3	1	0	2
AT3G23450	129	132	122	157	154
AT3G23460	1	0	0	0	0
AT3G23480	10	14	10	15	12
AT3G23490	77	57	65	67	104
AT3G23510	2	0	1	0	2
AT3G23530	36	27	22	29	40
AT3G23540	2	3	1	4	2
AT3G23550	0	3	6	3	10
AT3G23560	4	7	3	1	7
AT3G23570	35	31	44	33	48
AT3G23580	19	30	17	26	33
AT3G23590	13	15	9	14	13
AT3G23600	155	148	162	153	216
AT3G23605	10	8	7	9	7
AT3G23610	3	4	5	5	3
AT3G23620	29	43	33	55	54
AT3G23640	31	27	9	13	18
AT3G23660	9	21	27	11	23
AT3G23670	7	9	4	2	9
AT3G23690	41	26	22	28	31
AT3G23700	97	87	47	65	80
AT3G23710	14	19	6	8	11
AT3G23730	57	45	18	24	37
AT3G23740	1	2	1	0	3
AT3G23750	21	25	10	21	21
AT3G23760	47	28	19	31	35
AT3G23780	27	35	13	21	22
AT3G23790	2	3	2	2	2
AT3G23805	35	36	31	26	28
AT3G23810	193	209	89	165	173
AT3G23820	162	124	74	89	121
AT3G23830	28	42	25	24	40
AT3G23840	10	9	5	1	5
AT3G23870	0	0	1	0	1
AT3G23880	9	2	1	1	1
AT3G23890	13	11	2	4	6
AT3G23900	7	15	10	6	12
AT3G23910	5	13	9	8	7
AT3G23920	13	28	14	17	28
AT3G23930	0	2	0	1	0
AT3G23940	73	81	53	63	84
AT3G23960	0	0	1	0	0
AT3G23980	31	23	12	16	18
AT3G23990	34	65	36	47	81
AT3G24000	0	0	0	4	3
AT3G24010	16	18	13	16	17
AT3G24020	1	0	0	1	1
AT3G24030	6	8	8	13	13
AT3G24040	24	29	14	15	25
AT3G24050	17	21	10	10	20
AT3G24070	4	8	8	4	8
AT3G24080	33	45	34	32	49
AT3G24090	0	2	3	1	3
AT3G24100	38	32	46	34	73
AT3G24110	1	0	0	0	0
AT3G24120	14	7	11	12	13
AT3G24140	10	9	4	13	23
AT3G24150	10	14	7	6	8
AT3G24160	68	79	65	71	74
AT3G24170	37	48	43	69	69
AT3G24180	22	24	17	17	17
AT3G24190	15	19	13	23	25
AT3G24200	8	22	20	11	11
AT3G24225	0	0	0	1	0
AT3G24240	1	0	0	0	0
AT3G24255	1	5	0	2	5
AT3G24315	13	19	19	14	24
AT3G24320	4	6	3	5	3
AT3G24340	0	2	0	0	0
AT3G24350	14	15	14	13	30
AT3G24420	32	21	22	31	36
AT3G24430	82	52	32	33	37
AT3G24440	6	9	5	7	5
AT3G24450	4	7	0	1	0
AT3G24460	2	1	5	1	3
AT3G24480	18	16	10	19	19
AT3G24490	10	14	8	12	14
AT3G24495	5	3	3	7	1
AT3G24500	6	11	10	10	12
AT3G24503	30	44	28	30	31
AT3G24506	20	27	22	21	31
AT3G24515	4	0	0	4	3
AT3G24518	1	1	0	0	0
AT3G24520	1	3	0	0	2
AT3G24530	6	10	11	8	18
AT3G24535	1	0	1	1	1
AT3G24550	19	31	23	20	32
AT3G24560	5	2	2	10	6
AT3G24570	18	31	20	16	17
AT3G24590	48	52	20	20	20
AT3G24612	1	0	1	0	0
AT3G24614	0	1	0	0	0
AT3G24630	0	2	0	1	6
AT3G24640	0	1	0	0	0
AT3G24660	6	4	3	0	1
AT3G24670	5	3	1	1	4
AT3G24715	1	1	0	0	1
AT3G24730	12	13	11	15	20
AT3G24740	11	15	9	13	4
AT3G24760	7	1	7	11	7
AT3G24770	25	31	17	25	28
AT3G24780	0	0	1	3	0
AT3G24800	9	15	14	11	25
AT3G24810	5	7	2	3	7
AT3G24820	9	7	8	5	8
AT3G24830	536	612	273	323	387
AT3G24840	1	0	3	3	4
AT3G24860	2	4	1	3	7
AT3G24870	8	6	4	5	8
AT3G24880	3	1	0	1	1
AT3G24890	2	2	3	3	2
AT3G24900	0	2	3	5	8
AT3G24929	0	0	1	0	1
AT3G24982	0	0	0	5	3
AT3G25010	11	10	33	32	32
AT3G25011	0	0	1	0	0
AT3G25013	1	0	1	0	0
AT3G25020	14	8	15	22	19
AT3G25030	6	13	4	6	13
AT3G25040	28	41	17	31	25
AT3G25070	24	28	31	25	20
AT3G25100	5	7	1	0	3
AT3G25110	16	15	2	1	3
AT3G25120	10	9	9	17	11
AT3G25130	4	0	0	2	5
AT3G25140	34	42	28	44	33
AT3G25150	21	23	18	28	19
AT3G25180	0	0	0	1	1
AT3G25190	0	0	0	1	0
AT3G25210	13	3	8	3	9
AT3G25220	85	77	67	90	108
AT3G25221	0	1	0	0	2
AT3G25230	24	27	30	28	40
AT3G25250	0	0	0	0	1
AT3G25290	1	4	1	4	1
AT3G25400	12	10	10	1	10
AT3G25410	20	9	4	9	4
AT3G25430	3	6	1	2	2
AT3G25440	3	7	2	0	6
AT3G25470	76	56	19	26	28
AT3G25480	41	44	22	26	43
AT3G25490	0	0	0	0	1
AT3G25500	13	20	12	20	17
AT3G25510	1	0	0	4	0
AT3G25520	361	455	263	295	359
AT3G25530	103	99	60	97	90
AT3G25540	19	15	8	21	11
AT3G25545	12	14	17	7	18
AT3G25550	0	1	0	0	0
AT3G25560	4	6	4	10	0
AT3G25570	1	1	2	1	2
AT3G25572	0	0	2	1	2
AT3G25577	0	0	1	0	1
AT3G25580	11	15	11	10	17
AT3G25585	10	5	12	6	8
AT3G25590	0	1	0	1	2
AT3G25597	1	2	7	4	1
AT3G25600	3	3	19	13	14
AT3G25610	3	0	2	2	2
AT3G25620	2	0	1	0	5
AT3G25640	0	0	1	0	0
AT3G25660	79	75	29	39	29
AT3G25670	3	2	3	3	3
AT3G25680	11	13	2	10	5
AT3G25690	67	70	59	72	87
AT3G25700	6	4	1	0	5
AT3G25710	1	4	1	0	2
AT3G25717	44	30	10	7	12
AT3G25730	0	2	0	0	0
AT3G25740	6	8	9	8	13
AT3G25760	1	2	3	0	4
AT3G25770	125	64	42	37	46
AT3G25780	3	4	2	4	7
AT3G25800	22	39	22	27	28
AT3G25805	10	16	13	9	9
AT3G25820	0	1	0	0	0
AT3G25830	1	2	0	0	0
AT3G25840	15	16	15	9	13
AT3G25855	2	2	0	1	0
AT3G25860	61	50	23	21	31
AT3G25870	2	1	3	0	4
AT3G25882	8	9	10	14	12
AT3G25890	5	8	6	11	6
AT3G25900	12	13	6	3	5
AT3G25905	3	0	0	0	1
AT3G25910	24	23	41	41	41
AT3G25920	565	627	176	161	240
AT3G25940	15	12	18	13	24
AT3G25970	2	0	1	0	3
AT3G25980	11	10	8	8	8
AT3G25990	2	0	0	3	2
AT3G26000	9	13	12	11	9
AT3G26020	11	15	7	12	5
AT3G26030	22	29	23	38	36
AT3G26050	4	6	4	5	3
AT3G26060	449	451	109	148	177
AT3G26070	108	98	70	82	82
AT3G26080	12	6	10	9	14
AT3G26085	17	10	10	6	9
AT3G26090	11	11	11	11	16
AT3G26100	11	10	3	10	4
AT3G26115	6	2	2	6	8
AT3G26125	0	2	0	0	0
AT3G26170	13	5	27	28	21
AT3G26180	54	56	27	40	73
AT3G26200	21	29	7	19	30
AT3G26210	7	3	4	12	13
AT3G26220	6	6	9	9	9
AT3G26230	6	7	10	14	12
AT3G26235	1	0	0	0	3
AT3G26240	11	10	6	12	3
AT3G26280	6	5	13	5	6
AT3G26290	24	25	18	35	39
AT3G26300	14	14	6	15	10
AT3G26310	3	6	1	2	2
AT3G26320	1	1	3	6	2
AT3G26330	1	0	0	0	1
AT3G26340	27	28	26	24	25
AT3G26350	0	0	0	0	1
AT3G26360	25	45	17	30	21
AT3G26370	8	11	10	11	16
AT3G26380	12	19	16	11	24
AT3G26400	3	5	2	3	9
AT3G26410	7	3	8	7	11
AT3G26420	88	98	69	83	87
AT3G26430	87	98	66	82	85
AT3G26440	2	0	2	1	0
AT3G26445	1	1	1	0	2
AT3G26450	116	94	130	99	128
AT3G26460	1	0	0	0	2
AT3G26470	3	2	2	6	6
AT3G26490	2	0	0	2	0
AT3G26500	1	0	0	1	0
AT3G26510	11	10	28	22	23
AT3G26520	1269	1408	731	808	1048
AT3G26539	0	2	0	0	0
AT3G26560	15	20	17	22	25
AT3G26570	125	127	57	58	101
AT3G26580	77	58	42	42	38
AT3G26590	1	2	4	6	9
AT3G26600	21	12	18	15	24
AT3G26612	8	6	6	2	11
AT3G26618	13	11	11	7	8
AT3G26630	9	4	11	9	4
AT3G26640	12	7	3	4	16
AT3G26650	817	793	340	424	485
AT3G26670	8	7	9	3	9
AT3G26680	2	2	3	2	2
AT3G26690	2	11	2	1	5
AT3G26700	7	4	3	5	8
AT3G26710	72	70	23	20	40
AT3G26720	17	18	21	17	13
AT3G26730	24	21	26	21	35
AT3G26740	1210	1016	740	745	768
AT3G26742	0	1	0	0	0
AT3G26744	24	32	23	29	29
AT3G26750	1	3	0	2	1
AT3G26760	1	1	1	1	0
AT3G26770	0	0	1	1	0
AT3G26780	47	36	47	46	44
AT3G26782	1	5	3	5	0
AT3G26790	1	0	0	0	1
AT3G26810	21	30	20	16	22
AT3G26830	3	0	1	3	3
AT3G26840	5	3	3	3	4
AT3G26850	8	9	5	10	10
AT3G26890	21	21	17	8	16
AT3G26900	31	28	14	18	26
AT3G26910	5	5	3	1	3
AT3G26920	9	8	4	4	4
AT3G26922	4	0	4	2	1
AT3G26932	4	6	2	4	8
AT3G26935	25	18	20	20	16
AT3G26950	15	25	17	29	18
AT3G26960	20	22	20	14	22
AT3G26980	21	14	22	15	21
AT3G26990	8	5	1	2	8
AT3G27000	9	2	5	2	11
AT3G27010	2	2	5	5	5
AT3G27020	44	35	25	34	27
AT3G27025	0	1	0	0	1
AT3G27027	2	0	0	0	0
AT3G27030	23	22	12	12	17
AT3G27050	16	21	14	16	18
AT3G27060	60	92	46	45	60
AT3G27070	1	0	0	0	0
AT3G27080	30	51	37	38	45
AT3G27090	100	124	93	93	107
AT3G27100	16	15	13	8	17
AT3G27110	17	29	8	6	10
AT3G27120	19	30	7	6	13
AT3G27130	0	2	0	0	0
AT3G27160	280	289	104	83	165
AT3G27170	4	6	6	9	8
AT3G27180	4	16	10	12	11
AT3G27190	0	2	1	3	2
AT3G27200	4	5	5	3	4
AT3G27210	4	0	4	9	6
AT3G27220	1	4	1	2	5
AT3G27230	23	13	15	15	21
AT3G27240	60	76	63	92	101
AT3G27260	15	17	11	13	25
AT3G27270	1	8	0	0	5
AT3G27280	15	25	19	17	31
AT3G27290	0	1	0	3	1
AT3G27300	23	7	22	30	23
AT3G27310	19	16	17	21	16
AT3G27320	8	9	7	15	6
AT3G27325	3	6	7	6	8
AT3G27330	1	0	1	6	1
AT3G27340	31	23	21	19	20
AT3G27350	21	18	5	6	5
AT3G27360	43	82	36	33	49
AT3G27380	30	34	41	36	58
AT3G27390	11	11	9	11	8
AT3G27400	4	6	3	2	1
AT3G27410	0	1	0	0	0
AT3G27420	9	4	6	5	6
AT3G27430	109	121	71	70	122
AT3G27460	0	2	6	4	9
AT3G27470	3	10	5	4	8
AT3G27473	0	0	1	0	0
AT3G27500	0	1	0	0	0
AT3G27503	0	0	1	0	0
AT3G27510	0	0	0	0	2
AT3G27520	6	9	7	9	1
AT3G27530	28	16	21	13	16
AT3G27540	5	5	8	9	15
AT3G27550	6	6	7	10	10
AT3G27560	5	5	3	6	14
AT3G27570	19	19	14	14	26
AT3G27580	4	2	1	12	2
AT3G27610	3	4	9	1	5
AT3G27620	0	0	0	0	2
AT3G27630	0	0	1	1	3
AT3G27640	4	4	3	0	4
AT3G27650	2	2	0	0	0
AT3G27660	1	0	0	0	0
AT3G27670	1	9	5	6	16
AT3G27690	1388	1276	128	120	222
AT3G27700	7	7	6	8	7
AT3G27710	0	0	0	1	0
AT3G27720	0	0	1	0	0
AT3G27740	75	89	68	65	92
AT3G27750	33	44	17	24	32
AT3G27770	40	45	16	30	43
AT3G27809	0	0	0	0	1
AT3G27810	0	0	0	0	1
AT3G27820	28	35	41	51	55
AT3G27830	704	760	233	280	360
AT3G27831	1	1	1	0	0
AT3G27850	600	744	294	273	344
AT3G27865	0	1	0	1	0
AT3G27870	1	2	4	1	3
AT3G27880	1	2	6	2	4
AT3G27890	64	42	37	52	57
AT3G27900	0	1	0	1	0
AT3G27906	15	16	9	12	15
AT3G27920	0	0	0	0	1
AT3G27925	59	65	31	44	42
AT3G27930	8	6	4	7	8
AT3G27940	4	1	3	3	6
AT3G27960	7	2	7	5	7
AT3G27980	0	0	0	1	0
AT3G27990	10	6	9	14	13
AT3G28007	3	2	3	3	4
AT3G28030	3	1	1	1	3
AT3G28040	54	59	43	47	43
AT3G28050	16	32	17	28	39
AT3G28060	0	2	2	0	0
AT3G28070	7	7	14	24	12
AT3G28080	2	5	18	10	11
AT3G28100	4	2	11	4	4
AT3G28130	16	12	11	11	15
AT3G28140	6	11	12	11	11
AT3G28150	3	2	5	3	3
AT3G28180	32	37	21	15	27
AT3G28200	29	20	21	11	26
AT3G28210	1	0	8	3	13
AT3G28220	38	19	13	17	16
AT3G28270	1	0	3	7	8
AT3G28290	15	14	37	41	34
AT3G28300	5	15	24	38	35
AT3G28310	2	0	0	3	2
AT3G28340	6	3	8	5	18
AT3G28345	0	2	0	0	0
AT3G28370	5	12	5	5	5
AT3G28420	1	3	0	0	2
AT3G28430	7	7	4	2	8
AT3G28450	10	15	2	10	11
AT3G28455	6	6	5	1	1
AT3G28460	18	30	9	15	10
AT3G28480	25	18	12	18	28
AT3G28500	29	51	28	18	44
AT3G28510	1	0	7	9	5
AT3G28540	17	10	32	33	28
AT3G28550	1	0	3	0	2
AT3G28580	0	0	4	3	1
AT3G28610	0	0	1	0	0
AT3G28630	0	4	1	1	0
AT3G28660	1	0	1	1	0
AT3G28670	16	4	6	6	8
AT3G28690	9	11	18	12	8
AT3G28700	11	11	8	6	9
AT3G28710	75	87	61	87	92
AT3G28715	46	59	49	50	72
AT3G28720	15	10	17	12	19
AT3G28730	29	23	13	20	27
AT3G28740	0	0	0	1	0
AT3G28760	11	24	11	5	10
AT3G28770	1	1	0	0	0
AT3G28830	1	0	0	0	0
AT3G28840	2	0	0	1	3
AT3G28850	1	0	0	0	2
AT3G28857	0	3	2	1	3
AT3G28860	47	46	21	39	33
AT3G28890	2	1	3	3	7
AT3G28899	0	0	1	1	2
AT3G28900	119	130	58	81	111
AT3G28910	8	5	7	10	19
AT3G28920	20	28	10	20	16
AT3G28930	34	22	24	29	45
AT3G28940	169	163	136	114	139
AT3G28950	9	5	5	9	18
AT3G28956	5	6	6	5	9
AT3G28970	11	11	11	24	20
AT3G29000	3	2	17	20	39
AT3G29010	3	1	0	4	1
AT3G29020	0	0	1	0	0
AT3G29030	15	31	16	14	20
AT3G29034	2	0	1	2	1
AT3G29035	0	0	1	1	1
AT3G29075	30	23	41	35	27
AT3G29090	15	16	13	15	12
AT3G29100	3	4	7	0	3
AT3G29130	3	2	4	9	13
AT3G29140	0	0	1	0	0
AT3G29160	8	8	7	6	13
AT3G29170	9	19	8	12	20
AT3G29180	6	22	32	44	40
AT3G29185	34	58	32	33	39
AT3G29200	5	10	7	5	12
AT3G29230	4	9	1	2	3
AT3G29240	94	61	58	44	58
AT3G29250	0	1	2	4	7
AT3G29270	7	5	4	4	12
AT3G29280	7	8	4	8	3
AT3G29290	3	20	10	5	7
AT3G29310	3	3	6	9	6
AT3G29320	238	222	119	113	126
AT3G29330	11	5	11	13	3
AT3G29350	28	22	31	34	47
AT3G29360	50	41	37	44	56
AT3G29370	7	6	0	0	0
AT3G29375	14	8	5	10	4
AT3G29390	22	19	18	29	42
AT3G29400	7	7	5	14	6
AT3G29410	0	1	0	0	0
AT3G29575	11	13	4	3	3
AT3G29639	2	2	0	0	0
AT3G29644	7	8	8	6	10
AT3G29670	4	6	0	2	0
AT3G29680	1	2	2	0	0
AT3G29690	0	0	0	0	1
AT3G29760	13	11	7	9	15
AT3G29770	3	1	3	2	3
AT3G29810	3	0	4	1	2
AT3G29970	1	0	0	1	0
AT3G30180	19	18	3	2	12
AT3G30300	4	14	2	6	7
AT3G30380	1	4	2	2	5
AT3G30390	71	80	75	91	110
AT3G30460	0	0	2	2	2
AT3G30720	8	7	3	6	14
AT3G30775	14	18	1	1	4
AT3G30841	10	11	4	5	3
AT3G32920	0	1	0	0	0
AT3G32930	61	77	33	37	48
AT3G32940	9	12	14	7	11
AT3G32980	2	3	3	5	5
AT3G33520	13	19	19	19	20
AT3G33528	2	0	0	0	0
AT3G33530	29	27	14	16	25
AT3G41761	0	1	0	0	0
AT3G41762	2	8	7	5	6
AT3G41768	7251	8724	4489	5708	6370
AT3G41979	443	603	547	632	656
AT3G42050	154	175	100	128	156
AT3G42150	18	32	23	31	32
AT3G42170	19	24	32	39	27
AT3G42310	0	0	0	1	0
AT3G42630	4	1	2	3	1
AT3G42640	6	8	7	8	8
AT3G42660	8	8	7	4	7
AT3G42670	1	6	3	3	2
AT3G42725	1	2	3	0	0
AT3G42790	66	85	57	87	96
AT3G42800	2	2	4	0	0
AT3G42860	2	7	3	5	8
AT3G42950	10	16	5	8	14
AT3G42960	0	1	0	0	0
AT3G43190	2	0	0	0	0
AT3G43210	3	1	2	7	5
AT3G43220	22	15	18	12	12
AT3G43230	37	25	24	33	30
AT3G43240	8	13	5	13	4
AT3G43270	12	12	8	9	14
AT3G43300	30	13	23	10	21
AT3G43430	1	2	1	1	2
AT3G43440	11	9	13	13	17
AT3G43520	50	47	31	33	35
AT3G43540	50	35	16	25	21
AT3G43580	2	5	3	4	2
AT3G43590	14	29	11	32	34
AT3G43600	4	4	2	8	5
AT3G43610	9	16	6	14	15
AT3G43670	20	11	33	35	26
AT3G43700	10	9	7	7	6
AT3G43720	52	52	36	32	63
AT3G43740	27	28	28	32	46
AT3G43790	3	1	1	6	6
AT3G43800	29	34	27	29	37
AT3G43810	113	140	89	105	108
AT3G43840	0	1	0	0	0
AT3G43850	0	0	1	0	0
AT3G43920	1	2	1	3	2
AT3G43930	2	4	0	6	2
AT3G43960	6	4	5	0	6
AT3G43970	0	0	0	1	0
AT3G43980	77	103	60	95	94
AT3G44010	290	392	238	281	338
AT3G44020	15	36	38	17	33
AT3G44050	3	4	2	6	5
AT3G44060	0	0	0	0	2
AT3G44100	73	89	66	68	94
AT3G44110	102	118	88	118	143
AT3G44120	2	0	1	0	0
AT3G44150	18	29	17	15	16
AT3G44160	13	15	6	5	9
AT3G44190	10	17	14	17	11
AT3G44200	11	14	4	7	5
AT3G44220	1	3	2	1	3
AT3G44260	1	1	7	18	26
AT3G44280	17	21	25	11	25
AT3G44300	1	0	2	0	2
AT3G44310	649	609	396	496	701
AT3G44320	3	3	3	0	3
AT3G44330	12	21	15	12	23
AT3G44340	29	34	14	27	17
AT3G44350	0	1	4	4	2
AT3G44370	6	6	2	1	5
AT3G44380	10	18	4	7	8
AT3G44400	5	3	0	5	4
AT3G44430	20	31	37	56	54
AT3G44440	0	0	2	1	0
AT3G44450	38	30	24	29	38
AT3G44460	0	0	1	0	0
AT3G44480	30	32	31	22	32
AT3G44510	0	0	0	0	1
AT3G44530	3	3	1	1	3
AT3G44590	41	61	34	43	73
AT3G44600	30	19	19	21	18
AT3G44610	6	12	8	7	14
AT3G44620	77	85	27	33	58
AT3G44630	22	7	15	17	27
AT3G44670	6	15	12	7	15
AT3G44680	5	4	7	4	11
AT3G44690	0	2	0	0	3
AT3G44713	0	0	0	0	1
AT3G44716	4	6	2	4	10
AT3G44720	24	16	21	33	40
AT3G44730	5	7	3	3	0
AT3G44735	31	36	23	30	41
AT3G44740	7	5	2	5	3
AT3G44750	105	98	79	102	121
AT3G44765	0	0	1	0	0
AT3G44770	0	5	1	1	1
AT3G44798	7	4	1	3	4
AT3G44800	0	3	0	0	0
AT3G44805	0	0	1	2	0
AT3G44820	3	1	1	1	3
AT3G44850	1	1	1	3	0
AT3G44860	13	10	19	35	32
AT3G44880	40	26	14	19	24
AT3G44890	260	307	139	125	227
AT3G44900	1	0	0	2	0
AT3G44940	5	8	3	4	6
AT3G44960	2	5	0	0	0
AT3G44970	1	0	0	0	0
AT3G44990	7	8	0	1	1
AT3G45010	18	18	18	27	33
AT3G45020	3	1	1	4	4
AT3G45030	435	478	333	363	536
AT3G45040	6	15	8	11	7
AT3G45050	66	77	64	75	96
AT3G45060	0	0	0	0	1
AT3G45090	6	0	2	2	4
AT3G45100	8	1	2	4	6
AT3G45130	0	0	2	0	2
AT3G45140	306	247	159	244	307
AT3G45160	41	27	12	14	8
AT3G45190	38	40	24	39	43
AT3G45210	10	3	6	7	8
AT3G45230	11	13	12	11	12
AT3G45240	13	9	6	5	7
AT3G45242	13	9	6	5	7
AT3G45260	19	16	14	18	17
AT3G45290	3	3	4	3	1
AT3G45300	20	14	20	13	18
AT3G45310	15	20	9	17	21
AT3G45390	0	1	0	1	0
AT3G45400	1	4	4	0	2
AT3G45410	0	2	0	0	1
AT3G45420	2	0	1	0	0
AT3G45430	1	5	0	1	0
AT3G45440	0	0	0	0	1
AT3G45443	7	4	2	7	10
AT3G45500	1	0	0	0	0
AT3G45590	3	9	4	6	5
AT3G45600	30	10	9	9	15
AT3G45610	8	3	2	1	0
AT3G45620	26	21	19	25	27
AT3G45630	18	17	12	13	20
AT3G45638	0	0	0	1	0
AT3G45640	62	38	116	98	129
AT3G45650	0	1	3	3	7
AT3G45680	6	1	1	1	0
AT3G45730	4	4	10	15	12
AT3G45740	12	8	7	11	12
AT3G45750	1	9	1	2	5
AT3G45770	32	30	11	12	25
AT3G45780	105	122	71	78	97
AT3G45830	9	7	5	7	6
AT3G45850	61	39	29	34	47
AT3G45860	23	8	41	46	67
AT3G45870	1	0	1	0	1
AT3G45880	1	1	5	1	6
AT3G45890	12	8	8	11	8
AT3G45900	8	12	4	6	8
AT3G45930	68	100	31	40	69
AT3G45960	2	0	0	0	1
AT3G45970	37	10	39	41	77
AT3G45980	271	258	157	163	254
AT3G46000	119	120	115	171	172
AT3G46010	130	140	116	149	189
AT3G46020	9	15	9	8	12
AT3G46030	141	142	69	70	104
AT3G46040	106	157	85	83	122
AT3G46060	48	41	37	30	47
AT3G46080	1	0	4	2	4
AT3G46090	6	2	10	10	13
AT3G46100	30	38	17	25	35
AT3G46110	3	2	0	6	2
AT3G46130	4	2	5	4	8
AT3G46150	0	0	0	0	1
AT3G46180	5	12	4	11	8
AT3G46200	6	6	8	4	7
AT3G46210	10	17	23	18	14
AT3G46220	19	10	6	13	15
AT3G46230	2	0	1	2	4
AT3G46280	1	1	0	2	2
AT3G46290	16	25	13	6	20
AT3G46300	0	1	0	0	0
AT3G46320	114	133	44	50	66
AT3G46370	4	3	0	1	3
AT3G46430	92	121	163	172	215
AT3G46440	33	28	37	37	40
AT3G46450	21	10	4	16	12
AT3G46460	25	32	39	39	45
AT3G46490	8	10	3	2	8
AT3G46510	38	23	15	24	19
AT3G46530	22	16	23	35	27
AT3G46540	30	32	28	23	37
AT3G46550	10	11	13	6	8
AT3G46560	91	100	73	86	97
AT3G46580	5	10	3	2	12
AT3G46590	11	15	10	12	10
AT3G46600	16	15	20	19	30
AT3G46610	6	11	3	13	12
AT3G46620	17	6	15	20	30
AT3G46630	62	57	26	29	38
AT3G46640	29	20	19	29	12
AT3G46650	1	3	3	5	9
AT3G46658	3	1	1	1	2
AT3G46660	3	1	1	1	2
AT3G46668	19	19	11	8	7
AT3G46670	16	15	8	7	4
AT3G46680	0	0	0	0	2
AT3G46690	0	0	0	0	1
AT3G46740	59	83	29	36	49
AT3G46770	0	0	0	1	0
AT3G46780	310	272	58	60	69
AT3G46790	5	10	4	7	6
AT3G46820	13	18	5	8	16
AT3G46830	33	23	25	19	33
AT3G46870	10	9	11	2	9
AT3G46880	3	2	2	3	0
AT3G46890	0	0	0	1	0
AT3G46920	2	10	3	5	4
AT3G46930	1	0	2	1	2
AT3G46940	16	9	9	19	14
AT3G46950	5	7	8	7	5
AT3G46960	9	8	7	6	12
AT3G46970	236	225	164	210	244
AT3G46980	15	11	9	12	9
AT3G46990	1	3	2	6	3
AT3G47000	10	15	16	26	28
AT3G47010	6	2	3	4	2
AT3G47040	0	0	1	0	0
AT3G47060	9	4	9	13	14
AT3G47070	341	367	207	185	240
AT3G47080	7	9	3	3	4
AT3G47090	0	2	2	3	0
AT3G47100	0	1	0	2	0
AT3G47120	2	6	9	5	8
AT3G47160	46	45	41	51	54
AT3G47180	0	1	1	2	2
AT3G47220	1	0	0	0	0
AT3G47250	52	55	35	30	44
AT3G47290	19	17	26	37	33
AT3G47295	48	64	26	20	26
AT3G47300	9	7	11	12	10
AT3G47340	12	10	7	2	1
AT3G47342	0	1	0	0	1
AT3G47347	0	2	4	1	1
AT3G47348	4	6	7	1	6
AT3G47350	5	1	1	2	2
AT3G47360	1	4	7	3	3
AT3G47370	184	203	98	148	205
AT3G47380	11	11	12	7	21
AT3G47390	18	9	9	7	15
AT3G47400	1	1	1	1	0
AT3G47420	6	6	7	9	14
AT3G47430	8	29	18	17	34
AT3G47450	28	30	8	5	15
AT3G47460	6	6	4	2	7
AT3G47470	8515	8246	1263	1416	2073
AT3G47480	16	8	18	18	24
AT3G47490	39	25	28	49	15
AT3G47500	51	30	20	41	50
AT3G47510	4	3	2	3	7
AT3G47520	97	127	46	72	65
AT3G47530	3	3	0	3	5
AT3G47540	20	12	10	17	21
AT3G47550	16	16	22	26	33
AT3G47560	28	49	18	31	15
AT3G47570	4	5	1	4	6
AT3G47580	0	2	0	1	2
AT3G47590	28	22	12	13	11
AT3G47600	2	3	3	2	7
AT3G47610	6	9	10	17	13
AT3G47620	13	12	2	6	10
AT3G47630	1	2	1	3	3
AT3G47640	14	13	4	2	7
AT3G47650	321	351	141	157	169
AT3G47670	21	25	15	15	21
AT3G47675	13	13	6	9	7
AT3G47680	2	6	5	7	7
AT3G47690	1	6	1	11	4
AT3G47700	6	6	7	4	10
AT3G47720	0	0	0	0	1
AT3G47730	10	10	7	16	15
AT3G47750	1	1	0	0	1
AT3G47780	1	1	0	1	1
AT3G47800	19	22	33	15	30
AT3G47810	69	51	35	41	58
AT3G47820	3	2	2	6	1
AT3G47830	2	2	0	4	2
AT3G47833	81	71	71	67	67
AT3G47836	74	84	61	84	81
AT3G47840	0	0	0	0	1
AT3G47850	7	12	5	4	10
AT3G47860	59	83	40	47	79
AT3G47870	0	0	1	0	0
AT3G47890	9	7	12	8	20
AT3G47910	20	12	8	34	23
AT3G47930	12	20	8	10	9
AT3G47940	4	2	0	1	3
AT3G47950	1	1	0	6	1
AT3G47960	21	33	20	32	46
AT3G47965	7	8	15	16	12
AT3G47980	0	2	0	1	0
AT3G47990	8	7	6	15	13
AT3G48000	118	119	83	92	103
AT3G48020	1	0	0	1	0
AT3G48030	35	32	38	34	53
AT3G48040	7	4	3	8	8
AT3G48050	22	21	16	24	17
AT3G48060	19	14	12	9	11
AT3G48070	21	9	3	14	16
AT3G48080	4	8	8	16	5
AT3G48090	40	16	21	34	21
AT3G48100	16	12	9	11	11
AT3G48110	33	44	15	26	36
AT3G48115	16	8	12	8	19
AT3G48120	3	2	2	4	3
AT3G48140	403	394	379	370	451
AT3G48150	9	4	4	2	7
AT3G48160	3	10	1	2	4
AT3G48170	50	64	63	63	82
AT3G48180	2	0	1	1	0
AT3G48185	2	0	0	1	0
AT3G48190	14	10	4	3	2
AT3G48195	6	8	2	11	6
AT3G48200	25	31	21	20	22
AT3G48210	8	4	3	7	6
AT3G48240	0	0	0	0	1
AT3G48250	0	3	1	1	0
AT3G48260	0	1	0	0	0
AT3G48280	4	3	1	0	3
AT3G48290	0	0	0	1	0
AT3G48310	4	4	12	8	8
AT3G48320	6	5	3	3	10
AT3G48330	23	24	14	15	25
AT3G48350	5	2	4	2	3
AT3G48360	2	4	18	21	10
AT3G48380	9	9	3	9	12
AT3G48390	0	0	2	2	3
AT3G48410	7	8	5	8	2
AT3G48420	87	109	48	32	48
AT3G48425	3	5	5	3	13
AT3G48430	19	16	15	14	15
AT3G48440	1	0	0	2	1
AT3G48460	12	12	10	10	23
AT3G48470	3	3	1	11	1
AT3G48480	1	1	0	0	0
AT3G48490	10	6	7	6	6
AT3G48500	43	64	15	34	40
AT3G48520	0	1	1	0	1
AT3G48530	36	34	28	27	53
AT3G48540	3	0	0	1	0
AT3G48550	6	5	4	4	5
AT3G48560	168	165	92	83	114
AT3G48570	8	21	14	15	24
AT3G48590	28	15	14	17	13
AT3G48600	3	3	3	3	2
AT3G48610	33	39	15	14	24
AT3G48630	7	2	0	5	4
AT3G48640	0	0	0	0	2
AT3G48660	6	9	2	1	4
AT3G48670	27	18	9	9	13
AT3G48680	50	45	40	63	65
AT3G48690	26	16	24	27	37
AT3G48710	12	10	10	9	14
AT3G48720	22	34	29	27	33
AT3G48730	155	176	48	53	74
AT3G48740	22	22	33	47	51
AT3G48750	30	38	23	12	23
AT3G48760	32	24	19	35	12
AT3G48770	5	0	3	0	5
AT3G48780	13	12	10	13	10
AT3G48790	0	1	0	0	0
AT3G48800	4	2	2	6	3
AT3G48810	0	2	0	0	0
AT3G48820	9	13	15	14	11
AT3G48830	3	1	1	4	5
AT3G48860	20	8	7	11	10
AT3G48870	73	107	51	55	58
AT3G48880	12	10	8	7	9
AT3G48890	32	57	29	35	46
AT3G48900	2	5	1	2	1
AT3G48930	472	593	287	343	426
AT3G48970	8	4	0	3	4
AT3G48980	6	1	3	2	3
AT3G48990	49	44	47	75	63
AT3G49000	3	4	2	7	4
AT3G49010	481	626	317	385	473
AT3G49050	1	6	11	8	8
AT3G49060	5	4	12	3	13
AT3G49080	15	23	12	15	15
AT3G49100	11	9	10	14	22
AT3G49110	4	5	2	2	1
AT3G49120	162	143	205	232	260
AT3G49140	28	39	32	39	36
AT3G49142	0	0	1	1	1
AT3G49160	2	0	3	5	3
AT3G49170	5	2	1	5	3
AT3G49180	10	11	9	15	13
AT3G49190	1	1	1	0	1
AT3G49210	1	0	0	2	0
AT3G49220	79	55	36	39	53
AT3G49240	9	12	7	11	17
AT3G49250	2	4	5	2	6
AT3G49260	58	38	22	32	28
AT3G49290	11	7	4	12	9
AT3G49300	0	3	0	0	1
AT3G49310	10	14	9	10	10
AT3G49320	3	2	5	8	14
AT3G49340	1	2	0	1	2
AT3G49350	11	6	6	11	20
AT3G49360	4	10	12	8	14
AT3G49370	0	4	1	1	5
AT3G49380	2	0	0	1	0
AT3G49390	14	20	21	19	24
AT3G49400	1	3	3	0	0
AT3G49410	0	1	1	2	2
AT3G49420	4	10	4	3	2
AT3G49430	37	48	21	27	40
AT3G49470	122	119	63	98	114
AT3G49490	19	19	24	23	25
AT3G49500	8	5	10	11	10
AT3G49510	0	1	0	0	0
AT3G49530	5	9	13	19	18
AT3G49550	0	0	0	2	1
AT3G49551	0	0	0	0	1
AT3G49560	66	77	49	47	63
AT3G49580	1	0	0	0	2
AT3G49590	11	10	10	13	19
AT3G49600	9	6	8	7	10
AT3G49601	34	21	20	19	30
AT3G49620	1	0	3	4	0
AT3G49640	6	17	4	10	9
AT3G49645	13	11	12	29	16
AT3G49650	4	8	2	4	9
AT3G49660	4	9	8	5	14
AT3G49668	2	0	0	0	0
AT3G49670	41	32	16	18	37
AT3G49680	140	158	59	69	79
AT3G49690	1	0	0	0	1
AT3G49710	0	0	1	1	1
AT3G49720	98	86	59	67	113
AT3G49725	4	2	5	8	2
AT3G49730	2	5	3	2	3
AT3G49740	0	0	0	1	1
AT3G49750	0	7	1	2	4
AT3G49780	5	1	7	10	14
AT3G49790	6	3	0	5	8
AT3G49800	12	13	18	24	20
AT3G49810	3	5	1	1	4
AT3G49840	3	1	2	4	2
AT3G49850	9	9	10	9	7
AT3G49870	64	58	42	45	65
AT3G49880	9	7	14	1	6
AT3G49890	8	11	1	3	8
AT3G49900	7	5	4	1	4
AT3G49910	607	760	331	427	531
AT3G49920	0	0	0	1	1
AT3G49930	0	2	1	1	0
AT3G49940	9	16	9	8	13
AT3G49950	0	0	0	2	0
AT3G49960	0	0	1	0	0
AT3G49970	2	1	2	0	0
AT3G49990	19	23	20	23	41
AT3G50000	35	40	29	36	49
AT3G50010	0	0	0	3	0
AT3G50040	1	2	2	0	0
AT3G50050	10	4	1	0	3
AT3G50060	9	4	17	5	11
AT3G50070	6	13	10	11	22
AT3G50080	4	5	8	3	8
AT3G50100	1	5	1	1	1
AT3G50110	6	10	4	4	8
AT3G50120	4	2	0	1	4
AT3G50140	2	0	1	1	0
AT3G50190	0	0	1	0	1
AT3G50210	8	13	9	14	11
AT3G50220	0	2	0	0	1
AT3G50240	20	14	6	10	8
AT3G50260	1	1	6	5	2
AT3G50270	20	24	5	8	5
AT3G50280	0	0	1	1	0
AT3G50310	0	2	0	0	0
AT3G50340	10	12	3	3	2
AT3G50350	8	4	5	6	10
AT3G50360	20	23	39	45	40
AT3G50370	22	23	24	28	27
AT3G50380	8	10	6	9	6
AT3G50410	3	4	0	4	2
AT3G50420	0	0	2	0	1
AT3G50430	7	10	2	6	5
AT3G50440	40	34	31	34	48
AT3G50470	2	4	16	9	22
AT3G50480	74	46	47	38	62
AT3G50500	74	74	79	90	108
AT3G50520	21	28	17	16	28
AT3G50530	8	9	17	18	20
AT3G50550	13	13	16	20	19
AT3G50560	6	6	6	1	1
AT3G50570	1	2	4	2	2
AT3G50590	41	40	32	51	51
AT3G50620	3	3	3	2	1
AT3G50630	16	11	3	7	12
AT3G50640	0	1	0	0	0
AT3G50650	4	7	4	5	3
AT3G50660	7	14	3	3	2
AT3G50670	41	47	34	32	40
AT3G50685	268	234	53	43	57
AT3G50690	15	9	14	9	23
AT3G50700	8	20	11	12	10
AT3G50740	7	4	2	6	10
AT3G50750	34	20	18	14	18
AT3G50760	3	1	2	1	3
AT3G50770	1	2	5	7	4
AT3G50780	11	10	4	3	9
AT3G50790	25	21	5	11	24
AT3G50800	0	1	2	4	9
AT3G50810	1	0	5	7	8
AT3G50820	1123	1076	233	222	315
AT3G50830	54	48	38	45	52
AT3G50840	1	3	3	0	2
AT3G50845	6	8	8	15	6
AT3G50850	0	1	0	0	1
AT3G50860	6	4	2	6	11
AT3G50870	1	0	0	0	0
AT3G50880	10	3	2	7	9
AT3G50890	4	3	3	0	2
AT3G50900	5	2	3	11	7
AT3G50910	2	9	6	10	5
AT3G50920	18	11	18	21	17
AT3G50930	12	11	29	31	40
AT3G50940	0	0	0	0	1
AT3G50950	44	31	30	50	68
AT3G50960	4	7	3	4	5
AT3G50970	11	1	2	6	6
AT3G51000	18	36	35	46	44
AT3G51010	48	57	28	48	44
AT3G51030	2	5	3	0	2
AT3G51040	19	5	9	15	5
AT3G51050	20	17	15	16	46
AT3G51060	0	0	0	0	1
AT3G51070	0	1	5	1	2
AT3G51075	1	5	9	3	5
AT3G51080	3	7	6	5	1
AT3G51090	5	2	1	1	0
AT3G51100	16	10	9	17	20
AT3G51110	6	6	5	7	4
AT3G51120	6	9	9	21	14
AT3G51130	15	10	23	21	22
AT3G51140	45	40	10	22	28
AT3G51150	23	23	16	15	12
AT3G51160	24	33	16	11	25
AT3G51180	1	1	2	2	4
AT3G51220	4	8	1	3	4
AT3G51230	3	0	1	1	1
AT3G51238	3	1	1	3	6
AT3G51240	4	2	1	3	8
AT3G51250	17	12	14	16	29
AT3G51260	75	68	62	64	124
AT3G51270	22	37	14	30	45
AT3G51280	5	9	4	4	10
AT3G51290	10	22	7	11	10
AT3G51300	0	1	0	2	2
AT3G51310	25	26	18	16	30
AT3G51320	3	3	1	1	4
AT3G51325	2	0	0	0	0
AT3G51330	7	3	3	7	6
AT3G51340	1	2	1	1	1
AT3G51350	0	0	0	0	1
AT3G51370	40	35	34	38	58
AT3G51380	1	0	0	1	0
AT3G51390	12	8	12	14	6
AT3G51400	15	8	25	18	14
AT3G51410	1	0	0	0	0
AT3G51420	61	68	24	38	31
AT3G51430	25	21	10	27	22
AT3G51440	9	8	5	4	3
AT3G51450	5	5	1	6	4
AT3G51460	27	25	18	15	28
AT3G51470	6	2	4	7	3
AT3G51480	3	2	3	0	1
AT3G51490	0	0	1	0	0
AT3G51500	8	9	21	16	24
AT3G51510	144	153	89	98	117
AT3G51520	22	17	18	16	26
AT3G51530	5	7	2	7	2
AT3G51540	0	0	0	0	1
AT3G51550	55	54	38	46	60
AT3G51580	5	12	12	7	14
AT3G51590	0	4	2	0	0
AT3G51600	1012	1028	935	1010	1390
AT3G51610	22	36	21	24	31
AT3G51620	13	20	12	18	14
AT3G51630	26	23	20	16	18
AT3G51632	26	23	20	16	18
AT3G51640	10	4	3	6	6
AT3G51650	4	9	5	6	10
AT3G51660	59	43	25	37	43
AT3G51670	33	33	18	37	35
AT3G51710	0	0	1	0	0
AT3G51720	11	17	5	4	7
AT3G51730	95	92	121	122	146
AT3G51740	9	11	7	4	9
AT3G51750	5	3	4	5	6
AT3G51760	2	1	1	2	1
AT3G51770	6	3	3	5	5
AT3G51780	10	14	12	8	17
AT3G51790	10	3	6	11	3
AT3G51800	74	67	57	78	75
AT3G51820	110	125	35	37	69
AT3G51830	9	11	7	16	13
AT3G51840	51	54	25	45	46
AT3G51850	22	18	8	9	22
AT3G51860	7	6	14	10	21
AT3G51870	34	42	28	23	38
AT3G51880	41	36	28	32	32
AT3G51890	14	12	10	22	21
AT3G51895	18	15	11	8	15
AT3G51910	1	0	0	0	1
AT3G51920	82	59	85	79	114
AT3G51930	0	0	0	0	1
AT3G51940	2	1	5	3	1
AT3G51950	55	69	41	38	56
AT3G51960	1	3	1	4	3
AT3G51970	0	1	1	2	0
AT3G51980	16	10	6	10	20
AT3G51990	1	4	3	0	2
AT3G52030	8	2	4	11	15
AT3G52040	34	44	30	39	63
AT3G52050	12	9	2	6	11
AT3G52060	11	16	10	14	12
AT3G52070	18	18	12	3	20
AT3G52072	21	19	14	4	22
AT3G52080	1	0	0	0	0
AT3G52090	63	67	50	59	79
AT3G52100	5	5	4	6	7
AT3G52105	18	14	3	17	16
AT3G52110	17	24	13	13	14
AT3G52115	1	0	1	5	0
AT3G52120	17	39	27	27	38
AT3G52130	0	0	1	0	0
AT3G52140	41	33	41	58	62
AT3G52150	361	414	149	144	218
AT3G52155	16	17	14	18	15
AT3G52160	4	5	4	2	5
AT3G52170	14	23	2	13	10
AT3G52180	62	45	19	12	28
AT3G52190	1	2	3	5	4
AT3G52200	19	30	16	20	14
AT3G52210	18	11	11	18	18
AT3G52220	24	38	29	27	32
AT3G52230	65	81	66	57	82
AT3G52240	21	7	8	17	20
AT3G52250	4	3	3	1	2
AT3G52260	11	6	7	17	10
AT3G52280	10	9	10	8	7
AT3G52290	5	8	5	8	13
AT3G52300	210	191	184	242	288
AT3G52310	0	1	2	0	1
AT3G52340	5	0	4	3	9
AT3G52360	1	1	6	4	5
AT3G52370	6	10	5	4	11
AT3G52380	226	293	57	59	96
AT3G52390	2	10	10	11	7
AT3G52400	8	2	12	22	23
AT3G52420	18	18	19	24	41
AT3G52430	38	30	62	80	53
AT3G52440	0	1	0	0	0
AT3G52450	1	0	1	0	1
AT3G52470	28	16	23	22	31
AT3G52480	1	9	5	0	8
AT3G52490	1	6	4	1	1
AT3G52500	77	77	60	83	72
AT3G52510	0	0	0	1	0
AT3G52520	0	0	0	1	1
AT3G52525	0	2	0	0	1
AT3G52535	13	21	26	29	21
AT3G52540	1	1	4	1	2
AT3G52550	3	2	0	2	1
AT3G52560	40	49	29	39	39
AT3G52561	1	0	0	0	0
AT3G52570	8	7	5	12	10
AT3G52580	100	138	75	113	123
AT3G52590	740	864	662	705	968
AT3G52600	1	0	0	0	0
AT3G52605	1	0	1	0	0
AT3G52610	15	13	10	12	14
AT3G52630	24	25	8	15	15
AT3G52640	15	25	16	20	23
AT3G52660	11	11	6	14	4
AT3G52670	1	1	0	1	2
AT3G52680	0	2	1	1	3
AT3G52700	1	6	5	6	12
AT3G52710	1	6	4	6	8
AT3G52720	17	22	19	24	19
AT3G52730	185	166	146	146	173
AT3G52740	13	6	9	14	35
AT3G52748	1	2	5	8	5
AT3G52750	33	38	19	19	19
AT3G52760	16	15	14	14	16
AT3G52770	4	4	1	0	0
AT3G52800	24	11	49	42	61
AT3G52820	0	1	0	1	0
AT3G52840	38	48	23	19	31
AT3G52850	68	68	55	45	69
AT3G52860	9	13	14	13	17
AT3G52870	23	25	32	28	42
AT3G52880	187	183	172	197	226
AT3G52890	18	17	17	12	14
AT3G52900	12	7	4	3	6
AT3G52905	10	7	5	6	7
AT3G52910	5	8	2	4	9
AT3G52920	13	23	8	16	17
AT3G52930	231	257	164	209	272
AT3G52940	18	14	16	11	18
AT3G52950	8	6	6	6	4
AT3G52960	338	427	135	141	214
AT3G52990	73	84	60	86	93
AT3G53000	6	4	3	5	8
AT3G53010	0	2	0	1	1
AT3G53020	431	471	216	266	383
AT3G53030	17	7	3	14	16
AT3G53040	0	0	0	1	0
AT3G53090	23	17	8	8	5
AT3G53100	25	18	14	13	8
AT3G53110	22	36	36	30	36
AT3G53120	6	5	10	14	12
AT3G53130	31	69	29	39	41
AT3G53140	0	5	1	1	7
AT3G53150	1	0	1	0	0
AT3G53170	0	1	0	0	0
AT3G53180	23	26	17	11	17
AT3G53190	22	29	14	19	21
AT3G53210	3	10	4	6	4
AT3G53220	3	4	5	6	4
AT3G53230	4	4	9	13	10
AT3G53232	5	6	0	3	1
AT3G53235	2	1	0	1	0
AT3G53240	5	5	3	7	4
AT3G53250	2	3	0	0	0
AT3G53260	25	29	22	17	27
AT3G53270	10	9	10	26	10
AT3G53280	12	12	17	20	23
AT3G53310	1	10	6	5	1
AT3G53320	5	3	3	2	6
AT3G53340	13	3	9	12	8
AT3G53350	2	0	0	0	3
AT3G53365	0	0	4	3	1
AT3G53370	15	8	8	15	17
AT3G53380	7	4	9	2	6
AT3G53390	3	4	6	4	6
AT3G53400	14	17	12	14	17
AT3G53402	14	17	12	14	17
AT3G53410	9	5	11	10	13
AT3G53420	475	540	288	285	396
AT3G53430	379	447	199	233	273
AT3G53440	6	7	1	4	7
AT3G53460	675	762	290	336	386
AT3G53470	70	69	24	28	37
AT3G53480	0	1	0	0	0
AT3G53490	2	1	1	0	4
AT3G53500	79	71	42	62	82
AT3G53510	2	1	4	2	2
AT3G53520	35	33	28	21	35
AT3G53530	14	25	10	11	7
AT3G53540	17	17	10	23	21
AT3G53560	55	88	21	22	32
AT3G53570	7	10	8	10	13
AT3G53580	95	93	60	90	78
AT3G53610	22	24	18	27	30
AT3G53620	16	24	10	12	10
AT3G53630	19	21	26	43	29
AT3G53650	15	8	9	6	5
AT3G53668	39	31	31	36	38
AT3G53670	41	33	31	38	38
AT3G53680	0	1	0	1	0
AT3G53690	0	0	2	0	0
AT3G53700	21	22	10	18	10
AT3G53710	21	33	29	22	36
AT3G53720	4	5	7	4	6
AT3G53730	218	232	140	137	170
AT3G53740	421	510	262	317	385
AT3G53750	34	33	19	26	32
AT3G53760	0	4	7	5	8
AT3G53780	4	8	9	8	8
AT3G53800	53	52	18	26	47
AT3G53810	1	0	7	0	4
AT3G53830	2	10	5	4	4
AT3G53850	12	24	11	13	13
AT3G53860	3	1	2	3	0
AT3G53870	488	628	268	337	427
AT3G53880	3	8	6	10	19
AT3G53890	399	536	251	273	413
AT3G53900	32	30	26	18	25
AT3G53920	14	17	20	12	12
AT3G53930	6	6	0	5	3
AT3G53940	2	3	4	5	11
AT3G53950	6	4	3	0	7
AT3G53960	7	10	13	9	10
AT3G53970	18	20	15	22	15
AT3G53980	4	4	5	2	5
AT3G53990	320	234	265	314	309
AT3G54010	21	18	13	20	19
AT3G54020	7	15	4	5	11
AT3G54030	7	10	2	7	4
AT3G54040	2	1	3	2	0
AT3G54050	546	574	116	165	225
AT3G54080	45	58	34	43	44
AT3G54085	29	30	29	38	40
AT3G54090	30	53	32	36	43
AT3G54100	8	3	5	13	3
AT3G54110	34	24	11	14	31
AT3G54120	2	0	0	0	1
AT3G54130	6	3	4	4	5
AT3G54140	10	9	6	4	3
AT3G54150	0	0	2	2	2
AT3G54160	0	0	0	1	0
AT3G54170	18	13	15	21	14
AT3G54180	10	8	12	10	11
AT3G54190	20	25	11	15	24
AT3G54200	16	3	11	18	27
AT3G54210	705	669	221	232	321
AT3G54220	8	5	7	7	9
AT3G54230	17	17	7	13	13
AT3G54250	5	4	8	7	7
AT3G54260	7	8	1	8	4
AT3G54270	1	0	1	0	1
AT3G54280	9	10	2	14	11
AT3G54290	15	7	11	18	17
AT3G54300	25	25	15	19	33
AT3G54320	5	2	3	0	7
AT3G54340	1	0	0	0	2
AT3G54350	17	18	20	23	13
AT3G54360	76	80	24	36	38
AT3G54363	1	0	0	0	1
AT3G54366	11	16	13	15	17
AT3G54380	10	12	14	17	16
AT3G54390	4	7	5	2	12
AT3G54400	94	110	25	32	46
AT3G54420	5	4	2	2	4
AT3G54430	6	12	5	6	7
AT3G54440	66	41	48	44	59
AT3G54460	11	22	13	13	4
AT3G54470	61	66	39	38	46
AT3G54480	18	22	16	19	20
AT3G54490	1	1	0	0	3
AT3G54500	14	20	14	22	16
AT3G54540	36	31	23	16	23
AT3G54560	56	80	34	36	47
AT3G54600	26	41	31	18	28
AT3G54610	8	6	7	5	7
AT3G54620	19	27	25	44	54
AT3G54625	2	2	2	1	4
AT3G54630	1	2	1	1	2
AT3G54640	64	77	45	44	59
AT3G54650	13	11	14	12	20
AT3G54660	74	55	32	32	58
AT3G54670	16	14	9	18	14
AT3G54680	3	6	8	7	8
AT3G54690	19	28	15	10	30
AT3G54710	1	3	1	2	4
AT3G54720	7	10	3	8	6
AT3G54730	0	0	0	0	1
AT3G54740	2	11	7	5	7
AT3G54750	20	19	11	12	20
AT3G54760	26	36	15	12	20
AT3G54780	4	1	1	1	0
AT3G54790	8	5	3	3	12
AT3G54810	16	27	7	9	11
AT3G54820	18	29	10	20	18
AT3G54826	30	27	18	16	33
AT3G54830	3	6	5	2	3
AT3G54840	42	54	33	44	46
AT3G54850	7	6	9	12	19
AT3G54860	17	4	5	4	17
AT3G54870	0	0	0	1	0
AT3G54880	25	20	8	19	16
AT3G54890	6684	6631	1079	1062	1642
AT3G54900	101	112	24	33	28
AT3G54910	6	1	1	1	2
AT3G54920	58	59	42	55	75
AT3G54930	2	2	3	4	2
AT3G54950	5	8	3	3	3
AT3G54960	34	25	18	19	44
AT3G54970	3	11	2	14	4
AT3G54980	2	0	4	5	3
AT3G54990	0	1	0	0	0
AT3G55000	9	12	12	9	14
AT3G55005	14	12	10	15	15
AT3G55010	22	31	15	27	25
AT3G55020	12	17	11	12	11
AT3G55030	9	24	10	6	12
AT3G55040	46	47	28	25	41
AT3G55050	12	7	5	7	8
AT3G55060	4	4	1	3	5
AT3G55070	25	24	20	24	33
AT3G55080	19	13	7	13	17
AT3G55090	2	1	1	0	0
AT3G55110	2	5	2	7	11
AT3G55120	7	6	4	4	13
AT3G55130	16	16	13	16	19
AT3G55140	18	15	14	15	17
AT3G55160	1	1	1	2	1
AT3G55170	63	69	53	71	85
AT3G55200	11	13	24	13	26
AT3G55220	29	28	22	37	36
AT3G55230	2	2	0	1	1
AT3G55240	55	47	0	5	9
AT3G55250	60	47	20	31	28
AT3G55260	41	53	29	28	44
AT3G55270	8	9	10	11	15
AT3G55280	194	205	165	161	261
AT3G55290	4	3	0	1	1
AT3G55320	5	11	6	8	3
AT3G55330	195	227	91	109	92
AT3G55340	3	16	11	14	17
AT3G55350	14	3	9	11	8
AT3G55360	63	73	66	55	92
AT3G55370	2	1	4	2	5
AT3G55380	11	16	20	17	27
AT3G55390	2	9	2	7	3
AT3G55400	24	32	12	9	21
AT3G55410	49	52	34	36	59
AT3G55420	8	7	4	6	5
AT3G55430	38	36	37	35	38
AT3G55440	342	319	293	314	372
AT3G55450	28	26	15	26	25
AT3G55460	51	55	36	46	72
AT3G55470	14	4	14	8	10
AT3G55480	12	14	8	18	12
AT3G55485	0	0	1	2	0
AT3G55490	5	11	8	7	15
AT3G55500	14	17	5	8	4
AT3G55510	7	9	9	11	10
AT3G55520	38	36	32	32	35
AT3G55530	18	17	16	11	19
AT3G55560	1	1	2	2	3
AT3G55580	0	0	1	1	0
AT3G55600	5	6	5	4	7
AT3G55605	5	19	12	16	21
AT3G55610	29	29	33	50	57
AT3G55620	61	69	90	84	98
AT3G55630	17	17	11	18	24
AT3G55640	8	3	3	0	1
AT3G55646	5	3	1	0	2
AT3G55660	7	2	3	3	0
AT3G55690	7	6	1	2	2
AT3G55700	0	6	2	1	1
AT3G55710	4	9	5	7	7
AT3G55720	0	1	0	0	0
AT3G55730	2	8	1	2	6
AT3G55740	11	4	2	4	15
AT3G55750	213	274	152	176	212
AT3G55760	32	19	22	16	10
AT3G55770	85	66	58	63	83
AT3G55800	359	389	131	174	217
AT3G55820	0	2	3	3	2
AT3G55830	20	19	14	27	24
AT3G55840	21	21	17	25	20
AT3G55850	13	18	19	16	20
AT3G55860	0	1	0	0	0
AT3G55880	18	8	13	10	16
AT3G55910	1	0	0	0	1
AT3G55920	15	11	10	13	15
AT3G55940	0	0	1	0	0
AT3G55950	0	0	4	1	0
AT3G55960	16	18	27	24	32
AT3G55970	2	1	0	1	0
AT3G55980	13	10	23	38	51
AT3G55990	0	4	0	0	0
AT3G56000	2	0	2	0	0
AT3G56010	55	63	18	24	42
AT3G56020	385	463	360	421	508
AT3G56030	0	1	1	0	1
AT3G56040	34	30	20	23	35
AT3G56050	66	55	37	57	56
AT3G56060	36	26	10	18	16
AT3G56070	85	117	60	54	79
AT3G56080	5	4	1	0	3
AT3G56090	37	48	59	66	82
AT3G56100	3	5	1	0	2
AT3G56110	23	47	31	33	41
AT3G56120	8	4	6	12	12
AT3G56130	50	58	42	50	60
AT3G56140	23	21	25	14	20
AT3G56150	126	124	85	96	135
AT3G56160	6	12	4	0	7
AT3G56170	6	7	7	7	7
AT3G56190	63	68	42	54	58
AT3G56200	7	3	3	1	5
AT3G56210	40	27	27	30	28
AT3G56220	7	6	1	1	3
AT3G56240	96	88	38	52	54
AT3G56250	0	1	1	0	0
AT3G56260	3	5	6	4	11
AT3G56270	0	4	3	6	5
AT3G56290	27	25	12	20	36
AT3G56300	1	4	0	1	1
AT3G56310	93	75	61	86	93
AT3G56320	3	1	8	2	2
AT3G56330	8	18	7	2	6
AT3G56340	599	659	457	409	582
AT3G56360	137	85	55	37	77
AT3G56370	18	25	15	9	20
AT3G56400	112	73	79	71	107
AT3G56408	13	9	6	13	11
AT3G56410	11	9	5	11	10
AT3G56430	2	7	4	4	1
AT3G56440	1	0	5	4	1
AT3G56450	15	4	5	3	6
AT3G56460	58	57	43	55	63
AT3G56470	15	11	6	11	8
AT3G56480	11	13	10	14	8
AT3G56490	105	114	105	116	166
AT3G56510	10	18	21	17	27
AT3G56540	0	0	1	0	0
AT3G56570	2	4	3	1	4
AT3G56580	17	16	5	15	15
AT3G56590	20	21	18	17	15
AT3G56600	1	0	0	0	0
AT3G56620	2	3	1	1	7
AT3G56630	17	15	11	15	15
AT3G56640	2	3	1	3	3
AT3G56650	54	61	17	36	27
AT3G56680	58	83	74	82	94
AT3G56690	5	4	3	2	11
AT3G56705	9	3	19	13	14
AT3G56710	38	25	23	39	46
AT3G56720	12	31	19	12	16
AT3G56730	2	2	0	0	1
AT3G56740	6	8	6	3	11
AT3G56750	10	16	14	21	16
AT3G56760	7	6	12	10	12
AT3G56770	0	0	0	1	1
AT3G56800	176	178	168	151	170
AT3G56810	4	6	0	4	1
AT3G56820	4	13	4	4	5
AT3G56825	18	25	40	42	46
AT3G56830	6	3	0	2	6
AT3G56840	7	3	7	14	6
AT3G56850	1	4	6	11	11
AT3G56860	34	51	31	33	43
AT3G56870	3	7	3	2	4
AT3G56880	21	23	41	36	85
AT3G56900	5	10	12	13	19
AT3G56910	641	657	311	342	426
AT3G56930	2	4	2	2	0
AT3G56940	848	928	219	222	349
AT3G56950	11	14	10	13	7
AT3G56960	0	0	0	0	1
AT3G56970	6	2	0	0	3
AT3G56980	3	1	0	0	0
AT3G56990	6	6	1	6	6
AT3G57000	24	30	18	29	22
AT3G57010	0	0	0	1	5
AT3G57020	5	3	6	11	12
AT3G57030	27	32	8	31	38
AT3G57040	10	12	3	9	10
AT3G57050	37	33	36	35	28
AT3G57060	9	14	5	5	10
AT3G57062	15	7	6	12	13
AT3G57070	13	9	14	6	17
AT3G57080	13	17	18	28	32
AT3G57090	29	36	36	25	49
AT3G57100	1	0	0	0	0
AT3G57120	8	1	1	1	1
AT3G57130	1	0	0	0	0
AT3G57140	4	8	4	1	4
AT3G57150	99	144	72	93	91
AT3G57157	0	1	0	1	0
AT3G57160	3	9	5	3	10
AT3G57170	7	9	8	8	10
AT3G57180	11	9	7	11	14
AT3G57190	4	8	5	9	9
AT3G57200	2	1	3	0	1
AT3G57210	2	0	0	0	0
AT3G57220	14	24	5	21	12
AT3G57230	13	16	14	13	10
AT3G57240	14	17	7	15	7
AT3G57260	201	98	236	265	361
AT3G57270	0	0	2	1	0
AT3G57280	22	28	24	21	28
AT3G57290	53	59	59	70	84
AT3G57300	23	19	9	13	26
AT3G57320	29	30	22	21	18
AT3G57330	14	14	21	25	27
AT3G57340	23	20	19	18	23
AT3G57350	8	5	10	4	16
AT3G57360	1	0	0	6	1
AT3G57380	2	3	0	1	2
AT3G57390	4	8	4	3	2
AT3G57400	15	23	25	20	26
AT3G57410	22	30	16	13	25
AT3G57420	16	15	10	10	5
AT3G57430	3	1	6	1	9
AT3G57440	2	0	0	1	2
AT3G57450	36	23	52	51	88
AT3G57460	1	2	2	1	4
AT3G57470	23	20	19	14	21
AT3G57480	4	8	3	5	7
AT3G57490	23	22	13	10	31
AT3G57500	6	3	2	0	0
AT3G57510	0	0	0	1	2
AT3G57520	29	21	11	27	25
AT3G57530	10	7	10	9	13
AT3G57540	1	3	1	1	1
AT3G57550	24	26	13	17	12
AT3G57560	24	19	12	11	16
AT3G57570	13	8	10	6	15
AT3G57580	1	0	1	5	2
AT3G57590	0	2	1	3	1
AT3G57600	4	3	0	6	4
AT3G57610	63	60	41	43	44
AT3G57630	4	3	4	4	8
AT3G57640	3	1	2	2	2
AT3G57645	1	2	2	6	4
AT3G57650	33	34	33	24	18
AT3G57660	2	2	4	7	2
AT3G57670	0	1	0	0	0
AT3G57680	2	0	1	1	1
AT3G57700	0	0	1	0	0
AT3G57710	8	9	8	3	8
AT3G57720	2	4	2	4	2
AT3G57730	6	4	1	4	5
AT3G57750	2	6	3	3	2
AT3G57760	1	0	2	0	0
AT3G57765	10	14	32	34	44
AT3G57770	3	0	0	1	1
AT3G57780	9	4	1	2	3
AT3G57785	39	49	37	32	29
AT3G57790	21	9	15	5	24
AT3G57800	34	30	25	14	11
AT3G57810	5	8	6	6	7
AT3G57830	2	7	1	2	5
AT3G57860	6	2	2	5	2
AT3G57870	138	130	123	142	159
AT3G57880	8	11	8	11	14
AT3G57890	28	55	48	44	67
AT3G57910	5	6	8	4	3
AT3G57920	3	4	1	0	4
AT3G57930	15	20	16	13	20
AT3G57940	11	12	11	4	11
AT3G57950	0	0	0	0	1
AT3G57965	0	4	8	2	1
AT3G57980	2	4	1	3	1
AT3G57990	22	39	9	8	14
AT3G58000	0	0	0	1	2
AT3G58010	27	26	6	20	10
AT3G58020	7	8	16	8	4
AT3G58030	7	16	8	5	16
AT3G58040	9	8	5	10	6
AT3G58050	6	11	0	8	7
AT3G58070	2	1	7	11	11
AT3G58090	8	2	7	5	7
AT3G58100	3	7	5	2	1
AT3G58110	11	19	13	18	26
AT3G58120	11	17	11	9	5
AT3G58130	7	5	3	8	4
AT3G58140	71	96	35	31	35
AT3G58150	1	0	4	3	4
AT3G58160	1	1	0	0	1
AT3G58170	34	38	47	48	50
AT3G58180	9	4	13	13	10
AT3G58193	1	0	0	0	0
AT3G58196	0	0	1	1	0
AT3G58200	2	1	1	2	0
AT3G58220	10	13	13	16	20
AT3G58250	0	0	0	0	1
AT3G58270	2	1	4	8	12
AT3G58350	1	0	0	0	0
AT3G58380	0	0	0	0	2
AT3G58430	3	6	4	4	2
AT3G58460	27	39	22	12	35
AT3G58470	13	16	27	24	27
AT3G58480	0	0	0	1	0
AT3G58490	15	14	5	16	23
AT3G58500	58	76	56	68	78
AT3G58510	43	30	21	27	36
AT3G58520	2	4	1	6	5
AT3G58530	2	2	6	8	9
AT3G58540	2	0	1	0	1
AT3G58560	39	47	32	36	45
AT3G58570	12	17	18	27	36
AT3G58580	12	15	9	10	13
AT3G58590	0	1	1	2	0
AT3G58600	12	6	21	16	22
AT3G58610	490	592	242	312	352
AT3G58620	5	11	1	10	2
AT3G58630	3	4	2	6	5
AT3G58640	13	19	13	13	22
AT3G58650	10	6	5	6	0
AT3G58660	11	31	14	17	33
AT3G58670	11	4	14	20	16
AT3G58680	190	173	147	160	224
AT3G58690	5	15	2	13	11
AT3G58700	100	92	50	52	61
AT3G58710	2	8	4	5	3
AT3G58720	1	1	5	4	4
AT3G58730	140	114	64	57	105
AT3G58750	17	26	16	38	21
AT3G58760	15	7	8	9	9
AT3G58770	1	0	0	0	0
AT3G58780	10	6	6	13	15
AT3G58790	14	9	4	17	15
AT3G58795	0	0	0	1	0
AT3G58800	2	9	1	8	4
AT3G58810	1	1	1	2	1
AT3G58820	1	5	4	0	3
AT3G58830	18	12	5	5	9
AT3G58840	10	14	4	11	12
AT3G58850	10	8	3	7	6
AT3G58900	6	4	9	6	15
AT3G58930	5	6	1	2	6
AT3G58940	7	3	1	5	1
AT3G58950	0	0	0	0	1
AT3G58970	31	17	20	19	16
AT3G58980	0	2	2	3	1
AT3G58990	27	21	11	15	18
AT3G59000	2	3	0	0	2
AT3G59010	15	12	16	13	23
AT3G59020	22	15	14	13	15
AT3G59030	1	1	1	0	0
AT3G59040	28	36	11	12	11
AT3G59050	9	25	8	10	15
AT3G59052	9	25	8	10	15
AT3G59060	55	61	30	50	28
AT3G59068	1	0	5	4	3
AT3G59070	1	0	6	5	4
AT3G59080	4	0	2	14	21
AT3G59090	8	10	10	10	13
AT3G59100	2	1	2	1	0
AT3G59110	21	16	11	6	19
AT3G59120	12	9	10	6	23
AT3G59140	6	1	2	11	12
AT3G59150	8	0	4	0	8
AT3G59200	0	0	0	1	0
AT3G59210	5	5	6	18	14
AT3G59220	1	1	0	0	0
AT3G59250	1	1	3	0	3
AT3G59260	0	0	0	1	0
AT3G59270	1	0	0	0	0
AT3G59280	35	30	19	28	26
AT3G59290	10	10	8	5	5
AT3G59300	46	48	44	44	64
AT3G59310	43	44	42	43	62
AT3G59320	5	8	2	5	4
AT3G59330	3	3	3	2	3
AT3G59350	26	11	26	19	31
AT3G59360	13	15	6	17	17
AT3G59380	26	21	41	34	30
AT3G59390	0	3	4	4	4
AT3G59400	109	92	16	20	24
AT3G59410	4	4	14	7	6
AT3G59420	2	12	1	5	1
AT3G59430	2	1	4	4	1
AT3G59450	1	0	0	1	0
AT3G59470	5	8	3	3	6
AT3G59480	2	1	0	1	1
AT3G59490	13	11	17	13	15
AT3G59500	26	21	20	16	20
AT3G59510	0	1	0	0	0
AT3G59520	9	5	4	4	7
AT3G59530	0	1	2	1	2
AT3G59540	372	450	283	381	527
AT3G59550	4	4	0	0	3
AT3G59570	3	7	5	6	6
AT3G59580	2	0	0	0	0
AT3G59600	33	42	37	50	88
AT3G59630	11	7	4	7	6
AT3G59640	1	11	1	11	5
AT3G59650	12	32	19	13	32
AT3G59660	8	7	8	15	15
AT3G59670	5	10	2	8	3
AT3G59680	2	4	0	1	2
AT3G59690	1	3	2	1	0
AT3G59695	1	1	1	1	0
AT3G59700	3	2	1	0	2
AT3G59710	1	0	0	0	1
AT3G59740	0	0	0	0	1
AT3G59750	0	0	0	0	1
AT3G59760	45	32	15	25	29
AT3G59765	4	8	3	8	5
AT3G59770	19	20	9	12	19
AT3G59780	72	89	23	38	43
AT3G59790	0	0	0	1	0
AT3G59800	11	12	6	12	21
AT3G59810	16	26	14	34	41
AT3G59820	26	35	30	43	25
AT3G59840	59	61	47	46	74
AT3G59870	19	25	11	7	15
AT3G59880	1	1	3	3	1
AT3G59890	5	16	6	10	10
AT3G59900	2	1	2	0	0
AT3G59910	5	6	3	10	18
AT3G59920	96	112	77	93	90
AT3G59930	0	1	2	0	5
AT3G59940	81	63	41	28	45
AT3G59950	25	19	29	24	31
AT3G59970	203	197	135	139	205
AT3G59980	173	191	89	102	155
AT3G59990	44	67	52	71	73
AT3G60030	32	31	19	23	25
AT3G60040	2	1	0	3	2
AT3G60050	4	6	10	5	5
AT3G60070	6	6	0	1	4
AT3G60080	4	3	6	0	11
AT3G60100	0	0	1	0	0
AT3G60110	2	3	0	1	3
AT3G60130	19	25	9	16	12
AT3G60140	0	1	0	0	2
AT3G60150	5	7	6	7	4
AT3G60160	1	2	2	5	2
AT3G60180	13	12	8	8	6
AT3G60190	58	49	40	39	49
AT3G60200	0	2	2	3	6
AT3G60210	72	68	71	65	105
AT3G60220	2	3	0	0	1
AT3G60240	27	14	16	22	12
AT3G60245	688	870	361	431	574
AT3G60250	30	25	18	22	29
AT3G60260	4	7	7	7	5
AT3G60286	0	2	1	1	0
AT3G60290	15	10	3	3	4
AT3G60300	25	20	24	43	47
AT3G60310	3	0	1	2	2
AT3G60318	0	1	0	0	0
AT3G60320	82	82	56	35	75
AT3G60330	0	0	0	1	0
AT3G60340	46	48	45	49	61
AT3G60350	5	12	1	9	10
AT3G60360	20	21	6	12	15
AT3G60370	42	38	19	20	23
AT3G60380	7	16	14	8	16
AT3G60390	9	21	3	4	6
AT3G60400	0	2	0	0	5
AT3G60410	5	7	3	3	3
AT3G60420	19	15	8	19	27
AT3G60440	20	16	7	15	7
AT3G60450	24	30	24	17	20
AT3G60470	0	0	0	0	2
AT3G60480	15	18	16	20	24
AT3G60490	0	0	0	0	1
AT3G60500	10	3	6	4	9
AT3G60510	2	11	6	6	10
AT3G60520	15	22	29	41	46
AT3G60530	22	26	30	32	30
AT3G60540	18	13	8	8	13
AT3G60550	1	0	0	1	0
AT3G60580	0	0	4	4	0
AT3G60590	6	10	4	5	5
AT3G60600	45	52	40	39	45
AT3G60620	14	27	4	5	8
AT3G60630	15	10	5	15	10
AT3G60640	1	10	4	10	6
AT3G60660	4	3	4	6	5
AT3G60670	1	0	0	1	1
AT3G60680	4	1	3	0	5
AT3G60690	5	3	8	5	6
AT3G60700	2	1	0	0	3
AT3G60710	0	0	0	0	1
AT3G60720	1	1	3	0	2
AT3G60730	0	1	0	1	0
AT3G60740	8	16	10	14	7
AT3G60750	717	812	308	369	448
AT3G60770	478	541	324	395	515
AT3G60800	10	12	9	16	9
AT3G60810	24	37	10	4	21
AT3G60820	126	117	116	158	134
AT3G60830	11	16	6	6	19
AT3G60840	4	8	0	0	4
AT3G60850	4	3	6	7	5
AT3G60860	27	17	23	19	26
AT3G60880	18	23	10	6	18
AT3G60890	5	3	1	3	0
AT3G60900	3	9	3	2	4
AT3G60910	18	11	32	19	31
AT3G60940	1	0	0	0	0
AT3G60960	5	0	1	2	3
AT3G60961	3	2	5	2	2
AT3G60966	0	1	0	2	2
AT3G60980	8	8	11	4	7
AT3G61010	6	11	7	9	9
AT3G61028	1	1	0	1	0
AT3G61050	58	55	28	33	49
AT3G61060	10	5	7	6	6
AT3G61070	31	26	34	27	46
AT3G61080	27	34	17	27	21
AT3G61090	1	0	2	0	0
AT3G61100	10	26	38	26	44
AT3G61110	255	303	229	267	336
AT3G61113	2	2	2	7	5
AT3G61130	37	42	23	24	36
AT3G61140	8	12	16	13	22
AT3G61150	27	32	22	26	27
AT3G61160	3	1	3	2	2
AT3G61180	16	21	12	14	15
AT3G61190	2	4	9	8	20
AT3G61198	2	9	9	9	20
AT3G61200	53	38	39	50	47
AT3G61210	15	18	12	11	16
AT3G61220	12	6	18	16	32
AT3G61240	28	34	19	33	25
AT3G61250	1	3	1	0	0
AT3G61260	174	160	69	86	100
AT3G61270	0	0	1	0	0
AT3G61280	9	4	17	19	15
AT3G61310	23	21	6	19	22
AT3G61320	6	0	4	1	12
AT3G61350	4	6	4	5	5
AT3G61360	4	6	4	5	8
AT3G61370	5	11	9	9	7
AT3G61380	3	5	5	4	2
AT3G61390	0	0	1	0	2
AT3G61410	0	0	1	2	2
AT3G61415	6	10	12	4	12
AT3G61420	10	10	6	6	9
AT3G61430	166	147	90	103	134
AT3G61440	126	124	70	67	83
AT3G61450	1	0	0	0	0
AT3G61460	42	43	18	22	33
AT3G61470	5952	5628	1107	1146	1576
AT3G61480	9	14	15	13	22
AT3G61490	11	5	2	2	9
AT3G61520	8	10	7	7	2
AT3G61530	4	5	3	9	8
AT3G61540	15	9	4	10	3
AT3G61545	0	0	0	0	1
AT3G61550	15	11	16	2	9
AT3G61560	14	16	8	14	15
AT3G61570	5	12	1	5	6
AT3G61571	0	0	1	0	0
AT3G61580	117	113	113	129	195
AT3G61590	4	1	1	1	2
AT3G61600	30	32	18	36	36
AT3G61610	8	6	1	1	2
AT3G61620	16	20	10	24	23
AT3G61630	4	7	11	10	13
AT3G61640	25	38	32	35	30
AT3G61650	0	1	2	1	2
AT3G61670	3	9	4	9	11
AT3G61690	14	7	6	13	8
AT3G61700	23	7	10	7	14
AT3G61710	6	10	6	16	6
AT3G61740	9	6	2	1	7
AT3G61750	1	0	1	0	0
AT3G61760	0	0	1	0	0
AT3G61770	18	30	8	19	29
AT3G61780	3	4	2	7	2
AT3G61790	17	18	9	5	8
AT3G61800	6	2	1	3	4
AT3G61810	0	0	1	0	0
AT3G61820	54	55	14	32	12
AT3G61830	7	10	2	5	10
AT3G61840	6	1	1	1	1
AT3G61850	1	1	1	2	5
AT3G61860	34	37	34	48	55
AT3G61870	186	162	60	65	88
AT3G61880	0	0	4	1	1
AT3G61890	4	6	6	2	4
AT3G61898	2	3	4	2	4
AT3G61900	1	1	2	0	1
AT3G61920	1	4	1	0	0
AT3G61930	0	0	0	0	1
AT3G61940	1	0	0	0	0
AT3G61950	4	2	2	1	2
AT3G61960	7	12	7	16	22
AT3G61970	5	10	3	2	1
AT3G61980	14	10	10	10	6
AT3G61990	0	7	1	2	1
AT3G62000	5	7	4	5	13
AT3G62010	23	29	18	27	23
AT3G62020	2	5	2	0	1
AT3G62030	817	842	280	328	419
AT3G62050	3	4	3	8	10
AT3G62060	5	13	5	8	8
AT3G62070	2	0	0	1	2
AT3G62080	7	10	6	3	11
AT3G62090	5	6	4	5	5
AT3G62100	0	2	0	0	0
AT3G62110	13	26	10	16	17
AT3G62120	79	98	94	79	108
AT3G62130	18	4	10	13	20
AT3G62140	10	2	7	18	11
AT3G62150	0	0	4	4	3
AT3G62160	2	1	1	0	1
AT3G62190	27	31	33	42	40
AT3G62220	9	19	16	20	19
AT3G62240	6	4	5	6	16
AT3G62250	773	884	501	589	758
AT3G62260	1	1	4	5	9
AT3G62270	0	0	3	2	4
AT3G62280	0	1	0	0	0
AT3G62290	200	207	155	217	248
AT3G62300	17	20	6	17	13
AT3G62310	28	20	26	30	30
AT3G62330	17	12	10	10	11
AT3G62360	18	17	14	24	18
AT3G62370	26	28	17	20	21
AT3G62390	15	6	9	8	10
AT3G62400	109	114	103	110	141
AT3G62410	351	338	183	212	272
AT3G62420	64	61	46	65	54
AT3G62422	64	61	46	65	54
AT3G62430	1	0	2	0	1
AT3G62450	4	5	1	7	10
AT3G62460	7	3	4	3	7
AT3G62470	4	2	2	3	2
AT3G62500	0	1	0	0	2
AT3G62510	0	1	0	0	1
AT3G62530	229	257	75	92	119
AT3G62540	1	2	2	0	1
AT3G62550	189	108	69	87	91
AT3G62560	39	33	28	49	42
AT3G62570	4	2	1	1	0
AT3G62580	58	41	38	39	42
AT3G62590	3	2	2	1	1
AT3G62600	47	47	64	58	59
AT3G62620	2	3	1	2	6
AT3G62630	44	33	23	22	28
AT3G62650	42	38	22	30	38
AT3G62660	51	30	22	25	27
AT3G62680	2	0	0	0	0
AT3G62690	6	9	4	4	5
AT3G62700	39	40	14	27	28
AT3G62720	12	10	4	9	5
AT3G62730	0	1	0	0	0
AT3G62740	0	0	1	1	0
AT3G62750	49	45	30	55	42
AT3G62770	12	8	24	20	23
AT3G62780	7	3	4	1	3
AT3G62790	57	59	36	41	55
AT3G62800	3	7	4	6	11
AT3G62810	26	32	27	17	33
AT3G62820	35	47	39	35	52
AT3G62830	28	21	7	6	20
AT3G62840	79	102	65	48	87
AT3G62860	4	2	3	1	5
AT3G62870	529	628	383	440	551
AT3G62880	9	7	7	4	16
AT3G62890	6	2	0	4	0
AT3G62900	5	7	4	5	11
AT3G62910	45	50	21	26	32
AT3G62920	2	6	4	5	6
AT3G62930	1	2	1	0	1
AT3G62940	46	52	32	45	35
AT3G62950	13	6	1	3	1
AT3G62960	0	0	0	0	1
AT3G62970	4	10	11	13	17
AT3G62980	32	34	29	21	29
AT3G63000	23	27	24	30	47
AT3G63010	1	0	2	4	4
AT3G63030	29	20	15	18	23
AT3G63050	1	0	0	0	1
AT3G63052	1	1	1	0	2
AT3G63060	0	0	0	0	1
AT3G63070	5	2	4	3	5
AT3G63080	38	32	34	49	49
AT3G63088	0	1	0	0	0
AT3G63090	4	5	3	2	6
AT3G63095	1	1	1	0	0
AT3G63110	4	3	7	7	1
AT3G63120	33	27	22	27	40
AT3G63130	25	19	13	24	23
AT3G63140	266	337	96	81	120
AT3G63150	5	11	5	12	12
AT3G63160	619	580	228	294	328
AT3G63170	49	37	11	24	25
AT3G63180	5	18	8	8	8
AT3G63190	112	125	24	31	60
AT3G63200	14	22	5	7	8
AT3G63210	9	14	9	12	10
AT3G63220	12	2	5	4	6
AT3G63240	4	4	3	3	3
AT3G63250	17	30	25	33	29
AT3G63260	19	18	16	8	20
AT3G63270	3	4	6	8	2
AT3G63280	0	1	1	0	2
AT3G63290	2	1	0	0	3
AT3G63300	15	9	11	24	27
AT3G63310	25	17	37	31	35
AT3G63340	8	6	5	10	8
AT3G63370	3	0	0	2	0
AT3G63380	1	4	1	2	5
AT3G63390	17	13	4	14	12
AT3G63400	11	20	17	29	39
AT3G63410	406	443	138	175	232
AT3G63420	13	22	23	16	14
AT3G63430	1	6	1	0	1
AT3G63440	10	13	3	6	8
AT3G63445	13	12	3	8	7
AT3G63450	5	5	4	1	2
AT3G63460	32	35	13	22	26
AT3G63470	2	2	1	1	3
AT3G63480	6	3	2	1	6
AT3G63490	318	334	123	141	133
AT3G63500	16	16	12	19	17
AT3G63510	22	20	6	13	13
AT3G63520	126	115	201	221	286
AT3G63530	5	3	1	7	7
AT3G63540	269	247	79	93	118
AT3G66652	4	0	3	2	1
AT3G66654	21	22	17	23	25
AT3G66656	1	0	0	0	0
AT3G66658	14	10	7	13	12
AT4G00020	14	10	6	14	12
AT4G00026	17	22	11	16	15
AT4G00030	23	16	6	5	8
AT4G00040	14	11	11	12	19
AT4G00050	7	9	4	7	12
AT4G00060	4	3	6	9	7
AT4G00090	10	13	11	8	9
AT4G00100	429	470	291	375	495
AT4G00110	3	4	4	2	8
AT4G00150	6	2	13	12	12
AT4G00165	103	93	84	114	117
AT4G00170	7	5	4	2	17
AT4G00180	14	17	14	18	22
AT4G00200	3	1	1	4	2
AT4G00210	1	0	0	1	0
AT4G00220	0	0	0	0	1
AT4G00230	7	7	6	4	6
AT4G00231	10	3	7	11	7
AT4G00238	16	16	9	15	18
AT4G00240	0	3	3	2	4
AT4G00250	1	0	0	0	0
AT4G00270	20	22	10	21	24
AT4G00280	0	0	0	0	1
AT4G00290	5	17	9	14	16
AT4G00300	45	41	45	42	63
AT4G00305	0	0	0	1	0
AT4G00310	1	4	0	2	2
AT4G00330	38	33	30	42	45
AT4G00335	6	5	3	6	11
AT4G00340	26	26	17	21	25
AT4G00355	17	17	14	23	29
AT4G00360	57	48	67	52	77
AT4G00370	32	51	21	34	42
AT4G00380	3	3	1	2	4
AT4G00400	45	37	27	29	45
AT4G00420	2	11	18	13	9
AT4G00430	216	227	126	142	190
AT4G00440	14	8	5	8	6
AT4G00450	10	20	7	12	13
AT4G00460	1	2	1	2	1
AT4G00480	1	3	1	2	4
AT4G00490	29	24	22	30	39
AT4G00500	5	3	8	9	10
AT4G00520	9	3	4	3	7
AT4G00525	2	1	4	6	9
AT4G00530	9	10	9	6	18
AT4G00550	3	6	10	6	4
AT4G00560	25	16	24	28	29
AT4G00570	23	29	31	46	46
AT4G00585	65	43	38	44	63
AT4G00590	0	4	1	3	7
AT4G00620	10	22	10	15	29
AT4G00630	15	5	16	5	13
AT4G00650	2	3	3	2	5
AT4G00651	0	0	0	0	1
AT4G00660	21	20	16	28	22
AT4G00670	2	0	1	2	1
AT4G00680	0	1	0	0	0
AT4G00690	0	0	3	0	0
AT4G00695	0	0	0	0	1
AT4G00700	3	1	5	3	6
AT4G00710	29	19	13	20	15
AT4G00720	9	9	9	8	16
AT4G00730	10	8	10	16	25
AT4G00740	28	26	23	26	24
AT4G00750	13	16	10	8	13
AT4G00752	12	14	7	5	3
AT4G00755	4	13	12	5	8
AT4G00760	5	2	1	4	15
AT4G00770	1	0	0	0	2
AT4G00780	74	61	46	57	73
AT4G00800	6	15	13	10	8
AT4G00810	194	199	100	131	170
AT4G00820	3	3	1	0	3
AT4G00830	14	13	11	13	27
AT4G00840	5	9	12	15	11
AT4G00850	3	2	2	5	2
AT4G00860	141	110	112	146	143
AT4G00870	1	4	0	1	2
AT4G00880	23	19	15	14	34
AT4G00890	1	0	1	2	2
AT4G00893	0	0	0	1	0
AT4G00895	97	96	46	51	55
AT4G00900	5	5	4	2	3
AT4G00905	5	3	1	3	1
AT4G00930	3	6	1	2	2
AT4G00940	1	0	2	1	0
AT4G00950	13	8	1	3	7
AT4G00955	2	0	3	5	4
AT4G00960	0	0	0	0	2
AT4G00970	13	3	18	22	11
AT4G00975	4	2	5	4	4
AT4G00980	1	1	0	4	0
AT4G00990	13	5	5	11	18
AT4G01000	20	36	16	14	18
AT4G01010	0	0	4	4	5
AT4G01020	5	3	5	10	2
AT4G01026	25	31	16	9	15
AT4G01030	21	27	10	7	14
AT4G01037	41	31	14	16	25
AT4G01040	18	21	12	17	21
AT4G01050	226	210	73	93	108
AT4G01060	5	0	1	0	2
AT4G01070	27	35	23	34	27
AT4G01080	4	13	7	13	12
AT4G01090	4	5	4	5	10
AT4G01100	38	45	19	38	27
AT4G01110	1	0	2	0	3
AT4G01120	9	10	15	18	16
AT4G01130	25	24	9	12	9
AT4G01140	0	1	0	0	0
AT4G01150	1422	1437	421	408	581
AT4G01190	1	0	0	0	0
AT4G01200	2	1	2	0	1
AT4G01210	11	25	13	9	14
AT4G01220	9	9	7	5	4
AT4G01250	6	0	1	0	4
AT4G01270	3	0	2	5	4
AT4G01280	11	10	6	9	9
AT4G01290	44	42	31	37	41
AT4G01310	397	372	103	157	180
AT4G01320	43	35	33	28	32
AT4G01330	18	8	7	9	4
AT4G01335	1	0	0	0	0
AT4G01360	0	0	0	0	4
AT4G01370	53	66	74	72	75
AT4G01400	17	33	28	22	27
AT4G01410	10	20	4	4	5
AT4G01440	1	1	2	0	2
AT4G01450	9	2	2	7	5
AT4G01460	24	16	9	1	10
AT4G01480	11	7	15	16	19
AT4G01510	9	7	11	8	18
AT4G01533	1	0	0	0	0
AT4G01540	1	0	1	0	0
AT4G01550	7	1	4	3	8
AT4G01560	24	21	12	18	25
AT4G01570	2	5	5	5	6
AT4G01575	2	1	0	0	0
AT4G01580	16	16	13	15	22
AT4G01590	26	52	26	20	38
AT4G01593	5	14	12	15	11
AT4G01595	0	4	1	1	3
AT4G01600	3	0	0	5	1
AT4G01610	54	55	62	70	57
AT4G01650	6	3	4	2	5
AT4G01660	4	4	13	8	10
AT4G01670	14	6	1	4	3
AT4G01680	1	1	1	3	0
AT4G01690	150	165	30	34	43
AT4G01700	21	15	13	11	23
AT4G01710	8	16	14	20	20
AT4G01720	0	0	4	2	4
AT4G01730	3	9	4	4	10
AT4G01740	4	3	1	0	2
AT4G01750	7	3	7	14	5
AT4G01790	4	4	7	4	4
AT4G01800	37	50	24	20	28
AT4G01810	8	7	13	19	21
AT4G01840	1	1	0	1	2
AT4G01850	111	141	94	94	138
AT4G01860	8	10	8	10	10
AT4G01870	8	6	3	1	1
AT4G01880	8	8	6	7	3
AT4G01883	45	28	21	14	26
AT4G01895	1	0	6	2	1
AT4G01897	17	12	17	18	26
AT4G01900	29	23	8	9	7
AT4G01910	1	0	3	2	1
AT4G01915	11	11	10	14	10
AT4G01920	3	2	2	6	6
AT4G01935	81	61	40	50	52
AT4G01940	100	78	51	64	65
AT4G01950	12	14	19	6	16
AT4G01960	7	9	3	14	22
AT4G01970	0	0	0	3	0
AT4G01985	0	0	2	0	0
AT4G01990	5	4	5	2	4
AT4G01995	8	19	12	15	10
AT4G02000	0	0	1	0	0
AT4G02005	0	1	1	2	4
AT4G02010	20	8	1	2	9
AT4G02020	8	6	20	13	16
AT4G02030	11	9	8	10	14
AT4G02040	0	0	2	2	2
AT4G02050	8	9	5	3	12
AT4G02060	16	24	19	18	16
AT4G02070	4	7	2	2	2
AT4G02075	3	1	8	1	3
AT4G02080	68	66	53	62	65
AT4G02100	3	7	7	4	7
AT4G02110	6	4	0	3	0
AT4G02120	11	7	10	12	16
AT4G02130	24	33	9	8	23
AT4G02140	18	23	15	25	21
AT4G02150	19	22	19	24	22
AT4G02160	0	0	1	0	0
AT4G02180	0	0	0	0	3
AT4G02195	5	3	5	1	1
AT4G02200	11	20	26	53	54
AT4G02210	11	18	24	46	47
AT4G02220	8	9	8	9	14
AT4G02230	126	113	75	119	110
AT4G02260	19	21	13	23	29
AT4G02280	4	0	5	0	0
AT4G02290	14	25	8	5	7
AT4G02320	0	0	0	0	1
AT4G02330	12	7	19	12	24
AT4G02340	34	36	27	27	43
AT4G02350	14	9	13	12	19
AT4G02360	0	1	0	1	0
AT4G02370	42	34	55	41	65
AT4G02380	50	44	100	122	126
AT4G02390	0	5	3	10	12
AT4G02400	20	24	8	16	22
AT4G02405	18	20	6	13	12
AT4G02410	8	11	5	9	14
AT4G02420	6	9	12	11	21
AT4G02425	4	5	2	3	3
AT4G02430	5	7	2	8	6
AT4G02440	17	38	27	28	36
AT4G02450	146	159	124	138	153
AT4G02460	2	9	3	7	7
AT4G02480	44	34	27	31	46
AT4G02485	3	3	1	5	10
AT4G02500	67	64	46	43	46
AT4G02510	129	128	106	114	147
AT4G02520	420	257	225	202	258
AT4G02530	114	135	47	56	66
AT4G02540	11	19	3	6	12
AT4G02550	6	1	6	3	4
AT4G02560	1	10	12	12	13
AT4G02570	39	58	35	60	43
AT4G02580	122	127	117	125	157
AT4G02590	13	9	3	9	6
AT4G02600	13	14	7	12	12
AT4G02610	19	13	15	16	26
AT4G02620	113	143	106	108	170
AT4G02630	3	6	5	5	4
AT4G02640	11	10	15	17	26
AT4G02660	1	0	0	2	2
AT4G02670	0	0	1	0	0
AT4G02680	26	27	24	30	38
AT4G02700	3	3	2	6	3
AT4G02710	0	2	2	2	1
AT4G02720	29	20	9	14	19
AT4G02725	69	60	27	18	30
AT4G02730	2	1	1	5	3
AT4G02740	16	6	4	5	8
AT4G02750	2	5	7	4	6
AT4G02760	0	2	6	4	7
AT4G02770	3307	3041	535	564	771
AT4G02790	44	59	32	21	42
AT4G02800	14	8	8	7	19
AT4G02810	0	2	0	0	0
AT4G02820	10	14	7	13	10
AT4G02840	49	66	37	51	60
AT4G02850	13	30	4	13	13
AT4G02860	28	24	12	29	14
AT4G02880	22	20	23	29	30
AT4G02890	246	216	199	213	264
AT4G02900	1	5	1	3	3
AT4G02920	87	131	69	61	87
AT4G02930	50	53	45	52	68
AT4G02940	36	31	21	22	34
AT4G02950	0	0	0	0	1
AT4G02970	190	200	111	260	146
AT4G02980	11	7	17	21	21
AT4G02990	24	30	14	17	17
AT4G03000	9	5	4	8	6
AT4G03010	3	1	3	2	1
AT4G03020	32	32	33	47	40
AT4G03030	10	15	9	11	14
AT4G03070	7	1	3	3	10
AT4G03080	22	21	18	22	18
AT4G03090	10	6	3	5	10
AT4G03100	12	22	11	5	10
AT4G03110	23	33	22	18	23
AT4G03115	6	1	2	2	2
AT4G03120	16	17	13	24	21
AT4G03140	9	10	6	10	7
AT4G03150	21	24	8	7	18
AT4G03175	0	0	1	0	1
AT4G03180	20	18	8	16	16
AT4G03190	23	26	15	13	10
AT4G03200	27	19	15	26	22
AT4G03205	15	15	10	11	16
AT4G03210	271	343	143	148	232
AT4G03220	0	0	0	1	1
AT4G03230	0	2	1	1	3
AT4G03240	13	15	11	13	13
AT4G03250	0	1	0	1	1
AT4G03260	42	30	32	53	40
AT4G03270	1	0	0	0	1
AT4G03280	1221	1256	395	450	579
AT4G03320	0	1	3	10	9
AT4G03330	0	0	2	1	1
AT4G03340	0	0	7	0	4
AT4G03380	1	1	0	2	0
AT4G03390	40	31	26	41	36
AT4G03400	26	22	15	15	16
AT4G03410	4	6	2	4	11
AT4G03415	20	28	15	20	14
AT4G03420	11	13	17	7	25
AT4G03430	21	17	29	28	42
AT4G03440	1	1	1	5	1
AT4G03450	3	2	3	7	11
AT4G03490	0	0	1	0	0
AT4G03500	2	6	6	4	9
AT4G03510	17	12	16	7	9
AT4G03520	635	552	283	289	410
AT4G03550	15	24	14	8	22
AT4G03560	61	54	44	46	51
AT4G03600	2	3	0	1	0
AT4G03610	0	1	0	0	1
AT4G03635	1	1	1	5	0
AT4G03820	5	7	11	4	14
AT4G03935	11	7	18	19	24
AT4G03940	1	0	2	0	0
AT4G03960	11	13	12	12	15
AT4G03965	2	0	1	0	0
AT4G04020	53	73	55	59	66
AT4G04040	52	53	48	36	53
AT4G04180	1	7	5	6	8
AT4G04190	2	7	1	5	8
AT4G04200	17	14	14	16	19
AT4G04210	32	45	36	32	37
AT4G04220	4	1	3	6	10
AT4G04221	4	1	3	6	10
AT4G04223	18	0	12	12	20
AT4G04260	0	1	0	0	0
AT4G04320	25	17	9	23	11
AT4G04330	66	68	29	24	36
AT4G04340	70	73	55	60	71
AT4G04350	32	35	28	33	28
AT4G04360	1	0	2	3	1
AT4G04370	0	1	1	0	1
AT4G04460	3	5	1	0	1
AT4G04470	30	26	16	18	26
AT4G04490	1	0	1	8	1
AT4G04500	1	1	5	4	4
AT4G04510	1	0	1	2	2
AT4G04540	1	0	0	0	1
AT4G04570	42	15	27	47	40
AT4G04610	18	10	6	10	9
AT4G04614	12	22	11	17	13
AT4G04620	12	15	38	42	53
AT4G04630	4	3	5	7	2
AT4G04640	803	848	181	207	320
AT4G04670	6	6	3	7	7
AT4G04680	0	0	0	0	1
AT4G04695	3	2	1	0	5
AT4G04700	4	1	2	3	1
AT4G04710	0	1	1	0	0
AT4G04720	32	29	29	20	17
AT4G04740	3	3	3	4	1
AT4G04745	1	0	0	1	1
AT4G04750	9	3	5	4	4
AT4G04760	0	1	0	0	1
AT4G04770	23	48	16	38	46
AT4G04780	9	11	12	15	20
AT4G04790	4	4	1	3	1
AT4G04800	16	16	22	28	28
AT4G04830	7	1	4	3	5
AT4G04840	72	58	59	45	56
AT4G04850	4	8	17	14	19
AT4G04860	7	10	7	10	16
AT4G04870	19	17	1	9	8
AT4G04880	5	14	15	21	17
AT4G04885	11	17	10	22	9
AT4G04890	35	27	21	28	23
AT4G04900	0	0	0	0	1
AT4G04910	17	11	14	14	15
AT4G04920	4	10	10	8	5
AT4G04925	20	27	9	14	20
AT4G04940	6	4	13	9	16
AT4G04950	27	29	28	34	44
AT4G04955	8	7	5	4	4
AT4G04960	0	2	3	3	5
AT4G04970	14	14	13	7	9
AT4G04972	0	1	0	0	0
AT4G05000	6	12	8	9	13
AT4G05010	2	2	0	1	0
AT4G05020	3	4	5	4	3
AT4G05030	0	0	0	0	1
AT4G05040	1	2	1	3	3
AT4G05050	370	344	300	294	419
AT4G05060	5	5	4	8	11
AT4G05070	28	19	35	24	41
AT4G05071	2	0	0	0	0
AT4G05090	1	6	2	4	2
AT4G05100	0	0	1	0	0
AT4G05120	4	5	4	2	1
AT4G05130	0	0	0	3	0
AT4G05150	33	33	19	31	27
AT4G05160	10	17	15	23	31
AT4G05180	3313	3139	675	705	986
AT4G05190	14	5	4	4	12
AT4G05220	0	0	0	0	1
AT4G05320	749	646	681	858	962
AT4G05330	7	14	8	5	4
AT4G05340	0	1	0	0	0
AT4G05380	0	0	0	0	1
AT4G05390	15	18	11	11	14
AT4G05400	10	17	14	5	15
AT4G05410	6	10	1	6	4
AT4G05420	12	14	18	16	25
AT4G05440	3	1	6	3	2
AT4G05450	12	10	4	8	11
AT4G05460	8	4	5	7	10
AT4G05475	0	0	0	0	1
AT4G05520	9	6	10	6	9
AT4G05530	32	27	24	23	29
AT4G05590	7	6	9	11	9
AT4G05631	1	2	2	0	4
AT4G06536	2	2	2	2	0
AT4G06598	6	8	2	11	7
AT4G06599	9	17	18	24	29
AT4G06634	8	8	7	9	8
AT4G06676	5	1	2	2	10
AT4G06701	6	10	3	5	1
AT4G06744	0	5	1	0	1
AT4G06746	0	1	0	0	1
AT4G07390	33	20	16	44	30
AT4G07400	1	1	0	3	4
AT4G07410	11	14	18	12	20
AT4G07820	1	0	0	0	0
AT4G07825	17	16	21	29	19
AT4G07940	0	0	1	0	2
AT4G07950	18	16	12	15	16
AT4G07960	1	1	2	0	0
AT4G07990	8	13	7	3	4
AT4G08035	22	36	41	53	35
AT4G08040	2	1	0	1	0
AT4G08150	2	5	0	4	0
AT4G08160	1	3	3	0	0
AT4G08170	11	8	3	6	10
AT4G08180	5	7	5	4	11
AT4G08230	51	54	63	47	78
AT4G08240	7	17	15	12	18
AT4G08250	0	0	0	2	0
AT4G08280	43	41	29	43	44
AT4G08290	1	1	2	1	3
AT4G08300	0	0	1	4	1
AT4G08310	9	8	5	13	17
AT4G08320	11	13	13	8	14
AT4G08330	7	4	6	10	8
AT4G08350	19	30	22	25	32
AT4G08390	35	58	26	29	48
AT4G08455	4	4	2	17	8
AT4G08460	19	34	19	31	30
AT4G08470	45	43	46	52	46
AT4G08480	6	3	6	0	5
AT4G08500	6	6	6	6	6
AT4G08510	0	2	7	2	8
AT4G08520	53	58	33	35	45
AT4G08540	19	19	17	14	16
AT4G08555	6	2	2	4	7
AT4G08580	3	6	8	5	7
AT4G08590	0	0	5	1	3
AT4G08685	97	112	58	57	86
AT4G08690	9	9	7	7	16
AT4G08700	5	5	5	9	9
AT4G08770	0	0	0	1	3
AT4G08790	5	13	4	4	9
AT4G08810	31	33	14	23	25
AT4G08850	34	29	42	37	57
AT4G08870	37	45	34	49	50
AT4G08874	0	1	1	0	1
AT4G08900	9	5	3	14	13
AT4G08910	1	2	0	1	3
AT4G08920	119	107	59	77	76
AT4G08930	23	11	4	19	19
AT4G08940	4	6	7	4	2
AT4G08950	30	37	23	41	67
AT4G08960	4	5	9	5	8
AT4G08980	23	26	25	26	40
AT4G08990	0	1	1	5	1
AT4G09000	254	297	311	276	364
AT4G09010	296	345	61	89	115
AT4G09012	1	1	2	2	3
AT4G09020	49	41	25	29	25
AT4G09030	16	15	21	21	27
AT4G09040	105	92	44	53	51
AT4G09060	5	8	3	3	10
AT4G09080	1	0	1	2	6
AT4G09140	4	9	17	12	20
AT4G09150	21	39	18	28	22
AT4G09160	8	16	2	2	11
AT4G09180	8	12	8	9	10
AT4G09200	13	9	6	15	10
AT4G09250	1	7	10	7	9
AT4G09310	6	13	11	11	13
AT4G09320	858	888	472	516	667
AT4G09340	8	11	18	18	21
AT4G09350	8	15	5	4	5
AT4G09360	0	0	0	1	0
AT4G09420	0	0	1	0	5
AT4G09430	0	0	6	1	0
AT4G09432	0	0	6	1	0
AT4G09460	6	4	7	3	5
AT4G09490	6	3	6	6	6
AT4G09500	9	3	2	3	3
AT4G09510	18	16	12	14	15
AT4G09520	4	4	1	3	4
AT4G09550	28	60	51	59	60
AT4G09560	7	5	3	8	7
AT4G09570	26	24	22	39	25
AT4G09580	17	19	12	14	18
AT4G09620	18	27	14	14	17
AT4G09630	10	16	7	10	20
AT4G09640	4	5	7	3	6
AT4G09649	0	0	1	0	0
AT4G09650	583	649	100	78	158
AT4G09670	73	65	48	57	94
AT4G09680	10	9	7	14	10
AT4G09690	0	0	0	1	0
AT4G09720	41	16	23	23	22
AT4G09730	18	41	13	18	15
AT4G09750	1	3	4	9	6
AT4G09760	30	15	48	48	71
AT4G09770	0	0	0	0	1
AT4G09800	297	375	200	224	333
AT4G09810	4	13	7	5	2
AT4G09830	43	56	66	77	89
AT4G09840	0	2	1	0	3
AT4G09890	39	45	22	24	37
AT4G09900	10	14	17	10	12
AT4G09920	0	2	0	1	3
AT4G09930	0	1	0	0	0
AT4G09950	0	0	1	0	0
AT4G09960	0	1	0	0	1
AT4G09965	0	0	0	0	1
AT4G09970	5	9	2	4	4
AT4G09980	14	17	6	14	13
AT4G09990	0	4	0	1	1
AT4G10000	12	13	4	7	11
AT4G10020	3	1	0	0	1
AT4G10030	17	5	5	4	2
AT4G10040	13	22	28	49	56
AT4G10050	19	9	24	18	22
AT4G10060	47	65	23	23	36
AT4G10070	4	1	4	3	13
AT4G10080	58	59	44	45	46
AT4G10090	7	8	12	10	21
AT4G10100	28	25	33	30	43
AT4G10110	16	15	39	44	34
AT4G10120	8	11	25	29	37
AT4G10130	11	4	3	3	3
AT4G10140	10	12	10	8	15
AT4G10150	2	1	1	1	1
AT4G10160	1	0	0	1	0
AT4G10170	10	3	8	7	6
AT4G10180	25	21	13	31	25
AT4G10200	0	0	0	1	0
AT4G10230	0	0	0	1	0
AT4G10265	0	0	0	2	0
AT4G10270	5	28	4	5	12
AT4G10280	7	8	10	12	7
AT4G10300	126	118	66	79	111
AT4G10310	0	1	0	0	0
AT4G10320	14	31	27	46	58
AT4G10330	4	11	8	4	8
AT4G10340	6506	6361	1231	1247	1814
AT4G10360	7	10	6	15	8
AT4G10380	2	2	2	2	5
AT4G10390	2	2	0	1	1
AT4G10400	6	8	2	3	6
AT4G10420	0	5	0	2	2
AT4G10430	16	19	10	10	12
AT4G10450	72	86	43	55	68
AT4G10470	5	18	11	8	11
AT4G10480	198	289	169	194	241
AT4G10500	20	10	25	27	30
AT4G10550	1	2	2	2	2
AT4G10570	2	5	8	9	7
AT4G10590	6	0	4	3	6
AT4G10600	0	1	0	0	0
AT4G10610	29	21	24	23	22
AT4G10620	6	6	2	3	4
AT4G10630	2	1	1	0	2
AT4G10650	0	1	0	1	7
AT4G10710	24	29	13	16	22
AT4G10720	3	2	3	1	8
AT4G10730	11	15	14	21	14
AT4G10750	23	14	2	6	9
AT4G10760	15	10	11	15	11
AT4G10770	12	17	12	8	18
AT4G10790	27	26	26	14	34
AT4G10800	2	0	3	4	6
AT4G10810	32	26	28	24	23
AT4G10840	23	37	28	36	39
AT4G10890	3	0	9	4	2
AT4G10910	1	1	0	1	0
AT4G10920	62	57	70	67	80
AT4G10925	3	8	1	3	4
AT4G10930	2	2	4	1	4
AT4G10940	0	0	0	0	2
AT4G10955	5	12	3	6	7
AT4G10960	5	12	3	6	7
AT4G10970	30	18	15	25	23
AT4G11000	2	4	1	2	3
AT4G11010	123	118	96	98	146
AT4G11050	0	1	0	0	0
AT4G11060	4	5	7	7	13
AT4G11070	4	11	4	2	6
AT4G11080	3	3	1	3	0
AT4G11090	7	18	11	3	6
AT4G11100	40	40	30	43	35
AT4G11110	9	11	9	5	14
AT4G11120	11	15	15	16	25
AT4G11130	1	2	1	4	5
AT4G11140	1	1	0	2	1
AT4G11150	105	102	89	76	105
AT4G11160	10	24	7	13	10
AT4G11170	0	0	0	2	0
AT4G11175	74	54	43	44	52
AT4G11190	3	5	2	2	2
AT4G11211	76	72	23	36	28
AT4G11220	17	24	17	25	27
AT4G11230	0	0	0	1	0
AT4G11240	10	15	11	17	15
AT4G11260	59	45	33	48	69
AT4G11270	18	10	7	15	7
AT4G11280	10	6	32	21	50
AT4G11290	0	0	0	0	1
AT4G11300	1	4	4	6	17
AT4G11320	17	17	6	7	8
AT4G11330	4	6	6	7	14
AT4G11350	0	0	2	2	0
AT4G11360	14	20	19	19	21
AT4G11370	4	2	1	2	3
AT4G11380	22	45	31	21	25
AT4G11400	0	0	0	1	0
AT4G11410	4	3	6	13	7
AT4G11420	76	103	57	61	86
AT4G11440	4	2	0	0	2
AT4G11450	3	5	0	1	4
AT4G11460	0	0	1	0	0
AT4G11470	0	0	1	0	0
AT4G11480	0	0	0	1	0
AT4G11521	3	0	1	1	1
AT4G11530	2	4	1	0	5
AT4G11550	0	0	0	0	1
AT4G11560	10	14	12	27	30
AT4G11570	36	38	9	22	20
AT4G11590	0	0	2	0	0
AT4G11600	124	91	124	137	190
AT4G11630	26	17	13	13	18
AT4G11640	6	4	5	1	3
AT4G11650	0	2	1	1	6
AT4G11660	5	11	6	12	18
AT4G11670	6	14	4	13	21
AT4G11680	8	9	13	9	7
AT4G11690	0	0	0	0	1
AT4G11720	0	1	0	0	2
AT4G11740	8	10	12	10	21
AT4G11780	2	0	1	0	2
AT4G11790	14	12	13	7	12
AT4G11800	8	7	12	13	12
AT4G11820	26	28	19	27	23
AT4G11830	11	28	14	23	28
AT4G11840	17	14	16	5	12
AT4G11845	0	0	0	2	0
AT4G11850	15	19	14	33	32
AT4G11860	16	3	9	4	10
AT4G11880	0	0	1	0	1
AT4G11890	25	16	21	19	43
AT4G11900	3	1	2	2	7
AT4G11910	0	0	0	4	0
AT4G11911	1	2	0	0	2
AT4G11920	4	4	2	0	1
AT4G11960	27	25	15	14	22
AT4G11970	6	6	4	8	11
AT4G11980	11	12	7	2	19
AT4G11990	2	1	0	1	1
AT4G12000	7	2	4	5	2
AT4G12010	3	1	4	5	4
AT4G12020	6	4	2	2	2
AT4G12030	20	12	6	8	10
AT4G12040	22	45	38	49	51
AT4G12060	61	86	19	29	40
AT4G12070	7	7	4	9	11
AT4G12080	3	0	1	4	0
AT4G12090	0	0	1	0	0
AT4G12110	12	14	8	11	15
AT4G12120	0	4	1	4	4
AT4G12130	3	3	5	3	3
AT4G12230	19	15	6	24	23
AT4G12240	1	4	1	0	3
AT4G12250	7	5	7	12	7
AT4G12290	12	8	13	19	23
AT4G12300	10	8	2	6	4
AT4G12310	2	6	2	5	5
AT4G12320	36	40	23	32	30
AT4G12330	2	1	1	0	0
AT4G12340	15	18	17	20	31
AT4G12350	0	1	0	0	0
AT4G12382	3	0	1	1	7
AT4G12390	8	10	11	6	5
AT4G12400	4	1	1	1	8
AT4G12420	66	56	26	33	40
AT4G12430	2	2	2	0	3
AT4G12432	2	2	2	0	3
AT4G12440	0	1	0	0	0
AT4G12450	0	1	0	0	0
AT4G12460	13	7	9	1	21
AT4G12470	5	5	7	3	6
AT4G12480	2	1	0	1	7
AT4G12490	0	2	5	3	8
AT4G12500	0	0	2	0	2
AT4G12510	0	0	1	0	0
AT4G12520	0	0	1	0	0
AT4G12540	0	0	1	1	2
AT4G12550	0	1	0	0	0
AT4G12560	16	21	16	13	23
AT4G12570	6	9	6	12	6
AT4G12580	0	1	0	0	0
AT4G12590	78	76	36	59	94
AT4G12600	125	151	141	166	209
AT4G12610	13	15	7	17	14
AT4G12620	5	2	0	5	6
AT4G12640	11	13	6	11	8
AT4G12650	36	42	37	39	46
AT4G12670	1	7	1	9	3
AT4G12680	3	7	1	2	5
AT4G12690	5	16	7	5	5
AT4G12700	8	7	4	12	8
AT4G12710	2	1	5	10	1
AT4G12720	57	44	68	82	104
AT4G12730	78	78	38	38	56
AT4G12735	0	0	3	3	6
AT4G12740	0	2	0	1	1
AT4G12750	5	4	9	6	17
AT4G12760	8	14	10	6	9
AT4G12770	11	10	12	8	16
AT4G12780	17	17	9	14	6
AT4G12790	38	40	53	62	62
AT4G12800	4355	4230	936	884	1249
AT4G12830	18	14	5	4	6
AT4G12840	2	1	3	0	3
AT4G12850	1	3	6	3	3
AT4G12870	2	2	3	3	0
AT4G12880	84	75	43	48	43
AT4G12900	16	15	8	13	10
AT4G12910	5	5	2	7	8
AT4G12917	7	6	5	4	12
AT4G12970	31	35	30	20	35
AT4G12980	45	37	8	9	22
AT4G12990	8	5	4	1	4
AT4G13000	2	0	0	0	0
AT4G13010	80	61	49	57	84
AT4G13020	30	7	21	21	32
AT4G13030	1	0	2	2	4
AT4G13040	12	10	9	19	6
AT4G13050	19	16	11	14	9
AT4G13070	4	5	0	0	5
AT4G13100	13	15	22	16	14
AT4G13110	7	4	8	6	4
AT4G13150	13	8	8	10	6
AT4G13160	6	4	7	4	10
AT4G13170	100	89	66	65	104
AT4G13180	5	5	2	2	2
AT4G13190	2	2	0	0	0
AT4G13195	5	6	2	1	7
AT4G13200	71	69	46	51	68
AT4G13210	0	2	0	1	1
AT4G13220	37	40	21	21	35
AT4G13245	0	0	2	0	0
AT4G13250	62	48	65	74	86
AT4G13260	3	0	0	0	0
AT4G13270	24	21	31	25	28
AT4G13290	1	0	0	1	0
AT4G13320	0	4	8	1	3
AT4G13330	0	1	2	0	0
AT4G13340	148	101	105	90	156
AT4G13345	6	0	7	8	4
AT4G13350	32	32	27	35	42
AT4G13360	12	18	17	12	23
AT4G13370	4	7	0	1	2
AT4G13395	2	2	16	10	28
AT4G13400	1	1	0	2	1
AT4G13410	2	0	3	4	3
AT4G13430	138	145	95	127	99
AT4G13450	0	1	0	0	0
AT4G13460	12	14	7	14	11
AT4G13493	0	1	1	0	1
AT4G13494	14	13	10	8	15
AT4G13495	153	173	68	65	87
AT4G13500	46	67	47	31	52
AT4G13505	8	8	7	4	5
AT4G13510	64	46	52	60	79
AT4G13520	81	79	57	85	112
AT4G13530	16	23	24	36	29
AT4G13540	2	2	1	2	3
AT4G13550	9	8	4	19	12
AT4G13560	10	10	1	3	5
AT4G13564	0	1	0	0	0
AT4G13570	0	3	0	0	0
AT4G13572	11	9	2	4	0
AT4G13575	27	20	2	6	4
AT4G13580	4	3	1	4	6
AT4G13590	71	66	31	33	50
AT4G13600	2	1	2	1	2
AT4G13615	210	201	130	212	211
AT4G13630	11	10	7	3	15
AT4G13640	31	28	15	13	17
AT4G13650	0	3	7	3	2
AT4G13670	35	32	17	22	9
AT4G13680	0	0	1	0	1
AT4G13690	3	4	0	3	0
AT4G13710	2	3	0	3	5
AT4G13720	17	24	18	15	22
AT4G13730	11	12	2	9	15
AT4G13750	10	2	1	4	4
AT4G13770	105	95	74	72	92
AT4G13780	50	36	43	39	60
AT4G13790	2	0	0	0	0
AT4G13800	0	5	3	1	1
AT4G13810	6	4	6	23	18
AT4G13820	0	0	0	1	2
AT4G13830	69	49	35	25	47
AT4G13840	84	97	53	57	74
AT4G13850	127	163	165	181	201
AT4G13870	5	2	2	6	5
AT4G13880	0	0	2	0	2
AT4G13890	0	0	5	4	4
AT4G13918	6	6	4	2	10
AT4G13920	3	4	4	2	5
AT4G13930	88	91	68	75	101
AT4G13940	601	699	445	597	699
AT4G13950	12	10	2	10	10
AT4G13970	3	7	15	7	2
AT4G13980	4	11	2	7	5
AT4G13990	0	3	0	0	2
AT4G13992	0	0	0	0	1
AT4G14000	15	14	14	21	21
AT4G14010	16	26	17	7	15
AT4G14020	8	7	16	15	8
AT4G14030	55	44	40	53	65
AT4G14040	87	76	36	57	49
AT4G14050	3	1	1	1	2
AT4G14070	31	32	22	30	27
AT4G14080	0	0	0	1	0
AT4G14090	11	7	6	6	8
AT4G14096	5	6	1	2	9
AT4G14100	27	17	17	18	22
AT4G14103	1	3	1	3	0
AT4G14110	11	37	23	15	37
AT4G14120	4	4	1	1	2
AT4G14130	20	36	1	2	1
AT4G14140	1	0	0	0	0
AT4G14145	11	23	17	14	24
AT4G14147	17	9	12	19	21
AT4G14150	2	0	2	1	0
AT4G14160	23	30	25	36	31
AT4G14170	1	1	1	4	1
AT4G14180	2	0	0	2	3
AT4G14190	5	3	2	0	6
AT4G14200	16	11	5	8	8
AT4G14210	65	71	28	52	71
AT4G14220	13	14	15	17	21
AT4G14230	30	35	17	27	35
AT4G14240	4	12	10	10	8
AT4G14270	63	66	49	43	41
AT4G14290	1	2	1	1	1
AT4G14300	34	22	15	17	22
AT4G14305	1	0	0	2	2
AT4G14310	10	18	8	10	11
AT4G14320	267	303	224	214	262
AT4G14330	5	3	8	4	5
AT4G14340	26	11	15	12	18
AT4G14342	96	86	73	96	129
AT4G14350	11	9	6	10	13
AT4G14358	1	2	0	2	0
AT4G14360	25	35	15	20	28
AT4G14365	18	14	39	38	38
AT4G14370	0	2	1	0	0
AT4G14380	0	1	0	3	1
AT4G14385	17	14	13	14	9
AT4G14390	1	0	1	2	4
AT4G14400	179	127	164	197	214
AT4G14403	1	0	1	0	0
AT4G14410	16	12	22	19	32
AT4G14420	66	69	53	63	96
AT4G14430	48	31	45	52	64
AT4G14440	41	46	46	26	48
AT4G14450	1	0	0	2	0
AT4G14455	5	9	12	7	4
AT4G14480	6	1	2	6	0
AT4G14490	3	4	0	2	0
AT4G14500	31	31	13	8	22
AT4G14510	22	11	4	10	11
AT4G14520	3	7	6	4	10
AT4G14540	25	28	12	18	20
AT4G14548	3	1	0	4	3
AT4G14550	10	10	8	5	4
AT4G14560	19	8	5	9	17
AT4G14570	19	10	23	29	36
AT4G14580	0	1	1	1	2
AT4G14590	1	0	0	0	0
AT4G14600	13	4	2	12	9
AT4G14605	7	14	6	7	12
AT4G14615	56	43	67	76	81
AT4G14620	3	3	5	5	2
AT4G14622	3	3	5	5	2
AT4G14630	0	2	1	2	2
AT4G14640	1	1	0	1	1
AT4G14650	1	0	0	1	0
AT4G14660	9	9	8	15	12
AT4G14680	18	17	3	14	15
AT4G14690	7	2	4	1	3
AT4G14695	1	2	1	1	2
AT4G14710	60	71	75	90	117
AT4G14713	0	2	0	3	2
AT4G14716	65	59	83	92	107
AT4G14720	7	9	3	3	8
AT4G14723	1	3	0	1	0
AT4G14730	0	0	3	0	0
AT4G14740	4	8	9	6	6
AT4G14746	6	5	11	13	7
AT4G14750	12	6	1	2	9
AT4G14760	14	5	6	6	3
AT4G14770	10	15	10	22	10
AT4G14780	0	1	0	0	0
AT4G14790	8	6	6	6	7
AT4G14800	63	65	59	61	74
AT4G14805	1	0	0	0	0
AT4G14819	1	0	0	0	0
AT4G14820	0	3	1	0	5
AT4G14830	9	9	10	10	17
AT4G14840	4	1	3	1	3
AT4G14850	2	1	1	4	8
AT4G14860	1	0	0	1	0
AT4G14870	110	114	28	28	48
AT4G14880	282	253	171	218	219
AT4G14890	148	199	49	68	69
AT4G14900	19	14	7	10	13
AT4G14905	8	8	3	1	8
AT4G14910	43	17	19	20	34
AT4G14920	8	6	5	4	12
AT4G14930	13	10	17	9	10
AT4G14940	2	1	0	1	1
AT4G14950	5	7	9	19	12
AT4G14960	305	351	197	237	292
AT4G14965	16	10	23	12	22
AT4G14970	1	0	1	1	0
AT4G14980	0	2	0	0	0
AT4G14990	17	19	20	9	35
AT4G15000	452	574	298	322	437
AT4G15010	17	5	4	11	21
AT4G15020	9	21	9	12	14
AT4G15030	6	7	9	6	19
AT4G15070	0	0	3	0	0
AT4G15080	11	19	11	16	18
AT4G15090	9	9	3	6	10
AT4G15093	11	14	8	11	5
AT4G15110	39	43	24	25	22
AT4G15120	4	2	0	0	0
AT4G15130	6	12	9	13	19
AT4G15140	8	9	7	1	8
AT4G15150	0	1	0	1	0
AT4G15160	4	5	0	3	0
AT4G15165	2	2	1	2	2
AT4G15180	11	11	7	8	8
AT4G15200	0	0	0	0	1
AT4G15210	5	0	0	6	9
AT4G15215	0	1	2	4	2
AT4G15230	0	0	0	0	1
AT4G15233	4	4	1	0	2
AT4G15240	3	3	3	4	10
AT4G15248	2	0	2	0	0
AT4G15260	3	0	4	2	6
AT4G15270	0	0	1	0	1
AT4G15390	1	0	0	0	0
AT4G15410	3	9	4	5	5
AT4G15415	14	11	7	13	10
AT4G15420	18	23	13	16	38
AT4G15430	0	4	3	0	2
AT4G15440	7	3	7	11	10
AT4G15450	17	16	7	8	10
AT4G15470	138	131	115	137	181
AT4G15475	2	7	10	5	12
AT4G15480	2	2	1	0	0
AT4G15490	11	14	17	15	23
AT4G15500	6	5	5	8	5
AT4G15510	48	48	8	10	18
AT4G15520	10	4	6	13	17
AT4G15530	4	2	5	5	3
AT4G15540	13	19	23	29	30
AT4G15545	173	149	129	136	173
AT4G15550	73	64	57	53	70
AT4G15560	315	313	107	125	130
AT4G15563	0	3	1	0	0
AT4G15570	6	4	2	11	13
AT4G15610	0	1	6	4	5
AT4G15620	12	9	12	26	13
AT4G15630	26	17	22	20	25
AT4G15640	7	18	9	12	16
AT4G15660	12	13	17	10	14
AT4G15670	3	6	9	12	16
AT4G15680	1	0	8	5	6
AT4G15690	9	6	15	15	23
AT4G15700	5	6	16	7	9
AT4G15720	0	0	1	0	0
AT4G15730	3	3	4	1	4
AT4G15740	0	0	0	1	0
AT4G15760	10	4	9	8	5
AT4G15765	0	1	1	1	0
AT4G15770	30	50	28	35	62
AT4G15780	25	14	29	9	18
AT4G15790	16	24	17	40	22
AT4G15800	38	22	51	54	64
AT4G15802	97	91	102	107	159
AT4G15810	3	0	4	6	5
AT4G15820	1	4	3	2	1
AT4G15830	8	18	9	11	11
AT4G15840	14	14	10	6	22
AT4G15850	2	2	3	4	0
AT4G15880	7	21	9	6	19
AT4G15890	4	4	0	1	4
AT4G15900	19	32	23	25	32
AT4G15910	45	53	57	56	53
AT4G15920	23	50	17	32	31
AT4G15930	39	40	28	41	47
AT4G15940	26	17	17	16	21
AT4G15950	7	7	10	8	13
AT4G15953	0	1	0	0	0
AT4G15955	7	4	3	4	6
AT4G15960	1	4	0	0	1
AT4G16000	9	6	1	2	4
AT4G16008	5	14	7	9	2
AT4G16015	1	0	0	0	0
AT4G16060	31	23	12	12	20
AT4G16070	1	7	5	5	10
AT4G16100	3	4	3	2	3
AT4G16110	8	8	2	9	7
AT4G16120	14	11	7	13	14
AT4G16130	11	10	6	5	20
AT4G16140	26	41	18	23	52
AT4G16141	13	10	6	9	20
AT4G16143	40	46	33	42	56
AT4G16144	3	5	6	3	9
AT4G16146	33	28	19	18	27
AT4G16150	6	21	7	19	9
AT4G16155	53	76	29	34	44
AT4G16160	1	0	0	0	0
AT4G16162	0	0	0	0	2
AT4G16180	36	27	20	28	33
AT4G16190	236	169	186	250	277
AT4G16210	15	13	16	22	10
AT4G16240	2	2	6	6	8
AT4G16250	2	4	0	0	0
AT4G16260	0	0	0	2	1
AT4G16265	7	10	7	14	12
AT4G16270	0	2	0	1	1
AT4G16280	18	9	11	10	27
AT4G16310	7	9	12	10	7
AT4G16330	33	17	31	39	51
AT4G16340	17	23	22	11	13
AT4G16355	0	0	0	1	1
AT4G16360	7	26	18	15	19
AT4G16370	160	128	79	68	69
AT4G16380	74	77	55	51	90
AT4G16390	53	71	19	30	31
AT4G16400	121	138	62	87	122
AT4G16410	120	136	62	83	118
AT4G16420	14	16	17	11	17
AT4G16430	29	21	16	15	21
AT4G16440	6	7	13	10	8
AT4G16442	32	8	23	23	25
AT4G16444	12	6	7	5	5
AT4G16447	2	7	1	5	8
AT4G16450	125	125	100	109	157
AT4G16470	0	0	1	3	0
AT4G16480	8	6	5	4	0
AT4G16490	40	28	24	30	23
AT4G16500	50	50	26	35	35
AT4G16510	6	10	14	7	11
AT4G16515	24	24	10	11	6
AT4G16520	103	88	56	79	91
AT4G16530	5	13	5	7	7
AT4G16540	1	1	1	2	1
AT4G16563	1	1	5	6	4
AT4G16566	16	15	17	19	25
AT4G16570	3	3	1	1	1
AT4G16580	10	12	9	14	8
AT4G16590	0	0	1	0	1
AT4G16600	0	1	0	0	0
AT4G16610	0	0	0	3	2
AT4G16630	12	19	20	22	18
AT4G16650	7	6	9	15	6
AT4G16660	39	41	39	53	56
AT4G16670	8	1	15	7	18
AT4G16680	7	6	4	7	6
AT4G16690	12	1	21	21	23
AT4G16695	14	16	11	14	25
AT4G16700	3	8	6	2	7
AT4G16710	15	14	12	26	10
AT4G16720	313	383	218	232	307
AT4G16740	4	7	11	16	20
AT4G16745	4	1	6	1	8
AT4G16750	0	2	2	3	2
AT4G16760	36	60	41	38	63
AT4G16765	3	18	3	11	4
AT4G16770	12	10	9	8	11
AT4G16780	18	20	10	13	14
AT4G16790	6	5	9	6	1
AT4G16800	11	12	13	13	12
AT4G16807	1	1	1	1	1
AT4G16830	72	68	48	55	63
AT4G16840	6	8	4	6	7
AT4G16845	9	16	8	5	12
AT4G16850	6	8	4	0	2
AT4G16860	64	62	70	69	78
AT4G16880	46	51	56	69	76
AT4G16890	43	51	29	66	55
AT4G16892	0	1	1	1	3
AT4G16900	9	3	6	2	7
AT4G16915	0	0	0	0	1
AT4G16920	2	0	0	0	1
AT4G16940	0	1	0	0	0
AT4G16950	74	61	45	52	58
AT4G16960	0	2	0	1	2
AT4G16970	3	7	4	1	5
AT4G16980	645	600	319	380	524
AT4G16990	95	89	71	119	138
AT4G17000	5	6	1	1	3
AT4G17010	4	3	8	8	6
AT4G17020	19	15	5	14	14
AT4G17030	11	12	3	11	12
AT4G17040	119	121	75	99	89
AT4G17050	58	30	32	26	43
AT4G17060	10	3	12	6	4
AT4G17070	15	17	4	18	19
AT4G17080	8	9	3	12	12
AT4G17085	38	30	25	27	38
AT4G17090	133	123	193	187	277
AT4G17098	103	99	104	123	138
AT4G17100	104	99	104	123	137
AT4G17140	18	13	19	16	21
AT4G17150	11	20	10	14	9
AT4G17160	0	0	0	0	1
AT4G17170	92	89	52	63	75
AT4G17180	7	2	5	0	3
AT4G17190	35	21	23	16	41
AT4G17215	4	2	5	4	7
AT4G17220	3	0	0	0	0
AT4G17230	13	11	13	17	20
AT4G17240	1	5	2	5	1
AT4G17245	16	7	10	13	9
AT4G17250	7	7	5	8	7
AT4G17260	14	25	15	19	18
AT4G17270	30	28	18	27	22
AT4G17280	4	3	0	2	5
AT4G17300	17	21	9	10	19
AT4G17310	8	3	11	9	10
AT4G17330	30	43	22	27	34
AT4G17340	86	89	35	37	75
AT4G17350	2	8	1	2	3
AT4G17360	8	16	7	2	3
AT4G17370	13	7	14	21	12
AT4G17380	5	0	0	1	0
AT4G17390	483	629	301	332	460
AT4G17410	7	5	9	8	6
AT4G17420	11	10	10	9	13
AT4G17430	12	14	5	4	19
AT4G17440	0	2	1	4	1
AT4G17460	29	18	8	19	18
AT4G17470	8	3	2	5	13
AT4G17480	1	0	3	0	5
AT4G17483	1	0	0	0	2
AT4G17486	27	21	23	25	17
AT4G17490	1	0	0	4	2
AT4G17500	7	1	9	4	9
AT4G17510	26	35	35	28	47
AT4G17520	127	153	119	111	129
AT4G17530	80	91	85	79	134
AT4G17540	5	12	5	8	8
AT4G17550	6	11	8	12	10
AT4G17560	169	214	79	65	106
AT4G17570	16	11	11	12	17
AT4G17600	228	218	66	68	91
AT4G17610	3	11	12	6	5
AT4G17615	8	9	3	5	4
AT4G17616	3	4	7	4	4
AT4G17620	15	15	14	15	13
AT4G17640	38	27	30	34	35
AT4G17650	13	12	2	14	12
AT4G17660	0	1	2	0	0
AT4G17670	9	3	8	13	14
AT4G17695	0	2	4	3	2
AT4G17720	25	26	20	38	34
AT4G17730	26	50	22	18	32
AT4G17740	13	24	3	17	9
AT4G17750	1	2	6	4	5
AT4G17760	0	0	1	0	2
AT4G17770	18	12	10	27	25
AT4G17790	13	18	2	14	17
AT4G17810	17	9	3	4	9
AT4G17830	27	37	56	61	58
AT4G17840	39	27	46	48	48
AT4G17870	29	22	27	29	26
AT4G17880	10	8	13	14	13
AT4G17890	9	10	15	14	22
AT4G17895	3	4	3	6	2
AT4G17900	11	8	10	14	20
AT4G17905	2	0	0	0	1
AT4G17910	5	5	5	8	2
AT4G17940	19	30	28	21	43
AT4G17950	11	19	10	19	13
AT4G17960	9	6	1	2	8
AT4G17970	1	1	0	0	2
AT4G18010	2	6	4	6	7
AT4G18020	24	25	9	3	8
AT4G18030	29	47	39	44	48
AT4G18040	51	82	50	79	75
AT4G18050	5	3	0	0	3
AT4G18060	18	13	5	21	35
AT4G18070	40	35	34	30	25
AT4G18100	664	852	410	504	620
AT4G18120	14	19	10	26	24
AT4G18130	10	11	3	5	18
AT4G18140	4	5	4	13	9
AT4G18160	5	6	3	4	6
AT4G18195	0	0	0	0	1
AT4G18197	6	6	4	5	8
AT4G18205	18	5	22	18	14
AT4G18210	2	3	3	3	1
AT4G18220	1	0	6	5	1
AT4G18230	15	8	15	17	10
AT4G18240	27	47	28	47	32
AT4G18250	25	12	14	18	18
AT4G18260	1	4	0	2	1
AT4G18270	6	7	0	4	1
AT4G18280	18	15	14	16	20
AT4G18290	3	5	0	1	3
AT4G18300	2	1	0	1	3
AT4G18340	4	1	2	2	2
AT4G18350	0	0	1	0	0
AT4G18360	2	0	0	1	0
AT4G18370	84	93	26	51	30
AT4G18372	9	8	10	8	9
AT4G18375	0	1	0	2	0
AT4G18380	12	4	3	10	4
AT4G18390	36	35	23	23	23
AT4G18400	16	7	20	14	20
AT4G18422	0	0	3	3	2
AT4G18425	0	0	0	1	0
AT4G18440	130	143	35	42	43
AT4G18460	8	7	5	10	8
AT4G18465	3	1	2	1	3
AT4G18470	2	5	3	3	5
AT4G18480	438	457	106	98	154
AT4G18490	0	0	1	0	0
AT4G18501	4	0	2	0	5
AT4G18520	13	6	3	3	2
AT4G18530	6	9	7	10	7
AT4G18570	23	27	17	12	16
AT4G18580	6	2	6	2	4
AT4G18590	30	25	35	29	26
AT4G18593	12	13	11	18	19
AT4G18596	0	0	0	0	1
AT4G18600	10	0	2	6	7
AT4G18610	1	3	0	0	0
AT4G18630	2	0	0	3	0
AT4G18640	4	6	0	2	1
AT4G18650	0	0	1	0	0
AT4G18670	28	34	15	18	19
AT4G18700	12	20	10	20	8
AT4G18710	60	48	21	39	50
AT4G18730	210	262	152	153	205
AT4G18740	32	40	13	16	31
AT4G18750	2	3	4	7	4
AT4G18760	2	1	4	1	2
AT4G18770	2	10	4	0	8
AT4G18780	3	10	4	0	8
AT4G18800	7	11	7	8	8
AT4G18810	26	35	21	31	17
AT4G18820	11	19	9	12	8
AT4G18830	3	7	1	3	4
AT4G18880	9	13	20	17	18
AT4G18890	3	3	3	7	4
AT4G18905	23	16	27	24	29
AT4G18910	5	12	9	4	9
AT4G18930	57	51	65	93	67
AT4G18950	14	7	12	9	25
AT4G18960	6	1	1	1	2
AT4G18970	77	85	35	47	41
AT4G18975	13	29	5	10	9
AT4G18980	0	0	0	1	0
AT4G19000	0	0	1	2	2
AT4G19003	36	48	18	29	29
AT4G19006	22	19	22	40	46
AT4G19010	4	1	5	4	4
AT4G19020	4	10	7	3	3
AT4G19030	1	0	0	0	0
AT4G19035	2	0	0	0	0
AT4G19040	0	7	9	2	6
AT4G19045	2	3	5	6	6
AT4G19050	2	0	2	0	1
AT4G19060	2	13	11	9	6
AT4G19070	4	4	5	7	7
AT4G19080	0	0	0	1	0
AT4G19090	0	1	3	1	3
AT4G19095	1	0	0	0	0
AT4G19100	27	42	11	23	21
AT4G19110	56	56	54	52	59
AT4G19112	56	56	52	50	58
AT4G19120	58	53	37	25	29
AT4G19130	1	0	2	0	4
AT4G19140	12	12	10	10	10
AT4G19150	14	13	7	9	19
AT4G19160	43	45	15	29	30
AT4G19170	42	34	35	33	43
AT4G19180	2	5	4	5	6
AT4G19185	15	15	4	10	5
AT4G19190	6	15	6	10	8
AT4G19191	2	1	2	0	1
AT4G19200	137	129	125	146	182
AT4G19210	29	43	34	37	54
AT4G19230	1	1	0	0	0
AT4G19350	29	31	18	34	43
AT4G19370	3	0	1	3	4
AT4G19380	1	0	3	2	4
AT4G19390	8	10	2	5	3
AT4G19395	0	0	0	0	2
AT4G19400	6	9	7	11	13
AT4G19410	126	139	85	110	141
AT4G19420	17	12	17	28	29
AT4G19430	14	12	7	17	23
AT4G19440	6	2	2	3	6
AT4G19450	6	8	5	7	16
AT4G19490	19	23	14	28	15
AT4G19500	21	14	18	18	17
AT4G19510	7	12	10	15	9
AT4G19520	14	9	5	13	16
AT4G19530	36	41	22	16	19
AT4G19540	4	7	1	7	14
AT4G19550	4	2	9	1	3
AT4G19560	0	1	0	0	1
AT4G19570	0	0	2	0	0
AT4G19590	0	2	0	0	4
AT4G19600	15	26	14	19	35
AT4G19610	3	11	9	7	6
AT4G19640	49	45	48	64	57
AT4G19645	2	2	2	7	6
AT4G19650	4	1	4	1	5
AT4G19660	3	7	7	5	9
AT4G19670	31	25	27	43	26
AT4G19700	2	10	6	5	1
AT4G19710	24	28	7	12	15
AT4G19810	0	2	0	1	1
AT4G19820	0	2	1	0	0
AT4G19830	11	17	10	11	14
AT4G19840	63	62	41	46	59
AT4G19850	0	0	0	0	1
AT4G19860	52	27	26	43	30
AT4G19865	1	0	1	2	1
AT4G19870	9	5	3	6	9
AT4G19880	11	18	18	10	30
AT4G19890	1	0	0	3	0
AT4G19900	6	3	6	5	0
AT4G19950	1	1	0	1	0
AT4G19960	9	3	1	7	8
AT4G19985	18	26	7	8	12
AT4G19990	4	2	0	5	2
AT4G20000	0	0	0	0	2
AT4G20010	30	31	9	18	19
AT4G20020	26	42	31	24	30
AT4G20030	33	14	12	23	16
AT4G20040	0	1	1	3	0
AT4G20050	0	1	0	1	1
AT4G20060	2	0	0	1	1
AT4G20070	6	9	3	2	5
AT4G20090	0	1	0	0	0
AT4G20110	5	4	4	4	14
AT4G20130	31	55	26	23	38
AT4G20140	1	1	0	0	2
AT4G20150	299	310	222	212	320
AT4G20170	6	7	13	13	12
AT4G20230	2	2	0	1	1
AT4G20260	184	188	135	137	128
AT4G20270	20	22	27	13	24
AT4G20280	11	18	14	12	22
AT4G20300	3	9	7	6	6
AT4G20310	3	6	5	3	6
AT4G20320	2	1	3	5	7
AT4G20325	6	6	4	13	7
AT4G20330	11	14	13	14	26
AT4G20340	4	2	1	7	4
AT4G20350	2	3	1	1	1
AT4G20360	686	728	216	221	286
AT4G20362	1	0	0	1	1
AT4G20380	5	13	20	13	22
AT4G20400	21	21	15	25	8
AT4G20410	24	24	13	26	31
AT4G20420	2	3	6	5	5
AT4G20430	8	4	3	4	10
AT4G20440	60	102	49	51	59
AT4G20480	18	19	36	27	31
AT4G20690	0	0	0	0	1
AT4G20720	10	11	5	4	10
AT4G20740	0	0	0	0	1
AT4G20760	19	27	7	8	16
AT4G20770	1	0	1	0	0
AT4G20780	2	3	3	5	1
AT4G20830	27	40	49	39	49
AT4G20840	10	11	2	9	3
AT4G20850	53	67	65	53	64
AT4G20860	2	0	7	1	1
AT4G20870	28	46	24	32	44
AT4G20880	12	7	5	2	10
AT4G20890	50	71	40	69	85
AT4G20910	8	11	5	4	7
AT4G20930	8	10	1	4	4
AT4G20940	11	12	4	12	6
AT4G20960	17	22	5	11	7
AT4G20970	0	2	2	0	0
AT4G20980	42	29	17	34	37
AT4G21060	11	13	9	16	10
AT4G21065	1	2	1	4	1
AT4G21070	4	6	4	4	7
AT4G21090	8	6	0	5	5
AT4G21100	19	26	15	19	29
AT4G21105	216	230	296	299	417
AT4G21110	52	66	51	52	84
AT4G21120	0	2	1	6	4
AT4G21140	6	14	7	6	8
AT4G21150	68	74	63	63	77
AT4G21160	24	16	15	16	31
AT4G21170	1	2	4	5	3
AT4G21180	23	41	15	16	21
AT4G21190	9	7	9	10	12
AT4G21192	21	24	28	10	27
AT4G21200	1	0	0	0	0
AT4G21210	83	81	27	30	54
AT4G21215	18	16	7	5	7
AT4G21220	2	0	1	2	2
AT4G21270	7	3	5	0	2
AT4G21280	2046	2098	571	668	806
AT4G21300	0	0	0	0	2
AT4G21310	3	3	3	4	3
AT4G21320	3	5	0	2	3
AT4G21326	7	6	2	8	7
AT4G21350	0	0	0	2	0
AT4G21380	19	14	7	17	10
AT4G21390	0	0	0	0	1
AT4G21400	1	6	1	1	3
AT4G21410	3	10	3	2	2
AT4G21430	1	3	2	4	3
AT4G21440	2	0	0	0	0
AT4G21445	26	37	8	16	18
AT4G21450	31	34	21	26	27
AT4G21460	9	16	9	13	11
AT4G21470	11	20	14	17	23
AT4G21480	0	3	1	1	0
AT4G21490	0	0	1	0	0
AT4G21500	0	2	0	1	0
AT4G21510	3	6	6	4	8
AT4G21520	5	6	11	30	14
AT4G21530	2	6	2	9	13
AT4G21534	2	0	0	2	3
AT4G21540	9	21	10	14	20
AT4G21550	1	3	1	3	0
AT4G21560	6	15	10	10	15
AT4G21570	18	38	29	41	40
AT4G21580	25	16	30	23	42
AT4G21585	0	0	0	1	0
AT4G21590	1	0	1	0	2
AT4G21600	0	0	0	1	0
AT4G21610	4	6	10	13	17
AT4G21620	92	102	57	70	107
AT4G21650	78	99	25	29	26
AT4G21660	49	46	24	38	40
AT4G21670	7	12	1	7	10
AT4G21680	0	0	0	1	1
AT4G21700	2	2	3	1	5
AT4G21705	1	4	1	3	0
AT4G21710	22	26	25	38	31
AT4G21720	4	4	1	5	6
AT4G21740	6	6	4	1	12
AT4G21750	12	19	24	27	17
AT4G21760	22	10	3	6	6
AT4G21770	25	16	3	7	9
AT4G21780	0	0	0	1	0
AT4G21790	27	34	18	33	38
AT4G21800	21	29	16	35	38
AT4G21810	35	32	29	25	21
AT4G21820	2	1	1	0	3
AT4G21830	0	0	0	0	1
AT4G21840	5	4	4	1	3
AT4G21850	5	4	12	16	26
AT4G21860	137	130	59	81	126
AT4G21865	3	1	2	2	5
AT4G21870	7	5	17	7	14
AT4G21880	5	2	3	3	3
AT4G21900	2	5	1	3	2
AT4G21903	3	0	2	2	0
AT4G21910	19	19	22	22	16
AT4G21926	2	1	2	2	6
AT4G21930	2	1	0	1	5
AT4G21940	1	4	5	2	5
AT4G21950	0	1	0	0	0
AT4G21960	1456	1448	718	765	916
AT4G21980	43	43	63	65	69
AT4G21990	10	8	2	7	13
AT4G22000	29	34	27	28	39
AT4G22010	54	51	15	34	34
AT4G22050	0	0	0	0	1
AT4G22120	9	8	2	4	5
AT4G22130	15	11	8	5	11
AT4G22140	19	26	9	13	28
AT4G22150	28	39	41	26	29
AT4G22160	9	17	11	17	16
AT4G22190	33	26	14	13	18
AT4G22200	17	18	12	9	13
AT4G22220	171	150	120	142	167
AT4G22230	1	0	0	0	0
AT4G22233	0	1	1	1	0
AT4G22235	0	1	0	0	0
AT4G22240	75	94	35	31	60
AT4G22250	1	4	0	1	1
AT4G22260	27	36	19	26	25
AT4G22270	2	3	1	4	3
AT4G22280	5	0	1	1	2
AT4G22285	10	20	14	18	16
AT4G22290	7	6	6	7	3
AT4G22300	11	25	10	11	10
AT4G22305	7	20	15	20	25
AT4G22310	80	101	59	75	89
AT4G22320	0	3	2	2	8
AT4G22330	24	10	10	13	17
AT4G22340	1	8	7	5	11
AT4G22350	2	3	8	2	5
AT4G22360	17	39	20	22	21
AT4G22370	1	1	0	0	0
AT4G22380	33	37	55	52	80
AT4G22390	0	1	0	1	0
AT4G22470	3	0	0	0	2
AT4G22485	0	4	4	0	0
AT4G22490	15	24	23	15	29
AT4G22505	4	4	3	4	0
AT4G22510	3	7	0	9	0
AT4G22513	1	3	1	8	0
AT4G22517	0	6	1	0	0
AT4G22520	2	1	0	0	0
AT4G22530	5	11	4	4	4
AT4G22540	37	32	24	19	27
AT4G22550	6	10	2	7	8
AT4G22560	2	6	3	0	1
AT4G22570	37	46	32	58	67
AT4G22580	19	16	13	12	28
AT4G22590	4	3	3	5	3
AT4G22592	4	3	3	5	3
AT4G22670	73	85	54	87	77
AT4G22690	105	99	127	122	162
AT4G22710	0	4	2	1	1
AT4G22720	6	11	5	16	10
AT4G22730	7	10	5	4	3
AT4G22740	12	16	18	20	22
AT4G22745	18	19	14	13	14
AT4G22750	22	23	5	22	15
AT4G22753	32	33	10	28	19
AT4G22756	9	3	3	8	7
AT4G22758	0	1	2	2	0
AT4G22770	1	1	6	2	4
AT4G22780	1	3	5	6	7
AT4G22790	1	1	1	0	0
AT4G22820	3	8	9	17	14
AT4G22830	28	24	6	6	8
AT4G22840	1	3	2	2	1
AT4G22850	3	1	5	2	5
AT4G22860	2	5	5	6	3
AT4G22880	1	0	0	3	0
AT4G22890	294	316	81	103	106
AT4G22900	1	0	0	0	0
AT4G22910	6	2	11	6	5
AT4G22920	4	4	9	4	7
AT4G22930	16	28	19	29	28
AT4G22950	0	0	0	2	0
AT4G22970	2	3	0	3	4
AT4G22980	2	1	1	2	3
AT4G22990	22	13	7	9	17
AT4G23000	1	1	0	9	5
AT4G23010	31	14	21	30	29
AT4G23020	4	5	3	3	4
AT4G23030	0	0	1	0	1
AT4G23040	6	9	5	10	8
AT4G23050	1	2	2	3	7
AT4G23060	11	13	5	11	9
AT4G23100	86	73	34	72	61
AT4G23130	11	5	12	17	10
AT4G23140	15	18	45	81	64
AT4G23150	5	2	19	24	21
AT4G23160	0	0	2	3	2
AT4G23170	60	42	46	53	48
AT4G23180	52	35	57	27	60
AT4G23190	2	6	3	4	7
AT4G23200	1	0	0	0	0
AT4G23210	0	1	3	1	3
AT4G23220	6	4	13	11	12
AT4G23230	1	0	6	7	7
AT4G23240	1	2	2	0	2
AT4G23250	8	7	14	14	12
AT4G23260	7	5	20	18	12
AT4G23270	14	10	15	16	21
AT4G23280	1	0	0	0	0
AT4G23290	17	21	5	3	14
AT4G23300	9	11	4	2	5
AT4G23310	4	0	2	3	4
AT4G23320	0	0	2	1	2
AT4G23330	3	5	5	8	11
AT4G23400	208	187	124	144	164
AT4G23410	5	1	0	2	0
AT4G23420	1	1	3	1	1
AT4G23430	24	16	14	13	11
AT4G23440	1	13	2	5	3
AT4G23450	0	1	0	5	1
AT4G23460	21	27	20	20	23
AT4G23470	92	100	99	101	111
AT4G23490	2	7	0	1	4
AT4G23493	1	0	4	2	1
AT4G23496	0	2	1	0	2
AT4G23500	5	10	3	7	9
AT4G23530	19	11	10	12	20
AT4G23540	10	8	7	11	19
AT4G23570	11	18	11	16	17
AT4G23600	28	14	20	41	60
AT4G23610	2	6	0	6	2
AT4G23620	18	12	12	20	19
AT4G23630	96	121	65	74	107
AT4G23640	14	12	13	7	26
AT4G23650	40	64	54	53	70
AT4G23660	8	5	3	4	3
AT4G23670	551	644	332	396	611
AT4G23680	6	9	0	1	11
AT4G23690	3	6	2	4	3
AT4G23700	1	0	0	3	0
AT4G23710	104	99	70	102	88
AT4G23720	1	1	0	0	0
AT4G23730	17	17	7	13	11
AT4G23740	23	29	11	13	15
AT4G23750	6	3	2	4	1
AT4G23760	26	33	39	23	54
AT4G23770	10	13	1	2	0
AT4G23790	14	23	6	7	17
AT4G23800	62	75	47	41	65
AT4G23810	54	48	38	37	46
AT4G23820	121	116	58	37	63
AT4G23840	6	2	0	2	2
AT4G23850	78	65	103	126	136
AT4G23860	8	17	28	19	12
AT4G23870	6	2	2	3	2
AT4G23880	0	0	2	12	9
AT4G23885	12	18	28	32	31
AT4G23890	109	96	21	37	36
AT4G23895	10	10	4	18	22
AT4G23900	5	1	1	6	8
AT4G23910	18	12	15	6	8
AT4G23920	3	3	4	2	3
AT4G23930	0	1	1	4	3
AT4G23940	30	31	8	15	24
AT4G23950	2	1	1	4	3
AT4G23980	4	7	5	8	9
AT4G23990	11	3	4	6	13
AT4G24000	0	0	0	0	1
AT4G24010	3	0	2	0	7
AT4G24015	11	8	5	9	11
AT4G24020	15	9	20	7	9
AT4G24026	3	3	5	3	3
AT4G24030	1	0	0	1	0
AT4G24040	2	4	1	1	1
AT4G24050	1	4	0	0	1
AT4G24060	4	7	12	6	7
AT4G24080	0	1	0	0	0
AT4G24090	19	17	14	11	29
AT4G24100	4	2	0	5	0
AT4G24110	0	1	0	2	5
AT4G24120	2	2	7	14	13
AT4G24130	0	3	1	1	5
AT4G24140	5	2	1	3	6
AT4G24150	1	0	0	0	0
AT4G24160	9	11	10	10	17
AT4G24170	2	1	0	1	0
AT4G24175	7	11	1	8	8
AT4G24190	363	346	265	333	389
AT4G24200	6	2	1	1	3
AT4G24210	14	13	17	17	13
AT4G24220	50	61	61	59	74
AT4G24230	3	16	3	11	3
AT4G24240	3	1	7	1	7
AT4G24250	2	1	2	0	0
AT4G24260	0	1	0	0	0
AT4G24265	6	2	3	0	1
AT4G24270	7	8	17	36	19
AT4G24275	9	15	2	2	3
AT4G24280	185	214	90	116	109
AT4G24290	24	30	25	40	34
AT4G24330	47	30	26	36	40
AT4G24350	46	26	45	37	67
AT4G24370	11	7	9	12	14
AT4G24380	9	9	15	3	11
AT4G24390	16	13	19	6	14
AT4G24400	21	19	15	17	19
AT4G24410	1	0	0	0	0
AT4G24415	4	1	0	1	1
AT4G24430	1	1	0	0	0
AT4G24440	40	29	22	31	30
AT4G24450	2	1	3	3	1
AT4G24460	12	13	7	11	15
AT4G24470	35	15	31	28	26
AT4G24480	0	0	0	0	1
AT4G24490	10	11	9	13	22
AT4G24500	7	3	9	9	8
AT4G24510	24	21	13	15	27
AT4G24520	42	50	32	42	55
AT4G24530	4	4	4	6	3
AT4G24540	25	19	16	20	28
AT4G24550	27	23	23	22	26
AT4G24560	18	14	6	7	10
AT4G24570	9	2	15	16	37
AT4G24580	2	0	0	0	0
AT4G24590	15	14	10	11	16
AT4G24610	5	10	12	8	13
AT4G24620	51	63	26	38	51
AT4G24630	3	4	1	2	3
AT4G24660	7	8	12	8	8
AT4G24670	8	8	5	2	8
AT4G24680	10	15	13	7	10
AT4G24690	95	84	110	133	147
AT4G24700	2	4	16	4	8
AT4G24710	4	2	5	2	3
AT4G24730	15	15	19	14	10
AT4G24740	29	26	25	20	27
AT4G24750	125	169	51	54	73
AT4G24760	7	7	8	9	7
AT4G24770	706	713	246	297	295
AT4G24780	52	35	31	31	49
AT4G24790	4	11	4	7	3
AT4G24800	44	48	27	29	33
AT4G24805	13	6	6	8	12
AT4G24810	21	14	7	21	27
AT4G24820	96	72	105	99	135
AT4G24830	36	58	36	41	58
AT4G24840	10	11	11	8	5
AT4G24880	4	4	11	14	17
AT4G24900	12	2	4	4	4
AT4G24910	4	0	0	0	1
AT4G24920	78	63	93	89	97
AT4G24930	80	69	42	38	56
AT4G24940	12	11	3	19	11
AT4G24960	17	20	24	27	40
AT4G24970	0	1	3	2	1
AT4G24972	6	4	9	6	12
AT4G24990	22	28	22	21	10
AT4G25000	4	0	7	7	5
AT4G25010	0	1	0	0	2
AT4G25020	0	5	2	3	4
AT4G25030	27	20	20	46	49
AT4G25050	785	752	268	332	403
AT4G25070	0	3	2	0	2
AT4G25080	375	371	88	108	117
AT4G25100	209	194	39	50	41
AT4G25110	4	5	7	5	5
AT4G25120	7	9	5	8	2
AT4G25130	233	229	110	97	148
AT4G25150	3	2	1	2	1
AT4G25170	36	47	25	18	26
AT4G25180	5	7	9	5	14
AT4G25200	0	0	2	0	0
AT4G25210	19	17	16	22	31
AT4G25225	7	7	1	7	17
AT4G25230	17	13	18	14	22
AT4G25240	3	11	7	2	2
AT4G25260	20	24	7	4	13
AT4G25280	7	10	7	6	2
AT4G25290	14	7	7	9	6
AT4G25300	2	4	8	0	7
AT4G25315	10	4	6	7	6
AT4G25320	3	7	10	5	4
AT4G25330	0	0	0	0	2
AT4G25340	19	32	29	35	28
AT4G25350	0	1	0	0	0
AT4G25360	12	15	10	6	17
AT4G25370	104	121	59	71	75
AT4G25380	2	0	0	0	0
AT4G25390	2	1	1	1	5
AT4G25410	0	1	0	0	0
AT4G25420	9	4	2	2	2
AT4G25433	0	1	0	0	1
AT4G25434	1	1	0	1	0
AT4G25440	6	10	9	6	12
AT4G25450	22	23	9	10	12
AT4G25470	1	0	5	0	9
AT4G25480	3	2	3	2	3
AT4G25490	0	0	0	0	2
AT4G25500	47	35	41	24	38
AT4G25515	3	3	0	2	10
AT4G25520	12	5	3	5	4
AT4G25540	1	0	0	0	0
AT4G25550	47	35	26	24	21
AT4G25570	179	157	85	107	135
AT4G25600	4	2	3	5	11
AT4G25610	1	5	1	7	2
AT4G25620	19	12	15	18	26
AT4G25630	63	74	31	66	78
AT4G25640	24	24	32	50	39
AT4G25650	46	38	25	17	34
AT4G25660	12	15	13	11	19
AT4G25670	18	24	24	10	19
AT4G25672	18	24	23	10	19
AT4G25680	17	16	21	22	25
AT4G25690	10	8	8	5	23
AT4G25692	10	8	8	5	23
AT4G25700	9	16	13	9	16
AT4G25707	1	0	1	0	0
AT4G25710	5	6	7	7	2
AT4G25719	19	16	19	10	19
AT4G25720	18	16	15	10	17
AT4G25730	40	41	33	32	33
AT4G25740	181	188	117	176	179
AT4G25760	3	0	1	1	1
AT4G25770	2	5	8	7	6
AT4G25780	1	1	0	1	0
AT4G25800	1	3	1	0	2
AT4G25810	1	3	2	5	6
AT4G25830	20	4	10	7	7
AT4G25835	1	2	1	4	0
AT4G25840	6	4	10	13	8
AT4G25845	0	0	1	0	0
AT4G25850	0	0	3	0	1
AT4G25870	10	11	8	6	9
AT4G25880	44	30	31	39	41
AT4G25890	74	112	59	62	65
AT4G25900	28	24	22	31	35
AT4G25910	26	15	14	18	25
AT4G25940	16	19	14	24	16
AT4G25950	2	0	0	0	0
AT4G25960	17	27	22	18	31
AT4G25970	34	35	27	30	29
AT4G25980	0	4	1	0	1
AT4G25990	5	7	2	7	5
AT4G26000	3	6	4	5	7
AT4G26020	0	0	0	0	2
AT4G26055	1	0	0	1	7
AT4G26060	4	8	7	9	8
AT4G26070	25	7	9	16	19
AT4G26080	15	12	18	22	34
AT4G26090	8	3	12	13	11
AT4G26095	5	2	7	7	5
AT4G26100	22	18	11	20	27
AT4G26110	62	67	61	78	109
AT4G26130	44	36	36	37	34
AT4G26140	4	7	5	7	4
AT4G26150	0	3	2	4	1
AT4G26160	8	5	3	2	7
AT4G26180	3	1	5	5	5
AT4G26190	41	49	19	38	57
AT4G26210	21	21	9	18	32
AT4G26220	0	0	1	2	1
AT4G26230	169	206	117	153	186
AT4G26240	7	11	9	11	6
AT4G26255	2	3	2	5	8
AT4G26260	0	1	2	0	0
AT4G26270	17	19	3	13	14
AT4G26288	40	47	30	28	40
AT4G26300	44	50	31	28	40
AT4G26310	12	6	10	9	13
AT4G26320	1	0	0	0	0
AT4G26365	1	2	0	0	0
AT4G26370	64	48	35	46	41
AT4G26400	20	20	23	19	22
AT4G26410	32	43	28	52	37
AT4G26430	10	10	1	6	5
AT4G26450	4	8	1	5	3
AT4G26455	10	11	5	9	11
AT4G26470	4	1	1	4	2
AT4G26480	13	5	9	17	9
AT4G26488	3	1	4	3	4
AT4G26490	0	0	4	2	2
AT4G26500	17	7	5	7	9
AT4G26510	31	41	23	31	34
AT4G26520	37	41	18	19	32
AT4G26530	225	242	264	300	325
AT4G26540	15	20	7	11	12
AT4G26542	0	0	0	0	1
AT4G26550	6	3	6	9	8
AT4G26555	41	53	13	22	23
AT4G26560	0	0	0	1	0
AT4G26570	25	45	36	33	39
AT4G26580	0	0	0	0	1
AT4G26582	0	0	0	0	1
AT4G26590	2	7	4	4	8
AT4G26600	16	9	9	9	22
AT4G26610	12	37	14	7	18
AT4G26620	24	10	22	18	19
AT4G26630	145	164	70	69	119
AT4G26640	13	20	14	15	27
AT4G26650	15	13	10	5	11
AT4G26660	3	11	3	5	9
AT4G26670	77	74	47	65	72
AT4G26680	11	10	18	11	11
AT4G26690	35	35	30	32	38
AT4G26700	35	32	33	49	41
AT4G26710	145	137	144	150	174
AT4G26720	11	15	13	13	20
AT4G26750	11	16	13	9	23
AT4G26760	20	20	17	16	25
AT4G26780	16	16	16	18	38
AT4G26790	8	9	8	5	7
AT4G26795	8	11	8	7	7
AT4G26800	1	1	1	4	2
AT4G26810	9	8	7	6	17
AT4G26830	0	0	1	0	0
AT4G26840	94	102	92	78	101
AT4G26850	55	59	47	66	61
AT4G26860	44	26	27	27	25
AT4G26870	41	47	27	25	25
AT4G26890	1	0	0	0	0
AT4G26900	32	33	28	24	33
AT4G26910	37	42	30	29	38
AT4G26940	24	13	6	13	15
AT4G26960	7	18	9	12	8
AT4G26965	4	11	3	3	17
AT4G26970	60	69	36	33	44
AT4G26980	10	4	4	2	5
AT4G26990	2	3	3	1	3
AT4G27000	51	50	47	57	65
AT4G27010	1	4	6	5	3
AT4G27020	4	1	2	8	7
AT4G27030	12	14	15	10	14
AT4G27040	23	30	23	24	28
AT4G27050	13	5	7	2	13
AT4G27060	13	14	7	7	16
AT4G27070	2	12	8	5	6
AT4G27080	23	30	23	23	28
AT4G27090	638	743	441	412	535
AT4G27100	3	7	9	7	7
AT4G27120	17	24	23	15	23
AT4G27130	99	87	135	106	123
AT4G27180	29	34	16	19	12
AT4G27230	62	83	27	48	61
AT4G27240	7	10	0	12	13
AT4G27250	0	0	0	0	1
AT4G27260	2	2	2	2	0
AT4G27270	8	4	1	8	9
AT4G27280	13	3	31	29	63
AT4G27290	0	0	1	2	1
AT4G27300	3	4	4	9	7
AT4G27310	6	11	8	17	8
AT4G27320	61	79	39	40	72
AT4G27330	0	1	0	0	0
AT4G27340	9	15	15	25	16
AT4G27350	1	7	3	1	2
AT4G27370	0	3	3	2	3
AT4G27380	16	19	14	20	23
AT4G27390	27	17	10	10	13
AT4G27410	3	1	3	2	2
AT4G27430	40	38	25	21	26
AT4G27435	10	7	7	8	9
AT4G27440	1177	1306	176	186	267
AT4G27450	34	33	18	25	17
AT4G27460	0	0	1	0	1
AT4G27470	9	9	13	9	5
AT4G27480	0	1	1	2	1
AT4G27490	6	10	6	13	15
AT4G27500	95	83	64	78	85
AT4G27520	173	191	128	158	231
AT4G27530	0	0	0	0	2
AT4G27540	7	12	5	14	10
AT4G27560	15	22	27	13	25
AT4G27570	0	0	0	1	0
AT4G27585	33	12	19	23	20
AT4G27590	2	0	0	0	0
AT4G27595	10	9	8	7	9
AT4G27600	79	86	41	42	35
AT4G27610	0	5	1	6	2
AT4G27620	14	18	8	8	8
AT4G27630	1	2	3	2	6
AT4G27640	21	18	21	17	35
AT4G27650	10	6	4	14	13
AT4G27652	2	4	19	36	61
AT4G27654	0	0	3	3	9
AT4G27657	10	10	17	13	22
AT4G27660	1	1	2	1	0
AT4G27680	9	8	13	10	18
AT4G27690	7	5	5	11	7
AT4G27700	192	207	68	47	77
AT4G27710	41	55	15	9	20
AT4G27720	70	39	41	56	60
AT4G27730	4	8	6	10	2
AT4G27740	28	26	18	13	17
AT4G27745	8	10	7	10	9
AT4G27750	14	18	15	17	22
AT4G27760	14	14	12	26	15
AT4G27765	0	0	1	0	0
AT4G27780	8	10	6	4	15
AT4G27800	90	99	43	75	103
AT4G27810	0	0	0	0	1
AT4G27820	17	21	19	25	39
AT4G27830	10	10	6	18	22
AT4G27840	11	12	2	6	12
AT4G27850	0	1	4	2	1
AT4G27852	0	0	3	2	1
AT4G27860	1	2	1	0	4
AT4G27870	38	39	23	35	22
AT4G27880	16	7	10	11	14
AT4G27900	12	9	1	4	5
AT4G27910	2	9	5	2	7
AT4G27940	4	1	2	2	3
AT4G27950	2	2	0	1	0
AT4G27960	157	158	166	180	257
AT4G27970	1	2	0	1	0
AT4G27980	0	0	0	0	1
AT4G27990	55	40	20	34	30
AT4G28010	0	2	1	3	2
AT4G28020	1	5	4	2	5
AT4G28025	104	115	54	69	92
AT4G28030	92	97	33	41	40
AT4G28040	2	7	1	2	8
AT4G28050	16	22	4	4	22
AT4G28060	126	113	101	109	144
AT4G28070	4	7	3	4	4
AT4G28080	149	173	50	63	99
AT4G28085	0	1	0	8	1
AT4G28100	15	15	11	15	4
AT4G28140	0	1	3	1	2
AT4G28150	10	9	9	5	4
AT4G28160	1	1	4	1	4
AT4G28162	0	0	2	0	1
AT4G28170	0	0	1	0	0
AT4G28180	12	7	4	9	7
AT4G28190	9	10	0	6	10
AT4G28200	28	17	21	28	41
AT4G28210	45	40	11	22	21
AT4G28220	13	21	8	12	17
AT4G28230	7	5	6	6	5
AT4G28240	73	73	34	39	39
AT4G28250	12	13	7	4	4
AT4G28260	16	18	13	12	15
AT4G28270	9	5	4	7	10
AT4G28290	3	2	4	5	4
AT4G28300	37	38	31	25	36
AT4G28310	15	28	12	8	15
AT4G28320	3	3	2	5	6
AT4G28330	1	1	5	2	0
AT4G28340	0	2	0	0	0
AT4G28350	1	1	1	0	0
AT4G28360	20	27	22	19	19
AT4G28370	6	4	5	5	7
AT4G28390	18	13	11	17	9
AT4G28395	0	2	1	0	0
AT4G28397	0	0	0	1	0
AT4G28400	31	14	22	27	39
AT4G28405	1	2	5	2	4
AT4G28410	0	1	0	0	0
AT4G28420	0	0	0	0	1
AT4G28430	2	2	0	0	4
AT4G28440	52	40	37	60	61
AT4G28450	7	16	18	21	27
AT4G28470	21	18	18	21	42
AT4G28480	13	24	11	11	15
AT4G28490	4	9	7	14	15
AT4G28500	1	0	0	0	0
AT4G28510	28	19	14	42	43
AT4G28540	12	19	13	17	11
AT4G28550	0	0	2	0	2
AT4G28556	0	0	1	0	0
AT4G28560	1	0	0	1	1
AT4G28570	11	12	14	10	8
AT4G28590	10	9	8	12	10
AT4G28600	13	7	5	2	10
AT4G28610	25	27	21	26	32
AT4G28630	5	3	8	2	5
AT4G28640	8	7	3	1	9
AT4G28650	2	3	2	2	1
AT4G28652	1	3	6	3	5
AT4G28660	155	169	60	65	81
AT4G28680	2	0	0	0	3
AT4G28690	0	4	3	5	4
AT4G28700	0	1	0	0	0
AT4G28703	1	1	1	0	0
AT4G28706	46	29	17	18	20
AT4G28710	0	3	0	2	2
AT4G28720	1	0	0	0	0
AT4G28730	16	28	14	14	9
AT4G28740	16	23	10	19	14
AT4G28750	4424	4201	929	851	1291
AT4G28760	18	17	12	15	18
AT4G28770	26	34	31	26	52
AT4G28780	50	57	43	36	46
AT4G28790	0	1	0	0	0
AT4G28820	4	3	9	7	7
AT4G28830	9	11	9	11	16
AT4G28860	17	17	11	13	16
AT4G28880	38	41	23	24	23
AT4G28910	23	37	17	31	26
AT4G28940	0	0	0	1	0
AT4G28950	2	7	0	2	6
AT4G28980	9	14	4	14	10
AT4G28990	10	8	3	8	13
AT4G29000	8	2	2	4	2
AT4G29010	40	43	61	48	54
AT4G29020	163	171	69	88	113
AT4G29030	94	97	44	31	53
AT4G29040	88	81	77	90	104
AT4G29050	1	5	3	3	5
AT4G29060	231	293	88	77	97
AT4G29070	7	11	4	15	22
AT4G29080	37	39	11	15	16
AT4G29100	12	17	6	18	18
AT4G29110	5	1	22	13	15
AT4G29120	40	40	15	24	25
AT4G29130	43	33	22	14	23
AT4G29140	2	2	4	0	0
AT4G29150	0	1	2	1	0
AT4G29160	56	35	37	61	39
AT4G29170	4	4	9	7	10
AT4G29190	20	18	28	22	11
AT4G29210	13	11	4	6	18
AT4G29220	26	30	25	32	44
AT4G29240	5	5	4	3	3
AT4G29250	0	0	0	1	0
AT4G29260	37	22	18	32	37
AT4G29270	9	4	0	2	3
AT4G29310	15	14	5	8	5
AT4G29330	9	18	17	8	14
AT4G29350	363	347	337	331	392
AT4G29360	7	19	10	3	7
AT4G29380	15	13	14	12	12
AT4G29390	146	208	172	214	241
AT4G29400	20	26	11	12	10
AT4G29410	162	210	93	130	155
AT4G29420	3	1	6	1	2
AT4G29430	26	17	15	15	24
AT4G29440	8	6	4	7	10
AT4G29480	94	103	56	86	101
AT4G29490	14	11	12	16	8
AT4G29510	40	48	53	66	91
AT4G29520	27	27	20	28	35
AT4G29530	1	4	8	10	9
AT4G29540	2	2	6	1	3
AT4G29550	0	0	0	0	2
AT4G29560	3	2	2	0	5
AT4G29580	4	0	0	1	0
AT4G29590	39	40	21	18	29
AT4G29610	3	0	2	0	5
AT4G29660	10	11	11	18	33
AT4G29670	76	94	36	50	60
AT4G29680	25	29	15	23	12
AT4G29700	4	3	4	7	5
AT4G29710	0	0	0	0	1
AT4G29720	5	11	14	6	13
AT4G29730	5	1	2	1	6
AT4G29735	88	72	70	94	116
AT4G29740	5	5	8	3	8
AT4G29750	10	13	4	5	9
AT4G29760	1	1	0	0	0
AT4G29780	3	2	3	4	12
AT4G29790	6	8	2	8	10
AT4G29800	1	0	2	1	0
AT4G29810	31	28	30	45	41
AT4G29820	1	8	4	11	13
AT4G29830	13	11	19	17	17
AT4G29840	121	121	84	75	102
AT4G29850	6	5	3	3	2
AT4G29860	9	11	1	5	9
AT4G29870	34	31	19	29	26
AT4G29890	11	11	0	6	5
AT4G29900	22	21	26	39	41
AT4G29905	111	117	81	88	112
AT4G29910	6	4	6	5	6
AT4G29920	0	4	3	0	1
AT4G29940	3	2	4	6	0
AT4G29950	10	15	11	9	10
AT4G29960	19	11	17	15	11
AT4G29980	1	0	1	0	0
AT4G29990	3	4	2	0	4
AT4G30000	3	5	1	3	5
AT4G30010	102	141	84	102	122
AT4G30020	29	35	31	19	41
AT4G30060	2	2	3	1	1
AT4G30080	6	4	3	6	13
AT4G30090	0	4	2	2	6
AT4G30100	7	24	14	5	15
AT4G30110	9	9	4	4	2
AT4G30130	1	2	2	1	2
AT4G30140	0	3	1	1	1
AT4G30150	5	11	2	13	8
AT4G30160	12	6	4	17	9
AT4G30170	0	0	1	0	0
AT4G30180	3	4	0	0	0
AT4G30190	173	138	74	77	95
AT4G30200	9	14	12	7	18
AT4G30210	25	13	22	33	33
AT4G30220	114	112	136	123	146
AT4G30230	1	1	0	0	2
AT4G30240	11	16	19	12	16
AT4G30250	1	1	0	0	7
AT4G30260	30	32	20	22	26
AT4G30270	31	31	108	96	150
AT4G30280	0	2	2	2	3
AT4G30290	4	0	2	0	5
AT4G30310	39	24	44	26	45
AT4G30330	36	36	33	32	23
AT4G30340	7	11	10	4	8
AT4G30350	8	3	8	6	3
AT4G30360	10	8	3	12	5
AT4G30390	4	2	11	12	18
AT4G30400	6	3	2	3	0
AT4G30410	6	4	4	2	4
AT4G30420	0	0	0	0	1
AT4G30430	0	0	2	0	0
AT4G30440	39	40	40	56	77
AT4G30450	17	6	1	10	7
AT4G30460	0	1	2	1	11
AT4G30470	3	6	9	3	6
AT4G30480	15	9	27	19	26
AT4G30490	15	16	10	17	21
AT4G30500	9	2	5	5	7
AT4G30510	3	5	6	5	5
AT4G30520	3	4	0	0	7
AT4G30530	58	45	51	52	90
AT4G30550	38	47	28	39	50
AT4G30560	8	1	4	7	8
AT4G30570	0	1	2	1	0
AT4G30580	36	65	23	28	34
AT4G30600	43	49	57	65	74
AT4G30610	17	9	1	13	10
AT4G30620	46	36	25	29	40
AT4G30630	4	10	3	5	6
AT4G30640	0	0	1	1	1
AT4G30650	313	310	281	285	328
AT4G30660	246	227	199	235	297
AT4G30662	87	77	75	90	102
AT4G30670	0	0	1	0	0
AT4G30680	3	1	1	2	4
AT4G30690	59	53	20	35	28
AT4G30700	1	2	3	5	3
AT4G30710	0	4	1	0	3
AT4G30720	18	30	13	22	22
AT4G30730	0	0	2	0	0
AT4G30740	0	0	2	0	0
AT4G30750	16	27	13	16	27
AT4G30760	45	63	41	43	66
AT4G30780	8	8	4	6	5
AT4G30790	9	16	13	13	19
AT4G30800	12	23	9	12	26
AT4G30810	35	31	21	20	35
AT4G30820	9	11	7	10	13
AT4G30825	14	5	5	9	4
AT4G30840	18	10	1	11	22
AT4G30845	6	10	8	4	22
AT4G30850	5	10	11	7	27
AT4G30860	3	1	0	0	3
AT4G30870	0	3	1	3	2
AT4G30890	15	25	16	23	30
AT4G30900	15	10	7	13	9
AT4G30910	6	14	6	16	8
AT4G30920	49	46	22	33	41
AT4G30930	24	18	7	17	24
AT4G30935	7	11	5	11	4
AT4G30940	2	1	1	7	3
AT4G30950	297	300	103	120	216
AT4G30960	41	42	19	20	46
AT4G30975	1	1	0	0	0
AT4G30980	1	0	0	1	1
AT4G30990	16	27	14	18	31
AT4G30993	42	55	36	34	40
AT4G30996	23	21	21	35	34
AT4G31000	4	10	8	7	8
AT4G31010	4	16	6	5	7
AT4G31020	7	18	6	5	8
AT4G31030	3	1	0	0	1
AT4G31040	34	36	26	23	30
AT4G31050	10	9	2	5	3
AT4G31060	12	18	5	9	3
AT4G31080	30	27	8	29	19
AT4G31100	0	0	1	0	1
AT4G31115	16	10	13	17	15
AT4G31120	29	27	42	54	53
AT4G31130	12	14	17	12	21
AT4G31140	6	1	0	11	12
AT4G31150	4	7	9	5	5
AT4G31160	4	2	6	13	11
AT4G31170	33	33	37	43	44
AT4G31180	35	49	44	42	43
AT4G31200	14	14	11	14	17
AT4G31210	26	12	15	13	14
AT4G31230	1	0	0	3	0
AT4G31240	1	1	3	1	3
AT4G31248	2	0	0	1	0
AT4G31250	3	1	1	3	2
AT4G31265	0	0	0	0	1
AT4G31270	4	15	6	4	6
AT4G31290	52	61	24	27	30
AT4G31300	120	107	108	110	117
AT4G31310	25	23	25	45	41
AT4G31330	1	1	1	0	0
AT4G31340	60	59	47	41	60
AT4G31350	12	11	6	8	7
AT4G31360	8	14	9	9	17
AT4G31380	2	2	0	0	0
AT4G31390	17	21	12	16	18
AT4G31398	1	3	0	2	0
AT4G31400	2	4	0	2	1
AT4G31408	1	0	0	0	0
AT4G31410	8	12	13	11	14
AT4G31420	15	18	24	23	26
AT4G31430	11	16	7	15	17
AT4G31450	16	14	13	13	19
AT4G31460	18	14	23	9	16
AT4G31470	2	0	0	0	0
AT4G31480	42	48	30	41	58
AT4G31490	43	48	23	30	27
AT4G31500	135	86	135	135	173
AT4G31510	10	11	22	13	19
AT4G31520	1	0	0	2	0
AT4G31530	57	47	19	25	27
AT4G31540	6	9	12	13	14
AT4G31550	21	9	15	19	14
AT4G31560	57	56	21	48	47
AT4G31570	5	3	9	7	11
AT4G31580	41	46	42	52	61
AT4G31590	30	37	17	35	29
AT4G31600	11	23	7	11	8
AT4G31610	1	0	0	0	0
AT4G31615	0	0	1	0	0
AT4G31620	3	4	1	1	1
AT4G31650	2	1	2	0	3
AT4G31670	4	3	8	4	9
AT4G31680	0	1	0	0	0
AT4G31700	281	419	215	289	364
AT4G31720	17	33	11	21	24
AT4G31730	0	1	4	0	0
AT4G31740	0	1	0	0	0
AT4G31750	4	3	6	4	13
AT4G31770	3	6	7	12	11
AT4G31780	37	33	18	23	24
AT4G31790	23	17	20	20	37
AT4G31800	14	11	12	27	24
AT4G31805	2	6	2	3	4
AT4G31810	14	22	16	25	21
AT4G31820	17	29	12	7	6
AT4G31840	41	68	28	20	41
AT4G31850	17	36	11	18	34
AT4G31860	16	15	20	12	9
AT4G31870	1	1	8	6	9
AT4G31875	0	1	4	4	4
AT4G31877	0	0	0	2	2
AT4G31880	21	39	11	14	15
AT4G31890	0	2	3	2	1
AT4G31910	0	1	1	0	1
AT4G31920	11	9	4	11	13
AT4G31930	7	2	3	10	6
AT4G31980	3	3	6	11	12
AT4G31985	627	635	595	586	880
AT4G31990	131	70	55	55	79
AT4G32000	1	2	1	1	3
AT4G32010	4	10	9	9	18
AT4G32020	97	84	138	141	167
AT4G32030	2	7	5	4	4
AT4G32040	11	8	9	20	19
AT4G32050	2	11	5	3	5
AT4G32060	40	52	36	35	49
AT4G32070	0	4	1	0	3
AT4G32120	6	7	5	8	2
AT4G32130	43	39	31	38	54
AT4G32140	11	8	1	6	5
AT4G32150	51	40	40	45	52
AT4G32160	4	1	4	7	9
AT4G32175	5	10	7	4	14
AT4G32180	20	35	20	19	33
AT4G32190	17	16	11	15	17
AT4G32200	3	3	2	2	4
AT4G32208	4	7	3	4	8
AT4G32210	41	46	29	40	43
AT4G32240	36	41	36	48	60
AT4G32250	5	12	10	3	7
AT4G32260	1085	1018	232	208	348
AT4G32270	5	6	12	9	11
AT4G32272	3	10	1	3	9
AT4G32280	35	26	0	0	0
AT4G32285	49	48	38	34	32
AT4G32290	6	4	1	1	2
AT4G32295	2	6	1	2	3
AT4G32300	10	9	11	10	14
AT4G32320	12	14	4	6	9
AT4G32330	49	49	22	40	43
AT4G32340	102	78	101	108	125
AT4G32350	6	10	10	17	14
AT4G32360	0	4	0	6	5
AT4G32390	39	42	28	35	33
AT4G32400	13	11	7	12	15
AT4G32410	125	144	110	105	120
AT4G32420	33	32	24	14	30
AT4G32430	2	1	1	0	0
AT4G32440	1	7	5	5	4
AT4G32445	0	1	0	0	0
AT4G32450	3	0	0	0	2
AT4G32460	40	41	27	20	36
AT4G32470	235	208	170	203	252
AT4G32480	3	1	1	1	1
AT4G32490	0	0	0	1	0
AT4G32510	0	0	0	0	1
AT4G32520	35	58	34	43	47
AT4G32530	98	93	103	85	132
AT4G32551	13	27	10	13	11
AT4G32560	19	26	17	15	28
AT4G32570	17	23	9	18	16
AT4G32590	106	91	25	28	36
AT4G32600	14	9	17	16	30
AT4G32605	18	12	11	9	22
AT4G32610	19	22	19	21	17
AT4G32620	2	1	2	2	2
AT4G32640	14	7	13	11	12
AT4G32650	0	0	3	1	0
AT4G32660	9	8	12	12	9
AT4G32670	2	2	8	4	8
AT4G32680	8	9	12	8	14
AT4G32690	3	3	8	8	15
AT4G32700	3	8	3	3	9
AT4G32710	4	7	5	7	11
AT4G32720	29	19	28	35	36
AT4G32730	5	6	3	2	2
AT4G32750	4	5	7	10	5
AT4G32760	32	31	23	32	40
AT4G32770	8	4	7	7	10
AT4G32790	11	14	2	6	5
AT4G32800	5	6	10	5	12
AT4G32810	2	1	0	0	2
AT4G32820	8	4	6	3	6
AT4G32830	7	13	8	6	12
AT4G32840	8	2	7	10	7
AT4G32850	27	32	35	33	53
AT4G32870	3	6	3	2	7
AT4G32880	5	7	1	7	3
AT4G32890	2	3	3	3	2
AT4G32900	21	20	11	19	20
AT4G32910	8	16	12	32	20
AT4G32915	35	46	28	31	39
AT4G32920	0	7	4	5	3
AT4G32930	29	20	24	20	17
AT4G32940	28	37	61	55	75
AT4G32960	22	12	15	13	12
AT4G32970	6	2	0	5	1
AT4G32980	6	13	10	14	7
AT4G32990	2	1	2	0	1
AT4G33000	20	30	9	17	39
AT4G33010	634	633	269	316	390
AT4G33030	61	95	54	53	40
AT4G33040	3	0	3	5	6
AT4G33050	30	18	32	37	41
AT4G33060	9	13	17	14	20
AT4G33070	0	1	0	0	1
AT4G33080	13	23	16	10	8
AT4G33090	50	74	80	94	102
AT4G33100	14	16	5	10	9
AT4G33110	46	44	14	17	24
AT4G33120	0	0	0	0	1
AT4G33130	2	3	1	0	4
AT4G33140	0	4	6	8	9
AT4G33150	2	5	5	7	14
AT4G33160	2	2	3	1	3
AT4G33170	4	2	1	2	1
AT4G33180	3	7	3	3	5
AT4G33200	6	26	15	10	20
AT4G33210	15	26	5	15	17
AT4G33220	69	53	61	47	66
AT4G33240	17	12	17	11	9
AT4G33250	140	147	115	128	136
AT4G33260	8	10	7	1	6
AT4G33270	4	13	14	7	14
AT4G33280	0	0	0	0	2
AT4G33290	0	0	0	0	3
AT4G33300	48	45	48	70	73
AT4G33310	4	4	0	5	1
AT4G33330	1	0	0	0	0
AT4G33350	43	35	10	23	23
AT4G33355	0	0	3	0	2
AT4G33360	26	21	18	23	33
AT4G33380	17	27	25	26	30
AT4G33400	3	10	7	6	12
AT4G33410	27	29	19	21	32
AT4G33420	0	1	2	0	3
AT4G33430	22	19	17	11	34
AT4G33440	0	1	3	0	2
AT4G33460	17	5	8	9	13
AT4G33470	25	25	10	18	16
AT4G33480	20	30	6	19	22
AT4G33490	17	11	6	7	7
AT4G33495	5	2	8	7	10
AT4G33500	37	18	13	24	30
AT4G33510	142	158	67	62	101
AT4G33520	41	48	19	11	25
AT4G33530	11	23	17	12	9
AT4G33540	7	10	7	4	5
AT4G33560	3	12	1	3	1
AT4G33565	16	5	6	12	12
AT4G33580	35	31	8	12	26
AT4G33620	1	3	5	3	6
AT4G33625	44	54	20	29	36
AT4G33630	22	15	22	20	26
AT4G33640	113	107	81	99	128
AT4G33650	5	11	10	4	20
AT4G33660	40	34	24	47	33
AT4G33666	60	50	15	14	10
AT4G33670	44	61	34	52	50
AT4G33680	120	137	37	57	73
AT4G33690	2	0	2	6	7
AT4G33700	19	27	13	27	17
AT4G33740	18	17	9	14	15
AT4G33760	31	37	25	22	23
AT4G33770	2	0	1	4	0
AT4G33780	13	12	12	19	15
AT4G33790	10	14	9	4	4
AT4G33800	0	0	0	0	2
AT4G33810	1	4	0	1	1
AT4G33865	699	810	701	766	1130
AT4G33890	5	12	5	3	4
AT4G33905	0	0	0	0	3
AT4G33910	16	7	12	13	10
AT4G33920	7	13	13	13	20
AT4G33925	1	0	1	1	0
AT4G33930	0	0	0	2	0
AT4G33940	12	9	13	12	8
AT4G33945	11	16	9	16	5
AT4G33950	12	11	3	3	11
AT4G33960	8	10	12	9	10
AT4G33980	7	2	7	8	5
AT4G33985	6	1	10	5	8
AT4G33990	0	0	0	2	1
AT4G34000	10	10	4	12	13
AT4G34020	28	23	16	11	22
AT4G34030	18	32	16	20	32
AT4G34040	22	11	8	21	15
AT4G34050	203	186	169	188	252
AT4G34060	3	3	6	2	3
AT4G34070	15	13	14	10	18
AT4G34080	0	0	1	0	0
AT4G34090	21	33	9	11	13
AT4G34100	24	29	17	28	26
AT4G34110	272	352	235	267	315
AT4G34120	125	104	51	64	94
AT4G34131	1	0	2	1	0
AT4G34135	1	3	1	3	6
AT4G34138	7	9	0	3	5
AT4G34140	8	8	1	5	7
AT4G34150	38	33	60	56	75
AT4G34160	9	19	16	12	15
AT4G34180	54	47	36	44	63
AT4G34190	216	191	74	93	151
AT4G34200	64	93	50	42	56
AT4G34215	31	30	22	15	20
AT4G34220	31	35	18	22	29
AT4G34230	5	11	8	10	11
AT4G34240	41	25	19	32	30
AT4G34250	6	16	4	6	16
AT4G34260	35	49	33	39	44
AT4G34265	62	70	38	65	64
AT4G34270	16	18	13	22	24
AT4G34280	3	2	5	5	4
AT4G34290	59	64	17	24	27
AT4G34310	4	5	3	10	9
AT4G34320	0	3	0	0	1
AT4G34340	1	2	2	3	9
AT4G34350	196	200	37	77	58
AT4G34360	3	5	8	11	9
AT4G34370	9	7	10	7	10
AT4G34380	1	0	0	0	2
AT4G34390	12	7	8	15	17
AT4G34400	4	12	3	4	0
AT4G34410	8	1	6	1	15
AT4G34412	10	7	4	4	12
AT4G34420	0	0	1	2	0
AT4G34430	7	8	8	7	7
AT4G34450	65	74	53	63	71
AT4G34460	20	18	22	12	20
AT4G34480	35	42	22	39	49
AT4G34490	34	44	38	30	39
AT4G34500	10	13	13	11	13
AT4G34510	0	1	1	2	1
AT4G34530	8	10	3	4	6
AT4G34540	13	18	10	15	19
AT4G34550	0	0	0	0	5
AT4G34555	37	50	29	37	54
AT4G34560	4	9	2	14	4
AT4G34570	10	8	8	21	13
AT4G34580	2	3	6	1	3
AT4G34588	8	11	12	11	9
AT4G34590	8	11	12	11	9
AT4G34600	1	0	0	0	1
AT4G34610	28	25	14	17	15
AT4G34620	1598	1703	1081	1199	1527
AT4G34630	21	23	23	28	28
AT4G34640	46	51	30	53	57
AT4G34650	2	2	1	3	4
AT4G34660	8	8	12	10	9
AT4G34670	218	250	148	163	204
AT4G34680	6	2	4	5	6
AT4G34700	114	139	90	110	116
AT4G34710	14	16	22	21	28
AT4G34720	140	153	120	123	154
AT4G34730	52	70	17	26	36
AT4G34740	30	37	19	26	20
AT4G34750	7	14	12	20	15
AT4G34760	30	35	14	10	29
AT4G34770	19	8	12	1	2
AT4G34790	7	4	1	5	2
AT4G34800	0	0	1	0	0
AT4G34810	1	0	0	0	0
AT4G34830	36	46	27	27	35
AT4G34840	4	3	0	4	6
AT4G34850	0	2	0	0	0
AT4G34860	3	1	3	2	3
AT4G34870	347	429	282	264	371
AT4G34880	0	0	1	0	0
AT4G34881	22	27	30	26	34
AT4G34890	13	6	7	9	15
AT4G34900	9	16	2	4	3
AT4G34910	5	8	9	5	8
AT4G34920	32	45	41	34	38
AT4G34930	0	0	1	3	3
AT4G34950	116	71	116	146	138
AT4G34960	12	11	8	11	7
AT4G34970	1	2	5	0	4
AT4G34980	68	59	53	37	58
AT4G34990	6	5	3	2	1
AT4G35000	74	82	83	79	95
AT4G35020	27	29	26	22	22
AT4G35030	2	3	0	0	4
AT4G35040	16	10	14	12	16
AT4G35050	10	24	9	18	15
AT4G35060	0	0	4	3	1
AT4G35070	0	3	0	1	0
AT4G35080	10	7	8	17	11
AT4G35090	150	147	296	286	431
AT4G35100	569	625	278	280	430
AT4G35110	8	4	0	1	1
AT4G35130	2	0	1	0	0
AT4G35140	3	2	0	7	4
AT4G35180	3	0	0	0	1
AT4G35220	23	15	18	18	26
AT4G35230	30	29	27	39	28
AT4G35240	9	20	6	9	15
AT4G35250	139	122	31	35	46
AT4G35260	46	36	27	42	35
AT4G35270	5	6	4	7	7
AT4G35290	3	2	2	8	6
AT4G35295	0	2	1	0	2
AT4G35300	20	22	9	27	24
AT4G35310	33	37	31	27	44
AT4G35320	13	8	4	9	9
AT4G35335	14	17	12	6	15
AT4G35350	13	10	3	7	5
AT4G35360	17	26	18	20	17
AT4G35370	0	2	0	0	0
AT4G35410	19	16	10	3	11
AT4G35420	20	15	11	11	11
AT4G35430	7	1	1	4	6
AT4G35440	13	6	3	7	10
AT4G35450	313	337	250	337	362
AT4G35460	25	32	9	25	23
AT4G35470	27	34	19	21	35
AT4G35480	7	7	6	3	7
AT4G35490	66	76	40	66	90
AT4G35500	0	1	1	2	2
AT4G35510	10	6	2	0	3
AT4G35520	0	0	2	0	1
AT4G35530	10	10	10	8	7
AT4G35540	1	1	1	3	1
AT4G35550	9	10	10	11	11
AT4G35560	2	6	7	2	7
AT4G35570	41	57	73	51	73
AT4G35580	13	21	19	16	27
AT4G35590	0	0	0	0	1
AT4G35600	9	4	6	7	8
AT4G35620	4	9	4	8	11
AT4G35630	26	30	17	7	16
AT4G35640	0	0	0	1	1
AT4G35680	2	5	1	0	4
AT4G35720	1	0	0	0	0
AT4G35730	5	6	3	5	6
AT4G35740	5	6	6	5	11
AT4G35750	41	34	34	31	33
AT4G35760	35	34	11	17	27
AT4G35770	19	6	1	3	1
AT4G35780	9	7	6	9	14
AT4G35783	1	1	2	6	1
AT4G35785	39	27	16	25	35
AT4G35790	48	56	32	41	47
AT4G35800	52	46	44	50	65
AT4G35830	107	88	78	77	102
AT4G35840	10	12	6	2	7
AT4G35850	15	25	12	16	24
AT4G35860	17	36	16	20	28
AT4G35870	6	2	8	1	4
AT4G35880	13	6	2	5	0
AT4G35890	24	36	14	19	29
AT4G35900	2	3	1	1	0
AT4G35905	16	14	9	12	17
AT4G35910	4	11	6	11	8
AT4G35920	22	22	17	8	12
AT4G35930	9	1	3	3	8
AT4G35940	9	8	5	11	8
AT4G35950	17	31	12	17	28
AT4G35970	1	1	2	1	4
AT4G35980	23	22	24	26	20
AT4G35985	1	0	0	0	3
AT4G35987	3	7	5	6	3
AT4G36010	2	1	3	6	9
AT4G36020	18	20	12	19	29
AT4G36030	8	4	6	12	9
AT4G36032	5	1	3	5	1
AT4G36040	171	168	101	93	94
AT4G36050	5	7	7	10	9
AT4G36052	1	0	0	1	0
AT4G36060	0	0	0	0	2
AT4G36080	12	12	10	6	11
AT4G36090	9	6	13	12	19
AT4G36105	0	3	0	3	2
AT4G36110	2	1	1	0	2
AT4G36120	5	5	3	2	2
AT4G36130	110	144	68	85	131
AT4G36140	9	2	4	4	7
AT4G36150	5	0	1	3	1
AT4G36160	1	0	0	2	2
AT4G36180	7	13	13	10	13
AT4G36190	29	34	21	27	29
AT4G36195	31	38	25	41	47
AT4G36210	23	31	35	30	34
AT4G36220	24	45	22	26	27
AT4G36230	1	1	0	0	2
AT4G36240	11	12	9	4	6
AT4G36250	88	97	47	68	87
AT4G36260	0	2	0	0	0
AT4G36270	9	3	2	1	1
AT4G36280	1	4	4	3	4
AT4G36290	5	3	6	10	5
AT4G36360	85	82	46	53	81
AT4G36380	1	1	2	5	3
AT4G36390	46	48	14	13	22
AT4G36400	8	5	9	3	9
AT4G36410	7	14	1	5	3
AT4G36420	17	22	32	34	37
AT4G36430	0	0	0	3	1
AT4G36440	20	15	19	21	17
AT4G36450	0	0	0	1	0
AT4G36470	1	1	3	7	8
AT4G36480	8	8	9	8	7
AT4G36500	41	20	43	46	53
AT4G36510	0	0	0	1	0
AT4G36515	13	12	14	15	21
AT4G36520	5	17	11	5	14
AT4G36530	36	27	11	19	21
AT4G36540	37	32	37	38	30
AT4G36550	4	7	8	5	11
AT4G36570	11	19	4	3	9
AT4G36580	1	11	6	3	7
AT4G36620	2	1	0	0	1
AT4G36630	10	27	16	14	18
AT4G36640	8	5	13	7	3
AT4G36648	38	34	57	56	57
AT4G36650	13	3	3	10	6
AT4G36660	19	28	6	16	23
AT4G36670	7	12	9	7	5
AT4G36680	13	11	6	24	13
AT4G36690	55	56	48	63	51
AT4G36710	0	4	2	5	8
AT4G36720	32	26	22	26	20
AT4G36730	38	33	21	34	28
AT4G36750	18	14	8	9	11
AT4G36760	23	17	24	26	35
AT4G36770	0	0	0	0	3
AT4G36780	54	20	14	21	22
AT4G36790	15	15	10	6	14
AT4G36791	0	0	1	0	0
AT4G36800	121	116	79	108	132
AT4G36808	0	2	0	0	1
AT4G36810	53	59	19	32	19
AT4G36830	1	0	1	1	2
AT4G36840	3	3	1	3	6
AT4G36850	5	8	5	3	8
AT4G36860	4	4	7	8	6
AT4G36870	10	8	11	12	9
AT4G36880	1	1	0	1	0
AT4G36890	5	9	2	6	7
AT4G36900	7	6	9	3	4
AT4G36910	17	19	7	4	16
AT4G36920	14	7	4	4	5
AT4G36930	3	7	5	2	1
AT4G36940	20	27	16	16	32
AT4G36945	8	11	11	10	21
AT4G36960	11	22	11	11	15
AT4G36970	9	8	3	5	10
AT4G36980	16	14	15	17	20
AT4G36988	3	3	4	7	8
AT4G36990	3	3	4	7	8
AT4G37000	35	41	18	21	30
AT4G37010	1	0	1	0	3
AT4G37020	5	15	8	4	6
AT4G37030	0	0	0	1	3
AT4G37040	47	43	21	21	27
AT4G37050	0	1	1	1	3
AT4G37070	0	2	0	0	0
AT4G37080	16	12	3	14	12
AT4G37090	8	13	16	8	13
AT4G37095	5	4	12	8	8
AT4G37100	1	0	1	1	1
AT4G37110	9	18	3	10	11
AT4G37120	32	40	24	51	53
AT4G37130	12	10	14	19	20
AT4G37140	0	1	0	0	0
AT4G37150	1	1	0	3	0
AT4G37170	1	2	1	3	0
AT4G37180	6	7	4	4	3
AT4G37190	7	5	9	2	9
AT4G37200	75	75	27	16	33
AT4G37210	6	8	8	12	14
AT4G37225	3	2	0	2	1
AT4G37230	0	0	0	0	1
AT4G37240	16	12	5	8	7
AT4G37250	7	7	4	10	3
AT4G37260	32	36	29	47	30
AT4G37270	25	17	12	20	19
AT4G37280	6	11	12	31	35
AT4G37290	0	0	1	0	0
AT4G37295	0	0	0	3	0
AT4G37300	98	104	81	101	127
AT4G37310	5	20	7	9	12
AT4G37320	0	3	3	4	5
AT4G37330	32	18	13	18	22
AT4G37370	1	3	1	1	5
AT4G37380	6	8	3	8	5
AT4G37390	0	4	1	0	2
AT4G37400	1	0	0	0	2
AT4G37409	4	4	2	2	0
AT4G37410	4	4	2	2	0
AT4G37430	7	6	5	4	9
AT4G37432	3	1	1	1	1
AT4G37440	14	12	17	14	16
AT4G37445	4	3	0	0	0
AT4G37450	37	47	26	36	79
AT4G37460	21	19	11	18	22
AT4G37470	57	45	70	57	79
AT4G37480	1	0	0	0	3
AT4G37483	4	0	1	1	1
AT4G37490	7	6	9	9	15
AT4G37510	67	70	11	31	38
AT4G37520	3	0	4	5	2
AT4G37530	5	0	0	3	2
AT4G37540	1	6	5	5	8
AT4G37550	15	35	16	24	24
AT4G37553	21	44	30	41	45
AT4G37560	8	11	14	19	20
AT4G37580	0	0	1	0	2
AT4G37590	11	13	9	3	9
AT4G37608	1	6	7	10	12
AT4G37610	4	3	6	11	14
AT4G37630	4	1	0	1	4
AT4G37640	22	24	21	37	18
AT4G37650	6	4	3	10	7
AT4G37660	27	44	20	27	30
AT4G37670	4	3	4	4	5
AT4G37680	29	41	42	29	51
AT4G37685	0	0	0	0	1
AT4G37690	1	0	0	0	1
AT4G37700	0	0	0	1	0
AT4G37730	2	4	0	0	1
AT4G37740	6	7	4	11	12
AT4G37750	5	10	5	6	7
AT4G37760	36	36	24	35	30
AT4G37770	1	1	0	0	0
AT4G37790	0	6	7	6	6
AT4G37800	44	42	36	41	72
AT4G37810	0	0	2	2	3
AT4G37820	15	16	14	10	13
AT4G37830	279	229	239	261	311
AT4G37870	63	107	45	53	68
AT4G37880	27	8	10	14	21
AT4G37890	1	1	1	0	1
AT4G37900	3	1	0	2	1
AT4G37910	64	84	92	65	128
AT4G37920	17	16	16	26	34
AT4G37925	85	79	33	50	44
AT4G37930	884	769	302	375	495
AT4G37970	1	1	1	0	0
AT4G37980	79	67	29	24	37
AT4G37990	1	0	3	1	5
AT4G38000	2	0	0	0	0
AT4G38010	0	0	2	1	0
AT4G38020	13	15	6	8	14
AT4G38040	12	6	3	10	5
AT4G38050	5	3	1	2	3
AT4G38060	2	3	0	1	1
AT4G38070	3	2	5	3	2
AT4G38080	0	0	1	0	1
AT4G38090	15	14	11	8	10
AT4G38092	0	0	0	0	1
AT4G38100	25	23	9	8	19
AT4G38120	10	6	4	7	12
AT4G38130	29	33	28	43	45
AT4G38150	6	14	10	10	20
AT4G38160	43	63	15	44	33
AT4G38170	5	11	9	11	11
AT4G38180	5	10	7	12	10
AT4G38200	12	4	9	9	13
AT4G38210	1	2	1	1	0
AT4G38220	58	45	61	67	59
AT4G38225	54	54	39	38	34
AT4G38230	2	3	2	1	4
AT4G38240	6	12	8	6	7
AT4G38250	45	43	30	28	37
AT4G38260	13	4	24	10	15
AT4G38270	10	10	11	7	9
AT4G38280	5	16	17	12	15
AT4G38290	6	15	19	14	19
AT4G38300	0	0	0	1	2
AT4G38320	10	11	7	14	14
AT4G38330	1	2	1	5	5
AT4G38340	0	2	0	0	0
AT4G38350	36	58	37	36	68
AT4G38360	9	14	7	19	31
AT4G38370	10	19	15	21	12
AT4G38380	0	1	1	1	1
AT4G38400	7	7	3	3	8
AT4G38410	1	0	0	0	0
AT4G38420	7	1	3	1	14
AT4G38430	61	49	57	65	60
AT4G38440	8	10	11	11	14
AT4G38460	33	43	30	25	24
AT4G38470	15	27	17	12	7
AT4G38480	2	0	3	5	5
AT4G38490	40	42	26	30	27
AT4G38495	14	8	11	17	21
AT4G38500	27	32	23	30	27
AT4G38510	75	51	46	54	76
AT4G38520	30	26	16	39	36
AT4G38530	1	0	0	2	1
AT4G38540	1	3	6	6	7
AT4G38545	1	5	14	15	10
AT4G38550	67	50	55	75	94
AT4G38552	14	7	7	13	20
AT4G38560	1	2	1	4	4
AT4G38570	14	19	10	9	11
AT4G38580	49	45	29	35	25
AT4G38600	26	32	16	38	41
AT4G38620	3	9	2	1	11
AT4G38630	47	50	49	52	41
AT4G38640	5	7	7	11	23
AT4G38650	3	0	3	0	1
AT4G38660	31	34	8	14	23
AT4G38670	2	6	3	12	7
AT4G38680	133	145	98	87	101
AT4G38690	25	24	29	20	24
AT4G38700	5	3	8	3	1
AT4G38710	11	25	10	14	10
AT4G38730	0	3	3	4	2
AT4G38740	174	158	108	100	171
AT4G38760	27	14	18	21	33
AT4G38770	1068	822	801	868	1148
AT4G38780	0	0	2	3	5
AT4G38790	14	27	16	23	24
AT4G38800	45	69	65	65	71
AT4G38810	9	7	11	11	9
AT4G38820	6	9	3	2	1
AT4G38825	10	16	3	4	1
AT4G38840	113	141	116	116	171
AT4G38850	5	8	4	4	13
AT4G38860	68	64	65	84	82
AT4G38870	0	0	1	0	0
AT4G38890	29	36	28	37	26
AT4G38900	21	14	10	13	11
AT4G38910	0	4	1	1	0
AT4G38920	205	224	149	184	236
AT4G38930	14	17	26	12	15
AT4G38932	17	22	16	30	29
AT4G38940	1	4	3	5	2
AT4G38950	17	10	9	3	10
AT4G38960	1	3	0	6	3
AT4G38970	2250	2170	1023	1139	1533
AT4G38980	12	13	16	18	20
AT4G39010	1	1	1	1	1
AT4G39030	7	4	4	5	13
AT4G39040	98	89	28	40	50
AT4G39050	24	23	14	25	19
AT4G39070	0	0	2	2	0
AT4G39080	52	76	38	74	63
AT4G39090	464	386	365	374	394
AT4G39100	19	14	22	25	21
AT4G39120	5	9	3	6	9
AT4G39140	5	6	2	2	5
AT4G39150	25	40	29	27	41
AT4G39160	3	11	12	5	6
AT4G39170	37	37	30	25	34
AT4G39180	2	8	6	9	4
AT4G39190	10	6	1	3	12
AT4G39200	595	735	432	536	645
AT4G39210	9	10	5	6	8
AT4G39220	17	15	21	33	19
AT4G39230	4	3	4	9	8
AT4G39235	9	14	16	17	28
AT4G39240	23	21	23	15	30
AT4G39250	0	0	0	1	0
AT4G39260	573	519	594	604	646
AT4G39270	7	2	0	3	2
AT4G39280	31	35	27	36	39
AT4G39300	18	24	24	33	44
AT4G39320	3	1	0	4	5
AT4G39330	222	218	152	147	212
AT4G39350	62	46	36	35	42
AT4G39360	0	1	0	0	0
AT4G39361	0	1	0	3	0
AT4G39363	2	1	2	0	2
AT4G39364	2	3	0	0	5
AT4G39366	3	3	0	0	5
AT4G39370	6	4	5	10	5
AT4G39380	4	7	2	2	5
AT4G39390	3	4	6	6	13
AT4G39400	33	39	31	39	44
AT4G39403	1	0	5	0	0
AT4G39410	2	0	0	0	0
AT4G39420	31	27	13	14	22
AT4G39460	75	81	48	47	61
AT4G39470	4	4	6	3	5
AT4G39480	0	0	0	1	0
AT4G39500	0	0	0	2	0
AT4G39510	18	21	6	8	11
AT4G39520	27	52	35	47	39
AT4G39540	16	21	16	6	9
AT4G39550	0	5	0	6	1
AT4G39560	1	2	3	5	3
AT4G39570	3	4	2	0	5
AT4G39580	1	1	1	0	0
AT4G39600	0	0	0	1	0
AT4G39620	17	14	12	4	13
AT4G39630	3	6	1	3	6
AT4G39640	29	17	15	21	16
AT4G39650	1	0	0	0	0
AT4G39660	18	33	23	15	25
AT4G39670	5	0	0	3	7
AT4G39675	1	0	1	0	0
AT4G39680	46	45	28	39	57
AT4G39690	13	29	12	23	17
AT4G39710	89	69	24	44	43
AT4G39730	216	164	170	155	203
AT4G39740	11	5	6	11	6
AT4G39770	18	8	6	5	3
AT4G39780	3	2	2	1	4
AT4G39795	1	0	0	0	0
AT4G39800	65	79	67	99	75
AT4G39810	0	1	0	1	0
AT4G39820	8	8	6	19	14
AT4G39830	3	0	10	12	3
AT4G39838	8	9	10	11	18
AT4G39840	24	23	32	29	41
AT4G39850	30	30	17	16	33
AT4G39860	27	28	29	19	34
AT4G39870	6	10	10	11	10
AT4G39880	45	45	33	26	41
AT4G39890	0	0	7	4	7
AT4G39900	38	51	29	41	43
AT4G39910	10	16	11	20	23
AT4G39920	5	5	4	2	4
AT4G39925	4	1	2	4	2
AT4G39940	36	24	26	38	29
AT4G39950	30	9	21	19	33
AT4G39952	2	0	1	2	3
AT4G39955	0	1	3	5	5
AT4G39960	34	42	15	23	43
AT4G39970	120	123	41	30	51
AT4G39980	79	82	77	78	102
AT4G39990	37	35	29	21	41
AT4G40000	3	3	2	7	4
AT4G40010	0	1	0	0	0
AT4G40030	203	231	236	192	267
AT4G40040	257	259	178	213	240
AT4G40042	25	23	17	21	34
AT4G40045	30	18	15	18	13
AT4G40050	17	14	10	4	13
AT4G40060	25	19	16	16	29
AT4G40065	7	7	0	3	4
AT4G40070	0	0	1	2	0
AT4G40080	2	0	0	2	0
AT4G40085	2	0	0	0	0
AT4G40090	1	2	0	0	0
AT5G01010	73	47	68	81	102
AT5G01015	53	46	19	18	12
AT5G01020	50	42	35	31	52
AT5G01030	1	8	3	8	10
AT5G01040	1	0	0	0	0
AT5G01075	10	14	5	13	7
AT5G01090	7	11	10	6	4
AT5G01100	0	2	3	5	0
AT5G01110	3	1	2	2	0
AT5G01120	0	1	0	0	1
AT5G01160	12	11	15	14	25
AT5G01170	4	4	1	2	4
AT5G01175	9	4	5	6	10
AT5G01180	4	2	2	7	5
AT5G01190	2	0	0	0	0
AT5G01200	3	3	5	2	1
AT5G01210	11	20	3	7	4
AT5G01215	11	17	3	4	5
AT5G01220	21	21	12	14	14
AT5G01230	6	6	1	10	14
AT5G01240	27	33	18	20	34
AT5G01260	9	2	10	10	14
AT5G01270	8	8	8	11	16
AT5G01290	6	2	12	10	16
AT5G01300	0	1	0	0	0
AT5G01310	2	2	2	3	0
AT5G01330	1	0	0	0	0
AT5G01340	6	8	4	2	0
AT5G01350	89	112	84	111	120
AT5G01360	1	1	0	1	0
AT5G01370	3	14	6	4	6
AT5G01390	3	8	4	6	3
AT5G01400	5	11	11	13	16
AT5G01410	111	112	135	170	177
AT5G01420	2	1	1	0	1
AT5G01430	14	15	9	17	23
AT5G01445	0	1	4	8	4
AT5G01450	4	3	7	10	10
AT5G01460	37	22	11	18	20
AT5G01470	17	4	11	11	8
AT5G01480	0	0	0	0	2
AT5G01500	18	8	5	4	5
AT5G01510	7	7	4	2	12
AT5G01520	5	1	4	4	0
AT5G01530	5741	5324	1165	1210	1721
AT5G01540	1	5	6	3	6
AT5G01542	1	3	5	2	0
AT5G01550	0	0	2	0	1
AT5G01560	4	9	3	4	8
AT5G01570	0	1	0	0	1
AT5G01580	1	0	2	0	0
AT5G01590	89	90	29	43	43
AT5G01595	18	30	65	93	99
AT5G01600	19	31	65	93	103
AT5G01610	4	1	0	2	2
AT5G01620	4	11	4	8	3
AT5G01630	3	1	1	1	4
AT5G01640	0	2	2	1	3
AT5G01650	106	124	102	161	165
AT5G01660	0	0	0	0	1
AT5G01670	14	5	8	16	18
AT5G01700	0	1	1	1	0
AT5G01710	23	21	18	28	23
AT5G01712	23	21	18	28	23
AT5G01720	2	1	0	5	4
AT5G01730	4	2	3	5	5
AT5G01732	3	2	0	4	3
AT5G01740	2	2	3	1	1
AT5G01750	189	168	154	192	219
AT5G01770	1	13	4	13	9
AT5G01780	12	13	5	8	15
AT5G01790	13	10	15	14	19
AT5G01800	14	11	22	29	29
AT5G01810	10	16	7	8	4
AT5G01820	12	10	7	10	2
AT5G01830	1	0	0	1	1
AT5G01840	0	1	3	2	0
AT5G01850	3	3	2	14	3
AT5G01870	6	1	0	1	0
AT5G01880	8	7	0	1	5
AT5G01881	5	6	0	1	5
AT5G01890	13	12	5	23	9
AT5G01900	0	0	0	1	0
AT5G01910	7	4	9	1	9
AT5G01920	71	54	39	59	70
AT5G01930	14	23	8	17	25
AT5G01940	0	0	0	1	1
AT5G01950	13	23	16	7	9
AT5G01960	13	21	29	24	32
AT5G01970	9	9	10	5	13
AT5G01980	15	9	8	17	14
AT5G01990	7	5	9	8	7
AT5G02010	14	10	4	6	4
AT5G02020	4	0	0	2	1
AT5G02030	5	6	3	5	6
AT5G02040	8	9	11	14	21
AT5G02050	36	24	41	37	46
AT5G02060	1	1	0	0	3
AT5G02070	0	0	0	1	5
AT5G02080	1	4	5	1	3
AT5G02090	1	2	1	1	1
AT5G02100	4	3	2	4	4
AT5G02120	282	234	112	124	185
AT5G02130	10	14	4	10	10
AT5G02140	2	5	1	5	2
AT5G02150	15	11	13	14	9
AT5G02160	620	655	98	122	170
AT5G02170	0	2	0	0	0
AT5G02180	3	7	6	1	8
AT5G02190	13	6	1	3	6
AT5G02200	0	3	0	0	2
AT5G02210	0	1	0	1	0
AT5G02220	3	0	1	2	3
AT5G02230	3	9	5	8	13
AT5G02240	121	130	75	86	89
AT5G02250	13	12	22	15	13
AT5G02260	9	7	2	0	1
AT5G02270	3	9	2	6	12
AT5G02280	14	27	15	17	21
AT5G02290	38	25	30	61	45
AT5G02310	6	8	10	10	11
AT5G02320	0	2	0	0	1
AT5G02370	1062	907	886	1027	1131
AT5G02380	1045	894	873	1019	1108
AT5G02390	0	0	0	0	1
AT5G02410	12	17	7	11	4
AT5G02420	0	2	1	1	2
AT5G02430	0	1	1	1	1
AT5G02440	5	1	2	2	1
AT5G02450	411	423	225	232	354
AT5G02460	1	1	2	0	2
AT5G02470	8	2	3	8	6
AT5G02480	21	17	16	22	20
AT5G02490	21	15	30	42	70
AT5G02500	540	682	592	654	890
AT5G02502	58	64	61	58	86
AT5G02520	1	0	0	1	0
AT5G02530	52	88	41	44	52
AT5G02540	23	26	7	4	11
AT5G02550	4	6	3	4	0
AT5G02560	20	10	8	2	9
AT5G02570	3	0	1	0	0
AT5G02580	1	2	0	0	0
AT5G02590	14	21	5	2	13
AT5G02600	4	8	10	7	9
AT5G02610	213	264	127	185	257
AT5G02620	19	14	14	7	14
AT5G02630	0	1	0	5	9
AT5G02640	0	0	0	0	1
AT5G02650	12	6	11	11	8
AT5G02670	1	6	7	8	7
AT5G02680	6	11	8	5	10
AT5G02690	0	0	1	0	0
AT5G02710	30	39	15	23	27
AT5G02720	1	2	1	1	3
AT5G02740	29	35	24	26	39
AT5G02750	2	3	0	0	0
AT5G02760	39	32	4	5	5
AT5G02770	43	57	31	61	61
AT5G02780	0	0	0	0	1
AT5G02790	120	140	115	127	145
AT5G02800	18	10	9	6	12
AT5G02810	40	44	28	55	37
AT5G02820	11	11	22	13	17
AT5G02830	20	21	17	25	31
AT5G02840	21	22	37	47	67
AT5G02850	7	7	15	11	11
AT5G02860	2	0	1	1	5
AT5G02870	406	551	225	288	373
AT5G02880	7	5	9	10	10
AT5G02890	15	31	16	12	15
AT5G02910	2	5	8	4	5
AT5G02940	51	61	28	31	40
AT5G02950	0	2	1	3	7
AT5G02960	763	944	464	554	809
AT5G02970	8	5	6	5	13
AT5G03010	0	0	0	2	0
AT5G03020	0	2	0	0	2
AT5G03030	24	29	17	12	23
AT5G03040	59	73	35	52	40
AT5G03050	17	27	19	21	24
AT5G03070	5	3	1	7	12
AT5G03080	11	17	5	13	8
AT5G03100	2	6	1	0	5
AT5G03110	4	4	1	0	3
AT5G03120	44	38	32	38	48
AT5G03130	8	4	3	1	1
AT5G03140	19	21	12	11	10
AT5G03150	7	7	4	4	2
AT5G03160	14	22	18	16	18
AT5G03170	21	23	5	8	16
AT5G03180	0	2	1	2	1
AT5G03190	14	12	6	17	16
AT5G03200	7	1	6	8	13
AT5G03210	0	0	3	7	11
AT5G03220	7	6	13	8	10
AT5G03230	5	6	4	0	1
AT5G03240	247	229	259	286	404
AT5G03250	3	3	0	2	1
AT5G03260	6	10	6	0	2
AT5G03280	9	15	10	10	24
AT5G03285	4	8	9	7	5
AT5G03290	41	46	32	41	56
AT5G03300	80	95	97	81	101
AT5G03310	0	0	0	0	1
AT5G03320	10	7	7	11	9
AT5G03330	15	6	14	9	20
AT5G03340	13	21	5	10	16
AT5G03345	32	28	29	34	42
AT5G03350	271	192	71	79	87
AT5G03360	6	1	6	2	3
AT5G03370	16	20	13	12	10
AT5G03380	22	12	28	20	38
AT5G03390	6	4	3	7	7
AT5G03406	1	6	4	2	4
AT5G03415	5	10	5	7	8
AT5G03420	22	19	4	17	8
AT5G03430	19	30	20	28	33
AT5G03440	10	6	12	5	7
AT5G03450	2	10	0	1	4
AT5G03455	80	53	73	83	131
AT5G03460	66	67	68	76	73
AT5G03470	7	6	6	3	6
AT5G03490	8	4	5	3	3
AT5G03495	0	4	0	0	2
AT5G03500	13	7	12	6	18
AT5G03510	0	0	0	0	1
AT5G03520	52	42	32	25	39
AT5G03530	22	13	4	6	3
AT5G03540	18	29	7	18	19
AT5G03545	0	1	0	1	0
AT5G03552	1	0	3	1	1
AT5G03555	4	6	6	6	5
AT5G03560	5	13	8	9	11
AT5G03610	18	20	17	7	13
AT5G03620	0	1	0	0	0
AT5G03630	41	42	38	31	46
AT5G03650	67	66	29	38	51
AT5G03660	45	46	35	33	31
AT5G03668	1	1	0	0	0
AT5G03670	4	3	0	1	1
AT5G03680	0	1	2	0	1
AT5G03690	3	8	2	9	2
AT5G03700	2	0	0	0	0
AT5G03720	0	2	7	4	2
AT5G03730	21	9	12	19	17
AT5G03740	26	50	27	27	43
AT5G03760	42	34	13	11	11
AT5G03770	7	1	3	4	9
AT5G03780	0	2	1	10	3
AT5G03800	3	1	5	9	13
AT5G03830	5	7	7	4	15
AT5G03840	3	2	0	0	1
AT5G03850	391	490	246	278	354
AT5G03860	1	0	0	0	0
AT5G03870	5	4	1	1	4
AT5G03880	116	110	65	85	82
AT5G03890	1	0	0	0	0
AT5G03900	40	30	27	21	23
AT5G03905	16	13	12	24	20
AT5G03910	28	41	18	20	19
AT5G03940	78	77	27	31	69
AT5G03960	0	2	1	0	1
AT5G03970	6	6	9	8	6
AT5G03990	4	6	4	5	10
AT5G03995	3	2	2	8	3
AT5G04000	1	2	0	1	0
AT5G04020	5	12	6	11	10
AT5G04040	14	28	11	22	16
AT5G04050	5	10	2	2	1
AT5G04060	6	10	10	11	5
AT5G04070	4	6	6	4	1
AT5G04080	7	9	16	16	15
AT5G04090	11	12	13	16	17
AT5G04110	3	4	3	4	9
AT5G04130	23	31	9	25	24
AT5G04140	325	306	138	135	187
AT5G04150	0	2	0	0	1
AT5G04160	16	29	10	15	14
AT5G04170	36	45	30	28	43
AT5G04190	1	4	1	0	0
AT5G04200	0	0	0	0	2
AT5G04210	0	0	0	0	2
AT5G04220	2	1	4	4	5
AT5G04230	4	7	6	1	5
AT5G04240	5	3	8	8	2
AT5G04250	1	2	2	4	5
AT5G04260	10	18	18	17	16
AT5G04270	0	11	4	5	2
AT5G04280	15	13	18	12	26
AT5G04290	5	3	1	9	3
AT5G04310	2	4	1	0	0
AT5G04320	6	9	9	4	17
AT5G04330	1	3	3	1	1
AT5G04340	2	2	4	9	27
AT5G04360	24	22	12	7	26
AT5G04410	39	26	44	43	26
AT5G04420	8	27	13	10	18
AT5G04430	55	93	51	73	83
AT5G04440	33	33	18	29	26
AT5G04460	4	6	11	9	5
AT5G04470	5	9	15	7	10
AT5G04480	2	4	3	5	7
AT5G04490	36	29	10	12	18
AT5G04510	26	13	32	13	28
AT5G04520	2	1	0	4	4
AT5G04530	8	21	16	11	20
AT5G04540	15	12	7	13	9
AT5G04550	32	36	42	52	57
AT5G04560	22	17	11	13	19
AT5G04590	54	57	37	60	61
AT5G04600	64	65	71	81	89
AT5G04610	0	0	1	1	1
AT5G04620	7	12	17	9	21
AT5G04660	2	3	2	0	8
AT5G04670	5	1	4	4	4
AT5G04680	2	1	2	0	0
AT5G04690	3	0	0	0	1
AT5G04700	0	0	0	3	0
AT5G04710	34	11	15	10	9
AT5G04720	16	14	21	21	39
AT5G04740	45	46	26	11	33
AT5G04750	108	96	103	130	114
AT5G04760	1	6	4	4	13
AT5G04770	0	2	1	1	1
AT5G04780	0	0	4	3	4
AT5G04790	0	2	0	0	0
AT5G04800	127	168	109	110	154
AT5G04810	32	33	30	40	43
AT5G04820	6	8	3	1	4
AT5G04830	41	47	67	77	67
AT5G04840	0	3	1	2	3
AT5G04850	19	19	14	11	10
AT5G04860	3	3	1	1	4
AT5G04870	34	22	27	32	25
AT5G04885	21	43	28	38	34
AT5G04890	0	1	1	0	1
AT5G04895	1	1	4	3	5
AT5G04900	15	27	1	7	9
AT5G04910	10	14	9	13	8
AT5G04920	25	21	25	33	37
AT5G04930	23	15	23	24	21
AT5G04940	8	14	13	11	3
AT5G04950	0	2	8	5	5
AT5G04980	0	0	2	1	2
AT5G04990	16	18	21	8	16
AT5G05000	21	34	16	12	18
AT5G05010	76	81	56	61	83
AT5G05060	37	51	31	35	36
AT5G05080	41	59	40	46	64
AT5G05090	18	9	6	12	13
AT5G05100	29	30	30	32	54
AT5G05110	14	19	19	19	27
AT5G05130	5	0	0	5	3
AT5G05140	7	4	5	6	3
AT5G05160	7	1	2	1	10
AT5G05170	108	114	64	79	107
AT5G05180	8	18	5	3	5
AT5G05190	6	4	9	16	8
AT5G05200	62	65	24	53	42
AT5G05210	30	37	18	16	12
AT5G05230	8	12	7	14	18
AT5G05240	1	4	1	0	4
AT5G05250	65	52	7	18	13
AT5G05270	6	9	1	4	5
AT5G05290	0	0	1	1	0
AT5G05300	0	0	1	0	1
AT5G05310	4	9	2	5	7
AT5G05320	0	1	0	4	2
AT5G05330	2	2	0	3	0
AT5G05350	0	1	0	0	2
AT5G05360	52	27	23	23	46
AT5G05365	0	1	6	2	7
AT5G05370	86	82	80	69	109
AT5G05380	2	3	1	1	5
AT5G05390	0	0	0	0	1
AT5G05400	1	0	1	0	1
AT5G05410	4	0	7	7	14
AT5G05435	2	6	0	3	7
AT5G05440	7	6	6	1	13
AT5G05450	5	7	9	4	8
AT5G05460	14	5	8	14	12
AT5G05470	8	15	6	4	7
AT5G05480	9	13	2	9	3
AT5G05510	4	3	1	1	3
AT5G05520	9	14	8	15	15
AT5G05540	3	16	2	12	12
AT5G05550	11	8	6	9	13
AT5G05560	8	7	8	16	10
AT5G05570	5	7	9	11	14
AT5G05580	20	23	29	30	33
AT5G05590	11	14	2	3	6
AT5G05600	2	4	4	13	13
AT5G05610	25	35	38	34	55
AT5G05620	3	5	3	2	4
AT5G05630	1	8	2	2	2
AT5G05640	0	0	0	2	1
AT5G05660	4	12	14	24	11
AT5G05670	22	17	14	12	25
AT5G05680	11	5	11	12	11
AT5G05690	49	73	23	31	33
AT5G05700	9	14	11	11	12
AT5G05710	26	7	8	15	7
AT5G05730	24	21	11	26	26
AT5G05740	39	47	22	26	39
AT5G05750	9	8	11	21	13
AT5G05760	1	0	2	7	8
AT5G05780	38	33	19	24	30
AT5G05790	0	1	2	0	0
AT5G05800	14	19	6	11	18
AT5G05810	0	3	0	1	0
AT5G05820	7	6	9	6	6
AT5G05830	13	11	3	9	6
AT5G05840	2	2	3	0	1
AT5G05850	2	0	2	1	0
AT5G05860	7	7	2	0	2
AT5G05870	5	8	2	3	4
AT5G05880	1	0	0	0	0
AT5G05890	1	4	1	1	2
AT5G05920	11	5	8	13	21
AT5G05930	27	20	19	27	19
AT5G05940	1	8	5	5	3
AT5G05950	23	28	13	18	21
AT5G05960	17	18	6	24	15
AT5G05970	7	7	3	7	8
AT5G05980	15	22	17	30	22
AT5G05987	16	9	14	10	15
AT5G05990	13	20	12	18	17
AT5G06000	6	6	1	2	3
AT5G06050	3	7	6	3	7
AT5G06060	36	35	40	52	67
AT5G06100	9	14	5	9	6
AT5G06110	33	45	34	50	37
AT5G06120	12	9	11	13	9
AT5G06130	24	41	24	22	30
AT5G06140	24	28	40	26	21
AT5G06150	11	23	4	13	15
AT5G06160	12	23	11	17	23
AT5G06165	4	5	5	5	4
AT5G06180	2	7	6	0	6
AT5G06190	6	5	7	2	12
AT5G06210	28	19	24	27	22
AT5G06220	39	51	31	35	64
AT5G06230	29	36	23	26	43
AT5G06240	8	12	15	19	18
AT5G06250	0	1	0	0	0
AT5G06260	20	20	21	23	13
AT5G06265	13	17	19	17	16
AT5G06270	7	10	9	7	7
AT5G06280	9	14	7	11	16
AT5G06290	279	277	71	85	113
AT5G06300	1	0	0	1	0
AT5G06310	4	2	4	4	3
AT5G06320	95	68	127	121	193
AT5G06330	0	1	2	4	5
AT5G06340	89	65	34	43	39
AT5G06350	6	6	6	16	9
AT5G06360	58	75	56	54	58
AT5G06370	10	18	13	32	24
AT5G06390	13	7	6	7	4
AT5G06400	0	0	0	1	1
AT5G06410	3	4	3	8	9
AT5G06420	3	1	1	0	2
AT5G06430	10	11	4	6	5
AT5G06440	6	9	8	5	9
AT5G06450	8	6	8	8	20
AT5G06460	20	23	20	17	14
AT5G06470	1	1	0	2	0
AT5G06480	2	1	3	5	7
AT5G06510	1	0	1	1	0
AT5G06530	29	33	18	42	38
AT5G06540	2	1	0	0	0
AT5G06550	7	10	10	11	9
AT5G06560	4	10	5	3	4
AT5G06570	1	1	0	0	3
AT5G06580	18	20	7	10	12
AT5G06590	4	5	4	5	1
AT5G06600	48	54	49	45	53
AT5G06610	3	7	1	2	0
AT5G06620	1	0	2	2	11
AT5G06650	0	0	0	0	1
AT5G06660	44	36	22	28	22
AT5G06670	9	5	1	4	6
AT5G06680	1	3	0	2	1
AT5G06690	32	28	20	11	21
AT5G06700	47	62	32	42	54
AT5G06710	10	2	3	3	5
AT5G06720	1	0	4	1	2
AT5G06740	0	0	1	0	0
AT5G06750	7	2	5	6	5
AT5G06755	0	0	0	1	0
AT5G06760	0	0	0	0	1
AT5G06770	8	4	2	6	7
AT5G06780	10	7	6	6	12
AT5G06790	6	11	3	3	3
AT5G06800	1	0	1	1	2
AT5G06810	7	0	0	1	1
AT5G06820	0	3	0	1	0
AT5G06830	10	8	13	15	15
AT5G06850	2	3	0	2	5
AT5G06860	7	5	4	5	10
AT5G06865	8	5	6	6	11
AT5G06870	38	33	30	13	31
AT5G06910	8	15	12	8	16
AT5G06930	5	9	0	0	4
AT5G06940	1	0	0	0	1
AT5G06950	3	5	4	6	8
AT5G06960	16	9	6	12	18
AT5G06970	15	18	10	11	15
AT5G06980	12	13	18	13	20
AT5G06990	0	0	0	2	0
AT5G07000	6	6	1	1	1
AT5G07010	4	3	0	0	0
AT5G07020	214	192	73	65	94
AT5G07030	89	109	22	46	31
AT5G07060	0	1	0	1	7
AT5G07070	1	1	0	1	0
AT5G07080	3	4	2	2	3
AT5G07090	312	377	164	255	278
AT5G07100	2	0	4	4	2
AT5G07110	6	15	12	3	21
AT5G07120	10	16	13	10	20
AT5G07130	7	6	5	5	4
AT5G07140	1	0	0	0	3
AT5G07150	1	5	1	3	0
AT5G07170	0	0	1	0	0
AT5G07180	0	8	6	6	1
AT5G07220	15	12	12	19	14
AT5G07240	44	33	25	37	32
AT5G07250	10	8	8	12	14
AT5G07270	9	8	2	10	9
AT5G07280	1	2	0	1	3
AT5G07290	3	6	3	4	11
AT5G07300	12	26	18	19	25
AT5G07320	3	9	7	7	14
AT5G07322	0	3	2	0	3
AT5G07340	19	21	22	12	18
AT5G07350	27	34	33	39	59
AT5G07360	7	6	4	6	13
AT5G07370	15	25	26	42	32
AT5G07380	0	0	0	1	1
AT5G07390	0	0	0	1	0
AT5G07400	1	1	0	1	4
AT5G07440	30	19	24	22	28
AT5G07460	27	35	12	26	18
AT5G07470	60	52	72	55	67
AT5G07510	0	0	0	0	1
AT5G07520	0	0	0	0	1
AT5G07530	0	0	0	0	1
AT5G07550	0	1	0	0	0
AT5G07560	2	0	1	0	3
AT5G07570	0	0	0	0	1
AT5G07571	0	1	0	0	1
AT5G07572	0	1	0	0	1
AT5G07580	72	70	74	63	94
AT5G07590	13	9	9	5	9
AT5G07610	0	0	0	1	4
AT5G07620	0	1	1	1	0
AT5G07630	10	9	6	8	1
AT5G07640	0	3	0	0	0
AT5G07660	3	1	1	3	2
AT5G07670	2	7	5	4	4
AT5G07680	0	0	0	1	0
AT5G07690	9	17	11	5	10
AT5G07700	2	0	0	1	2
AT5G07710	8	3	3	2	5
AT5G07720	2	0	5	3	3
AT5G07730	3	2	4	3	10
AT5G07740	6	7	8	15	14
AT5G07760	1	1	0	0	1
AT5G07770	17	13	12	10	13
AT5G07790	7	2	6	14	6
AT5G07800	1	2	0	1	0
AT5G07810	4	2	2	2	2
AT5G07820	5	5	5	8	9
AT5G07830	11	15	6	15	20
AT5G07840	17	11	8	10	7
AT5G07842	18	12	8	12	10
AT5G07860	15	14	12	15	20
AT5G07870	16	19	12	18	10
AT5G07880	0	0	1	0	0
AT5G07890	4	6	0	12	7
AT5G07900	12	28	5	15	10
AT5G07910	12	16	16	10	22
AT5G07920	10	12	9	4	11
AT5G07940	16	6	7	10	7
AT5G07950	2	1	7	2	6
AT5G07960	38	40	49	36	75
AT5G07970	11	13	8	12	15
AT5G07980	12	8	6	5	2
AT5G07990	2	0	0	0	1
AT5G08000	28	50	36	30	43
AT5G08010	12	11	5	4	5
AT5G08020	3	8	2	7	3
AT5G08030	3	1	0	1	1
AT5G08040	66	82	54	74	99
AT5G08050	126	118	37	40	51
AT5G08060	114	89	85	112	126
AT5G08070	3	0	1	0	4
AT5G08080	25	18	16	21	29
AT5G08100	20	25	18	18	41
AT5G08110	1	2	0	5	2
AT5G08120	19	14	6	11	31
AT5G08130	16	29	19	14	34
AT5G08139	1	12	6	5	8
AT5G08141	0	0	0	0	1
AT5G08150	4	5	1	0	2
AT5G08160	22	21	21	16	28
AT5G08170	6	3	4	7	12
AT5G08180	65	90	54	50	57
AT5G08185	15	8	2	4	7
AT5G08190	3	9	8	16	13
AT5G08200	4	9	8	6	5
AT5G08210	0	2	0	1	0
AT5G08220	0	0	0	1	0
AT5G08230	6	10	3	5	5
AT5G08240	1	3	3	8	15
AT5G08260	70	73	37	51	57
AT5G08270	2	4	1	5	11
AT5G08280	346	336	101	133	154
AT5G08290	150	127	102	133	126
AT5G08300	52	64	45	47	75
AT5G08305	1	1	2	0	2
AT5G08310	1	0	0	0	0
AT5G08320	27	22	27	13	33
AT5G08330	76	74	29	38	49
AT5G08335	5	5	11	5	6
AT5G08340	6	5	4	3	6
AT5G08350	2	3	1	4	0
AT5G08360	0	1	1	0	1
AT5G08370	27	30	19	23	21
AT5G08380	34	18	13	23	28
AT5G08390	20	12	10	15	9
AT5G08391	0	1	0	0	2
AT5G08400	23	16	22	19	16
AT5G08410	108	102	55	44	44
AT5G08415	10	12	4	12	13
AT5G08420	37	51	31	44	44
AT5G08430	25	20	6	22	21
AT5G08440	9	5	1	15	6
AT5G08450	28	28	17	23	24
AT5G08470	22	16	16	10	22
AT5G08480	4	0	3	0	3
AT5G08490	0	0	1	0	0
AT5G08500	14	12	10	8	12
AT5G08510	0	2	2	4	1
AT5G08520	30	43	14	24	31
AT5G08530	126	128	79	108	114
AT5G08535	2	8	8	4	5
AT5G08540	45	51	19	27	33
AT5G08550	5	13	4	11	7
AT5G08560	12	12	19	18	17
AT5G08565	2	4	9	8	2
AT5G08570	66	76	74	89	87
AT5G08580	24	23	28	12	19
AT5G08590	41	41	34	39	38
AT5G08600	2	1	2	4	8
AT5G08610	35	36	10	16	27
AT5G08620	6	8	7	11	11
AT5G08630	6	6	7	1	3
AT5G08640	6	15	7	12	12
AT5G08650	59	81	45	61	49
AT5G08660	11	18	8	7	8
AT5G08670	138	171	116	134	140
AT5G08680	110	117	85	100	99
AT5G08690	218	260	132	222	237
AT5G08710	6	12	3	7	9
AT5G08720	7	18	10	12	12
AT5G08740	20	18	6	6	4
AT5G08750	11	6	4	14	9
AT5G08760	77	63	197	198	317
AT5G08770	2	0	4	9	3
AT5G08780	8	5	4	3	8
AT5G08790	15	10	14	17	27
AT5G09220	16	15	9	4	7
AT5G09225	22	21	41	51	62
AT5G09230	6	9	2	6	8
AT5G09240	20	32	15	9	23
AT5G09250	14	22	15	13	27
AT5G09260	9	9	1	2	5
AT5G09270	8	15	10	8	16
AT5G09290	0	2	3	13	9
AT5G09300	7	11	3	7	8
AT5G09310	16	18	13	16	20
AT5G09320	8	10	9	10	5
AT5G09330	21	19	22	21	22
AT5G09350	0	7	4	3	6
AT5G09360	0	0	0	0	2
AT5G09380	1	4	3	0	2
AT5G09390	13	16	23	15	19
AT5G09400	12	17	17	15	9
AT5G09410	14	28	5	11	15
AT5G09420	2	8	3	12	8
AT5G09440	8	5	7	10	19
AT5G09443	2	4	0	1	2
AT5G09445	0	1	0	0	0
AT5G09450	10	11	5	7	11
AT5G09460	15	13	22	13	30
AT5G09461	15	13	22	13	30
AT5G09462	15	13	22	13	30
AT5G09463	15	13	22	13	30
AT5G09470	0	1	1	0	1
AT5G09510	293	342	209	255	313
AT5G09530	1	1	0	0	1
AT5G09540	0	5	4	6	4
AT5G09570	1	0	3	3	4
AT5G09580	0	4	2	2	0
AT5G09585	2	13	14	20	10
AT5G09590	28	27	27	36	29
AT5G09600	48	49	23	30	40
AT5G09620	17	19	23	21	22
AT5G09630	3	6	2	2	3
AT5G09650	203	237	92	102	156
AT5G09660	301	294	179	213	276
AT5G09670	20	16	9	14	13
AT5G09672	20	17	10	14	13
AT5G09680	17	24	9	26	14
AT5G09690	0	1	0	2	1
AT5G09700	1	0	0	0	0
AT5G09710	0	1	2	0	1
AT5G09730	0	0	2	2	6
AT5G09740	26	10	7	15	22
AT5G09760	15	15	8	7	9
AT5G09770	35	33	38	37	47
AT5G09790	1	4	1	9	4
AT5G09800	1	1	1	0	0
AT5G09805	1	0	0	0	1
AT5G09810	242	314	204	239	300
AT5G09820	4	6	9	5	9
AT5G09830	39	35	26	46	19
AT5G09840	0	4	2	5	0
AT5G09850	15	23	22	19	27
AT5G09860	20	17	21	16	19
AT5G09870	57	52	28	50	50
AT5G09876	1	0	0	3	3
AT5G09880	24	16	26	22	33
AT5G09890	6	4	10	10	7
AT5G09900	35	43	31	38	67
AT5G09920	45	42	39	64	60
AT5G09950	2	0	0	2	4
AT5G09960	26	22	19	25	37
AT5G09976	1	0	4	1	0
AT5G09980	0	3	0	1	0
AT5G09990	4	2	3	2	4
AT5G09995	24	19	13	13	16
AT5G10010	17	17	20	35	33
AT5G10020	7	12	2	5	8
AT5G10030	3	5	3	5	3
AT5G10050	18	11	9	17	9
AT5G10060	20	22	32	29	34
AT5G10070	6	7	4	7	6
AT5G10080	1	3	0	1	2
AT5G10100	0	3	0	1	0
AT5G10110	10	9	0	8	6
AT5G10130	0	0	1	0	0
AT5G10140	3	1	0	4	2
AT5G10150	11	10	8	3	3
AT5G10160	37	39	16	11	27
AT5G10170	18	12	10	12	7
AT5G10180	25	25	10	15	22
AT5G10190	12	9	7	11	9
AT5G10200	3	6	1	3	4
AT5G10240	14	23	8	7	26
AT5G10250	5	1	2	0	1
AT5G10260	0	2	1	3	2
AT5G10270	18	16	6	5	17
AT5G10280	0	1	0	0	0
AT5G10290	10	14	4	8	16
AT5G10300	2	2	0	1	2
AT5G10310	14	2	4	3	2
AT5G10320	3	6	2	2	6
AT5G10330	11	20	1	8	7
AT5G10340	0	1	1	1	0
AT5G10350	49	37	22	39	47
AT5G10360	399	451	202	261	368
AT5G10370	7	5	11	4	9
AT5G10380	84	51	203	265	256
AT5G10390	55	84	57	41	70
AT5G10400	103	138	60	65	84
AT5G10410	1	0	2	0	2
AT5G10430	19	30	9	9	20
AT5G10440	1	1	6	0	1
AT5G10450	256	255	230	242	283
AT5G10460	21	11	16	19	18
AT5G10470	20	24	25	14	47
AT5G10480	50	82	53	61	90
AT5G10490	15	14	8	9	3
AT5G10510	0	0	1	1	0
AT5G10520	0	3	0	0	0
AT5G10530	0	2	0	1	1
AT5G10540	48	59	58	68	93
AT5G10550	5	2	2	8	6
AT5G10560	30	31	29	17	22
AT5G10570	3	0	0	2	0
AT5G10572	0	0	2	0	1
AT5G10600	4	1	4	3	8
AT5G10605	0	0	0	1	0
AT5G10610	8	11	6	11	9
AT5G10620	10	6	0	0	1
AT5G10630	15	8	7	12	26
AT5G10650	7	6	8	17	12
AT5G10680	0	1	1	2	1
AT5G10690	27	40	16	17	23
AT5G10695	19	14	36	60	63
AT5G10700	18	23	13	13	18
AT5G10710	8	7	4	4	14
AT5G10730	21	10	7	7	14
AT5G10740	3	5	1	4	11
AT5G10745	5	7	3	5	8
AT5G10750	5	10	15	5	14
AT5G10760	83	59	111	123	115
AT5G10770	1	2	7	6	4
AT5G10780	43	41	55	76	78
AT5G10790	10	16	6	12	8
AT5G10800	3	1	0	1	3
AT5G10810	30	32	46	24	52
AT5G10820	5	1	1	3	2
AT5G10830	4	1	0	1	5
AT5G10840	29	63	38	41	55
AT5G10860	218	233	223	238	273
AT5G10870	4	8	11	7	8
AT5G10890	0	0	0	1	1
AT5G10900	3	2	3	5	10
AT5G10910	17	22	14	18	17
AT5G10920	30	53	27	24	27
AT5G10930	4	4	6	5	4
AT5G10940	11	9	9	8	8
AT5G10946	2	1	1	2	2
AT5G10950	15	18	8	10	17
AT5G10960	27	42	26	24	31
AT5G10970	1	1	0	0	2
AT5G10980	195	241	193	185	230
AT5G10990	1	0	0	0	0
AT5G11000	10	5	8	6	8
AT5G11010	6	7	3	3	7
AT5G11020	2	2	2	4	1
AT5G11030	4	3	14	7	8
AT5G11040	12	16	7	15	15
AT5G11060	55	39	42	42	52
AT5G11070	48	33	41	42	67
AT5G11090	12	9	7	22	26
AT5G11110	2	2	1	2	6
AT5G11150	26	16	11	10	10
AT5G11160	5	14	4	6	8
AT5G11170	72	82	59	74	80
AT5G11190	3	1	0	0	2
AT5G11200	74	104	45	59	92
AT5G11210	0	0	0	1	0
AT5G11230	1	0	0	0	1
AT5G11240	7	4	6	10	8
AT5G11250	2	1	1	1	2
AT5G11260	1	6	10	3	2
AT5G11270	19	40	13	15	13
AT5G11280	37	36	22	19	25
AT5G11300	1	1	4	2	4
AT5G11310	4	1	0	4	4
AT5G11320	0	1	1	0	0
AT5G11330	29	32	37	19	38
AT5G11340	29	22	26	32	34
AT5G11350	4	2	1	3	4
AT5G11360	0	1	0	1	0
AT5G11380	2	9	0	10	12
AT5G11390	7	2	8	8	2
AT5G11410	0	3	9	12	1
AT5G11420	183	206	103	90	115
AT5G11430	10	10	20	12	16
AT5G11450	114	109	49	54	70
AT5G11460	5	1	1	3	0
AT5G11470	2	0	1	2	0
AT5G11480	68	84	29	28	25
AT5G11490	36	38	35	31	60
AT5G11500	106	99	116	145	135
AT5G11510	8	1	2	4	7
AT5G11520	56	46	45	43	55
AT5G11530	2	5	3	0	3
AT5G11540	3	0	1	0	1
AT5G11550	17	18	4	2	8
AT5G11560	76	61	40	55	53
AT5G11580	34	41	34	41	53
AT5G11590	1	1	1	0	2
AT5G11600	5	7	2	3	5
AT5G11610	6	4	16	8	10
AT5G11620	0	0	1	0	1
AT5G11630	14	25	21	23	18
AT5G11640	13	4	12	5	10
AT5G11650	8	8	7	12	3
AT5G11670	111	129	153	205	204
AT5G11680	23	27	25	40	38
AT5G11690	5	12	4	6	14
AT5G11700	36	28	13	6	11
AT5G11710	33	30	12	10	28
AT5G11720	21	15	12	23	23
AT5G11730	8	6	5	10	9
AT5G11740	965	932	750	823	1282
AT5G11750	20	31	15	19	20
AT5G11760	11	12	25	21	21
AT5G11770	86	85	65	88	81
AT5G11780	0	2	1	3	3
AT5G11790	40	44	21	30	39
AT5G11800	4	10	2	2	0
AT5G11810	17	34	20	10	20
AT5G11840	10	18	14	17	11
AT5G11850	12	9	6	2	17
AT5G11860	15	15	8	12	24
AT5G11870	0	1	0	2	1
AT5G11880	97	68	54	31	57
AT5G11890	28	25	8	23	13
AT5G11900	17	15	10	20	14
AT5G11910	11	19	9	9	19
AT5G11920	2	0	1	4	4
AT5G11930	1	2	1	0	2
AT5G11950	28	24	16	15	34
AT5G11960	29	9	12	16	33
AT5G11970	14	20	12	22	22
AT5G11980	13	6	5	12	17
AT5G11990	4	3	0	0	0
AT5G12010	11	6	16	15	16
AT5G12020	0	0	1	4	6
AT5G12030	0	0	6	7	13
AT5G12040	49	46	18	24	29
AT5G12050	13	7	3	3	2
AT5G12080	18	19	15	9	14
AT5G12100	4	2	4	3	8
AT5G12110	18	24	10	21	13
AT5G12120	44	48	20	44	34
AT5G12130	28	43	25	24	36
AT5G12140	226	238	181	231	310
AT5G12150	56	67	71	66	93
AT5G12170	11	7	4	6	9
AT5G12190	13	20	32	33	27
AT5G12200	12	23	9	27	25
AT5G12210	21	18	14	31	27
AT5G12220	7	3	7	12	6
AT5G12230	2	6	11	8	5
AT5G12235	0	0	1	0	0
AT5G12240	18	19	19	15	35
AT5G12250	156	141	71	69	87
AT5G12260	5	18	1	7	10
AT5G12270	0	1	0	0	1
AT5G12290	9	5	5	7	16
AT5G12300	3	5	3	0	0
AT5G12310	32	27	23	29	38
AT5G12320	19	14	14	18	17
AT5G12330	1	0	4	0	0
AT5G12350	8	24	15	13	11
AT5G12360	0	1	0	0	3
AT5G12370	38	30	19	29	37
AT5G12390	13	17	13	19	19
AT5G12400	18	14	10	7	9
AT5G12410	13	34	24	28	29
AT5G12420	5	0	4	2	6
AT5G12430	9	5	14	18	13
AT5G12440	20	30	26	27	24
AT5G12470	45	51	20	23	31
AT5G12480	14	14	15	26	27
AT5G12840	18	8	9	7	10
AT5G12850	18	20	15	29	24
AT5G12860	233	328	69	66	91
AT5G12870	2	0	1	0	0
AT5G12880	0	0	0	3	1
AT5G12890	15	11	14	17	18
AT5G12900	10	14	4	8	9
AT5G12920	0	0	1	3	0
AT5G12930	7	5	3	1	5
AT5G12940	32	35	11	17	14
AT5G12950	69	64	80	59	81
AT5G12960	0	0	1	0	0
AT5G12970	1	2	2	1	0
AT5G12980	6	12	10	11	23
AT5G13000	32	39	20	32	32
AT5G13010	10	20	16	18	17
AT5G13020	20	20	11	9	4
AT5G13030	42	43	19	29	30
AT5G13050	18	18	21	22	26
AT5G13060	2	4	2	8	7
AT5G13070	21	33	11	27	15
AT5G13080	0	0	1	0	1
AT5G13090	6	8	5	4	4
AT5G13100	27	20	12	16	14
AT5G13110	9	10	7	9	6
AT5G13120	100	126	20	31	36
AT5G13130	7	4	3	2	9
AT5G13140	31	48	27	40	46
AT5G13160	9	9	8	9	3
AT5G13180	73	55	86	80	125
AT5G13190	20	17	35	25	47
AT5G13200	9	8	7	9	15
AT5G13210	1	0	0	0	3
AT5G13220	1	4	1	3	5
AT5G13225	2	0	1	0	2
AT5G13240	33	47	29	34	30
AT5G13250	0	1	2	0	0
AT5G13260	36	39	27	23	30
AT5G13270	6	4	1	3	6
AT5G13280	23	18	14	13	19
AT5G13290	4	18	2	10	3
AT5G13300	27	28	12	19	18
AT5G13310	6	6	5	9	5
AT5G13320	3	3	5	6	6
AT5G13330	0	1	0	1	3
AT5G13340	3	0	0	2	1
AT5G13360	4	2	3	0	1
AT5G13370	0	0	5	5	5
AT5G13380	0	0	0	1	1
AT5G13390	23	15	16	18	22
AT5G13400	9	18	2	13	31
AT5G13410	23	34	6	8	13
AT5G13420	39	36	29	18	33
AT5G13430	70	90	75	78	86
AT5G13440	96	102	60	99	104
AT5G13450	176	128	141	128	165
AT5G13460	7	10	7	5	17
AT5G13470	4	6	10	9	9
AT5G13480	11	13	6	15	19
AT5G13490	7	5	4	1	9
AT5G13500	7	10	12	6	11
AT5G13510	377	353	123	134	227
AT5G13520	44	43	20	39	33
AT5G13530	8	8	7	6	11
AT5G13550	7	3	4	5	4
AT5G13560	21	28	33	30	37
AT5G13570	14	8	10	13	4
AT5G13590	11	10	6	10	9
AT5G13610	11	6	12	12	18
AT5G13630	565	645	151	169	252
AT5G13640	30	34	28	21	26
AT5G13650	141	156	82	81	98
AT5G13660	0	1	1	1	2
AT5G13670	0	1	0	0	0
AT5G13680	13	9	13	14	14
AT5G13690	15	18	11	10	20
AT5G13700	15	15	4	12	19
AT5G13710	71	85	47	50	47
AT5G13720	23	19	3	4	11
AT5G13730	15	21	16	19	15
AT5G13740	55	52	10	9	14
AT5G13750	11	7	5	5	7
AT5G13760	1	8	5	4	7
AT5G13770	43	40	13	25	27
AT5G13780	67	89	63	88	127
AT5G13800	28	25	9	15	10
AT5G13810	25	12	20	14	26
AT5G13820	0	2	0	3	3
AT5G13830	0	0	0	0	1
AT5G13840	14	15	7	8	11
AT5G13850	112	125	78	83	110
AT5G13860	2	1	0	6	6
AT5G13870	6	3	4	7	5
AT5G13880	0	0	3	5	0
AT5G13890	6	18	10	9	11
AT5G13920	2	0	0	0	1
AT5G13930	43	59	42	46	76
AT5G13940	0	0	1	0	0
AT5G13950	18	32	20	22	19
AT5G13960	7	12	3	11	11
AT5G13970	13	14	10	16	22
AT5G13980	63	54	25	31	55
AT5G14000	0	0	1	0	1
AT5G14030	128	164	102	118	151
AT5G14040	163	175	92	112	142
AT5G14050	22	21	33	21	26
AT5G14060	117	155	23	40	44
AT5G14080	2	2	1	0	2
AT5G14090	1	1	3	0	0
AT5G14100	11	11	4	2	2
AT5G14105	8	15	23	31	27
AT5G14110	0	0	1	0	0
AT5G14120	71	70	30	25	38
AT5G14140	4	5	7	8	4
AT5G14170	25	24	17	22	18
AT5G14200	72	64	26	41	46
AT5G14210	12	22	16	8	19
AT5G14220	16	20	9	22	13
AT5G14230	7	7	2	6	3
AT5G14240	31	38	17	29	32
AT5G14250	16	19	17	13	17
AT5G14260	72	80	23	37	57
AT5G14270	19	28	21	12	20
AT5G14280	7	6	1	9	8
AT5G14310	3	3	8	7	8
AT5G14320	542	560	179	182	267
AT5G14330	6	6	6	3	4
AT5G14350	1	2	0	4	6
AT5G14360	1	3	3	0	2
AT5G14370	44	42	28	28	31
AT5G14380	0	1	0	0	0
AT5G14390	8	15	8	21	7
AT5G14400	0	0	2	0	0
AT5G14410	8	8	11	15	7
AT5G14420	15	11	10	7	12
AT5G14430	45	47	30	53	43
AT5G14440	20	31	36	27	39
AT5G14450	10	14	4	6	9
AT5G14460	22	16	10	17	9
AT5G14470	0	1	0	0	4
AT5G14480	6	1	2	6	5
AT5G14490	0	0	0	1	0
AT5G14500	5	8	1	4	5
AT5G14510	1	4	3	3	2
AT5G14520	18	18	17	22	29
AT5G14530	7	5	4	6	9
AT5G14540	21	31	27	25	39
AT5G14550	20	18	12	33	25
AT5G14565	9	13	10	6	12
AT5G14570	10	13	10	6	12
AT5G14580	3	9	6	3	7
AT5G14590	12	24	9	17	29
AT5G14600	7	11	8	6	13
AT5G14610	8	8	10	6	16
AT5G14620	8	10	5	5	4
AT5G14640	9	19	15	5	8
AT5G14650	0	0	1	3	2
AT5G14660	44	58	18	20	25
AT5G14680	15	6	14	16	21
AT5G14690	0	3	0	2	0
AT5G14700	11	5	4	5	13
AT5G14710	12	7	15	13	17
AT5G14720	23	30	28	20	35
AT5G14730	0	0	2	0	2
AT5G14740	777	743	440	482	630
AT5G14760	7	3	4	6	1
AT5G14770	0	1	0	1	0
AT5G14780	81	76	42	48	72
AT5G14790	13	16	7	11	6
AT5G14800	45	74	66	48	77
AT5G14820	1	0	0	0	2
AT5G14850	6	8	9	11	10
AT5G14880	4	2	7	10	3
AT5G14890	2	1	0	3	2
AT5G14910	167	202	86	87	118
AT5G14920	254	258	117	147	136
AT5G14930	6	8	12	15	14
AT5G14940	1	0	1	1	3
AT5G14950	17	13	9	11	11
AT5G14960	0	2	1	1	1
AT5G14970	81	76	17	32	38
AT5G15010	1	2	3	1	0
AT5G15020	15	12	4	7	4
AT5G15022	9	12	10	9	16
AT5G15030	4	3	4	11	9
AT5G15050	10	9	10	7	13
AT5G15070	1	2	4	0	1
AT5G15080	9	11	26	23	17
AT5G15090	132	128	77	108	144
AT5G15120	0	2	0	0	5
AT5G15130	0	0	0	1	0
AT5G15150	3	1	0	4	0
AT5G15160	12	5	3	2	4
AT5G15170	10	2	3	5	9
AT5G15190	1	1	2	0	1
AT5G15200	824	939	429	508	662
AT5G15210	7	12	7	5	13
AT5G15220	22	43	21	30	15
AT5G15230	193	227	160	169	171
AT5G15240	1	1	5	1	5
AT5G15254	0	0	0	0	1
AT5G15260	5	2	1	7	2
AT5G15265	0	1	0	0	0
AT5G15270	5	4	16	6	25
AT5G15280	5	2	7	3	9
AT5G15300	0	0	0	1	2
AT5G15310	10	20	7	10	5
AT5G15320	74	92	96	100	125
AT5G15330	3	10	7	7	8
AT5G15340	0	0	0	1	0
AT5G15350	89	81	50	60	90
AT5G15390	22	12	3	7	9
AT5G15400	7	11	14	13	16
AT5G15410	36	39	38	47	43
AT5G15430	2	3	0	0	0
AT5G15440	20	15	9	24	19
AT5G15450	22	27	6	19	23
AT5G15460	8	15	8	10	11
AT5G15470	15	5	8	11	10
AT5G15490	32	30	32	31	33
AT5G15500	1	0	0	1	0
AT5G15510	7	5	10	1	10
AT5G15520	19	25	16	20	27
AT5G15530	23	15	8	9	14
AT5G15540	0	3	4	2	2
AT5G15550	13	15	24	21	26
AT5G15570	10	6	8	6	17
AT5G15580	39	25	18	11	14
AT5G15581	2	0	0	0	1
AT5G15600	3	7	3	0	2
AT5G15610	29	23	23	41	30
AT5G15630	2	4	0	0	0
AT5G15640	16	14	13	9	16
AT5G15650	85	87	82	78	85
AT5G15680	7	13	7	7	8
AT5G15700	5	6	4	6	9
AT5G15710	7	0	7	2	7
AT5G15720	3	0	0	0	0
AT5G15730	7	2	7	12	8
AT5G15740	20	15	8	10	17
AT5G15750	18	25	31	51	44
AT5G15760	5	12	8	4	5
AT5G15770	6	7	9	8	2
AT5G15780	121	99	35	34	56
AT5G15790	8	4	1	5	3
AT5G15800	2	7	2	3	5
AT5G15802	35	24	12	27	28
AT5G15810	12	17	7	17	12
AT5G15820	5	1	0	4	1
AT5G15830	1	2	1	1	1
AT5G15840	2	2	3	2	2
AT5G15845	6	6	8	23	14
AT5G15850	6	5	8	23	13
AT5G15860	13	8	8	11	9
AT5G15870	6	2	6	6	5
AT5G15880	15	13	8	6	2
AT5G15900	0	0	1	1	0
AT5G15910	3	14	9	9	9
AT5G15920	1	6	8	4	5
AT5G15930	12	5	9	9	11
AT5G15940	0	0	0	0	1
AT5G15948	4	8	5	13	23
AT5G15950	4	8	5	13	23
AT5G15960	7	3	1	2	2
AT5G15970	337	290	142	118	137
AT5G15980	9	9	7	7	16
AT5G16000	18	26	3	5	6
AT5G16010	64	66	39	33	51
AT5G16030	112	82	43	49	71
AT5G16040	7	19	14	12	13
AT5G16050	48	59	61	74	115
AT5G16060	36	31	30	25	35
AT5G16070	21	24	9	20	18
AT5G16080	1	1	0	0	2
AT5G16110	43	46	50	45	49
AT5G16120	23	12	13	15	14
AT5G16130	257	373	195	253	323
AT5G16140	4	13	8	11	9
AT5G16150	149	169	55	59	60
AT5G16160	5	0	2	4	1
AT5G16170	2	1	0	3	0
AT5G16180	6	4	4	3	10
AT5G16190	2	14	4	1	6
AT5G16200	0	0	2	4	11
AT5G16210	12	15	4	15	16
AT5G16220	18	16	16	16	13
AT5G16230	7	5	2	2	0
AT5G16235	2	0	0	0	0
AT5G16240	17	12	4	13	13
AT5G16250	43	45	21	25	40
AT5G16260	9	15	8	12	17
AT5G16270	31	33	41	17	31
AT5G16280	9	20	11	28	30
AT5G16290	22	27	25	12	17
AT5G16300	15	12	8	22	10
AT5G16310	3	4	2	11	8
AT5G16320	2	9	3	4	8
AT5G16340	0	1	1	0	0
AT5G16350	2	1	0	1	1
AT5G16360	0	0	1	3	0
AT5G16370	4	7	9	14	15
AT5G16380	7	1	3	4	2
AT5G16390	84	80	25	34	56
AT5G16400	182	178	38	43	54
AT5G16410	2	0	1	0	0
AT5G16420	0	0	0	0	1
AT5G16440	35	33	26	30	21
AT5G16450	15	13	9	11	16
AT5G16470	118	138	126	143	163
AT5G16480	2	6	7	7	5
AT5G16490	3	2	3	3	2
AT5G16510	9	7	4	8	7
AT5G16520	5	5	7	6	5
AT5G16540	13	33	21	29	24
AT5G16550	20	11	14	12	14
AT5G16560	7	5	1	7	4
AT5G16570	14	10	7	10	13
AT5G16580	1	0	0	0	0
AT5G16590	7	11	5	7	9
AT5G16600	0	1	0	0	0
AT5G16610	6	6	5	4	13
AT5G16620	49	45	31	20	35
AT5G16630	10	10	10	3	10
AT5G16640	2	1	1	4	0
AT5G16650	39	43	22	41	65
AT5G16660	68	86	28	35	47
AT5G16680	8	13	10	10	9
AT5G16690	0	7	3	5	2
AT5G16710	137	122	54	72	67
AT5G16715	19	23	11	14	25
AT5G16720	6	9	2	3	6
AT5G16730	17	10	5	13	10
AT5G16750	12	8	8	8	24
AT5G16760	21	21	27	21	27
AT5G16780	24	25	22	21	20
AT5G16790	2	6	3	1	2
AT5G16800	25	9	8	11	21
AT5G16810	20	16	6	9	7
AT5G16820	2	9	6	5	8
AT5G16830	20	25	14	9	17
AT5G16840	28	25	22	33	26
AT5G16850	0	1	2	0	0
AT5G16860	0	0	0	0	1
AT5G16870	1	2	2	2	5
AT5G16880	25	27	27	31	37
AT5G16890	6	8	5	7	4
AT5G16910	9	6	13	9	12
AT5G16920	1	1	0	0	0
AT5G16930	12	11	10	6	10
AT5G16940	12	11	9	4	6
AT5G16950	6	12	3	9	13
AT5G16960	0	1	0	0	0
AT5G16970	28	34	36	42	64
AT5G16980	0	0	1	1	1
AT5G16990	15	17	18	13	19
AT5G17000	3	4	9	10	11
AT5G17010	11	12	6	9	12
AT5G17020	5	21	13	22	20
AT5G17050	9	4	5	6	10
AT5G17060	6	4	5	17	8
AT5G17070	14	18	13	9	15
AT5G17150	2	0	1	0	1
AT5G17160	13	11	9	6	7
AT5G17165	3	0	0	0	1
AT5G17170	63	51	63	73	103
AT5G17190	48	45	63	78	95
AT5G17210	3	1	0	1	1
AT5G17220	2	5	2	1	1
AT5G17230	62	64	20	26	27
AT5G17240	4	5	8	6	7
AT5G17250	4	1	1	1	4
AT5G17260	0	1	1	0	0
AT5G17270	1	5	9	7	7
AT5G17280	27	17	15	21	18
AT5G17290	9	13	9	15	14
AT5G17300	4	7	0	1	8
AT5G17310	12	15	16	15	28
AT5G17330	0	2	0	1	5
AT5G17350	0	0	3	4	5
AT5G17360	1	0	4	3	3
AT5G17370	5	6	1	3	5
AT5G17380	23	18	12	19	21
AT5G17400	10	11	4	13	11
AT5G17410	9	8	15	13	12
AT5G17420	4	9	2	3	5
AT5G17440	7	14	8	12	11
AT5G17450	5	3	6	4	9
AT5G17460	16	6	11	8	7
AT5G17490	2	1	0	0	0
AT5G17510	16	21	13	13	15
AT5G17520	18	15	8	11	11
AT5G17530	27	26	25	35	39
AT5G17540	3	0	3	4	3
AT5G17550	14	16	21	15	22
AT5G17560	108	72	29	35	61
AT5G17570	0	1	1	0	0
AT5G17580	5	0	0	2	1
AT5G17600	0	6	7	5	10
AT5G17610	23	23	17	17	33
AT5G17620	21	14	9	28	14
AT5G17630	26	29	7	5	18
AT5G17640	16	10	7	16	6
AT5G17650	6	1	5	7	10
AT5G17660	10	12	8	7	10
AT5G17670	52	49	27	37	44
AT5G17680	3	0	0	0	1
AT5G17690	8	8	8	14	10
AT5G17700	8	8	21	9	11
AT5G17710	87	92	27	37	62
AT5G17760	18	10	13	29	22
AT5G17770	105	134	56	79	94
AT5G17780	1	1	2	1	1
AT5G17790	7	10	4	0	1
AT5G17800	2	2	0	1	0
AT5G17810	0	0	0	3	0
AT5G17830	2	0	0	0	1
AT5G17840	21	34	21	19	16
AT5G17850	0	0	1	0	1
AT5G17860	0	1	3	5	0
AT5G17870	564	545	348	332	431
AT5G17880	7	6	6	11	11
AT5G17890	19	9	19	11	22
AT5G17900	19	19	8	9	15
AT5G17910	13	8	5	4	10
AT5G17920	948	1013	699	896	1066
AT5G17930	23	14	8	10	21
AT5G17980	1	0	0	0	0
AT5G17990	28	42	22	32	23
AT5G18010	4	3	1	1	2
AT5G18020	33	26	15	9	8
AT5G18030	20	17	5	6	11
AT5G18040	10	4	3	3	9
AT5G18050	15	16	1	4	5
AT5G18060	7	8	1	5	7
AT5G18065	3	4	2	5	0
AT5G18070	5	6	2	6	4
AT5G18080	22	15	6	15	6
AT5G18100	26	30	17	26	14
AT5G18110	31	55	40	59	70
AT5G18120	18	7	8	12	14
AT5G18130	10	3	5	6	6
AT5G18140	26	14	14	28	38
AT5G18150	3	3	7	5	11
AT5G18170	38	34	12	21	17
AT5G18190	8	18	15	15	17
AT5G18200	10	4	8	9	9
AT5G18210	12	9	3	10	3
AT5G18220	0	1	0	0	0
AT5G18230	54	42	26	33	55
AT5G18240	5	9	4	16	13
AT5G18245	5	13	4	23	15
AT5G18250	12	10	13	19	18
AT5G18255	21	23	29	22	49
AT5G18260	16	9	10	13	24
AT5G18270	0	0	1	5	4
AT5G18280	18	17	7	13	5
AT5G18290	1	2	1	1	0
AT5G18310	8	3	26	24	14
AT5G18320	2	0	1	0	0
AT5G18360	0	0	2	0	0
AT5G18362	2	2	1	2	1
AT5G18380	462	585	284	303	395
AT5G18390	5	3	5	3	4
AT5G18400	22	29	20	21	25
AT5G18404	0	0	0	1	2
AT5G18410	22	31	26	19	17
AT5G18420	10	12	15	12	18
AT5G18430	6	3	6	4	2
AT5G18440	3	13	8	13	11
AT5G18460	7	11	4	14	9
AT5G18470	12	10	19	16	34
AT5G18475	1	1	0	1	4
AT5G18480	33	28	28	29	18
AT5G18490	2	4	11	7	7
AT5G18500	44	45	23	32	25
AT5G18520	48	48	35	36	59
AT5G18525	4	11	3	9	10
AT5G18540	13	9	12	17	12
AT5G18550	6	26	9	17	20
AT5G18570	13	36	10	8	17
AT5G18580	22	39	29	35	24
AT5G18590	23	20	12	22	23
AT5G18600	64	77	38	61	67
AT5G18610	5	1	2	5	10
AT5G18620	15	31	15	15	20
AT5G18630	15	11	8	32	12
AT5G18640	23	17	9	10	9
AT5G18650	12	13	17	30	15
AT5G18660	107	112	33	37	29
AT5G18670	23	15	13	6	12
AT5G18680	25	25	23	12	23
AT5G18690	14	20	9	13	16
AT5G18700	10	23	10	8	18
AT5G18720	0	0	0	0	1
AT5G18730	0	0	2	0	1
AT5G18750	8	2	4	3	11
AT5G18760	23	18	10	21	12
AT5G18770	3	7	3	8	8
AT5G18780	2	2	2	5	2
AT5G18790	34	42	51	44	52
AT5G18800	102	118	84	94	107
AT5G18810	1	0	0	0	2
AT5G18820	4	2	0	1	5
AT5G18830	5	7	9	10	18
AT5G18850	6	10	5	10	6
AT5G18860	1	6	0	2	4
AT5G18900	16	12	9	17	17
AT5G18920	4	6	2	3	1
AT5G18930	5	3	0	1	1
AT5G18940	23	16	14	17	37
AT5G18950	1	2	0	4	1
AT5G18960	1	0	0	0	0
AT5G18970	15	18	11	9	16
AT5G18980	4	4	4	0	5
AT5G19000	17	18	19	12	8
AT5G19010	44	43	35	42	50
AT5G19020	0	1	2	1	0
AT5G19025	1	0	0	1	1
AT5G19030	6	7	3	5	7
AT5G19040	0	0	0	0	1
AT5G19050	13	15	16	7	13
AT5G19060	3	1	0	0	1
AT5G19070	6	7	5	14	7
AT5G19080	3	6	4	7	6
AT5G19090	12	16	7	10	19
AT5G19110	2	2	0	0	0
AT5G19120	45	46	33	28	14
AT5G19130	10	13	5	4	6
AT5G19140	421	375	207	245	252
AT5G19150	430	395	214	258	267
AT5G19151	9	5	2	8	5
AT5G19160	1	3	3	4	1
AT5G19170	4	7	1	6	3
AT5G19180	27	30	25	27	30
AT5G19190	56	68	83	61	68
AT5G19200	2	4	2	6	4
AT5G19210	5	6	6	6	3
AT5G19220	115	138	28	28	51
AT5G19221	9	13	6	0	4
AT5G19230	0	2	2	1	1
AT5G19240	26	42	82	77	102
AT5G19250	287	232	235	198	306
AT5G19260	5	7	8	5	8
AT5G19280	7	2	4	2	9
AT5G19290	86	103	39	38	55
AT5G19300	8	7	8	4	12
AT5G19310	5	6	3	1	7
AT5G19320	6	10	3	10	8
AT5G19330	41	30	29	43	47
AT5G19340	7	11	5	3	7
AT5G19350	17	19	46	53	41
AT5G19370	64	51	30	15	33
AT5G19380	1	2	1	3	3
AT5G19390	17	14	13	19	15
AT5G19400	25	21	24	35	41
AT5G19420	4	5	0	4	2
AT5G19430	10	7	11	19	15
AT5G19440	47	34	48	39	62
AT5G19450	12	15	13	16	15
AT5G19460	12	15	2	7	13
AT5G19480	5	9	4	10	10
AT5G19485	13	11	12	13	13
AT5G19490	0	0	0	0	1
AT5G19500	341	323	270	338	386
AT5G19510	499	496	390	466	600
AT5G19530	16	16	3	13	15
AT5G19540	92	76	67	53	77
AT5G19550	29	33	40	67	64
AT5G19570	9	3	5	13	6
AT5G19580	6	0	3	1	4
AT5G19590	96	91	80	110	143
AT5G19600	1	0	0	1	1
AT5G19620	19	12	5	8	12
AT5G19630	10	6	12	10	11
AT5G19650	0	0	0	1	2
AT5G19660	9	7	6	3	6
AT5G19670	8	3	4	2	4
AT5G19680	12	14	7	8	29
AT5G19690	54	73	39	49	44
AT5G19730	3	4	2	1	1
AT5G19740	3	11	3	8	13
AT5G19750	40	51	20	26	29
AT5G19760	131	117	60	117	103
AT5G19770	154	135	79	110	87
AT5G19780	183	162	110	113	145
AT5G19790	0	1	0	0	0
AT5G19810	0	2	0	0	3
AT5G19820	39	46	31	47	56
AT5G19830	4	1	1	0	2
AT5G19840	2	1	0	2	3
AT5G19850	14	17	8	12	12
AT5G19855	26	25	15	17	16
AT5G19860	95	83	46	75	117
AT5G19870	0	0	0	0	1
AT5G19875	7	1	2	3	5
AT5G19880	0	0	2	0	1
AT5G19900	5	15	10	14	9
AT5G19910	6	5	3	14	13
AT5G19920	4	5	3	2	3
AT5G19930	12	15	6	19	13
AT5G19940	560	533	125	125	180
AT5G19950	14	14	3	5	13
AT5G19960	5	9	8	10	9
AT5G19980	27	11	15	17	14
AT5G19990	50	85	53	57	65
AT5G20000	25	26	39	44	51
AT5G20010	199	224	205	239	300
AT5G20020	84	95	70	91	141
AT5G20030	2	2	1	1	0
AT5G20040	30	40	20	16	29
AT5G20050	7	2	12	3	8
AT5G20060	65	87	45	50	58
AT5G20070	15	19	11	31	23
AT5G20080	69	70	53	53	47
AT5G20090	112	86	98	87	97
AT5G20110	15	7	7	11	7
AT5G20120	3	8	1	4	9
AT5G20130	41	52	35	47	29
AT5G20140	30	34	8	10	25
AT5G20150	13	5	20	9	29
AT5G20160	109	164	186	172	249
AT5G20165	22	44	19	24	37
AT5G20170	7	10	4	8	5
AT5G20180	17	27	23	22	30
AT5G20190	61	49	43	43	53
AT5G20200	8	15	11	8	6
AT5G20220	7	12	11	8	7
AT5G20225	4	9	6	3	4
AT5G20230	49	16	85	78	87
AT5G20240	0	2	3	1	1
AT5G20250	46	63	27	25	37
AT5G20270	27	35	17	22	31
AT5G20280	55	52	75	63	100
AT5G20290	983	1257	633	739	917
AT5G20300	13	15	7	15	5
AT5G20320	11	9	5	5	9
AT5G20350	31	23	23	29	40
AT5G20360	2	5	1	4	9
AT5G20380	15	9	4	2	6
AT5G20400	5	4	5	11	3
AT5G20410	1	9	7	2	2
AT5G20450	4	6	6	7	5
AT5G20480	2	10	3	5	6
AT5G20490	23	19	13	22	11
AT5G20500	187	165	117	143	185
AT5G20510	3	8	8	0	7
AT5G20520	17	13	15	20	18
AT5G20540	1	3	1	0	0
AT5G20570	32	63	54	56	78
AT5G20580	9	8	7	6	9
AT5G20590	10	8	5	6	16
AT5G20600	23	13	3	15	15
AT5G20610	13	11	15	9	12
AT5G20620	31	43	39	36	39
AT5G20630	1234	1224	808	842	1135
AT5G20635	4	6	1	3	4
AT5G20640	2	1	2	1	0
AT5G20650	114	122	73	100	125
AT5G20660	36	30	22	28	24
AT5G20670	5	9	2	11	8
AT5G20680	11	6	7	3	9
AT5G20700	31	21	32	19	29
AT5G20710	0	0	2	1	0
AT5G20720	562	580	220	245	342
AT5G20730	19	12	14	17	19
AT5G20740	34	54	9	18	24
AT5G20790	0	0	0	1	2
AT5G20810	0	0	0	0	1
AT5G20820	2	4	2	2	6
AT5G20830	9	12	31	33	45
AT5G20840	13	22	15	16	24
AT5G20850	4	1	1	1	0
AT5G20870	2	0	0	2	0
AT5G20885	5	11	7	6	12
AT5G20890	76	94	65	86	66
AT5G20900	89	94	116	97	128
AT5G20910	15	13	17	17	13
AT5G20920	48	35	37	49	60
AT5G20930	5	3	3	12	7
AT5G20935	33	25	10	16	15
AT5G20940	1	0	1	0	0
AT5G20950	77	96	49	68	74
AT5G20960	3	3	5	7	8
AT5G20970	1	1	0	1	2
AT5G20980	12	8	2	8	7
AT5G20990	24	14	22	28	47
AT5G21010	10	13	9	8	8
AT5G21020	143	96	142	191	214
AT5G21040	15	13	9	20	18
AT5G21050	0	2	0	0	3
AT5G21060	8	16	7	4	8
AT5G21070	36	29	20	21	21
AT5G21090	191	221	168	207	235
AT5G21100	20	20	10	10	15
AT5G21105	27	22	19	15	21
AT5G21140	1	3	0	2	1
AT5G21150	0	0	1	0	0
AT5G21160	29	25	17	26	30
AT5G21170	48	39	27	37	23
AT5G21222	12	17	10	17	22
AT5G21274	62	57	59	53	73
AT5G21326	20	20	26	41	28
AT5G21430	65	57	22	25	19
AT5G21482	5	12	7	4	7
AT5G21900	3	0	1	5	12
AT5G21910	157	147	72	76	90
AT5G21920	155	159	70	77	95
AT5G21930	28	24	17	22	23
AT5G21940	27	9	31	19	11
AT5G21950	5	1	0	0	2
AT5G21960	0	0	1	0	3
AT5G21970	2	3	5	5	6
AT5G21990	16	23	14	22	14
AT5G22000	35	35	39	54	46
AT5G22010	11	6	5	7	1
AT5G22020	9	12	14	19	9
AT5G22030	10	8	6	9	4
AT5G22040	6	15	5	6	9
AT5G22050	17	14	10	22	16
AT5G22060	37	41	55	69	45
AT5G22070	18	8	11	15	15
AT5G22080	29	25	19	33	32
AT5G22090	24	30	34	27	34
AT5G22100	10	21	9	13	19
AT5G22110	2	2	1	1	6
AT5G22120	17	8	11	19	6
AT5G22130	2	4	8	4	5
AT5G22140	4	3	1	4	3
AT5G22150	0	0	0	0	1
AT5G22210	23	26	44	25	39
AT5G22220	8	7	4	9	4
AT5G22250	3	2	5	4	10
AT5G22270	30	18	16	20	24
AT5G22280	17	18	38	22	45
AT5G22290	7	6	7	10	8
AT5G22300	7	4	7	11	6
AT5G22310	2	5	1	0	1
AT5G22315	0	3	0	0	0
AT5G22320	9	20	12	12	19
AT5G22330	16	10	17	30	22
AT5G22340	33	57	27	19	28
AT5G22350	8	13	6	8	6
AT5G22360	32	32	25	26	31
AT5G22370	12	7	9	16	21
AT5G22380	2	0	19	15	27
AT5G22390	16	22	10	12	22
AT5G22400	17	17	12	16	9
AT5G22430	5	23	16	14	27
AT5G22440	61	80	57	50	65
AT5G22450	5	9	3	1	10
AT5G22460	13	9	0	1	3
AT5G22480	7	7	14	14	14
AT5G22500	27	18	16	9	11
AT5G22510	31	34	15	29	24
AT5G22520	2	3	7	10	10
AT5G22530	1	0	3	9	1
AT5G22540	0	0	1	0	3
AT5G22545	0	2	2	1	2
AT5G22560	0	0	0	0	1
AT5G22570	8	1	3	8	7
AT5G22580	407	434	91	119	100
AT5G22608	3	2	3	6	5
AT5G22610	0	0	0	0	1
AT5G22620	38	28	18	9	14
AT5G22630	5	19	2	12	17
AT5G22640	85	85	103	112	171
AT5G22650	110	155	94	123	120
AT5G22690	5	2	3	2	2
AT5G22700	2	2	9	2	8
AT5G22720	2	1	2	3	0
AT5G22730	11	14	7	10	4
AT5G22740	19	17	6	11	11
AT5G22750	0	0	1	0	4
AT5G22760	6	9	14	8	7
AT5G22770	4	11	5	15	8
AT5G22780	21	24	13	22	24
AT5G22788	3	1	5	5	4
AT5G22790	7	8	7	9	13
AT5G22800	46	41	14	21	30
AT5G22810	0	0	0	0	4
AT5G22820	3	1	1	3	1
AT5G22830	31	36	16	11	22
AT5G22840	28	21	16	18	23
AT5G22850	8	6	2	5	4
AT5G22860	5	9	3	1	5
AT5G22870	1	0	1	1	0
AT5G22875	25	32	23	34	40
AT5G22880	148	150	43	51	85
AT5G22920	65	75	33	41	37
AT5G22940	4	7	3	2	6
AT5G22950	20	14	8	14	16
AT5G23010	74	46	30	39	48
AT5G23040	132	140	61	67	64
AT5G23050	6	12	11	6	13
AT5G23060	170	196	52	74	112
AT5G23065	0	0	0	0	1
AT5G23070	20	18	8	5	13
AT5G23080	9	6	12	12	13
AT5G23090	8	10	10	15	13
AT5G23100	3	1	1	0	1
AT5G23110	8	6	17	10	25
AT5G23120	131	136	31	41	59
AT5G23130	1	3	1	6	0
AT5G23140	24	44	18	24	30
AT5G23150	6	5	7	11	5
AT5G23155	2	1	3	3	5
AT5G23160	4	0	0	0	0
AT5G23170	0	2	1	0	0
AT5G23200	8	7	5	4	4
AT5G23210	11	22	11	10	20
AT5G23230	2	1	1	1	5
AT5G23240	57	37	38	48	44
AT5G23250	20	26	17	19	16
AT5G23270	0	0	0	0	1
AT5G23280	13	8	6	9	9
AT5G23290	23	34	22	18	34
AT5G23300	16	15	7	12	20
AT5G23310	33	55	26	22	26
AT5G23320	0	2	1	5	1
AT5G23330	11	16	12	7	9
AT5G23340	13	15	3	11	5
AT5G23350	2	3	0	1	1
AT5G23360	6	5	2	0	0
AT5G23370	1	1	1	0	0
AT5G23380	0	4	1	4	4
AT5G23390	7	2	6	6	3
AT5G23395	13	13	17	20	22
AT5G23400	13	16	4	3	5
AT5G23405	6	1	7	6	14
AT5G23410	2	13	1	7	4
AT5G23420	32	33	11	14	25
AT5G23430	5	9	8	6	10
AT5G23440	21	27	13	13	13
AT5G23450	23	16	9	12	25
AT5G23460	1	3	2	1	0
AT5G23480	2	0	1	1	1
AT5G23490	4	5	2	14	10
AT5G23510	26	9	19	17	23
AT5G23520	12	11	6	9	7
AT5G23530	2	7	3	2	7
AT5G23535	4	15	17	19	23
AT5G23540	91	89	79	93	104
AT5G23550	7	15	6	16	15
AT5G23570	13	5	5	14	4
AT5G23575	31	44	37	43	48
AT5G23580	13	9	13	15	11
AT5G23590	14	8	4	20	17
AT5G23600	0	0	1	0	0
AT5G23610	21	31	23	14	41
AT5G23630	21	42	13	21	20
AT5G23660	7	10	10	4	5
AT5G23670	38	22	24	20	18
AT5G23680	1	2	3	5	5
AT5G23690	3	8	2	4	6
AT5G23710	1	2	4	1	2
AT5G23720	14	6	6	3	5
AT5G23730	3	0	0	4	4
AT5G23740	369	496	305	339	463
AT5G23750	11	11	0	4	3
AT5G23760	9	23	16	17	23
AT5G23770	5	0	1	2	0
AT5G23780	0	4	1	0	0
AT5G23800	1	4	1	1	0
AT5G23810	0	2	1	6	3
AT5G23820	68	58	52	41	78
AT5G23850	10	6	7	10	10
AT5G23860	39	50	20	17	26
AT5G23870	12	4	9	5	3
AT5G23880	9	6	8	8	19
AT5G23890	26	41	21	30	30
AT5G23900	207	220	121	213	216
AT5G23910	8	14	2	3	11
AT5G23920	54	46	47	49	74
AT5G23930	1	1	2	2	0
AT5G23940	29	53	30	17	33
AT5G23970	1	1	0	0	1
AT5G23980	2	1	1	1	0
AT5G24000	11	5	3	4	8
AT5G24010	7	3	4	10	9
AT5G24020	36	35	13	17	21
AT5G24030	1	4	2	3	6
AT5G24060	5	8	2	2	8
AT5G24090	0	0	0	1	0
AT5G24105	10	14	15	10	12
AT5G24110	1	0	4	2	1
AT5G24120	3	6	3	8	12
AT5G24150	34	32	51	48	89
AT5G24155	1	0	4	2	3
AT5G24160	2	4	3	2	3
AT5G24165	146	128	114	89	167
AT5G24170	11	9	11	5	7
AT5G24190	0	0	1	0	1
AT5G24200	3	0	2	8	9
AT5G24205	1	0	0	0	1
AT5G24206	0	0	0	1	1
AT5G24210	21	17	26	40	38
AT5G24240	15	11	20	19	25
AT5G24260	8	14	15	16	11
AT5G24270	2	3	0	1	0
AT5G24280	0	0	0	2	3
AT5G24290	0	1	0	0	0
AT5G24300	61	48	36	33	55
AT5G24310	0	10	1	3	5
AT5G24314	180	182	74	77	118
AT5G24318	0	0	1	1	0
AT5G24320	3	2	1	0	4
AT5G24330	2	1	1	2	2
AT5G24340	7	6	3	11	10
AT5G24350	8	3	1	7	2
AT5G24352	9	7	4	11	3
AT5G24355	0	0	0	0	1
AT5G24360	9	15	2	9	14
AT5G24380	2	1	0	0	0
AT5G24390	1	1	0	1	1
AT5G24400	24	17	20	13	21
AT5G24420	8	11	13	19	32
AT5G24430	3	7	4	8	10
AT5G24450	20	18	10	15	16
AT5G24460	29	26	17	31	19
AT5G24470	57	41	56	67	57
AT5G24490	357	391	105	99	125
AT5G24500	13	10	8	22	25
AT5G24510	1	1	1	1	0
AT5G24520	37	23	33	57	42
AT5G24530	172	123	221	211	264
AT5G24540	0	0	0	2	0
AT5G24570	46	36	41	54	47
AT5G24580	26	15	0	1	4
AT5G24590	7	7	7	10	5
AT5G24610	14	14	14	16	17
AT5G24620	38	44	27	40	40
AT5G24630	7	10	5	8	11
AT5G24650	41	61	35	60	49
AT5G24655	2	1	4	3	3
AT5G24660	8	4	11	11	9
AT5G24670	27	24	25	35	38
AT5G24680	4	2	3	0	6
AT5G24690	54	52	26	29	26
AT5G24710	15	9	12	19	19
AT5G24735	59	39	47	59	48
AT5G24740	7	7	8	4	9
AT5G24750	4	4	5	4	6
AT5G24760	6	5	2	3	9
AT5G24770	94	32	41	31	38
AT5G24780	62	110	91	81	184
AT5G24800	50	37	10	20	17
AT5G24810	20	30	9	13	28
AT5G24830	8	2	4	4	10
AT5G24840	30	23	14	12	21
AT5G24850	10	11	3	1	2
AT5G24860	0	0	1	0	0
AT5G24870	2	2	3	3	8
AT5G24890	19	11	17	20	16
AT5G24910	0	4	0	0	0
AT5G24920	0	1	0	2	1
AT5G24930	122	112	58	68	91
AT5G24970	7	4	2	9	1
AT5G24980	18	14	26	19	20
AT5G24990	1	2	0	0	2
AT5G25010	1	0	0	0	1
AT5G25040	14	15	13	25	19
AT5G25050	11	4	4	6	6
AT5G25060	28	24	24	29	21
AT5G25070	5	7	11	14	12
AT5G25080	8	8	16	20	31
AT5G25090	12	23	7	8	14
AT5G25100	19	22	21	17	15
AT5G25110	0	0	0	0	1
AT5G25120	3	6	8	5	7
AT5G25130	9	4	3	6	7
AT5G25140	5	5	8	3	11
AT5G25150	9	13	11	15	11
AT5G25160	0	0	1	0	0
AT5G25170	12	15	3	7	5
AT5G25190	6	5	8	3	3
AT5G25210	13	13	12	19	17
AT5G25220	28	24	9	16	19
AT5G25230	0	1	0	0	0
AT5G25250	20	11	32	24	34
AT5G25260	2	1	4	2	4
AT5G25265	69	42	44	52	29
AT5G25270	27	31	30	37	36
AT5G25280	53	59	31	49	56
AT5G25340	11	17	4	5	6
AT5G25350	12	18	5	6	2
AT5G25360	15	20	15	19	18
AT5G25390	0	0	0	1	1
AT5G25440	17	11	29	46	41
AT5G25450	1	0	5	6	2
AT5G25460	171	228	63	84	105
AT5G25470	0	0	1	0	0
AT5G25475	14	6	9	10	5
AT5G25480	1	0	0	2	1
AT5G25490	2	4	7	3	4
AT5G25500	2	0	2	4	3
AT5G25510	19	10	12	19	22
AT5G25520	25	23	21	26	31
AT5G25540	25	27	25	19	42
AT5G25560	34	39	22	35	29
AT5G25570	3	9	3	12	6
AT5G25580	3	4	0	0	2
AT5G25590	6	9	2	6	10
AT5G25610	109	101	120	95	108
AT5G25620	0	1	0	0	0
AT5G25630	64	64	48	54	66
AT5G25752	18	14	2	6	3
AT5G25754	22	39	67	78	109
AT5G25757	31	32	34	30	57
AT5G25760	21	30	15	22	39
AT5G25770	6	3	1	5	6
AT5G25780	11	21	16	30	9
AT5G25790	1	0	1	1	1
AT5G25800	6	2	1	2	9
AT5G25810	0	1	0	0	0
AT5G25820	2	1	0	2	1
AT5G25830	0	1	0	1	0
AT5G25840	9	16	6	9	7
AT5G25880	0	3	1	1	1
AT5G25890	3	4	8	2	5
AT5G25900	8	20	8	3	11
AT5G25910	0	0	0	0	1
AT5G25930	4	2	4	2	3
AT5G25940	27	49	36	29	35
AT5G25980	1302	1345	906	1042	1567
AT5G25990	7	8	9	2	17
AT5G26000	1179	1117	941	950	1444
AT5G26010	0	1	0	1	0
AT5G26030	20	8	10	14	15
AT5G26040	2	4	9	9	14
AT5G26110	11	7	8	17	16
AT5G26160	6	5	4	3	3
AT5G26170	6	2	9	9	10
AT5G26180	15	18	5	9	14
AT5G26200	5	6	8	1	18
AT5G26210	33	41	21	14	37
AT5G26220	1	0	3	1	2
AT5G26230	7	7	5	5	7
AT5G26240	12	12	18	14	19
AT5G26260	2	0	1	0	0
AT5G26280	1	1	0	0	1
AT5G26330	1	4	2	2	0
AT5G26340	13	6	33	18	17
AT5G26360	45	51	23	36	39
AT5G26570	38	53	23	36	36
AT5G26600	10	11	17	12	15
AT5G26610	7	14	14	17	11
AT5G26620	1	0	0	0	0
AT5G26622	20	31	18	15	23
AT5G26630	5	1	0	0	0
AT5G26660	1	0	1	2	1
AT5G26667	56	78	57	58	73
AT5G26670	9	20	4	2	4
AT5G26680	1	4	0	3	3
AT5G26690	13	5	8	12	15
AT5G26700	1	0	1	2	0
AT5G26710	24	41	35	32	38
AT5G26720	6	8	4	1	1
AT5G26730	0	1	0	0	0
AT5G26731	4	4	3	4	6
AT5G26740	11	14	14	9	11
AT5G26742	196	262	105	109	148
AT5G26749	3	8	1	3	10
AT5G26751	54	46	34	30	55
AT5G26760	9	7	11	9	6
AT5G26770	6	6	3	6	8
AT5G26780	26	35	41	28	37
AT5G26790	2	8	0	0	0
AT5G26800	26	48	39	39	61
AT5G26820	39	56	41	41	53
AT5G26830	12	15	17	27	18
AT5G26850	20	42	23	22	26
AT5G26860	9	13	21	15	18
AT5G26880	51	63	38	40	64
AT5G26910	15	8	6	4	5
AT5G26920	0	8	14	10	19
AT5G26940	15	11	11	13	14
AT5G26960	5	6	14	15	9
AT5G26980	6	13	0	7	6
AT5G26990	12	5	3	16	17
AT5G27000	0	1	0	1	2
AT5G27020	1	0	0	0	0
AT5G27030	10	7	8	7	9
AT5G27060	0	0	2	0	1
AT5G27100	1	1	1	0	1
AT5G27110	1	0	3	3	1
AT5G27120	29	61	37	47	60
AT5G27150	17	20	17	14	25
AT5G27210	3	2	0	3	3
AT5G27220	0	0	0	1	0
AT5G27230	0	0	1	3	2
AT5G27240	2	1	1	1	1
AT5G27270	12	10	9	5	6
AT5G27280	52	55	27	26	38
AT5G27290	44	35	28	31	52
AT5G27300	4	7	3	3	9
AT5G27320	5	11	3	7	7
AT5G27330	22	19	17	25	26
AT5G27350	4	4	2	3	4
AT5G27360	4	3	5	3	7
AT5G27380	55	71	39	45	54
AT5G27390	47	56	31	35	51
AT5G27395	15	14	13	10	8
AT5G27400	12	13	12	17	13
AT5G27410	18	18	16	26	24
AT5G27420	5	3	9	9	9
AT5G27430	29	26	38	43	46
AT5G27440	2	0	0	0	2
AT5G27450	8	12	4	8	18
AT5G27460	3	2	1	8	8
AT5G27470	56	51	40	42	49
AT5G27490	4	9	3	8	10
AT5G27520	6	4	5	4	7
AT5G27540	62	80	63	71	69
AT5G27550	3	0	4	0	3
AT5G27560	23	32	25	28	41
AT5G27600	7	8	12	3	18
AT5G27610	5	4	3	1	5
AT5G27620	13	8	8	6	13
AT5G27630	0	3	2	2	4
AT5G27640	46	75	45	81	101
AT5G27650	10	6	18	21	10
AT5G27660	326	367	287	309	466
AT5G27670	49	55	37	49	51
AT5G27680	0	3	1	4	4
AT5G27690	8	6	3	9	7
AT5G27700	233	299	170	219	265
AT5G27710	13	11	8	15	12
AT5G27720	34	29	23	24	23
AT5G27730	18	12	10	17	10
AT5G27740	14	13	17	20	27
AT5G27750	3	4	2	0	3
AT5G27760	51	45	48	58	83
AT5G27770	308	409	226	259	333
AT5G27780	0	3	0	1	0
AT5G27820	19	26	17	16	31
AT5G27830	27	16	21	13	17
AT5G27840	15	14	8	9	12
AT5G27850	536	720	367	417	506
AT5G27860	44	29	56	54	45
AT5G27890	0	3	2	2	4
AT5G27920	2	1	2	3	1
AT5G27930	27	28	22	25	33
AT5G27940	0	0	0	1	0
AT5G27950	17	15	20	15	20
AT5G27970	24	13	14	12	12
AT5G27980	1	0	0	1	0
AT5G27990	17	21	19	13	29
AT5G28010	0	1	1	1	1
AT5G28020	21	10	12	12	13
AT5G28030	0	5	5	6	4
AT5G28040	13	16	14	22	9
AT5G28050	61	59	64	71	85
AT5G28060	406	559	290	328	371
AT5G28150	1	9	4	9	4
AT5G28210	0	1	0	0	0
AT5G28220	8	4	10	13	13
AT5G28237	1	0	1	0	1
AT5G28262	1	0	0	2	0
AT5G28290	8	8	7	2	8
AT5G28300	19	15	18	20	15
AT5G28340	1	5	4	8	7
AT5G28350	10	26	16	19	21
AT5G28370	0	1	2	1	2
AT5G28380	4	5	5	2	2
AT5G28390	0	2	0	0	0
AT5G28442	2	7	5	0	5
AT5G28450	29	37	6	5	6
AT5G28460	9	4	1	7	5
AT5G28490	17	21	15	5	6
AT5G28500	95	89	20	31	53
AT5G28530	0	1	1	0	0
AT5G28540	120	143	97	114	122
AT5G28630	0	1	2	5	2
AT5G28640	9	30	10	9	14
AT5G28646	1	1	0	0	0
AT5G28650	2	0	0	0	0
AT5G28740	32	34	26	25	19
AT5G28750	121	151	94	109	113
AT5G28770	28	23	13	8	12
AT5G28830	6	6	21	23	25
AT5G28840	86	99	112	139	157
AT5G28850	14	11	12	19	16
AT5G28900	15	11	13	19	20
AT5G28910	3	1	0	0	1
AT5G28919	18	14	17	31	46
AT5G28920	20	16	21	31	52
AT5G29000	5	1	9	3	10
AT5G30490	11	18	11	14	18
AT5G30495	15	11	8	14	14
AT5G30510	384	425	128	147	196
AT5G32440	30	31	27	33	42
AT5G32450	60	59	31	33	36
AT5G32470	18	22	23	17	15
AT5G33280	12	16	9	23	24
AT5G33290	4	5	9	16	9
AT5G33300	2	6	1	1	2
AT5G33320	95	107	52	45	70
AT5G33330	0	0	0	1	0
AT5G33370	27	40	14	11	23
AT5G34850	78	94	67	83	94
AT5G34930	3	6	3	1	7
AT5G34940	6	7	1	9	5
AT5G35080	11	22	20	32	32
AT5G35100	90	101	35	39	46
AT5G35160	31	54	24	39	34
AT5G35170	76	93	38	56	51
AT5G35180	20	20	8	20	12
AT5G35200	34	24	18	14	30
AT5G35210	24	19	21	16	26
AT5G35220	36	32	7	17	19
AT5G35320	15	16	17	15	15
AT5G35330	5	11	16	13	12
AT5G35360	120	132	83	65	61
AT5G35370	0	1	0	3	5
AT5G35400	2	6	4	5	5
AT5G35410	1	4	3	1	3
AT5G35430	3	11	6	9	7
AT5G35450	1	1	5	2	2
AT5G35460	12	19	13	9	12
AT5G35480	88	64	21	24	35
AT5G35490	37	35	7	6	8
AT5G35510	0	0	0	0	1
AT5G35520	5	7	2	6	3
AT5G35525	0	1	1	0	0
AT5G35530	160	202	108	122	162
AT5G35560	13	17	8	24	14
AT5G35570	4	8	4	17	8
AT5G35590	82	82	70	76	101
AT5G35620	28	54	48	41	39
AT5G35630	1045	1016	248	290	363
AT5G35670	7	6	2	3	3
AT5G35680	50	62	40	63	60
AT5G35690	21	13	16	23	33
AT5G35700	2	12	13	8	11
AT5G35730	20	24	8	19	21
AT5G35732	6	2	0	3	0
AT5G35735	19	19	35	40	52
AT5G35740	18	22	11	13	18
AT5G35750	5	6	7	6	1
AT5G35753	1	0	1	0	1
AT5G35790	99	104	31	39	64
AT5G35840	2	12	8	6	7
AT5G35910	13	10	12	14	17
AT5G35926	2	3	0	5	6
AT5G35930	11	4	4	8	4
AT5G35940	0	0	0	1	0
AT5G35970	69	63	19	17	36
AT5G35980	32	41	31	30	35
AT5G35995	6	5	1	4	6
AT5G36000	6	8	4	1	7
AT5G36001	0	1	0	0	1
AT5G36002	0	0	0	0	1
AT5G36120	65	84	27	23	34
AT5G36160	36	38	59	46	66
AT5G36170	52	50	24	28	35
AT5G36210	13	16	11	24	28
AT5G36220	5	3	2	1	5
AT5G36230	56	64	30	45	58
AT5G36250	14	22	14	19	24
AT5G36260	0	1	0	0	0
AT5G36290	38	23	22	31	27
AT5G36700	89	95	25	37	35
AT5G36710	11	14	10	7	7
AT5G36740	0	0	0	0	1
AT5G36790	129	119	29	31	52
AT5G36800	10	14	7	7	9
AT5G36880	37	43	19	24	36
AT5G36890	21	12	16	13	16
AT5G36910	6	10	2	2	1
AT5G36920	6	3	7	0	2
AT5G36925	0	0	1	1	2
AT5G36930	15	9	8	7	13
AT5G36940	4	5	4	6	9
AT5G36950	6	9	4	4	12
AT5G36960	0	0	0	0	1
AT5G36970	0	1	0	0	0
AT5G37000	4	3	1	0	3
AT5G37010	10	2	5	3	7
AT5G37020	11	23	8	16	15
AT5G37055	6	3	10	3	8
AT5G37070	8	16	15	19	20
AT5G37130	9	8	4	15	14
AT5G37180	0	1	1	0	2
AT5G37190	10	13	15	18	15
AT5G37240	0	0	0	0	2
AT5G37250	0	0	0	0	1
AT5G37260	0	0	3	1	1
AT5G37290	6	10	2	18	6
AT5G37300	0	7	3	1	13
AT5G37310	15	16	13	10	6
AT5G37340	3	1	3	2	2
AT5G37350	13	14	13	13	13
AT5G37360	123	111	23	30	35
AT5G37370	19	11	16	15	19
AT5G37380	6	8	9	14	13
AT5G37400	0	1	1	0	0
AT5G37410	1	1	0	0	0
AT5G37440	0	0	0	2	1
AT5G37450	0	0	0	0	1
AT5G37475	16	22	22	19	20
AT5G37480	9	8	13	14	16
AT5G37485	0	0	1	0	0
AT5G37490	0	0	1	0	0
AT5G37500	7	1	1	4	3
AT5G37510	99	88	55	85	109
AT5G37530	0	2	1	1	3
AT5G37540	3	7	4	3	6
AT5G37590	4	4	7	9	6
AT5G37600	117	86	150	187	175
AT5G37630	5	8	4	2	5
AT5G37660	4	1	6	3	5
AT5G37670	3	3	0	1	2
AT5G37680	9	8	7	6	7
AT5G37710	3	3	2	2	6
AT5G37720	23	28	10	22	24
AT5G37740	12	12	9	7	6
AT5G37760	1	0	0	0	0
AT5G37770	16	14	45	28	43
AT5G37780	84	104	130	147	126
AT5G37790	5	3	2	1	4
AT5G37830	30	30	21	30	26
AT5G37850	17	28	18	25	32
AT5G37890	5	14	4	11	8
AT5G37930	6	14	12	16	11
AT5G37940	8	8	0	2	1
AT5G37950	0	0	2	0	0
AT5G38000	1	0	0	0	2
AT5G38005	4	0	1	2	2
AT5G38010	2	2	0	2	0
AT5G38040	1	0	0	0	0
AT5G38050	1	8	4	1	2
AT5G38060	11	17	10	9	16
AT5G38070	0	4	0	0	5
AT5G38110	13	4	12	22	17
AT5G38120	1	6	0	1	0
AT5G38130	0	1	0	1	0
AT5G38140	12	12	9	17	8
AT5G38150	2	1	3	2	3
AT5G38210	1	3	3	7	6
AT5G38212	0	0	1	6	0
AT5G38220	13	7	6	8	9
AT5G38240	0	0	0	2	0
AT5G38250	2	1	3	0	0
AT5G38280	0	0	0	0	1
AT5G38290	19	28	8	8	18
AT5G38300	0	1	1	0	2
AT5G38310	1	0	6	0	0
AT5G38320	2	0	0	1	0
AT5G38360	14	8	8	4	10
AT5G38380	18	6	12	16	11
AT5G38396	0	0	2	1	1
AT5G38410	11807	11483	2751	2700	4143
AT5G38420	1730	1692	412	460	588
AT5G38430	4474	4269	1257	1209	1846
AT5G38460	3	9	4	6	10
AT5G38470	76	75	57	66	89
AT5G38480	231	202	158	207	254
AT5G38510	28	38	29	46	26
AT5G38520	105	106	40	38	48
AT5G38530	18	20	12	14	18
AT5G38560	13	15	11	16	29
AT5G38565	0	1	0	1	1
AT5G38590	1	4	0	5	4
AT5G38600	11	8	14	5	8
AT5G38610	2	3	1	1	2
AT5G38630	33	35	15	28	43
AT5G38640	8	8	6	7	14
AT5G38650	68	62	69	98	103
AT5G38660	195	164	104	163	163
AT5G38690	14	17	8	7	19
AT5G38710	2	1	0	0	0
AT5G38720	9	9	14	14	18
AT5G38730	1	1	1	1	0
AT5G38750	1	0	0	0	0
AT5G38770	0	2	1	1	0
AT5G38830	36	43	42	46	57
AT5G38840	12	6	10	11	13
AT5G38850	4	7	0	4	3
AT5G38860	4	3	0	8	10
AT5G38880	11	16	7	4	7
AT5G38890	15	9	13	10	14
AT5G38895	3	3	5	6	6
AT5G38900	1	3	6	3	2
AT5G38910	0	0	2	0	0
AT5G38940	0	0	0	1	0
AT5G38970	0	0	0	0	1
AT5G38980	313	267	219	263	294
AT5G38990	38	26	25	38	45
AT5G39020	7	2	8	5	4
AT5G39030	10	9	5	5	6
AT5G39040	19	19	18	23	20
AT5G39050	11	4	8	11	17
AT5G39080	24	19	20	19	27
AT5G39090	0	1	0	0	1
AT5G39130	0	0	0	1	0
AT5G39150	0	0	0	4	2
AT5G39160	9	1	6	5	8
AT5G39180	0	0	1	0	1
AT5G39190	4	5	10	9	7
AT5G39210	45	34	17	26	26
AT5G39220	4	0	0	0	0
AT5G39240	0	2	2	0	0
AT5G39250	0	1	0	3	2
AT5G39260	1	2	0	0	1
AT5G39320	25	38	13	23	22
AT5G39330	0	0	1	0	0
AT5G39340	13	20	24	25	32
AT5G39350	4	2	1	2	2
AT5G39360	13	8	5	6	10
AT5G39380	1	4	3	2	9
AT5G39410	34	31	34	38	41
AT5G39420	0	0	0	1	0
AT5G39450	4	8	6	5	10
AT5G39493	0	0	0	1	0
AT5G39500	9	6	5	1	8
AT5G39510	40	56	43	47	47
AT5G39520	0	1	1	1	4
AT5G39530	117	113	33	39	47
AT5G39550	3	9	0	5	6
AT5G39570	236	216	204	197	265
AT5G39580	0	0	1	1	0
AT5G39590	23	26	22	25	32
AT5G39600	30	29	27	32	39
AT5G39610	2	0	0	1	1
AT5G39660	1	0	0	0	8
AT5G39670	25	2	21	22	26
AT5G39680	0	1	0	3	0
AT5G39710	3	4	1	2	2
AT5G39720	0	0	1	0	0
AT5G39730	34	38	39	42	51
AT5G39740	323	403	200	251	307
AT5G39760	16	8	7	10	8
AT5G39785	1	1	5	4	2
AT5G39790	8	22	3	6	4
AT5G39800	12	14	26	11	22
AT5G39830	18	35	8	10	8
AT5G39840	1	0	3	4	3
AT5G39850	6	7	6	6	6
AT5G39860	14	17	9	4	9
AT5G39865	1	1	0	1	0
AT5G39890	1	3	0	3	1
AT5G39900	6	2	2	3	3
AT5G39940	4	3	7	5	7
AT5G39950	53	59	85	115	96
AT5G39960	3	10	4	8	9
AT5G39970	0	0	0	1	0
AT5G39980	9	10	10	9	12
AT5G39990	11	20	6	9	7
AT5G40000	0	0	0	3	0
AT5G40010	2	0	0	0	2
AT5G40020	1	0	0	1	1
AT5G40060	2	8	1	5	2
AT5G40080	16	19	18	29	23
AT5G40090	0	0	2	1	0
AT5G40140	0	0	1	0	0
AT5G40150	7	6	10	6	8
AT5G40160	22	22	29	16	19
AT5G40170	25	16	26	43	33
AT5G40190	34	36	15	24	41
AT5G40200	18	12	20	18	21
AT5G40210	0	0	1	0	1
AT5G40230	1	2	2	0	0
AT5G40240	12	9	3	3	2
AT5G40250	4	6	3	5	8
AT5G40270	0	4	3	11	8
AT5G40280	13	2	7	13	21
AT5G40300	4	12	14	15	11
AT5G40330	3	4	1	4	2
AT5G40340	27	25	11	21	16
AT5G40370	172	143	154	196	209
AT5G40380	11	15	11	9	19
AT5G40382	1	0	0	0	1
AT5G40390	2	3	2	0	4
AT5G40400	3	0	2	3	2
AT5G40405	0	4	1	0	2
AT5G40410	1	0	0	0	0
AT5G40440	3	2	3	10	7
AT5G40450	89	75	42	42	64
AT5G40460	4	4	0	2	1
AT5G40470	3	0	2	2	6
AT5G40480	34	41	34	48	43
AT5G40490	15	16	8	29	21
AT5G40500	32	19	25	22	38
AT5G40520	1	8	5	2	4
AT5G40530	1	8	8	13	8
AT5G40540	0	3	0	2	4
AT5G40550	4	9	8	7	9
AT5G40570	4	1	0	2	1
AT5G40580	31	55	33	65	46
AT5G40600	4	2	3	3	1
AT5G40610	21	21	13	9	21
AT5G40630	1	2	0	1	0
AT5G40640	7	13	3	8	7
AT5G40645	0	0	0	0	1
AT5G40650	10	18	20	22	23
AT5G40660	17	20	14	17	20
AT5G40670	39	30	25	46	53
AT5G40690	1	2	6	7	6
AT5G40700	3	2	2	3	0
AT5G40710	7	11	7	6	14
AT5G40720	0	1	3	1	6
AT5G40730	4	7	4	2	6
AT5G40740	7	4	7	5	4
AT5G40760	48	36	15	17	22
AT5G40770	60	98	65	78	102
AT5G40780	12	9	14	17	21
AT5G40800	1	0	0	0	0
AT5G40810	53	54	50	62	65
AT5G40820	1	2	0	1	0
AT5G40830	18	12	9	8	13
AT5G40840	2	1	4	0	2
AT5G40850	37	23	16	48	38
AT5G40870	14	17	12	19	19
AT5G40880	0	3	4	7	4
AT5G40890	56	39	27	41	38
AT5G40910	13	8	10	18	19
AT5G40930	17	21	24	25	37
AT5G40950	395	469	115	134	159
AT5G40960	8	5	4	4	6
AT5G40970	12	20	8	16	21
AT5G40980	8	4	4	1	4
AT5G41000	2	8	2	2	2
AT5G41010	16	25	30	18	23
AT5G41020	15	22	11	10	17
AT5G41040	1	0	2	1	2
AT5G41050	27	19	23	22	32
AT5G41060	3	4	6	1	3
AT5G41070	2	3	0	3	1
AT5G41071	0	0	1	0	0
AT5G41080	0	3	0	0	3
AT5G41100	7	4	5	9	7
AT5G41110	2	2	0	3	4
AT5G41120	1	1	1	2	2
AT5G41130	4	3	0	1	4
AT5G41140	1	8	2	2	5
AT5G41150	3	4	1	5	7
AT5G41160	0	0	0	3	1
AT5G41170	0	0	0	0	2
AT5G41180	14	4	3	2	4
AT5G41190	17	25	28	21	28
AT5G41210	34	45	40	39	50
AT5G41220	13	0	7	5	8
AT5G41240	5	2	4	3	3
AT5G41260	57	52	25	31	31
AT5G41270	9	4	13	8	6
AT5G41320	8	12	7	5	7
AT5G41330	5	6	4	5	3
AT5G41340	25	36	21	32	37
AT5G41350	8	8	7	11	10
AT5G41360	4	3	5	5	5
AT5G41370	14	8	3	6	1
AT5G41400	9	8	6	6	11
AT5G41410	16	10	17	9	18
AT5G41420	0	0	1	0	0
AT5G41460	11	13	8	4	11
AT5G41470	0	1	1	0	0
AT5G41471	4	2	5	3	6
AT5G41480	3	12	3	3	6
AT5G41520	345	357	220	263	258
AT5G41560	12	4	19	24	20
AT5G41580	7	7	3	0	8
AT5G41600	34	40	48	37	44
AT5G41610	5	3	4	3	2
AT5G41612	4	2	2	2	0
AT5G41620	2	0	0	1	1
AT5G41650	3	2	2	8	8
AT5G41670	50	43	37	37	39
AT5G41680	70	60	48	50	57
AT5G41685	95	82	73	64	66
AT5G41690	1	2	2	1	4
AT5G41700	325	252	329	331	423
AT5G41740	6	2	9	10	15
AT5G41750	8	3	8	14	10
AT5G41760	10	11	21	19	15
AT5G41761	5	1	11	3	12
AT5G41770	24	36	19	34	43
AT5G41790	14	23	13	12	23
AT5G41800	12	2	4	3	10
AT5G41810	5	7	13	5	9
AT5G41850	1	1	0	0	2
AT5G41860	4	0	0	2	1
AT5G41870	14	8	6	14	11
AT5G41880	10	6	7	11	13
AT5G41890	1	0	1	0	0
AT5G41900	2	2	0	1	1
AT5G41910	0	4	2	6	10
AT5G41920	6	8	4	5	5
AT5G41940	23	22	30	28	27
AT5G41950	12	22	17	14	15
AT5G41960	6	10	9	9	9
AT5G41970	49	31	42	49	50
AT5G41980	2	1	1	0	2
AT5G41990	11	8	10	12	10
AT5G41992	11	8	10	12	10
AT5G42000	11	9	9	12	13
AT5G42010	2	0	0	1	1
AT5G42020	110	97	81	83	126
AT5G42030	59	82	68	75	94
AT5G42040	1	0	1	0	1
AT5G42050	57	33	81	71	96
AT5G42060	17	26	22	23	24
AT5G42070	35	51	19	16	29
AT5G42080	107	101	86	58	88
AT5G42090	24	38	29	33	37
AT5G42092	0	0	0	0	1
AT5G42100	32	36	24	25	30
AT5G42110	27	46	5	13	30
AT5G42130	21	25	9	24	15
AT5G42140	3	6	7	6	7
AT5G42146	4	4	5	6	5
AT5G42150	8	23	18	22	27
AT5G42190	114	107	68	83	89
AT5G42200	1	5	7	3	8
AT5G42210	2	3	1	1	3
AT5G42220	9	16	13	13	22
AT5G42223	0	1	0	0	0
AT5G42230	0	0	0	2	0
AT5G42240	31	57	31	42	49
AT5G42242	1	0	1	2	0
AT5G42250	16	17	4	5	4
AT5G42270	179	190	62	69	64
AT5G42280	1	1	4	2	0
AT5G42300	239	225	239	283	281
AT5G42310	39	24	18	29	16
AT5G42320	15	14	9	13	20
AT5G42330	9	3	4	3	1
AT5G42350	5	2	7	5	4
AT5G42360	0	7	12	5	3
AT5G42370	1	2	1	1	0
AT5G42380	1	1	5	7	7
AT5G42390	59	52	21	18	24
AT5G42400	3	3	1	2	3
AT5G42420	22	30	7	17	29
AT5G42440	9	0	2	0	6
AT5G42450	3	1	1	0	0
AT5G42460	5	6	1	6	3
AT5G42470	10	1	15	10	20
AT5G42480	18	32	12	13	22
AT5G42490	0	1	0	0	0
AT5G42520	28	39	21	31	43
AT5G42530	4581	3376	3943	4019	4746
AT5G42540	24	20	24	32	43
AT5G42560	12	20	13	21	22
AT5G42570	14	21	17	27	32
AT5G42620	22	26	9	23	12
AT5G42650	35	33	16	10	22
AT5G42660	10	11	4	9	17
AT5G42670	5	9	7	9	8
AT5G42680	6	5	5	5	6
AT5G42690	0	2	1	5	2
AT5G42700	0	1	1	1	1
AT5G42720	21	25	17	19	17
AT5G42740	23	29	21	25	23
AT5G42750	5	9	10	6	4
AT5G42760	11	11	4	10	10
AT5G42765	59	66	24	26	32
AT5G42770	12	5	11	11	8
AT5G42780	2	6	0	2	3
AT5G42790	97	86	86	94	88
AT5G42800	0	2	1	3	0
AT5G42810	4	6	4	11	7
AT5G42820	25	30	20	29	30
AT5G42825	31	26	24	34	40
AT5G42830	1	4	3	4	11
AT5G42850	50	40	43	47	63
AT5G42860	9	23	8	5	15
AT5G42870	5	7	8	6	7
AT5G42880	0	1	0	1	1
AT5G42890	56	62	80	98	102
AT5G42900	2	2	14	12	10
AT5G42920	18	15	13	20	13
AT5G42940	3	6	3	2	12
AT5G42950	21	21	17	14	6
AT5G42960	34	34	35	32	46
AT5G42965	0	0	0	2	1
AT5G42970	11	14	10	15	8
AT5G42980	547	498	454	533	583
AT5G42990	14	24	28	46	25
AT5G43010	44	30	37	37	49
AT5G43020	12	9	1	8	9
AT5G43030	0	0	1	0	0
AT5G43050	31	13	10	24	10
AT5G43060	11	24	19	35	33
AT5G43070	12	17	17	12	17
AT5G43080	4	4	1	0	1
AT5G43100	9	17	19	21	18
AT5G43130	17	14	5	19	17
AT5G43140	5	8	3	4	10
AT5G43150	33	15	16	7	15
AT5G43160	3	1	0	2	5
AT5G43170	1	1	0	0	1
AT5G43180	0	1	1	0	0
AT5G43190	14	1	14	9	14
AT5G43210	4	5	7	11	7
AT5G43250	3	3	4	1	0
AT5G43260	31	25	24	14	28
AT5G43270	15	22	11	12	10
AT5G43280	23	24	20	20	27
AT5G43310	19	10	0	16	20
AT5G43320	66	77	46	60	47
AT5G43330	21	27	24	25	26
AT5G43350	3	0	0	0	0
AT5G43380	0	2	4	3	2
AT5G43400	1	3	1	7	3
AT5G43403	3	6	3	1	3
AT5G43420	0	0	1	1	0
AT5G43430	16	19	15	5	14
AT5G43440	41	39	28	47	41
AT5G43450	9	6	11	8	15
AT5G43460	69	81	78	121	114
AT5G43470	77	66	52	49	78
AT5G43500	13	6	7	23	13
AT5G43560	12	11	8	11	17
AT5G43570	0	1	0	0	0
AT5G43580	1	0	4	1	1
AT5G43600	16	15	22	21	23
AT5G43620	7	6	4	4	11
AT5G43630	4	9	6	4	8
AT5G43650	0	0	0	0	1
AT5G43670	10	6	10	11	13
AT5G43680	5	1	5	7	5
AT5G43700	49	58	32	57	37
AT5G43710	8	14	6	7	11
AT5G43720	2	18	6	7	7
AT5G43725	2	3	1	6	3
AT5G43730	0	3	0	2	1
AT5G43740	5	5	3	7	4
AT5G43745	27	15	9	18	24
AT5G43750	137	126	50	46	75
AT5G43760	54	42	61	59	61
AT5G43780	14	11	13	18	34
AT5G43790	1	2	4	2	5
AT5G43810	14	8	12	13	9
AT5G43822	1	3	1	1	2
AT5G43830	165	151	101	124	142
AT5G43850	41	38	95	90	143
AT5G43860	0	0	0	3	0
AT5G43870	12	9	12	4	7
AT5G43880	8	13	6	12	16
AT5G43900	5	12	13	23	13
AT5G43910	2	4	5	7	9
AT5G43920	7	6	2	8	6
AT5G43930	7	10	10	14	11
AT5G43940	320	295	291	357	374
AT5G43950	1	0	8	1	4
AT5G43960	35	41	26	26	31
AT5G43970	64	89	49	64	73
AT5G43980	0	1	1	2	2
AT5G43990	2	3	2	0	1
AT5G44000	20	9	7	9	9
AT5G44005	7	2	0	9	9
AT5G44010	5	8	4	8	4
AT5G44020	175	144	177	147	203
AT5G44030	3	9	2	2	6
AT5G44040	4	9	4	3	7
AT5G44050	0	1	0	0	2
AT5G44060	8	2	11	4	8
AT5G44070	27	32	30	37	27
AT5G44080	4	8	9	8	9
AT5G44090	19	22	11	13	8
AT5G44100	25	22	11	19	8
AT5G44110	5	6	5	9	8
AT5G44120	0	0	0	1	0
AT5G44130	82	86	53	59	100
AT5G44150	7	9	8	14	14
AT5G44160	1	0	1	3	2
AT5G44170	10	8	5	4	11
AT5G44180	7	17	10	11	20
AT5G44190	71	60	15	26	23
AT5G44200	16	38	14	21	31
AT5G44210	3	3	1	0	9
AT5G44230	4	0	0	0	0
AT5G44240	5	10	10	14	4
AT5G44250	7	6	4	5	10
AT5G44260	20	9	0	1	2
AT5G44280	3	3	1	1	3
AT5G44290	14	16	15	24	16
AT5G44306	1	0	0	0	0
AT5G44320	43	38	34	33	36
AT5G44340	257	274	188	188	223
AT5G44370	5	3	1	1	2
AT5G44390	2	0	2	4	6
AT5G44400	18	25	14	4	11
AT5G44410	4	8	0	3	5
AT5G44420	12	3	114	108	146
AT5G44430	1	0	10	12	29
AT5G44450	17	17	10	15	16
AT5G44460	1	1	0	3	2
AT5G44480	1	0	0	0	0
AT5G44490	3	1	1	2	7
AT5G44500	4	12	9	8	5
AT5G44510	15	6	3	7	11
AT5G44520	20	27	6	7	12
AT5G44530	10	8	1	4	8
AT5G44540	2	0	0	0	0
AT5G44550	0	1	2	2	1
AT5G44560	8	9	8	11	20
AT5G44562	7	5	7	9	15
AT5G44565	5	10	7	4	5
AT5G44568	38	22	41	29	41
AT5G44569	1	4	0	3	5
AT5G44570	1	0	0	0	0
AT5G44572	1	1	6	2	9
AT5G44575	0	0	2	0	0
AT5G44578	10	3	0	2	2
AT5G44580	131	89	59	77	76
AT5G44582	7	4	3	6	4
AT5G44585	2	2	3	4	2
AT5G44600	3	7	2	2	4
AT5G44620	2	3	2	3	1
AT5G44630	0	1	0	0	1
AT5G44635	8	8	2	6	12
AT5G44650	86	115	28	28	30
AT5G44660	7	7	5	4	8
AT5G44670	4	5	2	6	4
AT5G44680	53	71	40	48	38
AT5G44710	19	16	12	14	17
AT5G44720	38	44	29	46	57
AT5G44730	21	15	11	13	23
AT5G44740	4	1	4	4	6
AT5G44750	9	16	10	14	13
AT5G44780	4	3	1	2	4
AT5G44785	15	16	10	16	18
AT5G44790	12	16	17	14	18
AT5G44800	32	25	22	35	32
AT5G44820	10	6	5	10	15
AT5G44860	9	15	4	6	11
AT5G44870	11	12	6	15	13
AT5G44920	5	6	4	7	8
AT5G44930	6	7	4	8	10
AT5G44973	3	10	1	1	4
AT5G44980	0	1	0	1	0
AT5G45000	1	2	0	5	5
AT5G45010	30	27	33	15	22
AT5G45020	1	8	6	3	9
AT5G45030	38	33	17	17	25
AT5G45040	29	26	13	12	15
AT5G45050	5	8	6	7	4
AT5G45060	5	5	3	5	4
AT5G45080	0	0	0	0	4
AT5G45100	7	7	4	5	12
AT5G45110	16	18	7	18	19
AT5G45130	49	35	43	50	49
AT5G45140	11	8	18	13	22
AT5G45150	0	0	0	0	1
AT5G45160	10	10	11	10	7
AT5G45170	35	26	15	20	20
AT5G45190	7	20	11	13	15
AT5G45250	10	1	2	5	11
AT5G45260	4	2	6	5	12
AT5G45275	4	3	1	0	2
AT5G45280	18	23	18	16	25
AT5G45290	16	16	9	9	5
AT5G45300	3	4	6	3	5
AT5G45310	2	5	1	3	4
AT5G45320	0	1	1	1	2
AT5G45330	7	10	5	2	6
AT5G45340	5	1	1	0	3
AT5G45350	110	101	83	100	128
AT5G45360	20	18	17	18	28
AT5G45370	4	6	3	3	1
AT5G45380	11	3	6	7	9
AT5G45390	198	179	88	90	125
AT5G45400	0	2	0	0	0
AT5G45410	38	33	34	45	31
AT5G45420	21	21	23	23	14
AT5G45428	39	43	29	35	47
AT5G45430	43	45	32	39	50
AT5G45440	3	1	1	0	0
AT5G45460	0	0	0	1	2
AT5G45470	24	32	16	21	22
AT5G45472	1	7	2	1	3
AT5G45475	29	17	15	16	13
AT5G45480	24	16	15	12	12
AT5G45490	50	59	49	28	46
AT5G45500	38	36	18	39	28
AT5G45510	38	35	29	32	31
AT5G45520	0	0	0	2	2
AT5G45530	2	0	2	0	0
AT5G45540	1	1	1	1	1
AT5G45550	38	19	16	26	31
AT5G45560	2	2	2	2	5
AT5G45570	0	0	0	0	1
AT5G45580	0	0	0	0	1
AT5G45590	10	14	13	13	14
AT5G45600	24	25	9	14	25
AT5G45610	1	2	9	6	3
AT5G45620	30	24	22	43	49
AT5G45630	0	1	0	1	5
AT5G45650	35	34	24	33	38
AT5G45660	2	6	4	4	6
AT5G45670	56	57	22	33	48
AT5G45680	72	86	38	44	52
AT5G45700	3	6	2	1	5
AT5G45710	4	3	4	4	0
AT5G45730	1	0	0	0	0
AT5G45740	1	0	0	0	0
AT5G45750	46	38	41	39	52
AT5G45760	10	6	5	13	18
AT5G45770	0	0	1	0	0
AT5G45775	259	291	183	182	263
AT5G45780	5	8	0	6	7
AT5G45790	0	0	0	0	1
AT5G45800	30	15	8	24	30
AT5G45810	0	0	0	0	1
AT5G45820	27	31	15	9	12
AT5G45830	2	0	0	2	0
AT5G45840	1	1	2	4	4
AT5G45850	0	8	3	1	0
AT5G45890	0	0	0	1	1
AT5G45900	6	4	10	18	6
AT5G45920	2	1	3	7	3
AT5G45930	124	129	42	23	42
AT5G45940	20	11	19	10	21
AT5G45950	87	78	77	63	78
AT5G45960	6	3	2	1	1
AT5G45990	0	0	0	0	1
AT5G46020	143	169	119	196	176
AT5G46030	66	79	66	62	82
AT5G46050	2	0	1	6	7
AT5G46070	19	20	7	23	12
AT5G46080	4	0	2	2	3
AT5G46090	1	0	3	1	0
AT5G46110	602	655	215	262	329
AT5G46115	2	1	0	1	0
AT5G46150	12	9	6	4	13
AT5G46160	15	37	32	16	19
AT5G46170	9	5	6	9	10
AT5G46180	13	14	8	19	19
AT5G46190	9	12	7	7	17
AT5G46210	37	37	43	48	51
AT5G46220	4	1	0	0	0
AT5G46230	7	9	12	9	10
AT5G46240	8	6	6	5	11
AT5G46250	51	50	36	32	44
AT5G46260	0	0	0	1	0
AT5G46270	8	9	6	7	9
AT5G46280	15	26	20	8	13
AT5G46290	91	96	27	36	54
AT5G46295	0	0	0	3	0
AT5G46300	1	0	0	0	0
AT5G46330	9	17	7	10	8
AT5G46340	5	4	6	7	6
AT5G46350	4	0	0	3	5
AT5G46370	1	0	0	0	0
AT5G46390	11	7	10	15	17
AT5G46400	5	5	11	8	9
AT5G46410	6	4	6	5	8
AT5G46420	91	100	33	37	54
AT5G46430	117	98	78	80	110
AT5G46440	1	2	1	1	1
AT5G46450	1	0	2	0	0
AT5G46460	3	0	0	3	0
AT5G46470	16	14	18	33	16
AT5G46490	7	7	12	16	13
AT5G46510	5	7	4	6	8
AT5G46520	5	4	8	10	6
AT5G46530	2	2	1	2	2
AT5G46550	0	1	3	3	5
AT5G46560	11	5	2	4	13
AT5G46570	14	13	8	3	17
AT5G46580	56	61	21	28	42
AT5G46600	6	7	0	1	0
AT5G46620	8	7	7	12	22
AT5G46630	33	34	33	35	24
AT5G46640	0	0	0	0	1
AT5G46680	3	6	2	4	4
AT5G46690	6	12	12	7	7
AT5G46700	10	19	13	22	18
AT5G46710	14	9	25	31	33
AT5G46720	2	1	1	1	2
AT5G46730	25	32	33	47	59
AT5G46740	7	6	1	5	3
AT5G46750	28	24	36	38	50
AT5G46760	3	5	1	1	2
AT5G46780	2	3	7	15	18
AT5G46790	12	12	13	7	18
AT5G46800	79	73	41	52	51
AT5G46830	0	0	0	1	0
AT5G46840	25	16	10	11	21
AT5G46850	2	4	3	3	6
AT5G46860	43	51	25	42	47
AT5G46870	2	5	2	3	1
AT5G46871	2	3	1	0	1
AT5G46880	5	2	2	1	0
AT5G46910	0	3	0	2	0
AT5G46920	10	10	12	13	7
AT5G46960	1	0	0	0	0
AT5G47010	16	29	13	22	28
AT5G47020	24	18	13	10	22
AT5G47030	173	197	151	175	183
AT5G47040	22	23	19	21	23
AT5G47050	5	9	9	4	9
AT5G47060	4	6	14	12	14
AT5G47070	12	13	11	13	12
AT5G47080	5	18	11	23	21
AT5G47090	10	6	9	8	22
AT5G47100	6	16	5	6	9
AT5G47110	121	108	35	48	44
AT5G47120	71	64	68	85	100
AT5G47140	10	11	4	11	11
AT5G47150	1	0	0	0	0
AT5G47160	0	0	0	0	1
AT5G47180	5	11	3	1	8
AT5G47190	360	433	123	161	185
AT5G47200	65	63	61	79	85
AT5G47210	274	364	176	255	318
AT5G47220	4	7	11	21	9
AT5G47230	0	1	1	2	11
AT5G47240	27	30	23	28	22
AT5G47250	7	6	5	2	4
AT5G47310	41	61	32	42	50
AT5G47320	30	29	13	23	22
AT5G47330	1	2	3	6	2
AT5G47360	1	0	4	1	1
AT5G47370	9	15	1	0	6
AT5G47380	7	6	5	0	5
AT5G47390	24	14	11	17	26
AT5G47400	0	1	2	4	4
AT5G47420	14	5	8	11	7
AT5G47430	12	13	18	31	9
AT5G47435	28	45	42	42	54
AT5G47440	1	3	3	2	1
AT5G47455	16	24	22	25	35
AT5G47460	2	0	0	1	4
AT5G47480	15	19	12	24	12
AT5G47490	9	13	2	6	14
AT5G47500	25	34	19	10	29
AT5G47510	0	3	1	3	2
AT5G47520	10	9	8	2	6
AT5G47540	8	4	4	4	5
AT5G47550	22	11	27	27	29
AT5G47560	16	19	12	23	26
AT5G47570	136	185	101	153	153
AT5G47580	5	1	4	3	4
AT5G47590	0	0	2	0	1
AT5G47600	0	5	0	0	0
AT5G47610	7	5	4	11	8
AT5G47620	16	17	19	15	19
AT5G47630	29	28	12	33	29
AT5G47640	24	32	21	35	23
AT5G47650	6	5	6	6	4
AT5G47660	3	8	3	0	3
AT5G47680	15	30	18	19	26
AT5G47690	35	33	23	30	43
AT5G47700	199	249	144	144	179
AT5G47710	19	11	8	10	6
AT5G47720	9	21	5	5	2
AT5G47730	19	10	13	7	13
AT5G47750	13	23	8	30	14
AT5G47760	14	19	17	22	22
AT5G47770	46	55	26	42	58
AT5G47780	63	73	49	69	50
AT5G47790	6	8	6	2	8
AT5G47800	0	2	2	2	5
AT5G47810	6	7	5	10	10
AT5G47820	36	32	12	31	16
AT5G47830	11	21	14	10	7
AT5G47840	97	102	49	60	70
AT5G47850	0	0	2	1	0
AT5G47860	11	10	7	11	16
AT5G47870	21	11	17	24	22
AT5G47880	14	21	12	23	19
AT5G47890	107	115	106	110	124
AT5G47900	1	6	3	0	3
AT5G47910	10	6	14	13	20
AT5G47920	2	1	1	2	0
AT5G47930	353	429	292	362	450
AT5G47940	3	5	9	1	6
AT5G47970	10	7	8	8	11
AT5G48010	1	0	0	1	0
AT5G48020	15	10	12	10	16
AT5G48030	18	21	19	23	28
AT5G48040	3	1	1	5	4
AT5G48060	1	3	0	0	0
AT5G48090	1	0	0	1	0
AT5G48120	9	10	9	17	15
AT5G48150	38	32	23	34	26
AT5G48160	30	36	18	25	43
AT5G48170	2	4	0	1	1
AT5G48180	21	22	24	39	45
AT5G48210	0	1	0	0	0
AT5G48220	21	22	14	7	9
AT5G48230	52	42	26	23	61
AT5G48240	7	10	7	10	9
AT5G48250	8	4	16	26	7
AT5G48290	1	0	1	1	2
AT5G48300	153	127	42	64	108
AT5G48310	5	10	5	4	5
AT5G48320	1	2	1	1	0
AT5G48330	3	8	1	2	2
AT5G48335	28	37	30	27	26
AT5G48340	7	3	7	0	2
AT5G48360	18	42	15	15	11
AT5G48370	5	10	9	11	5
AT5G48380	33	34	33	44	42
AT5G48385	33	43	37	40	50
AT5G48412	27	31	11	24	14
AT5G48430	0	1	0	0	0
AT5G48440	12	6	6	13	15
AT5G48450	7	14	13	5	15
AT5G48460	18	29	12	14	8
AT5G48470	13	13	6	9	21
AT5G48480	26	29	22	21	27
AT5G48485	34	46	42	27	52
AT5G48490	91	81	3	4	7
AT5G48500	7	9	2	9	5
AT5G48520	5	5	7	8	12
AT5G48530	2	9	1	5	8
AT5G48540	11	12	2	4	16
AT5G48545	17	24	30	22	36
AT5G48560	1	1	2	2	5
AT5G48570	4	4	3	9	15
AT5G48580	49	61	33	40	41
AT5G48590	18	35	19	15	18
AT5G48600	7	12	4	7	6
AT5G48610	2	1	4	6	5
AT5G48620	36	40	35	45	61
AT5G48630	42	35	34	29	52
AT5G48640	14	7	15	10	24
AT5G48650	0	0	1	0	0
AT5G48655	12	16	12	6	23
AT5G48657	2	0	2	2	11
AT5G48660	9	11	6	7	11
AT5G48670	0	0	0	1	0
AT5G48680	12	15	18	27	24
AT5G48690	0	0	0	0	3
AT5G48720	2	2	10	5	4
AT5G48730	13	7	6	2	6
AT5G48740	1	3	1	0	1
AT5G48760	26	33	29	30	47
AT5G48770	2	4	1	1	3
AT5G48775	2	4	1	1	3
AT5G48780	0	1	0	2	0
AT5G48790	74	76	26	26	43
AT5G48800	2	11	1	8	4
AT5G48810	250	210	199	167	222
AT5G48820	1	2	1	2	0
AT5G48830	14	6	6	6	12
AT5G48840	6	10	13	8	11
AT5G48850	2	0	0	0	1
AT5G48870	36	51	15	25	33
AT5G48880	46	40	18	40	36
AT5G48890	0	0	0	0	2
AT5G48900	14	30	10	15	17
AT5G48910	7	6	8	6	9
AT5G48920	3	4	0	0	0
AT5G48930	54	101	35	40	45
AT5G48940	2	0	0	0	0
AT5G48960	26	13	7	12	12
AT5G48970	8	8	12	10	22
AT5G48990	2	2	3	4	5
AT5G49000	3	6	2	3	6
AT5G49010	7	8	2	1	5
AT5G49015	12	10	8	9	12
AT5G49020	19	13	25	22	13
AT5G49030	66	75	43	36	47
AT5G49060	5	8	7	4	8
AT5G49100	17	8	7	9	11
AT5G49120	0	5	0	0	0
AT5G49152	0	1	0	0	2
AT5G49160	27	35	23	15	23
AT5G49170	13	10	1	0	1
AT5G49190	0	0	2	0	0
AT5G49210	19	21	12	7	14
AT5G49215	25	17	15	15	8
AT5G49220	4	9	9	13	11
AT5G49230	10	11	14	5	5
AT5G49280	7	3	6	18	18
AT5G49290	0	1	2	4	3
AT5G49300	0	2	1	1	1
AT5G49320	2	0	0	0	0
AT5G49330	1	3	1	3	4
AT5G49360	36	35	40	35	31
AT5G49390	5	2	3	0	2
AT5G49400	8	14	9	16	13
AT5G49410	1	7	9	6	6
AT5G49430	5	0	1	2	3
AT5G49440	47	64	37	49	50
AT5G49448	16	14	7	9	20
AT5G49450	16	14	7	9	20
AT5G49460	31	23	21	41	30
AT5G49470	9	5	6	6	11
AT5G49480	8	9	10	21	17
AT5G49500	2	1	0	0	0
AT5G49510	40	52	30	34	47
AT5G49520	2	0	1	2	2
AT5G49530	3	16	6	2	12
AT5G49540	23	29	30	23	31
AT5G49550	20	16	9	14	20
AT5G49555	23	20	13	27	24
AT5G49560	3	4	5	3	2
AT5G49570	19	17	25	32	37
AT5G49580	12	7	7	3	6
AT5G49610	0	2	1	2	2
AT5G49615	0	1	0	1	0
AT5G49630	40	59	29	32	50
AT5G49640	19	26	17	41	33
AT5G49650	30	28	40	27	40
AT5G49660	19	18	14	25	20
AT5G49665	6	3	2	5	2
AT5G49680	1	1	0	1	0
AT5G49690	0	0	0	1	0
AT5G49710	12	5	9	6	7
AT5G49720	97	94	58	66	49
AT5G49730	137	94	117	124	137
AT5G49740	39	44	46	69	68
AT5G49760	31	53	36	53	52
AT5G49800	11	2	1	2	0
AT5G49810	22	13	15	22	29
AT5G49820	17	30	5	12	27
AT5G49830	14	20	11	23	17
AT5G49840	10	22	13	16	19
AT5G49880	9	11	8	9	9
AT5G49890	13	16	6	8	14
AT5G49900	4	6	6	9	9
AT5G49910	175	198	65	72	85
AT5G49920	1	0	0	0	0
AT5G49930	15	18	8	7	10
AT5G49940	69	65	23	39	38
AT5G49945	7	8	10	5	14
AT5G49950	6	5	7	4	4
AT5G49960	5	4	2	6	8
AT5G49970	37	30	21	42	33
AT5G49980	35	38	18	36	40
AT5G49990	9	5	4	5	8
AT5G50000	18	41	28	24	30
AT5G50010	2	3	1	1	0
AT5G50011	2	3	1	1	0
AT5G50012	2	3	1	1	0
AT5G50020	13	9	3	7	4
AT5G50090	1	0	3	0	1
AT5G50100	13	9	10	8	11
AT5G50110	8	8	2	10	5
AT5G50130	1	6	4	0	3
AT5G50150	5	3	2	3	5
AT5G50160	14	11	18	11	15
AT5G50170	1	1	1	3	1
AT5G50180	19	25	11	14	28
AT5G50200	9	6	12	14	8
AT5G50210	7	13	14	15	9
AT5G50230	6	7	11	10	10
AT5G50240	1	0	3	4	3
AT5G50250	73	69	20	29	29
AT5G50280	6	8	3	4	4
AT5G50290	1	0	1	2	1
AT5G50310	16	29	26	24	48
AT5G50320	20	21	27	13	31
AT5G50330	4	5	1	1	2
AT5G50335	32	23	12	10	5
AT5G50340	3	6	4	1	6
AT5G50350	7	9	8	6	10
AT5G50370	7	16	7	8	12
AT5G50375	10	19	11	5	12
AT5G50380	15	16	10	19	23
AT5G50390	1	1	2	2	0
AT5G50400	4	3	2	10	8
AT5G50410	20	16	13	20	30
AT5G50420	12	16	3	6	4
AT5G50430	24	13	26	26	34
AT5G50440	0	5	1	3	7
AT5G50450	11	4	5	7	6
AT5G50460	113	153	177	159	199
AT5G50520	15	9	10	5	9
AT5G50530	5	0	4	2	3
AT5G50540	0	0	1	1	0
AT5G50550	4	2	2	4	5
AT5G50560	1	1	0	0	0
AT5G50565	18	17	11	21	21
AT5G50570	13	14	5	11	9
AT5G50580	9	14	10	17	24
AT5G50600	0	0	1	0	0
AT5G50610	0	0	1	0	0
AT5G50630	20	3	5	12	15
AT5G50640	3	4	1	3	1
AT5G50645	0	0	0	1	0
AT5G50650	5	5	3	4	4
AT5G50660	1	0	0	0	0
AT5G50665	15	14	16	15	17
AT5G50670	8	7	4	5	7
AT5G50680	12	19	9	9	16
AT5G50700	0	1	1	0	0
AT5G50720	6	5	3	0	6
AT5G50740	32	44	15	20	17
AT5G50750	0	0	0	0	2
AT5G50780	3	3	1	3	2
AT5G50790	0	9	1	0	1
AT5G50800	1	0	1	0	0
AT5G50810	36	61	67	65	93
AT5G50820	0	0	4	1	1
AT5G50840	13	11	21	8	7
AT5G50850	60	76	70	72	69
AT5G50860	12	11	11	5	9
AT5G50870	58	48	45	58	56
AT5G50890	2	5	6	5	2
AT5G50900	11	9	5	9	3
AT5G50915	17	21	9	15	12
AT5G50920	448	441	132	141	177
AT5G50930	0	5	1	2	3
AT5G50950	191	152	38	24	55
AT5G50960	17	18	17	37	28
AT5G50970	7	8	3	6	4
AT5G50990	0	0	0	1	3
AT5G51010	69	110	93	83	110
AT5G51020	49	61	60	28	40
AT5G51030	0	3	0	0	0
AT5G51040	20	19	34	26	31
AT5G51050	6	11	5	12	12
AT5G51060	0	0	0	0	1
AT5G51070	21	23	23	19	29
AT5G51080	0	5	1	0	3
AT5G51100	38	34	21	22	28
AT5G51110	270	238	74	75	110
AT5G51120	17	27	16	20	17
AT5G51130	3	2	0	2	3
AT5G51140	37	21	19	24	28
AT5G51150	13	18	8	7	21
AT5G51170	2	5	1	9	7
AT5G51174	1	1	0	2	1
AT5G51180	10	12	14	7	34
AT5G51190	3	0	12	4	15
AT5G51200	22	18	37	40	52
AT5G51210	0	0	1	0	0
AT5G51220	13	11	10	18	28
AT5G51230	5	1	8	10	9
AT5G51260	4	1	8	4	4
AT5G51280	16	16	11	16	21
AT5G51290	10	8	3	5	14
AT5G51300	37	52	37	42	42
AT5G51310	0	1	1	0	0
AT5G51340	8	11	10	12	7
AT5G51350	4	2	3	9	3
AT5G51370	1	3	1	1	1
AT5G51380	4	4	5	2	3
AT5G51390	0	0	3	1	2
AT5G51400	55	74	76	87	105
AT5G51410	17	16	10	7	8
AT5G51430	17	17	15	26	24
AT5G51440	0	0	11	6	10
AT5G51450	6	4	4	11	4
AT5G51451	0	0	0	0	1
AT5G51460	7	7	4	3	8
AT5G51470	0	0	0	1	0
AT5G51480	0	0	3	0	0
AT5G51510	17	16	20	23	26
AT5G51530	1	1	1	0	0
AT5G51540	5	2	3	4	4
AT5G51545	67	97	32	37	38
AT5G51550	114	116	67	47	68
AT5G51560	32	27	27	23	25
AT5G51570	19	24	28	23	27
AT5G51580	2	4	14	19	20
AT5G51590	0	1	0	1	2
AT5G51600	3	3	3	9	5
AT5G51610	0	0	0	0	2
AT5G51620	41	37	36	39	57
AT5G51630	0	0	0	1	4
AT5G51640	5	11	5	3	7
AT5G51660	8	9	4	7	5
AT5G51670	4	1	2	6	1
AT5G51680	4	4	6	1	7
AT5G51690	4	3	5	2	3
AT5G51700	15	9	20	21	19
AT5G51710	5	6	7	8	7
AT5G51720	55	52	80	93	125
AT5G51730	13	11	5	10	15
AT5G51740	3	2	4	8	6
AT5G51750	54	77	35	45	67
AT5G51770	0	3	3	5	1
AT5G51780	0	0	0	0	1
AT5G51790	0	3	2	0	2
AT5G51795	3	5	1	4	2
AT5G51810	0	1	0	0	0
AT5G51820	67	60	45	39	46
AT5G51830	11	10	6	9	13
AT5G51840	20	12	16	14	12
AT5G51850	1	5	0	3	1
AT5G51880	30	39	39	33	36
AT5G51890	1	1	3	3	2
AT5G51910	2	3	1	0	5
AT5G51940	36	40	45	49	62
AT5G51950	0	0	0	0	1
AT5G51960	14	26	8	18	15
AT5G51970	71	55	54	65	70
AT5G51980	6	11	6	7	14
AT5G52010	10	16	9	14	14
AT5G52030	5	5	2	8	8
AT5G52040	52	76	50	51	56
AT5G52050	0	0	5	0	0
AT5G52060	36	23	12	10	17
AT5G52070	4	5	3	4	1
AT5G52100	42	46	23	35	26
AT5G52110	51	55	25	39	31
AT5G52120	2	0	2	3	7
AT5G52160	0	0	1	0	0
AT5G52170	0	1	0	0	0
AT5G52180	5	8	2	4	5
AT5G52190	24	16	13	18	18
AT5G52200	24	26	26	41	45
AT5G52210	5	20	13	22	17
AT5G52220	3	4	1	1	7
AT5G52230	6	5	0	6	4
AT5G52240	135	118	125	146	133
AT5G52250	1	1	0	0	0
AT5G52280	10	20	9	6	17
AT5G52290	0	0	1	0	0
AT5G52300	1	0	0	0	0
AT5G52310	25	21	17	23	22
AT5G52320	15	7	22	14	13
AT5G52340	0	0	1	0	0
AT5G52370	28	32	21	13	33
AT5G52380	9	3	4	12	16
AT5G52390	1	2	4	4	7
AT5G52410	8	1	1	3	3
AT5G52420	12	15	13	11	12
AT5G52430	3	10	15	10	13
AT5G52440	93	132	40	50	62
AT5G52450	2	12	5	6	5
AT5G52470	103	139	149	170	143
AT5G52510	7	7	4	5	2
AT5G52520	35	45	11	20	25
AT5G52530	8	11	10	10	14
AT5G52540	14	15	5	8	7
AT5G52545	2	2	3	3	7
AT5G52547	0	1	2	2	1
AT5G52550	6	9	11	11	7
AT5G52552	6	9	11	11	7
AT5G52560	14	13	3	18	15
AT5G52570	1	4	1	0	1
AT5G52580	17	15	10	19	21
AT5G52600	1	1	0	1	0
AT5G52630	2	0	0	0	3
AT5G52640	5	0	9	12	16
AT5G52650	337	422	193	239	304
AT5G52660	2	4	7	11	13
AT5G52720	0	0	0	2	0
AT5G52730	0	0	0	0	2
AT5G52740	0	3	2	1	3
AT5G52750	32	7	70	85	108
AT5G52760	18	8	54	31	56
AT5G52780	68	63	27	43	38
AT5G52790	0	1	1	1	0
AT5G52800	1	1	0	0	0
AT5G52810	27	22	3	7	13
AT5G52820	9	6	15	16	17
AT5G52830	2	0	1	1	1
AT5G52840	135	166	91	99	127
AT5G52850	1	2	5	1	1
AT5G52860	2	0	1	0	1
AT5G52870	3	2	2	2	6
AT5G52880	12	6	6	8	10
AT5G52882	28	25	9	15	35
AT5G52890	1	0	1	2	3
AT5G52900	12	8	5	4	2
AT5G52910	2	6	4	1	4
AT5G52920	101	125	53	52	58
AT5G52930	0	2	3	1	4
AT5G52940	0	4	1	1	5
AT5G52950	2	1	2	2	3
AT5G52960	82	85	37	56	60
AT5G52970	117	97	33	66	47
AT5G52980	8	7	1	8	10
AT5G52990	0	1	0	1	0
AT5G53000	20	16	18	7	15
AT5G53010	5	7	1	12	7
AT5G53020	1	4	7	15	1
AT5G53030	0	1	1	0	0
AT5G53045	13	12	8	14	33
AT5G53048	18	22	21	33	27
AT5G53050	18	20	25	35	27
AT5G53060	12	5	7	10	15
AT5G53070	5	1	1	7	4
AT5G53080	2	3	3	1	0
AT5G53090	2	7	2	4	4
AT5G53110	0	0	1	3	0
AT5G53120	24	26	21	18	34
AT5G53130	22	14	23	9	26
AT5G53140	56	34	27	45	47
AT5G53150	4	3	7	8	6
AT5G53160	24	31	26	36	26
AT5G53170	33	35	28	38	43
AT5G53180	21	34	19	25	32
AT5G53200	0	2	5	3	8
AT5G53210	4	1	1	0	1
AT5G53220	3	3	0	2	4
AT5G53230	0	0	2	0	1
AT5G53240	0	0	0	1	0
AT5G53250	0	1	1	0	1
AT5G53280	19	15	17	17	30
AT5G53290	1	0	0	3	3
AT5G53300	526	515	487	543	613
AT5G53310	23	28	29	24	17
AT5G53330	17	27	25	19	26
AT5G53340	7	14	4	12	9
AT5G53350	62	44	42	38	43
AT5G53360	5	7	4	7	9
AT5G53370	47	37	46	43	60
AT5G53390	1	0	0	0	0
AT5G53400	15	18	3	4	9
AT5G53420	7	4	13	5	14
AT5G53430	3	4	2	2	2
AT5G53440	12	17	7	6	13
AT5G53450	85	86	7	12	13
AT5G53460	53	54	38	46	53
AT5G53470	3	13	10	10	12
AT5G53480	42	42	36	47	33
AT5G53486	12	6	1	5	5
AT5G53490	209	185	77	74	108
AT5G53500	15	19	4	14	10
AT5G53530	22	16	12	22	20
AT5G53540	22	34	12	24	16
AT5G53550	7	4	6	16	15
AT5G53560	193	204	217	228	319
AT5G53570	17	31	17	11	13
AT5G53580	39	37	36	36	53
AT5G53588	4	2	1	7	6
AT5G53590	4	2	1	7	6
AT5G53592	2	2	0	6	5
AT5G53620	25	24	17	29	33
AT5G53650	64	42	74	46	75
AT5G53660	6	3	0	1	1
AT5G53700	0	0	0	1	1
AT5G53730	5	3	7	10	5
AT5G53740	19	15	45	55	55
AT5G53750	1	1	0	1	0
AT5G53760	9	2	4	2	9
AT5G53770	4	10	11	9	14
AT5G53800	16	15	19	9	16
AT5G53810	3	4	3	0	7
AT5G53820	0	1	0	1	0
AT5G53830	2	5	0	2	5
AT5G53850	25	43	26	38	40
AT5G53860	48	46	50	49	73
AT5G53870	2	0	1	0	3
AT5G53880	98	100	71	125	138
AT5G53890	1	3	1	1	5
AT5G53895	0	0	1	0	1
AT5G53900	18	15	8	12	12
AT5G53902	29	24	77	74	104
AT5G53905	29	24	77	74	104
AT5G53920	2	5	7	9	6
AT5G53930	9	13	6	6	12
AT5G53940	34	34	36	38	36
AT5G53960	0	2	0	0	0
AT5G53970	8	6	9	13	14
AT5G54040	0	0	0	1	0
AT5G54060	0	1	0	0	0
AT5G54067	1	0	0	1	1
AT5G54070	51	82	112	100	112
AT5G54075	51	82	112	99	112
AT5G54080	14	9	17	19	11
AT5G54090	9	9	6	12	3
AT5G54100	11	13	16	21	20
AT5G54110	24	17	12	12	21
AT5G54130	2	2	0	5	4
AT5G54140	4	2	0	4	2
AT5G54145	7	7	21	17	20
AT5G54148	2	0	1	3	3
AT5G54160	74	92	48	51	61
AT5G54165	0	1	0	1	2
AT5G54170	5	7	15	25	20
AT5G54180	21	15	5	4	10
AT5G54190	81	99	3	1	3
AT5G54200	0	2	1	3	2
AT5G54250	10	9	12	12	18
AT5G54260	3	4	1	3	5
AT5G54270	6182	6019	1030	1005	1479
AT5G54280	30	51	4	19	20
AT5G54290	47	51	20	36	45
AT5G54300	0	1	4	0	1
AT5G54310	50	33	47	31	38
AT5G54380	21	12	10	13	10
AT5G54390	16	14	27	17	27
AT5G54430	71	88	49	62	67
AT5G54440	16	8	7	31	18
AT5G54470	6	3	2	1	3
AT5G54490	5	1	11	17	23
AT5G54500	50	43	49	51	59
AT5G54510	13	23	10	9	3
AT5G54520	1	3	4	4	2
AT5G54530	7	6	3	0	8
AT5G54540	94	80	54	61	73
AT5G54550	0	0	1	0	1
AT5G54560	0	0	0	3	0
AT5G54569	1	3	4	0	3
AT5G54570	0	2	0	0	0
AT5G54580	43	51	36	32	53
AT5G54585	7	7	3	4	8
AT5G54590	8	6	3	1	6
AT5G54600	379	440	162	177	288
AT5G54610	23	28	23	26	31
AT5G54630	16	24	12	7	9
AT5G54640	38	36	47	52	49
AT5G54650	5	1	0	3	4
AT5G54660	1	3	6	5	11
AT5G54670	4	5	0	6	4
AT5G54680	77	61	38	45	68
AT5G54690	1	1	0	1	1
AT5G54700	0	0	0	0	2
AT5G54710	3	9	6	7	7
AT5G54720	0	2	4	0	5
AT5G54730	6	3	9	4	5
AT5G54750	29	45	24	36	44
AT5G54760	148	166	162	132	198
AT5G54770	1969	1920	1279	1548	1726
AT5G54780	0	2	1	6	6
AT5G54800	17	11	12	9	16
AT5G54810	120	124	96	112	113
AT5G54830	2	1	0	1	0
AT5G54840	1	5	2	1	2
AT5G54850	6	4	1	1	7
AT5G54855	26	30	16	22	39
AT5G54860	12	6	6	15	3
AT5G54870	17	22	24	21	23
AT5G54880	3	2	3	1	6
AT5G54890	2	6	3	7	2
AT5G54900	63	50	64	71	76
AT5G54910	3	3	6	8	11
AT5G54920	9	3	4	6	6
AT5G54930	3	10	16	10	19
AT5G54940	168	121	163	212	262
AT5G54950	1	0	0	0	0
AT5G54960	28	20	36	40	41
AT5G54970	57	51	34	33	46
AT5G54980	12	17	13	30	19
AT5G55000	10	9	13	13	9
AT5G55010	1	0	0	0	0
AT5G55040	13	31	15	14	19
AT5G55050	5	1	5	6	3
AT5G55060	7	6	6	4	4
AT5G55070	39	35	27	28	36
AT5G55090	0	1	1	0	0
AT5G55100	10	13	4	14	13
AT5G55120	10	14	7	13	15
AT5G55125	30	33	47	48	52
AT5G55130	16	28	11	21	23
AT5G55140	30	22	24	28	40
AT5G55150	0	0	0	1	0
AT5G55160	116	107	84	117	135
AT5G55170	0	4	0	3	4
AT5G55180	23	20	7	11	14
AT5G55190	82	86	103	117	158
AT5G55200	6	7	9	12	14
AT5G55210	23	45	27	27	50
AT5G55220	156	166	43	59	83
AT5G55230	40	49	22	37	36
AT5G55250	2	0	0	0	0
AT5G55260	2	10	2	3	2
AT5G55270	0	0	0	4	2
AT5G55280	67	97	30	29	35
AT5G55290	72	58	59	66	81
AT5G55300	28	14	7	24	33
AT5G55310	8	17	12	13	21
AT5G55330	0	2	0	0	0
AT5G55340	1	0	2	0	2
AT5G55380	0	4	2	0	10
AT5G55390	15	16	21	14	27
AT5G55400	4	5	5	1	2
AT5G55410	1	0	0	1	1
AT5G55440	0	0	1	0	0
AT5G55450	218	149	122	153	199
AT5G55460	24	22	53	63	74
AT5G55470	2	0	2	1	1
AT5G55480	17	21	14	11	15
AT5G55490	4	4	2	5	6
AT5G55500	5	9	5	12	8
AT5G55510	22	23	11	10	32
AT5G55520	9	11	2	3	4
AT5G55530	26	26	13	22	28
AT5G55540	9	21	12	10	13
AT5G55550	3	13	11	6	14
AT5G55560	2	2	2	2	3
AT5G55570	0	0	1	0	0
AT5G55580	10	9	7	10	7
AT5G55600	5	14	8	12	11
AT5G55610	9	15	10	6	11
AT5G55620	90	70	84	98	90
AT5G55630	12	21	8	7	17
AT5G55640	11	8	10	12	14
AT5G55650	0	1	0	0	1
AT5G55660	52	47	32	30	49
AT5G55670	8	14	9	7	15
AT5G55680	2	0	0	0	0
AT5G55690	0	0	1	0	0
AT5G55700	10	7	11	5	17
AT5G55710	82	98	53	40	49
AT5G55720	0	2	0	1	4
AT5G55730	21	26	16	8	16
AT5G55740	2	15	13	13	14
AT5G55760	3	3	5	2	1
AT5G55790	19	5	6	10	11
AT5G55810	5	6	6	5	6
AT5G55820	2	6	6	4	5
AT5G55830	1	1	3	1	1
AT5G55840	2	2	2	2	1
AT5G55850	61	54	45	38	57
AT5G55860	8	5	6	6	5
AT5G55893	1	0	0	0	0
AT5G55900	1	5	2	4	3
AT5G55910	23	20	18	13	27
AT5G55920	21	39	14	39	37
AT5G55930	8	9	3	8	5
AT5G55940	36	33	33	27	44
AT5G55950	1	0	1	3	1
AT5G55960	23	17	7	14	17
AT5G55970	0	1	2	0	0
AT5G55990	25	26	19	20	22
AT5G56000	20	26	22	20	25
AT5G56010	74	96	99	117	154
AT5G56020	14	16	8	18	14
AT5G56030	128	186	167	203	252
AT5G56040	2	13	8	7	6
AT5G56050	1	1	0	2	0
AT5G56090	6	8	12	13	5
AT5G56100	3	7	0	5	2
AT5G56120	8	11	7	2	10
AT5G56130	23	27	19	15	22
AT5G56140	34	36	28	21	14
AT5G56150	21	22	20	27	31
AT5G56160	4	0	0	0	0
AT5G56170	60	69	37	42	64
AT5G56180	15	12	11	15	14
AT5G56190	17	12	13	13	14
AT5G56210	11	6	10	7	12
AT5G56220	4	3	2	2	3
AT5G56230	3	0	0	0	1
AT5G56240	14	11	13	12	6
AT5G56250	11	10	8	10	15
AT5G56260	57	59	43	56	85
AT5G56270	7	4	11	2	6
AT5G56280	23	22	28	14	26
AT5G56290	20	22	22	47	33
AT5G56300	0	1	0	0	0
AT5G56310	1	0	1	2	2
AT5G56340	12	11	3	8	10
AT5G56350	17	29	37	41	43
AT5G56360	46	48	33	36	44
AT5G56369	0	1	0	0	0
AT5G56370	3	3	2	0	7
AT5G56380	7	15	3	7	8
AT5G56420	4	6	5	4	2
AT5G56450	2	5	3	6	2
AT5G56460	2	4	1	4	5
AT5G56470	0	0	0	1	0
AT5G56490	2	3	0	0	1
AT5G56500	23	28	9	30	20
AT5G56520	7	4	9	9	2
AT5G56530	8	4	2	3	4
AT5G56540	1	4	0	3	3
AT5G56550	7	3	9	7	7
AT5G56580	4	4	9	1	10
AT5G56590	9	7	3	9	14
AT5G56600	62	53	41	74	70
AT5G56610	2	6	4	1	6
AT5G56630	20	40	16	20	18
AT5G56650	17	15	14	26	36
AT5G56660	17	5	16	25	18
AT5G56670	260	304	190	224	288
AT5G56680	39	50	63	67	68
AT5G56700	0	0	0	0	1
AT5G56710	370	438	197	214	293
AT5G56720	2	1	2	0	1
AT5G56730	6	2	0	8	4
AT5G56740	16	8	7	7	13
AT5G56750	8	5	11	7	9
AT5G56760	30	24	33	31	40
AT5G56780	3	4	3	8	6
AT5G56790	4	6	0	6	8
AT5G56795	3	0	2	7	2
AT5G56800	0	0	0	0	1
AT5G56810	0	0	1	5	1
AT5G56840	4	3	2	5	0
AT5G56850	17	22	17	20	14
AT5G56860	6	23	19	26	34
AT5G56870	1	1	5	2	8
AT5G56890	22	26	20	19	22
AT5G56900	14	10	8	15	9
AT5G56910	15	13	16	25	16
AT5G56930	2	2	2	7	3
AT5G56940	45	51	40	45	45
AT5G56950	19	14	20	24	25
AT5G56970	0	0	0	0	1
AT5G56980	8	22	6	11	12
AT5G56990	2	0	1	0	2
AT5G57000	10	7	13	11	20
AT5G57010	1	0	1	1	0
AT5G57015	4	9	3	12	4
AT5G57020	24	25	23	19	30
AT5G57030	42	40	21	33	33
AT5G57035	16	10	16	17	30
AT5G57040	92	76	48	52	40
AT5G57050	2	1	0	0	4
AT5G57060	6	6	9	1	6
AT5G57070	2	2	2	1	2
AT5G57080	5	2	10	13	16
AT5G57090	1	0	0	0	0
AT5G57100	8	3	4	1	3
AT5G57110	17	7	21	15	15
AT5G57120	52	70	36	51	54
AT5G57123	5	6	9	3	12
AT5G57130	3	3	3	0	1
AT5G57150	15	1	4	7	11
AT5G57160	4	20	6	6	3
AT5G57170	38	30	28	29	42
AT5G57180	21	32	17	22	20
AT5G57190	0	1	0	0	1
AT5G57210	4	3	6	6	3
AT5G57220	2	0	1	3	2
AT5G57230	6	1	12	6	16
AT5G57240	5	8	1	9	0
AT5G57250	5	5	1	7	0
AT5G57270	10	7	4	7	11
AT5G57280	13	14	14	15	14
AT5G57290	219	320	162	194	208
AT5G57300	10	13	2	6	7
AT5G57320	0	1	0	0	0
AT5G57330	44	38	32	43	33
AT5G57340	9	8	9	7	4
AT5G57345	66	82	20	14	19
AT5G57350	58	51	36	38	38
AT5G57360	14	16	11	12	12
AT5G57370	30	32	19	19	32
AT5G57390	2	3	1	0	0
AT5G57410	1	10	7	4	8
AT5G57440	25	26	11	14	30
AT5G57450	0	0	1	1	1
AT5G57460	24	30	12	23	30
AT5G57480	2	0	0	1	2
AT5G57490	27	27	24	23	32
AT5G57500	1	1	0	1	0
AT5G57520	0	5	0	0	1
AT5G57550	11	1	1	7	2
AT5G57560	23	23	75	63	113
AT5G57565	4	2	7	6	10
AT5G57567	0	0	1	0	0
AT5G57570	2	1	0	1	2
AT5G57580	35	24	31	47	37
AT5G57590	1	7	4	5	4
AT5G57610	5	3	3	7	6
AT5G57630	20	14	27	35	20
AT5G57640	0	2	0	0	2
AT5G57655	99	108	63	62	102
AT5G57660	72	53	48	55	66
AT5G57670	0	0	0	0	2
AT5G57685	8	8	2	1	1
AT5G57700	18	22	11	18	16
AT5G57710	21	35	21	23	37
AT5G57740	0	0	1	0	1
AT5G57760	14	20	3	4	7
AT5G57770	14	25	2	8	6
AT5G57780	12	11	7	7	12
AT5G57785	9	6	11	11	13
AT5G57790	1	7	2	7	2
AT5G57800	20	27	25	27	30
AT5G57815	58	53	49	51	49
AT5G57830	2	3	2	3	3
AT5G57840	4	2	1	1	0
AT5G57850	32	32	15	7	19
AT5G57860	28	24	29	22	37
AT5G57870	50	35	31	30	48
AT5G57880	22	22	23	24	29
AT5G57887	31	29	34	31	42
AT5G57890	7	16	5	9	12
AT5G57900	8	5	5	7	5
AT5G57910	4	6	2	6	7
AT5G57930	79	72	33	48	56
AT5G57940	17	27	9	13	19
AT5G57950	9	5	6	13	13
AT5G57960	14	19	11	14	18
AT5G57970	9	3	2	7	4
AT5G57980	0	0	0	1	0
AT5G57990	43	46	34	44	63
AT5G58000	4	4	0	3	5
AT5G58003	1	2	7	3	7
AT5G58005	31	31	20	21	44
AT5G58020	24	21	20	16	23
AT5G58030	27	36	12	27	33
AT5G58040	10	14	9	16	21
AT5G58050	2	0	0	0	0
AT5G58060	72	67	55	68	56
AT5G58070	285	223	185	229	278
AT5G58090	27	20	24	14	16
AT5G58100	17	21	20	34	39
AT5G58110	38	24	29	34	39
AT5G58120	1	3	7	8	9
AT5G58130	7	9	8	4	13
AT5G58140	119	108	85	107	122
AT5G58150	4	5	16	7	5
AT5G58160	0	0	0	1	1
AT5G58190	6	7	5	4	6
AT5G58200	24	32	38	45	37
AT5G58210	10	7	6	5	9
AT5G58220	36	42	30	41	42
AT5G58230	24	14	40	30	36
AT5G58240	40	39	29	33	32
AT5G58250	353	328	96	127	152
AT5G58260	43	40	39	27	39
AT5G58270	19	21	8	13	10
AT5G58280	0	0	1	1	0
AT5G58290	82	59	96	91	139
AT5G58300	11	18	8	15	8
AT5G58310	3	6	4	12	8
AT5G58320	3	8	2	4	2
AT5G58330	211	218	113	141	164
AT5G58340	0	0	1	1	2
AT5G58350	4	3	4	3	1
AT5G58370	4	2	2	9	6
AT5G58375	39	28	26	39	34
AT5G58380	11	14	13	9	26
AT5G58390	1	7	3	3	1
AT5G58410	10	7	11	16	20
AT5G58420	277	306	192	172	282
AT5G58430	20	14	25	25	39
AT5G58440	22	17	13	15	31
AT5G58450	25	10	16	13	36
AT5G58470	5	14	14	18	26
AT5G58480	17	8	11	12	15
AT5G58490	29	37	30	46	78
AT5G58500	1	2	0	0	2
AT5G58510	5	6	4	4	6
AT5G58520	7	9	5	1	8
AT5G58530	5	4	3	7	4
AT5G58540	5	5	6	10	9
AT5G58550	4	1	0	2	3
AT5G58560	27	37	19	16	38
AT5G58570	11	4	15	15	27
AT5G58575	4	3	12	11	11
AT5G58580	0	3	3	2	1
AT5G58590	28	38	23	32	31
AT5G58595	0	0	0	1	0
AT5G58600	32	23	11	17	19
AT5G58620	1	5	0	4	2
AT5G58640	39	26	30	29	37
AT5G58650	10	9	3	2	8
AT5G58670	35	25	18	14	16
AT5G58680	1	1	0	1	1
AT5G58690	4	1	2	0	1
AT5G58700	7	2	6	1	3
AT5G58710	107	149	91	104	149
AT5G58720	15	17	16	14	21
AT5G58730	5	4	4	6	6
AT5G58740	51	46	29	41	39
AT5G58760	1	2	2	0	4
AT5G58770	0	1	3	1	3
AT5G58787	18	10	6	11	12
AT5G58790	1	4	6	6	9
AT5G58800	25	23	22	21	24
AT5G58870	22	15	13	26	13
AT5G58900	19	9	10	14	10
AT5G58920	10	18	13	23	17
AT5G58930	8	26	14	12	13
AT5G58940	1	2	4	2	9
AT5G58950	59	58	30	29	32
AT5G58960	22	29	9	3	8
AT5G58970	7	8	7	8	11
AT5G58980	9	4	1	2	4
AT5G58990	14	14	12	16	31
AT5G59000	22	11	6	9	10
AT5G59010	8	27	6	16	17
AT5G59020	0	3	1	1	0
AT5G59030	43	35	48	58	56
AT5G59050	3	7	2	1	1
AT5G59070	3	0	0	0	0
AT5G59080	19	25	16	13	11
AT5G59090	0	0	0	1	0
AT5G59130	22	23	14	14	19
AT5G59140	43	58	72	78	82
AT5G59150	13	26	4	11	14
AT5G59160	21	31	14	21	25
AT5G59180	8	9	4	13	13
AT5G59190	0	1	2	2	0
AT5G59200	1	3	0	1	1
AT5G59210	18	13	13	16	12
AT5G59220	1	0	0	0	0
AT5G59240	2	1	1	0	1
AT5G59250	28	42	11	13	19
AT5G59290	33	56	39	48	44
AT5G59300	30	29	21	23	29
AT5G59305	5	4	1	1	0
AT5G59310	3	1	0	1	6
AT5G59320	1	3	1	6	6
AT5G59350	11	19	13	9	8
AT5G59360	1	5	0	3	1
AT5G59370	1	0	1	0	0
AT5G59380	3	5	7	8	2
AT5G59385	0	0	1	0	1
AT5G59400	2	5	10	6	12
AT5G59410	5	8	6	7	13
AT5G59420	40	44	40	50	44
AT5G59430	14	18	3	19	6
AT5G59440	16	21	15	13	31
AT5G59450	9	7	3	5	7
AT5G59460	6	10	6	8	12
AT5G59470	6	8	5	16	5
AT5G59480	17	23	10	22	13
AT5G59500	33	40	8	16	21
AT5G59520	0	1	0	0	0
AT5G59530	0	0	2	0	0
AT5G59540	30	17	12	16	16
AT5G59550	9	5	7	11	18
AT5G59560	1	5	2	10	9
AT5G59570	2	0	0	2	0
AT5G59580	2	0	1	1	1
AT5G59600	1	1	1	3	1
AT5G59610	11	17	12	7	8
AT5G59613	232	245	246	237	378
AT5G59660	2	2	6	5	1
AT5G59662	0	2	2	6	1
AT5G59670	24	19	20	32	20
AT5G59680	2	1	1	6	2
AT5G59690	291	321	111	106	172
AT5G59700	2	1	3	1	1
AT5G59710	13	13	12	10	18
AT5G59720	5	5	1	2	1
AT5G59730	13	6	10	8	5
AT5G59732	4	0	0	0	1
AT5G59740	0	0	2	0	1
AT5G59750	18	8	15	11	21
AT5G59770	12	16	17	22	35
AT5G59780	5	3	5	8	10
AT5G59790	2	3	3	1	2
AT5G59800	0	3	7	7	10
AT5G59820	1	1	14	14	45
AT5G59830	5	3	9	7	12
AT5G59840	27	14	20	24	24
AT5G59845	1	2	0	1	1
AT5G59850	216	242	113	124	181
AT5G59860	2	0	0	2	0
AT5G59870	145	203	79	73	115
AT5G59880	249	255	229	278	301
AT5G59890	118	103	91	99	125
AT5G59900	6	5	0	3	1
AT5G59910	293	319	170	210	277
AT5G59920	7	1	9	17	7
AT5G59950	53	73	59	70	52
AT5G59960	8	12	11	7	12
AT5G59970	73	85	41	26	57
AT5G59980	0	1	2	2	5
AT5G59990	1	1	0	0	0
AT5G60020	6	4	0	3	2
AT5G60022	3	2	0	1	1
AT5G60030	7	8	8	9	16
AT5G60040	10	11	6	7	9
AT5G60050	1	8	1	9	3
AT5G60100	6	3	6	9	11
AT5G60120	5	12	10	19	11
AT5G60140	1	0	0	0	0
AT5G60150	2	7	1	2	6
AT5G60160	47	39	41	36	55
AT5G60170	16	16	13	13	7
AT5G60190	6	5	10	12	10
AT5G60200	5	9	7	4	4
AT5G60210	17	18	13	7	9
AT5G60230	1	1	0	1	10
AT5G60240	1	0	0	0	0
AT5G60250	0	2	1	1	4
AT5G60270	1	2	5	1	3
AT5G60280	0	0	0	0	1
AT5G60285	0	0	1	0	0
AT5G60300	5	5	3	1	6
AT5G60330	0	0	0	1	0
AT5G60335	1	0	1	1	2
AT5G60340	95	88	90	101	123
AT5G60360	247	211	181	223	238
AT5G60370	6	3	2	1	8
AT5G60380	1	0	0	0	0
AT5G60390	1105	1433	767	906	1107
AT5G60400	40	69	51	48	68
AT5G60410	22	23	13	28	9
AT5G60430	2	0	2	0	5
AT5G60440	2	1	1	1	1
AT5G60450	10	13	12	7	9
AT5G60460	8	7	11	6	12
AT5G60470	0	1	0	0	0
AT5G60490	6	3	1	0	7
AT5G60540	21	18	13	24	29
AT5G60548	18	23	21	22	27
AT5G60550	18	23	21	22	27
AT5G60570	27	20	9	20	21
AT5G60580	11	4	7	9	8
AT5G60590	1	8	7	7	8
AT5G60600	105	110	36	43	57
AT5G60610	0	0	3	0	0
AT5G60620	40	30	16	28	28
AT5G60630	6	5	2	2	13
AT5G60640	55	35	29	47	42
AT5G60650	2	1	0	0	1
AT5G60660	1	1	1	1	0
AT5G60670	91	119	64	75	93
AT5G60680	38	14	33	20	21
AT5G60690	10	17	5	13	2
AT5G60700	4	4	1	2	7
AT5G60710	6	9	4	10	7
AT5G60720	4	1	1	1	1
AT5G60730	0	3	5	2	3
AT5G60750	20	20	5	8	12
AT5G60790	30	53	22	27	39
AT5G60800	26	17	24	27	41
AT5G60820	4	1	1	3	2
AT5G60840	24	34	25	16	24
AT5G60850	7	7	1	3	7
AT5G60860	16	17	9	7	10
AT5G60870	6	6	3	1	3
AT5G60880	4	6	1	2	0
AT5G60890	4	8	5	5	7
AT5G60900	16	12	24	31	31
AT5G60910	9	13	20	22	26
AT5G60920	98	96	52	67	68
AT5G60930	12	11	5	5	7
AT5G60940	13	22	6	7	12
AT5G60950	37	22	14	13	10
AT5G60960	30	31	21	23	29
AT5G60970	0	2	0	2	5
AT5G60980	18	23	28	13	12
AT5G60990	24	12	11	10	8
AT5G61000	7	25	4	5	10
AT5G61010	30	19	39	40	33
AT5G61020	38	44	32	22	33
AT5G61030	16	22	20	24	18
AT5G61040	9	5	2	9	8
AT5G61060	18	22	15	22	24
AT5G61070	4	4	2	4	6
AT5G61130	60	72	43	72	97
AT5G61140	5	10	6	13	21
AT5G61150	24	28	10	19	28
AT5G61160	0	0	0	2	0
AT5G61170	273	352	163	207	271
AT5G61190	17	12	6	7	9
AT5G61200	9	7	1	3	9
AT5G61210	53	40	41	60	70
AT5G61220	32	26	31	34	36
AT5G61228	45	30	35	39	27
AT5G61230	45	30	35	39	27
AT5G61240	33	31	26	25	45
AT5G61250	3	0	7	5	4
AT5G61260	0	0	0	0	3
AT5G61270	24	18	13	12	14
AT5G61280	0	0	0	2	0
AT5G61290	1	1	5	2	9
AT5G61300	1	3	2	3	4
AT5G61310	30	35	15	20	36
AT5G61330	18	20	11	23	25
AT5G61340	1	5	2	1	2
AT5G61350	0	0	1	0	0
AT5G61360	0	1	0	2	4
AT5G61370	4	4	7	3	10
AT5G61380	19	15	22	27	27
AT5G61390	3	4	2	4	2
AT5G61400	0	0	0	1	0
AT5G61410	684	703	263	304	371
AT5G61412	0	1	1	1	2
AT5G61420	36	31	37	33	42
AT5G61430	0	0	2	0	1
AT5G61440	12	20	1	6	13
AT5G61450	17	10	14	9	17
AT5G61455	5	6	15	10	18
AT5G61460	2	2	6	4	0
AT5G61480	3	9	3	4	6
AT5G61490	0	1	0	2	2
AT5G61500	35	33	34	53	54
AT5G61510	24	32	26	31	25
AT5G61520	4	1	1	2	1
AT5G61530	34	23	29	41	43
AT5G61540	3	0	2	0	4
AT5G61560	5	3	0	5	4
AT5G61570	2	8	4	3	4
AT5G61580	29	25	18	17	16
AT5G61590	145	104	144	126	129
AT5G61600	10	5	22	25	53
AT5G61610	0	1	0	0	0
AT5G61640	3	2	7	8	5
AT5G61650	0	1	0	0	0
AT5G61660	74	66	27	44	38
AT5G61670	42	48	12	25	19
AT5G61740	0	0	2	5	4
AT5G61760	19	3	8	6	6
AT5G61770	22	25	16	22	14
AT5G61780	21	26	13	20	21
AT5G61790	75	100	80	78	104
AT5G61800	2	1	1	1	0
AT5G61810	22	8	12	8	24
AT5G61820	9	10	11	9	17
AT5G61830	9	7	4	3	11
AT5G61840	19	16	8	24	17
AT5G61850	1	0	0	0	0
AT5G61865	1	1	0	0	0
AT5G61880	7	11	7	8	6
AT5G61900	7	16	21	21	24
AT5G61910	12	18	28	25	35
AT5G61920	1	6	8	1	2
AT5G61930	8	8	10	4	7
AT5G61940	0	2	0	1	0
AT5G61950	0	1	1	1	1
AT5G61960	16	17	21	16	13
AT5G61970	32	25	19	24	29
AT5G61980	0	1	3	5	10
AT5G61990	1	3	6	7	8
AT5G62000	58	67	40	59	62
AT5G62020	2	0	2	2	2
AT5G62030	11	8	10	8	9
AT5G62050	14	16	9	12	12
AT5G62070	17	18	18	14	15
AT5G62080	0	1	1	1	0
AT5G62090	8	14	6	20	19
AT5G62100	1	0	0	3	0
AT5G62130	2	4	2	9	7
AT5G62140	31	36	15	18	22
AT5G62150	0	0	0	2	0
AT5G62165	5	8	7	11	15
AT5G62170	5	1	1	0	4
AT5G62180	3	0	2	1	2
AT5G62190	87	89	78	103	103
AT5G62200	31	25	30	50	39
AT5G62210	11	21	7	11	17
AT5G62220	16	15	5	9	8
AT5G62230	3	1	0	0	2
AT5G62260	0	2	0	0	0
AT5G62270	15	16	7	18	24
AT5G62280	19	21	0	0	0
AT5G62290	9	31	18	15	21
AT5G62300	375	421	293	333	405
AT5G62350	202	211	102	94	143
AT5G62360	29	35	30	26	30
AT5G62370	1	4	1	1	0
AT5G62380	0	0	1	0	0
AT5G62390	80	114	49	56	77
AT5G62410	13	21	11	15	14
AT5G62420	1	0	0	0	0
AT5G62430	11	17	5	5	17
AT5G62440	15	14	14	12	12
AT5G62460	19	31	14	21	23
AT5G62470	7	11	8	14	11
AT5G62480	1	1	0	0	0
AT5G62490	0	0	0	0	1
AT5G62500	13	9	5	6	5
AT5G62520	26	19	15	22	21
AT5G62530	30	23	19	23	23
AT5G62540	33	31	38	35	49
AT5G62550	16	10	5	11	4
AT5G62560	2	2	1	2	3
AT5G62570	8	5	2	16	14
AT5G62575	24	26	33	32	55
AT5G62580	0	7	4	4	8
AT5G62600	6	8	14	20	11
AT5G62610	18	15	17	17	13
AT5G62620	3	8	6	2	6
AT5G62630	16	8	11	30	15
AT5G62640	26	26	28	20	30
AT5G62650	11	21	6	13	16
AT5G62670	97	104	41	39	48
AT5G62680	16	7	6	10	18
AT5G62690	107	143	91	84	134
AT5G62700	140	178	93	97	94
AT5G62710	5	11	2	7	6
AT5G62720	125	103	44	49	61
AT5G62730	1	0	0	0	1
AT5G62740	29	32	33	37	38
AT5G62760	1	6	1	4	5
AT5G62770	1	4	3	6	2
AT5G62790	79	91	33	32	50
AT5G62810	27	37	35	46	39
AT5G62820	2	0	1	1	1
AT5G62840	15	16	10	7	11
AT5G62850	0	0	0	1	1
AT5G62865	4	7	5	1	2
AT5G62880	15	20	13	12	23
AT5G62890	69	70	66	90	81
AT5G62900	15	18	21	24	29
AT5G62910	15	8	6	13	12
AT5G62920	8	10	9	1	14
AT5G62930	15	16	15	13	15
AT5G62940	3	2	2	0	4
AT5G62950	11	12	30	15	25
AT5G62960	7	3	11	7	9
AT5G62980	30	39	33	38	43
AT5G62990	5	3	4	2	6
AT5G63000	21	18	13	17	27
AT5G63010	1	3	5	2	5
AT5G63020	22	7	11	7	7
AT5G63030	33	29	33	50	69
AT5G63040	18	14	15	4	17
AT5G63050	13	18	8	12	7
AT5G63060	3	4	3	6	3
AT5G63080	5	10	8	6	2
AT5G63087	0	1	1	0	1
AT5G63090	0	2	0	0	0
AT5G63100	4	7	7	0	1
AT5G63110	7	5	9	5	8
AT5G63120	9	8	10	14	9
AT5G63130	1	0	1	0	2
AT5G63135	5	3	4	10	12
AT5G63140	5	10	7	1	6
AT5G63150	25	25	22	21	27
AT5G63160	16	8	12	28	23
AT5G63180	69	73	38	60	65
AT5G63190	47	41	36	33	44
AT5G63195	1	1	3	1	3
AT5G63200	10	10	5	10	17
AT5G63220	8	10	8	20	19
AT5G63225	0	0	2	3	5
AT5G63260	8	12	5	9	5
AT5G63280	10	10	4	12	17
AT5G63290	1	3	1	2	3
AT5G63300	6	5	1	2	2
AT5G63310	312	362	152	183	210
AT5G63320	10	11	6	24	18
AT5G63340	1	0	0	0	0
AT5G63370	21	26	16	31	26
AT5G63380	10	13	16	16	15
AT5G63400	81	104	65	67	97
AT5G63410	19	26	10	20	28
AT5G63420	35	29	11	24	23
AT5G63440	3	17	5	11	15
AT5G63460	28	24	23	18	32
AT5G63470	41	32	28	26	32
AT5G63480	5	7	6	5	5
AT5G63490	12	9	15	5	11
AT5G63500	23	14	16	20	21
AT5G63510	64	58	38	38	62
AT5G63520	10	5	4	5	11
AT5G63530	49	66	17	15	26
AT5G63540	5	0	1	2	2
AT5G63550	13	37	16	12	13
AT5G63570	158	182	52	60	63
AT5G63580	4	2	0	0	3
AT5G63590	1	0	0	0	0
AT5G63610	14	16	10	17	14
AT5G63620	20	17	15	16	10
AT5G63630	0	2	1	2	5
AT5G63640	14	22	6	25	18
AT5G63650	1	7	2	2	0
AT5G63660	0	1	0	0	0
AT5G63670	52	49	29	40	65
AT5G63680	24	24	19	28	19
AT5G63690	2	0	1	1	6
AT5G63700	7	3	4	5	0
AT5G63710	8	3	4	2	9
AT5G63740	0	0	0	1	0
AT5G63760	4	0	2	1	8
AT5G63770	5	9	7	5	4
AT5G63780	37	31	18	21	28
AT5G63790	13	8	12	5	9
AT5G63800	59	33	43	53	42
AT5G63810	56	34	32	19	26
AT5G63830	4	2	1	4	7
AT5G63840	56	52	52	46	47
AT5G63850	7	6	2	8	15
AT5G63860	44	36	31	30	38
AT5G63870	16	23	10	21	29
AT5G63880	13	11	10	13	19
AT5G63890	58	74	22	31	40
AT5G63905	9	7	20	18	13
AT5G63910	15	17	4	18	13
AT5G63920	2	6	2	5	6
AT5G63930	1	9	2	6	2
AT5G63940	10	16	5	10	8
AT5G63950	2	7	4	6	2
AT5G63960	5	5	0	9	8
AT5G63970	3	7	3	2	4
AT5G63980	42	52	48	31	33
AT5G63990	4	3	3	5	6
AT5G64000	10	6	9	9	28
AT5G64010	5	3	6	9	10
AT5G64020	10	7	8	13	16
AT5G64030	19	23	19	16	22
AT5G64040	2514	2396	515	475	801
AT5G64050	49	53	23	17	32
AT5G64060	0	2	3	6	2
AT5G64070	17	13	17	20	23
AT5G64080	34	39	14	17	34
AT5G64090	11	19	15	15	15
AT5G64110	0	1	1	0	1
AT5G64120	4	5	5	8	11
AT5G64130	189	204	146	153	184
AT5G64140	300	383	179	198	242
AT5G64150	4	10	3	2	5
AT5G64160	10	16	19	18	24
AT5G64170	42	55	37	42	53
AT5G64180	25	25	21	14	17
AT5G64190	1	0	0	0	2
AT5G64200	32	59	45	42	52
AT5G64220	4	8	3	6	7
AT5G64230	4	1	0	10	5
AT5G64240	20	18	17	25	25
AT5G64250	16	10	8	17	24
AT5G64260	38	40	22	30	57
AT5G64270	50	50	40	48	73
AT5G64280	21	8	18	19	11
AT5G64290	80	88	31	40	59
AT5G64300	31	32	24	45	37
AT5G64310	37	45	48	41	89
AT5G64320	1	3	3	5	2
AT5G64330	20	43	15	12	23
AT5G64340	16	21	5	19	17
AT5G64341	16	21	5	19	17
AT5G64342	16	21	5	19	17
AT5G64343	16	21	5	19	17
AT5G64350	273	255	223	288	352
AT5G64360	10	3	4	10	7
AT5G64370	36	26	26	32	45
AT5G64380	19	33	9	10	15
AT5G64390	11	5	4	2	3
AT5G64395	3	0	0	2	1
AT5G64400	279	312	286	302	418
AT5G64401	1	0	0	0	1
AT5G64410	8	17	16	7	14
AT5G64420	18	21	21	16	15
AT5G64430	6	8	1	9	9
AT5G64440	13	22	12	22	19
AT5G64450	1	0	0	0	1
AT5G64460	38	48	19	24	30
AT5G64470	3	6	7	7	6
AT5G64480	13	22	13	3	7
AT5G64490	1	0	0	0	0
AT5G64500	20	36	20	21	25
AT5G64510	2	4	6	3	10
AT5G64520	2	4	1	3	3
AT5G64530	0	3	1	1	0
AT5G64550	8	13	16	5	10
AT5G64552	8	13	16	5	10
AT5G64560	7	7	15	13	11
AT5G64570	39	43	45	61	69
AT5G64572	11	13	10	18	16
AT5G64580	21	34	18	12	15
AT5G64600	3	5	0	4	7
AT5G64610	25	28	38	36	45
AT5G64620	128	140	93	94	162
AT5G64630	3	7	1	5	4
AT5G64640	4	8	1	2	6
AT5G64650	22	16	18	21	29
AT5G64660	0	0	0	5	10
AT5G64667	5	1	1	1	2
AT5G64670	16	36	23	19	35
AT5G64680	20	10	12	14	35
AT5G64710	3	4	0	1	1
AT5G64730	0	4	6	0	4
AT5G64740	89	89	52	47	82
AT5G64760	3	3	7	9	4
AT5G64770	133	102	91	106	120
AT5G64780	8	7	4	12	5
AT5G64800	1	0	1	1	0
AT5G64810	4	0	3	7	9
AT5G64813	15	11	14	5	9
AT5G64816	27	39	21	25	36
AT5G64820	0	0	0	0	2
AT5G64830	14	19	10	11	20
AT5G64840	40	41	30	36	23
AT5G64850	12	25	5	6	19
AT5G64860	21	35	15	30	22
AT5G64870	2	1	0	2	7
AT5G64880	15	10	11	11	11
AT5G64900	1	7	2	2	4
AT5G64910	0	0	0	1	0
AT5G64920	32	26	20	17	29
AT5G64930	6	7	3	5	10
AT5G64940	108	110	36	50	52
AT5G64950	4	2	3	2	3
AT5G64960	56	59	54	82	92
AT5G64970	57	60	55	85	90
AT5G64980	6	6	0	6	8
AT5G64990	0	0	0	3	4
AT5G65000	9	7	12	12	11
AT5G65010	51	37	62	57	51
AT5G65020	64	52	75	64	112
AT5G65030	1	0	0	2	1
AT5G65040	1	0	0	1	1
AT5G65050	26	25	20	20	35
AT5G65060	13	8	7	10	7
AT5G65070	4	6	3	4	5
AT5G65080	11	9	4	5	5
AT5G65110	16	10	7	11	10
AT5G65120	7	5	4	4	6
AT5G65140	4	1	2	2	1
AT5G65170	1	4	0	1	1
AT5G65180	5	7	6	8	2
AT5G65200	1	2	0	1	4
AT5G65205	4	2	7	10	9
AT5G65207	21	19	13	10	10
AT5G65210	2	1	7	0	0
AT5G65220	508	490	212	202	297
AT5G65230	2	1	0	0	1
AT5G65240	4	4	0	8	7
AT5G65250	17	20	9	10	12
AT5G65260	27	33	38	24	53
AT5G65270	21	32	26	21	32
AT5G65280	1	9	4	5	6
AT5G65290	3	5	6	6	6
AT5G65300	2	1	3	0	7
AT5G65310	47	47	29	46	33
AT5G65350	3	1	2	0	0
AT5G65360	222	245	122	148	168
AT5G65380	13	11	6	13	9
AT5G65390	39	40	24	12	29
AT5G65400	7	11	3	5	7
AT5G65410	20	18	19	15	24
AT5G65420	2	4	2	1	6
AT5G65430	193	172	68	83	107
AT5G65440	25	18	12	17	27
AT5G65450	0	1	0	6	4
AT5G65460	5	3	6	1	8
AT5G65470	25	24	25	33	38
AT5G65480	84	68	64	70	85
AT5G65490	14	25	14	14	19
AT5G65495	13	8	4	14	14
AT5G65520	13	12	5	8	8
AT5G65530	0	2	0	1	0
AT5G65540	10	20	10	13	18
AT5G65560	2	3	2	3	3
AT5G65570	1	0	0	0	0
AT5G65575	13	19	23	13	34
AT5G65580	0	1	0	1	1
AT5G65590	2	4	2	0	1
AT5G65610	21	13	7	5	7
AT5G65620	76	64	26	44	52
AT5G65630	28	35	18	36	37
AT5G65640	5	8	9	11	12
AT5G65650	8	10	7	12	10
AT5G65660	10	12	8	18	18
AT5G65670	113	128	58	87	125
AT5G65683	3	3	4	0	1
AT5G65685	17	16	13	10	13
AT5G65687	10	6	4	6	6
AT5G65700	15	21	10	10	17
AT5G65710	0	5	4	4	0
AT5G65720	42	59	38	53	46
AT5G65730	169	193	102	120	163
AT5G65740	3	6	9	8	3
AT5G65750	17	20	7	13	8
AT5G65760	12	23	27	21	35
AT5G65770	10	24	14	6	18
AT5G65780	53	50	31	22	49
AT5G65790	0	0	0	2	0
AT5G65800	0	0	0	0	1
AT5G65810	47	53	16	26	42
AT5G65820	1	0	0	0	0
AT5G65830	1	0	5	0	3
AT5G65840	37	38	18	16	33
AT5G65850	0	0	2	3	1
AT5G65860	11	8	7	14	6
AT5G65870	4	8	15	16	15
AT5G65880	15	13	8	17	23
AT5G65890	6	6	2	2	2
AT5G65900	11	22	14	12	16
AT5G65910	8	19	13	20	26
AT5G65920	1	4	5	1	6
AT5G65925	0	2	5	1	0
AT5G65930	14	18	15	14	17
AT5G65940	35	43	28	31	52
AT5G65950	16	18	28	38	47
AT5G65960	10	7	12	18	25
AT5G65970	1	0	6	1	0
AT5G65990	40	21	19	22	18
AT5G66000	2	3	2	5	11
AT5G66005	13	9	10	8	14
AT5G66010	13	13	9	16	11
AT5G66030	34	19	30	36	35
AT5G66040	199	180	136	153	190
AT5G66050	15	29	14	17	14
AT5G66052	36	35	43	41	76
AT5G66055	50	49	13	20	29
AT5G66060	9	17	10	13	15
AT5G66070	15	8	21	15	34
AT5G66080	2	1	0	2	8
AT5G66090	34	40	22	31	19
AT5G66100	11	5	7	6	11
AT5G66110	2	2	0	0	2
AT5G66120	45	30	19	29	36
AT5G66130	2	4	0	2	6
AT5G66140	59	49	43	46	61
AT5G66160	9	15	9	8	16
AT5G66170	2	2	3	4	17
AT5G66180	23	19	11	16	9
AT5G66190	685	673	182	201	254
AT5G66200	31	27	25	28	32
AT5G66210	18	12	19	15	26
AT5G66230	5	12	2	1	11
AT5G66240	25	24	16	37	35
AT5G66250	15	30	9	20	28
AT5G66270	0	2	0	2	1
AT5G66280	2	0	0	0	0
AT5G66290	9	11	12	17	18
AT5G66310	5	9	2	6	7
AT5G66320	8	16	6	12	13
AT5G66330	4	3	1	2	6
AT5G66350	0	1	0	2	0
AT5G66360	4	3	1	3	0
AT5G66380	3	7	7	8	10
AT5G66390	0	0	0	0	1
AT5G66400	17	14	11	10	6
AT5G66410	20	20	9	19	18
AT5G66420	23	35	15	10	25
AT5G66440	11	7	8	5	12
AT5G66450	8	1	6	4	7
AT5G66460	7	11	4	1	5
AT5G66470	30	43	12	13	28
AT5G66480	0	0	0	0	3
AT5G66490	18	6	6	5	13
AT5G66500	1	2	1	0	2
AT5G66510	50	65	36	47	47
AT5G66520	5	4	3	4	6
AT5G66530	60	69	29	24	35
AT5G66540	17	17	28	24	26
AT5G66550	20	22	16	21	15
AT5G66558	15	16	7	10	10
AT5G66560	15	20	9	9	14
AT5G66570	5510	5329	1081	1130	1556
AT5G66580	11	4	1	1	8
AT5G66590	42	28	12	15	17
AT5G66600	1	2	2	1	8
AT5G66610	2	6	3	0	4
AT5G66620	0	0	1	0	2
AT5G66630	1	4	5	4	3
AT5G66631	1	0	1	1	7
AT5G66640	3	0	5	4	3
AT5G66650	0	2	0	1	3
AT5G66658	1	0	0	1	3
AT5G66675	8	4	16	15	3
AT5G66680	50	72	68	64	84
AT5G66710	0	1	0	0	0
AT5G66720	20	21	8	8	15
AT5G66730	8	17	5	10	6
AT5G66740	0	2	1	0	1
AT5G66750	3	5	0	2	1
AT5G66760	33	33	28	54	42
AT5G66770	4	4	4	7	4
AT5G66790	6	5	1	5	5
AT5G66800	3	3	0	1	1
AT5G66810	9	12	25	17	19
AT5G66820	2	15	5	18	11
AT5G66850	12	14	1	8	5
AT5G66860	44	56	36	35	39
AT5G66880	16	23	19	30	36
AT5G66890	0	0	0	1	0
AT5G66900	8	6	20	12	22
AT5G66910	8	5	4	7	7
AT5G66920	9	11	5	5	3
AT5G66930	17	18	13	16	15
AT5G66940	1	0	0	0	1
AT5G66950	10	10	7	9	5
AT5G66960	0	3	0	2	4
AT5G67020	1	1	0	1	0
AT5G67030	40	51	28	31	42
AT5G67050	0	0	1	0	0
AT5G67070	113	130	56	50	77
AT5G67090	1	1	0	0	0
AT5G67100	4	5	2	2	0
AT5G67110	10	12	3	7	3
AT5G67130	18	26	11	21	27
AT5G67140	10	5	1	6	7
AT5G67150	5	7	2	7	3
AT5G67160	2	5	0	3	5
AT5G67170	2	3	4	1	5
AT5G67180	5	8	5	5	7
AT5G67190	1	1	1	1	0
AT5G67200	2	4	4	2	3
AT5G67210	3	0	0	0	0
AT5G67220	42	33	41	60	67
AT5G67230	2	7	1	2	3
AT5G67240	8	9	11	11	14
AT5G67245	1	3	2	2	3
AT5G67250	13	10	9	10	11
AT5G67260	37	48	44	45	45
AT5G67270	12	10	9	8	14
AT5G67280	27	18	13	23	17
AT5G67290	10	14	10	12	14
AT5G67300	28	19	46	50	35
AT5G67310	0	0	0	1	1
AT5G67320	22	22	26	26	20
AT5G67330	31	21	10	29	26
AT5G67340	4	1	6	9	7
AT5G67350	3	4	1	3	3
AT5G67360	72	93	50	59	70
AT5G67370	48	44	32	37	32
AT5G67380	30	24	22	23	37
AT5G67385	17	32	26	46	37
AT5G67390	17	7	5	9	15
AT5G67410	0	1	1	1	1
AT5G67420	31	25	28	29	27
AT5G67440	7	6	4	6	10
AT5G67450	0	0	0	0	5
AT5G67460	2	3	1	4	5
AT5G67470	13	8	4	10	8
AT5G67480	22	19	23	24	25
AT5G67488	57	82	52	50	67
AT5G67490	57	82	52	51	67
AT5G67500	50	56	26	47	72
AT5G67510	74	103	54	65	68
AT5G67520	1	2	2	1	0
AT5G67530	13	12	10	7	11
AT5G67540	5	2	2	6	2
AT5G67550	1	2	0	0	0
AT5G67560	43	42	12	24	30
AT5G67570	7	4	7	7	6
AT5G67580	19	25	13	23	24
AT5G67590	136	131	71	99	129
AT5G67600	71	75	89	77	97
AT5G67610	0	3	5	5	9
AT5G67620	0	0	0	0	3
AT5G67630	6	14	16	7	13
AT5G67640	1	5	0	2	3
ATCG00010	98	127	48	77	79
ATCG00020	275	388	114	138	146
ATCG00030	1218	1807	699	746	640
ATCG00040	156	326	151	111	61
ATCG00050	12	16	5	5	5
ATCG00065	4	2	0	6	6
ATCG00070	13	29	10	6	8
ATCG00080	309	334	129	135	143
ATCG00090	1005	1101	436	386	407
ATCG00100	37	52	34	50	22
ATCG00110	54	86	15	15	17
ATCG00120	82	91	28	20	23
ATCG00130	138	212	52	45	44
ATCG00140	15	25	9	13	6
ATCG00150	88	81	20	32	27
ATCG00160	37	75	19	20	29
ATCG00170	100	130	29	36	28
ATCG00180	12	25	7	19	5
ATCG00190	11	21	3	5	2
ATCG00200	3	2	1	2	0
ATCG00210	7	10	1	4	5
ATCG00220	999	1073	665	631	697
ATCG00230	1	1	2	3	1
ATCG00240	9	6	0	0	2
ATCG00250	5	2	1	0	2
ATCG00260	2	2	0	0	0
ATCG00270	28	50	17	10	16
ATCG00280	72	100	37	37	38
ATCG00290	1	3	1	2	0
ATCG00300	74	121	33	54	46
ATCG00310	3	4	4	0	3
ATCG00320	4	4	3	3	2
ATCG00330	131	154	33	44	38
ATCG00340	239	335	71	73	141
ATCG00350	102	130	30	44	38
ATCG00360	78	78	30	36	36
ATCG00370	4	5	1	3	4
ATCG00380	178	200	104	110	120
ATCG00390	39	35	20	19	33
ATCG00400	26	38	8	10	2
ATCG00410	1	2	2	1	0
ATCG00420	33	26	7	6	4
ATCG00430	18	25	6	2	3
ATCG00440	1045	1032	160	244	224
ATCG00450	292	283	89	79	104
ATCG00470	2691	3025	700	944	901
ATCG00480	126	129	36	27	37
ATCG00490	1417	319	56	53	57
ATCG00500	97	136	56	35	64
ATCG00510	93	92	74	64	82
ATCG00520	22	42	11	12	8
ATCG00530	102	117	54	44	47
ATCG00540	152	198	93	65	60
ATCG00550	65	74	50	47	49
ATCG00560	60	86	29	41	32
ATCG00570	8	9	6	4	7
ATCG00580	6	24	7	5	5
ATCG00590	6	17	5	3	4
ATCG00600	14	7	9	10	4
ATCG00610	58	44	33	30	30
ATCG00620	184	201	103	104	126
ATCG00630	119	131	74	110	85
ATCG00640	26	63	26	15	21
ATCG00650	265	424	228	270	242
ATCG00660	11	20	8	4	4
ATCG00670	503	560	211	263	275
ATCG00680	127	170	30	54	46
ATCG00690	9	18	4	7	3
ATCG00700	28	35	12	7	10
ATCG00710	8	21	4	2	2
ATCG00720	179	286	116	98	69
ATCG00730	949	1374	365	356	292
ATCG00740	1572	1700	790	980	1087
ATCG00750	5	5	0	3	7
ATCG00760	5	7	2	2	1
ATCG00770	4	22	9	7	15
ATCG00780	17	37	17	13	14
ATCG00790	724	842	468	558	635
ATCG00800	177	237	128	148	153
ATCG00810	22	35	23	13	14
ATCG00820	112	141	67	103	156
ATCG00830	197	263	107	108	165
ATCG00840	2	9	2	3	3
ATCG00860	14	26	13	5	5
ATCG00870	1	4	0	1	0
ATCG00890	16	26	4	9	9
ATCG00900	74	84	45	51	58
ATCG00905	15	15	10	6	13
ATCG00910	1	0	0	0	0
ATCG00920	2365	2093	507	1280	735
ATCG00930	66	67	7	22	21
ATCG00940	86	101	27	40	47
ATCG00950	11883	10532	3283	5006	4382
ATCG00960	109	120	116	137	114
ATCG00970	18	32	6	8	7
ATCG00980	0	1	1	0	0
ATCG00990	0	0	0	0	1
ATCG01000	54	76	12	22	18
ATCG01010	39	51	9	12	14
ATCG01020	350	434	423	389	384
ATCG01040	88	126	46	39	24
ATCG01050	92	177	76	58	42
ATCG01060	12	18	6	4	2
ATCG01070	21	12	8	2	1
ATCG01080	15	23	3	1	1
ATCG01090	73	126	33	22	20
ATCG01100	195	186	78	60	63
ATCG01110	2	1	0	2	1
ATCG01120	5	6	3	0	1
ATCG01130	617	797	318	337	316
ATCG01150	0	1	0	0	0
ATCG01160	17	33	7	2	7
ATCG01170	107	146	97	179	118
ATCG01180	11767	10649	3209	5135	4345
ATCG01190	74	108	27	28	50
ATCG01200	58	70	26	22	23
ATCG01210	2426	2105	535	1273	767
ATCG01220	1	0	0	0	0
ATCG01230	11	26	11	12	12
ATCG01240	66	81	45	46	41
ATCG01250	22	24	12	17	8
ATCG01260	0	0	1	0	0
ATCG01270	0	2	1	1	1
ATCG01280	18	19	7	8	6
ATCG01300	7	4	2	2	2
ATCG01310	201	271	115	142	175
ATMG00020	1156	1344	1326	1599	1659
ATMG00030	108	133	61	86	88
ATMG00040	1	0	1	1	1
ATMG00050	0	0	1	0	0
ATMG00060	13	12	15	11	16
ATMG00070	5	7	0	0	1
ATMG00080	1	1	2	0	3
ATMG00090	15	31	26	18	23
ATMG00100	0	0	0	0	1
ATMG00110	0	2	0	0	0
ATMG00130	0	1	0	0	0
ATMG00150	1	0	0	0	0
ATMG00160	11	4	4	6	7
ATMG00180	13	17	7	21	20
ATMG00190	0	0	1	0	0
ATMG00210	1	1	0	0	1
ATMG00220	4	17	11	6	5
ATMG00270	0	0	0	0	2
ATMG00285	1	0	0	4	0
ATMG00290	1	0	0	0	0
ATMG00330	1	1	0	0	0
ATMG00340	0	1	0	2	0
ATMG00370	2	0	1	0	0
ATMG00400	0	0	0	0	1
ATMG00410	4	9	0	5	4
ATMG00450	0	0	0	1	0
ATMG00480	6	3	2	2	2
ATMG00490	0	1	0	2	0
ATMG00500	1	4	3	3	1
ATMG00510	9	12	6	10	7
ATMG00513	2	4	0	2	0
ATMG00516	6	6	10	9	9
ATMG00520	0	2	2	1	1
ATMG00560	2	8	6	0	2
ATMG00580	21	42	21	46	39
ATMG00590	1	1	0	0	1
ATMG00610	0	0	1	1	0
ATMG00620	0	0	2	1	0
ATMG00640	2	3	3	2	3
ATMG00650	0	0	0	0	1
ATMG00660	26	26	14	9	13
ATMG00665	1	4	2	2	0
ATMG00670	0	2	1	1	2
ATMG00690	3	3	2	2	1
ATMG00720	0	0	0	1	0
ATMG00730	3	8	5	12	13
ATMG00780	0	2	0	0	0
ATMG00790	0	0	1	0	1
ATMG00810	0	0	0	0	1
ATMG00830	10	18	11	22	24
ATMG00920	0	0	0	1	0
ATMG00970	0	0	0	1	0
ATMG00980	1	4	1	0	3
ATMG00990	0	5	0	3	2
ATMG01000	1	0	0	0	0
ATMG01030	0	0	1	0	0
ATMG01060	0	1	0	0	0
ATMG01080	1	4	0	1	5
ATMG01090	1	3	1	0	0
ATMG01100	0	0	1	0	0
ATMG01110	0	1	0	0	0
ATMG01120	2	0	0	1	1
ATMG01130	0	4	1	1	0
ATMG01170	10	7	4	11	7
ATMG01190	31	34	29	23	26
ATMG01200	1	0	1	1	6
ATMG01220	0	0	1	0	0
ATMG01270	1	0	0	0	1
ATMG01280	0	1	1	2	0
ATMG01320	6	14	5	13	6
ATMG01360	4	10	1	1	0
ATMG01370	0	3	5	1	4
ATMG01380	2	5	6	2	1
ATMG01390	147	129	70	84	117
