Geneid	Gao_Mock_Rep1	Gao_Mock_Rep2	Gao_Mock_Rep3	Gao_TCV_Rep1	Gao_TCV_Rep2	Gao_TCV_Rep3
AT1G01010	137	121	235	1040	695	1924
AT1G01020	463	577	509	427	387	520
AT1G01030	94	142	155	111	122	157
AT1G01040	1639	1412	957	566	630	1544
AT1G01046	1	1	0	0	0	0
AT1G01050	2793	3147	3266	2506	2314	3112
AT1G01060	13275	13801	14867	3368	4391	3730
AT1G01070	308	289	338	282	231	194
AT1G01080	3247	3982	3995	1847	2635	1971
AT1G01090	7426	8893	8396	5099	6510	5186
AT1G01100	8331	9724	8769	8694	7939	8568
AT1G01110	132	206	109	44	112	66
AT1G01120	4375	5281	5327	4121	3827	3456
AT1G01130	155	191	181	116	146	134
AT1G01140	2440	3012	3187	2548	2381	4846
AT1G01150	3	11	6	4	2	11
AT1G01160	1018	1128	1081	1220	1104	1455
AT1G01170	3031	3917	3690	3097	3261	2590
AT1G01180	480	460	528	850	630	586
AT1G01183	1	4	1	1	1	3
AT1G01190	200	220	227	48	62	61
AT1G01200	69	102	59	25	69	39
AT1G01210	676	734	777	674	733	989
AT1G01220	1072	1059	1017	500	664	793
AT1G01225	90	89	79	50	76	86
AT1G01230	587	653	718	880	830	850
AT1G01240	439	367	430	948	504	854
AT1G01250	104	174	131	243	229	137
AT1G01260	621	614	544	444	467	731
AT1G01270	0	0	0	1	0	0
AT1G01280	33	162	3	15	27	35
AT1G01290	414	460	446	483	421	640
AT1G01300	1937	3011	2376	1632	2476	2043
AT1G01305	0	0	0	1	0	5
AT1G01310	1	0	1	30	6	43
AT1G01320	26857	26899	20449	4383	7036	13521
AT1G01340	222	182	211	433	270	502
AT1G01350	590	726	682	328	393	501
AT1G01355	4	4	3	13	5	17
AT1G01360	557	569	543	480	542	514
AT1G01370	132	142	134	81	105	80
AT1G01380	41	43	45	29	44	29
AT1G01390	193	260	199	235	221	189
AT1G01400	0	3	1	0	1	3
AT1G01420	360	401	511	647	475	684
AT1G01430	2197	2399	2603	1254	1330	1317
AT1G01440	741	643	575	638	561	729
AT1G01448	266	286	221	363	277	742
AT1G01450	84	88	64	116	82	242
AT1G01453	0	0	1	6	5	16
AT1G01460	0	0	0	0	0	3
AT1G01470	2024	2108	3752	9678	3830	11817
AT1G01471	0	0	0	0	1	0
AT1G01480	79	11	142	486	156	604
AT1G01490	3612	4486	4672	4960	3491	4336
AT1G01500	285	340	367	1116	654	1235
AT1G01510	1283	1286	1256	1238	1179	1803
AT1G01520	961	801	890	399	426	489
AT1G01530	0	1	4	19	8	17
AT1G01540	4045	4862	4555	2612	2950	2908
AT1G01550	3537	3762	3995	4791	3670	5066
AT1G01560	194	33	151	519	273	703
AT1G01570	108	102	173	86	102	83
AT1G01580	254	228	254	217	212	216
AT1G01590	83	73	93	29	43	32
AT1G01600	555	704	591	297	507	418
AT1G01610	2672	3199	3076	2057	2363	2531
AT1G01620	16639	19407	16911	11989	12956	10785
AT1G01630	2301	2837	2999	2170	2502	2567
AT1G01640	26	28	21	192	100	242
AT1G01650	1272	1289	1558	2528	1783	3347
AT1G01660	42	68	42	58	39	177
AT1G01670	77	97	79	156	114	233
AT1G01680	150	17	85	1187	808	1429
AT1G01690	98	138	113	72	98	121
AT1G01695	12	18	9	6	11	14
AT1G01700	53	59	39	21	44	58
AT1G01710	1465	1559	1461	1436	1481	2171
AT1G01720	1138	1177	1821	2244	1576	2403
AT1G01725	263	316	333	568	356	631
AT1G01730	440	509	603	726	566	776
AT1G01740	197	243	192	134	124	227
AT1G01750	42	40	37	23	12	20
AT1G01760	104	92	56	52	65	68
AT1G01770	598	645	604	458	422	719
AT1G01780	236	349	269	151	195	277
AT1G01790	11426	10830	10739	3617	6670	4316
AT1G01800	2551	2560	2982	3292	2782	3857
AT1G01810	33	31	36	38	38	51
AT1G01820	982	1047	1121	2084	1284	2301
AT1G01830	738	785	796	751	668	1071
AT1G01840	127	167	142	147	139	149
AT1G01860	503	563	561	445	381	603
AT1G01880	60	59	48	38	52	57
AT1G01900	556	800	515	233	367	434
AT1G01910	1586	1779	1758	1802	1758	2481
AT1G01920	393	444	366	386	423	541
AT1G01930	578	629	531	274	400	517
AT1G01940	277	322	342	341	314	392
AT1G01950	896	1034	911	439	514	615
AT1G01960	3511	3013	2814	2696	2511	3911
AT1G01970	1747	1997	2044	950	1384	1185
AT1G01980	0	0	0	10	0	12
AT1G01990	728	829	795	1083	922	1041
AT1G02000	619	755	708	669	603	587
AT1G02010	527	535	459	352	347	648
AT1G02020	663	731	588	503	634	632
AT1G02030	11	7	2	20	24	15
AT1G02040	1	6	0	0	1	1
AT1G02050	166	737	113	258	234	506
AT1G02060	181	168	166	177	146	273
AT1G02065	195	253	194	143	200	154
AT1G02070	16	28	17	20	29	10
AT1G02074	2	2	2	3	2	0
AT1G02080	3742	3255	2584	1324	1526	3257
AT1G02090	1342	1573	1657	1708	1480	2161
AT1G02100	1178	1096	1210	1768	1347	2367
AT1G02110	953	1189	982	858	978	1185
AT1G02120	2822	2701	2696	3227	2646	4245
AT1G02130	1424	1645	1609	1551	1435	1730
AT1G02140	4588	5059	5200	5931	5316	5394
AT1G02145	604	674	666	697	562	738
AT1G02150	4969	6002	5371	2633	4221	3495
AT1G02160	755	894	824	1184	957	1270
AT1G02170	728	909	840	1281	1087	1489
AT1G02180	220	303	249	227	310	257
AT1G02190	264	396	257	158	352	238
AT1G02205	6433	9919	6309	5631	7628	5334
AT1G02220	307	150	538	692	307	628
AT1G02230	44	11	31	104	53	92
AT1G02250	0	0	3	7	5	31
AT1G02260	340	365	327	567	449	612
AT1G02270	692	739	800	887	785	890
AT1G02280	2980	3438	3240	1620	1973	2758
AT1G02290	229	324	250	135	209	231
AT1G02300	230	296	281	653	420	886
AT1G02305	2625	2825	3211	3971	3210	4772
AT1G02310	8	3	83	216	36	866
AT1G02320	0	0	0	0	1	0
AT1G02330	826	928	770	330	449	673
AT1G02335	400	584	387	342	307	312
AT1G02340	74	56	51	97	54	99
AT1G02350	58	102	64	82	81	77
AT1G02360	63	46	87	248	175	176
AT1G02370	275	335	282	153	198	232
AT1G02380	117	131	141	61	71	69
AT1G02390	209	147	217	467	202	786
AT1G02400	48	20	129	376	66	796
AT1G02405	15	14	16	42	14	42
AT1G02410	615	714	794	935	781	978
AT1G02420	149	125	149	85	100	165
AT1G02430	53	98	68	44	34	87
AT1G02440	13	3	10	27	28	31
AT1G02450	91	46	37	498	437	498
AT1G02460	46	64	59	124	88	255
AT1G02470	40	37	55	321	137	350
AT1G02475	2096	2335	2705	2536	2198	2254
AT1G02490	4	8	5	0	3	2
AT1G02500	10404	11481	10996	10854	11315	20539
AT1G02510	3	2	1	6	2	7
AT1G02520	27	10	53	34	42	48
AT1G02530	22	33	6	4	11	14
AT1G02540	0	0	0	0	0	1
AT1G02550	0	0	0	0	0	1
AT1G02560	10595	11880	12104	9822	10581	11835
AT1G02570	0	1	0	3	0	4
AT1G02575	1	0	0	0	0	1
AT1G02580	8	2	6	8	2	4
AT1G02590	0	0	0	0	0	1
AT1G02610	81	61	71	161	71	172
AT1G02620	1	1	2	6	1	3
AT1G02630	57	38	32	3	26	13
AT1G02640	639	769	555	257	355	248
AT1G02650	23	31	35	12	19	18
AT1G02660	187	135	230	372	168	748
AT1G02670	31	52	19	26	27	47
AT1G02680	320	329	350	615	446	608
AT1G02690	296	403	346	192	298	295
AT1G02700	98	126	79	49	58	71
AT1G02710	151	227	110	55	61	65
AT1G02720	451	489	457	340	427	483
AT1G02730	1064	1201	1069	263	614	543
AT1G02740	200	236	223	368	251	400
AT1G02750	377	336	380	500	390	525
AT1G02770	21	12	20	82	31	78
AT1G02780	24419	29454	27076	15000	20119	21235
AT1G02790	0	160	2	0	16	0
AT1G02800	175	231	166	50	122	75
AT1G02810	38	63	37	40	56	29
AT1G02813	110	2	2	4	3	1
AT1G02816	818	838	1136	1368	877	1352
AT1G02820	5750	7530	7570	6294	5262	4120
AT1G02830	3	5	3	2	2	1
AT1G02840	3718	4390	3810	3505	3434	4617
AT1G02850	211	183	1139	1042	379	1206
AT1G02860	141	177	160	282	153	331
AT1G02870	468	520	500	378	426	479
AT1G02880	476	476	553	911	645	956
AT1G02890	2915	2574	2310	1489	1776	2701
AT1G02900	45	67	67	42	48	34
AT1G02910	2446	2454	2363	2178	2163	2595
AT1G02920	1288	545	1573	7872	2982	6525
AT1G02930	2155	1032	2716	9289	4314	10487
AT1G02940	17	18	42	21	15	40
AT1G02950	122	147	117	68	81	62
AT1G02952	60	59	44	33	32	32
AT1G02960	382	442	347	181	207	321
AT1G02965	1	1	0	0	1	0
AT1G02970	109	113	87	29	75	55
AT1G02980	1	2	1	3	3	3
AT1G02990	748	651	626	266	274	537
AT1G03000	968	1037	896	857	808	1013
AT1G03010	53	44	47	20	21	42
AT1G03020	64	67	85	130	69	118
AT1G03030	496	487	519	777	578	786
AT1G03040	1423	1525	1507	1879	1400	1992
AT1G03050	9	0	3	27	20	33
AT1G03055	587	657	598	332	374	307
AT1G03060	2387	1704	1207	538	704	1857
AT1G03070	33	42	54	60	34	71
AT1G03080	2239	1937	1586	506	603	2112
AT1G03090	629	652	720	459	571	677
AT1G03100	79	69	85	44	52	88
AT1G03103	0	0	0	2	0	4
AT1G03106	0	0	3	3	2	14
AT1G03110	433	562	487	151	275	268
AT1G03120	26	42	35	27	28	34
AT1G03130	29367	44154	33861	28784	36719	27306
AT1G03140	1586	1658	1706	1334	1428	1948
AT1G03150	646	721	674	809	651	816
AT1G03160	2124	2439	2276	1621	2028	2159
AT1G03170	67	116	37	21	56	14
AT1G03180	77	77	82	52	40	73
AT1G03190	381	327	312	379	342	520
AT1G03200	25	17	17	18	9	29
AT1G03210	331	278	327	687	427	796
AT1G03220	2365	1524	8224	6658	2157	5412
AT1G03230	403	523	593	663	642	765
AT1G03240	0	0	0	2	0	4
AT1G03250	700	736	780	1004	811	1055
AT1G03260	380	404	414	414	350	410
AT1G03270	202	221	154	71	139	88
AT1G03280	1166	1124	1068	1133	1011	1497
AT1G03290	1248	846	1073	2080	1387	2654
AT1G03300	283	353	296	90	123	205
AT1G03310	2417	2630	2967	1802	2240	2442
AT1G03320	7	6	5	15	10	18
AT1G03330	984	1148	1105	1176	1119	1258
AT1G03340	72	58	67	204	89	254
AT1G03350	1493	1589	1772	975	1150	1664
AT1G03360	433	461	361	221	260	336
AT1G03365	628	780	634	345	372	674
AT1G03370	1300	860	952	1234	1004	2106
AT1G03380	2028	1951	2088	1617	1655	2492
AT1G03390	3	34	9	16	14	25
AT1G03400	1812	1670	1648	3105	2223	3393
AT1G03410	940	1164	1011	1401	1259	1803
AT1G03430	344	250	276	848	538	902
AT1G03440	1045	1248	1173	913	1082	896
AT1G03445	19	11	8	5	7	8
AT1G03457	235	279	306	77	116	91
AT1G03470	204	185	259	73	114	101
AT1G03475	6573	7225	7859	6695	7123	6973
AT1G03490	1	0	0	0	0	0
AT1G03495	593	670	655	645	711	1221
AT1G03502	10	13	6	4	12	9
AT1G03506	13	13	19	11	16	13
AT1G03510	25	33	34	38	32	53
AT1G03515	0	2	0	0	0	1
AT1G03520	239	249	246	226	215	229
AT1G03530	690	774	554	188	342	328
AT1G03540	47	51	51	25	18	72
AT1G03545	109	127	85	111	79	178
AT1G03550	207	234	172	205	160	341
AT1G03560	405	380	369	201	217	375
AT1G03570	0	0	0	1	0	1
AT1G03590	789	810	879	733	600	1078
AT1G03600	20355	27542	26932	17758	23379	12832
AT1G03610	1080	1068	1100	1295	1050	1255
AT1G03620	45	22	26	20	16	41
AT1G03630	9181	11077	10434	4901	7432	6579
AT1G03640	0	0	0	0	0	1
AT1G03650	64	57	55	103	61	148
AT1G03660	14	8	20	47	27	46
AT1G03670	0	1	3	1	1	8
AT1G03680	10554	13172	13104	11507	13095	10253
AT1G03687	466	587	528	247	367	369
AT1G03700	1	3	0	0	0	1
AT1G03710	30	39	35	36	52	39
AT1G03720	2	3	1	1	0	4
AT1G03730	141	139	128	232	197	232
AT1G03740	497	529	518	489	503	769
AT1G03743	0	1	1	0	0	0
AT1G03746	0	1	0	0	0	0
AT1G03750	152	150	160	104	130	210
AT1G03760	200	203	200	166	139	219
AT1G03770	116	118	132	62	69	165
AT1G03780	216	321	233	50	80	86
AT1G03790	0	1	80	20	2	14
AT1G03800	22	20	31	35	25	31
AT1G03810	0	0	0	0	0	1
AT1G03820	266	472	282	192	354	192
AT1G03830	247	275	176	47	131	198
AT1G03840	15	32	27	22	26	18
AT1G03850	69	33	79	320	181	255
AT1G03860	1736	1898	1985	1590	1654	2157
AT1G03870	4746	6639	5526	1938	1840	2447
AT1G03880	0	1	0	0	1	0
AT1G03900	2807	3068	3466	5500	3812	5870
AT1G03905	51	54	74	100	92	125
AT1G03910	1549	1770	1368	620	886	1396
AT1G03920	38	72	33	24	23	46
AT1G03930	1309	1590	1577	806	1043	1006
AT1G03935	86	85	93	77	59	72
AT1G03940	482	514	516	599	688	1238
AT1G03950	269	288	319	520	297	538
AT1G03960	196	218	198	178	163	261
AT1G03970	452	483	596	634	575	707
AT1G03980	246	274	344	363	343	441
AT1G03982	0	0	0	2	0	3
AT1G03990	294	274	522	89	118	151
AT1G04000	529	718	707	494	587	442
AT1G04010	331	400	377	321	308	364
AT1G04020	310	365	320	60	157	131
AT1G04030	1313	2091	1798	396	689	551
AT1G04040	3657	5126	4751	926	1721	1434
AT1G04050	118	118	120	46	76	83
AT1G04070	246	287	285	618	458	590
AT1G04080	3412	3688	3248	2268	2380	4070
AT1G04090	14	25	15	18	28	59
AT1G04100	137	136	169	148	143	164
AT1G04110	275	321	248	80	207	173
AT1G04120	3320	3058	3003	2046	1941	3996
AT1G04130	603	721	662	564	519	788
AT1G04140	3012	2724	2835	3020	2919	3797
AT1G04150	9	18	5	1	7	2
AT1G04160	460	525	340	93	205	227
AT1G04170	3818	3955	3920	2161	2503	2670
AT1G04171	0	0	0	2	0	5
AT1G04180	1	5	3	3	1	11
AT1G04190	853	1110	986	552	677	830
AT1G04200	732	758	803	482	523	762
AT1G04210	1668	1799	1494	1061	1071	1928
AT1G04220	372	517	620	528	451	502
AT1G04230	324	407	383	288	303	363
AT1G04240	1836	1763	2014	621	751	670
AT1G04250	3003	3123	3760	3081	3458	2412
AT1G04260	427	385	433	725	577	789
AT1G04270	12208	14172	13668	10257	11170	10103
AT1G04280	514	474	484	585	446	791
AT1G04290	927	1145	1291	1460	1169	1412
AT1G04295	536	625	667	821	640	784
AT1G04300	1847	1829	1619	787	897	1983
AT1G04310	145	148	144	218	156	303
AT1G04330	30	15	27	10	18	13
AT1G04340	707	819	758	1107	905	1211
AT1G04350	3632	3765	4181	3557	3569	3782
AT1G04360	42	61	39	33	34	29
AT1G04370	0	0	1	8	0	11
AT1G04380	3	4	8	6	4	8
AT1G04390	376	351	315	389	372	611
AT1G04400	2378	2331	2458	2184	1940	3292
AT1G04410	16775	18785	22513	32330	25049	38100
AT1G04420	5186	5887	6389	4809	5577	5505
AT1G04425	120	139	106	66	107	78
AT1G04430	4298	4848	4761	3230	3595	4680
AT1G04440	1763	1917	2250	2637	1806	2857
AT1G04445	1	5	5	2	2	10
AT1G04450	0	1	0	0	0	0
AT1G04470	8	5	7	4	5	2
AT1G04480	7880	8985	8874	8154	7327	8130
AT1G04490	28	30	38	47	26	80
AT1G04500	6	10	7	20	8	16
AT1G04501	0	0	2	0	0	0
AT1G04510	1787	2260	1942	1483	1606	1837
AT1G04520	938	1235	1166	273	600	345
AT1G04530	7025	7349	7333	4994	5591	5116
AT1G04540	88	124	85	263	175	381
AT1G04550	1657	1528	1506	1540	1399	1358
AT1G04555	138	155	194	265	188	248
AT1G04560	0	0	1	0	0	1
AT1G04570	48	45	55	121	66	124
AT1G04580	4	23	99	11	17	36
AT1G04590	631	855	826	474	528	732
AT1G04600	37	33	29	21	15	50
AT1G04610	3	0	0	0	5	2
AT1G04620	974	999	1271	583	814	745
AT1G04625	0	0	0	1	0	0
AT1G04630	1149	1442	1488	1251	1342	1254
AT1G04635	76	89	92	77	83	85
AT1G04640	2079	2106	2263	1970	1963	1613
AT1G04645	2	4	0	3	1	6
AT1G04650	93	85	73	29	41	84
AT1G04660	189	276	182	78	201	74
AT1G04670	0	1	0	0	0	0
AT1G04680	3759	4575	4120	1924	3313	2417
AT1G04690	2494	2514	2721	4584	3385	5165
AT1G04700	43	51	42	27	38	69
AT1G04710	1030	1118	1125	850	978	1107
AT1G04720	0	0	0	3	0	4
AT1G04730	186	226	170	83	125	187
AT1G04750	1976	2113	2214	3129	2406	3347
AT1G04760	36	85	45	22	50	45
AT1G04770	814	987	931	714	591	920
AT1G04778	6	34	20	15	17	18
AT1G04780	1264	1216	1416	1050	1007	1994
AT1G04790	658	699	698	485	500	877
AT1G04800	5588	5951	5326	1238	5142	1487
AT1G04810	1829	1727	1826	2494	2015	4344
AT1G04820	9060	11501	9621	8145	9625	10439
AT1G04830	454	523	474	678	451	755
AT1G04840	28	24	21	43	20	80
AT1G04850	2852	3525	3303	1753	2107	3021
AT1G04860	1345	1304	1371	887	883	1368
AT1G04870	962	963	1031	711	689	934
AT1G04880	10	25	20	4	17	16
AT1G04890	0	0	0	1	0	3
AT1G04900	242	283	259	167	203	312
AT1G04910	864	1082	965	1251	954	1764
AT1G04920	134	194	76	32	59	81
AT1G04930	102	124	85	110	96	144
AT1G04940	2040	2385	2366	1838	2177	2143
AT1G04945	2234	2662	2651	2026	2362	2435
AT1G04950	713	732	714	670	659	1059
AT1G04960	812	835	960	1019	825	1049
AT1G04970	1010	998	1168	1567	1157	1949
AT1G04980	650	527	643	1441	953	1920
AT1G04985	1320	1491	1644	1661	1491	1790
AT1G04990	320	315	484	990	646	1252
AT1G05000	69	49	97	285	86	315
AT1G05010	6833	5466	6721	14249	9738	15663
AT1G05020	24	17	30	43	35	66
AT1G05030	417	405	479	473	477	537
AT1G05040	0	2	0	7	0	15
AT1G05055	512	459	483	426	483	534
AT1G05060	390	372	453	654	495	580
AT1G05065	27	39	35	47	33	36
AT1G05070	1023	1233	1043	1134	1014	1206
AT1G05080	1	0	1	0	0	0
AT1G05085	0	0	0	0	0	1
AT1G05090	393	385	392	534	365	739
AT1G05100	34	25	60	260	85	460
AT1G05120	489	515	458	409	425	756
AT1G05136	16	25	28	20	21	10
AT1G05140	2805	3339	3503	2919	3109	2521
AT1G05150	1589	1611	1417	776	966	1369
AT1G05160	289	355	307	794	548	1683
AT1G05170	1213	1243	1264	739	925	1047
AT1G05180	842	854	966	978	779	1360
AT1G05190	14532	15958	16363	8640	12526	8869
AT1G05200	1512	1841	1567	1209	1203	1635
AT1G05205	574	735	717	794	827	906
AT1G05210	165	213	192	96	154	104
AT1G05220	124	149	165	124	156	168
AT1G05230	1146	987	1125	818	985	1152
AT1G05240	5	5	3	1	6	3
AT1G05250	6	2	2	1	5	4
AT1G05260	21	13	15	12	26	14
AT1G05270	1151	1276	1390	1390	1072	1526
AT1G05300	71	64	77	94	74	81
AT1G05310	124	180	137	74	85	65
AT1G05320	626	713	651	182	242	373
AT1G05330	1	3	5	8	2	24
AT1G05340	192	43	699	1523	285	2005
AT1G05350	889	886	858	788	832	1317
AT1G05360	415	521	444	390	352	477
AT1G05370	34	58	53	20	42	27
AT1G05380	1318	1229	1193	888	889	1356
AT1G05385	1032	1288	1187	1005	964	1237
AT1G05400	24	25	26	40	38	58
AT1G05410	494	602	504	405	477	568
AT1G05420	47	55	44	25	61	30
AT1G05430	826	876	987	874	917	1050
AT1G05440	47	78	55	13	37	33
AT1G05450	0	1	0	13	2	2
AT1G05460	606	652	542	393	455	631
AT1G05470	408	452	326	75	233	139
AT1G05490	49	36	42	32	22	48
AT1G05500	1380	1629	1556	856	1176	1369
AT1G05510	1	0	0	12	2	16
AT1G05520	1262	1422	1279	1250	1168	1703
AT1G05530	2	1	1	1	1	0
AT1G05540	452	548	442	251	397	221
AT1G05550	45	74	62	39	72	34
AT1G05560	1966	2198	2762	2638	2120	2968
AT1G05562	1326	1524	1851	1719	1396	1894
AT1G05570	1419	791	889	1348	1083	3331
AT1G05575	21	13	27	212	96	99
AT1G05577	1	10	1	0	1	2
AT1G05580	0	1	0	0	0	0
AT1G05590	714	841	801	700	807	895
AT1G05600	246	278	257	214	205	275
AT1G05610	18	29	12	5	9	25
AT1G05615	0	2	1	0	0	0
AT1G05620	360	516	481	907	556	1249
AT1G05630	1435	1250	906	830	935	1647
AT1G05640	94	101	63	32	49	88
AT1G05650	0	0	0	0	0	1
AT1G05670	261	264	237	173	161	294
AT1G05675	19	7	27	159	69	80
AT1G05680	118	116	377	1161	583	808
AT1G05690	285	297	389	488	344	619
AT1G05700	3	3	3	8	2	20
AT1G05710	352	311	404	296	191	271
AT1G05720	450	515	488	1031	756	1211
AT1G05730	38	54	37	99	60	108
AT1G05740	0	0	2	0	1	2
AT1G05750	219	251	231	239	257	392
AT1G05760	91	116	75	43	60	70
AT1G05770	24	40	51	23	23	11
AT1G05780	109	146	140	228	151	220
AT1G05785	234	248	290	413	325	355
AT1G05790	620	566	641	639	501	1118
AT1G05800	1	0	6	1	0	8
AT1G05805	281	335	263	1070	547	1200
AT1G05810	265	372	349	448	345	496
AT1G05820	108	102	127	93	110	134
AT1G05830	1167	1188	941	470	578	912
AT1G05835	560	798	503	252	432	244
AT1G05840	807	765	835	995	739	1106
AT1G05850	23915	26690	29242	16200	23796	17323
AT1G05860	512	534	493	314	344	436
AT1G05870	1535	1747	1829	1555	1448	1695
AT1G05880	14	0	28	61	66	50
AT1G05890	1737	1723	1777	2284	1790	3128
AT1G05894	10	14	17	18	7	53
AT1G05900	978	1131	1036	623	716	807
AT1G05910	1061	924	873	451	608	959
AT1G05920	0	0	0	10	2	12
AT1G05930	0	0	1	7	1	10
AT1G05940	1523	1617	1807	2530	1923	2852
AT1G05950	94	98	93	25	43	83
AT1G05960	1313	1330	1154	920	928	2113
AT1G05970	213	223	192	242	198	258
AT1G05990	0	0	0	3	2	3
AT1G06000	4189	4965	4050	3007	4892	4556
AT1G06002	1474	1687	1344	1270	1633	1937
AT1G06010	328	356	442	642	537	752
AT1G06020	6	10	10	21	16	27
AT1G06030	1	2	4	33	8	62
AT1G06040	9999	11121	11232	9197	9005	8600
AT1G06050	175	201	196	217	190	244
AT1G06060	553	522	579	580	549	712
AT1G06070	611	686	645	519	554	768
AT1G06080	304	396	337	146	329	149
AT1G06090	28	43	32	15	18	13
AT1G06100	93	162	119	70	49	59
AT1G06110	792	782	857	1457	1146	1795
AT1G06120	0	0	0	0	0	4
AT1G06130	981	1098	1166	1361	1214	1473
AT1G06135	2	1	14	3	0	1
AT1G06137	4	0	1	3	1	2
AT1G06140	15	14	23	20	20	41
AT1G06148	15	12	17	15	15	19
AT1G06149	1098	1204	1133	782	786	1829
AT1G06150	1213	1316	1226	894	883	1991
AT1G06160	15	137	48	43	13	45
AT1G06170	29	23	22	9	10	13
AT1G06180	286	218	343	228	178	275
AT1G06190	3577	4137	4051	1752	2609	2893
AT1G06200	1504	1678	1790	1245	1375	1674
AT1G06210	821	879	958	864	809	1305
AT1G06220	3083	3123	2624	1536	2059	2876
AT1G06225	0	1	0	0	0	2
AT1G06230	1821	1873	1611	1063	1225	2189
AT1G06240	853	915	932	977	884	905
AT1G06250	43	113	53	65	51	103
AT1G06260	130	114	81	27	88	68
AT1G06265	285	247	167	95	169	199
AT1G06270	179	213	178	145	162	219
AT1G06280	2	40	1	26	10	6
AT1G06290	2104	2128	2326	2354	2046	3074
AT1G06310	2	1	2	0	4	6
AT1G06320	0	1	1	0	1	2
AT1G06330	0	0	0	1	1	6
AT1G06340	2	1	1	3	1	0
AT1G06350	328	921	340	199	483	108
AT1G06360	1404	1368	1393	420	692	539
AT1G06380	365	401	372	248	246	323
AT1G06390	1658	1799	1976	1269	1260	1626
AT1G06400	1501	1519	1645	2016	1524	2410
AT1G06410	6218	5403	5200	3620	3325	5195
AT1G06420	89	118	116	46	56	86
AT1G06430	17398	16110	19397	10761	11882	12606
AT1G06440	25	49	52	42	36	66
AT1G06450	166	213	183	157	157	278
AT1G06460	1540	1847	2028	2101	2133	2160
AT1G06470	775	803	801	632	667	798
AT1G06475	125	179	167	75	102	90
AT1G06490	210	272	186	27	62	71
AT1G06500	403	516	500	366	385	449
AT1G06510	677	743	776	697	604	725
AT1G06515	422	551	502	639	485	681
AT1G06520	59	57	69	111	86	121
AT1G06530	2842	3221	3025	1675	2083	2355
AT1G06540	12	21	11	7	9	32
AT1G06550	2444	2526	2348	1096	1458	2170
AT1G06560	465	566	501	428	399	608
AT1G06570	4158	4244	5276	5427	4238	4817
AT1G06580	73	101	75	87	65	123
AT1G06590	282	282	215	181	205	261
AT1G06610	0	0	0	0	1	1
AT1G06620	274	180	471	1443	659	2209
AT1G06630	709	635	679	650	561	893
AT1G06640	2940	3172	3906	4555	5475	7525
AT1G06645	450	486	414	372	375	497
AT1G06650	2500	2660	2655	2753	2295	3126
AT1G06660	39	73	63	41	73	83
AT1G06670	2176	2336	1583	351	666	1147
AT1G06680	130221	173937	166439	146227	173247	111233
AT1G06690	5151	5255	5215	3699	4397	3652
AT1G06700	1749	1882	1914	2547	1940	3333
AT1G06710	210	150	119	87	83	179
AT1G06720	1502	1731	1153	206	371	648
AT1G06730	504	586	625	536	543	617
AT1G06750	71	71	71	61	42	82
AT1G06760	5835	7398	6796	6185	6479	6850
AT1G06770	333	325	292	240	216	322
AT1G06780	418	450	463	441	412	729
AT1G06790	483	552	501	510	452	591
AT1G06800	439	567	687	912	739	849
AT1G06810	1	1	1	9	1	6
AT1G06820	1960	2085	2165	1522	1618	1817
AT1G06830	915	1213	1171	404	555	331
AT1G06840	529	504	553	374	418	510
AT1G06850	193	291	180	107	169	141
AT1G06870	609	638	678	869	762	1113
AT1G06880	0	0	0	0	0	1
AT1G06890	1148	1237	1410	1945	1427	2097
AT1G06900	1589	1621	1389	761	864	1290
AT1G06910	207	210	204	90	97	183
AT1G06920	0	0	0	0	1	1
AT1G06923	1	0	1	0	0	3
AT1G06925	1	0	1	0	0	0
AT1G06930	1	0	0	0	1	1
AT1G06950	7063	7322	6647	1795	3454	3700
AT1G06960	433	531	510	475	474	641
AT1G06970	2	5	2	3	3	12
AT1G06980	73	77	60	46	65	40
AT1G06990	15	7	10	4	12	5
AT1G07000	648	330	479	3218	1634	3937
AT1G07010	5610	6133	6891	5828	5586	5777
AT1G07020	255	319	273	491	349	482
AT1G07025	0	0	0	12	3	27
AT1G07030	817	944	934	1137	879	1219
AT1G07040	390	385	519	787	494	1017
AT1G07050	94	99	113	36	52	50
AT1G07051	0	1	0	2	0	0
AT1G07060	2	2	2	1	1	1
AT1G07070	667	836	773	316	489	354
AT1G07080	3316	3628	3889	3942	3898	3954
AT1G07090	281	384	441	374	411	356
AT1G07100	0	0	0	1	0	1
AT1G07110	7176	7622	7910	2839	3984	4229
AT1G07119	53	63	55	37	38	32
AT1G07120	60	77	76	44	61	53
AT1G07128	55	57	89	169	89	172
AT1G07130	79	99	131	192	113	192
AT1G07135	162	89	301	1169	446	871
AT1G07140	5360	5460	5621	7944	6252	10774
AT1G07150	63	50	86	151	80	202
AT1G07160	4	5	38	13	1	12
AT1G07170	415	423	445	852	576	908
AT1G07175	7	8	12	1	5	3
AT1G07180	12300	13444	14530	9031	10240	8389
AT1G07190	1	0	0	0	0	1
AT1G07200	1439	1303	1218	1045	1093	1852
AT1G07210	909	1134	1163	1007	1034	1293
AT1G07220	639	621	602	1093	856	1560
AT1G07230	1019	1041	1199	1044	1206	1037
AT1G07240	398	499	507	999	791	903
AT1G07250	2169	2377	2559	3544	2869	3346
AT1G07260	35	100	58	77	67	121
AT1G07270	30	46	44	8	23	23
AT1G07280	2854	3410	3457	4275	3757	4531
AT1G07290	40	44	29	58	27	65
AT1G07300	270	301	352	247	208	255
AT1G07310	788	866	831	1142	1011	1417
AT1G07320	19473	23073	23457	13354	18840	14045
AT1G07330	11	11	14	7	7	14
AT1G07340	4	6	6	10	9	9
AT1G07350	3192	3236	3722	2723	2263	3761
AT1G07360	1625	1979	1834	950	1404	1607
AT1G07370	551	765	601	178	425	287
AT1G07380	298	303	328	313	305	461
AT1G07390	314	308	331	145	188	283
AT1G07400	390	170	816	611	280	775
AT1G07410	62	68	66	69	62	74
AT1G07420	496	509	495	705	573	909
AT1G07430	35	20	97	387	147	640
AT1G07440	2667	3401	3389	3803	3463	4240
AT1G07450	283	396	293	199	331	175
AT1G07460	0	0	0	0	0	1
AT1G07470	615	739	764	1354	935	1890
AT1G07473	5	5	3	20	11	14
AT1G07476	0	2	0	5	5	12
AT1G07480	791	905	913	1401	1012	1956
AT1G07485	171	209	207	79	140	88
AT1G07490	149	178	171	60	115	66
AT1G07500	209	95	197	726	348	599
AT1G07510	2140	2403	2039	1232	1443	1894
AT1G07520	195	203	188	346	291	534
AT1G07530	1277	1300	1336	1841	1364	2283
AT1G07540	0	3	1	1	1	5
AT1G07550	0	0	0	2	0	2
AT1G07560	0	0	0	23	5	49
AT1G07570	599	666	619	433	518	507
AT1G07580	0	0	0	2	1	4
AT1G07590	59630	58448	75923	123052	64688	108502
AT1G07600	71	61	93	250	95	260
AT1G07610	1598	1429	3701	6175	2641	6310
AT1G07615	202	234	234	171	185	241
AT1G07620	302	209	249	362	157	478
AT1G07630	491	439	495	893	710	1321
AT1G07640	1041	1248	1195	1315	1093	1266
AT1G07650	1779	1358	1359	1087	975	1884
AT1G07660	718	865	804	872	714	874
AT1G07670	2307	2175	2135	2249	2287	3419
AT1G07680	0	2	0	0	0	0
AT1G07700	3080	3690	4103	3780	3472	3526
AT1G07705	779	789	711	724	678	978
AT1G07710	42	48	31	20	20	58
AT1G07720	2289	2353	3046	2656	2024	2808
AT1G07725	353	348	391	1292	733	1726
AT1G07728	383	387	432	1381	786	1897
AT1G07730	44	57	46	81	63	204
AT1G07740	150	174	140	222	186	466
AT1G07745	227	220	199	216	168	268
AT1G07747	2	1	0	1	1	9
AT1G07750	1083	1327	1776	2716	1669	2752
AT1G07760	0	1	0	1	0	0
AT1G07770	8324	10038	9498	8159	8044	8592
AT1G07780	488	645	529	255	364	309
AT1G07790	1749	2335	2109	1617	1939	1632
AT1G07795	2	5	0	1	5	11
AT1G07810	1526	1638	1569	2002	1812	4092
AT1G07820	1771	2206	2013	1496	1702	1484
AT1G07830	526	573	581	610	556	755
AT1G07840	742	892	890	531	587	658
AT1G07850	0	7	1	15	4	35
AT1G07860	1	3	2	6	0	16
AT1G07870	373	383	459	586	364	633
AT1G07880	132	152	132	59	96	110
AT1G07885	8	6	11	3	6	6
AT1G07890	12078	12644	12579	25130	16036	31550
AT1G07900	37	19	61	479	290	549
AT1G07901	70	83	85	126	111	120
AT1G07910	551	515	478	233	283	453
AT1G07920	23032	27467	25101	20387	22201	26206
AT1G07930	21802	24302	23169	16357	18343	21997
AT1G07940	17955	20097	19166	15888	16243	20172
AT1G07950	440	532	570	755	570	848
AT1G07960	846	938	979	1554	1048	1931
AT1G07970	489	539	504	456	492	828
AT1G07980	759	878	823	625	615	807
AT1G07985	7	10	54	23	16	44
AT1G07990	1748	1700	1627	1270	1209	1985
AT1G08000	291	377	311	276	329	347
AT1G08005	7	4	9	7	5	13
AT1G08010	476	534	552	426	502	563
AT1G08030	540	599	604	552	518	764
AT1G08035	5	4	7	5	6	9
AT1G08040	602	767	770	719	690	1007
AT1G08050	243	149	220	1077	710	1493
AT1G08060	939	830	645	246	326	736
AT1G08065	2	13	1	5	1	1
AT1G08070	26	22	24	46	22	76
AT1G08080	6	9	3	1	6	1
AT1G08090	5	2	1	8	9	8
AT1G08110	3882	4066	4188	3671	3852	5021
AT1G08115	3	0	1	2	0	2
AT1G08120	3	3	6	10	1	15
AT1G08125	441	517	442	393	391	548
AT1G08130	1051	1108	867	215	462	593
AT1G08135	1	0	0	0	0	0
AT1G08150	0	0	0	0	0	1
AT1G08160	301	352	280	147	163	162
AT1G08165	28	30	32	33	44	14
AT1G08170	5	3	4	3	4	5
AT1G08180	159	170	185	163	146	149
AT1G08190	5456	5183	5151	2980	3658	3702
AT1G08200	8913	9142	9914	7113	8318	10007
AT1G08210	509	549	562	831	712	1045
AT1G08220	220	245	245	229	222	273
AT1G08230	511	526	682	889	643	1023
AT1G08240	0	0	0	1	0	0
AT1G08250	945	1140	1194	1069	1105	849
AT1G08260	510	479	315	72	138	252
AT1G08270	76	132	79	42	55	133
AT1G08280	214	306	287	122	182	157
AT1G08290	58	63	64	233	90	278
AT1G08300	251	239	188	102	99	171
AT1G08310	22	17	19	41	31	72
AT1G08315	194	241	308	460	278	404
AT1G08320	7	9	14	14	13	24
AT1G08340	95	104	82	47	44	67
AT1G08350	236	259	235	362	302	432
AT1G08360	8246	9612	8903	6531	6852	8242
AT1G08370	1091	1350	1177	946	973	1326
AT1G08380	83409	115089	104235	116982	134021	85360
AT1G08390	229	329	294	388	369	327
AT1G08400	201	237	234	261	196	312
AT1G08410	661	771	675	285	421	486
AT1G08420	3210	2798	2789	3261	2650	3278
AT1G08430	4	4	5	3	3	12
AT1G08440	35	17	18	9	12	12
AT1G08450	3067	2367	2703	6961	4909	10617
AT1G08460	650	777	899	1102	895	1217
AT1G08465	389	395	480	461	408	523
AT1G08470	826	1066	977	664	788	793
AT1G08480	1904	2318	2443	3124	2780	3387
AT1G08490	1981	2182	2075	2005	1881	2377
AT1G08500	29	27	27	66	48	110
AT1G08510	5855	6498	6354	5303	5061	5009
AT1G08520	10176	11961	10854	4484	6867	5931
AT1G08530	365	530	513	523	464	557
AT1G08540	5383	6528	6138	1902	3275	2638
AT1G08550	1348	1374	1183	832	931	1360
AT1G08560	606	891	734	164	354	340
AT1G08570	7132	6534	7568	7167	5802	6307
AT1G08580	1405	1728	1511	1072	1133	1209
AT1G08590	160	201	184	193	180	478
AT1G08592	123	155	142	140	135	350
AT1G08600	1311	1273	926	294	418	908
AT1G08610	357	431	356	86	163	183
AT1G08620	1273	1284	1152	622	654	1344
AT1G08630	71	108	62	108	65	110
AT1G08640	2884	3198	3158	2272	2656	2275
AT1G08650	2160	2394	2957	5109	3594	5059
AT1G08660	680	874	743	477	600	841
AT1G08670	0	1	0	0	0	0
AT1G08680	1325	1530	1241	757	888	1393
AT1G08695	0	0	0	2	0	4
AT1G08700	1391	1455	1421	1798	1671	1962
AT1G08710	315	330	302	394	271	581
AT1G08720	738	732	748	883	746	1387
AT1G08730	24	17	21	15	10	66
AT1G08750	328	388	380	295	306	373
AT1G08760	590	663	641	517	478	738
AT1G08770	416	397	516	691	534	617
AT1G08780	626	788	802	722	745	1003
AT1G08790	0	0	0	3	1	1
AT1G08800	723	563	740	580	467	1211
AT1G08810	367	387	330	164	259	204
AT1G08820	912	899	917	1050	905	1574
AT1G08830	12344	12464	19160	23198	17995	27030
AT1G08840	236	289	179	108	132	189
AT1G08845	213	253	208	191	218	212
AT1G08860	20	5	16	34	9	26
AT1G08880	1674	2131	2257	1793	1799	1686
AT1G08890	49	45	97	180	113	229
AT1G08900	895	798	843	967	718	1085
AT1G08910	634	799	590	300	363	620
AT1G08920	361	301	564	1638	657	2789
AT1G08930	1584	1284	1316	2340	1188	2604
AT1G08940	112	137	156	323	160	339
AT1G08950	0	0	0	0	0	1
AT1G08960	375	464	413	417	388	520
AT1G08970	1085	1246	1178	1734	1407	1869
AT1G08980	514	523	590	1175	778	1278
AT1G08985	0	0	0	0	0	1
AT1G08990	1	2	0	0	1	2
AT1G09000	72	102	97	65	93	84
AT1G09010	2526	2596	2561	3150	2713	5876
AT1G09020	1913	2072	2140	2018	1953	2018
AT1G09040	114	137	133	74	73	176
AT1G09050	129	190	109	91	111	266
AT1G09060	1502	1620	1431	783	940	1836
AT1G09070	5166	5612	6498	18682	10053	19329
AT1G09080	231	71	88	419	353	1138
AT1G09090	0	0	0	12	1	24
AT1G09100	768	756	891	943	820	1252
AT1G09130	6832	7745	7609	7717	7584	9031
AT1G09140	3498	3454	3747	4238	3071	5087
AT1G09150	763	993	883	675	844	849
AT1G09155	0	1	3	2	3	8
AT1G09157	0	0	2	7	5	13
AT1G09160	1158	1259	1184	566	716	717
AT1G09170	44	43	36	35	25	48
AT1G09176	13	6	9	43	30	23
AT1G09180	151	209	267	439	403	375
AT1G09190	63	68	58	96	88	192
AT1G09195	174	184	155	256	163	413
AT1G09200	2378	3538	2853	1263	2204	1430
AT1G09210	6530	7607	6120	8289	8259	14507
AT1G09220	29	18	33	27	35	50
AT1G09230	307	410	325	293	258	407
AT1G09240	63	59	67	192	123	196
AT1G09250	1195	1400	1171	842	985	855
AT1G09260	0	0	1	0	0	0
AT1G09270	3011	2894	2871	2907	2750	3559
AT1G09280	399	503	385	450	462	786
AT1G09290	335	377	370	322	308	427
AT1G09300	349	350	404	328	332	504
AT1G09310	39800	52265	55318	21816	37820	26577
AT1G09320	200	184	167	203	183	358
AT1G09330	1214	1395	1467	1873	1412	1866
AT1G09340	62796	80314	76434	35582	55119	35625
AT1G09350	58	43	110	33	27	21
AT1G09370	4	4	6	3	3	2
AT1G09380	2	1	5	48	22	39
AT1G09390	577	759	713	587	610	471
AT1G09400	11	9	11	38	23	27
AT1G09410	32	26	21	18	21	61
AT1G09415	662	781	686	515	432	657
AT1G09420	165	160	117	113	88	231
AT1G09421	28	41	39	29	16	49
AT1G09430	2272	2199	2600	3073	2339	4015
AT1G09440	425	477	452	180	272	209
AT1G09450	77	108	72	22	48	35
AT1G09460	36	37	36	20	27	41
AT1G09470	154	199	177	34	77	81
AT1G09480	84	60	92	142	70	121
AT1G09483	2	2	1	2	1	3
AT1G09490	1476	1307	1408	2006	1465	1570
AT1G09500	685	267	1109	2996	551	3608
AT1G09510	1	2	16	20	1	32
AT1G09520	454	486	494	805	669	1025
AT1G09530	274	317	382	496	389	669
AT1G09540	3	9	3	9	5	2
AT1G09550	0	0	0	1	1	0
AT1G09560	2541	2227	2972	3222	2603	3659
AT1G09570	1942	1767	1705	940	1226	1902
AT1G09575	81	98	97	62	82	73
AT1G09580	368	479	508	333	416	366
AT1G09590	7281	10069	8716	5315	6592	7138
AT1G09600	31	42	22	31	29	84
AT1G09610	28	60	39	24	29	68
AT1G09620	5350	5434	4905	3629	4237	7214
AT1G09625	0	0	0	0	1	0
AT1G09630	525	557	579	691	626	834
AT1G09640	7350	8266	8316	7718	7191	10106
AT1G09645	503	552	582	1252	652	1274
AT1G09650	7	11	10	4	16	12
AT1G09660	1202	1532	1363	1153	1069	1199
AT1G09665	0	0	0	4	2	8
AT1G09680	49	44	49	82	50	193
AT1G09690	12652	16500	14991	10218	12049	14719
AT1G09700	524	704	620	464	519	693
AT1G09710	237	243	226	265	234	339
AT1G09720	0	0	0	1	5	18
AT1G09730	977	886	936	779	626	1301
AT1G09740	461	405	559	993	567	1017
AT1G09750	3516	4688	3497	1365	2625	2589
AT1G09760	1277	1537	1413	1198	1346	1809
AT1G09770	2905	3207	2626	1294	1702	3592
AT1G09780	4021	5033	5500	5979	5414	10683
AT1G09790	1	2	0	5	2	12
AT1G09794	94	117	113	186	99	179
AT1G09795	2096	2511	2730	1959	2197	2128
AT1G09800	177	194	171	105	161	159
AT1G09810	357	420	351	230	197	367
AT1G09812	52	84	93	28	50	22
AT1G09815	775	884	928	1432	1200	1438
AT1G09820	210	233	225	117	135	161
AT1G09830	1747	1801	1809	1492	1599	1412
AT1G09840	1569	1479	1717	1293	1260	1728
AT1G09850	982	1059	1312	2053	1343	2884
AT1G09860	1	3	1	8	3	21
AT1G09870	702	771	851	1161	827	1551
AT1G09880	24	61	22	23	13	33
AT1G09890	97	116	72	47	38	69
AT1G09900	1065	1213	1104	612	657	916
AT1G09910	410	441	456	555	449	714
AT1G09920	787	915	1022	1325	1003	1421
AT1G09930	1	3	5	8	5	21
AT1G09932	298	57	248	521	205	549
AT1G09935	1	0	3	5	1	6
AT1G09940	414	373	490	572	392	908
AT1G09950	11	12	23	30	41	44
AT1G09960	169	183	171	162	164	223
AT1G09970	3062	2201	3478	5658	3439	7712
AT1G09980	901	883	812	501	555	848
AT1G09995	77	106	93	211	134	229
AT1G10000	37	38	59	36	53	53
AT1G10010	0	0	2	1	2	0
AT1G10020	1912	1928	1927	1203	1005	1213
AT1G10030	573	639	667	484	594	537
AT1G10040	79	48	66	126	74	136
AT1G10050	442	419	420	375	370	634
AT1G10060	325	352	289	222	347	202
AT1G10070	73	46	108	140	99	158
AT1G10090	379	357	467	662	583	904
AT1G10095	100	101	103	152	93	198
AT1G10100	0	0	0	3	0	2
AT1G10110	18	14	14	10	20	14
AT1G10120	746	895	690	569	557	908
AT1G10130	1495	1395	1112	1409	1228	1922
AT1G10140	161	165	307	669	276	450
AT1G10150	908	875	848	822	770	782
AT1G10155	108	134	111	60	42	64
AT1G10170	1920	1858	1720	2083	2015	3397
AT1G10180	749	880	727	247	513	556
AT1G10200	681	908	927	1163	1031	1217
AT1G10210	200	179	159	328	248	364
AT1G10220	3	1	16	5	8	4
AT1G10230	434	512	529	477	444	550
AT1G10240	369	352	379	162	218	280
AT1G10250	0	0	0	0	0	1
AT1G10270	762	961	724	425	575	723
AT1G10280	283	267	316	315	329	318
AT1G10290	3041	3015	2626	2778	2684	4424
AT1G10300	2	5	1	16	3	33
AT1G10310	767	852	910	976	853	1073
AT1G10320	553	571	407	158	171	443
AT1G10330	54	73	58	69	76	63
AT1G10340	257	57	100	644	360	981
AT1G10350	296	416	412	637	484	809
AT1G10360	1888	2106	1904	1644	1816	1626
AT1G10370	9261	10462	12269	7968	6950	8200
AT1G10380	545	675	490	235	290	189
AT1G10385	0	0	0	1	1	2
AT1G10390	2965	2963	2434	2153	2228	3349
AT1G10400	1	0	1	26	11	48
AT1G10410	616	664	849	1251	693	1391
AT1G10417	17	14	19	28	19	60
AT1G10430	1056	1041	1113	1245	1049	1310
AT1G10450	818	785	652	241	274	644
AT1G10455	1	1	1	0	0	0
AT1G10460	99	92	122	48	66	28
AT1G10470	7428	7803	8865	7503	7940	7105
AT1G10480	12	0	8	5	12	20
AT1G10490	1418	1582	1240	823	789	925
AT1G10500	2915	2997	3414	4833	3513	4166
AT1G10510	2119	2207	2046	1247	1509	1506
AT1G10520	61	58	59	30	39	46
AT1G10522	1008	1095	940	876	908	1229
AT1G10530	25	14	25	61	35	101
AT1G10540	30	40	29	66	31	53
AT1G10550	13	104	55	16	8	6
AT1G10560	39	23	35	60	64	79
AT1G10570	434	531	453	207	284	386
AT1G10580	1345	1496	1300	818	956	1429
AT1G10585	212	88	875	1006	161	1090
AT1G10586	4	2	6	20	7	31
AT1G10588	0	0	1	0	0	0
AT1G10590	2814	3023	3196	4384	3520	5121
AT1G10600	477	632	512	899	641	1226
AT1G10610	294	270	247	610	360	1578
AT1G10620	0	0	0	3	0	5
AT1G10630	2418	3001	2950	3807	3308	4411
AT1G10640	1016	1427	844	88	580	141
AT1G10650	1277	1367	1309	701	668	747
AT1G10657	293	478	300	188	349	205
AT1G10660	1191	1325	1473	2304	1483	2560
AT1G10670	8084	9842	9498	3999	6156	5988
AT1G10680	0	1	1	5	1	5
AT1G10682	865	907	922	543	536	401
AT1G10690	89	108	104	272	152	280
AT1G10700	554	615	758	1249	891	1351
AT1G10710	9	16	9	12	8	11
AT1G10720	615	621	576	715	554	876
AT1G10730	205	218	234	208	212	334
AT1G10740	2450	2521	2822	2219	1863	2255
AT1G10747	0	0	0	0	0	1
AT1G10750	96	110	64	34	70	44
AT1G10760	2979	2839	3191	1736	2023	5241
AT1G10770	0	2	1	4	1	0
AT1G10780	127	156	129	52	124	104
AT1G10790	15	18	20	29	14	49
AT1G10800	22	18	18	33	12	46
AT1G10810	18	18	23	13	17	48
AT1G10820	641	679	578	450	510	667
AT1G10830	1131	1236	1332	1115	1205	1162
AT1G10840	3323	3487	3576	3186	2997	3057
AT1G10850	997	1172	1076	754	865	1515
AT1G10865	574	564	656	1069	592	952
AT1G10870	871	871	759	356	421	686
AT1G10880	0	1	1	0	1	1
AT1G10890	1456	1570	1299	969	863	1637
AT1G10900	2858	3139	3026	1614	1858	2407
AT1G10910	1351	1446	1314	585	811	893
AT1G10920	549	483	452	683	423	1240
AT1G10930	524	572	421	98	181	244
AT1G10940	2540	2800	2760	2852	2346	3372
AT1G10950	4304	4613	4626	5373	4611	7059
AT1G10960	60105	71758	75446	45620	52330	42985
AT1G10970	177	159	221	291	235	470
AT1G10980	50	60	53	26	48	32
AT1G10990	50	76	57	36	36	41
AT1G11000	96	132	96	54	79	91
AT1G11020	372	386	416	439	454	573
AT1G11030	0	0	0	0	3	0
AT1G11040	1	0	0	0	1	0
AT1G11050	464	503	507	606	545	594
AT1G11060	606	585	448	313	342	547
AT1G11070	11	10	10	19	5	30
AT1G11080	201	81	180	63	98	165
AT1G11090	513	550	615	620	614	582
AT1G11100	29	34	39	37	35	71
AT1G11110	2	1	1	2	2	1
AT1G11112	30	31	52	11	24	8
AT1G11120	83	131	65	28	62	39
AT1G11125	29	28	41	21	48	28
AT1G11130	868	978	841	308	500	341
AT1G11145	0	0	0	1	0	0
AT1G11160	79	85	60	9	20	27
AT1G11170	56	39	75	82	33	51
AT1G11175	150	165	169	564	374	564
AT1G11180	412	536	499	502	511	631
AT1G11185	14	14	32	50	41	123
AT1G11190	138	183	107	135	100	212
AT1G11200	358	355	428	621	464	606
AT1G11210	4	5	18	67	21	62
AT1G11220	38	66	57	47	71	40
AT1G11230	0	0	0	0	1	1
AT1G11240	873	1050	944	554	651	734
AT1G11250	2	3	1	4	1	2
AT1G11260	2690	2168	1698	2699	2188	2574
AT1G11270	119	102	95	147	109	178
AT1G11280	845	886	787	330	491	616
AT1G11290	299	246	267	162	206	336
AT1G11300	427	333	404	263	295	520
AT1G11310	2275	2122	2276	4176	3012	5970
AT1G11320	135	132	113	163	154	201
AT1G11330	1375	1169	1169	2040	1414	2651
AT1G11340	91	96	79	50	51	68
AT1G11350	1068	1210	1053	462	658	795
AT1G11360	762	846	800	1354	1071	1391
AT1G11370	0	0	0	2	0	0
AT1G11380	276	281	271	181	211	226
AT1G11390	785	810	784	553	602	727
AT1G11400	653	597	622	508	487	730
AT1G11410	1350	1398	1280	541	688	867
AT1G11420	139	137	130	55	52	79
AT1G11430	5393	6596	6359	5064	5398	5965
AT1G11440	557	696	642	671	597	777
AT1G11450	68	80	60	26	76	64
AT1G11460	4	3	3	1	4	3
AT1G11475	1081	1226	1108	1176	1043	1181
AT1G11480	1469	1542	1640	1170	1322	2111
AT1G11490	8	10	7	5	4	7
AT1G11500	14	23	29	8	7	2
AT1G11510	0	0	0	0	2	1
AT1G11530	515	462	458	694	528	595
AT1G11540	3	2	1	10	7	16
AT1G11545	549	639	569	168	337	189
AT1G11550	1	1	0	0	0	0
AT1G11560	2	1	3	0	2	1
AT1G11570	27	36	17	26	27	34
AT1G11572	3	3	7	4	6	9
AT1G11580	2708	3029	3886	2424	2504	3909
AT1G11590	1	0	0	0	0	2
AT1G11592	131	157	127	129	143	169
AT1G11600	411	438	428	247	403	234
AT1G11608	0	0	1	1	0	0
AT1G11610	0	0	0	4	0	1
AT1G11620	0	0	0	0	1	0
AT1G11630	275	328	292	238	203	332
AT1G11640	0	0	1	0	0	1
AT1G11650	9304	10001	10586	9264	8679	10422
AT1G11660	1165	1266	1208	835	852	2018
AT1G11670	216	258	267	193	307	246
AT1G11680	2623	2941	3044	3222	3019	3744
AT1G11690	1	1	0	0	0	7
AT1G11700	1454	1870	1996	2281	2155	1718
AT1G11710	153	133	160	135	105	174
AT1G11720	3441	3542	3518	1352	1748	2646
AT1G11730	94	105	80	33	53	70
AT1G11735	24	12	10	29	18	19
AT1G11740	28	36	31	10	7	15
AT1G11750	3859	4462	4428	3107	3799	3285
AT1G11755	284	324	342	395	304	434
AT1G11760	227	210	216	316	253	348
AT1G11770	0	1	0	5	5	9
AT1G11780	328	395	419	346	351	358
AT1G11785	16	13	24	50	17	26
AT1G11790	1281	1289	1248	1164	992	1339
AT1G11800	278	291	310	396	344	372
AT1G11810	2	0	0	2	3	1
AT1G11820	2600	2662	2699	971	1653	1334
AT1G11840	9796	11441	12993	11883	13633	18752
AT1G11850	4801	5675	4409	967	4285	1120
AT1G11860	63490	75964	75410	30559	54017	29663
AT1G11870	1514	1501	1732	1098	1383	1230
AT1G11880	194	219	207	232	235	293
AT1G11890	1329	1557	1693	1608	1373	1803
AT1G11900	146	141	121	117	108	130
AT1G11905	311	288	312	886	520	1237
AT1G11910	15777	15629	18111	25369	20853	30487
AT1G11915	22	26	33	10	21	20
AT1G11920	0	1	0	1	5	5
AT1G11925	2	3	18	40	0	42
AT1G11930	2593	2782	2728	2350	2278	3353
AT1G11940	156	192	172	209	156	267
AT1G11950	142	124	103	68	67	145
AT1G11960	398	403	474	452	445	645
AT1G11970	2	5	7	0	3	0
AT1G11980	0	3	1	0	2	0
AT1G11990	32	44	37	16	20	35
AT1G12000	3861	4474	3820	1574	2470	2587
AT1G12010	44	50	34	35	29	39
AT1G12013	6	13	13	8	7	5
AT1G12015	1	1	0	0	0	0
AT1G12020	479	541	546	460	502	399
AT1G12030	813	600	845	334	536	293
AT1G12050	1571	1693	1860	1996	1926	2043
AT1G12060	265	341	379	210	256	194
AT1G12064	0	0	1	0	0	0
AT1G12070	5	11	6	1	3	2
AT1G12080	819	1109	685	375	662	347
AT1G12090	5420	8193	6594	12849	10790	14380
AT1G12100	22	14	23	12	30	19
AT1G12110	6086	6053	6539	7588	5861	8169
AT1G12120	1004	1119	1072	863	848	1383
AT1G12130	2	0	2	2	2	2
AT1G12140	1740	1868	1850	2267	1866	2549
AT1G12150	20	26	26	22	21	59
AT1G12160	50	69	54	246	140	242
AT1G12190	0	0	0	1	0	0
AT1G12200	258	312	274	324	270	342
AT1G12210	78	55	64	131	102	234
AT1G12211	4	5	1	10	4	8
AT1G12220	446	386	397	374	319	593
AT1G12230	2131	2593	2676	1386	1884	1511
AT1G12240	7066	8254	8546	6283	5627	9397
AT1G12244	452	554	569	270	381	337
AT1G12250	3020	3285	3256	3006	3106	2651
AT1G12260	65	59	42	25	33	44
AT1G12270	1414	1644	1358	520	723	1169
AT1G12280	605	554	538	442	390	661
AT1G12290	149	92	79	216	161	522
AT1G12300	109	101	103	92	96	201
AT1G12310	2380	2758	2508	3016	2754	3380
AT1G12320	242	306	240	237	197	319
AT1G12330	888	1068	954	506	762	574
AT1G12340	4	5	2	4	4	7
AT1G12350	490	548	518	637	546	616
AT1G12360	1471	1464	1409	990	957	2093
AT1G12370	332	358	314	191	215	213
AT1G12380	671	795	457	300	536	441
AT1G12390	343	364	389	710	500	819
AT1G12400	231	267	269	323	216	292
AT1G12410	6009	7098	6877	5812	6403	6551
AT1G12411	0	0	1	6	1	3
AT1G12420	462	362	323	255	234	428
AT1G12430	1243	1261	1077	360	611	623
AT1G12440	2781	2516	2605	3974	2892	3700
AT1G12450	212	242	266	200	143	164
AT1G12451	0	0	1	0	1	2
AT1G12460	896	897	852	344	501	537
AT1G12470	1525	1560	1383	624	825	1321
AT1G12480	108	132	105	98	130	128
AT1G12490	3	1	2	1	2	3
AT1G12500	2312	3058	2781	1532	1910	1401
AT1G12510	0	1	0	0	0	0
AT1G12520	5886	6162	10675	3366	4922	4017
AT1G12530	501	542	573	496	506	475
AT1G12540	0	0	0	2	0	3
AT1G12550	287	365	357	305	326	262
AT1G12560	0	0	0	2	0	0
AT1G12570	522	741	397	220	497	306
AT1G12580	1395	1443	1382	833	990	1365
AT1G12600	17	14	9	3	2	8
AT1G12610	0	2	6	9	11	19
AT1G12620	215	271	232	145	140	244
AT1G12630	3	4	4	2	2	4
AT1G12640	873	953	865	1736	990	1868
AT1G12650	601	824	645	383	387	605
AT1G12660	1	0	0	0	0	0
AT1G12672	53	58	68	85	40	65
AT1G12680	671	637	725	661	678	918
AT1G12700	140	161	128	68	87	167
AT1G12710	278	249	227	367	241	371
AT1G12730	203	206	232	241	209	282
AT1G12740	4	2	3	2	2	3
AT1G12750	510	574	646	434	580	573
AT1G12760	1969	1757	2092	2949	2239	2626
AT1G12770	2242	2477	2418	924	1416	1448
AT1G12775	131	136	127	106	88	213
AT1G12780	711	862	920	1348	846	1413
AT1G12790	56	65	85	77	57	89
AT1G12800	10850	12708	11163	3084	5402	5257
AT1G12805	14	1	52	9	8	15
AT1G12810	624	584	723	1129	759	1113
AT1G12820	2023	2493	2371	2014	2131	1900
AT1G12830	811	940	885	762	725	1020
AT1G12840	5087	5119	5947	7558	5808	7277
AT1G12845	141	211	175	118	185	151
AT1G12850	1346	1500	1466	1584	1399	2083
AT1G12855	5	2	1	4	2	10
AT1G12860	967	1178	919	520	683	541
AT1G12870	0	0	2	0	3	1
AT1G12880	430	526	393	450	289	442
AT1G12890	2	8	6	8	8	14
AT1G12900	70978	83001	86006	50536	72352	35380
AT1G12910	674	705	706	1233	854	1651
AT1G12920	3044	3196	3307	2129	2073	2853
AT1G12930	769	753	708	595	539	932
AT1G12940	3	8	4	55	18	34
AT1G12950	5	18	7	4	13	5
AT1G12970	213	234	248	478	307	464
AT1G12980	0	0	2	2	2	1
AT1G12990	1144	985	1018	2565	1613	2658
AT1G13000	426	438	376	695	478	941
AT1G13010	0	0	0	2	2	5
AT1G13020	2319	2680	2170	1185	1465	2123
AT1G13030	436	526	336	106	174	243
AT1G13040	85	73	64	60	50	118
AT1G13050	69	76	64	58	39	103
AT1G13060	3162	3583	3677	4484	3749	5013
AT1G13080	2065	2273	2152	2323	2018	2178
AT1G13090	2335	2606	2655	2057	2243	2894
AT1G13100	312	299	328	310	302	364
AT1G13110	2172	2456	2522	1420	1894	1910
AT1G13120	676	721	609	261	326	552
AT1G13130	52	66	42	22	35	23
AT1G13140	91	44	64	34	55	77
AT1G13150	56	79	42	35	49	61
AT1G13160	1202	1477	1139	280	520	679
AT1G13170	800	930	859	373	585	676
AT1G13180	216	205	252	293	268	426
AT1G13190	1730	1796	1930	1646	1361	2134
AT1G13195	242	219	261	427	280	405
AT1G13200	1	0	0	6	2	10
AT1G13210	596	394	420	917	611	1498
AT1G13220	793	789	477	119	203	367
AT1G13230	11	13	10	3	8	8
AT1G13245	1236	1235	1267	1361	1168	878
AT1G13250	523	668	688	528	696	589
AT1G13260	348	234	300	1310	718	1393
AT1G13270	811	943	1013	591	623	851
AT1G13280	803	1041	1000	956	1147	1188
AT1G13290	4	4	3	0	7	1
AT1G13300	4	0	3	9	7	15
AT1G13310	8	1	7	105	24	150
AT1G13320	2327	2363	2444	1945	1940	2450
AT1G13330	263	140	365	1477	558	1534
AT1G13340	357	145	458	2247	833	2191
AT1G13350	1399	1339	1075	867	686	1850
AT1G13360	1775	1668	2242	7863	3814	7517
AT1G13370	12	29	13	17	14	11
AT1G13380	1034	1275	1252	926	1076	1098
AT1G13390	625	669	722	1082	733	1116
AT1G13400	10	11	11	1	4	4
AT1G13410	29	28	33	24	19	46
AT1G13420	25	11	30	9	28	17
AT1G13430	23	6	21	20	9	15
AT1G13440	58468	64368	69366	49411	57428	51430
AT1G13448	47	38	65	78	82	62
AT1G13450	690	694	670	580	544	854
AT1G13460	554	587	574	544	462	837
AT1G13470	442	137	214	1944	900	2680
AT1G13480	3	1	26	40	25	37
AT1G13490	0	0	1	0	0	1
AT1G13500	2	1	0	2	0	4
AT1G13510	0	0	0	1	1	2
AT1G13520	66	5	176	398	119	428
AT1G13530	5	6	4	13	9	32
AT1G13540	16	6	9	25	10	41
AT1G13550	27	19	10	37	18	64
AT1G13560	1878	2043	1996	2247	2005	3248
AT1G13570	286	287	319	366	329	469
AT1G13580	228	258	247	260	205	321
AT1G13590	0	0	2	0	0	0
AT1G13600	71	49	58	18	36	22
AT1G13605	6	8	8	3	0	6
AT1G13607	166	152	136	23	60	39
AT1G13608	307	319	277	26	96	67
AT1G13609	11328	12022	12132	4885	8518	3261
AT1G13610	66	92	188	26	47	18
AT1G13620	6	4	10	2	1	5
AT1G13630	116	95	92	55	41	90
AT1G13635	16	20	15	7	3	1
AT1G13640	1966	2045	2144	2147	1629	4461
AT1G13650	2521	4207	2569	2246	3112	1882
AT1G13670	52	52	19	20	20	20
AT1G13680	4	3	0	2	4	2
AT1G13690	653	799	713	889	847	1099
AT1G13700	102	123	126	184	122	151
AT1G13710	196	234	230	90	211	139
AT1G13730	1173	1483	1203	684	833	972
AT1G13740	258	290	304	174	222	298
AT1G13750	363	261	338	429	351	696
AT1G13770	339	347	345	458	345	558
AT1G13780	200	186	180	189	160	238
AT1G13790	220	220	170	52	82	163
AT1G13800	57	56	33	11	16	23
AT1G13810	364	371	413	246	241	268
AT1G13820	2224	2431	2451	2222	2566	2038
AT1G13830	18	7	33	122	67	107
AT1G13840	0	0	0	0	1	0
AT1G13850	0	0	0	2	0	1
AT1G13860	510	581	590	277	335	467
AT1G13870	399	442	455	430	354	436
AT1G13880	727	674	742	744	618	814
AT1G13890	0	0	0	13	2	19
AT1G13900	1179	1173	1254	1094	1090	1258
AT1G13910	199	226	221	230	178	240
AT1G13920	89	108	77	68	52	81
AT1G13930	9262	10903	11348	20573	15022	18633
AT1G13940	518	565	487	242	255	570
AT1G13950	290	270	317	566	342	596
AT1G13960	439	420	474	646	420	861
AT1G13970	49	53	50	73	36	97
AT1G13980	1420	1388	1347	1083	1197	3028
AT1G13990	711	314	1023	4400	1456	3646
AT1G14000	2055	2197	2458	2400	1896	3068
AT1G14010	626	668	714	998	816	1110
AT1G14020	586	707	662	587	609	705
AT1G14030	1388	1548	1412	736	1151	1143
AT1G14040	89	136	104	85	119	150
AT1G14048	0	0	0	3	2	4
AT1G14060	516	585	556	689	527	764
AT1G14070	131	133	142	155	108	224
AT1G14071	2	3	2	7	2	14
AT1G14080	3	2	0	9	5	7
AT1G14100	10	12	11	3	7	0
AT1G14120	23	14	191	38	13	148
AT1G14130	160	186	246	398	287	564
AT1G14140	467	509	525	1005	682	1426
AT1G14150	5396	6339	6974	4907	6247	3358
AT1G14160	0	0	0	0	0	1
AT1G14170	135	110	134	195	137	355
AT1G14180	204	281	206	99	168	172
AT1G14185	15	27	10	2	3	5
AT1G14190	79	98	55	37	55	31
AT1G14200	751	645	852	1250	762	1009
AT1G14205	122	119	127	119	82	103
AT1G14210	490	537	620	286	317	343
AT1G14220	4	0	1	0	0	0
AT1G14230	476	512	576	717	572	802
AT1G14240	38	18	13	8	9	20
AT1G14250	1846	3599	4811	11370	12576	10225
AT1G14260	23	27	21	54	44	72
AT1G14270	2962	3241	3262	2058	2559	2250
AT1G14280	2592	3047	2802	1026	1418	1223
AT1G14290	793	897	932	734	769	723
AT1G14300	501	488	520	435	398	502
AT1G14310	419	512	471	566	508	529
AT1G14315	0	0	0	0	0	4
AT1G14320	20115	23215	22786	17686	18402	18729
AT1G14330	391	410	515	860	468	957
AT1G14340	388	446	509	721	533	622
AT1G14345	6038	7016	6651	3159	4355	2709
AT1G14350	607	720	560	136	253	284
AT1G14360	798	833	889	1931	1265	2350
AT1G14370	222	176	317	600	380	840
AT1G14380	934	1118	1014	384	596	715
AT1G14390	47	37	43	28	21	67
AT1G14400	2956	3227	3489	5708	4018	5117
AT1G14410	894	1062	948	925	842	1043
AT1G14420	8	2	1	0	1	0
AT1G14430	562	598	514	128	277	128
AT1G14440	359	429	380	203	307	285
AT1G14450	2083	2611	2893	3821	3059	3635
AT1G14455	0	2	2	3	2	1
AT1G14460	549	612	408	206	228	439
AT1G14470	29	6	14	20	12	32
AT1G14480	35	45	26	58	34	67
AT1G14490	35	51	54	26	35	36
AT1G14500	0	0	0	8	0	22
AT1G14510	1146	1267	1252	1628	1314	1750
AT1G14518	0	0	0	2	0	1
AT1G14520	63	78	88	370	123	663
AT1G14530	234	237	186	273	234	355
AT1G14540	15	0	6	53	9	29
AT1G14550	0	0	0	5	1	0
AT1G14560	474	480	480	478	409	616
AT1G14570	1497	1587	1659	2011	1760	2666
AT1G14580	609	724	607	759	680	758
AT1G14590	342	340	411	511	427	674
AT1G14600	146	181	131	190	155	164
AT1G14610	4326	4467	3730	1035	1683	2612
AT1G14620	471	654	491	333	413	486
AT1G14630	103	123	123	56	88	70
AT1G14640	161	125	87	72	75	169
AT1G14642	13	20	12	7	10	21
AT1G14650	2154	2252	2020	1292	1380	2190
AT1G14660	129	116	113	111	79	180
AT1G14670	3543	3734	4046	5175	4262	7026
AT1G14680	31	42	30	27	23	49
AT1G14685	786	925	808	701	638	933
AT1G14686	9	7	2	9	7	7
AT1G14687	55	79	70	60	65	58
AT1G14688	1	0	2	5	0	9
AT1G14690	1153	1198	1111	641	673	1310
AT1G14700	908	854	1024	509	624	400
AT1G14710	2047	2715	2401	1410	1660	2218
AT1G14720	1547	1652	1942	1345	1238	1439
AT1G14730	64	102	53	46	41	50
AT1G14740	1322	1266	1376	2527	1650	3927
AT1G14750	35	27	43	17	31	65
AT1G14760	7	2	6	3	9	4
AT1G14770	141	203	163	85	116	158
AT1G14780	23	14	47	69	26	96
AT1G14790	584	442	404	560	508	1022
AT1G14800	2	1	3	4	2	8
AT1G14810	2885	3065	3155	1587	2339	1905
AT1G14820	422	481	502	524	414	643
AT1G14830	2640	3107	2893	2044	2249	3304
AT1G14840	1701	2126	1692	339	667	727
AT1G14850	1240	1170	951	545	746	966
AT1G14860	8	3	10	23	9	17
AT1G14870	202	61	377	1256	430	965
AT1G14880	2782	322	615	11578	7481	11699
AT1G14890	1059	1058	1206	1055	1126	870
AT1G14900	804	1039	882	483	689	559
AT1G14910	962	1117	982	1153	1103	1589
AT1G14920	1507	1775	1632	992	1412	1126
AT1G14930	3	5	4	0	1	4
AT1G14960	0	0	0	1	0	0
AT1G14970	211	249	197	92	137	186
AT1G14980	4926	5433	5404	4929	4478	4888
AT1G14990	262	324	346	526	364	497
AT1G15000	533	732	565	482	615	648
AT1G15002	30	34	27	8	21	8
AT1G15010	60	17	263	236	28	231
AT1G15015	1	0	0	1	0	0
AT1G15020	354	442	422	945	627	1421
AT1G15030	1285	1389	1400	1224	1229	1243
AT1G15040	7	9	48	31	15	60
AT1G15045	0	0	0	0	0	3
AT1G15050	4	3	9	11	4	23
AT1G15060	1456	1467	1508	2149	1926	2349
AT1G15080	98	106	143	87	105	107
AT1G15090	0	2	0	2	1	0
AT1G15100	1082	1103	1411	2359	1464	1871
AT1G15110	263	245	280	435	259	531
AT1G15120	2363	2574	2630	3268	2731	3341
AT1G15125	74	418	103	191	69	428
AT1G15130	1759	1828	1890	2191	1933	4081
AT1G15140	3218	4145	3558	2396	2704	2813
AT1G15150	58	47	46	71	54	64
AT1G15160	149	206	152	79	100	239
AT1G15165	254	310	273	128	176	255
AT1G15170	386	454	482	599	480	604
AT1G15175	88	126	111	170	125	192
AT1G15180	1774	2057	2121	2380	1962	3225
AT1G15190	13	17	22	45	29	64
AT1G15200	2159	2347	1840	816	1015	1546
AT1G15210	22	19	19	6	10	21
AT1G15215	208	285	252	212	242	294
AT1G15220	98	166	151	238	182	229
AT1G15230	759	891	1066	1143	1023	1275
AT1G15240	1319	1385	1132	705	749	1318
AT1G15250	795	1001	833	565	649	576
AT1G15260	1224	1709	1396	578	1075	730
AT1G15270	4538	5288	5146	5116	4598	4762
AT1G15280	2393	2325	2098	1562	1660	2299
AT1G15290	10854	10982	8243	2754	3969	6573
AT1G15310	62	64	61	87	71	127
AT1G15320	0	5	0	8	5	18
AT1G15330	1	1	0	10	0	14
AT1G15340	4929	5624	4225	1972	2689	4580
AT1G15350	343	291	457	643	407	726
AT1G15360	29	51	35	16	60	16
AT1G15370	1336	1586	1610	1970	1561	1962
AT1G15380	48	11	159	150	32	413
AT1G15385	3	1	4	13	1	16
AT1G15390	976	1151	1050	1177	1082	1280
AT1G15400	1225	1139	1437	2467	1655	2318
AT1G15405	2479	332	310	424	352	510
AT1G15410	1006	1386	1268	608	1033	732
AT1G15415	27	25	55	112	27	90
AT1G15420	494	668	564	413	417	444
AT1G15430	267	271	383	686	420	799
AT1G15440	856	1038	815	516	637	728
AT1G15450	0	0	0	0	0	2
AT1G15460	8	5	22	36	23	29
AT1G15470	559	619	615	479	526	601
AT1G15480	321	351	293	218	303	427
AT1G15490	360	398	320	342	352	364
AT1G15500	6672	7050	6843	7809	7172	11993
AT1G15510	743	715	626	265	300	663
AT1G15520	842	187	711	2103	1275	2098
AT1G15530	398	448	427	694	489	645
AT1G15540	0	0	0	1	1	1
AT1G15550	405	520	480	222	274	142
AT1G15570	385	433	351	87	201	185
AT1G15580	65	66	61	47	53	48
AT1G15620	2	3	2	5	9	6
AT1G15630	1	0	1	3	4	9
AT1G15660	378	534	398	175	272	308
AT1G15670	191	101	230	524	279	495
AT1G15690	44966	46828	47344	33799	35250	35265
AT1G15700	183	217	198	161	170	291
AT1G15710	831	1014	1052	565	757	567
AT1G15720	96	108	104	76	93	142
AT1G15730	1894	2216	1951	933	1331	1126
AT1G15740	1768	1774	1950	2023	1754	2507
AT1G15750	6572	6094	5974	5251	4734	9408
AT1G15757	0	0	0	1	0	0
AT1G15760	103	106	90	191	176	203
AT1G15770	1	2	1	3	2	14
AT1G15772	2	5	1	5	1	11
AT1G15780	1646	1683	1297	553	668	1481
AT1G15790	195	112	163	548	296	684
AT1G15800	73	68	74	182	99	207
AT1G15810	874	1073	927	668	762	1146
AT1G15820	140238	200422	175948	181047	218058	130201
AT1G15825	397	501	359	418	418	308
AT1G15830	1285	1875	1256	1282	1428	1142
AT1G15840	0	0	0	1	0	1
AT1G15850	0	1	0	0	0	1
AT1G15860	940	989	1121	1375	1012	1301
AT1G15870	42	40	71	43	43	55
AT1G15880	848	890	1014	1302	983	1465
AT1G15885	230	218	255	236	185	215
AT1G15890	41	31	30	77	56	130
AT1G15900	5	13	10	21	13	28
AT1G15910	831	897	794	304	477	719
AT1G15920	571	633	708	885	732	1055
AT1G15930	7880	9822	9498	8423	7597	9830
AT1G15940	1142	1297	814	215	329	763
AT1G15950	9717	10194	11825	11542	9915	12161
AT1G15960	1752	1860	2032	1567	1363	1707
AT1G15970	472	555	521	469	453	410
AT1G15980	10474	12230	12473	8904	10924	7600
AT1G15990	10	13	8	5	10	17
AT1G16000	758	889	987	875	855	1054
AT1G16010	1356	1327	1403	1677	1336	2205
AT1G16020	841	1037	950	451	597	627
AT1G16022	29	28	45	14	19	19
AT1G16025	8	11	15	7	5	10
AT1G16030	210	187	167	208	222	493
AT1G16040	304	337	347	544	376	580
AT1G16060	283	353	350	296	368	272
AT1G16070	70	106	113	19	56	61
AT1G16080	10872	13322	12481	8535	11510	7741
AT1G16090	238	239	217	226	158	343
AT1G16100	0	0	0	0	0	4
AT1G16110	196	129	140	307	197	559
AT1G16120	3	0	1	4	5	4
AT1G16130	35	31	83	48	33	94
AT1G16150	5	0	7	5	7	6
AT1G16160	1	0	0	2	1	4
AT1G16170	525	719	646	588	485	410
AT1G16180	3980	3902	4922	7314	5047	6509
AT1G16190	525	764	583	376	470	570
AT1G16210	2229	2484	2516	1459	1709	2752
AT1G16220	134	150	106	49	95	100
AT1G16225	0	0	0	1	2	2
AT1G16230	0	0	0	4	2	7
AT1G16240	1154	1269	1324	1618	1267	1835
AT1G16250	310	278	312	397	320	411
AT1G16260	1573	1182	1065	833	902	1880
AT1G16270	1417	1440	1179	614	846	1401
AT1G16280	357	448	398	180	260	293
AT1G16290	2	2	3	2	4	7
AT1G16300	202	236	290	261	274	345
AT1G16310	116	137	133	161	136	158
AT1G16320	2341	2406	2707	2161	2002	1910
AT1G16330	64	80	52	9	22	30
AT1G16340	319	449	396	418	383	620
AT1G16350	2803	3280	2971	864	1613	1381
AT1G16360	11	6	6	2	4	0
AT1G16370	28	16	41	36	35	75
AT1G16390	319	239	343	46	66	64
AT1G16400	446	415	421	301	380	432
AT1G16410	9591	9849	10429	6145	8957	8900
AT1G16420	83	31	47	105	74	149
AT1G16430	227	256	276	316	306	325
AT1G16440	3	2	2	7	3	12
AT1G16445	135	154	168	50	71	56
AT1G16460	1953	2113	2163	1563	1610	2084
AT1G16470	1591	1741	1948	2692	1974	2412
AT1G16480	64	60	45	22	31	62
AT1G16489	47	53	50	68	48	78
AT1G16490	74	96	79	98	86	144
AT1G16500	237	256	253	624	422	601
AT1G16510	92	112	182	409	192	392
AT1G16515	98	88	132	114	104	69
AT1G16520	424	595	534	327	414	420
AT1G16530	107	56	157	75	73	100
AT1G16540	255	216	245	222	181	487
AT1G16560	1299	1327	1415	2347	1694	2791
AT1G16570	387	450	424	439	441	580
AT1G16590	69	115	65	96	121	158
AT1G16610	1668	2336	1882	1712	1692	2157
AT1G16630	192	267	219	38	100	86
AT1G16635	22	33	24	11	18	6
AT1G16640	66	73	74	63	55	34
AT1G16650	195	243	212	97	140	170
AT1G16670	522	447	474	836	608	996
AT1G16680	883	953	832	448	547	737
AT1G16690	292	374	313	240	271	313
AT1G16700	2025	2326	2454	2582	2279	2700
AT1G16705	20	18	15	21	15	19
AT1G16710	1275	1069	943	471	642	1311
AT1G16720	15251	15867	15791	10462	11085	8822
AT1G16730	2621	2826	3301	4091	3940	3308
AT1G16740	1146	1562	1411	1357	1164	1662
AT1G16750	394	429	454	272	385	390
AT1G16760	1	3	2	1	0	2
AT1G16770	27	23	34	21	26	28
AT1G16780	630	700	580	356	486	599
AT1G16790	389	505	460	501	477	626
AT1G16800	354	303	229	87	102	249
AT1G16810	1905	2158	2125	2273	1845	2697
AT1G16820	84	68	66	115	88	129
AT1G16825	207	193	226	337	297	412
AT1G16830	88	84	87	51	50	61
AT1G16840	798	900	1026	1575	1104	1748
AT1G16850	24	31	160	196	82	193
AT1G16858	1350	1372	1518	1349	1431	1449
AT1G16860	1350	1372	1518	1349	1431	1449
AT1G16870	954	1025	987	650	764	1048
AT1G16880	20428	24321	24508	14664	17617	13409
AT1G16890	2085	2483	2669	3028	2515	3104
AT1G16900	529	537	580	721	608	964
AT1G16905	0	0	1	0	0	0
AT1G16910	5	5	5	0	1	0
AT1G16916	454	534	515	591	465	448
AT1G16920	880	1088	1004	775	925	1103
AT1G16930	139	113	97	117	101	175
AT1G16950	0	4	0	2	2	0
AT1G16960	237	255	175	249	272	198
AT1G16970	474	544	448	304	358	632
AT1G17020	60	86	404	331	168	430
AT1G17030	55	74	50	32	34	38
AT1G17040	263	302	285	171	173	224
AT1G17050	4838	5032	5470	3431	3300	3641
AT1G17060	49	60	89	78	55	114
AT1G17070	564	616	565	207	251	410
AT1G17080	1385	1278	1643	2514	1710	2247
AT1G17090	130	95	191	175	111	195
AT1G17100	6950	8732	9256	5880	6285	6815
AT1G17110	1585	1815	1405	474	661	1370
AT1G17120	1051	915	1000	1998	1412	2220
AT1G17130	1202	1394	1341	889	908	1375
AT1G17140	1318	1653	1201	583	1111	761
AT1G17145	389	384	358	451	397	573
AT1G17147	30	19	31	161	56	102
AT1G17150	0	0	0	0	1	0
AT1G17160	563	655	698	1009	768	1051
AT1G17170	59	38	214	956	233	491
AT1G17180	6	4	37	147	7	45
AT1G17190	99	76	72	60	82	89
AT1G17200	1859	2096	2096	1373	1856	1285
AT1G17210	2617	2472	2341	2382	2556	4666
AT1G17220	20692	20594	19325	8621	11358	11801
AT1G17230	598	641	559	450	412	931
AT1G17232	141	146	125	96	87	211
AT1G17235	10	12	9	8	12	10
AT1G17240	40	25	22	65	43	102
AT1G17250	116	121	97	162	117	242
AT1G17255	172	177	148	206	172	345
AT1G17260	82	66	70	50	55	190
AT1G17270	183	213	206	200	186	290
AT1G17280	1248	1198	1208	1277	1119	1574
AT1G17285	2	1	0	2	2	2
AT1G17290	3995	3721	5090	7931	5230	9485
AT1G17300	1	0	0	23	5	25
AT1G17310	0	0	0	2	0	10
AT1G17330	455	448	479	745	514	741
AT1G17340	938	770	927	989	829	1462
AT1G17345	8	12	14	4	5	5
AT1G17350	306	351	320	217	293	321
AT1G17360	2993	3277	2824	503	757	1462
AT1G17370	4764	5364	4880	4543	4638	5251
AT1G17380	228	182	413	509	407	1050
AT1G17400	9	4	2	8	1	6
AT1G17410	221	225	198	324	218	385
AT1G17420	618	392	1203	2165	1160	4031
AT1G17430	209	220	208	403	295	496
AT1G17440	1417	1291	1194	782	845	1525
AT1G17450	514	454	403	337	344	868
AT1G17455	76	52	59	149	106	224
AT1G17460	54	45	50	197	105	364
AT1G17470	2275	2664	2770	2567	2422	3723
AT1G17480	97	101	96	57	90	97
AT1G17490	543	663	659	789	637	804
AT1G17500	580	512	525	383	381	925
AT1G17510	308	385	456	584	502	661
AT1G17520	411	485	442	461	422	595
AT1G17530	779	832	1005	1812	1255	1764
AT1G17540	1	0	1	5	3	11
AT1G17545	0	0	0	2	0	4
AT1G17550	2256	2023	2194	3173	2211	4359
AT1G17560	176	231	200	81	132	91
AT1G17580	1426	1373	1125	587	632	1695
AT1G17590	168	126	124	95	90	268
AT1G17600	508	347	294	318	265	644
AT1G17610	388	304	325	387	305	477
AT1G17615	8	0	0	12	7	33
AT1G17620	1604	2145	2117	1682	1594	1671
AT1G17630	45	45	38	33	29	56
AT1G17640	157	156	131	244	176	291
AT1G17650	1407	1781	1872	942	1497	1048
AT1G17665	5	6	6	9	4	25
AT1G17680	686	685	633	395	430	795
AT1G17690	900	1030	864	248	359	487
AT1G17700	128	197	187	66	79	67
AT1G17710	25	13	31	170	56	176
AT1G17720	2350	2378	2425	2471	1993	3036
AT1G17730	728	840	858	720	669	831
AT1G17744	316	325	345	1022	486	1144
AT1G17745	1843	2054	2217	5603	3074	6496
AT1G17750	114	147	140	88	90	127
AT1G17760	691	727	628	469	502	741
AT1G17780	443	473	515	615	393	669
AT1G17790	292	280	297	339	260	417
AT1G17800	0	0	0	2	0	0
AT1G17810	0	0	0	3	1	4
AT1G17820	690	714	690	510	473	1016
AT1G17830	91	120	209	177	120	225
AT1G17840	3838	4011	4344	2956	2956	3664
AT1G17850	801	956	785	416	544	735
AT1G17860	220	270	485	889	533	857
AT1G17870	746	537	915	1155	866	1088
AT1G17880	6245	8431	7304	3606	4409	4297
AT1G17890	929	1023	1111	1536	1199	1832
AT1G17910	0	0	0	0	1	0
AT1G17920	158	169	123	45	91	114
AT1G17930	227	260	233	202	215	369
AT1G17940	299	343	313	347	298	570
AT1G17950	10	20	7	4	15	10
AT1G17960	16	9	6	4	9	8
AT1G17970	324	292	324	376	375	392
AT1G17980	877	961	888	576	660	732
AT1G17990	585	704	479	740	520	927
AT1G18000	1234	1374	1334	1803	1514	1498
AT1G18010	1145	1341	1308	1652	1487	1425
AT1G18020	447	641	552	398	458	825
AT1G18030	363	411	371	256	273	345
AT1G18040	192	260	283	147	198	226
AT1G18050	1	0	1	14	4	25
AT1G18060	7894	9409	10020	6873	8867	5967
AT1G18070	6054	6780	6427	2317	3246	4453
AT1G18075	67	90	77	104	63	147
AT1G18080	13811	16559	14736	9456	11891	11231
AT1G18090	307	434	318	109	168	210
AT1G18100	70	137	102	41	61	82
AT1G18140	44	47	46	34	61	98
AT1G18150	1240	1286	1304	1914	1539	1835
AT1G18160	1513	1346	1292	1253	1233	2138
AT1G18170	1842	2107	2174	1649	1954	1231
AT1G18180	113	154	101	139	112	203
AT1G18190	538	673	528	192	260	410
AT1G18200	31	24	60	78	35	135
AT1G18210	1418	1602	2097	4270	2444	4934
AT1G18220	0	0	0	1	0	0
AT1G18250	847	1397	1044	395	817	594
AT1G18260	2007	1922	2095	2865	2396	3633
AT1G18265	31	59	45	106	64	123
AT1G18270	1406	1267	1220	746	786	1536
AT1G18280	3	51	4	4	7	4
AT1G18290	1	0	3	3	0	3
AT1G18300	250	170	254	424	368	343
AT1G18310	0	0	0	10	0	24
AT1G18320	86	82	66	124	76	103
AT1G18330	542	602	609	653	483	920
AT1G18335	194	223	220	171	186	269
AT1G18340	273	358	319	240	236	280
AT1G18350	1	4	3	4	4	5
AT1G18360	769	991	976	798	1191	933
AT1G18370	351	519	350	39	110	146
AT1G18382	2	3	1	14	4	13
AT1G18390	114	43	145	277	169	345
AT1G18400	216	184	273	84	100	74
AT1G18410	9	4	14	2	9	11
AT1G18415	182	228	154	144	146	401
AT1G18420	154	174	120	113	110	309
AT1G18440	543	745	637	365	493	411
AT1G18450	1315	1421	1322	867	1106	1442
AT1G18460	2294	2331	2275	1615	1760	1549
AT1G18470	999	971	1042	1855	1279	2026
AT1G18480	514	559	630	713	633	986
AT1G18485	759	662	682	402	382	778
AT1G18486	0	0	0	1	0	9
AT1G18490	673	741	745	543	601	737
AT1G18500	2479	2732	2528	1256	1710	1907
AT1G18510	0	0	0	1	1	3
AT1G18520	2	3	3	1	4	4
AT1G18530	2	3	3	4	4	9
AT1G18540	9888	13504	11975	6346	7880	7371
AT1G18550	156	172	169	45	69	129
AT1G18560	157	176	189	171	148	269
AT1G18570	74	81	70	304	170	281
AT1G18580	455	535	569	449	447	620
AT1G18590	2170	1979	2328	1627	1747	1958
AT1G18600	468	632	616	725	656	690
AT1G18610	473	516	420	185	269	223
AT1G18620	1442	1968	1456	419	714	625
AT1G18630	491	533	496	636	466	554
AT1G18640	878	1020	1051	1020	997	1345
AT1G18650	1519	2010	1542	689	1134	702
AT1G18660	3178	3208	3095	1708	1917	2371
AT1G18670	335	341	309	254	286	385
AT1G18680	230	259	351	365	295	367
AT1G18690	196	223	217	231	219	314
AT1G18700	932	1016	922	941	826	1375
AT1G18710	62	126	225	187	99	306
AT1G18720	1766	2116	2318	2635	2017	2788
AT1G18730	4135	5066	5282	3411	4056	2760
AT1G18735	32	34	27	32	17	15
AT1G18740	1127	1076	1182	1491	1192	1515
AT1G18745	169	180	160	148	130	140
AT1G18750	310	306	359	127	122	188
AT1G18773	145	120	130	351	194	421
AT1G18780	0	0	0	0	1	0
AT1G18800	1067	1269	1072	664	735	814
AT1G18810	960	1091	944	364	522	529
AT1G18830	18	7	24	10	5	10
AT1G18835	22	12	37	13	15	5
AT1G18840	859	1021	835	260	477	657
AT1G18850	470	554	530	286	398	413
AT1G18860	6	5	21	15	12	46
AT1G18870	45	42	46	49	67	90
AT1G18880	374	409	330	180	220	208
AT1G18890	1038	1046	1097	1383	1028	1564
AT1G18900	1042	974	1116	512	766	982
AT1G18910	288	220	215	200	140	373
AT1G18940	45	31	44	67	37	71
AT1G18950	1237	1332	1199	597	760	1242
AT1G18960	10	46	4	0	19	9
AT1G18970	1	0	13	2	0	5
AT1G18980	8	2	22	31	13	31
AT1G18990	18	9	9	34	22	60
AT1G19000	10259	11152	11497	8988	9339	8669
AT1G19010	327	349	365	257	267	326
AT1G19020	340	125	627	1682	720	1250
AT1G19025	72	78	71	76	42	97
AT1G19040	0	0	1	3	0	5
AT1G19050	1519	1573	1520	563	1062	589
AT1G19060	1	0	1	0	2	0
AT1G19070	1	2	3	1	1	3
AT1G19080	335	419	353	221	234	225
AT1G19100	418	512	399	267	313	363
AT1G19110	1742	1791	1704	892	1230	1158
AT1G19115	0	0	0	1	1	7
AT1G19120	539	697	684	681	631	785
AT1G19130	866	1014	1045	1520	1223	1894
AT1G19140	1637	1817	1952	1235	1351	1545
AT1G19150	6850	9366	9332	6968	9327	4762
AT1G19160	8	16	9	13	15	16
AT1G19170	441	496	471	365	460	438
AT1G19180	388	268	660	1120	713	2564
AT1G19190	15	25	36	76	30	121
AT1G19200	34	53	106	252	106	285
AT1G19210	6	5	3	21	17	33
AT1G19220	369	456	345	107	149	240
AT1G19230	12	21	11	38	21	55
AT1G19240	291	302	291	412	328	389
AT1G19250	229	2	33	378	341	428
AT1G19270	351	360	324	514	355	843
AT1G19290	256	218	196	216	184	373
AT1G19300	478	519	634	761	645	1022
AT1G19310	108	127	194	567	290	543
AT1G19320	2	0	7	4	6	4
AT1G19330	342	322	358	360	416	379
AT1G19340	93	114	85	86	99	85
AT1G19350	2920	3003	3819	2557	2408	2230
AT1G19360	781	815	862	599	627	1047
AT1G19370	136	140	142	194	164	326
AT1G19371	9	0	3	2	2	7
AT1G19373	9	7	5	0	6	3
AT1G19376	3	3	3	0	4	5
AT1G19380	173	193	356	633	280	484
AT1G19394	62	83	62	58	53	71
AT1G19396	206	216	184	276	201	299
AT1G19397	96	90	69	116	96	123
AT1G19400	2662	2644	3009	3099	2589	2692
AT1G19410	0	0	0	1	2	0
AT1G19430	834	946	939	435	553	658
AT1G19440	990	1012	1025	1274	952	1671
AT1G19450	6011	7014	7325	4373	4408	3723
AT1G19460	0	2	2	0	1	2
AT1G19464	9	10	5	13	12	8
AT1G19470	0	2	0	5	1	7
AT1G19480	194	231	235	255	235	255
AT1G19485	778	828	525	246	263	516
AT1G19490	695	690	747	451	400	379
AT1G19500	27	41	23	10	20	1
AT1G19510	99	93	48	64	39	55
AT1G19520	1229	1462	1227	443	786	852
AT1G19530	16	3	21	23	34	34
AT1G19540	125	101	116	43	67	48
AT1G19550	11	11	13	52	14	55
AT1G19570	6928	8232	14700	19806	16495	22640
AT1G19580	1065	1244	1235	1528	1334	1868
AT1G19600	1345	1490	1740	1409	1303	2227
AT1G19610	33	45	246	60	73	55
AT1G19620	45	51	30	27	49	35
AT1G19630	34	21	38	37	20	53
AT1G19640	509	828	855	810	776	706
AT1G19650	1011	1121	1095	646	618	974
AT1G19660	5047	4543	5315	9147	6764	9472
AT1G19670	9825	12760	18931	22595	19549	20095
AT1G19680	822	896	1054	1656	1187	2330
AT1G19690	371	458	459	390	347	484
AT1G19700	2423	2198	2295	1191	1057	1844
AT1G19710	509	510	481	446	379	697
AT1G19715	3445	3945	3042	1469	1783	2542
AT1G19720	3314	2603	1980	694	943	1634
AT1G19730	406	383	418	667	531	747
AT1G19740	1740	1863	1598	3567	2378	3389
AT1G19750	10	15	11	27	14	47
AT1G19770	1560	1526	1514	1735	1577	1693
AT1G19780	2	2	0	4	1	3
AT1G19790	20	15	21	12	8	16
AT1G19800	1299	1470	1524	1090	1194	1135
AT1G19830	62	73	49	54	56	47
AT1G19835	2639	3031	2296	481	662	1498
AT1G19840	93	92	97	118	107	80
AT1G19850	630	735	623	435	416	1156
AT1G19860	770	890	749	603	657	775
AT1G19870	1980	2214	1826	1157	1160	1905
AT1G19880	1657	1871	1607	1274	1410	1659
AT1G19890	0	3	0	0	0	0
AT1G19910	5594	5725	7385	12108	8066	11495
AT1G19920	5376	6076	6652	3258	4229	4001
AT1G19930	0	0	0	0	0	1
AT1G19940	127	194	132	77	130	107
AT1G19950	441	544	509	279	371	333
AT1G19960	2114	1978	1643	4266	4192	4241
AT1G19968	4	3	0	3	0	3
AT1G19970	183	242	181	333	285	417
AT1G19980	148	197	173	122	109	177
AT1G19990	365	431	408	171	222	356
AT1G20000	0	0	0	0	1	5
AT1G20010	1771	2008	1871	1251	1805	1491
AT1G20015	18	13	17	21	11	13
AT1G20020	14191	16004	16777	9826	12075	11498
AT1G20030	66	110	122	246	183	258
AT1G20050	1546	1539	1725	2889	2180	3352
AT1G20060	56	96	74	25	37	45
AT1G20065	11	18	7	12	11	33
AT1G20070	698	777	953	2224	1748	2916
AT1G20080	10	11	8	13	5	15
AT1G20090	2012	2114	1966	1778	1380	2088
AT1G20100	1361	1538	1479	1248	990	1583
AT1G20110	2432	2408	2620	3217	2669	4219
AT1G20120	125	150	86	109	146	130
AT1G20130	210	158	164	43	281	61
AT1G20132	2	2	8	0	11	5
AT1G20135	0	0	2	0	0	0
AT1G20140	370	377	365	509	440	671
AT1G20150	44	3	13	4	4	21
AT1G20160	851	981	866	525	520	1142
AT1G20180	2	4	5	14	8	15
AT1G20190	763	788	967	1294	1112	867
AT1G20200	2220	2329	2504	3362	2506	3578
AT1G20220	3950	4632	4246	1877	2562	2490
AT1G20225	1039	1175	1391	1994	1542	1980
AT1G20230	56	72	67	53	63	97
AT1G20240	0	0	0	0	0	3
AT1G20260	5100	5546	5869	4544	4887	6739
AT1G20270	543	534	613	972	746	1066
AT1G20290	0	0	2	0	0	0
AT1G20300	341	378	401	252	293	312
AT1G20310	16	8	33	50	25	53
AT1G20320	3	0	2	4	0	1
AT1G20330	7272	7501	7115	5766	5424	5356
AT1G20340	149978	183318	179835	135806	166209	103346
AT1G20350	74	74	128	306	202	279
AT1G20370	657	776	707	250	455	544
AT1G20375	1	0	2	19	10	12
AT1G20380	155	183	142	118	130	238
AT1G20400	11	10	6	0	5	13
AT1G20405	0	1	0	0	0	0
AT1G20410	288	390	334	205	298	348
AT1G20420	0	0	1	2	0	0
AT1G20430	642	755	759	1106	901	1265
AT1G20440	2671	2530	4543	8185	3242	14065
AT1G20450	3064	2931	4969	10353	6014	16808
AT1G20460	152	165	183	541	262	687
AT1G20470	623	732	630	483	611	322
AT1G20480	95	103	49	40	60	46
AT1G20490	139	153	144	340	231	382
AT1G20500	0	0	1	7	1	8
AT1G20510	1394	1357	1496	2493	2255	3522
AT1G20515	33	37	45	66	54	92
AT1G20520	13	13	11	18	17	26
AT1G20530	23	24	24	10	20	12
AT1G20540	695	844	720	591	588	803
AT1G20550	88	130	95	97	79	104
AT1G20560	1053	1158	1269	1411	1309	1738
AT1G20570	31	42	30	39	28	50
AT1G20575	559	617	645	680	648	846
AT1G20580	1719	2103	1847	2109	1898	2109
AT1G20590	3	1	7	7	1	6
AT1G20600	1	0	1	0	0	0
AT1G20610	143	226	186	75	108	112
AT1G20620	13701	19938	20212	31847	25029	44686
AT1G20630	499	505	766	1327	729	2255
AT1G20640	869	968	898	542	719	1053
AT1G20650	1114	1257	1158	1014	1053	822
AT1G20670	701	820	661	331	400	582
AT1G20680	2	4	0	0	1	5
AT1G20690	151	157	143	136	123	134
AT1G20691	151	160	143	134	120	133
AT1G20693	1316	1651	1553	3732	2428	3472
AT1G20696	1765	2186	1994	4121	2807	4140
AT1G20700	5	4	7	18	5	13
AT1G20710	0	0	0	3	0	4
AT1G20720	148	172	115	8	36	67
AT1G20730	1	4	0	0	0	0
AT1G20735	0	1	0	0	0	0
AT1G20740	0	0	2	0	0	1
AT1G20750	0	0	0	1	0	0
AT1G20760	1768	1682	1575	2274	1802	3217
AT1G20770	719	806	899	1072	898	1239
AT1G20780	1124	854	799	855	778	1226
AT1G20790	1	1	1	3	3	2
AT1G20795	1	0	1	0	3	1
AT1G20810	2146	2389	2530	1768	2104	1445
AT1G20816	460	515	481	312	423	329
AT1G20820	0	1	0	0	0	0
AT1G20823	826	966	1020	792	940	742
AT1G20830	795	943	900	350	552	492
AT1G20840	698	785	693	494	621	719
AT1G20850	1780	2308	1458	687	874	1201
AT1G20860	0	0	0	7	1	6
AT1G20870	101	128	128	43	79	113
AT1G20875	0	0	0	1	0	0
AT1G20880	323	316	398	737	496	794
AT1G20890	242	252	249	430	304	535
AT1G20900	10	6	10	19	6	25
AT1G20910	477	503	459	606	550	862
AT1G20920	2092	2204	1705	826	979	1808
AT1G20925	1	3	4	2	2	6
AT1G20930	186	330	225	162	221	244
AT1G20940	1	0	0	0	0	1
AT1G20950	2816	3031	3085	1375	1741	1745
AT1G20960	5760	5096	3633	1775	2534	4899
AT1G20970	2433	2637	2220	491	600	2210
AT1G20980	2402	2305	2278	1929	1815	2773
AT1G20990	25	31	17	3	15	11
AT1G21000	1146	869	1029	2758	1461	2382
AT1G21010	311	268	354	580	384	510
AT1G21050	515	521	550	515	438	386
AT1G21060	473	529	499	213	277	328
AT1G21065	4767	5842	5152	5557	5383	5038
AT1G21070	316	380	361	168	261	202
AT1G21080	1639	1789	1900	1594	1512	2024
AT1G21090	169	242	185	93	183	109
AT1G21100	60	41	43	123	86	84
AT1G21110	21	16	26	180	62	161
AT1G21120	80	21	52	298	138	249
AT1G21130	899	804	850	1956	1364	1983
AT1G21140	47	41	37	90	42	51
AT1G21150	78	76	64	56	99	94
AT1G21160	938	863	733	438	390	905
AT1G21170	844	872	703	306	399	682
AT1G21190	969	958	1005	1621	1208	1545
AT1G21200	358	340	325	348	249	442
AT1G21202	1	5	2	13	3	24
AT1G21210	11	7	11	37	21	90
AT1G21230	0	0	0	0	2	0
AT1G21240	416	49	268	582	513	992
AT1G21245	5	3	7	18	11	41
AT1G21250	9026	5348	5573	10404	8201	15160
AT1G21270	3094	2629	2528	3851	3179	5240
AT1G21280	205	291	256	259	265	278
AT1G21281	0	0	0	1	0	6
AT1G21310	915	846	562	3631	2062	6448
AT1G21320	3	13	9	3	4	5
AT1G21326	4	3	6	9	1	6
AT1G21327	0	0	0	0	1	0
AT1G21340	2	0	0	5	0	4
AT1G21350	1598	1833	1969	1589	1746	1505
AT1G21360	0	1	0	1	0	3
AT1G21370	354	371	364	680	477	779
AT1G21380	1140	1276	1460	1868	1499	2536
AT1G21390	118	96	132	465	232	412
AT1G21400	1000	795	1660	2449	1505	2510
AT1G21410	850	718	1224	1383	906	1414
AT1G21430	0	0	0	1	2	5
AT1G21440	2542	2547	3011	2796	3185	2984
AT1G21450	997	1006	1040	771	748	1228
AT1G21460	952	916	963	748	815	991
AT1G21470	7	2	2	2	5	10
AT1G21480	457	452	483	340	379	404
AT1G21500	7952	11541	9741	8942	10543	6560
AT1G21510	13	19	18	9	7	12
AT1G21520	212	149	305	12380	5491	11101
AT1G21528	0	0	1	47	14	45
AT1G21529	1	1	1	4	4	11
AT1G21530	2	0	1	0	0	0
AT1G21540	86	138	93	62	155	81
AT1G21550	267	134	217	1218	612	1204
AT1G21560	541	718	560	399	414	588
AT1G21580	3492	2800	1829	930	1118	3046
AT1G21590	2465	2479	2341	1953	2376	2712
AT1G21600	2358	2438	2371	2123	1960	2726
AT1G21610	657	723	553	304	364	652
AT1G21620	0	0	1	6	1	3
AT1G21630	3667	3263	2756	1658	2151	2994
AT1G21640	3739	3750	3952	3780	3431	4470
AT1G21650	884	811	941	487	555	706
AT1G21651	321	247	299	259	240	349
AT1G21660	1883	2061	1988	1387	1470	1805
AT1G21670	418	449	658	958	706	1251
AT1G21680	1942	2227	2626	3802	3023	3751
AT1G21690	553	620	556	337	428	511
AT1G21695	42	46	37	56	45	61
AT1G21700	1343	1435	1180	481	657	1004
AT1G21710	300	377	366	407	330	545
AT1G21720	1531	1680	1856	2154	1799	2232
AT1G21722	2	0	0	13	5	18
AT1G21730	345	411	352	138	176	267
AT1G21738	0	0	0	0	1	0
AT1G21740	211	241	184	104	140	152
AT1G21750	2500	2593	2702	3828	3922	8265
AT1G21760	779	795	931	959	794	981
AT1G21770	2956	3226	3456	5147	3911	4822
AT1G21780	2300	2395	2407	3784	2723	3442
AT1G21790	299	359	460	512	430	548
AT1G21800	0	0	0	2	2	5
AT1G21810	150	137	111	19	53	74
AT1G21830	160	266	242	181	206	157
AT1G21840	111	106	131	123	122	117
AT1G21850	0	0	2	1	0	2
AT1G21860	0	0	0	0	0	1
AT1G21870	0	0	1	0	0	0
AT1G21880	765	1026	791	231	497	377
AT1G21890	9	4	6	1	4	0
AT1G21900	986	1005	1129	2361	1468	2346
AT1G21910	122	182	289	88	59	99
AT1G21920	1308	1306	1265	1778	1197	1338
AT1G21930	354	445	366	475	382	459
AT1G21940	0	0	3	2	0	1
AT1G21950	0	0	0	0	1	3
AT1G21970	0	0	1	0	0	0
AT1G21980	1297	1393	1348	566	643	915
AT1G22000	6	6	3	0	1	1
AT1G22010	1	0	1	0	0	0
AT1G22015	17	15	9	3	16	2
AT1G22020	1145	1053	1155	936	897	1270
AT1G22030	164	248	193	205	204	158
AT1G22040	492	426	601	867	631	900
AT1G22050	332	359	407	442	376	441
AT1G22060	1662	1518	1050	312	428	1090
AT1G22065	24	59	37	37	45	56
AT1G22070	374	429	445	1574	957	2028
AT1G22080	0	0	0	14	2	26
AT1G22090	0	1	0	0	3	1
AT1G22100	3	1	1	2	0	0
AT1G22110	0	2	2	7	3	21
AT1G22130	0	6	3	0	0	3
AT1G22140	1733	1943	1849	2137	1824	1916
AT1G22150	11	1	1	3	10	8
AT1G22160	751	835	780	779	746	729
AT1G22170	174	208	219	133	146	172
AT1G22180	147	155	204	460	246	551
AT1G22190	954	878	1208	2697	1408	2666
AT1G22200	1207	1234	1202	1408	1163	1648
AT1G22220	12	4	21	32	16	36
AT1G22230	46	65	54	77	43	97
AT1G22240	0	0	1	28	4	29
AT1G22250	67	79	67	108	112	138
AT1G22260	18	30	23	4	11	13
AT1G22270	697	841	747	702	745	663
AT1G22275	23	36	30	9	11	52
AT1G22280	1012	699	846	1983	1166	2070
AT1G22290	2	3	0	0	4	4
AT1G22300	6232	6774	6987	7237	6179	8260
AT1G22310	292	317	280	163	180	264
AT1G22330	397	662	465	188	298	193
AT1G22340	48	42	75	91	101	107
AT1G22360	855	1185	1429	854	1043	937
AT1G22370	242	193	226	306	259	344
AT1G22380	34	26	54	50	40	79
AT1G22400	1290	774	1653	3679	2040	3900
AT1G22403	110	144	141	313	184	355
AT1G22410	6468	6631	7691	8498	6281	9628
AT1G22420	0	0	4	4	4	6
AT1G22430	1838	1907	1588	1030	1208	1410
AT1G22440	1	2	5	12	8	16
AT1G22450	3056	3822	3653	2553	2580	3188
AT1G22460	6	5	5	1	9	17
AT1G22470	2	8	21	3	5	8
AT1G22480	5	7	7	23	14	13
AT1G22490	48	50	74	77	53	42
AT1G22500	133	119	141	511	254	433
AT1G22510	216	245	255	434	272	435
AT1G22520	869	1022	1056	1055	900	1097
AT1G22530	2103	2037	1820	1128	592	1829
AT1G22540	288	278	401	452	410	414
AT1G22550	94	97	76	95	120	178
AT1G22570	47	31	178	638	84	1107
AT1G22590	665	680	711	457	469	502
AT1G22600	33	31	29	9	18	27
AT1G22610	2743	3283	2798	2488	2491	5508
AT1G22620	733	707	675	444	579	930
AT1G22630	3611	4587	4318	3666	3967	2757
AT1G22640	375	307	349	670	412	746
AT1G22650	458	472	438	725	747	757
AT1G22651	0	0	0	1	0	0
AT1G22660	349	440	419	247	320	393
AT1G22670	0	0	1	5	3	5
AT1G22680	6	9	12	3	6	4
AT1G22690	2290	2340	2064	826	1489	727
AT1G22700	2761	2982	3205	2906	2886	2796
AT1G22710	6518	7313	6371	6327	6751	6483
AT1G22730	1046	1126	1132	677	751	1101
AT1G22740	167	181	173	137	103	155
AT1G22750	2399	2385	2617	3274	2658	2823
AT1G22760	14	70	13	9	10	11
AT1G22770	356	323	351	543	445	1152
AT1G22780	5196	6421	6040	4905	5017	5484
AT1G22790	507	612	564	890	726	1138
AT1G22800	496	545	527	491	558	699
AT1G22810	0	0	0	11	12	13
AT1G22830	117	111	131	91	87	147
AT1G22840	3646	4230	4456	6258	4339	6634
AT1G22850	8628	10488	9554	8613	9733	7728
AT1G22860	541	552	547	418	433	668
AT1G22870	469	541	438	381	320	628
AT1G22880	353	357	376	461	420	696
AT1G22882	1002	1133	1047	358	451	767
AT1G22885	423	492	463	374	364	385
AT1G22890	647	534	735	1275	666	1038
AT1G22900	77	110	117	148	70	123
AT1G22910	1168	1421	1332	1550	1114	1430
AT1G22920	892	1106	1116	1175	1105	1306
AT1G22930	5668	4578	5050	3493	2916	8158
AT1G22940	887	840	864	1042	895	1030
AT1G22950	567	728	636	482	496	584
AT1G22960	269	237	246	225	186	311
AT1G22970	489	531	476	596	474	643
AT1G22980	8	9	7	12	16	12
AT1G22985	107	114	136	210	161	212
AT1G22990	15	2	21	49	12	53
AT1G23000	153	153	125	52	78	125
AT1G23010	171	85	120	242	125	349
AT1G23020	7118	7334	9328	3547	4853	3007
AT1G23030	1909	1982	2162	1272	1036	1343
AT1G23040	507	374	552	1893	834	2134
AT1G23050	73	68	65	155	78	115
AT1G23052	73	68	65	155	78	115
AT1G23060	23	22	13	13	10	17
AT1G23070	0	0	0	0	0	4
AT1G23080	1399	1681	1615	1317	1968	1462
AT1G23090	1677	1743	1914	1876	1233	1877
AT1G23100	155	200	172	182	164	187
AT1G23110	19	11	24	48	36	58
AT1G23120	49	28	64	103	55	103
AT1G23130	17163	20313	17821	28831	22041	24286
AT1G23140	95	97	141	258	137	328
AT1G23149	37	53	55	164	74	211
AT1G23150	37	53	55	164	74	211
AT1G23160	1	0	0	0	0	1
AT1G23170	395	478	319	428	501	650
AT1G23180	1718	1924	1872	843	1157	1244
AT1G23190	4287	4308	5573	4279	2987	2931
AT1G23200	80	55	81	278	193	261
AT1G23201	3	0	3	3	2	1
AT1G23205	3665	3934	4525	1084	1983	967
AT1G23210	0	1	9	1	0	4
AT1G23220	761	961	999	848	814	864
AT1G23230	1406	1279	1099	687	852	1491
AT1G23240	2	184	0	0	25	0
AT1G23250	2	10	0	7	1	7
AT1G23260	945	1047	1072	1393	1081	1295
AT1G23280	881	1108	947	320	440	446
AT1G23290	7962	8911	9232	7038	7213	7218
AT1G23300	0	0	0	3	4	10
AT1G23310	108887	123848	112552	56306	76610	75131
AT1G23320	0	0	2	0	0	0
AT1G23330	672	774	755	621	550	846
AT1G23340	216	237	195	80	116	128
AT1G23350	10	17	12	11	12	10
AT1G23360	668	841	776	486	570	510
AT1G23380	158	178	159	109	177	106
AT1G23390	2476	2341	2089	6063	3343	4802
AT1G23400	2674	3097	2791	1241	1645	1946
AT1G23410	208	223	218	64	100	56
AT1G23420	0	7	9	4	3	0
AT1G23440	1269	1247	1701	2551	1650	2445
AT1G23450	18	14	15	26	19	54
AT1G23460	414	479	415	226	261	407
AT1G23465	19	15	20	35	15	35
AT1G23480	987	1070	859	333	443	514
AT1G23490	7567	8350	9154	11832	9760	11310
AT1G23500	0	0	0	2	2	7
AT1G23510	10	16	2	8	6	9
AT1G23520	9	41	4	1	14	0
AT1G23530	127	151	148	105	109	62
AT1G23540	3	8	8	2	7	3
AT1G23550	259	233	321	336	234	351
AT1G23560	32	51	49	49	54	109
AT1G23570	25	81	17	4	28	15
AT1G23580	6	25	8	1	9	1
AT1G23590	6	49	2	1	10	0
AT1G23600	4	37	5	1	6	3
AT1G23610	0	9	0	0	0	0
AT1G23640	0	19	2	3	3	3
AT1G23650	1	4	0	0	0	0
AT1G23660	7	32	7	1	9	2
AT1G23670	8	38	5	0	9	1
AT1G23690	0	22	0	0	5	0
AT1G23700	10	11	5	5	3	2
AT1G23710	327	251	373	875	565	868
AT1G23720	1	0	0	0	0	0
AT1G23730	125	115	148	218	101	194
AT1G23740	29261	31170	33717	28611	33490	26083
AT1G23750	159	231	242	393	331	593
AT1G23760	11	51	4	11	14	29
AT1G23770	1	0	1	2	4	11
AT1G23780	1205	1191	1454	1854	1562	2123
AT1G23790	90	138	108	12	44	38
AT1G23800	284	318	541	311	250	712
AT1G23810	1	3	1	0	1	1
AT1G23820	2654	3051	3128	2617	2689	3229
AT1G23830	215	166	168	376	295	424
AT1G23840	219	114	169	1322	639	1375
AT1G23850	186	187	193	521	268	760
AT1G23860	1108	1289	1261	1787	1444	2112
AT1G23870	906	732	717	651	564	898
AT1G23880	222	287	233	109	168	191
AT1G23890	223	194	221	169	200	227
AT1G23900	1614	1538	1477	1360	1204	2392
AT1G23910	2	1	0	1	0	2
AT1G23935	91	133	58	5	23	23
AT1G23940	109	144	98	27	32	57
AT1G23950	1101	1166	1132	1211	1163	1313
AT1G23960	1010	1015	1030	2201	1301	2211
AT1G23965	11	10	5	4	2	2
AT1G23970	514	530	491	437	403	473
AT1G23980	133	149	162	157	132	153
AT1G24000	3	1	6	0	1	2
AT1G24010	0	1	0	0	0	1
AT1G24020	7192	9591	8655	4256	10665	5323
AT1G24030	160	247	166	160	130	172
AT1G24040	1230	1402	1550	1506	1265	1584
AT1G24050	1629	1764	2033	2440	1952	2833
AT1G24060	0	1	0	0	0	0
AT1G24068	0	0	2	1	0	0
AT1G24070	358	473	720	292	322	478
AT1G24090	63	75	47	49	34	56
AT1G24095	94	80	92	181	128	180
AT1G24100	4079	4112	4192	2916	3367	4126
AT1G24110	0	0	0	0	0	1
AT1G24120	854	1060	1033	720	852	935
AT1G24130	5	5	2	4	7	0
AT1G24140	187	124	172	689	369	635
AT1G24145	397	177	316	1400	683	1253
AT1G24147	2545	1872	1683	4848	3317	3670
AT1G24148	977	951	934	2145	1372	1770
AT1G24150	376	264	366	635	380	866
AT1G24159	0	0	0	1	0	7
AT1G24160	1504	1741	1683	1028	1001	1751
AT1G24170	1732	1985	2215	1468	1288	1716
AT1G24180	2008	2654	2516	2123	2162	2860
AT1G24190	1632	1430	1248	643	674	1511
AT1G24210	25	33	39	49	31	47
AT1G24220	1	2	0	0	2	0
AT1G24230	1	2	0	0	0	0
AT1G24240	153	141	170	297	213	302
AT1G24250	0	2	0	0	1	1
AT1G24260	225	338	314	124	389	123
AT1G24265	104	97	80	53	91	53
AT1G24267	1294	1439	1433	1900	1515	2042
AT1G24270	7	6	9	6	10	13
AT1G24280	491	518	566	368	486	529
AT1G24290	189	197	206	167	170	237
AT1G24300	1610	1674	1415	643	935	1657
AT1G24310	465	673	546	315	383	297
AT1G24320	4	13	16	3	12	5
AT1G24330	189	221	201	139	150	271
AT1G24340	1451	1373	1376	1067	986	1491
AT1G24350	893	975	1096	1250	932	1200
AT1G24360	3463	3948	3829	3392	3478	3942
AT1G24380	0	0	0	0	2	0
AT1G24388	1	1	6	0	0	1
AT1G24390	0	1	1	0	0	1
AT1G24400	111	154	92	91	145	90
AT1G24405	6	10	8	5	4	13
AT1G24420	1	0	0	3	2	3
AT1G24430	2	1	0	2	4	2
AT1G24440	251	249	267	475	359	525
AT1G24450	352	383	376	550	410	535
AT1G24460	2038	1824	1340	575	603	1907
AT1G24470	158	151	195	369	257	289
AT1G24480	3	8	4	3	4	4
AT1G24490	1323	1487	1433	1145	1072	1868
AT1G24510	4657	5771	5080	2535	3260	3749
AT1G24520	0	0	3	1	0	1
AT1G24530	131	165	205	182	131	160
AT1G24540	0	0	1	0	0	0
AT1G24560	1140	1232	1266	1017	939	1667
AT1G24570	5	3	2	4	8	5
AT1G24575	366	439	451	599	425	531
AT1G24577	73	86	85	91	82	67
AT1G24580	1128	1382	3069	1126	1131	585
AT1G24590	2	0	4	1	0	1
AT1G24600	76	91	71	165	85	237
AT1G24610	1073	1282	1301	746	1014	993
AT1G24620	0	3	0	2	1	0
AT1G24625	367	471	495	464	451	519
AT1G24650	0	0	0	0	3	3
AT1G24706	2092	1970	1451	427	644	1427
AT1G24735	67	77	65	41	40	37
AT1G24764	905	913	762	413	556	810
AT1G24793	416	490	274	312	121	288
AT1G24800	743	806	892	1251	1015	1345
AT1G24807	41	6	53	1	23	4
AT1G24822	2333	2587	2108	1129	1199	1418
AT1G24851	4	0	1	2	4	18
AT1G24880	2926	3290	2622	1468	1443	1804
AT1G24881	679	790	862	1179	995	1299
AT1G24909	11	61	1	47	2	5
AT1G24996	775	1145	742	692	659	934
AT1G25025	2	0	0	5	3	15
AT1G25054	3379	4496	3120	2909	2585	3678
AT1G25055	707	800	870	1275	942	1355
AT1G25083	1	7	4	14	1	4
AT1G25097	2606	3350	2925	1775	2179	2826
AT1G25098	2089	2624	2143	1547	1583	2143
AT1G25112	3	0	1	9	2	23
AT1G25141	12	7	8	6	3	9
AT1G25145	32	117	100	161	126	399
AT1G25150	667	775	824	1191	980	1264
AT1G25155	0	1	1	4	24	89
AT1G25175	2491	2659	2235	2101	1881	2504
AT1G25180	3	1	0	8	4	18
AT1G25210	305	172	340	310	330	57
AT1G25211	741	814	895	1260	1073	1256
AT1G25220	1333	1414	1634	2428	1776	2684
AT1G25230	351	508	421	351	343	389
AT1G25240	0	0	0	0	0	1
AT1G25250	71	79	105	53	64	86
AT1G25260	1839	2140	1902	915	1219	1141
AT1G25275	1993	2095	3033	3651	3009	3445
AT1G25280	1266	1453	1330	1192	1055	1661
AT1G25290	458	558	547	613	656	649
AT1G25310	0	1	0	0	0	0
AT1G25320	82	124	81	65	92	124
AT1G25330	0	8	6	0	5	1
AT1G25340	0	3	0	0	2	0
AT1G25350	2798	2959	2701	1011	1401	1850
AT1G25360	54	43	43	33	31	46
AT1G25370	162	163	224	368	258	411
AT1G25375	323	377	353	272	257	401
AT1G25380	920	1111	1103	931	978	1199
AT1G25390	975	1065	1038	358	540	725
AT1G25400	143	89	194	434	241	482
AT1G25410	0	0	2	0	0	0
AT1G25420	881	1048	1036	1343	1064	1446
AT1G25422	0	3	4	19	3	37
AT1G25425	144	173	163	126	178	127
AT1G25440	10708	12756	12075	12180	12045	9553
AT1G25450	1193	1294	1258	515	687	654
AT1G25460	11	15	13	17	8	20
AT1G25470	297	372	354	348	299	444
AT1G25472	297	372	354	348	299	444
AT1G25480	357	382	370	411	343	477
AT1G25490	3067	3291	3315	2862	2805	3480
AT1G25500	176	186	188	472	291	537
AT1G25510	299	403	274	141	244	230
AT1G25520	1047	1204	1173	1666	1051	1511
AT1G25530	202	354	207	454	299	568
AT1G25540	813	821	738	429	494	962
AT1G25550	1052	1084	1312	1758	1186	1685
AT1G25560	342	376	468	1874	882	1729
AT1G25570	1115	1287	1165	882	915	997
AT1G25580	365	323	295	357	408	617
AT1G25682	793	827	851	673	650	1179
AT1G25988	1	0	0	0	0	0
AT1G26090	481	541	564	591	534	766
AT1G26100	217	302	241	228	281	261
AT1G26110	5679	6579	5729	4860	4957	5709
AT1G26120	616	658	726	814	662	739
AT1G26130	558	421	364	251	332	670
AT1G26140	6	3	0	3	4	9
AT1G26150	3190	3699	2477	1766	2398	2731
AT1G26160	873	1134	1187	1264	1008	1372
AT1G26170	927	956	871	542	678	1025
AT1G26180	991	971	1064	812	800	780
AT1G26190	400	449	413	225	295	377
AT1G26200	46	33	30	118	64	142
AT1G26208	1341	1822	1532	920	779	1359
AT1G26210	1115	1544	1297	819	669	1198
AT1G26218	1470	1857	1869	1361	1439	1152
AT1G26220	1274	1595	1630	1157	1254	972
AT1G26230	975	1150	1004	427	619	691
AT1G26240	3	0	1	1	0	4
AT1G26250	1	6	10	3	1	1
AT1G26260	103	135	106	75	93	170
AT1G26270	1603	1370	1450	957	1011	1541
AT1G26290	59	67	63	18	33	16
AT1G26300	558	549	529	627	482	838
AT1G26310	11	7	6	2	8	1
AT1G26320	0	6	0	0	1	0
AT1G26330	83	96	67	20	38	25
AT1G26340	441	513	460	571	520	702
AT1G26350	0	0	0	0	0	3
AT1G26355	0	0	0	6	3	10
AT1G26360	0	0	1	11	3	21
AT1G26370	765	800	705	484	608	739
AT1G26380	221	39	359	1010	290	791
AT1G26390	331	105	459	1009	334	762
AT1G26400	4	1	1	12	5	0
AT1G26410	29	3	61	192	67	117
AT1G26420	122	38	193	813	333	871
AT1G26440	308	244	265	725	438	859
AT1G26450	82	119	95	116	99	203
AT1G26460	1291	1536	1363	765	1034	1208
AT1G26470	701	954	930	1216	802	1196
AT1G26480	1	22	3	0	2	0
AT1G26500	117	92	110	53	84	64
AT1G26510	6	14	10	3	8	9
AT1G26520	301	357	263	179	209	245
AT1G26530	31	50	21	30	30	27
AT1G26540	135	178	108	7	52	31
AT1G26550	3477	4315	4342	5788	4601	5916
AT1G26558	12	15	10	27	19	11
AT1G26560	3048	3661	3415	1558	1826	2168
AT1G26570	308	332	365	151	278	242
AT1G26580	1758	1569	1499	1610	1351	2366
AT1G26590	2	4	7	3	2	8
AT1G26600	39	44	45	16	34	22
AT1G26610	11	18	5	1	14	10
AT1G26620	307	319	309	360	317	585
AT1G26630	21964	25705	25214	23488	22166	24060
AT1G26640	584	802	728	583	642	855
AT1G26650	664	716	760	571	632	641
AT1G26660	172	177	196	157	162	234
AT1G26665	209	173	231	585	340	904
AT1G26670	1760	1505	1929	3849	2359	4060
AT1G26680	3	2	2	7	10	13
AT1G26690	620	592	634	1109	790	1351
AT1G26710	3	0	8	6	17	5
AT1G26720	18	6	13	10	37	6
AT1G26730	156	237	234	171	192	198
AT1G26740	494	581	578	849	718	919
AT1G26750	704	872	794	668	634	762
AT1G26760	76	103	89	23	74	59
AT1G26761	1505	1738	1507	836	1287	879
AT1G26762	21	34	64	42	33	27
AT1G26770	1760	2324	4608	1670	2149	2556
AT1G26780	25	41	24	14	21	26
AT1G26790	521	565	511	38	104	43
AT1G26799	0	0	0	0	0	1
AT1G26800	331	230	327	486	249	428
AT1G26810	147	207	179	85	114	113
AT1G26815	0	0	1	0	0	0
AT1G26820	255	279	188	149	152	164
AT1G26830	1839	2072	1947	985	1246	2134
AT1G26840	87	125	82	67	72	108
AT1G26850	5580	6781	6679	2818	4291	5018
AT1G26870	0	0	0	7	0	10
AT1G26880	4486	6025	5289	3000	3818	2826
AT1G26890	17	9	13	11	9	18
AT1G26900	136	146	141	120	115	222
AT1G26910	548	674	620	564	620	683
AT1G26920	604	857	741	781	700	863
AT1G26921	0	1	0	0	1	1
AT1G26930	69	87	229	502	179	597
AT1G26940	235	286	261	430	397	523
AT1G26945	430	533	530	199	489	111
AT1G26960	261	306	291	256	250	328
AT1G26970	3	3	9	4	8	5
AT1G26973	0	0	0	0	1	1
AT1G26975	0	0	0	0	1	0
AT1G26976	2	0	0	6	2	2
AT1G26985	0	1	1	2	0	1
AT1G27000	2645	2472	2945	2984	2584	3266
AT1G27008	0	0	0	4	0	8
AT1G27020	194	165	320	109	109	110
AT1G27030	503	352	650	271	332	547
AT1G27040	5	10	2	1	3	1
AT1G27045	54	71	61	30	60	22
AT1G27050	636	888	758	387	464	332
AT1G27060	258	321	310	162	235	191
AT1G27070	507	587	557	471	451	720
AT1G27080	3	0	3	14	7	28
AT1G27090	4689	5565	5591	5857	4906	6273
AT1G27100	1968	1797	1843	2481	1943	2463
AT1G27110	26	20	30	37	30	66
AT1G27120	822	910	819	365	622	326
AT1G27130	1936	2661	2354	1781	2521	1355
AT1G27135	0	0	0	0	0	1
AT1G27140	0	1	0	1	4	0
AT1G27150	532	544	596	588	518	811
AT1G27160	1	0	0	1	0	2
AT1G27170	78	70	77	71	73	216
AT1G27180	311	280	226	137	171	432
AT1G27190	1744	1877	1727	1607	1588	1731
AT1G27200	502	480	532	613	466	794
AT1G27210	545	751	570	193	404	322
AT1G27220	0	1	0	0	0	0
AT1G27240	1	0	0	0	0	0
AT1G27260	0	1	0	0	0	2
AT1G27270	1	1	0	1	1	2
AT1G27280	0	5	0	0	0	0
AT1G27290	891	893	1026	1752	950	1518
AT1G27300	543	557	675	697	497	923
AT1G27310	1957	2021	2215	2856	2256	3484
AT1G27320	3825	3408	3554	2883	2475	4544
AT1G27330	1978	2150	2174	4104	2760	4339
AT1G27340	1505	1720	2205	2639	2109	2897
AT1G27350	1352	1409	1469	2924	2050	2944
AT1G27360	822	1010	755	456	633	491
AT1G27370	576	651	491	369	375	425
AT1G27380	26	24	28	24	14	25
AT1G27385	1246	1408	1436	1544	1450	1478
AT1G27390	1243	1507	1482	1080	1106	1367
AT1G27400	4823	5947	5142	2085	3302	2981
AT1G27410	193	218	181	254	175	266
AT1G27420	88	91	72	64	45	108
AT1G27430	1894	1745	1405	928	1097	1958
AT1G27435	1372	1672	1599	1735	1580	1766
AT1G27440	306	329	284	330	286	528
AT1G27450	3344	3780	4167	3433	3468	3999
AT1G27460	658	855	756	241	408	407
AT1G27461	0	0	0	3	0	6
AT1G27470	836	858	766	381	530	550
AT1G27480	2640	2973	3283	2687	2705	2648
AT1G27490	0	0	0	2	0	4
AT1G27500	203	179	176	77	93	148
AT1G27510	2192	2293	2064	1310	1519	1886
AT1G27520	1150	1101	875	774	694	1211
AT1G27530	1781	2330	2222	2482	2327	3133
AT1G27540	700	751	808	859	740	993
AT1G27565	4	1	4	0	4	0
AT1G27570	0	0	1	2	0	0
AT1G27580	197	227	228	258	227	315
AT1G27590	466	333	324	270	295	407
AT1G27595	953	940	738	410	512	833
AT1G27600	760	890	806	1354	1110	2298
AT1G27610	0	0	0	4	0	1
AT1G27620	25	18	12	8	18	16
AT1G27630	241	233	246	467	265	639
AT1G27640	3	0	7	4	6	10
AT1G27650	2160	2256	2224	3239	2474	3860
AT1G27660	207	221	179	169	152	192
AT1G27670	9	2	3	13	2	7
AT1G27680	448	564	471	282	398	458
AT1G27690	455	561	518	495	486	596
AT1G27695	302	405	323	473	378	428
AT1G27700	483	516	537	464	442	503
AT1G27710	232	206	97	57	55	121
AT1G27720	36	50	47	49	21	177
AT1G27730	183	81	267	1656	724	1736
AT1G27750	655	686	585	636	636	976
AT1G27752	900	924	920	946	647	1434
AT1G27760	2431	2398	2900	3612	2548	4430
AT1G27770	2298	1787	2119	3283	2781	4937
AT1G27820	0	0	0	0	2	4
AT1G27840	590	579	604	625	540	900
AT1G27850	1443	1372	1262	625	745	1149
AT1G27860	0	1	0	2	3	1
AT1G27880	137	195	106	45	84	60
AT1G27890	1	0	1	13	9	23
AT1G27900	863	806	839	697	661	1043
AT1G27910	654	645	681	445	469	774
AT1G27920	494	554	393	218	197	409
AT1G27921	262	237	159	83	75	207
AT1G27930	1070	1195	1285	2514	1726	2507
AT1G27940	350	374	331	90	145	203
AT1G27950	6450	7864	7671	3274	4863	3290
AT1G27960	165	193	197	103	136	172
AT1G27970	2613	2847	3213	3595	2705	3829
AT1G27980	407	436	693	943	564	1292
AT1G27990	0	0	0	23	3	26
AT1G28000	0	0	0	0	2	1
AT1G28010	378	367	331	64	140	224
AT1G28020	0	0	0	1	0	0
AT1G28030	0	0	0	1	0	0
AT1G28040	0	0	0	12	3	1
AT1G28050	184	170	199	170	202	341
AT1G28060	1281	1567	1121	529	719	1352
AT1G28070	65	92	69	210	145	261
AT1G28080	6	4	5	14	3	6
AT1G28090	559	699	594	384	385	553
AT1G28100	461	547	453	304	375	395
AT1G28110	654	742	624	387	495	521
AT1G28120	1258	1198	1484	1524	1240	1961
AT1G28130	132	129	174	56	59	152
AT1G28135	0	0	0	1	0	1
AT1G28140	2140	2229	2315	3097	2287	3070
AT1G28150	1245	1456	1499	1879	1539	1782
AT1G28160	0	0	0	0	0	1
AT1G28170	0	0	0	0	0	1
AT1G28180	0	0	0	1	1	5
AT1G28190	151	67	196	783	282	682
AT1G28200	1367	1543	1527	2907	2063	3140
AT1G28210	194	152	165	165	160	214
AT1G28220	5	2	2	2	2	7
AT1G28230	158	169	167	493	486	360
AT1G28240	1085	1109	1208	831	802	904
AT1G28250	391	386	422	806	526	761
AT1G28260	227	255	289	420	304	692
AT1G28270	0	11	0	0	0	0
AT1G28280	822	1060	1022	1305	1007	1380
AT1G28281	0	0	2	4	1	5
AT1G28290	3443	5089	2846	897	3088	1730
AT1G28300	8	16	4	5	9	1
AT1G28310	307	289	297	482	329	556
AT1G28320	983	1071	1032	1019	992	1640
AT1G28327	8	3	2	2	1	1
AT1G28330	137	59	112	472	217	425
AT1G28340	1206	1272	1393	1432	1303	1994
AT1G28350	1328	1473	1303	402	702	984
AT1G28360	32	41	53	28	44	39
AT1G28370	36	12	56	219	115	234
AT1G28375	33	67	17	10	51	16
AT1G28380	1695	1374	1466	1836	1506	1915
AT1G28390	168	172	162	231	236	227
AT1G28395	530	672	610	391	477	419
AT1G28400	1362	1949	1732	577	919	943
AT1G28410	236	266	280	399	360	523
AT1G28420	1622	1508	1219	435	576	1343
AT1G28430	7	75	6	0	16	1
AT1G28440	2843	2890	2694	2021	2449	2257
AT1G28450	9	2	4	0	0	4
AT1G28460	0	1	1	0	1	2
AT1G28470	24	29	21	30	25	32
AT1G28480	154	13	100	1396	809	1337
AT1G28490	812	990	1024	776	736	1057
AT1G28500	0	1	0	3	1	2
AT1G28510	775	901	968	1135	811	1235
AT1G28520	1069	1098	1121	1610	1197	1797
AT1G28530	336	378	358	146	216	242
AT1G28540	416	432	494	911	590	937
AT1G28550	1	0	0	9	2	8
AT1G28560	488	504	461	221	330	264
AT1G28570	439	470	521	537	551	485
AT1G28580	885	956	1245	1857	1276	2596
AT1G28590	0	0	0	3	1	4
AT1G28600	3367	3080	4112	5817	4218	7012
AT1G28610	952	1037	1060	759	903	1078
AT1G28640	1	0	0	0	0	0
AT1G28650	0	1	0	13	5	6
AT1G28660	329	376	431	387	253	449
AT1G28670	1663	1864	1902	914	1035	1013
AT1G28680	922	1162	1094	807	842	1043
AT1G28685	563	712	645	550	566	688
AT1G28690	36	19	33	17	14	33
AT1G28695	10	20	7	3	5	6
AT1G28700	13	3	6	9	14	9
AT1G28710	305	303	298	180	179	269
AT1G28730	3	3	1	0	0	2
AT1G28740	1	0	1	0	0	1
AT1G28750	0	0	2	0	1	1
AT1G28760	198	215	215	197	208	228
AT1G28790	0	0	0	1	0	0
AT1G28800	0	0	0	1	0	0
AT1G28810	0	1	0	2	0	5
AT1G28815	43	50	39	26	40	35
AT1G28820	3	3	2	5	2	1
AT1G28830	1	0	0	1	1	0
AT1G28840	1	2	2	0	3	2
AT1G28850	2	0	3	2	0	1
AT1G28860	0	1	0	0	0	0
AT1G28870	0	0	0	1	0	0
AT1G28890	12	5	4	5	3	1
AT1G28910	1	0	0	0	0	0
AT1G28920	10	7	10	9	3	7
AT1G28930	20	11	10	19	8	19
AT1G28940	6	7	8	4	9	10
AT1G28950	3	6	9	1	1	11
AT1G28960	575	556	686	1012	704	1117
AT1G28970	17	11	9	7	9	16
AT1G28980	3	0	3	1	0	1
AT1G28990	2	0	0	0	0	4
AT1G29000	0	0	0	1	0	0
AT1G29010	0	1	0	0	0	0
AT1G29020	0	0	0	1	0	5
AT1G29025	0	0	0	1	0	5
AT1G29030	355	448	350	223	236	344
AT1G29040	783	852	947	1247	967	1300
AT1G29041	44	65	59	103	76	126
AT1G29050	802	870	728	731	761	672
AT1G29060	284	310	348	536	357	481
AT1G29070	12411	14879	15665	9186	12527	9553
AT1G29071	7	7	10	5	2	4
AT1G29090	1	3	2	26	3	23
AT1G29100	0	0	0	4	2	1
AT1G29110	8	15	24	8	6	12
AT1G29120	1683	1658	1847	1930	1720	1902
AT1G29140	0	16	0	0	1	3
AT1G29150	3921	3973	4433	3622	3544	4777
AT1G29160	56	92	56	56	107	88
AT1G29170	971	1019	891	266	460	456
AT1G29195	26	49	127	98	67	149
AT1G29200	33	58	29	18	14	33
AT1G29220	551	658	655	436	403	549
AT1G29230	29	27	58	87	44	104
AT1G29240	239	210	203	391	222	493
AT1G29250	1762	2203	1937	1142	1432	1160
AT1G29260	854	880	944	1650	1240	1796
AT1G29270	23	28	44	10	19	17
AT1G29280	5	14	16	23	25	25
AT1G29290	4	8	23	101	43	68
AT1G29300	220	260	300	293	186	339
AT1G29310	974	1139	1080	1346	1158	1645
AT1G29320	519	715	527	193	321	366
AT1G29330	286	290	396	904	475	1069
AT1G29340	2101	1727	2049	2610	1908	2948
AT1G29350	1827	2005	1715	1575	1900	3251
AT1G29355	211	273	249	403	295	565
AT1G29357	247	305	273	465	328	644
AT1G29370	1806	2002	1989	1294	1388	3442
AT1G29380	151	189	149	83	103	159
AT1G29390	1172	1405	1456	1799	1826	1675
AT1G29395	181	219	331	739	576	648
AT1G29400	2655	2578	2883	4570	3745	5342
AT1G29410	226	202	215	215	221	258
AT1G29418	521	542	423	237	301	253
AT1G29420	44	46	43	30	45	26
AT1G29430	828	867	861	288	454	282
AT1G29440	515	580	454	270	385	246
AT1G29450	356	406	385	164	236	178
AT1G29460	297	380	337	252	282	189
AT1G29465	426	519	461	406	388	315
AT1G29470	7962	9455	8082	2723	4451	6107
AT1G29490	8	5	5	1	3	3
AT1G29500	390	437	370	136	221	117
AT1G29510	317	344	315	111	208	98
AT1G29520	391	548	412	248	270	191
AT1G29530	1556	1791	1767	890	1146	1158
AT1G29540	27	26	29	21	21	36
AT1G29550	307	337	320	255	305	370
AT1G29560	89	108	49	14	24	67
AT1G29570	0	0	1	2	0	3
AT1G29590	110	137	111	76	113	129
AT1G29600	261	260	330	98	114	140
AT1G29630	119	160	120	40	47	122
AT1G29640	108	102	197	521	224	594
AT1G29660	12798	14934	14567	7182	7339	9311
AT1G29670	2769	3268	3719	2898	3735	3142
AT1G29680	0	0	0	38	7	44
AT1G29690	524	516	575	1175	671	1392
AT1G29700	3005	3472	3537	3421	3333	2874
AT1G29710	190	185	208	135	150	163
AT1G29720	2904	3228	2604	937	1400	1234
AT1G29730	97	89	97	62	52	121
AT1G29740	44	32	47	25	22	39
AT1G29750	682	770	636	359	422	549
AT1G29760	507	488	489	576	490	823
AT1G29770	43	48	31	63	34	88
AT1G29780	15	15	8	5	5	19
AT1G29785	284	310	271	401	358	439
AT1G29790	982	1094	1115	1074	991	1343
AT1G29800	522	476	476	691	500	676
AT1G29810	247	273	296	363	273	421
AT1G29820	253	273	254	178	207	277
AT1G29830	0	2	2	1	1	8
AT1G29840	231	286	272	159	173	160
AT1G29850	2389	2658	2642	2198	2147	2627
AT1G29860	4	7	18	14	24	6
AT1G29870	0	1	0	10	2	53
AT1G29880	6441	7161	7350	3047	4370	5012
AT1G29890	1470	1788	1669	901	1174	1256
AT1G29900	5483	5643	5028	2413	3305	5870
AT1G29910	136106	217021	174286	211984	261777	192713
AT1G29920	242257	368762	317882	446302	412316	489055
AT1G29930	381811	529986	502213	659709	638260	620998
AT1G29940	1530	1361	1206	501	551	921
AT1G29950	1895	1693	1861	2192	1704	2129
AT1G29951	1667	1527	1679	1970	1565	1942
AT1G29952	1667	1527	1679	1970	1565	1942
AT1G29960	105	124	123	247	191	300
AT1G29962	2	3	0	2	0	7
AT1G29965	1103	1543	1429	738	912	944
AT1G29970	1678	2063	2141	2339	1882	2342
AT1G29980	562	755	643	296	540	343
AT1G29990	1166	1272	1182	1426	1170	1466
AT1G30000	784	840	858	1009	825	1449
AT1G30010	186	182	190	184	185	295
AT1G30020	22	27	26	24	30	49
AT1G30040	100	77	106	203	230	252
AT1G30050	1	1	0	3	1	1
AT1G30060	0	0	0	1	0	1
AT1G30070	1015	1012	1167	1001	711	1040
AT1G30080	6	18	2	4	8	2
AT1G30090	876	1043	1053	1370	1145	1435
AT1G30100	9	11	16	199	97	199
AT1G30110	127	157	139	103	104	126
AT1G30120	6234	6673	6661	5428	6151	5794
AT1G30130	712	767	818	661	629	646
AT1G30135	14	10	35	81	29	115
AT1G30140	0	0	0	0	0	1
AT1G30160	111	110	128	173	137	152
AT1G30170	0	4	3	2	18	2
AT1G30190	18	6	15	32	15	63
AT1G30200	1163	1253	1226	1662	1260	1877
AT1G30210	682	673	748	589	612	814
AT1G30220	80	50	68	183	79	165
AT1G30230	9055	10355	10098	19331	12797	25719
AT1G30240	451	401	376	247	247	477
AT1G30250	394	248	376	719	475	793
AT1G30260	674	624	653	1458	1099	1105
AT1G30270	650	660	562	730	622	991
AT1G30280	311	264	351	289	295	311
AT1G30282	203	177	200	190	196	195
AT1G30290	328	343	266	94	144	207
AT1G30300	224	256	259	261	224	277
AT1G30320	360	412	495	293	297	568
AT1G30330	1549	1778	1516	1257	1493	1602
AT1G30350	3	90	0	0	8	0
AT1G30360	6189	5607	5931	4535	4095	6963
AT1G30370	3	0	1	26	15	32
AT1G30380	85921	123570	110098	89954	111697	66846
AT1G30400	7393	6774	6325	2831	3323	5375
AT1G30410	1256	997	868	804	549	1838
AT1G30420	261	199	130	123	149	411
AT1G30430	0	0	0	0	0	1
AT1G30440	2176	2559	2259	804	1095	1309
AT1G30450	1176	1222	1117	785	844	1258
AT1G30455	0	0	1	2	0	10
AT1G30460	717	795	715	554	574	854
AT1G30470	2501	2462	2432	1675	1729	2506
AT1G30473	74	80	89	164	95	174
AT1G30475	156	170	198	302	200	389
AT1G30480	602	660	639	755	703	914
AT1G30490	1062	1073	1022	1394	959	1884
AT1G30500	304	344	319	629	406	706
AT1G30510	693	750	784	483	570	681
AT1G30515	36	22	33	15	24	19
AT1G30520	1608	2045	1576	621	1024	758
AT1G30530	5045	5584	5644	2802	4917	3348
AT1G30540	489	502	550	575	534	755
AT1G30550	114	120	117	176	145	177
AT1G30570	647	674	639	392	451	500
AT1G30580	5583	6224	6245	4432	4968	6012
AT1G30590	1529	1512	1259	515	681	1027
AT1G30600	464	430	418	131	274	214
AT1G30610	1053	1132	931	254	356	622
AT1G30620	297	250	430	623	376	768
AT1G30630	2758	3080	3265	3171	2691	3720
AT1G30640	251	247	314	428	280	563
AT1G30650	38	33	46	17	45	37
AT1G30660	8	11	7	14	16	11
AT1G30680	1412	1292	1187	559	810	935
AT1G30690	3153	3983	3162	574	1123	866
AT1G30700	98	41	362	997	194	1132
AT1G30710	0	1	2	2	0	1
AT1G30720	41	16	163	131	68	137
AT1G30730	14	3	64	65	23	55
AT1G30740	3	5	2	1	0	4
AT1G30750	0	0	0	6	2	12
AT1G30755	255	147	260	417	240	512
AT1G30757	52	39	49	149	82	134
AT1G30760	42	119	72	55	53	29
AT1G30780	8	10	2	8	1	1
AT1G30800	3	6	1	13	4	18
AT1G30810	758	751	690	618	581	921
AT1G30814	0	0	3	3	0	3
AT1G30820	761	878	813	297	398	427
AT1G30825	327	371	347	351	327	378
AT1G30840	121	92	77	68	63	84
AT1G30845	94	108	111	153	89	147
AT1G30850	4	0	1	11	9	9
AT1G30860	151	151	143	72	82	122
AT1G30870	0	0	0	8	4	9
AT1G30880	2332	2482	2435	2795	2284	3112
AT1G30890	521	517	550	840	628	860
AT1G30900	560	256	295	987	558	1433
AT1G30910	891	1000	973	1003	897	985
AT1G30920	1	0	1	3	0	0
AT1G30950	0	2	3	10	8	22
AT1G30960	145	208	135	87	92	163
AT1G30970	1065	1064	1002	958	844	1381
AT1G30990	0	0	0	1	0	7
AT1G31000	0	0	0	2	2	6
AT1G31010	222	213	193	192	178	202
AT1G31020	301	309	319	315	299	382
AT1G31040	47	86	30	39	54	23
AT1G31050	19	9	11	4	8	6
AT1G31070	999	1183	1086	465	604	644
AT1G31080	2	0	0	0	2	0
AT1G31120	303	351	349	267	322	373
AT1G31130	2151	1947	2430	4648	3001	4740
AT1G31140	0	1	0	0	0	0
AT1G31150	337	464	395	204	270	309
AT1G31160	809	1057	1029	898	936	886
AT1G31163	0	0	0	1	0	0
AT1G31170	1403	1509	1656	2400	1706	2188
AT1G31173	42	80	52	170	66	183
AT1G31175	236	285	243	361	323	551
AT1G31180	2427	2878	2737	1300	1928	1431
AT1G31190	2338	2738	2896	1944	2246	1852
AT1G31200	164	206	188	97	147	113
AT1G31220	389	467	489	686	486	622
AT1G31230	2921	3170	2987	1301	2291	2252
AT1G31240	43	43	65	65	79	56
AT1G31250	1	1	1	2	0	2
AT1G31258	223	202	250	400	251	429
AT1G31270	3	1	0	0	0	0
AT1G31280	896	645	853	2062	1467	3536
AT1G31290	38	52	59	151	111	182
AT1G31300	1956	1929	2284	1917	1758	1609
AT1G31310	94	119	82	77	107	133
AT1G31320	115	112	145	84	111	78
AT1G31330	59191	83515	63019	52264	69619	51151
AT1G31335	288	315	268	252	250	260
AT1G31340	2067	2400	2468	2273	2141	2088
AT1G31350	558	721	663	874	725	641
AT1G31360	290	369	282	106	137	197
AT1G31370	0	0	0	4	1	4
AT1G31380	1	0	0	0	0	0
AT1G31400	0	0	1	6	0	6
AT1G31410	781	955	936	671	690	753
AT1G31420	8253	9102	9119	4319	5395	5031
AT1G31430	30	51	45	27	28	53
AT1G31440	2438	2595	2361	1071	1265	1590
AT1G31450	0	0	0	1	0	1
AT1G31460	105	142	117	122	107	135
AT1G31470	144	147	144	125	145	154
AT1G31480	495	462	399	347	274	563
AT1G31485	61	70	45	45	23	46
AT1G31490	147	190	111	87	87	143
AT1G31500	701	785	812	519	523	639
AT1G31540	2052	1514	1478	1613	1331	3063
AT1G31550	663	613	880	1256	1216	2059
AT1G31580	78202	73098	71797	102201	78253	91403
AT1G31600	662	697	604	772	547	983
AT1G31620	1	0	0	0	0	0
AT1G31640	0	0	0	1	0	3
AT1G31650	1469	1591	1750	892	1013	1160
AT1G31660	1300	1414	1279	736	824	893
AT1G31690	365	358	386	71	273	147
AT1G31710	1077	1068	1549	387	625	954
AT1G31720	30	39	17	21	18	27
AT1G31730	2484	2602	2376	1089	1479	2336
AT1G31740	0	0	0	0	0	2
AT1G31750	48	75	61	102	61	73
AT1G31760	164	184	155	76	123	76
AT1G31770	449	446	471	246	295	455
AT1G31772	1	0	0	0	0	0
AT1G31780	1159	1308	1438	873	987	1318
AT1G31790	96	78	57	51	74	66
AT1G31800	6186	6482	6735	3270	4251	3982
AT1G31810	1115	1022	752	413	597	715
AT1G31812	9135	11115	11047	11476	9912	9628
AT1G31814	201	164	175	179	204	302
AT1G31817	855	1116	998	615	684	757
AT1G31820	315	270	410	1321	575	1144
AT1G31830	406	463	402	827	696	1006
AT1G31835	229	233	285	187	169	148
AT1G31840	19	20	28	19	21	29
AT1G31850	1194	1444	1303	792	1048	1172
AT1G31860	1044	1170	1110	489	698	608
AT1G31870	625	713	647	315	392	583
AT1G31880	60	90	76	34	28	51
AT1G31885	2	5	2	10	3	6
AT1G31910	5790	6493	6540	4381	4516	7017
AT1G31920	688	817	758	293	478	517
AT1G31930	994	978	914	561	597	943
AT1G31935	93	100	66	48	51	52
AT1G31940	850	874	943	901	678	968
AT1G31950	46	47	37	24	25	30
AT1G31970	3698	4243	3766	1112	1797	1445
AT1G31990	4	7	4	7	7	11
AT1G32050	3793	4179	4577	4509	3896	4294
AT1G32060	70177	89605	83439	35467	55121	43316
AT1G32070	2879	3145	3133	3615	3293	3041
AT1G32080	15557	17553	17908	11013	15776	8642
AT1G32090	290	335	338	175	204	309
AT1G32100	496	665	405	215	244	319
AT1G32120	431	546	446	483	482	577
AT1G32130	2192	2295	2372	1914	1834	3244
AT1G32140	0	0	1	0	1	0
AT1G32150	381	451	370	407	375	510
AT1G32160	2257	2473	2528	2478	2383	2562
AT1G32170	124	115	188	523	186	526
AT1G32172	2	4	3	11	1	11
AT1G32180	1	7	1	0	2	0
AT1G32190	184	198	174	183	188	166
AT1G32200	2968	3329	3083	1915	2296	2537
AT1G32210	1140	1275	1265	2075	1501	1966
AT1G32220	5013	5403	5515	5369	6066	4864
AT1G32225	0	1	0	0	1	1
AT1G32230	5569	5792	5808	5394	5106	8770
AT1G32240	283	348	233	142	165	188
AT1G32250	1	3	0	0	0	0
AT1G32260	262	310	346	427	325	555
AT1G32270	1	0	0	2	0	6
AT1G32300	2	1	0	0	0	0
AT1G32310	308	346	412	436	384	468
AT1G32320	1	3	0	0	1	0
AT1G32330	353	405	402	335	329	562
AT1G32337	0	0	0	0	0	1
AT1G32340	465	378	473	507	416	791
AT1G32350	305	25	577	1620	450	1224
AT1G32360	954	857	1006	1201	883	1177
AT1G32361	0	0	0	2	1	1
AT1G32370	349	387	394	515	420	641
AT1G32375	1	2	3	7	8	16
AT1G32380	837	1024	933	918	851	966
AT1G32385	32	35	51	16	18	31
AT1G32400	3984	3904	4264	4606	3585	5199
AT1G32410	792	774	874	1392	992	1219
AT1G32415	48	41	38	46	30	108
AT1G32430	0	1	0	0	0	0
AT1G32440	3806	3938	3980	1848	2307	1775
AT1G32450	2150	2960	2158	1286	1118	2302
AT1G32460	1009	1100	1079	1587	1121	1654
AT1G32470	20719	25682	26280	13020	19326	12877
AT1G32480	0	0	0	8	2	12
AT1G32490	1528	1502	1290	377	560	1116
AT1G32500	3331	3865	4174	2709	3200	2868
AT1G32510	0	2	1	6	4	6
AT1G32520	1057	1329	1308	1572	1325	1436
AT1G32530	970	1101	966	669	620	1099
AT1G32540	193	253	220	386	265	373
AT1G32550	1804	2054	2073	1113	1537	1166
AT1G32560	1	3	3	5	1	12
AT1G32570	4	5	6	4	2	4
AT1G32580	1483	1872	1534	1352	1377	1479
AT1G32583	91	81	65	192	133	467
AT1G32585	0	0	0	2	1	3
AT1G32600	0	0	0	1	2	8
AT1G32610	54	67	67	83	56	105
AT1G32630	212	226	191	228	202	259
AT1G32640	2681	2451	3085	7835	5699	8993
AT1G32650	0	0	0	0	2	1
AT1G32660	0	0	0	0	0	2
AT1G32670	1	0	0	0	0	0
AT1G32690	76	35	73	139	90	124
AT1G32700	644	609	650	1504	884	1528
AT1G32710	0	0	0	0	2	0
AT1G32730	165	257	197	75	147	108
AT1G32740	79	138	99	97	111	83
AT1G32750	2114	2153	1498	467	751	1742
AT1G32760	117	124	94	115	127	121
AT1G32780	193	212	197	80	218	104
AT1G32790	2626	2681	3346	5691	4090	6271
AT1G32810	1086	1046	941	636	697	1300
AT1G32850	5	7	2	3	2	2
AT1G32860	216	288	202	140	171	177
AT1G32870	703	547	736	918	725	1332
AT1G32880	1	1	4	13	7	17
AT1G32900	20291	23269	25940	13245	17894	13568
AT1G32910	3	1	1	1	5	7
AT1G32920	487	357	705	1529	1186	1330
AT1G32928	89	67	114	169	164	113
AT1G32930	175	214	167	89	99	103
AT1G32940	793	438	1582	2142	975	2739
AT1G32950	19	16	85	118	43	196
AT1G32960	103	14	240	512	117	458
AT1G32970	0	0	1	3	1	8
AT1G32975	0	0	1	0	0	0
AT1G32990	10016	11875	12319	6218	9439	5594
AT1G32992	0	0	0	1	1	3
AT1G33020	0	0	0	1	0	3
AT1G33030	34	20	65	209	68	175
AT1G33040	3151	4125	3627	1309	1984	2170
AT1G33050	1186	1068	1139	1244	928	1786
AT1G33055	33	17	46	48	48	32
AT1G33060	396	436	392	260	243	453
AT1G33080	291	336	329	300	254	359
AT1G33100	1	0	1	0	1	0
AT1G33102	87	73	127	195	121	173
AT1G33110	3132	3347	3512	4914	3355	5237
AT1G33120	8904	10413	10262	6306	7118	8367
AT1G33140	11524	13857	13439	8116	9087	10884
AT1G33170	1296	1457	1254	652	1008	1095
AT1G33220	0	0	0	0	1	1
AT1G33230	759	831	846	974	846	1063
AT1G33240	3928	4464	3830	2418	2244	2742
AT1G33250	1008	1057	1060	1478	1041	1798
AT1G33260	429	504	575	971	590	928
AT1G33265	260	393	358	500	443	653
AT1G33270	669	742	810	947	859	1103
AT1G33290	1422	1589	1681	1453	1423	1400
AT1G33320	8	2	3	0	2	0
AT1G33330	513	593	607	531	580	584
AT1G33340	168	189	220	148	133	119
AT1G33350	49	50	35	38	43	36
AT1G33360	661	685	675	409	422	629
AT1G33370	0	0	0	2	0	0
AT1G33390	684	681	582	192	312	551
AT1G33400	475	512	436	336	349	585
AT1G33410	1693	1500	1262	546	693	1117
AT1G33415	690	603	516	801	633	941
AT1G33420	376	306	275	445	356	478
AT1G33430	158	142	90	51	92	92
AT1G33440	89	125	97	134	109	212
AT1G33470	1767	2085	1688	1631	1514	1795
AT1G33475	47	54	41	48	41	30
AT1G33480	336	392	378	170	250	209
AT1G33490	851	964	1157	1586	1035	1572
AT1G33500	7	3	10	1	6	3
AT1G33520	1380	1292	1384	1267	1123	1528
AT1G33530	0	0	0	0	0	1
AT1G33540	1	2	1	1	4	0
AT1G33560	613	513	684	1039	718	1686
AT1G33590	2183	2874	3554	2989	3640	3430
AT1G33600	988	1108	1216	865	882	927
AT1G33610	214	168	240	368	309	492
AT1G33612	10	14	10	24	14	31
AT1G33615	22	15	28	7	9	14
AT1G33640	4	18	14	6	6	13
AT1G33680	2318	2635	2226	1888	2097	3611
AT1G33700	279	343	228	168	194	329
AT1G33709	0	1	0	1	0	1
AT1G33710	0	1	0	4	0	7
AT1G33720	445	334	313	649	384	1153
AT1G33730	12	2	6	35	21	22
AT1G33750	0	3	0	0	0	0
AT1G33760	4	2	9	12	7	7
AT1G33770	77	90	95	34	55	54
AT1G33780	962	1194	1273	1256	1216	1168
AT1G33790	99	102	144	34	45	68
AT1G33800	121	172	137	154	150	179
AT1G33810	3399	3931	4084	2747	3200	2852
AT1G33811	1858	2090	1613	756	1610	1100
AT1G33820	0	0	1	0	0	0
AT1G33840	12	2	0	20	19	26
AT1G33890	0	0	0	0	0	1
AT1G33900	0	0	3	0	0	0
AT1G33930	56	70	59	3	29	13
AT1G33940	0	0	1	0	0	2
AT1G33950	5	2	2	16	8	17
AT1G33960	538	39	184	2659	2068	4310
AT1G33970	361	335	387	1389	844	1975
AT1G33980	1062	1132	1098	1163	1095	1800
AT1G33990	2151	2451	2887	3120	2641	3215
AT1G34000	8147	8633	8955	6296	6436	5204
AT1G34010	427	588	571	376	391	330
AT1G34020	527	638	609	494	507	598
AT1G34030	4506	5446	4965	3231	3687	3309
AT1G34040	36	34	31	8	21	24
AT1G34042	0	0	0	0	0	1
AT1G34050	2	0	0	0	0	0
AT1G34060	648	472	547	1322	790	1114
AT1G34065	217	259	223	131	192	211
AT1G34110	709	715	602	537	571	961
AT1G34120	278	260	314	294	233	372
AT1G34130	1267	1233	1163	1737	1454	2524
AT1G34140	0	0	0	3	0	5
AT1G34150	273	224	245	409	251	423
AT1G34160	71	77	80	43	63	97
AT1G34180	47	32	53	240	129	368
AT1G34190	1688	1690	1819	2229	1863	2650
AT1G34200	439	462	471	631	496	664
AT1G34210	1316	1617	1380	1046	1020	1535
AT1G34220	825	783	925	635	707	1295
AT1G34245	88	125	135	20	47	35
AT1G34260	938	811	855	579	560	1180
AT1G34270	199	240	210	345	258	373
AT1G34300	483	443	482	970	581	1131
AT1G34315	163	96	145	109	87	61
AT1G34320	1207	1160	1174	968	889	1297
AT1G34340	539	596	474	416	433	663
AT1G34350	337	429	462	436	410	508
AT1G34355	115	146	97	16	45	78
AT1G34360	269	372	312	233	264	343
AT1G34370	1327	1366	1545	3213	2324	4375
AT1G34380	130	103	123	273	191	333
AT1G34392	1	0	0	0	0	0
AT1G34418	1060	1074	1232	1228	1105	1112
AT1G34420	200	73	97	324	232	599
AT1G34430	3732	4089	4034	2626	3350	2668
AT1G34440	1	2	5	2	4	0
AT1G34460	67	40	27	14	22	34
AT1G34470	480	491	491	547	434	553
AT1G34480	9	18	10	4	7	4
AT1G34520	2	0	0	0	0	0
AT1G34550	1286	1679	1518	611	841	1250
AT1G34560	0	0	0	0	2	4
AT1G34570	1076	1265	1179	1640	1320	1863
AT1G34580	70	93	81	63	93	108
AT1G34630	315	343	338	342	241	357
AT1G34640	347	338	330	376	347	359
AT1G34650	0	0	1	0	0	0
AT1G34670	4	0	2	4	2	3
AT1G34750	880	629	625	2128	1266	2346
AT1G34760	122	96	115	121	126	122
AT1G34770	136	156	114	127	132	192
AT1G34780	629	552	631	1058	850	1159
AT1G34844	176	198	161	267	234	420
AT1G35140	283	615	515	165	55	117
AT1G35160	2819	2862	2965	3505	2987	3928
AT1G35170	13	15	14	12	12	6
AT1G35180	308	410	313	169	290	139
AT1G35183	10	7	7	2	6	1
AT1G35190	453	458	580	875	562	1175
AT1G35210	70	16	41	282	126	215
AT1G35220	560	560	543	441	449	913
AT1G35230	338	87	215	2529	1120	2503
AT1G35250	2	0	3	2	1	1
AT1G35255	4	1	5	2	4	2
AT1G35260	57	35	93	55	39	85
AT1G35290	80	185	54	62	93	22
AT1G35310	25	32	59	24	34	20
AT1G35320	313	449	469	279	262	254
AT1G35330	1	0	1	2	1	3
AT1G35340	1714	1984	1869	1736	1621	1856
AT1G35350	719	576	750	818	438	1077
AT1G35400	0	0	0	0	1	0
AT1G35420	1706	2161	2400	3188	2677	2836
AT1G35430	166	226	211	243	190	216
AT1G35435	0	0	0	1	0	0
AT1G35440	1	1	0	1	0	0
AT1G35460	813	931	942	723	707	823
AT1G35470	764	818	754	631	558	772
AT1G35490	0	1	0	0	0	0
AT1G35510	1579	1663	1449	965	1092	1046
AT1G35515	1350	1352	1551	1468	1379	1547
AT1G35516	1283	1282	1485	1392	1323	1476
AT1G35530	63	80	62	3	15	31
AT1G35545	0	1	0	0	0	1
AT1G35560	1053	1280	1382	2138	1645	1608
AT1G35580	3129	2949	3172	2885	2608	3224
AT1G35610	0	0	0	0	0	1
AT1G35620	1292	1402	1397	1772	1396	2002
AT1G35625	4	1	2	3	1	12
AT1G35630	3	0	0	1	1	1
AT1G35660	484	407	382	209	185	490
AT1G35670	1275	1392	1370	638	736	895
AT1G35680	12082	15075	14879	7744	11388	7490
AT1G35710	5745	2482	1722	4553	2897	10482
AT1G35720	3953	4938	6277	4424	4428	6224
AT1G35730	2	7	18	40	7	50
AT1G35750	0	0	0	0	1	0
AT1G35780	780	994	862	551	691	569
AT1G35830	58	57	52	24	41	41
AT1G35880	1	0	2	0	2	1
AT1G35890	0	0	0	0	0	1
AT1G35910	49	60	86	152	138	245
AT1G36020	0	1	0	0	0	0
AT1G36050	1194	1250	1394	1514	1135	1696
AT1G36060	27	14	90	58	26	61
AT1G36070	460	418	440	585	466	823
AT1G36150	2	0	1	5	0	3
AT1G36160	8939	7782	6069	2759	3975	7850
AT1G36180	368	364	229	166	205	530
AT1G36240	0	0	0	0	2	0
AT1G36280	609	663	598	355	377	470
AT1G36310	1102	1213	1227	948	968	1140
AT1G36320	2897	3214	3269	1827	2217	2653
AT1G36340	0	0	2	0	0	1
AT1G36370	1186	1212	1419	1193	1102	1553
AT1G36380	278	254	317	602	386	654
AT1G36390	1231	1370	1315	875	1047	1070
AT1G36580	0	0	1	1	0	2
AT1G36622	117	40	149	744	145	564
AT1G36640	0	0	0	6	1	5
AT1G36675	14	22	27	69	23	63
AT1G36730	6590	6768	6884	7785	6188	12039
AT1G36732	6590	6768	6884	7785	6188	12039
AT1G36920	0	0	0	1	0	0
AT1G36922	1	2	0	0	0	1
AT1G36940	36	56	42	56	46	61
AT1G36950	0	2	0	0	0	0
AT1G36980	1992	2083	2168	3148	2589	2838
AT1G36990	921	962	872	773	813	862
AT1G36992	134	102	81	91	66	74
AT1G37113	1	0	1	0	1	0
AT1G37130	56501	55483	57310	55212	52800	61404
AT1G37140	1	2	14	1	0	2
AT1G37150	22	20	13	44	16	53
AT1G38065	459	735	455	411	438	469
AT1G38131	876	770	919	594	850	767
AT1G40104	0	3	0	0	0	0
AT1G40390	1	0	0	0	0	0
AT1G41830	5087	6109	6347	3204	4061	3678
AT1G41875	2	1	3	3	1	3
AT1G41880	8034	9519	8983	4981	5959	5706
AT1G42430	1130	1232	1088	818	964	858
AT1G42440	1879	2012	1910	887	1198	1653
AT1G42470	890	823	746	695	592	1218
AT1G42480	651	859	686	824	839	1173
AT1G42540	1420	1455	1410	1118	1006	2010
AT1G42550	9268	9083	8357	3814	5024	5035
AT1G42560	20	16	9	18	23	9
AT1G42680	0	4	4	0	0	2
AT1G42960	4606	5238	5509	4426	4487	4105
AT1G42970	117113	133969	143379	96888	122833	84220
AT1G42980	17	8	31	71	34	95
AT1G42990	1508	1199	1728	3640	2108	3613
AT1G43000	4	6	5	7	3	4
AT1G43005	0	2	0	0	0	0
AT1G43010	0	3	0	0	0	0
AT1G43040	0	0	1	1	1	1
AT1G43130	531	594	583	1206	802	1196
AT1G43160	55	7	487	551	55	1136
AT1G43170	26247	30358	27734	11378	17379	18329
AT1G43171	0	0	0	12	1	16
AT1G43190	2166	2293	2339	1953	2007	2334
AT1G43245	132	118	108	211	141	252
AT1G43560	2891	3500	3610	1931	2666	1938
AT1G43580	989	1071	1036	985	1046	1016
AT1G43610	0	0	0	2	1	1
AT1G43620	449	427	445	721	555	973
AT1G43640	2	4	1	1	3	1
AT1G43650	112	140	114	72	55	127
AT1G43670	11953	13713	13866	11488	13441	11999
AT1G43680	1	1	0	5	1	8
AT1G43690	2263	2245	2315	2070	2085	2629
AT1G43700	1453	1381	1763	2053	1657	1720
AT1G43710	4405	5266	5371	3642	4159	4149
AT1G43765	6	15	7	5	7	1
AT1G43770	176	182	145	191	129	247
AT1G43780	0	0	1	1	0	0
AT1G43790	542	595	486	319	340	346
AT1G43800	369	107	829	134	331	181
AT1G43810	0	0	0	7	4	6
AT1G43850	2151	2405	2118	1531	1541	2516
AT1G43860	798	979	892	389	519	660
AT1G43890	1633	1769	2004	2942	2105	3248
AT1G43900	1181	1368	1349	1806	1400	1781
AT1G43910	446	384	589	9354	4164	13054
AT1G43980	15	23	21	27	30	34
AT1G44000	7341	8045	7891	5397	6397	4651
AT1G44080	0	0	0	0	1	0
AT1G44090	0	0	0	0	0	1
AT1G44100	1306	1351	1428	1552	1080	1298
AT1G44110	229	355	292	85	162	121
AT1G44120	226	246	219	176	130	442
AT1G44125	218	252	219	167	131	432
AT1G44130	58	6	33	290	160	380
AT1G44160	0	0	1	4	2	7
AT1G44170	1207	1347	1239	1388	1539	1431
AT1G44180	2	1	0	1	1	0
AT1G44191	0	5	1	0	5	2
AT1G44224	36	7	33	18	52	29
AT1G44318	0	0	0	0	1	6
AT1G44350	755	736	1716	3845	1688	5125
AT1G44414	14	16	20	29	18	33
AT1G44446	9756	12185	11654	9009	9495	9139
AT1G44478	2	0	0	3	1	2
AT1G44542	0	4	0	1	1	0
AT1G44575	114553	133099	137113	97946	124593	78411
AT1G44608	1	5	2	1	5	6
AT1G44740	44	56	46	20	42	37
AT1G44750	741	689	778	1450	1098	1693
AT1G44760	692	833	673	733	888	821
AT1G44770	1088	1062	1191	1721	1301	1597
AT1G44780	207	260	166	82	113	195
AT1G44790	1168	1386	1473	1130	1230	1452
AT1G44800	1012	934	1120	1129	961	936
AT1G44810	917	972	880	895	840	1024
AT1G44820	959	1111	1154	1230	1171	1363
AT1G44830	24	57	50	37	48	22
AT1G44835	667	930	815	571	683	758
AT1G44890	64	53	80	59	71	83
AT1G44900	732	897	586	139	311	330
AT1G44910	979	1086	814	338	417	903
AT1G44920	3461	3990	3736	3390	3662	3342
AT1G44941	0	0	0	0	2	0
AT1G44960	408	398	448	791	659	966
AT1G44970	84	91	60	21	89	50
AT1G45000	3124	3434	3372	2489	2615	3273
AT1G45010	888	1127	1169	800	1129	675
AT1G45050	265	381	394	362	328	403
AT1G45063	0	5	1	0	2	2
AT1G45100	0	1	0	0	0	0
AT1G45110	78	125	97	63	81	55
AT1G45130	915	1151	876	438	774	601
AT1G45145	1203	645	1170	9541	4302	10225
AT1G45150	446	518	495	580	497	755
AT1G45160	1522	1621	1447	1030	1027	2060
AT1G45163	107	99	118	295	193	264
AT1G45165	99	91	109	274	172	245
AT1G45170	424	495	467	635	462	839
AT1G45180	283	337	283	229	189	357
AT1G45191	1013	1070	1068	662	834	1262
AT1G45201	14013	16144	18521	16478	20660	14256
AT1G45207	531	517	522	301	422	341
AT1G45229	196	214	148	104	106	171
AT1G45230	2360	2611	2668	2237	2155	2368
AT1G45231	294	279	291	222	208	359
AT1G45233	253	298	259	198	185	289
AT1G45242	0	0	2	0	0	0
AT1G45243	0	0	0	0	1	3
AT1G45244	0	0	1	0	0	0
AT1G45248	136	103	107	110	91	148
AT1G45249	997	992	1086	1229	979	1372
AT1G45332	708	654	626	440	424	726
AT1G45474	6476	7613	7724	6306	6511	5376
AT1G45545	62	61	68	35	32	45
AT1G45616	62	68	90	57	40	78
AT1G45688	4683	5205	5585	4370	3916	4848
AT1G45976	514	545	570	925	662	851
AT1G46264	265	272	262	209	237	250
AT1G46480	96	250	121	111	148	116
AT1G46554	57	55	91	198	120	200
AT1G46696	1	0	0	1	0	0
AT1G46768	112	135	132	313	159	206
AT1G46984	0	0	0	2	0	2
AT1G47056	447	512	464	504	425	584
AT1G47128	22255	20032	26122	33140	24307	32720
AT1G47200	1366	1638	1500	1186	1283	1512
AT1G47210	304	423	381	561	431	875
AT1G47220	0	0	0	2	1	0
AT1G47230	374	378	350	294	310	405
AT1G47240	580	670	586	739	617	824
AT1G47250	935	986	1131	844	853	1025
AT1G47260	4434	5105	5289	4000	4371	5197
AT1G47265	0	0	0	4	1	1
AT1G47270	381	439	425	996	649	1373
AT1G47271	10	10	13	3	8	4
AT1G47278	660	755	668	763	644	837
AT1G47280	2	10	8	3	9	13
AT1G47290	475	557	572	337	376	468
AT1G47310	448	529	497	456	426	630
AT1G47330	428	464	499	497	459	707
AT1G47340	160	169	145	81	140	142
AT1G47350	0	1	0	0	0	0
AT1G47370	226	172	201	152	164	105
AT1G47380	622	826	781	514	600	728
AT1G47395	4830	4943	6461	2506	4249	1967
AT1G47400	4097	4035	5116	2295	3881	1647
AT1G47410	183	251	151	82	135	141
AT1G47420	4514	5251	5356	6583	5493	7458
AT1G47480	61	38	50	141	89	143
AT1G47485	10	13	10	3	1	0
AT1G47490	2316	2640	2117	1457	1612	1997
AT1G47497	0	0	0	0	0	2
AT1G47500	1286	1502	1313	767	886	1041
AT1G47510	152	108	383	705	245	859
AT1G47530	4816	4536	4761	4823	4187	5042
AT1G47550	1982	1958	1999	1067	1277	2002
AT1G47560	67	82	69	66	62	132
AT1G47570	469	500	463	346	413	653
AT1G47578	33	35	34	14	16	25
AT1G47580	1129	1213	1362	729	1000	625
AT1G47603	4	5	7	9	5	1
AT1G47610	8	14	3	0	6	2
AT1G47640	951	1067	1086	1748	1345	2008
AT1G47655	136	160	103	107	118	97
AT1G47670	357	453	357	146	303	220
AT1G47710	571	587	666	758	752	886
AT1G47720	162	200	182	220	163	225
AT1G47740	1450	1666	1544	1325	1262	1726
AT1G47750	294	284	319	302	229	321
AT1G47760	18	22	17	3	12	6
AT1G47813	2	1	0	1	0	0
AT1G47820	271	282	287	257	219	321
AT1G47830	791	836	867	1068	822	1076
AT1G47840	109	82	90	59	82	127
AT1G47870	258	307	302	232	261	318
AT1G47885	0	0	0	2	1	0
AT1G47890	13	2	9	103	32	123
AT1G47900	1280	1343	1127	278	517	653
AT1G47915	0	1	0	0	1	0
AT1G47920	3	0	3	1	0	1
AT1G47940	1	0	0	0	0	0
AT1G47960	351	397	394	640	400	566
AT1G47970	1977	2559	2174	1935	1899	2218
AT1G47980	270	67	11	65	64	34
AT1G47990	3	0	7	3	1	2
AT1G48000	36	35	83	240	62	296
AT1G48020	0	1	0	13	0	29
AT1G48030	18873	22135	22806	17615	21190	17242
AT1G48040	349	335	353	339	343	465
AT1G48050	751	865	754	584	595	872
AT1G48060	12	7	7	9	6	20
AT1G48070	0	0	0	2	0	0
AT1G48080	0	0	0	0	0	2
AT1G48090	4106	2638	1882	902	1109	3008
AT1G48100	601	636	551	407	441	405
AT1G48110	1955	2085	2029	1454	1626	1899
AT1G48120	736	622	592	327	391	444
AT1G48140	258	350	417	455	373	470
AT1G48145	0	0	0	1	1	0
AT1G48150	1	1	0	3	0	0
AT1G48160	755	953	931	994	830	1141
AT1G48170	361	351	325	506	389	545
AT1G48175	188	243	205	202	224	291
AT1G48180	0	0	1	0	0	0
AT1G48195	0	2	2	2	2	0
AT1G48200	215	257	268	377	286	455
AT1G48210	516	392	483	1056	688	1430
AT1G48220	0	0	1	17	1	37
AT1G48230	1173	1467	1336	1094	1203	1245
AT1G48240	1154	1286	1369	783	872	769
AT1G48260	174	183	209	135	155	204
AT1G48267	5	3	3	11	8	24
AT1G48270	182	170	189	171	175	165
AT1G48280	244	240	231	163	182	218
AT1G48300	13483	13496	15235	9826	10330	12794
AT1G48310	211	267	217	115	137	257
AT1G48315	556	476	522	895	573	1059
AT1G48320	507	412	456	812	515	930
AT1G48325	0	0	0	2	3	0
AT1G48330	124	129	98	147	119	110
AT1G48350	13462	15852	15828	9041	13242	9555
AT1G48360	160	152	111	239	191	528
AT1G48370	101	66	149	479	205	594
AT1G48380	295	388	284	396	361	553
AT1G48390	39	42	42	40	32	42
AT1G48400	7	6	8	7	6	9
AT1G48405	2	2	5	17	3	35
AT1G48410	4999	4702	4133	7211	5456	14131
AT1G48420	2031	2173	2588	2935	2773	2898
AT1G48430	1178	1075	1009	1793	1381	2322
AT1G48440	2342	2656	3096	3922	2978	4102
AT1G48450	5578	5984	6395	3893	5133	4089
AT1G48460	585	643	579	567	528	747
AT1G48470	9	42	24	16	17	29
AT1G48480	2975	3351	3022	1564	2327	1535
AT1G48490	1296	1101	1146	904	859	1649
AT1G48500	22	40	27	24	29	24
AT1G48510	0	0	0	4	0	2
AT1G48520	2931	3077	3122	1121	1741	1951
AT1G48530	2	2	5	7	3	1
AT1G48540	976	1005	932	763	691	1039
AT1G48550	333	450	431	368	364	492
AT1G48560	89	103	113	68	85	151
AT1G48570	1020	1229	1003	511	669	791
AT1G48580	60	65	51	27	31	44
AT1G48590	0	2	3	1	2	5
AT1G48598	14786	17086	19263	10591	15180	15817
AT1G48600	14737	17036	19216	10547	15125	15781
AT1G48605	45	43	39	136	77	183
AT1G48610	1015	1159	1049	814	899	792
AT1G48620	2052	2469	1964	2155	1944	2169
AT1G48630	3429	4372	3991	1889	2835	2354
AT1G48635	636	617	621	630	517	935
AT1G48640	0	2	0	10	4	22
AT1G48650	4700	4354	4389	1505	2050	3881
AT1G48660	7	4	14	2	3	2
AT1G48670	0	2	1	0	1	0
AT1G48720	0	2	0	0	0	2
AT1G48730	3	0	0	0	0	0
AT1G48740	16	27	11	7	11	10
AT1G48745	507	479	627	741	601	496
AT1G48750	1170	1729	1856	1669	1372	1494
AT1G48760	1925	2528	2688	2193	1905	2549
AT1G48770	198	247	178	311	229	323
AT1G48780	93	149	95	78	64	117
AT1G48790	1466	1417	1558	1201	1151	1496
AT1G48820	18	14	11	13	10	26
AT1G48830	4323	5033	4813	3407	3790	3727
AT1G48840	571	475	467	328	352	542
AT1G48850	4867	5023	5239	2964	3229	3559
AT1G48860	4089	4288	4194	2763	3214	3067
AT1G48870	45	58	37	14	26	22
AT1G48880	162	187	200	147	155	151
AT1G48900	2185	2547	2405	1233	1494	2136
AT1G48920	9823	11287	10188	8225	8765	9779
AT1G48930	6	5	23	14	3	30
AT1G48940	0	1	8	3	4	4
AT1G48950	609	738	697	389	411	561
AT1G48953	0	0	0	0	0	1
AT1G48960	334	380	446	452	328	349
AT1G48970	764	964	849	683	767	802
AT1G48980	0	0	0	0	0	1
AT1G48990	0	0	0	0	1	0
AT1G49000	37	14	51	169	97	145
AT1G49005	1	2	0	3	2	1
AT1G49010	1052	1398	1182	677	800	1054
AT1G49030	0	0	0	1	0	1
AT1G49032	296	251	281	924	503	969
AT1G49040	1729	1582	1415	1021	1173	1777
AT1G49050	815	611	625	1138	870	1689
AT1G49100	0	1	0	0	0	0
AT1G49120	0	1	2	0	1	0
AT1G49130	58	111	96	99	96	128
AT1G49140	3435	3993	4761	4845	4756	4513
AT1G49150	2	1	6	8	6	9
AT1G49160	90	81	96	38	36	65
AT1G49170	153	202	200	334	202	277
AT1G49180	356	345	330	262	205	307
AT1G49190	0	1	0	0	0	0
AT1G49200	387	351	358	125	99	140
AT1G49210	4	2	1	1	1	0
AT1G49220	1	3	2	1	5	0
AT1G49230	20	37	20	25	36	34
AT1G49240	6764	7554	7846	10849	8744	16182
AT1G49245	303	342	360	353	362	340
AT1G49250	0	3	2	2	1	2
AT1G49300	1531	1588	1806	2622	1973	2690
AT1G49310	105	60	56	79	54	92
AT1G49320	96	18	100	62	86	71
AT1G49330	4	5	5	2	4	2
AT1G49340	2908	2357	1959	1397	1663	2598
AT1G49350	262	233	244	414	310	557
AT1G49360	219	262	252	387	267	496
AT1G49380	3092	3370	3472	1859	2550	1928
AT1G49390	5	13	10	8	4	12
AT1G49400	675	810	726	583	529	675
AT1G49405	88	107	150	106	105	124
AT1G49410	1780	2164	2104	1818	1753	1834
AT1G49430	1858	1771	1739	911	1547	1132
AT1G49450	44	135	89	143	134	281
AT1G49470	419	527	486	575	522	417
AT1G49475	27	20	20	17	25	25
AT1G49480	1206	1267	1241	1320	1071	1661
AT1G49490	316	330	345	230	280	216
AT1G49500	1348	1244	1908	3706	2764	2303
AT1G49510	1060	1118	1259	927	931	1044
AT1G49520	220	192	220	93	98	199
AT1G49530	60	85	65	61	72	175
AT1G49540	571	527	471	351	398	528
AT1G49560	143	195	182	202	171	267
AT1G49580	798	994	876	486	585	629
AT1G49590	489	609	578	505	467	616
AT1G49600	3185	3628	3462	2473	2534	3509
AT1G49610	2	3	5	11	7	8
AT1G49620	135	199	201	107	104	108
AT1G49630	1518	1464	1226	505	796	734
AT1G49640	1	0	0	3	3	10
AT1G49650	338	340	380	234	358	347
AT1G49660	785	944	1172	1028	1026	1040
AT1G49670	1449	1683	1829	1433	1362	2169
AT1G49700	248	229	378	467	373	484
AT1G49710	795	799	860	1418	1062	1622
AT1G49720	110	125	121	153	125	291
AT1G49730	1157	1379	1107	435	623	643
AT1G49740	1250	1570	1445	1051	1013	1324
AT1G49750	8985	10717	7675	8990	9971	9842
AT1G49760	5013	5612	5271	3396	4088	4687
AT1G49780	825	888	972	940	806	872
AT1G49790	12	17	14	18	18	26
AT1G49800	0	2	0	3	0	1
AT1G49820	630	673	704	1280	849	1443
AT1G49830	19	8	14	9	7	10
AT1G49832	19	13	14	38	18	34
AT1G49840	329	393	348	311	337	396
AT1G49850	285	362	283	419	320	447
AT1G49860	4	6	4	4	6	4
AT1G49870	137	230	144	10	45	65
AT1G49880	153	154	165	166	141	186
AT1G49890	840	793	684	487	580	606
AT1G49900	12	6	11	26	7	42
AT1G49910	61	80	75	31	76	61
AT1G49920	13	15	12	4	11	8
AT1G49930	0	0	1	0	0	0
AT1G49938	2	3	0	1	1	0
AT1G49940	28	29	18	10	12	28
AT1G49950	1289	1285	1251	1002	1030	1429
AT1G49952	9	6	5	2	1	5
AT1G49960	5	9	13	24	10	47
AT1G49970	7340	8853	8647	7093	6915	10248
AT1G49975	1405	1660	1689	985	1143	869
AT1G49980	726	875	896	589	703	721
AT1G49990	198	211	228	213	219	201
AT1G50000	312	369	347	223	248	253
AT1G50010	6955	8747	7296	7414	7683	9969
AT1G50020	4727	5321	5869	4885	4500	3918
AT1G50030	2065	1516	1139	554	763	1578
AT1G50040	113	112	145	54	50	75
AT1G50050	0	1	3	0	1	2
AT1G50055	268	272	289	230	260	209
AT1G50060	0	0	1	0	0	0
AT1G50080	0	0	0	1	1	2
AT1G50090	5	2	0	1	1	5
AT1G50110	151	266	157	80	145	105
AT1G50120	969	1075	1028	760	783	960
AT1G50140	1294	1382	1255	807	825	1180
AT1G50160	0	0	0	1	0	1
AT1G50170	942	1146	1278	1518	1298	1405
AT1G50180	391	323	304	248	213	466
AT1G50190	5	8	2	5	4	10
AT1G50200	8887	9324	7599	4208	5336	7366
AT1G50240	229	348	213	67	133	230
AT1G50250	23885	23266	24549	14665	17576	15341
AT1G50260	578	490	652	590	443	948
AT1G50270	115	181	143	112	132	188
AT1G50280	143	158	163	89	112	182
AT1G50290	259	270	299	381	315	399
AT1G50300	645	768	601	954	716	1052
AT1G50310	16	103	9	31	25	61
AT1G50320	9705	11089	11786	9430	10531	9396
AT1G50350	3	0	4	3	1	0
AT1G50360	638	759	594	374	361	738
AT1G50370	1443	1420	1426	1526	1355	1578
AT1G50380	1621	1540	1593	1393	1330	2072
AT1G50390	2	0	2	24	5	14
AT1G50400	24	17	32	60	31	70
AT1G50410	801	711	638	515	510	925
AT1G50420	600	632	767	872	552	947
AT1G50430	2236	2231	2105	3035	2551	4199
AT1G50440	528	581	558	958	630	1074
AT1G50450	3259	3881	3723	1742	2513	2223
AT1G50460	1447	1440	1497	1224	1084	1042
AT1G50470	0	0	0	1	0	0
AT1G50480	5006	6195	7055	9718	7725	16879
AT1G50490	423	529	591	198	381	303
AT1G50500	1080	1216	1112	529	628	1132
AT1G50510	493	540	468	527	494	637
AT1G50520	32	34	25	60	47	120
AT1G50530	0	0	0	2	0	1
AT1G50560	8	3	9	25	6	65
AT1G50570	809	959	963	963	781	1448
AT1G50575	521	598	604	382	552	489
AT1G50580	2	2	1	2	0	1
AT1G50590	126	156	185	87	132	70
AT1G50600	1250	1190	1248	926	816	1363
AT1G50610	1	0	0	0	0	0
AT1G50620	427	540	451	245	300	352
AT1G50630	177	179	225	179	144	224
AT1G50640	1350	1501	1626	3003	2081	3332
AT1G50650	1	0	0	0	1	3
AT1G50659	469	355	340	191	210	322
AT1G50660	2738	2813	2453	1001	1400	2336
AT1G50670	1144	1275	1340	1118	931	1257
AT1G50680	0	1	0	0	0	1
AT1G50690	0	0	0	0	0	1
AT1G50700	201	185	196	129	114	215
AT1G50710	516	543	544	414	501	647
AT1G50730	669	620	561	414	428	693
AT1G50732	1251	1675	1603	1218	1475	939
AT1G50740	455	392	514	1629	1006	1701
AT1G50750	14	23	11	12	4	28
AT1G50760	0	0	1	3	3	7
AT1G50770	3	6	4	2	0	8
AT1G50780	3	4	5	9	6	9
AT1G50790	66	81	68	40	49	66
AT1G50820	5	10	6	2	6	3
AT1G50830	11	21	12	6	4	8
AT1G50840	3014	3024	2577	945	1321	1430
AT1G50890	348	318	325	120	200	237
AT1G50900	6467	8684	8118	4968	6679	5036
AT1G50910	1855	2767	2315	1364	1834	1288
AT1G50920	4663	5517	4649	1593	2206	2986
AT1G50930	0	0	0	1	0	0
AT1G50940	475	555	609	803	694	923
AT1G50950	162	172	143	178	146	234
AT1G50970	319	323	253	186	163	339
AT1G51010	0	0	0	2	1	0
AT1G51030	1	1	2	3	1	3
AT1G51035	1	6	1	7	6	2
AT1G51040	0	0	0	0	0	1
AT1G51055	8	7	11	10	7	9
AT1G51060	4810	5696	5851	3428	4342	3375
AT1G51070	2183	2582	2526	2296	2370	3170
AT1G51080	636	749	669	263	408	306
AT1G51090	61	60	130	197	112	201
AT1G51100	1226	1560	1559	736	1008	814
AT1G51110	3965	4476	4287	2428	2790	2946
AT1G51120	0	0	0	3	1	5
AT1G51130	78	84	59	84	76	97
AT1G51140	1560	1756	1872	1598	1608	1814
AT1G51160	1040	1172	1188	1944	1425	2096
AT1G51170	281	331	344	328	346	285
AT1G51172	1	0	0	0	0	0
AT1G51200	6999	7204	8272	11988	9320	11862
AT1G51210	0	0	0	0	3	3
AT1G51220	0	0	1	0	1	0
AT1G51270	303	243	226	270	200	397
AT1G51290	0	0	0	0	0	1
AT1G51300	0	1	0	1	0	0
AT1G51310	840	882	916	641	691	759
AT1G51330	2	0	0	2	3	2
AT1G51340	612	691	629	529	397	584
AT1G51350	1225	1107	1112	1015	839	1184
AT1G51355	36	49	40	35	41	28
AT1G51360	355	374	403	348	285	345
AT1G51370	117	144	121	123	95	172
AT1G51380	55	85	59	37	40	48
AT1G51390	312	369	347	405	367	416
AT1G51400	22553	29028	26510	24709	30445	17119
AT1G51402	10356	12663	11666	13531	15556	9187
AT1G51405	72	100	89	13	43	31
AT1G51410	2	0	4	0	0	0
AT1G51420	4	6	9	5	5	11
AT1G51430	260	264	252	356	293	489
AT1G51440	814	862	936	665	726	1044
AT1G51450	471	356	389	420	341	440
AT1G51460	169	193	202	89	161	142
AT1G51490	0	0	0	1	0	0
AT1G51500	6953	6753	8014	6954	7106	5833
AT1G51510	1553	1748	1785	1961	1919	2505
AT1G51520	79	89	84	46	59	68
AT1G51530	1	6	1	1	3	1
AT1G51538	14	8	11	8	8	9
AT1G51540	582	708	720	418	456	551
AT1G51550	281	363	286	434	340	501
AT1G51560	549	651	555	678	498	762
AT1G51570	4887	5278	5141	3717	3939	4513
AT1G51580	779	942	897	601	644	689
AT1G51590	1063	1139	1232	1105	1038	1459
AT1G51600	447	480	554	493	465	599
AT1G51610	396	383	353	514	467	851
AT1G51620	48	13	37	59	20	75
AT1G51630	1467	1743	1836	1016	1304	1675
AT1G51640	118	106	113	193	153	320
AT1G51645	120	104	116	178	140	310
AT1G51650	5336	6568	6421	7532	6438	7797
AT1G51660	941	731	903	1905	1194	1613
AT1G51670	53	51	50	121	93	184
AT1G51680	6123	6973	6619	3259	3806	4584
AT1G51690	2372	2547	2463	1689	1648	2451
AT1G51700	1462	1550	1802	2642	1861	2314
AT1G51710	2135	2371	2592	1777	1990	2740
AT1G51720	1077	1078	1058	714	764	1072
AT1G51730	1409	1645	1666	1445	1243	1934
AT1G51740	314	333	380	368	325	483
AT1G51745	659	667	593	386	460	605
AT1G51760	1828	1182	3188	8130	3341	10979
AT1G51770	2	3	2	42	10	62
AT1G51780	7	0	46	189	52	205
AT1G51790	185	55	92	212	147	400
AT1G51800	84	36	188	216	100	455
AT1G51805	4462	4319	3750	2277	2728	3427
AT1G51820	57	43	86	64	34	100
AT1G51830	1	1	1	0	1	2
AT1G51850	18	17	19	40	29	118
AT1G51860	231	51	100	326	131	574
AT1G51870	0	0	0	0	0	1
AT1G51890	198	37	151	438	201	707
AT1G51913	0	0	2	5	3	2
AT1G51915	0	0	0	2	3	2
AT1G51920	13	2	19	134	40	57
AT1G51930	0	0	0	1	0	0
AT1G51940	237	281	265	221	184	477
AT1G51950	1398	1413	1603	1300	985	1519
AT1G51960	8	4	12	11	8	26
AT1G51965	319	353	283	242	270	346
AT1G51980	7276	8309	8693	7780	7369	9212
AT1G51990	0	0	0	0	0	1
AT1G52000	2799	3532	8267	5698	3544	7219
AT1G52030	905	1802	1795	454	1642	1074
AT1G52040	882	1442	4648	1751	1260	1660
AT1G52080	174	169	226	156	148	278
AT1G52100	38	16	171	15	26	61
AT1G52110	0	0	24	4	0	0
AT1G52120	1	0	5	0	1	0
AT1G52130	0	0	0	0	0	1
AT1G52140	151	194	163	230	130	227
AT1G52150	1597	1605	1160	1321	1236	2183
AT1G52155	130	152	143	146	96	150
AT1G52160	455	443	442	332	338	464
AT1G52190	2321	1873	2288	965	1376	977
AT1G52191	1	0	0	1	0	1
AT1G52200	90	36	199	532	247	492
AT1G52220	6568	7690	7571	6532	7703	5160
AT1G52230	45115	60845	55312	42176	51582	32255
AT1G52240	156	216	201	81	93	134
AT1G52260	242	278	288	220	203	337
AT1G52270	30	62	25	28	31	11
AT1G52280	942	949	957	819	804	923
AT1G52290	1010	938	793	732	727	1070
AT1G52300	10584	12564	12031	7344	8980	7625
AT1G52310	1031	1011	958	839	943	1375
AT1G52315	50	51	33	97	72	100
AT1G52320	928	799	896	928	747	1274
AT1G52325	1	1	1	4	1	1
AT1G52330	4	5	9	9	4	9
AT1G52340	1127	1302	1196	1267	1320	1202
AT1G52342	3808	4152	4222	3266	2968	2257
AT1G52343	0	3	2	1	0	0
AT1G52347	219	222	259	513	332	460
AT1G52360	3593	3968	3200	1430	1825	3611
AT1G52370	423	443	548	433	378	466
AT1G52380	1128	1251	1240	712	793	1431
AT1G52390	2	2	3	1	5	4
AT1G52400	12848	20109	42833	12848	14309	17332
AT1G52410	2112	2681	5346	1683	1369	3434
AT1G52415	0	0	0	0	0	5
AT1G52420	1483	1540	1635	989	1081	2202
AT1G52430	9	13	7	14	11	29
AT1G52450	28	22	24	11	9	44
AT1G52500	1058	1510	1234	895	1008	1066
AT1G52510	5698	6880	6655	5143	6046	4974
AT1G52520	297	284	288	125	169	222
AT1G52530	25	32	19	31	38	30
AT1G52540	482	391	440	505	302	581
AT1G52550	334	371	405	472	303	390
AT1G52560	10	7	26	10	13	16
AT1G52565	148	148	170	257	122	393
AT1G52570	105	118	64	62	52	172
AT1G52580	21	9	8	10	8	19
AT1G52590	2033	1942	2447	2131	2008	1906
AT1G52600	1044	1059	1150	2046	1373	2227
AT1G52615	7	8	7	0	5	2
AT1G52618	138	159	172	210	184	143
AT1G52620	160	151	141	122	103	183
AT1G52630	299	389	317	362	323	511
AT1G52640	18	20	11	11	15	9
AT1G52650	7	2	3	7	3	1
AT1G52660	0	0	0	0	1	1
AT1G52670	1726	2125	1971	1062	1340	1384
AT1G52680	0	16	20	0	1	1
AT1G52690	7	20	900	299	94	517
AT1G52700	48	69	36	45	56	58
AT1G52710	256	243	307	383	272	470
AT1G52720	481	502	631	1324	834	1496
AT1G52730	1291	1422	1515	1037	1068	1151
AT1G52740	3742	3834	3743	6390	4890	7005
AT1G52750	173	270	153	28	68	80
AT1G52760	1973	2058	2183	1391	1371	1947
AT1G52770	225	165	154	178	189	396
AT1G52780	1330	1000	1084	1431	1259	2193
AT1G52790	10	12	9	15	10	24
AT1G52800	14	33	34	77	65	99
AT1G52810	11	0	3	37	17	34
AT1G52820	55	38	53	59	64	109
AT1G52825	146	187	203	174	169	198
AT1G52827	502	507	654	610	556	553
AT1G52830	84	75	64	72	51	98
AT1G52855	185	216	222	743	384	592
AT1G52857	1	1	0	7	5	11
AT1G52860	0	0	0	0	0	1
AT1G52870	11401	11364	12031	10035	10374	9221
AT1G52880	423	503	577	1233	751	890
AT1G52890	143	52	550	2471	512	3801
AT1G52900	1	0	7	8	1	10
AT1G52905	359	421	468	318	302	271
AT1G52910	242	267	262	161	274	272
AT1G52920	21	31	23	17	22	15
AT1G52930	1013	1205	966	561	626	662
AT1G52940	0	2	0	1	1	0
AT1G52950	0	0	0	1	0	1
AT1G52980	2847	3361	2951	1225	1761	2532
AT1G52990	84	95	132	111	103	98
AT1G53000	787	951	950	788	773	1168
AT1G53010	1	1	0	0	0	0
AT1G53023	0	1	1	3	0	2
AT1G53025	147	174	169	162	165	244
AT1G53030	235	239	262	425	272	384
AT1G53035	16	26	41	54	43	48
AT1G53040	506	666	502	330	406	519
AT1G53050	1142	1302	1212	692	897	911
AT1G53060	31	43	35	45	64	44
AT1G53070	296	532	293	142	311	193
AT1G53080	4	8	4	5	8	23
AT1G53090	1942	1762	1976	1256	1212	1590
AT1G53100	3	4	4	48	9	67
AT1G53110	114	142	138	231	161	413
AT1G53120	667	813	733	596	637	641
AT1G53130	0	1	0	0	2	0
AT1G53140	169	237	154	36	121	147
AT1G53160	412	488	353	538	338	452
AT1G53163	22	30	13	7	14	9
AT1G53165	631	582	591	379	416	761
AT1G53170	393	465	491	794	741	624
AT1G53180	58	63	50	8	32	21
AT1G53190	759	913	935	979	826	995
AT1G53200	264	280	201	117	174	248
AT1G53210	7534	7478	8814	7374	6927	7598
AT1G53220	0	1	0	0	0	0
AT1G53230	1355	1436	1377	1671	1497	2155
AT1G53233	1181	1206	1189	1503	1328	1933
AT1G53240	14072	18678	18906	14384	15806	14686
AT1G53250	332	439	290	127	124	294
AT1G53260	10	16	6	14	15	20
AT1G53270	9	19	12	16	11	32
AT1G53280	2660	2848	3053	2119	2656	3153
AT1G53290	532	681	655	394	452	557
AT1G53300	1417	1556	1567	1066	1193	1316
AT1G53310	3406	3501	3975	4021	3760	7529
AT1G53320	622	643	866	1609	1188	2320
AT1G53330	26	14	16	30	24	73
AT1G53340	3	0	3	7	2	7
AT1G53345	49	67	49	24	40	37
AT1G53350	401	336	325	269	290	440
AT1G53360	2	0	0	1	0	1
AT1G53370	1	0	0	0	0	0
AT1G53380	841	939	865	613	697	690
AT1G53390	908	857	804	478	585	906
AT1G53400	544	680	649	1129	787	1374
AT1G53420	2	1	1	1	1	2
AT1G53430	1265	1333	1149	428	489	763
AT1G53440	656	677	604	315	373	676
AT1G53450	531	597	593	478	462	656
AT1G53460	490	516	532	379	362	564
AT1G53470	30	32	294	176	30	227
AT1G53480	5	15	14	63	54	28
AT1G53490	31	39	33	81	70	66
AT1G53500	3229	3553	3535	1849	2397	2809
AT1G53510	2078	2353	1861	1164	1198	1978
AT1G53520	1018	1205	1180	378	918	299
AT1G53530	308	316	342	443	394	420
AT1G53540	52	20	66	216	106	255
AT1G53541	50	50	30	14	24	12
AT1G53542	228	309	304	77	130	65
AT1G53543	5	1	0	1	3	1
AT1G53550	0	0	0	4	1	10
AT1G53560	977	994	1250	1603	1002	1440
AT1G53570	1292	1448	1639	1561	1149	1986
AT1G53580	1305	1306	1864	2891	1705	3021
AT1G53590	798	846	846	272	346	695
AT1G53600	29	27	28	20	13	45
AT1G53610	2	0	0	1	0	1
AT1G53620	27	0	25	64	34	54
AT1G53625	158	4	273	620	201	438
AT1G53633	5	14	18	9	16	9
AT1G53635	1	0	0	0	0	0
AT1G53640	2	0	3	1	0	0
AT1G53645	999	1151	1014	632	738	946
AT1G53650	310	333	393	385	314	458
AT1G53660	1	0	6	5	7	8
AT1G53670	7223	7384	8480	7028	7212	6184
AT1G53680	58	50	38	82	37	88
AT1G53683	1	1	3	2	0	3
AT1G53687	4	4	2	1	1	2
AT1G53690	43	66	77	27	45	29
AT1G53700	32	39	39	27	36	24
AT1G53705	0	0	0	1	0	0
AT1G53708	0	0	0	0	0	1
AT1G53710	378	337	314	594	431	871
AT1G53720	470	550	506	537	430	600
AT1G53730	1865	2035	1910	960	983	1411
AT1G53750	6209	7130	7688	6439	5993	8637
AT1G53760	316	381	407	360	284	418
AT1G53770	304	334	334	475	354	627
AT1G53780	1359	1346	1127	928	798	1798
AT1G53785	520	385	355	599	403	836
AT1G53790	64	62	87	156	113	201
AT1G53800	1688	1958	1691	403	630	858
AT1G53801	500	575	520	133	192	271
AT1G53830	8	20	72	69	52	55
AT1G53840	3223	4209	3673	2686	3310	3584
AT1G53850	1546	1628	1682	1883	1552	2293
AT1G53860	20	31	29	15	18	39
AT1G53870	252	240	224	364	344	351
AT1G53880	1163	1119	916	1032	989	714
AT1G53885	29	26	59	315	180	257
AT1G53887	15	45	44	50	36	54
AT1G53890	139	165	231	288	171	161
AT1G53900	363	513	738	327	388	863
AT1G53903	29	12	56	142	79	440
AT1G53910	1399	1564	1558	2754	1885	3459
AT1G53920	146	111	89	198	172	226
AT1G53950	0	0	2	4	3	4
AT1G53970	1	0	0	2	1	1
AT1G53980	3	1	2	7	4	2
AT1G53990	3	1	1	11	4	5
AT1G54000	167	231	204	139	219	217
AT1G54010	400	415	1820	746	876	1810
AT1G54020	163	308	384	259	281	405
AT1G54030	1022	1050	1549	1561	1139	2229
AT1G54040	1930	2695	2626	3889	5190	3434
AT1G54050	632	724	736	547	603	673
AT1G54060	1238	1314	1257	1267	1085	1211
AT1G54070	1	2	1	2	0	9
AT1G54080	3288	3617	4118	3836	3874	4167
AT1G54090	872	844	954	808	644	1438
AT1G54095	3	2	0	10	3	12
AT1G54100	2268	1857	4382	5607	2884	8953
AT1G54110	402	501	453	308	297	324
AT1G54115	777	808	836	1429	1057	1726
AT1G54120	75	70	78	118	101	85
AT1G54130	1803	1663	2199	1979	1932	3096
AT1G54140	343	509	375	295	345	438
AT1G54150	310	332	383	558	458	736
AT1G54160	71	57	59	99	78	177
AT1G54170	830	857	865	805	818	1255
AT1G54180	141	168	127	88	121	77
AT1G54200	317	356	283	127	225	227
AT1G54210	307	378	352	475	413	418
AT1G54215	13	9	5	9	9	8
AT1G54217	21	29	25	29	30	35
AT1G54220	997	1115	1162	606	809	888
AT1G54230	0	1	0	0	0	0
AT1G54240	0	2	1	0	1	2
AT1G54250	318	341	359	441	361	555
AT1G54260	368	369	431	531	356	836
AT1G54270	6503	7756	7860	4208	4876	5413
AT1G54280	2	1	6	18	9	47
AT1G54290	637	616	811	991	712	822
AT1G54300	0	0	0	0	1	0
AT1G54310	474	622	563	509	559	766
AT1G54320	1925	2046	2167	2554	2146	2837
AT1G54330	21	19	11	14	12	14
AT1G54340	1024	1152	1203	1209	1189	2006
AT1G54350	4291	4614	4646	3231	3535	3109
AT1G54355	1665	1928	1829	1281	1478	1275
AT1G54360	1119	1140	1149	1300	1167	1804
AT1G54370	1294	1185	1063	1772	1255	2061
AT1G54380	638	668	594	269	393	493
AT1G54385	266	308	298	93	143	132
AT1G54390	477	574	578	441	410	610
AT1G54400	8	14	13	3	8	1
AT1G54410	25878	35334	32495	29600	24499	31492
AT1G54440	768	700	609	327	360	694
AT1G54450	158	189	150	85	94	119
AT1G54460	935	961	763	357	481	786
AT1G54470	8	4	12	5	1	2
AT1G54490	1902	1844	1860	1315	1442	2339
AT1G54500	5484	6056	6451	4119	4842	3744
AT1G54510	177	204	167	131	149	229
AT1G54520	4278	4682	4967	4579	4436	4563
AT1G54530	13	30	19	15	18	24
AT1G54540	4	18	1	29	11	15
AT1G54560	1	14	4	2	1	25
AT1G54570	790	634	722	749	538	1025
AT1G54575	418	243	415	1431	559	1535
AT1G54580	2712	3964	4083	3564	3645	3845
AT1G54590	0	1	0	4	5	6
AT1G54610	2263	2397	2368	1072	1471	1633
AT1G54620	0	0	0	1	0	1
AT1G54630	3271	3978	4262	5047	4026	5013
AT1G54640	0	0	0	0	1	0
AT1G54650	214	264	224	310	244	287
AT1G54670	0	2	1	2	0	0
AT1G54680	128	160	130	140	128	148
AT1G54690	1289	1699	1412	726	1117	764
AT1G54700	168	238	189	128	147	223
AT1G54710	1030	1082	1135	1054	988	1361
AT1G54720	0	0	1	0	0	0
AT1G54730	781	820	769	541	469	544
AT1G54740	463	510	552	368	323	495
AT1G54760	0	1	0	0	0	1
AT1G54770	323	425	410	354	324	359
AT1G54780	16893	21873	19678	13288	16267	11555
AT1G54790	148	163	97	87	99	108
AT1G54820	903	1197	890	529	828	672
AT1G54830	549	650	695	940	820	1236
AT1G54840	49	50	33	20	39	38
AT1G54850	278	290	261	310	262	326
AT1G54860	5	24	1	0	8	0
AT1G54870	2	2	0	0	1	0
AT1G54890	7	3	3	26	3	39
AT1G54920	1412	1429	1420	1017	1032	1818
AT1G54930	17	19	16	6	10	13
AT1G54940	1	8	0	0	4	3
AT1G54960	114	180	108	40	63	59
AT1G54970	0	2	0	1	0	0
AT1G54980	3	4	1	2	0	0
AT1G54990	991	1255	1068	1405	1166	1458
AT1G55000	1070	1049	1308	1626	1271	1835
AT1G55010	19	2	26	6	6	11
AT1G55020	1076	1073	1391	484	804	1240
AT1G55030	0	1	0	1	0	4
AT1G55040	199	215	184	136	135	190
AT1G55050	44	57	33	22	21	37
AT1G55070	0	0	1	0	1	0
AT1G55080	260	285	321	316	262	404
AT1G55090	2010	1976	2024	1637	1669	3059
AT1G55110	640	683	606	669	549	885
AT1G55120	307	321	322	184	258	249
AT1G55130	592	602	579	426	444	744
AT1G55140	665	924	847	547	694	531
AT1G55150	739	842	808	538	585	743
AT1G55152	154	166	239	285	216	289
AT1G55160	738	833	851	829	754	765
AT1G55170	261	302	260	384	314	450
AT1G55175	13	7	7	7	3	20
AT1G55180	222	262	192	160	140	291
AT1G55190	327	352	381	392	402	404
AT1G55200	101	139	109	33	37	45
AT1G55205	101	124	86	56	81	69
AT1G55207	3	1	1	0	4	5
AT1G55210	1884	2283	2403	3765	3082	4599
AT1G55220	0	0	0	0	1	1
AT1G55230	2	2	4	50	39	36
AT1G55240	2	0	0	6	1	3
AT1G55250	812	839	684	263	341	649
AT1G55260	2048	2861	2812	1799	2691	1897
AT1G55265	446	403	577	825	637	1003
AT1G55270	682	702	649	658	590	861
AT1G55280	231	244	289	419	294	353
AT1G55290	5	3	3	12	3	10
AT1G55300	357	428	436	442	350	384
AT1G55310	1754	1782	1683	1869	1472	2357
AT1G55320	438	440	422	293	300	503
AT1G55325	1635	1384	1119	765	915	1618
AT1G55330	10524	12123	10164	3498	4211	3697
AT1G55340	891	1103	961	671	720	758
AT1G55350	3911	3015	2222	917	1255	2289
AT1G55360	6089	6095	6317	3104	4674	3583
AT1G55365	11	5	15	19	17	10
AT1G55370	1583	1932	1778	818	1086	742
AT1G55380	22	47	24	13	20	13
AT1G55390	1	1	1	4	1	7
AT1G55420	13	8	10	12	15	22
AT1G55430	1	0	2	0	0	1
AT1G55440	20	7	11	12	9	16
AT1G55450	1066	754	908	1918	1385	1860
AT1G55460	1038	1177	1173	759	766	1057
AT1G55475	207	157	171	279	214	290
AT1G55480	13474	15567	15682	7751	11712	8179
AT1G55490	24505	27441	23912	3773	10418	10495
AT1G55500	794	886	870	978	753	1299
AT1G55510	244	228	240	278	248	365
AT1G55520	778	909	860	759	715	818
AT1G55525	0	0	0	9	0	9
AT1G55530	1413	1396	1710	1335	1064	1613
AT1G55535	299	356	362	443	327	449
AT1G55540	692	778	550	352	417	830
AT1G55546	0	0	0	0	1	0
AT1G55550	121	136	113	75	91	131
AT1G55560	22	6	9	5	7	2
AT1G55570	0	18	0	0	0	0
AT1G55580	8	5	7	6	7	4
AT1G55590	411	506	434	821	588	1068
AT1G55610	132	117	116	147	117	219
AT1G55620	569	556	622	750	573	845
AT1G55625	0	2	0	0	0	0
AT1G55630	234	243	227	274	242	284
AT1G55650	0	1	0	2	0	2
AT1G55660	0	1	0	0	1	8
AT1G55670	61716	80551	74611	51007	70707	41066
AT1G55675	838	843	895	1014	785	1002
AT1G55680	3347	3344	3779	4044	3577	4444
AT1G55690	800	916	766	228	379	478
AT1G55700	0	0	1	0	0	0
AT1G55720	0	0	0	6	6	16
AT1G55730	461	419	489	1021	652	1229
AT1G55740	61	50	41	49	57	71
AT1G55750	433	475	429	219	282	355
AT1G55760	91	108	92	146	105	189
AT1G55770	4	4	0	6	2	6
AT1G55790	13	0	12	76	36	57
AT1G55800	11	14	8	11	5	24
AT1G55805	859	1058	1046	825	843	811
AT1G55810	827	814	819	382	504	346
AT1G55820	274	324	265	130	184	168
AT1G55830	363	413	394	396	328	596
AT1G55840	1749	2102	1842	1845	1710	1964
AT1G55850	1604	2143	2238	2758	1666	2858
AT1G55860	4935	3518	2447	1304	1554	4408
AT1G55870	455	516	481	283	354	372
AT1G55880	429	396	420	523	485	714
AT1G55890	701	987	833	455	602	683
AT1G55900	621	763	661	408	445	612
AT1G55910	2088	1640	2088	4152	2356	3582
AT1G55915	182	190	174	247	173	381
AT1G55920	1968	2168	2388	2459	2446	2208
AT1G55930	679	749	731	288	367	434
AT1G55940	15	24	25	18	15	20
AT1G55950	16	19	12	10	9	17
AT1G55960	30980	28833	29102	11023	12438	9144
AT1G55970	595	571	398	192	221	411
AT1G55980	396	391	463	518	458	694
AT1G55990	11	7	10	48	27	28
AT1G56000	887	1044	1062	570	789	772
AT1G56010	303	308	476	666	396	609
AT1G56020	111	88	149	129	147	146
AT1G56030	0	0	0	0	0	1
AT1G56040	0	0	0	0	3	0
AT1G56045	9163	11035	9986	7551	7607	6904
AT1G56050	2446	2861	2666	1455	1826	1672
AT1G56060	164	9	154	270	37	222
AT1G56070	50551	51800	53103	31579	38799	46394
AT1G56080	18	20	37	70	56	68
AT1G56085	1	0	0	0	0	0
AT1G56090	196	242	252	381	301	500
AT1G56100	0	0	0	2	0	3
AT1G56110	4637	6146	4843	2127	3003	3078
AT1G56120	964	425	286	737	696	1596
AT1G56130	40	27	25	62	34	94
AT1G56140	387	304	458	361	258	471
AT1G56145	240	142	242	231	148	399
AT1G56150	607	416	760	1089	683	835
AT1G56160	12	2	6	12	5	17
AT1G56165	78	80	69	156	74	171
AT1G56170	1009	1095	1319	856	932	1120
AT1G56180	1082	1049	1110	1263	1100	1395
AT1G56190	14017	17300	17454	15750	18409	16644
AT1G56200	3857	4273	4702	5218	4121	5118
AT1G56210	314	409	250	113	215	137
AT1G56220	2703	3014	3104	4348	3274	3158
AT1G56230	510	518	465	293	385	484
AT1G56240	1	7	11	7	13	18
AT1G56242	1	2	6	3	9	10
AT1G56250	2	4	0	7	2	11
AT1G56260	142	138	135	137	94	145
AT1G56270	1	0	1	1	2	2
AT1G56280	13454	11184	12663	19244	14345	21284
AT1G56290	619	594	567	278	311	528
AT1G56300	17	11	51	220	103	325
AT1G56310	249	264	254	249	216	296
AT1G56320	16	23	16	40	26	55
AT1G56330	3792	4340	4461	4072	3954	4018
AT1G56340	7860	8278	7512	7514	8278	14668
AT1G56345	185	249	189	190	193	201
AT1G56350	189	214	193	166	148	262
AT1G56360	2	5	4	7	9	4
AT1G56410	1	0	0	0	0	0
AT1G56418	0	0	0	0	0	2
AT1G56420	223	236	243	211	188	255
AT1G56423	685	774	709	697	649	963
AT1G56430	2507	2491	3384	985	1579	965
AT1G56440	520	425	526	666	456	891
AT1G56450	2341	2455	2643	3851	3028	3998
AT1G56460	970	944	1054	780	731	1285
AT1G56500	8083	8697	8818	5041	6538	5431
AT1G56510	2051	1716	1608	982	999	2062
AT1G56520	586	498	513	389	325	683
AT1G56530	0	0	0	2	1	3
AT1G56540	118	88	79	69	62	110
AT1G56550	34	10	18	147	76	195
AT1G56555	14	11	11	1	8	4
AT1G56560	984	881	977	665	738	938
AT1G56570	69	59	67	68	65	137
AT1G56580	7276	10048	8232	5945	8538	7023
AT1G56590	632	690	694	700	661	933
AT1G56600	569	291	493	2154	1312	2012
AT1G56610	378	381	415	437	367	492
AT1G56612	151	165	140	258	188	371
AT1G56650	398	369	723	1806	1276	2236
AT1G56660	1542	1735	1346	370	293	1178
AT1G56670	206	244	252	142	183	149
AT1G56680	9	4	0	0	7	1
AT1G56690	54	40	53	24	26	38
AT1G56700	1328	1508	1605	1630	1316	1836
AT1G56710	81	105	85	57	63	90
AT1G56720	623	690	584	182	316	228
AT1G57300	0	1	0	0	0	0
AT1G57540	236	230	247	350	305	376
AT1G57550	0	1	0	0	0	0
AT1G57560	71	60	60	78	87	123
AT1G57570	0	0	1	4	0	0
AT1G57590	100	141	171	599	298	575
AT1G57600	399	393	408	434	376	546
AT1G57610	714	823	895	910	781	919
AT1G57620	370	497	454	649	456	750
AT1G57630	173	17	195	1044	393	852
AT1G57650	18	2	10	101	45	125
AT1G57660	6672	8240	7777	4819	5855	5183
AT1G57670	2	5	5	0	2	1
AT1G57680	2710	2940	3153	2935	2075	2943
AT1G57700	236	239	241	144	173	226
AT1G57710	0	0	0	2	0	0
AT1G57720	8582	10148	9165	8785	8421	10924
AT1G57730	2	0	1	1	2	2
AT1G57750	618	2774	191	563	1197	129
AT1G57765	444	539	530	685	554	793
AT1G57770	4207	4383	4550	4067	4425	3986
AT1G57780	2	1	0	0	2	0
AT1G57790	144	165	181	291	171	317
AT1G57820	770	1135	909	375	629	769
AT1G57850	3	4	4	13	15	22
AT1G57860	4793	6006	5754	3437	3996	3659
AT1G57870	857	913	938	978	889	1071
AT1G57906	7	8	7	6	4	5
AT1G57943	3	2	2	12	0	22
AT1G57980	197	181	159	165	104	118
AT1G57990	553	348	626	924	379	916
AT1G58007	10	15	8	8	6	4
AT1G58025	771	934	770	223	317	415
AT1G58030	2674	2432	2784	3428	2669	3246
AT1G58037	3	3	0	0	2	0
AT1G58050	0	0	1	1	0	0
AT1G58060	828	755	685	391	419	994
AT1G58070	214	313	203	83	111	128
AT1G58080	5792	7185	6760	5061	5804	4879
AT1G58090	0	0	0	0	1	0
AT1G58100	947	910	943	1463	1029	1487
AT1G58110	789	924	904	832	829	1234
AT1G58120	3	0	4	0	0	1
AT1G58122	3	0	4	0	0	1
AT1G58150	76	103	102	185	138	203
AT1G58160	43	59	37	102	79	108
AT1G58170	197	251	234	72	115	123
AT1G58180	783	883	1024	1260	741	1443
AT1G58190	49	23	65	112	32	96
AT1G58200	1033	984	1299	1642	1455	2245
AT1G58210	288	303	281	282	275	369
AT1G58220	558	635	519	438	469	821
AT1G58225	125	62	157	475	319	474
AT1G58230	1601	1231	1009	596	616	1540
AT1G58235	370	358	399	594	458	520
AT1G58250	2390	1882	1592	555	743	1650
AT1G58265	0	0	0	1	0	0
AT1G58270	750	802	1006	1403	945	2443
AT1G58280	640	821	829	866	685	713
AT1G58290	8133	8222	7796	11839	9130	19555
AT1G58300	4	6	4	321	211	363
AT1G58310	1	3	0	1	2	1
AT1G58320	0	0	0	0	1	0
AT1G58340	100	37	159	349	62	764
AT1G58350	680	628	603	324	312	451
AT1G58360	4791	5026	6257	7487	4892	7684
AT1G58370	364	424	247	55	74	72
AT1G58380	2041	2373	2181	1530	1778	1725
AT1G58390	52	41	23	21	34	34
AT1G58400	18	14	23	8	10	22
AT1G58410	8	8	9	7	7	14
AT1G58420	39	33	54	100	48	52
AT1G58430	208	173	173	42	251	33
AT1G58440	1801	1960	2017	1448	1349	1357
AT1G58460	43	62	46	20	29	16
AT1G58470	197	151	179	200	140	226
AT1G58520	7169	7243	7122	3145	3936	3142
AT1G58590	451	495	586	590	525	558
AT1G58602	9159	8124	6815	5841	4974	12565
AT1G58643	1	1	2	3	1	15
AT1G58684	6918	8642	7941	4879	5335	6526
AT1G58725	17	14	5	1	18	6
AT1G58807	4532	4063	3025	1539	1698	3306
AT1G58808	0	1	0	2	0	5
AT1G58848	3464	2851	2604	1450	1605	2833
AT1G58936	0	1	1	4	1	13
AT1G58983	7323	8741	8304	4919	5658	6020
AT1G59030	14	7	3	9	16	0
AT1G59124	4810	4463	3768	1771	1744	4112
AT1G59171	1	0	1	2	0	8
AT1G59218	2925	2706	2223	937	917	2335
AT1G59312	1	3	0	3	3	8
AT1G59359	7199	8402	7845	4074	5563	5466
AT1G59406	9	38	24	3	8	5
AT1G59510	113	112	104	107	96	151
AT1G59520	462	463	487	493	404	625
AT1G59530	0	0	1	0	0	1
AT1G59540	180	189	162	28	75	56
AT1G59560	164	165	153	131	162	159
AT1G59580	681	616	741	1502	961	1317
AT1G59590	157	85	138	613	291	553
AT1G59600	470	559	485	492	447	515
AT1G59610	3621	3409	3251	2981	2925	4967
AT1G59620	712	536	517	928	588	1683
AT1G59630	0	0	0	1	0	3
AT1G59640	160	178	163	157	145	215
AT1G59650	323	345	303	427	310	617
AT1G59660	274	388	243	201	214	349
AT1G59670	0	2	0	4	4	12
AT1G59680	0	1	0	0	0	0
AT1G59690	1	0	0	0	1	0
AT1G59700	1260	1240	1628	2779	1721	2705
AT1G59710	664	767	744	1023	684	1317
AT1G59720	332	309	256	173	195	283
AT1G59725	3	0	0	0	0	0
AT1G59730	2	2	2	4	3	4
AT1G59740	311	298	390	200	189	318
AT1G59750	2036	1945	1781	1529	1625	2105
AT1G59760	1285	1189	1322	1017	892	1841
AT1G59780	2	6	2	1	1	2
AT1G59790	1	1	1	2	1	0
AT1G59810	2	1	1	2	1	2
AT1G59820	1336	1033	982	830	738	1700
AT1G59830	1166	1128	1147	1499	1274	1434
AT1G59833	0	0	0	0	0	1
AT1G59840	1110	1357	1331	919	1083	923
AT1G59850	120	175	138	154	121	231
AT1G59860	140	125	168	126	82	144
AT1G59865	21	13	10	4	8	20
AT1G59870	8737	5689	7367	9812	8195	17952
AT1G59880	0	0	0	1	0	0
AT1G59885	0	0	0	1	0	0
AT1G59890	1384	1297	1092	607	584	1176
AT1G59900	3835	4429	4829	4413	4226	5680
AT1G59910	847	742	760	695	610	1094
AT1G59920	20	27	37	47	31	26
AT1G59930	35	55	68	96	39	40
AT1G59940	0	1	1	0	1	1
AT1G59950	9	4	8	22	9	16
AT1G59960	587	575	902	747	596	834
AT1G59970	414	431	505	437	542	409
AT1G59980	241	264	261	170	188	258
AT1G59990	1138	1215	1084	492	761	790
AT1G60000	3120	4154	4048	2857	3449	2858
AT1G60010	1781	2182	2096	1641	1594	1366
AT1G60030	56	61	74	41	28	54
AT1G60050	0	1	0	0	0	0
AT1G60060	235	442	299	205	263	225
AT1G60070	2585	2977	2714	1379	1698	2467
AT1G60080	234	277	280	131	164	177
AT1G60095	6	1	2	1	3	3
AT1G60110	19	33	30	8	22	3
AT1G60130	2	0	3	9	2	4
AT1G60140	416	331	645	853	463	1123
AT1G60160	943	837	1009	757	848	936
AT1G60170	1702	1923	2038	2300	2098	3177
AT1G60190	397	246	606	1147	705	1370
AT1G60200	2693	2828	2058	793	1017	2067
AT1G60220	822	788	846	870	773	1174
AT1G60230	1026	1189	1059	614	887	698
AT1G60240	1	1	1	0	0	2
AT1G60250	0	2	0	0	0	1
AT1G60260	2105	2310	2177	2422	2161	3468
AT1G60270	1062	1014	1028	640	778	1209
AT1G60280	0	0	0	2	0	7
AT1G60300	0	0	2	0	0	1
AT1G60340	1	0	0	0	0	1
AT1G60350	1	3	0	0	0	1
AT1G60360	23	32	33	11	10	7
AT1G60370	0	0	0	0	2	0
AT1G60380	0	1	0	1	1	0
AT1G60390	265	405	232	159	267	148
AT1G60400	0	0	0	0	1	0
AT1G60410	0	2	1	1	1	5
AT1G60420	1282	1308	1403	1501	1450	2296
AT1G60430	356	438	425	612	456	736
AT1G60440	733	748	796	804	623	890
AT1G60460	27	46	49	26	19	31
AT1G60470	1	1	3	7	19	10
AT1G60490	1015	1009	989	1087	1007	1631
AT1G60500	0	0	1	0	0	1
AT1G60505	304	383	234	306	277	511
AT1G60525	255	286	267	235	233	315
AT1G60530	137	171	141	112	119	147
AT1G60545	185	186	197	271	216	453
AT1G60550	4643	5908	5844	3603	4323	3696
AT1G60560	280	363	314	139	203	308
AT1G60570	0	0	0	1	0	1
AT1G60590	4447	4546	3756	642	1608	879
AT1G60600	1654	1912	1804	935	1173	1266
AT1G60610	189	215	206	198	177	274
AT1G60620	308	303	337	228	278	278
AT1G60625	0	0	0	0	1	0
AT1G60630	143	146	130	101	149	161
AT1G60640	825	1070	725	172	247	466
AT1G60650	813	891	877	709	633	849
AT1G60660	528	643	606	416	456	495
AT1G60670	455	483	489	309	352	414
AT1G60680	6	6	21	33	10	30
AT1G60690	731	865	837	390	537	415
AT1G60700	118	152	105	57	93	133
AT1G60710	4085	5167	5126	3504	3685	4930
AT1G60720	3	3	4	8	2	10
AT1G60730	339	368	950	1710	651	1858
AT1G60740	0	2	8	7	3	8
AT1G60750	1	0	0	0	0	1
AT1G60760	0	1	1	2	2	5
AT1G60770	1046	1280	1157	733	903	1176
AT1G60780	2765	3132	3092	2045	2103	2881
AT1G60783	1	0	0	1	0	0
AT1G60790	658	691	725	240	435	282
AT1G60800	3560	3653	3555	2019	2402	2062
AT1G60810	613	812	605	257	469	408
AT1G60830	5	11	7	15	11	18
AT1G60840	0	1	0	0	0	0
AT1G60850	468	560	512	247	297	311
AT1G60860	249	323	230	79	125	261
AT1G60870	1836	2188	2391	2725	2038	2249
AT1G60880	0	0	1	2	0	4
AT1G60890	664	602	623	666	544	947
AT1G60900	2087	2072	1688	1078	1207	1946
AT1G60920	0	1	1	6	3	12
AT1G60930	149	141	143	65	73	124
AT1G60940	3574	3985	4239	3154	3054	4213
AT1G60950	58570	69077	63001	36113	47508	44554
AT1G60960	121	143	172	189	121	185
AT1G60970	2	3	2	56	39	53
AT1G60980	0	0	0	1	1	1
AT1G60985	0	0	0	1	0	0
AT1G60986	0	0	0	0	1	0
AT1G60987	0	1	1	2	2	1
AT1G60989	165	218	221	195	208	281
AT1G60990	1464	1666	1766	1319	1388	1917
AT1G60995	781	833	784	687	574	839
AT1G61000	179	232	198	72	117	193
AT1G61010	1221	1339	1263	735	931	1557
AT1G61030	486	489	480	377	409	653
AT1G61040	1071	1059	1056	840	949	1273
AT1G61050	3	0	4	1	3	2
AT1G61065	169	157	169	328	258	330
AT1G61070	52	72	31	21	53	29
AT1G61080	2	3	1	9	1	2
AT1G61093	0	3	1	0	0	1
AT1G61097	0	0	0	3	0	4
AT1G61100	2056	2194	2037	702	784	1714
AT1G61110	35	27	38	13	46	25
AT1G61120	385	7	238	734	95	1248
AT1G61130	1	1	2	6	0	4
AT1G61140	1230	977	956	1140	887	2523
AT1G61150	989	1197	1182	1236	1001	1516
AT1G61160	5	8	4	23	16	21
AT1G61165	2	1	1	0	0	1
AT1G61170	272	312	224	582	464	794
AT1G61180	883	697	648	570	481	1184
AT1G61190	5314	5128	4808	2167	2552	3927
AT1G61200	0	0	2	3	0	6
AT1G61210	2157	1994	1698	597	811	1273
AT1G61215	202	224	188	151	150	173
AT1G61224	0	1	1	2	4	2
AT1G61226	1	0	0	2	2	9
AT1G61230	2	5	3	16	5	26
AT1G61240	273	380	323	210	225	232
AT1G61250	2099	1767	2158	4611	2954	5037
AT1G61255	19	16	51	93	40	79
AT1G61260	191	207	214	393	339	332
AT1G61270	0	4	0	0	0	0
AT1G61275	9	6	9	22	19	33
AT1G61280	43	39	40	51	42	83
AT1G61290	1	3	4	5	5	19
AT1G61300	2322	2111	2087	1455	1413	1927
AT1G61310	400	370	351	257	267	440
AT1G61320	0	0	0	1	0	0
AT1G61340	75	43	104	312	157	470
AT1G61350	828	890	842	468	559	575
AT1G61353	0	0	0	0	1	1
AT1G61360	149	98	185	246	208	317
AT1G61370	49	45	69	145	83	203
AT1G61380	411	423	471	472	363	796
AT1G61390	8	12	10	20	8	35
AT1G61400	42	37	44	21	35	64
AT1G61410	19	9	10	23	18	31
AT1G61415	15	13	26	42	26	88
AT1G61420	97	72	68	248	124	388
AT1G61430	360	338	278	278	255	586
AT1G61440	6	8	47	13	11	28
AT1G61450	46	86	65	41	50	55
AT1G61460	39	35	28	105	48	142
AT1G61470	52	56	38	81	58	56
AT1G61475	2	1	0	2	4	8
AT1G61480	1	1	1	3	4	11
AT1G61490	60	53	55	59	69	167
AT1G61500	213	227	174	136	214	246
AT1G61520	134246	175797	162316	174787	196122	136824
AT1G61540	1	0	0	2	0	8
AT1G61550	6	8	6	15	4	29
AT1G61560	94	67	112	151	101	168
AT1G61563	0	37	0	0	5	0
AT1G61566	0	27	0	2	2	0
AT1G61570	1605	1840	1749	1537	1474	1544
AT1G61575	11	12	11	6	14	10
AT1G61580	665	819	890	654	560	717
AT1G61590	4	12	7	2	6	0
AT1G61600	254	233	185	157	139	177
AT1G61610	278	258	429	293	202	728
AT1G61620	945	1144	1175	893	904	1453
AT1G61630	1	0	1	0	1	0
AT1G61640	320	359	312	333	263	432
AT1G61660	1225	1314	1219	1041	975	1398
AT1G61667	109	137	168	219	111	156
AT1G61670	574	636	710	1060	794	1309
AT1G61680	13	13	7	20	19	38
AT1G61690	969	971	875	510	543	1643
AT1G61700	1	0	1	1	3	1
AT1G61710	9	12	10	5	5	5
AT1G61720	0	3	1	4	3	15
AT1G61730	782	969	926	745	738	969
AT1G61732	0	1	0	0	0	0
AT1G61740	6094	6045	6898	4450	4370	5083
AT1G61750	1	0	1	0	0	0
AT1G61760	48	41	49	17	35	15
AT1G61770	1093	1241	1321	962	993	1287
AT1G61780	1478	1688	1710	1785	1518	1580
AT1G61790	1875	1912	2074	2009	1789	2393
AT1G61795	103	179	121	165	153	87
AT1G61800	189	65	549	2184	551	2213
AT1G61810	45	25	127	234	79	241
AT1G61820	76	16	135	215	43	263
AT1G61840	0	0	0	0	0	1
AT1G61850	1009	1002	923	555	584	1161
AT1G61860	11	17	15	28	19	63
AT1G61870	1033	1184	1021	700	792	928
AT1G61890	1290	1519	1674	1536	1563	2018
AT1G61900	1289	1271	1227	1072	938	1334
AT1G61920	4	4	2	2	4	4
AT1G61930	56	68	57	69	67	68
AT1G61960	160	213	187	182	189	231
AT1G61970	168	167	123	80	75	131
AT1G61980	325	371	419	345	352	399
AT1G61990	569	600	620	564	478	725
AT1G62000	0	0	0	13	2	6
AT1G62010	165	159	139	156	135	153
AT1G62020	2735	2730	2450	2020	2232	3760
AT1G62030	308	266	235	158	254	196
AT1G62035	8	4	7	20	13	6
AT1G62040	701	757	865	1144	856	1008
AT1G62045	86	130	150	89	58	127
AT1G62050	392	467	459	648	516	602
AT1G62080	0	0	1	1	0	4
AT1G62085	155	192	189	224	197	325
AT1G62110	155	212	156	124	140	140
AT1G62120	133	139	98	95	105	145
AT1G62130	365	321	260	207	203	446
AT1G62150	180	208	184	101	134	123
AT1G62170	163	326	234	146	140	127
AT1G62180	20250	22752	23203	15160	14320	16124
AT1G62181	12	2	3	2	6	11
AT1G62190	4	3	3	8	7	3
AT1G62200	548	546	574	665	517	618
AT1G62220	0	1	0	0	0	0
AT1G62225	1	0	0	6	1	1
AT1G62240	17	21	16	25	16	39
AT1G62250	2876	3033	3199	3250	2880	2985
AT1G62260	54	34	41	26	16	49
AT1G62262	1	0	1	1	0	0
AT1G62290	88	49	114	46	53	41
AT1G62300	271	198	603	1230	601	1471
AT1G62305	105	86	137	225	134	299
AT1G62310	342	270	246	137	182	441
AT1G62320	6	2	15	24	5	37
AT1G62330	746	910	851	494	759	781
AT1G62333	5	4	4	1	3	3
AT1G62340	1	0	0	1	0	1
AT1G62350	67	67	71	37	60	58
AT1G62355	16	18	18	8	15	13
AT1G62360	374	518	305	260	384	173
AT1G62370	75	85	142	263	122	268
AT1G62380	8996	10087	9004	4977	3501	4771
AT1G62390	7141	7268	6721	3052	3874	5757
AT1G62400	130	113	71	48	79	71
AT1G62420	458	354	668	152	216	103
AT1G62422	532	610	700	1008	729	827
AT1G62430	480	498	626	1018	796	1087
AT1G62440	36	269	130	54	25	38
AT1G62450	1	6	1	1	0	0
AT1G62480	8769	8435	8160	5955	7111	6128
AT1G62490	7	3	0	2	1	6
AT1G62500	1429	1518	2012	328	966	558
AT1G62510	905	684	1194	1054	908	860
AT1G62520	180	232	224	146	154	144
AT1G62530	0	0	0	0	0	1
AT1G62540	738	855	789	1145	1410	1648
AT1G62560	3649	3905	4021	2377	3199	2632
AT1G62570	282	239	289	333	186	406
AT1G62580	28	27	31	42	28	56
AT1G62590	291	229	243	217	203	399
AT1G62600	1131	1166	1309	1307	1055	1371
AT1G62610	313	369	347	551	374	743
AT1G62620	84	109	117	144	100	218
AT1G62630	919	939	854	468	564	924
AT1G62640	1162	1344	1308	945	1154	961
AT1G62660	2583	2657	3502	4425	3711	6846
AT1G62670	176	168	167	196	197	312
AT1G62680	137	146	136	102	98	161
AT1G62690	3	5	3	5	2	2
AT1G62700	61	58	57	18	16	25
AT1G62710	127	139	191	317	241	425
AT1G62720	46	30	29	27	37	30
AT1G62730	150	123	143	276	190	323
AT1G62740	2374	2777	2565	821	1137	1757
AT1G62750	46739	48919	46315	11766	23724	22422
AT1G62760	34	60	38	61	55	227
AT1G62770	20	15	31	23	16	34
AT1G62780	5220	6242	6060	2627	3865	2890
AT1G62790	1018	1312	1737	2213	1372	2107
AT1G62800	469	363	451	290	285	323
AT1G62810	719	694	717	1393	871	1477
AT1G62820	453	453	475	735	555	684
AT1G62830	516	518	456	278	352	450
AT1G62840	95	65	85	312	130	371
AT1G62850	992	1138	1110	894	845	1135
AT1G62863	0	0	0	1	0	0
AT1G62870	251	271	257	97	187	135
AT1G62880	240	255	240	321	232	349
AT1G62886	1	0	2	0	1	2
AT1G62900	14	5	7	7	5	7
AT1G62910	98	132	134	136	102	206
AT1G62914	178	155	137	103	92	200
AT1G62920	94	118	99	63	60	114
AT1G62930	166	158	177	206	142	268
AT1G62935	7	17	9	4	5	14
AT1G62940	107	370	39	35	71	85
AT1G62950	203	220	204	107	141	154
AT1G62960	4215	4495	4736	3935	3421	2861
AT1G62970	287	371	244	205	256	420
AT1G62975	73	61	59	33	40	58
AT1G62981	73	71	58	26	48	24
AT1G62990	167	189	183	107	185	180
AT1G63000	2894	3020	3430	2454	2748	2307
AT1G63005	0	1	0	2	0	2
AT1G63010	1707	1587	1958	2297	1661	2925
AT1G63020	279	267	213	83	143	207
AT1G63030	0	0	0	0	0	1
AT1G63050	671	761	680	470	602	506
AT1G63055	0	0	0	3	0	1
AT1G63057	0	0	0	4	0	3
AT1G63060	0	6	0	2	2	8
AT1G63070	3	2	3	17	5	45
AT1G63080	79	114	106	80	110	190
AT1G63090	1833	1843	2460	2875	1499	2420
AT1G63100	216	312	226	32	76	74
AT1G63105	3	0	0	0	0	0
AT1G63110	1010	1065	1041	1976	1398	2389
AT1G63120	769	721	713	748	611	744
AT1G63130	422	455	429	427	345	595
AT1G63140	4	6	3	2	6	2
AT1G63150	118	135	119	156	101	170
AT1G63160	189	217	156	103	174	148
AT1G63170	1528	1555	1588	1334	1372	1475
AT1G63180	169	189	183	98	118	170
AT1G63200	1	0	0	0	1	0
AT1G63210	0	1	0	1	0	0
AT1G63220	322	396	422	400	301	428
AT1G63230	50	45	57	60	54	90
AT1G63240	449	547	367	224	270	354
AT1G63245	19	14	28	83	43	73
AT1G63250	193	177	178	89	129	177
AT1G63260	761	895	746	423	415	470
AT1G63270	105	166	143	201	161	203
AT1G63280	0	1	1	4	0	2
AT1G63290	1082	1254	1257	1797	1458	2049
AT1G63295	112	127	105	57	46	47
AT1G63300	242	284	150	24	56	65
AT1G63310	362	471	394	199	260	251
AT1G63320	0	0	0	1	0	4
AT1G63330	28	50	23	35	27	58
AT1G63340	4	5	4	7	4	12
AT1G63350	141	114	160	168	137	261
AT1G63360	1657	1540	1377	761	1014	1274
AT1G63370	22	30	20	32	30	81
AT1G63380	39	32	47	73	51	83
AT1G63390	17	13	13	41	36	32
AT1G63400	90	95	93	118	84	180
AT1G63410	0	0	0	0	0	1
AT1G63420	518	674	448	235	308	385
AT1G63430	1012	1046	896	483	555	805
AT1G63440	114	125	95	94	64	197
AT1G63450	1	0	1	0	4	9
AT1G63460	457	516	624	1090	741	1142
AT1G63470	585	815	680	363	568	379
AT1G63480	222	296	239	100	201	184
AT1G63490	628	593	477	247	275	605
AT1G63500	1021	946	1040	963	810	1349
AT1G63520	35	33	27	12	22	22
AT1G63522	0	0	0	0	1	0
AT1G63530	159	123	130	260	167	329
AT1G63540	1	0	0	0	0	2
AT1G63570	45	46	37	34	26	37
AT1G63580	7	5	9	8	17	8
AT1G63610	1530	1919	1969	1034	1321	1374
AT1G63630	23	26	20	16	21	30
AT1G63640	702	836	584	126	234	353
AT1G63650	169	203	128	60	111	102
AT1G63660	1262	1570	1262	608	874	766
AT1G63670	493	531	502	198	242	288
AT1G63680	2193	2395	2246	1240	1439	2141
AT1G63690	1428	1507	1472	1552	1462	1713
AT1G63700	1439	1572	1287	969	1104	1392
AT1G63710	219	264	209	83	224	91
AT1G63720	77	40	127	289	159	335
AT1G63730	51	33	43	40	29	97
AT1G63740	267	177	207	258	227	523
AT1G63750	259	216	274	187	138	318
AT1G63770	12518	12842	12859	7974	9749	11794
AT1G63780	590	718	698	463	460	604
AT1G63800	894	1050	1075	1722	1316	1652
AT1G63810	1063	1193	837	305	427	555
AT1G63820	0	2	3	2	3	5
AT1G63830	512	531	684	1378	935	1413
AT1G63840	634	656	1008	1636	905	1445
AT1G63850	933	1033	983	809	919	955
AT1G63855	157	189	182	275	193	338
AT1G63860	257	215	222	305	219	550
AT1G63870	0	4	4	10	6	18
AT1G63880	839	919	921	938	846	1816
AT1G63900	1109	1286	1317	1263	1077	1295
AT1G63910	1	17	4	4	1	2
AT1G63930	24	29	32	13	22	16
AT1G63940	4182	4961	5262	2605	3487	4436
AT1G63950	0	1	0	1	0	1
AT1G63960	4	2	6	1	3	6
AT1G63970	3779	4490	4614	4932	4707	4373
AT1G63980	3471	3571	3660	2183	2217	3161
AT1G63990	227	329	256	125	130	140
AT1G64000	0	1	1	2	0	1
AT1G64010	2	5	0	1	0	3
AT1G64020	5	0	2	0	4	6
AT1G64030	5	2	1	1	1	1
AT1G64040	1790	1678	2146	2898	2170	2932
AT1G64050	810	900	817	355	397	735
AT1G64060	650	638	680	604	414	1090
AT1G64065	114	68	95	299	132	203
AT1G64070	3	5	2	3	2	1
AT1G64080	269	261	265	355	330	326
AT1G64090	2777	2997	3250	3808	3136	3633
AT1G64100	362	394	406	484	451	512
AT1G64105	425	487	491	569	532	601
AT1G64107	5	6	6	11	6	10
AT1G64110	2	3	33	12	6	16
AT1G64130	0	0	0	8	2	16
AT1G64140	5333	5338	5399	4706	4804	7958
AT1G64142	5333	5338	5399	4706	4804	7958
AT1G64150	1503	1851	1827	1296	1470	1293
AT1G64160	0	0	0	0	0	13
AT1G64170	18	15	38	87	61	73
AT1G64180	224	282	224	107	174	127
AT1G64185	41	62	57	41	43	53
AT1G64190	1850	2197	2361	2655	2344	2716
AT1G64195	5	3	8	10	7	36
AT1G64200	1633	1472	2524	2489	2166	3288
AT1G64210	1	9	11	11	11	16
AT1G64220	60	91	64	48	47	55
AT1G64230	6599	6449	7471	10162	6991	9570
AT1G64235	1	0	0	0	0	0
AT1G64255	0	0	0	0	0	3
AT1G64260	45	36	37	16	18	42
AT1G64280	1210	1039	1085	2348	1623	3000
AT1G64300	106	112	128	94	79	158
AT1G64310	13	3	11	3	0	9
AT1G64320	12	16	16	6	3	26
AT1G64330	1375	1430	973	243	350	718
AT1G64340	2	1	0	2	1	3
AT1G64350	557	733	731	1031	735	1230
AT1G64355	1539	1867	1851	1212	1442	1189
AT1G64360	541	814	431	2638	1108	2267
AT1G64370	9085	12600	9952	16061	12572	14777
AT1G64380	91	102	140	420	202	378
AT1G64385	688	780	805	1028	823	1404
AT1G64390	4467	4842	5517	3601	6586	3317
AT1G64400	2355	2332	2994	1326	1677	1397
AT1G64405	12	5	30	14	15	14
AT1G64430	2594	2627	2540	1760	2079	2474
AT1G64440	539	672	571	472	441	710
AT1G64450	232	327	256	126	242	136
AT1G64460	131	127	113	184	164	317
AT1G64470	90	81	78	143	121	211
AT1G64480	0	0	3	2	0	1
AT1G64490	433	488	480	511	461	542
AT1G64500	10037	10621	9959	8796	8016	6869
AT1G64510	10545	13302	13675	6694	10243	6357
AT1G64520	3354	3474	3832	3332	3406	4349
AT1G64530	874	894	801	448	534	606
AT1G64540	4	2	5	2	3	5
AT1G64550	3053	3372	3363	1457	2081	2684
AT1G64561	81	66	51	63	40	114
AT1G64563	75	61	60	52	37	86
AT1G64570	809	759	602	355	378	950
AT1G64572	218	294	203	134	162	327
AT1G64580	202	202	186	179	167	244
AT1G64583	55	53	58	61	48	61
AT1G64590	0	0	0	1	0	1
AT1G64600	209	294	209	133	152	206
AT1G64610	297	195	213	417	271	645
AT1G64618	1	3	0	5	4	5
AT1G64620	304	368	323	246	306	402
AT1G64625	95	103	87	25	53	49
AT1G64628	554	630	624	794	668	1045
AT1G64630	554	630	624	794	668	1045
AT1G64640	1186	1865	1418	560	972	700
AT1G64650	2060	2476	2468	1820	2361	2245
AT1G64660	727	924	900	966	825	1256
AT1G64670	759	1003	1112	501	673	611
AT1G64680	10159	10984	12238	10075	10674	10477
AT1G64690	97	149	110	73	91	91
AT1G64700	108	157	161	135	134	139
AT1G64710	1153	1416	1590	2527	1993	2698
AT1G64720	46876	50833	48313	61757	55233	64165
AT1G64740	2356	2025	2503	2030	1948	1928
AT1G64750	2203	2535	2406	2969	2396	3084
AT1G64760	177	204	203	89	163	132
AT1G64770	14534	16998	16757	12912	14808	9336
AT1G64780	10730	12259	11706	6986	8596	6823
AT1G64790	5583	4348	3377	1301	1801	3352
AT1G64800	2	0	0	0	1	4
AT1G64810	884	885	927	885	809	1404
AT1G64820	1	1	1	8	4	29
AT1G64840	345	355	363	463	377	439
AT1G64850	2405	2743	2954	3286	2782	2963
AT1G64860	5806	6415	6222	3872	4043	4820
AT1G64870	0	0	0	0	0	1
AT1G64880	1723	1885	1690	812	983	1253
AT1G64890	66	61	80	239	190	295
AT1G64900	2522	3159	2979	8122	5460	8493
AT1G64910	0	0	0	0	0	2
AT1G64930	2	1	5	3	2	2
AT1G64940	11	15	37	86	62	45
AT1G64950	3423	3280	4360	9120	5233	8745
AT1G64960	438	435	439	205	261	358
AT1G64970	4210	4633	4623	6432	5189	6405
AT1G64980	4508	4238	4864	2863	3501	2253
AT1G64990	1104	1082	1135	1515	1138	1559
AT1G65000	148	166	172	240	159	257
AT1G65010	3001	3325	2315	290	680	1164
AT1G65020	649	683	669	524	573	703
AT1G65030	443	641	529	439	430	502
AT1G65032	87	98	117	111	94	148
AT1G65040	890	832	781	1148	820	1641
AT1G65050	1	0	0	2	0	2
AT1G65060	2057	2236	2108	466	1270	804
AT1G65070	1461	1506	1268	585	662	1048
AT1G65080	219	242	214	142	132	170
AT1G65090	0	1	0	0	0	0
AT1G65110	8	5	5	3	5	7
AT1G65113	0	9	0	0	1	0
AT1G65120	23	18	14	9	10	42
AT1G65130	31	30	41	11	25	20
AT1G65140	2	5	1	0	1	1
AT1G65150	154	184	165	215	201	227
AT1G65160	2	6	1	0	2	0
AT1G65180	21	20	37	12	20	22
AT1G65190	3527	3233	3692	2198	2202	2408
AT1G65200	0	1	4	0	1	3
AT1G65220	2024	2364	2372	2218	2020	3048
AT1G65230	4021	4573	4305	2737	3740	2897
AT1G65240	33	49	74	48	39	84
AT1G65250	149	140	128	161	141	179
AT1G65260	6933	7497	7572	5681	6136	5355
AT1G65270	1568	1964	1775	2342	2025	2848
AT1G65280	1440	1518	1494	995	989	1793
AT1G65290	3306	4318	4312	4105	3845	4670
AT1G65295	1072	1182	1214	967	992	894
AT1G65300	0	0	0	1	1	0
AT1G65310	94	41	98	7	11	42
AT1G65320	1161	1084	1199	1111	973	1320
AT1G65330	5	4	4	2	2	2
AT1G65342	0	1	0	0	1	0
AT1G65346	4	3	2	4	2	0
AT1G65350	24	20	18	17	16	19
AT1G65360	5	4	4	15	16	28
AT1G65370	965	1187	881	439	563	732
AT1G65380	370	378	331	279	328	350
AT1G65390	17	22	17	8	25	12
AT1G65410	806	977	877	727	760	921
AT1G65420	173	183	240	165	198	131
AT1G65430	874	905	1016	995	863	1381
AT1G65440	5045	4882	3197	1053	1528	2929
AT1G65450	234	308	226	125	241	142
AT1G65470	407	494	360	73	156	171
AT1G65480	55	54	34	72	45	41
AT1G65481	5	2	13	27	19	32
AT1G65483	3	0	0	15	11	19
AT1G65484	37	24	42	100	69	74
AT1G65486	794	665	722	952	875	948
AT1G65490	6772	7311	6214	8102	6445	5599
AT1G65500	257	240	369	1061	532	1100
AT1G65510	38	31	78	297	89	384
AT1G65520	195	209	255	546	330	450
AT1G65540	1752	1723	1791	1716	1376	2628
AT1G65541	28	22	41	30	30	32
AT1G65550	1	0	3	1	3	0
AT1G65560	474	458	509	240	293	249
AT1G65570	0	1	0	0	2	0
AT1G65580	1234	1041	960	1217	1136	2148
AT1G65590	1618	1694	1614	1337	1468	1256
AT1G65610	119	19	66	640	115	678
AT1G65620	255	249	359	149	175	186
AT1G65630	2	3	8	2	2	1
AT1G65640	0	0	0	2	0	0
AT1G65650	1128	1372	1351	1102	1077	1341
AT1G65660	1416	1487	1415	684	760	1411
AT1G65670	1	0	3	0	0	1
AT1G65680	0	0	2	0	0	0
AT1G65681	0	0	0	0	0	1
AT1G65690	104	37	152	1134	363	1146
AT1G65700	349	354	379	401	384	422
AT1G65710	98	119	124	45	74	54
AT1G65720	2695	2341	2643	2850	2398	2865
AT1G65730	30	56	48	214	75	273
AT1G65760	4	4	2	12	5	3
AT1G65790	284	165	175	510	413	981
AT1G65800	2815	2336	2081	2348	2174	3872
AT1G65810	9	3	5	1	0	3
AT1G65820	2216	1990	2842	7270	3679	7706
AT1G65830	0	0	0	1	0	0
AT1G65840	2151	2511	2820	2346	2318	3452
AT1G65845	546	426	832	1735	896	1664
AT1G65850	2	0	1	11	5	13
AT1G65860	2513	2278	2684	1758	1911	2397
AT1G65870	953	1001	1041	495	633	311
AT1G65880	15	19	18	6	8	10
AT1G65890	174	151	338	149	149	414
AT1G65900	257	363	257	184	201	217
AT1G65910	63	91	74	29	42	58
AT1G65920	214	260	260	60	109	171
AT1G65930	10308	11112	13635	7305	7635	8237
AT1G65950	418	496	394	289	253	440
AT1G65960	14748	16376	17021	7392	9652	10505
AT1G65970	192	30	472	1369	276	908
AT1G65980	5350	5468	5975	9581	7187	11481
AT1G65985	137	94	125	88	75	156
AT1G65990	0	0	1	0	1	0
AT1G66000	0	0	0	1	0	0
AT1G66020	1	2	0	0	3	0
AT1G66030	0	0	0	0	0	1
AT1G66040	11	9	29	26	26	42
AT1G66050	68	61	146	35	50	63
AT1G66060	0	0	0	1	2	7
AT1G66070	1366	1534	1550	986	904	1309
AT1G66080	369	394	429	327	282	336
AT1G66090	277	119	349	370	130	410
AT1G66100	10806	15504	12805	14506	21767	10719
AT1G66110	2	3	1	0	1	1
AT1G66130	2193	2422	2586	2087	2133	1857
AT1G66140	575	744	761	709	688	571
AT1G66150	3279	3565	3037	1702	1995	2138
AT1G66160	136	112	242	437	149	422
AT1G66170	3	2	1	3	1	12
AT1G66173	47	26	26	47	20	34
AT1G66180	1079	1352	1202	1317	1021	985
AT1G66190	286	301	319	239	289	261
AT1G66200	27999	28877	32412	23698	23109	21380
AT1G66230	474	493	501	243	261	196
AT1G66235	0	2	0	1	1	1
AT1G66240	3381	4333	4493	7263	4989	7685
AT1G66245	0	0	0	0	0	2
AT1G66250	559	695	514	293	485	371
AT1G66260	4797	5175	5373	4389	3779	4894
AT1G66280	3	0	24	86	15	73
AT1G66300	1	0	0	5	1	3
AT1G66310	0	0	0	1	0	0
AT1G66320	1	1	1	1	0	2
AT1G66330	5672	5559	5528	4146	3825	4597
AT1G66340	966	910	926	1183	935	1403
AT1G66345	138	143	146	191	144	195
AT1G66350	702	895	618	385	866	336
AT1G66360	2	3	2	1	4	3
AT1G66370	10	11	44	33	21	88
AT1G66380	6	10	4	16	22	45
AT1G66390	15	20	18	182	64	188
AT1G66400	155	86	143	160	172	147
AT1G66410	1869	2155	2198	6001	3917	7752
AT1G66430	1953	2300	2309	932	1570	1067
AT1G66450	8	1	7	5	5	9
AT1G66460	74	71	93	180	132	165
AT1G66480	102	168	196	215	146	193
AT1G66490	0	0	0	0	0	1
AT1G66500	145	143	211	253	197	269
AT1G66510	374	426	391	223	236	368
AT1G66520	503	593	536	278	320	296
AT1G66530	715	902	766	620	676	806
AT1G66540	949	868	888	1294	1007	1227
AT1G66550	3	0	4	18	9	30
AT1G66560	2	0	1	3	2	4
AT1G66570	20	6	40	183	9	170
AT1G66580	4956	5092	5657	8799	5069	9625
AT1G66590	314	282	328	707	392	658
AT1G66600	66	7	85	351	208	375
AT1G66610	0	1	1	3	3	4
AT1G66620	117	132	116	88	144	108
AT1G66630	0	1	0	7	0	0
AT1G66640	0	0	0	3	0	1
AT1G66650	37	31	41	54	32	56
AT1G66660	227	258	219	218	159	285
AT1G66670	4088	4121	4214	2938	3154	3769
AT1G66680	943	1039	1088	1355	1103	1648
AT1G66690	20	31	9	42	27	39
AT1G66700	58	23	52	925	374	562
AT1G66720	5	3	0	1	0	2
AT1G66725	748	384	409	4000	2054	4532
AT1G66730	584	570	385	631	418	890
AT1G66740	396	449	399	517	453	493
AT1G66750	314	329	362	322	279	405
AT1G66760	289	185	581	541	295	780
AT1G66780	0	1	3	14	13	26
AT1G66783	0	1	0	0	2	5
AT1G66800	0	0	0	2	0	1
AT1G66810	64	74	54	41	48	65
AT1G66820	1698	2167	2290	1449	1751	1166
AT1G66830	21	23	35	30	35	49
AT1G66840	2132	2042	1998	836	802	1174
AT1G66850	238	757	94	36	403	35
AT1G66860	18	7	36	33	79	65
AT1G66870	0	0	1	11	0	12
AT1G66880	1569	909	996	3167	1787	4454
AT1G66890	225	254	227	410	307	282
AT1G66900	445	547	473	754	592	738
AT1G66910	801	874	782	453	522	873
AT1G66920	247	180	296	531	363	852
AT1G66930	36	53	31	9	16	15
AT1G66940	869	1093	760	185	415	160
AT1G66950	9	8	8	3	7	3
AT1G66960	54	170	9	137	125	276
AT1G66970	13761	12049	11556	12668	12130	16212
AT1G66980	1810	1860	1440	1134	1249	2343
AT1G67000	58	45	33	110	57	189
AT1G67020	1	3	1	2	1	5
AT1G67025	0	1	0	0	0	0
AT1G67030	11	9	4	8	7	3
AT1G67035	28	34	26	14	26	14
AT1G67040	291	349	312	75	143	160
AT1G67050	387	542	481	425	433	322
AT1G67060	523	468	463	1085	646	1167
AT1G67070	394	468	542	348	357	416
AT1G67080	1245	1374	1487	1361	1393	1346
AT1G67090	874496	1037724	1050991	589889	855747	624718
AT1G67100	1	0	4	1	2	0
AT1G67105	5	15	24	8	11	8
AT1G67110	9	8	11	5	4	2
AT1G67120	1648	1049	561	200	218	687
AT1G67130	0	0	0	3	0	4
AT1G67140	1553	1437	1236	753	808	1562
AT1G67148	0	0	0	1	0	1
AT1G67150	1	0	0	1	0	0
AT1G67160	2	0	1	2	2	0
AT1G67170	325	410	406	231	295	363
AT1G67180	51	104	77	22	47	38
AT1G67190	379	294	341	398	333	442
AT1G67195	1842	1994	2315	1910	1923	1540
AT1G67210	183	171	168	156	129	206
AT1G67220	1	2	2	1	0	2
AT1G67230	3441	3788	2475	480	769	1680
AT1G67238	2	2	0	1	2	0
AT1G67250	1065	1321	1333	1315	1250	1281
AT1G67260	61	104	89	36	36	28
AT1G67265	4	8	7	19	16	15
AT1G67270	1	0	0	1	0	0
AT1G67280	6754	7140	8065	10715	8679	10570
AT1G67290	3	10	6	4	8	10
AT1G67300	613	678	760	1697	1077	2110
AT1G67310	1116	1143	990	667	681	1302
AT1G67320	365	552	422	109	271	196
AT1G67325	1214	1388	1358	1456	1423	1749
AT1G67328	211	224	281	479	359	473
AT1G67330	259	279	336	578	440	585
AT1G67340	768	753	667	540	637	526
AT1G67350	2344	2871	3040	2998	2919	3169
AT1G67360	1925	1884	2690	5992	3304	6517
AT1G67365	81	72	111	219	127	211
AT1G67370	6	13	7	9	15	27
AT1G67390	0	0	0	1	0	0
AT1G67400	170	201	228	61	107	101
AT1G67410	301	297	325	309	269	307
AT1G67420	120	158	135	79	74	116
AT1G67430	11476	14783	13062	8196	9508	11447
AT1G67440	926	981	1039	706	797	737
AT1G67450	0	0	0	0	0	1
AT1G67455	2	3	1	1	0	0
AT1G67460	29	38	40	21	7	10
AT1G67470	262	253	285	258	202	294
AT1G67480	3940	3984	4000	4059	3567	4926
AT1G67481	8	9	5	17	11	9
AT1G67490	858	893	821	735	639	1052
AT1G67500	391	316	253	155	185	288
AT1G67510	238	266	237	215	281	301
AT1G67520	96	57	71	171	71	214
AT1G67530	604	575	618	365	471	599
AT1G67540	0	0	0	2	0	4
AT1G67550	775	777	755	786	684	1414
AT1G67560	1650	1820	1560	683	948	1401
AT1G67570	87	119	102	97	115	116
AT1G67580	1575	1551	1405	1506	1376	2186
AT1G67590	886	1058	1016	610	707	697
AT1G67600	34	16	32	123	46	173
AT1G67620	312	339	333	387	302	355
AT1G67623	0	0	0	10	1	4
AT1G67630	325	436	310	85	221	140
AT1G67635	1	0	0	0	0	0
AT1G67640	1	4	3	1	2	3
AT1G67650	67	42	32	124	71	180
AT1G67660	273	262	290	601	448	838
AT1G67670	0	0	0	0	0	2
AT1G67680	1521	1843	1809	1105	1304	1686
AT1G67690	269	284	217	142	163	267
AT1G67700	11069	13084	13782	9269	11436	8050
AT1G67710	80	110	107	73	58	129
AT1G67720	602	653	564	188	252	382
AT1G67730	2195	2552	2428	1588	1996	1379
AT1G67740	45486	65116	56915	46078	55314	36198
AT1G67750	1549	1830	1581	570	1367	668
AT1G67760	20	12	14	22	21	15
AT1G67770	1	5	4	0	1	0
AT1G67775	0	0	1	0	0	0
AT1G67780	46	52	40	13	25	25
AT1G67785	2445	2900	2985	3122	2882	2940
AT1G67790	252	230	186	244	198	386
AT1G67792	257	247	210	265	207	407
AT1G67800	548	476	595	943	824	1084
AT1G67810	28	31	16	253	70	95
AT1G67820	56	72	64	89	67	104
AT1G67830	657	807	711	493	619	603
AT1G67840	2986	3210	3345	2645	2684	2479
AT1G67850	586	459	510	847	596	1337
AT1G67855	49	39	84	149	42	166
AT1G67856	66	65	138	219	76	242
AT1G67860	4465	6191	4716	9375	6564	7050
AT1G67865	20630	32009	22653	52390	33762	29529
AT1G67870	9636	16966	8699	14924	12494	14748
AT1G67880	547	547	592	470	470	489
AT1G67890	1270	1138	1211	698	755	1143
AT1G67900	2672	2871	2883	1370	1580	1951
AT1G67910	107	116	127	101	113	71
AT1G67920	76	56	143	278	131	304
AT1G67930	1242	1342	1379	916	889	1153
AT1G67940	478	519	606	1255	877	1378
AT1G67950	758	879	865	517	636	563
AT1G67960	391	400	374	434	324	726
AT1G67970	177	100	151	602	250	636
AT1G67980	46	8	81	179	55	103
AT1G67990	123	0	103	82	116	96
AT1G68000	890	970	1006	1338	1062	1221
AT1G68010	62716	71064	68121	28405	44520	33978
AT1G68020	1057	1123	1141	628	624	980
AT1G68030	33	37	31	20	18	22
AT1G68040	0	0	0	0	0	1
AT1G68050	1	1	4	24	8	35
AT1G68060	1311	1614	1370	484	822	1115
AT1G68070	699	728	752	948	740	966
AT1G68080	299	284	286	202	230	269
AT1G68090	1	0	1	1	0	4
AT1G68100	511	529	609	1124	777	1269
AT1G68110	91	95	132	246	137	207
AT1G68120	30	30	32	24	36	32
AT1G68130	638	728	688	456	416	541
AT1G68140	1259	1244	1343	2972	1962	3589
AT1G68150	7	1	5	5	7	6
AT1G68160	313	337	370	396	298	457
AT1G68170	15	32	10	3	9	4
AT1G68180	13	11	6	3	6	1
AT1G68185	240	321	268	239	251	282
AT1G68190	436	634	458	308	429	259
AT1G68200	22	18	23	41	47	60
AT1G68210	0	0	0	0	0	1
AT1G68220	367	473	457	388	431	458
AT1G68230	101	110	104	37	56	38
AT1G68238	1912	2138	2421	1758	2257	1052
AT1G68240	26	40	22	23	44	27
AT1G68250	0	0	1	3	0	5
AT1G68260	465	722	941	540	678	653
AT1G68280	1	0	2	0	0	0
AT1G68290	66	63	73	118	71	271
AT1G68300	1043	913	1097	2092	1341	2238
AT1G68310	552	648	625	628	582	682
AT1G68320	2	5	7	12	6	9
AT1G68330	35	66	82	41	68	66
AT1G68340	170	197	223	317	183	323
AT1G68350	8	18	13	24	14	21
AT1G68360	30	58	29	42	39	23
AT1G68370	1156	1222	1206	1082	1008	1576
AT1G68380	0	0	4	1	0	1
AT1G68390	36	35	40	50	54	40
AT1G68400	845	1087	923	320	597	412
AT1G68410	1042	1056	1303	766	662	1180
AT1G68430	79	113	92	43	57	61
AT1G68440	7686	7416	9200	6196	4988	5795
AT1G68450	2	2	22	23	15	19
AT1G68460	22	27	28	15	14	13
AT1G68470	214	216	207	133	196	264
AT1G68480	11	28	15	8	11	8
AT1G68490	1058	1029	1050	1690	1310	1793
AT1G68500	28	60	54	56	57	43
AT1G68510	0	1	0	9	3	11
AT1G68520	5561	7539	6285	3865	4812	3331
AT1G68526	1	0	0	7	5	13
AT1G68530	12370	13497	14550	20100	16305	17003
AT1G68540	275	406	360	288	304	340
AT1G68550	782	945	829	664	739	797
AT1G68552	782	945	829	664	739	797
AT1G68560	5361	6422	5945	2690	4572	4284
AT1G68568	1010	1133	1222	1265	1011	1138
AT1G68570	6027	7651	7525	6475	5320	6692
AT1G68580	1363	1446	1391	787	776	1285
AT1G68585	482	695	537	572	516	626
AT1G68590	10415	12331	12639	5985	8427	5194
AT1G68600	1252	1299	1431	1618	1731	2298
AT1G68610	1	1	3	13	8	16
AT1G68620	452	173	615	3355	988	3647
AT1G68630	20	22	21	26	15	35
AT1G68640	52	66	65	28	45	49
AT1G68650	90	150	81	239	178	307
AT1G68660	6532	7335	7701	7151	7313	5693
AT1G68670	2037	2289	2425	3281	2684	3200
AT1G68680	700	832	800	885	699	845
AT1G68690	148	134	133	175	178	340
AT1G68700	89	112	100	123	87	228
AT1G68710	470	419	419	558	414	1046
AT1G68720	2017	2044	1860	884	1132	1934
AT1G68725	244	296	167	122	155	149
AT1G68730	488	515	492	441	459	417
AT1G68740	310	322	304	257	198	381
AT1G68750	0	4	1	0	0	0
AT1G68760	421	510	438	304	402	293
AT1G68765	4	3	25	34	19	30
AT1G68780	692	738	756	333	617	384
AT1G68790	2056	2393	1452	297	490	908
AT1G68795	28	46	57	186	91	230
AT1G68800	9	12	8	7	8	9
AT1G68810	486	436	381	208	328	274
AT1G68820	362	332	442	860	516	1052
AT1G68825	3	0	2	2	2	1
AT1G68830	5950	6520	6397	5063	5158	5995
AT1G68840	335	386	417	1037	683	677
AT1G68845	1	0	0	0	1	1
AT1G68850	8	1	4	12	9	13
AT1G68860	0	2	0	0	0	1
AT1G68862	91	144	126	74	97	95
AT1G68870	434	396	423	191	274	242
AT1G68872	46	41	35	46	34	60
AT1G68875	338	17	174	116	311	109
AT1G68880	1	0	0	0	0	0
AT1G68890	3385	3262	2652	844	1133	1739
AT1G68905	2	1	0	6	0	7
AT1G68907	0	0	0	2	1	7
AT1G68910	1193	1222	1101	513	490	936
AT1G68920	615	607	664	625	531	668
AT1G68930	28	25	18	31	17	43
AT1G68935	90	62	72	53	49	73
AT1G68940	386	376	314	215	200	360
AT1G68945	1235	1356	1346	1155	1117	1302
AT1G68960	0	0	0	1	0	1
AT1G68980	308	289	334	384	289	503
AT1G68990	1140	1107	950	392	477	785
AT1G69010	736	831	806	426	537	682
AT1G69020	91	116	81	86	58	150
AT1G69030	641	759	735	353	409	433
AT1G69040	525	784	461	207	466	431
AT1G69050	16	11	10	31	17	47
AT1G69060	378	435	348	418	322	574
AT1G69070	1248	1603	1204	272	473	673
AT1G69080	144	236	144	72	113	113
AT1G69120	134	173	153	81	156	72
AT1G69150	0	2	0	0	1	2
AT1G69160	1186	1081	1039	884	900	678
AT1G69170	279	310	276	374	300	480
AT1G69180	40	72	42	16	70	15
AT1G69190	0	0	0	0	0	3
AT1G69200	1913	2067	1660	431	791	1080
AT1G69210	70	109	62	88	89	139
AT1G69220	1117	1240	1127	979	871	1550
AT1G69230	82	61	78	130	61	110
AT1G69250	857	959	925	823	751	1147
AT1G69252	2084	1903	2342	4199	2800	4255
AT1G69260	186	87	344	780	436	1046
AT1G69270	282	290	346	741	475	800
AT1G69280	133	138	134	128	109	161
AT1G69290	170	172	154	172	127	188
AT1G69295	2005	2733	2438	2294	1960	2502
AT1G69300	0	0	0	0	1	0
AT1G69310	302	362	476	327	213	371
AT1G69320	15	25	20	6	14	15
AT1G69325	29	45	33	12	19	13
AT1G69330	216	224	222	364	280	404
AT1G69340	1354	1465	1354	1098	1082	1382
AT1G69350	27	24	21	35	33	78
AT1G69360	513	511	608	933	688	1936
AT1G69370	372	401	459	484	472	719
AT1G69380	189	211	183	127	135	158
AT1G69390	1547	1990	2008	1985	1916	2164
AT1G69400	51	47	47	42	50	73
AT1G69410	2672	2893	3255	5520	3276	4873
AT1G69420	2505	2747	2506	1229	1899	2054
AT1G69430	16	26	20	31	23	48
AT1G69440	306	350	281	443	423	619
AT1G69450	508	452	620	976	572	1051
AT1G69460	1732	1805	1773	2541	2003	2781
AT1G69470	0	0	0	3	2	2
AT1G69480	108	45	257	407	106	747
AT1G69485	22	18	20	62	32	30
AT1G69490	198	177	175	702	318	770
AT1G69500	82	147	17	14	22	32
AT1G69510	2378	3018	3058	2532	2227	3085
AT1G69520	92	93	93	148	135	139
AT1G69523	797	910	905	569	637	419
AT1G69526	241	249	198	92	105	140
AT1G69530	6313	6978	5871	4632	7079	3484
AT1G69540	18	26	16	18	14	34
AT1G69550	1427	1187	1225	1072	972	1496
AT1G69560	5	2	3	5	2	0
AT1G69570	424	426	435	300	262	427
AT1G69572	286	287	278	190	183	289
AT1G69580	253	316	230	109	147	165
AT1G69587	128	139	168	294	200	327
AT1G69588	19	31	19	12	14	12
AT1G69600	16	27	18	78	25	83
AT1G69610	460	393	454	526	353	738
AT1G69620	10093	11757	11021	7676	8533	9477
AT1G69630	2	0	1	18	4	23
AT1G69640	949	981	1151	1481	1085	1555
AT1G69650	0	0	0	0	1	0
AT1G69660	0	0	2	5	2	19
AT1G69670	649	634	597	332	301	727
AT1G69680	308	378	376	367	350	408
AT1G69690	1038	1398	1074	1268	1311	1324
AT1G69700	908	1055	977	803	777	878
AT1G69710	10	13	16	20	16	55
AT1G69720	460	379	336	1024	605	1349
AT1G69730	2472	2084	1885	1386	1349	2300
AT1G69740	5311	6039	6612	4844	5145	5003
AT1G69750	616	671	659	812	591	760
AT1G69760	586	651	739	552	455	504
AT1G69770	872	1029	770	298	541	629
AT1G69780	728	896	813	411	517	481
AT1G69790	199	175	267	449	257	344
AT1G69795	0	0	0	0	0	1
AT1G69800	746	800	760	676	591	710
AT1G69810	15	22	21	46	25	46
AT1G69820	0	2	0	0	0	0
AT1G69828	2	0	0	6	1	1
AT1G69830	1547	2065	1682	1968	2262	2888
AT1G69840	1777	1088	1451	4693	2595	5507
AT1G69850	1343	1345	1297	1141	1030	1328
AT1G69870	1892	2190	3470	7184	3184	9353
AT1G69880	14	24	233	104	54	100
AT1G69890	51	60	135	311	125	288
AT1G69900	142	137	199	224	184	252
AT1G69910	426	458	378	348	397	312
AT1G69920	11	1	13	132	7	39
AT1G69930	19	7	43	609	296	469
AT1G69935	1258	1365	1419	1670	1403	1475
AT1G69940	0	77	1	0	1	0
AT1G69960	920	954	993	1183	898	1172
AT1G69970	79	80	51	57	65	51
AT1G69980	426	462	511	661	465	726
AT1G69990	0	1	0	0	0	0
AT1G70000	1911	1858	2082	2746	1944	2428
AT1G70020	45	33	42	29	42	58
AT1G70030	5	6	0	5	4	4
AT1G70060	1621	1663	1261	342	427	1098
AT1G70070	2296	2310	2201	949	1342	1618
AT1G70080	0	3	38	5	1	7
AT1G70090	1440	1494	1584	944	842	1169
AT1G70100	849	1034	929	317	392	529
AT1G70110	1	3	0	15	0	22
AT1G70120	0	0	0	0	0	4
AT1G70130	1	0	12	3	0	20
AT1G70140	97	104	158	396	184	380
AT1G70150	167	155	163	220	183	263
AT1G70160	2578	2177	2681	4134	3242	4955
AT1G70170	4	4	16	48	15	63
AT1G70180	816	912	835	950	931	1285
AT1G70185	11	9	11	9	5	11
AT1G70190	481	597	587	872	687	1025
AT1G70200	2606	2728	2524	1001	1226	1747
AT1G70209	1	0	0	2	0	1
AT1G70210	816	847	604	387	599	416
AT1G70220	0	5	3	0	1	5
AT1G70230	1056	1330	1474	1288	1128	1311
AT1G70250	1445	1344	1277	1056	858	1832
AT1G70260	480	156	508	231	421	256
AT1G70270	184	230	160	42	132	64
AT1G70280	1977	2359	2178	932	1394	1595
AT1G70290	1769	1985	1827	1854	1418	2019
AT1G70300	175	119	226	511	278	681
AT1G70310	2215	2283	2784	2463	2156	3961
AT1G70320	8397	5554	4111	2027	2424	5903
AT1G70330	1559	1782	1788	1866	1692	1841
AT1G70340	449	658	525	523	490	543
AT1G70350	311	377	385	347	383	347
AT1G70360	106	109	109	277	192	323
AT1G70370	6906	8829	7206	5092	6545	6290
AT1G70380	1	3	0	1	3	4
AT1G70390	1	1	2	6	2	5
AT1G70400	0	0	0	11	2	21
AT1G70410	10847	13528	13010	6466	8384	6769
AT1G70420	95	80	104	231	192	190
AT1G70430	117	101	106	33	54	46
AT1G70440	2	2	5	16	4	19
AT1G70460	8	6	5	7	3	2
AT1G70470	209	227	223	86	160	119
AT1G70480	1078	1191	1344	1173	982	1466
AT1G70490	6942	7271	7620	10517	8586	9307
AT1G70500	48	45	36	97	40	150
AT1G70505	289	301	284	269	232	272
AT1G70510	66	91	51	41	49	47
AT1G70518	148	142	153	235	183	264
AT1G70520	989	814	965	839	744	1238
AT1G70530	595	376	439	670	569	1085
AT1G70540	0	0	1	0	0	0
AT1G70550	679	726	625	366	564	453
AT1G70560	179	203	209	162	221	221
AT1G70570	1976	1924	1856	1449	1567	1857
AT1G70580	8296	9262	9603	6763	7170	7878
AT1G70581	10	3	5	8	7	10
AT1G70590	624	655	720	1115	840	1205
AT1G70600	19878	22954	22123	15606	17860	18300
AT1G70610	3999	4048	3943	1892	2358	2741
AT1G70620	2566	2720	1886	651	1004	1980
AT1G70630	113	147	107	114	90	188
AT1G70640	4	2	3	39	7	130
AT1G70645	0	0	0	1	0	0
AT1G70650	2614	2838	3116	3298	2668	2847
AT1G70660	2540	2751	3020	3174	2584	2681
AT1G70670	389	556	457	419	381	453
AT1G70680	5	5	1	3	6	2
AT1G70690	231	175	197	1076	600	977
AT1G70700	7678	8523	10997	16712	12499	18098
AT1G70710	1321	1365	1219	446	881	615
AT1G70720	10	11	7	2	2	2
AT1G70730	7731	8509	9512	6887	7123	6819
AT1G70740	317	333	383	287	322	396
AT1G70750	607	512	561	455	399	600
AT1G70760	6650	8207	8502	6399	7786	5220
AT1G70770	5560	6529	6703	7192	6518	10128
AT1G70780	2186	2438	2977	9002	4235	10067
AT1G70782	2186	2438	2977	9002	4235	10067
AT1G70790	179	279	249	425	330	638
AT1G70800	53	45	74	119	59	159
AT1G70810	637	660	869	2736	1294	2677
AT1G70820	699	1031	784	2985	2592	2951
AT1G70830	7460	6539	7933	4937	8268	4549
AT1G70840	0	1	1	0	2	0
AT1G70850	8	0	0	0	0	6
AT1G70880	1	0	6	2	1	2
AT1G70890	1639	1381	2163	1335	1871	1112
AT1G70895	123	136	120	78	97	72
AT1G70900	882	976	1065	1129	995	840
AT1G70910	2	3	3	3	4	2
AT1G70920	14	18	33	12	10	14
AT1G70940	4400	5017	4398	3197	3587	3293
AT1G70950	21	21	9	1	5	6
AT1G70980	818	891	896	1129	891	1398
AT1G70985	282	372	303	243	239	190
AT1G70990	6	7	5	9	10	8
AT1G71000	3	0	7	13	3	37
AT1G71002	1	0	0	0	2	0
AT1G71010	2345	2163	1933	1034	1224	1931
AT1G71015	21	18	37	18	21	22
AT1G71020	622	762	589	398	526	647
AT1G71030	537	559	345	1418	1022	1613
AT1G71040	1882	1667	1737	4157	2337	5281
AT1G71050	352	444	340	542	614	661
AT1G71060	59	66	78	121	76	161
AT1G71070	795	960	897	711	736	798
AT1G71080	993	1131	1185	1007	1077	2385
AT1G71090	1591	1496	1740	1961	1584	2181
AT1G71100	674	793	836	1790	1104	1698
AT1G71110	193	187	203	262	198	404
AT1G71120	1	5	5	10	4	9
AT1G71130	371	404	476	694	528	650
AT1G71140	434	483	673	905	512	586
AT1G71150	7	3	10	8	7	6
AT1G71160	11	4	12	23	15	31
AT1G71170	522	686	592	1055	907	1151
AT1G71180	564	780	790	612	737	682
AT1G71190	362	378	411	829	560	806
AT1G71200	0	0	1	1	0	0
AT1G71210	503	463	419	432	360	720
AT1G71220	2173	2092	1732	2009	1885	5196
AT1G71230	110	96	95	127	124	150
AT1G71235	0	0	0	4	2	5
AT1G71240	627	581	551	519	489	806
AT1G71250	0	0	2	17	4	19
AT1G71260	956	1182	1011	800	919	992
AT1G71270	1124	1309	1197	541	663	1071
AT1G71280	3	1	3	8	4	12
AT1G71290	0	0	0	3	1	4
AT1G71300	2	1	3	12	9	12
AT1G71310	358	401	393	462	409	513
AT1G71320	0	0	0	0	0	1
AT1G71330	92	109	83	50	52	83
AT1G71340	1697	1656	1832	1485	1400	1242
AT1G71350	760	689	683	686	647	899
AT1G71360	454	556	506	215	270	447
AT1G71370	0	7	0	0	2	1
AT1G71380	12	4	14	5	9	3
AT1G71390	26	2	3	17	18	35
AT1G71400	41	53	46	41	34	63
AT1G71410	1260	1315	1259	1094	1105	1838
AT1G71420	24	14	25	13	15	33
AT1G71430	302	372	350	308	306	350
AT1G71440	609	698	664	489	517	595
AT1G71450	0	0	0	1	0	2
AT1G71460	274	309	275	138	215	170
AT1G71480	2567	2996	3192	3312	2946	3119
AT1G71490	501	686	652	789	649	822
AT1G71500	15729	18421	19258	13885	16207	12325
AT1G71520	12	1	19	123	31	130
AT1G71528	170	159	140	117	155	218
AT1G71530	167	159	134	116	150	216
AT1G71680	0	2	0	0	0	0
AT1G71690	8	2	6	0	4	4
AT1G71691	8	8	9	3	2	4
AT1G71692	2	3	6	2	3	6
AT1G71695	2854	3492	3399	2083	3766	3083
AT1G71696	497	547	548	478	477	562
AT1G71697	488	394	476	764	513	990
AT1G71710	1341	1388	1385	470	659	815
AT1G71720	2741	3063	2656	754	1278	1224
AT1G71730	1260	1477	1478	1354	1360	1563
AT1G71740	8	23	15	6	19	20
AT1G71750	231	236	233	298	233	292
AT1G71760	30	47	30	11	19	23
AT1G71770	13	56	16	69	42	78
AT1G71780	510	500	561	839	635	1001
AT1G71790	429	530	465	456	500	474
AT1G71800	224	245	221	291	267	466
AT1G71810	1920	2041	2023	1253	1491	1646
AT1G71820	2480	2329	2192	1050	1148	2232
AT1G71828	0	1	1	0	0	1
AT1G71830	260	303	279	100	208	173
AT1G71840	1775	1922	1949	1631	1550	2005
AT1G71850	394	411	380	258	279	339
AT1G71860	1459	1523	1621	1450	1355	1892
AT1G71865	149	172	187	242	180	293
AT1G71866	16	24	20	8	16	22
AT1G71870	104	110	64	42	73	52
AT1G71880	3767	4854	4825	8329	5188	6589
AT1G71890	42	49	47	53	63	70
AT1G71900	544	598	583	733	588	744
AT1G71910	74	43	55	309	138	301
AT1G71920	360	331	117	120	108	86
AT1G71930	31	52	41	50	23	45
AT1G71940	215	274	243	380	259	466
AT1G71950	1080	1201	1332	1699	1302	1548
AT1G71960	403	375	354	528	404	642
AT1G71970	782	877	872	906	811	651
AT1G71980	1489	1556	1560	1782	1453	1972
AT1G71990	134	150	169	145	147	170
AT1G72000	2	2	3	15	19	14
AT1G72010	1563	1446	1629	2199	1936	2060
AT1G72020	4296	5306	5265	5896	5440	5822
AT1G72030	2513	2797	3010	3967	3547	3846
AT1G72040	2503	2778	2215	1270	1771	1652
AT1G72050	1258	1405	1215	821	807	1397
AT1G72060	267	147	185	745	299	626
AT1G72070	163	103	148	375	168	360
AT1G72080	0	0	0	1	0	0
AT1G72090	1440	1635	1346	712	999	1162
AT1G72100	2	3	4	13	11	33
AT1G72110	11	47	0	15	14	4
AT1G72120	312	244	416	1185	571	1367
AT1G72125	17	8	13	33	15	40
AT1G72130	1641	1901	2137	1331	1480	1542
AT1G72140	51	55	106	24	48	82
AT1G72150	10752	9643	8804	7425	6332	8642
AT1G72160	2026	2243	2244	1325	1494	1728
AT1G72170	1050	1242	1215	1375	1356	1443
AT1G72175	374	416	422	617	483	777
AT1G72180	2942	3273	3167	2621	2120	3409
AT1G72190	276	344	327	275	241	374
AT1G72200	55	43	50	59	37	41
AT1G72210	99	106	123	77	148	102
AT1G72220	21	18	34	35	25	33
AT1G72230	592	1191	595	272	586	215
AT1G72240	129	90	116	253	166	252
AT1G72250	328	409	247	50	122	136
AT1G72260	95	478	702	11	252	25
AT1G72270	504	570	535	357	354	397
AT1G72280	220	152	207	233	214	387
AT1G72290	0	30	8	0	7	0
AT1G72300	1350	1375	1354	1014	1041	1162
AT1G72310	429	483	491	388	398	356
AT1G72320	1127	1199	1015	698	738	1074
AT1G72330	177	146	245	596	409	878
AT1G72340	463	660	684	773	688	865
AT1G72350	0	0	0	0	0	3
AT1G72360	71	74	91	103	89	102
AT1G72370	16131	19368	18299	12193	14537	13203
AT1G72390	1463	1494	1246	655	885	1720
AT1G72410	1070	1147	943	417	579	1263
AT1G72416	73	97	111	106	65	128
AT1G72420	211	208	177	175	155	295
AT1G72430	4602	5435	5479	2693	2049	2453
AT1G72440	1932	2112	1671	452	680	1203
AT1G72450	3043	3452	3986	3750	3046	4566
AT1G72460	0	1	1	0	1	4
AT1G72470	511	502	486	392	351	491
AT1G72480	1283	1282	1305	1338	1157	1622
AT1G72490	37	19	19	32	20	43
AT1G72500	1523	1628	1705	879	1063	1069
AT1G72510	2447	2931	3292	3044	2079	2972
AT1G72520	408	303	687	814	711	1409
AT1G72530	67	60	63	82	57	84
AT1G72540	56	44	49	66	48	102
AT1G72550	1933	2289	2015	989	1204	1583
AT1G72560	946	836	825	560	562	745
AT1G72570	1	0	0	0	0	0
AT1G72600	58660	73766	59494	32230	38359	40537
AT1G72610	58510	73603	59321	32093	38242	40343
AT1G72620	7	12	10	15	11	8
AT1G72630	372	380	426	504	416	488
AT1G72640	2280	2800	2681	1481	1749	1724
AT1G72645	1036	1277	1158	482	606	365
AT1G72650	970	896	812	482	546	929
AT1G72660	10	11	12	82	26	124
AT1G72670	182	284	227	98	143	171
AT1G72680	440	326	742	1402	676	1578
AT1G72690	100	92	106	165	118	175
AT1G72700	782	662	731	673	567	1440
AT1G72710	2803	2867	3171	4283	3297	5166
AT1G72720	34	37	22	33	34	46
AT1G72730	348	433	352	232	331	332
AT1G72740	924	1149	1075	1032	932	1088
AT1G72750	2019	2319	2428	3179	2364	2978
AT1G72760	24	14	34	61	33	110
AT1G72770	2988	2361	3197	4487	2744	6134
AT1G72780	0	0	0	1	0	2
AT1G72790	248	300	296	515	292	674
AT1G72800	396	436	421	429	333	398
AT1G72810	806	920	1011	545	639	559
AT1G72820	1038	1111	1045	887	931	804
AT1G72830	152	155	129	178	126	284
AT1G72840	178	131	126	165	139	331
AT1G72850	78	93	79	123	71	138
AT1G72852	34	47	40	76	33	68
AT1G72855	130	185	142	224	189	477
AT1G72860	140	208	157	239	203	534
AT1G72870	12	8	12	17	9	24
AT1G72880	1401	1476	1414	1283	1200	1196
AT1G72890	292	237	207	697	435	855
AT1G72900	418	167	379	1525	560	1913
AT1G72910	1682	1043	975	2017	1308	1836
AT1G72920	191	208	271	419	366	388
AT1G72930	10319	9961	8277	21007	14372	19288
AT1G72940	357	378	435	631	532	771
AT1G72950	39	22	23	80	39	56
AT1G72960	9	12	4	17	12	62
AT1G72970	4838	5766	4719	1592	3807	2036
AT1G72980	0	2	2	3	0	2
AT1G72990	304	363	313	267	212	394
AT1G73000	15	4	14	27	9	23
AT1G73010	74	53	172	867	229	1233
AT1G73020	455	517	469	209	260	265
AT1G73030	1286	1235	1371	2311	1770	2372
AT1G73040	47	106	75	134	118	187
AT1G73050	3	4	6	1	6	8
AT1G73060	4583	5162	5465	4530	5137	4936
AT1G73066	11	15	10	20	12	26
AT1G73080	1004	1010	1007	595	842	1041
AT1G73090	646	755	699	691	722	880
AT1G73100	623	604	629	392	449	557
AT1G73110	2586	2937	3218	1216	1705	1311
AT1G73120	10	8	14	13	12	5
AT1G73130	199	224	199	189	163	324
AT1G73140	13	25	20	14	12	29
AT1G73150	208	218	164	196	173	278
AT1G73160	0	0	0	3	0	0
AT1G73165	0	0	1	0	0	0
AT1G73170	2242	2378	2378	2449	2201	3383
AT1G73177	376	416	411	335	316	326
AT1G73180	893	1125	981	835	878	1358
AT1G73190	9	15	16	24	15	20
AT1G73200	999	966	1010	783	816	1343
AT1G73210	133	150	181	215	183	193
AT1G73220	21	21	1	56	33	126
AT1G73230	5219	6951	6196	3643	4351	4542
AT1G73240	506	618	564	493	457	548
AT1G73250	447	475	538	672	485	811
AT1G73260	336	311	786	4892	1640	6490
AT1G73270	0	0	1	5	5	11
AT1G73280	0	0	0	3	0	8
AT1G73290	0	1	0	3	0	11
AT1G73300	0	3	1	7	2	14
AT1G73310	312	341	275	149	162	234
AT1G73320	262	223	213	189	170	214
AT1G73325	622	1042	1719	2094	2040	2087
AT1G73330	1016	461	950	267	218	327
AT1G73340	2	3	0	0	6	15
AT1G73350	570	679	648	421	368	579
AT1G73360	225	219	203	136	184	171
AT1G73370	240	316	198	56	72	178
AT1G73380	281	328	312	479	376	497
AT1G73390	1438	1518	1475	1566	1483	2263
AT1G73400	120	87	106	104	101	161
AT1G73410	8	10	5	3	10	6
AT1G73430	1242	1248	1258	620	727	1204
AT1G73440	296	367	353	328	357	413
AT1G73450	536	494	457	197	275	469
AT1G73460	1233	1187	1035	547	526	1179
AT1G73470	830	1132	1012	1124	1084	1012
AT1G73480	1370	1183	2304	4068	1894	4225
AT1G73490	1602	1812	1603	1467	1390	1920
AT1G73500	213	166	208	1202	643	1132
AT1G73510	0	1	5	11	0	31
AT1G73530	1641	2015	1819	1866	2058	2031
AT1G73540	642	589	601	740	851	672
AT1G73550	21	28	29	3	13	4
AT1G73570	278	318	259	177	236	276
AT1G73580	2	1	1	0	3	0
AT1G73590	661	858	662	410	525	461
AT1G73600	33965	40333	39325	17573	38768	18458
AT1G73602	29876	36212	35156	15832	35221	16846
AT1G73603	0	0	0	2	0	0
AT1G73607	1	0	0	0	1	0
AT1G73610	1	0	1	0	0	0
AT1G73620	104	160	136	70	101	83
AT1G73630	397	450	457	432	379	337
AT1G73640	48	66	55	30	43	25
AT1G73650	3111	2513	2792	3996	2676	3939
AT1G73655	3412	4058	4075	2763	3454	2310
AT1G73660	2513	2727	2466	1568	1717	2411
AT1G73670	1412	1321	1328	1178	1028	1620
AT1G73680	1005	1150	1226	1300	999	1675
AT1G73687	9	13	9	23	16	21
AT1G73690	42	55	50	39	54	30
AT1G73700	37	38	36	64	53	76
AT1G73710	756	794	759	565	600	856
AT1G73720	655	770	762	543	633	857
AT1G73730	678	742	733	435	515	719
AT1G73740	488	450	597	623	534	590
AT1G73750	560	521	550	1437	871	1530
AT1G73760	475	561	523	604	503	578
AT1G73770	157	160	178	113	136	155
AT1G73780	1	2	0	5	1	7
AT1G73790	178	202	206	295	210	303
AT1G73805	678	163	262	1610	825	1818
AT1G73810	37	7	70	383	117	403
AT1G73820	181	188	174	282	222	334
AT1G73830	95	91	116	44	54	56
AT1G73840	941	1155	1270	1317	1179	1459
AT1G73850	121	166	123	71	80	158
AT1G73860	11	25	24	4	11	9
AT1G73870	5174	5801	5904	3782	4224	3035
AT1G73875	312	366	307	254	276	357
AT1G73880	256	330	303	367	292	452
AT1G73885	10197	11490	11938	10467	10697	8868
AT1G73890	123	145	110	72	57	107
AT1G73900	0	0	0	0	0	1
AT1G73910	14	13	16	14	8	17
AT1G73920	2672	2591	2913	2403	2216	2945
AT1G73930	804	990	928	546	648	895
AT1G73940	1080	1515	1280	933	1106	1023
AT1G73950	659	653	684	874	762	837
AT1G73960	1580	1637	1252	544	705	1312
AT1G73965	8	5	20	27	20	20
AT1G73970	505	478	497	389	385	599
AT1G73980	649	721	656	658	643	1024
AT1G73990	4796	4945	4985	3130	4014	4343
AT1G74000	30	37	45	55	34	60
AT1G74010	48	72	307	607	272	901
AT1G74020	389	417	953	1636	699	2086
AT1G74030	559	708	780	252	486	400
AT1G74040	1625	1913	1645	709	1110	947
AT1G74045	0	0	0	3	2	11
AT1G74050	7065	8513	8086	5385	6096	6829
AT1G74055	19	29	19	8	12	13
AT1G74060	6439	8491	7628	5372	6342	7240
AT1G74070	3586	3878	4150	2156	3314	1721
AT1G74080	0	0	4	11	6	10
AT1G74088	71	69	74	115	110	124
AT1G74090	3468	3665	3798	2644	3181	2484
AT1G74100	2447	2378	2733	2356	2551	3519
AT1G74120	165	212	170	151	141	205
AT1G74130	11	10	7	2	12	3
AT1G74140	0	0	0	32	9	29
AT1G74150	35	42	26	6	10	21
AT1G74160	1446	1592	1303	377	643	933
AT1G74170	394	408	332	318	275	592
AT1G74180	234	209	169	82	101	164
AT1G74190	0	1	1	1	1	2
AT1G74200	51	44	25	58	41	88
AT1G74205	17	22	28	18	15	28
AT1G74210	553	630	659	881	764	1399
AT1G74220	0	0	1	3	0	3
AT1G74230	3705	3966	4147	5354	4391	6166
AT1G74240	179	202	186	194	157	203
AT1G74250	1340	1479	1221	335	491	848
AT1G74260	4671	4384	3633	1470	2371	3140
AT1G74270	2727	3448	3350	3308	3010	3373
AT1G74280	198	157	189	317	255	390
AT1G74290	304	293	447	909	411	433
AT1G74300	358	305	321	721	489	894
AT1G74310	1516	1122	1423	494	546	1207
AT1G74320	580	678	565	338	379	517
AT1G74330	524	565	557	368	337	708
AT1G74340	684	655	740	829	726	930
AT1G74350	57	37	48	62	50	111
AT1G74360	387	200	414	482	320	895
AT1G74370	672	777	796	629	652	764
AT1G74380	1905	2071	2221	1193	1507	1735
AT1G74390	194	263	252	100	152	156
AT1G74400	21	12	19	26	16	44
AT1G74410	422	356	510	903	680	963
AT1G74420	49	74	59	55	67	95
AT1G74430	217	286	395	485	384	618
AT1G74440	344	331	336	892	596	1068
AT1G74450	711	738	880	593	594	765
AT1G74453	170	227	189	110	147	119
AT1G74456	84	94	99	76	57	70
AT1G74458	81	80	116	152	101	112
AT1G74460	16	1	11	19	13	14
AT1G74470	52544	60468	57466	35686	50129	41503
AT1G74480	1	6	5	12	11	35
AT1G74490	14	6	7	13	16	29
AT1G74510	1037	1058	1062	815	824	988
AT1G74520	1294	1451	1530	1517	1474	1479
AT1G74530	795	1049	980	812	780	792
AT1G74540	69	52	82	39	87	59
AT1G74545	11	12	14	6	11	22
AT1G74550	73	52	64	23	54	45
AT1G74560	2809	3429	2635	1736	2031	2141
AT1G74580	155	139	134	66	69	110
AT1G74590	174	128	170	771	335	808
AT1G74600	167	86	115	119	120	191
AT1G74620	0	0	0	0	0	1
AT1G74630	26	31	17	18	16	25
AT1G74640	2607	2814	2932	3857	3479	3907
AT1G74650	47	72	48	37	29	48
AT1G74660	24	22	22	26	19	16
AT1G74670	1403	2064	1491	688	1042	231
AT1G74680	269	246	213	377	315	506
AT1G74690	2068	2767	2113	448	1037	1200
AT1G74700	96	91	87	121	103	111
AT1G74710	980	516	691	1312	1082	1754
AT1G74720	2228	2475	2130	1727	1903	2059
AT1G74730	10077	12172	12151	9492	10791	8146
AT1G74740	309	317	234	141	183	197
AT1G74750	375	341	319	269	301	414
AT1G74770	111	105	91	77	102	92
AT1G74780	606	551	603	629	582	796
AT1G74790	751	856	1192	993	915	1112
AT1G74800	461	595	483	351	372	537
AT1G74810	319	337	286	139	255	204
AT1G74830	0	1	0	4	4	25
AT1G74840	1375	1450	1351	1534	1310	1686
AT1G74850	2926	3138	2521	1197	1614	2069
AT1G74860	325	343	352	207	217	355
AT1G74870	32	44	55	116	60	210
AT1G74875	127	132	140	103	95	132
AT1G74880	4160	5105	5396	3528	4145	3576
AT1G74890	564	607	601	150	398	117
AT1G74900	114	124	115	112	111	125
AT1G74910	3426	4026	4039	3439	3398	3632
AT1G74920	4730	5379	5668	5244	5463	8157
AT1G74929	0	4	3	12	5	14
AT1G74930	32	5	25	235	214	140
AT1G74940	199	280	356	673	455	593
AT1G74950	824	837	1261	1121	957	1755
AT1G74960	6638	7387	7031	5556	5844	6581
AT1G74970	9331	10645	10816	7843	9669	8353
AT1G75000	365	367	336	409	320	356
AT1G75010	826	891	802	548	631	859
AT1G75020	413	372	452	594	404	558
AT1G75030	167	425	178	169	238	230
AT1G75040	1335	1143	1869	5063	2928	5346
AT1G75050	13	22	15	7	44	34
AT1G75060	60	87	66	35	48	49
AT1G75080	951	955	1038	1159	1100	1315
AT1G75090	89	94	94	62	96	71
AT1G75100	3838	4374	4020	2625	2567	3360
AT1G75110	91	100	92	63	59	134
AT1G75120	132	143	122	66	81	138
AT1G75130	573	534	555	703	609	1051
AT1G75140	250	309	276	339	342	407
AT1G75150	162	240	166	9	49	80
AT1G75160	0	0	0	1	0	0
AT1G75163	34	24	38	23	13	27
AT1G75166	69	78	82	65	62	67
AT1G75170	614	548	652	1007	571	1433
AT1G75180	1457	1653	1562	1599	1366	1587
AT1G75190	86	117	80	133	93	122
AT1G75200	944	1039	960	583	766	913
AT1G75210	2261	2538	2297	1189	1650	1560
AT1G75220	2470	2370	3082	2907	2106	3257
AT1G75230	396	437	436	497	473	527
AT1G75240	693	781	824	476	790	522
AT1G75250	131	156	81	83	104	73
AT1G75260	35	39	31	16	5	24
AT1G75270	656	775	888	2426	1398	2357
AT1G75280	5808	6723	6815	5220	6187	5849
AT1G75290	59	79	51	79	55	106
AT1G75295	284	353	303	320	285	542
AT1G75300	186	234	200	219	185	394
AT1G75310	599	695	450	100	169	380
AT1G75330	3344	3885	3912	3939	3951	4159
AT1G75335	144	105	135	205	169	210
AT1G75340	753	871	795	410	508	672
AT1G75350	10815	12157	12722	7569	9617	8253
AT1G75360	94	96	99	77	82	68
AT1G75370	1666	1840	1872	2796	2062	3211
AT1G75380	7325	7662	6714	12614	8492	9972
AT1G75388	197	258	198	272	209	196
AT1G75390	197	258	198	272	209	196
AT1G75400	708	719	768	949	787	1239
AT1G75410	2089	1708	2010	1987	1415	2195
AT1G75420	480	446	487	471	422	619
AT1G75430	2	3	2	2	1	2
AT1G75440	284	326	360	418	323	377
AT1G75450	249	344	299	338	284	312
AT1G75460	5969	6743	6619	6497	6775	4538
AT1G75470	0	0	1	6	0	19
AT1G75490	17	25	41	44	25	47
AT1G75500	6224	7951	6998	4737	5469	4352
AT1G75510	950	902	989	1129	901	1229
AT1G75520	37	54	42	22	39	30
AT1G75530	0	2	0	0	0	1
AT1G75540	432	442	503	638	459	552
AT1G75550	216	207	184	123	132	177
AT1G75560	1937	1904	2031	2587	2010	2879
AT1G75580	135	122	241	335	224	316
AT1G75590	40	57	50	30	49	17
AT1G75600	1	0	11	6	2	11
AT1G75620	34	26	27	16	20	19
AT1G75630	2412	2610	2990	4030	3025	3683
AT1G75640	117	151	111	33	83	51
AT1G75660	2837	2611	2480	2044	2366	3783
AT1G75670	265	379	309	279	282	330
AT1G75680	4527	4845	4751	2422	3655	3031
AT1G75690	9923	12289	11993	6750	9697	4989
AT1G75700	23	18	12	7	17	8
AT1G75710	586	666	597	411	626	562
AT1G75720	26	25	17	10	12	14
AT1G75730	376	404	381	175	160	262
AT1G75740	0	0	0	4	0	3
AT1G75750	11806	6454	6683	12517	3402	10578
AT1G75760	626	682	795	856	615	791
AT1G75770	301	277	324	315	207	343
AT1G75780	494	848	494	136	339	178
AT1G75790	38	38	24	9	33	11
AT1G75800	1116	1427	1284	1850	1677	2283
AT1G75810	589	526	625	1070	680	959
AT1G75820	1729	1795	1649	1482	1619	1517
AT1G75830	8	14	13	15	0	2
AT1G75840	1715	1820	1645	1273	1289	1348
AT1G75850	1166	1149	1168	911	943	1460
AT1G75860	452	466	475	509	354	719
AT1G75870	0	0	0	0	1	0
AT1G75880	101	101	85	80	177	80
AT1G75890	25	38	31	14	24	15
AT1G75891	5	12	13	4	8	5
AT1G75900	708	766	849	928	881	722
AT1G75910	327	333	142	30	344	50
AT1G75920	21	37	20	10	39	12
AT1G75930	88	260	35	12	85	16
AT1G75940	288	292	220	76	430	117
AT1G75950	6746	7619	8264	9263	7651	8602
AT1G75960	159	259	248	265	290	267
AT1G75970	0	0	0	0	0	1
AT1G75980	266	347	302	243	230	255
AT1G75990	694	925	722	584	616	865
AT1G76000	0	1	0	0	0	0
AT1G76010	9785	9671	9614	7309	7562	7446
AT1G76020	534	734	757	871	904	661
AT1G76030	7068	6797	7903	7660	6932	8732
AT1G76040	343	332	347	653	421	980
AT1G76050	855	1036	944	716	825	1138
AT1G76060	378	412	476	682	535	757
AT1G76062	9	13	10	27	11	38
AT1G76065	103	118	119	283	145	314
AT1G76070	180	146	257	579	296	633
AT1G76080	19918	22600	23350	22291	20414	18370
AT1G76090	1122	1611	1467	1074	841	1520
AT1G76100	8651	11719	10067	7763	9341	8631
AT1G76110	1863	2186	1728	1477	1495	1303
AT1G76120	321	350	366	259	249	366
AT1G76130	1752	1969	1942	2041	1337	1908
AT1G76135	3	2	8	10	10	7
AT1G76140	1471	1663	1655	1341	1482	1912
AT1G76150	877	939	987	2029	1345	2433
AT1G76160	4111	5297	5468	3122	3194	3898
AT1G76170	119	120	106	201	121	371
AT1G76180	8628	9315	11003	25209	14187	25888
AT1G76185	111	124	146	283	175	275
AT1G76190	22	25	29	13	33	19
AT1G76200	4581	5824	5829	5566	5281	5687
AT1G76210	0	2	3	4	0	10
AT1G76220	3	1	1	1	1	13
AT1G76230	2	4	3	3	2	0
AT1G76240	651	653	543	268	469	263
AT1G76250	35	31	33	24	22	37
AT1G76260	241	284	273	256	246	382
AT1G76270	284	359	312	246	284	453
AT1G76280	632	678	625	339	357	560
AT1G76290	1	0	0	0	0	0
AT1G76300	957	1168	1156	1118	1075	1204
AT1G76310	159	254	183	42	100	74
AT1G76320	511	537	489	232	270	545
AT1G76340	434	481	529	454	356	538
AT1G76350	840	795	729	408	427	764
AT1G76360	632	595	827	1143	1013	1416
AT1G76370	0	0	0	1	0	2
AT1G76380	305	409	316	186	209	445
AT1G76390	468	503	565	391	353	953
AT1G76400	1290	1603	1450	1104	1163	1628
AT1G76405	581	682	581	422	501	501
AT1G76410	61	83	57	67	75	62
AT1G76420	54	46	73	61	62	80
AT1G76430	0	1	1	7	0	8
AT1G76440	226	302	258	291	266	342
AT1G76450	4860	5568	6046	3304	3892	3329
AT1G76460	562	606	623	774	642	807
AT1G76470	83	5	15	106	26	169
AT1G76480	3	0	0	18	2	13
AT1G76490	9477	9406	10627	11883	9503	12007
AT1G76500	9	1	5	1	0	1
AT1G76510	446	560	483	593	536	743
AT1G76520	1087	1330	1278	3036	1534	2645
AT1G76530	149	194	183	127	86	90
AT1G76540	348	593	453	132	374	188
AT1G76550	894	1256	977	711	886	1047
AT1G76560	253	187	252	381	279	410
AT1G76570	1271	1258	1344	1151	1071	1022
AT1G76580	452	419	365	348	282	778
AT1G76590	35	43	68	204	139	268
AT1G76600	108	99	153	438	295	349
AT1G76610	16	16	13	12	11	9
AT1G76620	310	421	342	292	329	406
AT1G76630	770	790	745	506	503	1013
AT1G76640	4	0	13	36	11	136
AT1G76650	43	3	104	291	57	588
AT1G76660	432	556	482	514	464	638
AT1G76670	3479	3762	4188	3602	3420	4124
AT1G76680	985	1270	1564	2232	1576	2076
AT1G76690	134	208	209	308	275	346
AT1G76700	594	478	574	496	399	740
AT1G76705	32	21	37	30	22	24
AT1G76710	331	468	336	172	225	380
AT1G76720	481	585	381	101	182	233
AT1G76728	0	0	0	1	0	1
AT1G76730	2492	3057	3072	2761	2801	2631
AT1G76740	137	182	70	14	30	44
AT1G76760	40	54	59	76	52	86
AT1G76770	8	14	3	3	6	4
AT1G76780	87	123	65	18	19	67
AT1G76790	78	37	151	209	192	1147
AT1G76800	135	99	113	191	128	206
AT1G76810	5592	6693	5177	1641	2409	4364
AT1G76820	298	281	234	165	137	435
AT1G76830	0	2	0	0	0	1
AT1G76850	2644	2418	2357	1206	1364	2064
AT1G76860	951	1042	1089	1263	1039	1185
AT1G76870	72	67	64	99	84	162
AT1G76878	1387	1598	1440	1079	1169	1183
AT1G76880	1975	2287	2030	1523	1629	1674
AT1G76890	1196	1427	1300	501	665	808
AT1G76892	757	824	713	292	408	499
AT1G76900	1252	1322	1345	922	951	1423
AT1G76920	774	770	874	968	751	975
AT1G76930	786	1031	5076	2395	1361	2590
AT1G76940	430	456	469	568	465	628
AT1G76950	1133	1151	965	539	710	793
AT1G76952	14	14	25	11	9	2
AT1G76954	2	0	0	9	2	8
AT1G76955	222	262	231	650	481	559
AT1G76960	1649	2205	1480	9952	4926	9769
AT1G76965	1	5	1	14	5	14
AT1G76970	383	260	360	951	596	1205
AT1G76980	181	131	222	625	332	616
AT1G76990	4616	5158	4814	2950	3343	3686
AT1G76994	9	4	4	5	3	7
AT1G77000	137	122	217	406	207	479
AT1G77010	12	18	17	12	12	25
AT1G77020	81	141	97	57	44	67
AT1G77030	1181	1266	832	293	416	606
AT1G77060	1145	1309	1246	725	1101	897
AT1G77080	1075	1165	1184	1025	889	1103
AT1G77090	3052	3472	3500	2641	3075	2575
AT1G77093	0	0	0	1	1	1
AT1G77100	0	2	0	0	0	0
AT1G77110	147	176	125	58	111	111
AT1G77120	222	184	1086	576	351	719
AT1G77122	878	999	921	630	638	675
AT1G77130	898	1101	1181	1026	982	1779
AT1G77138	35	51	45	22	32	76
AT1G77140	620	643	680	423	432	656
AT1G77145	40	44	44	86	61	67
AT1G77150	0	0	0	0	2	0
AT1G77160	0	0	0	0	0	1
AT1G77170	87	98	103	89	72	204
AT1G77180	3350	3612	3246	2412	2712	4372
AT1G77190	0	0	0	1	0	0
AT1G77200	30	42	46	47	61	47
AT1G77210	152	122	124	225	168	218
AT1G77220	514	472	487	495	393	693
AT1G77230	434	452	421	624	421	921
AT1G77240	242	288	250	476	305	738
AT1G77250	281	269	244	145	169	262
AT1G77260	1366	1455	1487	1748	1490	1971
AT1G77270	383	445	226	58	123	187
AT1G77280	420	350	400	437	522	698
AT1G77290	114	127	120	141	121	189
AT1G77300	1715	1721	1166	411	565	1573
AT1G77310	150	199	167	72	113	208
AT1G77320	182	230	185	60	111	179
AT1G77330	23	25	21	26	20	25
AT1G77340	2	0	0	0	0	2
AT1G77350	719	759	809	1186	928	1346
AT1G77360	47	36	38	27	28	53
AT1G77370	1063	942	1234	3988	2145	4261
AT1G77380	15	35	34	66	27	66
AT1G77390	34	33	44	21	26	39
AT1G77400	175	197	190	203	244	217
AT1G77405	17	20	14	16	29	19
AT1G77410	135	164	94	38	73	129
AT1G77420	378	386	473	668	476	954
AT1G77440	1204	1314	1455	1690	1512	2013
AT1G77450	162	165	309	1189	573	1390
AT1G77460	774	745	592	196	378	549
AT1G77470	532	631	526	273	441	418
AT1G77480	610	648	653	496	459	681
AT1G77490	4839	5896	5770	3821	5117	2878
AT1G77500	558	465	549	429	385	802
AT1G77510	1536	1221	1529	3448	2759	6836
AT1G77520	34	27	26	25	39	20
AT1G77525	0	0	0	2	1	2
AT1G77530	1	0	1	1	0	2
AT1G77540	817	945	967	1160	952	1084
AT1G77550	709	742	617	249	393	508
AT1G77570	41	82	77	97	67	77
AT1G77580	640	840	581	150	239	350
AT1G77590	1823	2313	1852	656	1398	901
AT1G77600	655	703	535	218	283	470
AT1G77610	1331	1491	1467	1622	1395	1595
AT1G77620	298	305	250	107	147	245
AT1G77630	575	698	597	166	351	225
AT1G77640	14	21	32	28	6	22
AT1G77655	0	2	0	0	1	0
AT1G77660	177	194	179	261	193	283
AT1G77670	1197	1323	1337	750	953	911
AT1G77680	1050	1000	1132	1373	1263	2281
AT1G77690	444	497	380	186	296	181
AT1G77700	72	87	69	53	40	43
AT1G77710	2339	2880	2960	3956	3020	3504
AT1G77720	306	286	250	128	211	262
AT1G77730	4	0	2	4	4	9
AT1G77740	3212	2847	2576	1717	1943	2470
AT1G77750	528	662	609	544	549	639
AT1G77760	4303	3570	4415	4726	4934	6028
AT1G77765	6	8	25	18	12	28
AT1G77770	503	578	552	839	600	881
AT1G77790	3	1	1	7	4	8
AT1G77800	3715	3192	2723	1030	1345	2497
AT1G77810	190	175	176	268	198	382
AT1G77815	0	0	0	1	1	3
AT1G77840	1804	2019	2134	2084	1701	2575
AT1G77850	286	309	295	633	435	730
AT1G77855	59	83	69	74	55	73
AT1G77860	12	15	10	9	12	14
AT1G77870	110	161	105	59	82	53
AT1G77880	23	30	43	38	30	48
AT1G77885	313	331	364	399	383	453
AT1G77890	214	209	223	326	250	451
AT1G77920	311	304	328	559	286	796
AT1G77930	2458	3007	3093	2697	2395	2644
AT1G77932	2	1	2	12	3	9
AT1G77940	7920	9603	9369	5560	6509	6575
AT1G77950	0	3	2	5	7	4
AT1G77960	2	5	7	7	20	8
AT1G77980	0	1	0	0	0	0
AT1G77990	476	622	579	663	577	720
AT1G77992	118	106	95	144	99	134
AT1G78000	30	40	47	203	93	284
AT1G78010	841	985	880	598	653	789
AT1G78020	5685	6904	7445	5609	6618	4057
AT1G78030	412	521	501	270	300	294
AT1G78040	14776	16689	16467	12328	13092	11804
AT1G78050	189	231	292	125	116	118
AT1G78060	1446	1632	1704	732	1076	1011
AT1G78070	1861	1898	2215	1685	1563	2613
AT1G78080	3617	3572	4279	7894	5735	8762
AT1G78090	17	34	28	22	24	22
AT1G78100	2397	2610	2953	2340	2322	1890
AT1G78110	383	461	387	208	225	211
AT1G78120	178	159	205	50	73	86
AT1G78130	180	212	192	251	213	384
AT1G78140	2401	2319	2638	2139	2367	1905
AT1G78150	2540	2685	2851	2760	2378	3076
AT1G78160	0	4	0	0	4	1
AT1G78170	315	404	371	176	341	197
AT1G78172	31	40	27	41	45	59
AT1G78180	983	1257	1178	647	801	688
AT1G78190	149	150	141	296	190	305
AT1G78200	952	987	955	1368	926	1472
AT1G78206	19	38	26	8	7	9
AT1G78210	689	914	843	1200	1094	1080
AT1G78230	2564	2817	2827	1509	1775	1904
AT1G78240	1628	2088	1890	1570	1656	2127
AT1G78250	0	0	1	0	0	0
AT1G78260	146	280	139	58	112	67
AT1G78265	239	376	308	569	416	710
AT1G78270	317	513	403	772	564	910
AT1G78280	805	787	816	561	490	1156
AT1G78290	2203	2266	1940	1251	1251	1412
AT1G78300	4895	5546	5864	4875	4729	5018
AT1G78310	103	127	178	167	155	256
AT1G78320	146	188	155	112	85	85
AT1G78340	2	3	3	53	18	36
AT1G78360	1	0	0	0	1	5
AT1G78370	14356	15879	16738	13922	18950	15691
AT1G78380	11661	10051	16460	36721	20394	35279
AT1G78390	1	0	4	6	3	17
AT1G78400	0	0	2	1	1	0
AT1G78410	48	11	16	316	109	241
AT1G78420	697	623	743	1027	813	1232
AT1G78430	150	261	149	51	112	72
AT1G78440	43	32	26	11	43	8
AT1G78450	469	538	505	335	320	390
AT1G78460	197	442	256	510	394	479
AT1G78476	208	180	167	243	190	290
AT1G78480	99	97	91	95	106	118
AT1G78490	1505	1634	2000	1083	1343	1956
AT1G78500	1	0	0	1	1	5
AT1G78510	5608	5632	6321	3421	3450	3939
AT1G78520	26	31	20	20	26	6
AT1G78530	68	96	72	22	49	42
AT1G78540	327	346	266	149	168	243
AT1G78550	244	252	275	276	198	332
AT1G78560	1329	1458	1547	1747	1824	1960
AT1G78570	11912	12171	12995	5464	7539	9743
AT1G78580	2409	3057	2106	501	1027	1105
AT1G78590	252	295	289	375	312	643
AT1G78600	303	250	330	762	470	1029
AT1G78610	1014	937	1193	777	608	1083
AT1G78620	1947	1873	2137	3495	2501	3316
AT1G78630	17700	22625	22279	11260	17250	12192
AT1G78650	282	370	264	81	146	220
AT1G78660	1061	1100	1467	1827	1468	2248
AT1G78670	764	925	1205	2002	1293	2104
AT1G78680	2221	2714	3248	4950	4193	4695
AT1G78690	362	412	413	523	463	600
AT1G78700	481	594	580	485	482	606
AT1G78710	93	155	128	122	107	143
AT1G78720	4	9	5	5	1	9
AT1G78730	129	189	177	151	148	224
AT1G78750	59	60	77	52	38	69
AT1G78760	3	13	3	1	7	4
AT1G78770	194	247	174	116	148	209
AT1G78780	43	29	45	192	57	243
AT1G78790	337	381	385	355	315	308
AT1G78800	608	678	755	765	630	1151
AT1G78810	242	299	275	270	198	300
AT1G78815	20	2	9	6	4	12
AT1G78820	1765	2220	2303	781	1712	808
AT1G78830	3296	3678	5365	4234	2620	4108
AT1G78840	0	3	1	1	0	3
AT1G78850	1756	1815	3582	3873	2018	4619
AT1G78860	20	26	51	11	20	25
AT1G78865	99	145	137	50	71	59
AT1G78870	1154	1377	1331	1426	1173	1657
AT1G78880	1430	1386	1341	1540	1573	1916
AT1G78882	1430	1386	1341	1540	1573	1916
AT1G78890	714	858	928	1180	885	1224
AT1G78895	309	328	367	753	525	788
AT1G78900	18250	17847	21253	17166	18178	24336
AT1G78910	105	153	94	142	106	235
AT1G78915	1234	1556	1491	833	1141	867
AT1G78920	4012	3769	3904	3974	3573	5057
AT1G78922	37	43	36	65	61	91
AT1G78930	224	182	168	146	107	194
AT1G78940	69	82	80	35	45	134
AT1G78950	43	86	40	64	70	113
AT1G78955	31	35	32	18	29	33
AT1G78960	294	323	267	266	344	354
AT1G78970	580	675	540	101	157	178
AT1G78990	20	7	10	69	22	120
AT1G78995	484	610	647	698	607	780
AT1G79000	2512	2045	1638	603	783	1765
AT1G79010	2820	3427	3405	2970	2921	3354
AT1G79020	362	446	391	290	249	388
AT1G79030	539	576	542	336	371	423
AT1G79040	210738	241394	243961	275585	277716	201615
AT1G79050	1776	1897	1851	1731	1682	1979
AT1G79060	260	268	312	195	201	179
AT1G79070	145	187	154	176	157	160
AT1G79075	794	969	831	670	739	471
AT1G79080	558	658	613	375	380	580
AT1G79090	2037	1944	2046	2074	1759	3124
AT1G79100	0	1	6	4	4	3
AT1G79110	765	894	874	1037	857	1128
AT1G79120	28	23	28	17	28	28
AT1G79150	737	936	600	133	234	347
AT1G79160	667	713	737	889	734	786
AT1G79170	60	88	102	27	51	21
AT1G79180	6	5	13	11	5	24
AT1G79190	523	519	442	310	295	548
AT1G79200	305	401	309	219	255	433
AT1G79210	1581	1614	1708	2036	1754	2202
AT1G79220	89	116	156	207	157	437
AT1G79230	4327	5162	5599	4455	4740	5520
AT1G79240	0	0	0	11	2	17
AT1G79250	4	1	3	0	3	2
AT1G79260	473	527	633	544	494	683
AT1G79270	3010	2473	3133	2452	1942	3640
AT1G79280	3561	3650	2349	538	756	1941
AT1G79290	0	1	0	0	0	0
AT1G79300	0	1	0	0	0	0
AT1G79310	25	10	20	21	21	50
AT1G79320	2	1	0	5	4	3
AT1G79330	5	2	7	3	4	8
AT1G79340	3545	3532	3862	3093	3273	4786
AT1G79350	1709	1539	1265	736	916	1273
AT1G79360	52	65	38	18	44	29
AT1G79380	2259	2293	1941	1781	1662	2750
AT1G79390	640	789	750	875	778	864
AT1G79400	1	6	3	42	29	70
AT1G79410	328	315	482	518	392	413
AT1G79420	124	169	164	73	102	100
AT1G79430	694	736	703	466	472	521
AT1G79440	330	316	607	665	414	803
AT1G79450	42	18	72	275	107	304
AT1G79460	118	190	129	83	131	203
AT1G79470	258	311	279	220	246	267
AT1G79480	20	39	27	8	16	18
AT1G79490	308	327	281	162	208	274
AT1G79500	2620	2929	3090	1876	1999	2569
AT1G79510	2209	2447	2619	1529	1613	2002
AT1G79520	1417	1502	1952	2327	1562	2907
AT1G79529	155	214	198	170	209	261
AT1G79530	670	849	846	771	986	1277
AT1G79540	314	287	305	268	201	381
AT1G79550	15048	16694	18640	16569	16069	20435
AT1G79560	2770	2951	2487	722	1398	1615
AT1G79570	2067	1810	1952	1135	1296	2239
AT1G79580	2	3	0	5	1	5
AT1G79590	641	696	772	1002	788	1099
AT1G79600	10892	12033	10864	9815	10794	10536
AT1G79610	677	654	662	942	692	1241
AT1G79620	340	405	280	145	197	317
AT1G79630	536	553	593	216	300	370
AT1G79640	265	337	288	232	243	323
AT1G79650	791	985	922	738	829	884
AT1G79660	445	600	533	633	614	639
AT1G79670	441	492	448	501	492	855
AT1G79680	45	12	40	85	52	126
AT1G79690	1901	1845	1834	1264	1288	2609
AT1G79700	152	218	164	169	148	179
AT1G79710	706	959	916	892	822	1064
AT1G79720	1003	1383	1248	946	987	1068
AT1G79730	965	1088	855	791	772	1058
AT1G79740	909	917	783	761	648	1051
AT1G79750	7457	8223	6891	8073	7413	10451
AT1G79760	46	82	73	30	35	40
AT1G79770	242	329	271	240	258	189
AT1G79780	59	74	56	43	67	94
AT1G79790	1177	1575	1450	1299	1442	1332
AT1G79800	12	14	0	6	8	16
AT1G79810	923	984	872	823	847	1364
AT1G79820	581	654	582	555	593	812
AT1G79830	3154	3504	2796	1121	1505	2812
AT1G79840	475	633	400	387	538	565
AT1G79850	14443	17825	18004	10302	15622	9621
AT1G79860	0	0	0	13	5	14
AT1G79870	1689	2240	2068	1995	2177	2406
AT1G79880	408	452	377	326	360	518
AT1G79890	53	53	48	17	20	52
AT1G79900	27	36	37	273	109	398
AT1G79910	113	141	99	96	95	234
AT1G79915	3	5	4	20	7	66
AT1G79920	16881	16295	16837	8583	9817	11824
AT1G79930	4676	4882	4821	4385	4239	6458
AT1G79940	2012	2252	2078	1646	1616	2232
AT1G79950	635	661	495	240	324	505
AT1G79960	36	59	70	44	47	102
AT1G79970	1103	1188	1347	1986	1581	2246
AT1G79980	1	3	1	0	0	3
AT1G79990	2918	3145	2837	2398	2446	3793
AT1G80000	1458	1437	1399	1592	1428	2001
AT1G80010	883	1060	913	904	918	1293
AT1G80030	4448	4604	4649	3451	3830	3858
AT1G80040	1791	2012	2116	2745	2108	2879
AT1G80050	1003	1347	1209	548	1070	522
AT1G80060	99	90	75	71	102	103
AT1G80070	8202	6605	4807	1885	2937	5633
AT1G80080	427	533	444	165	386	334
AT1G80090	0	1	1	3	0	9
AT1G80100	8	1	8	0	1	2
AT1G80110	56	50	100	482	256	420
AT1G80120	158	202	182	314	237	403
AT1G80130	588	775	1277	1221	854	1261
AT1G80133	0	0	2	0	0	1
AT1G80140	2	0	0	0	0	0
AT1G80150	260	270	238	179	189	269
AT1G80160	117	50	502	720	122	1350
AT1G80170	171	210	191	173	182	163
AT1G80180	2576	3027	2929	4428	3192	3255
AT1G80190	187	214	195	95	121	119
AT1G80200	14	37	34	20	22	34
AT1G80210	442	451	493	667	528	803
AT1G80230	1948	2229	2421	2561	2231	2619
AT1G80240	6	26	6	3	9	4
AT1G80245	178	202	176	165	160	196
AT1G80250	0	0	0	0	1	1
AT1G80260	866	889	876	552	672	896
AT1G80270	725	1028	750	274	515	460
AT1G80280	595	743	547	529	682	704
AT1G80290	211	228	193	373	275	443
AT1G80300	5390	6350	5441	7205	5910	8455
AT1G80310	556	550	578	1336	1183	1630
AT1G80320	68	63	72	134	106	167
AT1G80325	112	100	97	186	139	244
AT1G80330	0	0	2	28	6	34
AT1G80340	32	28	36	5	11	2
AT1G80350	1000	1027	975	565	822	812
AT1G80360	1492	1667	1666	2291	1742	2469
AT1G80370	100	123	110	26	79	79
AT1G80380	13203	14340	15142	8823	12056	7999
AT1G80390	8	3	12	0	1	1
AT1G80400	571	511	567	644	590	680
AT1G80410	3828	4374	3894	1948	2285	3449
AT1G80420	451	438	352	494	418	757
AT1G80440	464	327	358	1317	660	916
AT1G80450	84	99	98	154	94	167
AT1G80460	1812	2012	2236	2937	2773	3465
AT1G80470	0	0	0	2	0	1
AT1G80480	1198	1157	1454	1175	1070	1314
AT1G80490	2048	2109	1643	988	1413	1385
AT1G80500	1452	1750	1744	2118	1816	2287
AT1G80510	413	440	499	717	540	787
AT1G80520	99	123	114	90	125	107
AT1G80530	1029	1073	1160	1244	1257	1383
AT1G80540	14	6	13	13	20	6
AT1G80550	462	485	497	612	437	774
AT1G80555	11	8	12	16	9	28
AT1G80560	1243	1426	1255	493	832	813
AT1G80570	23	22	33	68	40	108
AT1G80580	0	1	0	0	1	1
AT1G80590	1	0	0	6	1	7
AT1G80600	3864	4513	4561	3708	4190	4737
AT1G80610	254	211	251	476	361	539
AT1G80620	884	1094	1009	542	643	723
AT1G80630	229	276	240	186	199	274
AT1G80640	1213	1637	1441	448	784	522
AT1G80650	351	400	381	285	285	343
AT1G80660	11	80	3	20	20	60
AT1G80670	843	1008	985	1028	1019	1230
AT1G80680	1175	1243	1084	788	774	1504
AT1G80690	249	367	280	160	191	161
AT1G80700	384	563	472	460	394	638
AT1G80710	74	92	73	37	75	103
AT1G80720	159	197	177	189	159	205
AT1G80730	10	24	14	2	17	1
AT1G80740	1	1	3	3	5	5
AT1G80745	3	3	4	8	6	4
AT1G80750	1165	1604	1254	448	643	761
AT1G80760	2221	2512	2051	1476	1177	1631
AT1G80770	2104	2535	2267	1283	1648	1550
AT1G80780	1995	2507	2212	1312	1459	1891
AT1G80790	1637	1782	1560	735	964	1311
AT1G80810	522	520	423	132	182	402
AT1G80820	173	86	261	584	344	555
AT1G80830	1987	2107	2342	2921	2094	3386
AT1G80840	117	28	184	601	359	766
AT1G80850	687	757	766	348	522	324
AT1G80860	537	715	733	879	747	1014
AT1G80865	1	2	2	5	7	8
AT1G80870	692	840	612	292	406	400
AT1G80880	54	45	62	69	59	124
AT1G80890	560	644	675	1179	797	1228
AT1G80900	151	170	179	215	177	262
AT1G80910	673	802	767	777	667	1046
AT1G80920	1435	1168	1423	3537	1880	2894
AT1G80930	2594	2500	1984	778	1000	1982
AT1G80940	1385	1515	1717	1905	1462	2128
AT1G80950	995	1136	1141	1086	1000	1346
AT1G80960	122	117	134	166	101	231
AT1G80970	78	82	73	110	84	117
AT1G80980	220	292	234	182	177	316
AT1G80990	3	1	1	0	0	0
AT2G01008	262	211	150	156	122	121
AT2G01010	437151	50311	18839	25956	31268	28610
AT2G01020	2545	1746	2040	2397	1969	2535
AT2G01021	121158	11207	4961	9367	10469	10008
AT2G01023	8	16	1	2	5	4
AT2G01060	1164	1344	1272	2160	1516	2504
AT2G01070	681	854	708	756	710	947
AT2G01080	156	253	249	424	390	484
AT2G01090	495	508	548	464	508	406
AT2G01100	1336	1439	1241	1391	1122	2391
AT2G01110	6342	7451	7424	7768	7826	6648
AT2G01120	147	201	135	100	120	178
AT2G01130	584	612	483	331	372	715
AT2G01140	4362	5672	5734	8375	6060	10356
AT2G01150	150	224	203	185	271	220
AT2G01160	0	0	0	1	0	0
AT2G01170	193	206	221	705	566	1029
AT2G01175	9	12	7	16	10	15
AT2G01180	382	334	436	648	363	645
AT2G01190	886	938	960	869	753	1167
AT2G01200	0	0	0	11	6	24
AT2G01210	129	177	112	60	101	112
AT2G01220	1334	1445	1299	1296	1193	1712
AT2G01250	13342	16238	15013	7256	9716	9162
AT2G01260	1240	1278	1346	882	948	1031
AT2G01270	1316	1405	1358	2493	1704	4036
AT2G01275	19	45	16	22	19	22
AT2G01280	1456	1805	1764	1002	1215	878
AT2G01290	4168	4504	4671	3089	3276	2564
AT2G01300	23	22	32	40	37	30
AT2G01310	1	0	3	3	3	2
AT2G01320	2285	2663	2451	2031	2075	2557
AT2G01330	236	255	252	357	295	582
AT2G01340	98	125	145	422	169	580
AT2G01350	1988	2150	2211	2410	2034	3432
AT2G01370	0	0	1	0	0	0
AT2G01390	52	38	48	63	48	104
AT2G01400	616	747	703	1278	879	1237
AT2G01410	886	997	1041	2248	1440	2232
AT2G01420	3564	3502	3058	2459	2830	2562
AT2G01422	2	297	9	5	469	2252
AT2G01430	14	21	15	7	10	5
AT2G01440	1025	958	957	649	737	1182
AT2G01450	2071	2068	1925	2622	2022	3801
AT2G01460	467	533	367	332	353	794
AT2G01470	1489	1704	1791	2236	1813	2707
AT2G01480	498	506	482	490	416	579
AT2G01490	1699	1826	2191	3207	1989	3358
AT2G01500	0	1	0	0	1	6
AT2G01505	98	125	137	122	139	118
AT2G01510	39	30	32	17	18	35
AT2G01520	38	24	34	9	28	13
AT2G01530	0	0	2	2	1	1
AT2G01540	318	214	262	913	425	911
AT2G01554	1	1	0	0	0	6
AT2G01560	0	1	0	0	0	1
AT2G01570	4186	4245	4259	3783	3567	3100
AT2G01580	2	10	0	7	5	0
AT2G01590	2245	2619	2620	1537	2010	1247
AT2G01600	2053	2072	2105	2235	1793	2742
AT2G01610	166	287	231	155	209	106
AT2G01620	1020	1125	1302	981	934	1296
AT2G01630	719	918	782	640	660	1109
AT2G01640	209	316	223	163	170	194
AT2G01650	668	607	683	1304	954	1800
AT2G01660	197	238	244	231	239	217
AT2G01667	0	0	0	1	0	0
AT2G01670	1963	1794	2341	2890	1861	2599
AT2G01680	2151	2482	2682	2024	2018	2689
AT2G01690	2200	2022	2207	1624	1768	2296
AT2G01710	729	685	697	940	750	1018
AT2G01720	1918	2278	2191	2128	2035	3089
AT2G01730	26	25	28	18	26	38
AT2G01735	224	273	266	286	258	255
AT2G01740	91	83	89	44	53	68
AT2G01750	379	432	335	92	118	230
AT2G01755	851	997	963	697	851	637
AT2G01760	346	414	422	203	268	241
AT2G01770	3	2	1	2	1	3
AT2G01810	0	2	2	2	0	3
AT2G01818	26	34	46	20	47	40
AT2G01820	4170	4411	4404	2686	3153	3478
AT2G01830	777	709	802	191	321	506
AT2G01850	6441	6444	7402	6520	3271	5553
AT2G01860	435	386	386	242	174	338
AT2G01870	803	894	1019	753	659	738
AT2G01880	1	0	0	12	5	36
AT2G01890	114	103	205	720	269	929
AT2G01900	1	1	0	0	2	3
AT2G01905	13	6	2	2	1	3
AT2G01910	1720	1608	1440	709	769	1170
AT2G01913	79	95	91	33	52	44
AT2G01918	382	457	452	184	262	175
AT2G01920	1	0	6	3	1	7
AT2G01930	349	386	415	473	367	474
AT2G01940	179	195	212	110	111	123
AT2G01950	540	661	535	347	429	483
AT2G01960	1	0	2	3	1	2
AT2G01970	3159	3281	3430	3503	2972	4144
AT2G01980	642	556	574	582	438	1016
AT2G01990	164	216	191	117	170	115
AT2G02000	0	0	1	0	0	0
AT2G02010	157	112	296	477	141	588
AT2G02020	316	355	314	113	170	133
AT2G02030	0	1	0	0	0	0
AT2G02040	1231	1261	1565	1341	1269	1782
AT2G02050	2274	2783	2886	3853	3235	4331
AT2G02060	90	104	134	299	159	336
AT2G02061	7	8	16	4	4	26
AT2G02070	1555	1871	1509	1028	1154	1380
AT2G02080	945	1234	1128	1053	988	1083
AT2G02090	937	902	979	1052	943	1497
AT2G02100	912	1285	1178	544	659	949
AT2G02120	3	4	5	10	5	3
AT2G02130	2498	2908	2698	1574	1972	1826
AT2G02147	2	3	4	0	0	6
AT2G02148	200	240	209	197	183	311
AT2G02150	149	162	126	102	91	137
AT2G02160	3053	3412	3017	2490	2527	5571
AT2G02170	507	544	554	203	273	366
AT2G02180	1093	1035	1332	1892	1397	1825
AT2G02220	474	409	564	843	581	868
AT2G02230	334	329	329	901	489	981
AT2G02240	19	21	14	30	33	28
AT2G02250	1	1	5	10	0	9
AT2G02300	0	0	0	1	1	2
AT2G02310	5	0	4	44	8	25
AT2G02320	4	0	2	2	1	4
AT2G02340	2	0	7	27	8	38
AT2G02350	57	75	58	71	46	166
AT2G02360	649	484	520	1807	1012	1787
AT2G02370	193	138	178	450	286	602
AT2G02380	18	8	9	4	6	10
AT2G02390	1023	915	1483	3311	1609	3172
AT2G02400	403	389	397	396	384	405
AT2G02410	421	432	399	305	280	441
AT2G02450	449	485	440	321	357	639
AT2G02470	826	819	823	940	828	1051
AT2G02480	498	497	391	101	189	324
AT2G02498	5	2	5	4	0	1
AT2G02500	784	826	862	558	684	681
AT2G02510	2173	2588	2624	3428	2755	3376
AT2G02520	0	2	0	0	0	0
AT2G02540	65	79	60	34	53	55
AT2G02560	2190	2269	2126	1163	1314	2341
AT2G02570	854	969	879	915	783	1494
AT2G02580	1	0	0	0	0	5
AT2G02590	247	250	274	344	284	406
AT2G02610	0	0	2	0	1	1
AT2G02630	0	0	0	5	4	8
AT2G02640	2	0	1	2	1	1
AT2G02650	0	0	0	0	0	2
AT2G02660	0	2	0	0	0	0
AT2G02680	0	0	0	1	0	2
AT2G02700	2	1	10	10	6	42
AT2G02710	555	370	697	1342	488	1817
AT2G02720	2	3	1	10	0	6
AT2G02730	378	365	370	677	462	686
AT2G02740	675	643	583	556	539	825
AT2G02750	31	29	31	59	52	104
AT2G02760	2103	1789	1970	3503	2291	3457
AT2G02770	303	387	325	207	187	267
AT2G02780	519	641	518	103	289	224
AT2G02790	703	842	629	190	354	435
AT2G02795	0	0	0	2	0	2
AT2G02800	1532	1609	1623	1236	1444	1707
AT2G02810	447	402	431	1011	607	1149
AT2G02820	302	299	251	95	113	152
AT2G02835	2	0	0	21	6	14
AT2G02840	0	0	1	15	3	13
AT2G02850	361	638	673	528	636	522
AT2G02860	701	776	798	702	591	812
AT2G02870	1036	1100	1382	2429	1412	2846
AT2G02880	239	298	290	212	198	351
AT2G02890	0	0	0	2	0	7
AT2G02910	262	280	250	218	224	332
AT2G02930	8	6	23	32	12	12
AT2G02950	454	491	553	236	256	283
AT2G02955	200	216	200	95	132	133
AT2G02960	677	639	668	1063	723	1188
AT2G02970	921	910	956	1029	933	1195
AT2G02980	151	158	174	54	91	83
AT2G02990	18	42	214	646	117	673
AT2G03000	0	0	1	1	1	0
AT2G03010	112	93	89	247	158	264
AT2G03020	60	75	78	52	61	33
AT2G03040	2	0	0	4	3	9
AT2G03050	199	231	220	171	175	147
AT2G03060	276	263	235	165	121	265
AT2G03070	688	790	663	398	418	661
AT2G03090	705	598	644	446	756	573
AT2G03110	13	21	9	7	23	11
AT2G03120	1721	1706	1834	2983	2124	3045
AT2G03130	2	0	1	10	10	19
AT2G03140	2546	2074	1792	689	883	1789
AT2G03150	2223	2312	1864	553	819	1779
AT2G03160	0	0	0	1	1	1
AT2G03170	0	1	0	0	0	2
AT2G03200	53	47	42	38	33	41
AT2G03210	2	5	1	8	0	23
AT2G03220	449	522	477	641	580	935
AT2G03230	0	2	1	1	0	1
AT2G03240	632	768	651	458	479	646
AT2G03250	0	1	0	2	1	4
AT2G03260	15	15	22	18	16	24
AT2G03270	361	355	331	266	262	545
AT2G03280	254	298	252	195	215	193
AT2G03290	0	1	0	1	5	5
AT2G03300	0	0	0	0	1	0
AT2G03310	506	575	511	917	696	807
AT2G03320	1	0	2	0	0	1
AT2G03330	312	354	344	589	376	706
AT2G03340	724	735	755	809	703	1207
AT2G03350	1309	1850	1644	1031	1006	986
AT2G03360	5	4	4	31	7	15
AT2G03370	0	0	0	1	0	0
AT2G03380	19	21	17	25	27	45
AT2G03390	2564	2976	2995	1754	1840	2570
AT2G03410	1363	1831	1801	929	1118	1144
AT2G03420	1155	1574	1506	779	951	946
AT2G03430	287	276	353	432	297	352
AT2G03440	2539	2941	2570	4624	3679	3708
AT2G03445	3	0	0	0	2	2
AT2G03450	170	165	163	189	169	208
AT2G03460	2	4	0	6	1	13
AT2G03470	932	1019	1061	1150	904	1991
AT2G03480	466	456	446	331	356	420
AT2G03500	128	157	125	88	97	147
AT2G03505	161	136	163	302	146	207
AT2G03510	1280	1336	1221	1431	1128	2078
AT2G03520	10	12	7	12	6	25
AT2G03530	324	260	256	486	369	497
AT2G03550	2682	2998	3282	3259	3024	2547
AT2G03560	3	3	2	1	0	1
AT2G03565	0	0	2	1	0	0
AT2G03580	1	0	0	6	0	6
AT2G03590	22	19	28	63	44	74
AT2G03600	1	0	0	2	0	4
AT2G03610	1	0	0	1	1	6
AT2G03620	330	338	310	466	355	597
AT2G03630	1	2	0	15	6	18
AT2G03640	1674	1876	1708	2011	1541	2972
AT2G03667	364	392	347	279	254	376
AT2G03670	159	196	172	119	113	197
AT2G03680	4592	5358	5482	7606	6482	7690
AT2G03690	465	451	506	756	575	787
AT2G03710	698	903	706	526	519	492
AT2G03720	0	0	1	2	0	2
AT2G03730	1600	1506	1547	1084	1023	1508
AT2G03740	54	40	48	22	90	33
AT2G03750	1311	1607	1404	930	1136	999
AT2G03760	436	341	801	1795	1036	1815
AT2G03770	5	10	3	5	13	18
AT2G03780	707	774	684	469	512	589
AT2G03800	621	661	733	960	684	1195
AT2G03810	382	358	365	370	328	373
AT2G03820	2340	2328	2492	2233	2145	3706
AT2G03821	1	0	1	1	0	2
AT2G03830	3	3	1	0	2	3
AT2G03850	59	26	54	18	70	33
AT2G03870	1064	1178	1160	1375	1264	1359
AT2G03880	23	20	15	25	15	36
AT2G03890	2974	2678	2967	2558	2148	2792
AT2G03980	1623	1787	2233	2001	1492	2101
AT2G04030	23712	22037	22621	11060	12370	18564
AT2G04032	396	442	311	173	343	285
AT2G04038	5	0	4	5	0	3
AT2G04039	5208	6559	6485	5052	5363	3784
AT2G04040	21	4	51	131	61	86
AT2G04050	92	41	131	761	456	638
AT2G04063	0	0	0	1	0	0
AT2G04066	54	77	91	182	155	200
AT2G04070	62	45	112	719	497	522
AT2G04080	744	779	997	1927	1416	2098
AT2G04090	2	0	11	2	2	2
AT2G04100	140	84	217	415	186	565
AT2G04115	0	3	0	2	0	1
AT2G04160	1064	1512	1618	2065	1365	3185
AT2G04170	118	192	144	209	180	151
AT2G04190	0	2	12	29	1	14
AT2G04220	0	0	0	0	0	2
AT2G04230	584	613	584	438	375	639
AT2G04235	153	183	124	23	60	73
AT2G04240	320	376	451	687	485	620
AT2G04270	1740	2273	1744	837	1097	1822
AT2G04280	2491	2902	2792	1830	2320	2904
AT2G04305	543	493	609	761	535	962
AT2G04340	387	413	442	705	474	761
AT2G04350	4143	3944	4730	3307	3006	4945
AT2G04360	1363	1590	1474	1131	1165	1224
AT2G04370	1	0	1	0	0	0
AT2G04378	1450	1652	1508	1147	1339	1259
AT2G04380	1005	1133	1022	829	956	911
AT2G04390	3349	4211	3778	2668	3030	3134
AT2G04395	8	8	9	4	6	6
AT2G04400	2028	2219	2640	4625	2939	5283
AT2G04410	2796	3246	3335	4587	3516	4560
AT2G04420	5	11	7	14	6	14
AT2G04430	199	123	122	566	404	702
AT2G04440	1	0	0	5	1	9
AT2G04450	361	135	153	1085	936	1636
AT2G04495	76	24	39	407	119	396
AT2G04500	1	3	0	2	0	2
AT2G04515	17	6	10	41	28	42
AT2G04520	2855	3103	3156	3082	2596	2995
AT2G04530	501	535	445	276	368	499
AT2G04540	321	364	358	324	293	399
AT2G04550	637	688	780	1183	883	1162
AT2G04560	96	123	99	109	88	126
AT2G04570	1332	1435	1274	719	1299	1029
AT2G04620	440	390	458	738	458	822
AT2G04630	1108	1322	1416	1233	1119	1335
AT2G04650	114	106	114	183	118	186
AT2G04660	364	350	302	137	164	251
AT2G04675	0	3	0	0	0	0
AT2G04680	0	3	1	0	0	1
AT2G04690	926	1017	917	1505	1111	1356
AT2G04700	4410	5237	5883	5429	5279	5142
AT2G04740	548	654	629	696	561	779
AT2G04750	0	1	0	0	0	1
AT2G04780	2704	3336	2553	984	1976	1225
AT2G04790	805	962	869	473	557	442
AT2G04795	877	912	1033	797	570	591
AT2G04800	4	1	3	3	1	3
AT2G04810	0	1	1	0	0	1
AT2G04840	20	15	9	6	17	29
AT2G04842	5518	6160	5934	3095	4189	3843
AT2G04845	302	367	375	438	339	409
AT2G04850	550	649	529	860	691	990
AT2G04852	231	292	235	393	302	389
AT2G04860	40	41	19	40	21	48
AT2G04865	809	784	657	558	636	802
AT2G04880	1328	1377	1391	1131	1200	1902
AT2G04890	293	319	349	340	303	530
AT2G04900	1117	1212	1313	1797	1358	1751
AT2G04910	0	0	0	5	2	8
AT2G04940	548	602	573	735	678	873
AT2G05060	0	0	0	8	0	23
AT2G05070	111065	154819	134750	110666	135699	84404
AT2G05100	142376	181215	169026	170262	177531	117346
AT2G05120	532	497	435	196	258	427
AT2G05160	327	334	245	141	187	130
AT2G05170	1779	1754	1696	1172	1180	1828
AT2G05180	1	2	0	3	3	9
AT2G05185	100	132	121	72	89	103
AT2G05210	419	445	353	219	272	314
AT2G05220	5865	7263	6499	3757	4602	4565
AT2G05230	659	689	637	595	556	861
AT2G05250	678	706	682	619	598	918
AT2G05260	284	232	312	437	344	520
AT2G05270	0	0	1	3	0	1
AT2G05310	6179	7032	7167	5464	5568	4068
AT2G05320	471	409	462	876	559	969
AT2G05330	0	0	2	2	3	1
AT2G05350	0	0	0	1	0	0
AT2G05370	0	0	0	2	0	2
AT2G05380	3201	2337	4948	7885	2710	5361
AT2G05430	0	0	1	0	0	0
AT2G05440	480	436	1527	1029	444	476
AT2G05510	0	5	15	9	1	2
AT2G05518	31	35	40	115	53	95
AT2G05520	35439	38127	64109	74150	41244	59387
AT2G05530	0	0	1	0	0	0
AT2G05540	4542	1338	2790	3864	2050	2781
AT2G05580	1	1	3	1	0	0
AT2G05590	396	371	398	504	436	538
AT2G05620	9113	10528	10562	6294	7448	5473
AT2G05630	376	348	402	837	513	780
AT2G05632	285	310	327	228	216	237
AT2G05635	0	1	0	0	0	0
AT2G05642	0	0	0	0	0	1
AT2G05710	5871	6111	5576	11835	8107	18906
AT2G05720	0	0	0	6	1	7
AT2G05753	1	2	2	3	4	4
AT2G05755	285	324	305	355	303	354
AT2G05760	218	234	207	131	169	149
AT2G05765	274	333	270	133	174	120
AT2G05790	3287	3765	3337	2359	3029	2537
AT2G05810	638	651	642	616	637	749
AT2G05812	507	506	518	551	531	651
AT2G05830	1468	1751	1657	1679	1605	2015
AT2G05840	2084	2107	2551	2902	2388	3551
AT2G05850	0	1	0	0	1	0
AT2G05900	0	2	0	0	0	0
AT2G05910	33	13	19	61	21	88
AT2G05914	18	16	56	23	32	11
AT2G05915	2	0	5	1	6	2
AT2G05920	8089	9050	8350	6190	6528	7281
AT2G05940	1439	1554	1818	1694	1460	1916
AT2G05970	0	2	0	0	0	0
AT2G05990	3986	4725	4337	2199	3114	3057
AT2G05995	91	196	140	95	162	139
AT2G06000	513	544	503	362	401	556
AT2G06002	17	18	16	36	53	44
AT2G06005	124	144	132	163	119	200
AT2G06010	614	690	640	874	590	920
AT2G06025	1420	1143	1271	1532	1149	1455
AT2G06040	224	259	221	195	213	319
AT2G06050	1971	1693	3001	3490	3205	4998
AT2G06200	38	45	35	31	35	42
AT2G06210	1614	1723	1484	565	835	1347
AT2G06255	89	79	100	293	115	331
AT2G06510	141	138	134	140	150	342
AT2G06520	80392	106379	98525	87477	99459	74732
AT2G06530	1281	1350	1633	2314	1598	2489
AT2G06541	1	0	0	0	0	0
AT2G06850	5345	4642	5660	1723	2181	2184
AT2G06925	271	383	363	289	420	376
AT2G06983	0	5	0	0	0	0
AT2G06990	1146	1175	1059	460	511	767
AT2G07000	3	3	1	3	1	1
AT2G07042	235	226	261	178	166	168
AT2G07050	3548	3733	3357	2109	2699	3134
AT2G07140	19	15	23	15	2	8
AT2G07170	189	238	163	49	104	121
AT2G07180	1091	1053	1069	1890	1399	2442
AT2G07213	1	0	0	2	1	2
AT2G07215	0	0	0	1	1	2
AT2G07240	0	1	0	0	0	0
AT2G07340	738	989	888	772	909	804
AT2G07360	2961	2676	2500	2410	2297	3520
AT2G07560	0	99	0	0	5	0
AT2G07599	20	18	19	19	26	24
AT2G07640	0	0	0	1	0	1
AT2G07667	21	33	29	23	39	23
AT2G07669	3	7	9	1	7	4
AT2G07671	378	269	262	334	303	302
AT2G07672	6	3	8	3	2	3
AT2G07673	1	4	1	5	5	0
AT2G07674	25	30	26	38	37	19
AT2G07675	31	18	18	12	20	11
AT2G07676	3	4	2	5	3	2
AT2G07678	12	4	7	6	8	7
AT2G07680	895	937	727	232	290	376
AT2G07681	29	19	37	22	17	13
AT2G07684	11	19	22	17	15	16
AT2G07687	99	16	22	22	14	40
AT2G07689	55	32	31	39	33	35
AT2G07690	677	897	645	172	410	453
AT2G07691	1	0	2	0	2	0
AT2G07692	9	10	9	10	8	7
AT2G07695	40	19	26	29	37	26
AT2G07696	28	15	9	14	8	7
AT2G07698	571	236	207	264	277	279
AT2G07701	0	5	0	1	1	0
AT2G07702	0	0	1	1	0	0
AT2G07705	3	3	4	4	1	2
AT2G07706	37	53	42	43	51	23
AT2G07707	70	64	55	52	65	64
AT2G07708	76	44	45	39	43	29
AT2G07713	1	1	0	0	0	0
AT2G07714	0	3	0	2	2	0
AT2G07715	127	156	148	190	145	179
AT2G07718	47	87	58	70	63	64
AT2G07719	26	27	39	28	30	29
AT2G07721	1	1	4	4	4	2
AT2G07722	14	3	8	8	7	7
AT2G07724	1	3	1	0	3	1
AT2G07725	73	19	26	25	35	30
AT2G07727	148	33	33	41	41	39
AT2G07728	21	15	14	11	15	8
AT2G07732	1	4	0	2	0	3
AT2G07734	18	9	17	12	15	14
AT2G07738	0	1	0	2	2	0
AT2G07739	32	39	38	47	43	35
AT2G07741	73	30	39	42	30	19
AT2G07742	1	0	0	0	0	0
AT2G07743	1	0	0	0	0	2
AT2G07745	0	1	1	2	4	1
AT2G07746	1	0	0	3	2	1
AT2G07748	0	2	1	1	0	0
AT2G07749	8	5	8	5	7	2
AT2G07750	0	1	0	0	0	0
AT2G07751	20	19	22	18	20	8
AT2G07752	1	3	1	1	1	0
AT2G07753	0	0	2	1	3	0
AT2G07755	1	2	1	1	1	2
AT2G07757	1	0	0	1	0	2
AT2G07759	14	17	13	12	9	9
AT2G07761	1	2	1	6	7	4
AT2G07762	2	7	4	2	3	5
AT2G07763	2	4	4	4	7	3
AT2G07764	1	1	0	0	0	0
AT2G07765	9	13	16	15	16	18
AT2G07766	1	1	0	0	0	1
AT2G07768	11	11	3	5	4	7
AT2G07771	7	6	7	4	6	5
AT2G07772	9	5	4	4	9	7
AT2G07773	10	7	12	7	8	6
AT2G07774	127	166	117	119	119	86
AT2G07775	11	10	10	5	16	8
AT2G07776	17	27	29	28	20	36
AT2G07777	55	57	59	79	52	70
AT2G07779	14	13	17	7	15	6
AT2G07785	19	8	6	10	9	13
AT2G07787	25	24	19	25	24	26
AT2G07792	18	16	12	11	9	5
AT2G07793	2	2	2	1	0	0
AT2G07795	7	5	5	9	6	4
AT2G07798	30	28	37	18	25	20
AT2G07806	18	14	16	5	6	12
AT2G07815	63	53	65	59	74	68
AT2G07820	2	4	4	1	0	5
AT2G07825	1	2	1	3	0	4
AT2G07827	13	13	12	7	17	17
AT2G07835	14	13	17	12	5	11
AT2G07981	3	1	0	0	0	0
AT2G08986	10	15	0	0	0	0
AT2G09795	455	532	548	601	501	575
AT2G09970	1	0	0	1	0	1
AT2G09990	3276	3844	3647	3162	3395	3390
AT2G10440	3	0	0	0	0	1
AT2G10450	4	2	0	0	0	0
AT2G10537	0	0	0	1	0	0
AT2G10602	0	2	0	0	0	0
AT2G10606	3	4	2	17	8	9
AT2G10608	0	1	0	1	0	0
AT2G10920	1	0	0	1	0	0
AT2G10921	0	0	1	1	0	0
AT2G10930	9	6	4	9	7	21
AT2G10931	89	108	94	201	164	208
AT2G10940	56404	71423	48476	10550	29317	16076
AT2G10950	435	494	483	502	428	568
AT2G10975	0	2	2	5	1	1
AT2G11000	699	741	708	645	581	838
AT2G11005	0	2	2	0	0	0
AT2G11270	5	3	4	11	0	14
AT2G11271	2	7	8	7	1	7
AT2G11520	739	702	823	1037	756	1303
AT2G11522	0	0	0	0	0	1
AT2G11623	0	0	0	0	0	1
AT2G11778	0	1	1	0	2	1
AT2G11810	30	34	29	161	53	211
AT2G11851	0	0	0	1	0	1
AT2G11890	2445	2894	2705	2442	2131	2400
AT2G11891	9	15	16	6	14	18
AT2G11910	4606	5297	4677	3959	4066	3971
AT2G12170	49	35	39	17	24	16
AT2G12190	114	156	152	307	191	319
AT2G12280	0	0	0	1	0	0
AT2G12400	306	343	355	349	367	428
AT2G12461	175	192	203	229	233	268
AT2G12462	287	380	335	132	237	174
AT2G12465	2	1	1	0	1	0
AT2G12480	2	19	11	3	12	3
AT2G12550	164	159	151	232	204	373
AT2G12646	2	0	3	5	3	2
AT2G12875	0	1	0	0	0	0
AT2G13100	490	475	509	999	645	1023
AT2G13126	0	0	0	0	1	0
AT2G13290	632	719	825	922	791	1203
AT2G13295	0	0	0	0	0	1
AT2G13350	0	0	0	5	1	18
AT2G13360	75920	91243	93571	97724	91144	73832
AT2G13363	0	1	0	0	1	1
AT2G13370	2248	2013	1605	540	743	1906
AT2G13422	7	4	7	3	4	3
AT2G13430	7	0	8	13	7	4
AT2G13440	1422	1602	1291	608	952	1092
AT2G13450	0	1	0	1	0	0
AT2G13463	0	4	1	7	1	3
AT2G13540	1422	1675	1193	509	842	1268
AT2G13542	0	0	0	1	0	0
AT2G13547	1	0	0	0	0	0
AT2G13550	161	195	139	73	86	129
AT2G13560	5415	5794	5797	4965	5034	6102
AT2G13570	49	29	35	21	33	26
AT2G13600	68	66	48	40	53	78
AT2G13610	629	665	582	185	322	410
AT2G13620	0	1	0	0	0	0
AT2G13630	0	0	0	1	0	0
AT2G13640	0	0	2	11	1	14
AT2G13650	387	404	446	580	432	661
AT2G13660	155	204	223	229	197	249
AT2G13665	146	199	218	226	195	246
AT2G13680	29	45	30	7	24	14
AT2G13690	422	498	474	209	299	391
AT2G13760	0	0	3	2	1	4
AT2G13770	0	1	0	1	0	0
AT2G13790	1747	1146	1347	2454	1688	3035
AT2G13800	377	364	346	574	432	831
AT2G13810	416	5	68	532	460	668
AT2G13820	494	698	669	370	630	488
AT2G13840	374	365	352	375	360	528
AT2G13960	27	19	22	46	30	26
AT2G14045	1264	1414	1386	1163	956	1164
AT2G14050	160	163	133	77	87	113
AT2G14060	14	14	14	9	16	15
AT2G14070	8	11	1	25	16	21
AT2G14080	1091	906	963	1075	817	1507
AT2G14095	36	29	23	22	20	32
AT2G14100	10	4	2	0	3	7
AT2G14110	214	285	273	247	222	332
AT2G14115	117	105	131	107	105	84
AT2G14120	1251	1270	1257	1033	974	1664
AT2G14170	870	984	1129	1087	1029	1402
AT2G14210	20	22	17	11	6	4
AT2G14247	2252	2484	2835	962	2124	470
AT2G14255	862	969	713	487	576	782
AT2G14260	1579	1641	1749	1736	1490	2040
AT2G14285	753	925	862	709	715	732
AT2G14288	0	0	0	4	0	2
AT2G14290	15	6	10	32	7	37
AT2G14460	333	416	375	420	391	357
AT2G14510	0	0	2	1	0	1
AT2G14520	199	279	240	185	238	211
AT2G14530	507	554	509	487	517	559
AT2G14560	9458	3632	4493	39497	21617	40200
AT2G14580	11	5	7	9	14	7
AT2G14610	749	340	416	10280	3203	7823
AT2G14620	70	38	43	684	277	896
AT2G14635	1	0	0	0	0	0
AT2G14660	674	670	618	322	442	374
AT2G14680	531	593	471	274	276	616
AT2G14690	0	0	1	8	1	8
AT2G14692	0	0	0	0	0	1
AT2G14700	2	0	0	0	0	0
AT2G14710	0	0	1	2	0	1
AT2G14720	2971	2878	2990	2959	3026	4919
AT2G14740	1933	1847	1723	1626	1830	2595
AT2G14750	4813	5200	6149	6707	6268	6771
AT2G14800	26	39	56	35	33	110
AT2G14830	110	107	115	171	121	134
AT2G14835	1005	1109	1102	1086	1028	1331
AT2G14846	0	0	0	0	0	1
AT2G14850	303	373	316	461	365	495
AT2G14860	135	200	140	90	149	117
AT2G14878	998	922	1026	1079	984	831
AT2G14880	2662	2918	2803	1491	1858	1635
AT2G14890	2878	5031	2733	1094	2433	1766
AT2G14900	370	738	495	249	467	263
AT2G14910	6217	5986	7206	9867	7016	11263
AT2G14960	1	9	5	3	3	3
AT2G15000	418	437	399	527	397	538
AT2G15020	6738	6580	7444	5931	5747	4340
AT2G15029	8	1	2	2	1	7
AT2G15042	183	207	112	166	158	464
AT2G15050	2841	3494	3889	3581	3995	2973
AT2G15080	867	892	769	1474	728	2221
AT2G15090	590	735	537	254	375	406
AT2G15128	57	71	70	158	78	249
AT2G15130	6	21	27	54	26	87
AT2G15170	3	1	6	3	3	3
AT2G15220	57	48	136	213	129	203
AT2G15230	383	406	450	626	472	590
AT2G15240	647	735	729	928	768	1151
AT2G15260	0	0	1	0	0	0
AT2G15270	522	603	558	463	395	558
AT2G15280	575	588	594	520	476	572
AT2G15290	3299	4501	4572	3355	3975	2942
AT2G15292	890	938	810	849	828	866
AT2G15300	112	102	90	86	118	217
AT2G15310	224	170	198	198	159	194
AT2G15318	1	5	3	3	0	4
AT2G15320	1079	1119	1119	1120	995	1282
AT2G15327	0	0	0	1	0	0
AT2G15340	1	2	0	9	2	2
AT2G15345	0	0	0	0	1	0
AT2G15370	1	0	0	0	0	0
AT2G15390	206	40	127	681	231	662
AT2G15400	23	22	21	18	14	22
AT2G15430	563	654	562	660	608	893
AT2G15440	166	203	180	139	162	143
AT2G15480	122	80	226	555	234	547
AT2G15490	21	11	57	144	31	77
AT2G15530	1119	1120	1146	797	881	1182
AT2G15535	0	0	0	0	1	1
AT2G15555	1	1	0	0	4	5
AT2G15560	681	676	793	805	705	1092
AT2G15570	387	332	386	658	402	576
AT2G15580	3716	3741	4078	6442	4703	5745
AT2G15610	0	0	1	0	0	0
AT2G15620	11012	11214	11943	10813	12532	11751
AT2G15630	18	30	20	15	22	34
AT2G15680	167	169	166	91	94	80
AT2G15690	1117	1342	1229	668	793	895
AT2G15695	1128	1149	1249	1198	1141	1219
AT2G15730	147	212	172	212	203	239
AT2G15760	51	32	44	100	60	88
AT2G15780	5	11	12	97	8	120
AT2G15790	495	598	543	918	615	1242
AT2G15820	869	916	882	333	451	498
AT2G15830	86	110	134	182	142	144
AT2G15860	1271	1318	1180	1110	1113	1584
AT2G15880	24	6	36	37	18	85
AT2G15890	73	43	99	310	159	322
AT2G15900	602	561	503	501	486	720
AT2G15910	747	866	804	784	648	746
AT2G15950	0	1	0	0	0	0
AT2G15960	326	114	365	685	299	760
AT2G15970	2376	2459	3153	4184	3026	4007
AT2G15980	260	213	226	300	204	291
AT2G16050	169	169	137	187	144	158
AT2G16060	144	96	263	271	250	268
AT2G16070	2141	2460	2573	1823	1832	1957
AT2G16090	354	342	376	270	300	435
AT2G16130	0	2	0	0	0	0
AT2G16190	0	0	1	1	0	0
AT2G16210	17	52	33	11	28	18
AT2G16245	146	148	127	85	103	133
AT2G16250	286	259	251	244	189	327
AT2G16270	181	241	183	56	100	112
AT2G16280	5050	5653	5335	2446	2726	3059
AT2G16300	0	1	0	0	0	0
AT2G16340	0	0	0	0	2	1
AT2G16360	1	1	2	0	3	3
AT2G16365	2230	2210	2308	1437	1337	2289
AT2G16370	985	1007	846	739	756	955
AT2G16380	549	690	662	294	368	390
AT2G16385	2	0	0	2	2	2
AT2G16390	265	305	288	216	273	717
AT2G16400	1240	1346	1306	674	745	979
AT2G16405	503	515	526	490	439	662
AT2G16430	2157	2127	2182	2612	2123	3328
AT2G16440	652	804	526	162	397	368
AT2G16450	1	0	0	11	3	14
AT2G16460	576	646	635	692	571	750
AT2G16485	2280	2064	1545	553	797	1540
AT2G16490	0	0	0	2	1	1
AT2G16500	15486	18135	17705	10842	12485	9681
AT2G16505	0	10	0	1	0	0
AT2G16510	3858	4008	4669	4847	3972	4479
AT2G16520	0	2	1	0	0	0
AT2G16530	255	161	196	374	296	435
AT2G16570	67	126	59	21	60	21
AT2G16575	0	0	1	0	1	1
AT2G16580	50	55	73	20	53	29
AT2G16586	54	19	11	15	19	19
AT2G16594	0	0	0	0	0	1
AT2G16595	116	72	103	232	158	263
AT2G16600	7000	6818	7456	19240	12853	20276
AT2G16630	515	708	843	579	670	502
AT2G16640	2397	2429	1903	1010	1150	2280
AT2G16650	280	302	236	232	249	441
AT2G16660	2681	3291	5762	3689	2392	4322
AT2G16668	0	0	0	1	0	0
AT2G16700	409	486	883	1333	838	1370
AT2G16710	319	299	354	754	512	857
AT2G16720	168	169	306	183	139	169
AT2G16730	1	0	0	0	0	0
AT2G16740	477	655	594	747	547	696
AT2G16750	151	198	191	122	91	125
AT2G16760	15	21	12	10	22	13
AT2G16770	279	290	302	339	323	507
AT2G16780	612	749	652	469	623	788
AT2G16790	78	83	117	205	117	235
AT2G16800	1261	1532	1441	921	1033	1132
AT2G16810	0	0	0	5	0	6
AT2G16850	387	448	479	225	324	270
AT2G16860	1599	1915	1803	868	967	1471
AT2G16870	142	93	79	127	121	301
AT2G16880	369	390	367	342	309	468
AT2G16890	284	372	435	258	246	270
AT2G16900	635	654	742	554	503	669
AT2G16910	75	92	38	12	42	50
AT2G16920	1131	1095	967	521	669	1047
AT2G16930	604	713	794	1182	890	1437
AT2G16940	3568	3583	3205	1667	2006	2205
AT2G16950	2602	2580	2599	2567	2216	3699
AT2G16955	0	0	0	0	0	1
AT2G16980	0	2	8	2	1	3
AT2G16990	84	138	108	150	148	173
AT2G17000	0	1	0	0	0	0
AT2G17010	5	5	0	8	2	20
AT2G17020	661	614	660	554	475	806
AT2G17030	275	298	299	372	268	407
AT2G17033	1557	1799	1780	1214	1305	1316
AT2G17036	33	46	35	34	29	72
AT2G17040	627	280	429	2565	1217	2473
AT2G17043	0	0	0	6	4	14
AT2G17050	2	0	2	0	1	4
AT2G17055	0	0	0	1	0	0
AT2G17060	2	1	1	4	4	1
AT2G17110	471	509	441	534	412	948
AT2G17120	1184	889	1000	1663	1390	2073
AT2G17130	878	902	984	2009	1295	2247
AT2G17140	86	87	82	38	49	74
AT2G17150	474	575	439	205	269	435
AT2G17160	0	0	0	0	1	1
AT2G17170	1	2	1	3	3	10
AT2G17180	1	0	0	18	4	27
AT2G17190	2619	2947	2941	2646	2661	3375
AT2G17200	3463	3445	3597	5255	4326	6253
AT2G17210	33	24	32	28	27	83
AT2G17220	1609	1431	1563	1827	1383	2579
AT2G17230	951	1325	1200	780	633	1021
AT2G17240	3706	3951	4139	2161	2836	2451
AT2G17250	714	890	736	337	488	510
AT2G17260	218	229	187	210	156	265
AT2G17265	1293	1452	1569	1725	1516	1559
AT2G17270	196	209	195	180	191	223
AT2G17280	197	233	299	439	287	411
AT2G17290	457	317	402	770	444	1028
AT2G17300	673	746	715	352	471	311
AT2G17305	0	1	0	0	0	0
AT2G17320	490	587	598	412	445	563
AT2G17340	2905	3224	3381	2412	2365	2727
AT2G17350	674	732	764	865	676	818
AT2G17360	7075	8940	8477	5020	6152	6211
AT2G17370	221	266	228	175	188	187
AT2G17380	974	1024	1132	1642	1184	1769
AT2G17390	3985	4530	4924	4961	4761	5824
AT2G17410	1814	1940	1713	959	1122	1969
AT2G17420	3850	3972	4473	6352	4590	6893
AT2G17430	42	34	34	70	37	120
AT2G17440	280	333	415	1008	634	2057
AT2G17442	102	97	87	63	89	109
AT2G17450	309	343	450	1056	632	1007
AT2G17470	32	44	26	12	38	16
AT2G17480	854	925	1145	583	584	812
AT2G17500	633	558	961	1994	822	2309
AT2G17510	1251	1315	1209	626	826	1341
AT2G17520	972	814	930	947	778	1533
AT2G17525	183	107	108	81	87	180
AT2G17530	664	662	641	426	411	659
AT2G17540	509	593	581	657	549	701
AT2G17550	517	477	481	446	304	535
AT2G17560	1596	1874	1752	2040	1806	2619
AT2G17570	122	136	148	282	173	370
AT2G17580	370	440	367	219	282	380
AT2G17590	1	0	0	0	0	0
AT2G17620	24	39	31	13	25	15
AT2G17630	423	619	538	236	367	321
AT2G17640	610	638	542	455	421	508
AT2G17650	226	265	257	178	190	266
AT2G17660	26	21	67	110	45	156
AT2G17670	391	378	351	365	344	407
AT2G17690	13	16	9	21	13	41
AT2G17695	2512	2832	2908	2265	2592	1836
AT2G17700	552	581	631	624	562	856
AT2G17705	204	230	240	948	445	934
AT2G17710	193	184	151	194	136	157
AT2G17720	714	782	811	1360	919	1661
AT2G17723	0	0	0	1	0	1
AT2G17730	580	554	771	750	445	721
AT2G17740	17	18	45	65	59	24
AT2G17760	938	972	1175	1745	1154	1969
AT2G17770	16	38	13	14	24	22
AT2G17780	373	432	362	155	204	226
AT2G17785	0	0	1	0	0	0
AT2G17787	337	375	293	243	260	428
AT2G17790	1384	1341	1242	965	988	1846
AT2G17800	1485	1660	1608	1390	1375	1425
AT2G17810	0	0	0	1	0	3
AT2G17820	1676	1381	1433	406	655	1152
AT2G17830	57	80	92	42	62	100
AT2G17840	539	379	1035	1832	888	2484
AT2G17845	1	0	2	0	3	0
AT2G17850	17	1	28	3	18	3
AT2G17860	0	0	0	3	4	8
AT2G17870	2264	2625	2504	2694	2410	3131
AT2G17880	197	299	289	196	189	155
AT2G17890	0	0	1	0	0	0
AT2G17900	185	166	196	97	100	137
AT2G17920	0	0	1	0	4	1
AT2G17930	3123	2109	1432	648	886	1937
AT2G17940	9	3	0	4	3	0
AT2G17950	1	15	3	2	3	1
AT2G17970	323	403	330	384	295	463
AT2G17972	2036	2611	2583	1412	1724	1260
AT2G17975	311	357	307	302	202	344
AT2G17980	1600	1956	2007	1131	1332	2078
AT2G17990	953	1100	1026	1056	934	1484
AT2G18000	42	47	44	75	68	118
AT2G18010	17	14	14	38	21	28
AT2G18020	17877	22363	21431	18244	20191	18598
AT2G18030	413	445	514	525	417	662
AT2G18040	2929	3412	3483	3729	3028	4135
AT2G18050	49	46	118	216	113	181
AT2G18060	27	38	33	23	13	26
AT2G18090	948	941	956	912	751	1526
AT2G18100	40	49	44	53	45	133
AT2G18110	1829	2017	2167	3786	2878	4327
AT2G18120	123	150	146	81	103	93
AT2G18130	0	1	2	0	1	3
AT2G18150	48	7	58	19	14	36
AT2G18160	3631	4440	4382	3552	3276	3022
AT2G18162	3631	4440	4382	3552	3276	3022
AT2G18170	223	215	261	749	384	826
AT2G18180	5	10	7	3	6	2
AT2G18190	1	1	2	3	52	3
AT2G18193	78	34	102	192	309	214
AT2G18196	48	38	47	23	29	26
AT2G18200	0	0	0	0	0	2
AT2G18210	18	22	42	53	20	35
AT2G18220	764	986	616	177	270	389
AT2G18230	2111	2720	2712	1204	1662	1559
AT2G18240	283	296	266	389	303	442
AT2G18245	235	317	277	399	298	461
AT2G18250	418	541	481	565	486	602
AT2G18260	64	99	78	70	61	112
AT2G18270	16	23	10	93	43	94
AT2G18280	2313	2421	2440	6924	4249	10899
AT2G18290	602	633	599	526	506	574
AT2G18300	2127	2370	1914	1060	1282	1527
AT2G18320	1	0	2	0	1	1
AT2G18328	1744	2530	2173	1518	1713	1135
AT2G18330	683	717	620	282	406	423
AT2G18340	0	0	0	0	1	7
AT2G18350	92	112	106	162	128	154
AT2G18360	20	11	38	9	4	15
AT2G18370	33	3	13	47	17	32
AT2G18380	91	102	87	44	54	52
AT2G18390	381	466	477	1562	843	2232
AT2G18400	480	589	587	513	549	522
AT2G18410	247	265	231	272	231	283
AT2G18420	3	3	1	13	11	24
AT2G18440	3945	4341	4175	4712	3536	5587
AT2G18450	15	8	20	4	7	16
AT2G18460	2	2	2	3	3	4
AT2G18465	285	297	313	244	240	319
AT2G18470	11	17	13	6	8	6
AT2G18480	11	17	14	3	2	8
AT2G18500	30	21	54	23	25	28
AT2G18510	1418	1565	1601	829	1047	1196
AT2G18520	110	119	92	84	87	103
AT2G18530	0	1	0	0	0	0
AT2G18540	0	0	0	0	1	0
AT2G18550	5	2	10	15	13	15
AT2G18560	588	616	645	663	632	689
AT2G18570	507	498	476	225	238	297
AT2G18590	0	0	13	0	1	0
AT2G18600	36	50	41	94	58	104
AT2G18620	5	5	8	21	14	14
AT2G18630	630	686	751	947	865	1013
AT2G18650	16	22	48	74	52	77
AT2G18660	382	91	166	6438	3315	8492
AT2G18670	140	116	215	673	379	697
AT2G18680	41	12	71	292	134	322
AT2G18690	894	130	952	3647	1109	3324
AT2G18700	793	478	826	770	645	1340
AT2G18710	3788	4285	4767	2946	3508	3344
AT2G18720	18	19	18	11	12	20
AT2G18730	1300	1278	1420	2011	1644	2722
AT2G18735	213	193	270	307	203	274
AT2G18740	1263	1488	1477	1252	1127	1308
AT2G18750	1831	1788	1844	1342	1330	2240
AT2G18760	344	365	269	133	123	415
AT2G18770	460	507	486	468	447	509
AT2G18780	78	99	83	119	108	170
AT2G18790	3373	3419	3037	1616	2214	2943
AT2G18800	0	0	0	2	1	1
AT2G18830	0	0	0	0	2	0
AT2G18840	492	640	628	749	654	816
AT2G18850	228	286	228	180	216	289
AT2G18860	864	847	929	752	584	811
AT2G18876	460	445	435	285	293	404
AT2G18880	12	27	14	6	14	11
AT2G18890	381	393	387	226	301	169
AT2G18900	837	988	769	305	522	583
AT2G18910	656	888	848	793	719	686
AT2G18915	756	682	796	1098	856	1033
AT2G18917	115	75	102	143	76	92
AT2G18920	0	0	0	0	0	1
AT2G18930	0	0	0	0	0	1
AT2G18938	12	22	13	24	24	26
AT2G18940	1525	1590	1548	683	1004	930
AT2G18950	922	995	966	2378	1396	2812
AT2G18960	26526	25522	26012	40771	30306	74001
AT2G18969	37	40	43	29	22	31
AT2G18970	32	30	40	31	15	29
AT2G18980	3	4	2	2	4	4
AT2G18990	523	685	606	304	400	400
AT2G19060	20	0	23	6	18	10
AT2G19070	83	0	82	26	108	54
AT2G19080	612	726	768	756	656	871
AT2G19090	168	217	138	54	106	110
AT2G19110	703	672	519	224	351	512
AT2G19120	153	144	138	77	107	155
AT2G19130	351	310	380	735	453	909
AT2G19150	0	0	0	4	2	1
AT2G19160	663	631	684	744	550	827
AT2G19170	467	534	424	215	364	350
AT2G19180	633	741	770	1165	909	1105
AT2G19190	39	12	80	127	44	234
AT2G19210	1	0	0	2	1	0
AT2G19230	1	0	0	1	1	5
AT2G19240	23	19	25	23	24	30
AT2G19260	297	321	246	129	132	401
AT2G19270	697	732	707	838	653	986
AT2G19280	414	376	373	248	245	402
AT2G19290	5	11	7	14	3	12
AT2G19310	2783	2624	3518	4145	2772	3442
AT2G19320	1	0	0	1	0	5
AT2G19330	37	45	54	114	80	166
AT2G19340	315	374	330	550	379	601
AT2G19350	144	155	181	331	240	310
AT2G19360	0	0	1	0	0	2
AT2G19380	59	82	70	35	39	68
AT2G19385	343	457	353	159	181	281
AT2G19390	665	723	659	393	440	755
AT2G19400	295	300	246	129	152	199
AT2G19420	0	0	2	1	0	2
AT2G19430	467	487	443	517	482	651
AT2G19440	4	4	11	5	4	3
AT2G19450	51	54	112	309	161	400
AT2G19460	195	208	225	154	202	180
AT2G19470	502	555	573	529	464	876
AT2G19480	6904	7826	6977	3813	4454	5168
AT2G19490	141	200	198	124	122	166
AT2G19500	4	5	3	8	4	14
AT2G19520	2007	2261	2029	1207	1747	1894
AT2G19530	32	39	40	31	35	78
AT2G19540	2338	2638	2456	1796	1804	1792
AT2G19550	12	18	16	13	10	27
AT2G19560	437	435	435	493	378	571
AT2G19570	643	830	886	1250	849	1259
AT2G19572	498	633	635	931	645	957
AT2G19580	260	267	261	416	267	365
AT2G19582	123	128	114	205	130	177
AT2G19590	348	111	307	72	125	130
AT2G19600	689	676	690	590	605	777
AT2G19610	1	1	4	6	0	14
AT2G19620	424	537	455	186	268	208
AT2G19630	4	6	10	1	3	6
AT2G19640	481	539	501	452	456	505
AT2G19650	1557	1468	1435	847	948	1273
AT2G19660	11	4	9	3	6	5
AT2G19670	296	459	313	50	151	105
AT2G19680	1328	1621	1618	1375	1379	1580
AT2G19690	221	225	219	271	208	257
AT2G19700	0	0	0	0	0	6
AT2G19710	434	391	404	324	258	635
AT2G19720	298	350	317	270	287	262
AT2G19730	7719	9408	8990	7332	7623	7579
AT2G19740	2648	3078	3022	2909	2617	3381
AT2G19750	3828	4566	4157	2765	3064	2969
AT2G19760	3550	4006	4021	4037	3469	4308
AT2G19770	2	14	0	2	0	1
AT2G19780	491	627	621	334	414	391
AT2G19790	1404	1758	1759	1957	1632	2164
AT2G19800	9	18	87	13	3	24
AT2G19810	354	325	346	628	578	577
AT2G19820	0	0	0	1	0	0
AT2G19830	2065	2185	2505	2831	2434	2652
AT2G19860	768	915	1064	813	822	989
AT2G19870	1892	2014	1715	511	876	1025
AT2G19880	1110	1014	1154	1159	937	1595
AT2G19890	0	0	0	22	3	33
AT2G19893	0	0	0	4	0	2
AT2G19900	0	4	56	52	18	110
AT2G19910	165	147	139	48	89	78
AT2G19920	81	82	78	15	31	35
AT2G19930	132	125	129	39	69	120
AT2G19940	2014	2252	2418	1149	1703	1654
AT2G19950	923	1068	838	272	481	726
AT2G19960	2	0	0	5	1	0
AT2G19970	76	12	46	15	11	6
AT2G19980	7	8	6	6	15	12
AT2G19990	14	23	28	28	16	19
AT2G20000	766	801	724	401	509	697
AT2G20010	836	712	795	1184	783	1514
AT2G20020	2013	2141	2022	777	1198	1378
AT2G20030	1	1	0	4	4	11
AT2G20050	2305	2369	2126	1007	1147	1753
AT2G20060	949	1089	1049	817	831	1239
AT2G20100	230	247	264	178	208	175
AT2G20110	72	75	99	137	137	240
AT2G20120	1054	1243	1246	1598	1280	1664
AT2G20130	527	573	688	822	634	922
AT2G20140	1976	2288	2205	1224	1346	1806
AT2G20142	117	26	97	564	248	647
AT2G20150	0	0	1	11	1	31
AT2G20160	0	0	0	1	0	2
AT2G20170	113	141	134	69	84	88
AT2G20180	1009	1205	1225	801	803	914
AT2G20190	3709	3319	2927	1786	2131	3195
AT2G20208	0	0	0	1	0	1
AT2G20210	147	180	189	110	150	160
AT2G20230	3122	3520	3637	3177	3152	3179
AT2G20240	298	335	281	51	105	186
AT2G20250	99	106	90	33	44	54
AT2G20260	11800	16790	16226	17524	17808	14818
AT2G20270	1248	1475	1796	1194	1357	1464
AT2G20280	1820	2181	2203	1155	1223	1818
AT2G20290	617	652	474	113	217	266
AT2G20300	1058	1111	1042	565	896	768
AT2G20310	277	318	314	213	247	382
AT2G20320	467	373	432	391	344	587
AT2G20330	1358	1597	1300	662	915	1252
AT2G20340	1398	1317	2125	1875	1309	2912
AT2G20360	4724	5424	5540	5262	5404	7209
AT2G20362	50	63	39	34	28	36
AT2G20370	902	995	1049	1296	1264	1855
AT2G20380	0	0	0	0	0	10
AT2G20390	412	410	546	746	592	939
AT2G20400	228	244	244	242	197	300
AT2G20410	252	226	263	353	268	425
AT2G20420	5176	5733	5655	4042	4367	6130
AT2G20430	0	0	0	0	0	2
AT2G20440	409	368	355	346	360	493
AT2G20450	3953	4692	4351	2821	3518	3068
AT2G20453	0	0	0	2	0	3
AT2G20470	19	12	16	44	27	62
AT2G20480	56	67	61	33	44	32
AT2G20490	1543	1809	1631	732	885	629
AT2G20495	315	338	317	374	301	441
AT2G20500	112	123	102	133	87	130
AT2G20510	10	9	6	6	7	14
AT2G20515	87	138	109	40	79	51
AT2G20530	1152	1431	1274	1105	1272	1572
AT2G20540	43	47	60	32	31	65
AT2G20550	145	165	148	96	108	135
AT2G20560	996	734	1311	1142	653	1507
AT2G20562	93	128	115	65	54	62
AT2G20570	7823	10722	9313	11726	11491	8003
AT2G20580	4182	4500	4346	3015	3566	4814
AT2G20585	322	454	401	461	400	484
AT2G20590	72	114	91	33	54	53
AT2G20605	0	0	1	0	0	4
AT2G20610	4870	5739	5326	4567	4780	5479
AT2G20620	0	2	0	0	0	0
AT2G20625	1	1	0	14	2	16
AT2G20630	3655	3729	3815	2208	2304	3614
AT2G20635	133	176	141	55	79	87
AT2G20650	258	279	286	250	224	328
AT2G20660	0	1	0	0	0	0
AT2G20670	632	593	665	876	731	616
AT2G20680	190	190	170	131	147	110
AT2G20690	2620	2925	3107	2148	2359	2436
AT2G20700	19	41	44	19	27	23
AT2G20710	172	227	186	81	136	116
AT2G20720	153	145	166	299	250	327
AT2G20721	57	81	70	63	53	72
AT2G20722	77	93	84	105	63	78
AT2G20723	53	42	56	39	35	45
AT2G20725	1446	1701	1701	2785	2067	3091
AT2G20740	539	585	672	942	714	930
AT2G20750	260	372	342	212	408	202
AT2G20760	2930	3387	3282	3036	2834	4163
AT2G20770	234	197	163	137	188	170
AT2G20780	463	509	519	1185	883	1797
AT2G20784	3	1	4	1	0	2
AT2G20790	935	952	918	972	979	1029
AT2G20800	10	5	9	13	49	14
AT2G20805	1	0	0	0	0	0
AT2G20810	1055	1183	1280	1435	1264	1737
AT2G20815	397	528	488	481	476	667
AT2G20820	3195	3834	3663	4392	3746	4454
AT2G20825	5	20	9	15	6	37
AT2G20830	1986	2232	2323	2002	1876	2062
AT2G20835	63	96	66	24	56	38
AT2G20840	314	429	389	350	343	437
AT2G20850	836	893	718	436	482	722
AT2G20860	6349	6914	7995	7502	7650	7449
AT2G20870	1489	1759	1746	250	2191	253
AT2G20875	95	109	93	57	101	54
AT2G20880	26	14	38	311	210	304
AT2G20890	15934	18904	19890	12224	15224	9829
AT2G20900	780	873	803	1146	944	1345
AT2G20920	3752	4473	5136	5048	4733	4320
AT2G20921	0	0	0	2	0	3
AT2G20930	623	747	762	917	752	908
AT2G20940	354	394	423	359	343	402
AT2G20950	1341	1655	1310	1005	1235	976
AT2G20960	1163	1174	1209	951	1153	1974
AT2G20970	0	1	4	38	11	41
AT2G20980	108	149	137	42	94	99
AT2G20990	6264	6656	6908	4571	5612	7137
AT2G21010	0	0	0	9	0	27
AT2G21045	0	2	0	0	1	0
AT2G21050	1198	1422	1113	454	807	530
AT2G21060	1121	1362	1102	1304	1282	1206
AT2G21070	203	213	224	178	203	265
AT2G21080	209	223	217	111	167	155
AT2G21090	208	274	240	229	225	432
AT2G21100	8	2	3	10	8	8
AT2G21120	1132	1183	1230	1548	1160	1643
AT2G21130	60	65	85	97	70	155
AT2G21140	2711	3060	2477	1779	2291	2519
AT2G21150	966	1200	966	629	757	814
AT2G21160	4989	5749	5786	6384	5754	8325
AT2G21170	17852	21136	21232	15593	19086	15899
AT2G21180	144	157	228	389	273	347
AT2G21185	995	1021	1080	2221	1550	1742
AT2G21187	1040	1093	1186	2472	1673	2003
AT2G21188	207	192	238	537	272	448
AT2G21190	1382	1472	1772	2098	1494	1965
AT2G21195	485	635	481	430	501	399
AT2G21200	72	84	88	73	57	64
AT2G21210	1935	2254	2384	1913	2030	1425
AT2G21220	67	197	147	82	144	65
AT2G21230	909	926	950	944	865	1067
AT2G21237	1	1	0	14	3	15
AT2G21240	888	920	932	1266	1058	1412
AT2G21250	1819	2174	2409	2733	2574	4316
AT2G21260	24	35	24	19	28	47
AT2G21270	1324	1666	1626	1701	1448	1979
AT2G21280	3511	4079	4169	2576	3639	2750
AT2G21290	2298	2707	2679	2831	2468	2497
AT2G21300	2096	2551	1921	550	1048	1429
AT2G21320	2258	2493	2553	1780	1798	1904
AT2G21330	130576	166025	160637	141420	153927	113866
AT2G21340	2881	3373	3289	2382	3076	2899
AT2G21350	33	20	32	108	62	113
AT2G21360	0	1	1	0	0	0
AT2G21370	1374	1498	1374	1102	1287	1276
AT2G21380	1149	1501	1078	642	870	1450
AT2G21385	3520	4051	3817	1240	2244	1470
AT2G21390	5638	5881	5275	4225	4299	7548
AT2G21400	1	0	0	0	0	0
AT2G21410	2274	2194	2470	2528	2146	3134
AT2G21420	8	14	8	8	9	8
AT2G21430	66	95	55	55	61	79
AT2G21440	1959	2232	1583	421	627	1082
AT2G21450	15	3	5	0	8	7
AT2G21470	1103	1162	1085	891	816	1510
AT2G21480	0	0	0	21	7	46
AT2G21490	0	68	4	9	4	12
AT2G21500	272	234	301	377	302	550
AT2G21510	25	31	46	80	32	129
AT2G21520	1522	1641	1712	1444	1324	2345
AT2G21530	3099	3542	3918	3135	3286	2703
AT2G21540	320	344	344	246	280	591
AT2G21550	51	41	57	73	53	78
AT2G21560	717	777	693	397	380	516
AT2G21580	5789	6955	6612	5054	5003	5126
AT2G21590	290	395	382	142	209	229
AT2G21600	1498	1702	1645	1981	1665	2093
AT2G21610	0	1	9	3	1	7
AT2G21620	1409	987	2061	4248	2204	4452
AT2G21630	202	233	179	196	164	308
AT2G21640	234	245	451	1095	655	1228
AT2G21650	334	368	355	135	192	143
AT2G21660	1058	1344	1426	9316	4683	11993
AT2G21680	1	2	0	0	0	5
AT2G21710	134	180	154	64	116	127
AT2G21720	0	1	0	0	1	0
AT2G21730	33	34	30	17	26	26
AT2G21740	0	0	2	1	1	1
AT2G21770	97	150	97	54	66	87
AT2G21780	1	3	3	19	7	9
AT2G21790	1973	2422	1865	384	1013	874
AT2G21800	28	58	33	25	26	53
AT2G21810	2	0	0	1	0	1
AT2G21820	20	12	48	129	58	127
AT2G21830	360	349	408	256	331	252
AT2G21840	21	18	25	26	29	51
AT2G21850	111	67	97	425	237	724
AT2G21860	3428	3874	3902	1780	2695	1398
AT2G21870	7923	9237	8958	7327	7638	9753
AT2G21880	119	119	89	92	64	100
AT2G21890	52	44	41	41	29	24
AT2G21900	19	0	3	49	82	92
AT2G21910	0	0	8	19	15	17
AT2G21920	0	1	0	0	0	0
AT2G21930	1	1	0	4	6	3
AT2G21940	384	384	488	542	433	516
AT2G21950	1006	897	1083	1620	1151	1633
AT2G21960	4717	5995	5955	5572	5434	5558
AT2G21970	8283	8193	9513	9663	8284	6688
AT2G21980	0	0	1	0	1	0
AT2G21990	16	13	21	12	15	15
AT2G22000	168	172	147	95	117	103
AT2G22010	1621	1395	1361	1428	1220	2437
AT2G22030	2	1	2	0	0	1
AT2G22060	0	0	1	0	0	0
AT2G22070	18	32	22	8	12	30
AT2G22080	979	1091	1100	1962	1527	2000
AT2G22088	14	8	12	8	9	14
AT2G22090	730	756	685	636	636	818
AT2G22100	463	542	493	247	287	363
AT2G22120	424	429	489	525	471	476
AT2G22122	34	32	52	27	46	16
AT2G22125	5664	4669	3687	1975	2729	3821
AT2G22140	50	56	43	25	36	39
AT2G22170	1192	1304	1621	642	1150	652
AT2G22180	0	1	0	0	0	0
AT2G22190	333	422	389	358	334	517
AT2G22200	69	62	87	174	194	251
AT2G22201	0	0	0	0	0	1
AT2G22230	1340	1699	1633	650	1138	665
AT2G22240	7042	6749	6991	3839	4856	4366
AT2G22250	1295	1434	1469	616	778	740
AT2G22260	138	141	149	120	92	132
AT2G22270	255	288	323	236	232	285
AT2G22290	0	0	0	2	0	0
AT2G22300	1162	1083	1068	762	737	1908
AT2G22310	207	229	207	218	183	311
AT2G22320	0	0	3	2	0	1
AT2G22330	1709	1382	1838	7649	6252	20239
AT2G22340	0	1	0	0	0	7
AT2G22360	4347	4939	5174	2171	3143	2469
AT2G22370	221	296	234	388	306	385
AT2G22400	1161	1286	1123	608	775	1106
AT2G22410	68	65	60	25	45	38
AT2G22420	313	300	322	86	154	109
AT2G22425	1514	1696	1756	2684	2053	2431
AT2G22426	0	1	0	0	1	0
AT2G22430	4071	4430	5365	11020	7606	10387
AT2G22450	39	49	64	84	78	163
AT2G22460	8	6	2	4	1	2
AT2G22470	261	324	1368	1437	240	1942
AT2G22475	500	621	671	884	672	963
AT2G22480	960	980	1062	1722	1373	2036
AT2G22482	95	84	96	124	82	136
AT2G22490	563	635	851	1183	780	1433
AT2G22496	16	6	7	13	6	13
AT2G22500	485	529	751	2627	1385	2575
AT2G22510	37	28	32	41	36	39
AT2G22520	0	0	0	0	0	1
AT2G22530	380	409	379	332	308	418
AT2G22540	2611	2825	2875	4807	3742	4452
AT2G22560	184	212	163	77	76	242
AT2G22570	140	131	164	298	192	308
AT2G22590	6	4	5	4	6	7
AT2G22600	18	26	22	15	19	9
AT2G22610	256	353	182	22	57	76
AT2G22620	51	59	39	17	31	25
AT2G22630	1	0	1	2	0	1
AT2G22640	577	706	623	571	598	533
AT2G22650	355	427	348	221	247	301
AT2G22660	966	910	1026	983	954	2068
AT2G22670	5748	6926	6869	4621	5962	4573
AT2G22680	174	160	116	172	140	165
AT2G22690	196	202	216	210	153	412
AT2G22720	1482	1717	1610	1957	1523	2432
AT2G22730	74	97	76	50	40	105
AT2G22740	801	791	778	522	546	825
AT2G22750	1	4	0	0	0	0
AT2G22760	1	0	1	30	6	30
AT2G22770	59	60	159	171	84	328
AT2G22780	2241	2485	2983	4561	3423	6853
AT2G22790	47	51	46	115	55	82
AT2G22795	3438	4415	2902	426	756	1426
AT2G22800	188	244	213	199	198	145
AT2G22810	39	42	83	26	30	13
AT2G22820	0	0	3	4	2	0
AT2G22821	21	17	20	24	24	24
AT2G22830	123	106	115	92	110	118
AT2G22840	183	258	191	573	439	877
AT2G22850	96	92	108	93	100	86
AT2G22860	44	33	63	347	127	435
AT2G22870	754	746	747	318	371	420
AT2G22880	15	13	46	131	57	152
AT2G22890	23	32	40	26	40	43
AT2G22900	427	499	469	244	477	339
AT2G22905	10	14	12	21	11	18
AT2G22910	674	745	726	703	686	892
AT2G22920	20	22	28	13	11	6
AT2G22930	62	39	74	66	59	85
AT2G22940	0	4	0	0	0	0
AT2G22950	0	6	0	0	0	0
AT2G22955	0	0	0	0	2	0
AT2G22960	3	1	3	4	2	0
AT2G22970	625	714	789	1114	720	1242
AT2G22980	542	636	508	473	388	496
AT2G22990	14902	14835	13566	12075	11460	9617
AT2G23000	3151	3512	3834	2464	2897	3587
AT2G23010	168	192	401	395	591	613
AT2G23030	1	0	1	2	1	12
AT2G23040	51	70	55	70	56	68
AT2G23050	9	7	12	1	7	8
AT2G23060	19	22	20	16	23	5
AT2G23067	0	0	0	0	0	1
AT2G23070	3179	3447	3629	2821	2994	2870
AT2G23080	493	538	569	541	451	679
AT2G23090	8897	9794	10835	12970	10537	12142
AT2G23093	148	152	164	235	151	231
AT2G23096	2	3	9	1	1	5
AT2G23100	148	137	159	101	41	105
AT2G23110	9	5	172	109	38	118
AT2G23118	2	2	0	0	0	2
AT2G23120	5948	9168	9909	21416	10873	21494
AT2G23130	2314	4045	3983	1743	1146	1303
AT2G23140	687	743	668	641	588	1103
AT2G23149	0	0	0	0	0	1
AT2G23150	384	377	429	382	314	653
AT2G23160	0	1	0	0	0	0
AT2G23170	195	228	313	219	135	268
AT2G23180	316	273	335	249	250	331
AT2G23190	2	5	0	2	3	8
AT2G23200	1790	1494	1396	1171	1132	1749
AT2G23210	0	0	3	9	2	16
AT2G23220	1	0	2	0	1	0
AT2G23240	0	0	0	1	1	0
AT2G23260	0	0	0	2	0	0
AT2G23270	8	0	21	105	27	33
AT2G23290	455	445	531	453	238	495
AT2G23300	88	87	101	84	98	109
AT2G23310	788	957	1060	1420	1056	1870
AT2G23320	577	395	892	1940	1091	1787
AT2G23321	0	0	1	2	2	2
AT2G23340	717	866	950	1679	1472	1551
AT2G23348	34	60	47	66	55	85
AT2G23350	8042	8565	8588	6332	7007	8165
AT2G23360	575	660	528	86	217	245
AT2G23370	411	521	460	326	376	485
AT2G23380	488	577	456	190	299	361
AT2G23390	2814	3052	2870	1703	2062	2090
AT2G23400	0	0	0	0	0	1
AT2G23410	0	0	0	2	0	0
AT2G23420	2894	2815	2978	1743	1692	2262
AT2G23430	1008	1298	1301	1499	1045	1277
AT2G23450	686	628	739	1065	785	1919
AT2G23460	1517	1674	1529	878	976	1239
AT2G23470	270	292	246	142	156	219
AT2G23510	4	28	2	2	3	4
AT2G23520	568	643	605	368	419	592
AT2G23530	27	22	23	9	14	8
AT2G23540	26	3	11	31	14	31
AT2G23550	19	23	19	21	19	47
AT2G23560	185	176	221	90	100	270
AT2G23580	0	0	1	0	0	0
AT2G23590	141	169	161	133	227	175
AT2G23600	7038	8675	8287	6496	6538	5916
AT2G23610	2188	2693	2716	1743	1861	2093
AT2G23620	43	41	85	145	92	160
AT2G23640	0	0	1	1	0	0
AT2G23660	0	8	0	0	0	0
AT2G23670	12321	14887	14699	9002	11854	8746
AT2G23672	9434	10956	10717	7098	9175	6883
AT2G23680	355	225	317	955	511	943
AT2G23690	262	276	324	106	149	100
AT2G23700	180	222	145	49	72	104
AT2G23740	1080	1069	850	305	385	733
AT2G23755	193	264	201	176	147	216
AT2G23760	1654	1875	1842	1400	1430	1489
AT2G23770	207	175	176	152	152	180
AT2G23780	1101	1005	1181	1578	1277	1475
AT2G23790	729	884	785	883	543	1481
AT2G23800	16	127	5	1	47	8
AT2G23810	1531	928	2405	4748	2107	5224
AT2G23820	869	1076	1095	701	770	870
AT2G23830	4	1	3	19	11	13
AT2G23834	1	0	0	0	0	0
AT2G23840	851	944	1034	1966	1483	1769
AT2G23890	318	324	321	358	293	509
AT2G23900	0	0	0	1	1	1
AT2G23910	18	26	29	39	31	72
AT2G23930	2524	3185	2964	2355	2503	2633
AT2G23940	584	756	801	766	609	781
AT2G23945	3	4	2	4	12	36
AT2G23950	613	647	557	355	411	416
AT2G23960	10	19	7	0	9	14
AT2G23970	2	2	4	6	1	6
AT2G23980	1074	1120	1226	1239	997	1567
AT2G23985	438	450	491	485	378	482
AT2G24000	2	1	2	1	0	2
AT2G24010	52	43	61	22	49	38
AT2G24020	3943	4570	4621	3054	3718	3623
AT2G24030	22	28	15	8	13	21
AT2G24040	328	320	343	469	357	427
AT2G24050	2079	2490	2035	946	1441	1435
AT2G24060	3417	4128	3708	1445	2286	2077
AT2G24070	15	26	12	5	9	18
AT2G24080	1	0	0	1	0	0
AT2G24090	10718	13028	12871	7017	10348	5914
AT2G24100	915	961	1123	728	538	944
AT2G24103	0	0	0	2	0	5
AT2G24120	2692	2608	2134	819	952	1869
AT2G24130	0	0	0	1	0	1
AT2G24140	30	42	26	26	20	25
AT2G24150	2425	2962	2833	2024	2551	1758
AT2G24170	344	385	369	264	321	415
AT2G24180	2195	2076	2833	4605	2697	5267
AT2G24190	328	388	440	369	246	346
AT2G24200	8507	9152	9840	10056	9990	13332
AT2G24210	2	6	1	49	17	6
AT2G24220	272	323	306	251	297	273
AT2G24230	441	455	372	148	264	236
AT2G24240	75	68	68	284	159	271
AT2G24250	89	88	109	112	108	122
AT2G24255	0	0	0	0	1	0
AT2G24260	135	133	199	302	181	302
AT2G24270	17593	19581	18220	16213	16524	19187
AT2G24280	5510	6286	5786	2869	3343	3770
AT2G24285	5	0	3	13	2	12
AT2G24290	416	515	506	857	684	1057
AT2G24300	62	54	57	35	20	92
AT2G24310	19	27	20	13	17	27
AT2G24320	1	0	2	7	1	22
AT2G24330	627	682	692	640	541	766
AT2G24340	0	0	0	1	0	0
AT2G24350	136	167	138	47	59	99
AT2G24360	2782	2684	2966	4508	3774	5659
AT2G24370	0	4	0	0	2	0
AT2G24390	497	604	623	1186	823	1319
AT2G24395	967	1119	1159	715	809	590
AT2G24400	1	3	2	2	3	11
AT2G24410	0	0	0	1	1	5
AT2G24420	3493	3506	3543	2156	2345	3483
AT2G24430	6	2	3	16	4	23
AT2G24440	149	191	169	136	165	215
AT2G24450	0	0	0	2	2	4
AT2G24460	0	0	0	1	0	0
AT2G24480	1	0	0	2	0	0
AT2G24490	344	448	327	166	285	242
AT2G24500	1350	1582	1414	1252	1148	1691
AT2G24520	587	585	529	553	592	941
AT2G24530	190	182	178	120	107	188
AT2G24540	1863	1879	1881	2093	1628	1694
AT2G24545	1527	1492	1556	1762	1381	1453
AT2G24550	1013	840	970	2046	1179	1629
AT2G24560	4	4	3	1	0	1
AT2G24570	593	705	623	614	514	623
AT2G24580	938	1011	897	1014	947	892
AT2G24590	1432	1732	1785	2052	1602	1885
AT2G24592	155	200	166	315	194	353
AT2G24600	309	223	301	408	360	530
AT2G24610	2	1	1	0	3	3
AT2G24630	406	502	378	234	279	329
AT2G24640	498	545	406	353	365	555
AT2G24645	217	231	186	137	181	201
AT2G24650	662	694	515	217	245	452
AT2G24670	0	0	1	0	0	0
AT2G24680	55	72	52	26	36	58
AT2G24681	2	2	0	2	4	10
AT2G24683	5	1	0	0	0	1
AT2G24690	623	618	481	156	193	383
AT2G24692	33	42	39	10	24	9
AT2G24693	0	0	0	0	1	0
AT2G24700	94	89	73	30	41	72
AT2G24735	4	1	0	6	3	5
AT2G24740	0	0	0	1	0	0
AT2G24755	548	549	502	559	540	1036
AT2G24762	529	709	723	577	496	537
AT2G24765	1218	1402	1494	2424	1899	3036
AT2G24780	0	1	2	4	2	3
AT2G24790	5517	6382	6094	9401	7156	8659
AT2G24800	2	1	1	2	0	5
AT2G24810	0	0	1	2	1	9
AT2G24820	6417	6887	7066	5468	5832	5732
AT2G24830	451	373	424	332	303	522
AT2G24834	0	0	0	4	1	5
AT2G24840	0	0	0	29	3	72
AT2G24850	3080	190	1979	30567	8977	46090
AT2G24860	1039	1231	1318	1424	1277	1251
AT2G24870	12	12	22	13	16	15
AT2G24880	0	0	1	0	0	0
AT2G24940	4558	4901	5212	5660	4903	5454
AT2G24945	4540	4889	5207	5651	4892	5438
AT2G24960	256	230	204	99	116	163
AT2G24970	77	93	74	32	51	44
AT2G24990	776	997	907	392	499	571
AT2G25000	354	231	429	783	314	677
AT2G25010	476	471	424	489	369	589
AT2G25011	0	0	0	15	1	11
AT2G25050	672	724	570	273	436	402
AT2G25052	5	3	1	2	0	0
AT2G25060	705	945	850	413	719	517
AT2G25070	1585	1588	1757	1951	1495	2013
AT2G25080	14692	16695	14178	15670	14142	11516
AT2G25090	49	31	44	69	25	74
AT2G25095	2	2	0	3	2	1
AT2G25100	453	593	477	358	399	549
AT2G25110	1900	1886	2036	3156	2470	3612
AT2G25120	0	1	0	0	0	0
AT2G25130	27	22	22	18	14	22
AT2G25140	1090	1060	1108	642	682	1151
AT2G25150	15	15	14	6	11	9
AT2G25160	0	0	1	0	0	0
AT2G25169	2	0	0	0	0	0
AT2G25170	3067	2967	2220	704	934	1917
AT2G25180	642	782	691	535	575	676
AT2G25190	545	474	519	826	555	804
AT2G25200	300	261	316	494	328	362
AT2G25210	4150	5123	4884	2646	3492	2882
AT2G25220	240	259	247	80	176	148
AT2G25230	3	3	1	0	3	1
AT2G25240	7	7	6	8	9	7
AT2G25250	472	594	553	633	602	761
AT2G25260	64	68	74	82	72	46
AT2G25270	325	456	437	204	363	274
AT2G25280	619	741	796	826	711	1047
AT2G25290	588	583	454	196	276	304
AT2G25300	142	155	168	176	184	260
AT2G25310	1146	1220	1260	1796	1364	1725
AT2G25312	0	0	0	1	0	0
AT2G25320	1208	1218	1131	832	863	1823
AT2G25330	1	2	0	1	3	0
AT2G25350	238	269	230	114	104	285
AT2G25355	203	230	230	176	183	220
AT2G25360	0	0	0	5	0	4
AT2G25400	0	0	0	0	1	0
AT2G25420	278	277	285	155	187	278
AT2G25430	3808	4287	4201	6712	4761	10421
AT2G25440	61	16	32	164	59	300
AT2G25450	7805	7949	15501	11201	8103	17051
AT2G25460	74	32	131	421	103	890
AT2G25470	14	11	17	54	32	93
AT2G25480	734	997	796	156	322	334
AT2G25482	0	2	0	2	2	0
AT2G25490	3528	3345	3334	3420	3070	3871
AT2G25500	1	0	0	0	0	1
AT2G25510	61046	50304	46761	76463	54335	80016
AT2G25520	3456	3108	3522	5645	4185	5356
AT2G25530	404	345	397	196	227	376
AT2G25540	2	6	5	6	0	11
AT2G25560	464	426	386	258	328	546
AT2G25565	1	1	0	7	4	4
AT2G25570	272	334	343	218	290	280
AT2G25580	361	372	332	206	222	257
AT2G25590	526	460	402	480	406	895
AT2G25600	2	5	3	3	4	9
AT2G25605	726	793	822	1267	909	1047
AT2G25610	1898	1997	2292	2417	2163	2335
AT2G25620	597	643	656	605	592	642
AT2G25625	194	331	225	1844	843	2348
AT2G25630	0	0	0	0	0	1
AT2G25640	326	353	275	178	204	235
AT2G25650	576	593	642	636	539	1100
AT2G25660	2409	2002	1616	689	849	1753
AT2G25670	4048	4985	5031	3331	3349	4725
AT2G25680	576	574	578	457	473	374
AT2G25685	1	1	0	6	2	2
AT2G25690	229	211	201	340	246	371
AT2G25710	585	647	606	507	535	699
AT2G25720	519	609	664	779	685	818
AT2G25730	477	312	436	266	263	784
AT2G25735	98	71	110	245	122	145
AT2G25737	332	317	383	404	353	442
AT2G25740	430	429	424	522	439	763
AT2G25760	1644	1474	1460	1077	1149	1921
AT2G25770	2	2	4	3	0	3
AT2G25780	5	6	6	2	5	2
AT2G25790	263	297	298	137	192	254
AT2G25800	1737	1762	1733	1128	1240	1286
AT2G25810	35	43	69	44	38	33
AT2G25820	140	159	141	115	179	147
AT2G25830	2448	2789	2916	1703	2175	1711
AT2G25840	1723	2045	1860	1025	1344	1396
AT2G25850	528	574	573	546	556	1047
AT2G25870	2764	2956	2933	2533	2590	3009
AT2G25880	136	182	197	92	145	92
AT2G25890	0	5	1	2	0	1
AT2G25900	817	1181	827	1413	1365	985
AT2G25910	1166	1501	1678	1574	1433	2144
AT2G25920	303	410	340	277	286	310
AT2G25930	202	164	199	408	233	873
AT2G25940	18	29	16	16	12	45
AT2G25950	323	382	411	556	435	775
AT2G25964	135	157	139	189	155	205
AT2G25970	3518	4044	3586	4260	3660	5513
AT2G25980	0	1	0	0	0	0
AT2G26000	302	315	311	273	281	464
AT2G26010	339	10502	8422	184	88	346
AT2G26020	39	3508	888	76	3	37
AT2G26030	310	367	322	350	292	398
AT2G26040	70	80	59	40	69	37
AT2G26060	872	921	984	1127	982	1278
AT2G26070	174	268	213	239	209	203
AT2G26080	64262	70512	60986	30489	41274	38425
AT2G26100	565	590	601	559	546	739
AT2G26110	906	1163	996	575	580	575
AT2G26120	2	5	0	1	1	3
AT2G26130	0	4	0	0	1	1
AT2G26135	0	0	0	5	1	10
AT2G26140	5413	5363	5486	3875	4091	6096
AT2G26150	645	391	934	447	296	633
AT2G26160	0	0	1	0	1	0
AT2G26170	881	888	910	1072	793	1162
AT2G26180	198	253	211	92	140	76
AT2G26190	1136	873	824	881	903	1508
AT2G26200	202	233	186	311	279	589
AT2G26210	852	863	974	1660	1157	1959
AT2G26211	79	68	68	91	61	88
AT2G26230	545	595	759	1186	749	1320
AT2G26240	882	775	833	1689	1114	1626
AT2G26250	11589	12029	12241	5607	7972	7206
AT2G26260	569	596	526	606	585	716
AT2G26267	30	34	29	6	13	12
AT2G26270	109	161	148	63	57	84
AT2G26280	3446	3485	3554	2432	2512	3304
AT2G26290	13	18	41	57	30	72
AT2G26300	974	1048	1208	2531	1518	3908
AT2G26310	39	56	52	79	58	89
AT2G26330	2437	2728	2169	764	1409	1680
AT2G26340	2344	3007	2959	2452	2632	2249
AT2G26350	296	342	357	418	358	633
AT2G26355	327	231	356	483	274	501
AT2G26360	49	60	54	92	51	108
AT2G26380	0	1	0	0	1	7
AT2G26390	7	9	21	26	36	47
AT2G26400	87	53	111	1164	1194	1145
AT2G26410	0	5	0	1	5	4
AT2G26420	0	0	0	2	1	17
AT2G26430	963	1074	1044	1242	1186	1518
AT2G26440	418	323	402	2067	1086	2395
AT2G26450	2	0	0	4	2	8
AT2G26460	735	820	748	666	612	977
AT2G26470	290	314	272	167	166	281
AT2G26480	15	7	15	134	84	164
AT2G26500	20722	22046	22947	20989	20802	20865
AT2G26510	642	604	640	949	734	1150
AT2G26511	0	0	0	3	0	0
AT2G26520	41	60	47	18	52	32
AT2G26530	398	383	408	910	743	924
AT2G26540	1308	1658	1520	1207	1451	1406
AT2G26550	1031	1016	1041	849	739	914
AT2G26560	369	52	427	1266	927	1505
AT2G26570	2572	2726	2696	979	1335	2465
AT2G26580	355	431	459	289	312	349
AT2G26590	1128	1237	1238	1248	1101	1617
AT2G26600	582	583	657	1217	823	1675
AT2G26610	0	6	0	26	11	71
AT2G26620	0	0	0	2	0	3
AT2G26640	648	798	825	376	472	504
AT2G26650	165	134	186	81	90	120
AT2G26660	449	590	649	684	556	710
AT2G26670	3602	4266	4262	3698	3497	3931
AT2G26680	735	910	902	629	649	734
AT2G26690	11716	10198	11220	9278	7371	10565
AT2G26692	44	31	25	59	30	52
AT2G26695	110	169	116	295	195	156
AT2G26700	40	54	47	22	35	49
AT2G26710	347	350	387	233	302	196
AT2G26730	2253	2491	2273	1307	1898	1638
AT2G26740	4496	4966	5488	8452	6044	9906
AT2G26750	49	62	52	79	63	93
AT2G26760	122	209	179	75	124	103
AT2G26770	1884	1864	1832	1208	1316	1550
AT2G26780	1698	1412	1423	1482	1130	2585
AT2G26790	78	53	43	44	33	71
AT2G26800	2859	3029	3277	3586	3102	4356
AT2G26810	188	193	230	195	173	199
AT2G26820	1	1	1	1	2	4
AT2G26830	462	422	479	461	437	527
AT2G26840	433	498	436	256	381	272
AT2G26850	0	0	0	0	0	2
AT2G26860	259	291	256	156	211	218
AT2G26870	269	334	408	182	280	279
AT2G26880	0	0	0	2	0	5
AT2G26890	3354	2574	2166	1579	1728	3304
AT2G26900	5174	6350	5836	6544	6854	6634
AT2G26910	5829	5021	5033	1899	3049	2975
AT2G26920	753	866	876	391	521	973
AT2G26930	1648	1932	1970	1292	1448	1411
AT2G26940	0	4	2	2	11	1
AT2G26950	1	1	0	0	0	0
AT2G26960	2	2	4	1	2	7
AT2G26970	411	424	424	586	405	702
AT2G26975	1511	1470	1668	2154	1627	2182
AT2G26980	1634	1693	2316	1405	1281	1635
AT2G26990	1312	1539	1445	812	819	1498
AT2G27000	5	5	5	14	15	20
AT2G27010	0	0	0	4	0	4
AT2G27020	2854	3314	3549	3593	3162	3815
AT2G27030	2593	2876	2918	2512	2232	2462
AT2G27035	49	60	46	37	40	29
AT2G27040	1573	1855	1445	533	955	972
AT2G27050	2149	2235	2278	1818	1668	2362
AT2G27060	582	607	634	306	502	483
AT2G27080	135	235	322	386	136	528
AT2G27090	779	782	702	542	547	903
AT2G27100	1917	2166	1807	1476	1512	2052
AT2G27110	827	849	761	490	584	938
AT2G27120	4	6	3	1	4	6
AT2G27130	432	566	660	380	452	364
AT2G27140	135	182	143	31	83	56
AT2G27150	907	785	849	891	718	1727
AT2G27160	0	0	0	1	2	0
AT2G27170	1345	1111	991	327	350	804
AT2G27180	23	14	15	32	30	16
AT2G27190	657	767	883	769	633	1256
AT2G27200	81	66	90	130	118	316
AT2G27210	1455	1318	1211	1381	1238	1775
AT2G27220	14	14	7	5	14	8
AT2G27228	2062	2141	2166	1524	1515	2374
AT2G27229	3	1	2	6	5	3
AT2G27230	2062	2141	2166	1524	1515	2374
AT2G27240	6	2	6	1	2	3
AT2G27250	0	1	1	1	0	1
AT2G27260	396	520	467	720	534	746
AT2G27270	0	0	0	8	0	5
AT2G27280	0	4	2	4	1	15
AT2G27285	704	802	756	313	440	665
AT2G27290	3651	4213	4606	4964	4893	4038
AT2G27300	14	22	26	9	19	19
AT2G27310	157	151	229	753	404	829
AT2G27315	0	1	0	0	0	0
AT2G27320	0	0	0	1	0	0
AT2G27330	304	336	322	418	374	474
AT2G27340	167	207	173	133	153	142
AT2G27350	1608	1546	1638	1511	1464	2364
AT2G27360	600	658	745	487	570	582
AT2G27380	4	1	0	0	0	0
AT2G27385	1387	1381	1221	1812	1920	1672
AT2G27389	39	13	198	506	49	571
AT2G27390	7	1	41	140	19	156
AT2G27400	381	402	454	356	303	266
AT2G27402	1374	1419	2001	726	1035	958
AT2G27410	0	0	0	3	0	4
AT2G27420	6662	7880	9079	3096	4529	2553
AT2G27430	7	4	4	15	5	13
AT2G27450	1621	1943	1850	2108	1793	2643
AT2G27460	616	658	572	502	468	729
AT2G27470	504	625	525	255	362	451
AT2G27480	112	106	102	147	112	185
AT2G27490	371	377	374	610	428	603
AT2G27500	684	578	785	1351	552	1388
AT2G27505	2	3	3	17	7	14
AT2G27510	678	664	645	809	793	969
AT2G27520	4	1	2	0	0	0
AT2G27530	9243	10532	9968	5827	6939	6508
AT2G27550	0	0	3	0	0	1
AT2G27570	1	0	0	3	1	5
AT2G27580	1045	1011	1334	1462	1082	1294
AT2G27590	386	419	340	337	351	411
AT2G27600	3434	3676	3783	3731	3405	4398
AT2G27610	32	25	30	19	14	39
AT2G27630	4	3	3	3	5	18
AT2G27650	0	3	1	0	1	3
AT2G27660	231	42	108	942	355	1082
AT2G27670	0	7	0	1	0	1
AT2G27680	7497	8717	9158	5078	6979	5966
AT2G27690	37	46	67	201	123	292
AT2G27700	0	0	0	1	0	3
AT2G27710	11387	13750	12634	10648	10642	10694
AT2G27720	10627	13239	12304	10297	9814	10625
AT2G27730	3391	4142	4232	6160	4917	6591
AT2G27740	115	154	90	49	81	68
AT2G27750	0	0	0	1	0	1
AT2G27760	248	346	271	107	141	254
AT2G27770	248	251	245	196	211	259
AT2G27775	280	367	292	228	281	264
AT2G27780	0	1	0	2	0	5
AT2G27790	94	112	109	112	92	119
AT2G27800	145	153	116	107	83	112
AT2G27810	1787	1847	1701	1228	1345	1220
AT2G27820	1906	2101	2210	1500	1768	1502
AT2G27830	295	267	340	1071	647	906
AT2G27840	786	1074	913	354	604	397
AT2G27850	0	0	0	5	0	1
AT2G27860	5143	5866	6207	6022	5940	8411
AT2G27880	13	42	30	6	25	25
AT2G27900	1771	1492	1550	1384	1286	2391
AT2G27920	530	538	556	887	632	917
AT2G27930	15	26	22	11	7	11
AT2G27940	0	0	0	0	0	2
AT2G27950	1696	1582	1573	1394	1452	2244
AT2G27960	827	844	910	1059	938	1004
AT2G27970	422	616	477	263	433	341
AT2G27980	1317	1178	976	484	515	975
AT2G27990	106	140	106	82	69	84
AT2G28000	28745	31402	31043	11188	19598	18918
AT2G28010	0	0	0	2	0	0
AT2G28030	1	0	0	0	0	1
AT2G28040	6	8	11	19	18	41
AT2G28050	92	84	98	50	57	54
AT2G28056	7	5	7	77	42	111
AT2G28060	426	470	442	562	396	546
AT2G28070	660	614	561	490	523	699
AT2G28080	383	499	409	329	409	435
AT2G28085	9	14	14	45	15	48
AT2G28090	0	0	0	3	4	4
AT2G28100	584	709	571	442	490	645
AT2G28105	169	195	158	166	141	200
AT2G28110	141	92	186	525	186	636
AT2G28120	63	95	186	259	119	284
AT2G28130	146	174	168	110	95	183
AT2G28140	61	106	85	49	64	48
AT2G28150	931	1016	1048	531	730	609
AT2G28160	39	47	33	79	62	100
AT2G28170	0	0	0	0	0	1
AT2G28180	5	7	15	3	5	1
AT2G28190	23119	23640	37858	15630	23593	16433
AT2G28200	757	764	734	569	470	563
AT2G28210	416	426	356	182	309	183
AT2G28220	0	0	0	0	0	5
AT2G28230	330	348	334	408	356	458
AT2G28240	305	364	287	130	183	275
AT2G28250	180	213	201	60	81	106
AT2G28260	238	203	175	88	140	133
AT2G28290	4470	3453	1924	783	949	2859
AT2G28305	1150	1281	1064	978	848	978
AT2G28310	915	1055	938	780	798	999
AT2G28315	123	180	118	64	69	112
AT2G28320	1392	1359	1578	1243	1010	1692
AT2G28330	100	127	94	86	82	68
AT2G28340	5	1	3	1	1	3
AT2G28350	935	975	978	1087	838	1070
AT2G28355	0	8	0	0	0	0
AT2G28360	246	260	237	247	199	497
AT2G28370	1401	1302	1505	2925	1911	2755
AT2G28380	1189	1366	1300	870	1050	1042
AT2G28390	1085	1284	1325	1173	1143	1497
AT2G28400	120	74	253	1013	394	1094
AT2G28410	435	515	383	202	387	283
AT2G28420	59	67	38	95	113	156
AT2G28426	8	7	3	9	7	18
AT2G28430	734	814	830	888	734	950
AT2G28440	31	49	29	42	21	67
AT2G28450	915	1047	909	348	581	840
AT2G28460	59	51	60	48	29	69
AT2G28470	6203	6799	6421	2978	4524	4179
AT2G28480	232	276	262	198	167	281
AT2G28500	16	39	29	37	52	50
AT2G28510	387	515	731	1057	719	1252
AT2G28520	1388	1357	1450	1079	1071	1466
AT2G28540	1337	1356	1211	644	744	1366
AT2G28550	2329	2449	2605	2972	2714	3206
AT2G28560	13	19	17	4	15	7
AT2G28570	112	110	158	502	261	682
AT2G28580	56	78	55	11	18	19
AT2G28590	68	67	64	40	32	53
AT2G28600	768	945	785	220	432	459
AT2G28605	1812	1976	1953	1440	1426	1277
AT2G28610	4	6	5	0	4	2
AT2G28620	375	441	343	43	119	126
AT2G28625	0	0	0	1	0	0
AT2G28630	503	476	481	513	453	408
AT2G28650	30	36	30	36	23	51
AT2G28660	94	129	115	116	159	162
AT2G28670	173	165	143	280	247	334
AT2G28671	143	149	127	237	201	283
AT2G28680	6	1	16	16	18	16
AT2G28690	11	6	11	3	16	2
AT2G28700	0	2	3	0	1	0
AT2G28710	97	92	102	229	131	189
AT2G28720	560	762	708	1260	1029	1241
AT2G28725	1	0	1	1	1	0
AT2G28740	1592	1892	1694	941	1292	1096
AT2G28755	1	3	2	6	8	10
AT2G28760	372	479	383	258	307	305
AT2G28780	73	14	60	26	15	29
AT2G28790	1229	1787	1445	789	1462	1206
AT2G28800	15133	16219	16741	13320	14349	12845
AT2G28810	572	750	511	689	564	784
AT2G28830	179	181	174	143	149	265
AT2G28840	971	843	1016	4389	2552	4874
AT2G28850	0	1	0	0	0	0
AT2G28860	0	0	1	0	0	0
AT2G28870	93	91	86	88	119	73
AT2G28880	1060	799	833	587	544	730
AT2G28890	882	725	922	1098	963	1343
AT2G28900	898	1085	1365	1447	1044	2242
AT2G28910	8355	8018	9802	8456	8105	10459
AT2G28920	3	2	7	4	7	7
AT2G28930	416	474	514	259	338	269
AT2G28940	311	243	241	453	361	524
AT2G28950	5008	6852	5580	2978	5456	3044
AT2G28960	0	0	0	0	1	0
AT2G28970	0	0	0	1	1	0
AT2G29020	961	1018	998	1724	1192	1763
AT2G29040	1	4	0	0	0	0
AT2G29050	319	400	386	392	354	493
AT2G29060	1	0	3	1	0	1
AT2G29065	123	126	137	127	114	220
AT2G29070	151	184	163	264	151	408
AT2G29080	3840	4146	4155	3397	3355	4189
AT2G29090	278	244	241	846	417	1026
AT2G29100	6	0	4	2	3	4
AT2G29110	58	23	66	75	44	93
AT2G29120	1130	882	936	1401	852	2535
AT2G29125	51	51	52	38	47	54
AT2G29130	69	65	45	19	37	17
AT2G29140	1339	1277	1184	772	854	1130
AT2G29150	5	0	2	3	0	1
AT2G29170	51	77	71	326	167	289
AT2G29180	2117	2429	2557	2302	2336	2201
AT2G29190	1852	1935	1726	1123	1290	1779
AT2G29200	809	873	779	382	465	610
AT2G29210	2106	2487	1978	1264	1524	2298
AT2G29220	0	0	0	0	0	6
AT2G29250	0	1	0	0	0	1
AT2G29260	29	34	34	32	28	31
AT2G29263	0	0	0	2	0	1
AT2G29290	1744	2055	1834	1425	1732	1255
AT2G29300	250	271	215	156	122	129
AT2G29310	1275	1419	1305	1234	1334	1116
AT2G29320	1021	1285	1169	1137	1135	970
AT2G29330	0	1	2	4	2	9
AT2G29340	2886	3231	3640	3754	3021	3750
AT2G29350	2795	1324	6170	20138	3808	22168
AT2G29360	2485	2762	2616	2735	2351	2974
AT2G29370	35	31	41	53	33	79
AT2G29380	6	5	6	16	3	21
AT2G29390	863	914	985	953	943	1020
AT2G29400	2029	1915	2070	6607	4075	9216
AT2G29410	47	44	60	42	36	48
AT2G29420	503	644	934	1269	786	1101
AT2G29430	1	1	7	10	1	10
AT2G29440	117	159	259	176	98	383
AT2G29450	14474	14215	19624	14666	12720	17096
AT2G29452	0	0	0	4	1	3
AT2G29460	563	71	822	2217	545	1954
AT2G29470	141	8	107	1117	176	1097
AT2G29480	1	1	14	17	1	21
AT2G29490	43	58	157	329	97	233
AT2G29500	141	68	309	928	385	821
AT2G29510	2111	2445	2455	846	1234	1613
AT2G29525	126	154	137	179	127	226
AT2G29530	1005	1300	1183	1098	961	1189
AT2G29540	286	345	402	305	266	295
AT2G29550	4017	5203	4428	1593	2780	2553
AT2G29560	960	1134	1050	689	743	1016
AT2G29570	658	887	668	355	552	533
AT2G29580	356	464	399	254	361	569
AT2G29590	398	468	460	655	543	671
AT2G29600	8	7	9	12	10	8
AT2G29620	15	16	12	14	22	33
AT2G29630	10537	10359	13860	7085	8835	12829
AT2G29640	168	175	204	282	159	378
AT2G29650	6344	7622	7522	7492	7472	6985
AT2G29660	225	237	248	158	176	165
AT2G29670	1261	1776	1771	3972	3136	5074
AT2G29679	0	0	0	1	0	0
AT2G29680	97	115	98	55	59	67
AT2G29690	889	942	923	633	842	883
AT2G29700	1472	1437	1602	1758	1627	1825
AT2G29710	67	54	78	41	72	103
AT2G29720	285	197	276	790	368	695
AT2G29730	225	278	269	113	176	177
AT2G29740	2	2	12	1	4	2
AT2G29750	21	3	24	29	33	30
AT2G29760	147	139	162	94	97	122
AT2G29770	0	0	1	0	1	0
AT2G29780	0	2	1	0	4	2
AT2G29790	0	2	0	0	0	0
AT2G29800	0	1	0	0	0	0
AT2G29810	0	1	0	0	0	0
AT2G29820	0	2	0	0	0	2
AT2G29830	0	1	0	0	2	0
AT2G29860	1	0	0	0	0	0
AT2G29870	1	2	0	0	1	0
AT2G29880	0	1	0	0	0	0
AT2G29890	379	418	345	78	146	186
AT2G29900	484	483	482	479	421	418
AT2G29910	516	556	497	510	492	627
AT2G29920	7	11	10	6	7	1
AT2G29940	170	180	111	70	102	143
AT2G29950	21	13	24	207	86	240
AT2G29960	1647	2135	2076	2079	1970	2337
AT2G29970	2508	2495	2197	1585	1914	2099
AT2G29980	3285	3776	3401	2292	2973	3488
AT2G29990	467	319	470	1282	783	1522
AT2G29995	149	162	146	259	180	246
AT2G30000	163	175	187	189	208	193
AT2G30010	1561	1990	1652	419	887	393
AT2G30020	286	288	369	763	449	892
AT2G30040	328	295	365	414	283	510
AT2G30050	1482	1730	1743	2046	1872	2740
AT2G30060	1913	2050	2213	3362	2557	4135
AT2G30070	517	546	628	407	438	575
AT2G30080	242	310	247	265	231	225
AT2G30100	2770	2850	3083	2009	2569	1786
AT2G30105	862	874	914	509	545	733
AT2G30110	6992	6816	7225	4552	5316	6721
AT2G30115	2	2	0	2	1	1
AT2G30120	252	318	238	282	271	354
AT2G30130	0	0	1	0	0	1
AT2G30140	1185	897	1825	2583	1387	3098
AT2G30150	1620	1691	1697	881	1118	771
AT2G30160	558	582	663	741	607	730
AT2G30170	1727	1889	1701	1571	1613	1760
AT2G30190	0	0	0	0	1	0
AT2G30200	2015	2481	2141	1132	1603	1305
AT2G30210	28	0	20	9	11	20
AT2G30220	1	0	1	0	0	0
AT2G30230	110	146	128	328	240	240
AT2G30240	0	0	0	7	3	16
AT2G30250	490	236	569	1476	736	1723
AT2G30260	966	1065	999	808	780	1139
AT2G30270	457	598	648	798	635	783
AT2G30280	363	368	369	218	217	333
AT2G30290	0	6	0	1	3	0
AT2G30300	7	9	7	28	20	22
AT2G30310	5	3	7	2	3	1
AT2G30320	719	820	792	448	536	515
AT2G30330	346	415	448	502	433	531
AT2G30340	1	0	2	0	0	1
AT2G30350	206	214	216	174	200	224
AT2G30360	317	269	443	1251	429	1489
AT2G30362	194	177	270	729	262	880
AT2G30370	38	71	43	23	56	21
AT2G30380	7	10	7	6	6	9
AT2G30390	5515	6551	6449	3890	4675	3991
AT2G30395	36	29	36	25	13	50
AT2G30400	4	7	7	8	3	15
AT2G30410	853	1144	1027	1013	992	963
AT2G30420	73	115	93	71	58	50
AT2G30424	151	149	171	141	147	101
AT2G30432	83	197	58	29	107	16
AT2G30440	2832	2811	3025	7287	4274	8031
AT2G30450	0	0	0	1	0	0
AT2G30460	514	574	564	410	428	492
AT2G30470	1665	1460	1199	933	863	1352
AT2G30480	184	127	144	72	69	158
AT2G30490	8923	9082	10934	8741	7073	11095
AT2G30500	876	877	901	311	397	1041
AT2G30505	45	53	43	107	66	154
AT2G30520	16567	16640	16175	12711	10595	12308
AT2G30530	585	615	618	837	608	1105
AT2G30540	144	151	157	103	125	131
AT2G30550	1579	1528	2401	6725	4096	7164
AT2G30560	6	4	6	39	12	64
AT2G30570	71703	90354	84266	84763	93044	63743
AT2G30575	482	506	439	164	260	341
AT2G30580	407	406	367	392	322	459
AT2G30590	735	653	678	1040	687	1161
AT2G30600	878	1140	884	815	533	1355
AT2G30615	127	227	143	138	79	250
AT2G30620	5508	6672	6363	6124	5810	6360
AT2G30630	12	9	11	20	12	41
AT2G30650	1	6	1	3	2	6
AT2G30660	0	4	5	3	0	8
AT2G30670	1	4	1	0	0	1
AT2G30680	0	0	0	0	0	2
AT2G30690	5	4	6	9	11	36
AT2G30695	824	892	907	475	563	574
AT2G30700	1412	1527	1453	1371	1305	1647
AT2G30710	670	733	740	839	746	1104
AT2G30720	431	425	554	422	312	611
AT2G30730	0	0	0	0	1	2
AT2G30740	669	673	626	534	550	705
AT2G30750	185	95	502	953	352	508
AT2G30760	1265	1455	1108	1215	1206	708
AT2G30766	20594	24208	23884	17009	20663	13733
AT2G30770	2402	1717	1662	3016	1271	2283
AT2G30780	405	415	368	544	422	821
AT2G30790	194	254	216	234	206	247
AT2G30800	844	838	749	308	406	822
AT2G30820	119	143	151	39	78	76
AT2G30830	30	30	54	52	30	88
AT2G30840	17	7	16	22	28	35
AT2G30860	18306	21348	22501	21089	23256	29792
AT2G30870	3485	4130	5121	7354	5234	10120
AT2G30880	682	628	668	576	590	922
AT2G30890	217	280	225	125	152	142
AT2G30900	124	162	119	83	90	80
AT2G30910	633	718	660	698	632	973
AT2G30920	342	392	397	320	303	400
AT2G30930	641	719	715	1342	422	1229
AT2G30933	47	69	49	43	40	41
AT2G30940	4	7	1	3	3	4
AT2G30942	36	42	68	84	42	70
AT2G30945	43	57	47	114	77	130
AT2G30950	43077	46343	49079	36397	41872	41058
AT2G30960	398	452	455	197	284	286
AT2G30970	3261	3833	3943	2629	2878	3873
AT2G30980	2228	2497	2329	1935	1956	2318
AT2G30984	2	8	2	10	4	12
AT2G30985	0	6	0	6	2	9
AT2G30990	505	582	575	432	328	659
AT2G31010	209	251	212	354	246	819
AT2G31018	4	0	0	2	3	1
AT2G31020	100	17	60	72	44	106
AT2G31030	0	0	1	1	1	3
AT2G31035	2	6	9	6	4	4
AT2G31040	3343	3889	3947	3549	3826	3717
AT2G31050	0	0	0	0	0	5
AT2G31060	1501	1301	1378	1538	1294	2154
AT2G31070	1775	2002	2118	1858	1889	1945
AT2G31085	0	0	0	0	2	0
AT2G31090	544	501	543	719	563	633
AT2G31100	0	3	2	10	4	31
AT2G31110	394	515	475	762	443	710
AT2G31130	264	302	295	283	215	436
AT2G31140	658	886	864	662	664	684
AT2G31141	404	145	161	200	219	161
AT2G31150	742	762	654	281	279	544
AT2G31160	217	194	234	134	162	143
AT2G31170	1446	1588	1555	620	951	896
AT2G31180	3	3	22	18	11	33
AT2G31190	453	513	424	359	392	562
AT2G31200	1064	1037	1287	1792	1131	1580
AT2G31210	4	15	4	3	3	6
AT2G31215	0	1	0	0	0	0
AT2G31220	25	21	17	6	22	18
AT2G31230	584	761	823	1157	891	1066
AT2G31240	478	582	456	262	292	449
AT2G31250	13	8	9	34	19	60
AT2G31260	816	790	822	833	739	1360
AT2G31270	290	392	314	84	201	129
AT2G31271	0	0	0	0	1	0
AT2G31280	965	1023	888	928	760	1568
AT2G31290	159	273	207	230	213	338
AT2G31300	367	429	449	486	409	651
AT2G31305	313	351	384	445	278	419
AT2G31310	0	0	0	0	1	0
AT2G31320	345	405	302	65	128	173
AT2G31335	0	2	0	0	0	1
AT2G31340	285	307	246	144	177	252
AT2G31345	1	0	4	5	1	3
AT2G31350	892	859	925	1921	1177	2187
AT2G31360	1405	1539	1694	2171	1702	2941
AT2G31370	1032	1144	1174	872	701	1250
AT2G31380	4398	5253	4932	3123	3790	3026
AT2G31390	1232	1323	1604	2799	1845	3723
AT2G31400	12357	11946	10221	7951	8307	10602
AT2G31410	2700	3546	3158	2230	2205	2539
AT2G31420	1	1	44	11	3	10
AT2G31425	0	0	6	0	3	1
AT2G31432	1	0	0	0	0	0
AT2G31440	877	1007	906	1065	1051	1098
AT2G31450	522	511	465	302	320	301
AT2G31470	0	2	1	0	0	0
AT2G31490	3984	5135	4893	4780	4577	5138
AT2G31500	1	0	0	2	1	11
AT2G31510	1493	1455	1468	1181	1185	2086
AT2G31530	840	922	932	668	664	916
AT2G31540	3	5	5	3	1	3
AT2G31550	8	11	2	5	8	4
AT2G31560	2603	2824	2490	1588	1771	1911
AT2G31570	4304	4214	5079	6577	4576	6680
AT2G31580	249	292	261	275	183	341
AT2G31585	109	109	157	506	279	466
AT2G31590	0	2	1	2	6	3
AT2G31600	136	144	162	144	126	184
AT2G31610	8568	9923	9475	6436	7383	7239
AT2G31620	3	4	0	12	4	16
AT2G31650	266	285	219	99	133	266
AT2G31660	3322	2991	2875	2184	2046	2852
AT2G31670	3485	4088	4139	2321	2956	2830
AT2G31680	704	815	912	975	774	854
AT2G31690	0	0	1	1	0	1
AT2G31710	293	311	309	424	366	482
AT2G31720	1	0	0	0	0	1
AT2G31725	298	339	299	148	236	227
AT2G31730	267	386	387	187	174	172
AT2G31740	1392	1238	1351	1215	1094	1627
AT2G31750	2305	2474	2585	2230	1681	2124
AT2G31751	812	916	932	755	545	711
AT2G31760	1	0	0	2	0	0
AT2G31770	1	0	0	0	0	1
AT2G31780	1	0	0	0	0	1
AT2G31790	5716	6419	6206	3151	4344	3678
AT2G31800	838	798	945	1147	975	1968
AT2G31810	1875	1666	1755	1590	1629	2655
AT2G31820	1494	1526	1645	1094	1003	1572
AT2G31830	129	120	95	54	68	158
AT2G31840	1397	1441	1375	864	1157	1136
AT2G31850	0	0	0	1	0	0
AT2G31862	1	0	0	0	0	1
AT2G31865	450	175	366	1281	570	1418
AT2G31870	107	115	101	321	240	496
AT2G31880	2886	1530	1953	5717	3823	8243
AT2G31890	1903	1886	1810	1467	1535	2241
AT2G31900	351	451	262	100	135	185
AT2G31902	244	325	163	61	95	121
AT2G31910	16	9	14	11	14	33
AT2G31920	11	6	4	4	0	6
AT2G31930	1	0	1	1	0	0
AT2G31940	48	52	35	24	63	54
AT2G31945	26	9	80	89	27	132
AT2G31953	1	4	0	3	0	1
AT2G31955	572	567	697	984	706	1258
AT2G31957	0	2	0	0	1	1
AT2G31960	4542	3613	3332	1500	1836	3158
AT2G31970	791	775	538	140	211	423
AT2G31980	69	510	42	45	78	42
AT2G31985	2	5	1	9	1	8
AT2G31990	86	91	124	189	108	171
AT2G32000	633	692	611	475	506	888
AT2G32010	712	771	670	556	611	627
AT2G32020	15	13	30	63	28	32
AT2G32030	27	16	30	135	64	65
AT2G32040	1436	1614	1596	1560	1350	1583
AT2G32050	1	1	1	13	7	25
AT2G32060	4414	5825	5020	3423	4029	3540
AT2G32070	793	830	899	902	727	951
AT2G32080	2513	2707	2922	4784	3593	4902
AT2G32090	662	930	841	1228	974	998
AT2G32100	285	447	277	407	401	310
AT2G32120	161	161	182	245	198	328
AT2G32130	8	3	6	19	3	29
AT2G32140	96	19	90	393	190	492
AT2G32150	769	706	1118	3341	1710	3622
AT2G32160	2979	2656	2127	2606	2236	3056
AT2G32170	945	1083	1064	515	663	787
AT2G32179	900	1007	997	523	725	585
AT2G32180	899	1001	983	508	720	573
AT2G32190	163	73	478	662	134	968
AT2G32200	31	18	67	64	44	44
AT2G32210	124	63	342	402	141	529
AT2G32220	507	673	570	665	644	618
AT2G32230	3317	3658	3361	1217	2109	1970
AT2G32235	750	856	762	416	321	872
AT2G32240	3550	3137	2914	872	878	2672
AT2G32250	396	456	446	263	228	530
AT2G32260	1539	1655	1823	1631	1443	2132
AT2G32270	4	19	6	7	12	2
AT2G32275	0	1	0	0	0	0
AT2G32280	56	72	80	46	73	49
AT2G32290	1136	1398	1246	628	688	949
AT2G32295	847	891	878	640	540	700
AT2G32300	9	2	7	4	3	2
AT2G32310	0	2	0	1	1	2
AT2G32315	1	0	1	0	0	2
AT2G32320	503	525	501	383	312	549
AT2G32340	180	205	157	139	128	298
AT2G32350	0	1	0	5	1	6
AT2G32360	2	0	0	0	0	0
AT2G32380	424	459	420	623	538	604
AT2G32390	157	171	151	227	229	328
AT2G32400	836	998	862	680	713	894
AT2G32410	308	363	322	187	258	305
AT2G32415	485	582	484	300	325	488
AT2G32430	275	299	275	198	241	198
AT2G32440	919	1182	933	666	782	955
AT2G32450	1323	1124	1100	530	659	749
AT2G32460	7	3	4	2	10	10
AT2G32470	796	916	846	722	782	619
AT2G32480	5931	6346	6747	6120	6147	5429
AT2G32487	109	196	206	243	245	120
AT2G32500	2064	2581	2427	1660	2132	1660
AT2G32510	134	111	111	156	126	233
AT2G32520	1583	1719	1954	3020	2362	3931
AT2G32530	2001	1818	1994	2182	1813	2423
AT2G32540	3509	3464	3740	2885	2839	2462
AT2G32550	34	44	68	57	37	61
AT2G32560	2765	3256	3348	2605	2958	2354
AT2G32580	1398	1851	1688	1023	1235	1336
AT2G32590	158	225	141	45	97	151
AT2G32600	747	978	812	881	762	1002
AT2G32610	2	0	1	0	3	1
AT2G32620	0	0	0	0	0	4
AT2G32630	59	52	54	42	47	73
AT2G32640	1995	2136	2051	1082	1367	1144
AT2G32645	774	861	860	657	742	778
AT2G32650	1363	1474	1512	1150	1217	1274
AT2G32660	7	2	12	96	41	158
AT2G32670	34	41	35	61	39	78
AT2G32680	623	288	272	2197	1159	3694
AT2G32690	25669	29474	28998	22174	28771	15098
AT2G32700	2445	2472	2409	2489	2145	3530
AT2G32710	446	558	467	579	461	710
AT2G32720	1281	1647	1436	1051	1242	1155
AT2G32730	4558	4520	4202	3506	3689	6476
AT2G32740	15	8	10	2	0	8
AT2G32750	7	6	15	6	7	3
AT2G32760	344	375	383	356	315	498
AT2G32765	244	332	277	169	227	155
AT2G32770	70	70	76	28	53	52
AT2G32780	0	2	1	3	2	6
AT2G32790	4	4	3	1	0	2
AT2G32795	127	155	166	379	232	367
AT2G32800	877	796	985	1684	1064	1982
AT2G32810	1905	2166	2140	1167	1398	1807
AT2G32830	40	28	45	277	166	253
AT2G32840	233	249	231	207	216	288
AT2G32850	1016	1292	1303	623	721	1124
AT2G32860	1937	2661	1722	536	757	818
AT2G32870	1879	2535	2047	3665	2495	3039
AT2G32880	1730	1969	1418	863	1108	817
AT2G32885	5	23	4	3	6	2
AT2G32890	69	69	53	43	35	78
AT2G32900	622	650	713	415	473	785
AT2G32905	0	0	0	2	0	0
AT2G32910	1198	1302	1288	737	808	1245
AT2G32920	2288	2398	2455	2265	2187	3507
AT2G32930	258	349	342	404	411	609
AT2G32940	104	106	89	49	78	96
AT2G32950	2164	2111	2131	954	1122	1652
AT2G32960	241	291	291	250	196	291
AT2G32970	742	777	928	513	567	658
AT2G32980	479	502	568	617	537	723
AT2G32990	1422	1188	1463	1005	1289	1814
AT2G33000	7	12	5	7	10	19
AT2G33010	3	4	0	0	1	5
AT2G33020	8	15	12	12	12	12
AT2G33030	0	0	0	10	5	10
AT2G33040	7525	8975	9201	9095	8726	9772
AT2G33050	448	593	556	305	395	563
AT2G33051	401	526	499	280	369	511
AT2G33060	197	172	171	128	124	229
AT2G33070	11	5	2	7	5	15
AT2G33080	9	2	2	102	53	196
AT2G33090	0	0	0	17	2	27
AT2G33100	5	9	7	121	19	274
AT2G33110	192	147	234	427	249	485
AT2G33120	2478	2398	2817	4160	2680	4123
AT2G33130	2	0	4	15	4	6
AT2G33140	1	0	0	5	1	5
AT2G33150	4236	3842	5749	10722	6450	12738
AT2G33160	1	1	9	9	3	21
AT2G33170	875	848	869	587	563	908
AT2G33175	5	4	8	8	12	8
AT2G33180	1389	1665	1646	736	1075	672
AT2G33190	0	0	0	0	0	1
AT2G33200	0	0	0	0	1	1
AT2G33205	12	23	22	0	9	3
AT2G33210	1462	1733	1439	536	838	1046
AT2G33220	2899	3435	3437	3828	3318	4014
AT2G33230	3	2	1	5	4	10
AT2G33233	0	0	0	0	0	1
AT2G33240	64	48	29	5	8	18
AT2G33250	2754	2734	3199	3217	2610	3069
AT2G33255	1300	1490	1399	1131	1257	1375
AT2G33260	7	7	10	6	4	41
AT2G33270	0	0	2	0	0	4
AT2G33280	2	5	5	2	4	7
AT2G33290	474	453	400	366	383	430
AT2G33300	0	1	0	0	2	2
AT2G33310	1140	1244	1090	734	928	605
AT2G33320	340	379	465	789	524	980
AT2G33330	818	1034	897	248	493	307
AT2G33340	3051	3195	3144	2231	2593	3897
AT2G33350	15	8	4	12	10	9
AT2G33360	741	623	662	566	549	666
AT2G33370	3597	3834	3856	2081	2268	2825
AT2G33380	3553	3952	7771	11541	6120	19215
AT2G33385	25	34	54	34	16	50
AT2G33390	382	401	472	601	466	629
AT2G33400	317	383	402	182	262	242
AT2G33410	3140	3426	3104	2868	2930	3448
AT2G33420	4	2	0	2	2	8
AT2G33430	3514	3952	3754	2628	2954	2703
AT2G33435	442	405	254	54	115	222
AT2G33440	325	362	289	102	117	276
AT2G33450	8578	11281	10828	5462	7998	5571
AT2G33460	5	8	8	37	19	57
AT2G33470	1946	2148	2318	4432	2756	5458
AT2G33480	999	1147	1097	1042	880	1105
AT2G33490	651	670	629	592	573	1011
AT2G33500	286	356	265	393	397	487
AT2G33510	392	432	463	462	375	564
AT2G33520	2	5	3	2	1	2
AT2G33530	2894	2700	2759	2434	2392	2973
AT2G33540	1035	1003	914	411	582	780
AT2G33550	526	604	799	720	687	561
AT2G33560	124	168	117	23	70	59
AT2G33570	1203	1490	1276	444	736	455
AT2G33580	484	251	328	659	413	965
AT2G33585	261	345	351	321	304	338
AT2G33590	1887	1644	2482	2174	1629	2356
AT2G33600	820	936	1016	914	911	1152
AT2G33610	644	678	690	1156	889	1299
AT2G33620	1689	1922	1793	1498	1590	1927
AT2G33630	1007	1010	1094	1873	1384	2557
AT2G33640	61	62	49	33	35	43
AT2G33670	0	1	0	0	1	0
AT2G33680	52	45	42	21	36	48
AT2G33690	3	7	7	11	6	14
AT2G33700	771	783	863	1057	855	1072
AT2G33705	0	0	0	8	1	2
AT2G33710	21	22	61	68	31	73
AT2G33720	0	2	0	5	3	9
AT2G33730	2729	2800	2436	1030	1505	1916
AT2G33735	182	206	202	170	175	224
AT2G33740	1260	1321	1435	2119	1577	2123
AT2G33750	26	31	30	21	17	20
AT2G33760	13	14	18	30	21	38
AT2G33770	5932	6178	5031	3368	3771	6413
AT2G33775	4	14	8	5	6	10
AT2G33780	1	0	2	2	0	0
AT2G33790	0	0	0	0	0	1
AT2G33793	71	117	66	17	72	44
AT2G33796	1	0	1	0	0	0
AT2G33800	14182	16785	17168	10166	13914	9839
AT2G33810	595	1053	461	644	729	539
AT2G33815	577	1009	445	633	711	518
AT2G33820	275	333	324	261	259	291
AT2G33830	109	27	40	218	59	137
AT2G33835	303	331	363	239	309	388
AT2G33840	1235	1514	1479	675	898	850
AT2G33845	748	882	828	800	821	918
AT2G33847	75	83	52	74	61	93
AT2G33850	2848	3408	2333	827	1547	1244
AT2G33855	2320	2398	2890	3073	2571	2695
AT2G33860	807	976	934	1249	1215	1715
AT2G33880	12	27	30	7	24	10
AT2G33980	222	208	204	237	187	273
AT2G33990	611	663	640	417	419	595
AT2G34000	0	1	0	4	0	3
AT2G34010	98	131	132	73	76	103
AT2G34020	1	0	2	1	1	2
AT2G34030	4	4	0	20	7	36
AT2G34040	1496	1593	1407	1015	1146	1702
AT2G34050	268	343	336	272	256	300
AT2G34060	286	319	315	213	227	153
AT2G34070	1445	1511	2267	2532	1300	3333
AT2G34080	271	247	369	433	169	546
AT2G34090	107	110	113	176	134	257
AT2G34100	0	2	1	0	0	4
AT2G34110	396	363	498	627	313	837
AT2G34123	0	0	1	0	0	0
AT2G34140	20	24	24	24	21	20
AT2G34150	362	402	309	124	187	248
AT2G34160	732	886	888	767	697	784
AT2G34170	616	629	556	119	329	329
AT2G34180	55	85	60	24	44	71
AT2G34185	17	21	15	14	16	11
AT2G34190	184	239	196	63	166	68
AT2G34200	71	66	80	108	86	136
AT2G34210	4	2	1	3	0	5
AT2G34220	6	10	11	4	10	14
AT2G34224	1	2	2	2	3	2
AT2G34230	4	4	1	10	4	21
AT2G34238	4	1	1	1	2	3
AT2G34240	6	15	6	11	9	20
AT2G34250	9401	9188	9715	16837	12043	20193
AT2G34260	390	454	352	271	259	322
AT2G34270	0	0	0	8	2	9
AT2G34280	0	0	0	1	1	4
AT2G34290	0	0	0	3	0	10
AT2G34300	1380	1652	1530	399	691	837
AT2G34310	2878	3122	3460	3132	2804	2630
AT2G34315	0	0	1	0	0	0
AT2G34320	0	1	4	0	0	0
AT2G34330	2	3	1	0	4	0
AT2G34340	52	81	91	51	58	52
AT2G34350	0	3	1	1	1	6
AT2G34355	251	283	280	216	254	178
AT2G34357	2558	2807	2231	502	830	1450
AT2G34360	56	79	49	192	92	186
AT2G34370	0	1	0	0	0	2
AT2G34380	211	227	239	267	231	290
AT2G34390	21	16	22	16	11	41
AT2G34400	51	40	51	34	37	75
AT2G34410	661	638	750	702	556	682
AT2G34420	311347	410841	394468	528617	537987	412109
AT2G34430	7344	12557	11700	34367	33977	23142
AT2G34440	24	44	46	36	22	43
AT2G34450	274	325	338	263	233	307
AT2G34460	7086	8249	9106	6949	7133	6231
AT2G34470	1709	2089	1929	2539	2284	3411
AT2G34480	14757	18494	17062	12040	13230	13891
AT2G34490	841	772	1136	629	778	730
AT2G34500	202	11	287	1209	449	1048
AT2G34510	1432	1733	1374	651	1083	853
AT2G34520	767	820	899	1282	997	1473
AT2G34530	35	70	52	20	18	12
AT2G34540	29	40	32	17	18	13
AT2G34555	2	0	2	3	0	2
AT2G34560	2688	3270	3131	1987	2596	2834
AT2G34570	242	305	276	204	211	183
AT2G34580	3	2	3	7	7	13
AT2G34585	2022	2233	2485	3529	2704	3161
AT2G34590	3035	3393	3596	2950	3067	3174
AT2G34600	24	16	49	155	75	177
AT2G34610	3	6	19	67	24	68
AT2G34620	2004	2803	2498	768	1473	778
AT2G34630	1549	1701	1804	1798	1309	1979
AT2G34640	2146	2336	1818	331	668	644
AT2G34650	146	263	194	118	186	149
AT2G34655	688	619	951	1417	905	1090
AT2G34660	6027	5001	4738	1983	2514	4016
AT2G34670	162	210	124	68	88	110
AT2G34680	2577	2397	1716	446	855	1004
AT2G34690	1043	1131	1222	1308	1008	1276
AT2G34700	2	9	5	1	4	0
AT2G34710	1763	1938	1581	1545	1564	2662
AT2G34720	1339	1456	1611	1795	1523	2164
AT2G34730	580	691	649	319	283	754
AT2G34740	0	0	0	4	1	3
AT2G34750	2430	2648	2508	1890	1972	3819
AT2G34770	1789	2002	1951	1808	1363	1858
AT2G34780	684	789	652	402	450	964
AT2G34790	283	371	238	246	193	310
AT2G34800	0	0	0	0	0	1
AT2G34810	1956	1554	3407	11066	3306	13412
AT2G34820	0	2	1	3	1	8
AT2G34830	19	22	28	14	24	32
AT2G34840	316	393	405	360	306	537
AT2G34850	63	81	55	48	71	65
AT2G34860	6492	7900	7988	5959	7153	7276
AT2G34870	0	0	1	2	0	5
AT2G34880	5	4	1	0	0	4
AT2G34890	1	0	0	0	0	0
AT2G34900	629	784	752	518	491	746
AT2G34910	3	0	0	0	2	3
AT2G34920	164	166	161	105	136	150
AT2G34925	87	127	77	41	85	33
AT2G34930	465	625	732	476	396	1020
AT2G34940	113	63	78	156	123	226
AT2G34960	175	162	155	119	118	125
AT2G34970	1049	1220	1171	512	606	739
AT2G34980	49	50	34	81	54	61
AT2G34985	0	0	0	1	0	0
AT2G34990	1	0	0	9	2	9
AT2G35000	14	12	20	66	36	71
AT2G35010	670	847	823	878	736	887
AT2G35020	1103	1183	987	864	962	1195
AT2G35030	94	94	63	38	58	128
AT2G35035	38	36	32	53	36	82
AT2G35040	3443	4248	3857	1984	2584	2306
AT2G35050	5865	5392	5230	2165	2659	4448
AT2G35060	2351	2346	2614	3261	2217	2957
AT2G35070	37	13	124	241	65	269
AT2G35075	16	20	22	17	12	27
AT2G35080	0	2	0	2	0	0
AT2G35090	0	0	0	0	2	3
AT2G35100	417	504	501	641	541	713
AT2G35110	1731	1668	1413	691	939	1817
AT2G35120	1011	1384	1116	1108	1259	1527
AT2G35130	1735	1821	1643	840	1158	1092
AT2G35140	20	23	28	18	31	43
AT2G35150	65	197	67	63	112	55
AT2G35155	932	1090	950	788	934	1207
AT2G35160	97	129	63	35	37	83
AT2G35170	140	122	151	212	173	266
AT2G35190	754	938	802	284	546	487
AT2G35200	0	0	1	0	1	2
AT2G35210	37	43	29	16	25	24
AT2G35230	587	533	510	696	536	840
AT2G35240	810	887	839	911	882	902
AT2G35260	11722	13338	12781	13784	12825	12360
AT2G35290	28	22	38	47	43	84
AT2G35300	1	7	31	80	15	121
AT2G35310	64	117	61	29	74	36
AT2G35320	470	491	543	621	508	814
AT2G35330	1421	1584	1350	881	996	1306
AT2G35340	320	397	195	106	151	281
AT2G35345	38	38	32	28	35	20
AT2G35350	227	251	207	69	133	130
AT2G35360	308	383	298	452	333	495
AT2G35370	19593	23304	24921	17410	20351	17377
AT2G35380	2	1	8	10	5	7
AT2G35382	4	4	1	5	0	0
AT2G35384	3	1	8	1	4	3
AT2G35387	11	8	15	16	19	11
AT2G35390	2264	2555	2428	1639	1722	1896
AT2G35410	4206	5198	5465	2997	3640	2955
AT2G35420	54	56	62	67	43	147
AT2G35430	149	177	184	200	175	213
AT2G35450	1101	1152	1147	820	1022	973
AT2G35470	464	556	533	435	426	448
AT2G35480	129	136	137	131	145	152
AT2G35490	5468	7002	6808	7381	7513	7749
AT2G35500	1825	2289	2310	1665	2121	1762
AT2G35510	1198	1236	1259	1218	1106	1525
AT2G35520	417	534	505	713	573	720
AT2G35530	463	528	464	498	477	640
AT2G35540	281	278	260	154	184	284
AT2G35550	24	34	35	92	55	139
AT2G35580	0	0	0	3	0	0
AT2G35585	24	13	11	9	16	21
AT2G35600	66	75	52	30	45	55
AT2G35605	576	717	615	609	628	612
AT2G35610	906	945	981	1213	998	1629
AT2G35615	0	0	0	2	0	7
AT2G35620	1168	1444	1176	934	1105	1125
AT2G35630	3439	2985	2250	807	1098	2569
AT2G35635	2530	3110	3054	5031	3710	4802
AT2G35637	40	50	49	78	75	91
AT2G35640	48	71	66	73	78	92
AT2G35650	490	483	524	824	734	1115
AT2G35658	39	43	39	69	55	114
AT2G35660	1649	1672	1636	1594	1565	1685
AT2G35670	0	1	0	9	5	10
AT2G35680	4417	4194	4451	4512	3884	4820
AT2G35690	549	610	634	527	506	595
AT2G35700	147	152	126	96	112	104
AT2G35710	65	59	75	75	60	103
AT2G35720	834	813	796	539	641	795
AT2G35730	24	1	50	158	15	169
AT2G35733	2	0	0	0	0	0
AT2G35736	360	359	371	590	384	559
AT2G35738	50	74	53	119	85	160
AT2G35740	94	126	104	199	146	318
AT2G35742	20	12	14	9	11	2
AT2G35744	64	78	71	41	41	47
AT2G35750	396	269	255	129	168	170
AT2G35760	1175	1114	1329	1228	1019	1061
AT2G35765	3	0	6	2	1	8
AT2G35770	8	8	5	10	7	11
AT2G35780	1662	1930	2024	1449	1816	1694
AT2G35790	801	1040	945	883	822	873
AT2G35795	713	805	803	919	789	944
AT2G35800	3637	4089	3974	2242	2736	2786
AT2G35810	846	826	831	1562	1110	1457
AT2G35820	962	1178	1160	1406	1120	1550
AT2G35830	4255	4802	5185	5118	4681	4018
AT2G35840	6189	7244	7980	5107	5704	5702
AT2G35850	2	5	0	0	1	4
AT2G35859	2181	2522	2508	1454	2080	1468
AT2G35860	2884	3553	3492	1986	2922	1999
AT2G35880	1343	1680	1363	497	796	819
AT2G35890	1	1	0	0	0	3
AT2G35900	529	632	694	1062	825	1163
AT2G35910	32	28	46	58	48	49
AT2G35920	1001	989	910	741	699	1106
AT2G35930	305	334	344	260	208	236
AT2G35940	5687	5292	5607	4931	4146	7181
AT2G35945	1254	1097	1167	1351	1023	1706
AT2G35950	44	75	68	72	55	57
AT2G35960	2935	3578	3799	2185	2957	1522
AT2G35970	3	3	5	10	1	4
AT2G35980	187	16	210	926	44	443
AT2G35990	1	0	2	1	0	1
AT2G36000	2256	2608	2420	1437	1711	1735
AT2G36010	190	219	129	53	98	110
AT2G36020	1	0	4	2	2	7
AT2G36026	151	190	140	121	168	145
AT2G36030	3	3	2	2	3	2
AT2G36050	168	235	197	108	151	141
AT2G36060	1887	2004	2066	2946	2233	2961
AT2G36070	1242	1432	1467	615	872	1024
AT2G36080	58	94	242	490	168	528
AT2G36090	90	100	89	95	128	108
AT2G36100	5	6	7	3	4	4
AT2G36120	7980	8630	8504	4612	4733	2641
AT2G36130	713	972	914	1070	947	1224
AT2G36145	3694	4228	4412	3391	4416	3054
AT2G36150	0	0	0	2	0	1
AT2G36160	7564	8819	8659	9274	8297	10858
AT2G36170	3235	3817	3405	2607	2691	2756
AT2G36180	0	0	0	1	0	1
AT2G36190	0	13	2	1	2	0
AT2G36200	373	586	316	44	123	139
AT2G36210	4	0	2	2	3	2
AT2G36220	160	93	236	536	262	408
AT2G36230	498	556	590	300	457	357
AT2G36240	687	714	728	1021	864	1449
AT2G36250	2825	3063	2991	2529	2982	3317
AT2G36260	0	0	0	0	0	1
AT2G36261	0	7	4	0	4	2
AT2G36270	14	18	15	22	18	34
AT2G36290	600	635	699	706	640	735
AT2G36295	4	2	0	3	3	5
AT2G36300	831	851	937	1524	1082	1488
AT2G36305	193	163	205	274	213	237
AT2G36307	54	86	46	61	64	55
AT2G36310	1354	1475	1589	1240	1183	1411
AT2G36320	1505	1631	1757	2798	2066	2454
AT2G36325	0	0	0	1	1	0
AT2G36330	441	424	508	738	539	723
AT2G36340	246	283	212	105	125	166
AT2G36350	612	765	588	479	657	1063
AT2G36355	218	234	221	177	156	220
AT2G36360	833	808	837	1488	1040	1601
AT2G36370	195	180	187	144	114	235
AT2G36380	659	643	764	665	526	1257
AT2G36390	1310	1499	1418	843	1108	1542
AT2G36400	120	139	157	201	240	324
AT2G36410	798	792	730	962	676	983
AT2G36420	251	265	235	197	194	229
AT2G36430	709	794	811	576	738	566
AT2G36440	1	0	1	2	0	0
AT2G36460	3482	3023	4606	6394	4326	7485
AT2G36470	91	111	113	154	141	143
AT2G36480	683	739	623	346	487	753
AT2G36485	233	230	217	174	221	222
AT2G36490	2289	2276	1539	413	776	1584
AT2G36500	56	63	51	60	56	85
AT2G36510	0	0	0	4	0	1
AT2G36520	0	0	0	0	1	2
AT2G36530	20241	23997	25215	16116	19651	23167
AT2G36540	9	3	13	22	9	21
AT2G36570	1773	2468	1539	828	1371	936
AT2G36580	2482	2550	2751	2021	2381	3411
AT2G36590	347	332	532	631	644	857
AT2G36610	5	2	2	8	3	10
AT2G36620	6203	8296	7390	3617	5011	4064
AT2G36630	3836	3610	4005	3032	2652	3416
AT2G36632	0	0	1	0	0	0
AT2G36640	2	5	25	13	6	33
AT2G36650	30	20	22	12	8	19
AT2G36660	32	35	18	7	13	37
AT2G36670	315	313	264	697	505	871
AT2G36680	460	529	605	979	624	1014
AT2G36690	2	0	4	8	0	1
AT2G36695	1	0	0	1	0	0
AT2G36710	4	2	1	0	0	2
AT2G36720	1497	1547	1224	860	923	1621
AT2G36724	0	0	0	2	0	1
AT2G36730	59	60	50	75	63	131
AT2G36740	366	499	449	204	209	394
AT2G36750	65	25	58	154	67	239
AT2G36760	3	7	1	2	2	7
AT2G36770	74	38	228	225	76	285
AT2G36780	40	18	123	388	124	625
AT2G36790	560	577	591	533	527	582
AT2G36792	510	508	533	473	466	524
AT2G36800	819	786	906	2312	1041	2124
AT2G36810	1734	1417	1326	839	837	1715
AT2G36815	2	3	3	14	9	22
AT2G36830	43073	44122	54364	47352	36788	53263
AT2G36835	3488	4452	4741	3612	3566	3083
AT2G36840	129	123	159	141	116	190
AT2G36850	4921	3824	3298	1572	1742	3459
AT2G36854	3	3	0	0	1	0
AT2G36860	0	0	0	0	1	0
AT2G36870	2557	3152	3688	2298	2929	1999
AT2G36880	18374	22345	23419	13069	16230	16224
AT2G36881	1	1	2	0	2	2
AT2G36885	597	729	529	562	739	814
AT2G36890	24	32	52	28	42	53
AT2G36895	3148	3593	3540	3596	3521	2617
AT2G36900	482	467	572	1113	636	1244
AT2G36910	5005	5516	4875	1462	2798	3752
AT2G36916	3	3	8	2	4	3
AT2G36920	2	4	2	2	6	9
AT2G36930	1219	1479	1427	1064	1124	1291
AT2G36950	2042	2624	2672	3031	2349	2998
AT2G36960	427	437	471	429	386	580
AT2G36970	380	488	444	345	299	401
AT2G36980	130	116	122	91	95	151
AT2G36985	37	70	35	22	46	15
AT2G36990	5320	5975	5918	2442	3417	4066
AT2G37000	7	11	10	1	5	3
AT2G37010	0	0	0	1	0	0
AT2G37020	527	566	615	501	514	558
AT2G37025	91	107	111	38	36	76
AT2G37030	0	0	0	0	0	2
AT2G37035	687	704	697	1300	942	1278
AT2G37040	10771	9811	12472	5527	6514	9854
AT2G37050	2277	2304	2070	1022	1219	1469
AT2G37060	265	268	343	224	227	216
AT2G37070	14	38	25	16	18	16
AT2G37080	1637	1972	1312	197	447	627
AT2G37090	111	140	138	83	92	135
AT2G37100	350	363	330	294	296	303
AT2G37110	2056	2085	3005	3996	2725	4413
AT2G37120	532	634	607	898	713	1041
AT2G37130	283	448	394	920	278	1043
AT2G37140	0	0	0	2	0	1
AT2G37150	275	224	279	330	273	449
AT2G37160	758	749	671	564	567	754
AT2G37170	6291	6574	8190	19141	11341	21320
AT2G37180	5016	5238	7495	10005	6411	12092
AT2G37190	5757	7108	6166	6453	5527	10130
AT2G37195	113	121	131	184	133	236
AT2G37200	623	691	910	1161	990	1018
AT2G37210	4	3	4	3	9	6
AT2G37220	30209	36303	37863	27657	31475	25987
AT2G37230	983	1065	820	280	483	754
AT2G37240	3950	4733	5023	4697	4574	4372
AT2G37250	2138	2535	2695	3743	2590	4386
AT2G37260	149	135	117	75	121	211
AT2G37270	4986	6082	5874	3683	4386	4190
AT2G37280	54	61	56	15	29	60
AT2G37290	22	16	16	5	6	15
AT2G37300	138	210	178	77	147	120
AT2G37310	76	89	67	72	55	126
AT2G37320	43	28	29	47	31	77
AT2G37330	217	261	277	397	319	368
AT2G37340	3315	3512	3480	4429	3672	5397
AT2G37360	210	219	192	314	239	424
AT2G37362	218	235	198	328	245	451
AT2G37370	6	6	5	1	7	2
AT2G37380	45	79	45	43	54	44
AT2G37390	167	208	199	66	123	86
AT2G37400	678	674	593	440	511	614
AT2G37410	3107	3129	3425	4094	3469	4447
AT2G37420	162	231	145	33	53	107
AT2G37430	8	1	13	9	10	13
AT2G37435	0	0	0	0	1	2
AT2G37440	1	4	13	5	3	5
AT2G37450	1369	1546	1440	518	741	682
AT2G37460	1653	2265	1712	1030	1185	962
AT2G37470	1473	1969	1687	1204	1399	1149
AT2G37478	1481	1590	1636	2999	2116	3178
AT2G37480	1481	1590	1636	2999	2116	3178
AT2G37500	1087	1299	1327	637	1041	880
AT2G37510	84	145	95	62	84	66
AT2G37520	660	664	686	1005	762	1465
AT2G37530	5	6	5	25	13	27
AT2G37540	1446	1332	1556	1735	1076	1667
AT2G37550	2154	2540	2442	1867	1957	3032
AT2G37555	802	787	783	740	695	1067
AT2G37560	83	99	77	41	81	64
AT2G37570	1107	1127	1342	1843	1473	2192
AT2G37580	46	65	62	299	132	389
AT2G37585	256	277	239	130	202	202
AT2G37590	117	139	121	77	74	91
AT2G37600	1945	2426	2252	1167	1338	1215
AT2G37610	9	23	19	12	13	12
AT2G37620	791	941	1037	913	890	1236
AT2G37630	2098	2377	2257	1982	2037	3084
AT2G37640	1102	1308	1312	719	1320	763
AT2G37650	459	412	491	450	404	514
AT2G37660	10736	13376	14155	6237	10094	7505
AT2G37670	11	10	13	10	6	32
AT2G37678	134	130	158	231	143	254
AT2G37680	308	354	370	406	367	432
AT2G37690	562	502	460	411	351	438
AT2G37700	5	5	6	21	5	39
AT2G37710	3771	2620	3365	8502	5422	8094
AT2G37720	35	26	46	47	48	96
AT2G37740	0	0	0	1	0	0
AT2G37750	47	44	68	645	226	655
AT2G37760	970	980	1879	3402	1698	3398
AT2G37770	250	209	1397	2105	524	2680
AT2G37780	0	0	3	4	2	1
AT2G37790	786	1055	1019	749	959	1258
AT2G37800	0	0	0	3	0	1
AT2G37820	0	0	2	4	4	8
AT2G37840	610	555	520	450	356	681
AT2G37860	1998	2333	2248	1940	2157	2413
AT2G37870	25	73	154	434	159	571
AT2G37880	23	35	14	9	13	23
AT2G37890	116	111	91	153	131	183
AT2G37900	251	334	302	199	185	681
AT2G37910	0	2	0	6	1	9
AT2G37920	1137	1153	1103	1624	1386	1582
AT2G37925	19	25	21	12	16	23
AT2G37930	158	167	163	95	114	131
AT2G37940	984	955	1281	2106	1299	2107
AT2G37950	57	97	54	64	74	46
AT2G37960	41	60	28	5	27	17
AT2G37970	2971	2388	3588	8396	4009	8224
AT2G37975	309	379	400	397	375	402
AT2G37980	19	21	18	27	21	35
AT2G37990	1553	2110	1727	743	1113	1065
AT2G38000	373	350	458	780	599	1155
AT2G38010	839	949	943	642	793	785
AT2G38020	1041	984	974	928	821	1421
AT2G38025	1370	1323	1337	1507	1262	1386
AT2G38040	7932	8913	7549	2712	4290	6015
AT2G38050	279	324	339	345	337	385
AT2G38060	22	46	16	12	28	28
AT2G38070	73	92	69	40	68	49
AT2G38080	494	909	398	149	195	353
AT2G38090	102	195	145	105	114	131
AT2G38100	0	0	1	7	3	3
AT2G38110	434	522	432	145	425	218
AT2G38120	2587	2471	2367	1715	2207	1588
AT2G38130	534	577	611	872	717	861
AT2G38140	7927	10111	10281	6061	8142	5635
AT2G38150	1	0	0	4	2	9
AT2G38152	16	11	3	24	21	42
AT2G38160	92	115	86	156	87	367
AT2G38170	17997	21668	23006	40720	24189	32898
AT2G38180	330	413	518	760	438	768
AT2G38185	233	259	260	283	190	266
AT2G38195	54	81	76	76	46	47
AT2G38210	9734	10071	11881	9620	9067	7888
AT2G38220	0	1	1	4	2	3
AT2G38230	28035	30125	34904	22916	23381	18883
AT2G38240	310	48	1527	1682	172	2146
AT2G38250	69	60	153	259	102	335
AT2G38255	11	11	9	7	4	11
AT2G38270	2384	2835	2770	2016	2214	2273
AT2G38280	2028	2280	2006	936	1210	1964
AT2G38290	579	380	628	1614	950	1797
AT2G38300	170	183	164	96	119	127
AT2G38310	2341	3244	2876	956	1195	953
AT2G38320	156	245	159	73	98	108
AT2G38325	0	2	2	3	1	5
AT2G38330	1233	1482	1426	1321	1401	1414
AT2G38340	26	11	123	108	71	184
AT2G38350	4	3	5	0	4	15
AT2G38360	656	809	687	649	714	751
AT2G38365	0	1	0	0	0	1
AT2G38370	220	216	213	77	105	212
AT2G38380	119	12	431	42	37	57
AT2G38390	36	1	14	52	26	90
AT2G38400	251	354	405	589	345	838
AT2G38410	688	710	622	854	728	1151
AT2G38420	135	165	148	184	129	278
AT2G38430	60	69	70	46	52	58
AT2G38440	2331	2043	1934	657	994	2073
AT2G38450	598	731	772	630	625	634
AT2G38460	195	227	197	168	203	186
AT2G38465	1	1	3	21	3	21
AT2G38470	725	330	814	1274	737	1641
AT2G38480	516	518	483	374	372	267
AT2G38490	20	20	44	64	51	82
AT2G38500	91	100	174	200	189	152
AT2G38530	206	179	2418	730	479	1092
AT2G38540	35616	45947	45493	45984	52805	39458
AT2G38544	0	1	0	0	0	2
AT2G38550	1118	1273	1195	1385	1306	1537
AT2G38560	827	858	840	851	799	1297
AT2G38570	181	197	182	130	132	206
AT2G38580	551	629	568	275	310	544
AT2G38590	0	0	0	2	1	5
AT2G38600	13	0	13	2	13	6
AT2G38610	1371	1502	1715	1831	1413	2034
AT2G38620	94	150	116	34	77	71
AT2G38630	261	255	211	229	206	266
AT2G38640	495	495	597	1417	854	1778
AT2G38646	1	0	1	2	2	0
AT2G38650	2039	2237	2103	845	1142	1847
AT2G38660	407	516	465	577	431	633
AT2G38670	887	1062	1111	1844	1353	2176
AT2G38680	289	355	305	227	242	263
AT2G38690	7	9	0	59	18	57
AT2G38695	123	197	188	124	162	127
AT2G38700	1119	1470	1422	1149	1283	1404
AT2G38710	935	1168	1263	1643	1359	1669
AT2G38720	92	106	79	8	32	40
AT2G38730	490	538	507	561	489	631
AT2G38740	1294	1288	1485	2145	1518	2373
AT2G38750	1149	1280	1763	2362	2342	2994
AT2G38760	291	290	322	437	378	963
AT2G38770	1375	1330	1149	600	684	1398
AT2G38780	1620	1738	1577	1114	1146	1264
AT2G38790	110	65	114	691	337	783
AT2G38800	3154	2992	2789	1822	1499	3516
AT2G38810	248	374	311	153	242	177
AT2G38820	558	531	585	514	463	522
AT2G38823	56	68	79	136	108	174
AT2G38830	73	76	97	313	178	327
AT2G38840	761	757	775	689	668	843
AT2G38860	1550	1243	1554	3466	2110	3609
AT2G38870	2349	3134	6296	5016	4661	4554
AT2G38880	539	595	522	896	678	931
AT2G38890	13	14	10	6	12	19
AT2G38905	1	3	8	11	11	9
AT2G38920	1	0	1	4	0	1
AT2G38940	74	63	123	664	277	558
AT2G38950	1054	1145	1103	753	765	1564
AT2G38960	421	470	444	287	311	434
AT2G38970	544	554	556	281	400	430
AT2G38995	439	594	428	103	338	149
AT2G39000	1167	1245	1301	2369	1781	2734
AT2G39010	9927	10022	11585	14492	11241	14098
AT2G39020	1632	1857	1950	1274	1392	1525
AT2G39030	294	698	4750	7468	908	7182
AT2G39040	0	0	0	3	1	8
AT2G39050	564	521	748	1770	907	2075
AT2G39080	1565	1756	1774	1372	1491	1469
AT2G39090	451	536	501	197	245	384
AT2G39100	153	182	207	279	206	448
AT2G39110	27	28	50	73	32	101
AT2G39120	72	94	92	65	58	107
AT2G39130	493	432	587	408	344	452
AT2G39140	809	921	773	579	589	712
AT2G39160	0	0	1	1	1	6
AT2G39170	563	643	786	573	564	693
AT2G39175	3	1	0	14	16	23
AT2G39180	80	108	98	52	81	91
AT2G39190	3480	3822	3275	1154	1932	2111
AT2G39200	66	38	342	311	95	472
AT2G39210	1486	914	1305	3774	2484	4633
AT2G39220	526	535	528	259	519	346
AT2G39230	60	47	43	37	44	65
AT2G39240	71	75	49	44	54	82
AT2G39250	947	1039	1010	1210	1221	1279
AT2G39260	1646	1640	1317	583	660	1414
AT2G39270	546	552	631	1797	1008	1933
AT2G39280	768	873	697	262	417	669
AT2G39290	726	822	809	549	671	769
AT2G39300	87	110	107	18	45	46
AT2G39310	272	157	976	180	237	708
AT2G39320	2	3	4	8	0	8
AT2G39330	3452	5668	11691	4505	5500	5847
AT2G39340	1871	1746	1302	710	827	1695
AT2G39350	88	70	208	251	144	339
AT2G39360	588	561	606	461	424	540
AT2G39370	0	0	1	0	1	0
AT2G39380	79	62	52	139	74	179
AT2G39390	3739	4913	4430	2407	2998	2651
AT2G39400	443	350	363	768	533	743
AT2G39410	7	0	5	12	7	14
AT2G39415	1	0	0	0	0	1
AT2G39420	615	749	803	1634	1112	2553
AT2G39430	24	38	20	34	27	37
AT2G39435	152	162	137	232	149	260
AT2G39440	244	275	242	266	245	219
AT2G39445	117	173	147	198	141	215
AT2G39450	2377	2719	2698	1547	2033	1666
AT2G39460	8054	9582	8967	5364	6118	5973
AT2G39470	8736	10321	10257	7221	8464	5953
AT2G39480	1216	1015	958	838	792	1511
AT2G39490	1	0	2	2	1	1
AT2G39500	521	634	592	743	675	817
AT2G39510	9	54	20	1	17	8
AT2G39518	72	9	160	300	60	341
AT2G39520	8	0	4	11	1	7
AT2G39530	23	0	15	92	17	84
AT2G39550	445	439	406	771	522	1062
AT2G39560	234	303	295	148	155	108
AT2G39570	1387	1168	1037	1611	1130	2759
AT2G39580	1397	1363	1057	491	534	1132
AT2G39590	0	0	0	0	2	0
AT2G39620	4	11	10	19	12	27
AT2G39630	605	609	580	992	660	968
AT2G39640	0	0	0	1	0	2
AT2G39650	94	133	147	170	128	207
AT2G39660	336	296	496	788	496	840
AT2G39670	2644	2822	2753	1440	1957	2600
AT2G39675	426	509	504	425	380	402
AT2G39681	699	768	628	379	410	381
AT2G39690	122	130	101	43	70	96
AT2G39700	1550	1934	2255	1371	2102	1140
AT2G39705	97	97	157	304	155	276
AT2G39710	266	279	311	699	400	671
AT2G39720	1486	1644	1726	2278	1824	2562
AT2G39725	49	58	87	213	139	328
AT2G39730	647674	764137	647002	387853	530104	452166
AT2G39740	1051	1084	1169	735	871	965
AT2G39750	1133	1257	1096	1214	1197	1405
AT2G39760	1010	1071	1099	824	857	1224
AT2G39770	5362	5995	7079	6411	6188	7462
AT2G39780	1673	1810	1881	3247	2385	3543
AT2G39782	0	0	1	2	0	1
AT2G39790	0	0	0	4	0	3
AT2G39795	407	474	384	268	354	404
AT2G39800	2546	2590	4728	7782	4415	9407
AT2G39805	558	553	658	717	543	827
AT2G39810	1162	1210	1085	604	745	988
AT2G39820	4	4	2	13	10	30
AT2G39830	148	165	136	130	138	148
AT2G39840	800	781	892	1299	894	1343
AT2G39850	2887	4421	1975	685	819	1333
AT2G39855	10	10	3	1	0	0
AT2G39870	921	1001	817	632	818	541
AT2G39880	108	121	114	39	76	65
AT2G39885	0	3	1	4	0	2
AT2G39890	1231	1324	1356	1049	1043	1057
AT2G39900	168	246	202	297	350	377
AT2G39910	187	193	172	217	169	283
AT2G39920	3	6	10	65	48	88
AT2G39930	1789	2055	2060	2207	2191	2827
AT2G39940	1715	1771	1854	2224	1834	2247
AT2G39950	2224	2182	2267	1548	1424	1757
AT2G39960	1509	1713	1759	1978	1541	1929
AT2G39970	1794	2097	2178	3011	2186	3250
AT2G39975	0	0	0	2	0	0
AT2G39980	499	401	468	715	501	580
AT2G39990	2188	2647	2519	2322	2170	2498
AT2G40000	1621	813	1648	3208	1805	3792
AT2G40004	0	0	0	1	1	1
AT2G40008	135	172	144	121	146	186
AT2G40010	279	364	308	317	295	378
AT2G40020	951	1006	1105	904	865	856
AT2G40030	398	398	259	141	261	669
AT2G40050	11	12	7	4	1	6
AT2G40060	3568	4034	3848	2934	3034	3083
AT2G40070	735	822	719	444	629	621
AT2G40080	21	14	69	43	27	56
AT2G40085	29	57	53	26	27	35
AT2G40090	386	412	399	303	291	426
AT2G40095	68	41	103	335	139	317
AT2G40100	8837	10862	10252	5814	9274	5645
AT2G40110	115	142	111	189	146	178
AT2G40113	3	4	1	24	7	21
AT2G40116	0	0	0	2	1	4
AT2G40120	151	166	160	91	128	110
AT2G40130	415	382	269	146	280	221
AT2G40140	664	411	650	1737	1016	2122
AT2G40150	486	394	476	240	337	317
AT2G40160	84	110	85	87	77	154
AT2G40170	4	2	41	65	8	65
AT2G40180	21	18	44	173	91	168
AT2G40190	299	397	350	295	309	455
AT2G40200	80	97	163	119	95	97
AT2G40205	2060	2711	2233	1671	2100	1671
AT2G40230	280	346	377	281	320	311
AT2G40240	98	130	107	90	109	85
AT2G40250	5	11	6	8	13	4
AT2G40260	144	161	134	45	59	104
AT2G40270	1947	1653	1627	2033	1591	2403
AT2G40280	700	836	872	610	684	1067
AT2G40290	2760	3257	3275	1809	2201	2448
AT2G40300	357	432	372	617	370	709
AT2G40316	534	732	679	815	747	969
AT2G40320	159	198	128	84	80	119
AT2G40330	33	51	37	20	26	9
AT2G40340	7	1	30	78	43	157
AT2G40350	0	0	0	5	0	15
AT2G40360	2630	2934	2597	600	1094	1306
AT2G40370	8	1	11	40	25	20
AT2G40380	826	1093	997	981	934	1199
AT2G40390	108	119	92	131	107	138
AT2G40400	5751	6243	6577	3252	3987	3010
AT2G40410	871	822	818	1300	959	1475
AT2G40420	414	399	442	617	529	584
AT2G40430	2373	3112	2714	892	1272	1598
AT2G40435	247	381	356	564	472	535
AT2G40440	12	10	13	14	11	19
AT2G40450	7	5	0	0	6	2
AT2G40460	2351	2617	2438	3422	2794	3559
AT2G40470	10	10	8	20	10	13
AT2G40475	1045	1173	959	913	1463	797
AT2G40480	436	705	441	209	426	421
AT2G40490	6746	7510	7521	4858	6423	4833
AT2G40500	0	1	0	1	0	2
AT2G40510	3566	4647	4289	4305	4229	4816
AT2G40520	961	888	916	1059	725	1573
AT2G40530	64	73	94	33	68	30
AT2G40540	2993	3268	2854	1170	1876	1575
AT2G40550	521	625	494	176	312	323
AT2G40560	0	0	0	1	0	1
AT2G40570	381	377	364	219	248	200
AT2G40580	0	0	0	11	1	13
AT2G40590	2666	3542	3308	2950	2995	3160
AT2G40600	1041	1025	938	1895	1309	1901
AT2G40610	1980	2502	1920	872	1894	544
AT2G40620	200	225	206	191	194	279
AT2G40630	325	385	325	221	211	364
AT2G40640	218	309	241	121	171	195
AT2G40650	1000	1190	937	516	613	940
AT2G40660	1340	1709	1590	541	886	991
AT2G40670	200	211	187	153	145	160
AT2G40690	483	539	445	262	343	240
AT2G40700	546	637	494	293	323	460
AT2G40710	23	32	24	27	19	34
AT2G40711	49	28	32	16	19	52
AT2G40720	72	51	69	44	38	76
AT2G40730	1976	2084	2109	1688	1715	2096
AT2G40740	15	5	24	120	130	143
AT2G40750	446	175	188	622	413	813
AT2G40760	674	806	740	521	655	587
AT2G40765	2590	3278	3330	4556	3589	4911
AT2G40770	613	565	406	153	195	494
AT2G40780	228	263	219	161	160	189
AT2G40790	0	2	1	6	4	10
AT2G40800	747	891	892	642	735	800
AT2G40802	1	3	1	2	0	3
AT2G40805	0	3	1	2	0	2
AT2G40810	223	209	246	310	216	360
AT2G40815	246	392	316	270	299	345
AT2G40820	732	744	565	230	361	436
AT2G40830	1483	1461	1686	3129	2288	3344
AT2G40840	1950	2448	2169	2666	3077	5047
AT2G40850	89	98	66	85	69	167
AT2G40860	727	804	740	485	529	722
AT2G40880	2791	3250	3550	3677	3207	2677
AT2G40890	3536	3774	4049	2276	2702	2674
AT2G40900	800	880	880	677	595	612
AT2G40910	3	0	3	11	1	16
AT2G40920	859	975	867	620	660	857
AT2G40925	0	0	0	6	1	18
AT2G40930	877	835	703	510	623	1029
AT2G40935	157	206	192	286	191	338
AT2G40940	740	870	918	1167	825	1629
AT2G40950	942	1004	854	1117	933	1600
AT2G40955	0	2	3	0	0	1
AT2G40960	683	938	892	437	533	642
AT2G40970	125	130	172	291	214	220
AT2G40980	785	765	749	541	686	714
AT2G40990	1	0	0	7	2	12
AT2G41000	271	301	330	647	353	684
AT2G41010	561	571	672	816	817	752
AT2G41020	431	499	455	404	405	492
AT2G41040	2340	2404	2458	1569	1646	1388
AT2G41050	430	391	422	165	236	138
AT2G41060	787	842	694	439	510	720
AT2G41070	88	129	111	169	123	349
AT2G41080	235	219	196	209	245	389
AT2G41082	61	55	52	75	53	110
AT2G41090	28092	28341	24913	30284	27162	28656
AT2G41100	2616	1342	1891	4217	3328	5019
AT2G41110	1122	1162	1394	1470	1077	1695
AT2G41120	942	1119	1122	840	897	816
AT2G41130	150	148	162	92	122	148
AT2G41140	4823	4518	4778	3648	3563	4221
AT2G41150	284	272	221	250	175	679
AT2G41160	521	520	540	853	558	995
AT2G41170	472	508	551	363	368	372
AT2G41178	47	41	40	80	68	56
AT2G41180	501	549	581	793	650	684
AT2G41190	171	157	387	1293	511	1368
AT2G41200	243	225	247	399	247	379
AT2G41210	190	194	181	191	148	387
AT2G41220	2542	2605	2129	1258	1694	2803
AT2G41225	2	3	1	2	4	0
AT2G41230	14	20	36	35	14	33
AT2G41231	8	13	16	22	7	18
AT2G41240	4211	3713	5219	1196	2377	585
AT2G41250	7130	6994	7115	4558	3851	4546
AT2G41260	133	13	562	57	75	9
AT2G41280	0	0	10	0	0	0
AT2G41290	705	801	976	604	668	427
AT2G41300	101	120	89	27	54	44
AT2G41310	1108	1290	1173	487	610	984
AT2G41312	278	427	370	298	374	220
AT2G41330	222	274	264	124	136	153
AT2G41340	80	102	92	32	57	67
AT2G41342	48	51	45	86	64	73
AT2G41350	539	626	635	330	424	419
AT2G41360	0	2	0	0	0	0
AT2G41370	319	310	442	257	235	305
AT2G41380	154	163	222	601	277	650
AT2G41390	0	0	0	0	0	5
AT2G41400	0	0	0	15	2	26
AT2G41410	4823	4912	5930	24659	10375	19467
AT2G41415	52	8	10	8	10	15
AT2G41420	1623	1566	1791	2711	1702	2419
AT2G41430	6190	6860	7909	13265	9303	13170
AT2G41440	308	327	319	433	279	541
AT2G41445	2	2	5	8	1	16
AT2G41450	40	58	41	22	13	49
AT2G41451	1	1	0	4	1	3
AT2G41460	355	444	375	152	238	317
AT2G41470	2	13	9	11	6	30
AT2G41473	0	0	0	1	0	4
AT2G41475	1125	1331	1519	1813	1508	1857
AT2G41480	72	79	72	168	76	223
AT2G41490	373	412	438	599	510	660
AT2G41500	503	591	470	467	479	842
AT2G41510	100	105	97	28	34	40
AT2G41520	707	707	597	233	382	577
AT2G41530	4311	4707	5492	5586	4818	5732
AT2G41540	604	723	583	425	591	578
AT2G41550	168	152	142	26	64	66
AT2G41560	2800	3099	2844	1496	2178	2023
AT2G41590	1	0	0	1	0	2
AT2G41600	537	702	634	514	544	582
AT2G41610	16	34	16	9	12	11
AT2G41620	1105	1198	1132	751	856	1173
AT2G41630	1557	1791	1843	1967	1933	2606
AT2G41640	680	575	612	851	535	686
AT2G41650	2134	2730	2230	1611	1902	1649
AT2G41660	37	46	37	40	55	57
AT2G41670	203	251	230	131	145	166
AT2G41680	8212	9816	9049	5359	6908	5904
AT2G41690	1	3	13	2	0	2
AT2G41700	1271	1162	988	774	677	1601
AT2G41705	276	267	296	442	289	514
AT2G41710	999	946	972	762	783	927
AT2G41720	1888	2146	2050	749	1103	1371
AT2G41730	150	85	266	1259	582	999
AT2G41740	3810	3804	3546	2368	2709	4336
AT2G41750	214	264	213	287	242	286
AT2G41760	266	305	267	278	253	313
AT2G41770	1346	1410	1497	1076	1177	1340
AT2G41780	55	63	69	151	111	157
AT2G41790	3380	3332	3242	1721	1854	3203
AT2G41800	12	7	31	42	20	23
AT2G41810	1	3	9	8	7	5
AT2G41820	1206	1360	1108	265	639	522
AT2G41830	287	286	276	152	179	205
AT2G41835	163	180	189	306	210	382
AT2G41840	18795	22416	20844	12587	16385	15225
AT2G41850	4	0	0	58	31	351
AT2G41860	0	1	0	0	0	0
AT2G41870	810	945	1170	3049	1990	2512
AT2G41880	525	504	528	944	718	1301
AT2G41890	632	655	541	410	429	529
AT2G41900	2812	2959	3260	5371	4040	5907
AT2G41905	276	394	430	450	290	415
AT2G41910	0	0	0	0	1	1
AT2G41920	0	0	0	0	1	0
AT2G41930	2	0	0	2	3	0
AT2G41940	1458	1895	1703	980	1146	1171
AT2G41945	598	641	702	805	667	742
AT2G41950	833	1050	924	436	645	491
AT2G41960	1774	1941	1597	426	732	1262
AT2G41970	0	1	0	5	0	7
AT2G41980	589	627	636	310	401	505
AT2G41990	123	208	141	29	149	42
AT2G42000	0	1	16	1	0	2
AT2G42005	7	13	4	40	23	57
AT2G42010	892	904	790	597	572	1159
AT2G42030	1147	1088	1162	863	770	1256
AT2G42040	258	256	273	351	225	366
AT2G42060	0	0	3	4	1	13
AT2G42070	1180	1231	1399	1919	1442	2521
AT2G42080	320	373	404	361	293	368
AT2G42090	1	0	0	2	1	2
AT2G42110	72	84	74	23	46	18
AT2G42120	322	349	311	195	283	273
AT2G42130	2096	2442	2480	1697	2172	1630
AT2G42140	5	7	7	6	12	4
AT2G42150	96	142	130	69	80	63
AT2G42160	416	464	420	502	463	754
AT2G42170	116	144	88	94	89	169
AT2G42180	0	3	0	0	3	0
AT2G42190	1276	1897	1532	1258	1189	1379
AT2G42200	472	827	368	462	753	475
AT2G42210	3442	4101	4290	4022	3864	4255
AT2G42220	12212	15831	15400	8404	12234	6614
AT2G42230	857	1073	1012	689	764	964
AT2G42240	255	275	258	379	269	410
AT2G42247	244	272	244	197	228	314
AT2G42250	196	232	209	169	206	271
AT2G42260	81	100	74	55	61	59
AT2G42270	1870	1485	1001	752	658	2245
AT2G42280	204	240	201	159	151	201
AT2G42290	187	208	177	168	174	256
AT2G42300	828	976	891	584	687	720
AT2G42310	1508	1652	1841	2452	1971	2503
AT2G42320	1137	1473	1304	496	538	745
AT2G42330	425	322	314	165	170	390
AT2G42340	5	8	4	4	6	2
AT2G42350	17	5	37	125	42	173
AT2G42360	48	50	95	300	109	357
AT2G42365	158	160	149	90	76	180
AT2G42370	84	74	69	29	32	94
AT2G42380	681	749	641	190	319	251
AT2G42388	1	1	0	4	2	1
AT2G42390	414	465	433	808	567	921
AT2G42395	74	91	67	73	68	76
AT2G42400	459	477	523	757	536	933
AT2G42410	2	8	4	6	1	2
AT2G42430	2	0	0	0	0	0
AT2G42440	0	0	1	0	0	1
AT2G42450	199	238	236	135	162	234
AT2G42460	0	0	0	2	1	0
AT2G42470	0	0	0	1	0	0
AT2G42480	10	2	7	8	4	14
AT2G42485	289	320	354	257	308	217
AT2G42490	3588	3513	3725	3357	2857	4134
AT2G42500	2984	3339	3311	2479	2610	2888
AT2G42510	132	161	150	118	108	166
AT2G42520	1048	1129	1085	1653	1170	1910
AT2G42530	42	61	198	194	95	235
AT2G42540	545	668	2133	3670	1412	3510
AT2G42560	1	5	320	71	4	213
AT2G42570	265	508	416	341	365	288
AT2G42580	1321	1710	1627	1247	1171	2003
AT2G42590	6785	7969	8601	7239	7342	7910
AT2G42600	31869	33605	35004	18206	27545	31489
AT2G42610	2109	1548	3060	1399	1466	1426
AT2G42620	977	956	909	1290	1017	1123
AT2G42640	132	125	104	107	98	149
AT2G42650	212	211	200	91	112	134
AT2G42660	0	2	0	0	1	1
AT2G42670	254	247	259	400	344	414
AT2G42680	3297	3800	3930	4835	4091	5526
AT2G42690	6689	7936	7686	4996	6186	5524
AT2G42700	469	521	475	376	468	652
AT2G42710	994	1241	1134	556	753	873
AT2G42720	6	14	12	8	7	11
AT2G42730	164	190	199	132	133	133
AT2G42740	820	957	854	279	503	277
AT2G42750	13946	16705	19331	14354	15964	10922
AT2G42760	592	573	695	787	685	1120
AT2G42770	2793	2975	3130	2477	2809	2266
AT2G42780	627	719	846	762	630	822
AT2G42790	1073	971	1515	2652	1617	3111
AT2G42800	232	585	178	120	288	106
AT2G42810	2002	1954	2137	2199	1927	2359
AT2G42820	66	74	71	36	25	25
AT2G42830	9	9	17	7	6	4
AT2G42835	4	4	10	2	1	1
AT2G42840	4864	6217	5124	2227	3927	3084
AT2G42850	4	1	1	1	1	3
AT2G42860	35	47	52	71	42	102
AT2G42870	78	92	57	30	72	45
AT2G42880	2379	2874	2673	1884	2130	2602
AT2G42885	6	13	17	6	11	1
AT2G42890	573	464	528	990	677	1411
AT2G42900	371	373	409	285	349	173
AT2G42910	1582	1759	1669	1246	1345	1544
AT2G42920	353	511	283	181	185	331
AT2G42930	2	4	3	4	6	2
AT2G42940	85	317	83	57	56	131
AT2G42950	376	297	337	394	342	515
AT2G42955	8	5	10	28	13	31
AT2G42960	100	140	118	24	71	45
AT2G42975	1119	1369	1463	1333	1344	956
AT2G42980	79	82	63	53	46	52
AT2G42990	113	152	124	33	169	34
AT2G43000	91	25	69	337	192	299
AT2G43010	1956	2385	2031	2126	1911	2038
AT2G43018	1917	2303	3354	4454	3511	5606
AT2G43020	1917	2304	3355	4454	3513	5609
AT2G43030	12327	14959	13834	8108	11074	8455
AT2G43040	142	187	175	60	127	122
AT2G43050	13	13	14	14	3	9
AT2G43060	380	369	429	1082	709	850
AT2G43070	1107	1240	1259	1682	1355	1823
AT2G43080	461	455	415	686	495	930
AT2G43090	5179	6384	6085	5516	5575	5639
AT2G43100	4627	4645	5491	6248	6904	5044
AT2G43110	445	605	444	114	205	168
AT2G43120	707	875	828	353	361	410
AT2G43130	788	842	823	1190	893	1142
AT2G43140	12	8	7	53	19	44
AT2G43150	1617	2001	1212	1332	1047	2400
AT2G43160	5795	5715	5419	4861	4753	7747
AT2G43180	473	543	532	415	482	452
AT2G43190	153	169	140	98	110	161
AT2G43200	191	211	300	156	135	218
AT2G43210	533	597	550	531	496	845
AT2G43220	0	0	0	2	0	2
AT2G43230	39	50	49	41	48	45
AT2G43235	1070	1083	960	901	751	911
AT2G43240	485	581	598	397	433	597
AT2G43250	274	310	331	208	227	311
AT2G43255	0	0	0	3	1	6
AT2G43260	455	490	433	409	386	544
AT2G43270	2	1	0	0	0	5
AT2G43280	308	322	320	346	350	431
AT2G43290	1641	1800	2100	1865	1271	1417
AT2G43300	0	0	0	1	0	0
AT2G43310	38	49	37	67	52	67
AT2G43320	403	391	552	621	419	786
AT2G43330	1404	1331	1478	1653	1355	1549
AT2G43340	1122	1324	1328	624	581	631
AT2G43350	603	738	781	1151	883	1472
AT2G43360	1309	1519	1456	625	1023	770
AT2G43370	229	211	230	266	248	321
AT2G43371	0	0	0	0	1	0
AT2G43375	163	170	169	88	103	101
AT2G43390	0	0	1	1	3	3
AT2G43400	649	780	792	538	551	732
AT2G43410	1385	1410	1215	796	1000	1513
AT2G43420	493	519	551	702	566	860
AT2G43430	577	633	610	719	586	822
AT2G43440	92	116	100	97	111	101
AT2G43445	93	87	124	107	141	95
AT2G43450	1	2	2	5	3	12
AT2G43460	9033	10705	10407	7674	7948	7485
AT2G43465	117	157	124	80	91	123
AT2G43470	9	5	14	1	11	4
AT2G43480	2	0	0	3	3	10
AT2G43490	548	585	593	510	427	1050
AT2G43500	470	408	368	326	301	568
AT2G43510	516	892	3295	4836	1789	5267
AT2G43520	141	190	299	152	178	204
AT2G43530	2485	2882	6298	6871	4067	8111
AT2G43535	136	133	307	364	282	518
AT2G43540	420	458	481	1226	758	1203
AT2G43550	1332	1324	1811	1947	2551	2351
AT2G43560	4827	5919	5568	3843	4751	3317
AT2G43570	1580	510	2258	12648	4591	12220
AT2G43580	2	5	9	55	14	34
AT2G43590	112	623	705	88	94	71
AT2G43610	39	55	53	20	39	25
AT2G43620	100	109	529	497	316	588
AT2G43630	2013	2066	2290	1785	1640	2298
AT2G43640	467	555	624	688	492	667
AT2G43650	1790	2078	1556	350	602	841
AT2G43660	13	5	12	11	8	7
AT2G43670	10	6	6	0	2	4
AT2G43680	3691	4074	3207	4900	4310	12976
AT2G43690	51	50	41	41	39	43
AT2G43700	40	43	34	75	53	125
AT2G43710	12139	13965	13804	10381	10660	13694
AT2G43720	80	95	86	134	82	134
AT2G43730	0	0	0	0	0	2
AT2G43740	0	0	1	4	0	2
AT2G43745	419	719	545	545	603	585
AT2G43750	9814	11483	12057	10250	12069	11102
AT2G43760	872	988	1055	945	820	991
AT2G43770	1249	1395	1315	1208	1229	1488
AT2G43780	561	619	661	735	630	828
AT2G43790	1774	1834	1935	2097	1813	2329
AT2G43795	0	0	0	14	2	16
AT2G43800	947	1035	702	252	938	641
AT2G43810	773	865	782	1112	873	1141
AT2G43820	835	625	2215	2993	1456	4342
AT2G43840	97	114	76	59	58	66
AT2G43850	357	281	311	459	305	514
AT2G43865	0	1	0	1	1	2
AT2G43870	8	15	18	12	12	65
AT2G43880	1	0	2	1	0	0
AT2G43890	0	0	0	0	0	1
AT2G43900	887	1047	773	932	851	2405
AT2G43910	5993	6439	6771	3972	4716	4475
AT2G43920	726	701	717	471	758	259
AT2G43930	25	28	25	44	28	80
AT2G43940	228	247	323	571	378	587
AT2G43945	3766	4302	4751	3195	3496	2827
AT2G43950	1787	2091	2228	2014	1812	2127
AT2G43960	2	1	0	8	1	13
AT2G43970	20806	22452	23288	26233	21170	40383
AT2G43980	322	396	388	361	329	481
AT2G43990	59	79	53	38	53	56
AT2G44000	10	9	12	11	10	9
AT2G44010	1	0	10	43	16	37
AT2G44020	261	257	246	224	213	295
AT2G44040	838	980	1053	380	698	583
AT2G44050	2509	2966	3019	2277	2756	2408
AT2G44060	7580	8720	9946	6970	7344	9597
AT2G44065	722	803	780	745	643	978
AT2G44070	10	3	11	16	6	12
AT2G44080	88	104	133	185	96	176
AT2G44090	1833	2098	2177	1970	2059	2394
AT2G44100	4479	4777	5184	5603	4774	6102
AT2G44110	0	1	1	4	1	2
AT2G44120	4770	5871	5321	4310	4320	6128
AT2G44130	1098	1309	1445	685	700	510
AT2G44140	2006	2247	2428	1609	1520	1689
AT2G44150	540	549	502	354	427	452
AT2G44160	7270	8065	7656	3792	4752	5367
AT2G44175	0	0	0	6	0	5
AT2G44180	783	755	698	1407	1008	1995
AT2G44190	45	64	57	12	30	27
AT2G44195	1	3	0	2	0	1
AT2G44200	762	806	721	277	346	656
AT2G44210	6160	7226	7574	7144	7492	6699
AT2G44220	3	0	1	3	1	2
AT2G44230	1663	1970	1700	1021	1494	1344
AT2G44240	9	2	0	241	24	770
AT2G44250	7	9	2	5	1	3
AT2G44255	318	408	301	286	224	366
AT2G44260	355	476	337	315	260	420
AT2G44270	417	466	459	368	376	488
AT2G44280	228	182	179	209	156	287
AT2G44290	1201	869	842	3861	1695	4043
AT2G44300	235	301	242	273	235	398
AT2G44304	1	0	0	1	1	1
AT2G44310	1798	1852	2059	2769	2143	2556
AT2G44320	0	0	0	1	1	1
AT2G44330	0	0	0	1	0	0
AT2G44340	1	0	0	0	0	0
AT2G44350	3289	3842	3851	4598	3744	5331
AT2G44360	455	515	610	715	564	629
AT2G44370	18	2	19	64	34	60
AT2G44380	54	30	32	211	94	186
AT2G44390	6	0	4	30	13	31
AT2G44400	5	1	5	91	53	93
AT2G44410	738	754	787	3022	1657	4922
AT2G44420	349	320	344	474	299	579
AT2G44430	570	592	597	604	486	806
AT2G44440	277	316	326	166	209	256
AT2G44450	34	26	51	35	21	70
AT2G44460	14	15	12	15	14	17
AT2G44470	0	0	2	0	0	0
AT2G44480	12	11	22	15	7	10
AT2G44490	2975	2844	3335	2980	2965	3741
AT2G44500	586	474	576	813	417	1140
AT2G44510	188	249	194	207	172	245
AT2G44520	1063	1188	1263	1733	1441	1887
AT2G44525	459	522	562	533	472	624
AT2G44530	1482	1603	1638	1551	1585	2179
AT2G44540	3	3	4	23	2	37
AT2G44550	0	0	1	0	0	2
AT2G44560	2	0	0	0	1	0
AT2G44570	16	15	22	9	16	15
AT2G44578	17	19	37	35	40	60
AT2G44580	160	190	155	58	93	71
AT2G44581	0	0	1	0	0	0
AT2G44590	13	20	7	6	12	18
AT2G44600	213	190	217	249	195	260
AT2G44610	2139	2474	2783	3156	2701	3729
AT2G44620	2118	2614	2573	2366	2208	2346
AT2G44630	48	71	54	54	48	66
AT2G44640	1506	1641	1615	1935	1741	2781
AT2G44650	4229	5171	4846	3130	3586	3307
AT2G44660	427	444	406	633	467	715
AT2G44670	3422	4526	4650	2590	2685	2396
AT2G44680	727	791	822	1176	839	1330
AT2G44690	56	68	55	35	63	37
AT2G44700	38	42	42	49	40	69
AT2G44710	1525	1479	1412	1520	1499	2165
AT2G44730	559	668	664	799	677	866
AT2G44735	68	70	63	130	77	142
AT2G44740	177	209	195	141	150	119
AT2G44745	77	80	58	67	80	41
AT2G44750	184	238	230	214	180	296
AT2G44760	1450	1456	1451	1058	999	1586
AT2G44770	616	703	744	671	618	750
AT2G44790	79	64	221	722	136	558
AT2G44798	86	116	89	113	80	105
AT2G44800	68	79	58	84	55	73
AT2G44810	0	0	0	9	2	4
AT2G44820	617	752	767	764	604	821
AT2G44830	532	620	567	206	329	513
AT2G44840	17	11	29	81	71	82
AT2G44850	81	119	99	286	182	359
AT2G44860	2548	2932	2660	1521	1739	1860
AT2G44870	3545	3819	3734	3561	3516	3419
AT2G44880	12	8	18	25	18	45
AT2G44890	1	0	1	4	3	12
AT2G44900	870	826	801	686	670	1059
AT2G44910	51	87	71	61	99	64
AT2G44920	2339	2840	2898	1866	2227	1423
AT2G44930	78	132	87	43	44	29
AT2G44940	646	689	759	1157	1290	999
AT2G44950	814	817	811	461	479	968
AT2G44970	1592	1609	1835	1733	1488	2106
AT2G44980	197	207	155	109	119	198
AT2G44990	9	0	3	2	1	3
AT2G44995	63	44	53	102	58	65
AT2G45000	915	944	846	778	676	942
AT2G45010	704	766	776	1373	906	1595
AT2G45023	179	212	205	301	199	298
AT2G45030	1534	1578	1556	1062	1183	1788
AT2G45040	12	37	16	21	16	31
AT2G45050	86	90	104	155	136	240
AT2G45060	608	708	722	801	632	1094
AT2G45070	4739	5264	5592	8259	6182	7932
AT2G45080	70	59	66	38	61	53
AT2G45100	212	288	252	118	129	158
AT2G45120	17	40	41	27	30	29
AT2G45130	5	12	13	85	32	107
AT2G45135	17	19	19	84	41	72
AT2G45140	1207	1316	1424	1960	1539	2293
AT2G45150	311	324	353	399	312	446
AT2G45160	1186	1407	1367	1630	1236	1651
AT2G45170	786	776	774	1296	771	1065
AT2G45180	35778	38039	36511	23268	22787	16554
AT2G45190	633	968	782	565	829	532
AT2G45200	633	771	846	814	750	958
AT2G45210	52	34	90	291	93	294
AT2G45220	770	151	2344	3217	693	3449
AT2G45240	1261	1239	1278	1291	1094	1548
AT2G45245	142	148	125	164	125	167
AT2G45250	846	1113	1205	1226	1169	1334
AT2G45260	859	983	1037	627	702	870
AT2G45270	836	926	867	600	658	616
AT2G45280	137	165	142	96	103	123
AT2G45290	532	555	753	481	517	654
AT2G45300	3605	4187	4279	1539	2046	2079
AT2G45310	504	639	582	635	562	725
AT2G45315	389	515	468	562	477	635
AT2G45320	153	143	161	295	205	345
AT2G45330	525	531	551	755	603	855
AT2G45340	1816	2131	1851	1156	1310	1440
AT2G45350	125	101	101	45	44	116
AT2G45360	7	4	143	34	30	47
AT2G45380	1025	928	1028	1503	1034	2273
AT2G45400	296	278	357	74	163	71
AT2G45410	8	1	6	2	1	2
AT2G45420	9	30	12	21	16	27
AT2G45430	3	2	4	3	3	6
AT2G45440	2053	2063	2161	995	1217	1126
AT2G45450	309	337	350	375	318	392
AT2G45460	314	402	262	105	150	276
AT2G45470	11345	14102	13068	4032	7969	5064
AT2G45480	54	90	41	46	52	80
AT2G45490	70	73	59	40	50	74
AT2G45500	376	345	381	484	348	607
AT2G45510	256	154	243	409	267	725
AT2G45520	1415	1655	1578	1604	1428	1546
AT2G45530	633	709	715	727	698	804
AT2G45540	3611	2652	2110	1487	1710	3769
AT2G45550	0	0	2	15	0	36
AT2G45560	1005	1194	1137	1538	1447	2231
AT2G45570	235	49	896	1763	406	2556
AT2G45580	0	0	40	26	6	71
AT2G45590	1373	1364	1366	1497	1526	1508
AT2G45600	307	350	325	402	539	342
AT2G45610	3	2	3	5	5	4
AT2G45620	1669	1653	1440	1555	1548	1865
AT2G45630	354	349	373	772	515	767
AT2G45640	1759	1860	1823	2685	2007	2821
AT2G45650	15	49	13	7	24	5
AT2G45660	1338	1561	1083	2991	1806	2425
AT2G45670	3110	2929	3342	3658	2860	4344
AT2G45680	962	1002	1143	1510	1016	1731
AT2G45685	672	703	798	1169	739	1312
AT2G45690	324	358	378	442	364	560
AT2G45695	379	408	450	556	422	473
AT2G45700	797	949	782	482	534	849
AT2G45710	712	905	839	684	661	670
AT2G45720	323	324	296	196	244	336
AT2G45730	814	857	807	375	472	616
AT2G45740	4339	4983	5585	5859	5221	5969
AT2G45750	115	136	93	70	61	68
AT2G45760	85	5	59	439	274	395
AT2G45770	1958	2265	2143	1715	1869	2531
AT2G45780	6	8	7	6	6	4
AT2G45790	1993	2338	2462	2264	2171	2446
AT2G45800	104	151	120	62	92	68
AT2G45810	2759	3129	2874	2445	2385	2806
AT2G45820	6689	6921	6809	4932	4952	5642
AT2G45830	71	67	82	66	57	71
AT2G45840	0	0	0	3	2	1
AT2G45850	692	694	701	653	572	678
AT2G45860	634	826	739	603	520	581
AT2G45870	85	103	63	41	46	58
AT2G45880	733	680	632	483	485	653
AT2G45890	101	78	72	27	73	43
AT2G45900	200	315	165	14	60	31
AT2G45910	978	781	770	715	635	1372
AT2G45920	250	269	211	151	156	523
AT2G45930	23	34	32	138	83	197
AT2G45940	6	12	10	65	37	133
AT2G45950	1153	1195	1069	776	717	1221
AT2G45960	73936	83443	88413	73345	66338	79181
AT2G45970	1751	1978	1896	1155	1588	1331
AT2G45980	1089	1182	1303	2259	1541	2517
AT2G45990	2773	3361	3510	2390	2457	2874
AT2G46000	327	388	444	516	457	642
AT2G46020	3545	3249	2320	835	1191	2737
AT2G46030	1294	1617	1580	1706	1424	1638
AT2G46040	282	351	266	89	155	161
AT2G46050	7	9	14	15	8	30
AT2G46060	582	617	639	723	676	819
AT2G46070	432	462	449	520	502	633
AT2G46080	1594	1703	1640	2082	1652	2646
AT2G46090	839	974	969	1006	948	1397
AT2G46100	2147	2395	2680	3855	3068	3154
AT2G46110	118	155	146	59	94	60
AT2G46120	0	0	0	1	0	1
AT2G46130	0	3	0	3	0	0
AT2G46140	376	471	405	344	428	357
AT2G46150	63	49	78	181	119	179
AT2G46160	218	238	234	249	275	230
AT2G46170	1236	1245	1329	2300	1797	2350
AT2G46180	586	638	547	188	244	461
AT2G46192	189	164	174	154	161	125
AT2G46200	130	175	163	107	115	177
AT2G46210	96	116	108	129	123	151
AT2G46220	3366	3588	3968	4267	3739	3300
AT2G46225	769	902	771	285	402	429
AT2G46230	1129	1302	1194	1108	988	1087
AT2G46240	155	159	165	110	107	527
AT2G46250	995	1071	889	286	413	547
AT2G46260	1203	1245	1214	1001	1163	1306
AT2G46270	568	399	613	989	630	1055
AT2G46280	3214	3790	3451	2039	2507	2963
AT2G46290	125	145	155	115	135	101
AT2G46300	12	14	6	6	5	5
AT2G46310	324	305	309	142	220	147
AT2G46320	693	768	657	814	609	857
AT2G46330	2418	3097	2925	1567	1526	1155
AT2G46340	5041	4745	4901	4184	3626	6018
AT2G46370	1861	1694	2044	2963	2324	3646
AT2G46375	19	16	21	11	12	11
AT2G46380	301	357	299	161	201	287
AT2G46390	2499	2957	3104	4978	3483	5669
AT2G46400	284	88	207	2083	1062	2905
AT2G46410	87	94	69	105	108	137
AT2G46420	1309	1259	1235	1532	1214	1998
AT2G46430	897	520	613	1705	1100	2494
AT2G46440	3119	2578	2188	3497	2645	4222
AT2G46450	4915	5073	4837	2983	2731	4191
AT2G46455	17	16	8	8	10	17
AT2G46460	1	0	0	0	1	2
AT2G46470	571	661	748	760	658	992
AT2G46480	3	0	4	1	2	4
AT2G46490	500	566	661	2235	1222	2773
AT2G46493	4	4	1	4	1	4
AT2G46494	1	0	1	3	0	8
AT2G46495	0	0	0	11	1	11
AT2G46500	2140	1919	2387	2101	1803	3010
AT2G46505	1141	1367	1429	1274	1193	1488
AT2G46510	956	912	1074	1073	964	1828
AT2G46520	1578	1615	1791	1330	1390	2039
AT2G46530	189	164	142	83	119	136
AT2G46535	372	394	408	375	430	373
AT2G46540	1649	2009	2109	2320	2163	2363
AT2G46550	784	837	864	1149	888	1519
AT2G46560	2224	1806	1453	998	1024	2233
AT2G46567	18	19	22	23	15	41
AT2G46570	125	174	112	42	41	66
AT2G46572	139	209	128	46	51	73
AT2G46580	486	588	561	688	522	766
AT2G46590	335	403	333	170	191	298
AT2G46600	1931	2332	2291	8361	4663	6474
AT2G46610	301	341	309	318	286	412
AT2G46620	248	160	247	908	511	847
AT2G46630	684	1088	848	184	288	293
AT2G46640	265	281	316	329	259	396
AT2G46650	2631	2727	2796	4384	3385	4159
AT2G46660	221	238	266	207	281	174
AT2G46670	254	239	250	234	196	339
AT2G46680	541	399	1078	2305	949	3720
AT2G46685	7	5	4	223	110	342
AT2G46690	987	1149	1289	2371	1478	2434
AT2G46700	488	418	485	584	443	514
AT2G46710	1140	1438	1016	590	970	733
AT2G46720	222	224	216	173	283	154
AT2G46735	1110	1267	1473	1085	1120	762
AT2G46740	5	6	3	0	0	1
AT2G46750	7	0	35	6	2	11
AT2G46760	62	52	55	19	24	57
AT2G46770	9	40	9	8	14	2
AT2G46780	437	510	436	245	260	258
AT2G46790	1308	1043	1151	988	700	1710
AT2G46800	1381	1514	1609	1525	1455	2156
AT2G46810	679	892	795	294	400	379
AT2G46820	41738	55334	52413	43508	55073	29483
AT2G46830	14238	15178	13568	4518	5378	7194
AT2G46840	5	4	7	22	2	22
AT2G46850	1	0	0	1	0	3
AT2G46860	0	9	1	2	2	1
AT2G46870	300	419	356	450	437	419
AT2G46880	7	4	1	15	9	17
AT2G46890	171	159	149	116	145	154
AT2G46900	919	934	1036	1073	915	1846
AT2G46910	1934	2140	2225	1164	1411	1158
AT2G46915	2749	2791	2874	1925	2028	2122
AT2G46920	557	628	616	370	423	760
AT2G46930	878	1096	993	701	961	951
AT2G46940	177	145	180	220	161	205
AT2G46950	6	17	3	4	2	8
AT2G46970	32	50	35	19	18	19
AT2G46980	190	219	177	50	80	125
AT2G46990	15	10	10	5	6	2
AT2G46995	0	0	0	18	5	12
AT2G47000	241	192	473	727	588	1144
AT2G47010	251	261	275	103	185	137
AT2G47015	67	92	97	174	149	302
AT2G47020	219	239	221	329	296	574
AT2G47030	1	0	0	0	0	0
AT2G47040	1	150	0	0	12	0
AT2G47050	25	49	18	9	17	5
AT2G47060	792	1015	903	760	916	665
AT2G47070	5741	6281	5961	4128	4700	5141
AT2G47090	319	398	320	156	224	408
AT2G47110	10043	11478	10923	7837	8545	9844
AT2G47115	9906	11320	10773	7735	8448	9769
AT2G47120	0	0	0	0	1	2
AT2G47130	394	165	163	1543	1035	1391
AT2G47140	8	9	10	41	25	46
AT2G47150	5	5	7	7	6	7
AT2G47160	2096	2064	1749	1144	1022	1694
AT2G47170	6643	8129	8004	7878	7437	8368
AT2G47180	3312	3679	5102	6672	5031	10871
AT2G47190	40	32	53	383	115	476
AT2G47200	7	5	3	33	13	22
AT2G47210	1272	1441	1306	774	949	1216
AT2G47220	270	276	258	183	144	294
AT2G47230	320	319	216	48	115	109
AT2G47240	2846	3411	2298	716	1774	1117
AT2G47250	2446	2667	2296	1164	1627	2243
AT2G47260	103	117	97	70	79	64
AT2G47270	33	11	18	18	4	8
AT2G47275	5	5	6	12	7	9
AT2G47280	1	0	0	0	1	0
AT2G47300	84	70	77	24	51	70
AT2G47310	221	268	212	129	147	211
AT2G47320	1533	1775	1620	1914	1722	2478
AT2G47330	1175	1321	1283	762	904	1217
AT2G47340	0	3	0	3	3	1
AT2G47350	413	446	393	429	393	647
AT2G47360	29	42	16	25	26	32
AT2G47370	712	749	806	548	649	431
AT2G47380	2089	2499	2727	3525	2842	3581
AT2G47390	3895	4294	4535	2633	3524	4317
AT2G47400	33491	37143	38267	39967	36564	30420
AT2G47410	1408	1255	1025	515	618	1531
AT2G47420	891	1011	992	1044	913	1454
AT2G47430	1	1	0	11	2	28
AT2G47440	3162	4034	4137	1836	1777	2374
AT2G47450	14983	17830	16304	14083	16090	13061
AT2G47460	53	63	51	39	71	25
AT2G47470	4646	5199	4986	4906	4713	8419
AT2G47480	16	16	22	17	15	22
AT2G47485	60	67	105	143	105	142
AT2G47490	2511	2788	2876	2559	2323	2674
AT2G47500	838	1054	752	186	382	413
AT2G47510	2668	3277	3150	2268	2410	3512
AT2G47520	9	10	28	26	36	29
AT2G47550	7	19	70	36	7	55
AT2G47560	83	80	66	34	21	14
AT2G47570	1	3	0	1	1	1
AT2G47580	1260	1373	1382	1060	1092	1323
AT2G47585	0	0	1	0	0	3
AT2G47590	8323	10554	9962	6989	9320	8249
AT2G47600	929	882	1248	2739	1603	4066
AT2G47610	8860	11059	9840	5075	6802	7024
AT2G47620	395	408	385	271	274	384
AT2G47630	816	898	746	365	703	580
AT2G47640	796	923	843	1304	991	1431
AT2G47650	923	1106	1151	1360	1433	2207
AT2G47670	12	23	25	32	35	29
AT2G47680	202	265	248	151	188	377
AT2G47690	1779	2267	2483	3395	2687	3303
AT2G47700	1465	1753	1715	1339	1554	1976
AT2G47710	4329	4713	5046	9648	6429	9168
AT2G47720	6	7	5	6	4	13
AT2G47730	13450	12736	13800	15471	13318	16514
AT2G47740	0	0	0	0	0	1
AT2G47750	276	440	370	140	276	180
AT2G47760	564	632	622	818	642	942
AT2G47770	13	9	170	191	37	165
AT2G47780	100	137	189	195	160	221
AT2G47790	654	736	615	572	612	639
AT2G47800	2916	3102	2217	2390	2436	4421
AT2G47810	0	0	1	0	0	0
AT2G47820	235	236	209	137	154	379
AT2G47830	320	376	275	305	270	392
AT2G47840	1605	2068	1901	1262	1577	1216
AT2G47844	3	3	6	3	2	7
AT2G47850	601	656	661	829	750	1133
AT2G47860	128	183	160	126	118	212
AT2G47870	4	6	6	10	8	8
AT2G47880	358	652	574	451	551	662
AT2G47890	115	147	148	204	178	287
AT2G47895	16	31	17	17	20	19
AT2G47900	1317	1381	1282	1039	1141	1377
AT2G47910	2130	2737	2819	2025	2346	2200
AT2G47920	73	99	89	48	35	60
AT2G47930	645	890	726	250	309	312
AT2G47940	6619	7989	7963	4153	5469	5857
AT2G47950	2	2	21	46	11	69
AT2G47960	1140	1341	1204	1819	1407	2163
AT2G47970	1312	1421	1467	2156	1640	2404
AT2G47980	1900	2078	1714	961	1072	2126
AT2G47990	716	957	740	453	602	510
AT2G48000	381	460	425	846	594	1347
AT2G48010	327	408	349	541	431	668
AT2G48020	3165	4241	3729	2281	2589	2377
AT2G48030	327	371	347	473	305	541
AT2G48060	1386	1108	972	789	803	1661
AT2G48070	2926	3464	3767	2847	3290	2597
AT2G48075	50	52	41	61	49	75
AT2G48080	7	5	7	6	8	12
AT2G48090	40	37	41	69	35	44
AT2G48100	949	1204	1051	650	682	1077
AT2G48110	1253	1121	927	939	874	1461
AT2G48120	836	1275	900	493	784	885
AT2G48121	16	21	14	23	17	40
AT2G48130	7	5	10	37	27	21
AT2G48140	25	4	12	45	25	29
AT2G48150	2	3	0	22	9	22
AT2G48160	2837	2553	2072	1825	1904	4823
AT3G01010	0	0	1	0	0	0
AT3G01015	5	12	3	0	4	4
AT3G01020	0	5	0	0	2	0
AT3G01030	5	4	3	11	2	14
AT3G01040	945	906	981	1157	738	1918
AT3G01050	738	811	946	1549	964	1554
AT3G01060	7685	9501	8929	5980	7752	5922
AT3G01070	17	25	25	30	22	28
AT3G01080	235	90	101	514	233	411
AT3G01085	0	0	0	1	0	0
AT3G01090	1275	1493	1430	1600	1446	1839
AT3G01100	708	674	752	952	649	1227
AT3G01120	17775	19885	20159	16909	17893	16217
AT3G01130	1875	2317	2384	2543	2437	2838
AT3G01140	572	677	567	445	487	626
AT3G01142	480	575	516	397	425	571
AT3G01150	607	656	627	675	622	946
AT3G01160	928	1238	887	133	281	422
AT3G01170	366	498	500	721	555	693
AT3G01175	8	0	4	14	11	12
AT3G01180	4507	4694	4671	3645	3999	3932
AT3G01190	0	0	0	0	0	1
AT3G01200	847	982	1112	1264	999	1425
AT3G01202	613	659	790	933	728	1003
AT3G01210	820	830	954	739	659	702
AT3G01220	17	14	22	9	13	9
AT3G01240	0	3	0	0	0	0
AT3G01250	0	1	0	0	0	0
AT3G01260	1	0	0	0	0	1
AT3G01270	0	51	0	0	0	0
AT3G01280	5659	6724	6875	6819	6216	8451
AT3G01290	1674	554	1080	3684	1639	3930
AT3G01300	569	637	619	641	657	758
AT3G01310	564	575	531	998	994	2324
AT3G01311	0	0	0	1	0	0
AT3G01313	2	3	4	3	3	5
AT3G01316	7	4	10	4	3	2
AT3G01319	98	49	40	28	35	65
AT3G01320	1356	1169	991	360	428	1113
AT3G01322	0	0	0	0	0	3
AT3G01325	0	0	1	0	0	0
AT3G01329	3	4	7	1	3	3
AT3G01330	60	121	97	52	57	99
AT3G01340	2182	2268	2432	2323	2055	2963
AT3G01345	11	11	10	8	5	6
AT3G01350	357	346	341	139	168	186
AT3G01360	535	579	652	605	524	651
AT3G01370	3158	3466	2810	935	1797	1828
AT3G01380	620	561	527	508	515	770
AT3G01390	4280	5439	6181	5485	4999	4970
AT3G01400	431	417	477	678	580	699
AT3G01410	141	171	189	78	131	127
AT3G01420	108	54	295	1073	221	2506
AT3G01430	155	163	213	251	208	325
AT3G01435	264	291	258	267	269	374
AT3G01440	1939	2336	2621	1049	1738	914
AT3G01450	252	247	277	231	251	238
AT3G01460	1245	1017	883	511	561	1584
AT3G01470	1820	1813	2216	3501	2369	4002
AT3G01472	1820	1813	2216	3501	2369	4002
AT3G01480	10982	13014	12814	6745	9780	5819
AT3G01490	809	912	1096	599	702	593
AT3G01500	203610	269866	242791	151543	211986	109290
AT3G01510	1054	1209	1288	784	966	1269
AT3G01513	2	3	5	21	12	22
AT3G01516	0	4	2	2	6	3
AT3G01520	1946	1958	2271	2724	2085	2347
AT3G01530	2	1	1	3	1	4
AT3G01540	6772	7078	7387	10940	7490	17102
AT3G01550	3988	4250	4076	2443	2892	2014
AT3G01560	1223	1290	1151	976	1103	1472
AT3G01570	14	21	11	30	17	85
AT3G01572	3	3	2	1	4	8
AT3G01580	30	26	16	41	25	106
AT3G01590	908	872	914	923	832	1389
AT3G01600	16	18	36	79	165	139
AT3G01610	820	866	701	381	525	718
AT3G01620	7	10	10	9	11	46
AT3G01630	6	18	5	11	6	17
AT3G01640	446	466	578	664	467	710
AT3G01650	499	478	573	404	367	552
AT3G01660	664	766	810	605	605	556
AT3G01670	1519	1841	1084	304	576	552
AT3G01680	1456	1818	1228	377	707	662
AT3G01690	3637	4698	4370	3744	3631	4201
AT3G01700	4	7	5	3	4	4
AT3G01710	125	159	128	84	87	119
AT3G01720	782	701	782	940	881	1573
AT3G01730	0	2	0	1	1	3
AT3G01740	1091	1238	1209	2347	1565	2717
AT3G01750	140	156	118	210	214	229
AT3G01760	6	1	6	13	4	14
AT3G01770	1004	957	901	1171	945	2179
AT3G01780	2245	2287	2146	1621	1636	2557
AT3G01790	846	1228	1034	720	863	847
AT3G01800	429	433	517	393	403	533
AT3G01810	1818	2178	1831	596	1090	1141
AT3G01820	1356	1479	1521	1068	1015	1120
AT3G01830	146	43	121	680	158	828
AT3G01840	29	29	19	41	29	79
AT3G01850	689	829	813	1361	1044	1581
AT3G01860	671	833	757	551	744	494
AT3G01870	1	3	4	2	0	1
AT3G01880	2	0	0	0	1	0
AT3G01890	216	280	236	295	264	373
AT3G01900	3	0	0	1	9	2
AT3G01910	4504	4992	4761	5267	4965	5758
AT3G01920	656	825	790	767	793	737
AT3G01930	537	571	491	699	703	962
AT3G01940	56	84	62	52	52	48
AT3G01950	180	213	219	147	147	146
AT3G01960	94	102	65	83	122	100
AT3G01961	1	1	0	1	0	0
AT3G01970	109	132	275	473	191	504
AT3G01980	905	1071	1218	1165	1254	1175
AT3G01990	70	91	68	51	37	87
AT3G02000	14	21	19	31	29	39
AT3G02010	36	33	41	58	40	134
AT3G02020	6195	5709	6630	5259	5938	6957
AT3G02030	233	299	224	511	299	747
AT3G02040	196	266	369	1117	573	1859
AT3G02050	3576	3685	3821	3056	3261	4022
AT3G02060	2578	2453	2408	1579	1602	2723
AT3G02065	451	548	496	555	534	688
AT3G02070	368	390	394	383	293	527
AT3G02080	8827	9993	9641	9774	9247	11878
AT3G02090	9981	11189	11571	8472	9421	10767
AT3G02100	0	0	0	8	2	14
AT3G02110	1354	1527	1374	1078	1537	1200
AT3G02120	166	268	205	56	108	58
AT3G02125	2	6	2	1	0	2
AT3G02130	1073	1051	959	908	882	1099
AT3G02140	222	216	238	314	135	485
AT3G02150	399	390	521	1004	546	1285
AT3G02160	105	94	99	70	86	143
AT3G02170	1749	2276	1647	622	787	1389
AT3G02180	3402	4028	4000	2972	3377	3126
AT3G02190	663	800	800	1008	769	1076
AT3G02200	2300	2614	2667	2231	2113	3034
AT3G02210	213	258	201	146	195	223
AT3G02220	1190	1485	1309	610	781	854
AT3G02230	3288	4084	4088	4271	4276	6528
AT3G02240	1	3	11	14	6	13
AT3G02250	1343	1582	1574	1005	1197	1219
AT3G02260	6564	4309	2914	1386	1706	4534
AT3G02270	1	1	1	1	1	0
AT3G02280	455	488	449	355	362	471
AT3G02290	438	482	467	446	433	457
AT3G02300	1769	1858	1691	1485	1288	1783
AT3G02310	100	144	135	65	159	85
AT3G02320	487	636	603	326	362	577
AT3G02330	24	35	26	9	10	16
AT3G02340	382	379	385	639	522	769
AT3G02350	3031	3313	3490	2634	2762	3140
AT3G02360	4637	5227	6071	7188	5952	9842
AT3G02370	62	67	79	78	74	131
AT3G02380	5780	7483	6287	2329	3723	2589
AT3G02390	33	39	27	33	27	70
AT3G02400	341	334	272	103	138	278
AT3G02410	38	40	42	52	27	44
AT3G02420	946	1005	1080	1544	1226	1726
AT3G02440	0	1	0	0	0	0
AT3G02450	4000	4360	4133	1222	1915	1964
AT3G02460	454	471	484	632	404	814
AT3G02468	59096	65635	76945	64020	56867	58474
AT3G02470	59174	65722	77033	64093	56930	58526
AT3G02480	131	229	1239	2266	206	2223
AT3G02490	363	445	385	238	255	362
AT3G02493	0	0	5	0	1	1
AT3G02500	94	116	152	63	56	52
AT3G02510	505	658	593	642	622	1116
AT3G02520	2056	2234	2328	2509	2101	3277
AT3G02530	2021	2150	2041	1572	1758	2039
AT3G02540	1871	2121	1899	1955	2180	2940
AT3G02550	371	280	485	292	422	368
AT3G02555	244	278	240	223	178	246
AT3G02560	4957	6165	5820	4721	4698	6145
AT3G02570	2411	2750	3338	1946	2577	2039
AT3G02580	1742	1669	2111	1662	1599	1461
AT3G02590	2	4	0	4	1	5
AT3G02600	1423	1602	1417	1083	1141	1233
AT3G02610	15	16	21	63	38	60
AT3G02620	16	23	29	23	16	16
AT3G02630	886	1009	983	1133	1227	1535
AT3G02640	463	737	593	186	454	279
AT3G02645	1	3	1	0	0	1
AT3G02650	577	772	632	408	494	572
AT3G02660	974	1190	1095	492	668	676
AT3G02670	26	29	22	4	3	18
AT3G02680	155	156	113	92	92	145
AT3G02690	3051	3126	3179	3105	2926	3221
AT3G02700	762	791	818	1150	965	1347
AT3G02710	1132	1124	1082	925	906	1282
AT3G02715	0	0	1	1	0	0
AT3G02720	3404	3975	3783	3626	3797	3795
AT3G02730	9410	10455	11290	11549	12006	9166
AT3G02740	717	809	853	1139	852	1109
AT3G02750	2382	2443	2851	2483	2263	2736
AT3G02760	2515	2751	2445	879	1135	1647
AT3G02770	723	738	802	1394	955	1380
AT3G02780	2419	3046	2934	2640	2659	2565
AT3G02790	926	1167	1092	868	934	1062
AT3G02800	32	23	51	83	34	78
AT3G02810	1	0	0	0	0	0
AT3G02820	197	209	197	147	160	233
AT3G02830	6517	7833	8038	6007	5856	7057
AT3G02832	105	107	101	74	80	52
AT3G02840	27	5	56	126	39	102
AT3G02850	78	45	41	18	27	40
AT3G02860	498	679	609	411	366	641
AT3G02870	1504	2109	1936	1192	1733	1307
AT3G02875	303	310	495	1331	680	2115
AT3G02880	1785	1688	1898	2315	1664	2967
AT3G02885	55	6	70	15	27	30
AT3G02890	769	773	600	205	330	458
AT3G02900	1164	1479	1490	1197	1122	1387
AT3G02910	1184	1363	1725	1876	1187	1797
AT3G02920	258	337	286	187	266	229
AT3G02930	275	429	232	43	90	111
AT3G02940	4	0	0	5	1	2
AT3G02950	622	772	707	586	559	841
AT3G02960	0	0	0	1	0	0
AT3G02970	0	0	0	16	0	5
AT3G02980	50	52	57	64	62	101
AT3G02990	110	136	151	118	139	215
AT3G03000	199	173	216	372	253	270
AT3G03010	320	405	362	253	294	341
AT3G03020	303	335	367	754	498	665
AT3G03030	53	54	44	43	52	81
AT3G03040	570	600	534	568	493	620
AT3G03050	1043	1030	969	810	878	1129
AT3G03060	235	302	236	196	230	273
AT3G03070	2308	2656	2747	2949	2645	3123
AT3G03080	0	1	0	4	3	6
AT3G03090	614	611	752	788	722	862
AT3G03100	3162	3398	3565	3607	3581	4021
AT3G03110	620	588	527	344	336	604
AT3G03120	376	398	412	628	489	589
AT3G03130	146	267	187	54	110	85
AT3G03140	471	473	445	247	324	449
AT3G03150	2932	3491	3563	3132	2870	2910
AT3G03160	1164	1189	1240	2604	1850	2834
AT3G03170	13	17	22	35	28	43
AT3G03180	94	122	115	191	143	171
AT3G03190	922	739	1062	656	747	770
AT3G03200	26	29	24	18	12	16
AT3G03210	281	294	279	307	259	316
AT3G03220	491	702	633	396	574	504
AT3G03230	1	2	5	1	0	4
AT3G03240	8	2	3	8	3	15
AT3G03250	5183	6295	6770	5385	5428	7111
AT3G03260	0	3	0	0	1	2
AT3G03270	727	777	906	987	921	927
AT3G03272	3	5	5	1	3	2
AT3G03280	0	1	1	7	2	2
AT3G03290	0	0	1	0	0	1
AT3G03300	806	769	746	523	496	965
AT3G03305	709	637	730	678	602	879
AT3G03310	350	329	483	1034	548	1205
AT3G03320	249	320	301	231	291	274
AT3G03330	699	720	685	844	767	1239
AT3G03340	776	915	784	545	556	1091
AT3G03341	48	15	89	362	104	311
AT3G03350	218	216	191	155	177	262
AT3G03360	313	348	289	283	222	431
AT3G03370	79	100	100	91	91	106
AT3G03380	2527	2412	2428	2509	2457	3984
AT3G03400	0	0	0	1	0	6
AT3G03405	0	0	0	0	0	1
AT3G03420	469	558	505	568	511	734
AT3G03430	0	6	0	10	5	10
AT3G03440	269	241	253	654	434	790
AT3G03450	633	728	705	563	822	677
AT3G03456	0	0	0	0	0	1
AT3G03460	152	195	172	34	78	105
AT3G03470	883	671	1695	6585	2332	5633
AT3G03480	40	39	97	384	130	332
AT3G03490	480	481	556	465	385	623
AT3G03500	2	4	1	0	0	0
AT3G03510	1	0	0	0	0	1
AT3G03520	345	382	425	238	268	324
AT3G03530	30	38	30	102	72	189
AT3G03540	0	19	0	2	6	0
AT3G03550	388	490	533	528	397	581
AT3G03560	1103	1006	980	1143	849	1752
AT3G03570	551	529	514	472	448	601
AT3G03580	94	87	89	45	72	153
AT3G03590	107	175	129	258	184	262
AT3G03600	634	759	789	682	650	814
AT3G03610	310	278	357	425	313	548
AT3G03620	2	0	6	2	2	5
AT3G03630	679	633	653	294	419	367
AT3G03640	581	668	1086	1296	679	1920
AT3G03650	10	12	9	13	10	16
AT3G03660	0	0	1	1	1	1
AT3G03670	0	0	0	0	2	0
AT3G03680	467	510	392	287	446	477
AT3G03690	286	386	343	270	338	357
AT3G03700	51	53	49	41	33	83
AT3G03702	55	62	64	42	42	87
AT3G03710	3725	3709	3289	1373	1942	3017
AT3G03720	1260	1103	1343	2017	1466	1944
AT3G03726	0	0	2	0	0	0
AT3G03740	886	968	1089	1494	1132	2152
AT3G03750	206	217	256	281	209	309
AT3G03760	22	0	5	10	8	12
AT3G03770	3757	4072	4124	2018	2380	2392
AT3G03773	256	257	268	428	342	586
AT3G03776	34	44	34	16	34	30
AT3G03780	23146	25424	25443	10562	15694	13671
AT3G03790	2105	1962	1943	1653	1586	2841
AT3G03800	4	3	1	9	1	23
AT3G03810	779	726	695	752	647	936
AT3G03820	476	617	500	194	326	170
AT3G03830	70	59	89	25	34	23
AT3G03840	126	198	185	47	97	51
AT3G03845	0	0	1	0	3	0
AT3G03847	0	0	0	3	0	1
AT3G03850	176	191	194	82	97	70
AT3G03860	1165	1260	1493	1536	1353	1479
AT3G03870	542	529	684	1673	1035	1273
AT3G03880	461	448	476	489	405	580
AT3G03890	1360	1625	1647	1997	1664	2774
AT3G03900	357	385	364	357	367	470
AT3G03910	112	97	120	31	48	47
AT3G03920	3513	4342	3778	2595	2968	2434
AT3G03930	5	0	3	0	0	10
AT3G03940	2730	2961	2813	2685	2510	3436
AT3G03950	1095	1207	1175	871	809	1238
AT3G03960	3471	4324	3712	1713	2499	2470
AT3G03970	166	167	150	106	89	182
AT3G03980	323	504	518	545	570	573
AT3G03990	2946	3177	3858	5738	3381	5584
AT3G04000	342	344	563	859	412	596
AT3G04010	27	14	88	220	65	357
AT3G04020	74	84	83	111	89	145
AT3G04030	316	315	245	142	113	231
AT3G04040	52	69	94	175	105	147
AT3G04050	17	18	23	39	36	37
AT3G04060	58	29	48	325	136	334
AT3G04070	25	18	118	270	88	497
AT3G04080	1146	1222	1301	1453	1168	1585
AT3G04090	2195	2290	2607	3713	2798	4045
AT3G04100	0	0	2	0	0	0
AT3G04110	407	319	418	426	343	608
AT3G04120	25006	26362	30664	25345	25150	27719
AT3G04130	246	194	188	237	191	384
AT3G04140	1859	1875	1923	1744	1619	1341
AT3G04150	0	0	0	30	6	39
AT3G04160	261	257	180	92	97	204
AT3G04170	0	0	0	4	0	3
AT3G04181	15	14	15	48	20	35
AT3G04184	10	19	14	32	13	30
AT3G04190	0	0	0	0	0	2
AT3G04200	2	0	0	48	9	101
AT3G04210	3400	3100	2592	4006	2674	4213
AT3G04220	42	9	29	248	73	292
AT3G04230	380	411	434	593	464	581
AT3G04240	2732	2854	3035	2768	2470	4174
AT3G04250	0	0	0	3	0	0
AT3G04260	2690	2961	2562	849	1188	1760
AT3G04290	3116	3601	2696	1103	2663	1779
AT3G04300	26	13	26	14	21	15
AT3G04310	437	498	481	457	409	499
AT3G04320	3	21	13	4	1	21
AT3G04330	0	0	0	13	3	6
AT3G04340	4949	5037	3885	1408	1960	4653
AT3G04350	696	681	668	963	812	1343
AT3G04360	0	4	1	9	2	6
AT3G04370	2	0	0	2	1	1
AT3G04380	128	122	144	82	85	115
AT3G04400	19340	21095	20040	17335	17852	17328
AT3G04410	0	2	0	9	3	23
AT3G04420	67	49	53	54	33	40
AT3G04440	80	78	68	82	64	173
AT3G04450	312	308	285	235	198	315
AT3G04460	436	461	493	606	489	787
AT3G04470	1844	1985	1977	2855	2301	4694
AT3G04480	1841	1657	1586	1267	1364	1964
AT3G04485	110	134	104	148	127	156
AT3G04490	1085	934	958	919	853	1179
AT3G04500	912	1108	1012	710	686	908
AT3G04510	79	104	101	44	90	76
AT3G04520	1205	1365	1199	892	949	1148
AT3G04530	2	3	2	28	11	24
AT3G04545	0	0	0	0	0	1
AT3G04550	4720	6185	6030	3609	5291	2885
AT3G04560	331	378	397	474	410	756
AT3G04570	6	0	3	5	3	2
AT3G04580	692	596	634	425	451	824
AT3G04590	2293	2833	2767	2649	2261	2603
AT3G04600	1536	1738	1698	1492	1486	1808
AT3G04610	1411	1622	1438	658	917	1148
AT3G04620	67	89	97	71	45	81
AT3G04630	670	866	854	248	542	461
AT3G04640	205	141	262	1599	429	1609
AT3G04650	1335	1423	1372	710	963	874
AT3G04660	0	0	0	5	2	6
AT3G04670	714	774	842	752	654	905
AT3G04680	558	674	555	358	457	613
AT3G04690	123	143	127	75	103	154
AT3G04700	35	48	35	34	25	44
AT3G04710	723	867	730	403	466	646
AT3G04720	1216	4774	5323	5210	1540	4104
AT3G04721	0	0	0	0	0	1
AT3G04730	3867	4116	3909	3171	3269	3037
AT3G04735	0	1	0	0	0	0
AT3G04740	1553	1408	1333	675	876	1246
AT3G04750	293	294	298	233	220	492
AT3G04760	1857	1999	1742	894	1058	1499
AT3G04765	0	0	0	1	0	0
AT3G04770	565	712	562	214	340	313
AT3G04780	710	805	823	1079	836	1192
AT3G04790	21284	25090	26230	16957	21913	13419
AT3G04800	3	13	4	22	12	31
AT3G04810	959	1088	942	339	661	628
AT3G04820	400	415	369	122	219	242
AT3G04830	1989	2430	2376	2341	2005	2367
AT3G04840	14834	18553	17355	9124	12647	10354
AT3G04850	107	135	95	35	85	104
AT3G04854	11	7	6	9	4	16
AT3G04855	0	1	0	0	0	3
AT3G04860	164	164	198	252	176	234
AT3G04870	8475	9215	9444	4056	5507	6108
AT3G04880	843	972	1146	1564	1308	1733
AT3G04890	651	812	883	991	884	815
AT3G04900	2	3	1	18	12	22
AT3G04903	0	0	0	0	0	3
AT3G04910	904	1066	1121	1019	975	1592
AT3G04920	6584	8231	7632	4731	5229	5077
AT3G04930	1094	1099	1103	1839	1291	2235
AT3G04940	1706	1902	1819	1205	1465	1608
AT3G04943	0	0	0	3	1	5
AT3G04945	0	0	0	2	0	0
AT3G04950	132	170	160	91	123	161
AT3G04960	89	133	87	51	86	85
AT3G04970	289	288	288	376	283	444
AT3G04980	118	175	123	41	74	136
AT3G04997	0	0	0	0	0	1
AT3G05000	862	945	1027	1127	1001	1118
AT3G05010	519	545	607	912	659	945
AT3G05020	595	751	643	376	534	471
AT3G05030	1158	1419	1482	1784	1497	1800
AT3G05040	686	692	576	460	500	695
AT3G05050	987	978	1107	840	741	1031
AT3G05060	2510	3304	2566	1135	1522	1741
AT3G05070	1034	1277	1254	1032	1000	1224
AT3G05080	30	44	40	54	57	68
AT3G05090	1554	1614	1624	1831	1627	2357
AT3G05100	859	967	921	845	797	1008
AT3G05110	0	3	2	7	6	15
AT3G05120	405	447	573	1064	619	1359
AT3G05130	139	197	152	31	83	93
AT3G05140	31	29	31	4	12	12
AT3G05150	6	12	5	5	4	7
AT3G05152	5	6	8	2	12	5
AT3G05155	0	0	2	0	0	1
AT3G05160	477	488	504	570	475	577
AT3G05165	2005	1849	2605	3539	2276	3497
AT3G05170	137	155	132	181	93	213
AT3G05180	791	773	799	415	558	488
AT3G05190	170	170	164	98	137	130
AT3G05200	287	260	346	862	536	695
AT3G05210	618	673	641	827	648	1057
AT3G05220	3382	3612	3228	2735	2816	4459
AT3G05230	383	409	382	577	463	682
AT3G05240	20	20	22	15	12	26
AT3G05250	211	199	232	369	276	417
AT3G05260	2	4	2	17	4	21
AT3G05270	970	1052	982	365	423	909
AT3G05280	988	1092	1173	1338	1028	1454
AT3G05290	505	442	552	1178	767	1584
AT3G05310	0	1	2	4	0	4
AT3G05320	348	400	467	392	203	346
AT3G05327	23	33	34	29	23	29
AT3G05330	177	240	181	67	110	106
AT3G05340	132	133	101	83	72	83
AT3G05345	1080	1139	1135	972	815	1045
AT3G05350	2821	2981	3017	2136	2549	3071
AT3G05360	93	51	101	215	143	334
AT3G05370	295	371	279	153	144	243
AT3G05380	481	427	388	257	281	669
AT3G05390	6	9	19	31	9	43
AT3G05400	45	82	51	122	49	138
AT3G05410	954	1043	1064	760	875	782
AT3G05420	1972	2380	2189	1118	1563	2055
AT3G05425	0	0	0	0	0	5
AT3G05430	143	183	164	108	123	189
AT3G05450	0	2	0	0	0	0
AT3G05470	257	318	191	59	141	146
AT3G05480	49	63	52	23	33	30
AT3G05490	1043	1342	1445	985	923	806
AT3G05500	1340	1178	1624	4041	1818	4088
AT3G05510	232	284	274	325	220	492
AT3G05520	822	952	951	672	751	884
AT3G05530	3952	4432	4500	4684	4401	7260
AT3G05540	0	0	0	0	0	3
AT3G05545	2089	2306	2441	3675	2980	4130
AT3G05550	12	15	23	22	34	45
AT3G05560	8737	9966	9533	5551	6510	6299
AT3G05570	301	347	374	417	300	509
AT3G05580	363	349	380	633	401	764
AT3G05590	14245	17634	16420	8947	11621	10311
AT3G05600	315	398	358	148	305	155
AT3G05610	1	0	1	2	0	2
AT3G05620	36	52	40	15	21	21
AT3G05625	933	1087	1083	535	829	551
AT3G05630	124	98	225	289	170	1010
AT3G05640	201	219	571	1062	580	1441
AT3G05650	445	461	365	901	628	1528
AT3G05660	56	65	63	157	105	242
AT3G05670	1231	1299	1152	443	549	1129
AT3G05675	159	168	151	123	131	149
AT3G05680	1803	1565	1431	901	977	1819
AT3G05685	80	74	63	101	67	71
AT3G05690	219	204	176	472	251	435
AT3G05700	470	511	535	730	556	741
AT3G05710	753	754	737	719	593	951
AT3G05720	2	3	3	6	7	12
AT3G05725	0	1	0	0	0	0
AT3G05727	221	68	163	48	128	107
AT3G05730	2200	3368	2288	661	1229	543
AT3G05740	103	145	95	35	65	60
AT3G05746	0	0	0	0	1	0
AT3G05750	809	922	834	287	359	578
AT3G05760	752	859	850	1023	793	1404
AT3G05770	0	2	13	4	3	10
AT3G05780	0	1	0	0	0	1
AT3G05790	77	94	39	48	37	53
AT3G05800	80	93	98	112	91	143
AT3G05810	459	508	476	731	579	856
AT3G05820	16	12	21	15	10	30
AT3G05830	315	297	294	254	192	403
AT3G05840	4687	5221	6381	5330	4383	5417
AT3G05858	7	6	6	0	6	1
AT3G05870	125	119	115	228	161	241
AT3G05880	1038	1092	1274	1320	951	1505
AT3G05890	69	97	77	68	49	55
AT3G05900	5182	5701	4335	523	956	1393
AT3G05905	5202	5722	4352	531	965	1418
AT3G05910	2654	3661	3660	2674	2429	3475
AT3G05920	0	1	0	0	0	0
AT3G05930	200	175	137	199	140	316
AT3G05932	275	259	205	274	202	429
AT3G05935	304	238	292	433	269	409
AT3G05936	183	190	208	308	214	230
AT3G05937	87	71	93	259	147	200
AT3G05940	334	369	414	370	349	501
AT3G05950	1	0	3	1	0	0
AT3G05960	0	34	0	2	5	1
AT3G05970	1661	1489	1746	2917	1834	3670
AT3G05980	47	29	58	32	38	51
AT3G05990	593	554	520	495	518	413
AT3G06010	1118	1190	1043	586	668	827
AT3G06019	0	0	0	0	0	1
AT3G06020	148	239	193	94	140	97
AT3G06030	217	278	212	95	169	133
AT3G06035	741	1009	886	534	788	819
AT3G06040	1183	1488	1404	923	1001	1091
AT3G06050	2388	2839	3025	4212	3568	5212
AT3G06060	826	903	840	666	652	747
AT3G06070	933	1116	836	475	560	388
AT3G06080	2204	2125	1954	1761	1469	2027
AT3G06090	4	3	3	0	4	2
AT3G06100	25	79	26	29	51	54
AT3G06110	543	677	585	875	603	1157
AT3G06120	71	59	54	14	36	22
AT3G06125	3833	4036	4260	4151	3425	3459
AT3G06130	1574	1905	1295	1117	1509	1616
AT3G06140	246	287	301	91	162	96
AT3G06145	790	1043	1125	912	854	553
AT3G06150	1243	1455	1280	1268	1141	1130
AT3G06160	131	157	120	50	101	95
AT3G06170	1398	1378	1394	2468	1850	2184
AT3G06180	225	318	256	278	235	208
AT3G06190	1092	1333	1296	1843	1360	2068
AT3G06200	778	891	927	918	851	964
AT3G06210	232	261	225	256	289	607
AT3G06220	101	134	88	32	80	48
AT3G06240	362	418	425	326	391	562
AT3G06250	891	867	795	411	543	654
AT3G06260	5	4	2	16	15	19
AT3G06270	408	460	447	420	439	499
AT3G06280	0	0	0	3	0	1
AT3G06290	965	937	764	349	385	957
AT3G06300	499	529	576	932	800	1092
AT3G06310	885	1144	1169	1158	1148	1181
AT3G06320	383	484	468	423	409	467
AT3G06330	1155	1248	1212	893	948	941
AT3G06340	666	670	650	389	467	726
AT3G06350	4363	4643	4654	2404	2804	3076
AT3G06360	27	62	44	20	22	14
AT3G06370	249	314	240	117	176	128
AT3G06380	915	974	1034	1234	885	1420
AT3G06390	5	2	3	6	0	1
AT3G06400	3155	3019	2725	934	1207	2240
AT3G06410	1212	1402	1548	1388	1344	1471
AT3G06420	322	245	481	663	390	775
AT3G06430	967	867	905	467	552	949
AT3G06435	59	54	59	58	45	65
AT3G06440	524	520	546	386	469	633
AT3G06450	740	942	842	753	707	1200
AT3G06455	101	112	96	155	141	263
AT3G06460	1	0	0	0	0	3
AT3G06470	546	630	647	955	728	948
AT3G06480	1352	1358	1136	1022	1005	1589
AT3G06483	2218	2363	2416	2690	2289	2908
AT3G06490	12	5	30	55	12	90
AT3G06500	789	728	1666	2201	1228	4115
AT3G06510	7602	8502	8735	7342	7425	8963
AT3G06520	132	141	124	120	102	185
AT3G06530	1936	1696	1308	463	590	1157
AT3G06540	603	640	618	896	600	1119
AT3G06545	1	0	0	10	3	20
AT3G06550	4988	5967	7151	4775	5280	4052
AT3G06560	0	2	1	2	0	1
AT3G06570	494	552	555	529	552	588
AT3G06580	1479	1623	1611	1131	1232	1649
AT3G06590	794	971	996	828	869	732
AT3G06600	9	14	23	7	13	16
AT3G06610	1140	1366	1434	1094	1156	1100
AT3G06620	690	627	711	688	643	1086
AT3G06630	41	61	25	14	26	49
AT3G06640	14	22	14	6	6	25
AT3G06650	5619	6604	6155	4427	5267	7294
AT3G06660	500	538	548	454	458	666
AT3G06670	2505	2623	2534	1740	1844	2764
AT3G06680	2128	2567	2088	1088	1538	1061
AT3G06690	99	118	106	121	68	167
AT3G06700	7607	9862	8919	5689	6809	6057
AT3G06710	13	17	18	26	15	54
AT3G06720	2735	2778	2834	2928	2695	3670
AT3G06730	1344	1516	1411	1098	1103	1382
AT3G06740	471	611	477	266	328	253
AT3G06750	1572	2174	1814	953	1305	739
AT3G06760	934	1052	1113	1053	860	1053
AT3G06770	1049	1313	1185	601	675	498
AT3G06778	91	102	73	33	49	66
AT3G06780	732	726	928	1325	888	1074
AT3G06790	553	662	626	635	622	636
AT3G06810	1140	1133	1577	1357	1069	2334
AT3G06820	559	614	568	448	489	574
AT3G06830	40	52	60	89	59	120
AT3G06840	137	181	157	45	113	49
AT3G06850	580	633	644	556	596	626
AT3G06860	2005	1818	2309	3677	2693	5167
AT3G06868	430	566	503	514	581	578
AT3G06870	278	396	335	380	426	406
AT3G06880	1745	1787	1397	214	431	585
AT3G06890	73	49	61	117	80	85
AT3G06900	2	1	0	4	0	3
AT3G06910	301	272	256	184	188	216
AT3G06920	245	225	216	150	147	354
AT3G06930	897	1022	997	465	598	536
AT3G06950	715	925	823	654	732	735
AT3G06960	693	693	709	1358	896	1619
AT3G06962	4	2	2	1	0	0
AT3G06970	0	0	1	0	0	0
AT3G06980	4452	4904	4332	1401	2378	2197
AT3G06985	2	7	1	0	2	3
AT3G06990	15	18	21	15	1	26
AT3G07000	24	26	36	12	7	19
AT3G07005	0	0	0	1	0	3
AT3G07010	759	881	747	558	732	555
AT3G07020	899	954	976	738	759	1116
AT3G07025	0	0	0	0	1	1
AT3G07030	819	869	668	788	772	1040
AT3G07040	451	373	399	219	255	425
AT3G07050	1777	2377	1771	386	768	894
AT3G07060	244	302	233	150	145	206
AT3G07070	2	3	0	0	1	3
AT3G07080	183	212	214	367	274	506
AT3G07090	3060	3108	3858	2692	2269	2786
AT3G07100	3384	3067	2902	3343	2946	4386
AT3G07110	5695	6892	6801	4490	5859	5064
AT3G07115	0	0	0	0	0	5
AT3G07120	11	24	10	4	10	10
AT3G07130	142	211	168	121	151	125
AT3G07140	930	1016	1082	994	974	1328
AT3G07150	39	31	34	35	32	58
AT3G07160	5103	4088	3857	2337	2318	4889
AT3G07170	1276	1604	1476	1066	1098	1405
AT3G07180	1229	1483	1184	1131	1063	1728
AT3G07190	229	354	302	200	250	218
AT3G07195	218	134	133	412	274	404
AT3G07200	228	251	244	322	239	355
AT3G07210	274	368	337	104	153	206
AT3G07215	332	285	290	208	229	280
AT3G07220	1028	1129	1120	1030	987	1385
AT3G07230	3723	4866	4731	3610	3403	3587
AT3G07250	13	11	23	21	21	34
AT3G07260	12	20	16	10	15	11
AT3G07270	2546	2448	2763	2164	2141	2317
AT3G07273	39	70	59	33	31	60
AT3G07290	55	61	47	51	57	132
AT3G07300	977	1039	1007	1023	931	1171
AT3G07310	2854	2880	3150	2575	2570	2684
AT3G07320	420	580	553	316	604	475
AT3G07330	1468	1499	1463	1586	1357	2103
AT3G07340	511	494	501	415	317	364
AT3G07350	107	164	193	537	378	426
AT3G07360	2195	2375	2253	1768	1626	2117
AT3G07370	508	515	596	528	491	617
AT3G07380	0	0	2	2	1	4
AT3G07390	3357	4072	3519	6560	5569	6290
AT3G07400	812	883	748	500	605	785
AT3G07410	426	541	577	518	557	751
AT3G07420	303	324	241	99	119	147
AT3G07425	0	2	1	2	0	0
AT3G07430	3021	3652	3568	1849	2750	2011
AT3G07440	249	359	302	283	291	264
AT3G07450	68	69	29	5	20	10
AT3G07460	2536	3045	3279	2802	2336	3504
AT3G07470	2555	3042	3397	3836	2581	4376
AT3G07480	2954	3484	3544	5077	4056	5598
AT3G07500	108	156	153	160	129	126
AT3G07510	363	448	397	256	357	282
AT3G07520	302	195	199	493	316	1057
AT3G07522	1	1	0	0	0	1
AT3G07525	128	144	156	347	214	374
AT3G07530	106	123	126	56	53	110
AT3G07540	633	903	582	194	366	321
AT3G07550	364	375	467	443	387	543
AT3G07560	3562	3604	3856	6449	4294	6536
AT3G07565	563	664	659	863	719	920
AT3G07568	843	940	913	986	966	1036
AT3G07570	348	357	396	931	586	927
AT3G07580	141	120	139	375	280	391
AT3G07590	347	387	336	731	464	743
AT3G07600	13	14	4	78	37	73
AT3G07610	912	813	752	399	493	847
AT3G07620	6	4	5	1	1	3
AT3G07630	876	919	941	830	843	971
AT3G07640	411	538	542	1142	773	1424
AT3G07650	116	135	132	363	199	750
AT3G07660	1942	2225	1994	1497	1621	2170
AT3G07670	1691	1759	1692	1092	1301	1258
AT3G07680	1355	1428	1552	2647	1915	3388
AT3G07690	296	290	247	359	333	448
AT3G07700	6706	5683	6759	6487	5439	8987
AT3G07710	0	0	0	0	1	1
AT3G07720	2002	2226	2396	4122	3447	4715
AT3G07730	93	77	101	133	57	195
AT3G07740	412	475	416	222	260	430
AT3G07750	331	442	399	235	261	247
AT3G07760	764	863	874	1269	905	1381
AT3G07770	4014	4590	3953	1228	1530	2339
AT3G07780	1673	1633	1711	1881	1435	2422
AT3G07790	1293	1334	1537	1756	1448	2370
AT3G07800	603	649	661	532	537	562
AT3G07810	1877	1890	2011	2111	1879	2454
AT3G07820	0	31	0	1	1	1
AT3G07830	1	0	0	0	0	4
AT3G07850	10	330	3	1	16	0
AT3G07860	241	317	223	283	227	367
AT3G07870	465	458	544	1217	682	1215
AT3G07880	1330	1588	1397	1832	1603	2210
AT3G07890	786	929	948	881	860	1154
AT3G07900	2	3	2	1	3	9
AT3G07910	1728	1860	1980	2206	1942	2192
AT3G07920	1	4	0	1	3	2
AT3G07930	222	199	198	166	179	249
AT3G07940	609	747	821	560	578	623
AT3G07950	817	902	1004	1166	912	1097
AT3G07960	112	90	77	39	56	62
AT3G07970	6	11	9	9	5	31
AT3G07980	542	505	456	268	289	461
AT3G07990	455	491	549	376	389	502
AT3G08000	63	102	97	126	97	123
AT3G08010	1997	2188	2372	1493	1740	1614
AT3G08020	866	841	784	507	515	908
AT3G08030	2508	3376	3163	2154	2701	1971
AT3G08040	24	14	23	13	16	34
AT3G08490	13	9	18	7	4	17
AT3G08500	26	22	28	9	26	31
AT3G08505	479	571	584	436	444	468
AT3G08510	2630	2248	2476	2150	2228	2621
AT3G08520	5653	6616	6266	4129	4231	3838
AT3G08530	9542	8882	8268	5547	5527	12739
AT3G08550	950	1114	1123	1477	1292	1759
AT3G08560	0	21	2	33	18	85
AT3G08570	46	110	60	127	98	231
AT3G08580	37031	42264	44292	46706	42227	51083
AT3G08590	6392	7290	8381	7962	7853	10914
AT3G08600	873	1107	1087	522	774	513
AT3G08610	4960	5801	6243	7670	6127	7582
AT3G08620	442	427	405	388	367	451
AT3G08630	463	524	533	713	613	861
AT3G08636	0	1	0	2	0	0
AT3G08640	2244	2505	2928	3317	2771	3687
AT3G08650	2467	2571	2634	4100	3320	4532
AT3G08660	173	178	168	148	123	174
AT3G08670	507	742	586	389	476	593
AT3G08680	1904	2306	1952	1106	1556	1380
AT3G08690	867	972	1029	2235	1341	2075
AT3G08700	1	2	7	12	11	10
AT3G08710	517	533	578	885	591	857
AT3G08720	188	128	253	1128	483	1667
AT3G08730	7572	8280	8627	8860	6714	10734
AT3G08740	7668	8970	8897	4288	6333	4305
AT3G08750	1	1	0	20	0	18
AT3G08760	336	317	410	1076	561	1116
AT3G08770	3208	4254	4134	1346	4286	1702
AT3G08780	509	591	560	698	639	772
AT3G08790	3	2	2	1	0	2
AT3G08800	107	92	100	116	115	163
AT3G08810	3	6	9	8	5	14
AT3G08820	35	26	36	38	31	62
AT3G08840	1073	1027	911	945	933	1233
AT3G08850	3508	3080	2661	2657	2686	3481
AT3G08860	76	25	289	1123	366	1452
AT3G08870	264	161	173	543	310	728
AT3G08880	52	86	86	122	89	166
AT3G08890	328	354	329	433	358	580
AT3G08900	23	12	6	60	37	73
AT3G08910	472	507	450	423	443	562
AT3G08920	1521	1939	1748	1666	1896	1412
AT3G08930	2266	2246	2450	1953	2031	2182
AT3G08940	84031	111825	105990	120951	132070	82685
AT3G08943	1753	1827	1522	1647	1682	3295
AT3G08947	308	322	336	418	405	755
AT3G08950	334	335	445	342	312	435
AT3G08960	1089	1070	1042	620	730	1072
AT3G08970	346	201	345	400	310	706
AT3G08980	146	200	175	141	144	156
AT3G08990	146	176	173	427	240	449
AT3G09000	594	744	621	767	680	881
AT3G09010	247	180	202	353	259	357
AT3G09020	83	74	75	307	153	276
AT3G09030	468	537	544	917	743	1039
AT3G09032	14	21	17	39	30	25
AT3G09035	489	477	459	489	465	548
AT3G09040	50	32	26	38	27	68
AT3G09050	1159	1396	1313	601	747	769
AT3G09060	45	36	41	17	29	61
AT3G09070	463	650	471	350	409	520
AT3G09080	27	29	14	19	24	54
AT3G09085	286	306	316	433	345	485
AT3G09090	1995	2044	2107	1619	1590	2151
AT3G09100	1592	1393	1413	1452	1356	1933
AT3G09120	1	0	0	0	0	0
AT3G09130	0	1	0	0	0	0
AT3G09150	488	663	572	328	373	529
AT3G09160	187	220	180	178	164	176
AT3G09162	107	109	131	187	126	150
AT3G09180	587	578	627	973	733	1036
AT3G09190	80	110	90	64	60	69
AT3G09200	19204	22326	21668	18485	19076	25919
AT3G09210	3472	3838	3814	1823	2549	2271
AT3G09220	17	31	82	22	16	55
AT3G09230	157	204	190	144	162	196
AT3G09240	14	15	8	9	9	18
AT3G09250	803	837	1075	1107	868	1297
AT3G09260	980	418	3114	827	803	2982
AT3G09270	60	40	155	420	169	328
AT3G09280	2	1	0	3	12	6
AT3G09300	1510	1707	1698	1442	1457	2036
AT3G09310	129	154	163	164	154	179
AT3G09320	426	463	520	843	631	1020
AT3G09330	8	8	11	8	3	6
AT3G09340	1	1	0	1	0	0
AT3G09350	976	778	1199	854	627	1077
AT3G09360	320	365	284	189	186	367
AT3G09370	264	259	261	315	185	370
AT3G09380	0	0	0	1	0	0
AT3G09390	13898	16249	29265	67730	29245	69436
AT3G09400	2	0	0	17	2	54
AT3G09405	73	62	76	305	106	378
AT3G09410	677	779	805	790	716	1167
AT3G09430	19	25	39	139	39	180
AT3G09440	37592	35497	44332	21224	19723	32259
AT3G09450	982	846	974	359	537	394
AT3G09470	1260	1284	1389	2286	1823	2859
AT3G09480	72	101	109	90	81	95
AT3G09490	119	79	98	244	138	286
AT3G09500	14001	16583	16819	12614	13581	14096
AT3G09505	0	0	0	0	0	1
AT3G09510	1	0	0	0	0	0
AT3G09520	269	271	324	421	339	574
AT3G09530	0	1	1	0	1	2
AT3G09540	344	386	429	377	457	336
AT3G09550	33	38	60	37	42	52
AT3G09560	1089	1201	1194	758	792	1457
AT3G09570	1115	1260	1373	2001	1614	2248
AT3G09580	1622	1639	1550	1039	1167	1065
AT3G09585	0	0	0	0	0	1
AT3G09590	51	46	61	27	36	21
AT3G09595	39	56	56	22	47	30
AT3G09600	3271	3535	3142	2386	2179	2846
AT3G09620	2	3	3	6	2	3
AT3G09630	12835	15950	14762	7910	10115	9037
AT3G09640	3	4	6	49	24	85
AT3G09650	2160	2131	1888	1159	1510	1699
AT3G09660	85	127	76	76	70	101
AT3G09670	439	502	371	143	248	431
AT3G09680	18	29	18	18	18	11
AT3G09690	493	601	481	401	446	650
AT3G09700	326	418	347	485	377	569
AT3G09710	231	318	281	120	175	236
AT3G09720	442	540	414	229	248	369
AT3G09730	80	103	86	36	70	71
AT3G09735	1037	1128	1120	1794	1321	1916
AT3G09740	2265	2520	2370	2881	2204	3253
AT3G09750	0	0	1	23	4	35
AT3G09760	557	551	633	657	531	656
AT3G09770	1316	1445	1516	1725	1328	1852
AT3G09780	60	70	62	32	35	30
AT3G09790	11	8	11	12	19	30
AT3G09800	294	300	318	221	276	267
AT3G09810	1226	1281	1403	1696	1412	2026
AT3G09820	9577	10875	11298	5002	7621	6832
AT3G09830	665	434	656	1546	965	1695
AT3G09840	16931	16251	18312	13508	14971	23742
AT3G09850	2229	2168	2044	1306	1426	2397
AT3G09860	4403	5283	5295	5165	5095	5168
AT3G09863	1	0	0	4	5	10
AT3G09870	31	21	25	73	64	59
AT3G09880	690	721	649	985	766	1165
AT3G09890	467	493	518	487	498	570
AT3G09900	672	753	677	1049	811	1374
AT3G09910	45	59	110	96	60	175
AT3G09920	2063	2079	1833	1066	1132	1832
AT3G09922	3	0	7	25	3	33
AT3G09925	0	0	0	1	0	2
AT3G09930	0	2	1	0	1	0
AT3G09940	113	10	84	2320	697	3055
AT3G09950	1	1	1	74	15	92
AT3G09960	9	2	9	104	45	122
AT3G09970	1168	1340	1332	1309	1061	1525
AT3G09980	3070	3467	3169	2611	2296	3027
AT3G10000	42	42	67	6	22	16
AT3G10010	466	476	292	113	134	436
AT3G10015	0	0	0	0	0	2
AT3G10020	194	137	226	1561	703	1623
AT3G10030	743	703	717	837	708	1106
AT3G10040	235	168	285	106	168	135
AT3G10050	2694	3127	3088	1329	1934	1414
AT3G10060	4343	5161	5004	4165	4835	3456
AT3G10070	236	381	281	192	259	336
AT3G10080	569	748	694	501	634	584
AT3G10090	778	934	765	782	706	633
AT3G10110	138	192	139	139	169	184
AT3G10113	29	53	55	40	34	49
AT3G10116	2	0	1	1	3	1
AT3G10120	77	94	83	122	106	183
AT3G10130	1303	1478	1492	1840	1643	2064
AT3G10140	500	545	506	267	341	555
AT3G10150	598	725	650	469	555	427
AT3G10160	2313	2518	2379	1021	1423	1393
AT3G10180	97	135	61	18	34	73
AT3G10185	136	129	115	42	97	28
AT3G10190	268	316	339	702	656	862
AT3G10195	0	0	0	0	1	0
AT3G10200	77	94	84	110	96	205
AT3G10210	527	577	599	1001	756	1018
AT3G10220	587	685	649	683	608	815
AT3G10230	6035	6295	6635	5853	5722	6353
AT3G10240	0	0	1	1	1	1
AT3G10250	465	432	478	842	537	1059
AT3G10260	1206	1118	1312	1700	1331	1921
AT3G10270	2534	2816	2576	1081	1629	1832
AT3G10280	13	18	13	7	9	12
AT3G10290	16	26	31	3	15	14
AT3G10300	263	245	397	1016	387	1040
AT3G10310	139	163	135	26	52	58
AT3G10320	44	33	54	332	111	426
AT3G10330	632	719	744	543	644	734
AT3G10340	261	337	244	187	183	336
AT3G10350	2685	2896	2861	2767	2596	3064
AT3G10360	1133	1200	1155	758	977	1169
AT3G10370	1288	1444	1471	1602	1387	1856
AT3G10380	2864	2629	2623	1465	1551	2911
AT3G10390	569	699	567	449	407	677
AT3G10400	225	251	278	435	315	425
AT3G10405	1244	1751	1539	1074	1151	1271
AT3G10410	1160	1401	1593	1879	1595	2962
AT3G10420	6511	6585	7706	7459	7067	8309
AT3G10430	0	2	0	6	0	10
AT3G10439	0	0	0	1	0	1
AT3G10440	298	337	255	87	136	275
AT3G10450	1154	1164	1203	985	797	1190
AT3G10460	0	0	0	1	0	1
AT3G10470	6	10	6	8	13	10
AT3G10480	883	989	1016	874	888	1242
AT3G10490	1096	1201	971	604	726	1180
AT3G10500	354	305	451	728	426	971
AT3G10510	0	2	4	10	2	10
AT3G10520	1154	1601	1360	891	1359	839
AT3G10525	1907	2423	2481	2180	2030	1856
AT3G10530	554	721	586	182	288	390
AT3G10540	527	608	615	415	470	620
AT3G10550	527	517	547	394	423	688
AT3G10560	9	4	11	4	12	8
AT3G10570	503	563	446	239	600	245
AT3G10572	405	423	427	517	412	713
AT3G10580	3	3	0	0	3	4
AT3G10590	12	20	12	16	17	21
AT3G10595	0	0	0	3	2	1
AT3G10600	33	44	27	14	17	16
AT3G10610	1566	2077	1734	811	1114	966
AT3G10620	1051	1434	1224	1165	1227	1220
AT3G10630	401	485	447	475	464	761
AT3G10640	607	628	700	952	635	1113
AT3G10650	2312	2383	1922	988	1363	1828
AT3G10660	104	108	116	88	92	174
AT3G10670	3037	3530	3597	2397	3060	2441
AT3G10680	68	95	61	11	22	22
AT3G10690	1233	1425	1063	490	756	858
AT3G10700	472	655	597	350	470	490
AT3G10710	0	0	1	0	0	2
AT3G10720	3074	3391	3604	1336	2267	1519
AT3G10730	573	711	644	999	775	1294
AT3G10740	2031	2233	1878	1611	1377	1788
AT3G10745	4	3	8	8	9	16
AT3G10750	0	1	0	5	1	7
AT3G10760	1284	1667	1660	1137	1131	1322
AT3G10770	2045	2260	2433	2126	1995	2554
AT3G10780	1	3	4	2	1	0
AT3G10790	0	0	1	2	1	0
AT3G10800	980	969	1122	1283	1039	1766
AT3G10810	985	1112	1115	972	1091	1328
AT3G10815	55	9	81	187	66	196
AT3G10820	248	282	274	267	196	353
AT3G10840	1647	2002	1892	720	1084	756
AT3G10845	1	0	1	1	2	1
AT3G10850	3032	3529	3641	3842	3595	4821
AT3G10860	7115	8471	8964	11293	9585	11327
AT3G10870	198	327	197	81	189	119
AT3G10880	38	46	33	25	30	24
AT3G10890	1	2	2	0	0	0
AT3G10910	78	62	66	83	54	73
AT3G10912	78	62	66	83	54	73
AT3G10915	746	775	862	1037	836	1088
AT3G10920	5104	6142	6623	6094	6435	6386
AT3G10930	40	26	57	276	151	186
AT3G10940	1638	1920	1970	1644	2127	1711
AT3G10960	354	411	345	398	447	498
AT3G10970	4525	4974	5184	2460	2771	3600
AT3G10980	1036	1003	1011	973	760	912
AT3G10985	1725	1876	2043	8079	3757	6422
AT3G10986	9	7	14	13	3	7
AT3G10990	0	0	0	2	1	0
AT3G11000	102	119	84	38	57	104
AT3G11010	1222	518	475	3776	2010	5947
AT3G11020	9	3	28	16	20	71
AT3G11030	274	313	300	463	345	572
AT3G11040	137	171	120	96	140	108
AT3G11050	35	32	15	23	24	37
AT3G11070	1009	1264	1226	825	951	1081
AT3G11080	122	82	99	289	157	460
AT3G11090	913	1011	933	1596	1250	1323
AT3G11100	561	595	602	1093	725	1019
AT3G11110	939	1164	1084	1410	1163	1141
AT3G11120	5001	5944	5173	3863	4481	3326
AT3G11130	9529	8187	7984	6209	6085	11243
AT3G11150	19	11	30	28	22	55
AT3G11160	4	2	0	0	1	2
AT3G11165	3	3	3	5	5	6
AT3G11170	15168	16671	17962	9940	12567	10367
AT3G11180	1	3	4	1	0	0
AT3G11200	1531	1849	1857	2332	1883	2222
AT3G11210	366	471	419	293	357	407
AT3G11220	272	309	270	247	213	285
AT3G11230	337	324	427	862	543	1026
AT3G11240	206	246	256	178	127	352
AT3G11250	1245	1689	1381	1094	1176	1247
AT3G11260	1	3	16	3	4	7
AT3G11270	449	514	552	383	396	570
AT3G11280	1922	2194	2159	2553	1908	2412
AT3G11290	640	714	651	373	409	589
AT3G11320	384	434	475	672	474	743
AT3G11325	0	0	1	12	6	22
AT3G11330	1146	1234	1249	1474	1231	2044
AT3G11340	183	5	376	814	662	889
AT3G11350	0	0	0	0	1	1
AT3G11370	0	0	0	0	0	1
AT3G11385	1	0	0	0	0	1
AT3G11390	5	4	6	5	5	9
AT3G11397	911	1088	1113	1168	1048	1345
AT3G11400	3369	4239	3993	3003	3498	3862
AT3G11402	1000	1172	1181	1289	1146	1573
AT3G11405	1	0	0	2	3	9
AT3G11410	1465	1342	1644	6193	3168	6218
AT3G11415	4	4	9	5	1	2
AT3G11420	572	557	688	951	572	1122
AT3G11430	5	3	10	94	21	73
AT3G11440	101	107	100	151	118	209
AT3G11450	2021	2231	2030	823	1016	2187
AT3G11460	25	24	18	24	20	33
AT3G11470	666	862	697	490	538	546
AT3G11480	145	38	669	564	109	1199
AT3G11490	799	838	777	341	420	531
AT3G11500	824	1077	986	736	769	659
AT3G11510	8707	9934	9880	7815	8174	7930
AT3G11520	94	139	108	40	60	40
AT3G11530	713	744	731	949	801	1041
AT3G11540	1096	933	985	1075	963	1850
AT3G11550	6	8	4	11	13	13
AT3G11560	5476	5718	5163	1924	2769	3626
AT3G11570	736	1000	845	385	472	671
AT3G11580	181	167	212	816	284	814
AT3G11590	983	1298	1015	365	538	751
AT3G11591	35	36	37	56	46	24
AT3G11600	160	211	182	168	174	222
AT3G11620	487	577	491	340	389	362
AT3G11630	27617	36714	37605	16838	27525	15880
AT3G11640	7	11	12	30	24	47
AT3G11650	302	331	375	405	288	439
AT3G11660	3251	3274	3858	8255	5223	7772
AT3G11670	3846	4273	4124	1997	2557	3097
AT3G11680	10	30	12	2	14	0
AT3G11690	443	458	537	711	478	516
AT3G11700	4686	5352	5295	4094	3518	4162
AT3G11710	5045	5886	5352	2031	2919	3682
AT3G11720	272	247	300	210	222	370
AT3G11730	925	911	932	966	900	1052
AT3G11740	0	1	0	1	0	1
AT3G11745	152	166	154	211	155	160
AT3G11750	288	357	376	278	279	305
AT3G11760	288	416	312	152	192	248
AT3G11770	475	481	589	574	607	695
AT3G11773	0	2	0	4	2	14
AT3G11780	1265	1366	1441	1639	1285	1464
AT3G11800	1096	1139	1245	1377	1214	1481
AT3G11810	1005	1053	1138	1189	1017	1149
AT3G11820	1213	869	1123	2434	1588	2131
AT3G11825	0	0	0	1	1	0
AT3G11830	3775	4035	3439	3120	3319	4075
AT3G11840	256	146	189	598	281	614
AT3G11850	155	170	133	164	140	230
AT3G11860	5	4	2	36	19	27
AT3G11880	656	625	724	1036	764	1316
AT3G11890	381	376	481	396	365	678
AT3G11900	759	825	940	1509	1037	1453
AT3G11910	2378	2182	2072	1550	1498	3108
AT3G11920	1	0	0	0	1	0
AT3G11930	5438	6278	4966	6490	4856	5188
AT3G11940	10173	11982	11224	7857	8932	10405
AT3G11945	2926	3261	3319	2768	2942	2976
AT3G11950	230	248	215	92	112	215
AT3G11960	1098	951	953	701	705	1257
AT3G11964	2137	2208	1399	292	510	912
AT3G11980	104	149	2	19	31	45
AT3G12000	0	16	0	16	4	0
AT3G12010	1846	1803	1951	803	1039	1236
AT3G12012	1846	1803	1951	803	1039	1236
AT3G12020	1213	1204	1041	317	380	798
AT3G12030	267	356	317	395	304	424
AT3G12040	144	113	148	273	200	269
AT3G12050	3858	3965	4491	2744	2895	3238
AT3G12060	20	19	25	4	10	16
AT3G12070	65	90	99	112	87	120
AT3G12080	3082	3203	3154	2184	2434	4049
AT3G12090	175	161	149	218	136	145
AT3G12100	419	369	358	607	394	677
AT3G12110	2284	3054	2391	483	1150	726
AT3G12120	15001	15146	17596	16164	16011	21183
AT3G12130	952	935	953	1337	1084	1353
AT3G12140	948	1060	1008	710	694	1078
AT3G12145	1627	2674	3264	1376	2471	3013
AT3G12150	599	619	574	519	549	428
AT3G12160	1	3	3	1	4	1
AT3G12170	116	112	105	42	63	60
AT3G12180	334	373	406	605	401	537
AT3G12190	0	1	0	3	1	4
AT3G12200	1140	1135	1140	712	864	959
AT3G12203	1	5	6	1	1	2
AT3G12210	588	688	712	512	570	646
AT3G12220	157	96	77	193	173	352
AT3G12230	2	1	2	7	5	8
AT3G12240	0	0	0	3	3	5
AT3G12250	266	241	255	404	319	561
AT3G12260	3544	3980	4437	5940	5213	6182
AT3G12270	697	767	637	194	329	289
AT3G12280	1929	2217	1866	989	1350	1960
AT3G12290	2917	3438	3459	4193	3912	4946
AT3G12300	653	711	715	1333	878	1220
AT3G12320	5295	6380	5774	4072	4211	3633
AT3G12340	276	331	279	98	165	202
AT3G12345	8371	8805	9561	7647	8377	5562
AT3G12350	893	829	925	1336	999	1281
AT3G12360	1914	1706	1775	2229	1946	3368
AT3G12370	596	790	808	651	673	716
AT3G12380	559	662	516	215	298	464
AT3G12390	3054	3743	3324	1702	2156	2651
AT3G12400	1010	1104	1248	1547	1102	1530
AT3G12410	27	34	37	29	33	35
AT3G12420	0	1	1	0	2	1
AT3G12430	1	6	3	0	2	2
AT3G12440	1	5	2	5	4	2
AT3G12460	48	45	39	37	43	27
AT3G12470	8	11	7	4	7	8
AT3G12480	1151	1294	1250	775	807	1387
AT3G12490	1392	1684	1943	3672	2529	3939
AT3G12500	145	381	670	890	372	1056
AT3G12502	51	94	163	275	114	328
AT3G12510	82	97	148	252	142	307
AT3G12520	243	261	298	378	335	469
AT3G12530	97	145	133	90	98	117
AT3G12540	1	3	0	1	2	0
AT3G12545	0	0	0	1	0	1
AT3G12550	203	194	191	94	109	264
AT3G12560	1358	1461	1256	955	1004	1284
AT3G12570	936	1003	1089	1361	1232	2060
AT3G12580	12892	8756	16641	15499	12177	24409
AT3G12587	635	683	710	752	603	666
AT3G12590	1199	1086	910	842	695	1214
AT3G12600	781	933	961	691	732	833
AT3G12610	1882	2505	2338	1287	1962	1256
AT3G12620	1049	1263	1519	1861	1356	1758
AT3G12630	2883	2937	3447	5439	3655	5160
AT3G12640	854	867	894	519	606	1150
AT3G12650	431	483	478	524	461	492
AT3G12660	0	0	0	10	4	18
AT3G12670	2177	2389	2053	660	1062	998
AT3G12680	728	925	767	630	663	723
AT3G12685	706	901	829	451	544	353
AT3G12690	231	345	258	335	310	561
AT3G12700	305	289	382	261	275	318
AT3G12710	178	271	193	98	158	83
AT3G12720	1	0	0	0	2	3
AT3G12730	153	200	162	200	177	183
AT3G12740	1853	1609	2016	2988	2235	3263
AT3G12750	297	286	303	246	241	272
AT3G12760	1556	1521	1687	2539	1722	2722
AT3G12770	42	46	54	58	53	113
AT3G12775	0	3	6	6	2	28
AT3G12780	75053	93727	104471	71658	89830	62764
AT3G12800	3261	3296	4024	5509	4022	5733
AT3G12810	1015	870	575	292	318	969
AT3G12820	42	39	61	94	54	102
AT3G12830	252	204	298	692	324	570
AT3G12835	15	16	9	14	14	19
AT3G12840	3	0	0	0	0	1
AT3G12850	0	3	0	1	2	0
AT3G12860	203	289	183	88	145	162
AT3G12870	134	197	170	69	117	79
AT3G12880	3	4	1	4	2	2
AT3G12890	39	22	25	17	33	23
AT3G12900	0	0	4	2	2	0
AT3G12910	4	0	11	29	18	40
AT3G12915	415	456	367	320	327	621
AT3G12920	1411	1679	1579	979	1235	958
AT3G12930	2922	3138	3395	1700	2393	2004
AT3G12940	373	387	399	306	315	396
AT3G12950	1105	1083	997	1864	1378	2934
AT3G12955	11	10	6	15	10	30
AT3G12960	0	1	0	6	4	11
AT3G12965	3811	4807	4121	3501	3334	2911
AT3G12970	84	107	119	43	87	68
AT3G12977	6	3	19	31	13	14
AT3G12980	870	643	556	326	345	896
AT3G12990	523	560	484	432	407	543
AT3G13000	718	868	828	217	453	272
AT3G13010	2	2	2	18	5	44
AT3G13020	39	29	44	42	27	95
AT3G13030	474	516	436	327	302	556
AT3G13040	3587	4036	3899	2595	2849	2949
AT3G13050	492	424	513	1214	724	1280
AT3G13060	2315	2573	2460	2053	2061	2792
AT3G13061	770	860	781	707	692	825
AT3G13062	3077	2703	2474	3814	2675	3410
AT3G13065	169	165	139	146	103	217
AT3G13070	2694	2792	2781	1380	1717	2136
AT3G13080	2427	1852	2291	5535	3357	9872
AT3G13090	32	17	23	139	66	319
AT3G13100	315	209	243	321	233	680
AT3G13110	4497	4426	5114	4365	4313	3899
AT3G13120	10632	12809	12425	5463	8378	7015
AT3G13130	17	2	24	33	9	12
AT3G13140	1	1	1	3	1	4
AT3G13150	123	192	132	156	146	191
AT3G13160	232	310	267	219	209	315
AT3G13170	4	5	7	8	2	6
AT3G13175	90	144	76	86	156	105
AT3G13180	1163	1330	1224	628	895	845
AT3G13190	316	394	358	128	187	206
AT3G13200	2171	2401	2521	2503	2206	2904
AT3G13210	11	16	13	54	24	90
AT3G13220	40	54	7	10	25	42
AT3G13222	710	787	690	572	640	848
AT3G13224	759	695	691	788	696	1021
AT3G13225	632	703	505	431	405	858
AT3G13226	544	725	626	373	426	538
AT3G13227	5	4	3	6	1	10
AT3G13228	0	1	1	0	0	0
AT3G13229	1	0	0	2	5	0
AT3G13230	897	1175	907	495	597	573
AT3G13235	1651	1617	1643	1676	1667	2520
AT3G13240	22	25	23	27	30	25
AT3G13275	168	196	153	198	152	214
AT3G13277	155	96	86	97	98	180
AT3G13280	7	1	1	9	2	9
AT3G13290	788	884	713	428	525	780
AT3G13300	3353	3211	2858	1910	2282	3653
AT3G13310	2009	2448	3240	1768	1812	1304
AT3G13320	1091	1118	1122	991	1006	1257
AT3G13330	3059	2037	2306	2885	2198	5325
AT3G13340	1117	1212	1090	1057	1011	1438
AT3G13350	605	659	685	769	572	951
AT3G13360	1415	1758	1634	982	1229	1214
AT3G13380	268	173	317	887	463	1177
AT3G13390	0	22	0	0	1	0
AT3G13400	5	136	6	3	8	2
AT3G13403	1	6	0	1	0	0
AT3G13404	181	227	168	149	104	159
AT3G13405	45	36	53	52	31	56
AT3G13410	5395	6309	7229	7171	6063	8200
AT3G13420	45	56	49	21	37	30
AT3G13430	228	217	256	443	257	433
AT3G13432	4	0	10	13	3	10
AT3G13433	7	0	11	129	63	103
AT3G13435	3	3	0	19	14	13
AT3G13437	100	91	107	195	129	206
AT3G13440	809	887	769	1012	822	1215
AT3G13445	534	589	541	504	538	559
AT3G13450	317	335	416	447	309	487
AT3G13460	11416	10999	10769	10165	9388	10882
AT3G13470	17233	18472	16878	4755	9819	8807
AT3G13480	1034	1129	1301	1399	1141	1226
AT3G13490	2246	2416	2342	1489	1803	2094
AT3G13500	0	0	2	7	2	8
AT3G13510	2484	2688	2121	1067	1774	1468
AT3G13520	11075	13076	13012	7210	5132	7000
AT3G13525	4	2	4	2	2	5
AT3G13530	1348	1208	1125	788	784	1359
AT3G13540	78	110	57	51	79	81
AT3G13550	347	389	390	837	488	1013
AT3G13560	828	936	817	464	768	810
AT3G13570	1593	1928	1617	1502	1397	1902
AT3G13580	2818	3253	2697	1621	1867	2358
AT3G13590	46	60	40	18	31	18
AT3G13594	0	1	1	0	0	0
AT3G13600	47	46	50	17	24	54
AT3G13610	77	7	28	533	504	897
AT3G13620	657	817	820	901	798	1260
AT3G13630	0	0	0	1	0	2
AT3G13640	34	56	32	15	32	46
AT3G13650	146	213	194	123	165	97
AT3G13660	3	5	1	2	3	2
AT3G13662	8	15	16	8	25	20
AT3G13670	3355	3284	3688	2411	2768	3593
AT3G13672	603	768	812	591	592	882
AT3G13674	94	141	97	65	84	67
AT3G13677	175	199	206	223	180	202
AT3G13680	6	5	13	2	8	8
AT3G13682	172	137	125	58	112	114
AT3G13690	1286	1547	1162	764	1241	1108
AT3G13700	190	219	202	320	271	367
AT3G13710	190	219	202	324	271	367
AT3G13720	854	741	927	1214	997	1117
AT3G13724	0	1	5	0	1	1
AT3G13730	123	118	134	66	86	131
AT3G13740	1302	1655	1487	829	1053	979
AT3G13750	14374	12338	11039	6948	7850	9969
AT3G13760	3	5	0	6	1	11
AT3G13770	22	23	35	29	27	59
AT3G13772	1750	1866	1958	1959	1912	2380
AT3G13780	188	217	223	130	117	174
AT3G13782	41	41	36	40	28	84
AT3G13784	15	3	10	6	3	2
AT3G13790	761	423	1219	1811	864	2233
AT3G13800	386	534	477	404	396	379
AT3G13810	764	852	832	756	637	919
AT3G13820	0	0	1	1	0	0
AT3G13840	3	3	2	5	9	1
AT3G13845	426	536	471	521	515	480
AT3G13850	8	8	2	22	8	30
AT3G13855	13	7	5	19	9	17
AT3G13857	7	3	4	15	6	10
AT3G13860	1495	1642	1349	695	917	1274
AT3G13870	4900	4535	4884	2867	3338	6980
AT3G13880	55	44	31	11	36	47
AT3G13882	1306	1540	1512	1181	1252	1213
AT3G13890	3	4	2	2	3	2
AT3G13898	3	3	5	1	2	3
AT3G13900	9	5	15	44	40	115
AT3G13910	486	377	621	1905	864	1851
AT3G13920	16243	19249	19010	14875	15181	17186
AT3G13930	3601	4315	4213	2657	3177	3572
AT3G13940	438	510	418	179	291	314
AT3G13950	279	38	187	3189	973	2747
AT3G13960	107	105	89	55	83	57
AT3G13970	89	79	105	139	109	150
AT3G13980	445	388	399	85	178	98
AT3G13990	1367	1514	1422	646	800	1113
AT3G14000	192	240	214	135	150	167
AT3G14010	1393	1500	1536	1676	1398	2843
AT3G14020	158	206	163	161	159	160
AT3G14030	0	0	0	3	0	1
AT3G14040	11	258	5	15	19	21
AT3G14050	1855	1380	1942	1929	1960	2597
AT3G14060	119	93	441	1056	569	1149
AT3G14067	19547	21174	24138	26813	24005	26166
AT3G14070	123	143	136	185	122	220
AT3G14075	646	673	706	768	749	960
AT3G14080	502	535	581	660	585	703
AT3G14090	585	567	610	530	439	736
AT3G14100	2919	3532	3896	3225	3475	3603
AT3G14110	3523	4352	4136	2559	3373	2716
AT3G14120	753	774	626	329	443	611
AT3G14130	202	151	230	371	283	361
AT3G14140	9	8	8	7	9	13
AT3G14150	520	588	576	392	460	431
AT3G14160	268	313	327	262	238	304
AT3G14170	92	186	119	49	78	110
AT3G14172	561	583	393	115	181	506
AT3G14180	805	838	862	999	825	1211
AT3G14185	0	0	0	0	1	5
AT3G14190	172	253	187	82	141	102
AT3G14200	1210	1323	1608	1136	913	1447
AT3G14205	2140	2098	2035	992	975	1759
AT3G14210	42121	54465	48293	19465	40463	24883
AT3G14220	1224	1582	1625	814	1419	1090
AT3G14225	0	2	0	7	1	12
AT3G14230	2328	2409	2883	1971	2015	2633
AT3G14240	3121	3580	3037	2183	2680	2435
AT3G14270	2627	2198	2217	1141	1263	2399
AT3G14280	129	83	203	631	270	594
AT3G14290	1290	1429	1516	1609	1329	1984
AT3G14300	1	0	0	0	0	1
AT3G14310	4913	5932	5646	4999	4699	7177
AT3G14320	1	1	5	7	5	7
AT3G14330	731	653	754	282	422	628
AT3G14340	234	330	282	178	200	259
AT3G14350	2580	2784	2835	1441	1558	2444
AT3G14360	52	76	59	52	35	50
AT3G14362	0	0	1	0	0	0
AT3G14370	12	21	20	10	28	6
AT3G14380	6	13	15	10	13	10
AT3G14385	0	1	2	1	0	2
AT3G14390	2259	2588	2216	917	1454	1140
AT3G14395	489	630	504	350	550	323
AT3G14400	1749	1901	2100	1117	1263	1733
AT3G14410	497	516	567	527	447	605
AT3G14415	44441	54352	53660	31395	39613	29217
AT3G14420	99552	128565	117846	67639	89804	63418
AT3G14430	515	459	508	1378	931	1242
AT3G14431	0	0	0	1	0	4
AT3G14440	110	55	103	1080	308	1584
AT3G14450	150	201	218	153	158	118
AT3G14452	16	26	50	13	27	6
AT3G14460	115	68	52	60	68	190
AT3G14470	299	235	231	364	289	804
AT3G14510	0	0	0	1	0	0
AT3G14520	0	1	0	0	0	0
AT3G14530	0	0	0	0	0	1
AT3G14540	16	22	26	3	2	11
AT3G14550	76	87	56	100	100	161
AT3G14560	243	239	254	362	241	307
AT3G14570	436	488	323	85	128	225
AT3G14580	31	41	26	20	34	23
AT3G14590	67	52	106	50	46	130
AT3G14595	1163	1046	1245	2611	1623	2654
AT3G14600	4199	5179	4842	3895	4099	5384
AT3G14610	90	86	100	164	137	254
AT3G14620	2980	2683	4073	2567	1883	3644
AT3G14630	28	61	51	64	53	90
AT3G14640	10	16	6	24	5	48
AT3G14650	5614	6795	7128	4843	5720	7006
AT3G14660	3290	3804	4355	3853	3579	5008
AT3G14670	0	0	1	25	8	21
AT3G14680	17	18	96	20	18	27
AT3G14690	4680	5176	5935	4187	4293	5295
AT3G14700	24	19	29	119	51	120
AT3G14710	4	6	8	18	10	22
AT3G14720	1457	1600	1735	1301	1527	1986
AT3G14730	85	96	93	58	82	98
AT3G14735	0	2	1	0	3	0
AT3G14740	131	209	144	73	125	114
AT3G14750	265	280	272	255	255	309
AT3G14760	239	303	225	105	229	91
AT3G14770	2136	2177	2666	1482	1425	1375
AT3G14780	29	47	25	14	5	17
AT3G14790	1160	1421	1327	777	897	1263
AT3G14810	1895	1773	1794	1533	1228	1914
AT3G14820	0	0	1	0	0	0
AT3G14830	775	792	820	620	664	943
AT3G14840	2420	2157	1799	1123	1312	1807
AT3G14850	170	227	239	205	196	238
AT3G14860	861	994	1001	1156	1002	1549
AT3G14870	213	233	234	145	127	255
AT3G14880	1	3	4	4	1	1
AT3G14890	562	764	505	126	358	265
AT3G14900	579	612	409	107	211	258
AT3G14910	312	343	334	252	273	423
AT3G14920	901	1098	1081	1382	1127	1606
AT3G14930	4382	5240	4910	3574	4714	4972
AT3G14940	656	685	579	173	289	329
AT3G14950	7	12	4	1	3	1
AT3G14960	330	413	395	500	429	707
AT3G14970	0	0	0	1	0	6
AT3G14980	714	727	532	196	297	489
AT3G14981	1	0	0	0	2	0
AT3G14990	1173	1281	1372	2478	1548	2163
AT3G15000	3508	4195	3960	3918	4028	4166
AT3G15010	2057	2071	2023	1650	1644	1793
AT3G15020	1044	1397	1408	1786	1578	2073
AT3G15030	2107	2552	2049	1881	2250	2458
AT3G15040	327	303	340	788	515	786
AT3G15050	21	32	28	9	11	19
AT3G15060	432	499	567	629	440	784
AT3G15070	436	500	494	349	397	581
AT3G15080	352	415	332	223	266	351
AT3G15090	1322	1349	1416	1182	1194	1547
AT3G15095	2581	2829	2526	3006	2956	3253
AT3G15110	1104	1302	1443	914	1074	897
AT3G15111	0	0	0	2	0	2
AT3G15115	438	437	487	334	308	371
AT3G15120	1054	925	745	218	347	726
AT3G15130	39	30	20	17	20	32
AT3G15140	141	155	155	82	105	127
AT3G15150	113	148	127	93	87	108
AT3G15160	729	904	682	678	660	978
AT3G15170	14	24	19	30	39	61
AT3G15180	812	874	837	485	540	1021
AT3G15190	12244	15348	15580	9370	13199	9925
AT3G15200	29	30	29	8	22	24
AT3G15210	997	1206	1354	2712	2217	2453
AT3G15220	645	726	627	446	566	858
AT3G15240	0	2	0	1	0	1
AT3G15250	0	0	1	0	0	0
AT3G15260	1753	1785	1610	2029	1434	2405
AT3G15270	787	722	466	289	372	249
AT3G15280	14	14	8	7	13	17
AT3G15290	555	620	656	729	584	1086
AT3G15300	36	57	48	51	53	62
AT3G15340	23	26	39	24	15	43
AT3G15350	652	779	800	784	743	1160
AT3G15351	224	240	211	225	185	271
AT3G15352	222	232	257	434	285	448
AT3G15353	35683	46285	35350	54122	40894	40753
AT3G15354	3740	3934	3561	1487	1807	2422
AT3G15355	481	466	503	886	661	1158
AT3G15356	719	1448	1765	1584	500	1729
AT3G15357	32	37	43	22	46	24
AT3G15358	24	26	45	64	57	74
AT3G15359	1	0	0	0	0	0
AT3G15360	11630	14818	15550	17468	18626	15232
AT3G15370	0	6	7	2	1	1
AT3G15380	896	964	959	798	901	1163
AT3G15390	289	327	278	313	223	371
AT3G15395	575	625	672	502	588	464
AT3G15400	924	2420	543	379	1348	602
AT3G15410	922	1014	898	592	672	994
AT3G15420	66	69	83	87	52	76
AT3G15430	1475	1406	1599	2126	1620	2572
AT3G15440	0	1	1	0	0	2
AT3G15450	586	417	921	448	289	667
AT3G15460	406	460	428	231	277	304
AT3G15470	1167	1197	1226	945	978	1270
AT3G15480	1866	1894	1901	1828	1759	1858
AT3G15490	0	1	1	3	0	1
AT3G15500	61	18	161	691	164	1043
AT3G15510	518	549	662	945	727	897
AT3G15518	48	31	59	278	135	233
AT3G15520	2631	3270	3093	1032	1769	1235
AT3G15530	748	960	794	703	748	604
AT3G15534	5	10	24	155	39	155
AT3G15536	101	21	30	616	283	631
AT3G15540	368	425	367	277	278	243
AT3G15548	0	0	0	0	0	3
AT3G15550	222	345	235	35	101	79
AT3G15570	877	1341	1127	870	1196	876
AT3G15578	0	1	0	2	2	6
AT3G15580	1389	1499	1701	3099	2094	2677
AT3G15585	0	0	0	2	0	0
AT3G15590	1085	1229	1150	466	534	872
AT3G15605	5	3	2	3	4	3
AT3G15610	752	918	942	878	820	974
AT3G15620	79	43	63	58	70	109
AT3G15630	50	19	45	34	37	55
AT3G15640	2593	3301	3422	3661	3305	3767
AT3G15650	103	148	136	102	114	113
AT3G15660	1240	1468	1454	1362	1186	1526
AT3G15670	2	2	5	13	6	29
AT3G15680	1040	1583	1279	540	969	648
AT3G15690	1532	1678	1774	1280	1474	1220
AT3G15700	0	1	0	0	0	0
AT3G15710	511	577	658	695	612	828
AT3G15720	66	115	114	85	76	64
AT3G15730	13022	13216	13707	9225	11344	16102
AT3G15740	3	4	6	5	4	12
AT3G15750	30	41	48	96	84	150
AT3G15760	274	149	244	687	346	575
AT3G15770	360	309	314	577	302	538
AT3G15780	644	733	824	974	896	841
AT3G15790	2130	2636	2466	1641	1868	2682
AT3G15800	61	61	54	62	51	60
AT3G15810	2775	2674	2930	4559	3195	4550
AT3G15820	993	953	998	1118	809	1147
AT3G15830	18	41	22	24	35	20
AT3G15840	3816	4789	4939	6332	5600	5904
AT3G15850	16496	18358	19273	8579	11636	6897
AT3G15860	1	1	0	0	0	12
AT3G15870	3	8	4	15	7	31
AT3G15880	4027	3831	3463	2617	2798	4396
AT3G15890	183	178	166	198	173	229
AT3G15900	994	1134	1196	794	985	709
AT3G15909	0	0	2	1	0	0
AT3G15910	0	0	0	0	0	3
AT3G15920	718	743	683	447	429	835
AT3G15930	21	19	24	27	26	49
AT3G15940	913	1084	970	790	939	1562
AT3G15950	459	290	978	190	205	966
AT3G15970	790	876	826	441	582	853
AT3G15980	2847	2886	2821	1456	1736	2950
AT3G15990	383	366	340	304	245	503
AT3G16000	5579	6463	5446	1291	2316	2486
AT3G16010	319	439	340	135	217	235
AT3G16020	11	3	11	3	2	11
AT3G16030	229	126	186	325	228	562
AT3G16040	0	1	1	6	1	6
AT3G16050	509	524	577	490	408	520
AT3G16060	1909	2109	2127	945	1299	1526
AT3G16070	34	49	30	16	20	13
AT3G16080	5504	6586	6147	4732	4925	4983
AT3G16090	694	770	769	583	668	734
AT3G16100	1516	1645	1556	1596	1462	1492
AT3G16110	643	744	670	835	635	1248
AT3G16120	31	80	24	17	45	41
AT3G16130	1989	3101	2349	2659	2810	1683
AT3G16140	32093	43948	40319	32797	38250	24006
AT3G16150	447	519	403	213	344	219
AT3G16160	3	12	7	3	4	5
AT3G16170	494	525	599	407	481	470
AT3G16175	360	376	391	268	248	314
AT3G16180	326	347	271	198	189	227
AT3G16190	1093	1055	1372	1947	1442	1886
AT3G16200	467	598	622	675	598	891
AT3G16210	1	3	1	0	1	0
AT3G16220	1323	1297	1299	1255	999	1442
AT3G16230	961	1108	1068	573	704	1025
AT3G16240	45513	50764	47377	23939	28836	22887
AT3G16250	2951	3746	3456	2156	3152	1862
AT3G16260	1424	1424	1380	891	980	1478
AT3G16270	2159	2186	2214	1671	1742	2466
AT3G16280	122	111	106	105	116	102
AT3G16290	3382	3644	3456	1122	1821	2385
AT3G16300	3	2	1	11	3	7
AT3G16310	904	1099	1039	1343	1113	2278
AT3G16320	62	85	75	35	50	73
AT3G16330	122	170	227	228	115	225
AT3G16340	683	565	513	145	214	281
AT3G16350	256	312	324	282	296	356
AT3G16360	23	28	23	33	39	32
AT3G16370	9925	10884	10601	5758	8629	6491
AT3G16380	60	85	60	68	68	127
AT3G16390	6	8	5	6	17	14
AT3G16400	2355	2048	4105	6009	3363	8517
AT3G16410	338	253	353	316	255	458
AT3G16420	1870	1585	5700	2891	2041	5154
AT3G16430	14	5	44	23	31	67
AT3G16440	2	0	1	2	0	0
AT3G16450	195	54	677	155	176	491
AT3G16460	578	337	1115	1778	724	3103
AT3G16470	4068	4888	7902	6133	5328	9131
AT3G16480	1595	1948	1779	1423	1384	1854
AT3G16490	31	73	24	27	46	30
AT3G16500	1010	1005	1093	691	704	792
AT3G16510	93	99	110	207	150	221
AT3G16520	4836	6555	5815	5783	6259	5099
AT3G16530	1963	2999	3590	6324	1088	2309
AT3G16540	4	9	5	2	3	3
AT3G16550	1	0	0	0	0	0
AT3G16555	0	0	1	0	2	0
AT3G16560	874	972	1069	849	856	797
AT3G16565	95	79	96	487	273	511
AT3G16570	3469	4125	4538	5477	4295	4469
AT3G16580	0	0	0	1	0	2
AT3G16590	0	0	1	1	0	0
AT3G16600	0	2	0	3	0	20
AT3G16610	19	22	23	15	15	45
AT3G16620	522	578	384	123	277	341
AT3G16630	2662	2777	2627	1124	1566	1839
AT3G16640	50033	45354	50871	51731	47416	44965
AT3G16650	154	135	146	137	152	200
AT3G16660	797	1074	761	865	776	1021
AT3G16670	1713	3936	1997	441	1491	652
AT3G16680	3	2	1	0	0	0
AT3G16690	158	160	158	133	174	113
AT3G16700	111	122	105	190	169	288
AT3G16710	70	77	61	95	79	121
AT3G16712	36	31	20	26	33	34
AT3G16720	242	220	279	1509	711	1154
AT3G16730	176	147	130	53	90	124
AT3G16740	192	215	244	360	282	483
AT3G16750	217	225	226	124	161	213
AT3G16760	1257	1402	1393	912	1004	1215
AT3G16770	8786	7750	11446	9173	8107	4263
AT3G16780	3518	4757	4113	1863	2818	2416
AT3G16785	910	766	781	920	744	1572
AT3G16800	337	425	377	379	307	309
AT3G16810	972	1247	869	220	459	533
AT3G16830	2305	2357	2008	990	1353	2170
AT3G16840	1515	1645	1218	407	560	894
AT3G16850	3697	4010	4070	4727	4242	5115
AT3G16851	0	0	0	0	0	4
AT3G16857	1535	1639	1642	1957	1426	1935
AT3G16860	117	103	261	319	197	503
AT3G16870	421	487	430	204	320	218
AT3G16880	0	0	0	0	0	1
AT3G16890	173	160	160	100	118	178
AT3G16895	0	0	2	1	0	0
AT3G16900	14	7	8	19	10	10
AT3G16910	8180	9046	10279	6237	6752	6549
AT3G16920	423	550	443	268	244	297
AT3G16940	1638	1591	1588	981	1037	1727
AT3G16950	1361	1355	1127	376	601	670
AT3G16960	0	0	0	0	1	0
AT3G16980	21	44	37	69	51	90
AT3G16990	442	424	465	1110	776	1295
AT3G17000	1406	1294	1627	2320	1577	2713
AT3G17010	12	24	9	17	27	59
AT3G17020	2251	2252	2637	4413	3224	4426
AT3G17030	93	123	106	70	69	138
AT3G17040	5409	6034	5450	2885	3876	3523
AT3G17060	1	4	3	6	1	3
AT3G17070	476	504	440	906	761	804
AT3G17090	1837	2106	2032	1394	1385	1787
AT3G17100	1136	1445	1389	1427	1256	1227
AT3G17120	1120	1222	1419	786	1289	831
AT3G17130	230	250	302	172	271	136
AT3G17150	0	0	0	0	0	1
AT3G17152	0	2	1	0	1	0
AT3G17160	858	1268	939	445	733	575
AT3G17170	2535	2763	2471	1165	1535	1587
AT3G17180	19	5	14	51	8	50
AT3G17185	1423	1717	1652	1022	1205	762
AT3G17205	1482	1403	1411	1347	1276	2133
AT3G17210	3836	3904	4353	3533	3686	3413
AT3G17220	13	11	12	16	11	24
AT3G17225	32	47	34	39	25	80
AT3G17230	2	2	2	0	2	3
AT3G17240	2995	2976	3584	2886	2762	4525
AT3G17250	242	265	261	404	295	496
AT3G17270	0	0	0	1	0	0
AT3G17280	24	29	31	27	15	43
AT3G17300	428	518	545	654	551	703
AT3G17310	738	828	735	419	596	858
AT3G17320	0	0	0	0	0	6
AT3G17330	1689	1726	1639	722	846	828
AT3G17340	952	916	851	548	718	899
AT3G17350	244	289	315	155	233	122
AT3G17360	245	255	137	26	56	155
AT3G17365	208	204	185	296	233	315
AT3G17380	144	160	146	91	109	138
AT3G17390	18617	26431	23308	8448	12144	11627
AT3G17400	0	0	0	0	0	2
AT3G17410	2372	2015	2479	3119	2514	4041
AT3G17420	291	380	330	224	207	329
AT3G17430	732	895	818	756	699	893
AT3G17440	1111	1154	1143	980	828	1014
AT3G17450	733	735	643	499	478	772
AT3G17460	68	76	66	73	65	69
AT3G17465	1278	1496	1331	1198	1155	1568
AT3G17470	1549	1606	1628	923	1090	909
AT3G17500	0	0	0	0	0	5
AT3G17510	4643	4773	4681	4381	4480	6142
AT3G17520	1	5	127	119	5	105
AT3G17580	13	14	32	14	17	26
AT3G17590	334	341	371	416	342	492
AT3G17600	9	9	6	2	2	3
AT3G17609	1726	1833	1789	908	918	877
AT3G17611	596	536	676	876	614	826
AT3G17620	0	0	0	6	0	9
AT3G17626	102	95	120	217	132	205
AT3G17630	102	121	98	102	70	181
AT3G17640	415	606	488	328	512	332
AT3G17650	2510	2757	2728	3701	2981	4085
AT3G17660	76	88	79	61	73	134
AT3G17668	270	323	350	314	288	288
AT3G17670	400	439	376	293	348	281
AT3G17675	19	18	8	5	1	4
AT3G17680	175	234	203	88	173	137
AT3G17690	48	28	28	108	76	143
AT3G17700	666	583	610	1009	742	1354
AT3G17710	144	127	119	201	138	211
AT3G17712	227	243	234	152	162	291
AT3G17720	0	0	2	9	5	21
AT3G17730	31	44	39	8	13	22
AT3G17740	796	687	621	426	431	876
AT3G17750	1339	1337	1286	415	577	1133
AT3G17760	5	23	2	14	8	39
AT3G17770	2549	2563	2745	2098	2201	2743
AT3G17780	888	1010	1006	1006	1034	1025
AT3G17790	819	748	1157	4284	2074	4978
AT3G17800	10467	10401	11989	10647	10344	13924
AT3G17810	1681	1525	2420	3060	2089	4337
AT3G17820	1359	2013	1727	1908	1903	2509
AT3G17830	235	307	224	131	172	244
AT3G17840	2030	2320	1846	1218	1726	1377
AT3G17845	0	0	0	0	0	1
AT3G17850	2458	2389	2134	1241	1460	2640
AT3G17860	723	708	946	1070	857	1134
AT3G17880	661	847	773	885	770	1446
AT3G17890	83	128	99	48	69	43
AT3G17900	1132	1304	1133	696	794	1400
AT3G17910	329	357	322	562	400	800
AT3G17920	628	549	574	353	351	592
AT3G17930	4940	5566	6005	3812	4110	3943
AT3G17940	1039	1348	1370	1746	1562	2468
AT3G17950	202	215	208	309	243	302
AT3G17970	1505	1861	1542	789	1018	1419
AT3G17980	4	0	4	29	9	51
AT3G17998	847	1796	839	734	1753	1286
AT3G18000	847	1797	842	734	1755	1286
AT3G18010	139	153	143	51	76	76
AT3G18020	48	68	58	56	64	144
AT3G18030	277	269	252	306	258	369
AT3G18035	1939	2432	2115	1781	1959	2147
AT3G18040	608	731	588	327	375	598
AT3G18050	1428	1929	1666	2387	2151	2722
AT3G18060	3088	2896	3106	3050	3031	3631
AT3G18070	53	39	43	26	29	40
AT3G18080	1541	2208	3006	2909	2616	4653
AT3G18090	259	289	223	146	196	436
AT3G18100	303	302	240	72	97	251
AT3G18110	1975	1977	1815	468	841	783
AT3G18120	0	0	0	2	1	4
AT3G18130	3444	4614	4047	1171	2102	1482
AT3G18140	1353	1535	1587	1470	1312	1821
AT3G18150	0	0	0	1	0	3
AT3G18160	491	584	588	425	416	518
AT3G18165	1562	1936	1831	1272	1496	1763
AT3G18170	533	495	399	220	438	236
AT3G18180	0	0	1	5	0	3
AT3G18190	3235	3555	3192	2743	2947	4272
AT3G18200	3	12	1	8	1	10
AT3G18210	756	832	795	501	536	577
AT3G18215	622	587	714	860	806	1062
AT3G18217	102	120	131	58	65	91
AT3G18220	0	0	1	0	0	0
AT3G18230	625	750	704	707	645	1123
AT3G18235	3	2	4	2	2	4
AT3G18240	417	593	475	222	342	443
AT3G18250	159	68	371	1517	903	1210
AT3G18260	51	58	42	41	37	44
AT3G18270	789	923	845	1062	847	1343
AT3G18280	1165	1304	1798	1583	1364	1841
AT3G18282	12	4	4	4	1	3
AT3G18290	16165	14526	14772	4166	8077	6206
AT3G18291	0	1	0	1	0	0
AT3G18295	334	421	503	633	509	545
AT3G18300	70	117	109	147	116	136
AT3G18310	242	231	244	197	209	244
AT3G18320	218	277	286	396	250	467
AT3G18330	6	5	10	1	3	12
AT3G18350	397	472	479	504	469	610
AT3G18360	4	19	8	16	13	21
AT3G18362	0	2	0	1	1	1
AT3G18370	1651	1579	1666	1799	1782	3064
AT3G18380	596	688	681	530	554	719
AT3G18390	7303	7743	6302	2001	3161	3669
AT3G18400	12	0	10	10	2	11
AT3G18410	2767	3568	3658	4558	4014	4840
AT3G18420	918	1063	1179	1061	1135	1215
AT3G18430	617	707	736	942	784	1090
AT3G18440	452	445	540	722	546	1126
AT3G18450	0	0	5	1	2	3
AT3G18460	0	0	1	0	0	0
AT3G18480	867	1003	968	478	517	1014
AT3G18485	142	158	134	277	181	338
AT3G18490	21556	23795	22732	33347	26770	35394
AT3G18500	1133	1428	1175	1257	1107	1448
AT3G18510	89	109	121	105	86	95
AT3G18518	0	0	0	1	1	0
AT3G18520	1234	1366	1169	1062	1077	1379
AT3G18524	334	364	236	70	146	158
AT3G18530	14	28	10	26	13	34
AT3G18535	472	527	477	340	479	463
AT3G18550	24	26	24	38	8	23
AT3G18560	143	132	139	348	194	273
AT3G18570	0	2	2	7	2	7
AT3G18580	142	207	186	183	202	223
AT3G18590	0	0	4	0	2	2
AT3G18600	1124	1486	1159	448	645	651
AT3G18610	73	45	54	44	29	107
AT3G18620	234	189	229	297	194	333
AT3G18630	43	69	44	22	50	37
AT3G18640	1213	1262	1126	352	523	829
AT3G18660	140	185	112	54	77	112
AT3G18670	38	55	36	8	16	21
AT3G18680	2805	3221	3118	1589	2220	1988
AT3G18690	191	207	212	462	341	370
AT3G18710	633	685	573	288	522	298
AT3G18715	14	10	8	9	10	8
AT3G18720	2	3	1	2	5	9
AT3G18730	166	170	145	30	58	102
AT3G18740	7503	8478	8426	5720	6303	5683
AT3G18750	1929	2085	1850	590	853	954
AT3G18760	571	634	585	543	580	693
AT3G18770	222	222	182	335	245	404
AT3G18773	229	309	234	216	225	213
AT3G18780	27476	27126	27845	17688	19121	24868
AT3G18790	963	1058	1043	756	717	1137
AT3G18800	408	509	496	288	338	323
AT3G18810	0	0	0	1	2	5
AT3G18815	0	0	0	1	0	0
AT3G18820	2591	2732	3124	4931	3087	5057
AT3G18827	0	0	1	3	1	0
AT3G18830	2037	1792	2439	7976	3844	8199
AT3G18840	6	6	2	6	4	3
AT3G18850	354	503	386	152	390	245
AT3G18860	1906	1911	2038	1580	1754	2690
AT3G18870	308	349	329	240	315	281
AT3G18880	60	68	71	63	77	97
AT3G18890	6565	8638	7689	2909	5116	4459
AT3G18895	0	1	0	1	0	1
AT3G18900	31	27	36	11	17	27
AT3G18910	181	212	212	198	171	259
AT3G18930	297	255	294	581	458	657
AT3G18940	435	514	508	520	491	679
AT3G18950	1282	1188	1331	1167	1213	1102
AT3G18957	0	0	0	1	1	1
AT3G18960	160	152	118	60	88	64
AT3G18970	90	144	118	107	104	154
AT3G18980	1143	1413	1082	694	953	941
AT3G18990	675	746	699	548	507	742
AT3G19000	1720	1997	1927	1051	1338	1259
AT3G19002	497	530	554	313	409	375
AT3G19010	1119	883	1116	2763	1541	3179
AT3G19020	378	350	303	506	426	657
AT3G19030	3360	2771	3956	7915	5380	7347
AT3G19040	8	13	10	6	4	6
AT3G19050	452	467	174	36	70	171
AT3G19070	0	2	1	0	0	0
AT3G19080	443	544	446	173	280	321
AT3G19085	0	1	0	0	0	2
AT3G19090	0	19	0	2	5	0
AT3G19100	1029	1065	1264	1381	998	2819
AT3G19120	505	598	529	553	479	797
AT3G19130	1076	1281	1207	1003	1043	1243
AT3G19140	0	0	1	0	0	2
AT3G19150	469	619	587	626	474	715
AT3G19160	0	0	0	1	0	1
AT3G19170	22124	19640	19919	10493	13813	14472
AT3G19180	602	689	526	322	381	626
AT3G19184	10	16	5	9	13	8
AT3G19190	1193	749	732	714	625	1720
AT3G19200	33	32	20	9	15	14
AT3G19210	90	99	94	18	50	52
AT3G19220	443	554	557	811	654	939
AT3G19230	17	17	24	30	24	57
AT3G19240	974	964	926	841	756	1512
AT3G19250	62	49	54	73	73	118
AT3G19260	240	217	218	366	235	341
AT3G19270	205	181	238	127	147	203
AT3G19274	0	0	1	0	0	0
AT3G19280	229	257	240	315	196	353
AT3G19290	841	708	755	1092	799	1603
AT3G19300	143	206	152	98	106	148
AT3G19310	15	14	5	4	7	8
AT3G19320	2	4	4	1	1	5
AT3G19330	43	49	41	28	27	33
AT3G19340	1608	1749	1744	972	1194	1346
AT3G19350	0	0	1	0	0	2
AT3G19360	228	286	252	159	182	282
AT3G19370	1256	1388	1013	211	328	536
AT3G19380	534	619	756	1002	782	896
AT3G19390	13	39	16	17	20	23
AT3G19400	409	467	466	387	387	466
AT3G19410	0	1	0	0	0	0
AT3G19420	2883	2876	2832	3362	2987	4586
AT3G19430	3	15	5	15	9	18
AT3G19440	161	214	145	83	127	116
AT3G19450	7272	8150	9303	3835	5116	3686
AT3G19460	428	453	440	536	443	660
AT3G19470	132	136	150	147	111	159
AT3G19480	3842	4161	4439	2818	3489	2993
AT3G19490	1239	1272	1485	1558	1518	1972
AT3G19500	30	31	45	60	50	64
AT3G19508	107	104	106	136	113	149
AT3G19510	414	463	379	179	203	425
AT3G19515	802	868	674	349	423	696
AT3G19520	872	915	970	1349	1021	1293
AT3G19530	0	0	0	1	0	1
AT3G19540	842	951	942	911	974	1262
AT3G19550	89	117	92	179	110	149
AT3G19553	713	754	808	1574	1110	1499
AT3G19560	0	0	1	0	1	0
AT3G19570	631	677	580	324	394	463
AT3G19580	152	117	168	696	436	895
AT3G19590	316	394	363	206	328	249
AT3G19595	1	0	0	0	0	1
AT3G19600	0	0	0	0	0	1
AT3G19610	0	1	1	1	0	3
AT3G19615	9	5	41	107	29	109
AT3G19620	303	315	222	253	265	439
AT3G19630	643	718	627	805	645	1601
AT3G19640	840	891	1055	1250	1020	1527
AT3G19650	646	803	665	246	297	517
AT3G19660	128	179	254	394	266	280
AT3G19663	5	8	6	6	6	13
AT3G19670	1129	1306	996	367	476	899
AT3G19680	1476	1858	1903	1475	1024	1421
AT3G19690	0	1	1	11	1	12
AT3G19700	434	507	459	728	724	595
AT3G19710	8424	7772	9023	10443	11163	9381
AT3G19720	3640	4477	4260	2446	3244	4183
AT3G19740	1446	1537	1341	690	754	1438
AT3G19760	5259	5415	5361	3117	3758	4316
AT3G19770	506	554	571	596	542	770
AT3G19780	519	577	430	475	408	875
AT3G19790	548	637	611	448	435	568
AT3G19800	2814	3200	3364	3427	3051	3008
AT3G19810	1018	1173	1115	616	787	860
AT3G19820	11061	12328	10578	7780	9553	13472
AT3G19830	1727	1607	1904	850	989	1113
AT3G19840	685	676	574	363	422	743
AT3G19850	460	608	503	375	341	324
AT3G19860	1107	1191	1149	1019	957	1901
AT3G19870	1396	1341	1394	1365	1267	1686
AT3G19880	0	0	0	1	0	0
AT3G19890	0	0	0	0	1	6
AT3G19895	431	435	420	560	441	656
AT3G19900	1819	1887	1978	2143	1831	1999
AT3G19910	857	850	1009	1782	1225	2412
AT3G19920	0	2	4	10	4	12
AT3G19930	903	880	1069	1474	1071	1575
AT3G19940	1	0	0	0	0	1
AT3G19950	759	863	891	1200	902	1157
AT3G19960	1336	1281	1167	660	711	1461
AT3G19970	371	309	431	957	511	1350
AT3G19980	1021	1093	1132	1036	979	1262
AT3G19990	689	711	823	1143	931	1283
AT3G20000	2769	3195	3050	2774	2605	3077
AT3G20010	567	564	472	169	207	467
AT3G20015	220	246	165	183	313	232
AT3G20020	390	418	399	445	429	509
AT3G20040	167	165	186	101	92	121
AT3G20050	4128	4727	4308	2452	3277	3492
AT3G20060	1750	2053	2012	1928	1604	1823
AT3G20070	417	465	373	254	286	387
AT3G20080	397	349	329	617	525	1019
AT3G20090	89	153	151	182	133	271
AT3G20100	2120	2515	3410	2378	1563	2040
AT3G20110	2	2	5	3	1	6
AT3G20120	374	447	426	630	496	764
AT3G20130	52	64	49	33	39	84
AT3G20140	1	2	2	14	2	14
AT3G20150	240	363	190	41	59	109
AT3G20155	0	0	0	3	0	1
AT3G20160	0	0	0	1	1	0
AT3G20170	294	317	325	286	299	319
AT3G20180	8	9	11	8	9	11
AT3G20190	4	5	8	1	3	3
AT3G20200	202	228	173	45	73	120
AT3G20210	0	2	1	2	0	1
AT3G20220	0	3	0	1	0	0
AT3G20230	1552	1984	1880	1263	1389	1622
AT3G20240	421	481	420	524	481	559
AT3G20250	955	652	821	1533	898	2062
AT3G20260	446	508	434	125	300	208
AT3G20270	649	648	818	699	545	792
AT3G20280	264	269	233	108	136	210
AT3G20290	1307	1415	1478	1357	1144	1876
AT3G20300	462	424	808	1276	605	1169
AT3G20310	1257	1343	1545	2669	1904	2478
AT3G20320	1295	1319	1387	1651	1381	1964
AT3G20330	1101	1354	1244	684	867	840
AT3G20340	0	1	24	13	7	9
AT3G20350	555	627	593	163	261	325
AT3G20362	2	2	3	0	1	1
AT3G20365	4	0	2	3	4	2
AT3G20370	25	13	116	38	18	129
AT3G20380	3	0	1	2	2	7
AT3G20390	7580	9737	10270	10583	11565	11982
AT3G20395	12	14	65	4	17	12
AT3G20400	0	0	0	0	2	1
AT3G20410	796	767	844	665	552	1030
AT3G20420	144	143	169	224	164	239
AT3G20430	444	463	461	322	359	500
AT3G20440	273	299	215	92	125	305
AT3G20450	95	88	62	36	43	33
AT3G20460	45	71	43	23	30	14
AT3G20470	2636	4276	5831	4377	4202	2214
AT3G20475	49	54	47	26	35	41
AT3G20480	72	75	68	81	44	72
AT3G20490	366	344	381	243	319	321
AT3G20500	1056	1269	1349	1258	984	2209
AT3G20510	492	470	443	1730	982	1654
AT3G20520	14	16	16	31	26	44
AT3G20530	9	10	6	8	7	15
AT3G20540	1996	1758	1579	612	751	1061
AT3G20550	750	857	650	532	530	798
AT3G20555	0	0	0	1	0	0
AT3G20557	0	7	0	0	2	0
AT3G20560	446	447	509	478	440	599
AT3G20570	521	691	545	208	325	244
AT3G20580	1	3	3	3	1	2
AT3G20590	0	0	0	1	0	3
AT3G20600	325	233	238	685	422	793
AT3G20610	1	2	0	2	0	0
AT3G20620	505	494	460	729	482	933
AT3G20630	1446	1393	1538	1446	1327	2384
AT3G20640	97	135	125	91	101	170
AT3G20650	467	484	485	553	467	591
AT3G20655	0	0	0	1	0	0
AT3G20660	50	49	84	138	63	189
AT3G20670	1410	1640	1355	810	1087	966
AT3G20680	1118	1225	1346	988	995	917
AT3G20690	0	2	0	0	0	1
AT3G20710	0	3	1	0	0	2
AT3G20720	1342	1409	1254	709	801	1241
AT3G20730	102	167	117	103	78	143
AT3G20740	835	950	849	534	518	767
AT3G20760	2	1	2	10	0	8
AT3G20770	3573	3542	3671	3201	2905	5165
AT3G20780	391	432	404	144	164	274
AT3G20790	1649	2143	2094	1204	1358	1702
AT3G20800	558	581	557	875	721	995
AT3G20810	58	26	57	272	156	552
AT3G20820	3216	3723	3465	1976	2962	2339
AT3G20830	166	186	175	224	246	170
AT3G20850	0	0	1	1	1	0
AT3G20860	151	183	181	72	96	117
AT3G20865	138	221	184	77	121	53
AT3G20870	786	873	896	827	772	873
AT3G20880	2	1	0	0	0	0
AT3G20890	384	417	432	559	469	699
AT3G20898	115	118	177	79	76	98
AT3G20900	48	64	80	29	30	39
AT3G20910	188	196	217	381	261	468
AT3G20920	888	1002	951	989	875	1116
AT3G20930	804	929	913	540	698	622
AT3G20935	4	9	0	12	2	15
AT3G20940	0	0	0	1	1	6
AT3G20960	59	55	62	213	104	221
AT3G20970	808	862	921	919	759	910
AT3G20978	7	11	15	0	4	0
AT3G21000	5	10	0	3	4	9
AT3G21055	38726	54740	50305	36724	48763	28293
AT3G21060	406	446	376	224	333	435
AT3G21070	510	531	593	604	509	925
AT3G21080	36	12	71	300	151	254
AT3G21090	82	91	63	41	45	48
AT3G21100	257	366	232	123	208	252
AT3G21110	982	1177	1060	469	646	408
AT3G21120	0	0	0	1	0	0
AT3G21130	0	0	0	0	0	1
AT3G21140	604	694	678	587	521	710
AT3G21150	1034	910	1126	1086	800	943
AT3G21160	858	927	926	956	835	1273
AT3G21175	322	381	417	525	422	691
AT3G21180	0	9	1	1	1	5
AT3G21190	2105	2322	2054	1106	1573	1391
AT3G21200	2737	3181	2965	1538	2164	1965
AT3G21210	24	33	33	5	13	18
AT3G21215	1213	1322	1106	1017	1004	1311
AT3G21220	1024	955	1034	1574	1188	1680
AT3G21230	344	321	368	818	317	1242
AT3G21240	259	247	411	275	214	483
AT3G21250	2362	2320	2443	786	1097	1384
AT3G21260	347	444	443	337	436	198
AT3G21270	647	677	777	667	664	543
AT3G21280	372	418	386	262	320	299
AT3G21290	773	726	620	232	260	611
AT3G21295	354	352	343	312	290	517
AT3G21300	554	621	527	249	371	499
AT3G21310	54	53	43	31	50	49
AT3G21320	6	2	11	5	6	40
AT3G21330	10	3	11	9	6	11
AT3G21350	434	509	470	455	440	496
AT3G21351	21	18	35	20	17	30
AT3G21352	0	0	1	1	0	2
AT3G21360	332	436	373	514	479	367
AT3G21370	0	1	1	1	0	0
AT3G21390	1471	1640	1752	1381	1315	1425
AT3G21400	260	325	327	235	237	347
AT3G21420	83	70	89	120	109	113
AT3G21430	748	745	640	237	321	595
AT3G21450	1	0	0	0	0	0
AT3G21460	359	438	446	407	417	186
AT3G21465	274	386	302	397	355	484
AT3G21470	34	33	15	27	29	43
AT3G21480	314	349	214	75	130	221
AT3G21490	0	2	0	0	1	0
AT3G21500	20	7	10	452	152	680
AT3G21510	109	109	122	96	74	104
AT3G21520	16	20	13	97	26	172
AT3G21530	170	167	211	68	88	112
AT3G21540	601	646	524	165	279	341
AT3G21550	508	578	461	354	357	327
AT3G21560	1601	1526	2023	1362	1496	2057
AT3G21580	437	455	518	349	360	302
AT3G21590	1	1	1	1	0	0
AT3G21600	390	343	316	78	147	146
AT3G21610	481	610	654	1182	751	1260
AT3G21620	18	20	16	9	12	18
AT3G21630	1174	887	1009	1181	965	1462
AT3G21640	449	506	395	364	319	651
AT3G21650	365	340	402	475	379	589
AT3G21660	16	25	39	74	25	151
AT3G21670	11042	10063	11617	10793	8448	9462
AT3G21680	7	12	13	8	6	3
AT3G21690	4458	4020	4754	6397	4163	6935
AT3G21700	407	465	502	970	729	913
AT3G21710	25	17	32	43	48	62
AT3G21720	1	1	1	0	8	1
AT3G21740	148	194	193	224	205	322
AT3G21750	2670	3212	2960	4892	3685	5304
AT3G21755	2190	2358	2473	2831	2466	2997
AT3G21760	2924	3305	3435	3567	3238	3787
AT3G21770	163	90	219	99	195	171
AT3G21780	88	51	127	300	151	240
AT3G21781	4	3	1	4	6	7
AT3G21790	1147	1145	1561	1903	1328	2091
AT3G21800	0	0	1	0	1	1
AT3G21805	19	22	16	12	7	15
AT3G21810	621	487	466	605	452	1038
AT3G21820	462	555	512	217	284	343
AT3G21840	0	0	0	0	0	2
AT3G21850	2	2	0	6	2	1
AT3G21860	0	0	0	2	0	1
AT3G21865	1659	1801	1799	3114	2088	3677
AT3G21870	700	851	786	624	735	482
AT3G21880	8	9	11	53	16	106
AT3G21890	732	675	897	1785	1038	1638
AT3G21900	0	2	0	1	0	0
AT3G21910	0	4	0	0	0	0
AT3G21920	0	1	1	0	3	0
AT3G21930	0	0	1	0	0	0
AT3G21940	0	1	0	0	0	0
AT3G21945	0	2	0	0	0	0
AT3G21950	251	186	258	75	155	126
AT3G21960	0	1	0	0	0	0
AT3G21970	0	2	0	0	0	0
AT3G21980	0	2	0	0	0	0
AT3G21990	0	13	0	0	0	0
AT3G22000	0	2	0	0	0	0
AT3G22050	0	5	0	0	1	0
AT3G22060	2057	1802	1507	2027	1635	2547
AT3G22070	102	177	131	70	109	78
AT3G22072	115	204	148	73	122	90
AT3G22090	8	6	7	1	5	0
AT3G22100	13	21	10	17	16	20
AT3G22104	874	768	772	516	516	645
AT3G22110	4637	5602	5464	4947	4923	5759
AT3G22120	7183	9103	6740	4500	6480	11229
AT3G22121	3327	4027	2788	2061	2917	5127
AT3G22142	484	422	338	28	130	180
AT3G22150	1623	1572	1527	784	973	1084
AT3G22160	181	111	247	733	436	789
AT3G22170	1719	1711	1593	1373	1254	3130
AT3G22180	175	171	139	197	174	273
AT3G22183	6	6	7	5	8	3
AT3G22190	701	739	769	360	531	620
AT3G22200	1291	1346	2007	3944	2016	4573
AT3G22210	6245	6847	6701	4186	4839	3145
AT3G22220	724	715	711	448	525	909
AT3G22230	8701	9739	9797	9270	8339	10079
AT3G22231	13390	10057	6550	22554	15673	22599
AT3G22235	35007	21352	17427	53972	39297	55437
AT3G22240	437	387	273	1263	742	1103
AT3G22250	1	1	0	0	0	1
AT3G22260	245	198	256	435	314	508
AT3G22270	1493	1460	1397	1334	1367	1806
AT3G22275	38	19	49	35	35	99
AT3G22290	915	984	1094	1368	1086	2206
AT3G22300	555	729	656	327	424	466
AT3G22310	1017	1288	1060	541	809	822
AT3G22320	1713	1936	1766	1436	1411	1370
AT3G22330	1983	2135	2072	1806	1711	2289
AT3G22345	0	1	0	0	0	0
AT3G22360	0	1	3	0	2	0
AT3G22370	1237	785	1805	4976	2785	5891
AT3G22380	6460	6715	5245	3351	4308	8261
AT3G22400	220	363	187	160	197	292
AT3G22410	125	164	153	91	117	155
AT3G22415	64	85	96	75	74	75
AT3G22420	1968	2083	1916	1038	981	1246
AT3G22421	0	1	0	0	0	5
AT3G22425	666	718	777	727	685	813
AT3G22430	295	297	306	359	303	479
AT3G22436	0	1	1	0	0	1
AT3G22440	6375	7004	6490	5097	5831	6876
AT3G22450	17	18	20	30	19	68
AT3G22460	92	84	138	266	98	309
AT3G22470	143	126	120	104	105	152
AT3G22480	741	929	862	1006	853	1055
AT3G22490	0	0	0	1	0	4
AT3G22500	0	0	0	1	1	1
AT3G22510	0	0	0	0	1	3
AT3G22520	1524	1795	1577	866	1140	1605
AT3G22530	1265	1497	1684	2126	1614	1987
AT3G22540	24	18	29	8	20	9
AT3G22550	973	1171	1598	1619	1439	1560
AT3G22560	40	27	74	222	82	216
AT3G22570	0	0	3	1	2	4
AT3G22590	667	703	582	474	468	638
AT3G22600	663	132	683	5374	1620	5264
AT3G22620	28	14	52	519	182	412
AT3G22630	1508	1619	1834	2565	2047	2425
AT3G22640	5	2	1	0	0	6
AT3G22650	0	0	0	1	0	2
AT3G22660	1327	1528	1413	607	938	789
AT3G22670	101	98	129	52	66	74
AT3G22680	342	461	450	354	348	379
AT3G22690	87	57	61	28	35	81
AT3G22700	2	4	0	4	2	1
AT3G22730	0	0	0	0	0	2
AT3G22740	864	405	644	730	692	997
AT3G22750	591	710	909	684	491	648
AT3G22760	302	416	306	138	181	332
AT3G22770	5	2	2	3	2	3
AT3G22780	882	1071	848	483	700	870
AT3G22790	875	915	511	97	167	463
AT3G22800	21	19	11	2	23	5
AT3G22810	197	258	224	218	252	217
AT3G22820	47	51	56	63	60	71
AT3G22830	0	0	0	1	0	1
AT3G22840	12800	7899	9299	3367	4143	5105
AT3G22845	1478	1693	1721	2447	1889	2472
AT3G22850	816	840	1119	2196	1326	2462
AT3G22860	1	2	3	4	5	8
AT3G22870	0	0	0	2	0	2
AT3G22880	167	221	185	98	132	149
AT3G22886	34	67	42	81	38	128
AT3G22890	29713	32812	36629	41821	37470	44903
AT3G22900	26	60	41	93	47	141
AT3G22910	301	134	709	1056	692	3115
AT3G22920	0	3	0	8	3	1
AT3G22930	41	53	53	383	159	307
AT3G22942	199	191	243	299	232	342
AT3G22950	772	792	827	913	788	905
AT3G22960	7288	7660	7265	4933	5428	6466
AT3G22961	16	2	8	5	2	7
AT3G22968	2798	2876	3620	4151	3587	3082
AT3G22970	2798	2876	3620	4151	3587	3082
AT3G22980	614	615	620	350	412	755
AT3G22990	763	756	696	739	702	988
AT3G23000	8419	8474	10452	9844	8865	9227
AT3G23010	135	112	89	161	111	265
AT3G23020	81	82	83	35	37	88
AT3G23030	1629	1598	1684	1151	876	1392
AT3G23050	3981	4096	4060	2970	3620	2813
AT3G23060	1	1	0	1	0	0
AT3G23070	2056	2476	1856	363	667	938
AT3G23080	1330	2074	1630	1117	1423	1112
AT3G23090	431	322	320	106	193	149
AT3G23100	871	725	717	1769	1027	2388
AT3G23110	401	250	276	1058	537	1506
AT3G23120	764	382	366	2141	1313	3299
AT3G23125	0	3	0	1	0	1
AT3G23130	1	2	0	2	1	0
AT3G23150	110	93	171	101	152	168
AT3G23160	285	288	259	325	239	296
AT3G23167	0	0	2	2	0	0
AT3G23170	67	85	107	649	309	707
AT3G23175	12	8	9	7	8	8
AT3G23180	0	5	3	2	1	2
AT3G23190	10	27	24	9	5	14
AT3G23200	155	143	189	197	168	163
AT3G23210	611	619	750	667	577	796
AT3G23220	0	0	0	4	4	5
AT3G23230	21	9	15	13	9	23
AT3G23240	7	6	16	28	16	33
AT3G23245	0	0	0	1	0	0
AT3G23250	56	20	95	165	62	279
AT3G23255	143	143	152	230	191	264
AT3G23260	35	33	51	42	48	73
AT3G23270	2	3	6	0	1	5
AT3G23280	965	864	1239	1573	1120	1829
AT3G23290	944	852	1196	631	860	798
AT3G23300	2664	2780	3057	1874	2090	2402
AT3G23310	1539	1612	1443	599	785	1013
AT3G23320	3	0	0	1	0	0
AT3G23325	785	745	868	1197	831	1124
AT3G23330	71	88	72	60	63	122
AT3G23340	501	420	443	203	312	326
AT3G23350	0	0	0	8	0	8
AT3G23360	0	0	0	2	0	0
AT3G23370	59	85	55	25	24	43
AT3G23380	2	1	2	0	0	0
AT3G23390	5650	6439	6250	3672	4174	3697
AT3G23400	10408	11390	12258	14098	13283	12610
AT3G23410	2686	3004	3156	1207	1564	1424
AT3G23420	0	0	0	1	2	4
AT3G23430	631	486	542	261	274	458
AT3G23440	47	59	59	47	36	52
AT3G23450	5496	6245	7039	5911	5128	4371
AT3G23460	0	3	3	2	1	2
AT3G23470	1	1	0	5	1	2
AT3G23480	442	461	393	287	276	269
AT3G23490	2083	2283	2407	3140	2429	3017
AT3G23510	1756	1266	1107	212	445	228
AT3G23530	6060	5603	5444	2083	2558	3488
AT3G23540	885	866	1061	1510	1039	1658
AT3G23550	55	301	151	90	30	71
AT3G23560	317	258	278	613	405	715
AT3G23570	2351	2567	2937	3907	3063	4443
AT3G23580	2085	2138	2070	1456	1363	1895
AT3G23590	1565	1622	1218	769	864	1410
AT3G23600	4553	5048	5949	10794	7465	10958
AT3G23605	134	163	172	218	178	217
AT3G23610	89	103	92	149	99	151
AT3G23620	1333	1641	1353	654	857	886
AT3G23630	7	15	13	24	8	34
AT3G23633	0	0	0	2	0	1
AT3G23635	20	3	23	22	24	13
AT3G23637	6	0	4	10	12	2
AT3G23640	1557	1653	1551	1539	1577	2270
AT3G23660	1233	1184	1179	1254	1202	1797
AT3G23670	293	355	243	29	79	169
AT3G23680	0	0	0	9	0	20
AT3G23685	0	0	0	12	1	22
AT3G23690	950	1081	1047	951	853	1044
AT3G23700	6712	7510	7666	3284	4631	3050
AT3G23710	426	525	469	323	292	379
AT3G23715	0	2	0	0	0	0
AT3G23730	1008	1366	1270	323	629	536
AT3G23740	155	242	163	42	78	47
AT3G23750	2478	2664	2327	1331	1426	1658
AT3G23760	798	840	856	657	698	842
AT3G23770	1	154	12	28	49	66
AT3G23780	794	1021	765	424	663	1334
AT3G23790	282	286	267	344	258	545
AT3G23800	0	0	4	14	2	12
AT3G23805	803	978	920	517	644	421
AT3G23810	19017	20534	22008	9514	13776	14105
AT3G23820	11918	14911	16471	13334	13940	15162
AT3G23830	606	971	739	437	601	526
AT3G23840	732	722	631	649	927	544
AT3G23850	1	0	0	1	0	0
AT3G23860	0	3	0	3	1	0
AT3G23870	19	18	25	52	48	79
AT3G23880	321	348	327	198	241	194
AT3G23890	975	1175	723	100	270	344
AT3G23900	1350	1455	1239	535	658	1479
AT3G23910	553	681	717	481	449	784
AT3G23920	6366	5394	8704	10753	6854	14058
AT3G23930	304	261	342	55	121	92
AT3G23940	3041	3244	2686	971	1698	1487
AT3G23950	0	0	0	1	0	4
AT3G23955	1	0	4	4	5	2
AT3G23960	9	8	8	3	12	4
AT3G23970	0	1	4	4	1	13
AT3G23980	1072	1210	1071	576	703	1199
AT3G23990	5214	6029	5864	2553	3286	4453
AT3G24000	87	88	131	343	241	761
AT3G24010	441	522	499	643	535	821
AT3G24020	30	28	21	24	31	40
AT3G24030	759	872	1020	1170	1050	1028
AT3G24040	841	956	864	558	681	797
AT3G24050	2472	2617	2550	3257	2534	2901
AT3G24065	21	6	12	11	16	16
AT3G24068	0	0	1	1	0	1
AT3G24070	729	650	666	1381	922	1625
AT3G24080	2714	3169	2388	515	910	1399
AT3G24090	187	205	154	194	170	281
AT3G24093	0	0	0	0	2	0
AT3G24100	1491	1436	1545	2800	2018	2561
AT3G24110	31	35	28	17	25	21
AT3G24120	722	832	835	876	784	1255
AT3G24130	0	1	0	0	0	0
AT3G24140	1020	1015	850	540	754	724
AT3G24150	474	571	540	301	410	592
AT3G24160	6946	7525	8914	8560	7657	8351
AT3G24170	13310	13285	16704	9856	9297	12863
AT3G24180	2817	2399	2519	1874	1733	3078
AT3G24190	8977	8466	9239	5590	6157	5646
AT3G24200	822	901	940	682	767	905
AT3G24210	1	0	0	0	0	0
AT3G24225	3	7	2	1	2	3
AT3G24230	42	77	48	12	37	15
AT3G24255	177	200	147	169	161	228
AT3G24280	1	0	1	0	0	1
AT3G24300	7	2	1	4	9	11
AT3G24310	0	1	0	0	1	1
AT3G24315	368	457	452	509	417	632
AT3G24320	365	371	294	144	182	288
AT3G24330	0	1	1	1	2	1
AT3G24332	0	1	1	1	2	1
AT3G24340	19	33	16	0	12	12
AT3G24350	811	1016	945	705	686	1002
AT3G24360	62	66	48	28	46	36
AT3G24420	1245	1132	1259	1631	1637	1116
AT3G24430	5690	6641	6748	3755	5391	3664
AT3G24440	839	819	789	414	513	661
AT3G24450	86	97	78	55	54	33
AT3G24460	4166	4364	4480	3017	2634	3173
AT3G24465	0	0	0	0	3	0
AT3G24480	5815	6347	4904	2623	4033	3305
AT3G24490	984	915	926	775	715	1114
AT3G24495	313	374	300	109	168	248
AT3G24500	1105	876	1325	1619	924	1598
AT3G24503	4823	4902	5642	3425	3636	4499
AT3G24506	892	1007	1120	819	831	874
AT3G24510	0	0	0	0	0	1
AT3G24515	44	80	47	26	41	76
AT3G24518	525	386	476	765	651	771
AT3G24520	545	425	520	871	759	892
AT3G24530	871	987	992	622	680	868
AT3G24535	29	39	18	19	20	21
AT3G24540	0	0	0	1	0	0
AT3G24550	2354	2529	2229	1985	1796	2423
AT3G24560	220	244	225	114	123	227
AT3G24570	758	841	892	743	757	831
AT3G24580	1	0	0	1	0	6
AT3G24590	1470	1776	1774	1379	1548	1292
AT3G24600	0	4	2	14	3	24
AT3G24610	3	0	4	5	1	0
AT3G24612	11	7	8	7	13	8
AT3G24614	1	0	1	1	0	0
AT3G24615	3	1	2	0	0	0
AT3G24630	147	159	146	36	64	74
AT3G24640	6	1	1	0	0	0
AT3G24650	1	0	0	0	0	1
AT3G24660	412	477	382	246	282	309
AT3G24670	310	410	385	388	378	561
AT3G24690	0	0	0	0	0	1
AT3G24700	0	0	0	1	0	0
AT3G24710	0	0	0	0	0	1
AT3G24715	255	248	154	42	78	109
AT3G24730	169	218	245	401	253	488
AT3G24740	814	767	835	911	731	1221
AT3G24750	1	0	3	9	7	5
AT3G24760	221	214	245	372	253	403
AT3G24770	934	1106	1445	748	1032	711
AT3G24780	61	66	66	39	45	42
AT3G24790	0	0	2	1	0	5
AT3G24800	498	572	547	456	505	563
AT3G24810	72	93	81	62	93	76
AT3G24820	227	297	289	448	301	449
AT3G24830	15809	16772	16459	11613	13227	12013
AT3G24840	299	308	332	189	155	275
AT3G24850	0	0	0	0	0	3
AT3G24860	224	267	260	284	193	302
AT3G24870	1146	1023	683	204	422	860
AT3G24880	1061	955	713	224	368	650
AT3G24890	110	110	92	174	136	223
AT3G24900	23	6	2	136	64	165
AT3G24929	63	49	33	38	34	43
AT3G24982	196	97	118	345	147	492
AT3G25010	354	109	121	1116	587	1643
AT3G25011	6	7	2	7	1	10
AT3G25013	78	73	42	94	83	151
AT3G25020	304	219	169	640	427	925
AT3G25030	430	545	408	291	349	252
AT3G25040	1427	1580	1597	1374	1455	1494
AT3G25050	257	266	31	6	345	0
AT3G25060	9	11	19	7	14	16
AT3G25070	924	904	847	1469	1079	1742
AT3G25080	1	0	0	1	0	1
AT3G25090	0	1	0	0	0	0
AT3G25100	167	177	130	78	140	119
AT3G25110	312	347	328	385	344	424
AT3G25120	501	560	618	621	588	581
AT3G25130	156	220	182	72	122	116
AT3G25140	2801	3108	3303	3021	3020	3341
AT3G25150	1627	1914	1801	1419	1494	2999
AT3G25160	0	2	0	1	0	0
AT3G25180	40	31	31	63	31	104
AT3G25190	105	5	79	8	32	8
AT3G25210	174	234	205	224	175	335
AT3G25220	1361	1861	1634	2069	1777	2266
AT3G25221	7	11	3	10	1	2
AT3G25230	5660	5965	6154	2020	2414	4270
AT3G25233	0	0	0	0	2	0
AT3G25240	2	0	10	30	14	31
AT3G25250	40	8	58	119	65	95
AT3G25260	6	12	3	1	5	1
AT3G25265	0	3	0	0	0	0
AT3G25290	220	354	249	824	480	937
AT3G25400	109	135	124	217	168	222
AT3G25410	1879	2070	2132	1339	1563	1326
AT3G25430	198	235	188	113	128	172
AT3G25440	150	162	151	137	110	243
AT3G25470	2164	2553	2398	1891	2002	2112
AT3G25480	1533	1727	1648	1083	1345	1285
AT3G25490	4	0	9	6	4	1
AT3G25500	2470	2780	2585	1167	1252	2219
AT3G25510	85	31	38	286	84	508
AT3G25520	16655	19740	18534	9770	11928	12902
AT3G25530	4358	5930	5827	3774	4178	4475
AT3G25540	570	688	730	751	632	797
AT3G25545	481	600	584	483	413	563
AT3G25550	4	3	1	8	4	8
AT3G25560	860	978	988	577	580	661
AT3G25570	315	397	385	663	444	679
AT3G25572	300	382	366	646	427	662
AT3G25573	4	0	2	8	9	9
AT3G25577	4	1	0	2	4	3
AT3G25580	486	554	559	543	473	581
AT3G25585	1741	1700	1823	2055	1649	2026
AT3G25590	546	544	640	592	442	601
AT3G25597	37	25	43	127	50	168
AT3G25600	186	191	203	450	295	402
AT3G25610	419	169	364	776	384	1031
AT3G25620	171	231	111	132	132	119
AT3G25640	59	33	43	75	94	81
AT3G25650	0	0	0	1	0	0
AT3G25655	3	0	4	6	0	8
AT3G25660	4495	5226	4869	2744	3874	2872
AT3G25670	120	148	135	80	129	69
AT3G25680	594	734	600	399	414	533
AT3G25690	15981	17023	15629	5556	6966	9661
AT3G25700	350	481	471	280	374	372
AT3G25710	318	381	317	154	195	133
AT3G25715	0	0	0	0	0	1
AT3G25717	637	590	715	541	692	418
AT3G25719	0	0	0	1	0	0
AT3G25727	0	0	0	0	2	0
AT3G25730	46	28	59	28	41	42
AT3G25740	420	485	526	424	349	364
AT3G25760	804	891	2509	5347	3221	5190
AT3G25770	1296	1527	4638	9750	6308	9967
AT3G25780	170	116	327	956	561	1389
AT3G25790	0	0	0	3	0	2
AT3G25795	6	5	25	73	50	110
AT3G25800	2050	2093	2073	2013	1940	2770
AT3G25805	976	1009	1116	776	980	784
AT3G25820	2	1	1	4	3	10
AT3G25830	0	1	0	3	2	4
AT3G25840	1909	1818	1577	825	970	1887
AT3G25855	17	26	28	15	12	10
AT3G25860	4203	4917	4973	3044	3898	3027
AT3G25870	125	94	159	464	303	457
AT3G25880	4	9	12	36	12	47
AT3G25882	218	105	102	1323	966	1488
AT3G25890	822	831	751	892	794	1082
AT3G25900	178	242	203	292	205	384
AT3G25905	45	37	53	52	73	65
AT3G25910	1308	1341	1623	1650	1236	1946
AT3G25920	17505	21337	22189	11039	17344	11865
AT3G25930	2	1	0	0	0	0
AT3G25940	254	341	327	189	234	195
AT3G25950	3	1	1	8	5	8
AT3G25960	1	0	0	0	0	0
AT3G25970	26	28	21	13	16	23
AT3G25980	264	366	309	137	248	186
AT3G25990	23	38	41	81	48	169
AT3G26000	1374	1417	1516	2018	1412	1981
AT3G26010	0	2	0	1	0	0
AT3G26020	758	753	809	567	517	913
AT3G26030	2579	2392	2546	2467	1876	2112
AT3G26040	21	24	18	60	36	101
AT3G26050	58	97	67	11	34	31
AT3G26060	12858	15789	16067	7653	12519	7110
AT3G26070	6754	8051	8298	6318	7018	6336
AT3G26080	834	875	940	1352	906	1597
AT3G26085	1452	1527	1527	1535	1234	1473
AT3G26090	452	425	457	449	366	715
AT3G26100	1667	1601	1671	2093	1466	2816
AT3G26110	1	0	0	0	0	0
AT3G26115	206	223	220	292	273	387
AT3G26120	0	1	1	2	1	1
AT3G26125	63	107	36	17	32	15
AT3G26130	5	2	4	7	0	3
AT3G26140	1	23	4	3	10	0
AT3G26147	0	0	0	1	0	0
AT3G26150	1	0	0	1	1	2
AT3G26160	0	22	0	2	0	0
AT3G26170	389	236	430	1275	693	1626
AT3G26180	1459	1518	1364	2190	1894	2942
AT3G26190	1	0	17	2	0	2
AT3G26200	190	351	641	185	192	191
AT3G26210	504	214	440	2877	1331	3382
AT3G26220	376	277	386	920	603	1188
AT3G26230	1212	1245	1195	1271	1216	1519
AT3G26235	14	12	31	3	13	0
AT3G26240	675	698	602	459	477	808
AT3G26250	0	0	0	0	0	1
AT3G26270	2	1	0	1	0	9
AT3G26280	1162	1082	1126	3020	1901	2918
AT3G26290	868	1110	1525	3617	2043	4507
AT3G26300	1206	1397	1477	949	930	1279
AT3G26310	567	661	613	389	523	547
AT3G26320	277	419	454	289	268	290
AT3G26330	82	95	102	37	66	113
AT3G26340	700	820	884	902	772	1106
AT3G26350	22	16	23	19	29	30
AT3G26360	516	634	583	559	478	509
AT3G26370	1214	1403	1372	1088	1025	1499
AT3G26380	908	954	1087	588	631	1223
AT3G26390	0	0	0	0	1	0
AT3G26400	1338	1402	1236	1071	1052	1735
AT3G26410	280	329	279	224	216	283
AT3G26420	4105	4959	4694	4507	4271	5487
AT3G26430	4055	4906	4632	4463	4209	5416
AT3G26440	170	89	152	467	243	625
AT3G26445	92	113	99	82	85	106
AT3G26450	11195	13214	15316	8842	10708	9685
AT3G26460	20	20	12	17	15	14
AT3G26470	37	21	44	354	150	368
AT3G26480	13	39	18	24	20	44
AT3G26490	247	279	246	160	204	132
AT3G26500	72	31	72	376	185	321
AT3G26510	3138	3610	3803	4218	2735	4034
AT3G26520	59072	62047	66235	65106	64964	68689
AT3G26539	14	27	19	10	18	15
AT3G26540	147	128	138	136	107	195
AT3G26550	14	1	9	4	7	14
AT3G26560	2485	2556	2217	596	1007	1620
AT3G26570	21783	25214	25379	11986	17410	11783
AT3G26580	2642	2313	2821	6017	3833	5312
AT3G26590	1507	1819	2047	2277	1766	1962
AT3G26600	919	679	794	1139	845	1796
AT3G26610	0	0	1	0	0	0
AT3G26612	148	149	172	539	266	557
AT3G26616	2	1	2	0	1	0
AT3G26618	891	930	937	697	667	778
AT3G26620	2	4	1	3	6	11
AT3G26630	1275	1315	1479	948	962	863
AT3G26640	339	376	345	360	276	480
AT3G26650	132537	143487	144932	101703	120630	80322
AT3G26660	0	0	1	10	3	9
AT3G26670	943	877	927	936	753	1115
AT3G26680	210	202	188	121	122	169
AT3G26690	196	185	229	160	156	238
AT3G26700	518	497	481	212	288	247
AT3G26710	5731	6035	6569	3800	4851	3450
AT3G26720	1557	1662	1432	742	867	1506
AT3G26730	1902	2005	1899	1953	1746	2856
AT3G26740	1067	1265	1267	6458	3033	6374
AT3G26742	6	7	9	5	8	7
AT3G26744	2141	2247	2223	1542	1695	1813
AT3G26750	126	150	112	134	116	173
AT3G26760	49	38	49	36	52	53
AT3G26770	48	11	41	21	28	33
AT3G26780	1502	1584	1610	1034	1133	1580
AT3G26782	81	89	94	163	106	328
AT3G26790	16	15	7	20	19	44
AT3G26800	1	0	0	0	0	3
AT3G26810	1563	1729	1742	1721	1494	1852
AT3G26812	6	3	6	0	1	0
AT3G26813	0	1	3	0	1	0
AT3G26815	31	36	34	5	15	6
AT3G26816	0	3	5	3	2	0
AT3G26818	11	25	27	4	10	5
AT3G26819	1	1	2	0	2	0
AT3G26820	4	0	4	5	9	5
AT3G26830	611	36	659	2712	858	1973
AT3G26840	556	387	690	1985	970	2361
AT3G26850	451	436	428	510	419	769
AT3G26855	1	1	1	6	2	3
AT3G26880	0	0	0	1	0	0
AT3G26890	1644	1772	1678	877	951	1525
AT3G26900	3114	3449	3917	3858	3422	3450
AT3G26910	288	295	330	283	273	477
AT3G26920	312	385	349	380	326	394
AT3G26922	59	95	48	43	58	71
AT3G26930	5	8	6	6	4	8
AT3G26932	387	495	378	115	181	200
AT3G26935	2171	2284	2125	1490	1784	1513
AT3G26940	3	0	0	0	2	1
AT3G26950	1360	1764	1502	922	1337	1703
AT3G26960	1073	1366	1186	674	1009	601
AT3G26980	508	660	687	599	536	658
AT3G26990	450	537	469	340	387	541
AT3G27000	214	201	233	351	263	558
AT3G27010	244	257	316	407	366	383
AT3G27020	2662	2670	2822	3102	2941	3526
AT3G27025	88	109	101	61	63	70
AT3G27027	76	113	109	54	64	29
AT3G27030	755	917	858	582	667	400
AT3G27040	0	0	0	1	1	3
AT3G27050	2792	3325	3504	2348	2587	1931
AT3G27060	3445	4202	4215	1240	2623	1244
AT3G27070	10	11	10	13	16	28
AT3G27080	786	957	855	959	848	992
AT3G27090	5858	5745	5879	7039	5962	7778
AT3G27100	451	515	501	563	445	656
AT3G27110	2072	1867	1924	3105	2170	3222
AT3G27120	453	479	452	564	459	620
AT3G27130	29	45	28	12	23	49
AT3G27140	0	0	1	0	0	0
AT3G27150	19	14	23	12	21	24
AT3G27160	11222	13235	14372	7554	10941	6236
AT3G27170	1485	1549	2038	1315	1224	1459
AT3G27180	795	950	939	504	686	720
AT3G27190	173	190	240	250	222	265
AT3G27200	308	445	330	363	338	415
AT3G27210	73	73	96	402	166	398
AT3G27220	307	222	354	289	275	351
AT3G27230	1326	1513	1458	1594	1497	2021
AT3G27240	2837	3214	3357	5104	3789	6172
AT3G27250	27	22	53	392	222	468
AT3G27260	1811	1977	1689	1072	1079	2258
AT3G27270	67	116	83	89	89	82
AT3G27280	864	1096	976	1170	1102	1301
AT3G27290	19	29	30	57	23	62
AT3G27300	683	703	825	931	724	1495
AT3G27310	525	686	702	707	661	806
AT3G27320	715	880	793	789	751	1175
AT3G27325	1054	1006	957	755	709	993
AT3G27330	166	227	248	293	191	326
AT3G27340	717	718	846	703	695	705
AT3G27350	1783	2002	1976	1573	1342	1777
AT3G27360	801	1206	891	305	578	390
AT3G27380	1438	1646	1985	2723	1680	3530
AT3G27390	1045	1072	1044	1177	950	1261
AT3G27400	133	133	189	71	140	80
AT3G27410	0	3	2	27	18	13
AT3G27415	3	11	24	30	13	34
AT3G27416	3	10	15	25	11	32
AT3G27420	243	266	250	247	231	283
AT3G27430	3043	3638	3726	4142	3651	4696
AT3G27440	3	6	3	6	0	12
AT3G27460	201	197	234	314	216	319
AT3G27470	397	506	426	388	357	512
AT3G27473	6	7	2	4	4	7
AT3G27480	3	0	0	2	1	1
AT3G27490	0	2	1	0	0	0
AT3G27500	10	17	18	2	7	3
AT3G27503	1	0	0	1	0	1
AT3G27510	10	8	9	5	1	10
AT3G27520	152	141	146	109	105	86
AT3G27530	1574	1746	1520	866	961	1836
AT3G27540	620	561	596	689	509	672
AT3G27550	224	303	235	118	118	223
AT3G27555	0	0	0	0	0	1
AT3G27560	377	392	467	536	425	567
AT3G27570	2001	2363	2348	1956	2080	2928
AT3G27580	243	200	241	124	146	164
AT3G27590	0	1	2	2	1	1
AT3G27600	0	0	0	6	0	12
AT3G27610	300	302	333	458	327	631
AT3G27620	32	31	30	31	19	22
AT3G27630	40	20	29	27	23	12
AT3G27640	44	87	50	11	26	23
AT3G27650	164	112	201	103	84	106
AT3G27660	171	167	268	112	94	108
AT3G27670	999	805	784	530	543	994
AT3G27690	21074	33307	24511	19491	33727	12486
AT3G27700	1087	1117	1095	833	876	1384
AT3G27710	2	2	5	2	2	8
AT3G27720	1	0	0	1	1	5
AT3G27730	17	24	15	5	9	15
AT3G27740	2684	2938	2690	1819	2105	2224
AT3G27750	577	721	678	637	758	551
AT3G27770	1662	1773	2141	1985	1478	2153
AT3G27785	0	0	0	1	0	0
AT3G27809	4	0	43	21	11	42
AT3G27810	4	0	38	28	10	47
AT3G27820	6645	7002	7263	5341	5879	6718
AT3G27830	20711	25951	25440	15429	18690	16265
AT3G27831	29	27	28	21	26	28
AT3G27835	0	0	1	0	0	0
AT3G27850	20403	24221	23686	14147	18932	14139
AT3G27860	63	73	37	22	26	29
AT3G27865	24	28	29	6	14	14
AT3G27870	220	177	209	140	141	286
AT3G27880	94	114	113	214	164	184
AT3G27884	1	1	0	1	0	0
AT3G27890	1961	1886	2215	2599	2022	2252
AT3G27900	12	15	12	2	4	8
AT3G27906	320	373	413	334	299	414
AT3G27910	0	0	0	0	0	1
AT3G27920	37	47	43	7	15	16
AT3G27925	5513	5796	6196	6688	6398	5780
AT3G27930	377	441	365	387	355	534
AT3G27940	55	52	52	98	60	103
AT3G27960	751	775	903	241	260	445
AT3G27970	61	53	52	18	10	22
AT3G27980	33	33	15	24	13	31
AT3G27990	359	296	329	457	313	509
AT3G28007	48	47	124	160	80	136
AT3G28030	591	506	368	162	195	560
AT3G28040	4456	5106	4343	2197	2829	3110
AT3G28050	1583	1678	1850	3151	2283	3234
AT3G28060	6	18	10	16	16	24
AT3G28070	1649	1902	2047	2284	2083	1976
AT3G28080	955	1167	1143	1168	908	1083
AT3G28100	692	693	791	1228	815	982
AT3G28130	470	559	587	713	652	491
AT3G28140	297	292	314	262	233	290
AT3G28150	62	77	67	33	52	68
AT3G28155	3	4	5	3	0	3
AT3G28170	8	9	8	4	1	32
AT3G28180	1643	1990	2148	899	1025	1330
AT3G28193	0	0	0	1	0	0
AT3G28200	1068	1366	1377	771	781	661
AT3G28210	185	56	441	1317	358	1871
AT3G28216	0	0	0	0	1	1
AT3G28220	2164	3745	6451	4329	3339	3393
AT3G28230	0	1	2	1	1	0
AT3G28270	8250	10377	12500	8417	6198	8595
AT3G28290	139	220	942	444	337	743
AT3G28291	0	0	0	0	0	1
AT3G28300	144	227	809	510	264	774
AT3G28310	3	2	1	1	1	2
AT3G28330	0	1	1	1	0	2
AT3G28340	122	85	150	185	98	177
AT3G28345	544	445	365	52	73	109
AT3G28360	2	1	1	0	0	1
AT3G28370	28	42	41	46	39	72
AT3G28380	2	1	0	3	3	6
AT3G28390	0	2	0	0	0	0
AT3G28415	1	0	0	0	0	0
AT3G28420	206	194	190	106	119	168
AT3G28430	689	657	624	452	466	722
AT3G28450	622	621	656	757	540	835
AT3G28455	151	168	178	112	155	122
AT3G28460	1000	1229	1203	848	968	1271
AT3G28470	4	3	1	6	2	15
AT3G28480	843	679	889	1533	1006	1708
AT3G28500	498	977	491	476	802	436
AT3G28510	92	1	42	2727	2252	5469
AT3G28540	2429	980	1213	3356	2042	6853
AT3G28550	2	2	0	0	1	1
AT3G28560	5	12	8	11	11	18
AT3G28570	22	24	19	16	25	17
AT3G28580	33	12	26	291	145	335
AT3G28590	1	0	0	0	3	1
AT3G28600	9	1	7	39	72	62
AT3G28610	2	9	3	13	4	8
AT3G28620	10	14	7	6	9	21
AT3G28630	35	20	13	19	13	32
AT3G28640	42	46	40	45	37	90
AT3G28660	41	50	53	30	32	57
AT3G28670	560	614	569	672	587	858
AT3G28674	0	0	0	4	0	7
AT3G28680	0	0	0	0	0	2
AT3G28690	1043	1064	1192	1478	1220	1541
AT3G28695	0	0	1	0	0	0
AT3G28700	409	489	448	469	440	548
AT3G28710	3331	3545	3938	3653	3340	4449
AT3G28715	1916	2119	2287	1867	1728	2130
AT3G28720	1204	1247	1308	1364	1092	1652
AT3G28730	1878	2261	1948	1202	1472	2342
AT3G28740	19	38	75	470	102	424
AT3G28750	9	58	8	7	16	22
AT3G28760	697	779	739	437	588	474
AT3G28770	130	118	110	129	138	97
AT3G28780	0	48	0	0	3	1
AT3G28790	0	248	1	0	16	0
AT3G28830	14	234	10	3	16	3
AT3G28840	84	179	164	263	183	240
AT3G28850	81	79	90	228	106	188
AT3G28857	17	56	25	21	33	23
AT3G28860	2754	3021	2404	1006	1842	1688
AT3G28870	0	0	0	1	0	0
AT3G28880	6	12	8	12	6	29
AT3G28890	65	31	21	456	145	494
AT3G28899	1	9	4	5	44	83
AT3G28900	2172	2640	2364	1359	1636	1594
AT3G28910	369	365	456	360	324	371
AT3G28917	0	0	1	2	1	0
AT3G28920	2005	2538	2727	2532	2643	2460
AT3G28925	1	0	8	4	2	4
AT3G28930	943	889	1148	2187	1031	1800
AT3G28940	3299	3362	4209	6513	4221	5962
AT3G28950	385	377	453	940	541	915
AT3G28956	114	128	110	116	115	166
AT3G28958	4	6	0	5	3	3
AT3G28960	74	97	81	67	77	69
AT3G28970	649	748	700	817	615	852
AT3G28980	1	179	2	0	8	0
AT3G29000	28	7	36	257	73	227
AT3G29010	74	78	69	106	73	119
AT3G29020	1	3	2	10	3	20
AT3G29030	4838	4803	4464	2055	4099	1950
AT3G29034	49	20	85	333	73	315
AT3G29035	65	21	54	84	40	67
AT3G29040	0	2	0	0	0	0
AT3G29060	3	4	1	1	1	1
AT3G29070	0	6	0	0	0	1
AT3G29075	1065	1140	1095	945	801	1173
AT3G29090	659	787	786	605	605	668
AT3G29095	0	0	0	0	1	0
AT3G29100	115	137	126	99	108	130
AT3G29110	1	0	3	0	0	0
AT3G29130	203	235	189	192	202	256
AT3G29140	49	37	33	42	43	54
AT3G29160	1077	1050	1106	1043	937	1068
AT3G29170	343	344	383	722	429	820
AT3G29180	1157	1142	1240	1319	1196	1777
AT3G29185	2545	2950	2653	1324	1790	1730
AT3G29190	2	3	4	21	6	30
AT3G29195	0	1	0	3	0	3
AT3G29200	2922	2816	3121	1380	1619	1623
AT3G29230	1436	1584	1648	866	1053	837
AT3G29240	7369	6790	7008	10305	8221	9575
AT3G29250	10	9	30	786	324	937
AT3G29260	0	0	1	0	0	0
AT3G29270	509	503	494	581	518	579
AT3G29280	190	312	242	104	156	100
AT3G29290	1662	1615	1629	984	1011	1189
AT3G29300	2	3	2	0	4	2
AT3G29310	525	562	532	405	406	653
AT3G29320	1960	2579	2074	1198	2031	3056
AT3G29330	81	84	75	134	112	171
AT3G29340	0	0	0	0	1	4
AT3G29350	1050	1118	1026	1336	1011	1363
AT3G29360	3929	4510	4257	3109	3453	4224
AT3G29370	27	69	25	10	27	5
AT3G29375	611	720	672	544	549	665
AT3G29380	0	6	1	0	0	0
AT3G29385	2	0	0	0	0	0
AT3G29390	1830	1874	1442	915	983	1699
AT3G29400	646	616	687	616	533	855
AT3G29410	16	17	20	7	5	11
AT3G29570	1	0	0	0	0	0
AT3G29575	478	271	642	2512	1141	2726
AT3G29580	0	2	0	0	0	0
AT3G29590	290	295	332	568	617	995
AT3G29630	1	0	1	0	1	0
AT3G29633	2	0	6	9	2	6
AT3G29635	1	2	0	0	0	0
AT3G29638	1	0	0	6	1	1
AT3G29639	43	52	56	47	39	59
AT3G29644	203	254	243	178	192	197
AT3G29670	270	312	174	210	166	185
AT3G29680	87	107	77	76	78	99
AT3G29690	2	2	3	9	5	4
AT3G29760	1074	981	883	754	578	944
AT3G29770	336	326	301	245	229	210
AT3G29780	0	0	0	1	0	0
AT3G29791	2	6	4	4	1	3
AT3G29800	2	0	0	0	0	0
AT3G29810	301	284	371	484	260	486
AT3G29970	4	0	5	3	3	3
AT3G30160	0	0	1	0	0	0
AT3G30180	802	754	1168	984	436	826
AT3G30210	0	0	0	1	0	0
AT3G30260	1	0	0	0	0	0
AT3G30300	1593	1801	1605	1065	1133	1608
AT3G30340	23	6	27	11	24	20
AT3G30345	1	0	0	0	1	0
AT3G30350	1	0	2	1	1	0
AT3G30380	381	425	338	373	346	420
AT3G30390	8144	7563	9816	13090	9825	12106
AT3G30460	257	276	308	214	246	174
AT3G30530	29	8	26	2	9	7
AT3G30580	0	0	0	0	2	0
AT3G30720	158	167	116	107	122	232
AT3G30725	4	0	5	3	4	2
AT3G30730	8	12	4	0	4	1
AT3G30768	0	1	0	0	0	1
AT3G30770	1	0	1	1	2	2
AT3G30775	663	810	878	613	369	749
AT3G30820	0	0	1	0	0	0
AT3G30841	245	246	266	315	237	282
AT3G30842	2	0	0	3	0	3
AT3G32030	1	0	0	3	0	1
AT3G32040	0	1	0	0	1	0
AT3G32150	1	0	0	0	0	0
AT3G32400	1	0	0	0	0	1
AT3G32905	1	1	2	0	0	0
AT3G32920	2	5	0	1	3	8
AT3G32930	2272	2576	2887	2269	2488	2275
AT3G32940	425	487	403	294	292	471
AT3G32980	174	97	123	110	72	85
AT3G33520	617	738	660	501	543	490
AT3G33528	2	1	0	1	10	2
AT3G33530	1868	1605	1517	1178	1248	1984
AT3G36659	6	0	0	7	3	3
AT3G41761	2	0	0	1	2	3
AT3G41762	357	126	144	83	100	104
AT3G41768	855155	98462	37911	48736	59314	53708
AT3G41979	3791	2098	2445	2834	2394	3248
AT3G42050	10317	11646	12458	10099	10383	11081
AT3G42150	390	491	454	560	408	643
AT3G42170	1614	1942	1643	873	1320	1414
AT3G42180	12	18	7	8	3	9
AT3G42380	1	0	0	0	0	0
AT3G42550	1	0	1	0	1	3
AT3G42570	3	2	1	7	1	6
AT3G42630	402	353	390	396	340	416
AT3G42640	293	376	230	179	160	379
AT3G42660	546	642	470	164	317	309
AT3G42670	164	192	153	66	110	135
AT3G42725	28	38	31	28	36	26
AT3G42790	1672	1764	1701	3220	2296	4059
AT3G42800	8	4	1	2	2	6
AT3G42850	21	27	16	7	9	10
AT3G42860	107	78	81	63	69	115
AT3G42950	659	682	738	546	636	707
AT3G42960	36	123	10	23	41	39
AT3G43110	8	7	9	23	14	28
AT3G43148	1	0	0	0	0	0
AT3G43190	75	45	53	17	36	49
AT3G43210	341	362	284	143	154	296
AT3G43220	1769	1764	1601	1304	1200	1803
AT3G43230	1182	1255	1402	2144	1610	2305
AT3G43240	747	813	760	659	678	831
AT3G43250	2	0	13	46	6	30
AT3G43260	0	0	0	2	0	0
AT3G43270	628	830	1500	1306	695	1339
AT3G43300	3610	3270	2911	1922	2102	5180
AT3G43430	54	54	52	59	45	43
AT3G43440	328	329	295	686	405	750
AT3G43520	2456	2535	3062	4059	3316	3889
AT3G43540	1964	2277	2177	1668	1829	1849
AT3G43580	42	70	67	44	57	55
AT3G43590	1076	1249	1020	426	616	816
AT3G43600	1208	1036	1159	368	493	1026
AT3G43610	929	953	879	360	504	779
AT3G43660	0	0	0	0	1	0
AT3G43670	126	104	143	438	231	413
AT3G43700	240	223	260	141	141	278
AT3G43710	0	0	0	0	1	0
AT3G43720	3805	4291	4185	2690	3373	2630
AT3G43740	606	666	660	794	600	766
AT3G43790	40	33	39	58	30	61
AT3G43800	1543	1645	1392	1654	1279	2098
AT3G43810	2480	2891	2743	2852	2698	3359
AT3G43829	0	0	0	0	1	0
AT3G43833	0	1	0	0	0	0
AT3G43840	11	13	8	5	10	15
AT3G43850	1	0	0	3	3	4
AT3G43920	311	357	270	99	127	188
AT3G43930	10	13	10	14	14	10
AT3G43940	0	0	0	0	1	0
AT3G43960	174	199	166	96	164	152
AT3G43970	0	1	0	2	2	7
AT3G43980	1686	1712	1679	1241	1220	1145
AT3G44006	0	0	0	0	0	1
AT3G44010	7702	7905	7829	6319	6145	6128
AT3G44020	1067	1252	1359	1262	1213	818
AT3G44050	234	321	178	26	51	105
AT3G44060	0	2	1	1	0	1
AT3G44100	2498	2731	2842	4054	3173	3962
AT3G44110	15728	15540	18398	6991	8313	9998
AT3G44120	35	35	61	52	35	50
AT3G44150	627	761	615	583	569	552
AT3G44160	379	479	454	447	439	609
AT3G44180	0	0	0	3	0	0
AT3G44190	845	768	1024	1683	891	2170
AT3G44200	1066	1128	876	267	411	708
AT3G44220	95	115	81	53	86	53
AT3G44260	394	242	337	1235	1105	616
AT3G44280	438	408	496	517	459	558
AT3G44290	0	4	2	1	1	1
AT3G44300	646	969	12399	6491	2179	6530
AT3G44310	67025	77074	92345	109584	94547	108012
AT3G44320	231	190	453	1225	439	1314
AT3G44326	8	0	1	31	4	44
AT3G44330	2409	2608	2678	3678	2924	6527
AT3G44340	2182	2171	1961	1851	1763	2612
AT3G44350	47	5	25	91	44	100
AT3G44370	427	432	506	570	447	593
AT3G44380	525	645	559	403	528	275
AT3G44400	350	234	279	618	325	907
AT3G44430	1214	1276	1325	1137	1182	1192
AT3G44440	10	12	15	5	4	8
AT3G44444	5	2	1	0	3	2
AT3G44450	1948	2247	2216	2363	1985	1925
AT3G44460	0	0	0	1	0	0
AT3G44480	3951	3307	2867	1915	1726	4422
AT3G44490	3	3	2	1	1	0
AT3G44510	7	0	2	32	13	44
AT3G44530	616	475	445	551	491	647
AT3G44540	9	1	4	8	5	8
AT3G44550	21	8	24	33	7	32
AT3G44560	1	1	5	1	0	2
AT3G44570	9	7	8	73	29	78
AT3G44580	2	2	6	44	26	56
AT3G44590	1414	1774	1563	1119	1228	1090
AT3G44600	1000	1167	1090	531	608	1046
AT3G44610	347	459	476	265	328	272
AT3G44620	1655	1777	1906	1528	1755	1557
AT3G44630	3625	3038	2613	1659	1529	3425
AT3G44660	0	2	0	0	0	0
AT3G44670	3092	2639	2080	1609	1257	3519
AT3G44680	644	630	612	735	624	802
AT3G44690	116	108	75	30	44	79
AT3G44700	1	0	2	2	3	1
AT3G44710	0	0	0	0	0	1
AT3G44713	34	43	38	27	26	93
AT3G44716	52	62	74	31	65	32
AT3G44720	1952	1864	2527	4417	2694	4630
AT3G44730	202	321	170	31	92	142
AT3G44735	1368	1330	1435	1196	997	1034
AT3G44740	223	260	217	145	143	171
AT3G44750	1390	2140	1565	751	1061	992
AT3G44755	4	9	1	7	4	7
AT3G44760	0	3	0	1	0	0
AT3G44765	3	10	4	1	4	3
AT3G44770	24	25	24	7	15	23
AT3G44790	8	6	5	3	8	5
AT3G44798	150	160	217	300	224	337
AT3G44800	18	17	16	13	11	12
AT3G44805	8	10	12	16	10	10
AT3G44820	448	370	425	433	338	641
AT3G44830	6	2	7	27	8	9
AT3G44840	1	0	1	2	0	1
AT3G44850	485	486	469	176	239	341
AT3G44860	1778	1195	2422	6651	3929	10790
AT3G44870	0	2	1	3	0	7
AT3G44880	2939	2972	3745	6137	3744	6702
AT3G44890	8218	9676	9523	5007	7491	5847
AT3G44900	21	29	22	56	25	113
AT3G44910	0	0	0	6	1	20
AT3G44930	0	0	0	0	2	0
AT3G44940	140	126	148	55	82	54
AT3G44950	2	4	2	3	7	1
AT3G44960	57	70	43	17	23	28
AT3G44970	132	123	365	36	71	281
AT3G44990	1527	1720	4364	1508	2405	562
AT3G45000	2	2	0	2	0	4
AT3G45010	3132	3862	4222	1954	2230	2169
AT3G45020	69	91	82	170	120	215
AT3G45030	4114	4955	4487	2541	2971	2868
AT3G45040	401	365	491	771	479	758
AT3G45050	1487	1690	1615	1514	1451	1522
AT3G45060	121	73	940	219	57	347
AT3G45070	8	1	5	0	0	11
AT3G45080	1	0	0	0	0	1
AT3G45090	576	731	609	315	434	602
AT3G45093	1	0	0	1	0	0
AT3G45100	393	452	439	541	445	689
AT3G45110	0	1	1	1	1	0
AT3G45130	52	79	274	257	102	284
AT3G45140	27958	37815	60176	58404	62234	106324
AT3G45150	0	0	0	0	0	3
AT3G45160	1381	1384	1834	636	672	565
AT3G45180	0	2	3	5	4	1
AT3G45190	2379	2396	2141	1383	1555	2116
AT3G45210	1058	1224	1261	1391	1294	1254
AT3G45230	373	584	411	204	279	244
AT3G45240	961	1025	963	1103	944	1366
AT3G45242	961	1025	963	1103	944	1366
AT3G45260	336	275	354	1041	547	1620
AT3G45280	6	24	17	13	4	6
AT3G45290	222	200	238	316	223	442
AT3G45300	954	857	1050	1015	806	1405
AT3G45310	755	968	1135	2005	1471	2508
AT3G45320	1	0	0	1	0	2
AT3G45330	5	1	1	27	18	33
AT3G45390	31	16	26	38	29	62
AT3G45400	210	223	224	200	197	214
AT3G45410	29	32	31	27	36	41
AT3G45420	79	66	58	37	44	73
AT3G45430	91	93	106	50	81	55
AT3G45440	12	21	12	20	12	45
AT3G45443	279	303	251	443	317	707
AT3G45460	1	0	0	0	0	0
AT3G45480	2	0	0	1	2	1
AT3G45490	3	4	2	4	1	7
AT3G45500	0	0	0	0	1	3
AT3G45530	0	2	4	1	1	4
AT3G45540	0	0	1	0	0	0
AT3G45560	0	0	0	0	1	0
AT3G45590	62	69	83	145	97	140
AT3G45600	710	695	924	2308	1247	1752
AT3G45610	118	173	87	55	103	86
AT3G45620	990	714	917	2165	1434	2661
AT3G45630	1771	1691	1664	1178	1155	2091
AT3G45638	41	28	16	37	18	40
AT3G45640	1599	1419	1596	1685	1403	2206
AT3G45650	101	113	72	127	76	190
AT3G45660	1	2	2	78	20	124
AT3G45670	0	0	1	5	2	10
AT3G45680	125	138	112	90	115	139
AT3G45690	1	0	0	0	0	0
AT3G45700	0	0	1	0	0	0
AT3G45710	41	67	39	12	24	19
AT3G45730	104	61	140	745	461	615
AT3G45740	384	453	437	440	369	426
AT3G45750	349	348	245	284	260	378
AT3G45760	0	0	0	0	0	1
AT3G45770	1289	1394	1519	2171	1720	2083
AT3G45780	7410	7481	6278	3306	4390	5962
AT3G45790	0	0	0	2	0	2
AT3G45800	0	1	0	0	0	1
AT3G45820	15	9	4	6	3	10
AT3G45830	888	780	775	389	448	1117
AT3G45840	1	1	2	0	0	1
AT3G45850	1596	1578	1254	248	470	745
AT3G45860	1414	921	742	2040	1183	2818
AT3G45870	34	49	26	21	32	44
AT3G45880	77	93	105	100	75	118
AT3G45890	383	418	358	446	374	757
AT3G45900	592	735	701	544	572	687
AT3G45930	973	1251	913	422	814	545
AT3G45940	15	22	18	21	18	16
AT3G45950	0	2	1	7	2	5
AT3G45960	7	4	7	9	5	18
AT3G45970	337	530	586	356	72	369
AT3G45980	3483	4383	3724	3108	3674	3175
AT3G46000	1169	1113	1328	2693	1542	2609
AT3G46010	3404	3763	3674	4702	3653	4676
AT3G46020	156	164	169	120	121	176
AT3G46030	3056	3732	3338	2384	2673	2442
AT3G46040	2984	3427	3324	2963	2857	3194
AT3G46060	2668	2916	3046	3680	2992	4000
AT3G46070	0	1	2	33	9	41
AT3G46080	198	25	350	920	271	1032
AT3G46086	0	0	0	0	0	2
AT3G46090	136	48	203	688	233	642
AT3G46100	1700	2003	1921	1416	1413	1755
AT3G46110	113	126	143	170	142	173
AT3G46120	1	0	0	0	1	0
AT3G46130	599	832	786	1018	705	1277
AT3G46140	1	0	1	3	2	4
AT3G46150	9	22	15	64	31	64
AT3G46160	0	1	1	3	2	3
AT3G46170	2	3	2	0	1	2
AT3G46180	273	287	265	401	303	543
AT3G46190	0	0	1	0	0	0
AT3G46200	268	266	246	236	193	286
AT3G46210	405	459	465	262	290	295
AT3G46220	546	589	538	347	360	838
AT3G46230	232	51	218	1354	621	1510
AT3G46240	0	0	1	0	0	0
AT3G46260	1	0	0	0	0	1
AT3G46270	0	1	0	0	0	0
AT3G46280	33	13	99	181	108	211
AT3G46290	1337	1398	1317	1018	1052	1441
AT3G46300	2	0	5	6	2	5
AT3G46310	1	5	1	0	2	0
AT3G46320	944	1210	990	370	705	423
AT3G46340	0	1	0	0	0	0
AT3G46370	142	115	133	108	111	165
AT3G46380	0	0	0	1	0	0
AT3G46420	0	2	0	0	0	0
AT3G46430	2359	3039	2849	3117	2601	3148
AT3G46440	373	431	520	900	533	1096
AT3G46450	1167	1120	1473	1248	1100	1971
AT3G46460	768	915	928	1103	825	1077
AT3G46480	2	3	1	1	2	0
AT3G46490	488	390	486	39	157	112
AT3G46500	9	2	4	2	8	1
AT3G46510	2337	2240	2336	2418	2412	3531
AT3G46520	6	20	9	8	7	11
AT3G46530	3141	3308	2719	808	1227	2049
AT3G46540	1409	1459	1642	1278	1378	1515
AT3G46550	1883	2261	2050	1413	1747	1526
AT3G46560	1659	1968	1806	1605	1619	1613
AT3G46580	218	248	260	240	242	322
AT3G46590	2640	2813	2686	2225	2354	2934
AT3G46600	1277	1170	1280	1666	1141	2327
AT3G46610	1121	1085	1153	632	779	897
AT3G46614	1	3	0	1	1	0
AT3G46616	2	0	0	0	0	0
AT3G46620	441	386	427	1319	1001	1239
AT3G46630	1609	1907	1953	1488	1524	1164
AT3G46640	161	205	270	236	160	330
AT3G46650	957	1154	1485	1034	1086	1041
AT3G46658	171	76	477	672	208	1010
AT3G46660	150	60	434	621	182	949
AT3G46666	1	1	0	11	0	7
AT3G46668	773	907	1220	755	828	1167
AT3G46670	678	794	1107	567	714	973
AT3G46680	1	1	14	18	5	24
AT3G46690	50	12	46	67	52	91
AT3G46700	12	0	44	58	25	125
AT3G46710	0	1	0	0	0	0
AT3G46720	4	3	0	5	3	7
AT3G46730	13	9	9	5	7	47
AT3G46740	7176	7784	6671	3676	5151	4701
AT3G46750	1	0	0	0	0	0
AT3G46760	0	0	0	0	1	0
AT3G46770	29	22	27	22	21	28
AT3G46780	29644	42526	34058	16473	28627	25772
AT3G46790	506	561	562	279	376	476
AT3G46800	0	0	0	1	0	2
AT3G46810	0	0	0	0	0	2
AT3G46820	792	936	988	729	736	769
AT3G46830	1102	1273	1287	1170	1106	1266
AT3G46840	0	1	0	1	0	0
AT3G46850	3	0	0	0	0	1
AT3G46870	512	571	553	365	384	386
AT3G46880	154	213	248	71	102	57
AT3G46890	37	44	51	11	34	23
AT3G46900	241	286	183	559	321	626
AT3G46904	0	1	0	0	0	0
AT3G46910	2	1	2	3	0	1
AT3G46920	537	509	435	312	303	591
AT3G46930	190	166	232	407	224	555
AT3G46940	563	732	630	232	435	234
AT3G46950	132	142	105	125	99	149
AT3G46960	858	918	729	218	369	690
AT3G46970	767	1057	1045	2054	2006	3894
AT3G46980	965	1087	1106	1219	1154	1396
AT3G46990	176	239	181	99	139	156
AT3G47000	1403	1521	1386	935	1154	1345
AT3G47010	456	505	427	412	407	400
AT3G47020	0	0	0	1	0	0
AT3G47030	48	33	55	26	28	18
AT3G47040	1	0	0	3	1	5
AT3G47050	5	1	0	18	10	19
AT3G47060	797	800	818	622	713	1104
AT3G47070	21160	25539	25055	18425	21048	14291
AT3G47080	1172	1370	1451	1004	881	1243
AT3G47090	192	137	183	305	189	398
AT3G47100	21	20	24	30	20	22
AT3G47110	26	28	22	20	25	61
AT3G47120	515	585	513	407	383	557
AT3G47130	1	2	4	1	2	0
AT3G47150	0	0	0	0	0	1
AT3G47160	58	65	93	372	157	366
AT3G47180	28	33	33	11	18	12
AT3G47190	0	1	1	1	1	1
AT3G47200	1	4	0	2	0	0
AT3G47210	2	6	0	3	2	1
AT3G47220	18	16	10	14	14	10
AT3G47250	3924	3473	3946	2885	2878	4255
AT3G47290	2373	2623	2607	1685	1900	1965
AT3G47295	778	1225	983	767	979	562
AT3G47300	172	199	192	367	245	411
AT3G47340	253	65	659	231	91	693
AT3G47341	0	0	1	0	0	0
AT3G47342	49	36	39	23	38	25
AT3G47347	75	72	74	40	58	54
AT3G47348	514	452	429	205	279	209
AT3G47350	1511	1249	1399	3539	2194	3943
AT3G47360	152	178	198	87	77	103
AT3G47370	4453	5696	5526	2985	3735	3359
AT3G47380	74	107	164	86	85	102
AT3G47390	812	936	884	779	752	955
AT3G47400	78	82	62	37	47	63
AT3G47420	3659	3611	4490	7320	4966	8011
AT3G47430	2963	3155	3624	2927	2747	2327
AT3G47440	0	6	1	10	2	7
AT3G47450	1975	2021	1989	900	1253	1324
AT3G47460	236	250	181	55	60	154
AT3G47470	209597	269388	241384	246015	286750	184764
AT3G47480	383	176	255	3119	1275	2777
AT3G47490	1078	1326	1297	2074	1575	1887
AT3G47500	3674	4179	3667	2543	3197	3359
AT3G47510	221	219	223	231	150	265
AT3G47520	3682	4269	4204	2358	2686	3171
AT3G47530	57	61	75	95	75	104
AT3G47540	541	583	466	1701	1045	1152
AT3G47550	292	299	377	919	500	962
AT3G47560	1024	1180	1198	871	891	857
AT3G47570	273	258	217	406	280	631
AT3G47580	377	408	399	279	242	324
AT3G47590	446	526	533	515	425	582
AT3G47600	256	240	266	182	193	235
AT3G47610	659	694	707	472	585	1048
AT3G47620	1471	1665	1628	2797	2319	2562
AT3G47630	267	304	256	321	290	316
AT3G47640	846	912	954	508	910	610
AT3G47650	10367	11768	12467	6586	8385	6093
AT3G47660	8	11	5	24	11	141
AT3G47670	623	644	680	717	578	721
AT3G47675	237	286	216	153	160	175
AT3G47680	770	744	611	615	522	852
AT3G47690	122	175	148	91	111	146
AT3G47700	284	290	288	290	264	532
AT3G47710	0	0	1	0	0	0
AT3G47720	0	0	0	2	0	3
AT3G47730	1086	914	1185	1205	1060	1521
AT3G47750	443	499	481	176	319	230
AT3G47780	136	87	177	700	269	1020
AT3G47790	1	0	2	14	10	45
AT3G47800	452	527	625	592	509	682
AT3G47810	2064	2381	2711	3762	2960	4482
AT3G47820	261	225	213	523	363	476
AT3G47830	76	87	83	61	83	50
AT3G47833	1011	1167	1218	1638	1300	1583
AT3G47836	1353	1426	1415	1872	1652	1989
AT3G47840	27	9	17	26	16	44
AT3G47850	649	755	783	916	778	1069
AT3G47860	687	760	849	376	590	658
AT3G47870	8	7	1	1	3	3
AT3G47890	1491	1384	1155	433	525	1235
AT3G47910	2581	2354	1924	592	780	1714
AT3G47930	1055	1165	1023	743	955	922
AT3G47940	247	282	305	330	273	342
AT3G47950	91	88	73	84	101	139
AT3G47960	5133	5419	6410	3910	4170	6662
AT3G47965	118	95	144	294	155	250
AT3G47980	17	23	34	25	26	23
AT3G47990	740	818	831	894	686	973
AT3G48000	8435	8265	11119	11247	9807	14098
AT3G48010	3	7	3	15	2	18
AT3G48020	56	10	65	283	128	329
AT3G48030	1122	1251	1342	1492	1216	1710
AT3G48040	303	358	284	249	269	286
AT3G48050	2865	2764	2431	1820	2030	3552
AT3G48060	1231	1088	989	622	800	1158
AT3G48070	1170	1165	1337	1306	1134	1519
AT3G48080	389	129	118	412	321	654
AT3G48090	1261	972	966	1149	1193	2661
AT3G48100	313	234	335	334	267	358
AT3G48110	3694	3750	3192	1512	2080	2482
AT3G48115	471	507	527	611	523	685
AT3G48120	309	303	265	177	184	312
AT3G48131	0	0	0	0	1	0
AT3G48140	9528	10761	11446	15706	12027	15849
AT3G48150	188	210	204	98	137	165
AT3G48160	98	149	108	31	78	52
AT3G48170	1487	1773	2029	1908	1972	2912
AT3G48180	21	13	36	56	31	57
AT3G48185	77	93	99	80	67	85
AT3G48190	1117	891	749	232	307	771
AT3G48195	592	562	579	458	462	849
AT3G48200	6127	6716	6494	3043	3614	4449
AT3G48201	3	3	1	5	4	4
AT3G48208	0	1	0	0	1	0
AT3G48210	171	236	226	193	204	302
AT3G48230	1	1	0	1	1	2
AT3G48240	105	90	91	171	114	149
AT3G48250	216	194	220	131	150	238
AT3G48260	23	14	34	10	5	10
AT3G48280	454	491	643	521	524	466
AT3G48290	48	93	78	52	89	42
AT3G48300	30	17	12	24	24	40
AT3G48310	1493	1677	1906	2228	1622	2263
AT3G48320	1137	1212	1452	1749	1375	1826
AT3G48330	606	786	724	895	790	856
AT3G48340	8	3	2	3	4	2
AT3G48350	159	163	198	209	232	311
AT3G48360	76	36	165	60	44	114
AT3G48380	706	767	783	949	795	1482
AT3G48390	90	99	87	146	104	236
AT3G48400	1	0	0	9	2	12
AT3G48410	72	84	104	68	90	134
AT3G48420	8206	9812	10092	6039	8001	5587
AT3G48425	348	366	326	185	262	295
AT3G48430	1038	1047	872	310	454	892
AT3G48440	246	309	318	229	276	298
AT3G48450	13	14	24	55	9	48
AT3G48460	3475	3787	4207	2316	2773	2341
AT3G48470	195	250	196	90	145	209
AT3G48480	35	61	43	29	41	43
AT3G48490	88	167	120	96	103	110
AT3G48500	2060	2030	1648	466	821	1264
AT3G48510	18	26	13	8	32	18
AT3G48515	0	0	0	1	0	0
AT3G48520	74	6	522	1899	109	3337
AT3G48530	744	804	916	1492	1036	1845
AT3G48540	42	65	41	18	33	28
AT3G48550	131	165	134	110	98	93
AT3G48560	26774	30003	26871	18540	23393	19172
AT3G48570	379	453	458	833	526	910
AT3G48580	11	21	37	37	12	68
AT3G48590	734	822	777	1071	800	802
AT3G48600	109	114	132	121	126	109
AT3G48610	2328	2694	2530	1273	1628	1639
AT3G48620	1	0	2	3	3	5
AT3G48630	40	2	11	174	80	158
AT3G48640	86	15	64	486	284	517
AT3G48660	126	187	150	112	127	86
AT3G48670	821	956	806	197	429	554
AT3G48680	1350	1422	1583	2536	1929	2774
AT3G48690	5968	6453	8223	8715	7081	8356
AT3G48700	33	36	53	18	46	40
AT3G48710	709	747	592	312	309	641
AT3G48720	1633	1947	2008	2027	2043	1670
AT3G48730	6873	8152	8050	3336	5666	4842
AT3G48740	4025	4634	3951	3263	2696	2693
AT3G48750	1651	1652	1838	1791	1779	2004
AT3G48760	1151	1198	1296	2174	1358	2198
AT3G48770	53	77	43	14	28	50
AT3G48780	1207	1315	1348	1699	1407	2431
AT3G48790	70	79	52	43	29	77
AT3G48800	697	751	770	608	547	644
AT3G48810	233	221	204	103	123	144
AT3G48820	365	444	412	485	403	769
AT3G48830	107	109	137	171	136	289
AT3G48840	4	3	2	22	10	24
AT3G48850	123	20	256	841	290	778
AT3G48860	950	1000	1035	1348	1090	1782
AT3G48870	6084	6551	4707	1671	3166	5118
AT3G48880	617	655	657	668	576	940
AT3G48890	1579	1590	1936	3532	2078	3004
AT3G48900	21	37	26	95	52	186
AT3G48920	1	2	1	9	4	17
AT3G48930	9551	12155	10947	6252	7878	7026
AT3G48940	0	0	0	0	2	0
AT3G48950	0	1	0	0	0	0
AT3G48960	0	1	0	0	0	0
AT3G48970	24	83	42	11	48	20
AT3G48980	248	327	213	100	198	157
AT3G48990	2876	2896	6611	9430	4873	8869
AT3G49000	588	623	560	320	337	453
AT3G49010	12506	16477	14150	6626	9623	8531
AT3G49020	1	0	0	0	0	0
AT3G49030	1	0	0	0	0	0
AT3G49040	0	1	0	0	1	0
AT3G49050	682	694	637	379	467	632
AT3G49051	4	2	2	8	2	8
AT3G49055	27	14	15	17	8	44
AT3G49060	946	977	853	558	474	1004
AT3G49070	58	79	65	54	37	65
AT3G49080	1609	1962	1827	773	1036	1051
AT3G49100	342	398	387	491	376	492
AT3G49110	627	354	984	258	489	430
AT3G49120	3425	3625	9794	17608	10407	27013
AT3G49130	2	1	92	150	24	218
AT3G49140	2443	2711	2431	1052	1171	2100
AT3G49142	31	45	22	27	23	40
AT3G49150	0	2	2	1	2	6
AT3G49160	40	29	38	211	89	275
AT3G49170	115	97	125	76	98	118
AT3G49180	355	386	300	254	260	342
AT3G49190	5	7	12	8	10	12
AT3G49200	0	1	0	2	0	1
AT3G49210	92	60	209	210	89	324
AT3G49220	5161	6341	5842	3669	3913	4720
AT3G49230	1	0	3	3	2	7
AT3G49240	1104	1292	938	384	542	748
AT3G49250	318	346	315	182	256	351
AT3G49260	1193	1357	1072	548	1349	627
AT3G49270	0	6	4	2	3	0
AT3G49290	435	672	455	120	220	238
AT3G49300	21	31	30	25	74	22
AT3G49310	638	734	732	1081	789	1232
AT3G49320	127	130	111	151	109	191
AT3G49330	45	57	48	49	42	60
AT3G49340	13	7	4	12	14	22
AT3G49350	624	495	574	832	581	875
AT3G49360	531	495	592	686	527	646
AT3G49370	105	78	69	111	95	133
AT3G49380	8	7	5	11	6	22
AT3G49390	746	903	991	1253	1093	1341
AT3G49400	96	112	92	66	87	94
AT3G49410	72	105	66	12	24	27
AT3G49420	134	148	142	227	154	232
AT3G49430	2678	3291	2980	2141	2154	2441
AT3G49450	0	0	1	0	0	0
AT3G49470	3783	4620	4275	2567	2788	2731
AT3G49480	2	6	7	3	4	12
AT3G49490	1582	1757	1688	1229	1268	2348
AT3G49500	850	946	651	649	741	1584
AT3G49510	37	25	26	34	31	37
AT3G49520	0	0	0	1	0	7
AT3G49530	593	617	680	697	547	944
AT3G49540	1	9	15	13	16	11
AT3G49550	111	116	91	169	111	196
AT3G49551	14	10	13	13	3	14
AT3G49560	2897	3347	3179	2558	2763	3102
AT3G49570	23	45	113	706	241	614
AT3G49580	49	44	195	1506	384	1094
AT3G49590	461	404	486	566	448	765
AT3G49600	1060	1125	908	499	653	1115
AT3G49601	1973	2231	1840	769	988	1770
AT3G49620	172	124	496	323	18	202
AT3G49630	0	0	0	1	0	1
AT3G49640	424	449	438	506	341	662
AT3G49645	182	218	228	189	179	216
AT3G49650	246	282	237	76	148	170
AT3G49660	188	237	160	79	132	167
AT3G49668	361	376	332	198	240	134
AT3G49670	2966	3431	2935	1611	2422	1521
AT3G49680	4910	5541	5264	3018	4583	3138
AT3G49690	14	20	30	13	26	20
AT3G49710	162	162	110	64	92	134
AT3G49720	4151	5206	5037	3129	3558	3484
AT3G49725	213	197	228	143	183	301
AT3G49730	206	258	214	120	147	187
AT3G49740	49	37	66	36	35	69
AT3G49750	122	125	97	63	95	71
AT3G49760	3	1	0	0	1	1
AT3G49770	0	1	0	0	0	0
AT3G49780	502	312	494	906	456	817
AT3G49790	234	164	214	232	147	199
AT3G49796	0	0	1	2	1	4
AT3G49800	1075	1013	1231	1536	1207	2207
AT3G49810	664	754	774	393	509	514
AT3G49820	5	4	2	1	2	4
AT3G49830	2	2	4	1	2	5
AT3G49840	193	184	179	143	135	169
AT3G49845	0	2	3	4	2	4
AT3G49850	704	771	814	687	606	667
AT3G49860	9	2	10	17	4	30
AT3G49870	2022	2141	2535	2673	2082	2527
AT3G49880	571	505	526	566	550	774
AT3G49890	263	324	275	139	166	197
AT3G49900	259	307	271	114	216	142
AT3G49910	14984	17029	16204	13280	14493	15534
AT3G49920	56	58	64	68	58	95
AT3G49930	5	13	6	15	8	6
AT3G49940	534	547	669	521	500	504
AT3G49950	12	20	9	6	9	15
AT3G49960	5	6	8	0	1	1
AT3G49970	12	19	17	4	3	2
AT3G49980	3	7	12	6	8	6
AT3G49990	1631	1884	1645	790	938	1144
AT3G50000	1870	2015	2399	1429	1500	1793
AT3G50010	6	9	14	10	19	10
AT3G50030	0	2	0	3	1	3
AT3G50040	36	49	32	28	25	56
AT3G50050	209	253	190	149	133	242
AT3G50060	627	620	629	864	708	624
AT3G50070	435	421	477	290	364	361
AT3G50080	443	455	479	658	465	748
AT3G50100	149	214	165	49	91	68
AT3G50110	219	272	269	118	148	202
AT3G50120	1	10	7	3	6	7
AT3G50130	2	9	7	1	5	6
AT3G50140	13	19	13	16	10	13
AT3G50170	12	19	13	2	10	7
AT3G50190	8	17	15	14	11	14
AT3G50200	6	4	1	11	6	14
AT3G50210	202	169	186	407	277	517
AT3G50220	79	82	69	69	65	72
AT3G50230	15	22	12	17	23	27
AT3G50240	832	855	617	107	208	286
AT3G50250	1	0	0	0	0	0
AT3G50260	26	6	110	564	226	537
AT3G50270	1061	1212	1281	1151	1379	1067
AT3G50280	171	184	159	278	273	453
AT3G50290	0	0	0	0	2	8
AT3G50300	13	5	10	2	2	12
AT3G50310	5	8	8	17	8	9
AT3G50330	2	3	3	3	3	2
AT3G50340	343	397	418	302	453	326
AT3G50350	222	210	153	137	185	93
AT3G50360	969	1067	1130	1219	905	1296
AT3G50370	4912	4219	3121	1923	2586	5225
AT3G50373	0	0	0	0	1	0
AT3G50380	1606	1302	1017	348	437	1024
AT3G50390	8	6	4	12	15	17
AT3G50400	4	2	8	40	13	14
AT3G50410	116	214	172	114	169	106
AT3G50420	28	24	28	43	26	58
AT3G50430	207	249	199	229	201	363
AT3G50440	1385	1522	2045	1493	1455	1505
AT3G50450	6	4	2	9	11	5
AT3G50460	0	0	1	8	1	6
AT3G50470	215	108	74	438	220	479
AT3G50480	3557	1387	3239	12172	5914	13079
AT3G50500	671	664	867	1564	1014	1716
AT3G50510	3	5	4	0	3	0
AT3G50520	570	616	644	751	687	793
AT3G50530	1592	1734	1586	692	961	883
AT3G50540	0	0	0	3	0	1
AT3G50550	752	826	893	1167	833	1196
AT3G50560	905	768	911	313	308	307
AT3G50570	53	90	82	58	63	98
AT3G50580	3	3	2	4	10	11
AT3G50590	2874	2834	2449	1324	1732	2947
AT3G50610	3	1	2	2	6	1
AT3G50620	183	177	191	172	168	189
AT3G50630	574	602	634	418	447	356
AT3G50640	1	1	1	7	2	5
AT3G50650	172	153	164	478	267	527
AT3G50660	302	272	281	236	224	276
AT3G50665	1	0	0	0	0	0
AT3G50670	2289	2634	2079	1334	1509	2140
AT3G50685	4487	5542	5813	4967	6539	3275
AT3G50690	1651	1657	1576	1315	1272	1655
AT3G50700	159	108	135	167	141	210
AT3G50710	0	0	5	0	0	0
AT3G50720	1	0	1	0	0	0
AT3G50740	684	672	965	1432	1418	879
AT3G50750	940	1174	983	1076	1064	1020
AT3G50760	153	135	183	484	377	590
AT3G50770	322	165	327	3888	1322	4349
AT3G50780	667	778	681	601	657	663
AT3G50790	1718	2124	1906	1403	1820	1273
AT3G50800	82	66	52	104	109	82
AT3G50808	0	0	0	0	0	4
AT3G50810	67	64	83	197	84	169
AT3G50820	50735	68640	64951	59850	69154	42948
AT3G50825	180	186	153	102	111	71
AT3G50830	1896	1983	2279	3193	2115	2685
AT3G50840	367	297	301	426	384	383
AT3G50845	101	117	111	106	89	94
AT3G50850	25	34	21	23	26	50
AT3G50860	359	363	381	413	389	500
AT3G50870	49	79	50	24	36	23
AT3G50880	425	418	422	480	447	431
AT3G50890	274	303	197	109	203	110
AT3G50900	144	93	158	340	208	243
AT3G50910	1386	1238	1541	2201	1563	2777
AT3G50920	573	549	551	676	623	643
AT3G50930	345	228	474	669	567	1141
AT3G50940	13	8	7	44	21	56
AT3G50950	4287	3340	3210	3061	3028	6574
AT3G50960	89	132	89	61	104	94
AT3G50970	48	51	328	395	64	441
AT3G50980	2	0	7	16	1	3
AT3G50990	1	1	2	1	0	2
AT3G51000	1524	1541	2047	3520	2258	3737
AT3G51010	1260	1402	1372	1413	1305	1425
AT3G51020	1	1	0	1	1	2
AT3G51030	166	206	225	155	213	218
AT3G51040	443	450	498	624	550	626
AT3G51050	1808	1945	1911	1626	1678	2503
AT3G51060	33	43	47	21	40	23
AT3G51070	199	188	168	82	90	121
AT3G51075	229	249	203	94	103	160
AT3G51080	404	469	427	204	391	165
AT3G51090	193	207	263	252	203	299
AT3G51100	682	845	840	690	637	1058
AT3G51110	374	379	341	499	432	795
AT3G51120	1313	1165	1082	733	912	1418
AT3G51130	878	935	1162	1545	1132	1612
AT3G51140	2775	3179	3413	2128	2630	2696
AT3G51150	1306	1543	1136	307	509	698
AT3G51160	1384	1618	1520	1101	1269	1601
AT3G51171	0	0	0	0	0	2
AT3G51180	80	113	74	57	59	85
AT3G51190	0	1	1	2	3	9
AT3G51200	0	1	0	0	0	0
AT3G51220	87	115	111	67	71	68
AT3G51230	58	68	67	31	36	35
AT3G51238	5310	5123	6072	3272	4320	5720
AT3G51240	5867	5783	6827	3487	4725	6154
AT3G51250	1500	1486	1632	1494	1433	2033
AT3G51260	3353	3585	3969	5236	4248	5436
AT3G51265	0	0	0	0	0	1
AT3G51270	1270	1581	1414	861	993	1135
AT3G51280	200	294	282	71	110	129
AT3G51290	144	171	157	77	138	98
AT3G51300	49	46	57	42	62	36
AT3G51310	1393	1626	1549	736	936	1381
AT3G51320	191	230	201	205	197	292
AT3G51325	17	37	25	15	19	25
AT3G51330	410	130	239	1516	744	1605
AT3G51340	117	94	75	166	118	198
AT3G51350	19	14	19	69	43	83
AT3G51360	0	0	0	7	6	21
AT3G51370	3538	3579	3893	5093	4001	4836
AT3G51375	1	2	7	0	3	3
AT3G51380	34	42	57	14	43	16
AT3G51390	210	250	250	378	309	479
AT3G51400	7	16	11	31	21	30
AT3G51420	4798	5193	5487	5467	4760	5539
AT3G51430	621	414	720	4111	1807	4601
AT3G51440	219	42	242	1509	647	2088
AT3G51450	793	520	1115	2347	1511	4316
AT3G51460	1394	1440	1439	1395	1278	1906
AT3G51470	245	277	295	112	219	131
AT3G51480	405	384	320	166	231	382
AT3G51490	36	56	23	27	16	81
AT3G51500	454	467	474	694	505	886
AT3G51510	3590	4469	4462	5427	5239	4646
AT3G51520	1185	1150	1295	1581	1347	1493
AT3G51530	245	258	263	185	201	240
AT3G51540	7	10	13	26	15	39
AT3G51550	4508	4709	4772	3375	3664	4903
AT3G51560	0	0	0	0	1	2
AT3G51570	0	0	0	0	0	1
AT3G51580	762	843	869	685	589	974
AT3G51590	180	5	167	58	203	108
AT3G51600	19884	21080	25059	20562	21287	19097
AT3G51610	782	822	902	1258	986	1306
AT3G51620	811	813	774	697	698	1196
AT3G51630	1666	1601	1713	1664	1483	2575
AT3G51632	1643	1579	1684	1637	1457	2542
AT3G51640	1175	1221	1178	714	834	1356
AT3G51642	1	2	0	1	1	2
AT3G51650	843	958	905	593	645	998
AT3G51660	343	192	750	1357	497	1411
AT3G51670	2805	2901	3372	2411	2531	2430
AT3G51680	2	0	6	1	0	0
AT3G51710	54	46	62	28	45	41
AT3G51720	448	533	444	150	304	190
AT3G51730	4708	4353	5099	6966	5113	6792
AT3G51740	543	723	577	196	337	376
AT3G51750	866	866	874	807	720	675
AT3G51760	102	81	81	119	106	133
AT3G51770	1164	1152	1139	1029	1019	1551
AT3G51780	1036	1197	1181	1223	1139	1149
AT3G51790	412	433	511	710	491	847
AT3G51800	5289	6750	6154	3015	3757	3844
AT3G51810	0	0	3	4	2	3
AT3G51820	9427	10741	10891	7357	8711	7646
AT3G51830	676	791	776	805	654	926
AT3G51840	2751	2748	2934	3355	2784	4123
AT3G51850	2472	2447	2440	1943	1963	2585
AT3G51860	1673	1553	2899	11708	3917	13169
AT3G51870	1304	1534	1397	591	656	906
AT3G51880	2706	3044	2817	2057	1989	2230
AT3G51890	541	461	561	1525	899	1776
AT3G51895	4089	5068	4510	5703	3833	5304
AT3G51910	67	52	70	31	26	44
AT3G51915	2	1	1	4	3	3
AT3G51920	4727	5111	5097	4967	4471	4305
AT3G51930	112	136	155	71	95	101
AT3G51940	196	199	183	239	154	261
AT3G51950	6090	6372	5588	3228	3491	3805
AT3G51960	145	162	199	266	168	315
AT3G51970	131	123	168	181	133	201
AT3G51980	1077	1164	1128	1237	1103	1841
AT3G51990	252	286	262	328	267	342
AT3G52000	2	0	0	0	0	0
AT3G52010	0	1	3	0	1	0
AT3G52030	665	661	588	540	513	722
AT3G52040	1228	1667	1463	924	1010	1031
AT3G52050	696	765	798	617	680	739
AT3G52060	1367	1589	1478	1986	1715	1909
AT3G52070	191	248	221	463	338	369
AT3G52072	269	318	290	537	395	453
AT3G52080	2	3	3	5	3	25
AT3G52090	1560	1940	1878	2178	2063	2181
AT3G52100	493	473	406	296	301	454
AT3G52105	495	541	462	877	594	855
AT3G52110	302	437	358	341	288	362
AT3G52115	59	101	64	30	26	97
AT3G52120	1600	1808	1790	1765	1464	2414
AT3G52130	179	277	117	51	62	67
AT3G52140	4634	4929	3646	1322	1960	3708
AT3G52150	9576	11859	11465	5136	7306	6122
AT3G52155	860	1192	1216	1165	1062	1235
AT3G52160	56	9	61	61	68	131
AT3G52170	408	495	377	106	168	205
AT3G52180	418	487	582	732	723	1015
AT3G52190	333	403	395	708	535	765
AT3G52200	1543	1858	1596	1195	1195	2120
AT3G52210	343	410	372	304	294	385
AT3G52220	1747	2054	2088	1404	1545	1931
AT3G52230	6212	7338	7691	6695	6560	5131
AT3G52240	463	475	483	493	425	900
AT3G52250	1951	1628	1474	983	1077	2225
AT3G52260	360	432	314	257	277	359
AT3G52270	8	15	1	26	12	19
AT3G52280	529	560	499	541	432	753
AT3G52290	669	811	656	295	476	377
AT3G52300	7510	9209	9184	10319	8890	11891
AT3G52310	132	81	71	78	68	176
AT3G52320	0	0	0	3	0	10
AT3G52330	0	1	1	0	2	5
AT3G52340	1655	1899	1945	1252	1264	1400
AT3G52350	2	1	1	0	1	1
AT3G52360	1285	1606	1574	1215	1226	758
AT3G52370	1100	1400	1502	757	1206	703
AT3G52380	10325	12423	12128	6325	8382	6213
AT3G52390	110	175	152	123	109	188
AT3G52400	503	178	579	2050	850	1637
AT3G52420	357	433	390	662	522	765
AT3G52430	656	457	501	3034	1927	3065
AT3G52440	0	2	1	0	0	0
AT3G52450	51	42	57	28	40	40
AT3G52460	30	22	34	65	68	56
AT3G52470	1489	1523	1851	2727	2435	3141
AT3G52480	99	92	100	218	161	161
AT3G52490	157	178	122	114	125	206
AT3G52500	2377	3515	3338	2926	3047	3000
AT3G52510	1	1	0	4	1	5
AT3G52520	23	31	33	26	27	24
AT3G52525	38	36	35	8	40	23
AT3G52530	32	13	13	17	10	26
AT3G52535	297	305	316	415	308	371
AT3G52540	66	70	65	105	79	97
AT3G52550	52	66	77	36	39	45
AT3G52560	2973	3022	3286	4208	3553	4222
AT3G52561	3	4	5	0	3	0
AT3G52570	213	284	293	497	355	551
AT3G52580	1984	2618	2241	2150	2082	2571
AT3G52590	13033	14977	14682	12578	12935	13156
AT3G52600	0	0	0	2	1	7
AT3G52605	256	327	310	380	330	356
AT3G52610	722	836	850	905	807	851
AT3G52620	0	4	1	3	3	4
AT3G52630	227	311	240	83	202	86
AT3G52640	859	978	967	1000	871	1355
AT3G52660	996	1068	1008	834	774	1014
AT3G52670	114	140	99	81	68	115
AT3G52680	161	142	156	152	155	202
AT3G52690	0	0	0	0	0	1
AT3G52700	332	290	372	1004	742	840
AT3G52710	309	255	340	994	725	826
AT3G52720	5721	6524	5481	2465	2927	2917
AT3G52730	2823	3514	3472	3556	3201	3431
AT3G52740	1062	1224	1382	1346	1230	1183
AT3G52742	3	4	6	12	4	14
AT3G52748	74	46	133	292	113	186
AT3G52750	2988	3411	3527	1964	2899	2388
AT3G52760	481	604	569	905	639	885
AT3G52765	0	0	1	0	0	0
AT3G52770	29	38	42	83	50	59
AT3G52780	1	6	1	45	23	76
AT3G52790	2	0	3	12	1	2
AT3G52800	1976	1925	2742	5648	3428	5493
AT3G52810	15	65	6	2	19	7
AT3G52820	34	61	55	226	89	607
AT3G52830	0	0	0	1	0	5
AT3G52840	2013	2249	2320	1414	1641	1760
AT3G52850	4161	4504	4984	3902	3709	6948
AT3G52860	353	462	436	347	364	469
AT3G52870	2184	2389	2314	1479	1874	1865
AT3G52880	17284	18540	20060	16595	16654	20944
AT3G52890	925	1060	846	336	578	742
AT3G52900	365	443	343	164	236	247
AT3G52905	196	243	231	182	181	209
AT3G52910	232	254	263	226	274	273
AT3G52920	1955	2228	1923	1522	1484	1961
AT3G52930	11512	12992	13337	9660	11568	12507
AT3G52940	829	1002	1004	527	735	559
AT3G52941	0	0	0	1	0	0
AT3G52950	1488	1462	1567	946	1010	1338
AT3G52955	0	0	0	0	0	2
AT3G52960	7901	9850	9140	5634	8726	6364
AT3G52970	0	1	0	1	0	0
AT3G52980	0	1	0	0	0	0
AT3G52990	2902	3152	3677	4149	3532	4780
AT3G53000	348	269	348	594	369	559
AT3G53010	23	53	33	27	27	29
AT3G53016	0	0	0	0	1	0
AT3G53020	12691	16527	14979	10048	11541	10995
AT3G53030	563	578	540	600	575	813
AT3G53040	6	6	8	39	3	106
AT3G53060	0	0	0	1	0	0
AT3G53065	1	1	0	1	0	4
AT3G53075	0	0	0	0	0	3
AT3G53080	1	0	0	0	2	0
AT3G53090	741	770	639	496	501	917
AT3G53100	626	779	624	413	467	567
AT3G53110	2756	2960	3167	1950	2175	2756
AT3G53120	509	524	603	1069	679	1075
AT3G53130	1953	2262	2201	765	1381	880
AT3G53140	181	288	159	63	145	94
AT3G53150	22	3	6	98	75	144
AT3G53160	27	27	92	79	49	93
AT3G53170	186	217	222	79	102	120
AT3G53180	1798	1706	2387	2360	1673	2945
AT3G53190	1754	2169	1791	1219	1630	1613
AT3G53200	0	0	2	1	0	0
AT3G53210	52	96	100	127	92	93
AT3G53220	55	55	47	50	42	53
AT3G53230	1692	1013	2307	2261	1781	3487
AT3G53232	38	57	71	170	111	158
AT3G53235	79	59	56	61	60	44
AT3G53240	561	585	521	645	564	1216
AT3G53250	0	0	0	4	3	11
AT3G53260	8974	8567	8964	4665	5447	6429
AT3G53270	602	471	495	669	475	824
AT3G53280	1181	1160	1444	1315	1242	1198
AT3G53310	233	265	216	429	272	508
AT3G53320	225	290	205	68	120	148
AT3G53340	592	624	631	743	570	717
AT3G53350	238	275	230	98	108	180
AT3G53360	54	46	42	25	20	58
AT3G53365	8	11	8	8	10	12
AT3G53370	447	566	566	790	712	977
AT3G53380	544	572	544	203	387	311
AT3G53390	774	766	799	581	533	969
AT3G53400	582	529	617	1464	1032	1588
AT3G53402	582	529	617	1464	1032	1588
AT3G53410	291	296	317	503	439	579
AT3G53420	94892	115350	127252	130228	110961	114574
AT3G53430	9828	12403	11626	7779	8815	9346
AT3G53440	245	192	199	88	135	205
AT3G53450	16	6	5	4	18	12
AT3G53460	13742	15375	14388	8616	10237	13232
AT3G53470	1877	2155	2184	2217	2131	1839
AT3G53480	59	51	59	46	42	76
AT3G53490	173	193	166	270	214	295
AT3G53500	2600	3110	2836	2813	2669	3525
AT3G53510	191	201	196	319	254	385
AT3G53520	1694	2002	2097	2130	1840	2577
AT3G53530	162	219	168	114	208	138
AT3G53540	1062	1144	940	340	600	840
AT3G53550	3	0	6	1	2	3
AT3G53560	1463	1899	1791	1263	1536	1556
AT3G53570	561	650	581	616	537	745
AT3G53580	3365	3704	3683	2827	3186	2921
AT3G53590	5	1	0	1	0	0
AT3G53600	14	0	15	62	10	50
AT3G53610	850	1070	1030	998	937	1114
AT3G53611	0	1	0	0	0	0
AT3G53620	1167	1419	1378	1013	1102	1140
AT3G53630	928	975	1103	1637	1147	1836
AT3G53640	0	1	0	2	0	0
AT3G53650	313	334	339	186	237	199
AT3G53668	952	819	829	1631	1169	1959
AT3G53670	954	825	837	1640	1180	1967
AT3G53680	230	300	200	120	146	163
AT3G53690	24	19	14	64	39	66
AT3G53700	1296	1361	1366	954	1021	1106
AT3G53710	2149	2217	2221	1648	1743	2613
AT3G53720	1349	1525	1188	1912	1565	2111
AT3G53730	2656	3780	3242	1950	2427	2086
AT3G53740	7476	9170	8451	5500	6404	5977
AT3G53750	1368	1688	1466	784	1185	1048
AT3G53760	233	255	226	177	200	326
AT3G53775	0	0	0	0	0	1
AT3G53780	701	553	702	1205	816	1277
AT3G53790	9	0	14	6	11	16
AT3G53800	49	53	73	177	174	169
AT3G53810	562	484	641	631	460	621
AT3G53830	2686	2710	2601	1426	1426	1755
AT3G53840	14	15	24	13	22	24
AT3G53850	502	573	584	366	440	414
AT3G53860	66	78	67	67	69	100
AT3G53870	12751	15402	14969	8397	10252	9900
AT3G53880	298	396	337	323	345	493
AT3G53890	6029	7580	7021	5380	5438	5682
AT3G53900	890	1140	1139	468	801	525
AT3G53910	0	0	0	6	1	12
AT3G53920	2265	2481	2358	1545	1731	1890
AT3G53930	460	538	475	375	354	592
AT3G53940	186	219	179	154	170	243
AT3G53950	359	412	476	433	455	483
AT3G53960	913	668	823	1476	863	1468
AT3G53970	1054	1062	1203	3191	1870	3349
AT3G53980	93	71	80	573	236	841
AT3G53990	480	604	873	1456	929	1562
AT3G54000	82	124	96	121	114	160
AT3G54010	1206	1305	1165	702	795	1369
AT3G54020	210	260	279	378	315	440
AT3G54030	475	579	639	297	359	453
AT3G54040	55	65	55	54	59	57
AT3G54050	39588	48612	49193	28644	40027	26961
AT3G54060	15	26	9	8	6	21
AT3G54070	0	0	0	2	1	2
AT3G54080	997	1135	1081	1044	1084	1097
AT3G54085	325	372	394	457	385	467
AT3G54090	1261	1248	1337	641	931	968
AT3G54100	359	296	336	398	358	753
AT3G54110	1251	1528	1590	2125	1704	2595
AT3G54120	139	173	193	124	125	118
AT3G54130	282	307	365	480	353	559
AT3G54140	1856	1639	1958	1577	1507	1744
AT3G54150	35	7	53	202	78	184
AT3G54160	22	17	26	21	26	28
AT3G54170	521	631	593	415	351	519
AT3G54180	143	177	145	112	159	131
AT3G54190	1415	1542	1393	946	924	1521
AT3G54200	470	387	533	927	635	871
AT3G54210	14692	18237	18790	12531	15914	12268
AT3G54220	1731	2033	1774	961	1088	1123
AT3G54230	1684	1576	1287	999	1043	1635
AT3G54240	0	0	0	8	3	26
AT3G54250	278	427	290	196	261	277
AT3G54260	234	259	313	233	218	391
AT3G54270	91	80	71	63	63	111
AT3G54280	2683	2288	1927	835	965	1901
AT3G54290	841	922	915	1233	962	1059
AT3G54300	875	1007	993	1123	929	1227
AT3G54310	2	2	1	4	1	9
AT3G54320	189	221	210	109	155	164
AT3G54340	151	200	135	68	141	49
AT3G54350	1156	1238	1043	794	799	1312
AT3G54360	3584	3856	4341	3539	3341	4313
AT3G54363	72	85	105	112	99	159
AT3G54366	753	715	913	1307	906	1298
AT3G54380	375	325	432	612	423	742
AT3G54390	560	593	518	470	448	491
AT3G54400	3322	4430	4117	1245	1982	2187
AT3G54410	1	7	7	3	16	6
AT3G54420	284	232	306	631	338	639
AT3G54430	278	403	315	167	215	217
AT3G54440	2108	2181	2148	1449	1692	2702
AT3G54450	0	5	0	7	0	16
AT3G54460	1542	1519	1380	880	1003	1436
AT3G54470	2955	3264	3025	1665	2091	1949
AT3G54480	1346	1274	1339	1795	1428	2009
AT3G54490	5	19	2	9	10	11
AT3G54500	24304	26925	20228	7139	9730	11318
AT3G54510	90	80	96	38	35	41
AT3G54520	0	0	4	0	0	0
AT3G54530	2	0	0	2	2	1
AT3G54540	3395	3581	3367	1396	1969	2777
AT3G54550	0	0	0	3	1	0
AT3G54560	861	1068	869	420	692	481
AT3G54570	0	0	0	0	0	7
AT3G54580	0	1	0	0	0	0
AT3G54600	6142	6750	7584	6446	6765	5295
AT3G54610	383	360	360	366	370	512
AT3G54620	1450	1424	1756	1887	1470	2587
AT3G54625	188	221	191	111	177	176
AT3G54630	168	208	175	105	164	162
AT3G54640	1849	1981	2071	3886	2061	3900
AT3G54650	703	860	801	841	731	1015
AT3G54660	12556	12349	13607	12295	11537	11622
AT3G54670	1225	1202	817	256	331	690
AT3G54680	528	550	615	835	585	875
AT3G54690	1326	1545	1565	953	1088	1161
AT3G54700	2	10	0	9	1	10
AT3G54710	108	174	122	16	49	33
AT3G54720	879	946	730	429	596	417
AT3G54730	8	4	8	7	9	3
AT3G54740	234	265	259	292	292	530
AT3G54750	497	609	465	176	271	298
AT3G54760	2487	2651	2155	672	1042	1884
AT3G54770	2	21	3	1	16	0
AT3G54780	66	75	68	50	56	113
AT3G54790	689	634	583	359	486	571
AT3G54800	0	0	0	0	2	1
AT3G54810	1173	1326	1330	1442	1077	1564
AT3G54820	728	778	986	1229	1226	1742
AT3G54826	874	938	946	1315	1055	1217
AT3G54830	1000	1360	1293	653	1052	547
AT3G54840	1388	1402	1481	1704	1446	1586
AT3G54850	510	416	521	725	588	878
AT3G54860	697	662	686	523	563	903
AT3G54870	14	20	18	12	10	69
AT3G54880	394	450	350	331	341	456
AT3G54890	151583	198955	171439	181788	230941	141988
AT3G54900	5702	6357	6515	6381	6497	5070
AT3G54910	244	311	254	149	198	235
AT3G54920	1294	1763	1552	2448	1863	3617
AT3G54925	0	0	0	0	0	2
AT3G54930	141	176	159	72	104	118
AT3G54940	0	1	0	0	2	2
AT3G54950	423	335	454	546	488	679
AT3G54960	868	784	857	2420	1755	3384
AT3G54970	344	371	332	192	212	246
AT3G54980	283	258	252	157	152	301
AT3G54990	111	109	155	78	120	114
AT3G55000	743	864	747	449	528	631
AT3G55005	418	526	461	365	406	479
AT3G55010	1808	2067	1764	929	1193	907
AT3G55020	2532	2706	2438	1469	1734	2680
AT3G55030	658	741	794	739	708	841
AT3G55040	2772	3297	3317	3193	3403	2973
AT3G55050	599	586	679	635	526	679
AT3G55060	112	140	88	28	60	86
AT3G55070	847	906	1000	1009	927	1342
AT3G55080	582	594	536	362	434	558
AT3G55090	101	113	139	241	174	282
AT3G55100	0	21	0	1	3	1
AT3G55110	986	1088	964	572	1063	640
AT3G55120	1049	1336	1231	1030	1146	1274
AT3G55130	2022	1684	2155	2338	2109	3078
AT3G55140	786	890	1020	986	870	1021
AT3G55150	3	4	6	11	7	24
AT3G55160	618	568	458	150	206	402
AT3G55170	1022	1432	1190	992	1015	937
AT3G55180	0	0	0	1	0	1
AT3G55200	1630	1770	1442	759	1226	1447
AT3G55210	0	0	2	7	2	17
AT3G55220	1872	1813	1529	1059	1315	1895
AT3G55230	54	67	54	24	33	39
AT3G55240	102	170	200	223	308	143
AT3G55250	2807	3407	3374	3242	2997	2807
AT3G55260	1190	1221	1050	1262	1154	1388
AT3G55270	1419	1321	1327	1945	1533	2568
AT3G55280	3377	4145	3632	2296	2568	2706
AT3G55290	254	368	481	291	295	355
AT3G55310	55	64	66	46	61	59
AT3G55320	1139	932	924	744	733	1307
AT3G55330	7840	9571	9498	4572	6023	3918
AT3G55340	721	897	735	170	347	407
AT3G55350	285	396	299	340	302	375
AT3G55360	2601	3191	2862	1826	2423	1844
AT3G55370	160	194	189	123	128	167
AT3G55380	686	707	679	984	868	1182
AT3G55390	73	82	70	47	73	82
AT3G55400	2913	3229	3096	1416	2218	1658
AT3G55410	4284	4606	4392	3332	3341	5820
AT3G55420	598	911	625	409	559	406
AT3G55430	1617	1885	2203	3291	1666	3908
AT3G55440	18070	21537	25459	27226	25468	33666
AT3G55450	184	197	216	337	301	451
AT3G55460	2292	2486	2447	2995	2585	3147
AT3G55470	426	328	488	1573	715	1362
AT3G55480	1283	1289	1138	616	666	1197
AT3G55485	16	19	8	8	8	14
AT3G55490	180	221	202	264	211	256
AT3G55500	113	222	225	690	602	501
AT3G55510	585	688	530	197	288	334
AT3G55515	9	0	13	2	7	7
AT3G55520	1052	1305	1164	1906	1442	2461
AT3G55530	471	505	571	662	561	704
AT3G55540	0	1	0	0	0	0
AT3G55550	1	0	1	1	0	0
AT3G55560	442	512	637	720	514	669
AT3G55570	13	12	11	0	2	1
AT3G55580	108	123	127	53	58	63
AT3G55590	0	0	0	0	0	1
AT3G55600	161	189	222	239	172	248
AT3G55605	351	350	360	382	351	441
AT3G55610	5572	5909	5841	2790	3250	5297
AT3G55620	2313	2441	2545	2292	2064	2083
AT3G55630	3369	3994	3252	1129	1614	1506
AT3G55640	534	503	534	581	451	926
AT3G55646	318	482	499	316	368	177
AT3G55650	4	2	4	0	1	1
AT3G55660	166	179	152	27	101	89
AT3G55690	129	169	134	102	127	98
AT3G55700	33	33	21	67	71	104
AT3G55710	817	906	487	56	352	82
AT3G55720	16	10	31	8	7	8
AT3G55730	163	202	184	185	204	247
AT3G55734	1	8	6	1	4	2
AT3G55735	1	2	0	0	1	3
AT3G55740	406	416	515	618	470	548
AT3G55750	5551	7273	6454	3982	4630	4639
AT3G55760	494	667	537	650	628	1096
AT3G55770	3270	3137	3545	6041	4383	7488
AT3G55780	2	4	4	24	9	35
AT3G55790	0	0	3	11	2	1
AT3G55800	52031	62844	63862	30069	43222	28486
AT3G55810	0	0	0	2	2	37
AT3G55820	42	38	55	53	63	55
AT3G55830	1250	1149	1393	2962	1764	3279
AT3G55840	386	421	453	927	540	1022
AT3G55850	595	611	490	508	429	767
AT3G55860	3	0	1	1	0	0
AT3G55870	0	1	0	0	0	0
AT3G55880	133	140	175	652	344	536
AT3G55890	21	31	48	91	37	115
AT3G55900	5	6	10	18	6	48
AT3G55910	3	8	10	24	16	54
AT3G55920	406	507	433	423	362	539
AT3G55930	0	2	0	0	1	2
AT3G55940	94	125	99	72	101	82
AT3G55950	248	195	219	513	326	471
AT3G55960	1603	1871	1819	2077	1686	1977
AT3G55970	313	170	2222	2149	688	3434
AT3G55980	740	610	739	1202	996	1346
AT3G55990	270	369	230	120	136	173
AT3G56000	164	137	114	89	79	103
AT3G56010	2753	3517	3601	2264	2498	2312
AT3G56020	3553	4251	3642	3399	3494	2974
AT3G56030	92	96	127	208	168	225
AT3G56040	3977	4355	3766	1621	2285	2354
AT3G56050	3360	3578	3458	3506	3320	3776
AT3G56060	955	956	1041	844	1031	939
AT3G56070	1803	2295	1706	1247	1469	1389
AT3G56080	385	392	543	1608	886	1724
AT3G56085	0	0	0	0	1	0
AT3G56090	1082	1350	1274	645	638	838
AT3G56100	121	143	140	27	78	55
AT3G56110	652	801	685	1036	822	1221
AT3G56120	624	688	577	293	343	413
AT3G56130	1732	2110	2035	1220	1502	1370
AT3G56140	3397	3487	3464	3158	2871	3550
AT3G56150	10553	11638	10602	3911	5568	7155
AT3G56160	3332	3640	3319	2558	3152	2613
AT3G56170	283	274	385	819	448	834
AT3G56180	1	2	0	12	2	6
AT3G56190	3621	3507	4358	5627	4204	6543
AT3G56200	1196	1376	1641	1969	1212	2453
AT3G56210	1241	1315	1409	1890	1609	1713
AT3G56220	57	100	70	1	22	17
AT3G56230	21	40	17	15	20	20
AT3G56240	5049	6808	4536	8717	7401	6758
AT3G56250	48	63	29	38	39	46
AT3G56260	210	189	221	386	376	367
AT3G56270	409	423	387	135	244	331
AT3G56290	12880	12227	14350	9333	8104	6771
AT3G56300	254	285	190	96	125	158
AT3G56310	3156	2795	2973	3174	2728	4600
AT3G56320	237	249	199	127	109	256
AT3G56330	236	271	188	195	246	302
AT3G56340	9413	12551	11423	6058	7777	7120
AT3G56350	2	1	2	2	0	2
AT3G56360	15926	14998	18583	23164	20473	16322
AT3G56370	3469	3701	3407	1148	2421	1727
AT3G56380	2	0	0	13	3	11
AT3G56390	1	1	0	21	5	45
AT3G56400	3057	1389	1431	5094	3577	6389
AT3G56408	936	865	703	507	492	1319
AT3G56410	891	822	672	453	449	1203
AT3G56420	0	0	0	2	0	2
AT3G56430	546	646	613	361	412	489
AT3G56440	166	172	190	225	186	260
AT3G56450	269	297	244	220	215	347
AT3G56460	2431	2917	3012	2830	2828	4130
AT3G56470	100	141	107	112	115	142
AT3G56480	1017	1098	915	449	621	707
AT3G56490	1577	1790	1696	1509	1515	1473
AT3G56500	3	5	4	16	8	23
AT3G56510	839	845	887	576	516	673
AT3G56530	0	2	0	0	0	0
AT3G56540	1	2	0	4	2	2
AT3G56550	17	22	15	20	14	19
AT3G56570	80	80	76	30	48	58
AT3G56580	626	713	681	909	794	1125
AT3G56590	1726	2069	1856	1281	1458	1761
AT3G56600	3	2	5	5	0	26
AT3G56610	0	0	0	1	0	1
AT3G56620	146	194	122	195	224	266
AT3G56630	1414	1681	1621	1789	1596	1769
AT3G56640	314	357	327	163	225	308
AT3G56650	2106	2335	2208	1309	1524	1282
AT3G56660	6	7	5	13	6	27
AT3G56670	0	0	0	1	0	0
AT3G56680	2362	2728	2755	2919	2553	4483
AT3G56690	401	400	376	237	248	484
AT3G56700	1	6	2	1	6	5
AT3G56705	3	10	8	29	11	21
AT3G56710	335	126	182	1054	737	1011
AT3G56720	328	368	359	327	359	635
AT3G56730	23	27	32	30	34	42
AT3G56740	304	353	351	426	357	554
AT3G56750	838	975	944	874	834	916
AT3G56760	543	608	527	401	406	474
AT3G56770	37	37	48	46	32	58
AT3G56780	8	4	4	0	6	8
AT3G56790	4	6	7	10	12	33
AT3G56800	5699	6086	6720	9616	7409	8893
AT3G56810	370	508	400	180	281	229
AT3G56820	185	200	222	367	223	391
AT3G56825	11	20	24	62	31	60
AT3G56830	181	241	224	206	168	267
AT3G56840	656	720	694	907	632	979
AT3G56850	625	721	703	853	703	946
AT3G56860	3827	4119	3540	1825	2351	3097
AT3G56870	122	156	129	13	33	45
AT3G56880	572	609	721	1421	1404	1576
AT3G56890	38	36	41	42	19	31
AT3G56891	9	6	6	21	2	19
AT3G56900	266	310	265	146	201	215
AT3G56910	18621	22866	23104	12783	17517	11162
AT3G56920	7	3	3	7	7	6
AT3G56930	340	336	378	421	305	336
AT3G56940	81939	104044	105107	60360	80734	57718
AT3G56950	913	930	1014	1498	1139	1551
AT3G56960	106	122	89	42	56	147
AT3G56970	4766	4642	6144	2048	3563	1190
AT3G56980	3141	3166	4105	1511	2740	672
AT3G56990	1183	1224	1055	401	598	613
AT3G57000	1166	1293	1265	827	886	1058
AT3G57010	128	144	248	250	91	348
AT3G57020	3034	2724	3748	3840	2902	4208
AT3G57030	925	1084	1038	629	777	871
AT3G57040	1461	1654	1965	1089	1307	983
AT3G57050	2373	2454	2727	2753	2723	2943
AT3G57060	306	370	244	97	156	242
AT3G57062	927	1029	1169	1187	1115	1059
AT3G57070	999	1033	1106	844	884	874
AT3G57072	0	0	0	4	5	1
AT3G57080	380	399	376	358	327	432
AT3G57090	1011	1006	1172	2066	1358	2086
AT3G57100	3	3	4	15	8	30
AT3G57110	5	14	6	16	9	10
AT3G57120	265	312	311	467	385	496
AT3G57130	37	33	45	11	27	12
AT3G57140	170	227	213	539	334	881
AT3G57150	4381	5609	4446	2342	3075	2731
AT3G57157	54	113	105	215	111	230
AT3G57160	19	22	32	16	21	27
AT3G57170	402	415	371	435	389	599
AT3G57180	1570	1771	1562	492	817	877
AT3G57190	1469	1558	1531	792	992	952
AT3G57200	46	59	61	27	31	49
AT3G57210	1	6	5	5	3	10
AT3G57220	550	608	653	439	457	405
AT3G57230	830	810	959	1320	930	1584
AT3G57240	32	10	19	249	104	412
AT3G57250	0	0	0	1	0	3
AT3G57260	1811	411	767	17931	7499	24354
AT3G57270	2	5	5	8	4	13
AT3G57280	527	526	555	1579	822	1407
AT3G57290	4426	5306	4693	2012	2695	3346
AT3G57300	2211	2106	1757	711	876	2137
AT3G57310	1	2	1	5	2	14
AT3G57320	772	791	964	933	850	936
AT3G57330	2667	2506	2459	2579	2362	4385
AT3G57340	1034	1045	1148	1330	1045	1509
AT3G57350	432	532	450	211	301	516
AT3G57360	16	34	25	80	50	97
AT3G57370	1	4	3	3	3	8
AT3G57380	28	20	79	92	43	68
AT3G57390	244	213	252	297	198	330
AT3G57400	2418	2616	2704	3218	2512	2928
AT3G57410	3584	3489	3250	2251	2144	3827
AT3G57420	1075	1041	1029	657	852	1016
AT3G57430	200	182	161	95	144	148
AT3G57440	16	17	12	5	9	9
AT3G57450	954	946	1209	1632	1031	1265
AT3G57460	193	68	88	699	427	1475
AT3G57470	1625	1676	1288	453	661	1132
AT3G57480	187	162	149	366	211	395
AT3G57490	1066	1262	1153	769	937	927
AT3G57500	37	79	56	31	56	64
AT3G57510	1	7	93	17	2	69
AT3G57520	3717	2959	4860	4948	1640	9025
AT3G57530	1186	1049	1178	593	630	977
AT3G57540	121	170	198	708	401	706
AT3G57550	965	1045	1098	923	738	1025
AT3G57560	1207	1488	1436	770	1046	759
AT3G57570	767	771	708	390	405	708
AT3G57580	95	104	121	74	93	124
AT3G57590	151	202	149	177	169	240
AT3G57600	192	238	166	115	194	185
AT3G57610	3922	4122	4133	3307	3883	3748
AT3G57620	37	13	3	7	3	10
AT3G57630	508	544	467	381	442	756
AT3G57640	165	176	183	200	139	208
AT3G57645	2	2	5	6	3	6
AT3G57650	1644	2146	2007	1661	1811	2278
AT3G57660	1528	1503	1037	213	331	653
AT3G57670	55	76	52	28	36	44
AT3G57680	86	87	68	169	86	255
AT3G57690	10	102	6	20	16	17
AT3G57700	81	40	36	179	100	209
AT3G57710	431	451	462	513	383	699
AT3G57720	130	146	132	82	68	145
AT3G57730	141	127	139	137	126	230
AT3G57740	16	13	21	14	11	13
AT3G57750	390	411	354	433	362	471
AT3G57760	64	70	101	80	70	233
AT3G57765	54	58	70	168	92	157
AT3G57770	143	119	176	304	195	339
AT3G57780	520	511	565	151	211	358
AT3G57785	902	988	1090	1429	1067	1287
AT3G57790	480	603	585	448	406	429
AT3G57800	1183	1404	1439	1127	1153	1145
AT3G57810	839	935	895	805	751	863
AT3G57830	847	923	686	562	650	724
AT3G57860	94	110	89	95	95	139
AT3G57870	4677	5174	5093	6099	4946	6122
AT3G57880	1721	1507	1679	1460	1496	2218
AT3G57890	2032	2466	2271	2184	2212	2717
AT3G57900	0	1	0	3	6	3
AT3G57910	249	275	215	138	124	260
AT3G57920	213	323	164	82	195	110
AT3G57930	557	578	562	575	420	561
AT3G57940	605	591	497	178	278	311
AT3G57950	12	4	7	157	97	171
AT3G57960	0	0	0	3	1	2
AT3G57965	362	445	332	126	166	370
AT3G57970	272	318	242	85	119	221
AT3G57980	391	358	281	220	203	362
AT3G57990	2821	3069	3309	2402	2569	2356
AT3G58000	64	71	55	45	62	73
AT3G58010	933	1082	1115	722	859	709
AT3G58020	304	321	327	364	234	429
AT3G58030	1262	1358	1473	1751	1440	2082
AT3G58035	0	0	1	0	0	0
AT3G58040	927	965	989	851	809	1109
AT3G58050	1157	1188	1022	602	655	1487
AT3G58060	0	8	1	10	1	5
AT3G58070	279	269	227	151	183	171
AT3G58090	240	278	272	351	304	467
AT3G58100	169	231	210	113	161	102
AT3G58110	1579	1717	1383	338	541	881
AT3G58120	748	984	823	361	379	478
AT3G58130	214	242	245	234	209	267
AT3G58140	3740	4178	4364	2501	3139	2454
AT3G58150	23	19	23	62	83	82
AT3G58160	371	408	281	74	93	267
AT3G58165	0	0	0	0	0	1
AT3G58170	946	1027	1110	1233	965	1232
AT3G58180	571	640	603	613	579	703
AT3G58193	3	0	3	2	6	3
AT3G58196	2	1	9	4	2	2
AT3G58200	55	66	60	72	55	78
AT3G58210	0	0	0	4	1	11
AT3G58220	600	707	595	219	331	436
AT3G58240	2	3	2	0	3	0
AT3G58250	0	0	1	0	0	1
AT3G58260	0	0	0	0	1	0
AT3G58270	131	138	157	293	215	329
AT3G58280	1	2	0	0	0	1
AT3G58290	0	0	0	2	0	3
AT3G58300	0	0	1	0	0	0
AT3G58310	0	4	0	0	0	0
AT3G58320	0	0	1	0	0	0
AT3G58340	0	0	2	0	1	3
AT3G58350	41	53	47	10	19	9
AT3G58360	0	1	0	0	0	1
AT3G58380	8	7	9	6	5	14
AT3G58390	0	1	0	0	0	0
AT3G58410	0	0	0	1	0	0
AT3G58420	3	0	1	3	1	5
AT3G58430	112	124	103	94	80	151
AT3G58440	0	2	0	6	1	8
AT3G58450	0	0	0	2	0	3
AT3G58460	898	1077	1065	1620	1300	1592
AT3G58470	443	533	510	403	389	426
AT3G58480	12	11	4	1	0	2
AT3G58490	1242	1277	1162	1517	1164	1368
AT3G58500	4074	4296	4412	5516	4714	7302
AT3G58510	2977	3032	2723	2169	2227	2696
AT3G58520	55	57	62	30	38	94
AT3G58530	283	312	314	510	363	638
AT3G58540	10	5	3	15	22	33
AT3G58550	9	3	3	30	13	41
AT3G58560	2480	2737	2722	2005	2089	2340
AT3G58570	272	260	318	737	528	1321
AT3G58580	895	1038	1028	740	864	1085
AT3G58590	43	33	33	26	19	37
AT3G58600	643	670	706	873	619	1051
AT3G58610	18951	21325	20527	11191	16505	12196
AT3G58620	540	651	627	450	322	525
AT3G58630	265	338	311	353	329	396
AT3G58640	2596	2383	2369	2637	2571	3669
AT3G58650	132	184	126	28	76	60
AT3G58660	1952	2402	1964	782	1248	1163
AT3G58670	413	512	557	626	506	814
AT3G58680	2801	3140	3487	3899	3160	4401
AT3G58690	362	351	364	231	253	291
AT3G58700	2025	2609	2408	1813	1875	1915
AT3G58710	128	136	164	183	135	289
AT3G58720	227	300	181	119	121	167
AT3G58730	4808	5043	5769	7806	5978	7662
AT3G58740	0	1	0	0	1	3
AT3G58750	894	888	1333	1999	1386	2363
AT3G58760	645	642	643	577	515	723
AT3G58770	23	24	33	32	33	42
AT3G58780	45	88	68	50	54	56
AT3G58790	480	550	527	460	437	647
AT3G58795	78	54	65	72	79	90
AT3G58800	158	178	163	120	136	225
AT3G58810	68	55	60	21	22	49
AT3G58820	149	168	113	90	104	151
AT3G58830	1109	1326	1189	781	970	842
AT3G58840	973	1163	989	543	569	835
AT3G58850	196	279	180	112	169	104
AT3G58860	0	2	1	2	3	1
AT3G58880	0	0	0	0	0	1
AT3G58900	229	261	227	304	221	405
AT3G58910	0	0	0	2	1	1
AT3G58920	0	0	0	1	0	0
AT3G58930	257	261	221	108	178	160
AT3G58940	199	251	187	176	212	334
AT3G58950	2	1	2	3	4	12
AT3G58960	1	0	0	7	0	4
AT3G58970	1344	1440	1668	2143	1782	2470
AT3G58980	189	209	161	226	184	284
AT3G58990	3616	3443	4110	3985	4313	3378
AT3G59000	219	175	246	261	193	258
AT3G59010	1017	981	758	419	809	403
AT3G59020	3797	3643	3822	3837	3561	6417
AT3G59030	0	0	0	8	2	56
AT3G59040	2341	2821	2320	807	1148	1827
AT3G59050	1407	1589	1867	1979	1748	2674
AT3G59052	1407	1589	1867	1979	1748	2674
AT3G59060	4344	5136	4671	3743	3759	4224
AT3G59068	117	138	130	187	137	145
AT3G59070	109	135	142	214	140	147
AT3G59080	261	268	354	363	231	399
AT3G59090	1129	1124	1043	1297	1111	1423
AT3G59100	400	357	285	185	169	432
AT3G59110	722	770	661	499	652	734
AT3G59120	45	69	47	31	54	46
AT3G59130	0	1	1	2	1	4
AT3G59140	1109	1238	1191	1090	788	1755
AT3G59150	138	154	155	228	164	267
AT3G59160	1	0	0	13	0	10
AT3G59170	0	0	1	1	1	0
AT3G59190	15	14	18	6	11	14
AT3G59200	21	26	22	45	30	27
AT3G59210	355	319	410	610	351	707
AT3G59220	18	17	61	65	22	102
AT3G59230	5	1	9	2	1	1
AT3G59250	177	208	196	139	143	193
AT3G59260	0	1	0	0	1	1
AT3G59270	18	12	27	20	14	41
AT3G59280	1184	1193	1349	1724	1222	1904
AT3G59290	737	748	623	451	488	868
AT3G59300	1510	1889	1794	1700	1814	2453
AT3G59310	653	847	728	640	678	791
AT3G59320	180	215	204	107	113	195
AT3G59330	139	119	119	60	88	124
AT3G59340	0	0	4	0	0	0
AT3G59350	240	215	350	438	252	756
AT3G59360	966	1056	1070	1101	1016	1297
AT3G59370	7	16	8	2	4	5
AT3G59380	899	938	1030	1191	1062	1646
AT3G59390	189	228	253	259	222	299
AT3G59400	14059	18459	17576	12380	14433	9761
AT3G59410	779	744	681	367	351	635
AT3G59415	0	0	0	4	0	2
AT3G59420	515	585	490	186	370	327
AT3G59430	209	195	193	170	159	243
AT3G59440	7	10	5	6	6	4
AT3G59450	10	12	13	13	8	10
AT3G59455	0	13	0	0	0	0
AT3G59460	0	0	0	0	2	1
AT3G59470	211	257	278	209	217	311
AT3G59480	21	17	19	17	29	27
AT3G59490	352	407	386	372	357	489
AT3G59500	1055	1099	1251	1352	1117	1374
AT3G59510	31	210	19	43	42	100
AT3G59520	210	203	207	296	221	339
AT3G59530	163	378	138	189	189	315
AT3G59540	6603	7448	7122	4948	5176	4970
AT3G59550	115	157	122	20	46	54
AT3G59570	326	284	207	257	261	527
AT3G59580	139	119	113	52	79	108
AT3G59590	0	1	0	0	0	0
AT3G59600	1246	1554	1459	1468	1494	1501
AT3G59610	0	2	0	0	0	1
AT3G59620	1	0	1	0	0	4
AT3G59630	489	563	556	305	405	514
AT3G59640	320	343	369	503	372	556
AT3G59650	393	547	530	383	432	455
AT3G59660	1010	946	1010	1099	964	1428
AT3G59670	630	696	580	399	418	492
AT3G59680	118	141	122	80	110	86
AT3G59690	233	292	221	122	127	136
AT3G59695	186	224	180	103	102	113
AT3G59700	100	73	159	142	113	238
AT3G59710	51	54	55	66	84	79
AT3G59730	1	2	6	3	8	5
AT3G59740	11	3	1	4	0	26
AT3G59750	45	32	37	28	22	74
AT3G59760	1678	1898	1974	1585	1727	2554
AT3G59765	100	134	143	45	101	65
AT3G59770	2352	1961	1858	1990	1583	3336
AT3G59780	9780	11884	10180	4585	7174	6011
AT3G59790	14	10	19	3	8	10
AT3G59800	362	445	402	342	273	454
AT3G59810	767	907	936	1357	1019	1345
AT3G59820	236	255	290	137	181	385
AT3G59830	9	4	6	4	0	8
AT3G59840	1162	1409	1403	1451	1486	1636
AT3G59845	8	88	0	10	24	1
AT3G59850	1	2	3	1	1	0
AT3G59870	647	633	666	499	492	548
AT3G59880	169	171	192	391	238	303
AT3G59884	0	0	1	6	4	4
AT3G59890	202	318	266	105	191	178
AT3G59900	32	60	36	53	27	41
AT3G59910	2621	2470	2804	2062	2144	2292
AT3G59920	4688	5156	5297	5582	5037	6983
AT3G59930	146	37	443	83	37	110
AT3G59940	4188	5046	5920	8335	5977	6329
AT3G59950	1116	1185	1254	1248	1198	1438
AT3G59960	0	0	0	1	0	2
AT3G59970	14526	16503	16830	6428	11098	8886
AT3G59980	2017	2275	2423	1811	2017	1570
AT3G59990	2869	3093	3039	2084	2204	2729
AT3G60000	1	1	0	1	1	0
AT3G60010	3	10	2	6	3	5
AT3G60020	1	4	1	1	4	7
AT3G60030	2446	2343	2320	1695	1808	2358
AT3G60040	94	79	80	129	81	180
AT3G60050	300	315	266	296	277	531
AT3G60060	0	0	0	0	1	2
AT3G60070	192	195	207	192	186	240
AT3G60075	0	0	0	0	0	1
AT3G60080	1221	1216	1367	1662	1295	1701
AT3G60100	0	2	0	0	0	0
AT3G60110	242	203	299	207	166	301
AT3G60120	18	0	9	154	9	134
AT3G60130	871	752	1136	1773	807	2369
AT3G60140	86	54	1256	547	54	1315
AT3G60150	141	156	195	267	185	327
AT3G60160	596	631	644	466	352	881
AT3G60176	0	0	0	0	0	3
AT3G60180	223	254	325	502	321	546
AT3G60190	1413	1298	1290	1284	1165	1996
AT3G60200	85	121	148	174	124	165
AT3G60210	1142	1289	1396	1178	1183	1263
AT3G60220	179	213	154	143	203	127
AT3G60240	5351	5350	4123	1517	2157	3227
AT3G60245	17228	22106	20213	12062	15042	12184
AT3G60250	826	986	880	1255	906	1495
AT3G60260	385	427	388	473	364	502
AT3G60280	1	0	2	1	3	2
AT3G60286	31	25	34	47	21	31
AT3G60290	195	225	199	166	188	154
AT3G60300	1245	1232	1486	2306	1505	3291
AT3G60310	266	219	199	158	205	370
AT3G60318	0	1	2	4	1	11
AT3G60320	3306	3886	3387	1473	1947	2531
AT3G60330	27	36	20	18	9	40
AT3G60340	1246	1465	1472	1487	1547	1585
AT3G60350	1214	1063	1117	845	952	1445
AT3G60360	526	687	594	341	335	373
AT3G60370	1009	1251	1278	1144	1059	1233
AT3G60380	881	996	964	571	807	771
AT3G60390	260	280	245	225	322	254
AT3G60400	208	237	225	199	167	239
AT3G60410	802	904	860	1326	1031	1284
AT3G60420	793	268	748	7914	4012	7649
AT3G60440	933	1073	1202	986	1021	1012
AT3G60450	487	517	618	1038	876	1366
AT3G60460	0	2	0	7	0	5
AT3G60470	13	2	2	68	74	116
AT3G60480	376	444	481	684	565	689
AT3G60490	40	49	42	27	36	46
AT3G60500	763	916	776	358	518	560
AT3G60510	234	307	275	222	232	270
AT3G60520	292	267	269	752	581	844
AT3G60530	456	483	495	457	494	516
AT3G60540	95	43	59	520	262	522
AT3G60550	28	17	26	8	16	7
AT3G60580	56	76	60	81	63	84
AT3G60590	366	385	423	681	492	616
AT3G60600	2698	3111	3109	4906	3763	6369
AT3G60620	1121	1247	1236	706	827	888
AT3G60630	1014	1205	1248	924	981	1128
AT3G60640	214	242	240	511	346	483
AT3G60647	1	0	0	0	0	0
AT3G60650	5	0	4	0	0	0
AT3G60660	63	96	90	26	68	48
AT3G60670	17	12	26	13	13	16
AT3G60680	180	220	204	256	187	234
AT3G60690	643	544	783	1531	843	1345
AT3G60700	8	10	18	9	9	11
AT3G60710	6	10	3	9	10	13
AT3G60720	154	162	134	121	120	118
AT3G60730	10	9	5	4	5	12
AT3G60740	646	695	620	380	482	810
AT3G60750	91204	107970	106193	49428	79007	70566
AT3G60760	0	0	0	5	2	20
AT3G60770	7662	9253	8677	5287	6020	6299
AT3G60780	1	0	0	0	0	0
AT3G60790	0	0	1	0	0	0
AT3G60800	594	604	640	1023	748	1168
AT3G60810	665	778	765	672	634	746
AT3G60820	3327	3800	3949	4062	3758	4403
AT3G60830	769	1023	875	743	766	856
AT3G60840	157	241	181	22	86	88
AT3G60850	655	638	562	591	574	700
AT3G60860	1683	1569	1339	841	935	2190
AT3G60870	0	0	2	0	0	0
AT3G60880	690	787	776	381	442	491
AT3G60890	87	114	52	26	78	9
AT3G60900	159	190	137	48	148	80
AT3G60910	1083	1027	1121	1117	973	1159
AT3G60920	3	3	3	1	3	4
AT3G60940	6	8	7	16	12	34
AT3G60950	0	1	0	0	0	0
AT3G60960	275	321	298	272	274	264
AT3G60961	268	272	266	278	260	530
AT3G60966	23	5	41	416	150	343
AT3G60970	6	7	6	34	13	52
AT3G60972	3	2	0	1	5	0
AT3G60980	143	226	185	250	224	253
AT3G60990	0	1	2	1	0	0
AT3G61010	1239	1038	811	678	640	1333
AT3G61028	1	1	6	24	5	24
AT3G61035	2	1	2	2	1	5
AT3G61050	3052	3566	3250	2210	2552	2859
AT3G61060	217	146	164	394	247	419
AT3G61070	435	491	528	845	633	1195
AT3G61080	1455	1529	1579	1180	1349	1065
AT3G61090	22	18	17	16	30	8
AT3G61100	280	309	281	180	180	218
AT3G61110	6638	7329	7034	5032	5364	4900
AT3G61111	2	0	2	6	2	17
AT3G61113	63	51	75	75	88	93
AT3G61118	3	1	5	1	4	3
AT3G61120	3	2	0	0	1	2
AT3G61130	3497	3889	3719	1773	2601	2510
AT3G61140	1486	1660	1481	876	1045	1651
AT3G61150	682	647	566	528	621	605
AT3G61160	46	41	56	67	41	67
AT3G61170	20	19	17	6	11	38
AT3G61180	891	940	1012	1130	898	1288
AT3G61182	0	0	0	5	2	3
AT3G61190	54	19	71	558	236	652
AT3G61198	15	15	14	227	172	249
AT3G61200	1121	1386	1520	2313	1519	2003
AT3G61210	861	1070	836	1089	807	886
AT3G61220	3905	3966	4454	4434	3649	4513
AT3G61230	8	5	3	36	9	38
AT3G61240	2059	2335	2338	1386	1651	1856
AT3G61250	110	88	105	55	79	72
AT3G61260	3689	3850	3334	2589	2575	2396
AT3G61270	3	1	0	3	0	2
AT3G61280	596	291	318	1382	677	2141
AT3G61290	1	0	0	0	0	2
AT3G61300	2	2	2	14	4	28
AT3G61310	970	1201	1054	634	694	874
AT3G61320	637	701	599	405	431	521
AT3G61340	4	5	5	4	0	1
AT3G61350	165	183	188	180	135	253
AT3G61360	189	208	201	105	147	164
AT3G61370	205	243	236	205	184	210
AT3G61380	306	357	302	125	137	217
AT3G61390	46	4	57	59	11	138
AT3G61400	0	0	1	9	0	17
AT3G61410	10	14	9	34	16	57
AT3G61415	588	722	642	464	467	567
AT3G61420	918	1044	1040	603	483	886
AT3G61430	18324	20323	25456	31475	21225	27336
AT3G61440	16860	19137	22103	14560	14140	14275
AT3G61450	9	13	13	42	26	74
AT3G61460	1196	1437	1416	1142	1231	1229
AT3G61470	94184	128559	120061	127566	143765	105351
AT3G61480	1020	1019	1075	1072	928	1560
AT3G61490	391	551	430	244	341	320
AT3G61500	0	0	0	0	0	7
AT3G61510	6	3	6	0	1	3
AT3G61520	339	329	359	163	248	299
AT3G61530	259	300	359	752	478	901
AT3G61540	588	581	676	937	720	943
AT3G61550	538	662	659	494	704	437
AT3G61560	502	537	518	513	482	505
AT3G61570	339	359	294	163	175	356
AT3G61571	6	10	4	2	4	2
AT3G61580	5673	5778	6246	8957	6548	10342
AT3G61590	422	490	474	332	294	303
AT3G61600	2448	2873	2783	2433	2474	3455
AT3G61610	172	200	180	137	184	232
AT3G61620	460	522	505	553	529	778
AT3G61630	297	232	340	882	591	847
AT3G61640	568	760	758	496	573	536
AT3G61650	417	473	389	245	353	449
AT3G61660	8	2	6	1	7	4
AT3G61670	1057	1166	994	477	726	897
AT3G61680	30	32	18	11	27	17
AT3G61690	1505	1369	1209	1018	1036	2073
AT3G61700	1405	1553	1381	1085	1089	1221
AT3G61710	709	752	748	808	714	929
AT3G61715	0	0	0	0	0	1
AT3G61720	0	0	0	0	1	2
AT3G61730	3	2	2	7	2	7
AT3G61740	509	517	444	185	261	432
AT3G61750	453	497	434	237	341	307
AT3G61760	36	35	46	36	36	40
AT3G61770	1362	1580	1503	1221	1230	1174
AT3G61780	1345	1428	1066	200	374	799
AT3G61790	522	587	639	814	643	885
AT3G61800	287	295	290	138	159	350
AT3G61810	62	44	48	28	28	72
AT3G61820	1840	2440	2217	1915	2319	2141
AT3G61829	0	0	0	1	0	0
AT3G61830	683	614	675	323	527	314
AT3G61840	70	81	72	24	43	34
AT3G61850	134	134	107	45	87	78
AT3G61860	1635	1546	1616	1779	1568	2399
AT3G61870	5757	7111	6012	4900	5950	5892
AT3G61880	268	310	297	315	351	281
AT3G61890	1146	1062	1742	2763	1435	3710
AT3G61897	2	0	2	96	48	194
AT3G61898	104	131	149	136	143	175
AT3G61900	66	49	77	271	154	217
AT3G61910	4	15	13	6	5	2
AT3G61920	73	84	142	104	109	136
AT3G61930	5	12	2	77	16	77
AT3G61940	5	9	5	6	5	6
AT3G61947	1	0	0	0	0	0
AT3G61950	197	347	208	66	105	86
AT3G61960	800	863	873	852	837	1343
AT3G61970	236	263	288	284	247	255
AT3G61980	258	289	342	609	397	724
AT3G61990	115	219	173	281	182	330
AT3G62000	354	391	414	461	398	508
AT3G62010	3142	2947	2757	1353	1657	3445
AT3G62020	359	532	335	307	397	335
AT3G62030	31735	37686	38946	18476	29287	20320
AT3G62040	42	27	28	26	30	21
AT3G62050	83	97	113	32	60	47
AT3G62060	182	238	205	93	155	151
AT3G62070	372	387	346	268	349	185
AT3G62080	333	343	329	223	207	318
AT3G62090	44	46	25	25	29	51
AT3G62100	38	53	55	21	19	21
AT3G62110	1249	1330	1296	832	1030	932
AT3G62120	4098	4714	4443	2368	2921	3934
AT3G62130	804	961	973	838	817	933
AT3G62140	437	581	527	379	372	590
AT3G62150	288	332	389	120	108	206
AT3G62160	91	134	85	57	91	67
AT3G62170	0	102	1	0	6	0
AT3G62180	0	3	0	0	0	2
AT3G62190	921	997	1019	1368	1052	1556
AT3G62200	501	485	410	383	313	585
AT3G62210	1	0	0	7	4	7
AT3G62220	273	287	252	346	344	397
AT3G62230	0	0	0	1	0	4
AT3G62240	874	946	911	686	697	1251
AT3G62250	14004	16610	16181	11178	12448	13076
AT3G62260	555	430	649	1048	643	1472
AT3G62270	56	60	64	30	58	68
AT3G62280	9	7	6	6	15	7
AT3G62285	1	0	0	1	0	0
AT3G62290	15292	14387	15197	20425	16342	24442
AT3G62300	812	873	678	258	347	449
AT3G62310	1845	2026	1906	1090	1172	1478
AT3G62320	3	1	1	6	3	24
AT3G62330	879	943	879	529	553	1112
AT3G62360	2325	2348	2254	1843	1844	3443
AT3G62370	735	761	713	1061	778	1471
AT3G62380	0	0	1	3	1	1
AT3G62390	430	522	494	196	341	228
AT3G62400	2145	2619	2592	2747	2462	2680
AT3G62410	28399	33363	34665	32325	31302	27537
AT3G62420	1341	1342	1376	1670	1347	2025
AT3G62422	1341	1342	1376	1670	1347	2025
AT3G62430	35	19	33	15	28	19
AT3G62450	852	871	1034	1237	972	1349
AT3G62460	234	209	173	273	152	247
AT3G62470	298	322	288	134	158	185
AT3G62499	15	16	12	13	11	16
AT3G62500	128	146	92	63	90	64
AT3G62510	20	20	19	4	5	7
AT3G62528	1	0	0	0	1	0
AT3G62530	9444	10341	10303	6804	8711	5757
AT3G62540	146	147	149	79	105	146
AT3G62550	79	50	77	348	186	266
AT3G62560	1509	1524	1656	2005	1609	2017
AT3G62570	58	118	61	61	74	58
AT3G62580	2367	2636	3262	3860	3239	4308
AT3G62590	163	174	220	401	238	565
AT3G62600	2694	2458	2404	3449	2915	5123
AT3G62610	45	33	38	10	22	14
AT3G62620	189	226	189	185	163	242
AT3G62630	771	921	717	724	627	688
AT3G62640	0	0	0	3	1	0
AT3G62650	1217	1324	1418	2935	1981	2772
AT3G62660	774	856	875	1568	1154	1444
AT3G62680	0	0	1	2	1	1
AT3G62690	181	210	178	142	147	113
AT3G62700	5075	5456	4950	3119	3921	5892
AT3G62720	577	767	730	484	485	631
AT3G62730	3	1	2	6	9	12
AT3G62740	109	84	70	28	32	36
AT3G62750	1360	1624	1507	1172	1270	1470
AT3G62760	3	1	9	7	2	19
AT3G62770	663	781	857	1263	938	1207
AT3G62780	28	25	25	231	108	214
AT3G62790	1966	2236	2231	2672	2125	2386
AT3G62800	271	296	308	382	314	639
AT3G62810	882	1131	1132	1666	1274	1599
AT3G62820	728	900	703	690	838	700
AT3G62830	1511	1675	1788	2208	1827	2994
AT3G62840	2158	2557	2411	2846	2617	2962
AT3G62850	0	0	1	12	5	33
AT3G62860	126	169	165	170	121	189
AT3G62870	11069	13477	12226	6550	8467	8487
AT3G62880	284	354	402	731	402	815
AT3G62890	36	36	38	36	31	76
AT3G62900	1259	1097	912	439	549	1227
AT3G62910	2043	2481	2185	833	1350	1267
AT3G62920	109	172	118	187	135	202
AT3G62930	73	76	90	84	86	72
AT3G62940	838	1086	988	372	519	595
AT3G62950	74	109	54	164	139	97
AT3G62960	55	67	51	58	45	61
AT3G62970	523	554	587	600	509	744
AT3G62980	3523	3823	3550	7773	5733	10722
AT3G62990	3	6	4	3	6	4
AT3G63000	1194	1336	1438	1552	1316	1885
AT3G63006	0	0	0	1	0	0
AT3G63010	150	135	217	900	419	917
AT3G63020	0	0	0	2	0	1
AT3G63030	370	423	397	721	565	882
AT3G63040	0	0	0	0	0	2
AT3G63050	34	64	53	63	37	79
AT3G63052	12	4	5	4	7	2
AT3G63060	17	17	58	248	97	346
AT3G63070	1396	1291	1025	515	673	1314
AT3G63080	932	1068	1123	2004	1297	2405
AT3G63088	14	6	13	5	4	4
AT3G63090	166	212	206	150	172	256
AT3G63095	72	169	47	46	72	97
AT3G63110	816	1042	1212	1045	810	825
AT3G63120	1501	1803	1808	1557	1352	1555
AT3G63130	963	1272	987	717	868	912
AT3G63140	29308	38379	37946	26062	35726	19225
AT3G63150	1157	1246	1352	1182	1091	1390
AT3G63160	11053	12150	17959	7067	11641	7128
AT3G63170	911	1218	1205	619	940	799
AT3G63180	1144	1330	1136	686	772	1140
AT3G63190	5848	7053	7134	3683	5271	3596
AT3G63200	1025	1145	1181	552	999	618
AT3G63210	384	344	542	893	613	881
AT3G63220	287	300	329	465	358	433
AT3G63240	367	371	322	159	219	229
AT3G63250	725	883	733	746	811	1030
AT3G63260	2024	2241	2387	2786	2445	2708
AT3G63270	346	319	364	685	505	729
AT3G63280	139	125	110	62	79	155
AT3G63290	163	192	165	257	210	400
AT3G63300	250	296	233	314	223	383
AT3G63310	1355	1471	1668	3055	1915	3467
AT3G63320	1	2	0	8	4	17
AT3G63340	1793	1478	1438	1167	1068	1735
AT3G63350	0	0	0	3	0	1
AT3G63360	0	0	2	4	3	5
AT3G63370	442	421	372	156	252	390
AT3G63375	22	32	27	9	11	29
AT3G63380	150	71	248	2808	665	3403
AT3G63390	610	578	577	779	679	803
AT3G63400	1607	1724	1392	1390	1401	2428
AT3G63410	20073	25009	26426	20513	25707	20831
AT3G63420	502	564	581	1139	686	1130
AT3G63430	97	158	95	116	137	225
AT3G63440	783	941	736	479	566	724
AT3G63445	856	1001	809	711	697	1061
AT3G63450	297	342	276	123	208	192
AT3G63460	5591	5557	4867	3573	3963	6149
AT3G63470	56	120	56	51	66	78
AT3G63480	106	117	92	43	52	70
AT3G63490	17542	23458	21475	13902	18637	18754
AT3G63500	2364	2260	1966	1770	1917	3778
AT3G63510	648	708	627	272	481	379
AT3G63520	13131	13999	14839	9560	9633	12513
AT3G63530	574	656	561	299	439	349
AT3G63540	12019	15366	16050	16450	17002	13252
AT3G66652	413	447	346	88	134	243
AT3G66654	727	802	869	1161	830	1275
AT3G66656	1	0	0	0	0	0
AT3G66658	821	927	862	716	802	836
AT4G00020	440	505	409	133	234	279
AT4G00026	851	1026	878	858	776	1082
AT4G00030	808	1032	880	822	693	864
AT4G00040	877	950	751	444	521	777
AT4G00050	5093	5674	5727	2726	2997	2237
AT4G00060	1312	1198	969	746	633	1595
AT4G00070	7	6	6	1	4	4
AT4G00080	0	0	1	0	0	0
AT4G00090	550	630	633	646	623	920
AT4G00100	6884	8473	7868	5402	6172	6217
AT4G00110	330	407	391	413	432	467
AT4G00120	0	5	0	0	4	1
AT4G00130	0	0	0	0	0	1
AT4G00150	1281	1521	1289	1302	1147	1531
AT4G00160	1	0	0	0	4	2
AT4G00165	2919	3555	3682	2372	2796	2176
AT4G00170	592	705	596	811	619	1109
AT4G00180	1298	1522	1308	797	1144	888
AT4G00190	0	0	0	1	0	0
AT4G00200	111	111	104	221	162	243
AT4G00210	4	14	6	2	5	8
AT4G00220	35	42	33	22	26	24
AT4G00230	717	1007	697	747	625	1162
AT4G00231	360	416	414	557	470	747
AT4G00232	0	2	0	1	0	0
AT4G00234	0	0	0	0	0	2
AT4G00238	633	728	612	387	450	478
AT4G00240	108	131	97	183	117	265
AT4G00250	4	1	3	3	4	2
AT4G00260	0	0	0	1	0	0
AT4G00270	1089	1052	1092	1150	974	1812
AT4G00280	1	0	0	3	2	13
AT4G00290	655	592	611	875	678	1243
AT4G00300	1740	1628	1708	1656	1362	1692
AT4G00305	10	12	6	24	8	24
AT4G00310	214	251	207	101	171	132
AT4G00320	0	1	0	1	3	2
AT4G00330	1339	1195	1253	1470	1061	1578
AT4G00335	397	416	418	600	461	666
AT4G00340	1492	1446	1472	1425	1454	1746
AT4G00350	11	38	6	9	19	16
AT4G00355	1118	1085	1240	1932	1356	2074
AT4G00360	8103	9090	10259	10256	8506	8172
AT4G00370	6310	6379	6990	3960	4903	3944
AT4G00380	185	233	202	92	119	227
AT4G00390	11	14	21	27	19	32
AT4G00400	1458	1454	1566	1027	1501	999
AT4G00416	2	0	0	5	0	11
AT4G00420	499	545	637	671	522	755
AT4G00430	16308	18171	22746	24828	18761	31523
AT4G00440	999	1112	892	560	517	977
AT4G00450	1774	1448	1187	824	941	1769
AT4G00460	28	35	21	15	17	44
AT4G00480	235	306	246	72	139	146
AT4G00490	3039	3169	3515	1902	2669	2455
AT4G00500	411	353	361	754	547	1024
AT4G00520	416	398	448	456	414	517
AT4G00525	69	53	70	51	55	81
AT4G00530	174	201	190	168	169	193
AT4G00540	0	1	1	31	4	33
AT4G00550	409	382	417	457	425	642
AT4G00560	584	706	688	1051	890	1494
AT4G00570	3060	3207	3139	2299	2608	3979
AT4G00580	5	9	5	0	2	0
AT4G00585	1675	2145	2052	2791	2170	2993
AT4G00590	158	238	224	276	273	533
AT4G00600	0	0	0	2	0	2
AT4G00610	0	0	0	0	1	1
AT4G00620	658	801	736	387	496	496
AT4G00630	2548	2534	2545	1897	2020	2662
AT4G00650	243	300	272	261	230	300
AT4G00651	5	5	5	0	2	4
AT4G00660	1107	1261	1226	1070	984	1709
AT4G00670	83	173	111	87	89	131
AT4G00680	7	8	9	10	5	11
AT4G00690	31	34	32	19	13	41
AT4G00695	4	5	5	17	9	15
AT4G00700	198	37	110	705	470	1228
AT4G00710	1814	1963	2250	2067	1799	2306
AT4G00720	3489	3633	3724	2555	3151	3647
AT4G00730	2374	2241	1942	3098	2795	3159
AT4G00740	1962	2204	2163	1541	1861	2224
AT4G00750	1909	2429	2216	1614	1645	1823
AT4G00752	397	506	415	326	419	660
AT4G00755	797	931	825	474	577	605
AT4G00760	651	660	504	226	252	472
AT4G00770	207	184	135	48	66	143
AT4G00780	4005	4925	3973	4483	3668	3977
AT4G00800	1867	1679	1352	965	840	2080
AT4G00810	5356	6274	6282	6153	5889	6615
AT4G00820	294	380	271	123	254	188
AT4G00830	1654	1893	1754	1589	1441	2255
AT4G00840	344	333	310	469	359	478
AT4G00850	172	164	135	156	153	180
AT4G00860	2299	2937	2717	3772	2924	3922
AT4G00870	112	99	72	50	101	43
AT4G00872	6	1	7	0	3	0
AT4G00880	678	894	739	986	755	954
AT4G00890	38	68	35	7	19	16
AT4G00893	3	6	2	9	2	3
AT4G00895	4627	5310	5775	4728	4786	4086
AT4G00900	1079	963	1005	531	532	974
AT4G00905	71	73	90	103	79	116
AT4G00910	1	1	1	3	4	6
AT4G00920	1	1	1	2	2	1
AT4G00930	424	446	295	76	121	210
AT4G00940	114	127	133	123	65	115
AT4G00950	479	487	453	266	273	284
AT4G00955	505	377	367	986	533	1043
AT4G00960	57	48	34	58	29	71
AT4G00970	614	632	751	582	544	429
AT4G00975	67	76	92	45	50	88
AT4G00980	131	150	148	88	103	168
AT4G00985	1	0	0	0	0	1
AT4G00990	684	723	531	169	244	431
AT4G01000	2142	2452	2379	1990	1913	2518
AT4G01010	186	123	197	619	287	760
AT4G01020	604	594	466	209	316	490
AT4G01023	0	1	3	0	1	3
AT4G01026	789	936	984	1031	926	1273
AT4G01030	436	473	451	332	334	434
AT4G01037	2133	2115	2003	929	1119	1590
AT4G01040	1205	1371	1242	910	1003	1333
AT4G01050	26305	31136	31801	23380	25703	25937
AT4G01060	100	113	119	90	101	88
AT4G01070	7214	7032	8035	12225	7857	10396
AT4G01080	4033	6025	8594	5215	5602	5644
AT4G01090	901	854	844	546	618	818
AT4G01100	4795	5147	5783	4900	4861	5682
AT4G01110	74	131	70	44	108	44
AT4G01120	308	341	326	331	313	480
AT4G01130	30	23	37	54	60	73
AT4G01140	6	8	9	15	4	10
AT4G01150	43903	51389	57231	47037	56152	41322
AT4G01160	1	3	1	6	3	24
AT4G01180	0	0	0	2	1	2
AT4G01190	7	18	16	6	11	22
AT4G01200	63	83	68	128	118	174
AT4G01210	2094	2144	2022	1312	1302	2079
AT4G01220	452	584	480	346	373	450
AT4G01230	16	19	24	16	15	18
AT4G01240	1	0	0	0	0	1
AT4G01250	92	99	113	126	95	119
AT4G01260	0	0	0	0	0	1
AT4G01270	76	99	81	14	34	49
AT4G01280	748	723	754	684	547	915
AT4G01290	3569	3936	3256	1549	1985	3148
AT4G01310	10846	13546	13283	5715	9593	6590
AT4G01320	1445	1391	1568	2470	1567	2491
AT4G01330	989	1188	1115	801	756	704
AT4G01335	4	20	13	10	4	9
AT4G01340	2	0	0	1	1	4
AT4G01350	0	3	3	1	1	5
AT4G01355	0	0	0	1	0	0
AT4G01360	52	18	114	215	41	466
AT4G01370	1970	1816	2059	1808	1651	1804
AT4G01380	11	14	15	35	21	62
AT4G01390	116	101	82	164	85	235
AT4G01400	1527	1649	1682	796	1078	1515
AT4G01410	408	415	488	400	427	412
AT4G01420	5	4	2	8	2	2
AT4G01430	67	45	110	234	118	188
AT4G01440	367	479	325	201	274	210
AT4G01450	1418	1411	1438	636	706	570
AT4G01460	585	843	524	287	425	290
AT4G01470	1	7	1	2	4	4
AT4G01480	942	1221	1432	2363	1803	2548
AT4G01500	49	62	55	56	32	70
AT4G01510	162	217	177	243	208	258
AT4G01520	0	0	1	0	3	1
AT4G01533	0	0	1	10	3	17
AT4G01535	2	0	3	10	2	12
AT4G01540	110	71	173	261	164	521
AT4G01550	285	230	276	413	308	623
AT4G01560	1220	1545	1312	599	767	871
AT4G01570	661	715	641	312	345	691
AT4G01575	14	15	14	14	14	31
AT4G01580	149	155	155	62	121	94
AT4G01590	1131	1307	1406	1096	1087	1201
AT4G01593	659	771	596	380	415	521
AT4G01595	455	530	397	289	298	376
AT4G01600	199	272	249	288	236	262
AT4G01610	2002	1949	2497	6068	3687	6679
AT4G01630	4	2	4	0	0	4
AT4G01650	344	378	449	457	338	412
AT4G01660	1473	1348	1558	900	896	1358
AT4G01670	14	14	21	46	33	30
AT4G01680	100	106	144	77	66	72
AT4G01690	6977	8278	8193	5660	7459	6307
AT4G01700	429	385	463	1424	1049	1853
AT4G01703	0	0	1	0	0	0
AT4G01710	198	205	259	340	242	444
AT4G01720	310	299	410	626	396	669
AT4G01730	132	241	187	80	141	124
AT4G01735	0	0	0	2	1	0
AT4G01740	118	85	73	127	89	221
AT4G01750	124	116	118	397	173	407
AT4G01770	0	1	0	0	0	2
AT4G01780	1	0	0	0	0	0
AT4G01790	66	102	78	111	97	129
AT4G01800	8433	9287	7004	2260	3472	5797
AT4G01810	1753	1657	1676	2078	1588	2580
AT4G01820	3	5	1	2	3	3
AT4G01830	4	1	1	3	0	1
AT4G01840	262	286	279	346	285	359
AT4G01850	8061	9344	8934	7542	7660	12633
AT4G01860	801	675	650	577	592	1057
AT4G01865	0	0	0	1	0	0
AT4G01870	357	210	1111	2670	1147	1964
AT4G01880	427	521	441	475	415	695
AT4G01883	1852	2143	1946	1330	1501	1262
AT4G01890	2	1	1	0	0	0
AT4G01895	24	24	65	180	73	179
AT4G01897	623	676	769	723	654	630
AT4G01900	1146	1398	1499	860	1232	988
AT4G01910	74	63	66	149	97	156
AT4G01915	532	637	563	545	464	522
AT4G01920	66	51	60	86	108	169
AT4G01925	3	0	0	15	4	14
AT4G01930	4	2	4	4	1	9
AT4G01935	925	1065	1228	1231	1042	1280
AT4G01940	2537	2799	3038	3862	2813	4221
AT4G01950	1112	1020	1246	465	547	644
AT4G01960	606	642	682	645	576	641
AT4G01970	14	17	14	16	13	15
AT4G01985	7	24	33	21	9	48
AT4G01990	171	235	184	102	134	151
AT4G01995	1176	1167	1254	969	1030	811
AT4G02000	12	5	5	7	5	18
AT4G02005	95	71	70	106	73	164
AT4G02010	1218	1222	1223	755	994	868
AT4G02020	1807	1771	1545	571	791	1456
AT4G02030	770	868	789	365	456	868
AT4G02040	78	101	87	157	95	147
AT4G02050	671	723	823	954	816	1440
AT4G02060	759	974	687	145	403	348
AT4G02070	360	400	290	143	164	297
AT4G02075	274	262	324	304	193	260
AT4G02080	2515	2660	2875	4711	3344	4928
AT4G02090	1	13	8	28	13	48
AT4G02100	253	337	290	192	251	288
AT4G02110	244	309	222	27	84	147
AT4G02120	1984	2081	2144	1696	1631	2164
AT4G02130	1839	2042	2385	4543	2358	6103
AT4G02140	155	193	167	62	119	128
AT4G02150	849	1109	1031	568	781	968
AT4G02160	0	2	2	2	3	1
AT4G02170	1	2	8	1	1	2
AT4G02180	12	12	12	3	2	11
AT4G02195	178	191	205	235	215	323
AT4G02200	656	690	626	741	627	881
AT4G02210	452	489	435	339	329	424
AT4G02220	774	646	700	909	699	868
AT4G02230	5381	6458	6097	2757	3612	3957
AT4G02260	3591	3547	3371	1789	2129	2972
AT4G02280	122	124	193	184	161	335
AT4G02290	1292	1456	986	320	762	453
AT4G02300	1	0	0	0	0	0
AT4G02320	18	13	20	20	15	48
AT4G02330	229	316	528	391	237	632
AT4G02340	652	706	830	1804	1259	2357
AT4G02350	1126	1143	1185	959	886	1886
AT4G02360	21	17	92	174	75	187
AT4G02370	275	234	290	1504	815	1577
AT4G02380	645	282	2183	7783	2440	7445
AT4G02390	216	228	179	55	118	146
AT4G02400	1209	1508	1035	175	313	556
AT4G02405	470	548	553	556	460	682
AT4G02410	717	625	731	1188	931	1444
AT4G02420	1719	1567	1297	1161	1499	1421
AT4G02425	193	258	258	176	176	215
AT4G02430	465	442	412	339	312	522
AT4G02440	986	1077	1012	1089	1067	1174
AT4G02450	7107	8764	7915	8204	7679	9136
AT4G02460	239	294	196	114	133	180
AT4G02465	1	6	3	5	4	7
AT4G02480	6163	5652	5655	5331	4860	9392
AT4G02482	32	34	20	23	25	39
AT4G02485	128	146	106	131	124	162
AT4G02500	2442	2567	2741	2862	2819	3455
AT4G02510	16698	17745	13144	5222	8657	10821
AT4G02520	7620	5522	7450	24059	9702	18640
AT4G02530	8532	10297	11079	6771	8748	5907
AT4G02540	564	599	543	441	439	734
AT4G02541	1	0	0	3	2	2
AT4G02550	121	102	131	515	238	562
AT4G02555	3	4	3	3	4	0
AT4G02560	841	967	739	248	303	642
AT4G02570	4300	4373	4617	3750	3517	6205
AT4G02580	4058	4931	4898	5255	4842	5888
AT4G02590	962	987	1072	1358	1109	1602
AT4G02600	983	974	1054	1094	956	1285
AT4G02610	293	355	346	353	337	452
AT4G02620	2910	3279	3732	4349	3533	4495
AT4G02630	1804	1864	2089	1266	1284	1171
AT4G02640	1193	1314	1260	823	1013	1427
AT4G02650	1	1	0	29	13	71
AT4G02655	0	0	0	7	0	5
AT4G02660	152	101	92	54	60	201
AT4G02670	24	32	53	12	9	10
AT4G02680	1596	1681	1653	882	1116	1182
AT4G02690	0	2	0	1	0	0
AT4G02700	54	59	50	21	22	40
AT4G02710	207	232	158	59	91	226
AT4G02715	552	475	557	1057	683	1191
AT4G02720	1409	1594	1284	388	603	894
AT4G02725	1857	1780	2012	1789	1735	1442
AT4G02730	133	124	134	235	165	259
AT4G02733	0	0	0	0	0	2
AT4G02740	383	388	413	620	456	797
AT4G02750	77	46	55	31	33	127
AT4G02760	173	183	186	279	175	548
AT4G02770	61753	82311	70456	55132	72193	47236
AT4G02780	55	25	63	9	20	9
AT4G02790	2307	2606	2453	1255	1751	1510
AT4G02800	262	325	271	74	138	105
AT4G02810	46	70	54	21	11	16
AT4G02820	397	498	400	287	322	410
AT4G02830	6	4	4	7	4	4
AT4G02840	1013	1231	1105	1090	1022	1185
AT4G02850	1099	1005	1093	149	726	340
AT4G02860	954	982	1441	1207	1085	1361
AT4G02870	1	0	0	0	0	0
AT4G02880	584	544	719	838	685	1150
AT4G02890	13510	14989	16547	16254	16363	16118
AT4G02900	252	298	220	148	137	256
AT4G02910	0	1	0	0	0	0
AT4G02920	11013	11758	12642	6269	7265	8100
AT4G02930	2733	3204	2796	2952	2882	3457
AT4G02940	2378	2722	2600	2840	2128	3880
AT4G02950	0	1	2	15	2	10
AT4G02970	2964	3024	4615	3637	3295	3418
AT4G02980	551	575	663	811	637	863
AT4G02990	1955	2053	2020	984	1268	1451
AT4G03000	1376	1558	1525	741	866	1395
AT4G03010	76	115	92	60	95	84
AT4G03020	4820	4226	5051	3312	3061	4804
AT4G03030	1256	1003	1430	3257	2024	3570
AT4G03038	0	0	1	3	2	0
AT4G03040	0	1	0	0	1	0
AT4G03050	6	2	6	1	0	9
AT4G03070	337	375	380	201	286	250
AT4G03080	3438	2930	2809	3672	3122	4190
AT4G03090	575	614	475	168	235	423
AT4G03100	309	447	361	111	214	206
AT4G03110	2643	2785	2538	1294	1411	1189
AT4G03113	0	0	0	0	1	0
AT4G03115	231	262	218	152	158	168
AT4G03120	482	592	567	967	771	1255
AT4G03130	6	13	5	7	10	30
AT4G03140	259	345	279	180	230	317
AT4G03150	961	1118	1173	684	817	720
AT4G03153	1	0	0	0	0	0
AT4G03156	1	0	0	1	0	1
AT4G03170	0	1	0	0	1	0
AT4G03175	4	1	0	1	3	1
AT4G03180	589	722	790	453	487	656
AT4G03190	739	1003	740	321	561	482
AT4G03200	2633	2519	2534	2197	2189	3295
AT4G03205	352	426	282	137	198	324
AT4G03210	4941	6101	5271	2289	3376	2891
AT4G03220	4	3	2	8	1	7
AT4G03230	363	352	286	129	151	276
AT4G03240	325	310	369	596	438	664
AT4G03250	301	372	283	130	180	304
AT4G03260	6451	6764	6660	4958	4785	8123
AT4G03270	129	133	160	55	84	111
AT4G03280	55546	65287	66642	45674	58491	42381
AT4G03285	0	0	0	2	1	0
AT4G03290	0	0	0	6	0	9
AT4G03292	9	14	9	0	3	2
AT4G03295	6	11	11	4	2	15
AT4G03320	128	73	202	580	265	660
AT4G03330	51	61	30	25	39	23
AT4G03340	75	80	42	53	53	54
AT4G03350	0	0	1	0	1	0
AT4G03360	0	0	0	5	0	2
AT4G03370	0	1	0	1	1	0
AT4G03380	15	11	11	24	25	27
AT4G03390	1144	1281	1080	731	690	1210
AT4G03400	1086	1355	1271	967	936	1516
AT4G03410	538	554	562	964	656	1290
AT4G03415	1559	1755	1643	1150	1263	1721
AT4G03420	787	757	1173	3342	1758	4059
AT4G03430	1759	1697	1459	897	1173	1754
AT4G03438	0	0	1	10	1	5
AT4G03440	134	131	112	91	88	184
AT4G03443	48	39	43	64	30	64
AT4G03445	14	20	15	25	15	34
AT4G03450	450	94	195	1130	692	1334
AT4G03455	1	0	0	0	0	0
AT4G03460	1	3	6	3	5	3
AT4G03470	0	0	0	5	1	13
AT4G03480	3	7	2	9	13	28
AT4G03490	15	23	11	33	16	41
AT4G03500	357	372	508	564	458	594
AT4G03505	4	4	1	5	1	8
AT4G03510	82	90	121	233	155	242
AT4G03520	9112	11045	12351	9858	10992	9278
AT4G03540	0	0	7	23	13	15
AT4G03550	2107	1966	1513	950	1129	1741
AT4G03560	3500	3214	3495	2412	2747	3211
AT4G03565	1	0	1	1	0	2
AT4G03566	0	0	0	0	0	2
AT4G03570	1	0	0	0	0	0
AT4G03580	0	0	0	3	0	1
AT4G03600	62	48	66	61	53	67
AT4G03610	5	10	17	21	20	19
AT4G03620	0	0	0	1	1	0
AT4G03635	110	136	144	228	150	279
AT4G03811	17	11	8	7	8	3
AT4G03820	194	167	252	235	161	283
AT4G03930	8	8	6	4	5	9
AT4G03935	316	355	339	164	175	204
AT4G03940	80	72	73	65	48	78
AT4G03950	0	0	0	0	0	1
AT4G03960	160	165	205	564	357	541
AT4G03965	20	30	19	5	19	14
AT4G04020	19071	20843	25517	29619	25720	24249
AT4G04030	1	2	1	4	0	1
AT4G04040	3089	2919	3350	2140	2189	2384
AT4G04077	1	23	0	1	9	0
AT4G04080	0	3	0	0	0	0
AT4G04090	0	0	0	2	0	0
AT4G04180	145	151	145	118	135	226
AT4G04190	49	77	63	64	65	89
AT4G04200	398	422	450	509	460	536
AT4G04210	1753	1915	1986	2633	2306	2695
AT4G04220	270	214	222	405	306	807
AT4G04221	62	61	63	97	99	218
AT4G04223	152	128	249	533	250	352
AT4G04260	2	0	0	2	1	3
AT4G04320	804	867	942	910	825	1042
AT4G04330	75	96	168	75	98	56
AT4G04340	3190	3207	3137	2335	2628	2995
AT4G04350	2605	2908	2290	565	1118	1355
AT4G04360	75	87	91	84	79	179
AT4G04370	191	176	177	142	110	235
AT4G04423	3	3	1	0	1	0
AT4G04450	31	39	24	11	27	22
AT4G04460	177	725	188	120	297	167
AT4G04470	535	689	673	944	697	878
AT4G04480	2	1	3	2	7	3
AT4G04490	259	85	304	909	379	1094
AT4G04500	72	12	41	256	194	406
AT4G04510	21	6	28	38	22	77
AT4G04540	16	2	8	58	31	143
AT4G04570	2299	2381	2564	1780	1593	2475
AT4G04580	0	1	0	0	0	0
AT4G04601	1	0	0	0	0	0
AT4G04610	5771	5636	6177	5807	5395	7625
AT4G04614	424	410	442	607	480	699
AT4G04620	416	435	472	861	500	848
AT4G04630	169	180	148	144	200	131
AT4G04640	48948	58317	60638	35133	44840	35170
AT4G04670	355	404	284	157	215	362
AT4G04680	2	4	1	7	4	8
AT4G04690	1	1	0	2	0	5
AT4G04695	331	244	225	342	257	693
AT4G04700	143	136	100	33	57	78
AT4G04710	8	5	8	5	6	20
AT4G04720	1386	1547	1505	1015	1100	1753
AT4G04730	0	0	0	4	0	7
AT4G04740	1118	928	759	552	452	1315
AT4G04745	44	54	83	57	24	69
AT4G04750	760	806	867	742	894	824
AT4G04760	32	40	41	53	31	66
AT4G04770	2798	2737	2908	3308	2468	5071
AT4G04780	234	319	245	366	298	410
AT4G04790	156	155	135	89	87	163
AT4G04800	739	719	875	2135	1268	2019
AT4G04810	87	67	76	245	198	141
AT4G04830	706	735	888	2176	1648	2036
AT4G04840	4022	3773	4491	2248	2460	2700
AT4G04850	5679	5704	5692	4015	3863	4657
AT4G04860	268	286	287	668	407	835
AT4G04870	320	369	364	258	281	224
AT4G04880	417	474	532	516	400	628
AT4G04885	1095	1205	1179	1049	1053	1463
AT4G04890	3186	3057	3175	1962	2862	3017
AT4G04900	63	35	41	55	46	84
AT4G04910	1199	986	1129	1119	947	1533
AT4G04920	857	792	877	873	889	1561
AT4G04925	374	482	551	1173	746	990
AT4G04930	0	4	0	1	0	1
AT4G04940	516	672	481	247	316	389
AT4G04950	1349	1431	1291	1219	1183	1648
AT4G04955	386	369	324	547	379	583
AT4G04960	443	383	499	607	457	617
AT4G04970	1036	859	743	596	663	994
AT4G04972	0	0	0	14	8	3
AT4G04980	0	0	0	2	0	2
AT4G04985	0	1	0	0	0	0
AT4G04990	0	0	0	3	1	0
AT4G05000	344	335	399	492	416	512
AT4G05010	214	212	216	256	263	226
AT4G05018	0	0	2	13	14	13
AT4G05020	847	782	1106	2681	1477	2772
AT4G05030	7	5	2	35	33	37
AT4G05040	487	542	395	379	341	700
AT4G05048	0	0	2	12	8	18
AT4G05050	20100	22490	25424	38918	29145	41610
AT4G05060	529	541	612	637	500	652
AT4G05070	1292	1115	1316	1987	1475	1494
AT4G05071	3	0	6	9	4	5
AT4G05090	1052	1316	1151	652	773	613
AT4G05091	0	1	7	1	0	4
AT4G05100	21	21	74	100	59	167
AT4G05105	0	0	0	0	0	1
AT4G05110	365	365	323	292	188	316
AT4G05120	168	192	163	144	127	201
AT4G05130	43	58	44	46	44	42
AT4G05150	867	743	1097	4061	2141	4225
AT4G05160	1436	1564	1714	1518	1259	1996
AT4G05170	1	2	3	10	0	13
AT4G05180	45969	64231	57908	49779	66632	41797
AT4G05190	292	328	229	46	110	130
AT4G05200	4	1	2	0	1	3
AT4G05210	6	15	8	20	16	23
AT4G05220	21	25	14	14	15	13
AT4G05230	1	0	0	1	0	0
AT4G05270	0	0	1	0	0	0
AT4G05310	1	2	0	0	0	0
AT4G05320	57196	64292	71732	84313	74089	102160
AT4G05330	67	58	69	317	136	437
AT4G05360	1	0	0	0	0	0
AT4G05370	0	0	1	3	5	4
AT4G05380	3	0	0	12	4	8
AT4G05390	803	1080	1324	1202	910	1225
AT4G05400	613	856	784	402	496	642
AT4G05410	801	917	835	251	406	338
AT4G05420	2775	2535	2412	2189	2043	3695
AT4G05430	32	46	20	11	26	26
AT4G05440	387	443	469	283	281	348
AT4G05450	478	579	626	449	392	417
AT4G05460	343	314	346	561	379	628
AT4G05470	6	2	4	2	5	0
AT4G05475	25	21	29	9	19	6
AT4G05497	10	7	19	22	14	29
AT4G05520	200	289	219	58	122	136
AT4G05523	0	0	0	1	0	0
AT4G05530	1279	1388	1495	3217	2293	4025
AT4G05540	7	2	3	116	40	110
AT4G05590	389	376	503	985	540	1000
AT4G05620	1	0	0	0	0	0
AT4G05631	220	165	144	40	75	143
AT4G06534	50	65	64	154	158	120
AT4G06536	26	57	51	130	113	79
AT4G06598	442	475	387	601	434	1483
AT4G06599	748	824	810	762	671	890
AT4G06634	559	709	638	418	504	679
AT4G06676	243	238	249	432	271	454
AT4G06701	168	164	168	427	230	443
AT4G06744	119	129	228	134	119	256
AT4G06746	42	127	111	64	38	41
AT4G07390	721	843	835	1060	863	1120
AT4G07400	219	227	191	154	190	215
AT4G07408	0	0	0	1	0	0
AT4G07410	1995	1988	1738	1126	1197	1695
AT4G07820	5	10	20	16	9	3
AT4G07825	1019	1246	1068	1149	1087	1440
AT4G07932	0	0	2	0	0	0
AT4G07940	4	4	6	5	0	6
AT4G07950	272	317	299	323	253	314
AT4G07960	73	113	62	24	79	30
AT4G07965	0	0	2	1	1	0
AT4G07990	826	832	946	934	808	1114
AT4G08035	672	695	567	309	371	461
AT4G08040	56	45	86	28	19	22
AT4G08150	309	763	251	102	262	105
AT4G08160	218	226	118	32	64	97
AT4G08170	384	413	411	399	389	675
AT4G08180	1062	1019	1180	1219	986	1611
AT4G08190	0	0	0	0	0	2
AT4G08210	14	15	11	13	11	11
AT4G08230	1485	1438	1725	4181	2401	3555
AT4G08240	370	489	451	672	552	703
AT4G08250	5	23	11	14	15	58
AT4G08263	0	0	0	1	0	0
AT4G08280	1259	1411	1602	1406	1320	1301
AT4G08290	1910	2102	1669	1979	1434	1295
AT4G08300	1473	1500	1445	932	1098	659
AT4G08310	978	1047	779	300	414	779
AT4G08320	544	505	552	695	550	779
AT4G08330	232	220	263	498	369	365
AT4G08350	3000	3101	2553	1118	1559	2379
AT4G08351	0	0	0	0	0	1
AT4G08390	1680	1896	1534	2642	1871	3301
AT4G08450	0	0	0	0	0	1
AT4G08455	196	230	208	275	248	452
AT4G08460	1277	1555	1346	1601	1344	2205
AT4G08470	1061	729	719	2855	1621	3805
AT4G08480	736	545	553	799	597	1147
AT4G08500	942	826	828	1226	892	1295
AT4G08510	550	503	528	521	473	616
AT4G08520	1676	2003	2010	1955	1958	2164
AT4G08540	563	601	601	565	479	689
AT4G08550	0	1	1	1	0	1
AT4G08555	66	21	125	614	434	343
AT4G08560	0	0	2	0	0	0
AT4G08570	1	2	8	3	4	14
AT4G08580	504	581	564	294	337	572
AT4G08590	64	93	93	108	115	133
AT4G08630	0	2	0	0	0	0
AT4G08670	3	45	1	4	5	1
AT4G08685	1354	1732	1499	754	1359	689
AT4G08690	456	501	535	416	383	506
AT4G08700	383	344	376	430	381	456
AT4G08770	21	7	78	67	23	49
AT4G08780	6	1	4	3	10	2
AT4G08790	270	280	241	547	433	632
AT4G08800	0	0	0	1	0	2
AT4G08810	2044	2233	2155	1864	1660	2141
AT4G08850	3551	2380	2644	3117	2541	6269
AT4G08867	29	39	59	14	23	23
AT4G08868	2	1	1	2	1	0
AT4G08869	18	18	18	3	3	2
AT4G08870	16551	22075	25177	50908	43785	59986
AT4G08874	7	13	13	9	13	3
AT4G08876	0	0	0	0	1	0
AT4G08900	745	881	920	946	861	1049
AT4G08910	56	72	49	15	53	41
AT4G08920	5502	6277	6194	5430	5409	6404
AT4G08930	851	869	958	1438	921	1411
AT4G08940	168	218	232	131	167	164
AT4G08950	1509	2148	2131	709	781	854
AT4G08960	631	778	716	729	676	927
AT4G08980	2108	2282	2445	2120	1912	2444
AT4G08990	12	24	12	12	19	26
AT4G09000	8424	9084	9458	11158	8817	11066
AT4G09010	10765	13900	13427	6844	10425	7071
AT4G09012	79	87	102	65	72	83
AT4G09020	252	299	267	500	353	919
AT4G09030	631	761	835	1094	604	1136
AT4G09040	2620	3028	3005	1955	2132	2328
AT4G09060	70	79	54	24	59	46
AT4G09070	0	0	0	1	0	0
AT4G09080	15	14	13	26	15	40
AT4G09100	3	0	2	4	2	6
AT4G09110	0	0	5	0	0	0
AT4G09120	0	1	0	0	0	2
AT4G09130	0	0	4	4	1	3
AT4G09140	362	373	353	189	233	355
AT4G09150	2235	2115	2024	595	936	1470
AT4G09160	1138	1394	935	394	676	570
AT4G09170	4	3	8	9	3	4
AT4G09180	778	935	861	1150	907	1031
AT4G09190	1	0	1	0	0	2
AT4G09200	235	515	141	553	436	890
AT4G09250	67	91	322	154	86	146
AT4G09300	3	4	10	22	7	23
AT4G09310	455	270	344	184	342	237
AT4G09320	12813	15612	15127	11296	11738	10861
AT4G09340	577	642	662	496	501	793
AT4G09350	2144	2469	2745	1797	1902	1440
AT4G09420	105	150	152	78	98	138
AT4G09430	144	146	117	156	117	225
AT4G09432	139	133	115	154	114	211
AT4G09440	1	0	0	0	0	0
AT4G09450	0	1	1	0	1	0
AT4G09460	388	300	330	645	388	661
AT4G09490	65	131	112	99	89	129
AT4G09500	143	222	189	281	286	512
AT4G09510	697	944	945	682	801	909
AT4G09520	348	430	410	279	326	385
AT4G09530	0	1	1	0	0	0
AT4G09550	346	457	485	369	408	385
AT4G09560	302	364	327	390	468	512
AT4G09570	684	647	699	651	619	949
AT4G09580	562	539	544	581	549	683
AT4G09590	0	2	0	1	0	0
AT4G09600	1	2	10	6	5	4
AT4G09620	1501	1603	1598	1333	1310	1208
AT4G09630	938	1008	911	367	497	662
AT4G09640	396	446	448	288	375	345
AT4G09649	3	2	3	2	1	2
AT4G09650	37216	46938	47166	31075	39982	23590
AT4G09670	3188	3380	3799	3096	3277	3032
AT4G09680	968	849	863	442	480	898
AT4G09690	1	1	2	2	1	3
AT4G09720	1342	1585	1385	1102	1210	1184
AT4G09730	2644	2852	2512	1207	1554	1693
AT4G09731	2	2	1	0	1	5
AT4G09750	1322	1092	1346	1858	1181	2145
AT4G09760	1470	1267	1492	2583	1640	3159
AT4G09770	19	6	6	99	63	193
AT4G09780	0	0	0	0	2	2
AT4G09800	5716	6594	6359	6250	5578	6663
AT4G09810	184	225	246	310	224	311
AT4G09820	67	90	93	77	76	219
AT4G09830	1447	1361	1442	1986	1583	2229
AT4G09840	36	26	21	62	33	91
AT4G09880	0	0	0	1	1	0
AT4G09890	1285	1345	1499	1135	1105	938
AT4G09900	1025	1285	1275	1294	1272	1139
AT4G09920	59	81	78	69	55	65
AT4G09930	1	0	1	0	0	0
AT4G09950	153	184	136	49	72	54
AT4G09960	5	18	7	6	6	4
AT4G09965	0	1	2	4	1	6
AT4G09970	351	346	310	274	283	309
AT4G09980	1115	1234	965	590	687	897
AT4G09984	0	2	0	0	0	0
AT4G09990	56	74	39	34	46	53
AT4G10000	558	602	660	870	726	891
AT4G10010	0	0	0	0	0	1
AT4G10020	1	9	3	7	6	13
AT4G10030	889	946	950	620	747	632
AT4G10040	1403	1531	1553	2413	1517	2661
AT4G10050	497	571	636	552	503	626
AT4G10060	5688	6189	5474	1550	2353	3181
AT4G10070	681	708	650	547	498	943
AT4G10080	3666	3684	3797	4062	3670	4156
AT4G10090	236	241	224	344	259	384
AT4G10100	807	933	1058	1441	1154	1287
AT4G10110	345	354	374	637	454	750
AT4G10112	0	0	0	1	0	0
AT4G10115	0	1	0	0	0	0
AT4G10120	12648	15153	13564	2726	4951	6268
AT4G10130	205	201	201	352	219	406
AT4G10140	288	317	351	487	379	511
AT4G10150	150	144	193	46	92	39
AT4G10160	5	4	3	3	7	0
AT4G10170	355	373	376	631	408	634
AT4G10180	1377	1661	1488	1034	1064	1514
AT4G10200	6	2	2	6	6	14
AT4G10240	0	0	1	0	1	0
AT4G10250	4	0	6	41	38	71
AT4G10260	4	20	4	0	6	1
AT4G10265	18	7	18	16	17	15
AT4G10270	193	174	332	105	197	98
AT4G10280	207	250	183	222	208	215
AT4G10290	2	0	12	51	7	23
AT4G10300	6246	6562	7017	6296	6426	6021
AT4G10310	48	73	63	36	53	32
AT4G10320	5336	4768	4468	1824	2438	3098
AT4G10330	576	590	694	1444	864	1330
AT4G10340	200930	262398	244753	232224	274966	204098
AT4G10360	1353	1283	1549	1659	1436	1489
AT4G10370	0	0	1	0	1	1
AT4G10380	466	431	444	208	293	185
AT4G10390	162	132	191	110	150	249
AT4G10400	228	274	239	168	207	241
AT4G10410	0	0	1	17	1	19
AT4G10420	53	55	65	49	44	94
AT4G10430	2056	2010	2246	1579	1450	1836
AT4G10440	0	7	2	4	3	15
AT4G10450	1782	2099	1882	1310	1336	1257
AT4G10470	502	539	474	301	288	418
AT4G10480	6846	9027	8220	3457	4803	4712
AT4G10500	187	26	53	623	431	1030
AT4G10507	0	0	0	1	2	0
AT4G10510	0	0	0	1	0	0
AT4G10530	0	0	0	1	1	1
AT4G10540	0	0	0	4	2	15
AT4G10550	257	252	258	267	270	359
AT4G10560	2	1	9	7	3	16
AT4G10570	715	630	578	434	440	775
AT4G10590	969	829	908	712	619	1158
AT4G10600	77	132	103	91	102	99
AT4G10610	1599	1704	1867	2825	2031	2750
AT4G10620	435	533	476	253	346	365
AT4G10630	135	158	109	61	84	79
AT4G10640	10	16	5	7	6	10
AT4G10650	17	31	20	27	22	43
AT4G10680	0	1	0	0	1	2
AT4G10695	0	4	5	2	0	1
AT4G10710	2733	3010	2542	1698	1967	4305
AT4G10720	4	3	3	18	11	24
AT4G10730	1448	1468	1453	1015	959	1670
AT4G10740	1	1	0	1	3	2
AT4G10750	896	1078	1150	1060	1095	923
AT4G10760	1051	1191	1008	420	600	927
AT4G10770	3292	3295	3595	3856	3663	3748
AT4G10780	0	2	4	2	6	1
AT4G10790	2315	2495	2721	2669	2279	3276
AT4G10800	133	155	169	114	127	129
AT4G10810	773	867	885	1085	878	1098
AT4G10840	3424	3703	3674	3113	2946	3333
AT4G10845	13	8	3	7	2	10
AT4G10850	15	34	4	1	19	3
AT4G10860	17	2	6	33	28	44
AT4G10890	147	173	170	91	101	196
AT4G10910	3	5	9	8	9	8
AT4G10920	2351	2841	2463	1947	1882	2107
AT4G10925	260	286	273	435	290	433
AT4G10930	452	456	400	137	176	540
AT4G10940	67	42	33	14	9	46
AT4G10950	3	13	3	20	5	26
AT4G10955	453	474	566	930	696	1246
AT4G10960	452	474	565	915	693	1224
AT4G10970	951	891	905	1074	853	1393
AT4G11000	75	33	54	392	193	550
AT4G11010	5474	7004	7231	7007	6888	6921
AT4G11030	0	12	0	0	0	0
AT4G11040	0	1	1	0	0	0
AT4G11050	17	38	10	9	24	9
AT4G11060	204	273	266	159	175	187
AT4G11070	32	58	33	51	27	44
AT4G11080	184	266	201	40	88	100
AT4G11090	423	464	459	319	387	441
AT4G11100	1744	2031	1956	1353	1319	1588
AT4G11110	1697	1459	1438	1016	1026	1551
AT4G11120	761	927	944	756	731	1017
AT4G11130	243	213	203	55	118	152
AT4G11140	81	115	66	15	38	33
AT4G11150	9820	10859	12233	10774	10058	11198
AT4G11160	1392	1510	1409	1011	1053	1536
AT4G11170	33	6	37	82	35	106
AT4G11175	2717	3403	3284	2011	2151	1842
AT4G11177	0	1	0	0	0	0
AT4G11190	43	49	44	37	61	89
AT4G11210	14	38	24	35	38	60
AT4G11211	938	1009	811	634	866	599
AT4G11220	1819	1657	1812	3010	2218	3313
AT4G11230	7	3	4	6	2	12
AT4G11240	886	704	745	2084	1296	2601
AT4G11250	1	0	2	2	2	8
AT4G11260	3486	3589	3592	4122	3645	5436
AT4G11270	1310	1179	1111	787	893	1326
AT4G11280	460	476	552	798	596	799
AT4G11290	97	106	110	9	10	16
AT4G11300	292	172	174	551	384	501
AT4G11310	10	6	14	8	8	8
AT4G11320	382	302	484	623	794	1836
AT4G11330	392	349	475	535	472	602
AT4G11340	9	0	0	7	4	8
AT4G11350	99	86	103	238	164	305
AT4G11360	196	193	269	568	343	425
AT4G11370	42	29	48	127	49	95
AT4G11380	2974	3012	2965	1668	1926	3331
AT4G11390	0	0	0	0	0	4
AT4G11400	37	40	35	16	22	35
AT4G11405	0	0	0	3	2	5
AT4G11410	1087	1093	1215	1385	1096	1453
AT4G11420	6868	8112	6669	2092	3049	5633
AT4G11440	171	167	171	151	142	210
AT4G11450	176	220	213	78	111	170
AT4G11460	74	86	95	6	17	9
AT4G11470	11	6	27	35	21	21
AT4G11480	2	0	2	7	1	6
AT4G11521	58	58	95	140	83	127
AT4G11530	155	107	111	112	110	122
AT4G11540	0	0	0	3	0	3
AT4G11550	13	12	14	19	18	31
AT4G11560	1191	1390	1206	640	762	1263
AT4G11570	9285	8858	11208	13405	10764	12133
AT4G11580	0	0	1	2	0	3
AT4G11590	2	1	0	8	0	11
AT4G11600	1074	1168	2099	4071	2013	4943
AT4G11610	2	2	1	4	2	1
AT4G11630	593	747	683	652	633	713
AT4G11640	187	232	211	86	153	125
AT4G11650	64	69	513	951	716	1302
AT4G11655	9	2	5	40	27	25
AT4G11660	957	1065	1216	855	596	892
AT4G11670	565	573	565	497	419	955
AT4G11680	601	607	715	406	473	493
AT4G11690	30	16	18	21	22	42
AT4G11700	1	1	6	6	2	3
AT4G11720	9	0	1	0	1	1
AT4G11730	1	0	0	0	0	0
AT4G11740	1122	1271	1319	1719	1421	1930
AT4G11745	0	1	0	0	0	0
AT4G11750	0	0	0	0	1	0
AT4G11760	0	3	0	0	0	0
AT4G11780	31	28	30	14	32	13
AT4G11790	966	1160	1008	622	685	885
AT4G11800	1139	890	966	1329	885	1832
AT4G11810	2	3	2	4	5	4
AT4G11820	1936	2135	1863	1355	1583	1448
AT4G11830	1878	1872	1372	1073	1068	2277
AT4G11840	883	623	524	759	612	1556
AT4G11845	93	69	51	63	41	93
AT4G11850	856	497	616	1078	791	1731
AT4G11860	924	914	899	904	810	1267
AT4G11880	12	2	9	7	7	11
AT4G11890	478	74	374	3062	1480	3721
AT4G11900	915	750	610	887	755	1229
AT4G11910	53	20	103	486	152	492
AT4G11911	5	2	9	23	11	96
AT4G11920	149	166	142	203	178	303
AT4G11930	0	0	0	0	0	1
AT4G11950	17	15	11	8	16	10
AT4G11960	1196	1164	1288	1869	1387	1865
AT4G11970	236	251	240	162	172	258
AT4G11980	423	557	524	543	556	633
AT4G11990	83	114	112	45	68	43
AT4G12000	620	702	833	630	557	649
AT4G12005	28	18	20	14	18	25
AT4G12010	398	352	367	177	175	440
AT4G12020	960	716	631	424	400	1007
AT4G12030	2094	2097	2231	1542	1771	2048
AT4G12040	1171	1308	1357	1958	1506	1818
AT4G12050	6	9	6	11	5	12
AT4G12060	2468	3034	3208	2072	2496	2203
AT4G12070	201	192	251	611	365	612
AT4G12080	60	46	105	177	102	167
AT4G12090	6	7	15	29	15	27
AT4G12100	0	0	0	1	4	0
AT4G12110	876	836	908	931	771	1072
AT4G12120	193	191	265	169	135	326
AT4G12130	357	403	519	438	411	396
AT4G12140	0	0	0	1	0	1
AT4G12210	0	0	0	0	0	1
AT4G12220	0	0	1	1	0	1
AT4G12230	1145	1146	1291	1803	1455	1709
AT4G12240	126	153	102	122	116	183
AT4G12250	387	407	443	620	507	656
AT4G12290	839	830	1006	3721	1746	5306
AT4G12300	676	730	866	1572	1017	1874
AT4G12310	1008	1102	1475	787	912	970
AT4G12320	3598	4134	4193	4489	4593	5889
AT4G12330	2	4	13	17	4	18
AT4G12334	0	0	0	10	1	13
AT4G12340	721	924	974	926	797	1276
AT4G12350	5	4	14	4	6	12
AT4G12370	2	4	1	3	2	5
AT4G12380	2	3	2	2	2	1
AT4G12382	11	12	10	16	22	12
AT4G12390	1428	1793	1634	783	878	918
AT4G12400	901	707	1069	441	426	1160
AT4G12410	13	3	18	47	22	72
AT4G12420	6721	8169	7161	2681	3410	4136
AT4G12430	210	233	134	140	208	144
AT4G12432	210	233	134	140	208	144
AT4G12440	14	22	21	5	15	11
AT4G12450	9	20	15	12	16	8
AT4G12460	1389	1468	1391	636	829	923
AT4G12470	119	49	158	169	86	112
AT4G12480	123	254	893	603	287	449
AT4G12490	254	347	2212	435	340	242
AT4G12500	66	68	563	64	81	53
AT4G12510	1	5	2	0	0	0
AT4G12520	3	7	7	0	1	0
AT4G12530	0	1	5	3	7	4
AT4G12540	28	53	49	16	35	14
AT4G12545	2	0	0	2	0	0
AT4G12550	0	0	1	0	0	0
AT4G12560	1180	1204	1195	1108	937	1202
AT4G12570	624	577	617	1005	727	1338
AT4G12580	36	49	57	40	30	18
AT4G12590	1048	1150	1134	1349	1160	1691
AT4G12600	2006	2386	2260	1221	1493	1216
AT4G12610	928	1187	1117	652	716	1300
AT4G12617	2	0	0	0	1	1
AT4G12620	181	180	123	53	106	124
AT4G12640	760	888	703	323	497	680
AT4G12650	4430	4844	5028	3934	4121	4837
AT4G12670	554	471	405	160	203	371
AT4G12680	294	339	238	139	158	291
AT4G12690	161	200	179	162	143	131
AT4G12700	620	724	603	320	348	522
AT4G12710	303	305	270	430	348	582
AT4G12720	1641	1030	1543	2633	1969	2760
AT4G12730	7054	9548	8136	3861	5640	4782
AT4G12731	0	0	1	6	1	2
AT4G12735	22	10	26	690	209	524
AT4G12740	30	35	30	18	12	25
AT4G12750	259	238	224	209	191	446
AT4G12760	255	234	205	205	145	241
AT4G12770	1421	1488	1411	742	846	1575
AT4G12780	1519	1728	1340	1011	1089	1666
AT4G12790	1866	1939	1990	1935	1754	2317
AT4G12800	100060	135852	125151	144763	156248	111508
AT4G12810	0	0	0	10	2	25
AT4G12820	0	0	0	1	0	0
AT4G12830	3658	4177	4131	1893	2673	1721
AT4G12840	154	148	139	170	124	251
AT4G12850	58	63	64	72	56	72
AT4G12860	0	0	0	0	0	1
AT4G12870	54	65	114	24	53	24
AT4G12880	2708	2807	3459	2837	3802	2407
AT4G12890	6	0	10	0	4	7
AT4G12900	34	50	47	75	82	95
AT4G12910	545	689	687	710	586	845
AT4G12917	555	659	695	602	589	481
AT4G12920	0	16	0	1	0	2
AT4G12940	0	0	0	1	2	0
AT4G12960	1	13	3	3	2	1
AT4G12970	909	1002	992	256	517	250
AT4G12980	3872	4334	3921	3317	4047	2201
AT4G12990	212	230	206	336	229	360
AT4G13000	34	47	59	110	59	88
AT4G13010	5985	6408	7109	9759	7749	8944
AT4G13020	1967	2159	2190	1948	1693	2097
AT4G13030	78	85	56	146	72	203
AT4G13040	791	745	718	558	466	719
AT4G13050	1269	1413	1387	816	916	821
AT4G13060	0	0	0	0	0	1
AT4G13070	183	190	177	170	133	178
AT4G13100	1085	1162	1206	940	1019	817
AT4G13110	243	253	282	534	310	577
AT4G13130	11	2	9	5	5	4
AT4G13150	931	991	990	1497	1112	1485
AT4G13160	259	298	269	295	238	327
AT4G13170	2986	3461	3374	1918	2600	1822
AT4G13180	402	367	657	1566	861	1402
AT4G13190	25	25	25	14	19	22
AT4G13195	124	108	156	177	183	112
AT4G13200	1125	1373	1304	1013	1061	1093
AT4G13210	104	134	91	27	54	45
AT4G13220	1555	1978	1923	1159	1309	1141
AT4G13230	0	19	2	0	0	1
AT4G13235	8	3	3	7	6	5
AT4G13245	5	1	7	1	4	1
AT4G13250	1035	987	1151	2418	1342	4347
AT4G13260	79	77	81	47	58	51
AT4G13270	681	765	823	1052	808	1013
AT4G13280	12	1	5	3	1	12
AT4G13290	14	2	3	3	4	6
AT4G13310	0	1	0	0	0	1
AT4G13320	30	48	28	23	23	22
AT4G13330	115	133	101	85	64	98
AT4G13340	7111	9479	6898	2924	2753	3616
AT4G13345	325	442	367	377	283	419
AT4G13350	3026	2939	2815	2262	2091	3154
AT4G13360	1156	1458	1546	1112	1184	1482
AT4G13370	178	283	247	97	130	163
AT4G13390	1	2	0	7	3	8
AT4G13395	72	31	100	400	287	309
AT4G13400	236	209	220	196	194	248
AT4G13410	775	924	1274	584	916	463
AT4G13420	0	1	2	11	1	16
AT4G13430	11518	11517	12326	14606	15496	18019
AT4G13440	0	1	0	3	6	5
AT4G13450	3	5	10	3	3	1
AT4G13460	1880	1780	1942	1339	1561	1720
AT4G13480	4	1	1	6	4	0
AT4G13493	0	1	0	0	2	3
AT4G13494	31	29	38	35	29	73
AT4G13495	4150	4725	5736	3096	2504	3716
AT4G13500	5364	6128	6663	4151	4911	2878
AT4G13505	7634	5169	5444	12515	7976	11175
AT4G13510	9046	6403	6695	14539	9442	13056
AT4G13520	4555	4480	4751	7703	5822	8011
AT4G13530	2680	2260	2757	3368	2579	3216
AT4G13540	381	404	390	97	179	140
AT4G13550	2093	1772	1852	952	1195	1406
AT4G13554	0	0	0	0	1	0
AT4G13555	0	0	1	0	3	0
AT4G13560	23	45	22	81	27	68
AT4G13564	0	0	0	0	0	1
AT4G13570	97	92	114	153	76	209
AT4G13572	149	184	216	219	177	262
AT4G13575	392	428	544	526	341	418
AT4G13580	9	9	9	8	5	12
AT4G13590	2986	3442	3445	1748	2454	2188
AT4G13600	35	46	34	12	21	22
AT4G13615	6402	6426	6987	11604	8789	10006
AT4G13620	7	4	8	14	4	26
AT4G13630	369	391	463	358	357	495
AT4G13640	384	412	399	540	448	726
AT4G13650	180	156	151	68	98	148
AT4G13660	15	6	69	34	29	30
AT4G13670	3478	4133	3791	3620	3494	4083
AT4G13680	2	2	5	5	0	9
AT4G13690	40	43	28	5	31	28
AT4G13700	0	1	1	0	2	2
AT4G13710	199	247	180	154	266	258
AT4G13720	888	1195	1090	661	894	793
AT4G13730	757	791	731	763	654	844
AT4G13750	689	620	450	121	188	425
AT4G13760	0	0	0	3	0	5
AT4G13770	17747	21942	21184	20160	22563	18933
AT4G13780	2571	2585	2502	1374	1722	2639
AT4G13790	0	0	0	2	0	5
AT4G13800	222	333	324	678	421	609
AT4G13810	797	856	782	1792	1046	2165
AT4G13820	36	26	24	210	93	258
AT4G13830	2080	2465	2371	3053	2406	2265
AT4G13840	5468	5921	5861	5523	6844	4006
AT4G13850	1580	1744	1757	2054	1673	2002
AT4G13860	16	19	34	124	24	115
AT4G13870	148	184	178	152	142	209
AT4G13880	66	46	36	74	56	161
AT4G13885	32	42	39	32	23	60
AT4G13890	17	4	5	60	46	149
AT4G13918	279	187	174	617	385	996
AT4G13920	251	167	163	589	362	931
AT4G13930	10345	11933	12180	6017	8082	7952
AT4G13940	42738	44811	49520	84750	51991	107700
AT4G13950	288	318	376	276	308	302
AT4G13960	1	1	0	0	0	0
AT4G13970	480	542	472	290	352	711
AT4G13980	328	312	352	386	285	452
AT4G13985	1	0	0	0	0	0
AT4G13990	207	241	248	136	219	173
AT4G13992	25	32	29	10	15	10
AT4G14000	616	690	656	736	645	679
AT4G14010	430	433	495	559	411	677
AT4G14020	337	413	332	966	506	865
AT4G14030	5595	5438	5951	6577	5556	6402
AT4G14040	10774	10280	12535	10226	11754	10851
AT4G14050	65	58	48	52	52	98
AT4G14060	1	0	0	0	0	0
AT4G14070	2528	2870	3110	2088	2498	3011
AT4G14080	84	648	39	64	134	145
AT4G14090	1122	1232	1444	2325	2001	3460
AT4G14096	357	379	374	232	290	289
AT4G14100	913	1137	1220	1119	974	1067
AT4G14103	20	23	17	19	29	45
AT4G14104	0	0	0	4	2	25
AT4G14105	0	0	0	4	1	6
AT4G14110	640	826	786	1005	851	1275
AT4G14120	68	99	70	31	44	47
AT4G14130	120	267	233	48	86	59
AT4G14140	29	14	7	6	10	15
AT4G14145	242	318	285	337	255	454
AT4G14147	203	201	198	277	202	322
AT4G14150	169	235	112	26	45	99
AT4G14160	3383	3187	3339	3682	3310	4778
AT4G14165	0	0	1	2	2	4
AT4G14170	46	53	60	77	64	78
AT4G14180	27	33	23	16	15	29
AT4G14190	507	549	532	433	420	387
AT4G14200	424	486	318	138	238	394
AT4G14210	7419	7801	7943	4850	5786	5298
AT4G14220	861	838	921	1146	868	1273
AT4G14225	0	0	0	3	0	6
AT4G14226	0	0	0	0	1	1
AT4G14230	444	534	547	996	773	1269
AT4G14240	1873	2130	2104	1505	1579	1672
AT4G14250	1	1	1	0	0	0
AT4G14270	340	343	410	1006	549	777
AT4G14272	0	0	0	0	0	1
AT4G14280	0	0	0	2	1	1
AT4G14290	128	137	103	90	120	171
AT4G14300	2075	2311	2481	2212	2192	2715
AT4G14301	2	2	2	10	11	15
AT4G14305	19	30	26	40	32	63
AT4G14310	351	498	360	87	185	197
AT4G14315	0	0	0	0	0	2
AT4G14320	7062	8511	7969	5714	6425	5408
AT4G14330	243	378	263	42	118	131
AT4G14340	692	943	827	834	806	1063
AT4G14342	1518	1594	1618	1278	1226	1349
AT4G14345	0	0	0	1	0	2
AT4G14350	1271	1382	1268	625	699	1100
AT4G14358	3	5	8	4	5	7
AT4G14360	2859	3198	3036	1798	1894	1926
AT4G14365	1160	330	766	2638	1539	3040
AT4G14368	2	0	3	20	16	90
AT4G14370	65	24	101	92	39	219
AT4G14380	35	26	48	18	42	18
AT4G14385	526	597	661	577	542	662
AT4G14390	73	15	16	191	154	256
AT4G14400	20013	14165	11312	20296	15876	26614
AT4G14403	13	4	7	11	3	39
AT4G14410	1717	1922	2075	2518	1897	2779
AT4G14415	0	0	0	4	2	4
AT4G14420	1370	1522	1565	2653	2079	3178
AT4G14430	1730	1973	2453	3387	2265	3296
AT4G14440	1989	2332	2611	2268	2831	1871
AT4G14450	18	7	11	31	10	29
AT4G14455	444	523	508	603	427	726
AT4G14465	70	19	79	17	28	22
AT4G14480	235	262	197	151	179	199
AT4G14490	58	84	70	29	45	54
AT4G14500	1559	1594	1724	2374	1901	2955
AT4G14510	1536	1662	1300	302	466	739
AT4G14520	179	213	233	369	271	387
AT4G14530	0	2	0	2	1	1
AT4G14540	1829	1894	2084	1628	1759	1312
AT4G14548	193	222	237	176	181	137
AT4G14550	541	491	454	426	479	502
AT4G14560	389	389	430	309	384	341
AT4G14570	1553	1871	1689	1679	1824	2222
AT4G14580	108	90	95	158	76	125
AT4G14590	67	63	59	32	52	89
AT4G14600	305	312	284	536	353	470
AT4G14605	509	575	508	222	309	460
AT4G14615	778	892	932	1180	889	1206
AT4G14620	390	406	495	452	451	460
AT4G14622	390	406	495	452	451	460
AT4G14630	34	5	67	154	29	143
AT4G14640	22	21	15	47	27	43
AT4G14650	57	70	48	10	15	27
AT4G14660	109	108	114	253	181	350
AT4G14670	1	0	0	0	0	5
AT4G14680	1633	1975	1722	1500	1763	1618
AT4G14690	4210	3180	3817	605	754	911
AT4G14695	64	121	36	12	71	9
AT4G14700	39	48	24	26	22	46
AT4G14710	2852	3289	3452	4726	3508	5467
AT4G14713	138	174	141	100	119	118
AT4G14716	1462	1438	1671	2981	2147	3570
AT4G14720	371	377	395	593	510	712
AT4G14723	27	49	35	10	41	27
AT4G14730	6	6	3	10	8	16
AT4G14740	1236	1166	1151	1233	1251	1044
AT4G14746	344	220	547	1100	505	871
AT4G14750	398	434	381	147	190	210
AT4G14760	1984	1975	1530	317	428	1128
AT4G14770	573	591	449	119	253	328
AT4G14780	2	15	16	3	8	9
AT4G14790	383	410	343	173	196	204
AT4G14800	1366	1424	1697	2390	1774	2447
AT4G14805	2	1	1	8	2	18
AT4G14810	0	2	0	1	1	1
AT4G14815	34	18	32	17	57	19
AT4G14819	26	25	31	25	29	19
AT4G14820	26	30	29	35	33	67
AT4G14830	236	316	308	226	269	239
AT4G14840	79	111	81	50	75	100
AT4G14850	116	147	100	99	105	159
AT4G14860	34	35	28	72	48	71
AT4G14870	1849	2140	2063	1688	1758	1667
AT4G14880	9254	10756	10730	13621	11824	16839
AT4G14890	3593	4509	4418	2412	3668	2356
AT4G14900	1225	1415	1260	972	976	1100
AT4G14905	308	351	314	245	291	372
AT4G14910	1071	1125	1111	931	1001	849
AT4G14920	1160	1189	898	460	577	955
AT4G14930	810	899	1069	784	778	1107
AT4G14940	100	112	91	31	36	49
AT4G14950	648	690	656	909	637	1184
AT4G14960	12672	13870	14028	12721	13469	14581
AT4G14965	882	933	940	1239	963	1338
AT4G14970	150	181	113	41	80	135
AT4G14980	0	3	9	5	4	6
AT4G14990	1090	1026	1131	1815	1304	2378
AT4G15000	14637	15720	15580	12363	12970	14000
AT4G15010	491	480	538	1058	621	1174
AT4G15020	996	1145	1042	840	878	1118
AT4G15030	507	616	536	327	300	595
AT4G15040	2	3	2	7	3	32
AT4G15060	1	0	0	0	0	0
AT4G15070	116	69	62	79	79	167
AT4G15075	0	0	0	6	0	2
AT4G15080	769	863	813	754	739	1092
AT4G15090	711	732	657	305	334	592
AT4G15093	294	274	284	328	260	329
AT4G15096	0	0	0	0	1	1
AT4G15100	0	0	0	4	3	18
AT4G15110	2675	3158	2932	2452	2531	3133
AT4G15120	30	46	53	55	51	54
AT4G15130	497	629	515	232	310	415
AT4G15140	123	169	125	103	99	105
AT4G15150	0	0	1	3	6	6
AT4G15160	30	34	17	8	36	8
AT4G15165	65	87	96	234	167	287
AT4G15180	2348	1902	1185	463	632	1492
AT4G15200	21	102	72	233	236	465
AT4G15210	1633	2935	5194	10378	12029	14838
AT4G15215	84	87	84	46	37	91
AT4G15230	33	28	55	37	19	114
AT4G15233	186	125	113	184	135	429
AT4G15236	28	21	26	11	7	25
AT4G15240	368	361	404	515	371	560
AT4G15248	1053	839	1033	1205	1087	851
AT4G15250	0	0	0	1	0	0
AT4G15258	18	15	22	15	19	17
AT4G15260	424	293	443	2673	1065	3171
AT4G15270	1	13	17	50	20	39
AT4G15280	11	20	39	92	26	117
AT4G15290	0	0	1	0	0	1
AT4G15300	0	4	0	1	0	1
AT4G15320	12	3	4	0	2	0
AT4G15330	0	1	1	2	1	6
AT4G15340	0	0	0	5	1	2
AT4G15350	0	3	0	1	0	0
AT4G15370	0	0	0	0	1	0
AT4G15380	2	4	7	5	4	3
AT4G15390	3	0	3	1	1	0
AT4G15393	1	0	0	1	0	0
AT4G15396	0	3	2	2	2	5
AT4G15400	0	1	0	1	0	1
AT4G15410	796	858	875	724	673	910
AT4G15415	922	823	878	855	752	943
AT4G15417	13	4	8	31	14	37
AT4G15420	597	526	667	1056	741	2017
AT4G15430	959	1099	1055	389	505	427
AT4G15440	877	1298	1341	2469	1657	3325
AT4G15450	670	934	825	615	695	1004
AT4G15460	0	1	0	2	1	4
AT4G15470	3859	4475	4769	5851	4686	6869
AT4G15475	627	626	571	622	528	852
AT4G15480	150	142	124	63	138	89
AT4G15490	903	1212	1305	3325	2416	3885
AT4G15500	97	112	126	123	195	161
AT4G15510	1323	1662	1704	901	1181	883
AT4G15520	416	494	463	794	491	797
AT4G15530	10206	9369	10678	15633	11544	17006
AT4G15540	731	666	621	1076	698	1227
AT4G15545	15330	18558	17708	7658	9753	10615
AT4G15550	2821	2957	2941	2104	2426	1735
AT4G15560	19116	20607	20263	14579	18650	14912
AT4G15563	20	38	26	50	33	62
AT4G15570	395	427	342	164	219	252
AT4G15610	283	99	567	2272	528	2289
AT4G15620	692	637	826	477	781	484
AT4G15630	2496	2565	2828	1647	1782	1373
AT4G15640	413	566	475	270	300	378
AT4G15650	2	1	3	0	1	0
AT4G15660	155	134	206	196	168	117
AT4G15670	56	71	115	137	117	104
AT4G15680	46	48	86	77	79	56
AT4G15690	112	93	114	177	147	100
AT4G15700	146	131	206	269	192	190
AT4G15710	11	10	8	21	7	15
AT4G15720	8	14	7	9	8	10
AT4G15730	94	84	100	36	57	86
AT4G15740	0	0	0	0	1	0
AT4G15750	0	0	1	0	0	0
AT4G15755	0	0	0	1	0	7
AT4G15760	643	391	678	1536	849	1267
AT4G15765	317	235	325	742	388	775
AT4G15770	1262	1412	1294	1047	1052	1121
AT4G15780	1475	1621	1738	1548	1365	1561
AT4G15790	849	1044	967	732	706	654
AT4G15800	1505	1725	1832	1432	1106	1295
AT4G15802	2256	2763	2722	2333	2232	2153
AT4G15810	1253	1114	962	246	408	525
AT4G15820	543	596	541	171	225	419
AT4G15830	228	436	320	93	197	143
AT4G15840	1224	1218	1229	1165	1096	1453
AT4G15850	169	218	203	105	121	158
AT4G15880	792	815	763	582	553	807
AT4G15885	1	0	0	1	0	1
AT4G15890	124	153	122	61	80	147
AT4G15900	2563	2807	2504	1812	2012	2299
AT4G15910	803	794	1360	1341	1169	1666
AT4G15920	2048	2360	2426	2681	2794	2052
AT4G15930	1670	2038	1991	2152	2015	2353
AT4G15940	887	1015	1140	1365	970	1261
AT4G15950	194	241	217	292	220	291
AT4G15953	16	32	17	31	29	28
AT4G15955	197	232	255	527	333	500
AT4G15960	53	64	54	14	31	17
AT4G15970	3	0	1	0	1	0
AT4G15975	29	30	29	56	56	93
AT4G15990	10	9	6	17	10	8
AT4G16000	88	99	91	410	257	331
AT4G16008	192	253	226	372	262	279
AT4G16015	20	34	23	7	11	13
AT4G16030	0	2	0	0	0	0
AT4G16050	3	5	0	0	3	2
AT4G16060	427	581	548	534	527	483
AT4G16070	408	437	412	346	386	547
AT4G16080	0	0	0	0	0	2
AT4G16090	1	1	0	0	0	0
AT4G16095	0	0	0	1	0	0
AT4G16100	258	259	262	204	220	266
AT4G16110	548	458	521	639	482	998
AT4G16120	666	854	802	445	583	608
AT4G16130	1340	1380	1323	1163	1227	1931
AT4G16140	1166	1662	1193	270	716	433
AT4G16141	1009	1304	977	384	710	460
AT4G16143	4526	4409	4581	4749	4265	6347
AT4G16144	398	446	457	319	310	508
AT4G16146	30	31	34	72	35	73
AT4G16150	1660	1687	1695	1694	1709	2590
AT4G16155	3378	3610	3760	1301	2275	1726
AT4G16160	1	6	5	9	2	3
AT4G16162	3	1	2	0	1	1
AT4G16180	1398	1509	1624	1467	1372	2267
AT4G16190	8035	7359	9331	18462	13193	20701
AT4G16195	0	0	0	9	1	11
AT4G16200	1	0	1	2	0	0
AT4G16210	375	392	537	1127	642	1077
AT4G16220	0	1	1	0	0	0
AT4G16230	5	6	3	6	8	2
AT4G16235	0	1	0	0	0	0
AT4G16240	80	106	312	851	220	648
AT4G16250	576	526	539	309	385	408
AT4G16260	117	393	273	672	190	648
AT4G16265	199	201	171	133	138	161
AT4G16270	87	93	64	45	142	47
AT4G16280	812	881	680	656	658	1104
AT4G16310	1308	1221	993	390	553	1125
AT4G16330	776	894	1094	1257	1026	1488
AT4G16340	2574	2440	2037	990	1360	2105
AT4G16350	17	33	19	18	13	22
AT4G16355	7	9	5	5	5	6
AT4G16360	1655	1717	1921	1834	1736	2223
AT4G16370	27784	29212	34608	26387	30103	28957
AT4G16380	3244	4844	4709	3569	3383	4274
AT4G16390	3195	3354	3380	2016	2355	2840
AT4G16400	5790	6734	7150	5665	5707	5034
AT4G16410	5682	6615	7033	5580	5637	4943
AT4G16420	940	1010	960	719	703	1103
AT4G16430	870	1022	924	1265	1155	1525
AT4G16440	441	491	474	336	319	470
AT4G16442	753	840	899	904	846	802
AT4G16444	339	358	399	437	383	461
AT4G16447	187	211	207	147	137	151
AT4G16450	2627	3121	3201	4376	3506	4933
AT4G16451	0	0	0	1	0	4
AT4G16460	4	4	6	1	6	4
AT4G16470	160	133	146	105	104	124
AT4G16480	376	402	300	329	362	466
AT4G16490	6464	5987	6836	9144	7717	8670
AT4G16500	1005	969	1206	1524	1015	1729
AT4G16510	234	269	288	456	319	422
AT4G16515	250	279	262	138	304	233
AT4G16520	3144	3893	4176	5316	4154	4170
AT4G16530	405	402	435	588	423	638
AT4G16540	32	60	75	41	35	49
AT4G16550	3	8	8	1	6	7
AT4G16560	0	3	2	0	2	2
AT4G16563	163	281	192	131	66	136
AT4G16566	276	336	364	340	310	344
AT4G16570	259	274	183	113	147	208
AT4G16580	1082	1147	1245	820	882	848
AT4G16590	769	3407	6068	7646	7171	5152
AT4G16600	5	3	8	28	18	52
AT4G16610	26	37	27	19	31	28
AT4G16620	30	38	24	20	20	22
AT4G16630	1285	1553	1077	223	382	579
AT4G16640	9	16	7	9	11	9
AT4G16650	919	1075	1061	842	1024	1151
AT4G16660	4353	4290	3816	2210	2393	5579
AT4G16670	439	394	466	777	509	1108
AT4G16680	666	483	448	311	258	620
AT4G16690	2614	2470	2731	3129	1987	3148
AT4G16695	545	604	727	685	553	755
AT4G16700	172	193	136	92	120	139
AT4G16710	431	437	437	536	420	583
AT4G16720	14304	18038	16802	12108	13891	14305
AT4G16730	3	0	2	8	5	11
AT4G16740	0	0	2	16	2	40
AT4G16745	48	67	57	73	64	151
AT4G16748	0	1	0	0	1	1
AT4G16750	193	235	158	174	236	208
AT4G16760	5637	4530	8599	11017	6553	15363
AT4G16765	345	344	391	431	353	569
AT4G16770	631	655	796	875	800	917
AT4G16780	301	411	364	433	398	376
AT4G16790	802	918	919	1930	1150	2388
AT4G16800	354	428	382	271	289	389
AT4G16807	48	55	47	19	20	22
AT4G16810	0	0	1	0	0	0
AT4G16820	22	18	22	28	23	19
AT4G16830	5748	5865	5986	6176	6174	5960
AT4G16835	37	30	39	49	40	149
AT4G16840	211	164	243	382	226	396
AT4G16845	592	678	679	483	451	785
AT4G16850	152	160	182	223	195	303
AT4G16855	0	0	0	5	5	15
AT4G16860	1700	1494	1266	2341	1892	3376
AT4G16880	411	538	443	1294	1083	1121
AT4G16890	6687	5827	5184	5187	4817	9715
AT4G16892	54	45	39	91	52	96
AT4G16900	585	508	440	501	366	824
AT4G16915	0	5	3	6	1	15
AT4G16920	370	428	438	452	488	1111
AT4G16930	0	0	0	11	5	33
AT4G16940	168	109	123	174	105	449
AT4G16950	3066	2523	2278	3786	2798	6210
AT4G16960	268	203	188	306	237	729
AT4G16970	191	230	161	34	102	88
AT4G16980	26807	31515	29843	14664	18802	15581
AT4G16990	9995	10143	8239	4791	5285	10655
AT4G17000	111	217	139	18	50	56
AT4G17010	316	363	415	514	380	654
AT4G17020	410	441	446	272	312	440
AT4G17030	377	407	346	185	192	304
AT4G17040	7386	8579	9022	8767	8239	12575
AT4G17050	1300	1539	1549	1790	1654	1688
AT4G17060	599	638	600	604	617	834
AT4G17070	783	678	852	1991	1092	1868
AT4G17080	763	825	753	782	740	1020
AT4G17085	270	241	263	313	263	287
AT4G17090	25629	29445	29054	6513	10666	15063
AT4G17098	915	931	866	865	968	1149
AT4G17100	1128	1195	1120	1142	1324	1598
AT4G17140	833	542	442	472	398	1434
AT4G17150	626	669	651	677	580	982
AT4G17160	44	33	24	14	32	15
AT4G17170	2922	2907	3206	3283	2863	3171
AT4G17180	195	242	194	199	261	235
AT4G17190	626	786	618	629	594	842
AT4G17200	0	1	0	0	0	1
AT4G17210	1	0	0	0	0	1
AT4G17215	40	27	60	120	64	128
AT4G17220	45	43	22	16	3	45
AT4G17230	548	386	693	1351	996	1740
AT4G17240	255	333	328	126	156	214
AT4G17245	1137	1121	1225	1050	819	1261
AT4G17250	685	628	745	664	602	1081
AT4G17260	392	536	431	321	481	424
AT4G17270	1291	1259	1421	1770	1400	2139
AT4G17280	12	22	20	53	33	59
AT4G17300	2518	3175	2863	1596	2140	1828
AT4G17310	181	194	166	272	174	308
AT4G17330	6710	5752	4232	1173	1955	3579
AT4G17340	7084	7231	9746	19958	12406	17523
AT4G17350	237	285	244	270	254	334
AT4G17360	444	594	533	251	312	323
AT4G17370	1016	1071	1194	1098	965	1120
AT4G17380	8	22	15	10	13	13
AT4G17390	11807	15272	13973	6709	9881	8406
AT4G17410	683	722	646	535	548	718
AT4G17420	474	568	493	600	528	673
AT4G17430	426	438	409	309	313	393
AT4G17440	138	150	191	219	193	209
AT4G17460	478	754	523	193	303	177
AT4G17470	463	781	748	1483	3657	1749
AT4G17480	85	146	89	110	129	165
AT4G17483	22	36	37	29	26	45
AT4G17486	637	669	789	1196	1009	2026
AT4G17490	25	13	39	89	69	68
AT4G17500	207	148	327	1080	603	1067
AT4G17505	0	1	0	0	0	0
AT4G17510	490	543	609	756	622	759
AT4G17520	8692	11577	9497	3155	5448	4734
AT4G17530	5214	5579	6133	4944	4476	5256
AT4G17540	517	606	566	221	298	307
AT4G17550	1334	1094	1487	1395	1074	1259
AT4G17560	6726	7739	7907	3630	5581	4618
AT4G17565	0	0	1	7	2	12
AT4G17570	816	813	1023	1119	860	1116
AT4G17580	1	0	0	0	0	0
AT4G17600	8492	9745	9654	5128	6966	4389
AT4G17610	332	309	228	144	170	257
AT4G17615	278	293	281	560	284	658
AT4G17616	339	417	401	403	380	492
AT4G17620	977	1087	1044	1005	804	1189
AT4G17640	1412	1525	1577	1901	1441	1948
AT4G17650	892	975	1307	1489	1050	1486
AT4G17660	9	4	11	40	25	67
AT4G17670	182	201	172	573	349	513
AT4G17680	202	197	203	192	257	201
AT4G17690	0	0	0	7	0	1
AT4G17695	222	228	165	156	151	219
AT4G17700	0	0	1	0	0	0
AT4G17710	2	1	1	0	1	0
AT4G17718	1	0	0	2	0	0
AT4G17720	1139	1059	1193	1640	1212	2159
AT4G17730	1101	1063	1120	1472	1141	1818
AT4G17740	1756	2031	1990	1100	1426	1360
AT4G17750	205	227	211	137	132	193
AT4G17760	52	80	71	31	67	66
AT4G17765	0	0	1	0	0	1
AT4G17770	888	1040	1144	524	761	956
AT4G17780	1	0	0	3	1	7
AT4G17785	0	0	0	0	1	0
AT4G17788	5	4	4	2	2	10
AT4G17790	457	484	592	963	692	1109
AT4G17800	4	11	9	16	9	9
AT4G17810	671	721	912	583	583	545
AT4G17830	1535	1693	1758	1877	1727	2289
AT4G17840	5745	5606	6764	10020	7261	9224
AT4G17860	43	38	29	1	11	3
AT4G17870	2449	3579	3401	2346	2251	1841
AT4G17880	2233	2119	2396	1815	1700	2095
AT4G17890	1269	1367	1334	1141	1205	1381
AT4G17895	287	277	252	163	160	335
AT4G17900	428	386	591	1475	807	1281
AT4G17905	38	52	38	30	37	40
AT4G17910	327	328	316	294	303	392
AT4G17920	6	2	11	12	5	8
AT4G17940	1334	1293	1498	1530	1271	1471
AT4G17950	792	868	830	875	820	1213
AT4G17960	242	248	187	259	223	278
AT4G17970	254	246	236	164	262	252
AT4G17980	0	0	1	0	1	0
AT4G17990	0	0	1	0	0	1
AT4G17998	0	0	0	0	0	1
AT4G18010	964	813	1246	1790	886	2312
AT4G18020	1646	1960	1686	1229	1192	1393
AT4G18030	4824	5166	5220	3623	3731	5416
AT4G18040	2433	2907	2821	2138	2166	2379
AT4G18050	630	556	442	198	200	383
AT4G18060	886	1170	1028	541	658	775
AT4G18070	1038	1217	1170	1034	993	1125
AT4G18080	2	1	0	3	1	12
AT4G18090	0	0	0	1	0	2
AT4G18100	11502	12628	13039	7966	9496	8282
AT4G18110	0	0	1	3	0	2
AT4G18120	1014	1084	859	561	500	1121
AT4G18130	1982	1935	1670	883	1017	1574
AT4G18140	461	420	445	417	291	589
AT4G18160	486	497	572	775	560	826
AT4G18170	49	17	106	237	101	244
AT4G18180	0	0	0	0	1	0
AT4G18190	50	0	1	7	6	9
AT4G18195	20	19	10	17	24	39
AT4G18197	266	398	290	222	317	293
AT4G18205	359	403	413	443	438	460
AT4G18210	337	282	337	620	337	821
AT4G18220	714	803	788	715	817	883
AT4G18230	664	662	668	589	524	542
AT4G18240	2223	1921	1935	586	806	1263
AT4G18250	182	85	140	596	395	673
AT4G18260	361	453	427	240	264	388
AT4G18270	129	140	150	387	267	469
AT4G18280	711	704	1123	1751	1409	1811
AT4G18290	126	143	118	84	67	160
AT4G18300	275	248	239	194	196	394
AT4G18320	1	0	0	0	0	1
AT4G18330	1	2	3	3	1	1
AT4G18335	0	2	2	0	0	0
AT4G18340	92	96	93	50	53	52
AT4G18350	0	2	1	8	2	20
AT4G18360	32	40	69	212	134	213
AT4G18370	1937	2040	2278	1621	1951	1708
AT4G18372	185	221	212	279	202	358
AT4G18375	95	106	89	40	63	55
AT4G18380	462	498	467	485	433	429
AT4G18390	879	914	1045	1164	1032	1306
AT4G18395	0	1	0	3	3	3
AT4G18400	171	157	205	241	203	276
AT4G18422	2	0	0	11	11	5
AT4G18425	84	77	79	122	102	185
AT4G18430	4	3	6	48	45	64
AT4G18440	2241	2979	4150	8608	9171	9402
AT4G18450	0	2	0	0	0	1
AT4G18460	232	346	320	153	172	170
AT4G18465	439	476	424	235	301	394
AT4G18470	61	59	40	24	25	37
AT4G18480	16762	20765	21057	12216	15534	12416
AT4G18490	52	58	50	11	26	24
AT4G18500	2	7	3	1	4	5
AT4G18501	18	26	12	1	11	9
AT4G18510	8	4	4	2	0	1
AT4G18520	170	163	185	250	211	340
AT4G18530	177	158	149	277	205	359
AT4G18540	5	0	1	2	2	4
AT4G18550	41	36	20	13	22	15
AT4G18570	1979	2196	2122	1444	1778	1326
AT4G18580	174	152	174	581	292	544
AT4G18590	563	664	588	533	472	560
AT4G18593	508	580	521	611	533	630
AT4G18596	1	4	1	6	6	7
AT4G18600	584	541	352	134	196	537
AT4G18610	20	23	23	5	11	18
AT4G18620	1	0	0	0	1	0
AT4G18630	44	44	56	53	55	69
AT4G18640	414	503	288	111	197	195
AT4G18660	0	1	0	0	0	0
AT4G18670	1896	2176	1466	686	1567	1418
AT4G18680	2	0	1	0	1	0
AT4G18700	2538	2410	3369	4017	2459	5134
AT4G18710	4208	4945	5018	4135	3786	4879
AT4G18720	0	0	0	12	3	26
AT4G18725	0	0	1	0	0	1
AT4G18730	6555	7740	7697	6507	6784	6923
AT4G18740	889	960	896	683	643	718
AT4G18750	88	97	88	41	36	99
AT4G18760	697	886	681	226	404	323
AT4G18770	27	51	26	13	11	18
AT4G18780	388	491	301	112	159	198
AT4G18790	0	2	0	4	1	8
AT4G18800	272	322	340	479	356	462
AT4G18810	5584	5146	6282	3336	3831	4246
AT4G18820	1157	1280	1044	364	559	789
AT4G18830	93	108	93	100	69	116
AT4G18840	44	44	57	51	35	56
AT4G18870	0	0	2	12	6	7
AT4G18880	288	184	286	932	503	953
AT4G18890	287	391	329	352	290	434
AT4G18900	0	1	0	2	0	1
AT4G18905	1120	1209	1181	654	718	972
AT4G18910	408	471	610	501	606	380
AT4G18920	0	2	1	2	0	3
AT4G18930	276	442	418	929	587	986
AT4G18940	3	3	1	0	1	0
AT4G18950	992	912	1384	1343	1007	1644
AT4G18960	41	92	41	35	58	29
AT4G18970	4173	4548	3691	1269	3290	1187
AT4G18975	815	947	971	1140	1017	1234
AT4G18980	5	6	8	70	13	106
AT4G18990	14	5	18	50	18	50
AT4G19000	15	27	22	23	28	45
AT4G19003	605	655	638	710	563	759
AT4G19006	1151	1301	1443	1114	1056	1642
AT4G19010	238	240	260	220	218	289
AT4G19020	1090	1073	751	225	421	643
AT4G19030	1	2	9	7	10	3
AT4G19035	0	0	0	2	0	2
AT4G19038	0	0	0	3	2	6
AT4G19040	999	990	1092	1158	918	1353
AT4G19045	195	224	173	327	231	311
AT4G19050	118	175	80	29	15	56
AT4G19060	431	496	367	232	194	478
AT4G19070	433	380	415	343	338	484
AT4G19080	28	19	34	50	39	104
AT4G19090	98	114	74	112	100	416
AT4G19095	10	8	10	14	8	12
AT4G19100	1172	1541	1480	796	900	723
AT4G19110	5044	5087	4790	6217	4921	8631
AT4G19112	5037	5078	4782	6210	4910	8616
AT4G19120	1144	1363	1416	769	937	1074
AT4G19130	69	72	82	36	62	57
AT4G19140	453	458	538	608	429	777
AT4G19150	744	893	835	721	683	868
AT4G19160	1779	1926	1877	2068	1666	2175
AT4G19170	13163	14261	12880	24145	18906	16459
AT4G19180	578	547	559	488	531	800
AT4G19185	267	280	266	470	340	488
AT4G19190	692	742	638	275	324	631
AT4G19191	16	29	22	25	28	52
AT4G19200	4416	4983	5945	11013	5879	9226
AT4G19210	2619	2760	2663	2391	2426	3726
AT4G19220	24	12	21	31	29	50
AT4G19230	84	123	239	244	120	273
AT4G19240	1	0	1	0	0	0
AT4G19250	1	0	1	0	2	0
AT4G19260	0	0	0	1	0	0
AT4G19330	1	0	0	0	1	0
AT4G19340	0	4	0	0	3	1
AT4G19350	559	695	733	849	702	908
AT4G19360	0	0	1	3	0	1
AT4G19370	50	48	43	132	70	82
AT4G19380	235	167	289	25	104	98
AT4G19390	138	101	199	516	225	589
AT4G19395	16	8	14	69	66	153
AT4G19400	71	92	75	86	64	130
AT4G19410	3317	4164	4647	2733	2675	4768
AT4G19420	1414	1714	1384	2125	1188	2032
AT4G19430	720	789	474	248	421	463
AT4G19440	367	339	308	192	184	290
AT4G19450	2101	2165	2298	1932	1669	2196
AT4G19460	88	80	80	85	64	143
AT4G19470	0	0	0	1	0	2
AT4G19480	0	0	0	2	0	1
AT4G19490	1552	1569	1451	1349	1216	2171
AT4G19500	2301	2019	1717	1031	1147	1910
AT4G19510	1767	1503	1369	1035	984	1895
AT4G19520	1076	531	624	592	485	1506
AT4G19530	3855	4098	3489	830	1296	1794
AT4G19540	293	388	317	212	234	331
AT4G19550	103	154	145	139	117	176
AT4G19560	59	87	82	60	65	86
AT4G19570	6	1	0	0	2	11
AT4G19590	13	29	17	5	8	12
AT4G19600	857	1050	888	540	661	957
AT4G19610	1188	1115	1016	569	688	972
AT4G19620	1	8	2	5	8	4
AT4G19630	0	1	0	2	4	1
AT4G19640	2244	2246	2676	2922	2398	2964
AT4G19645	61	51	39	73	57	90
AT4G19650	137	155	153	89	90	161
AT4G19660	1015	868	861	1220	967	1622
AT4G19670	1728	1616	1952	2417	1722	2611
AT4G19680	0	1	0	0	0	0
AT4G19690	35	16	39	6	19	7
AT4G19700	375	427	598	872	539	592
AT4G19710	4155	4145	4258	2000	2806	2318
AT4G19720	0	2	1	5	2	6
AT4G19740	0	0	1	0	0	0
AT4G19750	0	0	1	0	0	0
AT4G19810	72	72	212	393	183	552
AT4G19820	116	183	119	43	87	30
AT4G19829	2	2	8	7	3	7
AT4G19830	716	974	880	1026	1147	973
AT4G19840	3167	4406	3879	4544	3555	4040
AT4G19850	38	52	37	50	23	43
AT4G19860	2053	2183	2347	2157	2199	2930
AT4G19865	82	89	110	120	87	97
AT4G19870	215	209	176	367	252	426
AT4G19880	636	718	896	1817	931	2241
AT4G19890	113	113	95	73	60	140
AT4G19900	321	401	315	269	323	360
AT4G19920	8	0	5	2	1	2
AT4G19925	1	0	0	1	0	2
AT4G19940	0	0	1	0	0	0
AT4G19950	65	64	65	103	50	119
AT4G19960	525	523	676	831	587	1117
AT4G19970	29	22	36	66	54	76
AT4G19980	0	0	0	0	2	1
AT4G19985	1049	1254	1248	856	901	914
AT4G19990	344	269	270	260	208	533
AT4G20000	14	6	18	154	55	150
AT4G20006	0	0	1	0	0	2
AT4G20010	1049	1255	1140	983	921	1119
AT4G20020	1106	1381	1152	730	839	973
AT4G20030	360	410	416	479	360	500
AT4G20040	46	73	45	21	40	23
AT4G20050	51	262	43	29	138	78
AT4G20060	195	200	165	127	138	291
AT4G20070	1301	1287	1380	930	936	761
AT4G20080	0	0	0	1	1	22
AT4G20090	219	209	181	176	143	313
AT4G20095	1	2	2	0	0	0
AT4G20110	664	279	553	1988	978	2528
AT4G20130	2090	2066	2017	782	1053	1321
AT4G20140	59	76	72	64	89	118
AT4G20150	3647	4670	4716	5814	4889	6123
AT4G20170	1701	1809	1954	1641	1562	1482
AT4G20190	3	1	5	4	6	7
AT4G20210	1	0	1	1	0	0
AT4G20220	0	0	1	0	0	0
AT4G20230	34	23	15	7	14	10
AT4G20235	2	1	1	1	0	1
AT4G20240	11	0	5	0	3	1
AT4G20250	0	1	0	0	0	0
AT4G20260	7903	7672	7726	11665	5843	11013
AT4G20270	1066	1184	1088	340	569	571
AT4G20280	503	607	569	511	477	614
AT4G20290	0	0	2	2	2	2
AT4G20300	1339	1675	1796	1388	1216	1480
AT4G20310	317	312	292	280	253	328
AT4G20320	259	195	392	275	198	421
AT4G20325	160	171	153	74	67	95
AT4G20330	819	940	935	1489	1075	1716
AT4G20340	364	438	381	209	243	346
AT4G20350	66	74	53	65	49	77
AT4G20360	87845	98423	103168	79576	92569	62676
AT4G20362	110	151	137	114	86	130
AT4G20370	9	14	9	33	15	28
AT4G20380	779	776	814	1333	979	1534
AT4G20390	20	16	21	34	20	68
AT4G20400	919	993	910	631	698	1385
AT4G20410	747	911	922	1116	907	1138
AT4G20420	85	588	67	42	88	91
AT4G20430	222	328	264	136	207	283
AT4G20440	1829	2317	1866	1599	1754	2295
AT4G20450	4	3	3	3	0	1
AT4G20460	93	74	87	170	140	221
AT4G20470	10	2	2	13	5	17
AT4G20480	1103	1377	1269	1411	1187	1316
AT4G20530	0	2	0	0	0	0
AT4G20540	2	3	0	0	0	0
AT4G20550	1	3	0	1	0	0
AT4G20560	0	6	0	0	0	0
AT4G20570	0	2	0	0	0	0
AT4G20580	0	1	0	0	0	0
AT4G20590	0	1	0	0	0	0
AT4G20610	0	2	0	0	0	0
AT4G20620	0	2	0	0	0	0
AT4G20630	0	2	0	0	1	0
AT4G20640	0	2	0	0	0	0
AT4G20650	0	1	0	0	0	0
AT4G20690	27	39	23	29	22	34
AT4G20700	0	1	0	0	0	0
AT4G20720	421	466	434	537	477	766
AT4G20740	218	225	194	157	161	249
AT4G20760	1550	1768	1782	1145	1614	1208
AT4G20770	16	17	11	11	20	25
AT4G20780	234	256	289	195	182	135
AT4G20800	0	0	0	1	0	0
AT4G20810	0	1	0	0	0	0
AT4G20820	77	57	46	139	100	129
AT4G20830	1850	845	3692	12601	3791	12156
AT4G20840	598	714	747	675	677	644
AT4G20850	8053	7991	6693	3526	4479	8975
AT4G20860	681	475	1388	1370	705	2247
AT4G20870	1499	1562	1730	1313	1256	1427
AT4G20880	588	548	653	1089	732	1208
AT4G20890	2234	2569	2653	2498	2416	3125
AT4G20900	1	4	2	7	3	12
AT4G20910	446	509	483	245	378	516
AT4G20920	4	9	5	6	6	15
AT4G20930	183	226	247	312	265	450
AT4G20940	801	857	618	192	490	331
AT4G20960	1204	1218	1157	661	885	759
AT4G20970	27	31	24	35	33	57
AT4G20980	2973	3510	3443	2300	2306	2792
AT4G20990	0	5	6	3	3	4
AT4G21010	1	0	0	0	0	0
AT4G21020	0	0	1	2	0	3
AT4G21040	0	0	0	2	0	1
AT4G21060	356	327	273	425	354	556
AT4G21065	33	42	32	24	32	77
AT4G21070	185	226	151	35	77	151
AT4G21080	0	1	0	0	1	0
AT4G21090	463	549	513	482	397	547
AT4G21100	970	990	784	315	465	640
AT4G21105	3773	4458	4655	6397	4834	6907
AT4G21110	1291	1603	1525	1472	1493	1414
AT4G21120	155	48	218	1812	490	1809
AT4G21130	0	0	0	15	0	12
AT4G21140	356	430	382	181	236	319
AT4G21150	2872	3096	3029	4848	3579	5860
AT4G21160	886	865	1046	1307	1045	1283
AT4G21170	113	111	129	92	80	151
AT4G21180	995	1143	1033	828	773	1234
AT4G21190	858	985	986	602	616	856
AT4G21192	366	459	464	410	357	362
AT4G21200	9	12	5	5	9	6
AT4G21210	7693	9729	10281	6981	8094	6615
AT4G21213	0	7	5	28	7	27
AT4G21215	140	143	246	654	292	772
AT4G21220	39	43	43	41	36	48
AT4G21230	10	10	11	30	12	21
AT4G21240	0	0	0	0	0	1
AT4G21250	4	5	6	3	1	5
AT4G21270	247	323	196	33	103	103
AT4G21280	95839	114880	120837	86294	117119	67817
AT4G21300	67	62	50	31	33	83
AT4G21310	83	126	83	49	57	67
AT4G21320	174	131	178	262	198	349
AT4G21323	18	34	20	21	12	62
AT4G21326	446	473	371	185	220	472
AT4G21330	1	0	0	2	2	15
AT4G21350	400	325	400	647	401	617
AT4G21366	0	0	0	2	0	1
AT4G21380	777	502	481	1177	888	1938
AT4G21390	72	34	84	155	72	159
AT4G21400	141	132	97	118	87	182
AT4G21410	256	253	198	162	121	258
AT4G21430	402	412	337	153	194	357
AT4G21440	23	24	70	108	40	124
AT4G21445	1450	1567	1553	812	1086	736
AT4G21450	1768	1831	1891	3190	2397	3118
AT4G21460	623	741	699	373	421	608
AT4G21470	1014	995	1204	1205	1004	1442
AT4G21480	66	75	75	120	78	115
AT4G21490	5	8	1	2	18	8
AT4G21500	75	80	46	117	98	123
AT4G21510	71	84	80	102	101	112
AT4G21520	234	225	269	206	214	233
AT4G21530	235	278	253	147	211	270
AT4G21534	313	271	253	424	288	486
AT4G21540	858	674	815	791	619	950
AT4G21550	87	126	82	75	91	98
AT4G21560	530	528	592	959	629	1068
AT4G21570	1330	1433	2253	3085	2045	3604
AT4G21580	1643	1559	2089	3716	2365	4160
AT4G21585	121	151	139	140	116	165
AT4G21590	64	119	68	54	88	56
AT4G21595	1	0	0	0	2	0
AT4G21600	2	4	9	6	4	14
AT4G21610	162	246	251	297	219	311
AT4G21620	1769	1629	3485	3680	2443	3133
AT4G21630	1	0	0	0	0	0
AT4G21640	1	1	0	0	0	0
AT4G21650	2996	6136	1697	664	1746	722
AT4G21660	3981	4008	3795	2590	2736	4913
AT4G21670	923	924	894	551	637	992
AT4G21680	24	48	766	261	27	666
AT4G21690	0	2	0	0	0	0
AT4G21700	303	267	267	323	229	477
AT4G21705	272	337	296	214	186	271
AT4G21710	2110	1999	1937	1036	1309	2518
AT4G21720	225	269	199	336	315	457
AT4G21740	455	617	579	509	500	442
AT4G21745	8	5	9	3	0	5
AT4G21750	3065	2554	2533	1867	2228	2457
AT4G21760	1008	708	1104	321	344	493
AT4G21770	923	1039	1051	407	634	623
AT4G21780	44	46	59	35	24	45
AT4G21790	2503	2520	3230	4628	3137	5674
AT4G21800	1135	1267	1276	1108	1097	1642
AT4G21810	1324	1301	1477	2084	1548	2004
AT4G21820	106	164	105	17	31	49
AT4G21830	49	1	45	2906	200	2659
AT4G21840	83	9	11	1932	831	1803
AT4G21850	129	87	222	2950	1034	2681
AT4G21860	5502	6588	7112	5676	6051	5873
AT4G21865	68	74	73	73	59	84
AT4G21870	541	665	691	302	329	223
AT4G21880	415	434	366	115	154	250
AT4G21890	224	217	200	201	232	317
AT4G21895	0	1	0	0	0	1
AT4G21900	369	410	370	213	254	295
AT4G21903	60	58	80	195	115	169
AT4G21910	1499	1863	2719	3280	2571	3994
AT4G21920	32	28	56	98	29	68
AT4G21926	86	67	97	155	136	147
AT4G21930	202	178	276	269	271	261
AT4G21940	256	273	236	189	143	324
AT4G21950	1	0	0	31	15	29
AT4G21960	51632	53370	63216	40402	51853	58883
AT4G21970	27	44	33	16	34	13
AT4G21980	826	719	891	2483	1468	2653
AT4G21990	2594	3417	3231	3103	2504	4459
AT4G22000	908	1113	999	868	869	1062
AT4G22010	2141	3085	1946	666	1447	1128
AT4G22030	0	0	1	0	0	0
AT4G22050	2	1	1	4	1	8
AT4G22070	11	10	14	41	17	51
AT4G22080	28	44	9	24	14	6
AT4G22100	0	0	0	0	0	2
AT4G22110	0	0	0	0	0	1
AT4G22120	664	764	675	346	532	534
AT4G22130	712	886	810	293	415	548
AT4G22140	809	958	844	721	844	964
AT4G22150	742	802	945	743	670	1032
AT4G22160	384	490	360	497	382	418
AT4G22170	2	0	0	0	0	0
AT4G22190	1996	2371	2146	2476	2369	2310
AT4G22200	2661	2866	2450	1537	1666	2149
AT4G22212	10	4	8	2	2	2
AT4G22214	0	1	0	1	1	1
AT4G22217	0	0	0	9	2	17
AT4G22220	3708	3989	4523	6015	4683	5976
AT4G22230	1	1	0	2	5	5
AT4G22233	9	16	10	5	14	4
AT4G22235	0	5	4	2	4	3
AT4G22240	7807	8786	10876	12313	9488	12458
AT4G22250	86	121	90	66	109	87
AT4G22260	1523	1478	1837	2739	1806	2655
AT4G22270	143	149	131	116	113	115
AT4G22280	45	48	57	83	52	88
AT4G22285	1054	1207	1209	810	894	1193
AT4G22290	845	1159	1119	848	1046	686
AT4G22300	290	313	342	436	368	546
AT4G22305	490	370	278	1058	596	1171
AT4G22310	3368	3933	4123	5067	4442	5414
AT4G22320	242	271	312	234	226	274
AT4G22330	1299	1438	1624	1745	1395	2042
AT4G22340	474	579	543	516	421	536
AT4G22350	461	506	409	249	280	418
AT4G22360	631	795	671	1006	666	1115
AT4G22370	15	19	6	1	3	12
AT4G22380	592	635	645	567	504	547
AT4G22390	26	25	18	24	27	38
AT4G22410	30	27	3	16	4	12
AT4G22440	0	0	0	0	0	1
AT4G22460	0	0	3	1	1	1
AT4G22470	34	64	296	355	46	926
AT4G22485	592	39	347	27	298	311
AT4G22490	670	550	613	180	458	372
AT4G22505	570	194	212	82	376	328
AT4G22510	75	28	90	26	55	62
AT4G22513	184	80	204	44	78	148
AT4G22517	164	17	134	24	82	107
AT4G22520	55	28	48	34	26	43
AT4G22530	129	109	197	540	326	566
AT4G22540	865	1125	934	749	809	1003
AT4G22550	194	203	196	180	180	164
AT4G22560	173	199	181	92	166	111
AT4G22570	3949	4608	4439	4255	3681	3637
AT4G22580	587	610	596	660	577	674
AT4G22590	253	296	305	300	291	375
AT4G22592	253	296	305	300	291	375
AT4G22600	0	4	0	0	0	1
AT4G22610	1	0	0	1	3	8
AT4G22620	21	25	56	85	58	84
AT4G22630	0	0	1	1	0	3
AT4G22640	5	7	13	7	22	21
AT4G22660	0	0	0	0	1	0
AT4G22666	0	2	1	1	0	0
AT4G22670	5368	5627	5416	4646	4772	6298
AT4G22680	15	25	25	13	14	19
AT4G22690	3920	5172	4892	4604	4759	4257
AT4G22710	1065	1291	1349	1319	1209	1131
AT4G22720	567	585	525	510	507	636
AT4G22730	513	518	511	162	246	263
AT4G22740	1223	1268	1408	1609	1280	2112
AT4G22745	404	420	346	614	555	761
AT4G22750	1067	1093	1302	1776	1472	1737
AT4G22753	2122	2484	2833	2829	2469	2948
AT4G22756	342	448	412	464	422	509
AT4G22758	92	107	122	137	81	155
AT4G22760	50	48	48	21	35	46
AT4G22770	27	29	70	59	58	102
AT4G22780	269	221	263	298	324	416
AT4G22790	74	78	78	104	91	98
AT4G22810	1	1	1	0	0	1
AT4G22820	853	752	1056	1820	1036	1880
AT4G22830	968	1275	1369	868	1083	679
AT4G22840	120	153	163	188	155	193
AT4G22850	296	366	309	371	308	409
AT4G22860	93	159	115	26	52	48
AT4G22870	0	9	0	2	1	13
AT4G22880	1119	1275	1441	2010	2284	4063
AT4G22890	26485	30683	30107	22764	26443	18639
AT4G22900	57	59	51	25	28	27
AT4G22910	402	569	536	344	363	485
AT4G22920	981	937	1124	1964	1151	2496
AT4G22930	1910	2202	2381	1509	1715	1677
AT4G22940	7	12	6	5	6	18
AT4G22950	12	53	42	42	27	34
AT4G22960	17	22	15	18	19	23
AT4G22970	204	201	131	85	91	246
AT4G22980	240	223	231	330	215	333
AT4G22990	577	627	553	615	613	723
AT4G23000	140	135	113	160	124	273
AT4G23010	445	360	586	2235	1000	2041
AT4G23020	293	268	261	179	257	152
AT4G23030	38	15	16	73	29	68
AT4G23040	257	258	268	404	311	501
AT4G23050	431	387	557	621	446	1436
AT4G23060	231	393	354	504	512	815
AT4G23070	1	2	2	1	1	0
AT4G23090	1	0	0	0	0	0
AT4G23100	8196	9466	10039	6040	6605	8290
AT4G23130	392	282	241	1018	467	1378
AT4G23140	576	213	327	1936	1055	3173
AT4G23150	180	31	36	289	179	427
AT4G23160	41	10	19	148	50	220
AT4G23170	1130	878	864	3468	1921	3659
AT4G23180	1529	1075	1053	1292	1297	1758
AT4G23190	217	94	302	342	195	449
AT4G23200	70	39	73	77	56	131
AT4G23205	6	5	3	5	3	3
AT4G23210	117	40	197	276	135	389
AT4G23220	218	91	174	788	450	987
AT4G23230	154	57	105	327	169	464
AT4G23240	60	70	52	42	51	118
AT4G23250	1451	1417	1408	1116	1048	1537
AT4G23260	2392	2558	2277	2556	1945	3908
AT4G23270	671	431	560	965	610	1658
AT4G23271	0	0	3	13	3	13
AT4G23280	7	7	9	35	20	52
AT4G23290	1740	2680	2573	1404	2243	1212
AT4G23300	1030	1352	1328	897	974	1089
AT4G23310	51	53	32	128	95	218
AT4G23320	263	193	176	500	242	631
AT4G23330	514	588	431	524	392	627
AT4G23340	26	18	22	4	1	10
AT4G23350	1	0	1	1	1	0
AT4G23370	2	0	2	0	0	0
AT4G23380	1	0	0	1	0	0
AT4G23400	15404	15380	15725	11241	11901	8297
AT4G23410	35	38	48	39	46	53
AT4G23420	29	34	60	45	14	81
AT4G23430	1211	1207	1311	1336	1263	1398
AT4G23432	0	0	0	1	0	0
AT4G23440	498	486	440	224	301	341
AT4G23450	36	15	20	91	47	113
AT4G23460	1502	1510	1355	1197	1143	2304
AT4G23470	2389	1943	2275	5246	3169	6532
AT4G23490	438	518	552	247	350	326
AT4G23493	46	23	40	114	58	100
AT4G23496	9	9	8	1	9	2
AT4G23500	631	818	733	785	830	1055
AT4G23510	2	1	2	0	0	6
AT4G23515	0	1	1	2	0	1
AT4G23530	646	742	713	1016	792	1050
AT4G23540	951	893	669	362	373	701
AT4G23550	19	28	31	19	22	27
AT4G23570	2967	2609	3015	1898	1742	2373
AT4G23590	1	0	1	2	0	5
AT4G23600	2031	3046	12268	24906	12006	36006
AT4G23610	105	28	39	248	111	311
AT4G23620	537	623	647	595	523	708
AT4G23630	9281	9461	10499	14377	11128	15109
AT4G23635	0	0	0	0	0	1
AT4G23640	1567	1581	1692	1575	1583	1880
AT4G23650	4417	4376	4484	5310	4182	6796
AT4G23660	287	302	334	409	342	516
AT4G23670	26716	29886	34092	24799	32350	25592
AT4G23680	868	804	1018	2000	1788	3930
AT4G23690	185	180	236	166	133	157
AT4G23700	42	11	185	411	275	402
AT4G23710	1194	1267	1422	2216	1559	2627
AT4G23713	3	3	1	26	24	53
AT4G23720	37	48	45	18	27	11
AT4G23730	1384	1373	1377	1752	1425	1655
AT4G23740	2652	3166	2924	1297	1894	1665
AT4G23750	689	838	730	198	492	239
AT4G23760	357	366	433	499	381	557
AT4G23770	272	333	302	168	224	146
AT4G23780	0	8	2	1	1	2
AT4G23790	709	806	874	593	723	788
AT4G23800	976	1433	1009	154	441	490
AT4G23810	229	158	295	498	328	460
AT4G23820	2577	3308	2580	1674	2261	2140
AT4G23840	172	182	185	301	208	465
AT4G23850	8747	8158	9289	6368	6397	10379
AT4G23860	641	668	657	562	553	904
AT4G23870	102	161	149	257	174	149
AT4G23880	121	113	146	228	164	221
AT4G23882	2	0	0	6	11	6
AT4G23885	326	336	365	798	467	752
AT4G23890	4786	6303	5951	4208	5223	4440
AT4G23895	463	681	534	647	552	632
AT4G23900	194	434	256	351	348	302
AT4G23910	496	544	536	701	522	944
AT4G23915	0	0	0	5	0	2
AT4G23920	227	247	202	279	265	276
AT4G23930	67	99	88	96	78	68
AT4G23940	2612	2761	2592	881	1560	1745
AT4G23950	123	150	119	68	81	129
AT4G23960	1	2	1	5	2	12
AT4G23970	2	1	0	2	1	3
AT4G23980	931	983	934	790	839	1242
AT4G23990	633	665	664	862	1142	1086
AT4G24000	129	62	488	1459	261	2273
AT4G24010	218	194	211	215	302	288
AT4G24015	54	64	63	43	34	73
AT4G24020	1912	1844	1876	1442	1376	2134
AT4G24026	27	22	25	57	40	51
AT4G24030	5	6	1	13	3	4
AT4G24040	97	63	89	193	114	236
AT4G24050	165	192	173	302	265	213
AT4G24060	480	531	473	462	387	497
AT4G24070	0	0	1	3	0	1
AT4G24080	8	11	7	13	15	13
AT4G24090	1504	1722	1792	1213	1443	1168
AT4G24100	638	592	559	655	496	880
AT4G24110	28	21	101	103	40	106
AT4G24120	508	653	601	2178	847	2394
AT4G24130	303	363	463	338	455	287
AT4G24140	182	141	156	44	171	62
AT4G24150	36	52	53	20	42	43
AT4G24160	740	689	866	1122	806	1130
AT4G24170	9	7	11	22	10	62
AT4G24175	198	220	220	123	149	175
AT4G24180	12	19	16	38	21	84
AT4G24190	14785	15531	13041	6925	9886	20785
AT4G24200	746	747	691	426	546	865
AT4G24210	349	421	432	700	499	713
AT4G24220	3202	3467	5001	7131	4677	8601
AT4G24230	563	611	716	535	512	591
AT4G24231	1	0	2	5	3	5
AT4G24240	340	344	370	425	358	410
AT4G24250	44	82	53	16	27	30
AT4G24260	43	63	47	21	48	50
AT4G24265	56	65	63	16	37	39
AT4G24270	677	849	671	351	410	655
AT4G24275	122	230	176	76	81	113
AT4G24280	21656	23104	21765	11297	15328	18838
AT4G24290	1558	1437	1603	2145	1583	2466
AT4G24300	0	0	0	1	1	0
AT4G24310	0	0	2	1	0	2
AT4G24320	24	16	34	44	41	109
AT4G24330	2525	3015	3217	3616	3141	4148
AT4G24340	14	7	102	108	22	40
AT4G24350	1237	1695	1571	1663	1582	2329
AT4G24370	364	391	477	739	535	783
AT4G24380	451	408	696	1403	642	1624
AT4G24390	390	437	499	620	484	842
AT4G24400	747	812	775	925	652	1474
AT4G24410	3	0	0	6	4	3
AT4G24415	76	61	58	76	67	141
AT4G24420	2	4	1	11	7	12
AT4G24430	60	96	45	24	27	44
AT4G24440	731	954	872	996	883	994
AT4G24450	362	421	258	177	170	494
AT4G24460	1110	1133	1191	1109	1112	1085
AT4G24470	809	970	947	1264	1106	1531
AT4G24480	377	364	271	389	383	498
AT4G24490	708	718	739	557	617	975
AT4G24500	300	351	333	319	314	511
AT4G24510	1544	1779	1565	751	1330	790
AT4G24520	3071	3086	3498	4482	3614	7496
AT4G24530	343	410	334	434	425	489
AT4G24540	1855	2356	2191	1189	1480	1243
AT4G24550	1819	1862	2027	1895	1925	2427
AT4G24560	1241	1199	1027	970	942	1261
AT4G24570	210	318	373	475	589	258
AT4G24580	10	23	19	4	9	12
AT4G24590	590	631	632	873	617	962
AT4G24600	1	1	1	0	1	1
AT4G24610	344	328	340	198	226	462
AT4G24620	4478	5199	5303	3488	4600	3962
AT4G24630	758	826	778	840	760	855
AT4G24640	0	0	0	1	0	0
AT4G24650	0	0	0	1	0	4
AT4G24660	1321	1725	1816	1287	1385	1256
AT4G24670	784	891	816	480	694	385
AT4G24680	2181	2081	1552	779	1044	2345
AT4G24690	5752	5310	6858	11068	7992	13230
AT4G24700	1437	1731	1627	1029	1097	959
AT4G24710	76	104	77	42	83	52
AT4G24730	403	391	422	568	448	603
AT4G24740	1840	2124	1940	1761	1678	2149
AT4G24750	3600	4613	4318	2325	3150	2543
AT4G24760	663	682	683	381	462	546
AT4G24770	36594	44315	44144	29423	37919	27871
AT4G24780	5470	6325	6163	5179	7296	4572
AT4G24790	462	517	430	241	346	329
AT4G24800	1335	1719	1447	919	1106	1645
AT4G24805	431	512	542	594	494	590
AT4G24810	1408	1585	1305	837	874	1175
AT4G24820	3790	4268	4543	4257	3736	5460
AT4G24830	3801	4742	4486	1432	2614	2524
AT4G24840	1066	1207	1129	906	895	1304
AT4G24860	14	18	13	10	11	5
AT4G24880	293	331	346	345	350	345
AT4G24890	12	5	6	6	7	12
AT4G24900	337	341	275	205	221	315
AT4G24910	34	58	33	26	34	59
AT4G24920	1933	1906	2153	4906	3036	5271
AT4G24930	3476	4117	4606	2666	3240	2124
AT4G24940	794	901	856	768	706	915
AT4G24950	0	0	0	3	0	4
AT4G24960	1313	1625	1617	2065	1665	2129
AT4G24970	415	392	280	292	330	487
AT4G24972	838	973	1030	928	845	959
AT4G24973	0	0	1	0	0	0
AT4G24980	1	0	2	0	1	0
AT4G24990	1123	1094	1333	2328	1490	2246
AT4G25000	37	107	241	470	416	712
AT4G25010	7	23	6	11	9	5
AT4G25020	172	206	156	239	219	205
AT4G25030	1197	1241	1421	3067	1562	3401
AT4G25040	0	8	0	0	0	0
AT4G25050	13333	16313	15283	9222	12672	7689
AT4G25070	89	28	48	167	89	264
AT4G25080	15742	19595	18142	14771	17367	16006
AT4G25090	1	1	3	3	2	5
AT4G25100	2067	2722	619	8450	3465	10859
AT4G25110	130	58	59	369	144	394
AT4G25120	154	138	95	35	64	119
AT4G25130	9056	10661	10906	7470	9304	8133
AT4G25150	128	115	119	188	167	206
AT4G25160	14	21	11	8	11	15
AT4G25170	2201	2287	2152	1625	1459	1783
AT4G25180	339	422	394	499	424	564
AT4G25190	0	0	0	0	0	1
AT4G25200	15	4	27	109	164	154
AT4G25210	2049	2234	2231	1824	1749	2322
AT4G25220	0	0	0	14	5	27
AT4G25225	95	113	100	275	162	244
AT4G25230	1293	1279	1645	1995	1608	2526
AT4G25240	117	174	105	38	118	85
AT4G25260	417	515	409	250	293	357
AT4G25270	222	227	217	192	138	284
AT4G25280	739	708	667	246	273	381
AT4G25290	3751	3614	3504	1389	1958	1949
AT4G25300	600	618	642	496	476	610
AT4G25310	1	1	0	9	1	0
AT4G25315	243	264	210	288	201	300
AT4G25320	427	512	481	365	400	496
AT4G25330	0	2	0	1	2	4
AT4G25340	1703	2111	1604	371	679	854
AT4G25350	35	34	30	18	29	42
AT4G25360	565	594	597	536	502	899
AT4G25370	4901	5892	5886	5763	5535	7119
AT4G25380	2	3	12	37	11	36
AT4G25390	333	288	403	929	413	870
AT4G25410	16	24	7	9	17	9
AT4G25420	104	136	121	42	95	54
AT4G25430	2	4	1	3	1	4
AT4G25433	27	21	60	86	60	62
AT4G25434	46	42	38	82	51	77
AT4G25435	0	0	0	0	0	4
AT4G25440	355	417	439	537	425	712
AT4G25450	2137	2239	2225	1442	1707	1417
AT4G25470	9	5	12	41	40	14
AT4G25480	6	4	7	59	54	49
AT4G25490	1	0	2	4	7	3
AT4G25500	645	736	730	1335	1055	2141
AT4G25510	11	15	7	10	13	24
AT4G25515	215	203	178	182	170	312
AT4G25520	766	690	634	485	579	907
AT4G25530	0	0	0	0	1	1
AT4G25540	36	45	16	15	20	31
AT4G25550	1554	1801	1795	2046	1834	2671
AT4G25560	0	0	1	6	0	17
AT4G25570	8002	8106	8557	5833	7054	5641
AT4G25580	0	0	5	1	0	6
AT4G25590	0	10	0	0	3	0
AT4G25600	129	234	182	336	270	534
AT4G25610	275	284	302	310	251	562
AT4G25620	906	1005	1129	807	831	781
AT4G25630	1573	2475	1750	758	1286	863
AT4G25640	6543	6042	7624	12363	8182	11944
AT4G25650	3690	3582	3662	3847	3727	3733
AT4G25660	839	948	1066	736	761	898
AT4G25670	1623	1634	2049	4545	2707	5448
AT4G25672	1617	1630	2045	4537	2706	5439
AT4G25680	919	1113	1048	734	855	909
AT4G25690	430	462	511	1539	803	1751
AT4G25692	430	462	511	1539	803	1750
AT4G25700	9158	9164	11570	3923	5489	2743
AT4G25707	27	17	26	14	16	31
AT4G25710	362	358	376	340	323	381
AT4G25719	197	258	238	298	255	365
AT4G25720	452	544	509	673	579	811
AT4G25730	2246	2581	1838	550	840	1401
AT4G25740	4537	5215	4817	3239	3972	3494
AT4G25750	11	6	3	0	10	3
AT4G25760	31	35	59	8	21	18
AT4G25770	589	624	738	690	616	745
AT4G25780	260	243	423	239	179	185
AT4G25790	0	1	0	0	3	3
AT4G25800	209	189	178	183	172	312
AT4G25810	182	285	488	205	61	150
AT4G25820	1	0	0	2	0	2
AT4G25830	597	592	549	238	506	225
AT4G25835	121	119	149	122	149	121
AT4G25840	334	438	421	427	329	444
AT4G25845	2	6	7	12	3	9
AT4G25850	46	97	45	23	77	30
AT4G25860	1	10	0	1	5	7
AT4G25870	492	530	455	392	444	509
AT4G25880	1629	1582	1466	1579	1530	2287
AT4G25890	1791	2553	1959	1031	1615	931
AT4G25900	1031	1015	1420	3217	1780	3720
AT4G25910	972	1234	1205	1275	1091	1411
AT4G25920	0	2	3	7	3	13
AT4G25930	0	0	0	6	4	12
AT4G25940	758	673	591	496	427	935
AT4G25950	24	58	23	24	48	32
AT4G25960	3203	3038	3327	2130	2608	2632
AT4G25970	872	891	834	1032	1007	1441
AT4G25980	25	36	25	36	31	64
AT4G25990	93	136	101	33	61	54
AT4G26000	930	917	1031	1205	1003	1311
AT4G26005	0	0	0	0	0	1
AT4G26010	6	2	4	4	8	9
AT4G26020	3	7	3	4	3	4
AT4G26030	0	0	2	0	0	0
AT4G26050	7	1	22	15	20	24
AT4G26055	38	41	40	64	38	81
AT4G26060	190	110	190	1341	584	1383
AT4G26070	503	386	433	760	549	1011
AT4G26080	1501	1263	2246	4436	2331	5053
AT4G26090	676	515	388	338	389	907
AT4G26095	652	482	369	316	360	856
AT4G26100	1130	1341	1303	905	959	1149
AT4G26110	3715	4119	3538	2308	2625	5066
AT4G26120	34	18	27	163	88	185
AT4G26130	1904	1914	2208	3514	2733	3713
AT4G26140	473	555	403	212	247	404
AT4G26150	1488	1170	1423	380	503	503
AT4G26160	294	292	385	724	483	579
AT4G26170	13	17	11	12	10	25
AT4G26180	115	141	144	267	202	324
AT4G26190	2099	2580	1662	313	502	815
AT4G26200	10	2	11	65	42	112
AT4G26210	754	905	916	1013	866	1187
AT4G26220	16	26	35	26	14	27
AT4G26225	0	0	0	2	0	0
AT4G26230	6074	7758	7373	4554	5254	4334
AT4G26240	336	368	373	544	390	570
AT4G26250	0	0	2	0	1	3
AT4G26255	86	121	101	82	128	144
AT4G26260	13	1	6	7	3	7
AT4G26270	449	211	460	1020	747	1602
AT4G26280	0	1	1	1	3	6
AT4G26288	692	915	782	459	623	540
AT4G26290	2	0	5	2	6	1
AT4G26300	2581	3050	2758	1477	1975	2022
AT4G26310	475	507	579	681	568	698
AT4G26320	6	4	13	5	1	5
AT4G26330	5	3	4	6	2	11
AT4G26365	14	5	7	12	3	15
AT4G26370	816	884	809	571	788	1006
AT4G26380	5	1	0	1	3	3
AT4G26390	1	5	1	5	6	10
AT4G26400	618	595	634	1251	816	1410
AT4G26410	1345	1613	1645	1721	1621	1821
AT4G26420	1	1	3	0	1	0
AT4G26430	226	265	263	224	245	290
AT4G26440	1	5	0	2	2	6
AT4G26450	1463	1401	1432	787	900	1341
AT4G26455	715	761	866	622	614	1056
AT4G26460	1	0	1	3	2	8
AT4G26466	2	0	2	4	3	3
AT4G26470	40	28	43	63	18	108
AT4G26480	1881	2095	2179	2349	1932	2474
AT4G26485	1	0	0	0	0	0
AT4G26488	111	130	108	86	68	126
AT4G26490	95	110	93	69	60	107
AT4G26500	1011	1141	1147	1090	1145	1143
AT4G26510	1038	1278	1114	980	1016	1172
AT4G26520	1994	2479	2054	2217	2176	2386
AT4G26530	9467	12549	9611	16658	14791	14435
AT4G26540	2053	1972	1838	1294	1249	1544
AT4G26542	1042	900	880	638	612	756
AT4G26550	277	247	308	430	315	462
AT4G26555	1553	1811	1690	1627	1570	1442
AT4G26560	2	0	0	9	2	14
AT4G26570	1449	1587	1483	1556	1434	1686
AT4G26580	34	42	25	27	31	26
AT4G26582	51	60	51	101	67	175
AT4G26590	105	154	124	214	149	387
AT4G26600	606	693	504	143	194	265
AT4G26610	1153	1313	1411	1046	1025	1288
AT4G26620	729	747	726	783	757	1173
AT4G26630	8822	12197	8324	2176	3335	5352
AT4G26640	1242	1537	1322	1009	1153	1683
AT4G26650	1793	1952	2062	1705	1631	2731
AT4G26660	239	284	274	36	79	144
AT4G26670	188	197	182	293	245	448
AT4G26675	1	0	0	1	1	1
AT4G26680	73	72	65	43	61	69
AT4G26690	2940	3185	3019	1697	1598	2106
AT4G26700	1876	2070	2201	2433	2048	3224
AT4G26701	0	0	0	6	1	15
AT4G26710	2925	3157	3694	3277	2963	3392
AT4G26720	649	730	731	740	698	947
AT4G26730	1	0	0	1	0	8
AT4G26740	3	0	0	9	2	23
AT4G26750	577	602	611	592	610	1040
AT4G26760	704	884	638	233	450	589
AT4G26770	1	3	2	0	4	12
AT4G26780	869	1096	963	550	608	692
AT4G26790	827	1071	943	597	795	636
AT4G26795	864	1113	990	629	832	697
AT4G26800	58	61	53	46	45	75
AT4G26810	94	103	123	193	164	167
AT4G26820	1	2	0	0	1	0
AT4G26830	48	42	18	19	35	21
AT4G26840	2945	3213	2992	3779	3423	3940
AT4G26850	56267	60037	65747	46507	47132	40170
AT4G26860	4678	5286	5736	4104	4484	3646
AT4G26870	2479	2739	2613	2434	2437	3444
AT4G26880	0	0	0	0	0	1
AT4G26890	21	26	32	37	21	42
AT4G26900	2193	2630	2427	1468	1969	1940
AT4G26910	1214	1274	1511	3050	1856	3264
AT4G26920	0	0	0	3	0	4
AT4G26930	1	2	0	25	6	35
AT4G26940	1880	1868	2085	2434	2046	3520
AT4G26950	284	324	439	555	366	472
AT4G26960	156	213	173	43	112	73
AT4G26965	296	312	316	397	305	465
AT4G26970	5441	6107	5242	4083	4595	6227
AT4G26980	318	357	327	279	278	388
AT4G26990	282	239	226	373	286	415
AT4G27000	4803	4666	5134	9273	6243	11715
AT4G27010	406	315	255	119	142	243
AT4G27020	1004	912	1044	1264	1003	1286
AT4G27030	3175	3476	3861	2062	2685	1749
AT4G27040	968	1031	970	1139	840	1023
AT4G27050	482	588	483	382	368	351
AT4G27060	846	926	915	883	905	1832
AT4G27070	905	1046	1143	1643	1130	2323
AT4G27080	1390	1714	1679	1064	1259	1600
AT4G27090	19400	21939	20408	15671	17568	18072
AT4G27100	296	324	328	350	237	482
AT4G27110	0	0	0	8	1	35
AT4G27120	868	1017	863	537	535	1102
AT4G27130	1197	1092	1339	1752	1200	2541
AT4G27140	0	0	1	1	2	2
AT4G27150	3	2	2	0	3	2
AT4G27170	0	1	0	0	3	0
AT4G27180	1494	1689	1219	334	523	857
AT4G27190	6	0	1	3	0	3
AT4G27220	15	9	9	26	4	46
AT4G27230	1715	1927	1821	1580	1794	1513
AT4G27240	433	490	473	249	305	307
AT4G27250	10	6	9	2	3	8
AT4G27260	314	287	441	278	246	607
AT4G27270	189	239	201	395	300	436
AT4G27280	788	548	745	1235	1174	1049
AT4G27290	58	31	23	24	29	34
AT4G27300	907	1170	1087	488	377	724
AT4G27310	2380	2929	2659	3170	2898	2872
AT4G27320	2261	2419	2658	3467	2632	3669
AT4G27330	7	15	4	3	7	3
AT4G27340	758	842	695	337	461	580
AT4G27350	459	535	651	474	410	560
AT4G27360	183	171	212	100	139	57
AT4G27370	211	238	145	14	55	64
AT4G27380	859	1070	955	814	763	795
AT4G27390	701	784	840	1083	903	1049
AT4G27395	0	0	0	0	0	2
AT4G27400	0	0	0	8	1	32
AT4G27410	436	240	840	2887	1112	4106
AT4G27420	8	7	5	4	10	3
AT4G27430	5073	4895	4370	1062	2108	2619
AT4G27435	366	468	296	220	243	238
AT4G27440	584	780	1115	2005	1888	3222
AT4G27450	575	458	702	1169	628	719
AT4G27460	5	10	12	19	14	15
AT4G27470	273	254	274	370	311	434
AT4G27480	44	26	73	186	92	222
AT4G27490	262	340	251	162	216	202
AT4G27500	5176	5695	5869	3593	4329	9741
AT4G27510	31	34	31	27	21	54
AT4G27520	15633	18546	21264	21413	18658	22501
AT4G27530	3	4	8	7	1	16
AT4G27540	262	313	318	561	358	606
AT4G27550	1	0	1	1	1	3
AT4G27560	1322	1416	1670	2150	1924	3785
AT4G27570	130	132	100	16	90	33
AT4G27580	2	4	3	16	4	18
AT4G27585	1328	1528	1575	1208	1124	1361
AT4G27590	12	15	12	3	10	12
AT4G27595	585	745	389	51	149	161
AT4G27600	5914	6075	5810	4735	5074	4822
AT4G27610	626	649	625	444	437	625
AT4G27620	373	369	366	336	358	445
AT4G27630	334	329	300	318	225	323
AT4G27640	2292	2181	2034	1166	1433	2355
AT4G27650	814	925	831	535	633	830
AT4G27652	163	153	214	377	357	250
AT4G27654	2	0	1	27	30	12
AT4G27657	480	444	479	505	612	328
AT4G27660	26	45	39	17	35	27
AT4G27670	1	0	8	13	13	35
AT4G27680	1304	1426	1561	1489	1330	1825
AT4G27690	376	409	404	506	423	605
AT4G27700	4751	6230	5506	5683	6171	5046
AT4G27710	1329	1744	1458	1136	1313	1551
AT4G27720	1733	2017	2091	1378	1561	1556
AT4G27730	293	429	433	292	253	341
AT4G27740	514	446	410	1102	753	904
AT4G27745	230	217	234	501	339	441
AT4G27750	494	535	634	883	680	1043
AT4G27760	1024	1126	952	1673	1330	2109
AT4G27765	3	0	0	3	3	10
AT4G27780	551	566	509	731	598	951
AT4G27790	4	3	9	18	20	59
AT4G27800	4325	4717	5068	5048	4945	4948
AT4G27810	7	10	9	9	7	5
AT4G27820	1367	1588	1586	1544	1193	1967
AT4G27830	1330	1205	1729	3151	1864	3825
AT4G27840	359	328	395	504	389	549
AT4G27850	40	39	44	28	35	62
AT4G27852	43	42	42	30	29	60
AT4G27860	253	295	591	354	321	1044
AT4G27870	1050	1064	1347	1122	1133	2403
AT4G27880	486	579	618	820	575	854
AT4G27890	0	0	2	1	1	0
AT4G27900	245	338	359	516	396	619
AT4G27910	432	419	310	158	190	330
AT4G27920	16	11	13	5	5	5
AT4G27940	956	1010	1000	1532	1020	2194
AT4G27950	26	34	24	43	59	48
AT4G27960	3556	4223	4388	5107	4030	4642
AT4G27970	34	35	56	35	26	45
AT4G27980	7	16	9	2	2	7
AT4G27990	1528	1711	1842	2608	2129	2769
AT4G28000	4	2	0	6	1	20
AT4G28005	4	5	6	25	13	25
AT4G28010	216	212	157	60	81	124
AT4G28020	94	97	102	86	71	99
AT4G28025	5997	7178	7370	6819	6878	5554
AT4G28030	2886	3803	3342	3116	3321	3248
AT4G28040	20	11	92	257	65	601
AT4G28050	534	671	536	313	440	352
AT4G28060	1592	1920	1929	2590	1907	2612
AT4G28068	0	0	0	0	0	1
AT4G28070	119	148	126	125	122	201
AT4G28080	33725	36686	24930	5454	10828	16911
AT4G28085	56	26	76	296	73	282
AT4G28088	0	0	3	7	2	5
AT4G28090	3	13	4	3	4	1
AT4G28100	1637	2121	1930	1094	1316	1085
AT4G28110	0	1	0	11	3	9
AT4G28130	0	1	0	0	2	4
AT4G28140	21	15	46	535	223	909
AT4G28150	44	64	61	117	75	180
AT4G28160	72	78	58	60	100	94
AT4G28162	52	46	32	42	53	70
AT4G28170	10	2	13	19	14	26
AT4G28180	109	145	108	135	135	158
AT4G28181	0	0	0	1	0	0
AT4G28190	380	483	358	222	238	276
AT4G28200	1135	1287	1195	528	691	802
AT4G28210	1546	1754	1651	1283	1483	1337
AT4G28220	741	986	838	403	594	546
AT4G28230	142	196	173	48	91	110
AT4G28240	769	975	970	978	889	649
AT4G28250	2130	2139	3080	773	1575	632
AT4G28260	1589	1652	1553	1457	1424	2151
AT4G28270	1192	1477	1555	1596	1437	1188
AT4G28280	14	23	19	48	27	34
AT4G28290	883	931	968	963	813	640
AT4G28300	2702	2543	3084	3438	2876	4953
AT4G28310	249	363	301	97	219	138
AT4G28320	140	161	152	96	111	158
AT4G28330	94	130	104	80	109	111
AT4G28340	6	7	8	4	4	5
AT4G28350	156	102	140	257	160	289
AT4G28360	1146	1496	1312	650	1023	777
AT4G28365	1	0	0	0	0	0
AT4G28370	610	591	550	690	569	878
AT4G28380	28	17	12	24	22	50
AT4G28390	536	441	649	2223	1133	1945
AT4G28395	189	0	53	32	118	49
AT4G28397	38	1	23	7	22	15
AT4G28400	1196	1222	1232	929	788	1153
AT4G28405	4	4	7	7	4	5
AT4G28410	0	2	0	1	0	0
AT4G28420	1	3	4	5	17	1
AT4G28430	53	78	76	42	51	38
AT4G28440	2127	2424	2334	2573	2451	2933
AT4G28450	790	967	874	586	623	811
AT4G28460	10	1	39	50	45	31
AT4G28470	1917	2322	2044	1165	1512	2055
AT4G28480	1636	1631	1833	1339	1231	1840
AT4G28485	19	15	15	31	32	37
AT4G28490	770	419	508	1046	797	1555
AT4G28500	58	85	79	37	46	36
AT4G28510	636	698	570	715	841	1216
AT4G28520	0	1	0	0	0	0
AT4G28530	6	7	8	4	4	6
AT4G28540	787	859	901	1179	1056	1904
AT4G28550	210	243	213	168	165	234
AT4G28556	2	2	6	12	10	18
AT4G28560	17	26	22	27	36	55
AT4G28564	0	0	0	0	1	1
AT4G28570	941	946	1051	1547	1041	2006
AT4G28580	1	1	2	1	0	4
AT4G28590	230	305	270	152	194	309
AT4G28600	1167	1124	1218	1290	1041	1690
AT4G28610	1523	1798	1723	1379	1344	2047
AT4G28620	0	0	0	7	1	5
AT4G28630	550	592	594	555	458	716
AT4G28640	286	326	299	217	250	280
AT4G28650	345	326	349	1417	837	2440
AT4G28652	300	303	319	1257	774	2187
AT4G28660	9551	11020	11306	5575	7823	4655
AT4G28670	0	2	1	5	0	5
AT4G28680	272	385	233	80	225	101
AT4G28690	124	142	128	86	103	134
AT4G28700	78	80	83	92	94	85
AT4G28703	8	6	13	19	9	14
AT4G28706	1498	1791	1724	1212	1380	1319
AT4G28710	1110	937	763	549	489	1481
AT4G28720	10	7	23	15	12	6
AT4G28730	1125	1397	1487	1193	1106	918
AT4G28740	4043	4441	4849	4328	4059	3801
AT4G28750	70479	99670	99859	94719	109050	73053
AT4G28760	1779	1957	1884	1002	1302	1899
AT4G28770	746	839	965	1192	843	1194
AT4G28775	0	0	1	0	0	0
AT4G28780	2157	2621	2406	859	1981	1142
AT4G28790	6	7	4	47	15	53
AT4G28800	0	1	2	0	2	5
AT4G28811	0	0	0	3	1	2
AT4G28815	5	4	4	9	5	19
AT4G28820	89	87	94	121	90	187
AT4G28830	399	459	421	507	434	510
AT4G28840	2	3	7	0	1	0
AT4G28860	1196	1292	1241	1015	1184	1442
AT4G28870	0	1	0	7	0	8
AT4G28880	1943	2119	2121	2394	2136	4067
AT4G28890	0	0	4	2	1	0
AT4G28910	1666	1922	1944	1362	1637	2487
AT4G28930	0	0	0	1	0	0
AT4G28940	8	0	2	16	12	36
AT4G28950	66	81	66	34	81	43
AT4G28980	955	968	1029	945	956	1146
AT4G28990	355	467	354	405	413	561
AT4G29000	337	355	351	377	310	541
AT4G29010	3134	3290	3712	4263	3722	6849
AT4G29020	8349	7171	6959	2985	6000	3919
AT4G29030	3613	5053	4294	2958	4514	2674
AT4G29040	3968	4394	4752	4425	4202	5392
AT4G29050	103	118	98	116	106	139
AT4G29060	28159	29854	25865	4393	9928	10386
AT4G29070	2122	2054	2527	2920	2339	2459
AT4G29080	951	1050	914	517	588	536
AT4G29100	1251	1358	1348	1501	1288	1502
AT4G29110	250	260	260	2019	902	2043
AT4G29120	1255	1264	1341	1530	1409	1412
AT4G29130	3443	4014	4350	3327	3446	4317
AT4G29140	294	355	479	257	276	183
AT4G29150	98	148	101	60	100	104
AT4G29160	2534	2886	3362	4040	3201	4704
AT4G29170	82	89	80	46	70	122
AT4G29180	2	3	2	24	10	77
AT4G29190	304	317	354	1271	863	1029
AT4G29200	0	0	0	0	0	1
AT4G29210	788	742	969	2079	1329	2620
AT4G29220	3232	3553	3767	2533	2782	3198
AT4G29230	80	94	82	85	50	104
AT4G29240	298	313	260	120	242	132
AT4G29250	5	1	7	11	12	11
AT4G29260	854	982	915	958	896	849
AT4G29270	76	66	48	18	34	23
AT4G29280	0	0	0	1	0	0
AT4G29283	0	0	0	2	0	0
AT4G29305	0	5	0	0	0	0
AT4G29310	894	1109	1025	485	581	387
AT4G29330	759	825	834	1208	791	1321
AT4G29340	4	27	3	11	15	18
AT4G29350	24379	26347	29524	41474	30409	38036
AT4G29360	480	682	457	301	432	522
AT4G29370	0	0	2	2	0	1
AT4G29380	1018	785	790	819	727	1492
AT4G29390	5143	5984	5606	4651	4769	4750
AT4G29400	498	600	560	326	387	555
AT4G29410	3275	4533	3784	2583	2824	3407
AT4G29415	0	0	0	0	0	1
AT4G29420	242	216	188	186	198	255
AT4G29430	467	600	585	581	561	574
AT4G29440	590	542	462	228	319	550
AT4G29450	0	0	0	4	3	33
AT4G29460	0	0	0	6	2	19
AT4G29470	6	6	8	7	2	12
AT4G29480	2225	2802	2672	2393	2357	2689
AT4G29490	967	980	981	954	846	1273
AT4G29510	861	1064	923	568	754	916
AT4G29520	784	861	747	1091	787	1521
AT4G29530	78	101	132	130	89	155
AT4G29540	95	103	81	137	127	185
AT4G29548	1	0	1	0	0	2
AT4G29550	3	3	12	1	5	9
AT4G29560	50	53	33	79	70	150
AT4G29570	5	5	20	17	17	19
AT4G29580	4	7	12	6	5	5
AT4G29590	2553	2847	2953	1905	2298	1552
AT4G29600	0	0	0	0	0	1
AT4G29610	2	3	4	26	19	35
AT4G29640	0	1	0	1	0	0
AT4G29650	12	9	0	4	2	4
AT4G29654	0	0	0	1	0	1
AT4G29658	0	0	0	5	1	14
AT4G29660	356	308	347	773	551	770
AT4G29670	2489	2828	3341	3318	2707	3470
AT4G29680	932	1161	1049	1148	1158	1660
AT4G29690	15	10	34	22	26	31
AT4G29700	680	691	688	421	1117	777
AT4G29710	11	19	19	8	9	8
AT4G29720	1171	1398	1231	838	1186	874
AT4G29730	275	331	251	206	294	335
AT4G29735	1200	1392	1449	2543	1732	2624
AT4G29740	194	188	249	223	292	286
AT4G29750	1957	2126	1736	469	769	1390
AT4G29760	5	6	7	8	5	15
AT4G29770	6	16	9	30	10	35
AT4G29780	198	152	256	442	348	684
AT4G29790	1107	1034	890	501	590	1285
AT4G29800	30	28	23	75	48	62
AT4G29810	1508	1268	1429	2224	1746	2888
AT4G29820	172	197	202	409	262	402
AT4G29830	650	863	787	910	859	969
AT4G29840	2899	3424	3219	2156	2543	3049
AT4G29850	36	49	48	170	127	223
AT4G29860	197	247	210	439	268	421
AT4G29870	532	634	548	686	594	704
AT4G29880	12	23	31	40	23	60
AT4G29890	414	505	525	427	402	551
AT4G29900	2425	2084	2164	3259	2632	5932
AT4G29905	4748	3787	4563	4428	3023	3702
AT4G29910	233	292	255	151	196	282
AT4G29920	187	234	122	36	74	58
AT4G29930	33	11	17	24	16	49
AT4G29940	522	553	397	140	196	447
AT4G29950	1943	1632	2231	2648	1823	3338
AT4G29960	671	799	844	1029	826	1234
AT4G29970	0	0	0	0	0	1
AT4G29980	21	29	19	4	15	9
AT4G29990	115	120	79	55	48	117
AT4G30000	321	296	254	235	257	322
AT4G30010	4028	4549	4784	6159	4828	6277
AT4G30020	1962	2131	2245	910	1482	1316
AT4G30030	4	2	0	3	2	14
AT4G30040	0	3	0	0	5	13
AT4G30050	0	3	1	0	0	0
AT4G30060	416	419	536	411	390	448
AT4G30080	699	695	631	760	637	982
AT4G30090	31	52	29	35	39	49
AT4G30097	107	63	67	50	36	61
AT4G30100	2811	2595	2240	1338	1607	2869
AT4G30110	1109	1191	988	509	617	862
AT4G30120	6	13	6	22	13	46
AT4G30130	148	175	109	50	80	104
AT4G30140	166	173	113	179	168	163
AT4G30150	624	488	439	194	231	364
AT4G30160	2232	2192	1990	1812	1609	3430
AT4G30170	3	5	1	2	3	3
AT4G30180	57	76	67	44	48	76
AT4G30190	7691	7843	8978	6958	6657	11224
AT4G30200	2099	2000	2035	2454	1894	3788
AT4G30210	6516	6207	7158	5151	5236	6514
AT4G30220	1625	1767	1756	1546	1581	1536
AT4G30230	100	87	72	146	151	147
AT4G30240	342	280	364	692	476	904
AT4G30250	414	280	401	119	196	169
AT4G30260	1365	1644	1775	1911	1522	2286
AT4G30270	4588	3445	3588	10753	3013	10524
AT4G30280	46	85	268	80	9	87
AT4G30290	87	792	408	525	95	283
AT4G30300	2	0	0	0	0	4
AT4G30310	2802	2943	2926	1597	1983	2299
AT4G30320	0	0	1	1	2	5
AT4G30330	524	689	665	403	573	393
AT4G30340	888	955	915	726	722	702
AT4G30350	803	683	822	635	625	841
AT4G30360	335	325	341	419	323	556
AT4G30370	10	9	14	22	18	31
AT4G30380	1	0	1	2	2	9
AT4G30390	293	321	382	627	400	615
AT4G30400	620	634	680	494	619	494
AT4G30410	131	207	122	64	114	85
AT4G30420	0	0	1	4	3	13
AT4G30430	7	2	35	48	16	62
AT4G30440	5068	6176	6238	5794	5324	5161
AT4G30450	540	742	693	989	656	1219
AT4G30460	1020	1025	1239	3037	1373	2830
AT4G30470	1158	1009	1377	1185	939	1306
AT4G30480	750	770	785	784	656	1195
AT4G30490	1185	1110	1371	932	627	1337
AT4G30500	79	89	77	161	121	182
AT4G30510	262	302	272	251	230	320
AT4G30520	457	570	427	229	357	301
AT4G30530	7656	8528	10561	11312	9012	12129
AT4G30540	1	0	0	12	0	19
AT4G30550	790	858	923	972	781	1017
AT4G30560	100	98	83	87	108	156
AT4G30570	99	165	127	110	85	241
AT4G30580	2190	2410	2664	1832	2113	2450
AT4G30590	0	0	0	0	0	1
AT4G30600	3145	3119	3137	2700	2431	4242
AT4G30610	1552	1801	1518	447	891	561
AT4G30620	1065	1237	1232	771	809	1036
AT4G30630	287	326	328	590	401	642
AT4G30640	10	9	11	51	28	59
AT4G30650	184	195	317	217	272	201
AT4G30660	104	136	133	366	326	352
AT4G30662	3	1	1	5	5	7
AT4G30670	11	8	7	9	13	6
AT4G30680	111	159	125	210	177	265
AT4G30690	1147	1174	1115	1267	1082	1158
AT4G30700	63	66	62	27	43	70
AT4G30710	171	195	204	188	208	260
AT4G30720	1889	1974	1847	966	1180	1968
AT4G30730	8	7	2	10	16	8
AT4G30740	0	0	0	0	1	1
AT4G30750	1085	1247	1272	984	966	1141
AT4G30760	1658	1714	1736	1922	1613	1829
AT4G30780	668	724	792	869	737	992
AT4G30790	1089	1072	992	509	556	1096
AT4G30800	328	389	343	196	210	223
AT4G30810	1892	2247	2246	1307	1618	2092
AT4G30820	284	306	296	334	283	409
AT4G30825	1448	1266	1345	460	733	720
AT4G30830	22	37	27	5	18	30
AT4G30840	359	433	370	263	270	344
AT4G30845	205	258	255	207	190	251
AT4G30850	165	209	218	155	126	210
AT4G30860	117	165	153	52	76	91
AT4G30870	87	119	98	47	49	107
AT4G30880	0	0	0	4	0	2
AT4G30890	1551	1719	1742	1067	1170	1620
AT4G30900	441	429	434	651	459	791
AT4G30910	552	575	672	661	520	757
AT4G30920	3288	3700	3875	3627	3417	3895
AT4G30930	678	836	779	605	650	835
AT4G30935	423	515	503	168	258	432
AT4G30940	131	121	102	132	170	141
AT4G30950	21034	23630	24253	13035	17874	16584
AT4G30960	5288	6529	6817	18818	10124	22615
AT4G30970	0	0	0	15	5	12
AT4G30972	1	0	0	6	4	7
AT4G30975	33	18	31	47	30	104
AT4G30980	96	132	139	58	74	86
AT4G30990	1975	1556	1102	252	372	779
AT4G30993	2666	3136	3106	2703	2471	3299
AT4G30996	1161	1432	1515	1476	1310	1488
AT4G31000	482	675	592	85	109	227
AT4G31010	367	419	340	240	273	269
AT4G31020	71	105	102	54	55	48
AT4G31030	0	1	4	0	0	1
AT4G31040	2268	2354	2226	2203	1962	2304
AT4G31050	85	117	113	83	66	124
AT4G31060	80	108	101	49	60	101
AT4G31070	9	15	14	17	4	31
AT4G31080	1467	1405	1572	1726	1457	2155
AT4G31100	11	7	7	9	3	33
AT4G31110	13	17	12	7	10	36
AT4G31115	884	1054	1031	1125	898	1252
AT4G31120	1179	1259	1143	1038	1064	1736
AT4G31130	832	868	928	1064	916	1087
AT4G31136	0	0	0	0	0	1
AT4G31140	478	569	539	327	453	360
AT4G31150	193	237	233	251	208	345
AT4G31160	1572	1479	1250	499	794	1134
AT4G31170	2410	2461	2550	4099	2809	4549
AT4G31180	3548	3621	3786	4996	4197	6363
AT4G31196	0	1	0	3	1	3
AT4G31200	570	693	557	357	449	628
AT4G31210	2217	2036	1550	534	765	1290
AT4G31230	32	20	21	50	44	110
AT4G31240	104	98	129	136	103	227
AT4G31248	148	130	126	137	168	241
AT4G31250	182	161	149	164	210	277
AT4G31260	0	0	0	0	1	0
AT4G31265	0	0	3	0	0	1
AT4G31270	149	176	152	178	167	445
AT4G31280	0	0	0	2	0	0
AT4G31290	1242	1467	1264	2063	1695	3448
AT4G31300	2998	3592	3734	4437	3718	4408
AT4G31310	1727	1887	2081	1730	1685	1857
AT4G31320	0	0	0	5	0	10
AT4G31330	132	107	99	229	170	126
AT4G31340	3195	3568	3515	4491	3652	6828
AT4G31350	897	952	966	727	803	907
AT4G31351	13	7	13	4	5	10
AT4G31354	9	16	11	6	3	18
AT4G31355	8	1	8	2	5	13
AT4G31360	362	517	355	178	255	368
AT4G31370	0	11	2	4	1	6
AT4G31380	0	3	1	6	1	2
AT4G31390	4585	4265	4648	3231	2921	4465
AT4G31398	43	41	42	28	26	29
AT4G31400	139	174	181	104	102	138
AT4G31408	2	7	9	10	7	3
AT4G31410	570	548	582	614	565	785
AT4G31420	672	663	731	503	560	875
AT4G31430	827	839	840	895	828	1345
AT4G31440	173	166	137	134	123	162
AT4G31441	34	49	35	23	24	22
AT4G31450	842	896	977	973	892	1186
AT4G31460	692	821	776	556	609	782
AT4G31470	0	1	1	2	2	0
AT4G31480	3920	3739	3784	3687	3142	5554
AT4G31490	3179	3347	3059	1241	1714	3042
AT4G31500	8393	10085	10034	13500	11503	21111
AT4G31510	254	257	290	454	319	395
AT4G31520	22	21	21	26	23	35
AT4G31530	2477	2759	2841	2767	2845	2571
AT4G31540	565	546	645	568	465	745
AT4G31550	454	483	613	780	592	749
AT4G31560	1512	1839	1847	2258	1923	2222
AT4G31570	2015	1585	1065	572	590	2310
AT4G31580	2370	2962	2758	2111	2236	2371
AT4G31590	1703	1879	1819	796	1443	1137
AT4G31600	445	473	463	491	433	547
AT4G31610	30	52	27	6	24	19
AT4G31615	18	25	25	4	10	12
AT4G31620	37	39	38	52	28	36
AT4G31630	1	2	0	0	0	0
AT4G31640	1	0	2	0	0	0
AT4G31650	259	301	264	140	222	319
AT4G31660	1	0	0	0	1	1
AT4G31670	398	427	461	372	380	572
AT4G31680	1	1	5	1	0	1
AT4G31690	5	9	8	7	7	17
AT4G31700	11313	15266	14432	7775	10064	9814
AT4G31710	1	0	0	10	2	22
AT4G31720	1016	1092	1126	1450	1227	1557
AT4G31730	133	129	177	78	87	91
AT4G31740	2	0	1	6	5	3
AT4G31750	536	541	598	757	613	1104
AT4G31760	3	8	6	7	5	18
AT4G31770	258	259	300	336	296	407
AT4G31780	3990	4313	4822	3479	3430	4515
AT4G31790	751	818	734	726	626	925
AT4G31800	512	316	612	1432	784	2501
AT4G31805	152	173	129	133	83	314
AT4G31810	398	526	438	296	353	410
AT4G31820	1306	1338	1396	1058	1136	1229
AT4G31830	1	2	5	3	2	2
AT4G31840	779	1196	1034	407	808	410
AT4G31850	2368	2454	2354	963	1543	1331
AT4G31860	1309	1099	1503	2411	1557	3062
AT4G31870	2921	2656	2792	2069	1654	2099
AT4G31875	205	206	240	224	204	173
AT4G31877	39	32	36	102	45	184
AT4G31880	2348	2512	1951	701	985	1983
AT4G31890	249	337	358	137	194	211
AT4G31895	0	0	0	0	2	0
AT4G31900	2	1	0	0	1	2
AT4G31910	92	123	103	49	73	55
AT4G31920	543	674	583	332	438	609
AT4G31930	132	196	161	165	163	158
AT4G31950	3	0	3	17	1	2
AT4G31960	4	4	1	2	3	2
AT4G31970	14	9	75	71	59	68
AT4G31980	481	458	481	730	486	707
AT4G31985	7031	8713	7637	5346	5859	5271
AT4G31990	6416	7370	7871	6350	6394	8770
AT4G32000	204	220	167	99	155	100
AT4G32010	962	977	857	876	864	1363
AT4G32020	8552	8291	8966	37854	20721	44690
AT4G32030	1115	1218	1216	2173	1516	2203
AT4G32040	1043	878	1004	2074	1364	2129
AT4G32050	391	422	481	453	484	552
AT4G32060	4513	4630	4543	4296	4004	5401
AT4G32070	1485	1197	1141	921	751	1778
AT4G32080	1	2	1	1	1	5
AT4G32090	0	0	0	1	0	0
AT4G32105	1	5	0	0	0	0
AT4G32110	0	0	1	6	0	8
AT4G32120	441	429	440	470	449	711
AT4G32130	1179	1248	1323	2443	1522	2546
AT4G32140	534	537	460	610	452	632
AT4G32150	2370	2231	3100	6925	3890	7575
AT4G32160	821	806	775	642	626	1329
AT4G32170	0	2	0	15	3	13
AT4G32175	296	369	380	287	287	314
AT4G32180	1963	1801	1881	1804	1556	2555
AT4G32190	4317	4193	3737	1012	1507	2207
AT4G32200	241	278	233	406	304	404
AT4G32208	75	88	90	59	46	105
AT4G32210	2104	2521	2397	2944	2530	3414
AT4G32230	0	0	1	1	0	3
AT4G32240	1523	1786	1798	2772	2089	2871
AT4G32250	1071	1035	1201	1325	995	2029
AT4G32260	37079	48623	48127	41266	44961	31569
AT4G32265	0	0	0	2	2	1
AT4G32270	366	515	442	608	447	703
AT4G32272	349	364	424	584	439	640
AT4G32280	38	17	29	25	41	37
AT4G32285	2249	2321	2415	2480	2151	3149
AT4G32290	199	264	200	288	295	273
AT4G32295	322	364	294	187	171	242
AT4G32300	987	941	1027	584	647	800
AT4G32320	1139	1290	1337	1024	1270	1110
AT4G32330	3700	4385	4008	1456	2270	2513
AT4G32340	666	842	762	1575	1389	1034
AT4G32342	0	2	0	0	1	2
AT4G32350	656	741	613	148	239	286
AT4G32360	304	329	321	284	250	325
AT4G32370	0	0	0	4	0	0
AT4G32390	2065	2293	2479	2403	2127	2773
AT4G32400	952	1058	1042	677	848	787
AT4G32410	14845	14456	14597	9837	11608	13491
AT4G32420	2502	3022	2122	570	1081	1211
AT4G32430	50	68	44	30	37	50
AT4G32440	367	394	349	358	287	560
AT4G32445	2	2	2	3	0	0
AT4G32450	215	232	204	104	125	178
AT4G32460	466	558	609	324	548	490
AT4G32470	3973	5153	5130	6531	5628	6880
AT4G32480	154	220	351	307	157	385
AT4G32490	1	2	2	4	1	6
AT4G32500	0	6	4	6	5	9
AT4G32510	5	10	2	27	17	54
AT4G32520	2293	2598	2200	1452	1625	1886
AT4G32530	2022	2165	2538	2044	1903	2352
AT4G32540	3	10	5	5	3	8
AT4G32551	2238	2207	2318	1086	1306	1794
AT4G32560	597	749	638	416	474	460
AT4G32570	2546	2730	2602	1652	2437	1626
AT4G32580	2	1	3	0	1	0
AT4G32590	4155	4553	4818	4995	5214	4667
AT4G32600	1741	1844	2024	1626	1677	2022
AT4G32605	532	675	595	511	637	564
AT4G32610	1288	1451	1474	1018	978	1212
AT4G32620	1814	1754	1570	497	745	1345
AT4G32630	0	1	5	18	3	35
AT4G32640	2048	1895	1801	2169	1787	2820
AT4G32650	157	152	380	297	210	308
AT4G32660	1326	1441	1227	1107	1101	1430
AT4G32670	349	342	307	291	283	402
AT4G32680	453	442	488	1060	647	1019
AT4G32690	260	340	322	458	353	535
AT4G32700	373	367	285	92	126	289
AT4G32710	392	441	338	139	249	209
AT4G32714	0	6	0	0	0	0
AT4G32720	1881	2079	1918	1680	1662	2354
AT4G32730	771	784	631	225	324	495
AT4G32750	226	286	245	369	296	505
AT4G32760	2560	2616	2683	2457	2472	3948
AT4G32765	0	0	2	1	0	1
AT4G32770	3746	4099	3675	3664	3892	3807
AT4G32780	40	34	25	20	28	25
AT4G32785	24	33	20	14	16	8
AT4G32790	442	477	547	300	205	450
AT4G32800	555	582	735	463	494	719
AT4G32810	15	27	23	245	176	665
AT4G32820	691	515	471	214	199	594
AT4G32830	157	232	181	93	160	108
AT4G32840	394	440	381	164	258	254
AT4G32850	2083	2117	2060	2423	2221	3191
AT4G32860	0	0	2	7	7	13
AT4G32870	359	208	237	1266	601	1293
AT4G32880	1038	1146	899	517	718	1123
AT4G32890	85	112	109	108	122	87
AT4G32900	770	897	847	688	659	925
AT4G32910	924	924	897	790	801	1487
AT4G32915	1284	1513	1497	1151	1207	1279
AT4G32920	979	991	911	605	708	670
AT4G32930	978	1036	1115	1480	1242	1592
AT4G32940	4893	3902	4286	10106	6165	11098
AT4G32950	16	13	33	10	13	15
AT4G32960	590	614	619	691	676	846
AT4G32970	340	313	309	182	230	387
AT4G32980	669	799	951	693	595	949
AT4G32990	21	21	16	16	18	24
AT4G33000	733	755	677	526	559	568
AT4G33010	196696	223130	200850	78136	119562	93343
AT4G33020	15	14	19	10	4	16
AT4G33030	2853	3740	4237	2770	2976	3516
AT4G33040	262	252	344	949	573	877
AT4G33050	1742	977	1380	2669	1703	3543
AT4G33060	606	654	588	361	375	558
AT4G33070	20	15	53	50	43	93
AT4G33080	3019	2883	2775	1223	1829	1855
AT4G33090	4346	4685	4937	3424	3625	5144
AT4G33100	154	153	164	253	196	279
AT4G33110	3509	4416	4109	2076	2940	2887
AT4G33120	0	1	1	0	0	1
AT4G33130	55	120	82	65	88	59
AT4G33140	439	471	499	474	425	449
AT4G33145	2	2	3	2	4	4
AT4G33150	501	445	1492	1237	470	3096
AT4G33160	70	81	58	54	42	75
AT4G33170	30	33	25	10	18	36
AT4G33180	450	511	524	410	421	382
AT4G33200	1328	1198	1018	350	489	929
AT4G33210	1586	1400	1372	1114	1192	1754
AT4G33220	2678	3443	3481	3035	3694	2911
AT4G33230	0	1	0	7	1	4
AT4G33240	2655	2160	2141	1179	1297	2424
AT4G33250	3163	3803	3656	2662	2987	3738
AT4G33260	233	378	285	47	139	150
AT4G33270	522	722	565	113	268	244
AT4G33280	2	9	4	11	4	22
AT4G33290	0	0	1	14	3	29
AT4G33300	1643	1117	1105	3599	2355	6102
AT4G33310	4	4	1	11	6	17
AT4G33320	0	2	3	2	1	2
AT4G33330	22	44	40	31	28	40
AT4G33350	1130	1542	1387	825	951	953
AT4G33355	85	353	17	13	133	8
AT4G33360	658	780	825	1187	911	1508
AT4G33370	0	0	3	4	0	1
AT4G33380	1721	1888	1874	2345	2115	2615
AT4G33390	2	4	3	5	2	4
AT4G33400	539	655	476	224	408	402
AT4G33410	680	965	878	752	835	920
AT4G33420	234	231	240	209	127	293
AT4G33430	1256	1032	1463	2150	1467	2117
AT4G33440	327	296	315	221	243	329
AT4G33450	0	0	0	0	0	2
AT4G33460	358	346	389	550	396	567
AT4G33465	0	6	2	6	2	9
AT4G33467	8	1	119	240	27	484
AT4G33470	1746	2012	2080	1533	1621	2038
AT4G33480	714	889	862	780	758	941
AT4G33490	258	255	223	148	174	237
AT4G33495	376	346	329	365	269	586
AT4G33500	2513	2691	2463	751	1117	1425
AT4G33510	5765	5421	5623	5454	5338	6158
AT4G33520	4667	4969	4967	4166	4663	4216
AT4G33530	3516	3082	3394	1645	1939	2329
AT4G33540	895	830	1510	1369	595	1475
AT4G33550	86	82	98	444	212	460
AT4G33560	582	633	955	676	596	549
AT4G33565	538	481	638	768	464	749
AT4G33580	3339	3854	3733	2103	2438	2159
AT4G33585	1	2	2	9	3	21
AT4G33590	0	0	0	3	1	12
AT4G33600	0	2	1	0	0	2
AT4G33610	8	1	5	27	14	15
AT4G33620	223	225	209	211	173	379
AT4G33625	644	760	724	975	830	1020
AT4G33630	3369	3280	3060	2052	2225	3412
AT4G33640	1225	1583	1632	1297	1105	1373
AT4G33650	1345	1303	1198	1059	928	1519
AT4G33660	1415	1576	1602	999	1098	904
AT4G33666	2877	3723	3260	2263	2682	1654
AT4G33670	719	763	883	1504	1099	2026
AT4G33680	3797	4302	4136	1492	2576	2252
AT4G33690	228	261	246	232	211	350
AT4G33700	535	540	666	584	525	825
AT4G33720	0	0	0	0	0	1
AT4G33740	1152	1328	1176	538	577	1039
AT4G33760	1640	1796	1635	933	1237	1237
AT4G33770	345	347	362	171	209	205
AT4G33780	660	695	812	1835	984	1891
AT4G33790	645	1449	333	232	608	89
AT4G33800	16	19	4	9	15	8
AT4G33810	129	160	130	42	50	70
AT4G33820	0	0	0	0	0	1
AT4G33830	0	0	0	2	0	1
AT4G33840	0	0	0	10	3	34
AT4G33860	0	1	0	23	1	44
AT4G33865	9331	10059	9653	6885	7094	6200
AT4G33870	4	4	2	1	1	5
AT4G33880	0	1	1	2	0	3
AT4G33890	711	638	675	1319	823	1803
AT4G33905	21	28	32	63	23	94
AT4G33910	546	522	623	1053	718	1239
AT4G33920	638	599	707	718	487	1255
AT4G33925	42	46	44	90	45	82
AT4G33930	5	1	45	27	6	39
AT4G33940	605	546	706	1159	759	1287
AT4G33945	559	658	633	530	529	719
AT4G33950	515	562	557	404	349	612
AT4G33960	119	133	190	366	190	229
AT4G33970	5	4	1	7	7	14
AT4G33980	1	1	10	9	3	18
AT4G33985	41	50	55	79	31	78
AT4G33990	89	73	78	51	68	78
AT4G34000	2102	2104	2236	2218	1676	2999
AT4G34020	987	1110	1009	691	787	1016
AT4G34030	1365	1551	1456	853	1099	1393
AT4G34035	0	1	0	1	0	0
AT4G34040	1754	1704	1735	1233	1319	1781
AT4G34050	11387	13006	14296	9229	8167	10321
AT4G34060	293	263	236	131	107	212
AT4G34070	762	791	863	1192	909	1375
AT4G34071	0	1	0	2	0	2
AT4G34080	23	38	26	25	20	56
AT4G34090	3173	3531	3506	2357	2669	2624
AT4G34100	4107	3743	3781	4006	3751	5297
AT4G34110	17100	18788	18290	15026	17412	17378
AT4G34120	3000	2982	3667	3993	3084	4040
AT4G34131	44	38	109	450	212	537
AT4G34135	289	348	380	1198	620	1153
AT4G34138	249	197	257	184	203	213
AT4G34140	517	556	517	269	301	546
AT4G34150	3752	3229	4006	6375	4607	6486
AT4G34160	576	683	575	433	543	815
AT4G34170	0	3	2	2	1	0
AT4G34180	1629	1751	2768	4665	2875	5034
AT4G34190	11794	13768	14806	12109	13275	10047
AT4G34200	4263	4868	5266	6468	4423	7602
AT4G34210	0	1	7	11	1	11
AT4G34215	912	1121	1008	1043	1113	1040
AT4G34220	2057	2729	2160	1203	1896	1762
AT4G34230	1586	1339	3537	5695	1900	6194
AT4G34240	5239	5464	5788	3157	3700	3891
AT4G34250	238	243	212	156	137	241
AT4G34260	2718	3404	2844	2064	1995	2818
AT4G34265	1181	1478	1338	1721	1338	1836
AT4G34270	1038	1127	1117	1225	1097	1544
AT4G34280	501	476	483	278	298	604
AT4G34290	2845	3498	3231	1449	2135	1553
AT4G34300	0	0	0	0	0	14
AT4G34310	568	510	503	664	547	1063
AT4G34320	33	18	17	24	23	43
AT4G34330	3	1	0	17	9	24
AT4G34332	2	1	0	15	6	23
AT4G34340	208	206	242	317	294	428
AT4G34350	26047	27349	26511	15826	18573	18859
AT4G34360	92	106	83	125	93	170
AT4G34370	662	609	737	720	591	983
AT4G34380	2	2	0	36	17	41
AT4G34390	880	571	714	844	762	1509
AT4G34400	161	231	185	126	182	208
AT4G34410	11	9	34	43	56	95
AT4G34412	230	273	257	276	235	316
AT4G34419	0	2	1	1	0	3
AT4G34420	49	55	48	18	27	22
AT4G34430	1237	1243	998	765	765	1290
AT4G34440	4	1	1	16	11	44
AT4G34450	7065	7348	7580	6171	6374	12496
AT4G34460	2038	1930	1997	2995	2414	3101
AT4G34470	0	0	3	12	5	11
AT4G34480	3111	3006	2939	7057	4783	6790
AT4G34490	3269	3339	3341	2849	2915	3351
AT4G34500	275	384	379	278	295	351
AT4G34510	11	18	13	8	14	24
AT4G34520	0	4	0	1	2	1
AT4G34530	310	304	352	279	254	212
AT4G34540	580	593	681	890	675	833
AT4G34550	230	291	221	166	185	200
AT4G34555	733	1062	916	591	678	699
AT4G34560	407	520	435	220	229	288
AT4G34570	386	418	405	257	256	363
AT4G34580	68	61	68	31	18	66
AT4G34588	332	383	525	429	399	572
AT4G34590	332	383	525	429	399	572
AT4G34600	118	116	105	95	65	61
AT4G34610	2127	2139	2144	982	999	1480
AT4G34620	35144	35740	38294	25157	31776	21957
AT4G34630	3156	2911	3165	4952	3607	4788
AT4G34640	2325	2315	2387	1945	1846	3197
AT4G34650	375	426	434	148	215	153
AT4G34660	734	760	719	583	563	837
AT4G34670	9118	10660	10020	7681	8024	10118
AT4G34680	281	337	336	361	328	364
AT4G34690	1	0	0	0	0	2
AT4G34700	4878	5967	6509	8020	6844	8520
AT4G34710	5676	6420	15018	28981	10126	38027
AT4G34720	9106	9298	10564	13067	10693	12881
AT4G34730	3313	3990	4088	2792	2974	3112
AT4G34740	1236	1344	1346	1199	1364	1244
AT4G34750	205	280	232	416	288	451
AT4G34760	1153	1284	1277	550	789	453
AT4G34770	90	130	102	28	79	34
AT4G34780	0	0	0	1	0	0
AT4G34790	45	27	68	20	41	23
AT4G34800	12	26	28	17	30	26
AT4G34810	16	20	21	27	10	27
AT4G34830	7540	7057	6875	2164	3421	3478
AT4G34840	271	333	259	395	313	459
AT4G34850	52	372	30	39	44	76
AT4G34860	158	214	252	445	260	615
AT4G34870	7588	9673	8630	9246	8850	9157
AT4G34880	8	15	8	37	10	51
AT4G34881	1374	1227	1630	1479	1284	1224
AT4G34890	1823	1648	1738	1741	1532	3475
AT4G34900	236	232	179	97	148	323
AT4G34910	493	643	541	307	375	535
AT4G34920	2451	2518	2960	4039	3545	4049
AT4G34930	46	70	79	72	75	80
AT4G34940	6	11	15	5	7	11
AT4G34950	1796	2137	3342	4714	2951	5190
AT4G34960	590	762	681	650	665	841
AT4G34970	78	94	82	51	30	27
AT4G34980	3342	4049	3480	4099	4431	4151
AT4G34990	199	231	219	184	167	233
AT4G35000	8356	9812	10011	8964	9257	9198
AT4G35010	10	38	4	1	8	3
AT4G35020	598	691	669	977	765	1131
AT4G35025	0	0	1	0	1	0
AT4G35030	73	69	99	43	38	70
AT4G35040	1071	1067	1176	1209	1128	1308
AT4G35050	360	384	352	157	270	333
AT4G35060	370	230	342	451	248	432
AT4G35070	135	141	132	133	151	154
AT4G35080	1290	1413	1465	1116	1081	1186
AT4G35090	133884	149161	170230	94392	109124	104517
AT4G35100	28205	34679	30047	14758	20099	13489
AT4G35110	348	246	355	563	385	576
AT4G35120	0	0	0	1	0	1
AT4G35130	53	47	45	45	29	70
AT4G35140	455	520	587	636	594	688
AT4G35160	10	5	21	91	22	32
AT4G35165	2	0	3	8	1	6
AT4G35170	17	24	21	55	34	47
AT4G35180	93	26	66	300	166	390
AT4G35190	30	16	19	32	37	36
AT4G35200	0	1	0	0	0	0
AT4G35210	0	0	0	1	0	1
AT4G35220	724	797	1009	1178	925	1236
AT4G35230	1808	1599	1875	2152	1689	2861
AT4G35240	965	1053	917	1077	934	1715
AT4G35250	11008	12464	11975	7728	9938	7464
AT4G35260	1953	2137	2234	2237	2201	3123
AT4G35263	0	0	0	1	1	1
AT4G35270	1504	1411	1383	640	919	1183
AT4G35280	0	1	0	0	0	0
AT4G35290	731	685	675	419	426	517
AT4G35295	13	21	22	27	22	40
AT4G35300	2086	2214	2074	1730	2100	2555
AT4G35310	2130	1921	2009	1923	1726	2850
AT4G35320	979	1187	1162	588	868	620
AT4G35335	703	852	784	557	531	664
AT4G35350	803	1028	717	433	485	486
AT4G35360	906	995	1143	1008	971	1145
AT4G35370	1	0	0	1	1	3
AT4G35380	30	30	38	18	20	32
AT4G35390	14	16	9	13	13	20
AT4G35410	304	340	359	352	330	333
AT4G35420	183	425	148	85	107	172
AT4G35430	42	58	37	52	54	88
AT4G35440	778	775	707	703	679	918
AT4G35450	13915	16131	16327	11450	12498	13057
AT4G35460	989	1036	1079	1134	1016	1243
AT4G35470	831	946	822	567	509	817
AT4G35480	38	37	70	202	132	210
AT4G35490	1763	2107	2237	2213	2274	2194
AT4G35500	112	122	140	133	114	270
AT4G35510	419	421	452	758	503	711
AT4G35520	23	29	12	6	17	17
AT4G35530	185	188	205	229	172	222
AT4G35540	181	157	182	101	129	130
AT4G35550	574	579	620	1003	773	1278
AT4G35560	378	405	369	181	222	383
AT4G35570	1088	1325	1116	1103	970	1388
AT4G35580	1028	1073	1042	1075	1069	1676
AT4G35589	0	0	0	0	0	1
AT4G35590	16	8	9	12	12	17
AT4G35600	789	696	788	1270	884	1518
AT4G35610	0	1	0	2	0	3
AT4G35620	82	143	130	28	51	40
AT4G35630	1543	1244	2294	3388	1786	4804
AT4G35640	138	146	147	131	112	149
AT4G35650	4	4	5	1	5	4
AT4G35655	5	1	2	23	0	28
AT4G35660	1	0	0	0	0	1
AT4G35680	35	34	38	59	36	76
AT4G35690	1	2	2	1	1	3
AT4G35720	0	2	10	1	0	6
AT4G35730	247	338	295	51	149	117
AT4G35733	1	1	1	0	1	0
AT4G35740	212	278	234	104	161	209
AT4G35750	968	928	1263	4472	2540	4667
AT4G35760	2988	3166	3515	3111	3166	3163
AT4G35770	153	30	112	238	97	124
AT4G35780	933	1050	1094	778	651	957
AT4G35783	142	171	182	115	104	120
AT4G35785	977	1157	993	885	932	1389
AT4G35790	1234	1283	1395	2795	2166	4711
AT4G35800	4686	4496	3474	1048	1983	3220
AT4G35810	39	13	30	2	15	19
AT4G35820	0	0	0	1	1	0
AT4G35830	11168	11424	11859	11428	10439	17425
AT4G35840	262	313	324	309	315	350
AT4G35850	934	1100	999	583	720	880
AT4G35860	930	1018	1163	1600	1187	1585
AT4G35870	384	448	424	309	430	399
AT4G35880	444	632	542	306	350	437
AT4G35890	1828	2079	2088	2374	2012	2655
AT4G35900	57	62	45	31	31	50
AT4G35905	243	288	266	346	300	456
AT4G35910	430	439	387	422	381	506
AT4G35920	1895	1917	1703	701	1068	1072
AT4G35930	199	221	246	101	158	151
AT4G35940	283	298	270	169	206	283
AT4G35950	1644	1827	1815	1303	1430	1223
AT4G35970	95	171	125	73	86	75
AT4G35980	329	387	398	572	444	568
AT4G35985	141	114	172	284	180	281
AT4G35987	158	218	167	134	150	164
AT4G36000	7	15	10	25	11	19
AT4G36010	113	186	207	723	412	948
AT4G36020	1626	1952	1964	1761	1789	2274
AT4G36030	557	564	589	1104	799	1518
AT4G36032	517	516	538	1043	754	1417
AT4G36040	2792	2496	3040	9129	4532	8749
AT4G36050	152	151	116	266	187	421
AT4G36052	51	41	43	97	67	141
AT4G36060	15	11	15	10	10	35
AT4G36070	1	1	0	11	3	19
AT4G36080	1246	1016	615	248	319	848
AT4G36090	544	402	453	542	461	816
AT4G36100	2	5	3	1	2	3
AT4G36105	131	155	135	42	67	47
AT4G36110	137	94	108	332	146	263
AT4G36120	253	270	250	62	89	165
AT4G36130	5033	6100	5691	3330	4068	4357
AT4G36140	789	615	565	449	450	1104
AT4G36150	350	249	205	196	231	459
AT4G36160	58	75	54	32	35	43
AT4G36170	1	0	4	1	0	1
AT4G36180	549	702	525	172	362	399
AT4G36190	1557	1719	1837	1278	1353	1641
AT4G36195	2098	2241	2630	2990	2633	3812
AT4G36197	0	0	0	1	0	0
AT4G36210	2724	2246	2756	4866	3452	6275
AT4G36220	5366	5500	6466	5450	5757	5780
AT4G36230	137	188	122	38	101	42
AT4G36240	500	565	621	491	663	451
AT4G36250	3974	4584	4687	2047	3151	2484
AT4G36260	95	78	99	57	80	73
AT4G36268	0	0	0	0	0	1
AT4G36270	166	204	150	52	95	95
AT4G36280	169	201	186	154	159	186
AT4G36290	475	560	551	286	351	413
AT4G36350	7	11	7	8	5	18
AT4G36360	6783	7389	6545	3488	5889	6480
AT4G36370	0	0	0	1	1	0
AT4G36380	271	241	439	307	280	420
AT4G36390	3732	3834	4181	2194	2869	2384
AT4G36400	871	857	937	482	457	626
AT4G36410	88	134	106	74	115	83
AT4G36420	801	952	920	831	734	840
AT4G36430	34	6	98	52	95	58
AT4G36440	894	932	940	1112	1007	1607
AT4G36450	10	4	12	13	8	14
AT4G36460	1	0	0	4	0	0
AT4G36470	475	398	358	203	222	298
AT4G36480	874	934	944	876	751	1044
AT4G36490	9	3	4	21	11	68
AT4G36500	727	738	839	1524	1122	1192
AT4G36510	0	0	1	3	0	2
AT4G36515	349	385	343	441	374	579
AT4G36520	1284	1312	899	230	331	785
AT4G36530	4967	4900	5528	4122	4391	3903
AT4G36540	2587	2947	2566	1028	1626	1580
AT4G36550	308	295	284	323	313	520
AT4G36570	266	273	204	39	97	58
AT4G36580	198	175	216	124	121	204
AT4G36590	9	5	11	6	3	0
AT4G36600	3	3	2	3	3	6
AT4G36610	13	7	14	30	24	22
AT4G36620	36	37	37	22	29	51
AT4G36630	1091	1080	1016	1185	935	2037
AT4G36640	709	762	860	1034	594	1674
AT4G36648	1689	1638	1961	4223	2466	5048
AT4G36650	347	466	328	269	265	446
AT4G36660	924	1166	1145	959	996	901
AT4G36670	77	87	171	394	330	478
AT4G36680	331	428	390	212	305	325
AT4G36690	3621	3940	3106	1456	1813	2846
AT4G36700	858	911	3064	474	509	225
AT4G36710	614	634	673	990	644	979
AT4G36720	359	373	377	903	610	968
AT4G36730	1828	2136	1944	2095	1598	2502
AT4G36740	5	1	4	1	4	6
AT4G36750	1278	1392	1602	2192	1718	1903
AT4G36760	1064	1088	1464	1710	1241	3327
AT4G36770	64	46	39	17	30	44
AT4G36780	1192	1271	1300	1298	1258	1403
AT4G36790	185	249	181	254	215	342
AT4G36791	12	19	27	29	27	35
AT4G36800	3395	3582	3783	3935	3262	3661
AT4G36808	655	691	694	619	583	637
AT4G36810	5117	6092	6284	5399	5163	5717
AT4G36820	21	23	29	11	14	18
AT4G36830	88	76	111	169	184	196
AT4G36840	233	259	269	422	334	607
AT4G36850	81	168	227	44	74	31
AT4G36860	668	703	742	471	464	685
AT4G36870	1717	1964	1792	1726	1519	1589
AT4G36880	26	28	26	9	30	19
AT4G36890	1073	1164	1107	1184	955	1227
AT4G36900	257	255	344	1607	696	1740
AT4G36910	541	708	735	547	579	792
AT4G36920	400	474	541	538	419	562
AT4G36925	0	0	0	2	0	1
AT4G36930	32	68	47	75	88	98
AT4G36940	460	607	641	490	531	720
AT4G36945	184	201	264	319	317	370
AT4G36950	31	14	69	564	183	815
AT4G36960	1052	1123	1091	890	898	1398
AT4G36970	349	451	534	436	366	469
AT4G36980	2942	2955	2245	1070	1257	2485
AT4G36988	1311	953	1842	4913	2112	4475
AT4G36990	1311	953	1842	4913	2112	4475
AT4G37000	1917	2568	2761	2988	2830	2593
AT4G37010	37	10	29	330	98	310
AT4G37020	329	331	349	353	298	439
AT4G37022	25	32	27	42	38	51
AT4G37030	39	15	41	43	31	52
AT4G37040	2787	3010	3200	2258	2499	2093
AT4G37050	10	18	6	8	9	11
AT4G37060	0	0	0	0	0	1
AT4G37070	7	0	4	12	10	25
AT4G37080	1518	1652	1418	428	597	649
AT4G37090	568	810	738	498	564	553
AT4G37095	73	98	85	36	60	74
AT4G37100	580	617	537	276	349	446
AT4G37110	410	487	410	200	277	419
AT4G37120	2043	2492	2336	843	1126	1928
AT4G37130	503	583	554	408	502	634
AT4G37140	15	24	14	133	105	181
AT4G37150	247	191	406	1174	459	1562
AT4G37160	0	3	3	6	1	5
AT4G37170	44	53	49	24	20	62
AT4G37180	556	630	700	1264	702	1164
AT4G37190	447	472	448	487	434	763
AT4G37200	2420	2537	2738	3366	2793	2820
AT4G37210	729	889	804	487	582	746
AT4G37220	20	4	19	23	17	35
AT4G37225	21	24	14	32	17	16
AT4G37230	22	14	24	14	15	8
AT4G37235	15	5	11	15	11	5
AT4G37240	242	288	275	117	161	82
AT4G37250	250	279	256	346	307	516
AT4G37260	606	514	593	870	573	1189
AT4G37270	3566	3577	3764	2353	2720	2999
AT4G37280	761	947	780	610	617	878
AT4G37290	4	10	24	91	30	15
AT4G37295	26	39	52	57	38	57
AT4G37300	5174	6676	6995	7690	7219	8260
AT4G37310	2902	3045	3161	3209	2666	3216
AT4G37320	785	793	949	599	681	760
AT4G37330	1757	1832	1839	1401	1528	1491
AT4G37340	1	0	0	2	6	4
AT4G37360	0	0	0	1	0	0
AT4G37370	316	87	1119	2943	1056	2468
AT4G37380	261	293	296	122	199	235
AT4G37390	52	40	157	102	33	152
AT4G37400	152	242	212	177	116	157
AT4G37409	343	195	1701	456	483	2251
AT4G37410	342	195	1700	456	483	2249
AT4G37420	30	37	82	58	47	66
AT4G37430	954	1383	1377	2734	1297	4843
AT4G37432	745	950	1038	2065	986	3677
AT4G37440	1492	1465	1617	828	891	1062
AT4G37445	49	64	57	49	48	43
AT4G37450	1677	2435	2204	801	1066	869
AT4G37460	3628	3438	3051	2435	2087	4323
AT4G37470	1223	1122	1295	3165	1990	3313
AT4G37480	345	325	309	260	228	428
AT4G37483	43	69	53	41	39	91
AT4G37490	111	164	136	42	95	70
AT4G37500	1	0	0	3	2	14
AT4G37510	4921	5341	5406	4126	4208	4750
AT4G37520	691	810	1252	2490	1180	2174
AT4G37530	422	332	612	1499	643	1234
AT4G37540	816	916	1297	1273	855	842
AT4G37550	2528	3145	3345	1698	2300	2484
AT4G37553	3049	3454	3541	1829	2190	3039
AT4G37560	2315	2366	2477	1299	1531	2267
AT4G37580	136	140	142	108	132	107
AT4G37590	1610	1743	1553	652	787	929
AT4G37608	51	66	79	93	50	117
AT4G37610	543	434	385	116	146	169
AT4G37630	175	208	206	173	171	212
AT4G37640	1698	1487	1388	1358	1426	2812
AT4G37650	593	761	523	595	621	551
AT4G37660	314	390	372	289	323	289
AT4G37670	210	286	260	131	222	149
AT4G37680	1975	2054	2235	3736	2412	3822
AT4G37682	32	16	29	24	21	36
AT4G37685	40	44	37	47	29	86
AT4G37690	39	44	37	117	93	104
AT4G37700	6	2	5	54	20	37
AT4G37710	2	0	4	23	2	6
AT4G37720	0	0	0	0	0	1
AT4G37730	52	65	61	50	48	64
AT4G37740	163	198	173	70	114	151
AT4G37750	489	515	490	120	298	252
AT4G37760	7324	6616	7111	6044	6398	6701
AT4G37770	11	12	41	48	14	50
AT4G37780	9	5	3	3	4	3
AT4G37790	1426	1626	1477	1965	1489	1840
AT4G37800	11381	12687	15320	11963	11241	8695
AT4G37810	114	100	149	41	78	54
AT4G37820	1240	1448	1195	460	517	1054
AT4G37830	5052	6225	6540	7627	6479	8170
AT4G37840	0	3	3	1	0	1
AT4G37850	0	0	0	0	1	4
AT4G37860	1	0	0	9	3	14
AT4G37870	7233	7109	6982	4155	5312	5673
AT4G37880	887	942	931	880	756	1174
AT4G37890	88	161	119	78	100	77
AT4G37895	52	98	65	41	47	38
AT4G37900	285	146	253	293	383	555
AT4G37910	6424	6876	6361	3933	4634	5821
AT4G37920	886	1029	1009	252	428	401
AT4G37925	6358	7033	7100	4136	5076	3597
AT4G37930	104876	116120	116146	37870	66439	57877
AT4G37940	1	0	0	3	0	1
AT4G37950	0	0	0	0	0	3
AT4G37970	91	92	104	99	90	201
AT4G37980	8322	9481	9608	9597	9388	7962
AT4G37990	514	121	2606	4128	409	7611
AT4G38000	5	5	46	52	17	167
AT4G38010	41	35	50	30	43	49
AT4G38020	360	414	406	330	358	406
AT4G38030	0	0	1	7	1	10
AT4G38040	654	845	799	558	571	668
AT4G38050	106	164	137	153	160	189
AT4G38052	0	0	0	0	0	2
AT4G38060	994	854	1073	1274	843	1508
AT4G38070	126	179	89	23	34	65
AT4G38080	54	31	44	68	62	74
AT4G38090	604	670	712	941	718	816
AT4G38092	20	38	31	23	23	28
AT4G38100	1138	1333	1261	900	850	1013
AT4G38120	953	991	901	609	594	923
AT4G38130	3275	3409	3565	3541	3423	3599
AT4G38140	0	0	2	11	9	21
AT4G38150	269	294	281	281	266	339
AT4G38160	2025	2269	2148	1088	1575	1350
AT4G38170	370	423	383	257	307	354
AT4G38180	269	297	249	176	191	359
AT4G38190	0	2	0	3	0	7
AT4G38200	1489	1340	1180	971	991	1718
AT4G38210	142	202	190	193	204	306
AT4G38215	42	74	86	101	78	147
AT4G38220	4133	4986	4826	4993	4758	6964
AT4G38225	2560	2939	3140	2818	3062	2772
AT4G38230	177	215	172	108	100	278
AT4G38240	671	671	698	787	625	1129
AT4G38250	3463	3483	4138	4739	3899	4197
AT4G38260	621	647	669	2072	1211	2142
AT4G38270	544	729	563	408	438	832
AT4G38280	569	673	769	746	626	891
AT4G38290	267	327	368	342	304	433
AT4G38300	110	114	112	145	129	284
AT4G38310	14	3	6	7	10	12
AT4G38320	544	548	642	859	726	992
AT4G38330	155	191	176	117	146	185
AT4G38340	92	60	112	63	61	64
AT4G38350	2670	2636	2173	1263	1491	2015
AT4G38360	1258	1271	1467	1583	1254	1647
AT4G38370	313	383	386	372	375	549
AT4G38380	73	123	90	46	73	60
AT4G38390	1	6	1	2	4	11
AT4G38400	308	596	444	201	275	217
AT4G38401	0	2	1	1	1	0
AT4G38410	8	10	10	19	16	42
AT4G38420	767	735	667	389	527	419
AT4G38430	4345	4929	4554	4170	4410	5208
AT4G38440	692	566	488	446	461	909
AT4G38460	2945	4059	4639	6518	4896	6169
AT4G38470	1098	1418	1261	701	907	990
AT4G38480	122	121	146	143	137	197
AT4G38490	613	723	781	931	901	914
AT4G38495	400	428	473	541	468	502
AT4G38500	1045	1197	1203	1086	1065	1425
AT4G38510	5222	6154	6154	4661	5244	6547
AT4G38520	2277	2966	2951	2542	2549	2852
AT4G38530	38	33	32	14	19	25
AT4G38540	291	243	443	704	460	1241
AT4G38545	330	309	495	757	508	1312
AT4G38550	1741	1317	1360	2451	2296	4342
AT4G38552	1387	990	1018	1820	1694	3390
AT4G38560	110	40	97	425	270	643
AT4G38570	215	290	227	286	244	311
AT4G38580	190	279	259	435	380	488
AT4G38590	4	5	2	15	8	43
AT4G38600	5760	4678	4037	4193	3935	6442
AT4G38620	1174	1555	1750	527	797	610
AT4G38630	3070	3335	3621	4165	3775	5051
AT4G38640	1197	1241	1289	1564	1355	1627
AT4G38650	93	97	77	76	117	122
AT4G38660	1463	1859	1470	1013	1409	1242
AT4G38670	397	487	478	538	461	540
AT4G38680	10639	12645	11273	13370	13157	13702
AT4G38690	1467	1606	1480	785	1142	739
AT4G38700	117	172	159	164	150	122
AT4G38710	6385	7192	6490	4950	5044	5330
AT4G38730	360	348	395	461	320	422
AT4G38740	13760	18150	15140	19749	17932	19376
AT4G38760	2222	1878	1650	913	1063	1776
AT4G38770	33508	43832	39897	26165	46619	26405
AT4G38780	44	51	27	32	26	71
AT4G38790	896	733	865	1521	1085	1608
AT4G38800	2893	3258	3634	3335	3226	3799
AT4G38810	2758	2856	3291	4511	3681	5348
AT4G38820	30	30	27	14	26	12
AT4G38825	40	42	38	15	27	16
AT4G38830	13	7	7	12	8	26
AT4G38840	4686	5755	5608	2789	3660	2364
AT4G38850	256	334	337	252	301	214
AT4G38860	2928	3470	3237	3210	3114	2403
AT4G38870	15	5	8	57	23	100
AT4G38880	9	8	8	30	15	39
AT4G38890	1233	1484	1180	584	888	1018
AT4G38900	928	1013	988	521	750	844
AT4G38910	220	250	194	327	268	398
AT4G38920	7916	8320	9918	13520	10137	13305
AT4G38930	658	843	791	859	688	1104
AT4G38932	824	942	990	1427	980	1233
AT4G38940	133	150	154	224	164	204
AT4G38950	2241	3025	1810	240	725	773
AT4G38960	755	791	713	435	442	509
AT4G38970	215907	279081	253868	228195	259909	196228
AT4G38980	425	487	432	383	347	416
AT4G39000	0	2	0	0	1	0
AT4G39010	99	93	99	51	97	57
AT4G39020	0	0	0	6	4	6
AT4G39030	446	235	335	1080	834	1497
AT4G39040	3397	4009	3861	2201	2925	2697
AT4G39050	2237	2360	2072	880	1016	2399
AT4G39060	12	7	10	6	7	13
AT4G39070	12	15	26	8	12	12
AT4G39080	8352	7757	9380	6339	6725	7844
AT4G39090	2907	2880	3866	10449	6232	10542
AT4G39100	2141	2271	2459	2672	2114	2772
AT4G39110	35	31	17	15	19	22
AT4G39120	748	826	841	579	687	708
AT4G39130	0	0	0	2	0	3
AT4G39140	661	735	860	1032	850	1353
AT4G39150	2008	2185	2296	1433	1405	1620
AT4G39160	635	622	597	342	349	665
AT4G39170	1390	1544	1344	716	967	1247
AT4G39180	304	271	272	249	168	369
AT4G39190	104	151	133	108	116	153
AT4G39200	11686	13481	13157	12662	11521	14912
AT4G39210	1201	1541	1850	1539	1341	2217
AT4G39220	695	896	881	1108	902	1342
AT4G39230	259	247	298	180	222	244
AT4G39235	271	325	359	318	247	306
AT4G39240	764	893	890	665	782	795
AT4G39250	2	1	2	1	0	0
AT4G39260	4245	6113	4994	4771	4737	5062
AT4G39270	659	635	635	453	502	1008
AT4G39280	2372	2708	2553	1150	1504	1467
AT4G39290	1	0	0	0	0	0
AT4G39300	517	567	544	446	490	427
AT4G39320	27	80	47	25	36	23
AT4G39330	10536	12087	10892	5545	10522	5344
AT4G39340	23	30	23	14	29	14
AT4G39345	2	1	1	0	1	1
AT4G39350	5365	5570	5266	2286	3007	3935
AT4G39360	1	1	3	13	2	21
AT4G39361	72	63	57	38	40	32
AT4G39363	56	51	44	43	36	29
AT4G39364	75	89	75	54	49	46
AT4G39366	286	308	265	146	160	144
AT4G39370	213	207	213	233	182	272
AT4G39380	87	101	93	30	52	72
AT4G39390	284	324	308	486	401	572
AT4G39400	4317	4124	3944	3732	3451	3790
AT4G39403	5	6	4	15	2	3
AT4G39404	3	1	6	30	4	19
AT4G39410	49	76	71	26	41	51
AT4G39420	2468	1810	1480	918	940	2176
AT4G39460	1771	2171	2070	1538	1811	1953
AT4G39470	583	653	670	410	589	439
AT4G39480	63	114	99	31	76	17
AT4G39490	0	1	2	1	0	7
AT4G39500	3	0	6	11	3	38
AT4G39510	1442	1609	1592	585	1109	546
AT4G39520	2550	2942	2992	2586	2114	2963
AT4G39530	32	36	34	28	30	69
AT4G39540	2338	2450	2668	1825	1922	1693
AT4G39550	90	159	120	82	97	104
AT4G39560	262	251	243	278	262	296
AT4G39570	229	227	258	287	262	300
AT4G39580	15	22	34	87	32	68
AT4G39590	0	0	0	0	2	1
AT4G39600	49	68	61	26	31	38
AT4G39610	9	0	6	35	15	27
AT4G39620	929	1011	938	317	404	789
AT4G39630	67	99	55	27	67	37
AT4G39640	1500	1479	1742	2049	1742	1960
AT4G39650	1	0	1	0	1	1
AT4G39660	875	1192	1097	758	984	1045
AT4G39670	123	18	358	690	183	775
AT4G39675	16	12	13	58	45	21
AT4G39680	3841	4468	3576	2133	2289	3336
AT4G39690	1468	1698	1528	726	942	1417
AT4G39700	3	1	2	13	7	23
AT4G39710	3126	3802	3556	2346	3056	2296
AT4G39720	42	29	35	28	29	43
AT4G39730	2842	3536	4467	6460	5417	5848
AT4G39740	277	290	243	374	312	479
AT4G39753	0	1	0	0	0	0
AT4G39756	3	0	0	0	0	0
AT4G39760	0	0	0	0	1	0
AT4G39770	380	455	292	195	166	229
AT4G39780	407	565	573	1318	824	1451
AT4G39790	25	29	33	5	14	8
AT4G39795	8	4	8	6	3	6
AT4G39800	23951	27283	26085	14170	22654	13467
AT4G39810	29	40	37	11	19	16
AT4G39820	558	574	564	842	647	878
AT4G39830	86	32	62	191	91	260
AT4G39838	1219	1442	1392	1019	981	1257
AT4G39840	1522	2047	1996	1250	1305	1548
AT4G39850	3027	2471	2437	2457	2161	4397
AT4G39860	697	949	727	482	736	583
AT4G39870	643	598	662	675	606	917
AT4G39880	1495	1798	1644	1418	1414	1504
AT4G39890	73	53	94	186	109	247
AT4G39900	773	1055	851	397	562	502
AT4G39910	912	983	1056	1218	997	1419
AT4G39920	282	304	302	283	252	248
AT4G39925	55	51	60	143	88	161
AT4G39930	33	18	30	83	51	87
AT4G39940	4388	4339	4653	6876	6466	6714
AT4G39950	1607	1654	1425	3261	2742	6195
AT4G39952	36	21	26	66	32	117
AT4G39955	239	254	391	780	379	673
AT4G39960	4826	5146	4834	2620	3129	3827
AT4G39970	3104	3859	3862	2682	3487	2327
AT4G39980	2652	3171	3500	2765	3101	4409
AT4G39986	0	0	0	1	1	4
AT4G39990	1406	1736	1622	966	1089	1300
AT4G40000	118	171	121	29	51	111
AT4G40010	49	43	46	30	22	36
AT4G40020	21	11	14	39	19	100
AT4G40030	8249	9721	8659	7971	7809	8356
AT4G40040	10163	10421	11113	17596	14031	16790
AT4G40042	261	291	299	410	366	355
AT4G40045	770	967	1033	743	910	637
AT4G40050	1197	1148	1314	1804	1509	2210
AT4G40060	1844	2230	2341	1735	2093	1589
AT4G40065	30	42	61	245	66	213
AT4G40070	43	48	56	59	60	50
AT4G40080	42	44	49	59	37	40
AT4G40085	37	37	43	54	37	31
AT4G40090	2	0	0	0	0	0
AT5G01010	2397	2729	2760	4293	3307	5424
AT5G01015	2055	2984	2635	1171	1987	680
AT5G01020	3013	3345	3007	3756	3502	4461
AT5G01030	888	992	939	414	489	763
AT5G01040	30	35	71	28	22	37
AT5G01050	0	0	1	6	0	1
AT5G01060	0	1	1	1	3	2
AT5G01070	7	25	14	9	18	2
AT5G01075	271	345	265	118	202	174
AT5G01090	1293	1309	1329	1245	1151	1291
AT5G01100	124	65	152	359	134	400
AT5G01110	87	103	85	33	54	44
AT5G01120	17	31	36	17	36	25
AT5G01130	0	0	0	0	0	1
AT5G01150	0	3	0	0	0	1
AT5G01160	405	530	495	536	459	757
AT5G01170	415	556	446	387	455	423
AT5G01175	93	106	103	47	71	45
AT5G01180	19	27	45	43	39	37
AT5G01190	96	137	86	37	53	49
AT5G01200	52	70	44	88	79	99
AT5G01210	458	452	374	510	388	669
AT5G01215	450	441	363	502	378	659
AT5G01220	2120	2102	2170	1720	1964	1999
AT5G01225	3	11	3	32	11	36
AT5G01230	196	236	227	243	237	292
AT5G01240	1800	2059	1932	1487	1834	1395
AT5G01250	10	19	11	37	21	23
AT5G01260	1339	1444	1627	1206	1086	1255
AT5G01270	1515	1397	1353	923	990	1463
AT5G01280	1	0	0	0	0	0
AT5G01290	681	755	692	442	481	647
AT5G01300	6	15	38	133	58	141
AT5G01310	214	266	256	143	183	229
AT5G01320	58	67	51	41	41	55
AT5G01330	21	13	31	3	5	9
AT5G01340	447	571	533	374	361	462
AT5G01350	2498	2512	2522	3469	2632	3334
AT5G01360	46	71	55	32	29	41
AT5G01370	215	301	243	48	126	97
AT5G01380	27	6	53	111	7	188
AT5G01390	409	483	465	553	468	689
AT5G01400	1327	1187	1061	560	639	1297
AT5G01410	24903	26151	30152	22786	22065	24951
AT5G01420	27	27	22	19	25	22
AT5G01430	490	554	604	988	777	1120
AT5G01445	41	67	46	28	40	37
AT5G01450	379	367	382	562	467	791
AT5G01460	1369	1412	1425	1294	1225	1502
AT5G01470	308	361	368	281	265	336
AT5G01480	13	29	22	23	25	41
AT5G01490	1	0	4	9	1	11
AT5G01500	706	885	779	514	805	773
AT5G01510	366	461	378	197	249	267
AT5G01520	226	223	252	674	385	525
AT5G01530	113442	154001	148166	166044	192430	137931
AT5G01540	342	191	396	463	328	822
AT5G01542	311	168	345	397	293	720
AT5G01550	108	34	117	223	144	306
AT5G01560	647	671	608	771	695	1570
AT5G01570	39	28	36	10	8	20
AT5G01580	37	41	34	15	13	52
AT5G01590	5511	7019	5890	2279	4408	3590
AT5G01595	1173	1290	1654	5520	2576	7180
AT5G01600	1081	1197	1575	5333	2447	6902
AT5G01610	142	160	112	224	126	215
AT5G01620	351	502	394	421	389	398
AT5G01630	184	228	162	82	108	244
AT5G01640	92	77	74	224	128	286
AT5G01650	2796	3258	3190	3243	3086	3117
AT5G01660	48	62	47	27	56	51
AT5G01670	495	532	490	591	441	918
AT5G01680	0	0	0	6	1	13
AT5G01690	1	1	1	12	4	24
AT5G01700	29	33	29	134	33	190
AT5G01710	1923	2188	2152	1981	1798	2508
AT5G01712	1923	2188	2152	1981	1798	2508
AT5G01720	1024	898	1260	1720	950	2069
AT5G01730	375	353	332	192	158	318
AT5G01732	306	307	290	175	134	286
AT5G01734	0	1	0	0	0	1
AT5G01740	126	124	163	78	58	53
AT5G01747	2	2	0	68	47	81
AT5G01750	5285	6504	6167	6760	6150	7445
AT5G01760	4	17	4	28	13	83
AT5G01770	716	774	542	373	480	519
AT5G01780	526	612	544	499	472	727
AT5G01790	642	826	934	751	1058	709
AT5G01800	1460	1429	1625	2763	1828	2516
AT5G01810	1884	2427	2227	1725	1582	2165
AT5G01820	3535	3837	4380	8343	5450	8590
AT5G01830	104	95	144	232	153	267
AT5G01840	224	220	413	331	282	268
AT5G01849	0	0	0	1	0	0
AT5G01850	484	459	540	897	656	1137
AT5G01870	72	37	174	40	68	62
AT5G01880	319	425	475	449	396	417
AT5G01881	159	231	244	123	162	107
AT5G01890	1187	1646	988	506	944	844
AT5G01900	16	1	18	185	142	346
AT5G01910	87	114	84	37	63	54
AT5G01920	6110	7265	6729	6109	6907	6363
AT5G01930	758	1045	716	603	672	1129
AT5G01940	41	42	61	91	63	105
AT5G01950	519	545	393	554	512	1088
AT5G01960	1377	1462	1501	2051	1579	2215
AT5G01970	345	442	438	396	330	463
AT5G01980	651	660	644	1164	863	1870
AT5G01990	293	289	317	763	535	826
AT5G02000	0	0	0	1	0	1
AT5G02010	264	266	192	87	125	161
AT5G02020	98	104	162	220	161	259
AT5G02030	586	695	649	735	710	708
AT5G02040	369	447	428	779	579	800
AT5G02050	1089	1394	1180	983	999	1092
AT5G02060	100	128	109	132	99	124
AT5G02070	94	86	69	57	43	123
AT5G02080	56	73	53	74	63	73
AT5G02090	56	81	48	67	52	63
AT5G02100	199	196	208	453	288	646
AT5G02110	3	9	3	2	4	1
AT5G02120	9021	10467	10071	6262	7209	4958
AT5G02130	248	301	315	237	239	317
AT5G02140	16	29	18	7	12	9
AT5G02150	266	285	248	473	365	733
AT5G02160	3695	5048	5298	5494	5165	3891
AT5G02170	7	12	13	37	13	30
AT5G02180	576	650	531	718	673	673
AT5G02190	69	110	52	50	129	95
AT5G02200	15	17	12	16	12	14
AT5G02210	1	0	5	6	6	5
AT5G02220	23	44	34	48	50	53
AT5G02230	1515	1704	1659	2229	1646	1922
AT5G02240	4484	5744	6287	6774	6121	8617
AT5G02250	1454	1520	1449	591	855	1242
AT5G02260	167	206	261	412	274	363
AT5G02270	2246	2177	2218	1452	1405	1677
AT5G02280	690	777	803	662	604	658
AT5G02290	1074	943	1059	1920	1256	2228
AT5G02310	2685	1939	1942	1350	1423	2575
AT5G02320	93	86	94	114	102	288
AT5G02330	2	4	1	2	0	1
AT5G02350	1	3	0	0	1	0
AT5G02360	0	0	1	0	0	0
AT5G02370	76329	84943	75022	118818	80056	99519
AT5G02380	76003	84581	74711	118551	79837	99199
AT5G02390	7	10	12	3	5	2
AT5G02400	66	74	89	39	33	72
AT5G02410	334	352	303	458	372	520
AT5G02420	32	49	59	82	59	98
AT5G02430	153	180	193	83	97	127
AT5G02440	82	141	113	40	73	36
AT5G02450	7647	9456	9249	6182	7176	7131
AT5G02460	198	206	204	164	175	198
AT5G02470	235	219	227	200	180	266
AT5G02480	2788	2963	2920	2932	2988	3553
AT5G02490	3026	1880	2979	6546	4410	9919
AT5G02500	145643	138626	151172	68727	85567	95577
AT5G02502	1155	1010	1151	1845	1374	2279
AT5G02510	4	5	6	21	15	18
AT5G02520	59	79	50	19	39	58
AT5G02530	2318	2859	2631	2663	2642	3421
AT5G02540	285	412	248	106	224	102
AT5G02550	121	182	142	77	136	88
AT5G02560	519	593	628	706	756	581
AT5G02570	24	40	42	49	34	45
AT5G02580	12	7	9	177	41	161
AT5G02590	463	574	620	462	356	489
AT5G02600	361	494	360	818	398	806
AT5G02610	4461	5376	5285	3851	3918	4078
AT5G02615	0	0	0	2	0	2
AT5G02620	1013	997	1039	1280	1078	1706
AT5G02630	176	161	180	325	221	300
AT5G02640	35	33	29	25	36	39
AT5G02650	155	207	145	319	252	404
AT5G02660	0	4	0	0	0	2
AT5G02670	338	394	328	154	180	332
AT5G02680	371	348	276	349	339	412
AT5G02690	17	5	19	5	15	16
AT5G02700	1	0	0	0	0	0
AT5G02710	1446	1721	1620	1672	1494	2450
AT5G02720	23	43	27	33	24	37
AT5G02730	1	1	0	1	0	2
AT5G02740	932	1116	1023	1170	1196	1285
AT5G02750	36	61	41	25	28	36
AT5G02760	357	341	475	92	202	127
AT5G02770	2865	3154	2707	3174	2733	4020
AT5G02780	42	15	51	243	104	203
AT5G02790	6627	7689	8158	10602	8324	11535
AT5G02800	641	563	670	907	765	907
AT5G02810	1986	1968	1682	1150	1273	2800
AT5G02811	0	0	0	1	0	1
AT5G02820	278	351	264	202	253	273
AT5G02830	4705	5306	4643	1460	2281	2233
AT5G02840	3543	3354	3471	3503	2825	3556
AT5G02850	409	495	450	421	387	514
AT5G02860	235	205	204	267	219	530
AT5G02870	17545	19068	18548	9959	13012	12109
AT5G02880	1687	1308	1139	1071	1000	2125
AT5G02890	927	904	783	339	985	380
AT5G02900	0	0	0	0	0	2
AT5G02910	209	200	174	179	189	214
AT5G02920	0	0	0	1	0	3
AT5G02930	0	0	0	17	3	45
AT5G02940	4102	4858	5177	3176	3086	5675
AT5G02950	245	280	228	121	167	329
AT5G02960	13488	15620	14649	11895	12069	12275
AT5G02970	1219	1300	1254	478	661	685
AT5G02990	0	1	0	0	0	0
AT5G03000	0	0	1	0	1	0
AT5G03010	4	10	5	10	8	12
AT5G03020	9	8	9	71	34	60
AT5G03030	863	987	1069	997	955	904
AT5G03040	4295	5413	5286	2939	3118	3180
AT5G03050	179	193	207	251	172	278
AT5G03060	23	29	28	21	15	15
AT5G03070	388	442	390	314	287	364
AT5G03080	937	1083	1089	1299	1062	1327
AT5G03090	0	0	1	1	1	2
AT5G03100	127	123	113	114	74	166
AT5G03110	327	312	337	431	308	334
AT5G03120	944	1172	1091	551	495	489
AT5G03130	47	58	56	24	41	22
AT5G03140	972	1223	986	799	910	791
AT5G03150	265	393	284	58	138	79
AT5G03160	1219	1335	1387	1259	1070	1585
AT5G03170	462	595	430	225	312	315
AT5G03180	273	244	242	251	238	255
AT5G03190	1464	1564	1490	2430	2041	3505
AT5G03200	270	244	313	492	315	406
AT5G03204	5	0	17	19	8	46
AT5G03210	94	6	283	1443	433	1750
AT5G03220	208	251	218	270	162	201
AT5G03230	363	348	604	942	600	635
AT5G03240	4528	3606	5311	18883	10829	28038
AT5G03250	64	75	68	53	74	92
AT5G03260	615	773	456	233	262	316
AT5G03270	28	35	51	26	16	56
AT5G03280	3583	3082	2914	2445	2670	4457
AT5G03285	524	479	634	733	505	772
AT5G03290	2156	2392	2790	3764	2781	4274
AT5G03300	3427	4265	4024	1404	2426	2154
AT5G03310	1	0	2	1	1	5
AT5G03320	737	608	653	653	601	787
AT5G03330	345	419	357	345	253	465
AT5G03340	1209	1238	1452	1752	1643	3342
AT5G03345	810	894	892	1110	797	1001
AT5G03350	2782	2391	1665	5589	5302	8249
AT5G03360	161	139	123	80	74	146
AT5G03370	523	647	586	795	716	817
AT5G03380	2539	2736	2738	2671	2070	2562
AT5G03390	170	255	161	72	189	131
AT5G03400	0	0	0	1	0	1
AT5G03406	194	221	198	345	254	348
AT5G03415	434	518	478	275	344	452
AT5G03420	1688	1827	1639	902	1035	1874
AT5G03430	2395	2785	2646	2018	2090	2909
AT5G03435	7	5	6	13	4	14
AT5G03440	196	258	260	438	331	398
AT5G03445	0	0	0	0	0	1
AT5G03450	384	419	369	239	297	434
AT5G03455	1101	1167	1339	2199	1540	2102
AT5G03460	778	776	909	2206	1303	2313
AT5G03470	168	209	232	477	351	604
AT5G03480	0	3	0	3	1	1
AT5G03490	443	515	518	892	705	879
AT5G03495	80	85	72	146	95	148
AT5G03500	279	331	295	301	258	338
AT5G03510	90	120	115	60	67	75
AT5G03520	2010	2242	2141	1800	1564	1933
AT5G03530	387	442	400	256	299	195
AT5G03540	1919	1753	1795	1160	1127	2353
AT5G03545	116	33	99	183	120	287
AT5G03550	1	0	0	5	4	9
AT5G03552	45	46	50	85	54	101
AT5G03555	3276	3426	4196	2797	3030	3591
AT5G03560	1046	1124	1183	1799	1245	1968
AT5G03570	0	1	0	0	0	0
AT5G03590	0	1	0	1	0	0
AT5G03610	845	944	832	2342	850	1848
AT5G03620	54	57	55	44	42	68
AT5G03630	2760	2721	3889	5686	3567	6612
AT5G03640	83	68	55	23	50	17
AT5G03650	5036	5440	5551	3305	4224	4667
AT5G03660	1458	1832	1809	2653	1964	2879
AT5G03668	89	77	88	35	53	50
AT5G03670	224	229	226	63	137	94
AT5G03680	115	80	90	31	63	96
AT5G03690	303	286	370	273	279	248
AT5G03700	71	57	82	78	92	43
AT5G03705	0	0	0	1	0	2
AT5G03710	0	1	0	4	1	2
AT5G03720	37	67	47	66	68	82
AT5G03730	1484	1419	1534	2083	1613	2626
AT5G03740	1872	2081	1993	1494	1674	2028
AT5G03745	0	0	0	2	0	2
AT5G03750	0	0	0	7	2	8
AT5G03760	5551	5799	5986	2540	4058	2831
AT5G03770	91	98	100	67	87	103
AT5G03780	151	198	146	93	135	130
AT5G03790	28	46	39	13	24	16
AT5G03795	25	18	15	10	7	6
AT5G03800	316	335	307	147	195	256
AT5G03820	0	0	1	0	0	0
AT5G03830	240	285	234	158	148	234
AT5G03840	35	52	25	27	73	31
AT5G03850	6024	6590	6570	4068	4531	3720
AT5G03860	5	4	5	3	3	1
AT5G03870	164	205	130	40	114	56
AT5G03880	7523	8278	9447	9406	9274	9091
AT5G03890	25	7	31	85	49	99
AT5G03900	3303	3531	3625	2031	2273	3600
AT5G03905	620	703	731	1338	869	1372
AT5G03910	1760	1850	1855	1329	1518	1415
AT5G03920	0	0	0	1	0	2
AT5G03930	0	0	0	2	0	6
AT5G03940	5597	6305	6192	2778	3820	4552
AT5G03960	15	37	11	3	10	10
AT5G03970	309	345	297	404	344	539
AT5G03990	464	415	445	392	355	436
AT5G03995	51	54	47	33	25	25
AT5G04000	19	17	18	20	20	10
AT5G04010	5	0	4	7	3	9
AT5G04020	771	777	636	152	201	520
AT5G04040	1353	1284	1357	1280	1232	2366
AT5G04050	211	212	181	129	119	200
AT5G04060	447	500	426	385	446	522
AT5G04070	210	228	184	220	195	253
AT5G04080	511	520	532	663	457	563
AT5G04090	463	518	431	605	399	737
AT5G04110	529	571	525	403	426	676
AT5G04130	2142	2089	1882	953	1330	1222
AT5G04140	98647	91820	77313	26671	47403	53463
AT5G04150	648	416	465	214	298	106
AT5G04160	617	741	720	455	644	531
AT5G04170	828	673	1043	2252	1300	2141
AT5G04180	1	2	5	13	8	5
AT5G04190	182	238	192	134	188	116
AT5G04200	217	273	177	121	148	188
AT5G04210	2	3	5	3	4	5
AT5G04220	179	168	218	277	201	335
AT5G04230	544	857	398	176	332	202
AT5G04238	29	14	20	14	12	26
AT5G04240	958	993	823	351	451	889
AT5G04250	72	70	177	229	84	445
AT5G04260	763	793	978	1794	1217	1986
AT5G04267	0	0	0	0	0	2
AT5G04270	131	180	129	231	165	235
AT5G04275	9	19	14	160	98	242
AT5G04280	2230	2556	2329	1941	2034	2498
AT5G04290	1375	1478	890	460	594	1077
AT5G04310	62	88	75	46	48	62
AT5G04320	401	522	373	80	161	235
AT5G04330	114	144	127	105	109	179
AT5G04340	87	64	198	697	214	815
AT5G04360	994	1112	1167	510	736	734
AT5G04370	7	5	2	2	5	6
AT5G04380	0	0	3	4	0	1
AT5G04390	17	27	6	15	11	23
AT5G04400	2	2	1	3	2	2
AT5G04410	3159	3065	3552	3223	2733	4457
AT5G04420	889	1016	954	707	726	1122
AT5G04430	7239	8070	8172	3797	5179	5033
AT5G04440	2502	2930	2918	2732	2634	2604
AT5G04460	809	750	680	348	431	782
AT5G04470	383	660	440	327	456	350
AT5G04480	837	977	849	550	536	1101
AT5G04490	881	1036	1017	2007	1409	1577
AT5G04500	9	6	4	5	7	7
AT5G04510	841	1002	946	752	789	982
AT5G04520	199	223	220	222	184	259
AT5G04530	605	654	805	343	481	571
AT5G04540	818	817	836	907	693	1385
AT5G04550	2621	2501	2591	2584	2512	3236
AT5G04560	1342	1217	769	472	634	2122
AT5G04590	12794	13782	13452	11922	11862	13250
AT5G04600	1532	1961	1755	1331	1474	1607
AT5G04610	40	38	32	37	23	70
AT5G04620	312	377	327	339	333	625
AT5G04630	3	1	2	31	7	23
AT5G04640	0	0	0	0	0	3
AT5G04660	281	372	309	339	403	234
AT5G04670	830	828	732	481	497	744
AT5G04680	116	140	92	18	25	35
AT5G04690	93	94	74	24	38	43
AT5G04700	99	130	119	89	85	109
AT5G04710	1456	1571	1539	1460	1338	1618
AT5G04720	1150	907	930	2383	1582	3485
AT5G04730	0	0	0	37	10	42
AT5G04740	1476	1851	1884	1453	1560	1692
AT5G04750	1778	1960	2114	3423	2385	3554
AT5G04760	453	435	576	1293	786	1191
AT5G04770	152	130	96	85	146	74
AT5G04780	70	60	66	49	50	99
AT5G04790	115	147	163	110	91	129
AT5G04800	4662	6002	5342	2954	3926	4257
AT5G04810	3915	3809	3070	2048	2103	4060
AT5G04820	189	197	181	185	216	214
AT5G04830	3486	2910	3514	5215	3098	5450
AT5G04840	150	157	158	98	115	142
AT5G04850	648	742	857	1023	798	1071
AT5G04860	338	311	340	345	259	480
AT5G04870	1815	1922	1824	1020	1294	1508
AT5G04885	451	502	367	601	604	1069
AT5G04890	191	213	217	104	132	120
AT5G04895	204	166	150	115	127	248
AT5G04900	1012	1139	1164	1005	1094	1034
AT5G04910	373	425	450	733	498	971
AT5G04920	1756	1842	1952	2727	2047	3244
AT5G04930	2925	2507	2664	3742	2768	4866
AT5G04940	626	765	616	605	686	872
AT5G04950	2063	1781	2768	1686	1526	1533
AT5G04970	2	7	11	4	9	5
AT5G04980	265	257	226	166	147	267
AT5G04990	1144	1360	1417	1316	1257	1404
AT5G05000	713	942	820	696	704	734
AT5G05010	5353	5996	6073	5167	5441	7000
AT5G05020	2	2	2	8	4	28
AT5G05040	0	2	0	0	3	1
AT5G05050	0	2	0	0	0	0
AT5G05060	909	900	1038	917	981	1216
AT5G05070	0	0	0	7	1	27
AT5G05080	1233	1529	1452	1125	1301	1485
AT5G05090	201	202	192	719	508	776
AT5G05100	1405	1445	1470	2611	1788	2856
AT5G05110	656	599	807	1261	836	1094
AT5G05113	1	0	0	0	0	0
AT5G05130	157	172	158	203	157	296
AT5G05140	571	539	770	901	562	1261
AT5G05150	0	2	1	2	2	6
AT5G05160	351	442	456	264	253	442
AT5G05170	13992	12915	13134	10151	11074	14725
AT5G05180	365	467	303	78	163	165
AT5G05190	349	288	367	743	462	925
AT5G05200	5425	5911	6144	6585	6582	7755
AT5G05210	1375	1639	1306	329	447	794
AT5G05220	3	3	19	63	32	161
AT5G05230	748	741	801	849	805	998
AT5G05240	175	219	178	73	106	125
AT5G05250	5683	5234	5999	4577	5984	2972
AT5G05260	2	1	2	0	2	0
AT5G05270	4391	4789	5384	1684	3267	2717
AT5G05280	0	1	5	14	4	30
AT5G05282	0	1	5	14	4	30
AT5G05290	0	1	1	3	1	1
AT5G05300	16	16	16	102	49	101
AT5G05310	306	312	240	432	304	497
AT5G05320	15	5	18	59	35	83
AT5G05330	55	101	79	34	58	39
AT5G05340	71	121	299	745	243	474
AT5G05350	35	46	50	22	31	29
AT5G05360	615	768	747	809	723	725
AT5G05365	171	226	245	231	126	200
AT5G05370	1957	2373	2382	3034	2392	3093
AT5G05380	98	155	125	138	114	137
AT5G05390	16	12	23	25	11	21
AT5G05400	52	39	52	30	32	28
AT5G05410	57	46	218	170	66	434
AT5G05420	16	11	11	17	8	29
AT5G05430	13	15	22	10	10	12
AT5G05435	81	97	91	104	89	71
AT5G05440	210	310	384	252	188	166
AT5G05450	780	898	838	593	596	918
AT5G05460	267	252	232	464	357	703
AT5G05470	700	876	776	339	470	465
AT5G05480	378	472	471	317	395	401
AT5G05490	8	12	6	13	5	36
AT5G05500	0	0	0	5	1	12
AT5G05510	45	71	41	18	38	71
AT5G05520	782	807	790	599	657	851
AT5G05530	1	1	2	11	0	18
AT5G05540	528	578	538	251	236	413
AT5G05550	508	554	465	548	495	626
AT5G05560	391	350	295	150	206	331
AT5G05570	793	848	798	495	561	815
AT5G05580	5644	6663	6879	2753	4058	3108
AT5G05590	246	277	408	280	258	332
AT5G05598	1	0	0	1	0	0
AT5G05600	857	729	3450	5160	1676	5895
AT5G05610	1371	1494	1661	2055	1650	2208
AT5G05620	461	535	478	253	386	509
AT5G05630	121	172	103	106	129	80
AT5G05640	12	9	15	11	4	22
AT5G05657	0	0	0	0	0	2
AT5G05660	1241	1274	1164	1425	1418	2350
AT5G05670	531	645	558	350	461	515
AT5G05680	346	426	395	471	391	995
AT5G05690	4391	4682	4989	5624	4706	4226
AT5G05700	925	928	973	932	870	1382
AT5G05710	362	432	420	444	442	392
AT5G05720	0	0	0	32	0	32
AT5G05730	1735	1614	1994	2000	1477	3323
AT5G05740	3569	4152	4133	2126	3132	2507
AT5G05750	561	544	611	1691	1035	2867
AT5G05760	166	199	207	296	231	417
AT5G05770	1	0	1	3	2	1
AT5G05780	2443	3004	2766	2475	2407	3413
AT5G05790	211	212	253	133	135	113
AT5G05800	787	885	782	422	485	725
AT5G05810	65	60	72	58	91	87
AT5G05820	528	626	709	607	610	638
AT5G05830	485	566	570	566	539	608
AT5G05840	48	60	52	68	97	69
AT5G05850	177	181	257	318	247	306
AT5G05860	352	377	557	185	246	191
AT5G05870	409	502	560	302	318	389
AT5G05880	2	7	8	10	8	4
AT5G05890	163	106	146	104	166	76
AT5G05900	1	1	0	1	0	6
AT5G05910	0	0	0	0	0	1
AT5G05920	267	307	318	358	270	435
AT5G05930	599	571	626	921	616	1117
AT5G05940	92	129	104	33	45	54
AT5G05950	409	424	453	546	497	605
AT5G05960	454	401	656	739	418	855
AT5G05965	3	0	2	3	0	1
AT5G05970	529	569	410	233	319	376
AT5G05980	965	1074	923	829	889	1628
AT5G05987	322	378	362	615	416	650
AT5G05990	374	496	466	272	365	333
AT5G06000	148	208	182	59	113	75
AT5G06010	0	0	1	6	0	2
AT5G06050	607	720	564	384	494	607
AT5G06060	3099	3502	3476	2433	2701	2610
AT5G06070	1	3	2	0	2	0
AT5G06080	0	0	0	0	0	1
AT5G06090	0	0	5	6	1	2
AT5G06100	384	446	412	519	364	713
AT5G06110	1885	2275	2016	828	1196	1526
AT5G06120	1200	1046	1096	652	680	1300
AT5G06125	0	0	0	1	0	5
AT5G06130	2179	2630	2805	2379	2478	2408
AT5G06140	1351	1577	1540	1075	1103	1756
AT5G06150	309	471	346	76	190	163
AT5G06160	1173	1300	1163	525	702	968
AT5G06165	49	63	51	47	44	36
AT5G06180	163	227	230	226	192	275
AT5G06190	142	159	160	195	182	182
AT5G06200	5	0	4	2	4	7
AT5G06210	507	576	546	630	566	566
AT5G06220	5898	6008	6303	2707	3691	3428
AT5G06230	742	969	893	435	537	613
AT5G06240	235	356	300	563	408	690
AT5G06250	68	135	53	55	93	119
AT5G06260	789	806	914	909	769	1246
AT5G06265	570	653	576	441	402	493
AT5G06270	294	358	322	519	470	655
AT5G06280	606	622	640	761	631	705
AT5G06290	8998	11189	9594	6964	9238	7328
AT5G06300	77	92	82	172	122	131
AT5G06310	54	63	53	46	51	80
AT5G06320	4021	2866	5276	14552	6813	15915
AT5G06330	82	101	69	111	148	159
AT5G06340	4069	4897	4943	4705	4448	6322
AT5G06350	690	676	612	274	318	459
AT5G06360	2326	2744	2353	1937	1906	2382
AT5G06370	698	789	865	1485	1020	1675
AT5G06380	13	10	6	7	23	8
AT5G06390	2338	2517	2687	1966	2185	2087
AT5G06400	17	23	26	7	9	39
AT5G06410	298	366	349	336	255	446
AT5G06420	117	107	126	90	66	145
AT5G06430	149	183	173	226	221	285
AT5G06440	1126	1122	1078	593	559	956
AT5G06450	235	203	224	493	362	596
AT5G06460	1132	1176	1074	598	865	1191
AT5G06470	39	61	37	24	32	27
AT5G06480	59	99	61	80	61	68
AT5G06490	0	0	0	0	1	2
AT5G06500	0	0	0	0	0	1
AT5G06510	108	109	90	238	123	241
AT5G06520	4	6	6	67	12	129
AT5G06530	5602	5339	4854	7095	4741	9348
AT5G06540	31	37	37	42	35	51
AT5G06550	372	425	349	211	274	252
AT5G06560	521	480	528	983	646	1774
AT5G06570	7	13	15	46	24	44
AT5G06580	901	923	918	660	627	742
AT5G06590	63	91	67	62	70	70
AT5G06600	4204	3790	3733	2483	2406	4820
AT5G06610	99	125	118	111	115	144
AT5G06620	48	53	41	38	31	50
AT5G06630	0	0	0	0	1	0
AT5G06640	0	2	0	0	0	0
AT5G06650	2	5	7	2	3	5
AT5G06660	824	851	995	1266	961	1535
AT5G06670	348	385	297	90	168	217
AT5G06680	472	453	398	397	386	634
AT5G06690	83	79	69	119	110	121
AT5G06700	2847	3218	2993	1782	2121	2000
AT5G06710	248	294	257	139	225	160
AT5G06720	42	55	101	58	56	76
AT5G06730	10	5	10	6	3	10
AT5G06740	0	0	6	3	1	7
AT5G06750	317	323	328	719	443	886
AT5G06755	0	2	1	5	1	10
AT5G06760	34	19	371	653	91	887
AT5G06770	756	861	805	660	622	878
AT5G06780	632	661	669	635	570	810
AT5G06790	547	571	580	286	402	195
AT5G06800	37	34	31	17	14	21
AT5G06810	337	342	315	262	243	357
AT5G06820	19	29	29	36	14	67
AT5G06830	362	494	409	461	451	904
AT5G06839	5	12	7	10	8	13
AT5G06850	430	405	302	164	211	242
AT5G06860	184	212	384	710	387	851
AT5G06865	228	261	416	795	447	940
AT5G06870	844	1120	1612	1318	1055	2162
AT5G06890	0	0	2	0	0	0
AT5G06900	1	3	2	0	0	1
AT5G06910	578	687	633	546	529	684
AT5G06920	0	1	0	1	0	5
AT5G06930	112	135	84	16	41	71
AT5G06940	83	118	80	20	60	53
AT5G06950	453	449	417	389	388	522
AT5G06960	474	446	427	616	387	800
AT5G06970	2629	2722	2559	1066	1249	1887
AT5G06980	4357	4702	4769	3107	3035	2675
AT5G06990	12	17	11	13	7	23
AT5G07000	319	353	354	148	185	207
AT5G07010	110	33	441	347	82	671
AT5G07020	12611	14428	15824	14028	15809	11857
AT5G07030	2463	3491	2511	992	2097	1402
AT5G07040	8	6	9	14	14	31
AT5G07050	1	0	0	0	0	0
AT5G07060	17	23	18	34	29	57
AT5G07070	202	202	211	197	160	272
AT5G07080	202	259	199	124	137	200
AT5G07090	11829	14571	13491	7172	9234	8977
AT5G07100	63	89	112	183	92	299
AT5G07110	294	428	455	206	299	256
AT5G07120	794	860	826	770	780	986
AT5G07130	138	125	120	230	184	322
AT5G07140	143	143	107	61	95	91
AT5G07150	262	293	236	180	185	286
AT5G07152	77	79	65	43	47	80
AT5G07170	5	5	2	2	2	7
AT5G07180	560	571	549	222	425	301
AT5G07190	2	0	1	1	1	1
AT5G07200	1	1	4	0	0	4
AT5G07220	2052	1914	2478	2900	1963	2314
AT5G07230	168	64	29	28	23	8
AT5G07240	1985	2489	2295	1039	1256	1365
AT5G07250	635	578	737	850	787	733
AT5G07260	0	3	0	0	0	3
AT5G07270	701	709	655	565	565	851
AT5G07280	181	198	141	60	133	158
AT5G07290	1380	1390	1317	1090	1073	1516
AT5G07300	1468	1452	1577	1902	1430	1779
AT5G07310	1	1	1	14	3	23
AT5G07320	552	577	511	318	394	482
AT5G07322	45	35	53	113	60	108
AT5G07330	0	1	0	4	5	7
AT5G07340	1352	1315	1217	2090	1851	3265
AT5G07350	4910	5491	5114	3682	4258	8855
AT5G07360	615	502	471	1114	748	1390
AT5G07370	1492	1525	1745	1548	1178	1661
AT5G07380	31	41	29	21	24	49
AT5G07390	2	0	1	5	2	21
AT5G07400	56	64	78	57	74	101
AT5G07410	1	184	0	0	16	0
AT5G07430	2	10	0	0	0	0
AT5G07440	545	641	1116	1794	799	2337
AT5G07450	0	0	0	7	0	3
AT5G07460	1576	1731	1701	1937	1762	1891
AT5G07470	1742	1888	2277	3567	2425	3580
AT5G07475	13	11	11	9	20	8
AT5G07490	0	5	0	0	0	0
AT5G07500	3	3	1	0	0	0
AT5G07510	89	498	54	20	149	8
AT5G07520	13	91	18	18	54	10
AT5G07530	526	3631	262	38	678	45
AT5G07540	32	524	5	6	83	0
AT5G07550	300	1130	165	72	633	53
AT5G07560	210	621	75	19	219	26
AT5G07570	3	5	5	2	2	2
AT5G07571	7	20	11	6	7	8
AT5G07572	7	18	12	6	8	7
AT5G07580	1414	1881	1652	1393	1441	1569
AT5G07590	261	334	314	162	227	243
AT5G07600	10	33	12	7	41	8
AT5G07610	100	64	82	91	73	141
AT5G07620	56	41	61	57	50	72
AT5G07630	496	596	487	371	432	559
AT5G07640	21	16	24	12	16	48
AT5G07650	11	2	4	9	9	26
AT5G07660	98	109	70	14	34	70
AT5G07670	580	595	658	908	697	1046
AT5G07680	44	34	41	250	100	265
AT5G07690	2006	1751	2328	1037	1226	1996
AT5G07700	99	108	115	92	110	80
AT5G07710	323	323	289	434	319	473
AT5G07720	92	135	79	42	88	75
AT5G07730	93	123	96	175	114	166
AT5G07740	1697	1367	1144	947	1101	1865
AT5G07760	58	31	33	37	27	86
AT5G07770	781	735	492	605	567	911
AT5G07780	33	17	10	39	40	56
AT5G07790	273	335	278	238	228	373
AT5G07800	204	228	183	156	141	149
AT5G07810	107	141	101	28	54	145
AT5G07820	148	141	179	297	204	486
AT5G07830	581	738	733	987	599	1119
AT5G07840	290	320	294	324	344	444
AT5G07842	330	375	330	384	397	502
AT5G07850	0	0	0	1	0	4
AT5G07860	940	1008	1149	673	787	770
AT5G07870	451	547	538	393	374	552
AT5G07880	2	7	4	16	6	54
AT5G07890	420	442	410	338	304	532
AT5G07900	393	526	454	159	321	304
AT5G07910	574	578	696	802	617	896
AT5G07920	717	724	670	800	616	1205
AT5G07930	0	0	1	0	0	0
AT5G07940	1154	1160	1015	481	617	1433
AT5G07950	209	249	191	283	198	250
AT5G07960	595	668	682	1068	813	1184
AT5G07970	1227	1139	1106	544	682	1212
AT5G07980	876	936	686	352	425	892
AT5G07990	569	729	560	790	994	1536
AT5G08000	356	538	455	249	363	294
AT5G08010	529	526	533	323	324	497
AT5G08020	243	318	258	58	112	124
AT5G08030	24	23	28	25	27	37
AT5G08040	1765	2183	2136	1511	1648	1513
AT5G08050	9734	11887	11678	7828	10488	6419
AT5G08055	0	0	0	0	0	1
AT5G08060	2373	2914	3154	4640	3738	5577
AT5G08070	135	159	136	95	103	94
AT5G08080	1358	1592	1473	969	1015	1178
AT5G08090	0	1	0	3	1	7
AT5G08100	657	836	827	1451	991	1839
AT5G08110	233	215	205	84	92	196
AT5G08120	455	540	449	470	400	642
AT5G08130	1544	2050	1582	905	1243	1738
AT5G08139	328	339	401	701	417	659
AT5G08150	13	13	22	13	5	23
AT5G08160	1431	1455	1587	2145	1733	2337
AT5G08170	1244	1320	1223	1031	1021	1138
AT5G08180	1982	2532	2269	1184	1388	1261
AT5G08185	410	403	389	731	502	902
AT5G08190	432	517	498	469	399	639
AT5G08200	529	547	591	427	382	444
AT5G08210	4	6	2	5	7	3
AT5G08220	5	8	0	1	3	2
AT5G08230	745	641	441	298	310	613
AT5G08240	75	10	54	341	117	283
AT5G08250	9	8	0	4	4	4
AT5G08260	849	894	1261	1331	1032	1820
AT5G08270	169	219	153	123	158	192
AT5G08280	7110	8270	8401	4876	6030	5458
AT5G08290	3963	4332	4742	6457	5300	6994
AT5G08300	2598	2901	3126	3813	3130	4287
AT5G08305	33	28	27	24	35	42
AT5G08310	94	81	75	76	60	124
AT5G08315	0	0	0	1	0	0
AT5G08320	170	244	251	368	278	401
AT5G08330	1391	1797	1454	2415	2037	2430
AT5G08335	182	213	216	302	231	336
AT5G08340	265	307	291	347	408	566
AT5G08350	124	145	106	40	58	51
AT5G08360	26	19	33	54	33	90
AT5G08370	777	938	797	336	486	570
AT5G08380	663	738	874	1978	1406	2489
AT5G08390	801	852	804	397	541	799
AT5G08391	18	37	29	3	14	14
AT5G08400	332	429	372	239	262	372
AT5G08410	1174	1344	1367	2060	1501	2202
AT5G08415	716	776	719	464	498	620
AT5G08420	2487	3328	2912	1499	1798	2134
AT5G08430	1296	1461	1334	815	867	1092
AT5G08440	746	737	698	555	540	813
AT5G08450	2351	2676	2041	1435	1634	2343
AT5G08460	2	1	0	0	0	0
AT5G08470	1120	1234	1091	801	761	1347
AT5G08480	46	57	56	23	49	45
AT5G08490	19	18	11	11	14	31
AT5G08500	642	651	673	655	577	966
AT5G08510	121	119	140	242	200	353
AT5G08520	612	632	616	882	783	1029
AT5G08530	8358	8776	8843	7753	8257	9730
AT5G08535	276	337	332	485	390	527
AT5G08540	1820	2390	2196	1115	1548	1562
AT5G08550	682	758	748	647	651	1276
AT5G08560	1560	1650	1698	2001	1629	2285
AT5G08565	111	96	114	262	179	259
AT5G08570	2140	2513	2512	1721	2689	3183
AT5G08580	494	602	536	594	533	860
AT5G08590	1544	1785	1785	1684	1695	2791
AT5G08600	209	182	186	22	47	41
AT5G08610	3743	3932	2885	1316	1990	2623
AT5G08620	844	987	814	443	577	704
AT5G08630	701	766	625	425	405	903
AT5G08640	3255	3832	3200	984	2642	1048
AT5G08650	9704	10680	10471	6424	7899	6370
AT5G08660	736	613	667	540	461	937
AT5G08670	12307	14933	14298	11510	12694	15720
AT5G08680	6729	8119	7916	6431	6405	8155
AT5G08690	12518	15025	14984	11298	12486	13714
AT5G08695	0	1	0	2	2	7
AT5G08710	762	822	831	798	679	888
AT5G08712	0	2	1	1	0	0
AT5G08720	2426	2832	2507	1060	1362	1468
AT5G08730	1	1	0	1	0	3
AT5G08740	2072	2049	2134	1747	1843	1723
AT5G08750	575	555	686	546	528	659
AT5G08760	2042	1631	1731	3553	2175	2900
AT5G08770	163	187	163	254	210	367
AT5G08780	198	222	211	107	121	258
AT5G08790	999	628	1108	2635	1680	2894
AT5G09210	1	1	0	0	0	1
AT5G09220	5312	4538	4422	4470	3369	4126
AT5G09225	572	549	625	1364	721	1386
AT5G09230	978	1187	1086	603	660	700
AT5G09240	243	315	279	134	174	124
AT5G09250	369	449	374	442	402	489
AT5G09260	240	288	280	346	269	491
AT5G09270	114	120	146	242	179	292
AT5G09280	5	0	4	7	5	18
AT5G09290	48	19	17	227	134	397
AT5G09300	202	313	200	164	208	269
AT5G09310	617	630	674	948	752	1016
AT5G09320	250	232	221	402	288	424
AT5G09330	1866	2045	2020	2572	2016	3229
AT5G09350	318	350	252	119	153	235
AT5G09360	2	0	1	0	0	1
AT5G09370	0	0	5	2	0	1
AT5G09380	241	293	271	200	169	224
AT5G09390	615	630	595	456	406	725
AT5G09400	1051	1120	1173	1114	1029	1872
AT5G09410	1777	1854	1440	655	863	1453
AT5G09420	175	183	175	228	179	269
AT5G09430	0	3	7	19	12	14
AT5G09440	546	337	859	2345	846	2684
AT5G09443	91	109	117	172	102	159
AT5G09445	61	59	62	98	69	80
AT5G09450	394	415	482	595	498	887
AT5G09460	2372	2662	2647	2172	2212	3127
AT5G09461	2372	2662	2647	2172	2212	3127
AT5G09462	2372	2662	2647	2172	2212	3127
AT5G09463	2372	2662	2647	2172	2212	3127
AT5G09470	8	9	31	92	38	99
AT5G09480	18	8	13	16	20	9
AT5G09490	0	0	0	1	0	1
AT5G09500	3	26	10	14	14	15
AT5G09510	4043	4984	4789	3411	3845	4036
AT5G09520	6	16	9	30	12	25
AT5G09530	54	53	61	343	206	247
AT5G09540	113	111	113	108	110	100
AT5G09550	0	15	0	0	0	0
AT5G09560	0	2	0	0	1	0
AT5G09570	20	25	19	86	51	103
AT5G09580	74	95	66	68	66	97
AT5G09585	15	8	11	37	25	26
AT5G09590	4133	4230	4622	2325	2698	4848
AT5G09600	2082	2354	2509	2702	2396	3053
AT5G09610	4	0	1	13	4	42
AT5G09620	2322	2324	2984	3241	2670	3919
AT5G09630	58	52	66	131	89	163
AT5G09640	1	0	1	10	0	11
AT5G09650	10892	12964	13221	8273	11476	8523
AT5G09655	0	0	0	0	0	1
AT5G09660	62166	74437	73278	45945	61221	42496
AT5G09670	2126	2216	2040	1930	1850	2828
AT5G09672	2131	2218	2046	1930	1851	2831
AT5G09680	556	632	648	888	652	947
AT5G09690	68	80	69	72	59	103
AT5G09700	9	12	5	0	2	8
AT5G09710	17	27	36	22	13	16
AT5G09720	0	0	0	1	1	0
AT5G09730	93	122	97	61	103	49
AT5G09740	429	512	376	296	394	431
AT5G09750	4	11	2	4	6	2
AT5G09760	1132	1234	1196	908	1104	1336
AT5G09770	736	907	837	730	853	979
AT5G09780	3	11	5	4	11	6
AT5G09790	172	169	154	134	131	141
AT5G09800	56	55	75	190	90	179
AT5G09805	41	55	44	14	28	11
AT5G09810	16018	16185	17358	16234	15305	20002
AT5G09820	712	817	813	548	509	667
AT5G09830	910	984	1126	1350	1078	1153
AT5G09840	212	247	193	103	139	166
AT5G09850	1630	1874	1805	1383	1305	1601
AT5G09860	962	1154	1063	683	912	969
AT5G09870	10126	9604	9752	4397	6600	5643
AT5G09876	7	3	7	21	10	16
AT5G09880	2237	2359	1916	937	1046	1911
AT5G09890	1107	1208	1218	1241	1017	1493
AT5G09900	3010	3092	3200	3188	2646	3878
AT5G09910	1	0	2	0	3	5
AT5G09920	871	1086	1062	1166	997	1253
AT5G09930	293	193	258	176	124	291
AT5G09950	24	20	11	12	14	29
AT5G09960	520	650	635	606	538	522
AT5G09970	10	9	12	2	14	9
AT5G09976	26	27	33	14	18	19
AT5G09978	2	2	3	3	5	9
AT5G09980	47	78	57	130	131	268
AT5G09990	307	318	295	355	246	295
AT5G09995	568	746	679	358	475	493
AT5G10000	0	0	0	1	0	1
AT5G10010	1583	2150	1747	531	845	990
AT5G10020	873	1023	889	602	655	731
AT5G10030	496	495	530	299	308	400
AT5G10040	0	1	0	3	6	4
AT5G10050	539	664	663	657	634	631
AT5G10060	527	745	511	253	344	595
AT5G10070	673	758	677	646	579	714
AT5G10080	122	151	142	55	83	85
AT5G10090	4	10	12	4	9	7
AT5G10100	15	23	23	13	8	15
AT5G10110	158	224	187	114	139	159
AT5G10130	0	7	3	0	8	1
AT5G10140	120	81	108	52	41	63
AT5G10150	1738	1839	1679	806	936	976
AT5G10160	850	1087	1138	547	854	639
AT5G10170	436	499	587	342	363	465
AT5G10180	4010	4393	3517	4913	3865	8686
AT5G10190	512	407	493	1024	679	1060
AT5G10200	536	515	485	250	292	363
AT5G10210	13	6	4	70	20	72
AT5G10220	0	0	0	0	0	1
AT5G10230	2	10	2	3	2	1
AT5G10240	1035	1158	1017	312	598	435
AT5G10250	263	315	248	45	103	71
AT5G10260	77	104	89	79	86	100
AT5G10270	529	676	560	583	575	734
AT5G10278	0	4	0	0	4	1
AT5G10280	8	5	6	4	11	13
AT5G10290	958	1037	995	500	557	839
AT5G10300	239	311	556	649	402	1162
AT5G10310	81	129	111	46	83	53
AT5G10320	244	293	273	171	198	209
AT5G10330	912	1098	1249	777	883	959
AT5G10336	13	14	7	21	18	20
AT5G10340	54	57	49	71	69	48
AT5G10350	1593	1908	1924	1455	1434	2025
AT5G10360	11978	15136	14503	7863	10066	10825
AT5G10370	504	423	359	255	312	531
AT5G10380	1189	1028	1058	6526	3139	7617
AT5G10390	726	932	844	475	773	507
AT5G10400	1340	1725	1318	494	882	681
AT5G10410	105	88	115	107	109	141
AT5G10420	7	8	7	11	6	4
AT5G10430	892	1283	653	258	783	248
AT5G10440	43	54	38	53	46	100
AT5G10450	13405	15300	16021	17708	14911	15346
AT5G10460	1058	1082	1125	934	858	1067
AT5G10470	6655	6811	6099	2107	2848	3895
AT5G10480	2447	3123	2779	1912	2642	1899
AT5G10490	2358	2391	2371	1105	1445	1935
AT5G10500	0	2	0	0	0	1
AT5G10510	86	106	105	39	64	66
AT5G10520	77	111	70	40	39	44
AT5G10530	95	81	44	23	27	58
AT5G10540	5072	6176	5749	3712	4360	5767
AT5G10550	2446	2752	2523	1329	1615	2366
AT5G10560	1468	1573	1526	1136	1172	1439
AT5G10570	15	13	22	63	34	65
AT5G10572	28	37	37	21	29	21
AT5G10580	14	1	2	5	1	4
AT5G10600	599	615	555	585	612	1070
AT5G10605	81	50	66	59	36	96
AT5G10610	692	636	709	1332	982	1371
AT5G10620	183	245	244	123	223	130
AT5G10625	51	5	38	382	47	447
AT5G10630	621	795	670	289	382	570
AT5G10650	521	490	580	620	444	1092
AT5G10660	12	11	6	5	8	8
AT5G10680	23	31	36	31	42	55
AT5G10690	2449	2640	2500	1892	2267	2282
AT5G10695	215	94	310	1099	301	960
AT5G10700	221	229	224	186	234	188
AT5G10710	367	344	342	544	413	656
AT5G10720	0	4	0	4	4	6
AT5G10730	619	765	850	1042	899	1215
AT5G10740	348	242	317	1139	646	1320
AT5G10745	417	410	364	812	578	945
AT5G10750	553	691	789	994	798	924
AT5G10760	1461	669	839	11598	5626	15022
AT5G10770	1593	1679	1603	1298	1266	1386
AT5G10780	987	1125	1236	2577	1796	3263
AT5G10790	145	149	215	411	223	483
AT5G10800	169	216	147	66	75	242
AT5G10810	621	739	685	684	638	717
AT5G10820	86	97	84	97	91	119
AT5G10830	101	140	139	145	146	177
AT5G10840	3536	3658	3884	5193	4164	6272
AT5G10860	1472	1220	1471	3007	1801	2895
AT5G10870	191	204	263	391	256	539
AT5G10880	1	5	7	4	8	7
AT5G10890	24	26	28	10	20	10
AT5G10900	144	148	157	124	143	181
AT5G10910	1039	1101	1031	343	521	565
AT5G10920	2248	2488	2357	946	1494	1083
AT5G10930	1483	1679	1644	3070	1860	2406
AT5G10940	1197	1201	1134	891	867	1694
AT5G10946	244	262	241	516	280	550
AT5G10950	728	770	721	718	602	1410
AT5G10960	4122	3958	4549	8301	5401	8338
AT5G10970	140	130	136	50	60	63
AT5G10980	4698	5718	5311	5050	4655	4743
AT5G10990	56	80	61	24	63	11
AT5G11000	731	807	864	993	902	859
AT5G11010	526	527	501	393	345	399
AT5G11020	216	208	188	100	133	104
AT5G11027	0	0	0	3	0	0
AT5G11030	474	400	450	680	514	849
AT5G11040	1112	1237	1057	1007	1008	1716
AT5G11050	0	0	0	1	0	1
AT5G11060	1467	1599	1704	3792	2402	3679
AT5G11070	864	892	1009	777	776	851
AT5G11080	1	2	0	0	3	1
AT5G11090	1186	1266	1553	1975	1460	1939
AT5G11100	40	71	52	59	66	87
AT5G11110	334	257	380	446	356	763
AT5G11130	6	9	0	2	0	0
AT5G11140	2	2	3	8	3	3
AT5G11150	204	187	254	187	179	233
AT5G11160	295	298	298	114	209	159
AT5G11170	6072	6891	6486	4489	4635	5204
AT5G11180	1	0	0	26	1	39
AT5G11190	25	31	24	47	34	49
AT5G11200	3241	3525	3316	2269	2492	3034
AT5G11210	34	4	39	181	66	296
AT5G11230	320	332	332	397	367	416
AT5G11240	766	863	704	319	489	546
AT5G11250	687	447	427	580	484	835
AT5G11260	629	589	667	537	397	543
AT5G11270	1602	1599	1854	917	1033	983
AT5G11280	840	904	901	1076	956	1167
AT5G11290	4	2	3	14	6	24
AT5G11300	43	64	72	61	64	69
AT5G11310	96	112	123	118	118	160
AT5G11320	12	22	24	5	16	23
AT5G11325	0	0	0	1	0	0
AT5G11330	2584	2460	2810	2834	2452	2948
AT5G11340	785	816	860	964	785	956
AT5G11350	525	567	510	400	389	599
AT5G11360	2	5	6	4	1	1
AT5G11370	0	0	1	2	0	3
AT5G11380	879	949	897	547	708	865
AT5G11390	336	401	365	218	262	526
AT5G11400	0	0	4	2	1	7
AT5G11410	67	93	154	98	56	111
AT5G11412	3	3	4	0	0	7
AT5G11416	1	4	0	1	0	1
AT5G11420	6915	7223	8016	5766	7609	7293
AT5G11425	10	14	8	14	5	12
AT5G11430	761	911	802	673	651	982
AT5G11440	1	0	0	0	1	2
AT5G11450	3446	4021	4018	3581	3707	4052
AT5G11460	190	211	205	395	341	514
AT5G11470	132	164	132	44	72	98
AT5G11480	2546	2907	2980	2057	2634	1895
AT5G11490	2072	2119	2038	1375	1486	2473
AT5G11500	5758	6089	6067	4939	5007	6254
AT5G11510	228	272	227	58	146	177
AT5G11520	2328	2368	3451	5174	2656	5399
AT5G11530	770	718	563	340	319	905
AT5G11540	75	90	50	34	38	42
AT5G11550	862	1110	977	668	1058	583
AT5G11560	4693	4629	4495	3344	3897	6937
AT5G11570	0	4	0	1	1	2
AT5G11580	1179	1098	1044	1317	1241	2040
AT5G11590	129	139	181	210	216	137
AT5G11600	181	223	238	279	207	396
AT5G11610	76	131	165	263	184	283
AT5G11620	29	45	40	13	24	21
AT5G11630	385	406	375	460	419	476
AT5G11640	504	566	530	643	505	712
AT5G11650	1987	1671	1889	2392	1779	2067
AT5G11670	2426	3201	3611	4009	2794	5030
AT5G11680	1009	1017	1176	1481	1071	1772
AT5G11690	518	553	487	369	401	333
AT5G11700	4092	3397	2925	3511	3051	4526
AT5G11710	2454	2640	2583	1903	1859	2553
AT5G11720	1360	1616	1554	1134	1180	1883
AT5G11730	501	540	591	873	642	1019
AT5G11740	17201	19803	20363	18851	11945	18167
AT5G11750	432	567	539	358	379	346
AT5G11760	614	794	734	668	719	809
AT5G11770	4692	5298	5663	6861	5649	7232
AT5G11780	57	107	78	53	55	65
AT5G11790	3525	3860	4417	2510	3161	2420
AT5G11800	606	669	623	611	575	721
AT5G11810	562	738	738	1183	990	1209
AT5G11820	0	0	0	3	1	1
AT5G11830	0	0	0	1	0	3
AT5G11840	1715	1970	2053	2358	2228	2092
AT5G11850	890	921	802	848	756	1389
AT5G11860	745	750	876	1022	807	1160
AT5G11870	11	20	11	17	18	20
AT5G11880	2188	2392	2273	1027	1636	1493
AT5G11890	608	806	761	612	756	803
AT5G11900	1267	1479	1468	1403	1270	1575
AT5G11910	637	661	745	834	657	901
AT5G11920	45	16	22	172	92	288
AT5G11930	116	84	128	134	110	129
AT5G11940	0	1	2	0	4	1
AT5G11950	1165	1384	1268	1293	1049	1430
AT5G11960	931	1039	1068	1891	1386	2230
AT5G11970	918	917	957	2299	1244	1957
AT5G11980	846	985	947	682	756	968
AT5G11990	43	74	26	17	17	23
AT5G12000	0	0	1	5	1	26
AT5G12010	1304	1254	1716	1951	1313	2041
AT5G12020	187	89	284	227	163	325
AT5G12030	113	18	180	578	380	860
AT5G12040	1688	2155	2178	2769	2266	3007
AT5G12043	0	0	0	2	0	0
AT5G12050	353	325	362	235	329	205
AT5G12070	0	0	0	0	0	1
AT5G12080	1401	1865	1621	852	1208	1110
AT5G12100	290	275	212	132	125	174
AT5G12110	3371	3603	4724	1578	2153	2171
AT5G12120	2243	2452	2328	2729	2425	4585
AT5G12130	1772	1925	1950	1337	1553	1350
AT5G12140	3987	4878	4983	6408	5164	5889
AT5G12150	7105	7703	7493	4724	5694	6970
AT5G12170	453	455	586	741	575	647
AT5G12180	8	2	10	19	2	27
AT5G12190	480	616	596	836	593	829
AT5G12200	938	993	1233	1695	1365	2216
AT5G12210	768	805	899	1418	1089	1807
AT5G12220	382	363	364	176	242	360
AT5G12230	663	782	760	586	468	782
AT5G12235	5	10	11	11	11	6
AT5G12236	1	5	5	2	6	2
AT5G12240	839	956	950	1514	1146	1372
AT5G12250	5157	6158	5670	3330	4862	4176
AT5G12260	337	402	421	457	389	526
AT5G12270	2	5	2	2	6	3
AT5G12280	6	7	4	7	6	18
AT5G12290	628	619	603	378	474	650
AT5G12300	86	92	85	88	52	93
AT5G12310	1159	1323	1343	1673	1350	1604
AT5G12320	791	881	856	792	789	894
AT5G12330	40	26	61	37	55	57
AT5G12340	8	0	0	31	9	25
AT5G12350	976	954	869	635	627	930
AT5G12360	71	70	85	48	58	67
AT5G12370	2814	2969	2821	2803	2634	3970
AT5G12380	28	31	24	31	20	75
AT5G12390	352	336	394	1090	652	1041
AT5G12400	1361	1221	1010	521	632	1451
AT5G12410	787	982	920	483	587	729
AT5G12420	165	165	213	173	204	202
AT5G12430	1467	1299	1173	761	836	1402
AT5G12440	581	645	626	460	506	638
AT5G12450	0	0	0	0	0	1
AT5G12460	0	0	0	12	1	26
AT5G12470	8405	9493	9263	9221	9886	9964
AT5G12480	1541	1317	1314	915	951	1709
AT5G12840	862	964	843	1345	950	1589
AT5G12850	1446	1807	1423	1034	1159	1447
AT5G12860	21594	26567	26565	18370	22889	16363
AT5G12870	54	89	59	44	35	73
AT5G12880	2	2	12	29	7	13
AT5G12890	883	725	958	1836	1208	2108
AT5G12900	634	672	562	382	402	407
AT5G12910	0	0	0	1	1	1
AT5G12920	49	70	55	31	42	43
AT5G12930	77	86	144	363	192	351
AT5G12940	111	116	100	92	138	109
AT5G12950	1097	1196	1082	874	949	1170
AT5G12960	54	29	48	79	31	65
AT5G12970	76	113	70	16	52	39
AT5G12980	316	403	307	401	385	443
AT5G12990	6	9	6	3	4	8
AT5G13000	5865	5289	4535	1961	2497	4039
AT5G13010	2221	2192	1988	982	1490	3571
AT5G13020	1897	2011	1901	1558	1653	2421
AT5G13030	3184	3307	3552	3260	3127	4100
AT5G13050	526	564	571	738	595	814
AT5G13060	166	196	198	44	105	84
AT5G13070	740	833	821	1109	985	1196
AT5G13080	72	10	186	782	226	695
AT5G13090	833	1138	1056	800	898	932
AT5G13100	2115	2200	2177	2471	2184	2861
AT5G13110	769	837	1008	740	786	1013
AT5G13120	5664	6900	6864	4696	6192	4650
AT5G13130	5	16	14	2	7	4
AT5G13140	2578	2427	2977	1392	2037	1659
AT5G13150	2	2	7	3	3	6
AT5G13160	1115	1198	1248	1296	1182	1518
AT5G13170	267	261	493	2096	737	2885
AT5G13180	3340	3423	4053	3304	3038	3413
AT5G13181	6	13	9	3	6	1
AT5G13190	1224	1042	1500	3069	1604	2646
AT5G13200	556	352	928	1898	800	2169
AT5G13210	138	92	148	258	179	350
AT5G13220	138	98	358	362	192	840
AT5G13225	3	2	2	2	2	3
AT5G13230	13	14	8	5	6	24
AT5G13240	1177	1233	1277	1395	1264	1289
AT5G13250	44	65	56	47	49	38
AT5G13260	1094	1353	1197	1209	1040	1429
AT5G13270	196	167	182	99	129	204
AT5G13280	1800	2057	2093	1063	1147	1459
AT5G13290	416	513	427	226	295	255
AT5G13300	1645	1613	1431	824	1178	1523
AT5G13310	331	345	368	361	355	594
AT5G13320	949	332	522	2408	1722	3260
AT5G13330	89	30	511	575	171	824
AT5G13340	221	206	204	135	122	231
AT5G13350	0	3	0	0	0	0
AT5G13360	900	872	1018	467	496	731
AT5G13370	918	1011	1624	866	748	860
AT5G13380	56	0	40	21	34	37
AT5G13390	1851	1966	1832	2296	1931	2845
AT5G13400	1415	1679	1665	877	1266	1105
AT5G13410	1578	1942	1995	1573	1788	1411
AT5G13420	2259	2517	3127	1490	1778	2405
AT5G13430	3130	3765	3899	4349	3742	4758
AT5G13440	4857	5112	5780	7365	5724	7275
AT5G13450	5991	7335	7220	6475	6439	8163
AT5G13460	397	510	369	65	168	181
AT5G13470	238	261	276	475	285	478
AT5G13480	550	689	573	411	463	561
AT5G13490	714	788	1312	3182	1296	3026
AT5G13500	584	674	722	1173	792	1220
AT5G13510	9378	12286	11273	6212	8777	6226
AT5G13520	572	878	619	247	448	455
AT5G13530	1504	1363	1072	1212	1231	2388
AT5G13550	1394	1226	1698	2282	1711	2822
AT5G13560	2048	2211	2163	1371	1400	2034
AT5G13570	486	572	576	663	506	897
AT5G13580	7	0	3	74	23	66
AT5G13590	1419	1211	1084	804	767	1956
AT5G13600	1	1	2	0	0	3
AT5G13610	353	403	415	336	349	358
AT5G13620	1	0	0	12	1	33
AT5G13630	118143	121104	104964	49724	76707	83249
AT5G13640	3802	4263	4113	5106	4589	5226
AT5G13650	49801	49029	52306	30636	34429	29899
AT5G13660	203	246	212	197	183	302
AT5G13670	2	9	0	5	4	13
AT5G13680	1243	1342	1061	511	701	993
AT5G13690	930	1120	969	631	776	1819
AT5G13700	111	166	144	168	87	581
AT5G13710	3115	3767	3700	3196	2803	4475
AT5G13720	996	1061	1228	1311	1080	1079
AT5G13730	1726	2005	1959	1050	1471	1248
AT5G13740	6803	6722	6493	4059	5983	3529
AT5G13750	681	721	899	1148	760	1342
AT5G13760	589	720	661	791	655	930
AT5G13770	5168	5820	5730	2620	3736	4393
AT5G13780	2530	2926	2940	3462	3043	4067
AT5G13790	22	40	42	24	24	35
AT5G13800	1978	1854	2267	4244	2903	5270
AT5G13810	1729	1445	1714	1895	1642	1897
AT5G13820	247	226	337	386	236	760
AT5G13825	0	0	0	0	0	2
AT5G13830	62	53	50	25	40	42
AT5G13840	324	450	321	75	172	199
AT5G13850	3172	3642	3621	2764	3053	3115
AT5G13860	176	155	198	262	199	275
AT5G13870	85	116	78	137	85	134
AT5G13880	39	65	75	71	43	146
AT5G13890	430	591	543	525	401	547
AT5G13900	1	0	1	18	7	18
AT5G13910	3	5	1	5	2	4
AT5G13920	96	122	109	47	57	97
AT5G13930	22352	26223	30437	10173	21841	17260
AT5G13940	26	17	11	76	36	57
AT5G13950	1743	1907	1777	1232	1414	2035
AT5G13960	344	354	308	119	217	240
AT5G13970	552	484	516	355	357	574
AT5G13980	3607	4350	3428	1547	2344	3682
AT5G13990	9	16	8	17	11	32
AT5G14000	24	27	19	40	27	38
AT5G14010	0	3	0	0	0	0
AT5G14020	1	0	0	0	0	0
AT5G14030	2878	3354	3565	3986	3495	4341
AT5G14035	0	0	0	0	1	0
AT5G14040	12339	14220	14648	13614	13133	14683
AT5G14050	2041	2467	1995	542	1014	987
AT5G14060	7843	8887	8199	6503	7937	5927
AT5G14070	6	7	3	7	10	7
AT5G14080	280	377	356	290	282	421
AT5G14090	132	165	91	51	61	94
AT5G14100	419	443	447	318	418	310
AT5G14105	484	597	521	686	524	646
AT5G14110	1	6	8	3	8	5
AT5G14120	4883	4783	4867	4304	4170	3772
AT5G14130	4	1	2	14	7	18
AT5G14140	162	206	207	231	201	293
AT5G14150	2	1	5	9	4	16
AT5G14160	0	3	1	18	14	30
AT5G14170	1574	1605	1499	1650	1671	2607
AT5G14180	40	28	236	213	64	194
AT5G14200	7204	7839	8345	6271	8265	7470
AT5G14210	1289	1618	1241	496	856	746
AT5G14220	1255	1515	1326	899	1025	1190
AT5G14230	295	299	313	161	198	232
AT5G14240	860	923	982	1376	1059	1472
AT5G14250	1106	1212	1315	1030	1011	1370
AT5G14260	5584	6232	5971	3849	5103	4341
AT5G14270	790	778	719	687	731	1323
AT5G14280	284	282	299	304	268	417
AT5G14290	1	1	0	1	3	9
AT5G14300	1	1	0	0	3	7
AT5G14310	579	702	753	910	755	965
AT5G14320	13009	17215	16207	11610	14139	10655
AT5G14330	51	58	39	21	30	16
AT5G14345	0	1	0	0	2	1
AT5G14350	395	407	405	239	255	445
AT5G14360	12	18	8	11	26	6
AT5G14370	1391	1754	1625	1100	1204	1243
AT5G14380	19	57	27	19	30	12
AT5G14390	567	689	630	568	614	868
AT5G14400	7	2	3	3	6	1
AT5G14410	442	525	505	477	433	308
AT5G14420	761	912	857	847	802	1131
AT5G14430	1877	2180	2025	2354	2172	3289
AT5G14440	1264	1668	1408	645	867	965
AT5G14450	302	453	364	271	272	357
AT5G14460	1713	1799	1749	1344	1476	1334
AT5G14470	16	17	27	32	14	41
AT5G14480	268	277	274	495	371	600
AT5G14490	6	4	2	19	15	29
AT5G14500	410	446	491	353	419	528
AT5G14510	91	114	69	67	59	110
AT5G14520	2086	2383	2177	1617	1830	2810
AT5G14530	298	294	318	528	374	714
AT5G14540	1499	1655	1478	1378	1459	2245
AT5G14550	270	452	141	3443	1066	4150
AT5G14560	0	0	0	2	1	1
AT5G14565	863	1091	861	2227	1300	2516
AT5G14570	892	1111	876	2137	1306	2412
AT5G14580	274	343	229	110	158	224
AT5G14590	1502	1798	1674	1085	1345	1628
AT5G14600	290	295	287	250	257	269
AT5G14602	1	2	5	2	0	1
AT5G14610	1122	1247	1084	661	933	1052
AT5G14620	335	365	342	350	301	503
AT5G14640	1368	1286	1821	1222	1182	1386
AT5G14650	67	73	38	13	9	32
AT5G14660	2283	2599	2494	1948	2440	1828
AT5G14670	1	4	2	2	1	0
AT5G14680	594	664	662	938	720	989
AT5G14690	38	35	72	15	22	16
AT5G14700	743	797	847	776	823	836
AT5G14710	400	428	410	659	456	683
AT5G14720	2875	2880	2659	1401	1695	2503
AT5G14730	45	46	54	260	143	121
AT5G14740	92289	124857	114211	57602	82007	50355
AT5G14750	2	5	7	1	1	2
AT5G14760	3045	3117	3423	1358	1706	1726
AT5G14770	346	256	222	145	131	259
AT5G14780	3729	4212	6781	10551	4698	12266
AT5G14790	596	723	773	528	628	520
AT5G14800	2473	2738	3132	5439	3859	9275
AT5G14820	128	150	135	65	120	140
AT5G14850	329	378	348	374	340	524
AT5G14860	2	4	1	2	3	2
AT5G14870	24	26	28	6	8	13
AT5G14880	2951	2979	2899	2321	2243	2301
AT5G14890	67	84	65	51	46	90
AT5G14900	0	0	0	1	1	14
AT5G14910	6080	6883	7183	4420	5583	4777
AT5G14920	587	823	1105	557	505	856
AT5G14930	284	255	272	743	502	1184
AT5G14940	140	155	140	240	152	269
AT5G14950	1157	1147	1216	970	899	1624
AT5G14960	19	33	9	32	30	53
AT5G14970	3702	4154	4304	4998	4998	3773
AT5G14980	12	1	3	9	4	12
AT5G14990	0	2	0	3	1	4
AT5G14995	0	0	0	0	0	2
AT5G15000	0	0	0	0	0	2
AT5G15010	168	195	190	129	147	207
AT5G15020	2173	1878	1710	1065	1067	2057
AT5G15022	27	46	36	44	34	21
AT5G15030	98	129	123	168	123	196
AT5G15050	832	1002	1012	707	815	771
AT5G15060	1	2	2	2	0	0
AT5G15070	160	192	172	34	51	92
AT5G15080	497	549	570	636	579	860
AT5G15090	7752	8327	8886	6769	7943	8910
AT5G15100	2	3	2	0	2	5
AT5G15120	109	120	179	90	112	107
AT5G15130	3	2	4	5	4	12
AT5G15140	17	23	10	1	7	6
AT5G15150	25	69	33	43	58	36
AT5G15160	89	150	128	105	166	122
AT5G15170	302	350	329	311	311	404
AT5G15180	27	40	33	22	23	23
AT5G15190	65	49	102	161	81	177
AT5G15200	16401	20034	18590	14532	15949	16960
AT5G15210	1054	1199	1182	943	1138	948
AT5G15220	376	561	501	303	405	433
AT5G15230	1186	1607	2082	2264	2229	2974
AT5G15240	138	162	166	165	156	275
AT5G15250	0	0	1	7	10	37
AT5G15254	3	9	16	25	13	17
AT5G15260	169	187	214	336	241	370
AT5G15265	7	14	4	18	8	16
AT5G15270	899	879	843	453	495	827
AT5G15280	397	393	333	164	185	357
AT5G15290	0	0	0	0	2	1
AT5G15300	45	34	20	15	15	28
AT5G15310	958	1052	939	523	714	704
AT5G15320	1753	2394	2272	2283	2158	2209
AT5G15330	282	289	237	163	177	225
AT5G15340	22	33	21	14	16	39
AT5G15350	7413	8844	8734	4324	4860	4683
AT5G15360	2	2	2	2	0	2
AT5G15380	0	2	4	0	3	7
AT5G15390	1011	1191	1200	641	971	735
AT5G15400	1923	2006	1926	1380	1390	2339
AT5G15410	5804	6801	7116	6494	5239	6751
AT5G15420	0	0	2	2	0	1
AT5G15430	17	43	20	8	11	12
AT5G15440	628	716	634	812	625	929
AT5G15450	13363	14011	14556	3277	5639	6869
AT5G15460	353	434	436	439	332	577
AT5G15470	1324	1385	1288	632	750	1008
AT5G15480	2	0	2	8	8	28
AT5G15490	2102	2453	2264	1495	1752	2511
AT5G15500	198	111	290	497	246	772
AT5G15510	166	208	162	27	75	78
AT5G15520	490	547	537	471	498	499
AT5G15530	438	580	419	185	326	196
AT5G15540	1116	957	807	370	467	1012
AT5G15550	879	1022	958	641	723	845
AT5G15570	508	542	499	402	445	510
AT5G15580	746	969	535	185	357	404
AT5G15581	66	81	54	33	19	42
AT5G15600	550	581	451	247	398	187
AT5G15610	1699	2056	1849	1103	1296	1970
AT5G15620	1	0	0	3	2	9
AT5G15630	128	168	138	133	111	250
AT5G15640	435	419	489	716	453	934
AT5G15650	4695	5543	5664	5426	5401	9283
AT5G15660	1	1	6	16	3	22
AT5G15670	0	0	0	1	0	2
AT5G15680	1720	1593	1344	996	1165	2392
AT5G15690	0	0	0	1	3	0
AT5G15700	381	393	310	169	206	468
AT5G15710	246	252	293	294	263	326
AT5G15720	9	18	11	10	14	22
AT5G15725	0	0	0	1	0	2
AT5G15730	485	530	522	511	434	883
AT5G15740	1661	1845	2057	762	1024	1285
AT5G15750	583	655	536	408	424	514
AT5G15760	176	254	248	145	141	159
AT5G15770	172	180	223	270	195	241
AT5G15780	4438	5364	3420	345	2125	825
AT5G15790	273	316	264	164	218	184
AT5G15800	358	633	281	383	332	154
AT5G15802	735	802	837	622	644	601
AT5G15810	1043	1141	1134	587	677	1174
AT5G15820	152	133	141	251	176	295
AT5G15830	319	316	349	200	202	167
AT5G15833	0	0	0	1	0	5
AT5G15840	20	19	20	35	29	98
AT5G15845	3843	4408	4186	2572	2723	3516
AT5G15850	3783	4284	4065	2499	2697	3367
AT5G15853	18	13	21	31	38	26
AT5G15860	1166	1005	1175	1920	1291	2061
AT5G15870	661	589	651	1317	960	1454
AT5G15880	516	575	634	586	494	830
AT5G15890	4	2	3	13	2	21
AT5G15900	100	114	80	27	58	20
AT5G15910	1133	1262	1402	1182	1147	1209
AT5G15920	504	520	430	102	172	353
AT5G15930	442	493	541	812	545	1122
AT5G15940	11	19	10	21	18	22
AT5G15948	9417	10965	10908	10842	8179	11661
AT5G15950	9420	10966	10913	10843	8183	11669
AT5G15960	73	241	342	337	198	379
AT5G15970	3220	3369	5627	8176	4316	7316
AT5G15980	776	874	813	496	632	740
AT5G16000	731	842	777	287	438	345
AT5G16010	2453	2415	3615	4937	2998	4988
AT5G16020	0	0	2	12	0	32
AT5G16023	3	1	2	0	2	0
AT5G16030	3363	5401	4116	1589	2435	2423
AT5G16040	401	477	360	409	417	545
AT5G16050	3719	4191	4155	4645	4234	5715
AT5G16060	576	664	683	681	665	778
AT5G16070	1770	2101	1924	1859	1846	2308
AT5G16080	65	74	96	113	99	158
AT5G16090	0	3	0	4	4	13
AT5G16100	0	0	0	5	2	13
AT5G16110	1982	1902	2139	3317	2238	3127
AT5G16120	748	671	852	995	743	1327
AT5G16130	7823	10121	8570	4280	5630	5781
AT5G16140	626	711	603	498	535	678
AT5G16150	3985	5216	5033	5798	4927	5691
AT5G16160	49	50	45	70	49	79
AT5G16170	36	30	30	116	75	102
AT5G16180	867	889	749	242	344	469
AT5G16190	312	506	334	182	274	329
AT5G16200	155	187	248	227	158	196
AT5G16210	1582	1552	1421	609	753	1486
AT5G16220	1014	1099	1202	783	859	1124
AT5G16230	140	116	126	143	152	161
AT5G16235	65	57	59	64	62	70
AT5G16240	396	470	431	341	428	319
AT5G16250	828	1005	968	384	691	337
AT5G16260	877	928	850	544	681	829
AT5G16270	2343	2277	1820	880	1132	2261
AT5G16280	1575	1447	1342	660	750	1339
AT5G16290	1701	1992	2065	936	1343	1377
AT5G16300	1720	1735	1701	906	1018	1644
AT5G16310	287	376	324	300	264	450
AT5G16320	160	164	174	238	167	287
AT5G16330	0	0	0	1	3	7
AT5G16340	156	165	207	131	122	137
AT5G16350	104	126	145	29	84	44
AT5G16360	66	47	147	320	79	516
AT5G16370	659	711	1049	2543	1260	2465
AT5G16380	70	65	95	211	156	268
AT5G16390	2588	3438	3033	1760	2192	2362
AT5G16400	4349	5101	5051	5364	5204	4608
AT5G16410	111	104	142	131	104	103
AT5G16420	78	71	68	87	54	102
AT5G16430	0	0	0	1	0	1
AT5G16440	1233	1513	1628	2305	1844	2607
AT5G16450	451	470	699	1172	604	1099
AT5G16453	0	0	3	3	0	3
AT5G16460	0	0	0	0	0	1
AT5G16470	3281	3524	3621	3767	3204	3354
AT5G16480	170	140	150	209	160	238
AT5G16486	13	7	4	6	2	2
AT5G16490	79	137	81	58	58	79
AT5G16500	0	2	1	0	0	1
AT5G16510	775	915	1030	1169	1093	1694
AT5G16520	440	463	425	379	351	471
AT5G16530	151	187	184	113	93	87
AT5G16540	1478	1819	1818	1739	1594	1671
AT5G16550	671	593	768	817	715	981
AT5G16560	251	291	267	280	283	327
AT5G16570	281	346	284	261	230	269
AT5G16580	1	4	3	2	2	0
AT5G16590	1525	1784	1527	634	931	885
AT5G16600	45	47	39	32	42	38
AT5G16610	485	574	488	292	334	472
AT5G16620	3373	3728	3700	2031	2471	3078
AT5G16630	449	559	493	379	352	647
AT5G16640	82	63	74	46	52	75
AT5G16650	1434	1512	1557	1428	1217	1354
AT5G16660	2272	2277	2854	3350	2620	3251
AT5G16680	1088	985	831	387	462	1241
AT5G16690	169	231	156	65	143	129
AT5G16700	0	0	0	0	0	1
AT5G16710	6524	7735	8395	5880	7193	5378
AT5G16715	4394	4436	4147	1531	2438	2265
AT5G16720	423	479	325	69	122	141
AT5G16730	2753	3228	2675	479	795	1514
AT5G16740	0	0	1	6	3	15
AT5G16750	804	941	683	269	374	610
AT5G16760	1244	1389	1375	1379	1261	1548
AT5G16770	18	15	12	17	17	54
AT5G16780	1939	2018	1704	572	807	1723
AT5G16790	96	107	106	83	68	81
AT5G16800	495	511	540	590	549	704
AT5G16810	894	1017	872	702	909	866
AT5G16820	202	235	237	250	212	428
AT5G16830	922	887	1174	814	773	1068
AT5G16840	1827	2136	2302	2041	1853	2263
AT5G16850	10	16	8	2	4	21
AT5G16860	27	31	30	18	22	41
AT5G16870	349	394	403	313	343	407
AT5G16880	2521	2249	2517	2874	2333	4819
AT5G16890	350	392	368	417	303	497
AT5G16900	3	2	6	42	19	130
AT5G16910	754	685	994	1437	786	2005
AT5G16920	43	154	16	16	17	32
AT5G16930	299	423	316	212	250	364
AT5G16940	211	271	260	255	257	279
AT5G16950	195	238	224	370	307	483
AT5G16960	85	8	146	97	71	117
AT5G16970	1929	1800	3124	5914	2724	6822
AT5G16980	61	69	117	308	103	365
AT5G16990	992	1079	1156	1003	1043	1251
AT5G17000	924	1033	1452	2112	1385	1812
AT5G17010	1420	1417	1597	1225	1215	1442
AT5G17020	3080	2769	2641	2355	1919	3580
AT5G17030	17	23	13	24	20	24
AT5G17040	56	44	63	38	51	46
AT5G17050	2741	2707	2989	2946	3019	3457
AT5G17060	454	417	479	951	642	896
AT5G17070	380	421	378	334	336	441
AT5G17080	1	0	0	0	2	0
AT5G17090	5	3	8	4	9	2
AT5G17100	0	0	0	2	0	1
AT5G17110	0	1	0	0	1	0
AT5G17150	20	15	13	36	16	27
AT5G17160	358	510	363	57	157	133
AT5G17165	48	66	35	30	38	16
AT5G17170	4411	5078	4277	4621	3847	5937
AT5G17180	1	0	0	3	0	5
AT5G17190	896	1030	1160	2518	1530	2696
AT5G17200	0	3	0	4	1	4
AT5G17210	116	153	86	127	113	133
AT5G17220	467	583	695	1841	1433	2674
AT5G17230	14260	17458	17055	7839	9950	7489
AT5G17240	204	227	201	199	199	326
AT5G17250	297	274	253	210	206	255
AT5G17260	20	35	18	7	7	8
AT5G17270	749	728	593	280	342	553
AT5G17280	859	871	1022	1240	805	1097
AT5G17290	650	664	755	1278	751	1659
AT5G17300	1565	1535	1145	827	813	956
AT5G17310	3686	4052	3881	1965	2373	2671
AT5G17330	92	45	135	350	172	378
AT5G17340	1	5	8	13	13	8
AT5G17350	277	284	339	314	290	280
AT5G17360	94	106	97	138	105	174
AT5G17370	106	152	163	107	81	185
AT5G17380	2538	2294	4407	4466	2577	5661
AT5G17390	15	8	55	65	11	110
AT5G17400	579	719	680	1036	725	1255
AT5G17410	516	560	475	298	403	452
AT5G17420	430	492	308	122	178	258
AT5G17430	0	0	0	1	0	0
AT5G17440	788	802	705	479	531	853
AT5G17450	413	485	472	591	382	601
AT5G17460	66	58	138	194	92	321
AT5G17480	0	2	2	0	0	0
AT5G17490	72	81	113	97	126	173
AT5G17500	2	7	1	2	3	1
AT5G17510	999	1010	865	528	610	996
AT5G17520	754	1009	1008	936	1204	1053
AT5G17523	350	305	388	313	280	296
AT5G17530	1619	1975	1786	998	1366	1602
AT5G17540	39	52	25	32	45	64
AT5G17550	752	867	896	784	674	902
AT5G17560	2654	3186	3180	2976	3041	2730
AT5G17570	173	177	174	172	149	242
AT5G17580	174	240	153	87	83	175
AT5G17590	3	5	6	5	5	6
AT5G17600	903	1142	1090	1602	1101	1610
AT5G17610	507	525	600	1150	758	1243
AT5G17620	246	380	295	184	245	297
AT5G17630	2312	2758	2785	1765	2036	1640
AT5G17640	616	648	725	1159	693	1046
AT5G17650	347	384	524	1093	486	1180
AT5G17660	708	781	710	531	536	581
AT5G17670	2823	3457	3048	3005	3051	3068
AT5G17680	16	20	12	20	16	48
AT5G17690	671	693	609	689	613	914
AT5G17700	728	775	552	724	1310	821
AT5G17710	4127	4568	4743	4943	4294	6267
AT5G17740	0	0	2	0	0	0
AT5G17750	0	0	0	1	4	2
AT5G17760	520	332	484	3547	1766	5481
AT5G17770	4287	4743	4515	3254	3728	4221
AT5G17780	161	197	164	123	112	109
AT5G17790	1095	1263	1102	391	579	704
AT5G17800	28	36	22	10	30	20
AT5G17810	2	6	5	1	5	3
AT5G17820	2	0	0	0	1	1
AT5G17830	20	20	15	13	15	34
AT5G17840	789	950	976	728	756	715
AT5G17847	2	3	2	3	1	2
AT5G17850	69	60	136	227	109	362
AT5G17860	173	292	381	1506	574	1420
AT5G17870	11549	12021	12359	8943	10776	8549
AT5G17880	802	692	609	458	445	1167
AT5G17890	1344	1368	1244	1007	808	1875
AT5G17900	1279	1427	1345	852	838	1490
AT5G17910	1653	1486	1367	509	633	1452
AT5G17920	94195	106375	104735	76915	80651	92485
AT5G17930	710	899	721	213	320	486
AT5G17960	0	0	0	0	0	1
AT5G17970	1	0	4	0	0	1
AT5G17980	222	232	216	233	195	315
AT5G17990	2676	3130	3308	3431	2963	5118
AT5G18000	5	11	3	4	5	8
AT5G18005	1	0	0	0	0	0
AT5G18010	37	59	64	43	41	19
AT5G18015	0	2	1	0	2	0
AT5G18020	500	714	598	324	498	209
AT5G18030	525	699	534	378	550	256
AT5G18037	0	1	1	0	0	0
AT5G18040	483	508	506	1492	851	1943
AT5G18050	57	55	44	30	54	40
AT5G18060	129	146	125	74	111	69
AT5G18065	154	159	159	343	252	444
AT5G18070	284	336	329	317	301	485
AT5G18080	353	412	367	256	394	206
AT5G18085	0	0	0	0	0	3
AT5G18090	6	12	5	3	7	9
AT5G18100	1293	1433	1530	1260	1288	1302
AT5G18110	1273	1271	1531	3376	2337	4970
AT5G18120	404	465	456	649	505	572
AT5G18130	305	209	273	1077	547	1362
AT5G18140	1428	1512	1496	1594	1440	1740
AT5G18150	300	344	383	338	335	397
AT5G18160	1	2	5	2	0	1
AT5G18170	875	981	976	606	664	755
AT5G18180	23	15	23	47	32	59
AT5G18190	2253	2300	2246	1985	1826	2746
AT5G18200	440	503	555	837	615	1203
AT5G18210	115	107	136	241	140	269
AT5G18220	13	12	7	32	15	77
AT5G18230	3808	4267	3782	1804	2428	2925
AT5G18240	608	660	434	174	256	342
AT5G18245	687	778	532	213	294	413
AT5G18250	228	255	265	285	271	252
AT5G18255	455	562	449	475	466	713
AT5G18260	378	469	380	399	410	608
AT5G18270	68	62	110	337	183	382
AT5G18280	1841	2098	2073	1600	1601	1934
AT5G18290	79	96	113	140	99	131
AT5G18300	2	8	6	5	0	10
AT5G18310	603	522	731	2072	1085	1957
AT5G18320	10	15	14	7	11	13
AT5G18330	1	4	2	2	3	6
AT5G18340	84	103	87	82	70	110
AT5G18350	5	0	3	30	11	87
AT5G18360	116	70	99	184	70	258
AT5G18362	55	55	47	78	40	101
AT5G18370	198	126	135	211	131	360
AT5G18380	19699	21680	21079	22060	20641	23112
AT5G18390	225	271	273	361	300	329
AT5G18400	1201	1244	1306	1718	1323	1905
AT5G18404	169	174	156	107	136	75
AT5G18407	52	56	53	36	35	29
AT5G18410	1680	1830	1586	786	961	1385
AT5G18420	835	901	920	735	650	1142
AT5G18430	215	207	163	89	165	118
AT5G18440	394	518	362	179	219	284
AT5G18460	799	802	789	697	839	841
AT5G18470	162	104	133	630	390	931
AT5G18475	104	133	116	80	99	136
AT5G18480	1003	976	1060	1586	1090	1632
AT5G18490	421	375	465	627	485	741
AT5G18500	2981	3182	2971	1481	1841	2101
AT5G18510	1	1	1	2	0	4
AT5G18520	3143	3590	3669	3087	3195	3096
AT5G18525	387	316	314	439	372	856
AT5G18540	37	26	36	114	77	141
AT5G18550	620	783	707	517	663	638
AT5G18560	0	0	0	0	1	0
AT5G18570	3204	3401	2925	1096	1760	1723
AT5G18580	2035	2114	2053	1273	1567	1833
AT5G18590	832	1048	970	487	657	967
AT5G18600	1971	2121	1861	1517	1613	958
AT5G18610	695	716	712	794	684	1254
AT5G18620	1205	1451	956	181	464	630
AT5G18630	1086	1280	1243	1622	1313	1610
AT5G18636	8	10	11	2	0	10
AT5G18640	437	474	473	640	416	804
AT5G18650	1341	1507	1673	1346	1198	1224
AT5G18660	3803	4274	4229	1382	2628	2056
AT5G18661	10	3	9	32	17	35
AT5G18670	7792	6884	7487	2088	2589	2337
AT5G18680	584	601	647	1049	748	994
AT5G18690	301	447	285	187	224	184
AT5G18700	719	810	621	167	257	376
AT5G18710	14	7	8	5	9	3
AT5G18720	1	1	0	3	0	2
AT5G18730	20	17	14	21	29	59
AT5G18740	15	15	6	2	9	9
AT5G18750	260	298	214	157	194	490
AT5G18760	432	429	496	711	556	797
AT5G18770	206	179	200	142	163	237
AT5G18780	100	76	95	354	213	554
AT5G18790	396	468	412	304	335	395
AT5G18800	2222	2646	2778	3227	2731	3397
AT5G18810	26	32	42	37	29	40
AT5G18820	313	341	254	114	146	210
AT5G18830	1192	1260	1030	618	651	1132
AT5G18840	13	2	23	9	10	9
AT5G18850	391	541	567	581	452	521
AT5G18860	411	454	328	323	267	526
AT5G18880	0	0	0	0	0	1
AT5G18890	0	0	0	14	4	19
AT5G18900	855	809	863	1151	1009	1465
AT5G18920	115	137	125	117	121	125
AT5G18930	128	192	135	75	109	92
AT5G18940	683	703	748	787	614	993
AT5G18950	227	240	233	218	200	305
AT5G18960	951	872	868	527	593	820
AT5G18970	342	518	407	252	320	272
AT5G18980	497	593	469	278	306	481
AT5G18990	0	0	0	0	0	2
AT5G19000	1350	1510	1598	1675	1426	1916
AT5G19010	2125	2469	2265	1031	1347	1877
AT5G19020	76	72	72	72	65	138
AT5G19025	158	167	150	121	107	104
AT5G19030	301	307	347	385	372	311
AT5G19040	3	8	7	21	14	14
AT5G19050	423	524	541	784	553	608
AT5G19060	90	141	61	58	87	65
AT5G19070	347	417	459	610	486	607
AT5G19080	155	139	179	221	193	241
AT5G19090	2188	2718	1961	982	1772	1398
AT5G19100	28	31	81	58	99	127
AT5G19110	30	30	134	80	125	596
AT5G19120	495	473	482	655	450	668
AT5G19130	751	746	701	976	767	1238
AT5G19140	9340	8593	8674	24618	13993	19234
AT5G19150	9024	8430	8525	23348	13552	18624
AT5G19151	124	119	145	128	106	120
AT5G19160	26	35	18	50	31	57
AT5G19170	94	104	87	74	88	111
AT5G19180	1325	1424	1366	1481	1303	1667
AT5G19190	1901	2533	1988	1199	1367	856
AT5G19200	134	155	204	236	158	235
AT5G19210	279	317	308	170	213	268
AT5G19220	9091	10555	10083	5961	7902	5868
AT5G19221	4675	5485	5173	3039	4100	3073
AT5G19230	109	62	240	313	204	359
AT5G19240	3914	2971	3425	4827	3858	4230
AT5G19250	2465	2636	2523	2878	2532	2943
AT5G19257	0	3	1	2	0	1
AT5G19260	286	352	315	194	239	175
AT5G19270	0	0	0	0	1	0
AT5G19280	806	821	786	761	731	1094
AT5G19290	2761	3035	2912	2061	3251	1825
AT5G19300	319	374	291	152	198	204
AT5G19310	504	533	431	114	156	336
AT5G19320	755	756	704	491	546	872
AT5G19330	2034	2181	2178	2558	2056	3847
AT5G19340	77	95	110	82	89	96
AT5G19350	1658	1877	1773	1591	1452	1914
AT5G19360	0	0	0	3	2	17
AT5G19370	2360	2884	2968	2529	2743	2329
AT5G19380	315	401	355	348	306	404
AT5G19390	3236	3291	2784	997	1645	1611
AT5G19400	3052	2872	3219	3059	2898	5915
AT5G19410	6	0	3	115	24	147
AT5G19420	494	470	363	255	298	555
AT5G19430	591	704	687	855	722	897
AT5G19440	1269	1361	2273	3028	2034	3626
AT5G19450	1869	1774	1950	1712	1536	2822
AT5G19460	528	539	557	558	497	831
AT5G19470	1	2	12	127	41	58
AT5G19473	0	1	0	1	1	1
AT5G19480	541	564	529	459	381	538
AT5G19485	854	804	847	1092	948	1334
AT5G19490	43	39	42	81	43	114
AT5G19500	1326	1585	1553	1413	1319	1376
AT5G19510	10864	12798	12428	11812	11157	12703
AT5G19520	2	3	4	39	52	55
AT5G19530	834	1230	845	1584	1376	3154
AT5G19540	3073	3431	3662	4170	3983	4654
AT5G19550	2675	2864	3616	4599	3680	5778
AT5G19560	4	1	0	0	0	5
AT5G19570	363	460	389	259	366	313
AT5G19580	189	329	177	252	269	286
AT5G19590	4372	4814	4944	7093	5558	6903
AT5G19600	315	289	291	137	170	239
AT5G19610	1	2	1	0	1	1
AT5G19620	1424	1528	1375	878	1182	1147
AT5G19630	411	479	559	728	561	754
AT5G19640	1	3	1	1	1	5
AT5G19650	29	45	33	44	51	46
AT5G19660	592	680	655	884	741	1330
AT5G19670	240	267	225	152	197	239
AT5G19680	597	667	723	578	592	933
AT5G19690	3196	3091	3148	4170	3623	5386
AT5G19700	1	2	2	2	0	0
AT5G19720	1	3	0	1	1	3
AT5G19729	0	2	0	0	0	3
AT5G19730	1012	1337	1252	613	904	758
AT5G19740	378	519	304	246	281	289
AT5G19750	1504	1615	1478	1733	1428	1974
AT5G19760	15405	17283	18082	16677	18200	18207
AT5G19770	5931	7790	6049	1763	3368	3716
AT5G19780	4821	6312	4744	1825	3321	2933
AT5G19790	4	1	0	8	0	11
AT5G19800	0	0	1	0	0	0
AT5G19810	6	6	12	14	9	17
AT5G19820	6094	5777	5313	3407	3697	4672
AT5G19830	149	196	182	128	136	117
AT5G19840	305	271	249	272	226	410
AT5G19850	2692	2872	3303	2175	2262	2376
AT5G19855	4142	4158	4772	5681	4591	5141
AT5G19860	1981	2098	2304	3469	2714	3370
AT5G19870	24	26	35	24	13	9
AT5G19875	600	560	728	2098	1165	2162
AT5G19880	25	9	8	40	13	24
AT5G19890	0	1	0	6	1	1
AT5G19900	1662	1584	1503	1027	1120	1584
AT5G19910	275	325	295	299	287	333
AT5G19920	334	385	293	116	195	259
AT5G19930	374	342	319	744	537	889
AT5G19940	14352	18279	17734	15727	17905	14148
AT5G19950	448	416	418	448	365	573
AT5G19960	413	431	458	559	406	614
AT5G19970	155	132	150	158	163	139
AT5G19980	939	982	993	1621	1209	1695
AT5G19990	2518	2941	2608	1656	1976	2774
AT5G20000	1736	1762	2104	1793	1438	2357
AT5G20010	8770	10305	10563	10762	9502	11536
AT5G20020	5099	6102	6276	6428	5706	7611
AT5G20030	32	26	23	47	36	83
AT5G20040	850	996	947	466	700	529
AT5G20045	0	0	0	0	1	0
AT5G20050	741	752	874	723	717	528
AT5G20060	1379	1747	1704	1054	1336	1321
AT5G20070	3257	4102	3893	3479	3355	4728
AT5G20080	1862	2117	2200	1773	2054	2350
AT5G20090	1731	2101	2109	2764	2277	2717
AT5G20100	0	2	0	0	0	1
AT5G20110	312	322	324	347	235	375
AT5G20120	409	377	446	632	464	549
AT5G20130	2392	2619	2573	2058	2061	2328
AT5G20140	1841	2290	2231	1452	1573	1592
AT5G20150	190	271	302	693	424	977
AT5G20160	2389	2668	2222	1862	1831	1787
AT5G20165	595	680	632	1076	774	1151
AT5G20170	481	554	492	270	361	566
AT5G20180	922	1080	1282	1388	1273	1314
AT5G20181	0	0	0	2	0	5
AT5G20190	4793	5319	6908	10407	7621	10146
AT5G20200	1125	1259	1173	718	874	1107
AT5G20220	1648	1615	1625	1007	1046	1138
AT5G20225	482	504	504	344	366	362
AT5G20230	3192	842	8165	17541	3511	20017
AT5G20240	179	251	199	53	195	128
AT5G20250	1720	1492	1286	1046	571	905
AT5G20260	2	0	3	4	3	14
AT5G20270	1609	1924	1886	1182	1550	1034
AT5G20280	4685	4816	4880	3767	4135	8796
AT5G20290	27608	33844	30691	19146	23387	21688
AT5G20300	1429	1560	1368	953	995	1554
AT5G20310	0	0	0	3	1	3
AT5G20320	859	832	758	583	645	1260
AT5G20330	0	5	0	0	1	0
AT5G20350	2188	2074	2142	2229	2040	2536
AT5G20360	1292	1259	1224	499	594	916
AT5G20370	0	0	2	7	2	7
AT5G20380	2727	2731	2694	3313	2599	3051
AT5G20400	159	110	156	387	175	477
AT5G20410	213	248	249	289	188	354
AT5G20420	45	56	60	17	17	43
AT5G20430	2	1	3	1	2	0
AT5G20450	220	256	222	136	146	186
AT5G20470	0	0	0	1	0	5
AT5G20480	208	198	267	357	282	417
AT5G20490	5033	4100	3407	1380	1553	3257
AT5G20500	1854	2096	2024	3381	2489	4435
AT5G20510	293	422	369	292	264	397
AT5G20520	1095	1054	1186	1657	1277	2509
AT5G20540	431	502	491	245	348	272
AT5G20550	4	0	8	0	5	11
AT5G20560	0	0	0	2	1	4
AT5G20570	1239	1444	1428	1997	1704	1985
AT5G20580	464	486	498	430	418	499
AT5G20590	1009	1225	995	944	847	1230
AT5G20600	950	1137	975	548	659	889
AT5G20610	1033	963	875	382	502	971
AT5G20620	1750	2251	2168	1878	2056	3338
AT5G20630	10430	10922	7973	1204	5589	2214
AT5G20635	115	172	109	71	140	69
AT5G20640	12	15	10	7	10	11
AT5G20650	1601	1749	1866	2485	2135	2490
AT5G20660	1185	1460	1553	1523	1452	2879
AT5G20670	373	500	475	429	350	310
AT5G20680	655	693	637	562	575	916
AT5G20690	1	0	3	2	4	8
AT5G20700	11210	14473	16614	27422	18844	27290
AT5G20710	41	160	35	30	56	67
AT5G20720	26506	30412	30391	17085	23092	20868
AT5G20730	1629	1528	1614	990	1138	2078
AT5G20740	774	1226	676	380	1059	382
AT5G20790	107	159	118	373	220	351
AT5G20810	17	28	28	14	29	13
AT5G20820	92	110	96	40	91	29
AT5G20830	1295	1218	1949	2715	1431	4464
AT5G20840	2090	1990	1972	1361	1268	2032
AT5G20850	70	111	97	39	78	55
AT5G20860	5	2	6	4	6	9
AT5G20870	65	59	38	35	33	55
AT5G20885	432	446	407	370	418	365
AT5G20890	4142	4904	4239	2895	3669	4669
AT5G20900	2567	2754	3343	5997	3996	6517
AT5G20910	484	465	567	667	519	713
AT5G20920	2950	3231	3120	2905	2689	3151
AT5G20930	434	490	463	273	293	466
AT5G20935	711	835	864	536	659	417
AT5G20940	45	71	67	77	42	92
AT5G20950	2102	2749	2934	3739	3155	4886
AT5G20960	743	264	618	575	274	819
AT5G20970	141	173	134	47	71	101
AT5G20980	719	844	591	398	487	679
AT5G20990	2273	2351	2277	1777	1873	2736
AT5G21005	0	0	0	0	1	0
AT5G21010	488	483	537	604	556	700
AT5G21020	4442	4083	5502	4746	4115	3204
AT5G21030	2	6	18	3	3	13
AT5G21040	923	1021	963	807	960	1130
AT5G21050	16	17	10	18	20	34
AT5G21060	1406	1652	1666	932	1211	1239
AT5G21070	643	748	813	998	817	1053
AT5G21080	0	1	0	3	2	5
AT5G21090	7363	8236	9139	12612	9416	12461
AT5G21100	5744	6221	5674	4994	5067	4578
AT5G21105	2420	2587	2545	3954	2761	4911
AT5G21110	0	0	0	1	0	0
AT5G21120	0	0	1	0	0	0
AT5G21140	95	98	104	46	72	79
AT5G21150	43	64	42	20	41	39
AT5G21160	2277	2310	1995	1322	1499	1696
AT5G21170	776	764	703	1103	801	1110
AT5G21222	3035	2874	2636	1365	1570	2158
AT5G21274	1675	1888	1801	3363	2439	3720
AT5G21280	30	26	62	29	45	41
AT5G21326	3852	4254	4356	3391	3118	4194
AT5G21430	5298	6307	6162	4203	5096	3473
AT5G21482	1181	1214	1241	1583	1192	1507
AT5G21900	150	148	148	257	143	317
AT5G21910	997	1343	1210	815	984	652
AT5G21920	4331	5009	5389	3384	4417	2940
AT5G21930	5279	4918	4685	2592	2965	3059
AT5G21940	1408	1043	1285	1423	907	1319
AT5G21950	254	272	230	184	270	165
AT5G21960	3	9	25	64	49	29
AT5G21970	224	264	234	192	196	230
AT5G21990	1532	1663	1639	1095	1125	1988
AT5G22000	2458	2485	3010	5563	3609	6169
AT5G22010	1126	1115	897	406	585	976
AT5G22020	1236	1379	1349	1231	1296	1877
AT5G22030	1272	1185	1204	675	810	1184
AT5G22040	413	449	396	329	326	442
AT5G22050	760	800	647	436	438	604
AT5G22060	6151	5674	6928	3802	3846	6315
AT5G22070	854	948	1022	1186	1133	1248
AT5G22080	1437	1671	1675	1671	1444	2200
AT5G22090	7086	7930	7990	5956	5891	5620
AT5G22100	526	559	484	380	405	468
AT5G22110	141	172	127	43	86	100
AT5G22120	610	669	652	860	689	999
AT5G22130	255	288	321	281	288	308
AT5G22140	86	96	107	292	195	153
AT5G22150	0	1	2	1	1	2
AT5G22200	3	14	8	7	16	6
AT5G22210	832	998	983	881	823	834
AT5G22220	202	251	211	132	141	208
AT5G22240	16	13	6	14	5	12
AT5G22250	119	117	153	512	314	363
AT5G22260	6	3	0	0	4	8
AT5G22270	154	149	289	755	389	685
AT5G22280	865	936	894	930	828	926
AT5G22290	448	445	452	537	505	834
AT5G22300	952	1072	1054	1908	1124	1726
AT5G22310	67	77	50	32	49	34
AT5G22315	0	0	0	1	2	0
AT5G22320	542	597	485	284	274	443
AT5G22330	995	1131	986	695	741	865
AT5G22340	2557	3075	3110	2132	2549	2807
AT5G22350	743	697	928	1071	816	1159
AT5G22355	0	0	1	0	1	6
AT5G22360	767	748	928	1358	920	1380
AT5G22370	408	473	409	360	375	477
AT5G22380	44	13	13	84	37	68
AT5G22390	1329	1584	1498	2269	1925	1823
AT5G22400	531	671	586	503	580	570
AT5G22420	0	0	0	0	0	1
AT5G22430	872	907	811	353	1191	285
AT5G22440	3033	3806	3518	2100	2614	2556
AT5G22450	1408	1291	1148	521	689	1296
AT5G22460	243	384	348	139	160	97
AT5G22470	1	0	0	0	0	0
AT5G22480	537	548	560	333	377	495
AT5G22490	16	22	7	7	10	4
AT5G22500	338	260	485	300	194	375
AT5G22510	3948	3927	4233	2818	3060	3714
AT5G22520	40	8	15	88	40	75
AT5G22530	17	0	5	84	55	110
AT5G22540	18	6	13	118	33	150
AT5G22545	11	0	4	118	79	163
AT5G22550	3	1	0	12	9	11
AT5G22555	0	0	0	2	0	5
AT5G22560	1	1	1	24	14	54
AT5G22570	74	8	24	438	309	678
AT5G22580	5487	7444	5476	1364	5230	945
AT5G22608	149	147	112	136	111	164
AT5G22610	0	0	0	3	0	2
AT5G22620	2315	2656	2592	1368	1828	2046
AT5G22630	436	439	514	1286	1052	1750
AT5G22640	9068	10241	9256	2891	4130	5357
AT5G22650	5478	7064	6215	3504	4394	4481
AT5G22660	0	0	0	0	3	3
AT5G22670	0	0	0	0	0	1
AT5G22680	0	2	1	4	1	4
AT5G22690	238	240	258	249	191	520
AT5G22700	431	468	392	213	228	453
AT5G22720	272	226	199	166	134	270
AT5G22730	386	391	407	381	331	383
AT5G22740	1806	1830	1645	1815	2199	2433
AT5G22750	170	231	166	56	105	148
AT5G22760	1425	1382	1232	630	688	1586
AT5G22770	2021	1869	1685	1687	1480	2304
AT5G22780	1982	1865	1780	1580	1523	2135
AT5G22788	27	28	46	30	25	22
AT5G22790	254	340	359	321	350	428
AT5G22791	0	1	1	2	0	0
AT5G22794	55	62	49	27	34	42
AT5G22800	6621	6572	6109	2424	3504	3713
AT5G22810	18	15	9	13	7	30
AT5G22820	333	358	301	236	216	434
AT5G22830	2196	2165	2331	2063	1796	2242
AT5G22840	440	553	484	350	384	519
AT5G22850	863	778	813	1321	826	1326
AT5G22860	510	655	712	1332	466	1964
AT5G22870	23	36	28	4	10	7
AT5G22875	389	431	400	354	319	339
AT5G22880	4250	5469	4316	2050	3247	2389
AT5G22890	0	0	0	1	1	1
AT5G22920	242	301	232	133	145	138
AT5G22930	60	54	82	30	39	43
AT5G22940	347	504	333	258	254	340
AT5G22950	759	766	837	672	568	951
AT5G22960	0	1	0	0	0	0
AT5G22980	3	13	2	7	6	0
AT5G23000	12	8	36	13	9	9
AT5G23010	10436	9868	10562	10360	12754	11828
AT5G23020	501	495	486	271	399	441
AT5G23030	0	0	0	0	1	0
AT5G23035	0	0	0	0	0	2
AT5G23040	5053	5699	5759	5512	5397	5264
AT5G23050	414	367	423	510	388	889
AT5G23060	17508	22523	19299	18505	19014	16807
AT5G23065	1	1	1	8	1	1
AT5G23070	757	897	721	539	628	549
AT5G23080	870	907	702	457	646	1500
AT5G23090	240	238	252	355	266	378
AT5G23100	301	341	370	246	283	223
AT5G23110	2273	1348	955	665	615	1625
AT5G23120	13421	14430	16071	11729	14131	9698
AT5G23130	189	193	221	227	171	355
AT5G23140	1178	1313	1435	1461	1336	1576
AT5G23150	1320	1151	957	690	798	1444
AT5G23155	49	42	30	19	19	55
AT5G23160	8	5	13	75	40	68
AT5G23170	44	56	51	52	54	50
AT5G23190	8	15	8	28	12	20
AT5G23200	381	470	420	371	398	517
AT5G23210	807	1163	1057	954	750	964
AT5G23220	0	1	0	0	0	0
AT5G23230	44	55	60	106	68	68
AT5G23240	27	31	103	205	82	387
AT5G23250	1048	1267	1112	1073	1123	1177
AT5G23260	1	3	2	2	3	2
AT5G23270	25	36	34	17	33	41
AT5G23280	1185	1548	1391	1310	1310	1412
AT5G23290	666	824	737	903	744	952
AT5G23300	630	866	676	329	494	448
AT5G23310	1502	1797	1622	714	1256	1085
AT5G23320	64	73	58	88	44	82
AT5G23330	588	613	557	561	486	877
AT5G23340	556	565	729	825	674	1345
AT5G23350	56	120	70	21	42	42
AT5G23360	78	67	74	20	37	23
AT5G23370	37	57	24	15	13	12
AT5G23380	140	168	141	1650	763	2857
AT5G23390	707	638	636	635	562	959
AT5G23395	425	443	389	689	517	861
AT5G23400	243	295	226	60	185	156
AT5G23405	218	274	242	331	270	408
AT5G23410	192	187	201	388	274	419
AT5G23411	0	0	0	0	1	2
AT5G23420	715	915	630	227	409	288
AT5G23430	431	446	382	249	320	481
AT5G23440	938	919	1007	1046	925	1009
AT5G23450	2789	2620	2659	2646	2400	3288
AT5G23460	127	154	179	208	156	200
AT5G23480	199	183	205	43	52	66
AT5G23490	480	450	411	484	419	638
AT5G23510	222	171	205	523	259	627
AT5G23520	558	496	475	470	441	670
AT5G23530	185	253	273	220	325	227
AT5G23535	723	840	784	542	651	632
AT5G23540	2935	3249	3609	3894	3446	5126
AT5G23550	293	383	341	537	417	630
AT5G23570	521	579	484	490	498	768
AT5G23575	341	398	374	686	489	1053
AT5G23580	555	585	647	1013	692	1178
AT5G23590	571	645	688	906	684	911
AT5G23600	28	27	33	25	30	52
AT5G23610	989	1193	1091	1247	985	1663
AT5G23630	2921	2920	2787	1737	1901	3178
AT5G23650	0	0	0	0	0	1
AT5G23660	223	204	163	563	240	670
AT5G23670	1326	1508	1451	1254	1325	2150
AT5G23680	556	495	420	571	479	592
AT5G23690	143	164	146	118	110	206
AT5G23700	3	3	2	4	3	17
AT5G23710	231	278	234	388	272	414
AT5G23720	329	368	313	226	200	490
AT5G23730	2051	1882	1804	1279	1379	1217
AT5G23740	6074	6930	6604	4101	5054	4862
AT5G23750	856	1053	858	643	661	613
AT5G23760	1603	1910	1834	2146	1547	2217
AT5G23770	78	94	82	41	44	52
AT5G23780	24	23	10	9	13	18
AT5G23790	1	0	2	3	5	1
AT5G23800	119	137	105	32	67	63
AT5G23810	132	158	129	140	139	219
AT5G23820	1994	2815	3233	2451	5229	4199
AT5G23830	6	1	2	3	2	16
AT5G23840	0	0	0	1	0	7
AT5G23850	463	405	505	969	522	1111
AT5G23860	2233	2557	1933	913	1538	1520
AT5G23870	284	315	233	209	198	191
AT5G23880	638	696	630	498	459	643
AT5G23890	4214	4532	3983	2010	2370	3819
AT5G23900	4526	5306	5243	4059	4157	4656
AT5G23908	2	0	1	0	4	1
AT5G23910	235	314	249	68	128	136
AT5G23920	3641	4224	4351	2943	2881	2734
AT5G23930	42	57	49	42	46	27
AT5G23940	3282	3019	2844	2039	3178	2275
AT5G23950	14	20	28	95	40	113
AT5G23970	13	23	8	5	34	6
AT5G23980	21	14	27	21	17	12
AT5G23990	0	0	1	0	0	0
AT5G24000	394	415	424	282	358	334
AT5G24010	346	363	359	178	186	261
AT5G24020	1226	1406	1352	924	1166	1025
AT5G24030	626	881	1339	719	610	832
AT5G24050	0	0	0	0	0	1
AT5G24060	749	741	921	633	603	1092
AT5G24070	0	0	2	0	0	0
AT5G24080	14	7	103	144	43	227
AT5G24090	16	18	58	154	57	137
AT5G24100	0	1	1	0	0	2
AT5G24105	252	315	358	162	211	169
AT5G24110	60	6	23	148	47	200
AT5G24120	6242	4646	5892	3716	3670	4370
AT5G24130	0	0	1	0	0	0
AT5G24140	36	42	56	13	15	36
AT5G24150	23058	23144	21690	22291	15784	19516
AT5G24155	544	703	672	766	762	624
AT5G24160	2004	2123	3980	4831	3435	5010
AT5G24165	6889	7840	8597	6814	6863	5940
AT5G24170	285	282	275	375	268	357
AT5G24190	9	10	17	14	14	18
AT5G24200	146	21	71	2099	808	2437
AT5G24205	17	19	20	14	10	59
AT5G24206	9	12	21	21	14	32
AT5G24210	4813	4287	4507	8229	5708	7297
AT5G24220	0	1	0	0	0	0
AT5G24230	19	11	27	28	26	21
AT5G24240	8	20	18	29	18	30
AT5G24250	0	0	0	1	1	0
AT5G24260	841	900	843	921	863	1421
AT5G24270	16	34	22	21	28	20
AT5G24280	175	157	162	89	126	235
AT5G24290	34	34	44	37	35	98
AT5G24300	5241	5925	5632	3918	5251	4850
AT5G24310	157	203	136	72	121	105
AT5G24313	0	0	0	1	0	0
AT5G24314	3410	4476	4591	2858	3560	2799
AT5G24316	1	1	0	1	5	7
AT5G24318	94	138	113	277	165	328
AT5G24320	838	893	958	873	766	923
AT5G24330	57	79	67	20	64	21
AT5G24340	346	317	305	238	274	341
AT5G24350	1349	1088	1019	510	607	1539
AT5G24352	69	135	65	76	59	124
AT5G24355	4	4	1	3	1	10
AT5G24360	652	647	683	418	471	668
AT5G24370	10	9	9	4	9	6
AT5G24380	446	631	240	859	632	1406
AT5G24390	62	67	62	58	66	118
AT5G24400	873	1015	1050	1206	1147	1368
AT5G24420	1317	2010	2930	1753	2097	2105
AT5G24430	660	639	774	990	689	980
AT5G24450	920	880	938	882	763	1138
AT5G24460	1507	1577	1969	2035	1570	1678
AT5G24470	8	7	62	55	12	95
AT5G24480	0	0	0	0	1	5
AT5G24490	4614	5530	5615	2729	3659	3163
AT5G24500	463	475	491	504	451	640
AT5G24510	11	10	9	17	9	25
AT5G24520	1148	1214	1002	1176	1133	1476
AT5G24530	3430	1742	1964	5635	3449	7925
AT5G24540	6	0	0	60	24	31
AT5G24550	0	0	0	2	0	0
AT5G24560	0	1	0	0	0	0
AT5G24570	505	620	614	282	360	368
AT5G24580	471	734	449	164	259	149
AT5G24590	573	534	621	814	620	1031
AT5G24600	11	7	47	23	9	31
AT5G24610	798	747	746	1056	879	1148
AT5G24620	1514	1906	1295	1192	1264	2021
AT5G24630	163	236	158	67	85	124
AT5G24640	11	8	17	126	78	62
AT5G24650	2825	3253	3133	1902	2507	2236
AT5G24655	132	170	159	444	200	474
AT5G24660	2250	3272	3512	3335	2409	3387
AT5G24670	1371	1415	1154	685	746	1311
AT5G24680	145	146	142	260	207	335
AT5G24690	8284	8935	9562	8439	8093	11189
AT5G24710	3194	3021	2531	2221	2505	3908
AT5G24735	1354	1215	1294	1990	1440	1886
AT5G24740	1584	1128	809	481	431	1206
AT5G24750	173	254	174	104	155	149
AT5G24760	844	887	883	570	680	838
AT5G24770	3630	6206	18530	31621	31769	26003
AT5G24780	3073	6781	10062	7017	10589	4971
AT5G24790	6	14	9	5	8	6
AT5G24800	806	1015	726	502	491	855
AT5G24810	4516	3726	3694	2049	2145	3387
AT5G24820	14	24	9	3	6	9
AT5G24825	0	0	0	0	0	2
AT5G24830	285	303	306	233	253	339
AT5G24840	418	508	437	323	340	460
AT5G24850	1198	1190	1245	563	728	534
AT5G24860	13	17	8	32	14	22
AT5G24870	942	911	875	724	636	861
AT5G24879	2	0	0	0	0	0
AT5G24880	21	23	13	46	34	36
AT5G24890	1161	1249	1251	1607	1155	1663
AT5G24900	0	3	0	0	1	0
AT5G24910	19	7	10	44	16	19
AT5G24920	28	25	21	26	27	33
AT5G24930	13053	13265	13029	15282	13976	12106
AT5G24940	0	0	0	13	6	26
AT5G24950	0	2	0	0	0	0
AT5G24960	1	1	1	1	0	2
AT5G24970	324	338	305	192	220	280
AT5G24980	570	479	540	955	615	884
AT5G24990	269	282	233	188	299	278
AT5G25000	1	0	0	1	0	0
AT5G25010	47	36	42	46	54	46
AT5G25020	4	9	5	3	8	14
AT5G25040	886	831	909	1072	922	1207
AT5G25050	303	283	310	285	281	304
AT5G25060	1995	2330	1750	633	899	1717
AT5G25070	761	802	748	406	464	935
AT5G25080	735	786	734	601	634	819
AT5G25090	257	343	383	110	263	146
AT5G25100	4919	5265	5299	4009	4227	4823
AT5G25110	3	6	10	16	15	37
AT5G25120	974	825	992	1818	992	2104
AT5G25130	2016	2012	2580	1573	1392	1505
AT5G25140	1065	1382	1327	1591	1262	1751
AT5G25150	646	677	623	733	664	1014
AT5G25160	42	23	33	6	14	7
AT5G25170	298	439	356	512	403	627
AT5G25180	0	3	4	2	3	2
AT5G25190	298	516	542	232	196	141
AT5G25200	0	0	0	2	0	0
AT5G25210	49	37	44	108	59	125
AT5G25220	3101	3386	3146	3731	3063	3654
AT5G25230	13	12	13	21	13	42
AT5G25240	197	266	329	211	165	162
AT5G25250	599	103	560	1036	567	1233
AT5G25260	243	16	144	744	479	920
AT5G25265	2041	2096	2248	3291	2183	3603
AT5G25270	1846	1965	1719	2071	1835	2751
AT5G25280	3765	4069	4489	5601	4241	5215
AT5G25290	1	0	0	1	1	1
AT5G25310	1	3	3	0	3	7
AT5G25320	0	2	1	1	0	1
AT5G25330	0	0	0	0	0	1
AT5G25340	73	145	142	189	140	191
AT5G25350	1018	1035	1336	2138	1407	2107
AT5G25360	1081	1197	1164	1651	1165	1627
AT5G25370	62	71	46	10	20	15
AT5G25380	15	15	10	3	11	8
AT5G25390	17	45	14	37	40	51
AT5G25400	1	5	1	0	1	0
AT5G25415	0	4	2	0	0	1
AT5G25420	0	0	0	0	1	0
AT5G25440	562	419	509	1218	619	1402
AT5G25450	93	70	146	310	148	299
AT5G25460	5153	6036	5398	1931	3654	2151
AT5G25470	12	20	18	52	36	81
AT5G25475	169	268	179	170	228	226
AT5G25480	135	187	174	109	145	195
AT5G25490	126	178	109	90	100	137
AT5G25500	42	49	54	35	37	58
AT5G25510	1196	1302	1365	1177	1115	1184
AT5G25520	2139	2090	1914	1078	1253	1886
AT5G25530	1	2	2	16	5	30
AT5G25540	758	699	882	1303	842	1317
AT5G25550	2	4	2	1	2	2
AT5G25560	2786	2625	2192	1775	1499	3341
AT5G25570	91	106	122	145	110	133
AT5G25580	112	164	106	70	64	102
AT5G25590	1024	1086	1043	279	528	431
AT5G25600	0	0	0	4	4	9
AT5G25610	22267	23667	31487	33248	30050	25511
AT5G25620	191	268	196	152	188	185
AT5G25630	5726	5665	5171	2532	2746	4210
AT5G25640	5	12	8	13	5	13
AT5G25750	3	3	0	2	3	6
AT5G25752	1015	1056	1114	940	917	871
AT5G25754	2818	3080	3234	1931	2089	2362
AT5G25757	3068	3499	3328	2115	2380	2514
AT5G25760	617	620	648	722	630	687
AT5G25770	301	284	344	461	285	855
AT5G25780	1423	1747	1549	671	1026	1239
AT5G25790	23	19	15	27	29	75
AT5G25800	261	281	272	137	183	183
AT5G25810	30	22	34	4	10	4
AT5G25820	60	37	49	273	118	380
AT5G25830	228	307	287	152	214	85
AT5G25840	568	662	543	622	657	529
AT5G25880	74	99	55	35	76	53
AT5G25890	328	293	316	402	305	424
AT5G25900	668	661	813	639	592	823
AT5G25910	23	10	22	132	70	175
AT5G25920	17	6	9	29	15	83
AT5G25930	256	99	302	696	302	788
AT5G25940	826	952	1126	1230	985	1263
AT5G25950	3	2	1	0	4	0
AT5G25960	1	0	2	0	1	0
AT5G25970	23	9	17	4	4	9
AT5G25980	70074	110748	59962	29957	71833	41818
AT5G25990	38	34	42	79	43	87
AT5G26000	95618	128084	90933	47879	90710	72921
AT5G26010	10	4	13	7	15	27
AT5G26030	1238	1211	1456	2412	1633	2823
AT5G26040	73	68	69	236	125	250
AT5G26060	0	3	0	0	0	0
AT5G26090	0	2	1	0	0	0
AT5G26110	496	577	556	421	437	523
AT5G26120	0	5	1	1	2	3
AT5G26146	1	0	0	0	0	0
AT5G26160	291	299	265	112	116	243
AT5G26170	145	107	92	864	460	1046
AT5G26180	701	755	683	762	634	937
AT5G26190	20	16	13	3	12	9
AT5G26200	182	188	184	180	183	177
AT5G26210	1759	1892	1898	3670	2579	4052
AT5G26220	60	62	60	271	141	374
AT5G26230	164	168	161	140	167	148
AT5G26240	959	978	921	1020	849	1592
AT5G26250	1	3	2	3	1	0
AT5G26260	9	0	71	15	8	34
AT5G26270	3	5	23	23	19	23
AT5G26280	32	31	76	16	22	39
AT5G26290	0	0	1	0	0	1
AT5G26300	1	1	0	2	0	0
AT5G26310	1	0	0	1	2	2
AT5G26320	0	1	1	2	0	3
AT5G26330	360	437	385	279	298	306
AT5G26340	629	160	1222	6540	1915	6988
AT5G26360	3804	3919	3631	2264	2653	3921
AT5G26570	1277	1092	1313	571	726	1661
AT5G26594	0	0	0	0	1	0
AT5G26600	1224	1214	1317	1469	1246	1759
AT5G26610	760	997	748	682	628	1018
AT5G26617	0	0	0	1	0	0
AT5G26620	5	0	5	1	0	1
AT5G26622	356	380	306	286	281	338
AT5G26630	35	45	31	32	53	35
AT5G26660	94	118	57	31	51	26
AT5G26667	2347	2770	2916	2928	2815	2860
AT5G26670	561	800	483	226	502	296
AT5G26673	0	0	1	0	0	0
AT5G26680	265	376	287	144	190	248
AT5G26690	170	40	63	907	505	862
AT5G26692	0	0	1	1	0	1
AT5G26700	21	16	16	39	22	62
AT5G26710	2337	2574	2322	983	1425	1708
AT5G26717	0	0	0	3	0	15
AT5G26720	92	128	113	161	147	130
AT5G26730	171	164	62	21	57	31
AT5G26731	43	43	51	101	66	94
AT5G26740	649	692	744	839	655	979
AT5G26742	28085	27083	27819	19608	20327	24536
AT5G26749	51	68	49	51	48	56
AT5G26751	1391	1290	1521	1628	1180	2118
AT5G26760	1173	1160	1106	759	832	1280
AT5G26770	289	297	293	422	217	487
AT5G26780	1641	1871	1945	1065	1150	1705
AT5G26790	116	164	106	59	98	56
AT5G26800	646	724	725	566	611	769
AT5G26820	4338	4567	4505	3075	3468	2840
AT5G26830	3335	3651	3373	1704	2043	3096
AT5G26840	0	0	0	4	0	2
AT5G26850	1047	1180	925	362	748	797
AT5G26860	1444	1419	1222	736	870	1320
AT5G26880	1377	1534	1836	2047	1539	2682
AT5G26900	0	0	0	1	0	0
AT5G26910	671	675	619	405	412	806
AT5G26920	352	119	276	1647	842	1964
AT5G26930	1	2	1	43	8	66
AT5G26940	442	480	511	641	492	818
AT5G26950	2	2	2	1	3	2
AT5G26960	534	639	633	904	803	799
AT5G26970	3	4	3	3	8	6
AT5G26980	303	372	332	233	235	408
AT5G26990	425	465	466	581	410	736
AT5G27000	76	77	72	14	22	41
AT5G27010	0	0	1	6	1	4
AT5G27020	9	4	6	8	5	18
AT5G27030	1066	1063	984	639	824	1448
AT5G27050	0	1	0	1	1	0
AT5G27060	46	14	32	270	104	537
AT5G27070	0	3	0	1	0	0
AT5G27100	110	105	94	151	118	297
AT5G27110	26	44	43	40	41	73
AT5G27120	1796	2393	1762	504	872	922
AT5G27130	0	1	0	0	0	0
AT5G27140	0	1	2	1	0	0
AT5G27150	3629	2911	4156	5001	3281	4819
AT5G27200	2	0	1	1	5	1
AT5G27210	91	120	108	176	126	167
AT5G27220	13	25	20	2	8	7
AT5G27230	42	27	30	10	14	25
AT5G27240	388	317	270	100	118	231
AT5G27247	13	5	10	3	1	13
AT5G27260	0	0	0	0	0	2
AT5G27270	903	873	781	321	357	620
AT5G27280	238	230	400	861	525	859
AT5G27290	1550	2016	1983	1253	1608	1157
AT5G27300	573	525	427	299	323	341
AT5G27310	0	0	0	1	0	17
AT5G27320	318	272	316	856	508	843
AT5G27330	570	898	581	83	223	223
AT5G27350	2949	2777	3938	5490	2949	5344
AT5G27360	988	1196	1108	636	742	673
AT5G27370	0	0	0	2	0	10
AT5G27380	1259	1396	1786	1751	1353	3030
AT5G27390	1722	2001	1897	1256	1488	1419
AT5G27395	627	707	741	515	512	676
AT5G27400	501	540	534	493	450	555
AT5G27410	1042	1131	1020	830	856	1302
AT5G27420	152	44	217	1134	453	691
AT5G27430	625	691	678	1097	756	1378
AT5G27440	124	100	104	75	71	72
AT5G27450	455	626	548	553	563	666
AT5G27460	303	326	295	270	259	379
AT5G27470	2826	3301	3077	1317	1840	1952
AT5G27490	282	279	282	281	261	357
AT5G27510	0	0	0	1	0	5
AT5G27520	221	171	356	1194	556	1611
AT5G27540	1706	1846	1811	1503	1543	2389
AT5G27550	326	376	323	136	154	252
AT5G27560	2380	2858	2790	1702	2052	1883
AT5G27570	0	1	0	2	0	8
AT5G27580	1	6	2	1	3	1
AT5G27600	847	794	984	1399	1022	2377
AT5G27610	131	126	108	123	96	272
AT5G27620	430	468	444	216	250	307
AT5G27630	94	120	64	63	77	144
AT5G27640	4522	5263	4525	2226	2940	4018
AT5G27650	1124	1207	1026	684	720	1275
AT5G27660	113	183	216	176	195	200
AT5G27670	1480	1786	1620	1275	1337	1133
AT5G27680	123	166	126	66	80	77
AT5G27690	437	559	409	412	290	397
AT5G27700	5234	6100	5640	6398	5554	6703
AT5G27710	355	375	381	420	361	496
AT5G27720	1410	1513	1549	2282	1752	2469
AT5G27730	673	726	648	658	585	758
AT5G27740	650	781	695	313	440	464
AT5G27750	131	115	119	142	114	216
AT5G27760	1414	1421	2103	3981	2154	3751
AT5G27770	6030	6544	6315	5990	5528	6342
AT5G27780	5	4	5	1	3	2
AT5G27807	0	0	0	1	0	0
AT5G27810	2	9	1	1	1	1
AT5G27820	225	312	277	177	242	201
AT5G27830	360	372	385	1058	667	1056
AT5G27840	967	1074	1186	1658	1184	1650
AT5G27850	11344	13494	12516	11801	11568	15290
AT5G27860	762	867	658	1035	721	1232
AT5G27889	29	16	16	8	9	7
AT5G27890	191	153	100	22	69	83
AT5G27910	4	2	1	0	4	3
AT5G27920	106	117	146	348	192	350
AT5G27930	398	389	424	741	513	861
AT5G27940	4	4	7	6	7	9
AT5G27950	1430	1513	1368	893	753	1409
AT5G27970	1455	1253	1033	715	740	1437
AT5G27980	1	3	1	7	5	9
AT5G27990	939	1036	889	748	825	711
AT5G28000	0	0	0	2	1	0
AT5G28010	19	19	26	96	32	107
AT5G28020	1163	1561	1507	1600	1494	1522
AT5G28030	324	474	360	1179	573	1436
AT5G28040	699	795	711	1067	811	1109
AT5G28050	2592	3099	3170	2336	2507	2898
AT5G28060	8315	9501	8786	6441	6572	7027
AT5G28080	4	3	1	1	0	1
AT5G28090	1	0	0	1	0	0
AT5G28150	533	527	652	508	485	481
AT5G28210	0	0	0	0	0	1
AT5G28220	366	443	423	400	373	598
AT5G28235	1	0	4	5	1	38
AT5G28237	62	4	112	376	82	771
AT5G28262	69	55	55	37	32	51
AT5G28290	304	322	326	184	259	466
AT5G28295	1	0	1	0	0	0
AT5G28300	680	980	904	392	410	722
AT5G28310	17	13	10	7	2	22
AT5G28320	409	286	238	120	157	488
AT5G28340	33	47	44	39	51	138
AT5G28350	1293	1250	1216	1086	1025	1656
AT5G28370	196	203	210	110	140	181
AT5G28380	59	69	52	40	32	73
AT5G28390	148	171	107	58	85	197
AT5G28400	547	367	233	124	118	464
AT5G28420	2	2	3	1	1	0
AT5G28442	99	76	79	121	100	100
AT5G28450	59	102	89	123	128	86
AT5G28460	229	283	271	145	245	198
AT5G28470	4	1	5	3	9	3
AT5G28490	416	453	438	200	331	276
AT5G28491	5	1	1	0	1	3
AT5G28500	10425	11157	11311	8185	9513	7977
AT5G28510	0	0	0	0	0	3
AT5G28520	0	1	4	1	1	8
AT5G28530	281	283	263	200	219	305
AT5G28540	12471	12697	11313	7625	9198	18042
AT5G28610	1	2	3	0	0	0
AT5G28630	111	116	154	138	153	78
AT5G28640	437	637	479	367	498	527
AT5G28646	13	15	9	31	4	17
AT5G28650	7	22	15	5	15	6
AT5G28720	0	0	0	1	0	0
AT5G28730	0	0	0	0	0	2
AT5G28740	2135	2269	2151	902	1293	1594
AT5G28750	5160	6160	6283	5054	5482	4740
AT5G28770	1046	1108	855	710	668	633
AT5G28800	0	0	0	1	0	0
AT5G28810	1	0	0	0	0	0
AT5G28830	304	219	377	870	481	858
AT5G28840	11552	11852	12247	10570	9257	12548
AT5G28850	984	1074	1031	1136	1006	1626
AT5G28900	1260	1422	1419	1211	1165	1880
AT5G28910	87	122	99	85	175	244
AT5G28919	1046	1018	921	1439	1146	1768
AT5G28920	1049	1020	923	1443	1149	1789
AT5G28960	0	0	1	0	0	0
AT5G29000	382	365	479	534	318	600
AT5G29560	1	5	2	0	0	0
AT5G30341	0	1	0	0	0	0
AT5G30490	640	765	702	780	641	845
AT5G30495	213	260	244	251	189	324
AT5G30500	0	0	0	4	1	1
AT5G30510	20206	23505	23917	15302	18913	15493
AT5G32440	1583	1547	1758	2963	1959	2773
AT5G32450	2174	2489	2151	1152	1289	1486
AT5G32460	0	1	1	4	3	12
AT5G32470	730	732	806	755	654	930
AT5G33280	1338	1193	1287	1366	1255	1332
AT5G33290	241	258	396	1118	531	1248
AT5G33300	77	128	83	14	37	55
AT5G33320	4836	5687	5101	3745	4623	3857
AT5G33330	0	0	3	3	3	2
AT5G33355	2	0	1	1	0	1
AT5G33370	2199	2279	2014	831	2411	1016
AT5G33399	2	0	0	5	3	8
AT5G34581	1	0	0	0	0	0
AT5G34780	0	1	0	0	0	2
AT5G34830	5	17	4	0	4	16
AT5G34850	6041	6278	6904	7345	6603	9321
AT5G34871	0	0	0	0	1	0
AT5G34930	419	346	513	603	428	567
AT5G34940	359	399	420	213	193	330
AT5G35050	0	0	0	0	0	1
AT5G35080	438	486	444	567	475	792
AT5G35090	2	5	0	3	2	7
AT5G35100	2858	3007	3233	2839	2984	2045
AT5G35110	5	1	2	7	5	14
AT5G35120	0	1	0	0	0	1
AT5G35160	3416	3612	3819	3118	3212	3461
AT5G35170	8672	10077	9092	6726	7454	6881
AT5G35180	2847	2823	2517	1335	1767	2018
AT5G35200	1264	1147	1301	1742	1321	2396
AT5G35210	4089	3437	3017	1367	1637	3099
AT5G35220	4204	4564	4341	2027	2943	2342
AT5G35320	502	461	544	765	483	816
AT5G35330	563	613	642	902	656	979
AT5G35360	5878	6426	6816	4548	5140	6277
AT5G35370	288	257	405	597	387	625
AT5G35375	3	1	3	4	6	4
AT5G35380	1	0	7	1	0	11
AT5G35390	2	0	0	2	0	4
AT5G35400	297	278	237	192	211	283
AT5G35407	6	4	2	23	9	46
AT5G35410	181	211	182	224	155	290
AT5G35430	873	951	941	976	808	1325
AT5G35450	532	429	477	207	224	311
AT5G35460	1663	1599	1952	2784	1891	2557
AT5G35480	1765	2647	2571	3976	2907	2480
AT5G35490	695	1145	1316	1102	971	673
AT5G35510	9	13	13	31	20	28
AT5G35520	302	340	312	325	280	337
AT5G35525	21	8	18	2	12	1
AT5G35530	6987	7983	7441	5951	6366	7843
AT5G35550	2	3	2	0	3	0
AT5G35560	730	760	825	1056	868	1548
AT5G35570	1074	1151	1033	777	818	1250
AT5G35580	18	16	21	48	15	59
AT5G35590	2500	2917	2940	2745	2379	3801
AT5G35600	2	3	1	2	2	2
AT5G35605	1	0	2	2	2	2
AT5G35610	0	1	0	0	0	0
AT5G35620	2821	3452	3211	2744	2769	3123
AT5G35630	97955	112537	122432	57613	89603	69133
AT5G35631	0	0	1	3	0	13
AT5G35640	0	1	0	20	5	47
AT5G35660	0	0	16	10	0	3
AT5G35670	182	265	136	55	59	159
AT5G35680	2636	2900	3036	3387	2568	3250
AT5G35688	1	0	1	9	2	7
AT5G35690	971	960	1092	827	780	1297
AT5G35700	785	823	831	431	531	904
AT5G35730	909	925	1053	1277	963	1546
AT5G35732	79	105	94	76	71	66
AT5G35735	530	265	1025	2751	820	2597
AT5G35740	334	516	525	125	251	132
AT5G35750	1138	1113	966	350	481	723
AT5G35753	287	251	279	285	245	643
AT5G35760	3	6	6	7	12	11
AT5G35770	2	4	0	0	4	0
AT5G35790	4337	4899	4519	2372	2889	2490
AT5G35840	1480	1493	1373	1038	1003	2004
AT5G35870	0	0	1	0	0	0
AT5G35910	1485	1597	1378	778	883	1311
AT5G35917	3	4	1	0	0	1
AT5G35920	0	0	1	5	2	5
AT5G35926	50	46	64	107	66	114
AT5G35930	499	495	418	292	292	472
AT5G35940	0	3	6	1	6	0
AT5G35960	13	23	19	5	10	14
AT5G35970	14992	14383	14851	11028	12556	12814
AT5G35980	2650	2571	2455	2506	2116	3636
AT5G35995	360	436	379	351	328	398
AT5G36000	72	79	73	45	29	130
AT5G36001	146	179	130	106	80	200
AT5G36002	116	146	95	89	65	153
AT5G36100	1	1	1	1	2	0
AT5G36110	0	2	0	2	0	2
AT5G36120	1231	1447	1487	984	1220	1017
AT5G36150	2	8	1	3	0	0
AT5G36160	3987	4950	5888	4782	4091	5242
AT5G36170	2696	3120	2957	1865	2318	2221
AT5G36180	0	2	0	0	0	0
AT5G36190	0	0	0	0	0	1
AT5G36200	0	0	0	0	0	1
AT5G36210	2239	2248	2379	1783	1862	2427
AT5G36220	640	547	986	2431	1232	2703
AT5G36230	3698	4142	4275	4219	3952	5503
AT5G36240	1	0	0	0	0	2
AT5G36250	1120	1212	1275	1218	1150	1183
AT5G36260	12	5	11	6	8	6
AT5G36280	4	0	6	2	2	1
AT5G36290	1422	1534	1534	1799	1489	1872
AT5G36670	84	65	48	22	37	58
AT5G36680	0	0	0	1	0	0
AT5G36700	9337	6781	13102	3201	9228	10605
AT5G36710	127	173	133	42	108	60
AT5G36720	0	0	1	0	0	0
AT5G36740	78	104	52	12	44	43
AT5G36770	0	0	0	1	0	0
AT5G36790	18587	26261	20566	18431	17561	12769
AT5G36800	139	190	139	56	118	58
AT5G36805	0	0	0	2	0	0
AT5G36870	8	8	0	1	1	4
AT5G36880	3266	3433	3450	3968	3259	5998
AT5G36890	489	541	549	376	423	615
AT5G36910	710	575	497	167	353	144
AT5G36920	71	75	65	46	47	20
AT5G36925	24	7	35	97	47	72
AT5G36930	1464	1108	984	938	726	1583
AT5G36940	1055	938	1027	1477	1153	1489
AT5G36950	661	726	814	416	533	510
AT5G36960	4	5	19	8	9	8
AT5G36970	2	0	2	29	6	10
AT5G37000	99	121	72	30	69	62
AT5G37010	236	297	195	84	150	155
AT5G37020	2574	2643	2077	1179	1551	1711
AT5G37030	0	0	0	1	0	1
AT5G37050	0	1	4	3	2	9
AT5G37055	143	168	150	189	151	226
AT5G37070	555	462	551	921	586	788
AT5G37130	1286	1260	1161	713	745	1199
AT5G37140	0	0	0	2	1	0
AT5G37180	101	125	107	20	30	56
AT5G37190	745	829	623	197	262	532
AT5G37210	0	3	3	1	2	0
AT5G37220	0	2	0	0	0	0
AT5G37240	5	9	2	3	2	3
AT5G37250	0	0	0	3	1	3
AT5G37260	158	137	229	424	205	738
AT5G37290	291	322	289	205	243	238
AT5G37300	847	1376	676	287	745	274
AT5G37310	1339	1487	1639	1975	1758	2521
AT5G37320	1	1	1	0	0	0
AT5G37340	232	240	173	146	176	225
AT5G37350	827	1012	885	570	659	930
AT5G37351	0	1	0	2	0	3
AT5G37360	3295	3931	4221	4930	4668	4447
AT5G37370	1700	1785	1583	1689	1371	2607
AT5G37380	680	724	685	342	451	665
AT5G37400	117	101	106	66	79	128
AT5G37410	99	144	127	49	82	80
AT5G37420	0	3	1	1	0	2
AT5G37430	0	0	0	0	2	0
AT5G37440	38	40	42	81	55	85
AT5G37450	10	3	3	3	1	6
AT5G37460	1	1	1	0	1	0
AT5G37470	1	3	1	1	2	2
AT5G37475	1113	1383	1383	1108	1010	1168
AT5G37478	1	4	13	6	3	4
AT5G37480	359	334	330	565	417	544
AT5G37485	13	12	14	8	12	16
AT5G37490	5	4	4	22	23	17
AT5G37500	83	103	80	40	74	104
AT5G37510	6090	6584	6960	4615	5635	7320
AT5G37530	162	193	163	84	141	132
AT5G37540	264	321	413	453	272	449
AT5G37550	194	189	254	195	154	214
AT5G37560	0	0	0	4	3	1
AT5G37570	56	62	49	69	71	116
AT5G37590	197	224	164	153	152	373
AT5G37600	1303	1369	1414	8791	5075	12682
AT5G37610	0	0	0	1	0	3
AT5G37630	250	316	205	99	166	271
AT5G37640	0	0	0	1	0	0
AT5G37650	0	1	0	0	0	0
AT5G37660	187	314	215	135	170	176
AT5G37667	0	0	1	0	0	1
AT5G37670	86	101	145	288	143	301
AT5G37680	668	855	901	689	722	741
AT5G37690	21	3	9	16	14	19
AT5G37710	331	301	292	322	221	380
AT5G37720	1706	1731	1811	2118	1759	2525
AT5G37730	1	0	1	0	0	0
AT5G37740	157	148	227	585	316	656
AT5G37750	16	13	14	19	11	29
AT5G37760	27	19	10	13	8	18
AT5G37770	1508	1582	1718	1343	1414	1167
AT5G37780	1134	1349	1464	4308	2583	5426
AT5G37790	577	564	504	346	455	457
AT5G37800	2	0	3	0	0	1
AT5G37810	0	7	0	0	2	0
AT5G37820	0	0	0	1	0	0
AT5G37830	2400	2484	2386	1335	1602	2966
AT5G37840	2	2	2	12	4	7
AT5G37850	1664	1726	1912	1422	1352	1585
AT5G37860	2	3	2	1	0	4
AT5G37890	247	263	211	234	285	341
AT5G37910	0	0	0	0	1	0
AT5G37920	0	4	0	0	0	2
AT5G37930	412	395	439	472	398	585
AT5G37940	363	2110	81	262	539	25
AT5G37950	98	209	21	104	130	20
AT5G37960	1	6	0	2	5	0
AT5G37970	7	198	0	3	38	0
AT5G37980	21	89	10	10	29	6
AT5G37990	12	2	18	0	0	11
AT5G38000	46	272	53	74	111	52
AT5G38005	22	29	33	40	23	23
AT5G38010	162	358	187	74	130	91
AT5G38020	9	1	9	2	8	40
AT5G38030	13	0	20	6	8	23
AT5G38040	104	100	85	85	86	111
AT5G38050	179	183	144	130	120	143
AT5G38060	349	404	423	255	303	186
AT5G38070	50	70	60	37	42	42
AT5G38080	1	2	1	0	2	1
AT5G38090	0	0	0	0	0	2
AT5G38100	5	6	6	4	8	7
AT5G38110	282	385	330	248	299	337
AT5G38120	213	319	245	372	399	552
AT5G38130	66	71	56	108	96	180
AT5G38140	400	456	288	169	187	354
AT5G38150	1321	1207	872	394	464	981
AT5G38197	0	0	0	0	2	0
AT5G38200	32	21	36	32	27	14
AT5G38210	486	389	378	529	439	810
AT5G38212	326	251	247	283	257	473
AT5G38220	338	358	341	368	357	324
AT5G38240	204	137	233	484	224	537
AT5G38250	42	16	17	144	76	209
AT5G38260	0	0	0	3	5	2
AT5G38270	0	0	0	0	0	2
AT5G38280	44	40	48	70	37	68
AT5G38290	695	759	692	499	623	631
AT5G38300	92	93	94	43	64	45
AT5G38310	4	3	9	32	15	25
AT5G38317	0	1	0	0	0	0
AT5G38320	6	6	5	9	7	5
AT5G38340	29	24	38	19	32	68
AT5G38344	1	0	1	1	0	5
AT5G38350	3	0	1	5	3	11
AT5G38360	407	543	422	293	323	404
AT5G38380	414	458	481	629	493	609
AT5G38386	2	2	2	0	0	2
AT5G38396	4	6	3	6	7	5
AT5G38400	0	0	0	2	1	11
AT5G38410	564505	705623	674988	335073	550650	298373
AT5G38420	258299	343652	312643	123501	222333	89755
AT5G38430	215358	291862	281782	113488	187808	107344
AT5G38450	0	3	1	0	7	0
AT5G38460	364	449	434	291	289	391
AT5G38470	3707	4161	4371	4800	4199	5157
AT5G38480	4920	5978	6235	6489	5757	6717
AT5G38490	0	0	1	0	0	1
AT5G38500	0	0	0	2	0	10
AT5G38510	1950	1899	2070	1753	1658	1631
AT5G38520	5757	6743	6832	5280	6247	3688
AT5G38530	1056	1102	1240	731	960	1423
AT5G38550	4	0	5	0	0	1
AT5G38560	978	1063	883	645	789	1036
AT5G38565	53	45	68	53	32	75
AT5G38570	1	1	0	0	0	0
AT5G38580	1	0	0	2	0	3
AT5G38590	213	223	204	284	193	332
AT5G38600	698	722	633	659	631	959
AT5G38610	154	197	156	172	156	163
AT5G38630	657	686	717	843	720	991
AT5G38640	728	789	794	774	756	1099
AT5G38650	1734	1825	2060	2889	2080	2903
AT5G38660	8199	9511	9842	9867	9284	8402
AT5G38680	0	1	2	0	0	2
AT5G38690	406	436	337	67	96	158
AT5G38700	0	0	1	3	0	0
AT5G38710	209	207	183	388	135	460
AT5G38720	612	772	660	232	252	419
AT5G38730	68	76	57	62	44	66
AT5G38740	3	0	2	0	1	1
AT5G38750	6	4	7	2	5	6
AT5G38760	0	41	2	5	10	0
AT5G38770	15	39	19	16	28	7
AT5G38780	32	38	45	31	43	50
AT5G38800	0	0	0	0	1	0
AT5G38820	3	2	5	3	5	5
AT5G38830	2039	2009	2064	1442	1347	1942
AT5G38840	769	938	693	209	291	621
AT5G38850	388	439	368	204	218	432
AT5G38860	139	163	166	155	121	220
AT5G38880	1014	975	863	302	455	692
AT5G38890	354	434	382	372	350	500
AT5G38895	207	210	234	501	331	523
AT5G38900	265	72	308	1503	526	1182
AT5G38910	0	0	0	2	0	0
AT5G38930	27	3	32	3	16	8
AT5G38940	99	31	98	17	49	53
AT5G38970	16	40	13	1	15	2
AT5G38980	11602	12150	12953	11719	11390	10606
AT5G38990	3687	3071	3115	4738	3864	4713
AT5G39000	9	0	4	14	6	20
AT5G39010	0	1	1	1	0	0
AT5G39020	242	140	173	597	441	701
AT5G39024	0	1	2	0	1	2
AT5G39030	352	328	394	533	427	785
AT5G39040	1156	1227	1129	1051	919	1827
AT5G39050	599	380	1270	2707	1127	2803
AT5G39080	1601	2023	1854	984	1207	1095
AT5G39090	128	106	151	283	152	292
AT5G39100	1	0	0	9	4	7
AT5G39110	5	1	1	0	0	5
AT5G39120	2	1	0	6	3	16
AT5G39130	1	3	0	20	20	26
AT5G39150	0	0	1	3	3	0
AT5G39160	94	74	66	273	167	283
AT5G39170	0	0	0	2	0	0
AT5G39180	0	0	2	4	2	2
AT5G39190	166	152	137	423	290	375
AT5G39200	0	0	1	0	0	1
AT5G39210	865	987	938	676	741	674
AT5G39220	40	90	58	13	42	13
AT5G39230	0	1	1	0	0	0
AT5G39240	5	11	13	1	8	1
AT5G39250	155	151	169	242	173	236
AT5G39260	14	12	8	25	28	29
AT5G39320	1153	1535	1065	490	991	1228
AT5G39330	20	33	17	5	9	16
AT5G39340	537	666	560	603	472	647
AT5G39350	98	77	75	48	69	79
AT5G39360	404	382	417	462	429	459
AT5G39370	0	2	1	4	2	1
AT5G39380	101	117	118	67	65	145
AT5G39390	3	2	0	2	1	2
AT5G39400	0	0	0	1	0	1
AT5G39410	155	193	159	117	148	203
AT5G39420	30	72	19	16	35	12
AT5G39440	0	0	0	1	0	0
AT5G39450	307	237	267	406	284	559
AT5G39460	1	0	2	2	1	4
AT5G39470	0	7	8	1	2	1
AT5G39471	26	35	31	11	13	11
AT5G39480	1	0	1	0	1	1
AT5G39490	1	0	0	0	0	0
AT5G39493	0	9	1	2	3	4
AT5G39500	1212	1227	1079	453	560	1173
AT5G39510	1855	1945	2367	2177	1972	2489
AT5G39520	86	45	127	939	415	1223
AT5G39530	3935	4635	4563	2687	3779	2407
AT5G39550	307	415	266	147	268	195
AT5G39570	14203	15728	16727	15055	15083	18991
AT5G39580	0	6	46	24	6	29
AT5G39590	1659	1626	2415	2600	1933	2691
AT5G39600	449	567	500	558	570	659
AT5G39610	34	29	121	366	93	677
AT5G39630	0	0	0	1	0	1
AT5G39640	0	0	0	0	0	2
AT5G39650	0	3	0	2	0	0
AT5G39660	971	851	795	403	445	630
AT5G39670	229	52	120	973	372	874
AT5G39680	22	24	22	23	20	27
AT5G39710	438	480	475	288	276	412
AT5G39720	3	0	16	44	20	72
AT5G39730	1131	1327	1410	2174	1576	2537
AT5G39740	11894	14691	13034	6427	8721	8853
AT5G39750	0	0	0	1	0	1
AT5G39760	284	365	379	486	425	495
AT5G39770	2	1	1	0	0	0
AT5G39785	190	199	249	273	157	356
AT5G39790	385	540	455	573	563	771
AT5G39800	259	324	276	319	348	423
AT5G39810	0	0	0	1	0	0
AT5G39820	1	2	2	0	1	1
AT5G39830	2390	2687	2787	2273	2573	2058
AT5G39840	386	421	333	202	211	339
AT5G39850	463	490	494	484	405	470
AT5G39860	267	397	284	158	413	132
AT5G39865	25	18	28	12	23	19
AT5G39890	26	18	52	19	17	31
AT5G39900	184	243	248	110	107	200
AT5G39940	525	556	575	496	403	566
AT5G39950	2286	2379	2578	4996	3625	5713
AT5G39960	373	496	386	191	263	316
AT5G39970	16	9	15	15	18	31
AT5G39980	316	317	328	109	197	196
AT5G39990	619	708	697	653	684	800
AT5G40000	2	0	1	18	7	23
AT5G40010	31	3	20	35	2	56
AT5G40020	121	148	130	134	84	142
AT5G40030	25	34	32	18	24	13
AT5G40040	4	8	7	5	3	1
AT5G40060	653	550	518	549	473	978
AT5G40070	0	0	0	6	2	10
AT5G40080	195	261	217	208	231	232
AT5G40090	4	11	11	21	11	25
AT5G40100	16	5	8	15	11	38
AT5G40120	1	0	0	0	0	0
AT5G40140	277	320	318	345	339	332
AT5G40150	376	461	423	223	401	288
AT5G40155	2	0	1	0	0	3
AT5G40160	621	789	936	364	421	523
AT5G40170	780	689	766	1468	959	1673
AT5G40180	0	1	3	5	0	7
AT5G40190	329	366	340	573	388	655
AT5G40200	1233	1366	1279	557	721	794
AT5G40210	135	157	145	167	197	190
AT5G40220	0	1	0	5	3	8
AT5G40230	29	26	24	97	69	118
AT5G40240	202	152	184	809	454	901
AT5G40250	753	758	761	1085	851	1427
AT5G40260	9	6	32	5	13	14
AT5G40270	325	421	418	215	233	278
AT5G40280	448	415	373	492	417	600
AT5G40290	0	0	0	0	0	1
AT5G40300	239	315	267	623	449	633
AT5G40310	0	3	4	4	1	6
AT5G40320	1	0	0	0	0	0
AT5G40330	189	233	142	156	195	211
AT5G40340	2169	2609	1783	448	579	1500
AT5G40348	9	5	25	13	11	32
AT5G40350	2	3	12	7	4	8
AT5G40360	0	1	0	0	0	0
AT5G40370	2426	2495	3023	5478	3483	4993
AT5G40380	1295	1444	1624	811	801	889
AT5G40382	7	6	6	10	13	6
AT5G40384	0	0	0	1	0	6
AT5G40390	1395	1103	1417	1933	1783	1932
AT5G40395	2	4	5	3	4	2
AT5G40400	155	170	185	141	140	166
AT5G40405	40	51	52	46	48	58
AT5G40410	15	23	23	14	9	26
AT5G40430	1	0	0	0	0	0
AT5G40440	375	331	293	214	233	369
AT5G40450	3226	3383	1533	596	348	1551
AT5G40460	64	86	71	68	57	80
AT5G40470	163	207	178	267	157	296
AT5G40480	1626	1413	1006	353	524	939
AT5G40490	1189	1264	1074	951	821	1182
AT5G40500	664	920	824	1072	899	1017
AT5G40510	0	4	2	11	6	22
AT5G40520	437	418	380	180	178	389
AT5G40530	350	388	431	207	236	279
AT5G40540	140	135	207	140	129	124
AT5G40550	79	98	69	111	89	130
AT5G40570	56	76	88	51	55	66
AT5G40580	1404	1504	1645	2307	1757	2633
AT5G40590	2	0	0	0	0	0
AT5G40595	0	0	0	1	0	0
AT5G40600	193	244	226	236	183	214
AT5G40610	800	1018	915	390	667	477
AT5G40620	1	4	0	1	1	2
AT5G40630	48	68	51	17	34	4
AT5G40640	298	335	261	198	226	208
AT5G40645	1	0	0	1	6	3
AT5G40650	775	996	884	1448	1002	1712
AT5G40660	592	744	703	605	558	813
AT5G40670	1101	1124	1263	2497	1655	2570
AT5G40680	0	0	0	10	2	17
AT5G40690	138	92	168	744	332	830
AT5G40700	71	66	56	35	50	72
AT5G40710	232	244	239	285	213	290
AT5G40720	124	119	124	568	347	527
AT5G40730	97	133	178	132	124	140
AT5G40740	422	453	441	556	579	1082
AT5G40760	1144	1265	1465	1593	1089	2149
AT5G40770	2681	2894	2851	3236	2765	3579
AT5G40780	537	124	544	3103	1288	3385
AT5G40790	8	5	16	46	22	40
AT5G40800	22	25	28	139	92	189
AT5G40810	4619	4952	5246	5185	4965	5067
AT5G40820	183	148	92	98	55	228
AT5G40830	882	971	921	582	744	882
AT5G40840	58	79	66	45	46	84
AT5G40847	1	0	0	0	3	0
AT5G40850	2234	2190	2346	2754	3134	4001
AT5G40855	0	0	0	2	1	10
AT5G40860	0	0	2	0	0	1
AT5G40870	738	901	788	742	763	878
AT5G40880	306	259	266	422	297	539
AT5G40890	6326	6352	7107	3201	3279	3787
AT5G40900	0	0	0	1	5	0
AT5G40910	1599	1417	1157	1231	970	2441
AT5G40930	964	1136	1175	1234	1097	1386
AT5G40940	0	6	0	26	8	53
AT5G40950	15397	18370	17967	12508	15353	11895
AT5G40960	131	136	162	199	163	157
AT5G40970	316	313	305	336	330	373
AT5G40980	177	184	154	124	99	121
AT5G40981	1	1	2	7	0	2
AT5G40990	13	5	4	37	12	22
AT5G41000	222	199	198	245	211	284
AT5G41010	877	1013	1081	1021	853	1021
AT5G41020	1248	1548	1223	284	412	759
AT5G41030	2	10	2	3	9	3
AT5G41040	44	28	48	127	69	95
AT5G41050	989	1178	1060	724	816	613
AT5G41060	349	405	350	157	255	260
AT5G41070	270	371	337	111	177	207
AT5G41071	2	5	1	1	4	7
AT5G41080	53	54	52	214	76	237
AT5G41090	2	3	1	5	6	10
AT5G41100	261	292	256	143	152	311
AT5G41110	225	240	248	246	227	412
AT5G41120	205	170	270	348	289	555
AT5G41130	213	194	179	189	196	376
AT5G41140	1444	1584	1156	127	285	425
AT5G41150	428	407	351	276	258	433
AT5G41160	48	39	26	144	90	160
AT5G41170	66	32	34	72	42	76
AT5G41180	234	231	232	170	236	257
AT5G41190	1296	1715	1387	648	943	1023
AT5G41200	0	0	0	2	0	6
AT5G41210	1876	2342	2549	2194	2097	2579
AT5G41220	389	471	418	377	331	551
AT5G41240	352	391	325	274	223	417
AT5G41260	619	611	584	545	403	1070
AT5G41270	149	216	156	159	168	213
AT5G41280	1	0	1	5	3	3
AT5G41290	0	3	1	0	0	0
AT5G41310	2	2	3	0	0	2
AT5G41315	71	81	58	63	85	100
AT5G41320	132	163	145	209	121	281
AT5G41330	455	525	523	660	496	917
AT5G41340	970	970	1071	1065	968	1200
AT5G41350	466	432	489	558	448	856
AT5G41360	585	641	523	236	322	534
AT5G41370	1302	1297	1168	627	611	1239
AT5G41380	5	4	5	1	1	7
AT5G41390	1	0	5	4	3	10
AT5G41400	859	898	1102	1567	1047	1402
AT5G41410	973	941	982	1402	1097	1737
AT5G41420	0	1	1	1	1	1
AT5G41430	1	0	0	0	0	0
AT5G41450	0	2	0	0	0	0
AT5G41460	697	823	735	346	682	379
AT5G41470	24	33	26	14	10	11
AT5G41471	1	3	1	0	2	2
AT5G41480	389	420	395	292	311	409
AT5G41490	1	0	0	0	0	0
AT5G41500	0	3	0	0	0	0
AT5G41520	8858	9902	9700	7475	7221	6970
AT5G41530	0	0	0	1	0	0
AT5G41540	1	0	0	1	1	11
AT5G41550	23	27	11	19	8	53
AT5G41560	285	293	327	408	322	477
AT5G41570	0	0	1	2	0	1
AT5G41580	365	369	378	390	382	544
AT5G41590	2	1	8	16	7	8
AT5G41600	960	1031	1013	1635	1324	1791
AT5G41610	201	209	203	342	261	409
AT5G41612	119	125	129	184	139	194
AT5G41620	207	239	279	140	177	183
AT5G41640	0	0	0	0	2	2
AT5G41650	39	52	33	38	24	62
AT5G41663	32	26	7	73	45	94
AT5G41670	1939	2223	2247	2170	2435	2395
AT5G41675	0	1	0	0	0	0
AT5G41680	199	261	256	287	240	256
AT5G41685	1640	1958	1835	1988	1780	2080
AT5G41690	115	139	100	77	88	183
AT5G41700	7679	7062	8129	11305	9146	9743
AT5G41730	7	1	10	3	1	22
AT5G41740	1166	902	1019	1261	746	2362
AT5G41750	449	178	380	797	334	1431
AT5G41760	597	714	640	737	701	905
AT5G41761	123	167	153	148	105	82
AT5G41765	0	0	1	0	0	2
AT5G41770	1967	2073	2000	1013	1342	1880
AT5G41780	94	115	115	28	47	43
AT5G41790	8476	9386	5490	1197	1651	2566
AT5G41800	220	225	289	314	199	331
AT5G41810	237	278	248	419	380	415
AT5G41820	13	18	19	16	16	24
AT5G41830	7	2	5	10	10	14
AT5G41840	0	0	0	11	1	14
AT5G41850	118	152	154	210	154	233
AT5G41860	89	75	136	248	157	231
AT5G41870	493	622	569	414	466	453
AT5G41880	265	333	258	113	189	200
AT5G41890	8	2	2	2	8	8
AT5G41900	369	393	562	430	553	285
AT5G41905	0	0	6	10	7	17
AT5G41908	1	0	0	3	2	3
AT5G41910	122	133	145	232	157	244
AT5G41920	257	292	313	518	422	582
AT5G41940	907	933	954	810	892	1628
AT5G41950	1751	1795	1877	1765	1822	2467
AT5G41960	321	401	450	604	518	586
AT5G41970	1397	1638	1623	1437	1438	1792
AT5G41980	88	101	103	131	108	131
AT5G41990	1027	1175	1258	2097	1326	2978
AT5G41992	1027	1175	1258	2097	1326	2978
AT5G42000	536	578	569	683	516	818
AT5G42010	109	51	134	146	92	190
AT5G42020	10484	10744	9340	5848	7674	14008
AT5G42030	1924	1879	2417	1734	1721	2162
AT5G42040	39	39	38	61	43	63
AT5G42050	2984	2569	4386	6424	4344	10283
AT5G42053	0	2	0	24	4	36
AT5G42060	425	577	550	605	533	619
AT5G42070	2238	2786	2678	2311	2567	1941
AT5G42080	6138	6795	6714	5905	5969	8216
AT5G42090	3043	3149	3409	4074	3291	4995
AT5G42092	603	543	606	782	667	916
AT5G42100	5080	6343	5566	2784	3468	3688
AT5G42110	989	1357	1234	727	785	718
AT5G42120	3	7	2	27	12	63
AT5G42130	1781	2186	2105	1342	1616	1405
AT5G42140	676	630	590	339	361	614
AT5G42146	231	254	266	271	157	207
AT5G42150	717	778	769	847	670	1205
AT5G42170	0	1	0	0	3	4
AT5G42180	0	36	7	4	6	4
AT5G42190	2447	2937	2825	3367	2854	3518
AT5G42200	70	62	88	93	83	148
AT5G42210	86	106	82	58	55	61
AT5G42220	1984	2194	2029	1528	1787	2616
AT5G42223	2	1	3	5	0	5
AT5G42230	12	21	2	1	5	4
AT5G42235	6	2	10	21	5	11
AT5G42240	1596	1660	1473	1357	1362	1656
AT5G42242	0	0	0	0	2	0
AT5G42250	703	595	427	1278	755	1169
AT5G42270	44978	45789	50519	26352	31614	26421
AT5G42280	105	112	68	46	42	63
AT5G42290	0	1	2	11	0	12
AT5G42300	5380	6173	6918	10748	7453	11211
AT5G42310	2827	3397	3179	1300	1784	1929
AT5G42320	571	687	664	558	544	715
AT5G42325	2	2	1	3	2	5
AT5G42330	45	73	62	35	51	61
AT5G42340	1	1	0	2	1	4
AT5G42350	265	353	349	329	252	495
AT5G42360	458	492	530	583	471	1057
AT5G42370	112	119	144	162	114	247
AT5G42380	135	7	233	516	164	551
AT5G42390	12750	11875	11604	7647	8646	12232
AT5G42400	693	699	569	207	294	648
AT5G42420	196	235	217	660	459	796
AT5G42430	0	0	0	0	0	2
AT5G42440	186	155	180	783	376	638
AT5G42450	24	24	36	17	20	33
AT5G42460	109	91	95	206	100	215
AT5G42470	538	537	554	606	524	750
AT5G42480	1573	1855	1549	905	1401	1429
AT5G42490	4	4	7	25	5	28
AT5G42500	5	4	6	7	4	1
AT5G42510	0	1	0	16	1	2
AT5G42520	823	913	936	1194	975	2076
AT5G42530	74564	69797	57816	76704	59144	80325
AT5G42540	3326	3131	2706	1230	1303	2625
AT5G42560	771	911	872	807	794	1079
AT5G42567	0	0	0	1	0	0
AT5G42570	721	784	864	971	732	1076
AT5G42580	0	0	0	1	0	0
AT5G42590	0	0	0	0	1	1
AT5G42610	3	6	4	10	2	3
AT5G42620	1788	1887	1474	1065	1262	1658
AT5G42630	20	25	27	15	25	20
AT5G42650	8051	9469	16530	34686	25527	31700
AT5G42655	0	0	0	3	0	6
AT5G42660	410	522	505	440	382	609
AT5G42670	548	600	573	289	374	288
AT5G42680	292	422	323	336	270	304
AT5G42690	71	114	65	17	33	33
AT5G42700	35	64	43	11	27	14
AT5G42710	36	48	36	6	5	20
AT5G42720	2088	2801	2523	1277	1672	1574
AT5G42740	3453	4033	4288	2648	2892	3550
AT5G42750	913	964	1100	705	628	685
AT5G42760	4562	4694	5293	1422	1873	1762
AT5G42765	1728	2074	1976	1270	1622	1362
AT5G42770	327	368	375	253	276	278
AT5G42780	124	170	156	87	127	87
AT5G42785	0	0	0	1	0	9
AT5G42790	2723	2846	3030	4195	3216	4558
AT5G42797	0	0	0	2	1	0
AT5G42800	1229	1333	1559	2584	2619	5738
AT5G42810	1046	1055	1107	1416	1056	2219
AT5G42820	1348	1418	1351	4032	2511	5176
AT5G42825	444	381	487	525	393	525
AT5G42830	247	142	200	484	329	486
AT5G42840	28	18	32	14	29	20
AT5G42850	1155	1351	1553	4099	2307	4343
AT5G42860	323	399	376	298	357	407
AT5G42870	895	764	815	1005	801	1315
AT5G42880	123	213	124	18	48	65
AT5G42890	790	1078	1134	2223	1428	2572
AT5G42900	32	5	20	120	66	150
AT5G42910	0	1	0	0	0	0
AT5G42920	765	907	753	377	541	752
AT5G42930	8	6	9	9	8	18
AT5G42940	1149	1192	1168	1072	977	1544
AT5G42950	2979	2758	2196	2757	2417	5181
AT5G42955	0	0	0	2	4	5
AT5G42960	1247	1330	1477	1091	1156	1076
AT5G42965	8	5	4	28	9	26
AT5G42970	1038	1130	1140	962	1006	1427
AT5G42980	24722	31022	32008	42300	31823	43352
AT5G42990	861	1000	960	1093	996	1176
AT5G43010	1364	1507	1597	1292	1254	1728
AT5G43020	540	713	572	242	507	358
AT5G43030	4	4	4	1	1	5
AT5G43040	19	14	12	16	19	25
AT5G43050	360	464	465	447	490	498
AT5G43060	814	887	863	1109	1096	1595
AT5G43066	0	0	0	1	0	1
AT5G43070	348	429	460	236	344	235
AT5G43080	123	150	97	42	69	46
AT5G43090	0	0	0	0	2	1
AT5G43100	1131	1179	1203	2394	1617	2689
AT5G43110	2	0	0	0	3	0
AT5G43120	2	4	8	1	5	2
AT5G43130	2024	2178	1879	1213	1364	2386
AT5G43140	374	463	472	332	338	349
AT5G43150	2364	2343	2996	4244	4016	3037
AT5G43160	120	115	124	109	90	167
AT5G43170	69	77	90	143	87	139
AT5G43175	0	0	0	0	0	1
AT5G43180	164	129	136	114	80	130
AT5G43190	572	505	543	1436	894	1774
AT5G43200	0	2	0	3	2	0
AT5G43210	132	139	130	136	143	183
AT5G43230	1	1	1	3	1	7
AT5G43240	35	33	21	11	8	9
AT5G43245	0	2	0	0	0	0
AT5G43250	88	165	85	51	86	70
AT5G43260	1370	1376	1777	2451	1599	2109
AT5G43270	1559	1863	1468	895	869	1197
AT5G43280	473	641	713	901	631	907
AT5G43285	0	0	1	0	0	0
AT5G43290	6	5	3	1	2	1
AT5G43300	1	2	1	6	2	11
AT5G43310	1374	1670	1336	454	488	1170
AT5G43320	2788	3165	3240	2768	2497	3148
AT5G43330	1040	1253	1329	1324	1353	1719
AT5G43340	15	6	10	5	21	8
AT5G43350	6	0	7	17	7	12
AT5G43360	0	1	0	0	0	0
AT5G43370	0	0	0	0	0	2
AT5G43380	105	115	132	168	84	234
AT5G43390	0	1	0	0	0	0
AT5G43400	460	421	553	435	494	491
AT5G43401	0	0	0	1	0	0
AT5G43403	120	119	137	205	160	200
AT5G43410	5	3	1	9	1	5
AT5G43420	76	53	130	319	198	363
AT5G43430	520	600	689	685	561	709
AT5G43440	147	200	199	741	505	693
AT5G43450	1141	924	1503	1940	1526	2211
AT5G43455	0	1	0	2	18	3
AT5G43460	2435	2437	2584	5729	3944	6661
AT5G43470	4693	3561	3724	3094	3112	5702
AT5G43480	0	1	1	1	1	2
AT5G43490	2	1	1	4	0	1
AT5G43500	390	487	507	286	293	364
AT5G43510	0	0	1	2	1	0
AT5G43530	21	23	13	4	4	15
AT5G43540	0	0	1	0	0	0
AT5G43560	1565	1739	1521	668	879	1703
AT5G43570	4	10	26	35	22	44
AT5G43580	46	109	531	342	194	486
AT5G43590	1	0	0	0	1	0
AT5G43600	918	1037	1057	858	839	1175
AT5G43603	0	1	0	0	0	0
AT5G43610	0	0	5	0	0	0
AT5G43620	126	115	145	166	193	167
AT5G43630	3487	3350	3053	1352	1540	2380
AT5G43640	1	0	0	16	5	25
AT5G43650	8	0	9	55	17	87
AT5G43660	13	12	6	6	6	16
AT5G43670	321	339	341	468	355	565
AT5G43680	248	263	264	363	309	400
AT5G43690	5	4	8	3	6	11
AT5G43695	2	0	0	0	3	1
AT5G43700	1096	1234	1143	716	786	878
AT5G43710	508	558	485	473	466	859
AT5G43720	814	917	940	651	710	658
AT5G43725	248	222	202	218	190	275
AT5G43730	124	99	89	110	97	164
AT5G43740	582	592	499	428	426	627
AT5G43745	1916	2222	2267	999	1329	1580
AT5G43750	5551	6576	6491	4712	5842	3526
AT5G43755	0	0	0	0	0	5
AT5G43760	4283	4712	5021	2713	2930	3154
AT5G43770	0	0	0	31	8	47
AT5G43780	1693	1768	1966	3538	2343	3422
AT5G43790	196	243	209	164	176	241
AT5G43810	973	967	881	469	678	899
AT5G43820	60	57	58	59	56	88
AT5G43822	263	244	273	253	232	324
AT5G43830	3131	3584	3781	4444	4231	4917
AT5G43840	0	2	4	3	0	7
AT5G43850	7561	8166	10112	11464	9381	10092
AT5G43860	118	84	137	397	181	315
AT5G43870	1474	1602	1469	1446	1434	1295
AT5G43880	1144	1215	1224	601	736	677
AT5G43890	5	5	12	1	5	8
AT5G43900	2766	2260	2054	1169	1207	2930
AT5G43910	197	142	175	601	349	780
AT5G43920	918	963	855	490	530	759
AT5G43930	479	462	411	725	545	906
AT5G43935	1	12	13	3	11	17
AT5G43940	8618	10008	10587	9389	9255	11187
AT5G43950	293	303	347	266	302	367
AT5G43960	2352	2611	2520	2070	1986	2438
AT5G43970	2068	2594	2430	2600	2420	2669
AT5G43980	97	102	130	204	114	162
AT5G43990	321	399	295	91	170	196
AT5G44000	1010	1320	1316	1149	1161	1572
AT5G44005	105	107	159	333	236	300
AT5G44010	47	63	50	58	46	79
AT5G44020	8540	10071	9624	3515	4705	3848
AT5G44030	588	814	535	220	323	519
AT5G44040	338	388	301	78	148	164
AT5G44050	991	1118	1708	1426	1257	1296
AT5G44060	441	505	446	410	380	333
AT5G44065	10	6	8	3	11	12
AT5G44070	1483	1328	1412	1825	1637	2461
AT5G44080	614	624	618	446	486	685
AT5G44090	1462	1407	1476	1868	1374	2373
AT5G44100	1711	1904	1977	1168	1169	1880
AT5G44110	498	526	659	312	397	484
AT5G44120	1	6	3	0	3	0
AT5G44130	5818	6556	6559	2592	3376	2221
AT5G44140	4	5	6	6	7	14
AT5G44150	185	228	220	176	168	267
AT5G44160	57	72	56	27	41	40
AT5G44170	250	275	258	333	280	343
AT5G44180	1463	1278	1046	653	818	1944
AT5G44190	5445	6707	6253	8513	7664	6232
AT5G44200	909	1140	1033	960	914	1143
AT5G44210	36	23	41	94	78	107
AT5G44220	0	0	0	1	0	0
AT5G44230	95	128	107	58	76	104
AT5G44240	1576	1479	1491	890	874	1837
AT5G44250	519	545	638	580	513	696
AT5G44260	24	19	13	61	34	26
AT5G44265	6	6	3	0	4	1
AT5G44270	0	1	2	1	0	3
AT5G44280	166	206	174	66	70	181
AT5G44286	2	1	4	0	1	1
AT5G44290	1760	1626	1965	1957	1614	2423
AT5G44300	0	19	0	0	2	0
AT5G44306	3	12	21	11	8	3
AT5G44310	1	1	2	1	0	4
AT5G44316	0	0	0	1	0	2
AT5G44320	1872	2047	1976	2278	1878	2449
AT5G44330	0	3	2	3	1	5
AT5G44340	9464	9681	9838	6636	7877	12296
AT5G44350	12	9	9	22	8	15
AT5G44370	346	369	404	299	299	356
AT5G44380	39	24	178	134	79	142
AT5G44390	277	334	407	252	253	329
AT5G44400	866	861	988	378	511	750
AT5G44410	595	669	721	517	522	525
AT5G44420	768	34460	16954	1252	216	1033
AT5G44430	139	19575	10799	542	43	377
AT5G44440	0	2	1	0	0	0
AT5G44450	706	899	773	672	664	628
AT5G44460	0	0	1	29	20	32
AT5G44480	39	36	61	79	52	97
AT5G44490	206	192	183	113	126	132
AT5G44500	249	322	270	281	255	342
AT5G44510	780	663	516	474	408	792
AT5G44520	1797	1975	2085	1485	1677	1387
AT5G44530	856	952	833	571	712	709
AT5G44540	97	430	52	13	59	49
AT5G44550	94	107	134	50	88	40
AT5G44560	305	375	363	166	237	218
AT5G44562	119	148	142	92	99	100
AT5G44565	176	275	222	306	225	240
AT5G44568	604	379	703	1141	806	877
AT5G44569	62	47	61	211	122	193
AT5G44570	13	11	25	64	28	49
AT5G44572	109	89	295	418	263	460
AT5G44574	13	8	8	144	47	265
AT5G44575	44	50	165	469	186	602
AT5G44578	47	53	54	127	83	196
AT5G44580	3801	3868	4442	7684	5524	7062
AT5G44582	73	95	73	137	90	166
AT5G44585	21	12	9	77	36	113
AT5G44600	428	487	420	327	340	361
AT5G44610	2	3	8	26	21	21
AT5G44620	248	409	221	70	246	93
AT5G44630	19	41	42	1	16	7
AT5G44635	497	551	358	86	185	205
AT5G44640	0	0	0	1	0	0
AT5G44650	4050	4709	4862	2469	3150	3135
AT5G44660	461	605	426	192	237	488
AT5G44670	875	908	940	586	598	694
AT5G44680	1650	1983	1456	863	1078	1012
AT5G44690	1	0	0	0	0	1
AT5G44700	22	26	20	3	20	4
AT5G44710	407	486	447	552	494	596
AT5G44720	2924	2957	3236	3139	3214	3399
AT5G44730	170	180	231	210	205	223
AT5G44740	184	194	174	95	106	169
AT5G44750	1409	1355	1040	391	541	1081
AT5G44760	0	2	0	3	0	2
AT5G44780	334	329	294	61	164	139
AT5G44785	1293	1651	1490	467	766	712
AT5G44790	1764	1576	1821	2374	1811	3259
AT5G44800	2392	2194	1432	524	725	2228
AT5G44820	337	234	225	619	302	609
AT5G44850	0	0	0	5	0	6
AT5G44860	640	696	676	715	650	828
AT5G44870	1280	1115	891	495	491	1153
AT5G44900	1	1	1	0	2	4
AT5G44910	14	10	21	71	49	49
AT5G44920	97	84	67	101	93	112
AT5G44930	454	413	411	395	374	438
AT5G44940	1	0	0	2	0	0
AT5G44950	0	1	0	0	0	0
AT5G44973	5	7	3	6	1	4
AT5G44980	59	43	48	79	59	85
AT5G44990	21	0	9	45	15	50
AT5G45000	79	15	41	124	81	150
AT5G45010	1078	1161	1320	1851	1364	1663
AT5G45020	197	267	203	124	150	202
AT5G45030	1057	1074	1096	1092	1000	1507
AT5G45040	515	614	636	303	447	378
AT5G45050	876	836	709	607	533	1111
AT5G45060	1324	1254	1086	706	667	2031
AT5G45070	9	7	3	7	4	26
AT5G45080	132	179	193	109	159	81
AT5G45090	8	1	3	20	10	12
AT5G45095	5	4	7	13	19	15
AT5G45100	782	700	833	957	772	994
AT5G45110	720	582	738	1344	806	2011
AT5G45113	1	0	0	4	0	2
AT5G45130	1941	1828	2286	3840	2708	3858
AT5G45140	814	823	666	244	314	557
AT5G45150	25	32	13	19	23	27
AT5G45160	772	788	809	618	560	1082
AT5G45170	2398	2469	2460	1534	1678	1708
AT5G45180	0	0	0	5	3	10
AT5G45190	1135	1263	1148	667	859	1115
AT5G45200	1	0	0	1	0	0
AT5G45210	0	1	2	0	1	4
AT5G45220	17	22	9	9	5	12
AT5G45240	13	17	12	21	16	45
AT5G45250	872	673	651	437	488	1444
AT5G45260	636	597	564	384	358	752
AT5G45275	329	399	372	430	409	566
AT5G45280	1003	1278	1316	992	1294	900
AT5G45290	468	477	481	304	357	431
AT5G45300	590	697	607	435	502	538
AT5G45307	0	0	0	0	1	1
AT5G45310	68	73	80	107	54	48
AT5G45320	17	20	12	8	11	13
AT5G45330	222	311	229	115	197	142
AT5G45340	50	72	62	56	38	53
AT5G45350	3901	4898	4464	7402	4490	6686
AT5G45360	912	1057	1084	1130	945	1198
AT5G45370	137	142	147	227	145	235
AT5G45380	1274	711	698	2974	1616	3228
AT5G45390	9174	11138	12071	10104	10763	11864
AT5G45400	241	227	168	117	131	233
AT5G45410	2331	2439	2249	4204	3173	5196
AT5G45420	1314	1609	1625	1535	1405	1628
AT5G45428	9205	9700	8803	11788	9642	16358
AT5G45430	9306	9798	8891	11890	9721	16504
AT5G45440	8	8	20	62	22	111
AT5G45450	0	0	1	0	3	1
AT5G45460	146	136	133	93	117	213
AT5G45469	24	7	5	8	9	9
AT5G45470	1605	1496	1420	874	945	2214
AT5G45472	1158	1046	1048	597	634	1522
AT5G45475	503	472	429	410	411	873
AT5G45480	1476	1234	1250	952	1001	2263
AT5G45490	1308	1426	1667	2033	1752	2661
AT5G45500	1472	1089	1169	2044	1752	3362
AT5G45510	4191	2907	3200	3597	3174	7813
AT5G45520	173	279	149	40	45	97
AT5G45530	127	137	91	29	47	58
AT5G45540	82	109	60	8	31	27
AT5G45550	1277	1371	1401	2337	1390	2286
AT5G45560	234	303	234	148	171	280
AT5G45570	1	0	0	3	3	16
AT5G45573	0	0	0	1	1	7
AT5G45580	11	26	14	16	9	9
AT5G45590	349	502	441	227	307	232
AT5G45600	482	492	498	413	415	472
AT5G45610	205	222	192	142	126	283
AT5G45620	1299	1421	1490	1609	1431	2406
AT5G45630	43	35	68	318	82	445
AT5G45640	0	0	1	0	0	1
AT5G45650	1455	1745	1676	1193	1426	1998
AT5G45660	156	167	173	202	165	222
AT5G45670	1815	2372	1888	579	1684	717
AT5G45680	3606	4191	4451	2741	3160	2476
AT5G45690	0	0	1	3	1	7
AT5G45700	114	146	151	62	137	64
AT5G45710	257	293	275	235	221	375
AT5G45720	111	136	90	42	50	44
AT5G45730	30	54	38	30	44	36
AT5G45740	12	13	15	11	7	24
AT5G45750	277	372	427	540	405	725
AT5G45760	212	238	255	185	168	235
AT5G45770	93	82	80	61	68	71
AT5G45775	5103	6261	5892	4785	4717	5520
AT5G45780	113	138	140	78	116	135
AT5G45790	43	56	55	56	39	64
AT5G45800	1575	1713	1608	3477	2048	3171
AT5G45810	9	5	11	19	4	18
AT5G45820	453	571	363	972	885	1057
AT5G45830	2	1	2	11	2	20
AT5G45840	115	102	87	169	107	162
AT5G45850	122	153	117	34	82	75
AT5G45860	1	8	7	9	12	8
AT5G45875	0	3	0	0	0	0
AT5G45880	0	22	0	0	0	0
AT5G45890	0	485	0	1	1	5
AT5G45900	339	363	395	440	375	747
AT5G45920	101	102	81	170	147	254
AT5G45930	2169	2437	2624	1388	1801	1500
AT5G45940	462	506	495	340	315	344
AT5G45950	2477	2791	2694	1327	1998	1622
AT5G45960	202	249	242	188	366	160
AT5G45970	67	54	54	42	46	51
AT5G45990	45	28	42	48	30	54
AT5G46010	0	0	2	5	1	18
AT5G46013	0	0	0	12	4	14
AT5G46020	3133	3788	3311	3096	2823	3993
AT5G46030	1576	1816	1775	1876	1502	1978
AT5G46040	1	1	2	3	3	25
AT5G46050	35	23	54	411	130	553
AT5G46060	1	2	2	2	3	3
AT5G46070	1825	1861	1344	431	616	1269
AT5G46080	108	76	152	321	171	185
AT5G46090	77	81	63	50	45	109
AT5G46100	83	70	74	53	53	87
AT5G46110	60356	80105	79290	65179	73612	54685
AT5G46115	53	39	65	69	54	38
AT5G46130	22	15	12	28	14	31
AT5G46140	63	84	96	57	47	62
AT5G46150	518	521	524	538	494	794
AT5G46160	682	822	757	671	607	722
AT5G46170	1095	1099	1268	1101	893	907
AT5G46180	997	1044	1209	1544	1078	1956
AT5G46190	820	733	775	637	601	847
AT5G46200	0	0	0	0	0	3
AT5G46210	2798	2935	2693	1596	1830	3209
AT5G46220	221	315	361	146	202	163
AT5G46230	160	120	189	636	336	632
AT5G46240	557	682	516	286	345	577
AT5G46250	4474	3909	4707	7785	5547	9636
AT5G46260	527	400	445	597	373	851
AT5G46270	1078	1032	982	837	723	1352
AT5G46280	682	891	629	197	367	332
AT5G46290	6330	7019	7186	3347	5056	4403
AT5G46295	2	4	10	16	11	14
AT5G46315	0	0	3	1	1	0
AT5G46325	0	0	1	0	0	0
AT5G46330	109	112	120	82	116	112
AT5G46340	740	738	851	813	691	912
AT5G46350	174	128	230	420	201	510
AT5G46360	0	0	1	3	3	3
AT5G46370	2	4	0	1	3	3
AT5G46380	1	4	6	0	0	0
AT5G46390	1711	1872	1812	875	1116	1589
AT5G46400	364	404	331	149	156	418
AT5G46410	681	597	621	627	509	1009
AT5G46417	0	0	0	0	0	6
AT5G46420	4211	4788	4518	2049	2841	4330
AT5G46430	9931	11256	10734	8048	8541	8173
AT5G46440	21	21	32	37	45	35
AT5G46450	1035	884	913	692	538	1282
AT5G46460	43	23	20	13	25	71
AT5G46470	2339	1797	1614	1911	1519	3600
AT5G46490	1477	1159	1255	1335	1048	1709
AT5G46500	186	134	93	211	115	568
AT5G46510	997	895	701	622	602	1703
AT5G46520	328	259	228	521	339	981
AT5G46530	118	160	118	83	100	73
AT5G46540	5	10	5	0	0	1
AT5G46550	597	655	580	361	399	476
AT5G46560	507	510	540	471	392	647
AT5G46570	626	710	740	344	525	513
AT5G46580	5528	5774	5847	2894	3554	3926
AT5G46590	26	25	20	17	18	25
AT5G46600	28	45	25	34	37	35
AT5G46610	0	1	1	2	0	0
AT5G46620	433	485	513	575	490	680
AT5G46630	1938	1922	2021	2068	1835	2687
AT5G46640	108	107	107	158	130	228
AT5G46650	0	0	1	2	1	2
AT5G46660	1	1	0	1	0	0
AT5G46670	0	6	4	3	4	3
AT5G46680	43	45	47	48	35	67
AT5G46690	428	561	450	171	315	201
AT5G46700	346	468	360	172	270	211
AT5G46710	63	90	105	129	130	147
AT5G46720	89	101	95	109	93	101
AT5G46730	3447	3597	3078	3014	1899	3092
AT5G46740	266	365	281	79	147	135
AT5G46750	1447	1526	1476	1691	1355	2205
AT5G46760	2393	2475	2591	3306	2475	3776
AT5G46770	3	7	3	5	8	3
AT5G46780	460	528	601	467	377	565
AT5G46790	1250	1525	1488	1220	1064	1106
AT5G46795	1	5	0	2	2	18
AT5G46800	9226	10967	11477	6797	8085	5940
AT5G46820	0	0	0	0	0	1
AT5G46830	103	150	88	149	214	99
AT5G46840	1048	1301	1129	1078	857	1934
AT5G46845	5	5	4	11	4	38
AT5G46850	136	159	196	259	181	266
AT5G46860	646	592	725	1129	736	1470
AT5G46870	141	180	188	152	135	170
AT5G46871	56	82	82	105	56	79
AT5G46880	265	262	234	70	111	145
AT5G46890	0	1	0	0	0	0
AT5G46900	0	4	0	0	0	0
AT5G46910	272	257	253	148	183	259
AT5G46915	22	32	20	18	25	15
AT5G46920	409	414	388	232	265	364
AT5G46950	0	0	0	0	0	3
AT5G46960	11	0	0	36	23	13
AT5G47000	1	2	1	0	0	2
AT5G47010	3528	3448	3220	2983	3049	4488
AT5G47020	2216	2026	1613	1090	1040	1662
AT5G47030	6914	8353	8575	6913	7924	8585
AT5G47040	7011	7587	7017	2982	4370	4451
AT5G47050	589	618	687	1326	815	1333
AT5G47060	153	183	235	491	340	466
AT5G47070	443	326	480	897	490	1081
AT5G47077	1	0	0	0	1	1
AT5G47080	707	705	664	701	579	861
AT5G47090	460	483	516	851	565	1016
AT5G47100	302	405	382	342	348	388
AT5G47110	8397	9551	10748	7773	8003	7245
AT5G47120	2507	1984	2771	9626	5030	10034
AT5G47130	13	8	13	25	12	14
AT5G47140	619	620	690	832	529	942
AT5G47150	5	0	1	0	1	4
AT5G47160	43	35	39	20	34	27
AT5G47170	4	15	10	8	12	7
AT5G47175	0	0	0	2	1	3
AT5G47180	508	607	718	1042	613	1184
AT5G47190	8294	9012	9442	5963	7800	6969
AT5G47200	2903	3038	3609	5288	3392	6254
AT5G47210	21340	26854	24297	12327	16705	14169
AT5G47220	105	104	212	358	237	547
AT5G47229	0	0	0	0	0	1
AT5G47230	26	34	40	118	78	65
AT5G47240	120	154	187	551	308	724
AT5G47250	257	203	252	272	263	345
AT5G47290	0	0	1	0	1	2
AT5G47300	0	0	1	0	1	0
AT5G47310	1188	1244	1338	1432	1233	1560
AT5G47320	1134	1356	1190	1324	1126	1863
AT5G47330	62	89	167	366	157	370
AT5G47340	0	0	0	1	0	2
AT5G47350	8	9	7	6	5	4
AT5G47360	133	150	134	101	112	114
AT5G47370	657	719	839	535	601	506
AT5G47380	310	396	319	109	183	216
AT5G47390	961	1138	1055	1117	1019	1255
AT5G47400	229	245	263	223	231	339
AT5G47420	459	510	528	824	594	991
AT5G47430	1082	1276	1211	1230	1041	1809
AT5G47435	1735	1902	2380	3230	2429	4387
AT5G47440	116	140	122	157	136	110
AT5G47450	0	0	1	23	11	21
AT5G47455	172	261	230	232	201	295
AT5G47460	24	24	25	21	16	30
AT5G47470	1	6	6	12	0	20
AT5G47480	2590	2715	2103	1363	1547	2978
AT5G47490	779	901	647	383	475	972
AT5G47500	1007	1333	975	189	588	319
AT5G47510	47	48	43	36	40	46
AT5G47520	375	429	450	495	437	579
AT5G47530	2	20	6	6	2	8
AT5G47540	1220	1451	1491	1400	1073	1778
AT5G47550	499	566	615	591	533	463
AT5G47560	8240	8096	9833	15089	9464	12171
AT5G47570	3773	4678	5111	6524	5553	6833
AT5G47580	260	245	262	297	316	531
AT5G47590	100	127	108	159	159	183
AT5G47600	77	152	114	28	135	69
AT5G47610	842	947	875	446	503	529
AT5G47620	2512	2589	2911	2244	2000	2312
AT5G47630	464	602	556	335	420	302
AT5G47635	14	11	12	11	13	15
AT5G47640	2444	2544	2966	2556	2672	1794
AT5G47650	1090	1260	1181	908	855	793
AT5G47660	480	508	528	374	363	354
AT5G47670	4	6	3	8	8	15
AT5G47680	912	1182	1051	497	582	934
AT5G47690	5493	5113	4211	1800	2295	4484
AT5G47700	9141	10971	11199	9507	10337	10287
AT5G47710	449	525	475	612	506	575
AT5G47720	453	532	382	342	363	376
AT5G47730	710	727	749	960	769	963
AT5G47740	9	3	14	55	24	142
AT5G47750	1126	1436	1194	1352	1434	2492
AT5G47760	515	682	643	796	623	1057
AT5G47770	3121	3550	3141	2828	2895	4168
AT5G47780	2290	3010	2809	1359	1745	2153
AT5G47790	475	522	528	902	684	1087
AT5G47800	315	375	319	158	181	285
AT5G47810	260	325	257	387	310	505
AT5G47820	2797	2756	2054	828	1100	1867
AT5G47830	319	326	368	554	369	621
AT5G47840	4679	5706	5576	3811	4492	4331
AT5G47850	23	2	11	47	29	41
AT5G47860	1070	1021	1108	1607	1203	1613
AT5G47870	1958	1973	1984	1236	1343	1044
AT5G47880	1739	1907	2189	2645	1939	3071
AT5G47890	3607	3957	4302	4907	4313	4780
AT5G47900	354	411	360	249	230	223
AT5G47910	3003	3375	3975	4194	3395	5246
AT5G47920	21	35	29	17	22	22
AT5G47928	0	0	0	3	6	3
AT5G47930	5933	7136	6579	4218	4904	4417
AT5G47940	203	243	222	148	175	358
AT5G47950	2	1	1	0	0	1
AT5G47960	8	16	40	58	17	57
AT5G47970	672	752	619	632	566	688
AT5G47980	0	1	1	0	0	0
AT5G47990	2	0	9	0	1	9
AT5G48000	3	0	7	0	0	3
AT5G48010	2	0	4	1	3	14
AT5G48020	1191	1392	1365	1318	1205	1487
AT5G48030	1845	1845	1809	1433	1293	1993
AT5G48040	147	169	153	117	127	163
AT5G48050	17	15	14	3	12	8
AT5G48060	110	110	74	10	23	36
AT5G48070	0	0	0	1	2	1
AT5G48090	12	14	12	6	5	8
AT5G48100	1	0	0	0	1	1
AT5G48110	3	1	0	7	0	4
AT5G48120	851	829	806	472	486	900
AT5G48150	1476	1692	1559	1349	1514	1584
AT5G48160	2788	2476	2818	3996	3100	5392
AT5G48170	34	38	27	28	48	33
AT5G48175	9	15	11	12	8	9
AT5G48180	5534	4429	7475	18550	6893	22441
AT5G48190	0	0	1	2	0	1
AT5G48200	0	0	1	0	0	0
AT5G48205	1	0	0	0	0	0
AT5G48210	30	0	35	23	35	25
AT5G48220	2845	3379	3142	2181	2706	2144
AT5G48230	2079	2298	2179	1645	1903	1968
AT5G48240	577	702	570	303	386	444
AT5G48250	102	116	125	87	104	174
AT5G48270	0	1	0	0	0	0
AT5G48280	0	1	0	0	0	0
AT5G48290	7	4	13	73	30	95
AT5G48300	11684	14329	14216	9544	12244	13486
AT5G48310	145	194	142	12	52	47
AT5G48320	29	28	33	32	26	67
AT5G48330	271	343	352	401	402	522
AT5G48335	578	712	739	896	688	901
AT5G48340	415	430	452	332	328	416
AT5G48350	2	3	3	5	2	4
AT5G48360	1075	1257	910	240	612	396
AT5G48370	254	305	324	376	322	398
AT5G48375	0	0	1	8	5	26
AT5G48380	1310	764	1172	2412	1866	3992
AT5G48385	2660	3153	2851	4098	3254	5358
AT5G48390	8	3	7	59	18	86
AT5G48400	51	14	54	233	102	349
AT5G48410	19	4	91	198	62	251
AT5G48412	565	528	649	1290	942	1293
AT5G48430	5	0	3	19	9	3
AT5G48440	571	575	544	1213	853	1841
AT5G48450	223	266	259	326	260	592
AT5G48460	917	1057	902	281	371	397
AT5G48470	520	528	550	215	321	351
AT5G48480	868	1062	953	739	1065	922
AT5G48485	2723	3211	2934	1172	1904	1233
AT5G48490	1779	2289	1751	620	1342	635
AT5G48500	360	506	435	260	350	287
AT5G48510	0	0	1	0	1	2
AT5G48520	611	579	546	499	542	647
AT5G48530	364	340	371	295	237	433
AT5G48540	958	901	1184	1977	1155	1681
AT5G48543	0	6	0	0	0	0
AT5G48545	1514	1868	1683	1292	1168	1316
AT5G48550	1	3	2	16	4	11
AT5G48560	94	83	78	145	61	151
AT5G48570	1450	1093	1487	815	870	2162
AT5G48575	0	1	0	1	1	4
AT5G48580	1679	2122	2066	2687	2319	2916
AT5G48590	1322	1616	1689	1202	1266	1124
AT5G48600	608	728	393	47	99	155
AT5G48610	460	518	452	144	201	388
AT5G48620	3623	2817	2652	2114	2000	4064
AT5G48630	573	690	688	377	437	482
AT5G48640	426	480	502	326	323	431
AT5G48650	52	77	81	52	62	69
AT5G48655	595	644	763	1319	853	1443
AT5G48657	206	39	141	759	325	923
AT5G48660	198	209	206	163	165	196
AT5G48670	33	29	28	47	31	61
AT5G48680	444	510	508	509	508	723
AT5G48690	45	49	35	9	12	15
AT5G48700	1	3	0	0	0	0
AT5G48710	3	1	2	2	1	0
AT5G48720	235	291	263	221	270	314
AT5G48730	741	811	827	440	544	543
AT5G48740	86	92	63	14	32	66
AT5G48750	0	1	0	1	0	0
AT5G48760	2326	2821	2601	2709	2737	2845
AT5G48770	157	155	109	160	137	385
AT5G48775	89	92	65	98	74	222
AT5G48780	21	23	23	49	29	105
AT5G48790	2840	3518	3503	2318	2541	2284
AT5G48800	310	325	296	161	204	248
AT5G48810	5566	6318	6666	8130	6960	8590
AT5G48820	47	71	53	20	29	33
AT5G48830	1384	1502	1572	892	1037	935
AT5G48835	1	0	0	0	0	0
AT5G48840	485	641	587	595	505	586
AT5G48850	72	114	133	554	248	662
AT5G48860	0	1	0	0	0	0
AT5G48870	751	879	830	1131	860	1146
AT5G48880	2785	3402	2983	2686	3632	3626
AT5G48890	2	0	0	1	0	0
AT5G48900	614	651	652	427	682	466
AT5G48905	0	0	0	0	0	3
AT5G48910	937	1005	931	594	618	727
AT5G48920	255	396	207	50	80	83
AT5G48930	10137	11849	11543	6973	8613	7332
AT5G48940	7	6	10	3	3	5
AT5G48950	9	23	21	9	15	12
AT5G48960	703	758	755	612	736	834
AT5G48970	557	583	602	769	592	766
AT5G48980	1	3	1	9	5	8
AT5G48990	250	339	286	207	234	247
AT5G49000	136	179	159	146	163	186
AT5G49010	146	188	143	121	149	132
AT5G49015	14	10	15	130	47	138
AT5G49020	653	777	726	507	610	772
AT5G49030	6687	6748	6129	1726	3388	2859
AT5G49040	0	0	0	1	0	0
AT5G49060	351	310	336	372	349	465
AT5G49070	9	9	28	24	18	47
AT5G49100	909	952	946	857	994	935
AT5G49110	53	53	37	16	32	57
AT5G49120	52	61	51	49	54	51
AT5G49130	5	7	3	2	4	3
AT5G49138	5	5	4	1	4	3
AT5G49140	0	0	0	0	0	1
AT5G49150	61	39	35	8	28	23
AT5G49152	81	61	54	11	34	32
AT5G49160	1095	1284	837	236	524	551
AT5G49170	79	70	61	33	73	26
AT5G49180	0	2	0	2	0	1
AT5G49190	12	13	14	23	10	22
AT5G49200	3	2	2	7	2	10
AT5G49210	672	809	799	843	660	779
AT5G49215	525	645	537	261	353	268
AT5G49220	780	889	881	809	788	1026
AT5G49230	831	899	949	777	761	744
AT5G49240	0	0	0	0	0	2
AT5G49250	0	1	0	0	0	0
AT5G49260	0	0	0	0	1	0
AT5G49270	2	3	1	1	4	0
AT5G49280	250	297	321	314	246	483
AT5G49290	30	30	35	23	42	42
AT5G49300	101	130	123	127	112	140
AT5G49310	5	9	4	2	4	6
AT5G49320	37	56	46	13	33	14
AT5G49330	235	222	233	73	157	113
AT5G49340	0	0	0	5	0	3
AT5G49350	1	0	7	10	6	14
AT5G49360	4138	3499	2667	3961	1946	3283
AT5G49370	30	18	26	11	11	13
AT5G49380	32	32	25	11	9	14
AT5G49390	74	99	63	28	39	57
AT5G49400	729	782	783	707	647	963
AT5G49410	45	43	46	72	49	55
AT5G49420	0	0	1	1	1	4
AT5G49430	1120	936	727	328	458	844
AT5G49440	3663	3640	3767	4888	3938	5194
AT5G49448	215	142	287	326	177	461
AT5G49450	215	142	287	326	177	461
AT5G49460	2149	2717	2309	1395	2033	1914
AT5G49470	800	757	682	489	474	911
AT5G49480	3709	3803	4591	5989	4753	4666
AT5G49490	0	0	0	0	0	1
AT5G49500	131	202	133	170	146	232
AT5G49510	943	985	1000	1094	1030	1172
AT5G49520	78	60	138	161	73	302
AT5G49525	3	3	10	27	10	31
AT5G49530	597	650	525	280	390	476
AT5G49540	849	923	935	1054	916	1072
AT5G49550	232	262	311	380	336	382
AT5G49555	919	1064	953	1249	1184	1448
AT5G49560	115	157	111	126	124	122
AT5G49570	951	818	855	872	804	1459
AT5G49580	1031	1207	1087	759	788	1184
AT5G49590	1	0	0	0	0	0
AT5G49600	0	0	0	5	0	15
AT5G49610	270	254	286	374	281	367
AT5G49615	17	13	13	2	7	3
AT5G49620	3	3	1	2	0	3
AT5G49630	3133	3887	2405	2398	2201	3195
AT5G49640	503	534	451	1243	726	1547
AT5G49650	1194	1554	1547	1300	1270	1922
AT5G49660	1737	1941	1590	808	1004	1298
AT5G49665	376	468	505	639	462	906
AT5G49680	186	109	98	80	90	214
AT5G49690	5	10	24	73	9	91
AT5G49700	89	96	155	170	69	199
AT5G49710	402	414	478	719	474	784
AT5G49720	12573	12991	13960	10372	11028	12124
AT5G49730	14268	15681	11911	11125	10690	10270
AT5G49740	12262	13890	10378	10593	9738	10266
AT5G49760	3077	2793	2670	3080	2483	4211
AT5G49770	5	3	5	3	3	9
AT5G49780	16	22	4	2	0	7
AT5G49800	129	247	108	93	135	92
AT5G49810	4179	4280	4554	3283	3406	4544
AT5G49820	1431	1537	1608	1072	1219	1226
AT5G49830	1949	1864	1824	1635	1665	2379
AT5G49840	934	857	823	736	701	949
AT5G49850	0	1	2	3	2	11
AT5G49870	0	1	1	1	0	0
AT5G49880	583	591	585	305	391	527
AT5G49890	1486	1389	1542	1888	1508	1971
AT5G49900	223	227	181	222	173	549
AT5G49910	31848	32641	33207	10881	16930	12981
AT5G49920	5	3	7	19	9	59
AT5G49930	936	1050	968	384	458	1028
AT5G49940	3036	3438	3668	3480	3262	3382
AT5G49945	410	538	502	610	458	800
AT5G49950	676	732	737	599	518	902
AT5G49960	284	283	273	154	151	186
AT5G49970	3769	4040	4289	3616	3487	3945
AT5G49980	2195	2183	2269	3296	2531	4086
AT5G49990	415	441	403	477	366	544
AT5G50000	1643	1855	1619	1270	1412	1773
AT5G50010	93	89	68	38	76	60
AT5G50011	93	89	68	38	76	60
AT5G50012	93	89	68	38	76	60
AT5G50020	1186	1137	1104	800	946	996
AT5G50030	1	4	0	7	2	6
AT5G50040	0	2	1	0	0	1
AT5G50060	3	7	1	4	2	0
AT5G50070	0	1	0	0	1	0
AT5G50080	2	0	0	0	0	0
AT5G50090	85	87	104	70	82	98
AT5G50100	2550	2605	3071	2506	2109	2374
AT5G50110	311	386	441	363	330	341
AT5G50115	0	0	0	0	0	1
AT5G50120	29	14	14	2	5	9
AT5G50130	148	131	157	105	85	87
AT5G50140	1	0	0	2	3	0
AT5G50150	584	791	570	340	453	380
AT5G50160	864	1036	848	898	773	1184
AT5G50170	340	346	308	192	190	309
AT5G50175	4	2	3	0	4	1
AT5G50180	754	923	860	697	676	832
AT5G50200	541	320	905	1631	870	1853
AT5G50210	1639	1614	1778	1986	1491	2732
AT5G50220	0	0	0	3	1	0
AT5G50230	657	632	688	571	557	780
AT5G50240	1006	1017	1205	1263	1006	1037
AT5G50250	2524	2846	2921	1915	2091	2106
AT5G50260	14	13	14	81	50	90
AT5G50270	0	2	0	2	2	3
AT5G50280	1008	1031	1012	968	844	1810
AT5G50290	18	28	22	11	12	19
AT5G50300	2	0	1	0	0	0
AT5G50310	1877	1970	1736	490	882	1097
AT5G50320	865	842	838	800	773	1010
AT5G50330	131	133	107	100	73	144
AT5G50335	80	79	132	42	69	55
AT5G50340	573	611	625	715	565	909
AT5G50345	1	0	0	0	0	0
AT5G50350	365	357	394	629	418	702
AT5G50360	8	5	71	156	28	235
AT5G50361	0	0	0	5	4	6
AT5G50370	661	879	902	388	630	602
AT5G50375	410	472	419	399	465	522
AT5G50380	1292	1206	1258	1197	1020	1493
AT5G50390	165	192	161	124	140	170
AT5G50400	690	665	776	619	528	709
AT5G50410	396	436	504	403	331	590
AT5G50420	624	730	767	487	559	635
AT5G50430	567	589	634	931	674	1135
AT5G50440	114	140	136	156	93	170
AT5G50450	76	89	84	98	78	127
AT5G50460	1591	1677	1769	3298	2412	3622
AT5G50470	0	1	0	3	1	0
AT5G50480	0	1	0	0	0	0
AT5G50520	431	356	390	598	456	656
AT5G50530	516	937	820	706	642	1088
AT5G50540	112	99	32	104	52	107
AT5G50550	375	188	397	242	303	433
AT5G50560	5	13	19	43	19	49
AT5G50562	0	2	0	0	0	0
AT5G50565	180	486	452	662	467	838
AT5G50570	378	248	493	534	332	796
AT5G50580	487	544	280	677	621	936
AT5G50590	0	1	3	10	3	26
AT5G50610	2	2	6	0	0	1
AT5G50630	422	482	490	828	611	769
AT5G50640	932	638	825	381	304	336
AT5G50645	48	57	116	11	31	27
AT5G50650	64	337	81	220	109	94
AT5G50660	12	6	30	33	16	31
AT5G50665	365	168	136	166	101	203
AT5G50670	198	446	293	445	377	502
AT5G50680	154	209	406	254	232	399
AT5G50690	2	1	0	10	7	9
AT5G50700	1	0	1	0	0	0
AT5G50710	2	0	1	0	2	1
AT5G50720	96	105	167	250	202	212
AT5G50740	986	1375	1013	206	629	439
AT5G50750	1	11	7	7	4	4
AT5G50760	27	10	58	209	30	252
AT5G50770	4	2	2	2	3	1
AT5G50780	314	296	310	248	200	481
AT5G50790	62	127	39	19	16	17
AT5G50800	267	315	188	417	280	491
AT5G50810	941	1072	982	889	819	931
AT5G50820	79	91	51	30	44	33
AT5G50830	0	2	0	2	0	3
AT5G50840	266	357	337	283	232	431
AT5G50850	4698	5622	5866	5227	5264	5834
AT5G50860	1018	1113	1109	884	880	1200
AT5G50870	1202	1370	1470	1779	1415	1934
AT5G50890	196	267	201	81	137	142
AT5G50900	736	794	737	995	699	986
AT5G50910	0	0	0	0	0	1
AT5G50915	1875	2776	3270	1874	1282	1386
AT5G50920	75645	73418	71051	33148	45084	65700
AT5G50930	44	82	68	39	49	65
AT5G50940	34	53	42	120	71	100
AT5G50950	7052	9721	8252	10280	11403	12641
AT5G50960	1629	1734	1892	1201	1410	1793
AT5G50970	297	333	310	228	208	424
AT5G50990	103	111	114	118	117	211
AT5G50995	0	0	0	1	1	2
AT5G51000	0	0	0	1	0	1
AT5G51010	2115	2544	2510	1984	2139	2286
AT5G51020	3417	3975	4217	2577	2892	2849
AT5G51030	45	64	75	36	72	32
AT5G51040	2090	2086	2463	2754	2273	3082
AT5G51050	292	345	381	568	395	725
AT5G51060	52	35	135	141	46	179
AT5G51070	7096	4662	8629	9358	6207	14607
AT5G51080	134	169	125	121	84	116
AT5G51090	0	0	0	1	0	2
AT5G51100	555	782	739	334	473	439
AT5G51105	0	4	5	0	1	10
AT5G51110	13436	15507	16193	11882	14202	9531
AT5G51120	1433	1634	1618	948	1100	1288
AT5G51130	177	207	189	97	106	164
AT5G51140	962	1124	1109	903	801	1111
AT5G51150	665	799	731	754	600	977
AT5G51160	2	5	17	11	9	21
AT5G51170	150	151	169	220	176	240
AT5G51174	21	15	16	7	16	3
AT5G51180	487	569	521	603	519	674
AT5G51190	34	15	29	72	80	74
AT5G51200	1685	1653	1148	543	702	1094
AT5G51210	14	31	4	5	24	2
AT5G51220	580	577	680	488	473	583
AT5G51230	1043	1070	1107	736	844	1051
AT5G51250	0	0	0	2	0	1
AT5G51260	357	418	444	544	446	543
AT5G51270	3	11	7	2	2	9
AT5G51280	855	952	1019	873	913	1406
AT5G51290	683	649	628	633	502	1107
AT5G51300	1951	1977	1569	1657	1638	2552
AT5G51310	37	44	45	20	38	11
AT5G51330	7	10	5	2	9	3
AT5G51340	679	648	581	557	511	843
AT5G51350	206	226	179	96	136	174
AT5G51360	0	1	0	0	1	1
AT5G51370	175	158	148	160	122	192
AT5G51380	121	157	163	111	131	136
AT5G51390	52	55	80	71	75	82
AT5G51400	1635	1900	1960	2753	2137	3091
AT5G51410	1165	1225	1250	912	978	1232
AT5G51420	0	0	0	22	5	26
AT5G51430	1293	1190	1354	1549	1408	2477
AT5G51440	525	269	763	1257	878	1300
AT5G51450	682	669	680	733	643	971
AT5G51451	32	27	23	14	11	36
AT5G51460	1503	1896	1784	589	842	554
AT5G51470	14	12	13	5	6	9
AT5G51480	8	11	9	5	8	6
AT5G51490	0	0	1	0	0	0
AT5G51510	471	520	523	938	666	1057
AT5G51530	42	37	20	41	12	39
AT5G51540	294	386	298	90	157	185
AT5G51545	1471	1582	1585	1097	1205	1273
AT5G51550	2107	2650	2385	972	1442	986
AT5G51560	859	897	821	360	583	605
AT5G51570	343	299	422	900	571	1133
AT5G51580	19	21	11	509	230	458
AT5G51590	169	178	177	121	182	159
AT5G51600	262	355	251	61	125	179
AT5G51610	4	2	3	1	2	4
AT5G51620	507	592	621	1045	623	1080
AT5G51630	229	206	173	285	223	542
AT5G51640	374	360	432	703	484	1043
AT5G51660	1517	1415	1251	656	833	1241
AT5G51670	152	186	161	205	118	234
AT5G51680	380	403	377	582	419	845
AT5G51690	793	735	731	1073	777	1541
AT5G51700	372	532	471	665	515	713
AT5G51710	278	269	267	547	337	649
AT5G51720	985	1177	759	1795	1196	2628
AT5G51730	504	492	542	422	424	517
AT5G51740	368	302	388	518	424	649
AT5G51750	1723	2221	1809	398	1246	1063
AT5G51760	0	0	5	33	6	32
AT5G51770	678	642	693	1005	643	941
AT5G51780	2	3	3	1	2	5
AT5G51790	21	23	35	29	22	25
AT5G51795	47	71	68	66	58	80
AT5G51800	13	7	8	0	4	4
AT5G51810	3	4	2	1	4	4
AT5G51820	3322	3768	4391	2060	2815	2620
AT5G51830	436	409	561	1967	1095	1824
AT5G51840	457	601	604	336	380	552
AT5G51845	0	0	0	0	2	0
AT5G51850	190	235	158	15	88	54
AT5G51860	0	4	0	1	2	1
AT5G51870	3	7	2	3	2	1
AT5G51880	834	1036	996	1159	1035	1205
AT5G51890	707	967	652	653	573	881
AT5G51910	173	213	159	119	141	98
AT5G51920	26	36	40	16	17	14
AT5G51930	0	0	0	1	0	0
AT5G51940	1067	1158	1107	1050	967	1151
AT5G51950	69	512	29	104	212	52
AT5G51960	603	730	712	666	586	629
AT5G51970	6806	7502	8382	7266	7022	6543
AT5G51980	908	934	943	814	931	961
AT5G51990	0	0	3	2	2	4
AT5G52000	4	5	1	4	1	12
AT5G52010	1292	1319	1340	605	889	713
AT5G52020	10	6	16	15	15	24
AT5G52030	936	1019	905	831	796	755
AT5G52040	3607	3491	3156	2486	2669	3496
AT5G52050	90	68	110	340	151	477
AT5G52060	5016	5743	5858	3592	4436	3940
AT5G52070	330	317	329	563	337	690
AT5G52100	1982	2557	2199	1142	1540	1316
AT5G52110	1048	1311	1189	797	1016	776
AT5G52120	182	180	219	406	269	410
AT5G52160	283	272	108	17	64	53
AT5G52170	4	9	4	20	7	31
AT5G52180	537	538	538	503	531	653
AT5G52190	927	1055	1160	1285	1081	1059
AT5G52200	940	1059	1096	1180	899	1552
AT5G52210	349	406	410	665	470	706
AT5G52220	104	90	100	47	65	43
AT5G52230	289	319	241	66	95	207
AT5G52240	2077	2355	2437	3168	2537	3596
AT5G52250	158	124	109	140	106	126
AT5G52270	7	3	3	4	4	2
AT5G52280	747	924	666	93	160	323
AT5G52290	3	12	7	9	7	26
AT5G52300	2	11	143	75	41	117
AT5G52310	823	781	1332	746	629	1747
AT5G52320	1396	1430	1713	1418	2048	1796
AT5G52330	2	0	7	0	2	2
AT5G52340	22	34	15	1	26	15
AT5G52360	0	10	0	0	3	1
AT5G52370	628	779	800	716	655	839
AT5G52380	329	327	310	135	174	192
AT5G52390	90	63	66	77	184	82
AT5G52400	2	0	1	15	6	17
AT5G52410	417	483	372	149	215	404
AT5G52420	2472	2795	2886	2418	2445	2099
AT5G52430	402	413	473	308	318	466
AT5G52440	3682	4415	4164	2102	2826	2474
AT5G52450	623	547	971	1779	867	1932
AT5G52470	8310	9620	9089	6809	6797	6974
AT5G52480	0	0	0	2	0	10
AT5G52490	0	0	0	0	1	1
AT5G52500	0	0	0	1	0	0
AT5G52510	1096	1091	1225	1910	1510	1526
AT5G52520	2934	3065	3046	1857	2353	3011
AT5G52530	2991	2876	2670	2102	2142	3744
AT5G52540	1618	1848	1764	3381	2701	5387
AT5G52545	92	79	107	126	101	134
AT5G52547	63	60	66	52	75	51
AT5G52550	783	880	849	960	768	1510
AT5G52552	783	880	849	960	768	1510
AT5G52560	1332	1500	1454	922	1058	1128
AT5G52570	2334	2568	2993	1410	1872	1514
AT5G52580	1476	1655	1896	2052	1708	2439
AT5G52600	63	91	56	31	47	31
AT5G52620	0	0	0	0	1	4
AT5G52630	82	100	78	87	58	139
AT5G52640	4075	2614	4743	2230	2055	5063
AT5G52650	6396	8106	7609	5949	6173	6479
AT5G52660	488	473	525	801	552	789
AT5G52680	0	2	0	0	1	2
AT5G52690	0	0	0	0	0	1
AT5G52710	0	0	1	0	1	4
AT5G52720	20	0	2	46	14	33
AT5G52730	5	4	0	6	9	18
AT5G52740	35	10	13	44	41	87
AT5G52750	261	91	184	1797	740	1639
AT5G52760	316	61	123	1812	1009	1801
AT5G52770	2	3	2	11	3	4
AT5G52780	1637	2263	2006	1490	1821	1481
AT5G52790	16	19	13	61	44	160
AT5G52797	0	0	0	5	5	6
AT5G52800	35	22	20	16	32	61
AT5G52810	743	564	739	2278	1347	2299
AT5G52820	1027	1081	1014	884	859	1104
AT5G52830	81	129	106	94	115	108
AT5G52840	4760	5869	5918	4839	5340	5279
AT5G52850	68	64	47	29	31	102
AT5G52860	62	49	74	26	33	34
AT5G52870	300	308	283	350	269	367
AT5G52880	287	296	305	473	352	538
AT5G52882	1481	1316	1195	535	481	1976
AT5G52890	254	277	260	186	205	241
AT5G52900	522	649	670	553	431	355
AT5G52910	185	226	172	42	80	130
AT5G52920	5141	4980	4566	1771	2938	2717
AT5G52930	31	36	28	49	51	45
AT5G52940	18	13	10	34	23	51
AT5G52950	145	208	144	59	116	118
AT5G52960	1564	1814	1775	1172	1373	1279
AT5G52965	0	0	1	0	2	3
AT5G52970	2989	3816	3772	2190	2976	2012
AT5G52975	0	0	2	1	0	5
AT5G52980	196	206	221	245	186	238
AT5G52990	56	62	89	128	95	151
AT5G53000	849	1043	991	581	667	944
AT5G53010	417	368	345	259	213	533
AT5G53020	559	623	568	141	204	354
AT5G53030	118	186	176	250	172	216
AT5G53040	0	1	0	2	0	8
AT5G53045	363	416	444	495	393	447
AT5G53048	989	1117	1083	810	908	1115
AT5G53050	1927	1935	1991	1534	1777	2141
AT5G53060	990	1033	989	625	785	876
AT5G53070	485	575	544	335	417	443
AT5G53080	284	241	246	228	189	316
AT5G53090	104	142	120	88	108	175
AT5G53100	1	3	4	4	2	9
AT5G53110	23	23	51	267	106	233
AT5G53120	3230	3463	4031	6113	4143	7006
AT5G53130	1723	1700	1802	1889	1649	2311
AT5G53140	6305	7128	7300	6417	6008	6892
AT5G53144	23	11	8	4	5	14
AT5G53150	678	754	669	262	345	665
AT5G53160	1744	1559	1913	2397	1767	2363
AT5G53170	7202	7387	7129	4295	5068	6013
AT5G53180	1335	1405	1448	1264	1094	1608
AT5G53190	18	56	10	7	13	20
AT5G53200	545	660	492	505	571	424
AT5G53205	0	2	0	0	0	0
AT5G53210	200	228	221	42	108	78
AT5G53220	233	201	191	190	144	371
AT5G53230	1	2	4	0	3	5
AT5G53240	0	1	0	1	0	2
AT5G53250	23	15	9	7	4	3
AT5G53260	0	4	1	0	0	0
AT5G53280	1073	1148	1199	745	726	816
AT5G53290	28	35	34	48	40	51
AT5G53300	12853	13125	13708	20496	15220	20969
AT5G53310	878	913	944	1501	1002	1629
AT5G53320	5	13	25	12	5	26
AT5G53330	846	881	1062	1717	1146	1701
AT5G53340	553	697	657	423	492	616
AT5G53350	4757	4631	5129	5827	5168	5710
AT5G53360	167	169	171	458	256	681
AT5G53370	9646	9930	10484	8816	8080	9288
AT5G53380	2	0	0	0	0	2
AT5G53390	24	46	26	12	23	13
AT5G53400	1691	1792	2002	1219	1199	1849
AT5G53420	683	884	969	1755	1299	2039
AT5G53430	572	600	501	196	273	420
AT5G53440	1942	2089	1625	593	789	1232
AT5G53450	8930	8438	9556	4174	6600	4485
AT5G53451	0	0	0	0	0	2
AT5G53460	7538	6514	4734	2845	3446	8242
AT5G53470	616	646	722	596	612	646
AT5G53480	4872	4541	4680	3956	3896	5082
AT5G53486	651	874	877	424	441	458
AT5G53490	3293	3806	3812	2648	3124	2436
AT5G53500	1102	964	1031	607	703	804
AT5G53510	2	2	3	2	4	5
AT5G53520	0	0	0	4	3	15
AT5G53530	716	751	774	1209	819	1240
AT5G53540	1220	1469	1474	1147	1051	1699
AT5G53550	674	586	495	1978	906	2599
AT5G53560	4069	4628	5053	7155	5133	7319
AT5G53570	839	801	935	939	847	1124
AT5G53580	2797	3186	3371	2219	2500	2393
AT5G53588	325	407	392	472	327	482
AT5G53590	325	407	392	472	327	482
AT5G53592	47	49	28	20	33	21
AT5G53600	0	0	2	1	1	0
AT5G53620	1739	2176	1736	759	1046	1479
AT5G53635	0	0	0	0	2	0
AT5G53640	4	0	0	1	0	0
AT5G53650	877	1081	1018	1509	1097	1536
AT5G53660	25	34	36	9	34	15
AT5G53680	0	2	0	1	0	1
AT5G53700	3	6	0	9	7	9
AT5G53710	17	5	28	181	72	191
AT5G53720	0	0	0	2	0	1
AT5G53730	97	118	107	184	128	144
AT5G53740	57	60	72	55	50	37
AT5G53742	0	0	0	2	1	0
AT5G53750	303	357	435	382	350	505
AT5G53760	713	716	889	377	536	673
AT5G53770	484	499	504	356	380	470
AT5G53780	0	1	0	0	0	0
AT5G53800	736	963	895	454	496	763
AT5G53810	44	80	80	143	99	245
AT5G53820	31	60	50	94	41	87
AT5G53830	108	143	176	129	146	192
AT5G53840	0	0	0	1	0	3
AT5G53850	3039	3227	3368	2097	2466	2974
AT5G53860	3609	4263	4126	1573	2512	2252
AT5G53870	235	210	363	1254	646	1912
AT5G53880	4013	5521	5407	1978	2307	2150
AT5G53890	562	494	513	390	433	542
AT5G53895	20	14	22	10	9	10
AT5G53900	780	881	836	624	672	723
AT5G53902	68	64	91	103	82	80
AT5G53905	68	64	91	103	82	80
AT5G53920	58	69	103	89	80	117
AT5G53930	459	473	451	235	220	498
AT5G53940	997	1035	1050	1321	1115	1294
AT5G53950	32	26	30	14	19	24
AT5G53960	0	0	2	0	0	0
AT5G53970	2407	2075	2837	3380	2290	3101
AT5G53980	2	6	9	6	4	4
AT5G53990	0	0	0	3	1	2
AT5G54000	0	0	0	0	0	2
AT5G54010	13	1	6	5	10	4
AT5G54020	4	2	6	5	4	5
AT5G54030	0	0	0	1	1	0
AT5G54040	0	0	1	11	5	13
AT5G54050	0	0	0	51	12	55
AT5G54060	327	401	443	922	1006	1642
AT5G54062	0	0	0	1	0	2
AT5G54067	1	5	12	11	4	20
AT5G54070	89	107	105	125	108	120
AT5G54075	88	107	104	123	108	117
AT5G54080	585	546	830	1472	924	1610
AT5G54090	481	528	469	306	269	551
AT5G54095	5	4	6	28	9	22
AT5G54100	604	592	593	663	570	1050
AT5G54110	1812	1880	2026	1909	1684	2096
AT5G54130	3843	4173	4398	2979	2986	2701
AT5G54140	114	113	121	388	203	498
AT5G54145	205	229	251	322	270	283
AT5G54148	25	23	17	20	22	21
AT5G54150	0	0	0	0	1	0
AT5G54160	5566	6145	8477	4229	4128	5357
AT5G54165	56	13	102	303	124	472
AT5G54170	1945	1861	2797	3866	1871	5002
AT5G54180	998	1052	1108	552	799	617
AT5G54190	13	48	55	18	29	24
AT5G54200	423	442	414	206	283	316
AT5G54225	0	0	1	0	0	0
AT5G54230	0	5	9	29	17	34
AT5G54240	45	44	36	71	30	128
AT5G54250	1969	2055	2262	2326	1805	2628
AT5G54260	218	285	223	121	197	179
AT5G54270	151949	212926	187544	183600	215360	140113
AT5G54280	995	825	811	291	349	648
AT5G54290	2822	3037	3478	2746	3141	2745
AT5G54300	913	869	1277	2922	1545	2984
AT5G54310	1842	2276	2114	3528	2656	6096
AT5G54320	1	0	0	0	0	0
AT5G54330	0	0	0	1	1	0
AT5G54360	0	2	0	0	0	0
AT5G54370	4	2	3	6	2	5
AT5G54380	2221	2585	2586	1074	1064	1168
AT5G54390	4550	4790	6322	7837	5745	11672
AT5G54400	24	18	33	32	28	25
AT5G54430	2087	2065	2167	3178	2376	3540
AT5G54440	1793	1842	1716	808	1154	1811
AT5G54450	0	1	2	3	17	14
AT5G54470	364	335	345	472	442	560
AT5G54490	35	23	45	97	64	81
AT5G54500	1741	1814	2428	3783	2217	3349
AT5G54510	1463	1109	1967	1144	652	2545
AT5G54520	129	135	147	180	169	246
AT5G54530	198	260	201	131	254	96
AT5G54540	3286	3524	3584	3759	3241	3339
AT5G54550	3	0	1	19	5	36
AT5G54560	0	0	0	0	1	1
AT5G54569	138	162	107	117	137	267
AT5G54570	84	100	64	61	64	139
AT5G54580	1166	1525	1500	1277	1385	1264
AT5G54585	1075	863	795	752	913	408
AT5G54590	555	664	592	394	442	457
AT5G54600	13161	17692	18588	13938	16215	13709
AT5G54610	3991	1979	2420	6239	3686	6650
AT5G54620	1	0	8	9	3	9
AT5G54630	1365	1503	1322	948	946	1005
AT5G54640	1332	1621	1577	1946	1650	1750
AT5G54650	245	232	235	162	196	368
AT5G54660	853	1037	956	1029	795	835
AT5G54670	436	488	353	72	173	177
AT5G54680	3874	4436	4910	5976	5272	5773
AT5G54690	95	133	116	83	74	117
AT5G54700	3	1	2	21	11	22
AT5G54710	896	645	809	341	428	604
AT5G54720	334	221	267	167	181	202
AT5G54730	757	683	775	915	567	1313
AT5G54740	2	1	18	0	1	0
AT5G54750	773	1036	938	1352	1020	1305
AT5G54760	3559	3732	4159	4026	3446	3691
AT5G54770	100488	119154	131768	136656	138241	174090
AT5G54780	336	315	315	397	273	509
AT5G54800	1069	1172	1291	1428	1414	1400
AT5G54810	3106	3110	4033	11421	5866	15142
AT5G54830	720	793	743	736	640	894
AT5G54840	232	221	285	658	340	721
AT5G54850	94	96	74	70	70	130
AT5G54855	718	777	803	857	888	955
AT5G54860	461	298	396	809	533	1132
AT5G54865	0	0	0	1	0	0
AT5G54870	1606	1700	1736	1712	1305	2377
AT5G54880	140	173	182	120	136	147
AT5G54890	178	188	243	214	230	268
AT5G54900	2356	2449	2398	2186	2209	2797
AT5G54910	617	788	627	161	246	388
AT5G54920	369	379	403	286	296	416
AT5G54930	322	319	350	264	227	442
AT5G54940	7094	7384	8269	10409	6616	10662
AT5G54950	0	0	1	1	2	3
AT5G54960	490	412	715	1446	711	1646
AT5G54970	341	544	414	215	321	236
AT5G54980	390	477	460	495	427	497
AT5G54990	1	1	0	0	1	0
AT5G55000	417	422	440	681	504	669
AT5G55010	14	31	20	14	12	14
AT5G55020	1	0	0	6	3	5
AT5G55040	1882	2102	1581	569	754	1600
AT5G55050	467	492	529	737	407	883
AT5G55060	560	614	488	588	459	824
AT5G55070	3428	4010	4105	3974	3424	4359
AT5G55080	0	0	0	1	0	0
AT5G55090	12	18	14	31	17	35
AT5G55100	1143	1151	974	829	683	2055
AT5G55110	0	0	2	0	0	0
AT5G55120	1507	1589	1634	1659	1517	2284
AT5G55125	358	480	432	328	310	375
AT5G55130	982	915	987	1185	996	1426
AT5G55131	0	0	0	1	1	2
AT5G55135	0	0	1	0	0	0
AT5G55140	747	884	879	831	813	891
AT5G55150	4	0	46	23	25	32
AT5G55160	2277	2582	2591	3430	3030	3293
AT5G55170	68	38	39	214	126	257
AT5G55180	990	1426	1557	1407	1120	1689
AT5G55190	4054	4795	4785	5236	4726	5937
AT5G55200	532	615	711	661	563	817
AT5G55210	921	1059	1020	1101	1001	1205
AT5G55220	6082	6149	6094	1613	2905	2955
AT5G55230	1907	2268	1788	694	1138	1817
AT5G55240	0	0	0	11	2	12
AT5G55250	132	182	137	91	130	39
AT5G55260	586	651	704	682	670	702
AT5G55270	1	2	6	6	5	10
AT5G55280	2211	2616	2465	1383	1894	1629
AT5G55290	690	861	889	993	878	947
AT5G55300	2297	2336	1812	636	944	1766
AT5G55310	1600	1661	1540	624	724	1432
AT5G55320	0	3	0	0	4	1
AT5G55330	7	15	18	2	12	3
AT5G55340	39	81	58	26	60	23
AT5G55350	0	0	0	1	0	1
AT5G55360	0	0	0	1	0	0
AT5G55370	2	3	0	3	2	2
AT5G55380	497	516	545	214	320	243
AT5G55390	1226	1238	967	675	703	1343
AT5G55400	463	516	564	243	305	522
AT5G55410	0	2	0	28	45	42
AT5G55430	2	0	3	1	0	3
AT5G55440	1	3	1	0	5	8
AT5G55450	984	859	546	3023	2386	4429
AT5G55460	123	44	78	502	258	483
AT5G55470	94	102	90	46	69	68
AT5G55480	1397	1505	1203	492	906	840
AT5G55490	87	92	66	139	96	173
AT5G55500	891	887	922	1208	934	1392
AT5G55505	0	0	0	0	0	1
AT5G55507	1	1	6	3	4	2
AT5G55508	0	0	0	0	0	1
AT5G55510	606	734	745	346	523	487
AT5G55520	204	254	230	40	88	85
AT5G55530	959	1122	1364	1764	1390	2047
AT5G55540	807	878	681	338	483	1089
AT5G55550	413	445	435	566	423	701
AT5G55560	51	66	73	224	118	211
AT5G55570	429	477	470	280	414	181
AT5G55580	959	976	981	477	572	693
AT5G55590	11	19	4	4	13	26
AT5G55600	1164	992	952	806	755	1356
AT5G55610	1148	1254	1454	1114	1049	1270
AT5G55620	2659	2466	2459	1689	2197	1532
AT5G55630	1061	1154	1173	797	853	880
AT5G55640	391	483	491	331	331	355
AT5G55650	2	8	2	3	5	2
AT5G55660	3656	4696	3019	706	1063	2256
AT5G55670	1455	1462	1059	783	949	1229
AT5G55680	16	45	24	9	33	13
AT5G55690	0	2	1	0	1	0
AT5G55700	452	479	549	828	694	900
AT5G55710	1797	2337	2317	1622	2046	1401
AT5G55720	135	164	141	46	127	67
AT5G55730	2523	2934	2460	1245	2236	1426
AT5G55740	1459	1356	1405	595	661	728
AT5G55750	2	3	3	3	4	2
AT5G55760	228	243	251	158	163	279
AT5G55780	2	1	0	0	1	5
AT5G55790	492	535	519	391	391	421
AT5G55800	1	0	0	0	0	0
AT5G55810	73	99	115	128	101	142
AT5G55820	294	399	203	28	73	139
AT5G55830	44	62	69	8	39	29
AT5G55835	1	0	0	0	1	0
AT5G55840	344	306	257	219	218	450
AT5G55850	2704	2785	3513	6769	3793	6362
AT5G55855	0	0	0	0	0	6
AT5G55856	0	0	0	0	0	1
AT5G55860	635	558	702	387	375	817
AT5G55870	0	0	0	0	0	1
AT5G55880	0	0	0	1	2	0
AT5G55890	0	0	0	0	3	0
AT5G55893	0	6	1	3	2	4
AT5G55900	167	164	147	214	182	208
AT5G55910	3425	3299	3718	3210	2879	3871
AT5G55920	1877	2411	1765	458	798	1026
AT5G55930	332	368	302	456	389	618
AT5G55940	1106	1303	1396	1808	1473	2022
AT5G55950	77	84	99	105	95	75
AT5G55960	1897	1856	2122	1957	1932	1904
AT5G55970	333	277	319	345	285	260
AT5G55980	1	0	1	1	2	0
AT5G55990	1033	961	1080	1130	980	980
AT5G56000	1454	1719	1643	650	958	1271
AT5G56010	28415	28198	32448	9185	11896	15962
AT5G56020	205	263	253	369	293	469
AT5G56030	27619	27654	33996	7990	10841	14378
AT5G56040	1915	1888	1781	1075	1162	1498
AT5G56050	28	31	40	36	27	55
AT5G56060	1	1	0	5	0	2
AT5G56075	0	0	1	1	0	0
AT5G56080	0	0	0	0	0	1
AT5G56090	671	619	673	497	497	552
AT5G56100	408	412	375	512	462	320
AT5G56110	2	3	0	1	4	4
AT5G56120	263	356	313	87	219	121
AT5G56130	548	652	655	470	526	539
AT5G56140	1897	1895	1935	2922	2074	2774
AT5G56150	858	999	1122	1783	1245	2379
AT5G56160	108	115	102	100	49	165
AT5G56170	1576	1937	1762	1766	1420	1570
AT5G56180	331	344	411	712	547	911
AT5G56190	653	651	698	819	628	1273
AT5G56200	2	0	1	4	0	3
AT5G56210	410	395	378	226	188	393
AT5G56220	264	306	216	145	194	282
AT5G56230	32	23	11	97	43	94
AT5G56240	1142	1100	1128	632	716	1353
AT5G56250	993	1102	1058	912	845	1527
AT5G56260	2157	2312	2378	3593	2693	3634
AT5G56270	340	424	431	490	472	570
AT5G56280	753	884	866	721	685	982
AT5G56290	2946	2980	2870	1889	2148	2996
AT5G56300	9	20	6	13	14	9
AT5G56310	44	35	44	61	56	84
AT5G56320	72	92	86	121	125	114
AT5G56340	578	662	683	649	529	695
AT5G56350	2037	1933	2411	2122	2272	3314
AT5G56360	1600	2065	1904	822	1049	2141
AT5G56368	1	1	2	0	1	1
AT5G56370	92	42	23	27	70	97
AT5G56380	394	401	310	302	269	388
AT5G56400	0	0	0	0	0	1
AT5G56410	0	0	0	7	0	11
AT5G56420	236	258	237	194	221	257
AT5G56430	0	0	1	0	0	0
AT5G56440	0	0	0	1	2	2
AT5G56450	229	223	221	194	207	208
AT5G56452	0	1	0	0	0	0
AT5G56460	414	398	389	376	336	436
AT5G56470	0	0	0	2	0	0
AT5G56480	0	0	0	1	0	0
AT5G56490	146	139	79	36	89	68
AT5G56500	1006	1110	946	505	628	928
AT5G56510	6	3	1	11	6	19
AT5G56520	129	106	150	211	141	264
AT5G56530	738	676	588	331	496	417
AT5G56540	102	82	90	61	61	65
AT5G56550	209	197	226	205	126	227
AT5G56570	0	0	0	0	1	0
AT5G56580	91	136	109	32	60	69
AT5G56590	427	584	493	311	375	435
AT5G56600	1693	1891	1836	2584	2087	2433
AT5G56610	147	128	133	316	212	367
AT5G56620	8	8	10	3	6	10
AT5G56630	755	750	899	975	845	1625
AT5G56650	966	1165	1012	908	924	1217
AT5G56660	432	459	531	836	594	1070
AT5G56670	8387	10696	9978	6183	7287	6304
AT5G56680	2096	2357	2226	2082	1943	2763
AT5G56690	0	0	0	0	1	2
AT5G56700	13	12	5	23	14	40
AT5G56710	8481	11604	10242	4386	5987	5635
AT5G56720	68	63	62	22	34	24
AT5G56730	630	661	594	357	420	638
AT5G56740	767	899	768	357	465	600
AT5G56750	729	625	847	968	611	1205
AT5G56760	1513	1579	1926	2601	1958	2690
AT5G56770	0	1	0	2	1	3
AT5G56780	174	155	164	66	88	114
AT5G56790	464	435	435	139	210	240
AT5G56795	13	23	26	106	54	125
AT5G56800	0	0	0	1	0	1
AT5G56810	26	44	40	28	35	44
AT5G56820	0	0	0	1	0	1
AT5G56840	287	330	250	115	182	92
AT5G56850	4646	5515	3985	1134	1471	1993
AT5G56860	1718	2078	2055	1474	1367	1319
AT5G56870	369	210	375	421	219	438
AT5G56880	5	3	6	16	11	15
AT5G56890	1857	2239	1739	716	1182	1225
AT5G56900	956	999	946	1231	1056	1979
AT5G56910	475	541	474	550	399	653
AT5G56920	0	0	1	0	0	0
AT5G56930	310	360	351	266	235	434
AT5G56940	837	1026	994	1147	1090	1319
AT5G56950	1730	1813	1796	1190	1198	1547
AT5G56960	26	3	10	34	7	10
AT5G56970	14	27	22	23	25	20
AT5G56980	854	779	1022	2059	1394	2016
AT5G56990	127	167	155	387	267	440
AT5G57000	197	226	214	251	164	191
AT5G57010	40	16	45	74	17	91
AT5G57015	991	1009	1048	884	831	1130
AT5G57020	1799	2201	2088	1408	1672	2103
AT5G57030	3894	4522	4470	2382	3147	2349
AT5G57035	658	538	657	571	494	1044
AT5G57040	4393	5143	5442	5837	5278	4905
AT5G57050	598	507	759	1453	873	1543
AT5G57060	251	234	337	393	257	373
AT5G57070	440	426	399	579	524	674
AT5G57080	36	40	38	17	26	31
AT5G57090	2	9	2	6	11	8
AT5G57100	295	333	372	294	292	318
AT5G57110	343	357	300	190	232	462
AT5G57120	1975	2381	2023	790	1056	1283
AT5G57123	72	84	89	86	120	75
AT5G57130	481	527	457	136	222	250
AT5G57140	161	134	137	90	98	170
AT5G57150	404	321	358	642	388	867
AT5G57160	489	456	424	196	266	555
AT5G57170	1233	1434	1381	641	1055	595
AT5G57180	2192	2652	2322	1771	1829	1856
AT5G57181	1	1	4	6	3	6
AT5G57190	125	109	144	163	121	188
AT5G57200	0	2	0	0	0	1
AT5G57210	593	591	589	283	418	452
AT5G57220	55	35	47	114	60	86
AT5G57230	139	101	160	167	121	194
AT5G57240	128	194	158	152	114	188
AT5G57250	538	588	540	356	343	607
AT5G57260	0	2	1	10	4	15
AT5G57270	652	729	770	841	691	1098
AT5G57280	640	740	667	402	476	454
AT5G57290	12551	15248	13898	15566	13709	14686
AT5G57300	757	827	853	722	696	861
AT5G57310	9	10	9	4	3	10
AT5G57320	72	74	83	58	32	69
AT5G57330	2158	2598	2976	2432	2238	3286
AT5G57340	191	211	299	454	297	410
AT5G57345	6575	7904	8281	10280	8831	8265
AT5G57350	8101	9098	8569	5961	5902	8790
AT5G57360	2065	2060	2105	2878	2402	2961
AT5G57370	482	622	625	576	564	658
AT5G57380	1	0	0	2	3	14
AT5G57390	57	75	91	27	54	75
AT5G57400	4	4	2	0	0	1
AT5G57410	193	254	216	132	182	213
AT5G57420	5	14	3	4	8	1
AT5G57440	542	729	702	555	652	642
AT5G57450	24	20	17	20	17	26
AT5G57460	1654	1690	1704	1579	1472	1904
AT5G57480	58	31	108	240	103	284
AT5G57490	1385	1767	1683	1117	1243	1218
AT5G57500	10	9	7	20	18	28
AT5G57510	21	3	42	128	16	125
AT5G57520	10	21	17	11	14	11
AT5G57550	660	256	397	945	243	1049
AT5G57560	1013	1095	1327	560	296	637
AT5G57565	276	264	232	221	206	314
AT5G57567	15	15	10	9	14	17
AT5G57570	63	75	54	47	61	90
AT5G57580	1962	1643	1641	2409	2092	3444
AT5G57590	335	405	313	104	219	174
AT5G57610	1524	1441	1507	1357	1214	1905
AT5G57620	0	0	0	1	0	0
AT5G57630	198	185	213	394	223	525
AT5G57640	10	17	21	20	13	11
AT5G57650	1	0	4	3	2	1
AT5G57655	1617	1830	2424	2197	1342	3038
AT5G57660	4356	5025	4914	8478	6492	7619
AT5G57670	18	20	25	13	21	27
AT5G57685	278	424	285	369	370	208
AT5G57690	3	2	10	4	4	3
AT5G57700	481	531	494	477	534	524
AT5G57710	5245	4327	5083	5591	4665	5443
AT5G57720	6	22	4	3	7	10
AT5G57735	5	6	5	3	5	1
AT5G57740	271	259	269	323	260	404
AT5G57760	36	25	29	22	37	25
AT5G57770	17	17	20	12	23	9
AT5G57780	270	247	271	119	186	107
AT5G57785	525	310	515	327	229	229
AT5G57790	206	248	170	148	140	161
AT5G57800	5770	6675	6262	3735	4069	3671
AT5G57810	16	28	17	28	25	24
AT5G57815	945	997	1139	1771	1319	1653
AT5G57820	1	1	4	11	1	8
AT5G57830	98	115	109	89	69	130
AT5G57840	68	104	81	70	59	86
AT5G57850	1440	1576	1858	1511	1764	1942
AT5G57860	395	447	470	677	467	629
AT5G57870	7335	7926	7340	5920	5999	6970
AT5G57880	246	369	415	677	472	570
AT5G57887	216	288	390	620	433	459
AT5G57890	338	421	358	152	230	152
AT5G57900	686	646	974	1218	924	1383
AT5G57910	342	321	469	712	373	720
AT5G57920	3	8	6	8	7	8
AT5G57930	6197	7646	7238	5616	6537	6372
AT5G57940	1983	2016	1841	1755	1738	2456
AT5G57950	355	394	424	691	498	852
AT5G57960	1892	2143	2048	822	1091	1288
AT5G57970	159	177	179	90	140	132
AT5G57980	1	4	10	30	2	48
AT5G57990	3737	4574	3919	1569	2211	3670
AT5G58000	411	548	382	252	399	299
AT5G58003	330	295	295	161	187	256
AT5G58005	579	701	743	831	739	818
AT5G58010	1	0	2	9	0	10
AT5G58020	1756	2124	2291	2488	2209	2362
AT5G58030	953	1058	1046	940	949	1091
AT5G58040	1961	2027	1603	838	966	2069
AT5G58050	3	8	3	16	3	29
AT5G58060	1879	2267	2214	2521	2026	2463
AT5G58070	6334	7185	9032	11207	8464	11378
AT5G58080	6	10	7	29	14	67
AT5G58090	1306	1540	1213	978	1167	1460
AT5G58100	1983	2058	1881	1038	1170	2072
AT5G58110	2678	2854	2834	4007	3110	4299
AT5G58120	1646	1406	1512	650	711	1236
AT5G58130	1083	1116	1074	386	643	829
AT5G58140	12576	14800	12635	6863	9016	11185
AT5G58150	534	595	467	439	410	749
AT5G58160	344	357	291	181	218	470
AT5G58170	1	1	0	81	19	200
AT5G58180	0	1	0	26	5	55
AT5G58190	400	373	368	456	392	705
AT5G58200	1314	1419	1219	1475	1148	2010
AT5G58210	292	288	284	316	294	492
AT5G58220	1417	1597	1620	2512	1961	2566
AT5G58230	1122	1225	1229	1144	1110	1284
AT5G58240	597	660	721	835	734	997
AT5G58250	4776	6377	6578	3130	4397	3641
AT5G58260	5319	6367	6440	3957	5446	3674
AT5G58270	2025	2257	2127	1334	1430	1831
AT5G58280	8	19	8	16	20	30
AT5G58290	3013	3367	3663	3568	3454	5033
AT5G58300	708	866	636	336	488	527
AT5G58310	1066	1632	1865	1077	1442	885
AT5G58320	444	541	653	383	276	685
AT5G58330	17175	20133	21098	14492	17317	15646
AT5G58340	478	448	413	246	229	413
AT5G58350	1574	1264	1879	2144	1553	3060
AT5G58360	19	20	17	7	8	13
AT5G58370	854	899	791	252	397	422
AT5G58375	635	736	867	859	642	737
AT5G58380	882	863	1049	803	719	1229
AT5G58390	434	354	683	146	251	107
AT5G58400	8	5	12	1	10	10
AT5G58410	1331	1072	1062	886	831	1816
AT5G58420	6094	8048	7145	4151	5371	4968
AT5G58430	1205	1150	1328	1600	1434	2085
AT5G58440	1273	1475	1142	581	759	960
AT5G58450	1135	1215	1048	710	700	1305
AT5G58460	0	1	0	2	3	10
AT5G58465	2	0	1	9	6	1
AT5G58470	2484	2606	2520	3050	2478	3422
AT5G58480	564	668	613	403	527	666
AT5G58490	1662	1994	2257	2160	2128	2598
AT5G58500	47	27	63	53	58	57
AT5G58510	580	626	554	475	534	999
AT5G58520	480	585	508	347	435	442
AT5G58530	249	362	293	311	308	271
AT5G58540	411	493	305	541	423	1313
AT5G58550	493	406	318	370	388	766
AT5G58560	1524	1697	1568	1206	1314	1251
AT5G58570	290	321	326	2097	965	1897
AT5G58575	189	266	242	427	260	487
AT5G58580	90	104	94	150	121	98
AT5G58590	2215	2336	2527	1828	1615	2330
AT5G58595	1	0	4	1	0	0
AT5G58600	64	113	89	110	131	151
AT5G58610	15	13	9	2	8	14
AT5G58620	506	542	728	932	669	1039
AT5G58630	12	10	19	6	11	14
AT5G58640	650	794	774	980	890	1208
AT5G58650	500	514	509	648	476	510
AT5G58660	1	2	7	8	3	7
AT5G58670	430	518	529	652	550	913
AT5G58680	58	63	43	32	37	67
AT5G58690	118	135	88	85	71	165
AT5G58700	142	174	149	68	113	165
AT5G58710	2549	3122	3124	3537	3110	4390
AT5G58720	1481	1511	1456	1621	1255	2315
AT5G58730	382	374	407	685	358	703
AT5G58740	1630	1939	2056	2106	1969	2162
AT5G58750	0	0	0	2	0	0
AT5G58760	524	511	503	216	265	396
AT5G58770	7172	7104	9255	5921	4859	4066
AT5G58780	19	13	17	15	10	14
AT5G58782	0	0	1	0	0	0
AT5G58787	273	326	320	379	291	462
AT5G58790	75	91	90	74	97	104
AT5G58800	1150	1514	1580	1387	1435	1531
AT5G58820	0	1	0	1	0	0
AT5G58840	30	41	94	40	15	43
AT5G58860	20	1	23	37	21	32
AT5G58870	7955	7568	7605	4567	5639	5486
AT5G58880	0	1	0	0	0	0
AT5G58900	485	541	561	478	443	481
AT5G58910	0	0	0	0	1	1
AT5G58920	433	513	542	617	530	815
AT5G58930	1273	1540	1298	1322	1474	2066
AT5G58940	194	160	209	593	322	744
AT5G58950	5301	5380	5971	4548	4866	5390
AT5G58960	1323	1494	1354	540	1042	761
AT5G58970	500	572	561	492	455	484
AT5G58980	369	470	260	173	192	342
AT5G58990	625	681	670	599	644	661
AT5G59000	286	318	318	379	389	306
AT5G59010	241	310	305	249	264	321
AT5G59020	120	157	149	94	123	152
AT5G59030	1551	1647	1640	2682	2067	2672
AT5G59040	2	2	1	1	3	3
AT5G59050	450	600	518	528	523	541
AT5G59060	3	1	2	1	1	3
AT5G59070	29	16	18	92	66	96
AT5G59080	553	750	635	1056	825	756
AT5G59090	7	6	11	2	4	4
AT5G59120	0	0	0	1	0	0
AT5G59130	986	1221	1335	1648	1777	1557
AT5G59140	852	882	962	2169	1411	2502
AT5G59150	734	715	812	904	751	1017
AT5G59160	1900	2314	2449	2095	1833	2096
AT5G59170	1	7	3	36	10	73
AT5G59180	630	628	639	718	637	727
AT5G59190	5	7	4	57	11	157
AT5G59200	15	24	17	27	18	85
AT5G59210	629	744	701	368	381	828
AT5G59220	307	98	801	3524	777	3783
AT5G59230	0	1	0	5	1	6
AT5G59240	60	87	72	29	53	42
AT5G59250	3139	3294	3695	3262	3400	2593
AT5G59260	4	2	3	3	0	3
AT5G59270	0	1	0	0	0	4
AT5G59280	0	0	0	0	0	1
AT5G59290	2162	2553	2314	2357	2387	3064
AT5G59300	805	975	1053	946	878	964
AT5G59305	65	68	46	20	39	21
AT5G59310	167	1274	2531	1356	876	875
AT5G59320	337	2106	2310	3145	1489	2097
AT5G59330	5	4	11	2	8	4
AT5G59340	29	38	46	31	33	16
AT5G59350	471	528	487	534	477	503
AT5G59360	44	61	39	21	30	19
AT5G59370	4	11	7	6	4	7
AT5G59380	246	308	270	356	327	408
AT5G59385	3	5	0	1	2	2
AT5G59390	18	33	21	2	15	7
AT5G59400	131	156	148	474	252	626
AT5G59410	283	357	372	377	364	356
AT5G59420	2158	1877	2286	2078	1997	2822
AT5G59430	1161	1374	1174	883	970	1103
AT5G59440	455	453	471	1103	749	1388
AT5G59450	510	571	571	277	329	469
AT5G59460	393	489	416	495	409	532
AT5G59470	184	212	198	282	217	302
AT5G59480	1975	2208	2268	1815	1784	2406
AT5G59490	14	4	21	84	19	111
AT5G59500	1440	1550	1550	1322	1416	1435
AT5G59505	0	0	0	4	3	4
AT5G59510	6	19	40	36	30	50
AT5G59520	0	2	1	22	2	13
AT5G59530	6	6	11	38	15	47
AT5G59540	1623	1490	1904	2162	1668	2466
AT5G59550	377	377	521	899	723	913
AT5G59560	289	377	389	297	270	415
AT5G59570	4	22	26	21	17	31
AT5G59580	21	17	16	29	40	82
AT5G59590	0	7	6	0	3	2
AT5G59600	59	75	66	30	44	54
AT5G59610	537	624	648	492	526	531
AT5G59613	5544	7253	6941	7295	6425	7724
AT5G59650	110	134	98	56	65	69
AT5G59660	75	88	103	78	78	98
AT5G59662	71	80	59	90	75	99
AT5G59670	2607	1809	1162	916	1258	1680
AT5G59680	649	354	254	267	361	350
AT5G59690	4020	4626	4157	2370	3330	2384
AT5G59700	285	349	282	338	270	356
AT5G59710	1473	1605	1517	965	1048	1305
AT5G59720	85	165	128	215	172	240
AT5G59730	1819	1790	1938	2361	2072	2340
AT5G59732	1163	969	1116	1359	1241	1430
AT5G59740	136	146	141	96	101	88
AT5G59750	2086	2082	2113	1157	1242	1286
AT5G59760	2	1	4	9	7	11
AT5G59770	1580	1901	1767	1867	1816	1949
AT5G59780	587	775	705	2571	1268	2774
AT5G59790	280	325	300	304	380	299
AT5G59800	251	298	315	318	267	401
AT5G59810	7	7	16	2	6	6
AT5G59820	275	87	537	1426	693	1165
AT5G59830	533	578	603	538	505	849
AT5G59840	810	878	920	1209	956	1308
AT5G59845	100	96	83	58	75	79
AT5G59850	5951	7015	6609	5059	5424	5348
AT5G59860	2	4	4	6	2	6
AT5G59870	2356	3186	2678	1057	1867	1443
AT5G59880	8606	9927	10140	10080	9069	10257
AT5G59890	2859	3366	3328	4084	3063	3673
AT5G59900	148	184	144	79	85	138
AT5G59910	7488	9266	8464	8133	7699	8628
AT5G59920	1187	1051	1100	701	827	906
AT5G59930	0	1	1	0	2	0
AT5G59940	5	2	2	1	0	3
AT5G59950	1394	1687	1755	4054	2557	4747
AT5G59960	872	851	1112	1065	830	1292
AT5G59970	1396	1630	1470	831	1121	818
AT5G59980	114	150	144	65	71	142
AT5G59990	98	93	84	123	78	94
AT5G60000	0	0	0	0	0	1
AT5G60010	0	0	2	0	0	0
AT5G60020	513	695	435	169	271	256
AT5G60022	426	569	349	142	235	217
AT5G60030	751	899	703	376	429	603
AT5G60040	350	398	303	157	245	361
AT5G60050	335	404	395	326	346	359
AT5G60060	1	1	1	0	0	0
AT5G60070	0	1	0	0	0	0
AT5G60080	0	11	0	1	1	1
AT5G60090	1	5	1	3	6	6
AT5G60100	2	4	10	9	6	24
AT5G60110	0	0	2	5	0	6
AT5G60120	379	376	400	672	509	941
AT5G60130	14	13	16	10	5	8
AT5G60140	6	7	7	6	8	7
AT5G60142	43	64	63	45	40	65
AT5G60150	95	122	104	11	36	43
AT5G60160	1449	1505	1539	1165	1335	2090
AT5G60170	2779	2812	2477	1629	1542	2792
AT5G60180	15	13	17	45	22	74
AT5G60190	116	152	136	227	173	278
AT5G60200	394	411	416	311	372	368
AT5G60210	596	656	505	149	277	358
AT5G60220	10	22	9	10	20	12
AT5G60230	122	164	140	161	163	188
AT5G60240	3	2	1	3	5	3
AT5G60250	78	57	71	42	75	82
AT5G60260	18	6	19	25	16	31
AT5G60270	254	258	415	573	341	715
AT5G60280	156	137	144	351	228	515
AT5G60285	6	1	4	10	7	15
AT5G60290	61	31	28	37	32	54
AT5G60300	612	629	658	580	592	1201
AT5G60310	12	11	3	29	14	69
AT5G60320	0	1	5	25	14	59
AT5G60330	9	9	8	15	1	15
AT5G60335	12	9	11	15	15	18
AT5G60340	1539	1619	1669	1424	1437	1375
AT5G60350	2	0	1	2	0	0
AT5G60360	18779	19223	24032	33979	25202	36478
AT5G60370	345	353	373	451	319	660
AT5G60380	0	0	0	5	1	13
AT5G60390	72883	88445	82807	46115	64304	59524
AT5G60400	842	998	906	955	891	862
AT5G60408	5	0	6	1	9	1
AT5G60410	2674	2553	2718	2336	2118	3553
AT5G60430	138	96	125	192	154	279
AT5G60440	15	28	17	40	43	64
AT5G60450	1327	1290	1344	1509	1186	2124
AT5G60460	455	520	614	1174	786	1176
AT5G60470	15	19	19	16	15	29
AT5G60490	313	570	269	69	169	76
AT5G60500	13	6	4	1	5	3
AT5G60510	37	10	36	4	37	18
AT5G60530	0	0	2	1	0	4
AT5G60540	1198	1047	1195	960	819	1057
AT5G60548	992	1057	1043	1306	1196	1494
AT5G60550	992	1057	1043	1306	1196	1494
AT5G60553	0	0	0	0	1	0
AT5G60570	2020	1952	2087	2567	2222	2501
AT5G60580	410	433	407	413	317	409
AT5G60590	396	340	360	792	470	701
AT5G60600	20939	21765	22345	17278	19355	22252
AT5G60610	17	13	28	28	14	58
AT5G60615	0	0	0	2	0	4
AT5G60620	1158	1173	1220	1366	1195	1381
AT5G60630	17	15	27	52	21	57
AT5G60640	2906	3170	3131	3838	3166	5644
AT5G60650	91	94	68	54	55	85
AT5G60660	184	245	157	112	129	106
AT5G60670	2708	3646	3195	2004	2451	2295
AT5G60680	486	474	525	1170	774	966
AT5G60690	1237	1561	1168	890	1040	1047
AT5G60700	469	467	508	906	691	1663
AT5G60710	971	1012	1099	1015	882	1616
AT5G60720	92	125	65	49	31	65
AT5G60730	43	44	39	30	39	34
AT5G60740	0	0	0	1	0	0
AT5G60750	919	935	984	1071	867	1117
AT5G60760	38	32	40	14	35	13
AT5G60770	0	1	0	0	0	0
AT5G60780	4	3	15	73	13	98
AT5G60790	4902	5086	5565	5169	4573	7666
AT5G60800	671	677	616	3080	1814	2992
AT5G60820	245	252	243	359	243	376
AT5G60830	0	1	4	6	0	6
AT5G60840	494	523	508	558	523	681
AT5G60850	1118	1125	1274	2767	1884	2550
AT5G60860	458	626	565	399	335	518
AT5G60870	181	225	196	142	187	205
AT5G60880	73	109	70	21	53	38
AT5G60890	719	817	948	919	1005	1242
AT5G60900	1004	429	435	3283	1661	4621
AT5G60910	185	336	136	344	380	326
AT5G60920	5061	5767	6377	4771	5082	5213
AT5G60930	405	548	294	79	123	254
AT5G60940	476	527	512	305	373	539
AT5G60950	234	190	248	521	338	571
AT5G60960	1875	1997	1952	1003	1177	1197
AT5G60970	243	296	280	180	191	213
AT5G60980	1817	2180	2211	3554	2592	4194
AT5G60990	915	1005	871	552	631	749
AT5G61000	412	597	485	109	246	190
AT5G61010	1443	1198	1271	2039	1423	2725
AT5G61020	3989	4285	3930	2153	2505	3261
AT5G61030	1176	1558	1208	875	1085	1006
AT5G61040	342	393	336	114	149	270
AT5G61050	0	0	0	8	2	6
AT5G61060	1188	970	1045	1501	1064	1896
AT5G61070	92	92	62	26	45	64
AT5G61090	14	17	15	3	12	5
AT5G61100	7	5	8	15	9	13
AT5G61110	0	1	3	0	1	0
AT5G61120	16	9	12	5	14	2
AT5G61130	3796	4671	4374	2344	2898	2549
AT5G61140	2181	1822	1547	798	925	2079
AT5G61150	1898	2036	1748	816	1095	2016
AT5G61160	14	129	35	15	3	10
AT5G61170	7029	9199	8352	4930	6398	5412
AT5G61180	1	2	2	7	3	5
AT5G61190	682	706	512	258	257	750
AT5G61200	174	174	142	78	77	125
AT5G61210	1703	1464	1727	2183	1629	2638
AT5G61220	842	845	889	819	813	778
AT5G61228	1811	1851	1794	2623	2134	3121
AT5G61230	1811	1851	1794	2623	2134	3121
AT5G61240	1695	2030	1985	1800	1727	1933
AT5G61250	175	109	108	368	283	588
AT5G61260	35	30	17	14	10	23
AT5G61270	1158	1470	1234	419	706	522
AT5G61280	9	20	14	9	8	7
AT5G61290	96	77	104	106	94	173
AT5G61300	158	214	160	41	79	154
AT5G61310	798	958	822	671	655	594
AT5G61320	0	1	2	8	3	7
AT5G61330	1197	1536	1280	419	674	635
AT5G61340	599	713	692	541	572	536
AT5G61350	455	430	452	270	300	182
AT5G61360	39	46	41	128	48	96
AT5G61370	54	41	47	43	59	100
AT5G61380	401	404	379	599	414	791
AT5G61390	105	106	145	118	103	201
AT5G61400	31	37	9	14	23	44
AT5G61410	24763	26810	24670	23578	24488	27810
AT5G61412	57	69	67	32	86	38
AT5G61420	2935	3285	3364	2355	2520	3205
AT5G61430	33	80	40	42	62	51
AT5G61440	81	105	78	27	45	28
AT5G61445	0	0	0	0	2	0
AT5G61450	402	408	411	548	366	768
AT5G61455	4	4	2	17	8	10
AT5G61460	226	273	183	42	85	153
AT5G61480	1063	1184	867	565	719	762
AT5G61490	16	15	12	44	24	52
AT5G61495	3	3	3	8	2	16
AT5G61500	1208	1201	1205	1282	1186	1655
AT5G61510	1383	1538	1714	1864	1644	2183
AT5G61520	221	279	417	1151	590	1188
AT5G61530	769	644	865	1712	1153	2073
AT5G61540	284	267	241	407	302	518
AT5G61550	9	1	4	29	4	48
AT5G61560	425	318	433	199	200	362
AT5G61570	313	374	362	201	248	251
AT5G61580	744	867	827	664	635	943
AT5G61590	413	646	430	402	333	381
AT5G61600	99	67	94	325	217	272
AT5G61605	1	32	0	0	11	0
AT5G61610	16	33	15	6	15	11
AT5G61620	0	2	0	1	1	0
AT5G61630	0	2	0	2	0	0
AT5G61640	511	457	605	1211	645	1120
AT5G61650	1	4	5	3	2	8
AT5G61660	1907	2634	2114	2280	1729	2158
AT5G61670	3586	4205	4199	4440	4209	3900
AT5G61680	0	0	0	5	0	12
AT5G61690	3	0	0	0	4	0
AT5G61720	0	39	0	0	3	0
AT5G61730	0	0	4	9	5	3
AT5G61740	131	165	88	57	82	57
AT5G61750	1	3	4	3	2	2
AT5G61760	415	506	504	575	477	598
AT5G61770	746	998	792	367	531	486
AT5G61780	4365	4947	4688	3659	3968	6141
AT5G61790	10342	10657	9631	11275	10926	17352
AT5G61800	17	17	18	29	29	85
AT5G61810	538	578	663	764	612	1092
AT5G61820	2381	2500	5046	6454	3154	7963
AT5G61830	452	496	449	283	348	440
AT5G61840	944	1029	936	980	956	1248
AT5G61850	17	24	10	5	17	13
AT5G61865	24	49	34	14	21	30
AT5G61880	267	366	267	233	214	279
AT5G61890	18	12	76	94	54	81
AT5G61900	491	480	541	1278	862	1718
AT5G61910	1018	979	1022	1695	1234	2426
AT5G61920	183	236	189	112	116	224
AT5G61930	282	352	325	324	273	453
AT5G61940	54	53	44	25	20	67
AT5G61950	108	135	110	66	88	135
AT5G61960	3214	3409	3273	2403	2203	3187
AT5G61970	1745	1969	1858	882	1136	1782
AT5G61980	80	117	95	29	61	114
AT5G61990	319	321	262	169	182	348
AT5G62000	8319	9109	7931	6024	7241	9405
AT5G62020	441	436	567	835	506	749
AT5G62030	518	537	496	473	398	635
AT5G62040	14	19	18	97	47	76
AT5G62050	861	1069	1007	927	797	1150
AT5G62060	0	0	0	0	0	1
AT5G62065	9	17	2	4	9	5
AT5G62070	1154	1208	1257	1498	1405	1452
AT5G62080	225	244	127	18	46	46
AT5G62090	895	959	936	528	651	1016
AT5G62100	430	475	536	370	293	296
AT5G62110	0	0	0	0	0	1
AT5G62130	3049	2961	3086	2395	1994	2159
AT5G62140	3387	4451	4080	2887	3116	2439
AT5G62150	32	35	64	361	172	268
AT5G62160	2	0	0	14	4	12
AT5G62162	0	0	2	1	0	1
AT5G62165	162	261	115	76	162	74
AT5G62170	241	427	249	133	147	176
AT5G62180	126	154	166	468	338	429
AT5G62190	5470	5445	5214	2139	2930	2827
AT5G62200	493	524	648	888	686	947
AT5G62210	1326	1571	1090	380	967	403
AT5G62220	2468	2877	2875	1616	2170	1587
AT5G62230	138	170	136	37	90	70
AT5G62240	3	12	7	1	3	1
AT5G62250	4	2	5	1	1	2
AT5G62260	44	38	31	52	40	55
AT5G62270	994	1174	1033	531	674	707
AT5G62280	75	93	92	39	65	51
AT5G62290	368	408	382	335	345	326
AT5G62300	5972	7542	6746	5276	5247	5733
AT5G62310	2	7	2	1	3	1
AT5G62320	24	2	4	10	21	6
AT5G62350	1062	1319	1263	1253	1523	1648
AT5G62360	10	18	11	16	27	13
AT5G62370	131	156	123	43	65	66
AT5G62380	30	51	60	25	31	32
AT5G62390	5208	5950	5616	2699	3536	3951
AT5G62400	0	0	0	0	0	1
AT5G62410	478	597	343	47	132	181
AT5G62420	3	1	3	2	0	3
AT5G62430	1603	1739	1677	796	952	1130
AT5G62440	1014	1319	1189	711	784	770
AT5G62460	760	828	970	1015	736	1110
AT5G62470	465	574	573	350	382	525
AT5G62480	27	6	82	251	219	208
AT5G62490	1	2	1	8	9	9
AT5G62500	322	356	309	148	230	196
AT5G62510	2	1	1	4	2	3
AT5G62520	453	633	769	647	505	1077
AT5G62530	1782	2240	2447	1819	1741	2981
AT5G62540	645	666	714	871	691	837
AT5G62550	312	494	308	72	140	140
AT5G62560	532	535	489	947	699	750
AT5G62570	1470	1306	1372	972	849	1646
AT5G62575	502	540	564	630	600	729
AT5G62576	0	0	0	0	0	2
AT5G62580	863	938	841	372	574	589
AT5G62600	833	858	844	730	668	941
AT5G62610	1685	1641	1733	1662	1513	1869
AT5G62620	479	432	477	600	488	727
AT5G62630	313	278	294	396	339	452
AT5G62640	609	705	633	521	607	925
AT5G62650	1203	1117	1219	1007	993	1259
AT5G62660	0	0	0	0	1	0
AT5G62670	6709	6883	6636	2850	3761	6008
AT5G62680	2879	3414	3372	5251	3469	5672
AT5G62690	7499	9394	8083	4599	6637	6954
AT5G62700	7641	9838	8076	4484	7186	7010
AT5G62710	387	399	391	244	343	425
AT5G62720	1393	1487	1888	1507	2226	1216
AT5G62730	399	541	468	260	352	267
AT5G62740	878	776	985	2163	1407	2370
AT5G62750	0	0	0	1	0	1
AT5G62760	341	388	291	253	257	415
AT5G62770	154	140	126	583	255	475
AT5G62780	1	0	0	8	2	8
AT5G62790	6363	7008	7035	5091	5973	5565
AT5G62800	1	0	13	5	2	5
AT5G62810	3386	4029	3930	3194	3149	3895
AT5G62820	81	96	71	92	80	102
AT5G62830	1	3	0	1	2	1
AT5G62840	968	1343	1177	522	791	651
AT5G62850	20	28	23	37	32	25
AT5G62860	0	0	0	0	0	1
AT5G62865	90	76	111	221	109	214
AT5G62880	556	703	652	725	541	690
AT5G62890	4237	4954	4607	4057	4770	5101
AT5G62900	150	146	181	383	253	383
AT5G62910	532	580	587	690	588	897
AT5G62920	776	746	1078	388	596	355
AT5G62930	899	981	1061	1508	1274	1791
AT5G62940	216	254	249	122	185	134
AT5G62950	252	318	244	308	218	323
AT5G62960	234	221	269	89	193	103
AT5G62970	0	1	1	0	0	2
AT5G62980	399	463	448	432	436	516
AT5G62990	93	62	84	74	75	101
AT5G62998	5	3	1	6	6	8
AT5G63000	502	591	637	501	487	510
AT5G63010	148	155	166	169	128	220
AT5G63020	1488	1435	1327	726	740	1203
AT5G63030	1069	1063	1123	2512	1535	2868
AT5G63040	986	1219	1134	661	935	770
AT5G63050	1836	2064	2106	1194	1432	1463
AT5G63060	651	768	794	520	641	518
AT5G63065	1	0	0	0	0	0
AT5G63070	3	4	1	3	0	4
AT5G63080	298	311	272	367	269	443
AT5G63085	0	0	1	0	0	0
AT5G63087	41	49	55	14	73	17
AT5G63090	109	67	173	55	57	64
AT5G63100	451	507	622	362	458	381
AT5G63110	1025	1091	1089	1121	1000	1497
AT5G63120	539	611	659	825	676	1138
AT5G63130	56	56	106	537	229	560
AT5G63135	235	250	269	526	350	505
AT5G63140	214	236	196	107	160	130
AT5G63150	594	675	683	677	591	688
AT5G63160	1356	1321	1852	2273	1435	2816
AT5G63170	0	0	0	1	0	0
AT5G63180	2554	3139	3575	979	2835	981
AT5G63190	1583	1251	1299	2338	1727	2974
AT5G63195	767	582	583	1067	812	1385
AT5G63200	488	531	525	654	614	955
AT5G63220	536	629	572	526	520	674
AT5G63225	4	0	0	35	47	46
AT5G63230	0	0	0	0	0	1
AT5G63240	0	0	5	1	2	2
AT5G63250	0	0	1	0	0	0
AT5G63260	525	529	593	552	561	776
AT5G63270	0	0	0	4	0	5
AT5G63280	277	307	291	486	332	659
AT5G63290	75	56	85	88	68	106
AT5G63300	30	28	20	29	24	45
AT5G63310	8185	9909	10664	5096	8566	5970
AT5G63320	1389	1628	1144	708	685	1201
AT5G63340	60	41	42	29	29	31
AT5G63350	11	18	27	47	46	57
AT5G63370	1906	1884	1810	1291	1250	2366
AT5G63380	1435	1610	1576	1245	1238	1219
AT5G63390	11	11	12	36	24	59
AT5G63400	3757	4990	4924	4516	4291	5673
AT5G63410	831	954	852	572	546	814
AT5G63420	768	779	722	181	247	493
AT5G63440	418	421	413	348	317	462
AT5G63450	35	13	64	120	48	127
AT5G63460	514	595	562	723	579	835
AT5G63470	596	696	642	825	674	575
AT5G63480	147	158	132	171	153	155
AT5G63490	732	857	856	758	719	1161
AT5G63500	711	803	921	1111	847	747
AT5G63510	2022	2614	2455	2572	2482	3095
AT5G63520	400	459	449	451	432	492
AT5G63530	6753	8830	8022	3188	4423	2988
AT5G63540	65	81	56	33	73	36
AT5G63550	926	1101	828	171	312	514
AT5G63560	23	3	6	22	6	17
AT5G63570	6369	7401	7123	4144	5530	5274
AT5G63580	215	306	289	151	177	105
AT5G63590	26	32	25	11	12	31
AT5G63595	0	2	1	1	3	4
AT5G63600	5	0	12	5	6	10
AT5G63610	551	626	602	435	511	745
AT5G63620	418	466	485	705	511	738
AT5G63630	347	407	325	137	204	223
AT5G63640	682	702	751	1050	807	1015
AT5G63650	95	124	91	65	86	81
AT5G63660	0	0	3	2	0	0
AT5G63670	1276	1452	1376	1530	1347	1453
AT5G63680	1227	1239	1360	1166	1167	1970
AT5G63690	46	54	36	60	45	91
AT5G63700	1181	1076	1129	389	514	765
AT5G63710	678	710	550	310	346	383
AT5G63730	1	0	0	0	1	3
AT5G63740	0	0	0	0	1	0
AT5G63750	3	5	5	5	7	14
AT5G63760	392	329	403	904	563	998
AT5G63770	868	1019	852	670	722	886
AT5G63780	1661	2091	2191	1729	1943	1739
AT5G63790	664	516	761	2401	1416	2820
AT5G63800	3337	2991	3163	6132	4616	5634
AT5G63810	260	400	269	169	224	350
AT5G63820	12	7	5	6	14	31
AT5G63830	214	232	232	207	168	235
AT5G63840	2948	3191	3093	2823	2885	4808
AT5G63850	3685	3882	3299	3147	2330	3298
AT5G63860	2505	2723	2588	3865	3545	4649
AT5G63870	1031	1140	1144	1268	1080	1532
AT5G63880	134	127	172	427	239	598
AT5G63890	2158	2561	2412	1290	1877	1891
AT5G63900	2	0	2	5	4	9
AT5G63905	141	152	155	237	141	185
AT5G63910	933	986	1024	1456	1081	1721
AT5G63920	186	215	173	44	116	111
AT5G63930	250	245	226	214	176	339
AT5G63940	1166	1178	1068	604	766	900
AT5G63950	436	504	389	109	209	292
AT5G63952	1	0	0	2	0	0
AT5G63960	305	434	263	89	157	233
AT5G63970	144	162	202	212	130	335
AT5G63980	2245	2616	2772	2362	2451	2865
AT5G63990	90	114	115	157	120	276
AT5G64000	152	124	87	329	201	531
AT5G64010	153	145	167	180	159	248
AT5G64020	700	638	760	921	698	1453
AT5G64030	3071	3592	3111	1079	1579	2102
AT5G64040	47097	64838	54820	43874	55200	34723
AT5G64050	2730	2911	2922	2199	2369	3225
AT5G64060	30	20	40	19	35	34
AT5G64070	2908	2712	2358	1833	1751	3569
AT5G64080	674	1008	761	291	647	387
AT5G64090	710	731	705	997	756	1088
AT5G64100	1	3	7	5	0	4
AT5G64110	37	51	47	58	49	91
AT5G64120	338	338	705	799	450	859
AT5G64130	2320	2745	3311	3299	2681	3462
AT5G64140	4127	5264	4732	3255	3599	3392
AT5G64150	625	664	618	540	522	616
AT5G64160	381	461	439	535	471	669
AT5G64170	6255	6402	5811	3015	3150	5964
AT5G64180	769	791	909	1389	1055	1371
AT5G64190	65	27	10	163	50	243
AT5G64200	1555	1789	1638	1542	1454	1697
AT5G64210	0	0	0	0	0	1
AT5G64220	1048	963	887	497	636	1075
AT5G64230	264	259	394	1025	480	984
AT5G64240	1546	1529	1137	1841	1478	1870
AT5G64250	1181	1172	1425	2168	1624	2464
AT5G64260	724	754	829	1652	1107	1636
AT5G64270	3854	3679	3490	3358	3184	6032
AT5G64280	1794	2162	2132	2451	2153	2448
AT5G64290	9027	9665	9873	8177	8628	9041
AT5G64300	3408	3322	3358	2315	2285	3388
AT5G64310	1045	1534	1944	1877	1061	2062
AT5G64320	241	240	248	120	160	191
AT5G64330	676	776	772	577	725	871
AT5G64340	1387	1311	1317	1145	952	1706
AT5G64341	1387	1311	1317	1145	952	1706
AT5G64342	1387	1311	1317	1145	952	1706
AT5G64343	1387	1311	1317	1145	952	1706
AT5G64350	5943	7659	7804	9661	8534	9802
AT5G64360	577	616	487	677	543	964
AT5G64370	1254	1165	1425	2207	1638	2948
AT5G64380	916	1003	1011	516	763	533
AT5G64390	754	652	527	502	491	804
AT5G64395	16	23	12	15	7	10
AT5G64400	8595	8951	9609	14103	10383	13217
AT5G64401	8	10	20	39	22	57
AT5G64410	605	642	598	1005	772	998
AT5G64420	1662	1753	1559	930	969	1811
AT5G64430	783	689	975	2242	1399	2542
AT5G64440	1087	1128	1212	1058	966	1282
AT5G64450	16	7	21	80	37	118
AT5G64460	3565	4068	4069	2033	2725	1973
AT5G64470	534	643	528	330	422	367
AT5G64480	853	984	970	724	763	696
AT5G64490	31	30	46	50	29	39
AT5G64500	1521	1469	1675	2062	1531	2352
AT5G64510	369	208	310	629	390	734
AT5G64520	140	149	159	194	127	253
AT5G64530	40	41	49	80	79	93
AT5G64540	2	2	2	5	0	5
AT5G64550	1271	1135	1192	1792	1654	1942
AT5G64552	1271	1135	1192	1792	1654	1942
AT5G64560	325	329	343	398	333	560
AT5G64570	2419	2672	3102	2876	1575	4277
AT5G64572	1245	1358	1597	1494	843	2290
AT5G64580	2693	2937	2497	986	1305	1462
AT5G64590	1	2	1	0	1	1
AT5G64600	327	409	330	262	280	365
AT5G64610	803	884	875	657	679	900
AT5G64620	729	1012	804	288	469	395
AT5G64630	190	280	181	63	114	116
AT5G64640	218	312	243	129	228	183
AT5G64650	281	435	399	467	415	556
AT5G64660	185	188	175	356	212	318
AT5G64667	111	119	110	65	105	74
AT5G64670	1101	1418	1328	645	973	837
AT5G64680	311	386	316	226	241	263
AT5G64690	12	14	9	6	11	15
AT5G64700	73	62	81	76	38	84
AT5G64710	117	123	135	37	75	73
AT5G64720	1	0	4	2	3	0
AT5G64730	418	425	467	490	457	540
AT5G64740	11792	11482	11614	6086	7156	7755
AT5G64750	24	14	122	145	27	196
AT5G64760	624	757	716	432	441	848
AT5G64770	3059	4001	4553	3361	4986	2353
AT5G64780	150	149	165	228	225	236
AT5G64790	7	1	6	26	6	11
AT5G64800	26	27	28	44	47	58
AT5G64810	92	6	21	444	257	461
AT5G64813	1260	1116	1222	1529	1288	1655
AT5G64816	650	618	688	676	701	694
AT5G64820	0	1	0	44	6	41
AT5G64830	467	551	530	442	420	731
AT5G64840	23206	22703	22753	12429	13607	19992
AT5G64850	1419	1675	1727	1160	1134	1043
AT5G64855	4	1	0	3	0	4
AT5G64860	213	299	303	609	494	939
AT5G64870	72	41	144	125	60	210
AT5G64880	257	303	283	495	366	473
AT5G64890	5	0	5	53	12	23
AT5G64900	66	92	73	56	59	47
AT5G64905	5	2	24	105	12	32
AT5G64910	104	121	142	26	49	47
AT5G64920	1239	1267	1423	1474	1252	1468
AT5G64930	967	808	922	902	831	885
AT5G64940	24703	27115	27764	12060	16205	16320
AT5G64950	113	137	105	153	134	226
AT5G64960	2736	3097	2743	1699	1966	2323
AT5G64970	743	911	716	456	538	624
AT5G64980	115	144	115	75	100	110
AT5G64990	25	44	33	101	36	83
AT5G65000	408	438	495	765	561	801
AT5G65005	0	0	0	0	0	1
AT5G65010	5930	6211	7733	3745	5259	3884
AT5G65015	0	1	0	0	0	0
AT5G65020	1224	1474	1752	1129	1506	1536
AT5G65030	17	16	13	20	17	30
AT5G65040	36	39	38	24	16	35
AT5G65050	906	1029	901	682	630	1164
AT5G65060	287	382	367	472	333	701
AT5G65070	253	171	237	246	195	316
AT5G65080	580	328	630	894	615	1008
AT5G65090	21	18	50	62	38	71
AT5G65110	1400	1356	1836	2095	1556	3172
AT5G65120	146	174	137	94	136	139
AT5G65130	5	6	2	3	5	4
AT5G65140	528	579	633	408	342	454
AT5G65160	30	29	35	31	31	38
AT5G65165	3	0	3	2	0	2
AT5G65170	111	108	122	58	80	97
AT5G65180	421	444	330	161	191	245
AT5G65200	245	257	237	323	269	350
AT5G65205	100	94	137	133	130	144
AT5G65207	247	209	289	646	403	495
AT5G65210	463	410	479	659	368	950
AT5G65220	17005	21025	21416	15260	18046	13889
AT5G65230	28	26	23	35	14	69
AT5G65240	312	375	339	267	204	375
AT5G65250	814	974	1027	1109	966	1191
AT5G65260	1778	2098	2032	1156	1422	1747
AT5G65270	1338	1531	1491	1199	1230	1586
AT5G65274	0	0	0	6	2	19
AT5G65280	227	243	280	420	350	650
AT5G65290	445	462	403	273	276	437
AT5G65300	57	23	75	154	144	251
AT5G65305	0	0	0	2	0	0
AT5G65310	1500	1792	1431	1701	2206	2350
AT5G65320	41	27	58	7	30	19
AT5G65330	2	0	2	0	0	3
AT5G65340	26	15	26	7	22	15
AT5G65350	43	75	54	27	31	48
AT5G65360	3198	4220	3900	1528	2652	1819
AT5G65370	0	0	0	6	0	5
AT5G65380	4342	3904	5040	8650	4482	9997
AT5G65390	360	570	379	186	92	320
AT5G65400	238	285	301	260	249	268
AT5G65410	911	1061	1051	884	1032	1161
AT5G65420	43	54	44	62	77	104
AT5G65430	3999	4575	4385	4776	3737	4408
AT5G65440	1168	1309	897	332	472	1049
AT5G65445	0	0	0	1	3	1
AT5G65450	305	401	258	256	222	433
AT5G65460	1522	1567	1391	445	551	861
AT5G65470	1735	2257	2219	1174	1035	1947
AT5G65480	3783	3784	4315	5643	4293	4489
AT5G65490	897	970	918	821	663	845
AT5G65495	264	251	294	515	364	481
AT5G65500	6	1	4	1	4	7
AT5G65510	36	48	71	28	38	36
AT5G65520	235	302	348	530	436	544
AT5G65530	83	79	61	30	57	29
AT5G65540	500	556	492	500	450	620
AT5G65550	8	4	4	13	8	30
AT5G65560	306	322	274	241	226	380
AT5G65570	40	57	33	33	28	71
AT5G65575	210	272	261	680	391	747
AT5G65580	15	21	19	61	32	59
AT5G65590	137	161	131	138	140	140
AT5G65600	8	3	9	63	12	54
AT5G65609	13	12	4	26	14	39
AT5G65610	345	395	455	340	309	324
AT5G65620	4622	5354	5110	4177	4673	5696
AT5G65630	2307	2410	2309	1282	1411	2325
AT5G65640	208	228	317	147	186	200
AT5G65650	304	469	426	556	509	664
AT5G65660	953	1142	1392	1172	857	1287
AT5G65670	3941	4644	4474	4252	4318	4205
AT5G65683	1372	1390	1581	996	1278	836
AT5G65685	1123	1088	1160	873	874	1110
AT5G65687	320	313	290	273	207	350
AT5G65690	0	3	4	10	2	3
AT5G65700	3234	3149	2903	2129	2638	1922
AT5G65710	297	342	276	300	312	374
AT5G65720	5390	5058	5372	3600	3311	4992
AT5G65730	13105	14042	12729	5697	6386	4806
AT5G65740	324	363	345	315	258	405
AT5G65750	1511	1653	1706	1625	1341	2817
AT5G65760	781	913	979	956	888	1215
AT5G65770	2173	1984	1355	346	560	1127
AT5G65780	3484	3561	2858	1901	2119	2689
AT5G65790	11	5	9	1	8	4
AT5G65800	3	0	1	0	1	0
AT5G65810	1172	1499	1273	659	971	859
AT5G65820	231	182	153	67	100	137
AT5G65830	207	252	273	328	286	270
AT5G65840	3059	3636	3789	5241	4483	4612
AT5G65850	41	47	35	40	23	71
AT5G65860	566	578	528	337	392	336
AT5G65870	570	724	889	986	753	899
AT5G65880	418	513	527	504	517	452
AT5G65890	818	1036	741	685	846	676
AT5G65900	1073	1283	1034	232	380	501
AT5G65910	782	756	882	958	755	1208
AT5G65920	330	296	335	269	245	328
AT5G65925	59	60	77	93	102	59
AT5G65930	1076	1129	955	406	489	862
AT5G65940	1571	1871	1675	2177	1842	2933
AT5G65950	2355	2308	2307	3232	2487	5604
AT5G65960	1074	1180	1258	2140	1576	2567
AT5G65970	54	52	61	19	26	20
AT5G65980	0	0	0	0	0	5
AT5G65990	1366	1651	1970	1770	1608	1788
AT5G66000	164	168	155	77	124	96
AT5G66005	224	327	301	232	302	279
AT5G66010	658	707	633	1367	881	1589
AT5G66020	4	12	3	14	8	24
AT5G66030	1526	1643	1437	802	921	2434
AT5G66040	5984	6561	8270	7855	7751	6359
AT5G66045	7	1	4	3	0	2
AT5G66050	592	701	669	726	652	875
AT5G66052	659	451	849	647	757	594
AT5G66055	2689	2926	2742	3101	2935	3577
AT5G66060	915	986	955	1044	889	1160
AT5G66070	233	177	308	747	381	862
AT5G66080	75	64	96	92	79	111
AT5G66090	1379	1638	1664	1699	1670	1667
AT5G66100	621	761	727	801	708	887
AT5G66110	12	28	17	30	18	43
AT5G66120	4568	4657	5373	4985	4766	4684
AT5G66130	92	99	78	82	80	159
AT5G66140	1341	1603	1693	2224	1846	2399
AT5G66150	17	20	14	18	14	44
AT5G66160	660	635	633	964	817	1241
AT5G66170	93	141	88	132	96	279
AT5G66180	278	304	344	530	437	902
AT5G66190	37743	46593	49092	35813	42211	30250
AT5G66200	1883	2348	2042	2222	1820	3176
AT5G66210	780	733	769	802	713	1167
AT5G66211	0	0	0	0	1	0
AT5G66220	1	2	0	1	3	1
AT5G66230	353	467	394	192	339	232
AT5G66240	2071	2137	2513	2657	2591	2594
AT5G66250	543	617	606	973	671	1016
AT5G66260	1	0	3	4	2	12
AT5G66270	179	158	146	76	91	110
AT5G66280	43	51	45	63	52	127
AT5G66290	261	292	267	485	326	651
AT5G66300	32	45	29	18	31	40
AT5G66310	618	717	502	107	251	342
AT5G66320	566	699	578	1080	932	1199
AT5G66330	83	122	88	60	99	92
AT5G66340	3	1	0	6	6	10
AT5G66350	74	67	97	201	145	246
AT5G66360	312	278	291	443	358	460
AT5G66370	1	0	1	1	0	0
AT5G66380	180	249	259	298	231	344
AT5G66390	18	43	33	10	18	27
AT5G66400	763	834	2044	2433	1566	2514
AT5G66410	623	843	741	419	486	555
AT5G66420	1626	1776	1642	979	1508	1659
AT5G66440	286	296	243	252	260	312
AT5G66450	380	462	472	673	497	773
AT5G66460	330	368	343	148	181	311
AT5G66470	2254	2591	2408	809	1436	965
AT5G66480	105	101	125	314	188	428
AT5G66490	721	755	852	1239	947	900
AT5G66500	40	21	35	55	41	74
AT5G66510	2035	2585	2434	2295	2284	3000
AT5G66520	638	715	751	252	371	367
AT5G66530	1916	2313	2676	1662	2294	1776
AT5G66540	816	1027	820	174	284	410
AT5G66550	600	646	603	520	515	657
AT5G66558	730	859	772	1142	976	1638
AT5G66560	743	876	780	1133	979	1642
AT5G66562	2	0	5	0	2	0
AT5G66564	0	2	1	0	2	1
AT5G66567	1	2	0	0	2	0
AT5G66568	0	1	0	0	0	0
AT5G66570	147987	185317	180853	159046	179543	113929
AT5G66580	355	381	312	232	286	200
AT5G66590	587	745	560	643	812	527
AT5G66600	305	311	214	106	165	117
AT5G66607	6	7	10	13	18	15
AT5G66610	110	147	84	103	109	226
AT5G66620	116	88	101	253	127	432
AT5G66630	94	129	150	178	151	227
AT5G66631	42	55	58	36	37	72
AT5G66640	38	8	33	194	126	249
AT5G66650	17	26	33	93	77	147
AT5G66658	36	48	67	92	68	74
AT5G66660	1	0	4	9	1	10
AT5G66670	4	2	5	9	9	21
AT5G66675	372	364	366	557	413	671
AT5G66680	3145	3684	3389	3973	3597	5269
AT5G66690	10	16	6	20	28	29
AT5G66700	6	2	1	6	3	5
AT5G66710	4	16	5	5	7	20
AT5G66720	2780	3089	3018	2878	2957	3022
AT5G66730	1919	1853	2144	2093	1677	2128
AT5G66740	773	1077	1155	584	811	468
AT5G66750	418	461	369	111	253	261
AT5G66760	5232	5347	6023	5046	4273	8756
AT5G66770	771	891	823	611	678	654
AT5G66780	3	1	17	5	4	9
AT5G66790	27	15	51	128	87	199
AT5G66800	101	116	97	92	100	165
AT5G66810	797	766	701	654	665	902
AT5G66815	2	1	0	1	0	0
AT5G66816	2	6	2	10	15	5
AT5G66820	692	756	850	577	597	682
AT5G66830	4	6	1	10	6	8
AT5G66840	29	33	37	19	20	47
AT5G66850	1399	1394	1265	1159	1331	1561
AT5G66860	1076	1304	1337	1559	1317	1697
AT5G66870	4	5	8	8	9	10
AT5G66880	194	274	223	485	326	552
AT5G66890	14	0	26	30	12	27
AT5G66900	774	702	671	654	507	787
AT5G66910	380	249	282	551	338	850
AT5G66920	705	901	680	190	351	353
AT5G66930	442	477	454	587	466	709
AT5G66940	34	34	29	7	21	28
AT5G66950	812	791	871	461	578	805
AT5G66960	90	90	49	50	47	86
AT5G66980	0	1	0	1	0	2
AT5G66985	1	1	12	5	1	1
AT5G67010	0	1	0	1	3	1
AT5G67020	30	44	22	40	60	47
AT5G67030	28470	28862	29216	21701	23593	24493
AT5G67050	18	25	12	11	21	8
AT5G67060	1	5	0	3	7	3
AT5G67070	3247	3982	3742	1660	3055	1782
AT5G67080	20	3	39	226	90	227
AT5G67090	33	41	37	25	23	32
AT5G67100	491	525	328	72	145	245
AT5G67110	126	182	158	72	79	119
AT5G67120	1	0	1	2	1	1
AT5G67130	982	1095	981	857	1147	1190
AT5G67140	479	456	536	680	507	675
AT5G67150	1201	1218	1431	1344	1368	1596
AT5G67160	430	535	586	464	394	582
AT5G67170	179	213	153	104	109	175
AT5G67180	277	336	281	305	331	286
AT5G67190	355	394	388	618	490	646
AT5G67200	542	751	584	253	401	436
AT5G67210	253	278	459	519	472	615
AT5G67220	1765	1832	1879	1922	1722	2570
AT5G67230	356	319	378	584	452	640
AT5G67240	1182	1270	1132	338	482	767
AT5G67245	62	59	79	148	60	172
AT5G67250	1626	1710	1797	1676	1376	2394
AT5G67260	2022	2526	2357	2169	2266	2577
AT5G67265	2	2	11	10	6	3
AT5G67270	245	338	259	96	177	182
AT5G67280	1411	1550	1679	1322	1867	1384
AT5G67290	642	638	701	835	770	1110
AT5G67300	3076	3097	5301	12654	5318	12783
AT5G67310	25	5	69	209	61	272
AT5G67320	1134	1134	1158	814	796	1767
AT5G67330	4519	4289	5863	4628	5622	4896
AT5G67340	304	117	252	549	314	960
AT5G67350	516	548	672	709	567	691
AT5G67360	12005	13913	15132	19047	15123	21870
AT5G67370	14035	15575	19709	10153	11982	7140
AT5G67380	1546	1729	1770	1705	1602	1871
AT5G67385	5205	5995	5662	1581	2159	2784
AT5G67390	341	525	461	624	611	557
AT5G67400	0	0	0	0	1	0
AT5G67410	22	21	18	49	20	36
AT5G67411	2	1	4	3	4	3
AT5G67420	2994	3456	3788	4551	4050	3532
AT5G67430	1	0	0	6	1	2
AT5G67440	659	701	596	300	382	389
AT5G67450	37	15	15	121	79	105
AT5G67460	136	241	150	82	107	109
AT5G67470	935	1208	897	563	588	1112
AT5G67480	284	410	1207	682	305	1640
AT5G67488	1236	1225	1582	2511	1560	2435
AT5G67490	1149	1134	1476	2343	1514	2303
AT5G67500	3083	3507	4104	4499	3729	5203
AT5G67510	2380	2667	2354	2788	2418	3085
AT5G67520	135	141	136	216	159	183
AT5G67530	931	994	861	466	548	863
AT5G67540	635	671	757	855	671	967
AT5G67550	19	31	31	19	19	17
AT5G67560	1120	1237	1290	1307	1264	1426
AT5G67570	382	419	333	190	218	508
AT5G67580	798	936	879	792	697	1078
AT5G67590	3231	3796	4138	4979	4012	5134
AT5G67600	2378	2874	3284	4179	2540	3315
AT5G67610	576	643	566	758	654	917
AT5G67620	31	13	20	48	40	38
AT5G67630	770	767	703	529	586	890
AT5G67640	118	129	133	118	97	137
ATCG00010	23	157	74	109	84	78
ATCG00020	50957	6340	1709	3452	3495	2494
ATCG00030	977	619	570	278	370	150
ATCG00040	378	118	101	58	81	43
ATCG00050	40	28	15	16	9	13
ATCG00060	1	0	1	0	1	0
ATCG00065	76	65	43	37	37	31
ATCG00070	499	383	371	293	323	201
ATCG00080	359	402	473	268	282	177
ATCG00090	320	431	414	361	353	160
ATCG00100	923	328	165	100	134	91
ATCG00110	30	34	23	21	32	16
ATCG00120	2271	727	551	435	711	275
ATCG00130	1316	413	283	240	334	193
ATCG00140	1410	375	220	230	288	178
ATCG00150	464	374	299	205	254	156
ATCG00160	95	135	89	43	87	34
ATCG00170	393	102	91	54	107	70
ATCG00180	432	172	138	62	121	134
ATCG00190	797	800	562	163	305	394
ATCG00200	43	24	46	23	36	19
ATCG00210	331	141	104	75	87	89
ATCG00220	10474	21139	23649	26228	19145	14783
ATCG00230	2	6	4	4	0	1
ATCG00240	42	28	34	22	39	9
ATCG00250	33	28	26	25	26	6
ATCG00260	2	2	2	1	3	2
ATCG00270	3302	1679	1332	1410	1546	922
ATCG00280	7422	2071	1417	1934	2163	1219
ATCG00290	304	252	160	121	155	70
ATCG00300	585	617	570	219	297	187
ATCG00310	5	8	16	11	7	1
ATCG00320	5	6	0	18	16	10
ATCG00330	1077	499	353	209	335	126
ATCG00340	6585	1179	650	808	1527	630
ATCG00350	7035	1268	701	894	1758	757
ATCG00360	300	196	170	140	171	89
ATCG00370	76	35	28	17	20	24
ATCG00380	363	200	211	131	165	97
ATCG00390	2565	2801	3065	2284	2149	1307
ATCG00400	2351	2536	2730	1542	1833	986
ATCG00410	82	20	21	18	18	5
ATCG00420	1125	1247	1445	1568	1350	831
ATCG00430	2227	3415	3630	2908	2998	1964
ATCG00440	366	509	490	395	466	219
ATCG00450	3000	2788	3169	1700	2032	1175
ATCG00460	47	136	136	68	67	38
ATCG00470	11146	22963	26335	17998	14077	7544
ATCG00480	24298	32363	42847	31624	24084	13829
ATCG00490	25610	4008	1561	2097	2963	1596
ATCG00500	168	41	42	39	49	33
ATCG00510	95	61	21	36	25	14
ATCG00520	333	92	29	37	48	15
ATCG00530	529	505	419	286	371	262
ATCG00540	824	292	294	258	343	213
ATCG00550	407	223	224	251	202	141
ATCG00560	303	96	61	67	88	60
ATCG00570	239	47	30	35	48	40
ATCG00580	589	152	100	97	110	84
ATCG00590	99	68	52	28	60	33
ATCG00600	67	33	27	19	27	28
ATCG00610	73	36	56	56	42	29
ATCG00620	509	793	888	400	568	237
ATCG00630	1368	1332	1038	1765	1380	894
ATCG00640	249	175	210	149	158	101
ATCG00650	169	213	247	89	117	78
ATCG00660	130	78	74	49	64	26
ATCG00670	1028	1265	1235	837	871	695
ATCG00680	3484	1105	605	807	946	601
ATCG00690	180	57	46	67	63	42
ATCG00700	69	33	19	24	29	14
ATCG00710	458	106	56	54	99	64
ATCG00720	1511	312	134	161	237	132
ATCG00730	1040	287	141	136	200	88
ATCG00740	1523	1883	1824	949	1102	976
ATCG00750	1087	860	862	635	666	743
ATCG00760	507	463	533	286	317	347
ATCG00770	764	1007	1104	649	690	687
ATCG00780	3020	3955	4072	2390	2684	2409
ATCG00790	14370	34289	29930	15364	18829	15844
ATCG00800	3741	8765	7716	2474	3537	3122
ATCG00810	1914	3475	3121	1136	1463	1438
ATCG00820	1053	2022	1786	869	1057	976
ATCG00830	3318	3789	3734	2425	2596	2207
ATCG00840	394	355	385	258	321	234
ATCG00850	9	1	3	2	0	0
ATCG00860	294	126	89	41	91	33
ATCG00870	24	3	1	3	4	2
ATCG00880	4	0	0	0	0	0
ATCG00890	453	176	165	114	168	99
ATCG00900	1917	2477	2814	1409	1825	1593
ATCG00905	1845	2652	2910	1583	2044	1577
ATCG00910	8	2	0	0	0	0
ATCG00920	218571	25846	9905	19198	26524	17860
ATCG00930	1373	574	475	411	485	348
ATCG00940	3527	3509	3822	4194	4248	2875
ATCG00950	450787	70549	31716	56461	70564	45685
ATCG00960	633	76	55	46	110	48
ATCG00970	61	13	6	5	8	3
ATCG00980	11	13	12	4	2	4
ATCG00990	11	1	3	2	1	4
ATCG01000	420	331	391	527	296	425
ATCG01010	307	237	227	313	237	138
ATCG01020	3937	10561	11839	12648	7767	5751
ATCG01030	0	4	5	2	3	1
ATCG01040	50	46	22	35	30	30
ATCG01050	388	104	54	61	68	44
ATCG01060	215	40	15	21	29	18
ATCG01070	110	20	7	11	11	7
ATCG01080	196	66	38	24	41	17
ATCG01090	105	46	36	39	32	20
ATCG01100	777	253	190	188	220	140
ATCG01110	311	200	253	164	152	134
ATCG01120	170	267	342	171	152	136
ATCG01130	4698	12277	12423	6968	6674	6313
ATCG01140	7	5	2	0	5	2
ATCG01150	17	11	3	4	10	1
ATCG01160	52	9	10	4	6	3
ATCG01170	751	94	46	37	107	39
ATCG01180	497175	78961	35614	63480	79503	52273
ATCG01190	3688	3670	4002	4488	4530	3059
ATCG01200	1467	681	583	468	524	416
ATCG01210	230242	29469	10769	21499	29785	20449
ATCG01220	6	3	0	0	0	0
ATCG01230	1713	2603	2493	1655	1790	1860
ATCG01240	1863	2272	2223	1473	1614	1750
ATCG01250	418	142	171	108	111	74
ATCG01260	1	1	1	0	0	0
ATCG01270	26	7	9	0	4	2
ATCG01280	305	135	98	67	97	48
ATCG01290	3	2	3	0	0	0
ATCG01300	384	342	381	244	285	235
ATCG01310	3859	4608	4562	2902	2955	2751
ATMG00010	7	4	1	3	5	0
ATMG00020	20431	4439	2889	4828	5232	5643
ATMG00030	5079	1922	1761	5426	3233	3651
ATMG00040	40	49	32	45	43	59
ATMG00050	1	8	5	5	3	5
ATMG00060	478	418	485	479	429	428
ATMG00070	103	51	39	38	40	33
ATMG00080	72	51	35	26	26	25
ATMG00090	856	930	714	581	650	594
ATMG00100	6	3	2	1	3	4
ATMG00110	42	41	47	28	38	14
ATMG00120	5	3	4	5	2	2
ATMG00130	5	8	4	2	2	3
ATMG00140	7	12	4	8	4	3
ATMG00150	2	2	5	1	1	2
ATMG00160	475	563	565	743	602	593
ATMG00170	17	18	9	10	10	14
ATMG00180	144	132	127	161	163	120
ATMG00190	4	5	3	2	0	2
ATMG00200	12	8	1	1	2	3
ATMG00210	40	14	21	13	15	20
ATMG00220	62	18	11	22	19	22
ATMG00230	2	0	0	1	0	1
ATMG00240	0	1	2	1	1	1
ATMG00250	1	1	0	4	3	0
ATMG00260	1	2	1	0	0	0
ATMG00270	25	6	3	7	5	3
ATMG00280	4	0	4	2	8	1
ATMG00285	76	34	27	29	24	55
ATMG00290	15	6	13	12	19	12
ATMG00300	4	3	3	4	0	2
ATMG00310	2	1	1	0	2	1
ATMG00320	2	1	1	0	2	1
ATMG00330	19	13	23	23	24	21
ATMG00340	7	1	6	4	5	6
ATMG00350	3	3	0	4	4	2
ATMG00360	0	1	0	0	0	1
ATMG00370	23	19	13	15	18	9
ATMG00380	12	4	6	6	6	2
ATMG00390	1	0	0	0	0	0
ATMG00400	4	3	2	0	0	1
ATMG00410	66	38	36	33	37	30
ATMG00420	1	0	1	1	2	0
ATMG00430	1	2	3	3	1	2
ATMG00440	2	2	2	1	0	2
ATMG00450	4	3	3	2	2	2
ATMG00460	1	1	3	2	0	4
ATMG00470	3	6	6	4	4	5
ATMG00480	80	79	66	78	81	72
ATMG00490	19	16	10	13	8	7
ATMG00500	16	8	14	11	18	10
ATMG00510	746	800	703	843	784	857
ATMG00513	183	165	153	146	147	122
ATMG00516	221	123	104	116	142	147
ATMG00520	85	56	41	40	64	65
ATMG00530	2	2	1	4	7	2
ATMG00540	2	0	1	2	4	1
ATMG00550	1	3	0	1	2	0
ATMG00560	281	298	295	345	281	357
ATMG00570	12	8	8	5	3	8
ATMG00580	573	521	461	610	654	674
ATMG00590	68	111	67	70	97	111
ATMG00600	2	3	1	1	0	0
ATMG00610	20	22	22	16	12	24
ATMG00620	15	19	23	16	7	15
ATMG00630	14	12	11	2	9	6
ATMG00640	161	63	50	80	79	91
ATMG00650	139	58	53	76	67	85
ATMG00660	118	215	140	138	124	144
ATMG00665	23	20	12	28	24	25
ATMG00670	92	96	91	168	122	103
ATMG00680	2	3	1	0	1	2
ATMG00690	108	114	96	139	104	69
ATMG00700	1	1	3	3	2	1
ATMG00710	0	4	4	0	0	3
ATMG00720	8	7	0	0	3	2
ATMG00730	82	33	15	28	26	26
ATMG00740	0	2	2	0	1	1
ATMG00750	0	0	2	0	0	0
ATMG00760	0	0	0	1	0	0
ATMG00770	0	0	0	0	1	0
ATMG00780	17	17	9	13	13	15
ATMG00790	2	2	0	2	3	0
ATMG00800	0	0	0	1	0	0
ATMG00810	15	10	16	8	13	11
ATMG00820	8	4	2	3	1	2
ATMG00830	11	18	15	9	13	16
ATMG00840	2	2	0	0	0	0
ATMG00850	0	0	2	0	0	0
ATMG00860	0	0	1	0	1	0
ATMG00870	0	0	2	0	0	1
ATMG00880	0	0	1	0	0	0
ATMG00890	4	1	1	0	1	0
ATMG00900	4	2	8	4	3	4
ATMG00910	0	1	0	0	0	0
ATMG00920	4	7	4	5	5	1
ATMG00930	1	0	0	3	1	1
ATMG00940	1	7	2	2	0	2
ATMG00950	1	0	0	3	0	0
ATMG00960	19	14	10	14	17	18
ATMG00970	2	6	3	4	6	2
ATMG00980	22	23	22	19	26	26
ATMG00990	22	19	14	10	7	9
ATMG01000	9	8	10	5	8	10
ATMG01010	15	11	7	12	15	12
ATMG01020	11	13	4	18	15	10
ATMG01030	2	5	1	11	7	5
ATMG01040	0	2	1	0	0	1
ATMG01050	3	8	4	6	9	2
ATMG01060	6	9	11	9	14	6
ATMG01080	363	281	227	330	284	283
ATMG01090	110	144	136	166	190	164
ATMG01100	3	3	1	1	1	2
ATMG01110	5	2	1	2	3	3
ATMG01120	89	56	37	63	71	45
ATMG01130	22	23	16	19	14	15
ATMG01140	7	2	1	0	0	0
ATMG01150	0	0	2	0	6	4
ATMG01160	0	0	0	1	2	1
ATMG01170	135	123	116	136	138	101
ATMG01180	6	4	3	0	1	2
ATMG01190	296	152	145	146	145	169
ATMG01200	90	43	36	74	51	54
ATMG01210	7	4	2	9	3	5
ATMG01220	21	5	19	17	10	14
ATMG01230	1	0	1	0	0	0
ATMG01240	0	0	1	0	1	0
ATMG01250	2	2	0	0	1	1
ATMG01260	3	1	4	5	2	4
ATMG01270	19	14	11	7	9	11
ATMG01275	23	8	12	11	7	12
ATMG01280	65	35	27	60	47	38
ATMG01290	4	5	4	3	3	0
ATMG01300	4	1	1	4	2	3
ATMG01310	1	2	0	1	2	4
ATMG01320	349	434	420	384	381	345
ATMG01330	2	3	2	6	4	0
ATMG01340	4	1	1	3	1	1
ATMG01350	12	6	7	6	6	6
ATMG01360	349	97	82	117	136	124
ATMG01370	137	166	151	122	140	93
ATMG01380	59	66	49	102	103	66
ATMG01390	15961	3845	2254	3033	3939	3110
ATMG01400	0	3	0	1	0	1
ATMG01410	21	17	17	20	33	13
