Geneid	Liu_CMV_Rep1	Liu_CMV_Rep2	Liu_Mock_Rep1	Liu_Mock_Rep2
AT1G01010	1344	1325	72	53
AT1G01020	394	403	239	234
AT1G01030	21	22	27	29
AT1G01040	1850	1918	1265	1189
AT1G01046	2	0	2	2
AT1G01050	1317	1459	886	851
AT1G01060	214	199	45	36
AT1G01070	223	248	244	46
AT1G01080	773	792	1306	1370
AT1G01090	2812	2975	3697	3535
AT1G01100	5402	5652	3435	2207
AT1G01110	126	111	129	73
AT1G01120	2274	2378	1000	1571
AT1G01130	156	187	68	52
AT1G01140	1690	1822	1042	1392
AT1G01150	6	6	4	2
AT1G01160	1250	1333	945	951
AT1G01170	1494	1556	1151	1307
AT1G01180	345	342	174	297
AT1G01183	0	1	0	0
AT1G01190	26	22	52	31
AT1G01200	21	24	33	21
AT1G01210	288	248	198	175
AT1G01220	468	538	622	677
AT1G01225	88	90	69	54
AT1G01230	829	814	507	569
AT1G01240	994	1087	945	1326
AT1G01250	12	22	37	39
AT1G01260	526	589	389	405
AT1G01290	534	640	353	369
AT1G01300	3435	3825	2644	2021
AT1G01310	1	7	0	0
AT1G01320	4778	4963	6265	6714
AT1G01340	324	282	148	199
AT1G01350	640	668	463	430
AT1G01355	10	8	7	16
AT1G01360	167	185	313	339
AT1G01370	111	130	115	40
AT1G01380	16	17	25	19
AT1G01390	11	7	70	58
AT1G01400	0	1	0	0
AT1G01420	119	125	303	283
AT1G01430	1187	1202	1377	1655
AT1G01440	655	688	508	608
AT1G01448	355	351	431	462
AT1G01450	109	141	165	188
AT1G01453	5	7	1	1
AT1G01460	0	0	0	1
AT1G01470	7081	7304	2100	2244
AT1G01480	127	126	1	1
AT1G01490	1765	1825	1773	1924
AT1G01500	463	480	484	540
AT1G01510	829	879	900	796
AT1G01520	19	17	9	4
AT1G01530	20	14	5	1
AT1G01540	1679	1815	1676	2267
AT1G01550	5722	5909	3075	3490
AT1G01560	2167	2136	212	124
AT1G01570	37	31	27	15
AT1G01580	11	12	29	23
AT1G01590	20	16	21	24
AT1G01600	232	225	131	94
AT1G01610	961	975	1117	1214
AT1G01620	3353	3530	4871	6732
AT1G01630	1400	1395	1112	1344
AT1G01640	617	633	97	84
AT1G01650	1664	1771	938	1002
AT1G01660	109	138	74	52
AT1G01670	132	155	79	91
AT1G01680	1598	1739	1	7
AT1G01690	159	160	122	77
AT1G01695	19	26	13	15
AT1G01700	115	116	66	90
AT1G01710	1483	1606	947	975
AT1G01720	821	914	538	486
AT1G01725	337	304	173	237
AT1G01730	856	867	421	410
AT1G01740	132	108	197	208
AT1G01750	25	25	25	27
AT1G01760	39	47	55	59
AT1G01770	347	360	446	452
AT1G01780	234	231	232	257
AT1G01790	727	791	2361	2859
AT1G01800	1338	1414	924	966
AT1G01810	31	29	9	6
AT1G01820	1818	1874	1501	1697
AT1G01830	310	371	604	625
AT1G01840	29	35	46	38
AT1G01860	268	277	336	337
AT1G01880	36	63	40	26
AT1G01900	113	90	103	113
AT1G01910	1011	971	897	901
AT1G01920	639	618	484	340
AT1G01930	429	373	288	328
AT1G01940	740	736	428	329
AT1G01950	560	649	408	409
AT1G01960	1972	2038	2002	2177
AT1G01970	366	379	428	447
AT1G01980	1	0	0	0
AT1G01990	679	739	698	691
AT1G02000	336	389	238	254
AT1G02010	244	277	294	266
AT1G02020	375	344	402	420
AT1G02030	3	8	3	0
AT1G02050	198	244	167	160
AT1G02060	93	130	136	120
AT1G02065	82	81	105	37
AT1G02070	12	10	9	4
AT1G02074	1	0	1	1
AT1G02080	3236	3417	2669	2533
AT1G02090	1218	1243	854	696
AT1G02100	1143	1249	716	764
AT1G02110	592	602	756	614
AT1G02120	2991	3260	2531	2643
AT1G02130	1273	1377	744	777
AT1G02140	2989	3064	1942	1667
AT1G02145	642	722	527	531
AT1G02150	888	905	2026	2041
AT1G02160	645	690	492	573
AT1G02170	1461	1499	750	787
AT1G02180	113	98	101	76
AT1G02190	10	12	16	0
AT1G02205	2205	2355	1327	937
AT1G02220	161	157	53	34
AT1G02230	30	27	52	64
AT1G02250	5	2	1	1
AT1G02260	367	368	429	421
AT1G02270	1454	1517	764	778
AT1G02280	759	783	1024	1002
AT1G02290	241	240	241	197
AT1G02300	1005	1102	932	1212
AT1G02305	3166	3182	1655	2252
AT1G02310	59	76	6	1
AT1G02320	0	1	0	0
AT1G02330	707	771	560	454
AT1G02335	32	23	24	26
AT1G02340	69	67	51	103
AT1G02350	34	52	54	69
AT1G02360	175	214	80	114
AT1G02370	202	199	202	134
AT1G02380	180	176	83	156
AT1G02390	360	413	232	303
AT1G02400	261	330	83	56
AT1G02405	26	25	17	21
AT1G02410	588	545	457	385
AT1G02420	54	52	71	58
AT1G02430	115	116	58	48
AT1G02440	22	20	7	14
AT1G02450	444	457	160	153
AT1G02460	67	102	75	100
AT1G02470	106	112	22	31
AT1G02475	925	1095	890	1019
AT1G02490	3	2	0	0
AT1G02500	8696	8951	6209	6381
AT1G02510	4	0	0	0
AT1G02520	46	47	20	7
AT1G02530	5	2	12	4
AT1G02550	3	0	0	0
AT1G02560	4735	4735	5139	6481
AT1G02570	2	2	0	0
AT1G02575	0	0	1	0
AT1G02580	29	31	1	1
AT1G02610	436	455	284	582
AT1G02620	1	2	18	48
AT1G02630	9	12	37	8
AT1G02640	112	162	611	748
AT1G02650	17	8	37	52
AT1G02660	1074	1088	679	1278
AT1G02670	47	35	47	30
AT1G02680	373	415	250	297
AT1G02690	233	278	274	133
AT1G02700	13	15	8	10
AT1G02710	66	76	40	52
AT1G02720	181	204	235	204
AT1G02730	667	749	825	372
AT1G02740	421	455	217	209
AT1G02750	475	471	202	211
AT1G02770	19	26	8	5
AT1G02780	18969	19883	14823	10473
AT1G02790	0	0	0	1
AT1G02800	87	81	188	69
AT1G02810	71	83	31	16
AT1G02816	303	341	203	319
AT1G02820	30	40	37	32
AT1G02840	2638	2855	2055	1994
AT1G02850	487	500	324	375
AT1G02860	331	314	283	374
AT1G02870	796	831	543	356
AT1G02880	627	635	533	493
AT1G02890	1506	1611	1628	1648
AT1G02900	62	58	37	17
AT1G02910	652	730	840	966
AT1G02920	8928	9187	1357	1380
AT1G02930	13275	13624	3319	2257
AT1G02940	28	41	23	9
AT1G02950	47	33	25	31
AT1G02952	24	12	8	13
AT1G02960	539	615	529	531
AT1G02970	46	52	63	24
AT1G02980	0	0	1	0
AT1G02990	493	469	458	455
AT1G03000	591	564	629	683
AT1G03010	13	18	74	51
AT1G03020	26	29	5	1
AT1G03030	521	531	285	269
AT1G03040	1467	1512	909	763
AT1G03050	1	1	0	0
AT1G03055	31	45	77	64
AT1G03060	1420	1531	1277	1147
AT1G03070	9	7	5	8
AT1G03080	3283	3659	1870	1632
AT1G03090	616	705	734	942
AT1G03100	81	102	74	73
AT1G03110	249	272	220	135
AT1G03120	6	5	7	3
AT1G03130	12054	12473	33292	45499
AT1G03140	1210	1340	1187	1253
AT1G03150	422	472	310	427
AT1G03160	883	981	1361	1494
AT1G03170	18	26	11	2
AT1G03180	68	55	59	45
AT1G03190	353	402	254	191
AT1G03200	84	84	41	37
AT1G03210	937	863	340	338
AT1G03220	1918	2018	1537	1323
AT1G03230	810	765	569	529
AT1G03240	0	3	0	2
AT1G03250	762	804	512	591
AT1G03260	315	342	220	221
AT1G03270	87	86	101	75
AT1G03280	1135	1240	805	856
AT1G03290	1614	1698	628	781
AT1G03300	237	287	140	202
AT1G03310	693	740	1429	1477
AT1G03320	0	1	2	3
AT1G03330	908	1064	576	500
AT1G03340	90	83	78	80
AT1G03350	998	1166	822	884
AT1G03360	273	258	262	147
AT1G03365	479	479	391	405
AT1G03370	1734	1914	1084	1455
AT1G03380	878	949	833	1016
AT1G03390	1	0	1	2
AT1G03400	1367	1396	773	1153
AT1G03410	725	747	957	901
AT1G03430	1010	1029	622	621
AT1G03440	227	219	198	220
AT1G03445	2	2	0	0
AT1G03457	170	185	176	205
AT1G03470	135	132	80	93
AT1G03475	2844	2938	3737	3985
AT1G03495	698	715	650	322
AT1G03502	5	10	1	10
AT1G03506	3	3	3	7
AT1G03510	70	64	40	26
AT1G03520	325	309	252	306
AT1G03530	432	462	423	285
AT1G03540	26	26	42	39
AT1G03545	414	450	194	200
AT1G03550	718	738	289	318
AT1G03560	221	214	253	255
AT1G03590	510	540	315	378
AT1G03600	2661	3087	4899	5839
AT1G03610	1159	1239	702	780
AT1G03620	268	268	93	56
AT1G03630	1726	1770	3827	4572
AT1G03650	70	106	75	66
AT1G03660	53	46	4	2
AT1G03670	4	0	1	0
AT1G03680	4102	4339	5229	6693
AT1G03687	249	252	267	220
AT1G03700	1	0	1	0
AT1G03710	7	8	12	3
AT1G03730	618	646	392	375
AT1G03740	1693	1694	2655	3322
AT1G03743	6	2	2	1
AT1G03746	2	1	0	0
AT1G03750	247	216	173	144
AT1G03760	472	447	273	183
AT1G03770	226	260	168	107
AT1G03780	295	318	251	152
AT1G03790	1	0	1	0
AT1G03800	6	10	9	5
AT1G03820	486	429	244	92
AT1G03830	332	358	346	195
AT1G03840	16	27	24	8
AT1G03850	445	475	48	88
AT1G03860	1762	1838	1136	935
AT1G03870	3150	3260	2194	4893
AT1G03890	0	0	1	0
AT1G03900	2787	2834	1769	1678
AT1G03905	107	121	32	30
AT1G03910	1372	1442	1146	1016
AT1G03920	17	22	25	13
AT1G03930	902	883	1170	1155
AT1G03935	28	45	18	24
AT1G03940	554	700	507	224
AT1G03950	554	525	273	322
AT1G03960	505	516	407	407
AT1G03970	1378	1439	847	934
AT1G03980	755	837	439	491
AT1G03990	102	96	76	85
AT1G04000	219	185	220	193
AT1G04010	267	252	283	248
AT1G04020	130	131	209	112
AT1G04030	736	833	753	816
AT1G04040	1465	1635	2143	2457
AT1G04050	115	120	137	59
AT1G04070	265	273	91	87
AT1G04080	3665	3699	2354	2167
AT1G04090	7	9	10	3
AT1G04100	107	102	86	64
AT1G04110	23	23	37	42
AT1G04120	2239	2229	1267	822
AT1G04130	353	349	182	118
AT1G04140	2097	2057	1763	1961
AT1G04150	7	3	5	0
AT1G04160	160	154	228	199
AT1G04170	1963	1938	1704	1218
AT1G04180	9	7	14	31
AT1G04190	695	723	520	365
AT1G04200	1519	1479	683	697
AT1G04210	978	1070	802	777
AT1G04220	178	152	109	52
AT1G04230	338	342	186	230
AT1G04240	900	881	943	1592
AT1G04250	243	248	262	199
AT1G04260	716	808	371	370
AT1G04270	7024	7218	4828	3452
AT1G04280	718	760	360	455
AT1G04290	511	575	293	306
AT1G04295	262	308	175	180
AT1G04300	2962	3098	2138	2246
AT1G04310	138	157	125	77
AT1G04330	18	9	7	4
AT1G04340	724	760	341	275
AT1G04350	1163	1196	745	884
AT1G04360	24	28	34	44
AT1G04370	17	9	4	0
AT1G04380	10	10	3	4
AT1G04390	276	273	233	234
AT1G04400	2841	3103	3638	4267
AT1G04410	15059	15900	9950	8858
AT1G04420	784	796	1573	1914
AT1G04425	142	182	122	44
AT1G04430	4238	4184	3934	5243
AT1G04440	2926	2966	1405	1779
AT1G04445	6	7	0	1
AT1G04470	3	0	0	0
AT1G04480	2775	2989	1734	1377
AT1G04490	93	96	14	7
AT1G04500	6	3	3	4
AT1G04510	1242	1308	872	706
AT1G04520	234	273	306	104
AT1G04530	1459	1474	935	957
AT1G04540	114	121	62	47
AT1G04550	618	618	411	292
AT1G04555	344	363	152	189
AT1G04570	51	50	77	68
AT1G04580	4	1	1	1
AT1G04590	539	577	372	295
AT1G04600	504	588	21	18
AT1G04610	0	0	0	2
AT1G04620	334	326	454	442
AT1G04625	3	0	0	0
AT1G04630	631	708	468	405
AT1G04635	44	41	49	34
AT1G04640	476	437	617	657
AT1G04645	2	1	0	3
AT1G04650	71	74	88	44
AT1G04660	33	39	92	29
AT1G04670	1	6	0	0
AT1G04680	2994	3146	3010	2813
AT1G04690	2631	2770	1932	1872
AT1G04700	40	46	43	16
AT1G04710	591	681	417	373
AT1G04730	114	149	199	104
AT1G04750	2722	2803	1759	1564
AT1G04760	74	80	86	45
AT1G04770	670	663	648	421
AT1G04778	8	4	1	3
AT1G04780	1931	2023	1405	1417
AT1G04790	637	687	499	451
AT1G04800	75	68	331	496
AT1G04810	1469	1408	1062	1022
AT1G04820	6532	6993	9899	7820
AT1G04830	528	608	425	438
AT1G04840	43	61	29	24
AT1G04850	2854	2882	1921	1643
AT1G04860	654	629	572	570
AT1G04870	884	942	652	484
AT1G04880	5	4	6	0
AT1G04900	294	342	271	147
AT1G04910	958	1049	839	838
AT1G04920	20	23	45	30
AT1G04930	105	108	97	95
AT1G04940	665	750	947	921
AT1G04945	995	1055	1111	1042
AT1G04950	647	691	581	607
AT1G04960	769	779	476	542
AT1G04970	833	884	540	607
AT1G04980	1969	2126	205	146
AT1G04985	860	866	820	825
AT1G04990	2189	2283	821	782
AT1G05000	100	93	11	11
AT1G05010	9555	9900	5082	5420
AT1G05020	68	61	40	46
AT1G05030	366	269	404	498
AT1G05040	0	3	0	1
AT1G05055	240	256	164	144
AT1G05060	920	980	423	411
AT1G05065	26	18	41	44
AT1G05070	551	587	498	489
AT1G05080	1	0	0	0
AT1G05085	17	14	0	0
AT1G05090	391	408	325	324
AT1G05100	54	70	18	11
AT1G05120	851	769	466	447
AT1G05136	11	6	12	23
AT1G05140	675	727	821	975
AT1G05150	750	720	665	687
AT1G05160	402	405	250	244
AT1G05170	408	501	361	357
AT1G05180	995	970	655	499
AT1G05190	4125	4371	8397	9090
AT1G05200	1211	1268	1090	1159
AT1G05205	481	541	285	243
AT1G05210	108	112	87	74
AT1G05220	86	90	80	62
AT1G05230	437	512	483	464
AT1G05240	1	5	0	0
AT1G05250	1	1	3	3
AT1G05260	39	44	23	10
AT1G05270	765	857	504	556
AT1G05300	553	550	176	220
AT1G05310	14	7	25	64
AT1G05320	310	330	583	482
AT1G05330	2	8	0	0
AT1G05340	313	340	30	46
AT1G05350	825	865	568	532
AT1G05360	224	262	197	172
AT1G05370	120	87	83	16
AT1G05380	599	644	679	637
AT1G05385	220	218	352	415
AT1G05400	62	58	11	22
AT1G05410	398	481	268	243
AT1G05420	107	147	46	35
AT1G05430	821	844	546	562
AT1G05440	51	36	46	22
AT1G05450	4	4	0	1
AT1G05460	295	354	438	303
AT1G05470	318	319	329	179
AT1G05490	113	121	119	24
AT1G05500	1045	1113	930	926
AT1G05510	9	9	2	3
AT1G05520	1062	1055	753	731
AT1G05540	22	13	59	75
AT1G05550	8	4	2	7
AT1G05560	248	232	939	816
AT1G05562	179	172	584	552
AT1G05570	3161	3177	1680	1464
AT1G05575	409	448	183	182
AT1G05577	2	4	1	3
AT1G05590	464	475	471	490
AT1G05600	89	133	109	114
AT1G05610	5	9	13	5
AT1G05620	593	631	366	282
AT1G05630	823	826	936	1111
AT1G05640	128	148	111	63
AT1G05670	136	141	125	124
AT1G05675	93	136	186	96
AT1G05680	19	24	18	14
AT1G05690	78	79	46	66
AT1G05700	1	5	0	0
AT1G05710	1122	1131	350	53
AT1G05720	1262	1300	566	621
AT1G05730	201	223	107	76
AT1G05740	0	2	1	0
AT1G05750	166	139	135	138
AT1G05760	28	18	18	11
AT1G05770	5	4	3	0
AT1G05780	214	254	130	156
AT1G05785	249	295	106	97
AT1G05790	506	536	500	519
AT1G05800	20	13	0	0
AT1G05805	1354	1360	1459	1983
AT1G05810	230	261	191	340
AT1G05820	74	57	40	46
AT1G05830	1019	1030	934	957
AT1G05835	319	303	202	88
AT1G05840	670	774	524	667
AT1G05850	16405	17342	18729	21020
AT1G05860	323	364	273	295
AT1G05870	493	535	499	406
AT1G05880	65	58	0	0
AT1G05890	2156	2270	1393	1501
AT1G05894	10	6	10	13
AT1G05900	355	388	342	415
AT1G05910	944	936	626	473
AT1G05930	0	0	0	2
AT1G05940	1315	1356	784	834
AT1G05950	322	307	183	76
AT1G05960	992	1117	1142	1263
AT1G05970	149	156	121	102
AT1G05990	3	7	2	1
AT1G06000	2126	2271	982	561
AT1G06002	1246	1296	592	326
AT1G06010	276	278	199	157
AT1G06020	9	11	7	8
AT1G06030	3	7	0	0
AT1G06040	3719	3881	4021	4583
AT1G06050	249	301	154	166
AT1G06060	518	493	439	479
AT1G06070	622	734	485	429
AT1G06080	44	30	36	35
AT1G06090	10	19	23	1
AT1G06100	68	83	91	35
AT1G06110	794	865	613	670
AT1G06130	1231	1285	693	716
AT1G06135	4	3	1	0
AT1G06137	1	3	0	0
AT1G06140	26	32	26	20
AT1G06148	37	20	6	3
AT1G06149	1141	1194	863	627
AT1G06150	1219	1281	934	710
AT1G06160	63	72	531	479
AT1G06170	2	10	4	4
AT1G06180	323	399	179	100
AT1G06190	1093	1118	1677	1651
AT1G06200	1261	1233	1047	1005
AT1G06210	907	984	611	564
AT1G06220	1264	1264	1178	1124
AT1G06230	1891	1910	1532	1503
AT1G06240	242	246	277	274
AT1G06250	64	66	37	53
AT1G06260	109	120	90	99
AT1G06265	260	286	201	215
AT1G06270	104	100	97	87
AT1G06290	1279	1408	987	1127
AT1G06330	2	1	0	0
AT1G06340	1	0	0	0
AT1G06350	88	80	33	18
AT1G06360	781	821	864	909
AT1G06380	273	272	207	167
AT1G06390	1473	1566	1152	1173
AT1G06400	2271	2466	1387	1694
AT1G06410	3436	3780	2606	3538
AT1G06420	58	74	112	35
AT1G06430	1907	2044	1456	1758
AT1G06440	65	73	49	26
AT1G06450	231	270	160	161
AT1G06460	3393	3537	5569	7019
AT1G06470	776	723	626	627
AT1G06475	77	71	27	19
AT1G06490	59	90	70	20
AT1G06500	388	374	372	350
AT1G06510	479	488	469	546
AT1G06515	583	579	385	567
AT1G06520	67	78	32	25
AT1G06530	1348	1477	1350	1141
AT1G06540	10	11	3	2
AT1G06550	978	1093	818	591
AT1G06560	511	517	316	238
AT1G06570	592	613	651	875
AT1G06580	120	112	77	90
AT1G06590	290	317	199	142
AT1G06620	3177	3244	283	161
AT1G06630	895	920	580	663
AT1G06640	5070	5161	3617	2676
AT1G06645	309	337	261	330
AT1G06650	2534	2639	1146	1463
AT1G06660	68	68	85	28
AT1G06670	1263	1325	1069	814
AT1G06680	26114	26841	74999	96179
AT1G06690	636	637	804	867
AT1G06700	2024	2201	1449	1594
AT1G06710	194	222	151	124
AT1G06720	1055	1004	999	554
AT1G06730	257	244	242	173
AT1G06750	87	72	42	40
AT1G06760	2624	2627	2129	1783
AT1G06770	264	287	148	159
AT1G06780	690	714	323	289
AT1G06790	369	420	244	183
AT1G06800	313	386	290	312
AT1G06810	5	4	3	0
AT1G06820	703	703	759	758
AT1G06830	67	77	62	43
AT1G06840	751	733	454	481
AT1G06850	284	324	321	248
AT1G06870	468	488	322	269
AT1G06880	2	2	0	1
AT1G06890	1601	1704	1119	1054
AT1G06900	661	704	755	681
AT1G06910	151	144	132	117
AT1G06920	0	4	0	0
AT1G06930	0	0	1	1
AT1G06950	2219	2313	3048	2563
AT1G06960	551	541	433	391
AT1G06970	7	2	4	0
AT1G06980	36	32	107	165
AT1G07000	2143	2249	779	941
AT1G07010	802	838	922	921
AT1G07020	702	880	322	346
AT1G07030	447	575	438	357
AT1G07040	627	617	638	779
AT1G07050	68	66	396	324
AT1G07060	1	2	3	1
AT1G07070	385	378	472	330
AT1G07080	3627	3758	2520	2641
AT1G07090	417	464	358	311
AT1G07110	1511	1568	1970	2411
AT1G07119	47	45	21	29
AT1G07120	45	49	28	25
AT1G07128	186	204	154	180
AT1G07130	212	238	186	203
AT1G07135	6987	7043	2900	2950
AT1G07140	3622	3898	3471	3030
AT1G07150	112	87	77	56
AT1G07160	16	4	0	1
AT1G07170	402	445	316	375
AT1G07175	1	0	10	1
AT1G07180	250	270	849	1074
AT1G07200	307	323	518	427
AT1G07210	815	822	667	548
AT1G07220	1251	1300	364	270
AT1G07230	1533	1538	1098	1233
AT1G07240	702	739	1066	1330
AT1G07250	523	505	1039	1212
AT1G07260	54	67	83	45
AT1G07270	15	20	33	18
AT1G07280	2276	2484	3853	4348
AT1G07290	36	40	37	35
AT1G07300	240	233	134	94
AT1G07310	1163	1271	1120	1272
AT1G07320	2633	2863	6442	6461
AT1G07330	0	3	2	4
AT1G07340	1	0	0	0
AT1G07350	980	1051	754	630
AT1G07360	1628	1692	955	881
AT1G07370	321	369	468	187
AT1G07380	294	278	230	229
AT1G07390	209	192	83	36
AT1G07400	51	46	19	4
AT1G07410	73	85	56	26
AT1G07420	987	970	903	982
AT1G07430	180	166	103	78
AT1G07440	507	534	947	1116
AT1G07450	3	6	28	35
AT1G07470	974	978	557	572
AT1G07473	8	4	2	2
AT1G07476	1	0	0	0
AT1G07480	901	936	639	599
AT1G07485	34	42	45	37
AT1G07490	27	29	40	34
AT1G07500	109	95	10	8
AT1G07510	1088	1115	630	512
AT1G07520	342	359	183	194
AT1G07530	1107	1078	738	752
AT1G07540	3	0	0	0
AT1G07570	194	175	177	122
AT1G07590	26306	27095	10294	6588
AT1G07600	526	450	231	143
AT1G07610	314	355	330	94
AT1G07615	232	257	262	172
AT1G07620	297	354	118	167
AT1G07630	1099	1097	594	626
AT1G07640	503	506	320	301
AT1G07650	2777	3021	1993	2565
AT1G07660	451	483	354	289
AT1G07670	2112	2246	1072	884
AT1G07680	0	0	0	1
AT1G07700	1173	1204	872	954
AT1G07705	701	737	478	439
AT1G07710	21	30	9	15
AT1G07720	1250	1341	784	1082
AT1G07725	310	277	253	270
AT1G07728	324	283	255	279
AT1G07730	63	58	39	25
AT1G07740	143	152	125	88
AT1G07745	231	226	174	190
AT1G07747	1	0	0	0
AT1G07750	1306	1438	446	326
AT1G07770	7080	7519	4458	3457
AT1G07780	291	296	292	263
AT1G07790	504	550	506	321
AT1G07810	1163	1262	860	894
AT1G07820	1162	1200	1491	1130
AT1G07830	533	560	402	244
AT1G07840	532	534	462	349
AT1G07850	2	1	0	0
AT1G07860	12	7	2	0
AT1G07870	785	872	261	143
AT1G07880	174	151	150	93
AT1G07885	1	3	2	0
AT1G07890	14255	15005	8196	6859
AT1G07900	137	162	17	17
AT1G07901	50	65	67	59
AT1G07910	447	474	533	551
AT1G07920	19140	19745	10054	8803
AT1G07930	11441	12126	7841	6195
AT1G07940	12164	13345	7361	5974
AT1G07950	410	506	278	264
AT1G07960	747	845	458	430
AT1G07970	543	635	408	289
AT1G07980	471	427	271	242
AT1G07985	40	33	17	31
AT1G07990	1465	1518	1196	1288
AT1G08000	259	254	211	206
AT1G08005	3	0	2	2
AT1G08010	527	524	412	360
AT1G08030	571	585	444	429
AT1G08035	7	3	4	2
AT1G08040	884	914	670	552
AT1G08050	888	927	70	51
AT1G08060	617	666	601	584
AT1G08070	55	44	38	36
AT1G08080	22	10	9	3
AT1G08090	15	17	18	32
AT1G08110	2632	2828	2251	2600
AT1G08115	37	29	16	10
AT1G08120	1	1	2	1
AT1G08125	631	543	449	441
AT1G08130	471	536	506	429
AT1G08160	115	101	53	49
AT1G08165	7	11	8	16
AT1G08170	1	0	0	1
AT1G08180	117	127	91	73
AT1G08190	1396	1587	2173	1947
AT1G08200	6798	7062	5552	5254
AT1G08210	502	600	388	386
AT1G08220	216	206	143	91
AT1G08230	305	313	370	421
AT1G08250	152	173	146	173
AT1G08260	547	570	578	330
AT1G08270	225	213	140	90
AT1G08280	97	103	129	92
AT1G08290	302	341	73	7
AT1G08300	157	169	144	133
AT1G08310	20	27	8	3
AT1G08315	326	344	239	236
AT1G08320	20	19	7	2
AT1G08340	21	17	12	8
AT1G08350	262	288	204	176
AT1G08360	6903	7222	5195	3701
AT1G08370	1116	1173	747	717
AT1G08380	20495	21391	43194	55907
AT1G08390	123	114	134	128
AT1G08400	184	151	122	111
AT1G08410	624	629	544	364
AT1G08420	1544	1799	1151	1290
AT1G08430	5	1	2	8
AT1G08440	20	20	23	9
AT1G08450	24382	25754	2229	2440
AT1G08460	847	927	545	680
AT1G08465	740	728	380	378
AT1G08470	373	404	382	333
AT1G08480	1491	1554	978	943
AT1G08490	705	741	690	732
AT1G08500	134	155	43	46
AT1G08510	3388	3547	3401	4522
AT1G08520	2262	2491	4370	5139
AT1G08530	496	509	353	336
AT1G08540	1141	1149	2031	2313
AT1G08550	1010	1032	2605	3085
AT1G08560	509	483	527	244
AT1G08570	1370	1439	1255	1392
AT1G08580	1369	1370	817	441
AT1G08590	145	148	165	162
AT1G08592	118	123	138	144
AT1G08600	866	871	634	516
AT1G08610	159	193	223	172
AT1G08620	970	937	592	568
AT1G08630	98	99	53	31
AT1G08640	1319	1459	1371	1317
AT1G08650	958	969	774	644
AT1G08660	1059	1022	975	1063
AT1G08680	803	826	638	657
AT1G08700	716	751	727	614
AT1G08710	388	371	292	319
AT1G08720	1040	1075	557	640
AT1G08730	17	10	16	13
AT1G08750	487	493	312	287
AT1G08760	418	434	352	319
AT1G08770	490	492	239	266
AT1G08780	563	641	422	309
AT1G08800	664	664	422	425
AT1G08810	22	22	78	85
AT1G08820	1470	1497	991	1076
AT1G08830	21009	21153	5611	4136
AT1G08840	1112	1160	336	309
AT1G08845	182	180	119	113
AT1G08860	25	27	3	0
AT1G08880	1234	1326	1084	811
AT1G08890	801	856	916	1590
AT1G08900	567	623	465	909
AT1G08910	1129	1233	869	674
AT1G08920	1055	1202	501	552
AT1G08930	7290	7498	4379	7072
AT1G08940	577	586	174	152
AT1G08960	310	296	258	265
AT1G08970	1272	1367	850	804
AT1G08980	878	952	1453	2195
AT1G08985	0	1	0	0
AT1G08990	0	4	0	0
AT1G09000	111	109	71	47
AT1G09010	1067	1063	1210	1258
AT1G09020	1073	1086	810	781
AT1G09040	129	159	98	88
AT1G09050	160	148	143	99
AT1G09060	1024	1033	751	778
AT1G09070	16952	18135	5161	5109
AT1G09080	3982	4256	26	14
AT1G09090	0	1	2	0
AT1G09100	976	1088	675	594
AT1G09110	0	1	0	0
AT1G09130	3503	3594	3234	3729
AT1G09140	1562	1609	1323	1574
AT1G09150	847	895	684	631
AT1G09155	12	10	6	8
AT1G09157	5	6	0	1
AT1G09160	855	823	715	738
AT1G09170	13	13	49	41
AT1G09176	3	2	0	3
AT1G09180	55	74	20	31
AT1G09190	110	79	73	57
AT1G09195	348	357	211	258
AT1G09200	1012	1001	1180	785
AT1G09210	13252	14009	3220	2682
AT1G09220	40	51	40	30
AT1G09230	357	384	276	301
AT1G09240	79	113	60	84
AT1G09250	408	417	525	623
AT1G09270	1109	1136	883	890
AT1G09280	450	480	408	399
AT1G09290	288	274	218	214
AT1G09300	491	475	289	233
AT1G09310	27104	28718	25094	27150
AT1G09320	198	211	240	180
AT1G09330	1332	1426	683	670
AT1G09340	4937	5119	10865	12097
AT1G09350	85	75	469	598
AT1G09370	5	9	1	2
AT1G09380	5	7	0	0
AT1G09390	451	497	345	413
AT1G09400	28	21	9	6
AT1G09410	37	35	29	28
AT1G09415	620	723	644	703
AT1G09420	146	123	95	161
AT1G09421	57	50	32	51
AT1G09430	2489	2632	1522	1843
AT1G09440	109	91	211	211
AT1G09450	86	82	106	27
AT1G09460	203	205	99	90
AT1G09470	133	109	143	30
AT1G09480	31	41	48	33
AT1G09490	408	435	540	581
AT1G09500	71	61	13	9
AT1G09510	1	0	1	0
AT1G09520	416	395	308	263
AT1G09530	375	369	292	231
AT1G09540	9	23	12	3
AT1G09560	4497	4919	1034	1303
AT1G09570	1310	1392	1762	2383
AT1G09575	151	140	83	86
AT1G09580	207	208	232	192
AT1G09590	5477	5718	3699	2328
AT1G09600	12	3	27	10
AT1G09610	5	9	4	9
AT1G09620	1948	2190	2255	2110
AT1G09630	583	522	443	402
AT1G09640	3601	3487	2408	2143
AT1G09645	933	892	390	403
AT1G09650	4	10	12	7
AT1G09660	736	816	740	645
AT1G09680	127	118	72	75
AT1G09690	7608	7825	6380	4492
AT1G09700	488	477	377	267
AT1G09710	211	204	200	182
AT1G09720	1	0	0	0
AT1G09730	994	1088	832	807
AT1G09740	414	439	257	256
AT1G09750	3873	4096	8244	6968
AT1G09760	907	960	632	500
AT1G09770	2642	2895	3172	3049
AT1G09780	2643	2733	2153	1427
AT1G09794	118	135	57	68
AT1G09795	1560	1657	2359	2452
AT1G09800	155	157	138	68
AT1G09810	339	344	236	223
AT1G09812	107	100	56	13
AT1G09815	725	647	399	301
AT1G09820	142	117	112	74
AT1G09830	767	802	647	511
AT1G09840	1339	1353	958	945
AT1G09850	1114	1178	737	809
AT1G09860	6	8	4	1
AT1G09870	938	1027	412	441
AT1G09880	7	7	2	2
AT1G09890	5	13	6	10
AT1G09900	249	267	362	280
AT1G09910	726	709	405	517
AT1G09920	914	1022	527	582
AT1G09930	103	125	4	0
AT1G09932	4375	4531	72	45
AT1G09935	17	11	0	0
AT1G09940	1368	1475	554	500
AT1G09950	510	550	109	61
AT1G09960	247	194	158	53
AT1G09970	10103	10985	5082	5522
AT1G09980	688	660	660	582
AT1G09995	251	248	95	116
AT1G10000	24	24	26	53
AT1G10010	0	0	0	1
AT1G10020	974	954	710	1122
AT1G10030	191	195	202	171
AT1G10040	189	211	66	62
AT1G10050	721	772	372	414
AT1G10060	32	43	108	134
AT1G10070	538	590	367	319
AT1G10090	819	919	1024	1263
AT1G10095	142	169	138	146
AT1G10100	0	0	0	1
AT1G10110	10	10	6	8
AT1G10120	828	969	419	451
AT1G10130	1170	1275	913	920
AT1G10140	1223	1446	346	373
AT1G10150	387	396	493	619
AT1G10155	11	13	5	3
AT1G10170	1416	1378	1057	1137
AT1G10180	534	512	452	411
AT1G10200	1899	2044	1981	1902
AT1G10210	340	332	261	318
AT1G10220	5	3	0	0
AT1G10230	207	184	118	119
AT1G10240	192	211	224	190
AT1G10250	1	0	0	0
AT1G10270	519	530	362	236
AT1G10280	213	240	113	91
AT1G10290	2411	2415	1778	1777
AT1G10300	0	1	0	0
AT1G10310	594	703	464	444
AT1G10320	774	814	605	579
AT1G10330	34	41	24	34
AT1G10340	2320	2472	90	103
AT1G10350	374	418	343	325
AT1G10360	910	988	881	968
AT1G10370	402	399	152	151
AT1G10380	49	78	75	110
AT1G10390	2531	2644	2028	1920
AT1G10400	11	9	1	0
AT1G10410	1613	1757	656	486
AT1G10417	74	66	40	30
AT1G10430	669	681	469	397
AT1G10450	734	705	640	497
AT1G10455	2	0	0	0
AT1G10460	42	54	35	20
AT1G10470	2144	2328	1460	1432
AT1G10480	108	120	74	0
AT1G10490	911	951	736	482
AT1G10500	1798	1843	1272	1539
AT1G10510	629	637	694	678
AT1G10520	73	71	44	32
AT1G10522	761	884	621	413
AT1G10530	26	33	11	1
AT1G10540	77	60	25	24
AT1G10550	60	91	77	179
AT1G10560	147	123	206	196
AT1G10570	902	886	513	567
AT1G10580	938	1021	893	679
AT1G10585	95	124	5	5
AT1G10586	0	2	0	0
AT1G10590	3010	3121	1817	1792
AT1G10600	341	411	372	426
AT1G10610	268	283	196	280
AT1G10620	1	2	0	0
AT1G10630	1652	1755	1194	1097
AT1G10640	1026	1144	652	131
AT1G10650	497	472	280	156
AT1G10657	144	123	538	486
AT1G10660	1175	1250	499	506
AT1G10670	2456	2624	3224	3180
AT1G10682	595	614	477	281
AT1G10690	227	244	86	102
AT1G10700	675	626	408	358
AT1G10710	22	29	17	13
AT1G10720	575	616	483	546
AT1G10730	358	408	197	190
AT1G10740	442	462	439	580
AT1G10750	40	54	63	49
AT1G10760	5216	5419	14617	17108
AT1G10770	6	10	32	36
AT1G10780	80	98	111	89
AT1G10790	15	4	5	9
AT1G10800	1	3	1	2
AT1G10810	34	20	6	15
AT1G10820	606	620	571	516
AT1G10830	398	393	438	520
AT1G10840	2351	2405	1837	1644
AT1G10850	391	419	427	265
AT1G10865	1436	1494	432	464
AT1G10870	587	610	649	628
AT1G10890	2700	2733	1761	2077
AT1G10900	506	569	560	670
AT1G10910	478	515	745	800
AT1G10920	480	543	282	434
AT1G10930	243	283	482	366
AT1G10940	3000	3300	2032	2192
AT1G10950	2868	3048	2456	2496
AT1G10960	1723	1813	2051	2163
AT1G10970	388	459	311	190
AT1G10980	27	28	21	0
AT1G10990	219	274	149	163
AT1G11000	204	232	126	181
AT1G11020	346	390	245	202
AT1G11050	879	864	693	557
AT1G11060	418	404	305	298
AT1G11070	29	32	35	18
AT1G11080	968	942	663	44
AT1G11090	282	348	319	217
AT1G11100	58	56	11	2
AT1G11110	0	1	2	0
AT1G11112	10	19	20	6
AT1G11120	64	82	51	16
AT1G11125	96	127	34	10
AT1G11130	626	685	545	334
AT1G11160	29	34	75	35
AT1G11170	111	118	68	78
AT1G11175	228	244	274	364
AT1G11180	168	185	168	219
AT1G11185	186	218	53	12
AT1G11190	21	24	16	3
AT1G11200	600	645	291	284
AT1G11210	1450	1507	1044	1185
AT1G11220	89	91	70	34
AT1G11230	0	3	0	0
AT1G11240	878	979	811	564
AT1G11260	7412	7774	5293	13772
AT1G11270	219	265	107	119
AT1G11280	743	838	725	692
AT1G11290	102	88	108	120
AT1G11300	696	674	426	444
AT1G11310	4964	5301	3743	4344
AT1G11320	127	129	107	95
AT1G11330	2388	2421	1112	1184
AT1G11340	17	12	27	32
AT1G11350	500	531	1504	1925
AT1G11360	858	866	755	825
AT1G11362	7	6	3	10
AT1G11370	1	1	0	0
AT1G11380	320	336	391	753
AT1G11390	357	439	256	265
AT1G11400	406	471	373	386
AT1G11410	237	267	317	355
AT1G11420	246	241	155	59
AT1G11430	1572	1852	1965	2053
AT1G11440	433	462	441	302
AT1G11450	27	27	38	19
AT1G11460	1	0	0	0
AT1G11475	1434	1493	592	469
AT1G11480	1625	1630	1199	1263
AT1G11490	3	6	1	0
AT1G11500	5	5	3	3
AT1G11530	347	401	544	811
AT1G11540	3	4	0	0
AT1G11545	251	233	595	646
AT1G11550	1	0	0	0
AT1G11560	4	3	0	0
AT1G11570	17	15	11	5
AT1G11580	5015	5180	1298	543
AT1G11590	0	2	0	2
AT1G11592	200	225	202	196
AT1G11600	155	171	241	110
AT1G11610	0	1	0	0
AT1G11630	262	323	274	245
AT1G11640	0	0	1	0
AT1G11650	4697	4875	4790	5060
AT1G11660	1097	1110	857	730
AT1G11670	473	460	146	120
AT1G11680	2399	2510	1696	1558
AT1G11700	155	154	273	264
AT1G11710	74	105	57	46
AT1G11720	826	789	1188	1178
AT1G11730	77	61	99	52
AT1G11735	5	3	7	13
AT1G11740	5	13	24	35
AT1G11750	2184	2375	2309	2485
AT1G11755	358	374	231	224
AT1G11760	192	206	119	112
AT1G11770	2	0	0	0
AT1G11780	285	287	188	156
AT1G11785	95	109	74	100
AT1G11790	457	495	407	388
AT1G11800	198	199	151	129
AT1G11810	4	0	0	1
AT1G11820	907	1003	1135	850
AT1G11840	16039	16875	9735	6283
AT1G11850	41	45	111	148
AT1G11860	5218	5481	12849	14244
AT1G11870	425	452	524	544
AT1G11880	216	187	121	136
AT1G11890	1578	1568	636	622
AT1G11900	92	76	60	70
AT1G11905	506	552	187	213
AT1G11910	14193	15077	7132	8069
AT1G11915	20	18	14	4
AT1G11925	33	52	5	6
AT1G11930	1459	1516	1107	1208
AT1G11940	248	229	155	124
AT1G11950	182	204	130	85
AT1G11960	964	968	334	327
AT1G11990	23	27	29	38
AT1G12000	1636	1818	1099	687
AT1G12010	12	15	51	105
AT1G12013	9	15	5	1
AT1G12020	411	457	174	171
AT1G12030	16	15	1	5
AT1G12040	0	1	0	0
AT1G12050	1048	1070	1130	1328
AT1G12060	51	79	139	135
AT1G12070	1	3	7	3
AT1G12080	233	212	717	449
AT1G12090	13605	13657	23734	33821
AT1G12100	21	26	15	20
AT1G12110	1501	1809	1881	2085
AT1G12120	1502	1519	1850	1880
AT1G12130	2	2	0	2
AT1G12140	978	918	509	580
AT1G12150	51	55	28	32
AT1G12160	200	200	105	78
AT1G12200	512	521	127	118
AT1G12210	397	484	88	85
AT1G12211	21	30	2	2
AT1G12220	259	304	324	386
AT1G12230	1121	1135	1092	1220
AT1G12240	4632	4999	2449	2801
AT1G12244	95	146	170	139
AT1G12250	442	470	715	831
AT1G12260	14	11	22	9
AT1G12270	1344	1425	1164	976
AT1G12280	166	150	311	355
AT1G12290	212	228	160	178
AT1G12294	1	0	0	0
AT1G12300	115	136	79	56
AT1G12310	1362	1334	1154	885
AT1G12320	291	288	141	134
AT1G12330	186	218	372	329
AT1G12340	10	6	8	3
AT1G12350	479	555	349	353
AT1G12360	2223	2272	1530	1558
AT1G12370	39	52	59	37
AT1G12380	550	569	331	175
AT1G12390	422	442	281	252
AT1G12400	350	395	152	115
AT1G12410	2213	2338	2273	2454
AT1G12420	981	933	129	126
AT1G12430	585	687	630	502
AT1G12440	1901	1957	1243	1706
AT1G12450	332	328	228	344
AT1G12460	167	163	185	200
AT1G12470	859	927	868	841
AT1G12480	37	23	42	82
AT1G12490	1	0	1	1
AT1G12500	673	807	839	837
AT1G12520	2292	2381	1286	1281
AT1G12530	400	385	239	248
AT1G12540	4	2	0	0
AT1G12550	112	130	149	167
AT1G12570	162	152	185	140
AT1G12580	1608	1646	923	1066
AT1G12600	7	10	6	1
AT1G12610	161	161	81	23
AT1G12620	147	141	108	122
AT1G12630	10	9	24	16
AT1G12640	571	625	350	397
AT1G12650	713	733	543	400
AT1G12665	0	1	3	3
AT1G12672	11	10	11	6
AT1G12680	664	674	523	558
AT1G12700	104	115	110	98
AT1G12710	426	446	556	875
AT1G12730	163	200	289	470
AT1G12740	1	0	2	1
AT1G12750	633	668	837	838
AT1G12760	2182	2208	1145	1258
AT1G12770	756	754	1049	1061
AT1G12775	100	124	54	62
AT1G12780	1667	1640	988	1465
AT1G12790	57	62	135	165
AT1G12800	1248	1321	3102	3042
AT1G12805	1074	1155	9	0
AT1G12810	1873	1960	533	476
AT1G12820	833	830	996	1018
AT1G12830	578	633	423	317
AT1G12840	2637	2792	2322	2434
AT1G12845	244	278	425	487
AT1G12850	763	834	798	777
AT1G12855	1	1	3	2
AT1G12860	300	329	662	644
AT1G12870	2	1	0	0
AT1G12880	295	318	160	179
AT1G12890	7	10	6	1
AT1G12900	6118	6315	16523	19081
AT1G12910	420	501	435	409
AT1G12920	1734	1876	1376	1304
AT1G12930	540	545	544	462
AT1G12940	35	47	8	13
AT1G12950	57	60	25	9
AT1G12970	365	403	300	318
AT1G12980	2	5	3	0
AT1G12990	1821	1796	595	846
AT1G13000	1366	1448	689	858
AT1G13020	928	1060	731	675
AT1G13030	346	314	321	172
AT1G13040	58	67	67	54
AT1G13050	170	183	136	81
AT1G13060	2813	2882	1693	1470
AT1G13080	276	281	310	304
AT1G13090	1874	1997	1463	1537
AT1G13100	198	225	260	337
AT1G13110	2993	3077	4898	6641
AT1G13120	548	612	409	375
AT1G13130	4	1	0	2
AT1G13140	92	73	32	16
AT1G13150	69	68	70	77
AT1G13160	616	567	509	368
AT1G13170	488	522	673	586
AT1G13180	441	464	282	226
AT1G13190	1353	1503	1173	1165
AT1G13195	246	287	120	121
AT1G13210	4648	4980	3995	5573
AT1G13220	686	686	741	639
AT1G13230	2	3	5	2
AT1G13245	534	538	1090	1684
AT1G13250	623	643	821	594
AT1G13260	5367	5570	4031	4349
AT1G13270	857	877	1208	1276
AT1G13280	2114	2222	1586	1206
AT1G13290	0	1	0	0
AT1G13300	23	9	3	3
AT1G13310	56	65	2	0
AT1G13320	1363	1455	1182	1147
AT1G13330	3558	3573	162	130
AT1G13340	4226	4278	112	116
AT1G13350	935	998	973	1046
AT1G13360	1651	1764	1054	994
AT1G13370	4	2	0	2
AT1G13380	664	697	574	475
AT1G13390	1623	1679	1070	1157
AT1G13400	23	38	21	3
AT1G13410	45	50	44	27
AT1G13420	12	19	22	11
AT1G13430	1	0	15	12
AT1G13440	26420	28193	15808	13509
AT1G13448	120	112	157	255
AT1G13450	851	984	924	1090
AT1G13460	274	300	210	282
AT1G13470	2667	2964	208	228
AT1G13480	77	66	0	0
AT1G13490	1	2	0	0
AT1G13500	1	1	1	0
AT1G13510	1	2	2	0
AT1G13520	306	306	7	1
AT1G13530	26	15	4	2
AT1G13540	6	17	1	2
AT1G13550	9	17	1	8
AT1G13560	1839	1959	1478	1551
AT1G13570	393	474	247	260
AT1G13580	205	186	126	117
AT1G13600	94	112	130	9
AT1G13605	0	3	0	0
AT1G13607	1	4	0	0
AT1G13608	4	5	3	2
AT1G13609	445	458	114	225
AT1G13610	3	4	10	0
AT1G13620	15	11	2	1
AT1G13630	87	86	72	63
AT1G13635	12	7	6	4
AT1G13640	399	450	531	566
AT1G13650	30	68	338	351
AT1G13670	38	46	43	53
AT1G13680	11	14	10	2
AT1G13690	462	496	349	350
AT1G13700	764	837	315	530
AT1G13710	423	374	314	2
AT1G13720	1	0	0	0
AT1G13730	537	490	562	428
AT1G13740	176	212	280	247
AT1G13750	602	633	411	510
AT1G13770	275	245	225	211
AT1G13780	128	113	101	96
AT1G13790	191	195	206	104
AT1G13800	31	28	37	5
AT1G13810	140	139	112	86
AT1G13820	499	530	782	816
AT1G13830	242	261	22	32
AT1G13860	667	720	564	509
AT1G13870	381	468	270	295
AT1G13880	1015	961	478	634
AT1G13890	0	1	0	0
AT1G13900	696	703	561	596
AT1G13910	195	159	127	105
AT1G13920	95	93	194	246
AT1G13930	12954	13531	15077	16825
AT1G13940	503	564	412	330
AT1G13950	605	633	301	295
AT1G13960	700	685	499	527
AT1G13970	184	184	72	46
AT1G13980	965	988	923	1022
AT1G13990	2435	2726	833	1175
AT1G14000	1986	2137	956	1133
AT1G14010	2143	2209	678	623
AT1G14020	413	349	295	267
AT1G14030	390	421	782	891
AT1G14040	109	115	82	51
AT1G14060	569	562	394	262
AT1G14070	167	178	193	164
AT1G14071	3	5	11	4
AT1G14080	6	7	4	2
AT1G14100	2	1	14	9
AT1G14120	42	31	16	6
AT1G14130	411	434	154	116
AT1G14140	294	316	269	250
AT1G14150	356	402	1072	1131
AT1G14170	667	785	635	575
AT1G14180	201	190	163	120
AT1G14185	2	2	14	8
AT1G14190	24	40	74	77
AT1G14200	373	394	401	547
AT1G14205	100	105	96	102
AT1G14210	541	543	350	268
AT1G14220	0	0	1	0
AT1G14230	686	654	402	388
AT1G14240	29	32	16	0
AT1G14250	3776	4084	2029	2002
AT1G14260	169	187	20	18
AT1G14270	607	580	908	1013
AT1G14280	431	440	1066	2377
AT1G14290	802	910	722	1128
AT1G14300	436	481	350	263
AT1G14310	261	298	250	241
AT1G14315	1	0	0	0
AT1G14320	11094	11777	8153	5725
AT1G14330	1007	946	250	335
AT1G14340	444	471	258	237
AT1G14345	414	492	1192	1150
AT1G14350	678	714	494	295
AT1G14360	2437	2611	495	428
AT1G14370	2254	2385	486	487
AT1G14380	779	890	775	701
AT1G14390	20	20	33	21
AT1G14400	3957	4177	2468	2663
AT1G14410	609	709	490	381
AT1G14420	0	2	4	2
AT1G14430	33	36	84	58
AT1G14440	311	323	313	167
AT1G14450	2915	2933	1489	1339
AT1G14455	8	8	5	5
AT1G14460	286	235	393	416
AT1G14470	24	36	29	23
AT1G14480	634	693	100	62
AT1G14490	24	34	24	14
AT1G14510	1216	1269	900	812
AT1G14520	592	721	349	458
AT1G14530	102	111	134	102
AT1G14540	74	85	9	10
AT1G14550	7	5	0	0
AT1G14560	453	447	274	261
AT1G14570	1469	1498	1292	1280
AT1G14580	447	447	725	902
AT1G14590	179	207	182	179
AT1G14600	113	83	83	59
AT1G14610	2206	2300	2255	1937
AT1G14620	575	619	469	292
AT1G14630	186	183	137	37
AT1G14640	203	210	159	134
AT1G14642	17	22	14	11
AT1G14650	2268	2391	1570	1595
AT1G14660	251	257	209	225
AT1G14670	3468	3476	2682	2738
AT1G14680	61	62	45	32
AT1G14685	1201	1246	1152	1102
AT1G14686	4	0	0	1
AT1G14687	99	119	70	56
AT1G14690	1083	1126	1009	968
AT1G14700	92	156	342	377
AT1G14710	2063	2078	1500	1187
AT1G14720	1748	1784	938	846
AT1G14730	126	111	47	16
AT1G14740	2626	2676	1585	1704
AT1G14750	28	30	36	9
AT1G14755	1	0	0	0
AT1G14760	42	50	30	2
AT1G14770	207	218	185	164
AT1G14780	506	588	26	20
AT1G14790	851	857	694	823
AT1G14800	2	1	2	0
AT1G14810	777	909	1043	836
AT1G14820	367	422	243	191
AT1G14830	1696	1703	1435	1331
AT1G14840	467	492	826	711
AT1G14850	744	744	557	463
AT1G14860	29	31	3	6
AT1G14870	3696	3876	119	70
AT1G14880	16211	17053	699	802
AT1G14890	1149	1184	632	211
AT1G14900	450	565	471	166
AT1G14910	1343	1328	901	941
AT1G14920	661	737	1049	1420
AT1G14970	183	212	291	210
AT1G14980	3502	3755	1780	1059
AT1G14990	481	533	251	242
AT1G15000	337	340	785	701
AT1G15002	6	6	6	5
AT1G15010	784	705	232	222
AT1G15015	2	2	2	0
AT1G15020	647	645	446	496
AT1G15030	762	776	718	752
AT1G15040	213	194	21	25
AT1G15050	4	2	3	1
AT1G15060	567	622	525	495
AT1G15080	112	107	100	58
AT1G15090	4	1	0	0
AT1G15100	250	246	210	169
AT1G15110	338	322	184	198
AT1G15120	2678	2770	1846	1661
AT1G15125	1158	1271	16132	21264
AT1G15130	2499	2622	1469	1488
AT1G15140	1256	1461	1484	1642
AT1G15150	5	16	28	17
AT1G15160	73	83	97	61
AT1G15165	58	47	84	97
AT1G15170	123	109	189	248
AT1G15175	60	74	172	226
AT1G15180	225	253	599	731
AT1G15190	28	33	18	13
AT1G15200	2595	2720	2166	1725
AT1G15210	52	35	8	1
AT1G15215	264	265	188	187
AT1G15220	130	120	128	141
AT1G15230	877	867	584	470
AT1G15240	1141	1079	947	960
AT1G15250	479	491	400	271
AT1G15260	324	365	859	1070
AT1G15270	3863	3899	2213	2058
AT1G15280	1742	1815	1424	1468
AT1G15290	2631	2602	2398	2221
AT1G15310	117	131	64	90
AT1G15330	3	4	4	2
AT1G15340	2332	2615	3242	3183
AT1G15350	541	561	485	574
AT1G15360	4	2	2	2
AT1G15370	1046	1123	665	645
AT1G15380	172	156	27	5
AT1G15385	1	1	0	0
AT1G15390	327	302	382	313
AT1G15400	1278	1315	1019	1220
AT1G15405	432	452	104	41
AT1G15410	217	225	718	790
AT1G15415	65	44	43	39
AT1G15420	651	713	471	297
AT1G15430	544	534	228	155
AT1G15440	710	777	524	349
AT1G15460	0	0	1	0
AT1G15470	368	435	265	259
AT1G15480	407	388	363	280
AT1G15490	160	166	212	197
AT1G15500	3010	3152	3789	3722
AT1G15510	154	158	208	138
AT1G15520	951	1048	232	79
AT1G15530	362	334	494	549
AT1G15550	70	68	196	118
AT1G15570	277	256	319	185
AT1G15580	32	27	14	9
AT1G15620	2	2	0	1
AT1G15630	3	8	3	0
AT1G15640	2	3	0	0
AT1G15660	277	306	356	258
AT1G15670	764	864	503	811
AT1G15690	7791	8203	10001	10154
AT1G15700	127	142	141	136
AT1G15710	382	394	333	206
AT1G15720	84	87	77	36
AT1G15730	695	722	806	995
AT1G15740	2528	2699	1407	2174
AT1G15750	3025	3098	1940	1673
AT1G15760	77	100	41	14
AT1G15770	1	6	1	0
AT1G15772	3	5	5	4
AT1G15780	1647	1763	1111	1169
AT1G15790	1302	1314	279	250
AT1G15800	210	257	125	145
AT1G15810	810	836	619	412
AT1G15820	14919	15721	38881	48233
AT1G15825	9	12	77	86
AT1G15830	33	40	263	326
AT1G15840	0	0	0	4
AT1G15860	947	980	512	494
AT1G15870	61	66	51	25
AT1G15880	742	791	630	762
AT1G15885	110	131	141	181
AT1G15890	165	179	199	235
AT1G15900	31	20	27	24
AT1G15910	540	564	608	514
AT1G15920	367	427	312	306
AT1G15930	5337	5426	3029	2029
AT1G15940	979	1039	905	673
AT1G15950	2561	2796	1923	1549
AT1G15960	1027	1039	778	661
AT1G15970	331	337	280	275
AT1G15980	1184	1246	2771	3373
AT1G15990	5	1	2	1
AT1G16000	545	526	354	242
AT1G16010	1021	1053	691	712
AT1G16020	397	410	401	399
AT1G16022	18	11	2	5
AT1G16025	7	8	2	1
AT1G16030	169	176	151	145
AT1G16040	595	573	268	240
AT1G16060	177	156	132	101
AT1G16070	64	63	75	24
AT1G16080	737	724	1485	1480
AT1G16090	157	176	93	93
AT1G16110	813	874	482	662
AT1G16120	4	2	0	2
AT1G16130	211	213	101	158
AT1G16150	11	3	1	6
AT1G16160	2	1	1	0
AT1G16170	261	282	209	253
AT1G16180	5629	5760	2175	2645
AT1G16190	784	798	549	394
AT1G16210	2202	2337	1248	1236
AT1G16220	122	104	79	28
AT1G16230	0	1	0	0
AT1G16240	1712	1761	1271	1536
AT1G16250	292	278	218	267
AT1G16260	1125	1196	744	963
AT1G16270	811	888	656	569
AT1G16280	213	208	239	178
AT1G16290	1	5	6	0
AT1G16300	239	260	146	88
AT1G16310	65	55	106	36
AT1G16320	337	398	688	737
AT1G16330	68	69	74	30
AT1G16340	357	392	347	280
AT1G16350	1122	1244	1184	785
AT1G16360	12	8	10	10
AT1G16370	103	93	18	22
AT1G16390	8	17	221	190
AT1G16400	60	70	92	60
AT1G16410	3791	4018	5130	2749
AT1G16420	98	98	8	8
AT1G16430	128	94	76	71
AT1G16440	9	2	4	2
AT1G16445	37	37	57	57
AT1G16460	1530	1590	1369	1464
AT1G16470	1614	1607	918	808
AT1G16480	80	103	67	58
AT1G16489	34	28	28	27
AT1G16490	79	85	63	57
AT1G16500	619	639	228	188
AT1G16510	141	189	100	77
AT1G16515	20	10	19	17
AT1G16520	460	482	350	173
AT1G16530	254	282	87	10
AT1G16540	331	368	235	238
AT1G16560	1764	1925	913	946
AT1G16570	381	398	295	296
AT1G16590	175	185	89	114
AT1G16610	1687	1740	1156	949
AT1G16630	120	135	174	77
AT1G16635	3	14	4	5
AT1G16640	63	51	41	41
AT1G16650	145	148	249	209
AT1G16670	1145	1244	438	508
AT1G16680	560	566	579	437
AT1G16690	250	261	190	148
AT1G16700	1154	1302	889	877
AT1G16705	15	18	40	27
AT1G16710	1033	1097	778	827
AT1G16720	1062	1266	1726	2535
AT1G16730	166	157	71	70
AT1G16740	1269	1351	778	663
AT1G16750	151	137	184	156
AT1G16770	7	12	8	7
AT1G16780	434	406	463	411
AT1G16790	169	180	121	102
AT1G16800	307	313	224	158
AT1G16810	1948	2031	1610	1657
AT1G16820	300	307	84	109
AT1G16825	160	144	91	109
AT1G16830	47	58	41	28
AT1G16840	1453	1380	999	1159
AT1G16850	805	823	331	466
AT1G16858	843	917	937	826
AT1G16860	843	917	937	826
AT1G16870	554	546	503	416
AT1G16880	4159	4364	4779	5299
AT1G16890	2820	2835	1636	1722
AT1G16900	671	707	354	293
AT1G16910	1	0	2	4
AT1G16916	130	155	87	102
AT1G16920	551	620	673	547
AT1G16930	158	139	126	170
AT1G16950	21	31	3	0
AT1G16960	91	88	118	162
AT1G16970	475	465	293	214
AT1G17020	159	170	64	45
AT1G17030	3	3	4	0
AT1G17040	138	180	154	128
AT1G17050	223	223	321	278
AT1G17060	211	187	95	175
AT1G17070	272	311	261	250
AT1G17080	1344	1436	549	741
AT1G17090	75	82	35	42
AT1G17100	1859	1868	660	572
AT1G17110	1750	1810	1542	1370
AT1G17120	373	344	340	412
AT1G17130	1267	1304	760	825
AT1G17140	595	631	1087	900
AT1G17145	517	571	524	544
AT1G17147	164	158	188	225
AT1G17160	481	493	426	481
AT1G17170	108	81	38	31
AT1G17180	3	3	0	0
AT1G17190	37	29	114	111
AT1G17200	315	299	488	564
AT1G17210	1150	1215	1051	1015
AT1G17220	2981	3215	5959	6382
AT1G17230	481	478	322	262
AT1G17232	115	119	94	79
AT1G17235	3	0	5	5
AT1G17240	39	50	30	33
AT1G17250	129	121	100	123
AT1G17255	155	150	122	151
AT1G17260	54	54	44	57
AT1G17270	230	221	119	144
AT1G17280	1510	1406	844	991
AT1G17285	0	1	2	0
AT1G17290	8629	9016	3163	3347
AT1G17300	2	1	0	0
AT1G17310	2	2	0	0
AT1G17330	691	667	388	404
AT1G17340	888	870	534	691
AT1G17345	9	28	15	7
AT1G17350	322	322	252	225
AT1G17360	1326	1383	780	770
AT1G17370	1953	2012	1292	1182
AT1G17380	4723	5096	752	223
AT1G17400	12	16	16	9
AT1G17410	164	171	112	110
AT1G17420	7122	7770	1874	1381
AT1G17430	413	483	376	431
AT1G17440	1894	1880	1289	1399
AT1G17450	462	502	433	414
AT1G17455	116	151	225	244
AT1G17460	310	365	204	177
AT1G17470	1412	1444	1573	1454
AT1G17480	126	155	111	69
AT1G17490	726	789	325	296
AT1G17500	1405	1290	768	810
AT1G17510	175	185	97	112
AT1G17520	439	458	339	289
AT1G17530	804	736	467	456
AT1G17540	3	4	0	0
AT1G17545	1	0	0	0
AT1G17550	1348	1236	982	1001
AT1G17560	204	223	216	78
AT1G17580	750	846	810	758
AT1G17590	667	759	287	285
AT1G17600	508	485	150	215
AT1G17610	328	363	96	108
AT1G17615	21	22	0	0
AT1G17620	9292	9714	1766	1956
AT1G17630	55	72	39	34
AT1G17640	121	143	127	108
AT1G17650	351	397	647	641
AT1G17665	155	169	188	146
AT1G17680	643	638	457	432
AT1G17690	409	470	429	349
AT1G17700	45	36	109	83
AT1G17710	8	8	3	2
AT1G17720	1818	1957	1169	1131
AT1G17730	886	914	551	475
AT1G17744	477	498	389	277
AT1G17745	3670	3779	2393	1826
AT1G17750	500	451	79	35
AT1G17760	814	813	437	443
AT1G17780	755	779	368	450
AT1G17790	307	316	249	208
AT1G17810	2	1	0	0
AT1G17820	561	621	382	446
AT1G17830	285	322	55	37
AT1G17840	2107	2181	1629	1896
AT1G17850	405	406	599	563
AT1G17860	1548	1606	249	277
AT1G17870	185	206	99	74
AT1G17880	6096	6306	4284	3529
AT1G17890	1112	1205	628	643
AT1G17920	102	102	146	130
AT1G17930	430	419	274	264
AT1G17940	611	626	413	574
AT1G17950	3	5	1	2
AT1G17960	13	26	16	8
AT1G17970	444	482	611	717
AT1G17980	1024	1085	632	782
AT1G17990	1012	964	1364	2157
AT1G18000	492	465	682	1021
AT1G18010	482	468	658	1035
AT1G18020	745	943	916	1724
AT1G18030	338	357	277	324
AT1G18040	245	248	242	145
AT1G18050	2	1	3	3
AT1G18060	782	830	1533	1586
AT1G18070	2791	2984	1932	1650
AT1G18075	47	52	83	58
AT1G18080	6467	6700	5649	3843
AT1G18090	128	160	217	142
AT1G18100	91	88	79	42
AT1G18140	175	183	72	29
AT1G18150	1122	1146	1041	1055
AT1G18160	1308	1370	1164	1222
AT1G18170	342	322	706	719
AT1G18180	95	100	45	43
AT1G18190	406	419	438	374
AT1G18200	415	415	46	39
AT1G18210	2611	2818	810	700
AT1G18220	2	0	0	0
AT1G18250	1384	1508	1182	342
AT1G18260	1845	1894	970	883
AT1G18265	73	81	102	133
AT1G18270	1019	1100	876	1077
AT1G18290	8	6	0	1
AT1G18300	4551	4592	1346	888
AT1G18310	0	2	0	0
AT1G18320	96	124	78	40
AT1G18330	184	178	399	418
AT1G18335	199	235	189	159
AT1G18340	240	212	185	166
AT1G18350	21	18	16	4
AT1G18360	493	512	973	994
AT1G18370	373	438	422	189
AT1G18382	44	29	11	15
AT1G18390	742	675	357	482
AT1G18400	367	380	209	212
AT1G18410	69	55	40	4
AT1G18415	239	278	296	281
AT1G18420	208	240	275	260
AT1G18440	253	302	304	313
AT1G18450	1215	1288	1001	856
AT1G18460	530	554	881	923
AT1G18470	1720	1807	1112	1305
AT1G18480	625	630	403	349
AT1G18485	150	136	268	265
AT1G18486	2	0	0	0
AT1G18490	234	280	307	311
AT1G18500	1539	1624	2101	2085
AT1G18520	0	6	0	0
AT1G18530	0	0	1	1
AT1G18540	7354	7672	5431	3308
AT1G18550	155	142	137	85
AT1G18560	154	161	119	106
AT1G18570	1917	1993	1186	1157
AT1G18580	694	727	389	397
AT1G18590	1043	1053	783	405
AT1G18600	385	413	263	258
AT1G18610	137	150	157	130
AT1G18620	851	905	2121	3236
AT1G18630	391	421	251	180
AT1G18640	513	534	515	555
AT1G18650	672	689	984	930
AT1G18660	1040	1061	952	959
AT1G18670	503	571	438	475
AT1G18680	149	168	143	126
AT1G18690	305	361	198	216
AT1G18700	1231	1382	853	857
AT1G18710	581	617	464	311
AT1G18720	3739	4109	1804	1732
AT1G18730	1216	1204	2359	2861
AT1G18735	23	16	23	42
AT1G18740	5593	5834	1979	1639
AT1G18745	232	223	88	69
AT1G18750	150	210	130	153
AT1G18773	40	60	49	62
AT1G18780	3	0	0	0
AT1G18800	1054	1197	947	560
AT1G18810	109	101	342	345
AT1G18830	5	3	7	2
AT1G18835	5	6	13	2
AT1G18840	543	542	848	692
AT1G18850	327	307	232	148
AT1G18860	35	35	5	0
AT1G18870	102	98	404	513
AT1G18871	2	3	6	4
AT1G18880	147	150	134	101
AT1G18890	2552	2684	716	840
AT1G18900	541	611	313	272
AT1G18910	317	296	197	141
AT1G18940	24	33	17	13
AT1G18950	895	1013	873	725
AT1G18960	1	4	6	0
AT1G18970	20	23	2	0
AT1G18980	69	52	1	0
AT1G18990	0	2	7	7
AT1G19000	3260	3472	3729	4213
AT1G19010	186	227	151	143
AT1G19020	3153	3142	784	756
AT1G19025	89	102	58	56
AT1G19040	3	2	1	0
AT1G19050	652	673	510	387
AT1G19070	9	5	3	7
AT1G19080	395	387	212	183
AT1G19100	222	213	182	169
AT1G19110	801	828	862	985
AT1G19115	0	1	0	1
AT1G19120	596	588	498	491
AT1G19130	1405	1522	948	966
AT1G19140	254	251	162	150
AT1G19150	280	285	1132	1325
AT1G19160	4	3	11	5
AT1G19170	265	219	224	206
AT1G19180	9889	10373	2739	1789
AT1G19190	19	14	20	20
AT1G19200	12	11	19	22
AT1G19210	308	321	57	16
AT1G19220	594	590	598	567
AT1G19230	36	28	5	9
AT1G19240	326	379	184	163
AT1G19250	205	227	1	1
AT1G19270	879	920	473	510
AT1G19290	176	177	199	124
AT1G19300	948	1096	390	286
AT1G19310	746	800	522	726
AT1G19320	2	1	5	6
AT1G19330	849	872	615	465
AT1G19340	189	180	114	92
AT1G19350	1805	1808	2713	2611
AT1G19360	858	889	553	633
AT1G19370	606	585	507	571
AT1G19373	9	5	6	0
AT1G19376	5	3	2	0
AT1G19380	2247	2264	578	589
AT1G19390	0	0	0	1
AT1G19394	165	151	115	140
AT1G19396	767	739	394	466
AT1G19397	380	359	165	220
AT1G19400	1478	1472	1720	2238
AT1G19410	3	2	6	0
AT1G19430	613	651	593	593
AT1G19440	577	581	391	425
AT1G19450	503	521	511	506
AT1G19464	3	4	6	0
AT1G19470	2	1	0	0
AT1G19480	194	194	142	140
AT1G19485	688	766	557	561
AT1G19490	112	112	57	43
AT1G19500	0	2	1	0
AT1G19510	7	2	17	25
AT1G19520	533	637	650	346
AT1G19530	1972	2045	182	9
AT1G19540	425	408	207	50
AT1G19550	277	274	85	54
AT1G19570	65076	67897	20965	12759
AT1G19580	980	1004	717	656
AT1G19600	678	703	743	552
AT1G19610	831	928	3	18
AT1G19620	3	3	18	18
AT1G19630	146	131	213	117
AT1G19640	140	112	76	48
AT1G19650	599	581	560	542
AT1G19660	2731	2966	2564	3898
AT1G19670	2459	2579	4143	2715
AT1G19680	553	548	452	513
AT1G19690	244	245	346	317
AT1G19700	705	724	609	571
AT1G19710	524	530	398	392
AT1G19715	1544	1592	1943	2558
AT1G19720	873	873	1452	1767
AT1G19730	428	431	195	212
AT1G19740	1570	1587	2390	2884
AT1G19750	32	41	15	14
AT1G19770	7426	7568	5568	5189
AT1G19780	22	23	12	9
AT1G19790	24	22	28	2
AT1G19800	721	779	504	475
AT1G19830	9	17	40	6
AT1G19835	2817	2931	1973	2533
AT1G19840	113	118	55	21
AT1G19850	753	722	627	190
AT1G19860	418	383	390	286
AT1G19870	1729	1804	1359	1316
AT1G19880	1469	1572	1065	942
AT1G19910	4462	4820	2046	2291
AT1G19920	1206	1199	1239	797
AT1G19940	115	108	106	109
AT1G19950	260	259	240	172
AT1G19960	296	317	2766	2709
AT1G19968	3	2	0	1
AT1G19970	129	122	141	72
AT1G19980	154	173	85	74
AT1G19990	303	287	239	134
AT1G20000	0	0	0	1
AT1G20010	3117	3106	8576	9965
AT1G20015	5	3	1	1
AT1G20020	9606	10095	22432	26677
AT1G20030	195	191	399	298
AT1G20050	1533	1639	1165	1119
AT1G20060	108	95	117	67
AT1G20065	12	22	13	5
AT1G20070	536	622	240	179
AT1G20080	5	6	1	0
AT1G20090	1728	1870	1448	2013
AT1G20100	4377	4597	1648	1254
AT1G20110	2727	2759	1339	1445
AT1G20120	10	9	7	5
AT1G20130	1	0	0	2
AT1G20140	440	406	268	165
AT1G20150	2	1	0	0
AT1G20160	821	906	260	270
AT1G20180	8	9	3	0
AT1G20190	221	245	577	703
AT1G20200	1368	1470	1034	924
AT1G20220	1327	1453	1314	873
AT1G20225	1423	1442	574	712
AT1G20230	62	73	60	43
AT1G20240	0	4	0	0
AT1G20260	3761	3984	3898	3806
AT1G20270	1408	1388	369	323
AT1G20290	1	2	1	0
AT1G20300	237	202	290	227
AT1G20310	68	65	29	13
AT1G20320	2	2	0	0
AT1G20330	4281	4389	3400	4450
AT1G20340	22470	22565	43683	52157
AT1G20350	292	329	9	13
AT1G20360	1	0	0	0
AT1G20370	353	369	305	241
AT1G20375	0	2	0	0
AT1G20380	161	166	157	142
AT1G20400	0	1	2	2
AT1G20410	414	424	329	274
AT1G20430	769	810	321	260
AT1G20440	16953	17713	13385	19553
AT1G20450	29242	30477	17943	16352
AT1G20460	273	325	147	168
AT1G20470	21	22	37	19
AT1G20480	28	36	63	31
AT1G20490	170	217	232	283
AT1G20510	7916	8399	4394	3472
AT1G20515	109	118	79	69
AT1G20520	50	59	47	34
AT1G20530	12	23	24	7
AT1G20540	495	522	447	470
AT1G20550	133	141	166	115
AT1G20560	632	678	613	652
AT1G20570	36	27	39	27
AT1G20575	577	619	295	315
AT1G20580	1857	1939	1382	1035
AT1G20590	13	4	6	0
AT1G20600	9	1	1	0
AT1G20610	127	164	142	85
AT1G20620	98245	102339	114707	140567
AT1G20630	1391	1406	1438	1951
AT1G20640	426	482	717	868
AT1G20650	430	472	906	1030
AT1G20670	612	577	602	582
AT1G20680	4	5	0	2
AT1G20690	175	164	141	108
AT1G20691	160	157	141	106
AT1G20693	8969	9183	6250	6957
AT1G20696	4957	5375	4280	4170
AT1G20700	16	30	7	1
AT1G20720	89	103	177	87
AT1G20730	52	62	0	0
AT1G20740	16	9	2	0
AT1G20760	1276	1316	1125	1246
AT1G20770	757	781	526	477
AT1G20780	1366	1529	1040	1445
AT1G20795	1	0	1	0
AT1G20810	538	543	834	1001
AT1G20816	214	236	192	182
AT1G20823	1179	1255	534	402
AT1G20830	285	329	316	358
AT1G20840	1637	1709	2590	2604
AT1G20850	232	172	178	204
AT1G20870	35	36	47	29
AT1G20875	0	0	1	0
AT1G20880	472	464	326	328
AT1G20890	357	397	182	217
AT1G20900	20	31	18	9
AT1G20910	271	305	230	209
AT1G20920	1699	1752	1872	2012
AT1G20925	9	6	0	1
AT1G20930	178	180	186	99
AT1G20950	1031	1138	908	632
AT1G20960	2936	3123	2813	2502
AT1G20970	2484	2656	2434	2872
AT1G20980	1993	2089	1668	1756
AT1G20990	38	36	26	20
AT1G21000	563	654	918	976
AT1G21010	361	365	202	200
AT1G21050	183	233	336	303
AT1G21060	204	221	264	348
AT1G21065	2150	2381	2199	2605
AT1G21070	134	125	141	127
AT1G21080	1786	1918	967	1144
AT1G21090	263	275	266	90
AT1G21100	87	92	250	456
AT1G21110	125	152	87	55
AT1G21120	107	91	73	61
AT1G21130	4116	4138	12223	18382
AT1G21140	27	40	27	18
AT1G21150	77	58	88	65
AT1G21160	935	945	703	712
AT1G21170	670	730	534	436
AT1G21190	1217	1249	515	439
AT1G21200	346	384	242	229
AT1G21202	3	2	0	0
AT1G21210	20	36	7	5
AT1G21240	1727	1718	67	70
AT1G21245	162	157	7	10
AT1G21250	14450	14767	5548	6419
AT1G21270	5811	6085	3624	5100
AT1G21280	121	154	125	109
AT1G21310	66831	73955	8522	1612
AT1G21320	17	21	10	10
AT1G21326	20	25	46	34
AT1G21340	0	0	1	0
AT1G21350	491	490	600	692
AT1G21360	2	6	5	5
AT1G21370	779	785	262	273
AT1G21380	2426	2401	1092	1140
AT1G21390	529	501	159	123
AT1G21395	0	1	0	0
AT1G21400	1221	1307	551	610
AT1G21410	282	311	213	183
AT1G21440	1764	1869	2084	1078
AT1G21450	1011	977	551	648
AT1G21460	257	273	196	167
AT1G21470	0	0	1	0
AT1G21480	376	332	339	329
AT1G21500	1607	1610	4020	4944
AT1G21510	18	14	15	11
AT1G21520	3296	3257	133	210
AT1G21528	15	20	0	0
AT1G21529	7	9	0	0
AT1G21540	6	9	26	53
AT1G21550	343	375	114	149
AT1G21560	439	517	464	397
AT1G21580	2734	2936	2353	2730
AT1G21590	1116	1141	1813	1859
AT1G21600	1590	1579	2672	2679
AT1G21610	1135	1109	1014	1191
AT1G21630	2420	2536	2230	2452
AT1G21640	999	1103	1209	1466
AT1G21650	751	823	650	561
AT1G21651	362	394	282	272
AT1G21660	1031	1039	706	739
AT1G21670	1243	1300	1350	1626
AT1G21680	1695	1865	3352	4460
AT1G21690	524	576	454	414
AT1G21695	31	24	25	20
AT1G21700	913	1027	751	733
AT1G21710	252	250	236	228
AT1G21720	1823	1990	1038	985
AT1G21722	3	0	1	0
AT1G21730	507	489	773	781
AT1G21738	0	0	3	0
AT1G21740	229	248	267	91
AT1G21750	26242	27178	3626	3398
AT1G21760	748	754	578	643
AT1G21770	3199	3360	1280	1495
AT1G21780	2858	3038	1654	1935
AT1G21790	268	317	294	334
AT1G21810	55	54	91	40
AT1G21830	650	701	381	312
AT1G21840	101	133	69	75
AT1G21850	2	2	0	0
AT1G21870	0	0	0	1
AT1G21880	877	931	879	570
AT1G21890	75	69	29	4
AT1G21900	2069	2164	586	531
AT1G21910	2998	3016	400	823
AT1G21920	706	727	1073	1587
AT1G21930	805	915	547	617
AT1G21940	0	1	0	0
AT1G21980	568	624	625	512
AT1G22000	1	4	0	0
AT1G22020	572	550	410	416
AT1G22030	128	134	132	93
AT1G22040	349	396	272	280
AT1G22050	190	204	166	163
AT1G22060	1030	1034	1428	1576
AT1G22065	93	85	31	9
AT1G22067	0	0	0	1
AT1G22070	2557	2502	1627	1656
AT1G22080	0	1	0	0
AT1G22090	1	1	0	0
AT1G22110	37	29	6	22
AT1G22130	2	0	0	1
AT1G22140	478	552	320	377
AT1G22150	12	11	10	1
AT1G22160	496	522	620	903
AT1G22170	144	154	168	145
AT1G22180	1042	1079	477	604
AT1G22190	5047	5202	1732	2176
AT1G22200	1320	1440	841	804
AT1G22210	1	4	0	0
AT1G22220	459	453	110	6
AT1G22230	54	51	42	28
AT1G22240	1	5	0	0
AT1G22250	215	179	261	263
AT1G22260	40	44	39	34
AT1G22270	633	674	523	418
AT1G22275	43	65	46	22
AT1G22280	2912	3146	1128	1402
AT1G22290	0	0	1	1
AT1G22300	7180	7654	5045	4321
AT1G22310	485	474	376	428
AT1G22330	461	479	765	1327
AT1G22340	53	38	62	27
AT1G22360	1384	1459	1658	2305
AT1G22370	297	321	608	979
AT1G22380	19	6	51	56
AT1G22400	1012	1107	388	477
AT1G22403	239	265	114	123
AT1G22410	6689	7128	2160	1606
AT1G22420	1	3	0	0
AT1G22430	417	445	1018	1149
AT1G22440	68	59	2	0
AT1G22450	2343	2452	1614	1461
AT1G22460	1	2	0	1
AT1G22470	68	48	9	19
AT1G22480	52	48	8	0
AT1G22490	476	511	239	92
AT1G22500	413	471	96	118
AT1G22510	541	558	184	216
AT1G22520	516	575	320	299
AT1G22530	3240	3355	2918	5540
AT1G22540	426	430	515	637
AT1G22550	65	70	90	116
AT1G22570	1365	1330	759	1088
AT1G22590	116	140	302	372
AT1G22600	7	6	16	8
AT1G22610	2298	2450	1380	1337
AT1G22620	820	871	648	818
AT1G22630	625	682	818	1034
AT1G22640	187	171	395	405
AT1G22650	427	430	390	367
AT1G22660	357	348	242	206
AT1G22670	1	0	0	1
AT1G22680	8	4	5	5
AT1G22690	90	111	202	362
AT1G22700	994	1103	1508	1761
AT1G22710	1502	1545	1912	2768
AT1G22720	1	0	0	0
AT1G22730	736	829	600	624
AT1G22740	382	393	929	1902
AT1G22750	788	797	419	551
AT1G22760	2	3	0	2
AT1G22770	2509	2604	2934	3370
AT1G22780	3760	3774	2784	1958
AT1G22790	489	532	620	530
AT1G22800	483	488	328	286
AT1G22810	34	28	14	10
AT1G22830	137	158	106	116
AT1G22840	2931	2989	1336	1169
AT1G22850	1193	1227	2013	2236
AT1G22860	587	628	463	476
AT1G22870	852	919	466	591
AT1G22880	317	388	248	265
AT1G22882	1616	1621	796	1166
AT1G22885	660	677	204	288
AT1G22890	1687	1782	764	1387
AT1G22900	77	88	53	71
AT1G22910	1072	1107	821	1022
AT1G22920	730	734	509	431
AT1G22930	3946	4076	1928	2172
AT1G22940	332	445	410	453
AT1G22950	359	345	279	231
AT1G22960	141	154	112	104
AT1G22970	535	530	351	331
AT1G22980	13	24	12	1
AT1G22985	83	74	56	55
AT1G22990	96	77	2	3
AT1G23000	241	257	252	58
AT1G23010	190	227	62	23
AT1G23020	1200	1156	700	1033
AT1G23030	1276	1351	686	1070
AT1G23040	315	345	83	116
AT1G23050	213	238	353	725
AT1G23052	213	238	353	725
AT1G23060	8	15	79	124
AT1G23070	0	0	0	3
AT1G23080	822	819	2804	3151
AT1G23090	301	288	519	569
AT1G23100	135	157	100	55
AT1G23110	7	5	0	0
AT1G23120	89	101	44	23
AT1G23130	6132	6387	8278	12810
AT1G23140	194	212	59	47
AT1G23149	115	129	19	12
AT1G23150	115	129	19	12
AT1G23170	252	241	275	230
AT1G23180	554	564	755	683
AT1G23190	2082	2117	1512	1306
AT1G23200	24	24	19	29
AT1G23205	97	87	100	53
AT1G23210	7	6	2	1
AT1G23220	507	504	357	317
AT1G23230	1331	1463	956	803
AT1G23260	1280	1317	809	901
AT1G23280	664	685	649	419
AT1G23290	4041	4085	2664	1851
AT1G23310	14403	15243	24455	30994
AT1G23320	0	4	0	0
AT1G23330	252	260	156	185
AT1G23340	58	51	111	82
AT1G23350	5	6	3	3
AT1G23360	449	442	507	482
AT1G23380	550	568	151	17
AT1G23390	1489	1715	2713	3998
AT1G23400	707	773	1448	1698
AT1G23410	98	105	109	60
AT1G23440	1068	1220	473	583
AT1G23450	21	17	17	9
AT1G23460	99	83	78	74
AT1G23465	13	23	17	21
AT1G23480	594	633	656	1082
AT1G23490	9274	9972	6421	6372
AT1G23500	1	0	0	0
AT1G23510	1	6	0	0
AT1G23530	54	81	23	16
AT1G23540	3	0	4	3
AT1G23550	66	81	23	11
AT1G23560	38	48	26	16
AT1G23580	0	0	1	0
AT1G23600	0	2	1	0
AT1G23660	0	1	1	0
AT1G23700	3	3	3	0
AT1G23710	1723	1871	827	560
AT1G23730	40	60	92	100
AT1G23740	1812	1977	2423	2690
AT1G23750	362	357	224	222
AT1G23760	5	6	0	3
AT1G23770	3	1	0	0
AT1G23780	960	947	552	547
AT1G23790	72	85	106	45
AT1G23800	533	556	598	317
AT1G23810	2	0	0	0
AT1G23820	1708	1764	1429	1141
AT1G23830	365	386	136	117
AT1G23840	1132	1051	152	168
AT1G23850	607	645	94	69
AT1G23860	964	951	548	437
AT1G23870	409	471	389	507
AT1G23880	134	137	125	89
AT1G23890	231	221	142	92
AT1G23900	1728	1702	1094	1061
AT1G23910	9	7	0	0
AT1G23935	22	33	81	52
AT1G23940	69	64	101	57
AT1G23950	735	764	513	547
AT1G23960	965	984	638	750
AT1G23965	0	1	6	8
AT1G23970	315	335	208	253
AT1G23980	92	89	109	58
AT1G24000	3	2	1	1
AT1G24010	3	1	0	0
AT1G24020	3221	3328	2732	1769
AT1G24030	98	104	104	64
AT1G24040	528	558	491	441
AT1G24050	1492	1646	921	819
AT1G24068	0	1	0	0
AT1G24070	1623	1651	630	274
AT1G24090	91	95	58	29
AT1G24095	160	160	35	25
AT1G24100	2104	2263	2097	1349
AT1G24120	579	599	592	569
AT1G24130	3	7	13	5
AT1G24140	1213	1261	184	142
AT1G24145	2676	2894	258	344
AT1G24147	2023	2195	903	1192
AT1G24148	1230	1413	757	1042
AT1G24150	1842	1884	327	352
AT1G24159	1	1	0	0
AT1G24160	1689	1798	2087	2550
AT1G24170	2431	2596	1024	1432
AT1G24180	1561	1563	1140	942
AT1G24190	1126	1125	917	898
AT1G24210	83	72	38	37
AT1G24220	0	1	0	0
AT1G24230	0	1	0	0
AT1G24240	312	341	281	274
AT1G24250	0	0	0	2
AT1G24260	3	3	5	4
AT1G24265	68	71	78	77
AT1G24267	1055	1165	598	596
AT1G24270	1	3	10	3
AT1G24280	316	367	279	175
AT1G24290	89	83	105	87
AT1G24300	1217	1368	1049	1079
AT1G24310	573	543	483	347
AT1G24320	12	2	2	2
AT1G24330	179	180	142	101
AT1G24340	393	396	407	442
AT1G24350	840	932	543	581
AT1G24360	2388	2390	2052	1665
AT1G24380	0	1	0	1
AT1G24388	1	0	0	0
AT1G24390	1	0	0	0
AT1G24400	52	40	78	153
AT1G24405	3	4	1	1
AT1G24420	0	1	0	2
AT1G24430	3	9	1	0
AT1G24440	269	293	292	365
AT1G24450	863	787	442	433
AT1G24460	1624	1676	1173	1244
AT1G24470	77	93	38	37
AT1G24480	2	2	0	2
AT1G24490	921	934	842	764
AT1G24510	3198	3412	2973	2303
AT1G24520	1	3	1	0
AT1G24530	735	776	249	245
AT1G24560	781	804	601	644
AT1G24570	6	0	2	1
AT1G24575	767	842	344	180
AT1G24577	5	2	3	13
AT1G24580	31	20	7	13
AT1G24590	3	4	2	0
AT1G24600	70	46	18	25
AT1G24610	438	433	574	572
AT1G24620	1	3	1	0
AT1G24625	489	477	526	418
AT1G24706	1676	1785	1342	1381
AT1G24735	22	19	29	13
AT1G24764	534	503	709	584
AT1G24793	1041	707	514	309
AT1G24800	547	604	361	330
AT1G24807	25	9	12	14
AT1G24822	3917	3777	4068	4227
AT1G24851	1	2	1	0
AT1G24880	4555	4554	4798	4804
AT1G24881	541	563	326	290
AT1G24909	4	26	1	0
AT1G24996	1044	1146	1074	1286
AT1G25025	5	4	5	0
AT1G25054	5781	5745	5431	6007
AT1G25055	499	571	298	314
AT1G25083	4	9	33	40
AT1G25097	5298	5014	4979	4925
AT1G25098	4292	4203	4266	4527
AT1G25112	4	11	2	4
AT1G25141	13	16	15	20
AT1G25145	156	199	310	156
AT1G25150	543	535	314	324
AT1G25155	13	5	0	3
AT1G25175	4252	5459	4717	5287
AT1G25180	8	14	3	0
AT1G25210	146	810	102	309
AT1G25211	645	645	357	366
AT1G25220	1785	1918	872	681
AT1G25230	447	464	997	1628
AT1G25240	0	2	1	0
AT1G25250	218	298	184	112
AT1G25260	1209	1305	879	519
AT1G25275	3965	4060	2932	4309
AT1G25280	1151	1196	739	789
AT1G25290	232	236	286	364
AT1G25310	0	2	0	0
AT1G25320	216	227	258	206
AT1G25330	0	1	0	1
AT1G25350	2014	2281	1400	1131
AT1G25360	63	61	43	33
AT1G25370	659	676	117	116
AT1G25375	246	234	223	206
AT1G25380	719	770	492	497
AT1G25390	1266	1328	562	704
AT1G25400	1770	1922	767	833
AT1G25420	722	735	528	503
AT1G25422	58	69	52	48
AT1G25425	285	253	210	194
AT1G25440	2548	2720	7369	7757
AT1G25450	692	741	567	549
AT1G25460	38	44	13	0
AT1G25470	191	184	156	152
AT1G25472	191	184	156	152
AT1G25480	297	314	273	367
AT1G25490	2177	2237	1950	1859
AT1G25500	348	375	132	133
AT1G25510	144	192	231	76
AT1G25520	617	575	337	384
AT1G25530	244	258	173	77
AT1G25540	1011	1108	673	653
AT1G25550	3371	3535	1389	1558
AT1G25560	2716	2870	2037	2634
AT1G25570	955	984	755	605
AT1G25580	526	551	399	279
AT1G25682	1218	1355	540	625
AT1G26090	378	401	290	310
AT1G26100	216	217	229	203
AT1G26110	4250	4289	3550	3365
AT1G26120	627	659	442	534
AT1G26130	646	702	549	517
AT1G26140	3	3	0	2
AT1G26150	4687	4965	6020	6103
AT1G26160	595	602	424	472
AT1G26170	652	726	633	616
AT1G26180	322	318	348	380
AT1G26190	339	389	362	324
AT1G26200	94	102	15	14
AT1G26208	564	571	938	1360
AT1G26210	407	411	808	1152
AT1G26218	312	304	482	430
AT1G26220	246	235	362	331
AT1G26230	250	232	582	561
AT1G26233	2	1	0	0
AT1G26240	7	9	0	0
AT1G26250	1	7	1	1
AT1G26260	195	213	203	252
AT1G26270	2125	2256	1320	1558
AT1G26290	23	15	7	12
AT1G26300	420	383	298	252
AT1G26310	0	0	1	0
AT1G26330	46	48	81	35
AT1G26340	541	588	273	205
AT1G26355	11	5	0	0
AT1G26360	1	3	0	0
AT1G26370	478	530	333	275
AT1G26380	438	467	80	25
AT1G26390	1284	1346	29	7
AT1G26400	3	5	2	0
AT1G26410	78	126	1	1
AT1G26420	665	666	28	16
AT1G26440	1013	1059	521	720
AT1G26450	482	520	127	81
AT1G26460	823	941	797	598
AT1G26470	506	521	281	206
AT1G26480	0	1	0	0
AT1G26500	46	26	36	32
AT1G26510	8	1	1	3
AT1G26520	261	300	194	170
AT1G26530	37	29	40	32
AT1G26540	120	116	156	55
AT1G26550	4165	4140	2395	2290
AT1G26558	10	19	6	12
AT1G26560	1148	1217	509	366
AT1G26570	276	311	272	212
AT1G26580	3657	3897	2568	3118
AT1G26590	5	12	12	4
AT1G26600	3	7	16	10
AT1G26610	1	3	3	4
AT1G26620	470	408	396	322
AT1G26630	19892	20812	11086	9721
AT1G26640	518	635	474	454
AT1G26650	499	556	500	572
AT1G26660	216	194	115	100
AT1G26665	849	987	469	455
AT1G26670	1703	1837	1300	1714
AT1G26680	9	10	10	1
AT1G26690	1433	1480	371	356
AT1G26720	0	4	0	0
AT1G26730	1408	1651	202	192
AT1G26740	566	551	314	225
AT1G26750	541	589	399	337
AT1G26760	66	41	58	33
AT1G26761	199	219	637	742
AT1G26762	6	10	4	5
AT1G26770	1161	1148	518	317
AT1G26780	40	33	30	2
AT1G26796	1	0	0	0
AT1G26800	415	432	576	839
AT1G26810	188	217	209	208
AT1G26820	12	17	11	7
AT1G26830	1827	1863	1386	1453
AT1G26840	83	106	72	47
AT1G26850	6217	6686	5423	4797
AT1G26880	2902	3025	2078	1383
AT1G26890	12	19	11	6
AT1G26900	103	122	89	59
AT1G26910	295	332	260	149
AT1G26920	369	388	1345	1787
AT1G26930	297	259	133	104
AT1G26940	354	362	235	173
AT1G26945	103	93	259	243
AT1G26960	169	214	159	175
AT1G26970	39	32	1	0
AT1G26976	1	4	0	0
AT1G27000	1558	1699	1099	1126
AT1G27008	2	2	2	3
AT1G27020	1055	1032	1183	1673
AT1G27030	1589	1680	2891	2460
AT1G27040	19	10	4	4
AT1G27045	5	7	14	7
AT1G27050	254	298	209	175
AT1G27060	99	104	114	87
AT1G27070	329	353	291	276
AT1G27080	2	1	2	1
AT1G27090	2583	2940	3183	3442
AT1G27100	6088	6239	2766	3086
AT1G27110	80	80	26	17
AT1G27120	152	164	349	278
AT1G27130	1384	1525	2626	2905
AT1G27140	0	0	0	1
AT1G27150	588	620	619	558
AT1G27160	4	2	0	0
AT1G27170	173	154	192	191
AT1G27180	190	254	236	291
AT1G27190	780	842	997	963
AT1G27200	784	823	720	789
AT1G27210	656	628	1057	1056
AT1G27240	0	0	1	1
AT1G27280	1	0	0	0
AT1G27290	1555	1764	1011	1334
AT1G27300	583	633	391	444
AT1G27310	2325	2444	1601	1455
AT1G27320	1951	2067	1653	2054
AT1G27330	5255	5643	1198	1011
AT1G27340	1107	1050	539	476
AT1G27350	2243	2385	714	602
AT1G27360	220	245	161	113
AT1G27370	351	348	234	167
AT1G27380	13	14	7	7
AT1G27385	664	644	483	590
AT1G27390	1295	1338	827	609
AT1G27400	3899	4024	3759	2443
AT1G27410	156	130	143	150
AT1G27420	100	123	64	77
AT1G27430	1197	1327	939	985
AT1G27435	952	857	628	496
AT1G27440	227	297	166	147
AT1G27450	4854	5029	3379	2860
AT1G27460	506	558	802	1074
AT1G27461	0	0	0	1
AT1G27470	439	437	421	260
AT1G27480	334	375	663	655
AT1G27490	0	0	2	0
AT1G27500	139	177	148	147
AT1G27510	707	859	796	822
AT1G27520	1039	1125	751	846
AT1G27530	2202	2313	1287	1241
AT1G27540	394	355	367	412
AT1G27565	4	6	3	4
AT1G27580	192	202	190	196
AT1G27590	269	224	160	243
AT1G27595	576	656	585	475
AT1G27600	978	1000	782	880
AT1G27610	2	0	0	0
AT1G27620	51	41	23	5
AT1G27630	1213	1305	1068	1165
AT1G27640	45	48	49	37
AT1G27650	1538	1589	1360	1167
AT1G27660	291	285	294	201
AT1G27670	8	8	15	14
AT1G27680	561	639	616	427
AT1G27690	307	303	278	256
AT1G27695	263	256	199	191
AT1G27700	231	275	212	216
AT1G27710	4	2	0	0
AT1G27720	28	34	27	19
AT1G27730	9582	9962	3396	2953
AT1G27740	1	0	0	0
AT1G27750	626	559	599	567
AT1G27752	805	833	748	752
AT1G27760	1210	1297	802	664
AT1G27770	6488	6876	1442	1414
AT1G27820	1	3	1	1
AT1G27840	447	433	368	263
AT1G27850	676	699	749	727
AT1G27860	1	0	0	0
AT1G27880	48	73	77	28
AT1G27890	9	6	0	1
AT1G27900	633	717	471	383
AT1G27910	485	564	461	445
AT1G27920	634	651	571	601
AT1G27921	249	224	259	252
AT1G27930	1434	1562	843	920
AT1G27940	40	36	63	38
AT1G27950	3898	4010	2252	2317
AT1G27960	191	215	202	136
AT1G27970	1911	2007	1173	972
AT1G27980	636	687	278	204
AT1G27990	0	2	1	0
AT1G28000	0	1	0	0
AT1G28010	58	64	77	91
AT1G28040	5	1	0	0
AT1G28050	1069	1138	1176	1045
AT1G28060	1152	1199	1184	1011
AT1G28070	190	193	132	184
AT1G28080	2	1	3	2
AT1G28090	353	368	349	374
AT1G28100	497	475	541	561
AT1G28110	889	895	836	473
AT1G28120	905	881	600	593
AT1G28130	316	380	219	87
AT1G28135	1	0	0	0
AT1G28140	2071	2122	1850	2240
AT1G28150	560	525	690	840
AT1G28180	0	1	0	0
AT1G28190	781	861	462	215
AT1G28200	1190	1281	701	770
AT1G28210	214	253	119	91
AT1G28220	0	0	1	0
AT1G28230	348	380	535	586
AT1G28240	1376	1320	982	1174
AT1G28250	498	518	313	314
AT1G28260	622	767	471	584
AT1G28280	1846	1954	857	786
AT1G28281	4	5	1	0
AT1G28290	6790	7440	8883	1332
AT1G28300	0	0	2	0
AT1G28310	410	421	312	308
AT1G28320	1063	1088	1077	1238
AT1G28327	4	3	0	1
AT1G28330	2088	2139	3535	5293
AT1G28340	1264	1427	1071	1054
AT1G28350	799	753	631	490
AT1G28360	94	92	79	10
AT1G28370	3627	3696	831	530
AT1G28375	2	3	0	0
AT1G28380	2878	2988	1469	1703
AT1G28390	238	253	163	87
AT1G28395	462	464	388	214
AT1G28400	4003	4219	1881	1075
AT1G28410	382	423	368	403
AT1G28420	1463	1559	1323	1258
AT1G28430	1	4	1	0
AT1G28440	1573	1766	1419	1283
AT1G28450	0	0	1	1
AT1G28470	20	16	13	3
AT1G28480	1558	1745	156	75
AT1G28490	779	871	638	675
AT1G28510	633	577	336	320
AT1G28520	1109	1267	724	611
AT1G28530	137	104	135	140
AT1G28540	429	470	275	219
AT1G28550	2	3	0	0
AT1G28560	86	94	91	106
AT1G28570	260	255	188	214
AT1G28580	2102	2393	780	760
AT1G28590	6	0	0	0
AT1G28600	3546	3739	1215	1312
AT1G28610	607	791	883	760
AT1G28660	344	335	275	383
AT1G28670	853	884	542	763
AT1G28680	1107	1151	488	414
AT1G28685	603	621	339	257
AT1G28690	27	34	28	20
AT1G28710	293	285	307	159
AT1G28730	0	2	0	0
AT1G28740	2	0	0	1
AT1G28750	0	0	1	0
AT1G28760	181	206	91	65
AT1G28770	0	0	0	1
AT1G28810	0	2	2	0
AT1G28815	54	68	33	27
AT1G28820	3	6	4	1
AT1G28830	1	2	2	2
AT1G28840	1	2	2	1
AT1G28850	0	1	0	0
AT1G28860	0	1	0	0
AT1G28890	5	6	3	7
AT1G28900	1	0	0	0
AT1G28910	0	1	1	0
AT1G28920	7	11	6	3
AT1G28930	6	12	4	8
AT1G28940	15	27	17	11
AT1G28950	8	3	2	7
AT1G28960	571	681	448	492
AT1G28970	20	10	9	7
AT1G28980	2	10	5	3
AT1G28990	3	3	0	1
AT1G29000	3	8	0	0
AT1G29020	0	1	0	0
AT1G29030	533	615	359	218
AT1G29040	846	920	470	523
AT1G29041	52	40	36	11
AT1G29050	421	513	581	854
AT1G29060	424	461	174	171
AT1G29070	1743	1777	3004	3408
AT1G29071	30	20	15	4
AT1G29090	1	0	0	0
AT1G29100	2	1	0	0
AT1G29110	0	0	2	8
AT1G29120	418	361	415	501
AT1G29140	0	0	1	1
AT1G29150	2234	2374	1521	1390
AT1G29160	58	69	37	25
AT1G29170	330	372	423	271
AT1G29195	47	45	31	4
AT1G29200	19	19	8	11
AT1G29220	448	467	363	360
AT1G29230	37	19	7	9
AT1G29240	674	687	261	147
AT1G29250	648	659	479	327
AT1G29260	594	589	468	446
AT1G29270	250	231	134	14
AT1G29280	25	36	21	16
AT1G29290	418	393	24	33
AT1G29300	141	137	71	50
AT1G29310	1965	2020	676	582
AT1G29320	436	483	407	235
AT1G29330	916	963	227	185
AT1G29340	3260	3581	1386	1372
AT1G29350	1741	1974	1969	1532
AT1G29355	776	786	393	494
AT1G29357	1013	1017	608	712
AT1G29370	2261	2263	1496	1273
AT1G29380	74	78	41	24
AT1G29390	979	1041	1188	1458
AT1G29395	1511	1623	4564	6974
AT1G29400	2121	2171	2563	2585
AT1G29410	133	135	150	150
AT1G29418	575	634	348	233
AT1G29420	49	47	24	15
AT1G29430	65	40	107	144
AT1G29440	29	43	75	117
AT1G29450	34	24	93	161
AT1G29460	23	29	77	117
AT1G29465	169	199	112	123
AT1G29470	4646	4914	6068	6077
AT1G29490	1	0	1	1
AT1G29500	14	21	75	109
AT1G29510	17	16	73	105
AT1G29520	114	104	68	66
AT1G29530	247	246	313	323
AT1G29540	20	9	6	3
AT1G29550	234	219	220	208
AT1G29560	278	296	204	172
AT1G29590	109	104	75	64
AT1G29600	74	92	189	250
AT1G29630	193	220	159	115
AT1G29640	39	48	2	3
AT1G29660	2631	2638	3088	4046
AT1G29670	5591	5710	6461	8668
AT1G29680	10	10	1	0
AT1G29690	1778	1866	521	595
AT1G29700	974	1037	1139	1400
AT1G29710	130	130	81	71
AT1G29720	437	499	1152	1228
AT1G29730	74	77	84	83
AT1G29740	11	20	18	13
AT1G29750	595	636	575	601
AT1G29760	379	382	265	312
AT1G29770	75	47	56	62
AT1G29780	17	20	19	17
AT1G29785	138	123	127	103
AT1G29790	865	923	809	745
AT1G29800	378	390	231	249
AT1G29810	394	437	242	233
AT1G29820	232	268	233	211
AT1G29830	1	2	0	1
AT1G29840	189	208	128	148
AT1G29850	2963	3021	1681	1683
AT1G29860	54	61	6	7
AT1G29880	1823	1977	1702	1646
AT1G29890	613	601	455	391
AT1G29900	1723	1851	2736	2271
AT1G29910	30773	32433	135231	165869
AT1G29920	55419	57597	116289	138574
AT1G29930	152279	161733	477736	603419
AT1G29940	1039	1110	828	553
AT1G29950	958	1035	900	741
AT1G29951	909	981	852	700
AT1G29952	909	981	852	700
AT1G29960	154	177	87	98
AT1G29962	0	1	0	0
AT1G29965	1104	1087	748	447
AT1G29970	1818	1876	1104	910
AT1G29980	1306	1402	660	243
AT1G29990	1205	1144	576	616
AT1G30000	916	906	496	567
AT1G30010	158	153	145	123
AT1G30020	36	48	28	40
AT1G30040	369	346	167	163
AT1G30060	1	0	0	0
AT1G30070	496	490	291	167
AT1G30080	2	5	8	0
AT1G30090	364	417	425	409
AT1G30100	139	147	8	0
AT1G30110	143	171	102	49
AT1G30120	1801	1932	1799	1777
AT1G30130	321	333	357	324
AT1G30135	405	391	90	48
AT1G30160	216	226	126	91
AT1G30170	2	5	1	0
AT1G30190	411	397	33	13
AT1G30200	1007	1039	1011	1301
AT1G30210	911	975	1042	1077
AT1G30220	33	46	10	8
AT1G30230	8582	8696	5637	4762
AT1G30240	250	255	245	211
AT1G30250	372	358	530	585
AT1G30260	225	223	305	292
AT1G30270	1693	1847	799	736
AT1G30280	265	252	542	564
AT1G30282	148	162	321	327
AT1G30290	188	187	124	128
AT1G30300	342	357	215	159
AT1G30320	662	648	209	165
AT1G30330	2727	2964	2340	1589
AT1G30360	7929	8350	7625	10470
AT1G30370	29	26	3	2
AT1G30380	9383	9998	18722	24354
AT1G30400	2949	2976	2334	2554
AT1G30410	1285	1428	619	579
AT1G30420	933	987	419	539
AT1G30440	704	836	931	1043
AT1G30450	855	830	659	645
AT1G30455	1	0	0	0
AT1G30460	685	721	533	441
AT1G30470	1471	1535	1049	1055
AT1G30473	101	116	28	24
AT1G30475	292	303	98	85
AT1G30480	517	504	436	413
AT1G30490	1801	1989	861	738
AT1G30500	412	435	236	311
AT1G30510	868	902	740	605
AT1G30515	71	47	56	5
AT1G30520	145	142	472	470
AT1G30530	980	1139	1329	857
AT1G30540	311	279	268	264
AT1G30550	190	182	125	124
AT1G30570	278	277	385	347
AT1G30580	4309	4336	3176	2582
AT1G30590	1194	1258	1145	1161
AT1G30600	348	335	320	162
AT1G30610	390	430	529	596
AT1G30620	896	971	318	253
AT1G30630	3037	3203	1833	1625
AT1G30640	682	672	218	335
AT1G30650	190	187	120	1
AT1G30660	35	38	8	8
AT1G30680	654	650	675	503
AT1G30690	1083	1102	1230	1088
AT1G30700	448	426	34	6
AT1G30720	486	474	25	36
AT1G30730	252	278	26	20
AT1G30740	5	6	1	0
AT1G30750	3	6	0	0
AT1G30755	955	921	358	380
AT1G30757	162	132	65	62
AT1G30760	76	61	8	7
AT1G30780	1	0	0	0
AT1G30800	3	2	1	1
AT1G30810	792	782	550	596
AT1G30814	2	1	0	0
AT1G30820	410	447	896	889
AT1G30825	281	295	258	191
AT1G30840	35	27	97	47
AT1G30845	132	89	52	61
AT1G30850	2	5	0	0
AT1G30860	44	34	43	42
AT1G30880	1764	1966	1197	1024
AT1G30890	411	430	248	236
AT1G30900	2141	2268	91	81
AT1G30910	493	531	520	580
AT1G30920	1	0	0	2
AT1G30950	8	6	3	0
AT1G30960	138	133	120	73
AT1G30970	1328	1476	905	1128
AT1G30990	2	5	0	0
AT1G31010	298	328	109	74
AT1G31020	314	286	163	97
AT1G31040	54	41	73	25
AT1G31050	6	2	11	4
AT1G31070	679	623	628	512
AT1G31120	330	350	273	204
AT1G31130	5816	6176	1938	1908
AT1G31140	6	9	1	0
AT1G31150	297	291	310	304
AT1G31160	417	454	403	380
AT1G31170	1130	1174	681	909
AT1G31173	78	83	216	386
AT1G31175	227	258	226	219
AT1G31180	969	889	870	706
AT1G31190	477	550	702	713
AT1G31200	40	43	22	28
AT1G31220	277	322	240	211
AT1G31230	1596	1686	1983	1651
AT1G31240	13	18	13	15
AT1G31250	2	5	0	0
AT1G31258	338	385	152	131
AT1G31280	2540	2570	329	303
AT1G31290	558	550	11	12
AT1G31300	709	665	482	503
AT1G31310	59	75	91	2
AT1G31320	96	124	65	16
AT1G31330	22851	23846	65411	82210
AT1G31335	193	218	153	171
AT1G31340	1402	1429	994	838
AT1G31350	145	177	233	268
AT1G31360	301	280	301	277
AT1G31370	1	0	0	0
AT1G31410	471	508	623	743
AT1G31420	2630	2737	2859	3796
AT1G31430	25	39	42	36
AT1G31440	804	837	645	645
AT1G31460	202	227	120	79
AT1G31470	117	160	80	70
AT1G31480	475	495	334	465
AT1G31485	45	28	44	30
AT1G31490	167	158	94	108
AT1G31500	477	528	373	426
AT1G31540	3212	3301	1201	1584
AT1G31550	3593	3667	1194	904
AT1G31580	88659	94573	36727	43489
AT1G31600	1024	1101	570	700
AT1G31650	529	519	490	456
AT1G31660	915	931	686	383
AT1G31670	0	1	0	0
AT1G31690	193	180	1420	1318
AT1G31710	1462	1555	1395	770
AT1G31720	3	9	1	7
AT1G31730	2113	2266	1797	1851
AT1G31750	27	16	22	38
AT1G31760	68	76	68	24
AT1G31770	436	471	440	103
AT1G31780	972	1065	823	784
AT1G31790	79	97	81	79
AT1G31800	843	922	1581	1563
AT1G31810	713	762	744	607
AT1G31812	6683	7068	5591	6001
AT1G31814	134	134	101	103
AT1G31817	494	557	372	343
AT1G31820	179	213	88	97
AT1G31830	567	609	429	387
AT1G31835	77	90	35	40
AT1G31840	39	51	26	22
AT1G31850	1764	1912	1912	1385
AT1G31860	377	414	474	347
AT1G31870	721	757	564	483
AT1G31880	58	54	28	26
AT1G31885	12	11	1	2
AT1G31910	3208	3275	2722	2503
AT1G31920	134	103	294	256
AT1G31930	915	993	950	950
AT1G31935	50	47	37	30
AT1G31940	695	720	303	326
AT1G31950	61	66	47	51
AT1G31970	1612	1768	1932	1139
AT1G31990	1	0	2	2
AT1G32010	0	0	0	1
AT1G32050	3049	3215	1815	1773
AT1G32060	10026	10358	23124	26781
AT1G32070	945	1003	1360	1388
AT1G32080	1046	1001	3215	3672
AT1G32090	569	557	594	576
AT1G32100	25	20	32	37
AT1G32120	385	362	286	221
AT1G32130	2168	2402	1457	1554
AT1G32150	655	665	330	401
AT1G32160	874	960	1356	1633
AT1G32170	478	510	112	274
AT1G32172	21	27	4	2
AT1G32190	206	239	209	150
AT1G32200	745	782	1272	1351
AT1G32210	1075	1236	675	603
AT1G32220	788	800	1259	1441
AT1G32230	9296	9632	4769	5330
AT1G32240	146	123	165	83
AT1G32260	409	478	251	243
AT1G32270	6	14	4	1
AT1G32300	1	0	0	0
AT1G32310	298	259	135	148
AT1G32330	367	376	176	163
AT1G32340	586	583	297	309
AT1G32350	324	302	30	5
AT1G32360	807	866	713	859
AT1G32370	347	359	182	231
AT1G32375	6	8	1	2
AT1G32380	300	337	297	234
AT1G32385	15	7	5	3
AT1G32400	2238	2351	1578	2011
AT1G32410	884	851	511	585
AT1G32415	59	59	62	48
AT1G32440	628	669	628	620
AT1G32450	177	176	169	138
AT1G32460	1334	1355	767	881
AT1G32470	2705	2914	5467	5711
AT1G32490	1005	936	861	771
AT1G32500	1155	1269	1328	1355
AT1G32510	10	6	0	1
AT1G32520	194	215	222	234
AT1G32530	753	746	603	709
AT1G32540	559	517	496	701
AT1G32550	649	685	842	981
AT1G32560	10	13	0	0
AT1G32570	3	5	7	1
AT1G32580	1581	1451	1365	1002
AT1G32583	45	46	57	40
AT1G32600	0	1	0	1
AT1G32610	97	96	66	65
AT1G32620	0	1	0	0
AT1G32630	202	180	107	103
AT1G32640	9773	10305	4352	2036
AT1G32690	122	114	46	35
AT1G32700	1797	1826	983	1226
AT1G32710	1	0	0	0
AT1G32730	109	103	96	71
AT1G32740	97	70	47	52
AT1G32750	1359	1474	1302	1216
AT1G32760	50	57	100	65
AT1G32780	0	0	6	13
AT1G32790	2090	2306	1348	1505
AT1G32810	885	890	682	640
AT1G32860	391	458	479	357
AT1G32870	443	508	176	139
AT1G32880	12	18	1	1
AT1G32900	2247	2416	1268	1080
AT1G32910	191	205	12	6
AT1G32920	4153	4329	1226	882
AT1G32928	690	702	260	142
AT1G32930	186	205	157	67
AT1G32940	1368	1512	185	179
AT1G32950	97	116	13	11
AT1G32960	363	347	49	35
AT1G32970	5	7	2	0
AT1G32990	1789	1847	3345	3667
AT1G33020	3	1	0	0
AT1G33030	110	104	11	15
AT1G33040	1167	1179	1262	953
AT1G33050	2127	2320	1046	1592
AT1G33055	377	402	40	6
AT1G33060	544	537	431	474
AT1G33080	64	89	106	106
AT1G33090	0	0	1	0
AT1G33102	102	98	25	34
AT1G33110	539	522	441	423
AT1G33120	5929	6231	4672	3558
AT1G33140	6972	7325	5686	4129
AT1G33170	426	406	867	675
AT1G33220	1	0	0	0
AT1G33230	960	976	798	783
AT1G33240	3195	3459	3612	5380
AT1G33250	613	610	529	598
AT1G33260	283	323	122	95
AT1G33265	612	636	391	313
AT1G33270	499	516	381	414
AT1G33290	510	578	671	736
AT1G33330	348	325	232	273
AT1G33340	44	68	43	36
AT1G33350	69	58	33	54
AT1G33360	540	540	272	248
AT1G33370	0	1	0	0
AT1G33390	618	632	333	273
AT1G33400	367	361	311	331
AT1G33410	862	884	823	598
AT1G33415	842	849	397	379
AT1G33420	634	597	296	258
AT1G33430	86	123	26	23
AT1G33440	93	104	97	47
AT1G33470	2993	3013	2239	1760
AT1G33475	43	36	29	32
AT1G33480	106	80	155	97
AT1G33490	925	964	399	489
AT1G33500	3	2	3	4
AT1G33520	1009	1007	1073	971
AT1G33540	1	0	3	0
AT1G33560	1582	1783	377	258
AT1G33590	6389	6627	5681	6088
AT1G33600	1949	2024	2424	3084
AT1G33607	0	0	1	1
AT1G33610	1033	1057	416	426
AT1G33612	25	33	19	28
AT1G33615	20	28	36	31
AT1G33640	7	4	10	17
AT1G33680	1464	1462	1272	1235
AT1G33700	282	255	250	182
AT1G33720	4723	4953	381	790
AT1G33730	107	120	3	0
AT1G33760	1288	1385	183	202
AT1G33770	162	154	216	277
AT1G33780	875	842	707	748
AT1G33790	602	640	179	67
AT1G33800	79	93	30	33
AT1G33810	971	958	882	896
AT1G33811	81	56	79	174
AT1G33840	25	23	0	0
AT1G33890	1	6	0	0
AT1G33930	10	13	39	34
AT1G33940	2	4	0	0
AT1G33950	109	129	0	0
AT1G33960	4699	5055	8	18
AT1G33970	3234	3470	2191	2639
AT1G33980	1062	1117	777	797
AT1G33990	1919	2045	971	1052
AT1G34000	997	1120	1379	1843
AT1G34010	156	186	244	271
AT1G34020	470	544	356	342
AT1G34030	2612	2621	2079	1532
AT1G34040	18	29	24	14
AT1G34060	79	88	214	529
AT1G34065	98	119	166	91
AT1G34110	366	348	385	375
AT1G34120	378	369	211	262
AT1G34130	1884	1971	1186	1143
AT1G34150	322	276	251	206
AT1G34160	130	136	128	67
AT1G34180	490	490	19	34
AT1G34190	1780	1878	1024	1146
AT1G34200	467	507	384	452
AT1G34210	726	708	624	636
AT1G34220	1111	1237	762	788
AT1G34245	34	40	20	21
AT1G34260	1062	1146	574	579
AT1G34270	396	401	284	253
AT1G34300	805	794	664	823
AT1G34310	0	1	0	0
AT1G34315	60	88	198	241
AT1G34320	1143	1064	1104	1129
AT1G34340	1100	1136	1376	1454
AT1G34350	442	461	258	214
AT1G34355	100	123	129	64
AT1G34360	379	379	288	200
AT1G34370	1618	1646	1158	1030
AT1G34380	275	288	184	205
AT1G34400	3	1	1	7
AT1G34418	793	927	571	426
AT1G34420	1000	1019	83	83
AT1G34430	900	1072	1399	1252
AT1G34440	4	2	2	3
AT1G34460	40	53	56	39
AT1G34470	351	357	276	242
AT1G34480	1	3	3	1
AT1G34550	1219	1235	788	712
AT1G34560	3	5	0	0
AT1G34570	417	432	294	326
AT1G34580	49	40	43	49
AT1G34630	245	279	225	283
AT1G34640	89	96	93	106
AT1G34670	17	26	2	0
AT1G34750	3239	3480	413	456
AT1G34760	143	176	210	408
AT1G34770	147	173	122	69
AT1G34780	390	444	358	404
AT1G34844	185	180	173	185
AT1G35040	0	0	0	1
AT1G35140	6562	6743	726	1801
AT1G35160	1805	1979	1343	1241
AT1G35170	2	4	2	4
AT1G35180	25	32	60	51
AT1G35183	0	1	4	4
AT1G35190	908	941	445	518
AT1G35210	1888	1788	336	295
AT1G35220	599	695	516	468
AT1G35230	3322	3305	71	69
AT1G35250	5	2	3	0
AT1G35255	7	7	3	5
AT1G35260	208	229	209	116
AT1G35290	1	3	9	10
AT1G35310	11	12	68	63
AT1G35320	343	366	155	106
AT1G35330	9	4	0	0
AT1G35340	808	817	937	1087
AT1G35350	1860	1918	839	1415
AT1G35410	0	0	1	0
AT1G35420	758	759	1382	1566
AT1G35430	211	232	129	132
AT1G35460	371	387	276	318
AT1G35470	384	365	329	342
AT1G35510	639	668	525	453
AT1G35515	684	765	663	708
AT1G35516	632	711	645	683
AT1G35530	62	68	92	41
AT1G35560	383	446	274	258
AT1G35580	2993	3119	1582	1381
AT1G35610	0	1	0	1
AT1G35614	0	0	1	0
AT1G35620	1654	1773	1041	1288
AT1G35625	5	5	0	0
AT1G35630	2	0	1	1
AT1G35660	301	330	238	206
AT1G35670	368	356	340	402
AT1G35680	2340	2374	4416	4829
AT1G35710	33040	34613	3389	4872
AT1G35720	20685	21494	12096	8739
AT1G35730	7	6	6	12
AT1G35750	3	6	0	0
AT1G35780	605	601	477	321
AT1G35830	109	130	126	40
AT1G35880	0	0	3	0
AT1G35910	437	442	37	24
AT1G36050	1088	1202	767	912
AT1G36060	179	152	30	12
AT1G36070	686	666	410	430
AT1G36160	2029	2066	2472	2321
AT1G36180	223	278	280	302
AT1G36280	374	403	274	181
AT1G36310	612	680	571	467
AT1G36320	1794	1866	1748	1976
AT1G36340	1	0	0	0
AT1G36370	1222	1309	1075	914
AT1G36380	376	350	229	229
AT1G36390	592	672	781	678
AT1G36580	17	5	13	3
AT1G36622	347	353	2	5
AT1G36640	8	14	0	0
AT1G36675	13	13	9	14
AT1G36730	4663	4912	2711	2565
AT1G36732	4663	4912	2711	2565
AT1G36920	0	2	0	0
AT1G36922	0	1	0	0
AT1G36940	188	218	130	183
AT1G36950	0	1	0	1
AT1G36980	1511	1527	945	1038
AT1G36990	617	675	495	475
AT1G36992	47	68	47	54
AT1G37000	0	0	0	2
AT1G37020	0	0	0	2
AT1G37130	17852	19230	9155	7012
AT1G37140	1	1	0	0
AT1G37150	28	41	19	21
AT1G38065	273	303	219	177
AT1G38131	356	373	331	311
AT1G40129	1	2	1	1
AT1G41830	3128	3384	3032	2607
AT1G41875	0	0	1	0
AT1G41880	6452	6881	4867	3266
AT1G42430	426	470	563	450
AT1G42440	1134	1174	812	642
AT1G42470	1392	1415	885	1118
AT1G42480	1205	1254	399	345
AT1G42540	667	635	403	431
AT1G42550	578	616	1813	1947
AT1G42560	1	2	0	0
AT1G42680	0	2	4	0
AT1G42960	1917	1986	1750	1895
AT1G42970	15405	15785	25621	26943
AT1G42980	140	158	10	5
AT1G42990	4045	4145	933	768
AT1G43000	4	9	1	0
AT1G43040	7	4	1	1
AT1G43130	1244	1246	699	759
AT1G43160	82	94	4	6
AT1G43170	12217	12899	11684	7341
AT1G43190	1462	1572	1188	1114
AT1G43245	163	183	148	184
AT1G43560	790	851	1116	1264
AT1G43580	745	708	629	586
AT1G43620	899	921	842	928
AT1G43640	4	5	5	6
AT1G43650	69	93	98	126
AT1G43670	2015	2237	3071	3665
AT1G43690	967	1006	792	795
AT1G43700	1176	1200	1109	1212
AT1G43710	1315	1327	2097	1632
AT1G43765	47	38	29	7
AT1G43770	196	234	185	136
AT1G43780	0	2	0	0
AT1G43790	60	73	12	18
AT1G43800	5053	5290	729	5
AT1G43810	2	0	0	0
AT1G43850	1863	1981	1488	1487
AT1G43860	665	657	446	374
AT1G43890	1522	1570	780	765
AT1G43900	990	1030	635	583
AT1G43910	4575	4892	235	39
AT1G43980	37	46	39	20
AT1G44000	781	791	1291	1270
AT1G44090	1	0	0	0
AT1G44100	698	752	315	312
AT1G44110	163	191	178	103
AT1G44120	303	262	201	254
AT1G44125	295	262	202	255
AT1G44130	719	786	2	0
AT1G44160	8	10	11	9
AT1G44170	593	664	508	423
AT1G44180	4	3	0	0
AT1G44318	0	1	0	0
AT1G44350	1710	1870	468	570
AT1G44414	3	6	10	16
AT1G44446	2218	2428	3347	3936
AT1G44542	4	1	1	0
AT1G44575	12183	12746	24097	24054
AT1G44608	8	9	1	5
AT1G44740	26	22	27	20
AT1G44750	693	679	455	374
AT1G44760	449	446	351	127
AT1G44770	993	1030	729	938
AT1G44780	268	304	262	183
AT1G44790	1011	1085	651	637
AT1G44800	1538	1602	943	190
AT1G44810	1005	1073	865	633
AT1G44820	961	958	725	756
AT1G44830	62	81	35	32
AT1G44835	531	532	348	279
AT1G44890	121	140	115	81
AT1G44900	470	451	633	304
AT1G44910	1295	1391	1153	1037
AT1G44920	853	910	1627	1822
AT1G44941	0	0	0	2
AT1G44960	286	316	132	154
AT1G44970	5	15	2	0
AT1G45000	1977	2069	1734	1508
AT1G45010	188	222	277	242
AT1G45050	559	618	384	361
AT1G45063	0	0	1	0
AT1G45110	85	84	90	68
AT1G45130	575	581	822	709
AT1G45145	11728	12162	803	581
AT1G45150	424	426	329	337
AT1G45160	880	867	872	846
AT1G45163	124	144	154	236
AT1G45165	115	136	136	217
AT1G45170	265	229	192	186
AT1G45180	293	264	232	248
AT1G45191	709	784	1040	624
AT1G45201	3287	3443	4844	3860
AT1G45207	359	334	412	310
AT1G45229	305	332	173	167
AT1G45230	533	557	640	584
AT1G45231	375	384	268	188
AT1G45233	182	206	146	126
AT1G45243	2	0	0	0
AT1G45248	104	94	121	99
AT1G45249	636	704	603	460
AT1G45332	738	835	531	346
AT1G45474	1066	1146	1731	2183
AT1G45545	46	33	42	51
AT1G45616	59	77	16	24
AT1G45688	3440	3551	1904	2163
AT1G45976	582	650	362	501
AT1G46264	547	582	369	99
AT1G46480	318	347	198	98
AT1G46554	130	96	131	142
AT1G46768	52	59	100	125
AT1G46984	1	0	0	0
AT1G47056	327	316	338	341
AT1G47128	9873	10410	9125	11339
AT1G47200	1156	1146	883	755
AT1G47210	205	200	264	198
AT1G47230	200	197	219	180
AT1G47240	498	518	408	359
AT1G47250	702	761	453	364
AT1G47260	2800	2866	2105	1772
AT1G47270	249	252	323	358
AT1G47271	7	5	3	2
AT1G47278	578	592	381	284
AT1G47280	2	4	0	0
AT1G47290	404	434	383	290
AT1G47310	460	486	467	528
AT1G47330	757	795	517	547
AT1G47340	130	104	150	124
AT1G47370	12	11	25	43
AT1G47380	387	394	319	342
AT1G47395	189	238	65	61
AT1G47400	76	89	20	32
AT1G47410	136	126	95	94
AT1G47420	3368	3539	2359	2304
AT1G47480	161	177	27	23
AT1G47485	11	20	5	0
AT1G47490	1796	1916	1443	1339
AT1G47500	894	877	635	569
AT1G47510	84	82	11	11
AT1G47530	981	1010	1322	1480
AT1G47550	1703	1803	1373	1458
AT1G47560	100	104	98	74
AT1G47570	478	532	370	314
AT1G47578	6	11	16	9
AT1G47580	82	105	234	267
AT1G47603	2	1	0	1
AT1G47610	0	0	1	0
AT1G47640	1000	1020	496	498
AT1G47655	49	76	63	57
AT1G47670	436	513	601	334
AT1G47710	1359	1342	1026	834
AT1G47720	190	208	161	94
AT1G47740	895	925	932	767
AT1G47750	333	322	197	233
AT1G47760	10	11	7	3
AT1G47770	0	2	0	0
AT1G47780	3	0	0	0
AT1G47813	0	2	1	0
AT1G47820	251	296	127	120
AT1G47830	782	858	481	466
AT1G47840	139	135	124	62
AT1G47870	335	335	215	157
AT1G47885	1	1	0	0
AT1G47890	1190	1180	6	6
AT1G47900	378	444	566	372
AT1G47915	0	0	0	2
AT1G47920	1	0	1	0
AT1G47960	746	709	284	349
AT1G47970	1528	1594	1634	1550
AT1G47980	41	40	0	2
AT1G47990	9	16	11	0
AT1G48000	54	56	47	56
AT1G48030	3633	3815	4173	4422
AT1G48040	283	270	118	139
AT1G48050	485	534	366	333
AT1G48060	1	5	5	6
AT1G48090	2659	2858	2550	3413
AT1G48100	258	260	234	80
AT1G48110	1208	1263	699	683
AT1G48120	186	197	191	151
AT1G48140	392	433	209	213
AT1G48160	895	948	697	563
AT1G48170	376	396	278	251
AT1G48175	354	375	259	272
AT1G48195	4	1	0	1
AT1G48200	174	219	133	121
AT1G48210	1792	1955	802	709
AT1G48230	945	1008	680	666
AT1G48240	420	454	437	429
AT1G48260	64	73	141	171
AT1G48270	175	195	166	121
AT1G48280	204	218	160	108
AT1G48300	7159	7726	7727	9227
AT1G48310	220	223	220	145
AT1G48315	823	921	208	160
AT1G48320	796	890	178	140
AT1G48325	4	1	0	0
AT1G48330	101	91	512	425
AT1G48350	2035	2107	3226	3372
AT1G48360	307	341	302	296
AT1G48370	331	367	228	140
AT1G48380	316	310	248	240
AT1G48390	36	44	31	19
AT1G48400	13	10	15	10
AT1G48405	5	6	0	1
AT1G48410	8130	8460	3785	3431
AT1G48420	1673	1773	1638	1554
AT1G48430	1873	1993	1277	1492
AT1G48440	3208	3406	1449	1412
AT1G48450	1710	1720	2104	2473
AT1G48460	220	234	203	145
AT1G48470	0	5	5	2
AT1G48480	556	612	924	828
AT1G48490	1069	1028	762	749
AT1G48500	16	24	41	56
AT1G48510	0	6	2	1
AT1G48520	625	682	1007	981
AT1G48530	0	1	1	0
AT1G48540	740	774	1305	1287
AT1G48550	528	588	259	300
AT1G48560	130	133	86	41
AT1G48570	552	568	681	421
AT1G48580	58	58	51	33
AT1G48590	3	2	4	5
AT1G48598	4215	4425	6483	5492
AT1G48600	4213	4423	6480	5486
AT1G48605	119	116	24	26
AT1G48610	430	451	365	310
AT1G48620	1307	1481	1604	1491
AT1G48630	1202	1214	1242	674
AT1G48635	459	576	300	359
AT1G48640	0	2	2	0
AT1G48650	722	704	905	721
AT1G48660	10	15	18	2
AT1G48700	0	0	0	1
AT1G48720	0	2	0	2
AT1G48730	0	0	1	0
AT1G48740	15	4	8	1
AT1G48745	57	49	34	44
AT1G48750	414	418	106	81
AT1G48760	983	1005	616	590
AT1G48770	78	94	98	97
AT1G48780	155	154	157	169
AT1G48790	1259	1069	953	1040
AT1G48820	20	16	11	4
AT1G48830	2366	2430	1755	1329
AT1G48840	410	365	245	266
AT1G48850	2120	2171	1237	1019
AT1G48860	980	1002	762	700
AT1G48870	19	19	28	34
AT1G48880	95	115	68	87
AT1G48900	1548	1612	1098	993
AT1G48920	8543	9233	10071	5895
AT1G48930	1	2	1	1
AT1G48940	1	0	3	0
AT1G48950	419	434	390	401
AT1G48960	231	225	145	154
AT1G48970	620	672	541	604
AT1G48980	2	0	0	0
AT1G49000	136	159	15	19
AT1G49005	0	1	3	2
AT1G49010	204	170	419	375
AT1G49032	702	781	379	608
AT1G49040	1281	1284	1044	1003
AT1G49050	1778	1803	659	893
AT1G49130	62	68	339	359
AT1G49140	1001	1051	891	875
AT1G49150	5	11	0	2
AT1G49160	218	263	158	119
AT1G49170	167	184	74	89
AT1G49180	210	232	190	218
AT1G49200	11	25	49	57
AT1G49210	10	8	36	60
AT1G49220	6	6	13	20
AT1G49230	188	206	324	466
AT1G49240	5452	6008	4637	4919
AT1G49245	155	149	62	68
AT1G49250	1	1	0	0
AT1G49290	1	0	0	0
AT1G49300	1714	1894	1132	1327
AT1G49310	57	68	68	15
AT1G49320	225	222	349	27
AT1G49330	4	1	3	0
AT1G49340	1297	1389	1235	1175
AT1G49350	239	289	158	195
AT1G49360	573	562	262	229
AT1G49380	405	373	829	902
AT1G49390	2	5	8	3
AT1G49400	504	543	319	245
AT1G49405	30	51	10	2
AT1G49410	884	920	581	378
AT1G49420	0	1	0	0
AT1G49430	490	546	585	520
AT1G49450	87	102	97	64
AT1G49470	155	150	149	104
AT1G49475	7	7	12	11
AT1G49480	776	908	662	690
AT1G49490	39	52	180	177
AT1G49500	1290	1398	792	1263
AT1G49510	399	456	444	370
AT1G49520	219	201	141	127
AT1G49530	185	209	56	62
AT1G49540	395	372	326	207
AT1G49560	295	326	269	252
AT1G49570	12	7	0	0
AT1G49580	318	352	588	404
AT1G49590	529	551	351	387
AT1G49600	1356	1446	1510	998
AT1G49610	5	10	4	10
AT1G49620	68	66	75	45
AT1G49630	366	351	434	439
AT1G49640	0	0	0	1
AT1G49650	226	231	535	490
AT1G49660	300	309	586	501
AT1G49670	1352	1474	861	835
AT1G49700	328	310	77	36
AT1G49710	673	719	463	471
AT1G49720	1123	1208	1236	1291
AT1G49730	755	828	772	819
AT1G49740	518	552	421	319
AT1G49750	5404	5745	8609	9629
AT1G49760	1841	1916	2307	1571
AT1G49780	274	325	290	308
AT1G49790	6	5	13	10
AT1G49800	4	4	0	0
AT1G49810	1	0	0	0
AT1G49820	1008	1054	626	539
AT1G49830	64	59	50	7
AT1G49832	46	71	15	20
AT1G49840	413	439	220	195
AT1G49850	576	551	356	380
AT1G49860	5	4	2	0
AT1G49870	131	148	119	59
AT1G49880	168	178	158	135
AT1G49890	318	361	404	369
AT1G49900	58	72	3	7
AT1G49910	67	104	60	39
AT1G49920	6	3	11	3
AT1G49938	3	3	5	3
AT1G49940	21	34	34	29
AT1G49950	1195	1249	653	667
AT1G49952	4	5	13	6
AT1G49960	78	69	30	27
AT1G49970	6189	6431	4981	6168
AT1G49975	496	509	736	843
AT1G49980	445	464	322	304
AT1G49990	61	49	43	49
AT1G50000	97	85	133	114
AT1G50010	4258	4474	8062	5856
AT1G50020	1031	1040	989	1079
AT1G50030	1863	1878	1622	1618
AT1G50040	241	275	127	379
AT1G50050	3	4	6	3
AT1G50055	218	188	106	99
AT1G50110	153	149	181	86
AT1G50120	720	782	601	528
AT1G50140	790	870	686	707
AT1G50170	579	640	460	410
AT1G50180	125	124	37	36
AT1G50190	1	1	6	5
AT1G50200	3915	4069	3746	3622
AT1G50240	244	247	264	151
AT1G50250	1534	1737	3033	3616
AT1G50260	257	281	263	226
AT1G50270	139	145	183	185
AT1G50280	100	106	195	227
AT1G50290	140	145	73	92
AT1G50300	498	540	481	408
AT1G50310	17	23	4	6
AT1G50320	2332	2472	2339	2520
AT1G50350	0	3	0	1
AT1G50360	666	697	669	613
AT1G50370	1086	1168	760	683
AT1G50380	568	531	458	441
AT1G50390	15	14	1	11
AT1G50400	52	44	8	4
AT1G50410	992	954	603	605
AT1G50420	614	654	243	140
AT1G50430	2821	2983	1802	1917
AT1G50440	642	698	522	684
AT1G50450	482	513	927	962
AT1G50460	600	649	743	824
AT1G50480	4350	4448	6827	6711
AT1G50490	475	491	346	196
AT1G50500	917	986	857	754
AT1G50510	499	476	426	425
AT1G50520	183	182	46	43
AT1G50560	51	34	9	5
AT1G50570	1161	1181	731	732
AT1G50575	180	198	195	211
AT1G50590	174	222	73	90
AT1G50600	1469	1634	901	1024
AT1G50610	1	0	0	0
AT1G50620	405	467	399	328
AT1G50630	266	306	194	180
AT1G50640	1787	1838	945	755
AT1G50659	93	104	152	132
AT1G50660	1096	1204	1415	1076
AT1G50670	1206	1222	745	764
AT1G50700	294	320	187	160
AT1G50710	504	500	448	351
AT1G50730	668	693	474	595
AT1G50732	170	179	269	401
AT1G50740	1976	2019	607	729
AT1G50750	959	1006	163	44
AT1G50760	2	3	0	0
AT1G50770	4	2	2	5
AT1G50780	10	8	4	9
AT1G50790	56	68	25	23
AT1G50820	0	0	1	0
AT1G50830	5	3	2	8
AT1G50840	684	710	845	762
AT1G50890	171	147	159	185
AT1G50900	987	1066	1980	2325
AT1G50910	501	552	846	884
AT1G50920	2961	3021	2886	1926
AT1G50930	0	0	1	0
AT1G50940	356	379	312	333
AT1G50950	263	228	162	170
AT1G50960	1	0	0	0
AT1G50970	743	789	463	441
AT1G51000	49	57	0	0
AT1G51010	108	116	0	0
AT1G51020	114	118	0	0
AT1G51030	8	3	2	0
AT1G51040	0	1	0	0
AT1G51055	18	9	16	6
AT1G51060	941	1042	979	745
AT1G51070	1490	1615	1158	867
AT1G51080	200	191	535	529
AT1G51090	853	894	896	925
AT1G51100	259	289	446	435
AT1G51110	920	992	1879	2124
AT1G51130	85	92	84	53
AT1G51140	718	785	609	480
AT1G51160	1374	1414	780	690
AT1G51170	139	158	196	99
AT1G51200	4811	4937	4141	4960
AT1G51210	0	1	0	0
AT1G51220	2	0	0	0
AT1G51270	966	914	485	745
AT1G51300	2	4	0	0
AT1G51310	374	413	486	411
AT1G51330	3	4	0	0
AT1G51340	183	165	112	142
AT1G51350	545	552	368	361
AT1G51355	31	41	44	32
AT1G51360	172	207	211	264
AT1G51370	131	95	92	84
AT1G51380	77	89	72	31
AT1G51390	454	478	254	285
AT1G51400	7525	7704	18499	24578
AT1G51402	5234	5432	13885	18389
AT1G51405	54	46	41	47
AT1G51410	0	0	0	1
AT1G51420	10	10	3	0
AT1G51430	327	415	345	379
AT1G51440	91	86	124	72
AT1G51450	195	178	133	126
AT1G51460	122	103	120	39
AT1G51500	1778	1754	2054	2478
AT1G51510	1504	1672	1154	1052
AT1G51520	103	89	88	62
AT1G51530	2	6	6	1
AT1G51538	11	10	17	4
AT1G51540	501	539	340	418
AT1G51550	378	379	332	433
AT1G51560	559	542	584	567
AT1G51570	1929	1954	2219	2012
AT1G51580	318	294	344	354
AT1G51590	975	1045	653	627
AT1G51600	267	351	258	231
AT1G51610	1156	1125	1164	1181
AT1G51620	156	160	13	12
AT1G51630	1145	1228	873	788
AT1G51640	239	287	142	138
AT1G51645	218	262	142	143
AT1G51650	3212	3414	1694	1410
AT1G51660	1284	1346	434	343
AT1G51670	158	198	71	14
AT1G51680	2549	2797	869	782
AT1G51690	1391	1413	1158	1131
AT1G51700	1759	1839	825	666
AT1G51710	1923	1897	1081	968
AT1G51720	623	723	585	632
AT1G51730	1588	1601	1003	892
AT1G51740	342	342	252	234
AT1G51745	267	288	330	301
AT1G51760	4291	4432	1046	790
AT1G51770	5	3	0	4
AT1G51780	30	23	6	9
AT1G51790	404	470	176	234
AT1G51800	694	774	52	46
AT1G51805	3653	3722	4971	6445
AT1G51820	71	53	8	8
AT1G51830	1	1	0	0
AT1G51850	202	173	19	20
AT1G51860	377	412	6	8
AT1G51870	2	0	0	0
AT1G51890	1110	1147	10	18
AT1G51910	1	0	0	0
AT1G51913	4	5	0	0
AT1G51915	0	2	0	0
AT1G51920	119	159	0	3
AT1G51940	1469	1668	1814	2676
AT1G51950	718	778	491	615
AT1G51960	25	32	10	11
AT1G51965	263	296	260	263
AT1G51980	4166	4305	2833	2544
AT1G52000	7685	8123	2971	2519
AT1G52030	7441	7557	1215	354
AT1G52040	15500	15920	4064	2527
AT1G52080	137	151	69	67
AT1G52100	27	30	10	4
AT1G52110	1	7	0	0
AT1G52120	1	1	0	0
AT1G52140	389	420	114	117
AT1G52150	2336	2410	1300	768
AT1G52155	84	103	66	50
AT1G52160	466	451	225	195
AT1G52190	723	779	1888	2509
AT1G52200	750	799	396	698
AT1G52220	3087	3254	5127	6550
AT1G52230	13958	14880	20210	26763
AT1G52240	124	134	134	112
AT1G52260	282	325	264	172
AT1G52270	19	6	81	72
AT1G52280	1132	1218	596	542
AT1G52290	2244	2263	1218	1610
AT1G52300	5616	6010	4639	3170
AT1G52310	1012	1057	566	455
AT1G52315	104	97	19	19
AT1G52320	726	728	594	604
AT1G52325	2	1	0	0
AT1G52330	9	5	3	5
AT1G52340	397	444	501	424
AT1G52342	92	101	74	119
AT1G52343	1	3	0	0
AT1G52347	329	335	182	239
AT1G52360	3062	3273	2356	2098
AT1G52370	490	454	402	407
AT1G52380	685	793	569	487
AT1G52390	13	8	3	2
AT1G52400	136963	144586	29635	18062
AT1G52410	22637	23628	4899	3393
AT1G52415	0	1	0	0
AT1G52420	2192	2228	1191	1158
AT1G52430	26	28	19	11
AT1G52450	84	85	87	36
AT1G52500	754	829	718	636
AT1G52510	1118	1176	1781	1958
AT1G52520	136	155	155	146
AT1G52530	36	48	22	21
AT1G52540	353	344	151	146
AT1G52550	140	165	102	138
AT1G52560	12	31	3	1
AT1G52565	126	116	32	9
AT1G52570	164	149	72	37
AT1G52580	33	29	20	7
AT1G52590	548	562	294	320
AT1G52600	1704	1866	588	509
AT1G52615	0	2	2	1
AT1G52618	57	62	24	53
AT1G52620	81	103	96	68
AT1G52630	284	264	200	179
AT1G52640	30	42	25	14
AT1G52650	4	2	9	12
AT1G52670	790	820	744	709
AT1G52680	0	1	0	0
AT1G52690	54	52	6	1
AT1G52700	243	265	81	43
AT1G52710	734	710	383	357
AT1G52720	887	989	394	297
AT1G52730	878	941	538	522
AT1G52740	2430	2488	1652	1696
AT1G52750	26	25	85	77
AT1G52760	1244	1395	628	437
AT1G52770	179	195	135	76
AT1G52780	1853	1802	693	809
AT1G52790	11	11	9	10
AT1G52800	56	53	48	60
AT1G52810	6	7	0	0
AT1G52820	73	100	36	51
AT1G52825	186	158	136	133
AT1G52827	223	210	74	100
AT1G52830	91	97	20	42
AT1G52855	230	230	18	27
AT1G52857	15	9	0	0
AT1G52870	1535	1503	3409	4537
AT1G52880	154	176	199	213
AT1G52890	441	434	127	90
AT1G52900	26	30	1	0
AT1G52905	298	311	266	173
AT1G52910	57	70	130	124
AT1G52920	50	52	44	41
AT1G52930	457	467	366	178
AT1G52940	1	0	1	0
AT1G52950	4	1	0	0
AT1G52980	2025	2052	1754	1261
AT1G52990	10	11	16	4
AT1G53000	914	945	781	741
AT1G53023	1	0	0	0
AT1G53025	131	142	81	58
AT1G53030	655	694	255	284
AT1G53035	153	183	217	144
AT1G53040	494	563	677	542
AT1G53050	901	994	785	680
AT1G53060	46	39	31	23
AT1G53070	354	404	306	99
AT1G53080	2	3	7	4
AT1G53090	240	209	182	177
AT1G53100	474	450	121	164
AT1G53110	419	449	255	272
AT1G53120	378	362	366	362
AT1G53140	113	142	129	58
AT1G53160	369	333	255	324
AT1G53163	11	11	17	8
AT1G53165	596	643	428	474
AT1G53170	212	201	298	260
AT1G53180	58	45	107	90
AT1G53190	436	431	426	520
AT1G53200	324	318	208	186
AT1G53210	3781	4077	3847	4822
AT1G53230	1780	1949	1370	1739
AT1G53233	1575	1763	1286	1638
AT1G53240	3766	3733	3690	2989
AT1G53250	129	124	253	247
AT1G53260	12	10	15	13
AT1G53270	50	42	13	7
AT1G53280	1757	1891	952	815
AT1G53290	236	247	284	304
AT1G53300	791	802	903	703
AT1G53310	3514	3745	2527	2022
AT1G53320	1502	1517	1211	1348
AT1G53330	44	33	43	37
AT1G53340	72	86	27	50
AT1G53345	88	96	119	51
AT1G53350	303	331	302	321
AT1G53370	3	1	0	0
AT1G53380	556	573	554	431
AT1G53390	697	737	824	863
AT1G53400	1163	1217	821	1100
AT1G53430	2178	2174	2489	3545
AT1G53440	2541	2544	3382	3520
AT1G53450	1003	949	1160	1303
AT1G53460	272	290	280	218
AT1G53470	15	26	11	3
AT1G53480	35	28	7	2
AT1G53490	70	71	30	12
AT1G53500	1679	1813	1394	1300
AT1G53510	2032	2223	2166	2103
AT1G53520	143	158	364	359
AT1G53530	263	298	154	126
AT1G53540	34	30	1	1
AT1G53541	63	40	28	29
AT1G53542	19	25	11	6
AT1G53543	2	4	1	0
AT1G53550	0	0	1	0
AT1G53560	462	461	483	623
AT1G53570	1656	1835	1200	1596
AT1G53580	2421	2565	1574	1849
AT1G53590	1358	1356	975	933
AT1G53600	44	30	25	23
AT1G53610	0	1	0	0
AT1G53620	42	58	0	0
AT1G53625	611	610	11	11
AT1G53633	14	26	16	14
AT1G53635	0	1	0	0
AT1G53640	0	1	1	0
AT1G53645	708	733	604	378
AT1G53650	276	279	224	170
AT1G53660	5	5	1	0
AT1G53670	1163	1360	1180	1413
AT1G53680	27	21	17	5
AT1G53687	1	0	0	0
AT1G53690	1	0	5	6
AT1G53700	14	18	38	48
AT1G53710	631	620	405	437
AT1G53720	682	672	473	468
AT1G53730	1270	1351	1125	1524
AT1G53750	4021	4396	2175	2049
AT1G53760	337	348	248	167
AT1G53770	425	432	303	325
AT1G53780	1576	1707	1889	2314
AT1G53785	274	288	409	462
AT1G53790	184	178	63	53
AT1G53800	679	694	1311	1239
AT1G53801	271	282	436	434
AT1G53820	0	4	0	0
AT1G53830	45	49	13	17
AT1G53840	4282	4539	2562	2434
AT1G53850	1470	1579	926	793
AT1G53860	39	31	48	7
AT1G53870	77	74	437	360
AT1G53880	376	454	322	290
AT1G53885	727	755	771	424
AT1G53887	105	79	122	107
AT1G53890	82	91	328	594
AT1G53900	230	270	258	208
AT1G53903	404	447	395	425
AT1G53910	3613	3836	2398	2310
AT1G53920	150	186	140	86
AT1G53935	0	1	0	0
AT1G53950	1	1	0	0
AT1G53970	2	0	0	0
AT1G53980	19	16	1	0
AT1G53990	13	6	6	0
AT1G54000	813	872	199	39
AT1G54010	2710	2789	441	170
AT1G54020	2565	2610	139	63
AT1G54030	3533	3581	1078	930
AT1G54040	1015	1011	841	1050
AT1G54050	175	219	185	152
AT1G54060	592	672	681	677
AT1G54070	5	1	0	1
AT1G54080	3152	3248	3043	2651
AT1G54090	842	900	630	668
AT1G54095	5	10	2	3
AT1G54100	2888	2938	1537	1946
AT1G54110	259	296	170	190
AT1G54115	656	677	402	476
AT1G54120	17	21	24	10
AT1G54130	1995	2199	2625	3179
AT1G54140	367	379	233	238
AT1G54150	613	621	284	350
AT1G54160	277	300	144	191
AT1G54170	1105	1097	697	623
AT1G54180	183	175	201	148
AT1G54200	347	328	235	161
AT1G54210	334	366	160	204
AT1G54215	20	11	8	11
AT1G54217	110	101	97	110
AT1G54220	607	625	567	517
AT1G54250	408	344	206	178
AT1G54260	586	558	265	272
AT1G54270	2486	2706	1588	1325
AT1G54280	1	7	1	1
AT1G54290	294	291	199	233
AT1G54310	259	269	375	350
AT1G54320	2730	3010	1354	1460
AT1G54330	23	18	8	6
AT1G54340	1222	1364	849	844
AT1G54350	813	877	1496	1680
AT1G54355	489	523	860	936
AT1G54360	1916	2044	1169	1097
AT1G54370	1678	1834	1018	1139
AT1G54380	462	478	382	341
AT1G54385	113	123	186	75
AT1G54390	680	705	436	390
AT1G54400	5	1	3	2
AT1G54410	49590	52167	50941	53167
AT1G54440	659	683	517	472
AT1G54450	157	221	161	102
AT1G54460	960	991	726	638
AT1G54470	2	3	6	3
AT1G54490	1462	1442	1186	1218
AT1G54500	1482	1606	3038	3125
AT1G54510	424	432	412	245
AT1G54520	1740	1733	1785	2122
AT1G54530	4	11	5	1
AT1G54540	22	9	0	2
AT1G54560	2	1	1	1
AT1G54570	347	367	304	298
AT1G54575	754	837	104	116
AT1G54580	3375	3451	2910	2368
AT1G54590	0	2	0	0
AT1G54610	1304	1508	1020	956
AT1G54630	2761	2960	1918	1772
AT1G54650	143	124	121	97
AT1G54680	124	139	86	125
AT1G54690	695	712	521	335
AT1G54700	154	144	126	111
AT1G54710	422	451	424	390
AT1G54720	0	1	0	0
AT1G54730	292	314	452	621
AT1G54740	240	240	613	1170
AT1G54770	384	378	270	214
AT1G54780	5020	5136	11214	14120
AT1G54790	96	95	99	113
AT1G54820	342	354	1038	1285
AT1G54830	755	699	466	449
AT1G54840	46	37	32	11
AT1G54850	278	314	180	153
AT1G54890	66	62	2	3
AT1G54920	1123	1125	1139	1281
AT1G54930	40	40	40	5
AT1G54960	96	98	75	46
AT1G54990	1081	1099	889	581
AT1G55000	744	791	703	852
AT1G55010	22	39	29	2
AT1G55020	676	685	347	274
AT1G55040	219	243	207	135
AT1G55050	38	53	30	30
AT1G55070	0	1	0	0
AT1G55080	428	531	303	257
AT1G55090	1143	1242	986	1043
AT1G55110	1181	1204	920	749
AT1G55120	558	611	670	646
AT1G55130	406	419	455	339
AT1G55140	386	424	524	527
AT1G55150	575	598	453	359
AT1G55152	184	219	224	332
AT1G55160	423	486	421	569
AT1G55170	238	227	191	193
AT1G55175	12	10	11	3
AT1G55180	183	179	130	128
AT1G55190	224	237	171	208
AT1G55200	125	133	157	61
AT1G55205	62	82	76	51
AT1G55207	0	2	0	0
AT1G55210	11972	12741	921	538
AT1G55220	2	5	0	0
AT1G55230	7	5	1	1
AT1G55240	1	3	0	0
AT1G55250	833	884	692	686
AT1G55260	1295	1307	1152	1119
AT1G55265	931	968	344	389
AT1G55270	545	547	325	344
AT1G55280	132	132	90	142
AT1G55290	0	1	1	2
AT1G55300	193	195	137	180
AT1G55310	1799	1910	1273	1172
AT1G55320	67	55	65	71
AT1G55325	931	938	797	772
AT1G55330	794	766	805	1413
AT1G55340	714	661	735	603
AT1G55350	1753	1816	1518	1265
AT1G55360	2027	2131	2258	1932
AT1G55365	21	23	6	14
AT1G55370	250	264	652	838
AT1G55380	5	5	11	17
AT1G55390	11	8	3	9
AT1G55420	12	28	12	9
AT1G55430	4	0	0	1
AT1G55450	3578	3873	2616	3002
AT1G55460	601	706	753	716
AT1G55475	215	215	129	119
AT1G55480	1773	1995	2862	3253
AT1G55490	3447	3595	7855	7284
AT1G55500	581	564	640	486
AT1G55510	399	390	357	357
AT1G55520	409	434	466	440
AT1G55525	62	49	0	0
AT1G55530	669	708	567	575
AT1G55535	350	383	236	238
AT1G55540	659	739	592	542
AT1G55546	0	0	1	0
AT1G55550	57	59	71	94
AT1G55560	0	2	0	0
AT1G55580	1	3	6	3
AT1G55590	710	707	537	576
AT1G55600	0	0	2	1
AT1G55610	321	321	138	78
AT1G55620	456	459	316	353
AT1G55630	179	162	124	141
AT1G55660	0	0	0	4
AT1G55670	25484	26548	64089	80401
AT1G55675	370	407	336	411
AT1G55680	1980	2134	1739	1742
AT1G55690	478	530	585	342
AT1G55700	1	0	0	1
AT1G55720	0	1	0	0
AT1G55730	664	649	256	265
AT1G55740	55	51	25	15
AT1G55750	524	608	375	314
AT1G55760	233	232	238	258
AT1G55770	0	2	4	2
AT1G55790	150	139	0	2
AT1G55800	7	8	7	6
AT1G55805	276	292	277	258
AT1G55810	323	384	391	264
AT1G55820	415	396	245	164
AT1G55830	284	262	205	236
AT1G55840	1343	1392	1029	985
AT1G55850	501	512	1192	1458
AT1G55860	3079	3362	2890	2871
AT1G55870	206	264	212	132
AT1G55880	304	328	214	187
AT1G55890	462	536	482	357
AT1G55900	604	720	425	353
AT1G55910	587	574	150	179
AT1G55915	78	77	46	51
AT1G55920	485	526	723	576
AT1G55930	279	344	379	388
AT1G55940	20	16	25	10
AT1G55950	0	0	1	2
AT1G55960	642	620	491	660
AT1G55970	289	293	384	345
AT1G55980	147	206	58	256
AT1G55990	66	74	18	11
AT1G56000	522	505	530	417
AT1G56010	858	865	593	701
AT1G56020	144	151	168	91
AT1G56040	2	0	0	0
AT1G56045	4259	4364	2381	1707
AT1G56050	389	443	685	583
AT1G56060	414	456	19	3
AT1G56070	19708	20599	17381	13441
AT1G56080	47	76	36	17
AT1G56085	5	1	0	0
AT1G56090	348	325	271	291
AT1G56110	3836	4107	3678	1735
AT1G56120	1631	1692	312	367
AT1G56130	98	90	75	67
AT1G56140	649	732	550	665
AT1G56145	505	531	279	262
AT1G56150	922	925	159	245
AT1G56160	14	9	3	2
AT1G56165	122	110	31	36
AT1G56170	592	642	201	138
AT1G56180	312	315	286	295
AT1G56190	2579	2641	3301	3309
AT1G56200	3939	4051	2688	2923
AT1G56210	88	95	203	126
AT1G56220	5182	5363	9051	10954
AT1G56230	665	707	707	540
AT1G56240	487	509	191	104
AT1G56242	381	429	158	84
AT1G56250	239	262	92	41
AT1G56260	94	82	62	54
AT1G56270	1	0	0	0
AT1G56280	12527	13463	14190	17839
AT1G56290	367	395	298	222
AT1G56300	2488	2471	3003	3623
AT1G56310	273	283	181	201
AT1G56320	39	40	17	11
AT1G56330	3895	3909	2039	1878
AT1G56340	16324	17177	5405	4237
AT1G56345	178	169	105	106
AT1G56350	257	217	149	101
AT1G56400	0	1	0	0
AT1G56418	0	2	0	0
AT1G56420	161	224	112	104
AT1G56423	398	452	224	274
AT1G56430	218	250	393	134
AT1G56440	406	415	225	221
AT1G56450	2498	2632	1343	1263
AT1G56460	1442	1576	915	996
AT1G56500	1030	1165	1999	2302
AT1G56510	3571	3611	724	1159
AT1G56520	890	923	313	364
AT1G56530	5	7	0	0
AT1G56540	453	514	93	133
AT1G56550	335	322	43	82
AT1G56555	1	0	0	0
AT1G56560	436	533	390	422
AT1G56570	55	64	82	66
AT1G56580	3706	4085	1941	1330
AT1G56590	402	432	385	389
AT1G56600	1126	1168	741	843
AT1G56610	451	489	323	405
AT1G56612	422	444	300	329
AT1G56650	403	382	538	299
AT1G56660	8668	9520	1825	936
AT1G56670	94	109	132	129
AT1G56680	0	0	2	0
AT1G56690	61	73	47	33
AT1G56700	969	1043	657	626
AT1G56710	10	10	28	28
AT1G56720	190	216	660	822
AT1G57540	292	327	162	188
AT1G57560	287	323	25	21
AT1G57570	3	6	0	0
AT1G57590	172	191	263	194
AT1G57600	337	379	256	250
AT1G57610	671	692	364	307
AT1G57620	612	702	424	432
AT1G57630	784	764	23	23
AT1G57650	144	138	0	2
AT1G57660	4173	4447	3003	2120
AT1G57670	1	0	0	1
AT1G57680	3264	3519	1827	2670
AT1G57700	338	332	202	218
AT1G57720	5741	6064	4739	4123
AT1G57750	2	1	25	12
AT1G57765	530	530	318	340
AT1G57770	179	185	651	634
AT1G57780	1	1	3	0
AT1G57790	189	227	146	173
AT1G57820	515	551	753	284
AT1G57850	18	19	5	8
AT1G57860	1817	1932	1446	1062
AT1G57870	1115	1111	784	794
AT1G57906	7	4	11	3
AT1G57943	36	25	15	32
AT1G57980	178	185	300	602
AT1G57990	5577	5667	3429	5808
AT1G58007	9	18	11	4
AT1G58025	542	567	504	427
AT1G58030	1237	1170	1003	1237
AT1G58060	636	671	511	550
AT1G58070	46	35	17	24
AT1G58080	1707	1887	2454	2387
AT1G58100	999	1018	603	686
AT1G58110	591	683	538	484
AT1G58120	4	3	0	0
AT1G58122	4	3	0	0
AT1G58150	20	34	40	38
AT1G58160	56	57	63	34
AT1G58170	39	66	50	11
AT1G58180	1779	1844	985	1699
AT1G58190	64	74	31	78
AT1G58200	2470	2531	1701	1849
AT1G58210	211	211	290	296
AT1G58220	725	787	500	507
AT1G58225	5306	5486	33	31
AT1G58230	1009	1125	861	868
AT1G58235	433	465	399	473
AT1G58250	1436	1525	1263	1172
AT1G58270	880	856	867	1403
AT1G58280	171	196	250	167
AT1G58290	5380	5828	7319	8966
AT1G58300	278	279	1	4
AT1G58330	1	2	0	0
AT1G58340	146	139	89	18
AT1G58350	627	610	678	597
AT1G58360	1857	1931	853	1040
AT1G58370	12	13	25	14
AT1G58380	901	1028	631	405
AT1G58390	125	124	32	14
AT1G58400	29	28	13	16
AT1G58410	79	105	43	15
AT1G58420	1034	1057	119	69
AT1G58430	0	0	1	0
AT1G58440	884	926	786	986
AT1G58450	1	0	0	0
AT1G58460	10	6	5	2
AT1G58470	163	162	126	90
AT1G58520	236	217	358	339
AT1G58590	329	351	218	188
AT1G58602	7217	7444	6015	7413
AT1G58684	2990	2731	2362	1245
AT1G58725	0	0	3	4
AT1G58807	1935	2210	1875	1899
AT1G58808	1	0	0	0
AT1G58848	1691	1244	1134	1368
AT1G58983	2955	2898	2279	1298
AT1G59030	0	1	1	3
AT1G59124	2423	2435	1626	1946
AT1G59171	0	0	0	1
AT1G59218	997	1808	967	1054
AT1G59312	0	1	0	1
AT1G59359	2203	2824	1552	1404
AT1G59406	1	1	1	3
AT1G59510	101	98	92	78
AT1G59520	437	499	344	348
AT1G59530	4	3	1	0
AT1G59540	137	186	181	101
AT1G59560	176	179	130	111
AT1G59580	984	974	584	676
AT1G59590	1406	1505	247	255
AT1G59600	534	535	438	376
AT1G59610	2278	2543	1779	1914
AT1G59620	822	922	515	595
AT1G59640	259	243	117	88
AT1G59650	492	530	278	250
AT1G59660	510	572	270	141
AT1G59670	4	3	4	3
AT1G59700	261	264	273	305
AT1G59710	1380	1490	757	1045
AT1G59720	59	72	75	92
AT1G59725	2	0	1	0
AT1G59730	7	11	0	0
AT1G59740	466	438	212	39
AT1G59750	1724	1922	1845	1702
AT1G59760	891	847	739	621
AT1G59780	3	2	0	0
AT1G59790	0	1	0	1
AT1G59810	1	3	0	2
AT1G59820	1247	1290	718	665
AT1G59830	1108	1202	1044	1086
AT1G59840	299	276	451	569
AT1G59850	98	100	85	106
AT1G59860	109	99	34	44
AT1G59865	72	98	13	7
AT1G59870	39660	41630	33206	42995
AT1G59890	1067	1114	675	565
AT1G59900	4190	4383	3486	3926
AT1G59910	1445	1530	611	610
AT1G59920	15	13	9	14
AT1G59930	19	28	20	26
AT1G59940	0	1	3	1
AT1G59950	3	3	62	23
AT1G59960	835	830	622	442
AT1G59970	433	421	284	210
AT1G59980	261	287	299	225
AT1G59990	676	687	721	523
AT1G60000	859	888	1301	1232
AT1G60010	807	932	1126	1313
AT1G60030	93	110	12	6
AT1G60040	5	7	4	0
AT1G60050	0	0	2	0
AT1G60060	586	577	227	183
AT1G60070	1501	1549	1525	1441
AT1G60080	197	175	130	117
AT1G60095	2	9	2	5
AT1G60110	19	28	18	9
AT1G60130	13	6	0	0
AT1G60140	1853	1925	1090	1402
AT1G60160	536	527	591	707
AT1G60170	1171	1190	935	920
AT1G60190	358	362	188	108
AT1G60200	3059	3212	3053	3436
AT1G60220	762	797	741	720
AT1G60230	364	326	465	431
AT1G60260	1732	1942	1363	1333
AT1G60270	593	575	437	249
AT1G60360	9	6	3	3
AT1G60380	0	4	2	0
AT1G60390	250	248	141	74
AT1G60420	1403	1514	677	661
AT1G60430	312	296	201	230
AT1G60440	462	450	365	376
AT1G60460	13	20	25	16
AT1G60470	12	10	0	2
AT1G60490	1324	1344	803	951
AT1G60505	444	419	376	421
AT1G60525	294	282	315	318
AT1G60530	165	176	190	206
AT1G60545	349	373	236	285
AT1G60550	760	779	1138	1138
AT1G60560	177	187	177	156
AT1G60570	0	0	1	0
AT1G60580	1	0	0	1
AT1G60590	427	504	591	178
AT1G60600	237	242	437	412
AT1G60610	428	464	252	186
AT1G60620	346	314	167	132
AT1G60630	351	340	218	66
AT1G60640	1088	1140	823	464
AT1G60650	536	514	372	312
AT1G60660	365	422	275	226
AT1G60670	452	478	276	299
AT1G60680	16	9	13	23
AT1G60690	180	177	277	252
AT1G60700	103	133	141	131
AT1G60710	3050	3228	1957	1564
AT1G60720	1	0	0	0
AT1G60730	1108	1080	283	378
AT1G60740	2	2	0	0
AT1G60760	0	0	0	1
AT1G60770	554	587	440	310
AT1G60780	2324	2404	1727	1775
AT1G60783	1	4	0	0
AT1G60790	308	346	554	491
AT1G60800	934	993	1712	1583
AT1G60810	211	186	293	233
AT1G60830	78	50	39	31
AT1G60840	0	0	1	1
AT1G60850	396	431	252	172
AT1G60860	628	584	572	597
AT1G60870	1157	1169	1272	1490
AT1G60880	1	0	0	0
AT1G60890	887	839	498	282
AT1G60900	3198	3237	1857	1897
AT1G60920	1	0	0	3
AT1G60930	115	159	130	102
AT1G60940	1755	1852	1616	1833
AT1G60950	10726	11428	23704	26294
AT1G60960	403	428	436	233
AT1G60970	23	16	2	1
AT1G60989	439	470	186	202
AT1G60990	945	1067	819	880
AT1G60995	1023	1131	775	757
AT1G61000	179	201	170	111
AT1G61010	829	922	751	662
AT1G61030	455	528	307	341
AT1G61040	763	834	681	620
AT1G61050	4	6	3	0
AT1G61060	0	0	0	3
AT1G61065	226	238	94	113
AT1G61080	4	9	0	0
AT1G61100	4589	4790	2380	4177
AT1G61105	0	1	0	0
AT1G61110	0	7	0	0
AT1G61120	1242	1235	131	68
AT1G61130	3	1	2	2
AT1G61140	1867	1973	601	593
AT1G61150	1092	1117	680	640
AT1G61160	4	7	2	4
AT1G61165	0	0	3	1
AT1G61170	205	184	256	250
AT1G61180	612	650	508	632
AT1G61190	1297	1310	1436	1703
AT1G61200	0	0	0	1
AT1G61210	826	812	620	591
AT1G61215	71	102	63	48
AT1G61224	0	2	0	0
AT1G61226	1	0	0	0
AT1G61230	22	26	8	2
AT1G61240	383	369	455	501
AT1G61250	3352	3413	1127	1182
AT1G61255	117	123	9	3
AT1G61260	855	864	274	283
AT1G61270	0	0	1	0
AT1G61275	15	8	7	3
AT1G61280	18	18	17	12
AT1G61290	9	17	1	4
AT1G61300	443	434	551	596
AT1G61310	223	215	209	180
AT1G61320	0	0	0	1
AT1G61340	2516	2670	499	178
AT1G61350	217	234	286	347
AT1G61360	266	305	157	154
AT1G61370	157	194	72	55
AT1G61380	627	656	359	519
AT1G61390	17	21	8	7
AT1G61400	75	66	44	20
AT1G61410	13	11	9	7
AT1G61415	218	169	26	29
AT1G61420	548	556	129	128
AT1G61430	396	423	303	353
AT1G61440	24	26	8	4
AT1G61450	34	31	29	12
AT1G61460	364	420	68	62
AT1G61470	588	642	127	89
AT1G61475	2	1	0	0
AT1G61480	7	10	0	1
AT1G61490	126	120	82	64
AT1G61500	164	177	181	242
AT1G61520	33000	35449	91018	124889
AT1G61550	21	29	8	5
AT1G61560	283	297	69	71
AT1G61563	1	0	0	0
AT1G61566	1	0	0	0
AT1G61570	646	662	373	226
AT1G61575	0	2	5	10
AT1G61580	480	427	317	279
AT1G61590	4	2	0	0
AT1G61600	285	252	245	117
AT1G61610	1224	1323	95	45
AT1G61620	1198	1229	758	745
AT1G61630	1	2	0	0
AT1G61640	427	421	197	167
AT1G61660	2283	2460	844	763
AT1G61667	760	801	194	199
AT1G61670	1290	1355	785	844
AT1G61680	23	21	19	15
AT1G61690	754	814	683	778
AT1G61700	2	1	0	1
AT1G61710	3	4	1	1
AT1G61720	3	0	0	0
AT1G61730	1149	1192	824	564
AT1G61740	1387	1469	1123	1303
AT1G61750	3	3	0	0
AT1G61760	6	3	2	1
AT1G61770	1210	1229	773	752
AT1G61780	1161	1142	534	672
AT1G61790	2125	2389	1580	1438
AT1G61795	52	44	89	86
AT1G61800	770	806	229	82
AT1G61810	281	280	41	4
AT1G61820	611	673	155	15
AT1G61840	2	3	1	0
AT1G61850	1200	1273	902	939
AT1G61860	12	24	10	7
AT1G61870	700	792	613	380
AT1G61890	5552	5951	1303	907
AT1G61900	548	640	465	778
AT1G61910	1	1	0	0
AT1G61920	3	3	0	2
AT1G61930	28	38	32	10
AT1G61960	139	142	97	96
AT1G61970	185	192	155	166
AT1G61980	153	145	117	117
AT1G61990	231	290	244	175
AT1G62000	6	1	2	0
AT1G62010	99	97	98	44
AT1G62020	1696	1807	1537	1604
AT1G62030	34	29	97	94
AT1G62035	0	1	1	3
AT1G62040	891	936	625	608
AT1G62045	20	39	25	11
AT1G62050	109	122	221	185
AT1G62080	0	1	0	0
AT1G62085	72	72	76	79
AT1G62110	71	84	67	46
AT1G62120	71	67	69	63
AT1G62130	250	254	219	217
AT1G62150	88	79	71	55
AT1G62170	85	97	43	42
AT1G62180	1984	2053	2295	2159
AT1G62181	2	1	2	3
AT1G62190	1	0	0	1
AT1G62200	386	403	507	586
AT1G62225	14	19	0	0
AT1G62240	14	11	11	10
AT1G62250	405	419	419	479
AT1G62260	83	102	69	45
AT1G62262	4	8	5	2
AT1G62280	4	0	4	0
AT1G62290	181	179	517	358
AT1G62300	562	608	146	110
AT1G62305	164	191	126	140
AT1G62310	634	719	771	1004
AT1G62320	18	24	8	9
AT1G62330	592	651	815	692
AT1G62333	9	5	15	7
AT1G62340	0	0	1	0
AT1G62350	74	66	55	34
AT1G62355	12	19	10	9
AT1G62360	707	741	559	2
AT1G62370	42	38	29	13
AT1G62380	3412	3605	3919	3578
AT1G62390	1561	1583	2054	1796
AT1G62400	12	8	12	29
AT1G62420	23	29	3	2
AT1G62422	421	447	121	136
AT1G62430	1290	1286	1051	1278
AT1G62440	81	141	25	79
AT1G62450	0	0	3	0
AT1G62480	11766	12255	9528	2478
AT1G62490	3	3	2	1
AT1G62500	5289	5640	3530	48
AT1G62510	346	322	227	836
AT1G62520	51	48	90	92
AT1G62530	0	1	1	1
AT1G62540	793	813	336	287
AT1G62560	808	819	1660	864
AT1G62570	149	134	222	224
AT1G62580	39	30	12	13
AT1G62590	121	130	122	117
AT1G62600	546	535	337	424
AT1G62610	583	549	541	571
AT1G62620	197	197	243	223
AT1G62630	203	238	368	390
AT1G62640	493	510	614	601
AT1G62660	2038	2130	793	802
AT1G62670	156	142	66	58
AT1G62680	70	96	114	83
AT1G62690	0	1	0	1
AT1G62700	25	29	56	38
AT1G62710	1069	1051	500	352
AT1G62720	35	37	24	28
AT1G62730	246	263	129	101
AT1G62740	1714	1797	1242	1019
AT1G62750	3124	3230	6955	7425
AT1G62760	47	45	56	29
AT1G62770	89	133	93	80
AT1G62780	1016	1080	1770	1628
AT1G62790	1994	2107	661	495
AT1G62800	359	352	480	263
AT1G62810	1651	1821	690	649
AT1G62820	450	460	296	350
AT1G62830	265	256	310	250
AT1G62840	771	784	102	88
AT1G62850	1026	1073	497	435
AT1G62870	160	164	172	42
AT1G62880	284	274	173	140
AT1G62886	0	1	4	3
AT1G62900	18	11	5	13
AT1G62910	129	153	76	68
AT1G62914	99	98	103	136
AT1G62920	109	106	82	102
AT1G62930	161	244	100	102
AT1G62935	2	2	0	0
AT1G62950	128	130	101	84
AT1G62960	583	577	735	657
AT1G62970	334	321	387	312
AT1G62975	53	34	46	38
AT1G62980	0	2	0	0
AT1G62981	11	17	14	19
AT1G62990	80	81	86	78
AT1G63000	1046	1126	1379	1020
AT1G63010	1475	1529	1081	1019
AT1G63020	220	178	158	94
AT1G63030	18	12	6	0
AT1G63050	269	243	191	154
AT1G63055	20	25	5	0
AT1G63057	22	26	6	0
AT1G63070	5	2	3	3
AT1G63080	82	92	70	92
AT1G63090	1795	1848	572	659
AT1G63100	357	337	441	135
AT1G63110	696	741	533	571
AT1G63120	348	373	234	334
AT1G63130	369	373	209	297
AT1G63140	13	5	7	6
AT1G63150	147	154	79	54
AT1G63160	194	208	182	86
AT1G63170	687	722	532	463
AT1G63180	57	62	63	47
AT1G63210	0	3	0	2
AT1G63220	396	397	292	230
AT1G63230	53	51	67	55
AT1G63240	540	561	730	883
AT1G63245	74	82	5	6
AT1G63250	156	173	157	97
AT1G63260	412	476	436	642
AT1G63270	252	286	212	225
AT1G63280	0	0	0	5
AT1G63290	1434	1477	940	842
AT1G63295	1	2	11	2
AT1G63300	77	85	168	151
AT1G63310	112	75	33	39
AT1G63320	0	0	1	0
AT1G63330	43	53	22	30
AT1G63340	0	6	3	3
AT1G63350	364	426	176	285
AT1G63360	457	524	755	933
AT1G63370	72	65	80	112
AT1G63380	49	50	42	58
AT1G63390	20	29	19	39
AT1G63400	90	112	62	66
AT1G63420	801	814	964	801
AT1G63430	633	679	654	659
AT1G63440	114	116	45	36
AT1G63450	3	5	0	0
AT1G63460	763	848	352	290
AT1G63470	407	414	481	273
AT1G63480	336	342	331	215
AT1G63490	715	715	490	454
AT1G63500	1657	1617	797	921
AT1G63520	9	3	13	17
AT1G63522	0	1	0	0
AT1G63530	75	85	46	32
AT1G63570	5	5	4	13
AT1G63580	8	6	19	15
AT1G63610	867	892	1007	1021
AT1G63630	54	48	44	27
AT1G63640	511	528	489	361
AT1G63650	109	99	163	23
AT1G63660	552	660	653	438
AT1G63670	422	401	393	261
AT1G63680	561	547	788	731
AT1G63690	1102	1084	1382	1606
AT1G63700	1224	1287	953	845
AT1G63710	99	108	82	58
AT1G63720	446	476	173	116
AT1G63730	92	67	66	63
AT1G63740	376	312	198	238
AT1G63750	1137	1138	286	395
AT1G63770	3935	4165	3995	4462
AT1G63780	607	616	405	226
AT1G63800	967	1024	985	1348
AT1G63810	730	803	637	380
AT1G63820	26	36	27	17
AT1G63830	2260	2509	1444	1499
AT1G63840	676	739	206	136
AT1G63850	316	267	319	270
AT1G63855	135	178	130	122
AT1G63860	1931	2152	666	886
AT1G63870	18	30	3	4
AT1G63880	3269	3385	1789	2224
AT1G63900	972	1056	567	694
AT1G63910	7	1	4	2
AT1G63930	0	0	0	4
AT1G63940	2100	2179	1708	1201
AT1G63950	5	8	0	0
AT1G63960	11	10	5	1
AT1G63970	1331	1405	1314	1436
AT1G63980	2121	2401	2607	2507
AT1G63990	197	169	124	87
AT1G64000	2	2	3	0
AT1G64010	1	0	3	1
AT1G64020	1	0	1	0
AT1G64040	1132	1231	798	877
AT1G64050	851	902	710	777
AT1G64060	2104	2250	311	367
AT1G64065	567	636	179	156
AT1G64070	12	4	2	4
AT1G64080	271	306	188	106
AT1G64090	2088	2181	1226	1008
AT1G64100	293	270	164	168
AT1G64105	280	257	158	174
AT1G64107	11	8	2	1
AT1G64110	18	11	39	87
AT1G64140	2144	2165	2031	1776
AT1G64142	2144	2165	2031	1776
AT1G64150	309	357	446	461
AT1G64160	23	21	1	0
AT1G64170	751	757	522	568
AT1G64180	209	181	201	183
AT1G64185	65	54	41	29
AT1G64190	1280	1392	1106	906
AT1G64195	6	11	1	1
AT1G64200	793	851	446	395
AT1G64210	13	14	3	3
AT1G64220	57	55	43	21
AT1G64230	7534	8117	5322	6838
AT1G64260	57	52	37	4
AT1G64280	1798	1923	1053	1054
AT1G64300	103	107	74	67
AT1G64310	11	12	20	9
AT1G64320	49	39	34	30
AT1G64330	900	944	1052	1172
AT1G64350	570	668	374	341
AT1G64355	364	384	567	639
AT1G64360	1261	1245	1211	2052
AT1G64370	11444	11668	9361	11552
AT1G64380	401	436	203	203
AT1G64385	809	857	568	531
AT1G64390	2274	2292	2646	1909
AT1G64400	553	550	366	402
AT1G64405	27	39	12	15
AT1G64430	796	831	1144	1296
AT1G64440	461	533	335	298
AT1G64450	277	313	234	95
AT1G64460	560	634	305	261
AT1G64470	179	220	119	136
AT1G64490	339	373	212	142
AT1G64500	165	196	373	385
AT1G64510	2213	2294	3751	4190
AT1G64520	2144	2170	1090	1076
AT1G64530	257	265	280	233
AT1G64540	5	3	4	0
AT1G64550	1211	1346	1154	1002
AT1G64561	161	155	51	53
AT1G64563	110	123	49	48
AT1G64570	681	769	620	670
AT1G64572	249	226	160	157
AT1G64580	136	145	88	99
AT1G64583	36	36	26	26
AT1G64590	3	0	0	0
AT1G64600	346	355	297	151
AT1G64610	863	914	166	193
AT1G64618	7	6	0	3
AT1G64620	775	860	255	81
AT1G64625	48	62	101	64
AT1G64628	562	606	486	396
AT1G64630	562	606	486	396
AT1G64640	811	904	915	927
AT1G64650	1632	1697	1620	1485
AT1G64660	790	850	367	248
AT1G64670	508	472	406	423
AT1G64680	1159	1276	2008	2143
AT1G64690	48	47	93	66
AT1G64700	140	147	26	33
AT1G64710	1784	1944	1616	1617
AT1G64720	9568	10524	18125	27191
AT1G64740	1049	1064	632	832
AT1G64750	1926	2012	1136	1016
AT1G64760	1149	1184	543	414
AT1G64770	898	1005	1650	1939
AT1G64780	131	141	165	119
AT1G64790	2078	2300	2041	1613
AT1G64810	785	816	472	651
AT1G64820	17	33	4	1
AT1G64840	285	307	228	219
AT1G64850	983	1009	602	725
AT1G64860	1057	1055	2036	2282
AT1G64880	1301	1286	1489	852
AT1G64890	291	300	371	352
AT1G64900	1129	1216	2178	1827
AT1G64940	18	15	12	5
AT1G64950	1385	1470	910	1014
AT1G64960	284	241	314	337
AT1G64970	988	937	715	668
AT1G64980	1317	1295	852	859
AT1G64990	862	902	467	464
AT1G65000	235	237	104	135
AT1G65010	1006	1066	1786	1452
AT1G65020	568	623	318	305
AT1G65030	500	484	351	232
AT1G65032	128	171	106	73
AT1G65040	3820	3804	867	733
AT1G65060	192	200	184	101
AT1G65070	489	518	570	577
AT1G65080	182	192	146	88
AT1G65090	1	0	0	2
AT1G65110	25	21	10	11
AT1G65120	46	51	32	28
AT1G65130	15	11	13	8
AT1G65150	86	83	69	55
AT1G65180	23	20	25	16
AT1G65190	408	516	740	844
AT1G65200	3	2	1	2
AT1G65220	1817	1748	1195	1238
AT1G65230	843	883	1542	1921
AT1G65240	90	87	2	6
AT1G65250	178	239	80	120
AT1G65260	3003	3142	4031	4812
AT1G65270	1979	2177	1138	1135
AT1G65280	1080	1231	938	904
AT1G65290	2553	2690	1518	1111
AT1G65295	317	357	241	302
AT1G65300	2	2	14	2
AT1G65310	31	24	26	40
AT1G65320	362	376	456	538
AT1G65330	13	14	15	57
AT1G65346	3	0	2	0
AT1G65350	9	10	7	8
AT1G65360	4	4	3	2
AT1G65370	2617	2709	2096	1153
AT1G65380	313	279	229	208
AT1G65390	360	327	471	292
AT1G65410	686	784	657	654
AT1G65420	103	98	99	145
AT1G65430	699	689	506	487
AT1G65440	2398	2607	2410	2204
AT1G65450	159	175	169	156
AT1G65470	219	226	272	164
AT1G65481	134	109	1	0
AT1G65483	21	28	0	0
AT1G65484	90	111	11	7
AT1G65486	746	750	128	134
AT1G65490	1334	1477	246	257
AT1G65500	3238	3445	74	39
AT1G65510	715	752	10	12
AT1G65520	376	403	221	268
AT1G65540	2224	2330	1431	1513
AT1G65541	10	18	17	13
AT1G65550	1	0	0	0
AT1G65560	124	143	88	69
AT1G65580	1355	1363	1178	1282
AT1G65590	379	380	673	917
AT1G65610	211	198	2	0
AT1G65620	133	147	101	50
AT1G65630	2	1	0	1
AT1G65650	681	751	528	464
AT1G65660	996	1064	1042	1014
AT1G65680	0	0	1	0
AT1G65690	1057	1063	87	65
AT1G65700	527	637	311	220
AT1G65710	97	95	95	28
AT1G65720	4434	4575	2714	2756
AT1G65730	37	63	4	10
AT1G65760	0	1	3	2
AT1G65780	1	1	0	1
AT1G65790	2449	2316	836	1140
AT1G65800	3539	3660	2500	2949
AT1G65810	15	11	6	0
AT1G65820	4366	4614	1688	1877
AT1G65840	666	748	571	506
AT1G65845	2806	2860	121	201
AT1G65850	18	17	3	1
AT1G65860	677	778	876	382
AT1G65870	44	65	34	27
AT1G65880	2	1	0	2
AT1G65890	324	350	119	40
AT1G65900	654	736	638	317
AT1G65910	79	76	38	28
AT1G65920	310	297	297	183
AT1G65930	6769	6964	6425	6021
AT1G65950	327	344	292	264
AT1G65960	9312	9761	14556	14679
AT1G65970	225	259	13	6
AT1G65980	7652	8035	3956	3416
AT1G65985	134	153	52	41
AT1G66020	0	2	0	1
AT1G66040	19	22	34	4
AT1G66050	32	37	54	52
AT1G66060	5	10	22	39
AT1G66070	548	602	324	249
AT1G66080	147	168	124	88
AT1G66090	1731	1755	470	252
AT1G66100	2512	2568	1571	2744
AT1G66110	0	1	0	0
AT1G66120	0	0	1	0
AT1G66130	257	324	498	471
AT1G66140	377	453	380	323
AT1G66145	0	1	0	0
AT1G66150	3157	3395	2988	4669
AT1G66160	1396	1654	238	275
AT1G66170	18	25	2	0
AT1G66173	42	45	2	4
AT1G66180	4659	4940	2268	2808
AT1G66190	95	65	146	191
AT1G66200	3465	3714	3917	4299
AT1G66210	1	0	0	0
AT1G66230	71	59	111	193
AT1G66235	2	1	0	0
AT1G66240	7591	7766	3502	3284
AT1G66250	460	495	243	146
AT1G66260	5121	5329	2668	3074
AT1G66280	135	144	0	0
AT1G66300	1	2	4	0
AT1G66320	1	0	0	0
AT1G66330	845	907	960	1146
AT1G66340	776	749	539	614
AT1G66345	86	130	112	102
AT1G66350	239	256	300	258
AT1G66360	1	5	3	3
AT1G66370	64	65	86	39
AT1G66380	24	19	16	12
AT1G66390	28	35	32	17
AT1G66400	498	491	138	89
AT1G66410	8007	8550	4600	4198
AT1G66430	1202	1345	1679	1214
AT1G66450	36	39	16	10
AT1G66460	889	840	39	57
AT1G66480	232	289	115	84
AT1G66500	1915	1921	535	317
AT1G66510	280	289	196	183
AT1G66520	121	140	124	102
AT1G66530	716	763	497	492
AT1G66540	16	26	72	68
AT1G66550	12	11	0	0
AT1G66553	0	1	0	0
AT1G66560	4	1	0	0
AT1G66570	3	6	0	0
AT1G66580	4745	4898	2922	2236
AT1G66590	390	381	203	216
AT1G66600	105	76	1	0
AT1G66610	10	7	0	0
AT1G66620	111	122	85	45
AT1G66650	6	8	13	8
AT1G66660	153	164	121	136
AT1G66670	2011	2153	2262	2623
AT1G66680	848	908	544	563
AT1G66690	11	8	4	7
AT1G66700	864	875	80	19
AT1G66725	197	182	47	60
AT1G66730	468	380	471	521
AT1G66740	360	343	232	211
AT1G66750	247	240	203	178
AT1G66760	1143	1168	176	127
AT1G66780	16	21	1	2
AT1G66783	1	2	1	3
AT1G66800	0	0	1	0
AT1G66810	10	13	19	30
AT1G66820	181	162	186	146
AT1G66830	86	110	41	57
AT1G66840	136	148	282	216
AT1G66852	1	0	1	0
AT1G66860	190	150	34	8
AT1G66870	147	189	3	0
AT1G66880	10383	10959	994	1062
AT1G66890	270	296	483	540
AT1G66900	418	424	439	472
AT1G66910	814	848	452	521
AT1G66920	900	844	154	200
AT1G66930	81	92	79	71
AT1G66940	668	711	1376	1634
AT1G66960	2204	2293	9	4
AT1G66970	10011	10704	5526	6790
AT1G66980	2528	2670	2485	2894
AT1G67000	322	345	33	34
AT1G67020	1	3	2	2
AT1G67025	1	2	0	0
AT1G67030	17	15	8	4
AT1G67035	10	18	29	6
AT1G67040	199	232	219	104
AT1G67050	321	324	381	377
AT1G67060	943	950	223	289
AT1G67070	104	102	16	28
AT1G67080	508	595	524	538
AT1G67090	228315	233637	306080	332926
AT1G67100	45	38	1	0
AT1G67105	138	140	33	25
AT1G67110	31	48	27	0
AT1G67120	1367	1421	1277	832
AT1G67140	1132	1199	1217	1219
AT1G67148	2	1	0	0
AT1G67150	0	3	3	0
AT1G67160	4	7	0	0
AT1G67170	308	305	237	238
AT1G67180	71	59	72	51
AT1G67190	270	228	226	250
AT1G67195	338	356	431	517
AT1G67210	90	105	92	85
AT1G67220	1	1	3	0
AT1G67230	1696	1797	2038	2279
AT1G67238	1	0	0	1
AT1G67250	724	720	423	397
AT1G67260	34	46	110	46
AT1G67265	147	120	78	136
AT1G67280	4552	4629	5662	6396
AT1G67300	1177	1272	860	756
AT1G67310	1507	1561	1137	1387
AT1G67320	301	316	377	231
AT1G67325	1340	1401	662	658
AT1G67328	266	207	77	122
AT1G67330	286	237	88	131
AT1G67340	360	425	394	384
AT1G67350	1705	1786	1174	1086
AT1G67360	2333	2420	1206	1022
AT1G67365	150	171	67	86
AT1G67370	14	32	24	13
AT1G67400	147	132	249	173
AT1G67410	248	237	158	181
AT1G67420	174	179	138	105
AT1G67430	9745	10257	7727	5209
AT1G67440	323	313	403	468
AT1G67455	0	2	2	2
AT1G67460	14	12	24	23
AT1G67470	739	783	193	187
AT1G67480	1123	1038	1124	1104
AT1G67490	781	762	471	506
AT1G67500	367	429	423	344
AT1G67510	416	480	497	547
AT1G67520	421	379	16	20
AT1G67530	495	522	389	482
AT1G67550	933	991	657	762
AT1G67560	2043	2212	1291	1535
AT1G67570	79	98	55	65
AT1G67580	910	951	812	862
AT1G67590	157	172	400	368
AT1G67600	14	16	8	6
AT1G67620	340	348	169	160
AT1G67623	1	1	1	0
AT1G67630	161	193	220	115
AT1G67635	12	13	0	0
AT1G67650	122	117	60	54
AT1G67660	443	424	611	612
AT1G67670	2	0	0	1
AT1G67680	1666	1799	1108	1091
AT1G67690	127	121	131	98
AT1G67700	2852	3091	5026	5857
AT1G67710	65	75	100	111
AT1G67720	664	750	450	314
AT1G67730	1192	1269	996	882
AT1G67740	15963	17211	34601	40683
AT1G67750	765	799	957	451
AT1G67760	38	38	33	12
AT1G67770	6	7	0	0
AT1G67780	31	31	36	13
AT1G67785	1986	2105	1475	1397
AT1G67790	209	212	190	200
AT1G67792	204	214	185	201
AT1G67800	1377	1508	671	782
AT1G67810	156	155	420	394
AT1G67820	122	144	121	79
AT1G67830	505	501	462	283
AT1G67840	526	524	1182	1310
AT1G67850	1293	1453	364	356
AT1G67855	641	585	41	21
AT1G67856	752	762	48	26
AT1G67860	1639	1630	1102	1152
AT1G67865	8483	8645	7059	6894
AT1G67870	4446	4673	8590	10724
AT1G67875	0	2	0	0
AT1G67880	898	843	240	193
AT1G67890	547	589	485	510
AT1G67900	1483	1486	1445	2258
AT1G67910	222	214	274	531
AT1G67920	431	528	78	90
AT1G67930	781	803	753	781
AT1G67940	509	561	209	199
AT1G67950	498	533	487	470
AT1G67960	416	495	358	341
AT1G67970	1684	1728	578	578
AT1G67980	511	530	31	13
AT1G68000	1025	1132	588	637
AT1G68010	4803	5255	9046	11322
AT1G68020	823	815	940	1224
AT1G68030	28	27	29	17
AT1G68040	1	0	3	3
AT1G68050	261	272	703	738
AT1G68060	1311	1340	1596	1520
AT1G68070	513	567	349	318
AT1G68080	147	142	146	110
AT1G68090	4	0	2	0
AT1G68100	1091	1000	563	590
AT1G68110	42	33	60	74
AT1G68120	18	23	12	4
AT1G68130	460	527	317	207
AT1G68140	929	1044	801	772
AT1G68150	4	4	2	2
AT1G68160	254	306	173	189
AT1G68170	13	18	2	0
AT1G68180	4	2	3	0
AT1G68185	233	259	184	154
AT1G68190	270	340	880	1202
AT1G68200	35	35	11	11
AT1G68220	790	805	581	480
AT1G68230	27	23	9	22
AT1G68238	119	118	112	41
AT1G68240	3	5	4	1
AT1G68250	15	22	1	0
AT1G68260	469	541	427	380
AT1G68280	1	0	0	0
AT1G68290	307	313	51	64
AT1G68300	994	1094	404	500
AT1G68310	754	759	427	424
AT1G68320	30	38	8	8
AT1G68330	142	150	201	153
AT1G68340	213	184	72	73
AT1G68350	39	53	5	4
AT1G68360	85	92	20	0
AT1G68370	1184	1205	684	774
AT1G68390	21	27	22	28
AT1G68400	318	350	559	645
AT1G68410	1281	1418	543	741
AT1G68430	27	35	46	28
AT1G68440	1053	1075	460	605
AT1G68450	7	9	3	0
AT1G68460	9	8	14	35
AT1G68470	502	507	326	256
AT1G68480	30	24	23	3
AT1G68490	965	1061	1085	1095
AT1G68500	8	5	20	46
AT1G68510	1	4	2	0
AT1G68520	2614	2764	5746	6927
AT1G68526	0	2	0	1
AT1G68530	5785	6244	5274	6194
AT1G68540	108	89	134	130
AT1G68550	729	706	464	424
AT1G68552	729	706	464	424
AT1G68560	4583	4633	8430	9120
AT1G68568	223	200	70	51
AT1G68570	2555	2693	721	580
AT1G68580	1255	1357	1098	1280
AT1G68585	243	244	191	353
AT1G68590	3348	3493	5293	5654
AT1G68600	2398	2646	3197	3322
AT1G68610	0	1	6	3
AT1G68620	343	396	27	40
AT1G68630	42	50	38	5
AT1G68640	101	127	149	22
AT1G68650	332	351	223	188
AT1G68660	1580	1618	1340	1669
AT1G68670	944	1096	695	643
AT1G68680	478	458	231	231
AT1G68690	782	861	125	132
AT1G68700	307	288	122	104
AT1G68710	772	733	411	363
AT1G68720	928	923	933	879
AT1G68725	143	146	134	93
AT1G68730	385	389	253	250
AT1G68740	130	127	188	71
AT1G68760	490	507	397	298
AT1G68765	43	54	0	0
AT1G68780	154	162	282	303
AT1G68790	1352	1494	1413	1176
AT1G68795	75	88	64	20
AT1G68800	22	19	32	12
AT1G68810	182	194	440	321
AT1G68820	811	933	554	599
AT1G68825	0	0	1	1
AT1G68830	1977	2050	2328	2936
AT1G68840	2326	2355	2826	4132
AT1G68845	2	0	1	0
AT1G68850	35	43	7	1
AT1G68862	117	107	104	101
AT1G68870	129	131	152	201
AT1G68872	82	87	35	33
AT1G68880	7	4	3	0
AT1G68890	635	650	1169	1268
AT1G68910	692	749	518	593
AT1G68920	600	743	525	594
AT1G68930	33	38	51	24
AT1G68935	41	38	71	72
AT1G68940	176	208	340	446
AT1G68945	501	475	373	343
AT1G68980	238	270	186	190
AT1G68990	755	784	616	462
AT1G69010	409	382	371	318
AT1G69020	140	166	149	169
AT1G69030	478	457	476	413
AT1G69040	1308	1349	1522	1484
AT1G69050	38	36	13	9
AT1G69060	640	673	374	432
AT1G69070	802	868	761	473
AT1G69080	124	104	178	149
AT1G69120	5	4	12	0
AT1G69150	4	4	0	1
AT1G69160	270	217	495	691
AT1G69170	253	257	219	159
AT1G69180	5	2	8	0
AT1G69190	0	1	0	0
AT1G69200	497	447	777	547
AT1G69210	110	116	88	41
AT1G69220	1024	1054	1016	1072
AT1G69230	23	39	57	25
AT1G69240	0	1	0	0
AT1G69250	1111	1189	567	509
AT1G69252	965	1042	452	564
AT1G69260	219	232	66	34
AT1G69270	483	444	229	222
AT1G69280	162	167	113	110
AT1G69290	160	151	138	120
AT1G69295	1858	2002	1226	886
AT1G69310	379	395	226	175
AT1G69320	3	4	4	10
AT1G69325	18	7	6	5
AT1G69330	270	277	226	203
AT1G69340	1223	1286	869	1046
AT1G69350	39	30	39	21
AT1G69360	530	515	323	342
AT1G69370	589	612	402	357
AT1G69380	164	206	193	159
AT1G69390	1057	1095	1025	1218
AT1G69400	54	62	68	32
AT1G69410	2821	2970	1440	1100
AT1G69420	1466	1607	1395	1206
AT1G69430	109	130	26	12
AT1G69440	114	117	247	147
AT1G69450	797	817	537	769
AT1G69460	2228	2215	1215	1352
AT1G69480	58	39	15	25
AT1G69485	13	17	13	11
AT1G69490	103	85	333	452
AT1G69500	0	0	1	0
AT1G69510	2498	2649	1928	2028
AT1G69520	483	498	127	122
AT1G69523	146	124	203	246
AT1G69526	45	55	52	59
AT1G69530	1782	1969	1850	1996
AT1G69540	16	17	18	28
AT1G69550	992	1065	738	854
AT1G69560	3	4	2	0
AT1G69570	398	478	99	166
AT1G69572	326	384	82	140
AT1G69580	381	372	313	189
AT1G69587	176	193	127	140
AT1G69588	23	23	22	18
AT1G69600	29	29	20	0
AT1G69610	422	410	87	90
AT1G69620	8839	9206	6529	4880
AT1G69630	5	5	1	1
AT1G69640	1254	1353	636	715
AT1G69650	1	0	0	0
AT1G69660	1	1	0	0
AT1G69670	578	616	372	456
AT1G69680	112	130	107	84
AT1G69690	994	1133	968	856
AT1G69700	854	915	837	529
AT1G69710	17	21	12	8
AT1G69720	593	605	166	167
AT1G69730	968	1031	513	657
AT1G69740	2560	2636	2737	3147
AT1G69750	749	773	483	449
AT1G69760	530	524	469	686
AT1G69770	395	435	496	345
AT1G69780	867	961	630	500
AT1G69790	147	122	37	25
AT1G69800	240	301	203	179
AT1G69810	82	90	19	42
AT1G69828	1	5	0	0
AT1G69830	2385	2563	5108	5474
AT1G69840	6460	6517	1660	2191
AT1G69850	2499	2568	1277	1569
AT1G69860	1	1	0	2
AT1G69870	4005	4259	2019	2568
AT1G69880	1429	1563	17	3
AT1G69890	1320	1287	1165	1625
AT1G69900	731	807	240	274
AT1G69910	562	546	494	369
AT1G69920	20	32	21	0
AT1G69930	258	308	6	0
AT1G69935	556	482	420	523
AT1G69940	0	1	0	0
AT1G69960	863	831	521	578
AT1G69970	46	47	61	72
AT1G69980	595	665	340	454
AT1G69990	0	0	2	0
AT1G70000	398	397	129	104
AT1G70020	14	8	11	20
AT1G70060	1272	1282	1121	1206
AT1G70070	709	726	1175	1302
AT1G70090	4109	4349	1522	1831
AT1G70100	717	712	690	914
AT1G70110	17	5	4	3
AT1G70130	321	337	3	0
AT1G70140	344	381	74	72
AT1G70150	183	175	136	158
AT1G70160	3928	4142	2107	2653
AT1G70170	76	86	2	0
AT1G70180	714	781	551	588
AT1G70185	22	30	4	2
AT1G70190	576	709	417	361
AT1G70200	582	608	1107	1092
AT1G70209	2	0	1	0
AT1G70210	268	261	404	352
AT1G70220	14	12	36	24
AT1G70230	310	316	442	552
AT1G70250	658	728	329	376
AT1G70260	255	242	936	183
AT1G70270	4	9	38	45
AT1G70280	533	597	736	711
AT1G70290	3034	3187	3797	6692
AT1G70300	303	291	299	306
AT1G70310	1828	1952	1531	1475
AT1G70320	3896	4088	3793	3470
AT1G70330	704	747	647	695
AT1G70340	344	360	271	223
AT1G70350	212	196	134	130
AT1G70360	106	105	53	51
AT1G70370	4321	4522	3297	2565
AT1G70380	6	3	0	0
AT1G70390	113	140	6	1
AT1G70400	0	2	0	0
AT1G70410	2690	2897	2612	2912
AT1G70420	333	367	894	1158
AT1G70430	65	64	204	178
AT1G70440	7	18	1	0
AT1G70450	0	0	1	0
AT1G70460	13	7	3	3
AT1G70470	286	338	229	157
AT1G70480	807	819	349	355
AT1G70490	4503	4676	2961	2793
AT1G70500	39	27	0	4
AT1G70505	71	82	65	54
AT1G70510	82	75	65	3
AT1G70518	303	302	200	181
AT1G70520	2213	2281	935	1639
AT1G70530	1813	2005	931	1315
AT1G70540	0	1	0	0
AT1G70550	167	201	209	245
AT1G70560	96	112	156	156
AT1G70570	928	896	782	868
AT1G70580	953	1009	866	908
AT1G70581	23	26	6	7
AT1G70590	652	665	355	409
AT1G70600	7221	7356	5858	3697
AT1G70610	583	636	717	693
AT1G70620	3480	3715	3709	3954
AT1G70630	203	204	182	172
AT1G70640	52	62	126	87
AT1G70650	2029	2092	1185	1065
AT1G70660	1880	1930	1071	982
AT1G70670	607	700	132	111
AT1G70680	0	0	1	1
AT1G70690	1071	1084	152	211
AT1G70700	9586	9864	5685	4623
AT1G70710	1675	1752	1135	201
AT1G70720	5	14	7	4
AT1G70730	1870	1970	1697	1795
AT1G70740	1041	1042	444	402
AT1G70750	336	354	387	410
AT1G70760	1985	2083	3507	3991
AT1G70770	3289	3465	2845	2969
AT1G70780	2362	2410	1456	1502
AT1G70782	2362	2410	1456	1502
AT1G70790	383	391	276	292
AT1G70800	133	170	90	62
AT1G70810	1325	1385	614	542
AT1G70820	1923	2047	4660	5563
AT1G70830	12607	13249	11806	3531
AT1G70840	6	3	1	1
AT1G70850	3	0	3	0
AT1G70860	0	1	0	0
AT1G70870	0	0	0	1
AT1G70880	0	0	10	12
AT1G70890	2311	2448	2699	3153
AT1G70895	82	75	58	40
AT1G70900	935	1005	912	1122
AT1G70910	2	1	0	0
AT1G70920	101	87	28	6
AT1G70940	1702	1717	1614	1891
AT1G70944	0	1	0	0
AT1G70950	25	13	21	6
AT1G70960	2	0	0	0
AT1G70980	642	692	542	479
AT1G70985	28	22	57	81
AT1G70990	14	17	5	9
AT1G71000	6	5	6	7
AT1G71010	1602	1705	1260	841
AT1G71015	33	31	27	18
AT1G71020	267	304	713	820
AT1G71030	572	584	2224	3058
AT1G71040	4423	4679	1328	1654
AT1G71050	276	262	217	188
AT1G71060	125	160	122	97
AT1G71070	1018	968	709	614
AT1G71080	1553	1694	1180	1209
AT1G71090	566	593	485	571
AT1G71100	1033	1050	446	360
AT1G71110	562	563	151	69
AT1G71120	5	9	1	1
AT1G71130	222	244	274	281
AT1G71140	130	132	163	218
AT1G71150	0	0	1	3
AT1G71170	575	628	475	474
AT1G71180	479	489	474	420
AT1G71190	691	768	371	451
AT1G71200	1	11	1	0
AT1G71210	397	460	268	241
AT1G71220	3562	3753	2147	2014
AT1G71230	175	182	81	75
AT1G71240	497	542	460	515
AT1G71250	3	2	1	1
AT1G71260	660	660	465	339
AT1G71270	927	1013	767	685
AT1G71280	4	2	0	0
AT1G71290	0	0	3	0
AT1G71300	21	18	0	2
AT1G71310	396	425	228	198
AT1G71320	1	1	0	0
AT1G71330	92	96	44	55
AT1G71340	607	595	641	672
AT1G71350	543	533	366	262
AT1G71360	475	496	350	308
AT1G71380	11	23	11	0
AT1G71390	298	349	0	0
AT1G71400	92	81	65	47
AT1G71410	1102	1143	1127	1218
AT1G71420	37	45	32	20
AT1G71430	251	257	161	108
AT1G71440	452	458	395	377
AT1G71450	9	11	2	4
AT1G71460	133	152	168	129
AT1G71480	874	901	1036	1223
AT1G71490	302	332	245	271
AT1G71500	2604	2743	4087	4460
AT1G71520	5	4	5	2
AT1G71528	334	357	215	155
AT1G71530	326	356	215	155
AT1G71690	0	0	17	0
AT1G71691	7	6	2	1
AT1G71692	29	24	7	1
AT1G71695	2329	2503	3174	3471
AT1G71696	431	354	356	355
AT1G71697	831	823	262	351
AT1G71710	768	822	664	622
AT1G71720	450	410	749	874
AT1G71730	1124	1085	787	696
AT1G71740	0	0	0	3
AT1G71750	149	176	93	87
AT1G71760	24	23	31	19
AT1G71770	8	14	5	0
AT1G71780	278	330	197	175
AT1G71790	271	295	329	323
AT1G71800	627	647	466	428
AT1G71810	344	313	503	486
AT1G71820	1866	2137	1656	1789
AT1G71830	196	237	225	120
AT1G71840	1053	1075	688	506
AT1G71850	231	219	204	105
AT1G71860	1055	1081	925	922
AT1G71865	373	396	263	258
AT1G71866	10	6	5	9
AT1G71870	101	94	127	46
AT1G71880	4740	4867	1209	1499
AT1G71890	20	23	11	4
AT1G71900	549	540	394	374
AT1G71910	271	255	49	50
AT1G71920	177	88	191	200
AT1G71930	26	21	16	6
AT1G71940	386	439	140	138
AT1G71950	2654	2667	971	929
AT1G71960	568	579	539	547
AT1G71970	409	429	500	717
AT1G71980	1725	1820	1217	1429
AT1G71990	98	127	125	126
AT1G72000	20	30	15	19
AT1G72010	959	963	1114	1173
AT1G72020	3415	3639	1908	1750
AT1G72030	367	395	452	554
AT1G72040	1051	1076	1100	643
AT1G72050	864	883	729	604
AT1G72060	1098	1074	104	126
AT1G72070	865	858	82	96
AT1G72080	1	1	0	0
AT1G72090	721	750	652	473
AT1G72100	0	0	3	2
AT1G72120	497	494	112	169
AT1G72125	12	22	5	6
AT1G72130	280	270	470	527
AT1G72140	73	65	15	7
AT1G72150	14005	14494	14538	25723
AT1G72160	2343	2479	2188	2596
AT1G72170	435	424	319	250
AT1G72175	413	364	247	278
AT1G72180	3180	3448	2483	4081
AT1G72190	322	300	245	252
AT1G72200	13	15	6	22
AT1G72210	235	217	138	48
AT1G72220	46	40	35	22
AT1G72230	178	168	304	154
AT1G72240	508	562	29	27
AT1G72250	254	211	270	117
AT1G72260	883	970	60	12
AT1G72270	80	82	89	98
AT1G72280	1402	1535	140	143
AT1G72300	391	518	448	592
AT1G72310	284	270	312	269
AT1G72320	878	868	551	411
AT1G72330	1201	1108	250	259
AT1G72340	620	617	626	599
AT1G72350	0	0	1	2
AT1G72360	165	159	81	121
AT1G72370	10051	10269	8867	6100
AT1G72390	990	1045	772	790
AT1G72410	878	914	1167	1094
AT1G72416	1763	1978	1885	3040
AT1G72420	274	270	170	175
AT1G72430	3355	3617	1003	2065
AT1G72440	956	978	1208	773
AT1G72450	7315	7401	4228	3576
AT1G72460	0	1	0	0
AT1G72470	207	170	156	147
AT1G72480	778	751	588	574
AT1G72490	2	4	1	0
AT1G72500	1012	1083	1417	977
AT1G72510	1810	1854	1005	1228
AT1G72520	7900	8323	944	479
AT1G72530	43	62	53	83
AT1G72540	424	368	59	56
AT1G72550	1172	1245	987	890
AT1G72560	623	695	492	400
AT1G72600	30673	32331	34465	56877
AT1G72610	30543	32197	34367	56737
AT1G72620	5	5	11	21
AT1G72630	637	676	412	459
AT1G72640	760	818	1006	1146
AT1G72645	282	320	606	816
AT1G72650	701	784	608	632
AT1G72660	10	11	3	7
AT1G72670	124	144	160	83
AT1G72680	947	1057	279	295
AT1G72690	141	151	59	75
AT1G72700	1986	2151	783	721
AT1G72710	4004	4297	3143	3468
AT1G72720	14	7	23	10
AT1G72730	345	348	307	130
AT1G72740	557	569	403	477
AT1G72750	2022	2083	1204	1133
AT1G72760	37	20	5	7
AT1G72770	710	803	340	278
AT1G72790	2226	2376	420	623
AT1G72800	172	193	117	111
AT1G72810	359	381	503	223
AT1G72820	399	437	510	499
AT1G72830	613	611	228	268
AT1G72840	258	325	163	164
AT1G72850	57	83	54	56
AT1G72852	41	50	44	32
AT1G72855	184	149	132	146
AT1G72860	210	173	152	160
AT1G72870	25	22	14	20
AT1G72880	571	521	420	499
AT1G72890	310	315	194	251
AT1G72900	1544	1713	947	932
AT1G72910	2348	2371	2213	2272
AT1G72920	1261	1329	762	571
AT1G72930	5283	5412	4179	5120
AT1G72940	1211	1206	551	424
AT1G72950	322	377	47	44
AT1G72960	27	34	5	4
AT1G72970	996	1029	973	820
AT1G72990	273	256	248	212
AT1G73000	0	1	0	0
AT1G73010	278	296	112	41
AT1G73020	430	442	320	230
AT1G73030	4314	4446	2066	2321
AT1G73040	365	362	140	96
AT1G73050	0	3	0	0
AT1G73060	1286	1318	1933	1994
AT1G73066	30	28	9	11
AT1G73080	1851	2003	691	702
AT1G73090	264	231	266	285
AT1G73100	394	449	434	344
AT1G73110	360	414	541	585
AT1G73120	1	6	1	1
AT1G73130	519	577	173	143
AT1G73140	5	4	5	5
AT1G73150	211	212	121	123
AT1G73160	0	0	1	0
AT1G73170	625	709	1141	1333
AT1G73177	163	156	85	86
AT1G73180	783	822	639	601
AT1G73190	48	55	16	29
AT1G73200	1361	1381	826	936
AT1G73210	226	272	102	67
AT1G73220	22	12	19	14
AT1G73230	3880	4021	3505	2534
AT1G73240	425	455	331	250
AT1G73250	363	375	237	238
AT1G73260	772	908	62	11
AT1G73270	11	15	11	1
AT1G73280	1	0	0	0
AT1G73290	1	0	1	0
AT1G73300	1	0	2	2
AT1G73310	220	246	206	209
AT1G73320	79	75	80	92
AT1G73325	412	465	29	19
AT1G73330	479	484	1293	524
AT1G73350	642	634	509	491
AT1G73360	70	78	101	66
AT1G73370	36	52	40	18
AT1G73380	325	331	232	249
AT1G73390	504	583	650	512
AT1G73400	63	92	55	44
AT1G73410	2	1	2	0
AT1G73430	876	930	747	653
AT1G73440	192	248	160	170
AT1G73450	253	259	277	246
AT1G73460	571	675	642	601
AT1G73470	530	624	794	1054
AT1G73480	1198	1334	2388	2597
AT1G73490	1512	1603	973	852
AT1G73500	1076	1149	1618	1502
AT1G73510	17	17	6	1
AT1G73530	441	430	689	799
AT1G73540	7741	8301	2670	2030
AT1G73550	52	69	35	42
AT1G73570	136	146	187	181
AT1G73580	1	1	2	1
AT1G73590	593	637	550	143
AT1G73600	3132	3403	14903	11496
AT1G73602	2928	3168	14142	10867
AT1G73610	1	11	0	0
AT1G73620	166	161	197	84
AT1G73630	47	62	51	49
AT1G73640	90	118	111	27
AT1G73650	898	960	454	517
AT1G73655	1376	1377	2517	2955
AT1G73660	766	786	823	890
AT1G73670	806	930	668	972
AT1G73680	1007	1104	604	739
AT1G73687	1	1	1	0
AT1G73690	61	74	52	22
AT1G73700	51	58	105	117
AT1G73710	370	406	480	477
AT1G73720	626	675	498	452
AT1G73730	379	416	341	331
AT1G73740	323	329	449	518
AT1G73750	504	573	767	998
AT1G73760	726	752	721	582
AT1G73770	76	85	52	57
AT1G73780	4	1	1	1
AT1G73790	222	191	115	96
AT1G73805	3375	3705	369	358
AT1G73810	708	785	175	181
AT1G73820	466	457	379	371
AT1G73830	116	143	266	400
AT1G73840	898	835	860	746
AT1G73850	315	333	156	115
AT1G73860	27	32	10	4
AT1G73870	238	187	516	569
AT1G73875	211	196	166	137
AT1G73880	197	229	135	125
AT1G73885	2496	2514	4772	5443
AT1G73890	77	72	67	55
AT1G73910	15	12	20	16
AT1G73920	2318	2543	1721	1663
AT1G73930	350	376	383	322
AT1G73940	671	666	536	349
AT1G73950	361	365	292	281
AT1G73960	1229	1396	885	994
AT1G73965	17	23	1	2
AT1G73970	312	288	243	265
AT1G73980	1299	1404	965	1111
AT1G73990	932	1063	910	916
AT1G74000	19	29	16	14
AT1G74010	155	135	25	38
AT1G74020	487	447	167	149
AT1G74030	326	373	349	149
AT1G74040	558	566	930	1016
AT1G74050	4992	5197	3673	2812
AT1G74055	15	18	15	7
AT1G74060	3646	3811	2861	2119
AT1G74070	323	316	945	851
AT1G74080	23	31	10	1
AT1G74088	187	198	145	185
AT1G74090	833	904	1401	798
AT1G74100	4098	4253	1528	997
AT1G74110	1	0	0	0
AT1G74120	116	107	102	79
AT1G74130	1	1	1	0
AT1G74140	8	3	1	0
AT1G74150	40	43	23	22
AT1G74160	481	456	640	501
AT1G74170	518	540	320	358
AT1G74180	204	183	175	163
AT1G74190	5	13	0	0
AT1G74200	109	100	33	39
AT1G74205	8	9	10	8
AT1G74210	1010	999	370	468
AT1G74230	1686	1730	1160	932
AT1G74240	177	157	130	94
AT1G74250	907	1028	1076	1001
AT1G74260	982	1021	1410	1173
AT1G74270	2789	2763	2123	1722
AT1G74280	264	285	139	146
AT1G74290	160	168	57	41
AT1G74300	334	348	112	175
AT1G74310	302	330	246	185
AT1G74320	348	404	445	511
AT1G74330	1153	1226	296	321
AT1G74340	1164	1229	482	439
AT1G74350	101	110	58	47
AT1G74360	1379	1428	163	166
AT1G74370	167	160	283	345
AT1G74380	2866	3070	1617	1713
AT1G74390	196	176	219	170
AT1G74400	35	37	23	18
AT1G74410	398	450	198	254
AT1G74420	131	106	54	39
AT1G74430	2279	2312	516	342
AT1G74440	2725	2824	837	670
AT1G74450	4371	4668	1582	1261
AT1G74453	181	179	158	116
AT1G74456	68	65	54	58
AT1G74458	177	200	112	98
AT1G74460	47	44	7	2
AT1G74470	10084	10432	34839	42401
AT1G74480	6	9	3	8
AT1G74490	38	28	4	2
AT1G74510	328	365	318	262
AT1G74520	1309	1276	1278	1374
AT1G74530	560	605	348	351
AT1G74540	34	27	34	17
AT1G74545	6	4	3	2
AT1G74550	22	28	16	10
AT1G74560	2546	2741	2164	1422
AT1G74580	125	110	120	113
AT1G74590	612	660	119	141
AT1G74600	104	104	91	82
AT1G74630	24	31	21	16
AT1G74640	880	988	911	1006
AT1G74650	104	120	133	131
AT1G74660	62	74	26	32
AT1G74670	603	635	1648	3053
AT1G74680	423	462	507	575
AT1G74690	1762	1857	2085	1647
AT1G74700	148	121	66	65
AT1G74710	3642	3810	321	340
AT1G74720	496	504	589	459
AT1G74730	1703	1748	2198	2651
AT1G74740	339	366	232	309
AT1G74750	241	289	177	168
AT1G74770	19	15	7	17
AT1G74780	142	152	126	112
AT1G74790	473	416	261	342
AT1G74800	574	601	459	391
AT1G74810	108	116	179	226
AT1G74820	0	1	0	0
AT1G74830	4	1	0	0
AT1G74840	1185	1299	1393	1374
AT1G74850	512	541	848	812
AT1G74860	197	224	158	163
AT1G74870	26	35	16	10
AT1G74875	43	56	43	47
AT1G74880	1735	1832	2536	3055
AT1G74890	116	128	115	66
AT1G74900	98	112	99	118
AT1G74910	1704	1840	1952	2733
AT1G74920	3624	3788	3849	3590
AT1G74929	9	6	5	13
AT1G74930	1425	1452	1470	638
AT1G74940	680	791	959	1029
AT1G74950	3331	3513	1214	970
AT1G74960	2008	2085	2070	2206
AT1G74970	2208	2369	4515	4702
AT1G74990	1	2	0	0
AT1G75000	168	196	70	92
AT1G75010	427	463	623	619
AT1G75020	597	680	199	195
AT1G75030	38	45	41	61
AT1G75040	72416	75467	449	313
AT1G75050	9	4	0	10
AT1G75060	139	129	95	37
AT1G75080	998	1021	622	555
AT1G75090	85	87	98	44
AT1G75100	564	571	601	780
AT1G75110	49	44	42	24
AT1G75120	127	128	121	90
AT1G75130	341	399	326	360
AT1G75140	858	874	476	575
AT1G75150	101	98	149	80
AT1G75163	18	33	11	13
AT1G75166	68	66	36	28
AT1G75170	724	692	163	90
AT1G75180	486	500	714	794
AT1G75190	365	432	502	549
AT1G75200	1155	1131	676	508
AT1G75210	935	915	908	889
AT1G75220	1945	2054	902	1325
AT1G75230	601	650	315	226
AT1G75240	852	838	851	380
AT1G75250	6	11	57	93
AT1G75260	7	20	17	15
AT1G75270	456	439	263	239
AT1G75280	1052	1131	1281	1393
AT1G75290	73	76	44	55
AT1G75295	482	489	305	339
AT1G75300	344	359	210	225
AT1G75310	1521	1522	1216	1437
AT1G75330	1588	1534	1525	1303
AT1G75335	69	84	44	37
AT1G75340	681	772	498	430
AT1G75350	3052	3123	4957	5530
AT1G75360	16	14	48	53
AT1G75370	1686	1742	1711	1897
AT1G75380	6719	6968	11758	18513
AT1G75388	163	207	99	43
AT1G75390	163	207	99	43
AT1G75400	699	782	387	323
AT1G75410	1159	1173	970	1215
AT1G75420	468	491	411	441
AT1G75430	9	6	4	1
AT1G75440	926	926	465	620
AT1G75450	507	503	235	272
AT1G75460	1071	1085	3155	3502
AT1G75490	22	33	41	68
AT1G75500	5485	5622	4473	3965
AT1G75510	1263	1370	635	597
AT1G75520	60	53	34	2
AT1G75530	1	0	2	1
AT1G75540	1048	1147	946	822
AT1G75550	10	6	27	18
AT1G75560	790	859	572	538
AT1G75570	0	1	0	0
AT1G75580	84	72	74	26
AT1G75590	55	67	28	25
AT1G75600	4	5	0	0
AT1G75620	1	3	0	4
AT1G75630	1416	1508	1077	1150
AT1G75640	57	86	147	51
AT1G75660	1944	2036	1623	1647
AT1G75670	287	354	179	112
AT1G75680	1774	2009	2563	2462
AT1G75690	1317	1379	4068	4674
AT1G75700	10	15	6	7
AT1G75710	483	484	364	347
AT1G75720	7	6	3	4
AT1G75730	388	364	247	310
AT1G75750	2849	3016	1124	2893
AT1G75760	619	627	432	510
AT1G75770	87	70	87	165
AT1G75780	311	289	857	544
AT1G75800	2853	3007	4916	5912
AT1G75810	109	167	108	83
AT1G75820	696	651	1353	1493
AT1G75840	1281	1377	1150	1438
AT1G75850	1179	1108	675	760
AT1G75860	2669	2819	773	677
AT1G75880	6	1	8	15
AT1G75890	11	8	8	1
AT1G75891	0	2	0	0
AT1G75900	725	699	364	418
AT1G75920	15	6	2	2
AT1G75950	5168	5184	3478	3346
AT1G75960	146	160	376	377
AT1G75980	331	361	199	172
AT1G75990	970	1018	583	503
AT1G76000	0	1	0	0
AT1G76010	2498	2540	3064	2756
AT1G76020	878	919	821	944
AT1G76030	3480	3705	3231	3602
AT1G76040	4444	4573	442	202
AT1G76050	804	809	613	629
AT1G76060	223	227	147	158
AT1G76062	25	24	12	15
AT1G76065	126	125	65	83
AT1G76070	372	361	153	192
AT1G76080	2272	2333	3289	4253
AT1G76090	642	689	635	1355
AT1G76100	2760	2812	4185	6198
AT1G76110	362	381	604	870
AT1G76120	145	151	144	114
AT1G76130	421	403	206	188
AT1G76135	2	6	1	2
AT1G76140	1373	1429	1246	1336
AT1G76150	1116	1153	850	1034
AT1G76160	6586	6928	4770	5476
AT1G76170	186	219	189	195
AT1G76180	22493	23777	14208	15798
AT1G76185	284	260	162	189
AT1G76190	0	1	0	1
AT1G76200	2149	2131	1550	1308
AT1G76210	20	42	0	0
AT1G76220	0	1	0	1
AT1G76230	2	0	0	1
AT1G76240	45	67	190	247
AT1G76250	13	9	14	6
AT1G76260	274	309	281	237
AT1G76270	483	512	384	321
AT1G76280	321	322	275	213
AT1G76300	1164	1275	898	622
AT1G76310	223	205	209	79
AT1G76320	495	505	385	391
AT1G76340	659	680	354	333
AT1G76350	658	648	374	537
AT1G76360	1951	2119	978	1208
AT1G76370	0	2	0	0
AT1G76380	382	415	253	206
AT1G76390	987	1134	487	399
AT1G76400	1675	1696	1144	1014
AT1G76405	277	247	200	211
AT1G76410	109	124	89	84
AT1G76420	49	49	35	5
AT1G76430	3	0	0	0
AT1G76440	149	146	104	103
AT1G76450	1174	1173	1828	2042
AT1G76460	627	631	614	721
AT1G76470	299	351	13	1
AT1G76480	20	14	2	0
AT1G76490	5191	5488	7507	10443
AT1G76500	3	0	1	2
AT1G76510	451	474	349	316
AT1G76520	2060	2207	2544	3808
AT1G76530	21	26	28	42
AT1G76540	456	439	414	168
AT1G76550	491	525	328	242
AT1G76560	230	205	190	205
AT1G76570	216	210	252	282
AT1G76580	1156	1185	1012	1134
AT1G76590	693	678	1209	1488
AT1G76600	1707	1706	765	608
AT1G76610	63	59	71	50
AT1G76620	846	904	317	241
AT1G76630	552	527	600	495
AT1G76640	180	179	6	2
AT1G76650	5613	5896	1207	1090
AT1G76660	1006	1070	821	707
AT1G76670	2562	2819	2529	2818
AT1G76680	2483	2561	3119	3553
AT1G76690	102	97	171	207
AT1G76700	868	895	392	460
AT1G76705	52	56	39	44
AT1G76710	468	485	387	313
AT1G76720	364	364	516	602
AT1G76728	0	1	0	0
AT1G76730	1014	1044	1207	1356
AT1G76740	87	79	112	37
AT1G76750	0	0	1	0
AT1G76760	89	97	33	28
AT1G76770	8	8	4	1
AT1G76780	241	251	186	59
AT1G76790	2255	2307	797	457
AT1G76800	69	48	138	80
AT1G76810	3355	3625	2850	2582
AT1G76820	226	289	235	216
AT1G76850	1765	1883	1691	1978
AT1G76860	791	750	466	446
AT1G76870	72	57	77	50
AT1G76878	1257	1227	1205	1208
AT1G76880	1577	1550	1496	1433
AT1G76890	1007	1078	803	1107
AT1G76892	817	868	695	905
AT1G76900	1868	1869	878	1149
AT1G76910	1	0	0	0
AT1G76920	605	675	608	605
AT1G76930	25283	27541	1981	545
AT1G76940	652	719	392	429
AT1G76950	497	542	562	413
AT1G76952	7	25	29	19
AT1G76954	1	2	2	0
AT1G76955	279	311	234	248
AT1G76960	16240	16466	2355	2282
AT1G76965	11	19	0	4
AT1G76970	2609	2831	390	350
AT1G76980	738	774	93	72
AT1G76990	1904	1984	4304	5391
AT1G76994	0	2	3	0
AT1G77000	406	445	336	278
AT1G77010	31	30	28	8
AT1G77020	61	77	46	33
AT1G77030	874	984	736	510
AT1G77040	0	2	0	0
AT1G77060	1019	1044	1131	1327
AT1G77080	1073	1276	885	920
AT1G77090	590	671	981	963
AT1G77110	157	188	138	72
AT1G77120	4741	5088	689	157
AT1G77122	250	316	405	525
AT1G77130	1004	1057	703	761
AT1G77138	49	52	41	38
AT1G77140	579	627	380	403
AT1G77145	156	128	15	6
AT1G77150	68	67	0	0
AT1G77160	0	2	0	0
AT1G77170	134	172	131	113
AT1G77180	2883	2919	2844	2841
AT1G77200	35	22	30	13
AT1G77210	224	257	545	1138
AT1G77220	731	773	429	448
AT1G77230	543	586	403	352
AT1G77235	0	1	1	0
AT1G77240	395	451	311	248
AT1G77250	255	283	225	173
AT1G77260	1016	1072	784	812
AT1G77270	233	219	227	140
AT1G77280	174	189	211	131
AT1G77290	218	209	191	216
AT1G77300	1239	1382	942	982
AT1G77310	88	64	64	68
AT1G77320	216	271	184	115
AT1G77330	30	30	56	37
AT1G77340	4	1	1	0
AT1G77350	663	612	369	307
AT1G77360	90	106	39	32
AT1G77370	3285	3344	846	839
AT1G77380	154	161	26	17
AT1G77390	74	62	33	28
AT1G77400	77	95	99	39
AT1G77405	37	39	35	22
AT1G77410	104	86	111	57
AT1G77420	957	952	515	569
AT1G77440	1194	1278	700	562
AT1G77450	169	182	122	114
AT1G77460	351	362	542	448
AT1G77470	381	401	351	185
AT1G77480	479	468	427	449
AT1G77490	870	901	2475	2949
AT1G77500	782	793	341	321
AT1G77510	15431	16109	1066	813
AT1G77520	43	40	35	22
AT1G77530	5	6	0	2
AT1G77540	621	635	316	301
AT1G77550	444	504	433	312
AT1G77570	66	54	18	14
AT1G77580	203	224	524	468
AT1G77590	616	703	934	776
AT1G77600	517	535	574	503
AT1G77610	1238	1373	757	659
AT1G77620	281	303	277	229
AT1G77630	464	457	435	388
AT1G77640	1382	1446	146	232
AT1G77655	2	1	0	0
AT1G77660	355	332	292	332
AT1G77670	486	545	476	422
AT1G77680	854	888	603	590
AT1G77690	221	181	171	161
AT1G77700	5	3	10	8
AT1G77710	3832	4006	1999	1848
AT1G77720	145	167	177	112
AT1G77730	0	1	0	0
AT1G77740	1082	1074	1290	1214
AT1G77750	425	422	327	201
AT1G77760	5878	6215	1438	710
AT1G77765	31	33	17	24
AT1G77770	419	481	338	300
AT1G77790	1	5	0	3
AT1G77800	1484	1491	1366	1341
AT1G77810	581	577	239	207
AT1G77840	1322	1302	928	739
AT1G77850	515	606	358	312
AT1G77855	95	81	73	51
AT1G77860	23	11	10	5
AT1G77870	13	13	26	23
AT1G77880	41	46	13	11
AT1G77885	260	256	123	37
AT1G77890	509	597	171	186
AT1G77920	717	740	446	415
AT1G77930	1172	1156	789	946
AT1G77932	0	0	1	1
AT1G77940	4242	4381	3256	2084
AT1G77950	10	13	82	115
AT1G77960	33	37	218	280
AT1G77990	358	368	375	393
AT1G77992	35	32	44	40
AT1G78000	207	237	137	234
AT1G78010	416	382	379	409
AT1G78020	1382	1366	2747	2695
AT1G78030	176	132	149	113
AT1G78040	15873	16577	10492	11736
AT1G78050	168	160	75	24
AT1G78060	1080	1236	1267	924
AT1G78070	2023	2332	2561	2735
AT1G78080	5943	6108	3734	3879
AT1G78090	32	37	37	15
AT1G78100	438	422	431	718
AT1G78110	272	297	237	206
AT1G78120	84	81	112	28
AT1G78130	605	657	420	534
AT1G78140	502	516	648	731
AT1G78150	1774	1718	1412	1381
AT1G78170	112	95	313	304
AT1G78172	12	23	15	9
AT1G78180	184	189	258	250
AT1G78190	330	390	83	106
AT1G78200	830	869	449	432
AT1G78206	3	7	1	0
AT1G78210	1277	1337	678	626
AT1G78230	339	353	346	378
AT1G78240	3015	3123	1438	1786
AT1G78260	202	223	369	319
AT1G78265	457	484	1423	1485
AT1G78270	509	549	1576	1650
AT1G78280	2093	2161	590	651
AT1G78290	563	595	110	93
AT1G78300	3054	3139	2245	2058
AT1G78310	196	240	132	130
AT1G78320	10	13	12	17
AT1G78340	10	7	1	0
AT1G78370	8495	9112	14375	5905
AT1G78380	8000	7955	7276	6711
AT1G78390	42	34	1	0
AT1G78410	272	252	77	60
AT1G78420	1140	1160	714	751
AT1G78430	103	100	206	57
AT1G78440	1	2	50	29
AT1G78450	98	102	972	1064
AT1G78460	906	897	4155	6206
AT1G78470	0	0	1	0
AT1G78476	161	168	198	167
AT1G78480	66	68	90	75
AT1G78490	3135	3049	2182	1029
AT1G78500	0	0	2	0
AT1G78510	528	522	471	487
AT1G78520	0	4	0	0
AT1G78530	8	4	9	13
AT1G78540	122	172	147	148
AT1G78550	282	261	176	219
AT1G78560	509	585	564	565
AT1G78570	3784	4019	2573	2221
AT1G78580	892	1039	1308	776
AT1G78590	289	293	268	249
AT1G78600	1011	1052	1204	1866
AT1G78610	584	583	534	592
AT1G78620	1379	1509	861	1034
AT1G78630	3790	4121	7779	8128
AT1G78650	209	246	202	127
AT1G78660	1971	1977	1013	1000
AT1G78670	2011	2040	1554	1872
AT1G78680	2629	2821	2944	3121
AT1G78690	211	202	232	222
AT1G78700	427	456	539	609
AT1G78710	132	160	131	131
AT1G78720	3	1	5	0
AT1G78730	91	149	105	78
AT1G78750	5	6	17	17
AT1G78760	6	4	3	4
AT1G78770	162	196	125	70
AT1G78780	295	344	16	14
AT1G78790	294	283	240	209
AT1G78800	745	856	482	451
AT1G78810	195	154	155	128
AT1G78815	36	34	50	5
AT1G78820	412	432	833	1139
AT1G78830	5599	5833	5156	8691
AT1G78840	5	4	2	0
AT1G78850	8596	9129	5424	6449
AT1G78860	83	91	94	69
AT1G78865	184	172	129	43
AT1G78870	1981	1954	1481	1658
AT1G78880	1004	1067	852	718
AT1G78882	1004	1067	852	718
AT1G78890	877	945	499	557
AT1G78895	423	463	274	275
AT1G78900	7661	7822	8419	8549
AT1G78910	154	175	124	112
AT1G78915	510	588	605	693
AT1G78920	2963	2921	1596	1486
AT1G78922	204	187	53	38
AT1G78930	108	119	131	69
AT1G78940	82	77	136	45
AT1G78950	15	16	14	12
AT1G78955	31	28	22	19
AT1G78960	332	355	246	209
AT1G78970	84	106	443	513
AT1G78980	0	2	0	2
AT1G78990	15	17	34	32
AT1G78995	228	239	570	578
AT1G79000	1881	1998	1599	1738
AT1G79010	2492	2646	2010	1840
AT1G79020	364	393	294	305
AT1G79030	375	418	336	248
AT1G79040	62036	68268	105630	145834
AT1G79050	821	845	639	603
AT1G79060	63	74	104	72
AT1G79070	133	158	99	116
AT1G79075	715	758	286	269
AT1G79080	320	303	328	290
AT1G79090	901	990	721	727
AT1G79100	1	3	1	0
AT1G79110	428	446	387	382
AT1G79120	29	25	19	14
AT1G79150	567	595	487	273
AT1G79160	83	98	197	227
AT1G79170	6	10	8	6
AT1G79180	13	30	6	5
AT1G79190	434	461	340	328
AT1G79200	342	402	212	218
AT1G79210	1209	1297	770	753
AT1G79220	55	63	68	55
AT1G79230	2364	2340	1712	1524
AT1G79250	0	1	0	0
AT1G79260	225	280	245	162
AT1G79270	553	621	330	395
AT1G79280	2895	2854	2312	1927
AT1G79310	106	103	15	7
AT1G79320	4	5	3	3
AT1G79330	24	31	21	22
AT1G79340	3968	4324	2477	2547
AT1G79350	1113	1086	975	908
AT1G79360	30	26	9	6
AT1G79370	0	0	1	0
AT1G79380	4028	4204	1960	2486
AT1G79390	768	826	467	341
AT1G79400	13	5	19	8
AT1G79410	73	53	84	79
AT1G79420	149	160	114	45
AT1G79430	239	228	224	227
AT1G79440	2071	2264	3070	3754
AT1G79450	293	307	88	92
AT1G79460	486	569	1148	1050
AT1G79470	330	327	251	135
AT1G79480	15	13	10	12
AT1G79490	216	190	163	151
AT1G79500	1089	1140	1289	1264
AT1G79510	575	608	648	653
AT1G79520	649	630	225	253
AT1G79529	304	285	191	105
AT1G79530	1167	1245	949	367
AT1G79540	174	184	182	176
AT1G79550	4786	5130	2768	2073
AT1G79560	895	998	1282	1069
AT1G79570	1315	1355	824	906
AT1G79580	0	1	0	4
AT1G79590	879	927	642	736
AT1G79600	1911	2030	2336	2653
AT1G79610	1173	1264	336	302
AT1G79620	215	273	241	238
AT1G79630	394	434	360	228
AT1G79640	140	146	164	196
AT1G79650	943	1124	590	544
AT1G79660	630	766	379	518
AT1G79670	600	640	588	787
AT1G79680	675	742	77	36
AT1G79690	2217	2316	945	864
AT1G79700	211	243	338	680
AT1G79710	693	686	567	507
AT1G79720	849	860	665	712
AT1G79730	1050	1169	915	882
AT1G79740	628	654	724	673
AT1G79750	3306	3453	3773	3293
AT1G79760	25	36	56	51
AT1G79770	0	2	1	9
AT1G79780	62	102	57	16
AT1G79790	747	812	945	1080
AT1G79800	2	2	1	2
AT1G79810	616	691	382	416
AT1G79820	400	451	366	215
AT1G79830	2915	2959	2915	2862
AT1G79840	258	311	391	341
AT1G79850	3823	4182	6740	6874
AT1G79870	1025	1087	927	1013
AT1G79880	532	533	401	392
AT1G79890	56	58	62	32
AT1G79900	37	38	22	17
AT1G79910	17	21	15	26
AT1G79915	2	0	6	8
AT1G79920	3359	3570	2906	2127
AT1G79930	3342	3583	2546	1873
AT1G79940	1889	1922	1758	1578
AT1G79950	850	866	630	525
AT1G79960	92	93	43	38
AT1G79970	1126	1224	1086	897
AT1G79980	0	2	0	0
AT1G79990	2629	2676	2365	2269
AT1G80000	773	869	727	824
AT1G80010	572	631	416	446
AT1G80030	757	852	1029	967
AT1G80040	2173	2367	1290	1330
AT1G80050	693	753	491	455
AT1G80060	65	44	78	48
AT1G80070	5384	5632	4947	4432
AT1G80080	100	97	108	95
AT1G80100	8	9	8	0
AT1G80110	629	671	110	83
AT1G80120	477	559	164	142
AT1G80130	1385	1397	1787	1934
AT1G80150	211	200	128	117
AT1G80160	123	123	9	7
AT1G80170	240	240	347	418
AT1G80180	1187	1199	1460	2473
AT1G80190	177	170	180	202
AT1G80200	28	24	17	11
AT1G80210	608	609	479	488
AT1G80230	1524	1658	977	958
AT1G80240	13	24	2	2
AT1G80245	213	200	159	117
AT1G80260	964	998	789	771
AT1G80270	421	488	429	202
AT1G80280	193	200	241	116
AT1G80290	287	339	230	281
AT1G80300	1712	1928	1842	1678
AT1G80310	634	645	688	801
AT1G80320	114	114	81	73
AT1G80325	161	150	112	94
AT1G80340	1	0	0	0
AT1G80350	479	518	549	465
AT1G80360	1359	1438	833	775
AT1G80370	154	123	138	69
AT1G80380	1919	1899	3010	3595
AT1G80390	6	0	0	1
AT1G80400	503	473	419	520
AT1G80410	2312	2503	1928	1676
AT1G80420	1166	1231	785	1046
AT1G80440	1781	1851	1986	3371
AT1G80450	494	491	110	92
AT1G80460	2214	2444	1116	1501
AT1G80470	0	1	0	0
AT1G80480	1150	1234	2232	2261
AT1G80490	1393	1510	1299	1282
AT1G80500	1202	1319	613	637
AT1G80510	598	674	348	389
AT1G80520	91	78	61	40
AT1G80530	824	759	591	508
AT1G80540	6	2	6	0
AT1G80550	374	377	277	304
AT1G80555	4	3	3	6
AT1G80560	580	600	875	763
AT1G80570	177	177	114	163
AT1G80580	0	0	2	0
AT1G80590	0	1	0	0
AT1G80600	2220	2424	2350	2283
AT1G80610	892	937	281	236
AT1G80620	669	645	590	377
AT1G80630	153	184	154	247
AT1G80640	392	474	520	528
AT1G80650	513	544	391	548
AT1G80660	11	12	2	0
AT1G80670	754	810	493	435
AT1G80680	861	915	787	744
AT1G80690	102	100	158	85
AT1G80700	444	451	297	291
AT1G80710	42	65	65	40
AT1G80720	132	154	128	73
AT1G80730	6	3	8	1
AT1G80740	5	5	1	2
AT1G80745	9	15	14	15
AT1G80750	1268	1320	925	536
AT1G80760	423	389	478	232
AT1G80770	664	649	851	966
AT1G80780	1426	1488	1366	1358
AT1G80790	1154	1186	1119	1046
AT1G80810	490	452	346	283
AT1G80820	1055	1166	32	4
AT1G80830	826	868	534	243
AT1G80840	8149	8702	1807	877
AT1G80850	177	190	175	171
AT1G80860	715	778	407	350
AT1G80865	0	3	1	2
AT1G80870	398	467	435	309
AT1G80880	55	51	48	44
AT1G80890	484	472	326	293
AT1G80900	205	204	142	138
AT1G80910	696	687	496	505
AT1G80920	2877	2913	5517	8990
AT1G80930	1991	2166	2132	2058
AT1G80940	1127	1115	669	765
AT1G80950	981	920	577	562
AT1G80960	246	283	129	126
AT1G80970	71	55	46	50
AT1G80980	583	607	444	471
AT2G01008	51	54	38	28
AT2G01010	124	163	142	105
AT2G01020	393	448	152	81
AT2G01021	596	615	1065	470
AT2G01023	16	19	4	6
AT2G01060	1382	1311	755	852
AT2G01070	430	416	631	644
AT2G01080	327	318	217	244
AT2G01090	576	621	315	298
AT2G01100	2116	2243	1458	1406
AT2G01110	1514	1603	1892	2125
AT2G01120	286	279	198	122
AT2G01130	874	1004	860	765
AT2G01140	6130	6392	3311	2251
AT2G01150	845	939	258	149
AT2G01170	593	617	773	961
AT2G01175	29	21	13	20
AT2G01180	2170	2199	889	868
AT2G01190	1824	2056	1171	1643
AT2G01200	26	24	21	12
AT2G01210	160	190	203	60
AT2G01220	1164	1235	902	936
AT2G01250	6947	7401	5904	4071
AT2G01260	364	346	253	279
AT2G01270	1590	1769	998	1116
AT2G01275	0	4	2	4
AT2G01280	145	172	135	127
AT2G01290	419	442	444	392
AT2G01300	224	253	109	113
AT2G01310	0	4	0	0
AT2G01320	1110	1130	1039	1131
AT2G01330	220	240	213	156
AT2G01340	259	318	393	444
AT2G01350	3074	2993	1874	1874
AT2G01390	47	44	86	60
AT2G01400	440	473	303	346
AT2G01410	809	893	599	597
AT2G01420	969	1029	1508	2401
AT2G01422	0	3	0	0
AT2G01430	16	21	7	2
AT2G01440	476	482	603	645
AT2G01450	7080	7431	3357	4100
AT2G01460	701	751	403	377
AT2G01470	1347	1477	788	799
AT2G01480	481	479	357	397
AT2G01490	1323	1324	984	1193
AT2G01505	95	88	92	96
AT2G01510	43	40	37	28
AT2G01520	7	1	10	1
AT2G01530	14	17	0	0
AT2G01540	736	838	211	279
AT2G01570	1408	1420	1674	1549
AT2G01580	4	11	8	0
AT2G01590	362	332	890	977
AT2G01600	2461	2456	1283	1437
AT2G01610	911	946	435	62
AT2G01620	306	355	479	530
AT2G01630	801	858	625	552
AT2G01640	275	257	134	118
AT2G01650	949	964	449	520
AT2G01660	115	116	141	118
AT2G01670	2644	2640	966	1011
AT2G01680	902	944	558	634
AT2G01690	1229	1338	1037	957
AT2G01710	738	765	689	632
AT2G01720	2597	2731	1445	1390
AT2G01730	59	50	29	18
AT2G01735	362	360	274	279
AT2G01740	58	72	69	56
AT2G01750	248	228	283	152
AT2G01755	147	138	319	379
AT2G01760	155	201	250	294
AT2G01770	4	4	5	0
AT2G01810	1	0	0	0
AT2G01818	178	147	57	34
AT2G01820	1742	1806	2057	1971
AT2G01830	638	686	691	238
AT2G01850	3571	3621	2058	3609
AT2G01860	193	191	161	204
AT2G01870	201	179	317	465
AT2G01880	0	2	0	0
AT2G01890	52	47	70	107
AT2G01900	0	1	1	0
AT2G01905	4	1	11	6
AT2G01910	1942	2029	1738	1964
AT2G01913	133	119	99	16
AT2G01918	28	49	107	118
AT2G01930	469	552	563	652
AT2G01940	218	268	320	213
AT2G01950	549	558	488	305
AT2G01960	2	3	0	0
AT2G01970	1826	2123	1203	1137
AT2G01980	614	726	435	384
AT2G01990	187	189	261	187
AT2G02000	1	1	0	0
AT2G02010	149	124	49	11
AT2G02020	127	128	225	288
AT2G02030	1	0	0	0
AT2G02040	824	795	657	896
AT2G02050	1155	1096	776	664
AT2G02060	131	131	98	119
AT2G02061	17	20	3	2
AT2G02070	1892	2117	2522	2852
AT2G02080	1122	1173	1399	1676
AT2G02090	1069	1069	712	618
AT2G02100	4599	4686	2758	2357
AT2G02120	26	33	4	1
AT2G02130	1147	1268	1362	967
AT2G02147	3	3	2	0
AT2G02148	261	237	227	195
AT2G02150	91	72	90	47
AT2G02160	2269	2415	2837	2891
AT2G02170	456	504	555	471
AT2G02180	1106	1230	877	1122
AT2G02220	847	900	424	551
AT2G02230	1030	1064	255	263
AT2G02240	18	21	10	15
AT2G02250	4	4	0	0
AT2G02310	55	61	0	0
AT2G02320	6	15	0	0
AT2G02340	43	33	0	0
AT2G02350	126	146	36	40
AT2G02360	678	797	463	612
AT2G02370	566	660	188	210
AT2G02380	4	9	4	7
AT2G02390	2672	2759	744	790
AT2G02400	250	238	217	256
AT2G02410	275	248	353	465
AT2G02450	557	623	949	1255
AT2G02470	652	665	581	503
AT2G02480	330	295	347	195
AT2G02498	1	5	2	1
AT2G02500	353	374	453	477
AT2G02510	2384	2586	962	985
AT2G02515	2	0	0	0
AT2G02520	2	0	0	0
AT2G02540	65	55	35	39
AT2G02560	1353	1453	1003	828
AT2G02570	2385	2586	1910	2013
AT2G02580	3	0	0	0
AT2G02590	81	94	102	93
AT2G02610	0	1	1	0
AT2G02640	2	2	1	2
AT2G02680	18	5	2	0
AT2G02700	1	1	0	0
AT2G02710	788	852	1190	1582
AT2G02720	3	9	3	0
AT2G02730	335	334	190	230
AT2G02740	306	359	437	264
AT2G02741	0	0	1	0
AT2G02750	73	71	64	57
AT2G02760	4623	4643	3040	3108
AT2G02770	398	423	303	314
AT2G02780	173	185	305	312
AT2G02790	504	492	570	334
AT2G02800	978	1074	919	853
AT2G02810	1880	1822	323	202
AT2G02820	357	367	203	146
AT2G02835	1	0	1	0
AT2G02850	1266	1335	235	97
AT2G02860	1072	1131	432	505
AT2G02870	910	874	423	492
AT2G02880	147	170	90	79
AT2G02890	2	0	0	0
AT2G02900	1	0	0	0
AT2G02910	332	315	225	222
AT2G02930	174	164	63	51
AT2G02950	299	302	593	906
AT2G02955	162	148	117	91
AT2G02960	1269	1380	644	809
AT2G02970	821	806	590	631
AT2G02980	73	72	87	100
AT2G02990	130	167	3	12
AT2G03000	0	0	1	0
AT2G03010	110	124	86	63
AT2G03020	0	1	2	1
AT2G03040	28	36	0	0
AT2G03050	104	116	123	114
AT2G03060	312	319	177	215
AT2G03070	561	621	387	339
AT2G03090	315	292	572	129
AT2G03110	42	46	23	4
AT2G03120	3269	3557	1172	1005
AT2G03130	4	9	1	0
AT2G03140	749	778	842	958
AT2G03150	1375	1438	1251	1205
AT2G03200	26	22	20	7
AT2G03210	0	1	0	2
AT2G03220	657	697	395	394
AT2G03230	2	4	0	0
AT2G03240	1116	1132	466	517
AT2G03260	43	55	28	17
AT2G03270	244	279	185	198
AT2G03280	186	175	133	111
AT2G03290	5	5	0	0
AT2G03310	411	432	694	910
AT2G03320	1	0	0	0
AT2G03330	193	239	204	243
AT2G03340	1087	997	1028	1075
AT2G03350	552	641	622	652
AT2G03360	6	5	1	0
AT2G03380	51	61	62	45
AT2G03390	1207	1205	1338	1430
AT2G03410	558	611	949	846
AT2G03420	499	550	899	805
AT2G03430	417	413	223	188
AT2G03440	2601	2831	2930	3281
AT2G03445	4	4	0	0
AT2G03450	160	162	103	127
AT2G03460	10	3	1	0
AT2G03470	1098	1106	845	923
AT2G03480	376	398	389	326
AT2G03500	63	83	61	65
AT2G03505	50	52	12	18
AT2G03510	1927	2077	784	773
AT2G03520	0	0	1	2
AT2G03530	641	676	794	1182
AT2G03550	505	513	1086	1131
AT2G03560	0	0	1	1
AT2G03570	0	1	0	0
AT2G03580	4	3	1	0
AT2G03590	146	132	114	223
AT2G03600	2	3	4	5
AT2G03610	0	1	0	0
AT2G03620	390	391	243	273
AT2G03630	1	0	0	1
AT2G03640	1686	1714	1343	1831
AT2G03667	303	274	233	223
AT2G03670	201	207	161	105
AT2G03680	4790	4953	2932	2739
AT2G03690	627	641	430	440
AT2G03710	71	94	216	235
AT2G03730	636	705	634	805
AT2G03740	1	2	0	0
AT2G03750	455	404	989	1104
AT2G03760	381	440	421	519
AT2G03770	10	12	5	3
AT2G03780	456	466	406	314
AT2G03790	1	0	0	0
AT2G03800	680	683	376	382
AT2G03810	299	325	221	201
AT2G03820	1525	1610	1197	1035
AT2G03821	9	9	11	11
AT2G03822	4	4	1	2
AT2G03850	3	3	2	0
AT2G03870	649	621	376	357
AT2G03880	36	28	15	12
AT2G03890	1119	1186	1514	1584
AT2G03980	789	813	510	598
AT2G04030	2902	3113	3627	2708
AT2G04032	70	79	108	177
AT2G04038	6	4	3	0
AT2G04039	1084	1075	1089	1062
AT2G04040	21	15	6	7
AT2G04050	73	85	18	16
AT2G04066	234	284	177	154
AT2G04070	167	203	7	12
AT2G04080	1154	1266	738	762
AT2G04090	18	17	8	4
AT2G04100	394	364	59	45
AT2G04160	259	268	350	435
AT2G04170	58	54	77	90
AT2G04190	0	4	1	0
AT2G04230	348	407	345	408
AT2G04235	97	100	112	74
AT2G04240	289	284	479	457
AT2G04270	760	800	1060	1140
AT2G04280	1648	1679	2174	1905
AT2G04305	640	679	284	353
AT2G04340	554	539	423	364
AT2G04350	2028	2027	1178	1237
AT2G04360	878	949	805	797
AT2G04378	1755	1862	1411	1309
AT2G04380	1246	1347	1080	980
AT2G04390	2509	2625	1855	1390
AT2G04395	3	3	6	8
AT2G04400	2250	2396	976	865
AT2G04410	2311	2327	1100	1201
AT2G04420	9	9	7	6
AT2G04430	267	271	74	78
AT2G04440	2	1	0	1
AT2G04450	1557	1557	118	59
AT2G04495	1439	1527	54	50
AT2G04500	41	44	3	0
AT2G04515	333	348	20	8
AT2G04520	2546	2752	1878	1578
AT2G04530	398	392	335	257
AT2G04540	448	482	390	380
AT2G04550	605	645	364	398
AT2G04560	104	79	76	82
AT2G04570	444	463	132	160
AT2G04620	580	604	274	348
AT2G04630	1240	1386	869	789
AT2G04650	176	168	110	89
AT2G04660	341	336	212	197
AT2G04680	2	1	0	0
AT2G04690	1679	1800	1193	1581
AT2G04700	2664	2662	2376	2787
AT2G04740	382	404	277	242
AT2G04750	0	1	0	0
AT2G04780	1105	1054	1382	1391
AT2G04790	96	90	164	153
AT2G04795	222	271	90	126
AT2G04800	8	15	4	3
AT2G04840	13	8	5	12
AT2G04842	1417	1496	2315	2645
AT2G04845	177	206	150	118
AT2G04850	449	448	398	416
AT2G04852	209	200	201	226
AT2G04860	52	83	78	89
AT2G04865	616	682	742	719
AT2G04880	1324	1417	776	719
AT2G04890	346	390	227	255
AT2G04900	1272	1341	536	535
AT2G04910	0	1	0	0
AT2G04940	306	340	359	375
AT2G05070	18161	18840	53274	69966
AT2G05100	17312	18507	46329	59448
AT2G05120	401	410	330	210
AT2G05140	1	1	0	0
AT2G05160	19	31	125	153
AT2G05170	1037	1109	992	964
AT2G05180	4	1	3	1
AT2G05185	154	107	82	81
AT2G05210	303	331	466	440
AT2G05220	3348	3526	2589	1987
AT2G05230	449	483	361	323
AT2G05250	492	496	396	353
AT2G05260	313	357	212	199
AT2G05270	0	0	0	1
AT2G05310	1531	1441	2982	3701
AT2G05320	732	892	272	326
AT2G05330	49	48	0	0
AT2G05370	1	4	0	3
AT2G05380	16247	16981	2964	4570
AT2G05440	9224	9398	303	43
AT2G05510	49	41	0	0
AT2G05518	105	105	83	105
AT2G05520	46567	48742	22261	28506
AT2G05540	710	795	171	282
AT2G05580	0	0	1	0
AT2G05590	311	332	272	342
AT2G05620	1601	1562	1771	2270
AT2G05630	1063	1039	443	453
AT2G05632	59	58	104	43
AT2G05635	0	0	0	1
AT2G05710	8270	8808	6537	6030
AT2G05753	3	4	2	3
AT2G05755	291	314	227	193
AT2G05760	129	146	150	102
AT2G05765	61	51	21	18
AT2G05790	3130	3282	3905	3244
AT2G05810	759	785	846	692
AT2G05812	630	631	766	624
AT2G05830	1044	1091	897	886
AT2G05840	3192	3255	1738	1701
AT2G05850	0	1	0	0
AT2G05910	20	26	5	4
AT2G05914	5	2	3	9
AT2G05915	1	0	1	3
AT2G05920	4433	4799	3096	1712
AT2G05940	6594	6993	1224	834
AT2G05990	1329	1262	1554	1106
AT2G05995	6	13	37	30
AT2G06000	285	314	236	188
AT2G06002	13	17	7	13
AT2G06005	191	200	112	104
AT2G06010	363	394	306	337
AT2G06025	1474	1482	922	1097
AT2G06040	127	157	161	116
AT2G06050	9738	9957	3211	2650
AT2G06200	17	16	14	5
AT2G06210	1048	1196	1021	1038
AT2G06255	142	123	38	70
AT2G06510	319	279	201	193
AT2G06520	15762	16102	31242	39213
AT2G06530	4908	5129	1907	1917
AT2G06850	5831	6088	7504	11919
AT2G06925	994	1045	972	911
AT2G06990	788	813	591	477
AT2G07000	0	0	0	1
AT2G07042	92	83	70	97
AT2G07050	1816	1772	1862	2122
AT2G07140	0	0	1	1
AT2G07170	123	133	172	62
AT2G07180	1439	1524	1256	1523
AT2G07213	1	5	1	0
AT2G07215	1	3	1	0
AT2G07340	632	699	510	448
AT2G07360	2060	2245	1997	1845
AT2G07599	14	9	5	6
AT2G07640	2	0	0	0
AT2G07667	14	14	10	20
AT2G07669	3	0	1	1
AT2G07671	61	35	42	44
AT2G07672	0	1	0	0
AT2G07673	1	1	0	1
AT2G07674	4	2	4	4
AT2G07675	22	21	17	16
AT2G07676	1	3	2	0
AT2G07678	2	5	4	3
AT2G07680	304	300	316	327
AT2G07681	9	12	7	3
AT2G07684	3	0	4	4
AT2G07687	9	13	9	6
AT2G07689	14	23	10	17
AT2G07690	494	516	607	343
AT2G07691	1	2	0	2
AT2G07692	3	3	0	3
AT2G07695	10	7	6	9
AT2G07696	4	7	6	9
AT2G07698	112	101	65	88
AT2G07701	2	1	0	0
AT2G07702	0	1	0	0
AT2G07705	4	0	2	2
AT2G07706	20	20	24	12
AT2G07707	23	16	17	17
AT2G07708	23	17	10	24
AT2G07715	127	128	72	65
AT2G07718	61	71	55	46
AT2G07719	8	9	8	6
AT2G07721	1	0	1	0
AT2G07722	2	10	7	2
AT2G07724	0	1	0	0
AT2G07725	8	10	3	10
AT2G07727	15	10	10	7
AT2G07728	8	10	4	4
AT2G07734	6	16	3	3
AT2G07739	26	26	14	23
AT2G07741	11	8	6	4
AT2G07742	1	0	0	0
AT2G07743	1	0	0	0
AT2G07745	1	0	0	1
AT2G07746	0	0	1	0
AT2G07749	6	3	4	3
AT2G07750	0	1	0	0
AT2G07751	5	5	2	6
AT2G07753	2	1	1	1
AT2G07755	1	0	1	0
AT2G07757	1	0	0	0
AT2G07758	1	0	0	0
AT2G07759	5	5	9	6
AT2G07761	3	4	0	5
AT2G07762	0	1	0	0
AT2G07763	1	2	0	1
AT2G07764	1	0	0	0
AT2G07765	1	0	0	2
AT2G07766	1	0	0	0
AT2G07768	0	2	0	1
AT2G07771	0	3	0	0
AT2G07772	2	5	2	3
AT2G07773	3	5	1	1
AT2G07774	80	113	75	100
AT2G07775	1	4	7	0
AT2G07776	20	9	21	28
AT2G07777	7	9	6	15
AT2G07779	3	3	4	2
AT2G07785	6	3	4	5
AT2G07787	7	11	13	10
AT2G07792	0	1	1	0
AT2G07793	1	0	0	0
AT2G07795	3	4	6	2
AT2G07798	21	12	7	8
AT2G07806	10	7	4	4
AT2G07815	33	18	17	10
AT2G07820	2	4	0	2
AT2G07825	2	1	1	1
AT2G07827	8	12	3	6
AT2G07835	4	13	5	2
AT2G09795	310	301	190	187
AT2G09970	1	10	1	1
AT2G09990	1365	1278	1000	733
AT2G10440	0	0	0	1
AT2G10537	1	0	0	0
AT2G10606	1	1	1	1
AT2G10920	0	3	1	0
AT2G10921	0	2	0	0
AT2G10930	7	15	10	6
AT2G10931	132	117	50	43
AT2G10940	8200	8383	36797	53692
AT2G10950	659	698	389	448
AT2G10975	3	0	1	3
AT2G11000	582	571	338	328
AT2G11005	0	0	1	0
AT2G11270	4	0	2	8
AT2G11271	2	6	5	2
AT2G11520	1586	1664	533	569
AT2G11522	1	1	0	0
AT2G11810	143	161	99	181
AT2G11890	1456	1714	1511	1027
AT2G11891	23	12	6	9
AT2G11910	2305	2442	2613	1909
AT2G12170	63	46	55	77
AT2G12190	55	64	68	82
AT2G12280	0	0	2	1
AT2G12400	2521	2596	1084	1046
AT2G12461	59	56	75	72
AT2G12462	175	173	164	133
AT2G12465	8	3	0	1
AT2G12480	0	0	1	0
AT2G12550	545	649	219	166
AT2G13100	849	986	846	902
AT2G13290	832	896	330	339
AT2G13360	9648	10123	20588	26483
AT2G13370	1321	1414	1258	1209
AT2G13422	1	3	6	2
AT2G13430	12	6	15	18
AT2G13440	701	728	890	926
AT2G13450	1	0	0	1
AT2G13463	0	1	0	0
AT2G13540	958	1103	793	749
AT2G13547	0	0	0	1
AT2G13550	30	29	22	14
AT2G13560	4019	4148	3106	3236
AT2G13570	0	0	1	1
AT2G13600	79	84	72	60
AT2G13610	443	509	390	414
AT2G13650	691	682	320	373
AT2G13660	149	176	124	133
AT2G13665	148	173	124	133
AT2G13680	13	20	19	10
AT2G13690	197	243	328	267
AT2G13760	4	1	0	0
AT2G13770	0	0	0	1
AT2G13790	4694	4881	1627	2020
AT2G13800	1512	1387	492	637
AT2G13810	181	199	2	5
AT2G13820	366	349	352	143
AT2G13840	141	167	167	134
AT2G13960	28	48	33	32
AT2G14045	1143	1171	736	825
AT2G14050	70	80	104	87
AT2G14060	2	2	1	0
AT2G14070	19	37	7	4
AT2G14080	2049	2076	987	1324
AT2G14095	6	8	0	1
AT2G14100	1	4	2	1
AT2G14110	244	247	127	109
AT2G14115	50	49	47	58
AT2G14120	2091	2114	1208	1156
AT2G14160	8	2	3	0
AT2G14170	1315	1373	1304	1380
AT2G14210	4	7	2	0
AT2G14247	582	649	50	84
AT2G14255	1662	1662	1390	1552
AT2G14260	1254	1300	937	1077
AT2G14285	336	370	316	296
AT2G14290	251	241	9	5
AT2G14460	360	360	248	134
AT2G14520	131	171	312	287
AT2G14530	461	423	436	410
AT2G14560	11356	11529	7274	8117
AT2G14580	24	26	44	2
AT2G14610	20040	20818	61	45
AT2G14620	140	137	3	3
AT2G14635	0	2	0	0
AT2G14660	55	89	108	91
AT2G14680	763	784	512	548
AT2G14690	7	4	5	4
AT2G14720	4101	4233	2096	2365
AT2G14740	1734	1677	949	955
AT2G14750	2803	2978	1933	1281
AT2G14800	74	89	63	50
AT2G14820	0	1	0	0
AT2G14830	202	203	101	83
AT2G14835	802	828	651	694
AT2G14850	186	202	116	179
AT2G14860	114	87	126	98
AT2G14878	440	478	674	812
AT2G14880	627	739	927	724
AT2G14890	5370	5927	5874	4339
AT2G14900	1330	1334	304	269
AT2G14910	1994	1958	2451	3271
AT2G14960	31	23	2	1
AT2G15000	476	531	355	201
AT2G15020	31	34	252	244
AT2G15029	1	8	9	4
AT2G15042	2240	2307	1706	2685
AT2G15050	812	868	1699	2025
AT2G15080	3448	3714	2461	2936
AT2G15090	1550	1616	1995	2755
AT2G15128	154	134	136	75
AT2G15130	26	30	21	10
AT2G15170	0	1	0	1
AT2G15180	2	0	0	0
AT2G15220	448	464	32	8
AT2G15230	588	584	336	383
AT2G15240	843	884	658	665
AT2G15270	376	405	262	247
AT2G15280	418	404	376	400
AT2G15290	1386	1337	1508	1467
AT2G15292	442	521	586	599
AT2G15300	75	79	96	69
AT2G15310	101	146	79	102
AT2G15318	0	1	0	0
AT2G15320	914	917	650	570
AT2G15340	1	0	0	0
AT2G15390	1417	1387	483	614
AT2G15400	102	117	67	34
AT2G15430	622	632	444	294
AT2G15440	57	76	104	58
AT2G15480	280	266	190	204
AT2G15490	28	31	5	16
AT2G15530	636	584	618	636
AT2G15560	494	535	368	403
AT2G15570	584	621	392	526
AT2G15580	1874	2040	1337	1496
AT2G15620	3308	3495	4329	3607
AT2G15630	59	68	36	26
AT2G15680	15	27	42	68
AT2G15690	611	721	550	450
AT2G15695	684	661	752	751
AT2G15730	249	246	125	94
AT2G15760	137	136	42	32
AT2G15770	0	1	0	0
AT2G15780	211	266	0	0
AT2G15790	218	290	235	197
AT2G15820	221	255	422	396
AT2G15830	68	65	160	167
AT2G15860	1020	1064	794	641
AT2G15880	1291	1366	2028	3009
AT2G15890	4937	5110	9931	15262
AT2G15900	950	1071	795	1015
AT2G15910	1072	1109	632	634
AT2G15950	2	0	0	1
AT2G15960	3713	3744	5523	9360
AT2G15970	6956	7352	9764	13677
AT2G15980	130	168	155	155
AT2G16050	49	48	58	76
AT2G16060	1715	1833	314	99
AT2G16070	625	698	581	549
AT2G16090	420	440	301	274
AT2G16210	2	0	10	0
AT2G16245	216	186	201	209
AT2G16250	319	283	291	315
AT2G16270	118	96	187	75
AT2G16280	1794	1971	1860	2925
AT2G16360	3	7	2	0
AT2G16365	837	953	1757	2059
AT2G16370	427	533	536	477
AT2G16380	176	205	553	756
AT2G16385	17	19	7	0
AT2G16390	184	278	221	192
AT2G16400	882	890	793	652
AT2G16405	489	523	398	457
AT2G16430	1479	1580	699	564
AT2G16440	400	410	462	218
AT2G16450	2	1	0	0
AT2G16460	428	424	220	191
AT2G16485	1445	1440	1229	1054
AT2G16500	2288	2501	1978	2003
AT2G16510	1831	2027	1404	1315
AT2G16530	173	220	100	79
AT2G16570	60	60	45	4
AT2G16575	9	11	3	0
AT2G16580	112	116	51	9
AT2G16586	11	9	7	4
AT2G16595	278	310	88	85
AT2G16600	22236	22460	14987	11070
AT2G16630	455	440	48	46
AT2G16640	1134	1266	1231	998
AT2G16650	270	323	421	347
AT2G16660	3349	3453	2570	3221
AT2G16700	1758	1911	362	286
AT2G16710	1087	1183	391	449
AT2G16720	433	471	173	111
AT2G16740	709	732	366	333
AT2G16750	187	175	341	291
AT2G16760	3	5	0	0
AT2G16770	176	173	128	101
AT2G16780	571	637	600	319
AT2G16790	112	134	58	40
AT2G16800	479	453	504	431
AT2G16850	295	338	324	202
AT2G16860	1530	1637	1056	896
AT2G16870	345	365	179	177
AT2G16880	350	362	301	302
AT2G16890	302	280	253	143
AT2G16900	1024	1086	584	451
AT2G16910	7	11	3	8
AT2G16920	588	619	481	460
AT2G16930	880	914	596	674
AT2G16940	2692	2667	2213	2300
AT2G16950	1581	1727	1096	1080
AT2G16960	1	0	0	0
AT2G16980	0	3	1	3
AT2G16990	192	215	369	407
AT2G17010	0	2	3	2
AT2G17020	389	426	414	347
AT2G17030	205	203	156	186
AT2G17033	343	464	567	609
AT2G17036	73	69	32	60
AT2G17040	4931	5128	524	445
AT2G17043	1	0	0	0
AT2G17050	2	6	1	1
AT2G17055	1	0	1	0
AT2G17060	0	4	10	4
AT2G17070	1	3	0	0
AT2G17080	1	2	0	0
AT2G17110	378	418	300	331
AT2G17120	5697	5995	963	1036
AT2G17130	1066	1173	465	480
AT2G17140	83	104	72	51
AT2G17150	335	355	280	212
AT2G17190	1966	2161	1363	1271
AT2G17200	2872	2960	1669	1742
AT2G17210	12	23	24	31
AT2G17220	2537	2804	695	812
AT2G17230	4697	5198	2550	4539
AT2G17240	936	1077	1120	938
AT2G17250	654	663	489	294
AT2G17260	184	174	127	79
AT2G17265	631	666	637	640
AT2G17270	166	182	111	78
AT2G17280	254	276	152	84
AT2G17290	1810	1915	541	803
AT2G17300	83	83	128	87
AT2G17310	0	1	0	0
AT2G17320	483	546	378	439
AT2G17340	772	785	905	881
AT2G17350	479	487	379	386
AT2G17360	7004	7406	5435	4045
AT2G17370	213	169	143	111
AT2G17380	1004	1073	543	647
AT2G17390	3420	3728	2862	2879
AT2G17410	1185	1216	938	873
AT2G17420	2080	2373	1593	1369
AT2G17430	73	74	32	36
AT2G17440	396	400	175	314
AT2G17442	230	258	162	124
AT2G17450	351	499	605	703
AT2G17470	7	14	22	20
AT2G17480	1854	2004	566	624
AT2G17500	338	400	97	139
AT2G17510	791	830	743	673
AT2G17520	1385	1465	936	1085
AT2G17525	177	167	182	173
AT2G17530	626	651	447	476
AT2G17540	511	505	464	516
AT2G17550	949	1035	468	738
AT2G17560	2089	2227	1670	1265
AT2G17570	206	236	111	131
AT2G17580	336	336	235	158
AT2G17620	29	46	55	9
AT2G17630	206	219	234	146
AT2G17640	349	354	262	295
AT2G17650	64	80	162	161
AT2G17660	71	94	16	3
AT2G17670	193	215	141	98
AT2G17680	0	1	0	0
AT2G17690	7	10	2	7
AT2G17695	623	617	805	889
AT2G17700	740	725	546	470
AT2G17705	512	517	237	294
AT2G17710	385	454	279	504
AT2G17720	1479	1425	560	590
AT2G17730	376	395	159	172
AT2G17740	58	58	4	14
AT2G17750	0	1	0	0
AT2G17760	1537	1682	490	505
AT2G17770	48	50	36	6
AT2G17780	130	145	235	315
AT2G17787	308	300	209	218
AT2G17790	1139	1177	753	725
AT2G17800	632	644	515	418
AT2G17810	0	1	1	0
AT2G17820	1421	1468	914	648
AT2G17830	91	91	83	40
AT2G17840	6776	6987	3910	4567
AT2G17845	173	187	5	0
AT2G17850	734	799	22	0
AT2G17860	2	2	0	0
AT2G17870	808	850	781	644
AT2G17880	164	185	437	606
AT2G17890	1	3	0	0
AT2G17900	109	135	83	57
AT2G17920	0	1	0	0
AT2G17930	2490	2549	2340	2366
AT2G17940	2	1	6	0
AT2G17950	1	4	1	0
AT2G17970	299	279	286	270
AT2G17972	298	285	458	491
AT2G17975	503	590	320	260
AT2G17980	1413	1417	1024	1043
AT2G17990	1234	1314	988	864
AT2G18000	89	127	31	19
AT2G18010	5	8	2	3
AT2G18020	7633	7922	7144	4698
AT2G18030	382	378	260	232
AT2G18040	2376	2476	1524	1235
AT2G18050	598	603	636	1055
AT2G18060	11	19	15	9
AT2G18090	1474	1566	771	679
AT2G18100	125	122	70	36
AT2G18110	1378	1499	1133	1019
AT2G18120	13	16	20	17
AT2G18150	261	278	53	2
AT2G18160	1997	2179	1450	1134
AT2G18162	1997	2179	1450	1134
AT2G18170	656	704	588	573
AT2G18180	13	8	16	9
AT2G18190	4	7	2	1
AT2G18193	205	201	35	18
AT2G18196	101	117	167	91
AT2G18210	24	13	47	36
AT2G18220	688	706	693	450
AT2G18230	856	906	556	490
AT2G18240	361	357	167	164
AT2G18245	390	421	371	426
AT2G18250	430	508	363	361
AT2G18260	17	24	12	35
AT2G18270	33	32	36	38
AT2G18280	2565	2771	2105	2684
AT2G18290	715	813	687	739
AT2G18300	2160	2208	2877	4119
AT2G18320	1	4	1	3
AT2G18328	368	408	608	606
AT2G18330	483	430	344	222
AT2G18340	2	2	4	0
AT2G18350	355	378	349	385
AT2G18360	31	60	58	23
AT2G18370	54	57	12	4
AT2G18380	41	59	51	42
AT2G18390	454	430	288	246
AT2G18400	329	363	239	160
AT2G18410	233	229	192	151
AT2G18440	4483	4682	3599	4086
AT2G18450	2	3	2	1
AT2G18460	1	0	0	0
AT2G18465	345	308	177	165
AT2G18470	5	4	19	2
AT2G18480	7	4	29	18
AT2G18490	0	2	0	0
AT2G18500	41	60	45	1
AT2G18510	762	844	772	534
AT2G18520	125	152	126	62
AT2G18540	2	3	2	0
AT2G18550	16	20	26	3
AT2G18560	171	198	425	330
AT2G18570	373	313	470	204
AT2G18590	2	0	1	0
AT2G18600	145	129	67	49
AT2G18620	4	8	6	5
AT2G18630	869	919	715	538
AT2G18650	64	65	50	46
AT2G18660	9857	10429	86	114
AT2G18670	751	935	489	631
AT2G18680	220	278	31	29
AT2G18690	5226	5520	246	208
AT2G18700	1321	1400	1590	2582
AT2G18710	1170	1188	1702	2091
AT2G18720	9	11	4	3
AT2G18730	1729	1755	965	990
AT2G18735	128	149	79	63
AT2G18740	1249	1285	655	497
AT2G18750	2359	2405	2576	2402
AT2G18760	243	270	186	191
AT2G18770	583	587	370	402
AT2G18780	78	98	27	4
AT2G18790	1467	1609	1108	1022
AT2G18830	1	0	0	0
AT2G18840	618	647	383	363
AT2G18850	219	208	185	167
AT2G18860	713	688	499	654
AT2G18870	1	0	0	0
AT2G18876	238	274	255	237
AT2G18880	19	26	12	16
AT2G18890	49	57	381	427
AT2G18900	485	542	480	328
AT2G18910	365	404	366	404
AT2G18915	343	366	359	395
AT2G18917	26	17	35	34
AT2G18938	9	19	4	4
AT2G18940	311	304	463	436
AT2G18950	1038	1138	515	500
AT2G18960	16621	17342	10603	10474
AT2G18969	19	13	46	48
AT2G18970	16	16	47	56
AT2G18980	7	10	8	4
AT2G18990	318	341	359	261
AT2G19060	0	1	0	0
AT2G19070	0	2	0	0
AT2G19080	795	802	466	411
AT2G19090	173	202	161	64
AT2G19110	639	698	541	419
AT2G19120	113	95	86	72
AT2G19130	1376	1359	554	625
AT2G19150	1	1	0	0
AT2G19160	497	489	354	369
AT2G19170	319	398	547	343
AT2G19180	1017	1114	415	504
AT2G19190	430	455	12	10
AT2G19210	0	5	0	0
AT2G19240	37	61	13	12
AT2G19260	506	506	276	261
AT2G19270	840	873	626	622
AT2G19280	197	249	177	153
AT2G19290	14	14	7	4
AT2G19310	741	717	676	750
AT2G19330	57	50	35	36
AT2G19340	300	317	175	217
AT2G19350	206	213	150	139
AT2G19360	0	4	1	0
AT2G19380	59	71	70	38
AT2G19385	380	457	310	187
AT2G19390	519	545	345	314
AT2G19400	196	188	164	165
AT2G19430	436	439	322	341
AT2G19440	14	20	14	5
AT2G19450	675	739	706	702
AT2G19460	342	373	249	324
AT2G19470	1029	1084	656	710
AT2G19480	3714	3826	3647	2767
AT2G19490	221	231	162	73
AT2G19500	7	3	2	0
AT2G19520	1555	1701	1249	879
AT2G19530	77	69	51	27
AT2G19540	1908	2039	1225	957
AT2G19550	36	56	13	11
AT2G19560	290	295	174	192
AT2G19570	433	507	348	248
AT2G19572	399	459	331	241
AT2G19580	211	238	93	60
AT2G19582	43	53	33	11
AT2G19590	2317	2496	539	47
AT2G19600	529	545	420	375
AT2G19610	1	2	2	0
AT2G19620	406	456	215	260
AT2G19640	261	298	188	116
AT2G19650	141	134	208	256
AT2G19660	9	8	14	14
AT2G19670	208	211	292	132
AT2G19680	1288	1258	745	624
AT2G19690	152	162	96	72
AT2G19700	2	6	0	0
AT2G19710	1520	1583	372	431
AT2G19720	237	215	127	114
AT2G19730	4989	5150	3816	2735
AT2G19740	3771	3787	1626	1512
AT2G19750	2749	2826	1724	1212
AT2G19760	1688	1767	1298	1267
AT2G19780	218	245	145	119
AT2G19790	1424	1456	1004	1166
AT2G19800	343	426	486	717
AT2G19810	382	400	833	1006
AT2G19830	2510	2672	2190	2450
AT2G19850	0	2	0	0
AT2G19860	372	391	562	574
AT2G19870	443	505	509	445
AT2G19880	772	831	639	741
AT2G19890	2	0	1	0
AT2G19900	13	12	3	0
AT2G19910	117	132	201	20
AT2G19920	103	108	174	9
AT2G19930	161	147	158	90
AT2G19940	790	824	1010	1003
AT2G19950	1062	1030	784	723
AT2G19960	9	5	0	1
AT2G19970	233	199	75	11
AT2G19980	3	5	0	2
AT2G19990	101	98	29	15
AT2G20000	680	644	581	537
AT2G20010	724	780	361	400
AT2G20020	616	659	736	666
AT2G20050	1195	1257	1146	1595
AT2G20060	1169	1275	850	576
AT2G20100	202	238	200	113
AT2G20110	169	169	125	67
AT2G20120	965	1028	844	958
AT2G20130	655	715	355	357
AT2G20140	1353	1342	919	784
AT2G20142	2952	3197	118	128
AT2G20150	302	348	1	1
AT2G20160	3	10	0	0
AT2G20170	49	69	58	63
AT2G20180	598	641	730	807
AT2G20190	1480	1642	1616	1703
AT2G20208	1	2	0	0
AT2G20210	137	160	152	175
AT2G20230	1674	1681	1705	2335
AT2G20240	140	132	221	221
AT2G20250	106	116	196	175
AT2G20260	5827	6051	8773	11726
AT2G20270	822	811	699	672
AT2G20280	1352	1330	1027	831
AT2G20290	248	284	303	223
AT2G20300	731	705	594	517
AT2G20310	331	309	199	163
AT2G20320	466	510	273	286
AT2G20330	731	736	718	631
AT2G20340	1493	1429	668	660
AT2G20350	10	7	5	1
AT2G20360	2826	3052	2111	1928
AT2G20362	13	12	3	2
AT2G20370	1778	1869	887	925
AT2G20390	551	592	300	251
AT2G20400	227	240	189	146
AT2G20410	363	411	199	246
AT2G20420	3564	3779	2432	2155
AT2G20440	240	259	186	156
AT2G20450	1478	1554	1398	929
AT2G20470	25	23	2	3
AT2G20480	28	49	19	19
AT2G20490	1138	1157	781	498
AT2G20495	188	225	171	178
AT2G20500	188	188	116	106
AT2G20510	1	2	8	2
AT2G20515	74	59	57	6
AT2G20530	1661	1633	1059	675
AT2G20540	31	37	27	11
AT2G20550	330	336	248	171
AT2G20560	220	285	79	58
AT2G20562	87	99	15	20
AT2G20570	3420	3535	4141	4755
AT2G20580	2962	3156	2241	2081
AT2G20585	367	375	216	153
AT2G20590	62	70	87	31
AT2G20610	3830	4023	3367	2282
AT2G20625	12	8	0	0
AT2G20630	3490	3558	2541	2678
AT2G20635	107	93	142	64
AT2G20650	186	241	155	131
AT2G20670	980	1038	2046	4576
AT2G20680	145	129	180	167
AT2G20690	819	794	1070	980
AT2G20700	13	18	41	37
AT2G20710	169	152	184	106
AT2G20720	155	150	100	81
AT2G20721	26	37	34	19
AT2G20722	18	9	11	5
AT2G20723	11	11	8	7
AT2G20725	882	930	966	1189
AT2G20740	773	782	614	830
AT2G20750	20	19	193	215
AT2G20760	4959	5181	3155	2968
AT2G20770	159	169	141	167
AT2G20780	641	667	504	634
AT2G20784	4	4	3	1
AT2G20790	857	957	634	641
AT2G20800	5	3	0	1
AT2G20810	678	743	632	652
AT2G20815	390	428	323	299
AT2G20820	4267	4612	2478	2110
AT2G20825	0	3	0	0
AT2G20830	664	823	468	454
AT2G20835	60	74	34	66
AT2G20840	480	482	296	276
AT2G20850	1521	1566	645	571
AT2G20860	2051	2406	2142	2525
AT2G20870	19	14	59	17
AT2G20875	7	19	14	14
AT2G20880	149	128	29	28
AT2G20890	4062	4302	7949	8347
AT2G20900	943	968	751	866
AT2G20920	1299	1396	1604	2035
AT2G20921	1	0	0	0
AT2G20930	1000	945	609	595
AT2G20940	273	272	153	96
AT2G20950	655	799	1156	1122
AT2G20960	3108	3270	2484	2985
AT2G20970	0	1	0	0
AT2G20980	80	84	89	68
AT2G20990	4288	4479	5212	5900
AT2G21030	0	0	3	0
AT2G21045	0	0	0	1
AT2G21050	538	656	606	381
AT2G21060	432	388	260	201
AT2G21070	154	173	145	143
AT2G21080	88	97	69	72
AT2G21090	175	157	135	89
AT2G21100	16	37	1	5
AT2G21120	1697	1769	909	1064
AT2G21130	329	326	460	427
AT2G21140	926	1022	875	715
AT2G21150	622	657	447	437
AT2G21160	3206	3259	1766	1533
AT2G21170	5508	6051	8394	8279
AT2G21180	148	147	107	100
AT2G21185	351	401	197	221
AT2G21187	407	455	209	235
AT2G21188	346	342	49	49
AT2G21190	1536	1626	588	630
AT2G21195	178	165	135	159
AT2G21200	7	19	15	14
AT2G21210	185	165	214	269
AT2G21220	20	15	5	8
AT2G21230	721	801	654	660
AT2G21237	2	0	0	0
AT2G21240	898	981	816	950
AT2G21250	4999	5332	3552	2971
AT2G21260	146	132	97	20
AT2G21270	2098	2133	1111	1017
AT2G21280	833	798	1049	1098
AT2G21290	815	859	614	581
AT2G21300	729	817	1003	829
AT2G21320	180	176	219	197
AT2G21330	7917	8434	15808	16314
AT2G21340	827	820	1179	1290
AT2G21350	129	152	34	34
AT2G21360	3	1	0	0
AT2G21370	591	587	1096	1201
AT2G21380	1283	1312	2300	2429
AT2G21385	870	944	1512	1397
AT2G21390	3862	4042	3178	2967
AT2G21400	1	0	0	2
AT2G21410	1529	1548	1247	1345
AT2G21420	0	3	2	2
AT2G21430	57	49	20	17
AT2G21440	942	997	1089	704
AT2G21450	10	15	50	1
AT2G21470	1444	1497	751	727
AT2G21490	31	34	6	8
AT2G21500	1076	1202	558	636
AT2G21510	327	280	23	17
AT2G21520	3188	3428	2187	2035
AT2G21530	1432	1433	1951	2194
AT2G21540	280	300	319	291
AT2G21550	179	198	90	55
AT2G21560	268	290	167	131
AT2G21580	2298	2396	1788	1228
AT2G21590	542	512	419	205
AT2G21600	1411	1476	991	1050
AT2G21610	2	1	0	0
AT2G21620	3999	4181	3564	3473
AT2G21630	325	277	302	328
AT2G21640	591	596	151	145
AT2G21650	105	134	586	706
AT2G21660	39022	40342	68740	74298
AT2G21710	136	149	200	175
AT2G21730	20	5	12	11
AT2G21770	52	62	70	28
AT2G21780	22	24	7	6
AT2G21790	1211	1261	1522	800
AT2G21800	55	63	39	10
AT2G21810	0	1	0	0
AT2G21820	27	31	14	21
AT2G21830	110	101	232	218
AT2G21840	75	66	28	15
AT2G21850	266	336	100	118
AT2G21860	478	440	858	807
AT2G21870	6007	6357	4546	3781
AT2G21880	78	79	54	108
AT2G21890	13	18	11	13
AT2G21900	15	39	0	0
AT2G21910	12	9	0	0
AT2G21920	0	0	1	0
AT2G21930	40	31	4	2
AT2G21940	503	515	318	300
AT2G21950	551	576	692	702
AT2G21960	1057	1015	1339	1566
AT2G21970	742	751	736	712
AT2G21990	0	9	8	12
AT2G22000	87	91	78	72
AT2G22010	1105	1171	1432	1337
AT2G22040	0	2	0	0
AT2G22070	46	49	33	30
AT2G22080	1629	1649	2161	1854
AT2G22088	21	15	6	11
AT2G22090	424	444	287	275
AT2G22100	210	225	140	108
AT2G22120	398	406	260	212
AT2G22122	102	120	139	148
AT2G22125	2994	3203	4113	4456
AT2G22140	36	42	35	14
AT2G22145	1	0	0	0
AT2G22170	1261	1174	2300	2035
AT2G22180	0	1	0	0
AT2G22190	340	352	505	505
AT2G22200	36	28	43	28
AT2G22201	0	1	0	0
AT2G22230	499	489	739	660
AT2G22240	763	794	937	767
AT2G22250	467	449	399	302
AT2G22260	96	85	91	75
AT2G22270	305	295	280	243
AT2G22290	14	10	2	0
AT2G22300	2661	2857	1492	1856
AT2G22310	216	193	169	133
AT2G22320	1	0	0	0
AT2G22330	3651	3953	1437	1274
AT2G22340	3	3	2	1
AT2G22345	0	1	0	0
AT2G22360	725	782	594	521
AT2G22370	229	237	150	136
AT2G22400	1470	1544	1682	1627
AT2G22410	50	65	55	40
AT2G22420	165	193	98	61
AT2G22425	1803	1857	942	892
AT2G22426	5	4	0	2
AT2G22430	6240	6534	6434	7018
AT2G22440	0	0	1	0
AT2G22450	765	768	898	1055
AT2G22460	8	8	10	0
AT2G22470	949	982	56	29
AT2G22475	525	597	242	244
AT2G22480	1114	1142	684	587
AT2G22482	59	52	46	30
AT2G22490	778	802	366	342
AT2G22496	7	5	4	4
AT2G22500	10807	10959	2445	1414
AT2G22510	128	139	55	21
AT2G22530	322	279	280	261
AT2G22540	2763	2863	3294	3066
AT2G22560	229	227	117	96
AT2G22570	252	249	113	120
AT2G22590	1	3	2	0
AT2G22600	11	11	11	3
AT2G22610	229	233	243	126
AT2G22620	61	69	62	15
AT2G22630	4	6	2	1
AT2G22640	257	258	175	201
AT2G22650	107	119	145	165
AT2G22660	2363	2497	1736	1613
AT2G22670	2055	2175	2790	2459
AT2G22680	125	155	116	43
AT2G22690	165	189	154	146
AT2G22720	1667	1731	1475	1332
AT2G22730	29	28	47	45
AT2G22740	374	354	409	456
AT2G22760	305	290	0	1
AT2G22770	189	194	60	42
AT2G22780	2346	2540	978	906
AT2G22790	83	85	50	65
AT2G22795	1936	2141	2731	2560
AT2G22800	28	39	54	92
AT2G22810	13	16	8	15
AT2G22820	2	0	2	2
AT2G22821	18	22	11	17
AT2G22830	280	263	395	398
AT2G22840	546	592	385	351
AT2G22850	189	193	67	54
AT2G22860	1059	1056	81	56
AT2G22870	394	374	298	225
AT2G22880	531	539	197	181
AT2G22890	86	58	154	96
AT2G22900	395	407	446	344
AT2G22905	13	22	12	9
AT2G22910	798	807	548	565
AT2G22920	86	103	86	61
AT2G22930	36	47	19	10
AT2G22942	0	0	0	1
AT2G22970	722	745	827	1045
AT2G22980	397	407	1278	1957
AT2G22990	3652	3836	5033	7860
AT2G23000	811	897	406	274
AT2G23010	851	832	326	303
AT2G23030	63	67	19	6
AT2G23040	124	120	54	39
AT2G23050	11	8	3	2
AT2G23060	10	12	12	0
AT2G23070	1569	1606	1631	1497
AT2G23080	685	759	405	390
AT2G23090	9849	10293	4576	4182
AT2G23093	142	135	68	69
AT2G23096	5	2	4	0
AT2G23100	493	480	132	239
AT2G23110	25	34	1	0
AT2G23118	0	5	0	0
AT2G23120	7211	7470	3199	3283
AT2G23130	1058	1237	560	1130
AT2G23140	767	897	513	635
AT2G23150	327	320	150	90
AT2G23170	312	304	206	45
AT2G23180	150	155	115	118
AT2G23190	4	4	1	1
AT2G23200	1086	1204	1027	1287
AT2G23210	12	9	4	2
AT2G23260	1	0	0	0
AT2G23270	21	17	3	1
AT2G23290	520	573	311	509
AT2G23300	205	216	66	43
AT2G23310	1123	1180	668	728
AT2G23320	2379	2488	1007	1081
AT2G23321	5	5	0	1
AT2G23340	245	221	238	188
AT2G23348	16	21	37	39
AT2G23350	2309	2582	3093	2268
AT2G23360	276	296	328	275
AT2G23370	397	390	217	242
AT2G23380	355	307	379	258
AT2G23390	679	700	932	995
AT2G23410	1	1	2	0
AT2G23420	761	825	457	416
AT2G23430	467	501	293	338
AT2G23450	1573	1754	510	662
AT2G23460	1074	1099	791	824
AT2G23470	183	182	156	109
AT2G23520	360	358	332	322
AT2G23530	17	34	25	8
AT2G23540	146	104	15	5
AT2G23550	21	17	27	24
AT2G23560	79	84	74	87
AT2G23590	9	7	31	35
AT2G23600	1388	1443	2271	2879
AT2G23610	1003	1083	1489	1566
AT2G23620	88	105	28	13
AT2G23670	1422	1450	1813	1816
AT2G23672	1275	1315	1685	1710
AT2G23680	1337	1445	464	540
AT2G23690	33	36	71	84
AT2G23700	230	249	211	141
AT2G23740	626	710	655	620
AT2G23755	141	163	173	164
AT2G23760	810	881	1341	1899
AT2G23770	110	145	465	783
AT2G23780	701	641	501	452
AT2G23790	500	507	525	529
AT2G23810	14598	14965	2581	2461
AT2G23820	554	578	492	448
AT2G23830	26	24	0	2
AT2G23834	0	1	0	0
AT2G23840	516	585	762	975
AT2G23890	570	587	373	310
AT2G23910	94	100	52	23
AT2G23930	2864	2954	1441	1027
AT2G23940	598	653	404	459
AT2G23945	16	11	3	7
AT2G23950	337	367	416	314
AT2G23960	0	1	1	2
AT2G23970	1	0	1	0
AT2G23980	1505	1527	984	1189
AT2G23985	245	231	186	245
AT2G24010	17	10	13	33
AT2G24020	1616	1600	1586	1765
AT2G24030	22	18	11	11
AT2G24040	343	344	117	119
AT2G24050	779	856	682	525
AT2G24060	779	809	1455	1501
AT2G24070	10	4	12	2
AT2G24080	0	1	0	0
AT2G24090	2590	2733	4437	4475
AT2G24100	311	330	130	124
AT2G24120	949	988	1164	894
AT2G24130	1	1	0	0
AT2G24140	13	14	21	6
AT2G24150	811	908	1376	1057
AT2G24170	131	152	177	177
AT2G24180	1943	2074	887	813
AT2G24190	89	103	76	50
AT2G24200	6792	7192	4741	4001
AT2G24210	4	5	28	30
AT2G24220	99	124	150	178
AT2G24230	193	192	268	193
AT2G24240	261	296	214	321
AT2G24250	82	110	75	83
AT2G24255	1	0	0	0
AT2G24260	164	183	98	80
AT2G24270	5366	5564	5964	6704
AT2G24280	1339	1335	1052	1240
AT2G24285	35	27	0	0
AT2G24290	336	367	323	287
AT2G24300	101	122	89	73
AT2G24310	5	12	14	4
AT2G24320	11	5	1	3
AT2G24330	998	1026	395	375
AT2G24340	0	1	0	0
AT2G24350	78	104	103	72
AT2G24360	4251	4571	2220	2245
AT2G24390	629	702	304	366
AT2G24395	118	128	158	166
AT2G24400	10	7	1	1
AT2G24420	3700	3932	2168	2450
AT2G24430	8	13	2	0
AT2G24440	129	167	126	85
AT2G24450	0	1	0	0
AT2G24480	3	2	0	0
AT2G24490	254	270	282	140
AT2G24500	990	1008	798	723
AT2G24520	318	337	267	330
AT2G24530	102	109	115	118
AT2G24540	97	126	98	107
AT2G24545	105	129	98	110
AT2G24550	1980	2085	1497	1756
AT2G24560	33	23	8	4
AT2G24570	712	703	190	122
AT2G24580	71	83	189	191
AT2G24590	727	753	654	506
AT2G24592	118	95	80	58
AT2G24600	4490	4666	1236	1184
AT2G24610	11	14	24	37
AT2G24630	171	171	301	277
AT2G24640	427	521	272	200
AT2G24645	212	245	413	274
AT2G24650	519	511	515	463
AT2G24680	51	59	27	19
AT2G24681	4	2	1	2
AT2G24683	1	3	5	3
AT2G24690	617	594	647	549
AT2G24692	3	5	9	11
AT2G24696	0	0	4	1
AT2G24700	190	223	147	18
AT2G24735	1	5	1	0
AT2G24740	0	5	0	0
AT2G24755	410	393	425	532
AT2G24762	561	545	683	409
AT2G24765	1308	1352	983	926
AT2G24790	4817	5115	5835	6179
AT2G24820	857	918	1422	1526
AT2G24830	332	348	306	333
AT2G24840	4	0	0	0
AT2G24850	21854	22521	238	148
AT2G24860	1107	1194	848	977
AT2G24870	11	5	10	8
AT2G24880	0	0	2	0
AT2G24940	7826	8059	4125	3610
AT2G24945	7812	8039	4115	3606
AT2G24960	306	334	210	154
AT2G24970	109	125	97	67
AT2G24990	602	657	509	317
AT2G25000	874	916	83	83
AT2G25010	398	406	323	306
AT2G25050	306	338	407	379
AT2G25052	1	0	0	1
AT2G25060	678	719	611	202
AT2G25070	1055	1037	608	769
AT2G25080	2936	3051	3840	5196
AT2G25090	17	24	1	4
AT2G25100	370	312	234	155
AT2G25110	4882	5012	1134	935
AT2G25120	1	0	0	1
AT2G25130	6	10	24	8
AT2G25140	530	517	392	312
AT2G25150	2	2	8	8
AT2G25160	1	1	0	0
AT2G25169	1	0	0	0
AT2G25170	1771	1889	1863	1707
AT2G25180	534	645	493	502
AT2G25190	652	696	323	320
AT2G25200	633	599	591	1006
AT2G25210	1221	1215	1001	628
AT2G25220	116	108	105	124
AT2G25230	0	0	3	0
AT2G25240	6	8	2	1
AT2G25250	2990	3198	1563	1516
AT2G25260	114	109	17	21
AT2G25270	404	389	276	137
AT2G25280	850	791	527	521
AT2G25290	276	274	305	270
AT2G25295	0	2	0	0
AT2G25300	308	346	249	224
AT2G25310	1210	1168	878	918
AT2G25320	867	917	676	655
AT2G25330	0	0	2	0
AT2G25350	304	284	284	318
AT2G25355	205	214	140	94
AT2G25370	1	0	0	0
AT2G25420	280	348	191	194
AT2G25430	2744	2976	2510	3068
AT2G25440	837	878	3	2
AT2G25450	6909	6945	4987	4236
AT2G25460	390	399	71	51
AT2G25470	160	163	4	3
AT2G25480	497	560	687	664
AT2G25482	1	4	0	0
AT2G25490	4269	4460	2645	2709
AT2G25510	62817	64412	17546	21016
AT2G25520	4845	5033	2449	2266
AT2G25530	90	102	75	44
AT2G25540	3	9	11	12
AT2G25560	270	232	225	206
AT2G25565	6	1	0	1
AT2G25570	365	381	218	165
AT2G25580	212	208	161	159
AT2G25590	717	759	507	611
AT2G25605	268	303	403	449
AT2G25610	899	894	561	569
AT2G25620	386	389	261	181
AT2G25625	343	351	229	197
AT2G25640	142	152	178	132
AT2G25650	623	645	518	474
AT2G25660	653	646	876	936
AT2G25670	2697	2974	1934	1436
AT2G25680	22	20	36	18
AT2G25690	248	295	119	63
AT2G25710	343	356	356	288
AT2G25720	340	346	216	194
AT2G25730	1538	1627	1961	2307
AT2G25735	904	888	577	664
AT2G25737	241	215	214	167
AT2G25740	539	557	344	340
AT2G25760	1430	1385	1092	1039
AT2G25770	5	13	1	11
AT2G25780	2	2	1	0
AT2G25790	123	111	215	219
AT2G25800	1206	1238	1257	1660
AT2G25810	21	15	10	11
AT2G25820	26	35	16	13
AT2G25830	570	587	803	744
AT2G25840	419	420	680	583
AT2G25850	1145	1220	974	1053
AT2G25870	860	883	1232	1191
AT2G25880	126	115	117	72
AT2G25890	0	1	0	0
AT2G25900	695	840	3238	3430
AT2G25910	1453	1505	981	877
AT2G25920	418	475	436	435
AT2G25930	1347	1405	1234	1390
AT2G25940	15	13	4	0
AT2G25950	816	860	632	632
AT2G25964	232	238	207	182
AT2G25970	2908	3152	2820	2631
AT2G26000	289	304	175	189
AT2G26010	19	19	169	140
AT2G26020	40	25	593	452
AT2G26030	354	371	298	367
AT2G26040	23	15	13	10
AT2G26060	882	896	623	510
AT2G26070	192	209	200	159
AT2G26080	5341	5730	6221	6096
AT2G26100	505	549	340	291
AT2G26110	547	548	675	718
AT2G26130	10	11	0	0
AT2G26135	4	5	0	0
AT2G26140	2888	2862	1862	1787
AT2G26150	75	63	70	27
AT2G26160	0	0	0	2
AT2G26170	495	536	247	247
AT2G26180	119	118	115	48
AT2G26190	6005	6643	2349	2251
AT2G26200	668	654	606	552
AT2G26210	1325	1359	721	870
AT2G26211	6	5	15	23
AT2G26230	1339	1368	747	802
AT2G26240	881	888	451	519
AT2G26250	2994	3171	3488	4174
AT2G26260	466	408	373	295
AT2G26267	6	4	8	15
AT2G26270	88	84	105	67
AT2G26280	1821	1851	1453	1644
AT2G26290	45	33	4	2
AT2G26300	2049	2177	925	954
AT2G26310	58	48	30	20
AT2G26330	1807	2046	2879	2148
AT2G26340	865	973	1143	1385
AT2G26350	324	277	251	229
AT2G26355	797	810	326	383
AT2G26360	99	83	53	80
AT2G26370	0	0	1	0
AT2G26380	30	22	2	0
AT2G26390	129	149	5	5
AT2G26400	3174	3333	102	7
AT2G26410	1	3	0	0
AT2G26420	0	1	0	0
AT2G26430	771	843	777	819
AT2G26440	4735	4830	1435	1584
AT2G26450	3	2	0	1
AT2G26460	498	600	408	337
AT2G26470	386	391	266	242
AT2G26480	64	77	6	0
AT2G26500	5937	6072	9026	10648
AT2G26510	1509	1535	930	869
AT2G26520	27	54	35	19
AT2G26530	2221	2348	1627	1571
AT2G26540	583	617	822	796
AT2G26550	452	542	792	747
AT2G26560	3140	3169	5056	7965
AT2G26570	973	967	1296	1586
AT2G26580	437	422	492	551
AT2G26590	1139	1139	569	577
AT2G26600	1737	1860	486	529
AT2G26620	2	0	1	2
AT2G26640	375	457	472	510
AT2G26650	613	636	576	377
AT2G26660	318	329	225	194
AT2G26670	1518	1519	1583	1920
AT2G26680	511	542	499	395
AT2G26690	1127	1174	1235	979
AT2G26692	29	15	29	27
AT2G26695	81	75	84	108
AT2G26700	52	40	32	18
AT2G26710	71	86	71	62
AT2G26730	1709	1869	1887	1635
AT2G26740	4510	4826	1296	1459
AT2G26750	77	75	55	28
AT2G26760	146	157	131	61
AT2G26770	915	966	690	606
AT2G26780	1147	1231	788	822
AT2G26790	44	48	51	24
AT2G26800	771	814	543	594
AT2G26810	360	371	291	257
AT2G26820	0	2	1	0
AT2G26830	366	419	331	353
AT2G26840	182	158	192	165
AT2G26860	192	204	188	144
AT2G26870	110	94	119	126
AT2G26890	2107	2152	1702	1727
AT2G26900	3471	3733	4112	3699
AT2G26910	1488	1567	2538	3068
AT2G26920	683	807	522	471
AT2G26930	547	504	619	657
AT2G26950	1	0	0	0
AT2G26960	1	0	1	0
AT2G26970	487	512	247	225
AT2G26975	695	721	703	833
AT2G26980	867	897	586	709
AT2G26990	1114	1182	736	684
AT2G27000	7	11	7	4
AT2G27010	2	0	4	0
AT2G27020	3068	3287	2218	1777
AT2G27030	2263	2330	1795	1879
AT2G27035	15	15	6	13
AT2G27040	959	981	1002	658
AT2G27050	1410	1496	2193	2571
AT2G27060	350	445	469	372
AT2G27080	7273	7558	921	476
AT2G27090	861	877	581	558
AT2G27100	1424	1472	1036	853
AT2G27110	573	569	524	533
AT2G27120	0	1	3	0
AT2G27130	97	81	114	72
AT2G27140	45	40	21	23
AT2G27150	704	773	518	444
AT2G27170	1059	1155	1032	933
AT2G27180	16	12	16	9
AT2G27190	1019	1152	684	856
AT2G27200	425	428	339	283
AT2G27210	822	864	641	639
AT2G27220	10	7	17	21
AT2G27228	1345	1493	958	531
AT2G27229	5	5	1	2
AT2G27230	1345	1493	958	531
AT2G27240	0	1	0	0
AT2G27250	1	0	0	0
AT2G27260	1591	1774	594	483
AT2G27270	2	4	2	0
AT2G27280	0	3	0	0
AT2G27285	727	822	582	581
AT2G27290	899	943	1081	1290
AT2G27300	3	8	3	3
AT2G27310	1690	1801	1241	856
AT2G27330	356	371	235	208
AT2G27340	322	355	232	187
AT2G27350	1315	1416	839	790
AT2G27360	233	220	178	155
AT2G27380	0	1	0	0
AT2G27385	2469	2399	2981	4454
AT2G27389	78	84	9	1
AT2G27390	32	32	5	0
AT2G27400	310	306	203	125
AT2G27402	64	73	273	275
AT2G27420	10	10	34	14
AT2G27430	55	77	29	24
AT2G27450	761	805	751	753
AT2G27460	541	579	433	390
AT2G27470	394	397	395	285
AT2G27480	129	117	70	67
AT2G27490	306	316	198	214
AT2G27500	3209	3291	1261	1215
AT2G27505	8	9	5	1
AT2G27510	732	697	413	195
AT2G27530	7497	7821	6220	4520
AT2G27550	86	85	16	1
AT2G27580	686	663	397	379
AT2G27590	219	245	191	177
AT2G27600	3085	3323	2017	2175
AT2G27610	32	37	41	25
AT2G27630	6	13	5	4
AT2G27650	1	4	0	1
AT2G27660	682	777	60	33
AT2G27680	2202	2330	3760	3942
AT2G27690	1104	1165	240	295
AT2G27710	4618	4896	4005	2320
AT2G27720	4700	4886	3623	2228
AT2G27730	3418	3633	1774	1528
AT2G27740	19	6	26	18
AT2G27760	231	192	161	137
AT2G27770	146	166	245	278
AT2G27775	367	406	313	218
AT2G27780	2	1	0	0
AT2G27790	134	134	91	75
AT2G27800	96	90	84	83
AT2G27810	855	926	1030	1227
AT2G27820	351	375	586	487
AT2G27830	568	562	1088	1252
AT2G27840	482	530	479	228
AT2G27860	6817	7022	5999	6447
AT2G27880	5	5	16	0
AT2G27900	1526	1522	1229	1203
AT2G27920	1213	1185	519	545
AT2G27930	1	1	7	1
AT2G27940	1	0	0	0
AT2G27950	891	949	897	824
AT2G27960	766	747	541	526
AT2G27970	345	347	279	173
AT2G27980	844	903	880	768
AT2G27990	178	180	91	49
AT2G28000	4324	4609	7028	5820
AT2G28040	7	6	11	9
AT2G28050	34	26	52	36
AT2G28056	4	1	8	10
AT2G28060	428	477	256	285
AT2G28070	683	679	654	547
AT2G28080	797	831	515	317
AT2G28085	25	18	14	12
AT2G28090	0	1	1	0
AT2G28100	638	622	528	571
AT2G28105	112	124	81	66
AT2G28110	258	273	35	56
AT2G28120	523	518	253	575
AT2G28130	283	283	159	147
AT2G28140	170	202	88	18
AT2G28150	253	265	459	403
AT2G28160	66	57	53	71
AT2G28180	0	1	0	0
AT2G28190	11164	11728	8281	7055
AT2G28200	62	75	100	127
AT2G28210	84	105	120	157
AT2G28220	0	1	0	0
AT2G28230	352	361	295	255
AT2G28240	478	473	347	325
AT2G28250	136	150	353	189
AT2G28260	110	113	113	140
AT2G28290	2741	2934	2562	2551
AT2G28305	844	824	502	715
AT2G28310	613	719	760	687
AT2G28315	45	31	24	14
AT2G28320	590	688	460	382
AT2G28330	52	64	45	30
AT2G28350	492	510	280	252
AT2G28360	860	891	741	866
AT2G28370	743	772	556	501
AT2G28380	861	952	881	689
AT2G28390	855	811	738	733
AT2G28400	762	777	236	305
AT2G28410	123	86	242	174
AT2G28420	9	14	13	10
AT2G28426	18	17	7	8
AT2G28430	424	467	365	419
AT2G28440	79	79	37	36
AT2G28450	658	714	718	538
AT2G28460	111	114	29	69
AT2G28470	773	747	1882	1818
AT2G28480	247	296	247	179
AT2G28490	1	0	0	0
AT2G28500	335	336	94	71
AT2G28510	784	752	337	183
AT2G28520	1052	1027	699	693
AT2G28540	795	781	724	603
AT2G28550	1931	2123	2402	2109
AT2G28560	22	35	21	19
AT2G28570	1367	1505	32	36
AT2G28580	8	11	15	13
AT2G28590	118	104	86	33
AT2G28600	380	416	412	234
AT2G28605	306	322	636	715
AT2G28610	4	5	7	0
AT2G28620	258	275	291	137
AT2G28630	326	368	579	1082
AT2G28650	81	79	43	52
AT2G28660	254	273	227	238
AT2G28670	95	150	147	124
AT2G28671	96	133	126	100
AT2G28690	11	8	17	2
AT2G28710	71	59	23	37
AT2G28720	717	753	1184	1453
AT2G28740	614	684	964	753
AT2G28755	5	12	2	0
AT2G28760	174	213	88	72
AT2G28780	185	206	149	7
AT2G28790	4616	5086	3014	436
AT2G28800	4540	4690	8230	10228
AT2G28810	360	332	395	437
AT2G28830	288	301	151	176
AT2G28840	4804	4978	8436	8613
AT2G28870	39	23	46	49
AT2G28880	203	200	200	178
AT2G28890	1210	1216	673	728
AT2G28900	3760	3901	8080	9473
AT2G28910	4486	4987	6581	6675
AT2G28920	2	1	4	0
AT2G28930	401	446	447	558
AT2G28940	791	774	565	592
AT2G28950	2143	2204	2077	1493
AT2G28960	3	0	0	1
AT2G28970	0	1	3	6
AT2G29020	1129	1182	738	688
AT2G29050	188	194	177	169
AT2G29060	2	0	2	2
AT2G29065	140	142	62	73
AT2G29070	417	399	144	112
AT2G29080	1842	1847	1459	1419
AT2G29090	203	242	106	97
AT2G29100	33	28	0	0
AT2G29110	715	806	6	5
AT2G29120	2491	2519	265	299
AT2G29125	67	71	73	39
AT2G29130	11	5	15	24
AT2G29140	1325	1414	1130	887
AT2G29170	105	102	282	261
AT2G29180	298	372	791	874
AT2G29190	1121	1235	1131	894
AT2G29200	493	533	482	278
AT2G29210	1854	1853	1725	1698
AT2G29220	0	3	0	0
AT2G29250	0	1	0	1
AT2G29260	33	29	35	20
AT2G29263	10	7	2	0
AT2G29290	281	322	1360	1835
AT2G29300	83	72	308	420
AT2G29310	207	226	916	854
AT2G29320	484	480	617	607
AT2G29330	3	4	0	1
AT2G29340	1440	1548	601	781
AT2G29350	3519	3722	141	121
AT2G29360	992	1056	1355	1568
AT2G29370	0	4	5	12
AT2G29380	0	6	1	0
AT2G29390	614	622	526	525
AT2G29400	2198	2358	1374	1438
AT2G29410	15	12	17	16
AT2G29420	336	301	306	260
AT2G29430	1	3	0	0
AT2G29440	252	225	39	11
AT2G29450	4784	4959	2665	2509
AT2G29460	990	999	118	51
AT2G29470	52	55	9	2
AT2G29480	13	17	2	2
AT2G29490	48	50	43	32
AT2G29500	124	138	45	39
AT2G29510	1571	1701	1514	1276
AT2G29525	379	423	240	278
AT2G29530	1404	1472	802	526
AT2G29540	340	351	254	176
AT2G29550	2455	2587	2638	1814
AT2G29560	542	713	485	468
AT2G29570	356	455	489	259
AT2G29580	492	419	355	343
AT2G29590	253	252	145	168
AT2G29600	30	24	15	17
AT2G29620	4	7	11	19
AT2G29630	4706	4694	12476	13076
AT2G29640	295	311	149	180
AT2G29650	1858	2012	2480	2717
AT2G29660	147	153	162	67
AT2G29670	2703	2730	3941	4610
AT2G29680	38	54	80	83
AT2G29690	833	878	801	817
AT2G29700	1033	1070	699	727
AT2G29710	72	81	79	22
AT2G29720	453	513	340	313
AT2G29730	273	292	247	248
AT2G29740	0	4	6	0
AT2G29750	21	24	25	3
AT2G29760	158	141	121	100
AT2G29840	1	1	2	0
AT2G29850	0	1	0	0
AT2G29870	2	0	0	0
AT2G29890	373	410	432	157
AT2G29900	234	231	161	157
AT2G29910	296	325	234	218
AT2G29940	17	17	19	30
AT2G29950	112	74	33	65
AT2G29960	2626	2769	1782	1441
AT2G29970	1395	1421	1914	1591
AT2G29980	2226	2300	4304	4183
AT2G29990	549	641	280	295
AT2G29995	116	145	80	74
AT2G30000	241	215	146	89
AT2G30010	439	462	1257	1528
AT2G30020	6465	6949	1504	626
AT2G30040	781	774	235	180
AT2G30050	1045	1060	631	606
AT2G30060	1832	1923	1290	1113
AT2G30070	405	426	397	387
AT2G30080	67	80	45	43
AT2G30100	279	312	451	358
AT2G30105	428	498	338	364
AT2G30110	3527	3784	2788	2540
AT2G30115	1	1	1	2
AT2G30120	353	369	240	210
AT2G30130	2	0	0	0
AT2G30140	2944	2943	311	300
AT2G30150	166	203	316	298
AT2G30160	371	418	287	281
AT2G30170	357	410	567	624
AT2G30190	0	1	2	2
AT2G30200	667	745	908	699
AT2G30210	67	89	18	3
AT2G30230	147	112	152	208
AT2G30250	2577	2741	684	1097
AT2G30260	1328	1380	803	840
AT2G30270	440	425	284	318
AT2G30280	440	422	253	225
AT2G30300	3	0	4	1
AT2G30310	0	0	0	1
AT2G30320	335	319	327	299
AT2G30330	241	251	199	229
AT2G30340	0	2	0	0
AT2G30350	171	178	234	271
AT2G30360	825	818	240	180
AT2G30362	693	681	209	151
AT2G30370	82	100	59	12
AT2G30380	1	0	3	1
AT2G30390	1095	1227	1779	1967
AT2G30395	8	12	15	14
AT2G30400	8	12	16	12
AT2G30410	670	720	596	553
AT2G30420	44	49	89	116
AT2G30424	229	255	318	408
AT2G30432	6	4	39	54
AT2G30440	5397	5691	3336	4257
AT2G30460	280	277	307	271
AT2G30470	1039	1095	787	923
AT2G30480	144	187	144	89
AT2G30490	7744	8022	1766	1131
AT2G30500	3177	3365	796	594
AT2G30505	85	79	41	34
AT2G30520	1931	2023	1872	2454
AT2G30530	816	788	521	556
AT2G30540	46	44	26	15
AT2G30550	3693	3881	656	684
AT2G30560	3	4	2	1
AT2G30570	18060	19026	32670	42276
AT2G30575	354	440	317	309
AT2G30580	234	273	205	239
AT2G30590	1497	1570	843	839
AT2G30600	2828	2992	5468	8113
AT2G30615	799	826	1185	1974
AT2G30620	2388	2457	2236	2282
AT2G30630	7	2	5	1
AT2G30650	2	0	2	2
AT2G30660	14	12	4	1
AT2G30670	1	4	8	0
AT2G30690	13	17	4	8
AT2G30695	539	507	592	611
AT2G30700	956	1080	752	534
AT2G30710	627	663	436	419
AT2G30720	846	867	386	408
AT2G30730	5	2	1	0
AT2G30740	855	897	464	484
AT2G30750	986	1045	74	14
AT2G30760	527	508	145	166
AT2G30766	1505	1489	318	380
AT2G30770	603	662	160	88
AT2G30780	253	343	215	200
AT2G30790	201	233	290	325
AT2G30800	638	677	563	570
AT2G30820	35	40	71	36
AT2G30830	33	43	11	5
AT2G30840	64	67	39	7
AT2G30860	47018	49367	30046	20430
AT2G30870	13446	14009	11607	10757
AT2G30880	1050	1067	542	581
AT2G30890	208	250	215	160
AT2G30900	94	84	89	50
AT2G30910	435	393	335	292
AT2G30920	308	274	241	270
AT2G30930	6767	7088	2718	6348
AT2G30933	82	81	39	32
AT2G30940	2	1	0	0
AT2G30942	137	139	72	47
AT2G30945	89	74	39	33
AT2G30950	7565	7979	12833	15594
AT2G30960	140	171	158	158
AT2G30970	1695	1713	1401	1278
AT2G30980	2245	2447	2002	2042
AT2G30984	3	5	2	6
AT2G30985	1	5	1	3
AT2G30990	1536	1660	1384	1431
AT2G31010	737	737	842	1115
AT2G31018	6	7	8	6
AT2G31020	257	275	127	124
AT2G31035	1	1	3	2
AT2G31040	2063	2083	3868	4631
AT2G31050	1	0	0	0
AT2G31060	1416	1395	998	657
AT2G31070	867	916	988	1337
AT2G31090	556	645	265	336
AT2G31100	12	12	2	1
AT2G31110	607	627	262	427
AT2G31130	285	296	160	174
AT2G31140	516	517	351	323
AT2G31141	128	120	66	47
AT2G31150	466	556	574	587
AT2G31160	300	321	255	66
AT2G31170	496	481	688	626
AT2G31180	24	36	10	4
AT2G31190	360	409	334	291
AT2G31200	1655	1861	512	405
AT2G31210	11	13	2	0
AT2G31220	26	20	30	8
AT2G31230	141	168	464	360
AT2G31240	325	361	318	213
AT2G31250	5	9	7	8
AT2G31260	755	770	507	587
AT2G31270	319	372	287	172
AT2G31280	949	965	717	527
AT2G31290	157	181	117	100
AT2G31300	268	387	309	297
AT2G31305	308	283	125	129
AT2G31320	230	264	220	122
AT2G31335	3	3	0	0
AT2G31340	256	257	221	204
AT2G31345	5	4	1	0
AT2G31350	1186	1265	661	845
AT2G31360	6006	6162	4914	4578
AT2G31370	1387	1555	964	993
AT2G31380	153	118	191	188
AT2G31390	3285	3357	1040	443
AT2G31400	4104	4467	4785	4511
AT2G31410	1320	1411	1115	699
AT2G31420	2	15	1	0
AT2G31425	2	0	1	0
AT2G31440	550	527	405	372
AT2G31450	313	320	249	265
AT2G31470	1	0	0	0
AT2G31490	2478	2674	1457	1413
AT2G31500	1	0	0	0
AT2G31510	1498	1538	1291	1299
AT2G31530	428	477	388	408
AT2G31540	2	0	0	0
AT2G31550	1	0	0	0
AT2G31560	339	384	336	308
AT2G31570	2651	2624	1025	1293
AT2G31580	320	348	242	331
AT2G31585	304	300	194	233
AT2G31590	6	4	2	1
AT2G31600	121	132	98	99
AT2G31610	6787	7087	5555	3742
AT2G31650	180	229	204	169
AT2G31660	1395	1421	1441	1263
AT2G31670	1702	1614	1364	1058
AT2G31680	665	680	262	281
AT2G31690	1	0	0	0
AT2G31710	344	336	211	183
AT2G31725	206	253	200	113
AT2G31730	441	470	175	135
AT2G31740	851	915	470	380
AT2G31750	510	520	646	797
AT2G31751	216	228	246	276
AT2G31790	1077	1258	2084	1110
AT2G31800	2365	2583	2060	2622
AT2G31810	1928	1959	2174	2710
AT2G31820	1179	1222	965	989
AT2G31830	150	170	109	79
AT2G31840	500	563	870	831
AT2G31862	1	1	0	0
AT2G31865	3136	3181	137	173
AT2G31870	645	667	260	353
AT2G31880	26861	28535	3907	4205
AT2G31890	8287	8758	1418	1631
AT2G31900	383	389	357	310
AT2G31902	228	222	219	201
AT2G31910	29	26	6	7
AT2G31920	12	6	13	0
AT2G31930	1	1	0	0
AT2G31940	4	5	7	5
AT2G31945	47	71	33	16
AT2G31955	711	766	445	491
AT2G31957	0	0	0	4
AT2G31960	1779	1855	2074	2218
AT2G31970	844	901	721	568
AT2G31980	113	110	13	9
AT2G31981	0	3	0	0
AT2G31985	0	3	0	2
AT2G31990	245	252	110	137
AT2G32000	588	589	556	525
AT2G32010	217	251	417	405
AT2G32020	54	62	2	2
AT2G32030	382	433	116	100
AT2G32040	564	635	539	657
AT2G32050	2	4	3	0
AT2G32060	2496	2507	1777	1139
AT2G32070	1079	1056	685	660
AT2G32080	1938	2048	1355	1487
AT2G32090	879	983	692	977
AT2G32100	149	163	675	850
AT2G32120	68	79	49	40
AT2G32130	203	185	7	2
AT2G32140	2499	2639	121	94
AT2G32150	3857	4097	1279	1528
AT2G32160	950	965	896	1312
AT2G32170	636	650	633	611
AT2G32179	345	362	485	521
AT2G32180	339	360	479	521
AT2G32190	278	346	10	8
AT2G32200	193	209	22	26
AT2G32210	1185	1186	89	67
AT2G32220	405	440	199	139
AT2G32230	856	861	1465	1283
AT2G32235	1190	1224	767	652
AT2G32240	3567	3657	3054	2645
AT2G32250	582	631	354	344
AT2G32260	1368	1480	1063	1119
AT2G32270	9	4	5	1
AT2G32280	417	501	192	38
AT2G32290	314	372	299	264
AT2G32295	315	348	267	256
AT2G32300	9	6	2	3
AT2G32310	0	1	0	0
AT2G32315	0	1	0	0
AT2G32320	482	515	367	347
AT2G32340	293	296	99	136
AT2G32370	0	1	0	0
AT2G32380	246	261	162	139
AT2G32390	170	188	362	409
AT2G32400	408	400	550	418
AT2G32410	148	177	124	116
AT2G32415	310	325	389	281
AT2G32430	82	104	82	72
AT2G32440	451	549	737	532
AT2G32450	384	387	378	466
AT2G32460	1	1	0	0
AT2G32470	182	159	222	257
AT2G32480	1110	1107	1710	1814
AT2G32487	88	94	61	59
AT2G32500	344	334	741	720
AT2G32510	45	72	62	34
AT2G32520	1485	1538	948	793
AT2G32530	168	196	25	55
AT2G32540	139	117	128	157
AT2G32550	17	19	5	4
AT2G32560	1070	1094	1234	1313
AT2G32580	1644	1753	1239	1269
AT2G32590	111	126	133	67
AT2G32600	914	913	672	493
AT2G32610	1	0	0	0
AT2G32630	58	47	64	44
AT2G32640	152	176	457	442
AT2G32645	326	299	377	399
AT2G32650	638	623	822	855
AT2G32660	69	59	4	1
AT2G32670	99	100	21	5
AT2G32680	10325	10665	171	206
AT2G32690	6100	6275	2388	2861
AT2G32700	3934	4068	2599	2941
AT2G32710	423	493	398	341
AT2G32720	651	734	532	334
AT2G32730	2839	3134	2418	2117
AT2G32740	0	1	0	1
AT2G32750	7	6	4	1
AT2G32760	371	446	255	275
AT2G32765	92	100	69	23
AT2G32770	22	36	48	24
AT2G32780	2	0	1	0
AT2G32790	3	8	4	0
AT2G32795	98	115	87	90
AT2G32800	2843	2943	576	871
AT2G32810	1889	1925	1530	1614
AT2G32820	0	1	0	0
AT2G32830	32	42	21	10
AT2G32840	261	251	190	190
AT2G32850	1246	1340	784	824
AT2G32860	420	443	584	675
AT2G32870	662	707	1153	1626
AT2G32880	69	61	180	313
AT2G32885	4	1	4	0
AT2G32890	31	36	41	44
AT2G32900	483	506	443	404
AT2G32910	673	763	659	606
AT2G32920	3040	3319	1016	811
AT2G32930	1411	1536	282	186
AT2G32940	173	190	125	48
AT2G32950	533	530	527	511
AT2G32960	60	53	56	25
AT2G32970	507	549	510	569
AT2G32980	444	482	452	401
AT2G32990	559	575	570	302
AT2G33000	8	8	1	2
AT2G33020	199	210	6	4
AT2G33040	6347	6367	4154	3771
AT2G33050	639	664	1048	1091
AT2G33051	569	606	1020	1045
AT2G33060	269	279	210	268
AT2G33070	4	3	1	0
AT2G33080	353	328	4	0
AT2G33100	8	15	8	4
AT2G33110	319	295	100	69
AT2G33120	3431	3449	1406	1412
AT2G33130	6	5	0	0
AT2G33150	9020	9257	4913	6565
AT2G33160	15	9	1	0
AT2G33170	682	793	521	445
AT2G33175	1	1	1	0
AT2G33180	205	208	322	350
AT2G33200	1	0	0	0
AT2G33205	5	5	13	8
AT2G33210	1190	1180	954	553
AT2G33220	1894	1959	1502	1528
AT2G33230	0	2	2	0
AT2G33240	14	10	26	9
AT2G33250	188	211	379	398
AT2G33255	371	391	427	400
AT2G33260	5	7	3	1
AT2G33280	2	1	7	4
AT2G33290	174	167	184	199
AT2G33300	0	3	1	0
AT2G33310	522	553	551	500
AT2G33320	289	285	255	232
AT2G33330	300	356	578	570
AT2G33340	2883	2911	2099	2061
AT2G33350	12	12	23	11
AT2G33360	280	268	203	145
AT2G33370	1716	1745	1509	978
AT2G33380	4046	4314	495	617
AT2G33385	8	20	30	20
AT2G33390	925	899	546	610
AT2G33400	310	325	310	184
AT2G33410	1575	1694	1203	837
AT2G33420	0	2	7	0
AT2G33430	1451	1532	1693	1374
AT2G33435	335	315	347	310
AT2G33440	399	420	284	292
AT2G33450	2471	2638	4086	4386
AT2G33460	17	24	3	6
AT2G33470	1110	1157	707	672
AT2G33480	661	685	377	410
AT2G33490	1117	1153	483	411
AT2G33500	313	352	329	293
AT2G33509	1	0	0	0
AT2G33510	438	461	210	115
AT2G33520	0	2	0	0
AT2G33530	1735	1768	524	582
AT2G33540	822	851	680	789
AT2G33550	344	344	361	409
AT2G33560	142	112	140	57
AT2G33570	840	887	1159	1615
AT2G33580	4205	4399	735	538
AT2G33585	216	220	66	71
AT2G33590	1416	1512	789	782
AT2G33600	484	538	492	461
AT2G33610	571	656	491	488
AT2G33620	1301	1326	1287	627
AT2G33630	1202	1324	908	902
AT2G33640	70	89	39	27
AT2G33680	113	107	91	49
AT2G33690	1	0	0	0
AT2G33700	634	642	303	301
AT2G33710	19	21	8	11
AT2G33720	3	3	0	1
AT2G33730	1475	1451	1573	1512
AT2G33735	71	94	71	74
AT2G33740	697	729	518	495
AT2G33750	6	2	26	30
AT2G33760	16	30	24	9
AT2G33770	4033	4184	3550	3632
AT2G33775	2	5	5	5
AT2G33780	2	2	0	0
AT2G33793	57	76	90	26
AT2G33796	0	2	1	0
AT2G33800	3562	3956	7845	7982
AT2G33810	854	858	437	535
AT2G33815	835	834	430	529
AT2G33820	209	198	226	238
AT2G33830	4776	4850	7984	17406
AT2G33835	249	235	202	212
AT2G33840	678	630	457	338
AT2G33845	747	835	514	491
AT2G33847	51	79	42	32
AT2G33850	1765	1798	1875	1484
AT2G33855	344	343	547	584
AT2G33860	1271	1375	768	508
AT2G33880	1	2	2	0
AT2G33980	177	183	112	123
AT2G33990	429	415	427	556
AT2G34000	4	3	1	4
AT2G34010	124	125	167	224
AT2G34020	0	1	2	0
AT2G34030	1	2	2	1
AT2G34040	1501	1531	1149	964
AT2G34050	217	249	148	136
AT2G34060	63	61	63	73
AT2G34070	905	877	326	341
AT2G34080	14	11	7	10
AT2G34090	605	680	536	542
AT2G34100	1	2	0	0
AT2G34110	621	696	544	554
AT2G34140	42	65	12	6
AT2G34150	166	162	179	152
AT2G34160	632	657	336	341
AT2G34170	130	149	427	471
AT2G34180	23	25	40	43
AT2G34185	12	9	16	2
AT2G34190	115	154	143	74
AT2G34200	153	191	199	197
AT2G34210	2	3	0	0
AT2G34220	9	13	8	1
AT2G34224	1	1	0	3
AT2G34230	8	10	6	4
AT2G34238	5	6	2	1
AT2G34240	26	19	14	4
AT2G34250	10931	11142	4395	4053
AT2G34260	452	500	304	134
AT2G34300	1437	1550	1147	997
AT2G34310	870	871	812	931
AT2G34320	0	1	0	0
AT2G34330	4	0	0	0
AT2G34340	16	19	14	5
AT2G34355	156	124	168	192
AT2G34357	1329	1413	1012	640
AT2G34360	9	8	24	21
AT2G34370	0	1	0	0
AT2G34380	145	181	141	127
AT2G34390	44	48	14	17
AT2G34400	110	112	69	49
AT2G34410	555	624	341	332
AT2G34420	82135	85130	170403	238047
AT2G34430	10229	10449	60271	96823
AT2G34440	48	41	27	34
AT2G34450	180	174	108	97
AT2G34460	902	982	1123	1290
AT2G34470	1277	1400	1292	1254
AT2G34480	11743	12037	8665	6048
AT2G34490	596	603	530	375
AT2G34500	103	109	17	10
AT2G34510	2095	2196	2274	4180
AT2G34520	565	612	422	353
AT2G34530	17	10	6	3
AT2G34540	5	8	2	1
AT2G34555	4	2	0	1
AT2G34560	1155	1103	1598	1354
AT2G34570	277	259	239	160
AT2G34580	12	11	3	0
AT2G34585	1159	1190	971	1059
AT2G34590	949	953	1158	1185
AT2G34600	1063	1130	160	173
AT2G34610	6	3	4	2
AT2G34620	245	238	1069	1121
AT2G34630	919	922	542	470
AT2G34640	1101	1159	1477	1165
AT2G34650	259	308	221	137
AT2G34655	467	447	418	428
AT2G34660	1207	1274	1483	1408
AT2G34670	116	108	110	56
AT2G34680	949	984	1828	1525
AT2G34690	1123	1225	837	870
AT2G34700	2	1	1	0
AT2G34710	1026	1119	777	606
AT2G34720	716	840	622	600
AT2G34730	486	513	393	315
AT2G34750	1788	1909	1514	1458
AT2G34770	2044	2160	1458	2829
AT2G34780	395	398	377	319
AT2G34790	31	35	22	30
AT2G34810	2159	2228	880	806
AT2G34820	1	0	0	0
AT2G34830	37	28	42	3
AT2G34840	375	394	232	234
AT2G34850	96	78	101	71
AT2G34860	1234	1340	2177	2370
AT2G34880	2	0	0	0
AT2G34900	573	572	462	293
AT2G34910	5	0	0	0
AT2G34920	82	97	78	76
AT2G34925	38	49	69	64
AT2G34930	1540	1600	570	627
AT2G34940	258	272	71	50
AT2G34960	39	29	32	43
AT2G34970	506	586	494	390
AT2G34980	40	36	16	25
AT2G34985	1	1	0	0
AT2G34990	5	5	3	0
AT2G35000	49	61	10	7
AT2G35010	844	884	478	421
AT2G35020	1133	1304	724	553
AT2G35030	105	83	83	49
AT2G35035	44	35	29	33
AT2G35040	1194	1274	1341	1304
AT2G35050	4548	4670	4541	5321
AT2G35060	1288	1349	1322	1984
AT2G35070	118	85	37	49
AT2G35075	5	3	16	20
AT2G35080	1	0	1	0
AT2G35100	482	495	335	314
AT2G35110	1362	1491	1232	1195
AT2G35120	1371	1432	724	320
AT2G35130	91	126	372	407
AT2G35140	50	43	39	24
AT2G35150	68	59	82	63
AT2G35155	532	541	527	448
AT2G35160	116	110	88	67
AT2G35170	115	127	113	100
AT2G35190	350	372	408	261
AT2G35200	0	0	1	1
AT2G35210	9	4	9	9
AT2G35230	581	622	349	475
AT2G35240	1049	1123	763	566
AT2G35250	0	0	0	1
AT2G35260	3392	3704	5136	6152
AT2G35270	1	0	0	0
AT2G35280	0	2	0	0
AT2G35290	748	729	102	113
AT2G35300	4	1	4	0
AT2G35310	38	27	46	6
AT2G35320	367	339	284	274
AT2G35330	928	991	899	777
AT2G35340	370	372	324	272
AT2G35345	6	15	9	19
AT2G35350	190	222	170	68
AT2G35360	353	333	177	180
AT2G35370	4546	4762	6502	6843
AT2G35380	9	6	0	2
AT2G35382	8	5	0	3
AT2G35384	7	7	1	1
AT2G35387	11	9	2	1
AT2G35390	924	946	1007	1185
AT2G35410	1281	1259	1575	1769
AT2G35420	70	85	48	52
AT2G35430	136	124	100	42
AT2G35450	498	546	671	762
AT2G35470	923	888	589	738
AT2G35480	134	131	83	71
AT2G35490	2875	2912	2531	2914
AT2G35500	597	670	994	1034
AT2G35510	1328	1325	1220	1325
AT2G35520	502	486	294	220
AT2G35530	470	502	382	333
AT2G35540	110	167	132	126
AT2G35550	64	106	31	45
AT2G35585	8	8	15	15
AT2G35600	101	83	80	44
AT2G35605	434	415	234	167
AT2G35610	1053	1107	718	625
AT2G35612	1	0	0	0
AT2G35620	801	966	869	839
AT2G35630	2268	2384	2282	2078
AT2G35635	2870	3071	1592	1506
AT2G35637	52	66	39	20
AT2G35640	51	67	47	21
AT2G35650	584	623	572	597
AT2G35658	97	147	14	8
AT2G35660	154	182	263	277
AT2G35670	6	0	0	0
AT2G35680	2847	3020	2192	2578
AT2G35690	282	273	262	348
AT2G35700	37	35	48	48
AT2G35710	384	392	98	102
AT2G35720	500	514	322	301
AT2G35730	4	10	3	0
AT2G35733	0	0	1	1
AT2G35736	233	227	94	92
AT2G35738	74	57	69	53
AT2G35740	144	140	152	117
AT2G35742	3	9	1	2
AT2G35744	81	86	45	44
AT2G35750	137	150	95	84
AT2G35760	356	390	182	170
AT2G35765	0	1	0	0
AT2G35770	13	24	4	3
AT2G35780	1171	1303	1276	1441
AT2G35790	845	822	479	377
AT2G35795	636	622	492	464
AT2G35800	721	726	848	945
AT2G35810	1541	1610	729	586
AT2G35820	714	712	400	479
AT2G35830	1282	1305	1400	1585
AT2G35840	1641	1816	1550	1530
AT2G35850	11	8	8	7
AT2G35859	1081	1216	1872	1843
AT2G35860	1368	1498	2209	2191
AT2G35880	980	1013	1533	1816
AT2G35900	633	620	459	458
AT2G35910	54	60	25	35
AT2G35920	868	986	673	644
AT2G35930	2555	2585	500	443
AT2G35940	4011	4284	2487	2260
AT2G35945	992	1045	789	642
AT2G35950	26	22	26	22
AT2G35960	291	340	748	694
AT2G35970	18	18	0	0
AT2G35980	450	428	21	5
AT2G35990	0	1	0	0
AT2G36000	652	813	1695	1648
AT2G36010	150	145	174	94
AT2G36020	4	13	0	0
AT2G36026	61	56	124	98
AT2G36030	3	0	7	7
AT2G36050	117	111	272	501
AT2G36060	2290	2407	1687	1782
AT2G36070	824	833	732	452
AT2G36080	422	472	85	64
AT2G36090	127	124	191	231
AT2G36100	0	1	4	3
AT2G36110	6	1	5	4
AT2G36120	3598	3614	2112	1557
AT2G36130	942	947	743	673
AT2G36145	609	632	945	1041
AT2G36160	4529	4716	3090	2091
AT2G36170	1841	2019	1406	924
AT2G36200	319	338	373	185
AT2G36210	0	11	1	2
AT2G36220	2016	2107	1054	857
AT2G36230	345	372	505	396
AT2G36240	798	904	752	821
AT2G36250	1305	1365	1850	1908
AT2G36260	1	0	0	0
AT2G36261	0	0	1	0
AT2G36270	151	150	116	53
AT2G36290	422	387	284	244
AT2G36295	6	0	2	0
AT2G36300	733	718	286	303
AT2G36305	178	159	107	92
AT2G36307	69	92	72	69
AT2G36310	841	845	524	586
AT2G36320	1470	1441	1248	1641
AT2G36325	0	1	1	0
AT2G36330	524	519	297	280
AT2G36340	248	245	287	184
AT2G36350	444	423	471	224
AT2G36355	175	139	85	98
AT2G36360	881	863	521	562
AT2G36370	177	203	146	161
AT2G36380	987	1041	1863	1756
AT2G36390	2681	2783	4771	5420
AT2G36400	837	853	772	777
AT2G36410	2236	2351	1548	2665
AT2G36420	366	415	535	456
AT2G36430	216	204	478	581
AT2G36440	1	10	1	0
AT2G36460	5684	5828	3504	3320
AT2G36470	211	215	390	326
AT2G36480	542	518	367	350
AT2G36485	129	108	93	88
AT2G36490	1156	1257	1453	1550
AT2G36500	32	30	33	39
AT2G36530	13730	14429	9023	6556
AT2G36540	18	13	12	33
AT2G36570	959	1034	1634	527
AT2G36580	2778	2881	777	571
AT2G36590	185	220	53	35
AT2G36610	4	3	3	0
AT2G36620	3839	4093	3561	2345
AT2G36630	329	336	303	288
AT2G36640	14	8	0	1
AT2G36650	134	137	47	6
AT2G36660	16	18	19	7
AT2G36670	563	566	236	257
AT2G36680	1200	1292	543	709
AT2G36690	11	12	3	0
AT2G36695	1	1	0	0
AT2G36720	915	984	910	912
AT2G36730	131	120	144	80
AT2G36740	348	372	318	289
AT2G36750	2	3	9	10
AT2G36760	0	0	3	1
AT2G36770	38	37	32	41
AT2G36780	109	114	51	53
AT2G36790	147	147	239	336
AT2G36792	145	147	245	347
AT2G36800	110	125	157	154
AT2G36810	1588	1609	1234	1175
AT2G36815	5	9	2	1
AT2G36830	7844	8546	5273	3676
AT2G36835	1092	1135	656	599
AT2G36840	234	248	168	178
AT2G36850	3015	3072	1870	1923
AT2G36854	3	7	2	7
AT2G36870	850	807	640	384
AT2G36880	6950	7053	3931	2764
AT2G36885	136	123	251	196
AT2G36890	122	111	41	30
AT2G36895	616	640	549	579
AT2G36900	578	644	424	514
AT2G36910	2279	2484	2288	2099
AT2G36920	0	1	0	0
AT2G36930	1457	1555	923	715
AT2G36950	453	475	433	300
AT2G36960	347	330	268	302
AT2G36970	265	226	340	354
AT2G36980	39	50	38	27
AT2G36985	171	176	20	6
AT2G36990	887	952	1582	1753
AT2G37000	6	5	4	1
AT2G37020	354	406	307	243
AT2G37025	111	110	128	210
AT2G37030	1	0	2	4
AT2G37035	474	499	407	427
AT2G37040	4032	4305	874	419
AT2G37050	1526	1595	917	745
AT2G37060	131	118	60	47
AT2G37070	22	32	12	5
AT2G37080	1455	1502	1008	621
AT2G37090	33	20	23	19
AT2G37100	112	138	62	62
AT2G37110	4203	4454	1255	1063
AT2G37120	501	484	329	294
AT2G37130	2319	2591	1009	1235
AT2G37140	2	1	0	0
AT2G37150	412	506	282	288
AT2G37160	575	562	386	466
AT2G37170	2685	2728	756	909
AT2G37180	968	1042	253	191
AT2G37190	4436	4789	3996	2347
AT2G37195	146	152	68	58
AT2G37200	1099	1249	631	698
AT2G37210	22	26	24	5
AT2G37220	8220	8877	14883	15012
AT2G37230	629	616	666	451
AT2G37240	659	673	661	650
AT2G37250	1462	1526	738	569
AT2G37260	195	186	200	120
AT2G37270	2338	2500	2086	1293
AT2G37280	243	313	178	47
AT2G37290	28	30	17	11
AT2G37300	114	126	168	57
AT2G37310	114	90	84	80
AT2G37320	40	52	35	35
AT2G37330	109	121	121	117
AT2G37340	2437	2576	1877	1804
AT2G37360	206	263	221	191
AT2G37362	205	257	225	191
AT2G37370	0	0	2	0
AT2G37380	20	17	50	39
AT2G37390	107	112	128	50
AT2G37400	648	669	777	441
AT2G37410	2520	2478	1741	1392
AT2G37420	303	312	284	134
AT2G37430	75	90	55	29
AT2G37435	1	0	0	0
AT2G37440	14	26	3	0
AT2G37450	310	321	623	615
AT2G37460	466	445	466	335
AT2G37470	297	273	415	363
AT2G37478	2240	2355	2518	2897
AT2G37480	2240	2355	2518	2897
AT2G37500	794	795	646	581
AT2G37510	106	82	86	43
AT2G37520	880	933	653	779
AT2G37530	33	26	22	21
AT2G37540	800	884	619	863
AT2G37550	2062	2160	1585	1573
AT2G37555	384	402	395	375
AT2G37560	67	50	62	36
AT2G37570	914	996	761	840
AT2G37580	451	490	425	441
AT2G37585	227	245	373	418
AT2G37590	52	40	65	37
AT2G37600	1129	1231	1102	641
AT2G37610	9	7	4	1
AT2G37620	807	805	581	420
AT2G37630	939	914	1057	516
AT2G37640	219	269	471	313
AT2G37650	179	143	151	138
AT2G37660	4625	4754	7388	7146
AT2G37670	13	4	9	10
AT2G37678	276	290	344	368
AT2G37680	397	419	227	216
AT2G37690	493	533	438	227
AT2G37700	1	2	1	3
AT2G37710	9240	9851	2960	3855
AT2G37720	10	7	13	22
AT2G37750	78	94	13	15
AT2G37760	1270	1257	304	300
AT2G37770	153	133	12	11
AT2G37790	333	341	341	317
AT2G37820	9	6	1	1
AT2G37840	789	799	657	738
AT2G37860	588	650	834	544
AT2G37870	168	175	49	93
AT2G37880	6	3	15	11
AT2G37890	142	142	108	59
AT2G37900	252	275	111	59
AT2G37910	8	9	1	0
AT2G37920	536	513	828	944
AT2G37925	21	24	6	3
AT2G37930	252	285	222	184
AT2G37940	2889	3038	1298	1508
AT2G37950	16	22	123	151
AT2G37960	33	47	23	28
AT2G37970	1595	1541	361	352
AT2G37975	529	482	257	284
AT2G37980	49	68	26	25
AT2G37990	1240	1299	1148	774
AT2G38000	910	970	525	604
AT2G38010	432	454	758	637
AT2G38020	1098	1138	759	904
AT2G38025	604	601	691	704
AT2G38040	2863	2969	4880	5560
AT2G38050	340	361	413	450
AT2G38060	19	20	7	7
AT2G38070	84	70	72	54
AT2G38080	103	109	80	98
AT2G38090	97	86	132	81
AT2G38100	1	2	0	0
AT2G38110	275	259	288	234
AT2G38120	991	921	1286	1261
AT2G38130	597	590	372	341
AT2G38140	1617	1614	3015	3170
AT2G38152	7	6	10	9
AT2G38160	132	136	141	36
AT2G38170	7662	7912	6038	6906
AT2G38180	301	344	234	266
AT2G38185	145	187	129	162
AT2G38195	59	67	39	48
AT2G38210	179	189	347	327
AT2G38230	1695	1745	2024	2095
AT2G38240	239	197	66	57
AT2G38250	711	727	39	38
AT2G38255	4	2	6	8
AT2G38270	1097	1095	1155	1163
AT2G38280	1440	1572	1221	1039
AT2G38290	1629	1805	700	812
AT2G38300	8	14	11	11
AT2G38310	2099	2315	2096	2794
AT2G38320	16	11	11	25
AT2G38330	324	369	651	678
AT2G38340	80	90	6	2
AT2G38350	10	4	1	1
AT2G38360	642	701	407	311
AT2G38365	0	1	0	0
AT2G38370	439	476	282	141
AT2G38380	688	730	116	8
AT2G38390	57	63	7	0
AT2G38400	503	465	449	687
AT2G38410	944	1011	642	679
AT2G38420	158	174	128	101
AT2G38430	62	82	35	42
AT2G38440	1104	1241	1346	1376
AT2G38450	419	403	307	297
AT2G38460	91	99	176	245
AT2G38465	91	106	204	360
AT2G38470	9419	10374	4540	2895
AT2G38480	143	141	58	78
AT2G38490	38	26	5	4
AT2G38500	146	130	88	100
AT2G38530	11972	12693	835	284
AT2G38540	36046	37701	13563	11463
AT2G38550	1226	1394	1258	1195
AT2G38560	563	570	489	405
AT2G38570	128	124	97	95
AT2G38580	683	658	370	348
AT2G38600	10	15	6	0
AT2G38610	1033	1093	601	662
AT2G38620	82	96	88	39
AT2G38630	265	266	341	307
AT2G38640	467	559	209	226
AT2G38646	2	6	0	0
AT2G38650	1328	1431	1303	1178
AT2G38660	357	370	244	236
AT2G38670	1672	1741	1561	1560
AT2G38680	296	296	255	212
AT2G38690	10	16	3	2
AT2G38695	171	164	152	144
AT2G38700	682	736	946	817
AT2G38710	1024	1073	486	366
AT2G38720	39	38	67	57
AT2G38730	335	331	238	192
AT2G38740	1115	1215	782	796
AT2G38750	860	879	566	504
AT2G38760	195	213	79	89
AT2G38770	985	1061	918	791
AT2G38780	340	343	487	456
AT2G38790	1714	1879	692	645
AT2G38800	4184	4380	2349	2226
AT2G38810	208	199	159	91
AT2G38820	205	215	339	320
AT2G38823	44	38	48	42
AT2G38830	124	119	84	100
AT2G38840	418	442	334	350
AT2G38860	2329	2438	849	787
AT2G38870	1396	1513	363	339
AT2G38880	367	395	290	214
AT2G38890	7	7	3	10
AT2G38905	0	1	0	0
AT2G38920	0	2	0	0
AT2G38940	87	87	32	22
AT2G38950	838	1004	691	714
AT2G38960	503	574	325	339
AT2G38970	232	230	296	246
AT2G38995	128	157	229	199
AT2G39000	769	736	733	1061
AT2G39010	6311	6689	6344	7920
AT2G39020	1055	1108	919	723
AT2G39030	4778	5090	916	481
AT2G39050	1079	1139	427	474
AT2G39080	861	856	760	720
AT2G39090	478	481	375	370
AT2G39100	195	194	141	220
AT2G39110	193	171	20	32
AT2G39120	74	50	41	37
AT2G39130	408	431	428	421
AT2G39140	607	694	1006	990
AT2G39170	803	813	403	378
AT2G39175	8	0	0	0
AT2G39180	99	115	176	287
AT2G39190	1138	1166	1829	2022
AT2G39200	131	159	20	21
AT2G39210	2122	2241	468	560
AT2G39220	598	688	415	136
AT2G39230	104	103	57	20
AT2G39240	16	13	60	59
AT2G39250	162	215	514	470
AT2G39260	1546	1532	1178	1077
AT2G39270	895	1000	434	428
AT2G39280	977	1102	1135	1029
AT2G39290	558	564	491	528
AT2G39300	108	109	112	95
AT2G39310	573	564	367	180
AT2G39320	2	5	5	2
AT2G39330	29100	29869	2950	1758
AT2G39340	2013	2169	1493	1740
AT2G39350	157	192	56	34
AT2G39360	1109	1201	297	431
AT2G39370	0	0	3	3
AT2G39380	109	116	62	73
AT2G39390	1747	1866	1315	926
AT2G39400	525	511	800	1136
AT2G39410	72	77	9	3
AT2G39415	0	0	1	1
AT2G39420	3327	3207	749	761
AT2G39430	4	5	14	10
AT2G39435	114	135	106	107
AT2G39440	106	119	98	63
AT2G39445	121	139	65	56
AT2G39450	652	747	799	801
AT2G39460	7016	7365	5480	3651
AT2G39470	1085	1118	2640	2984
AT2G39480	1423	1537	1140	1338
AT2G39490	0	1	0	0
AT2G39500	432	438	260	286
AT2G39510	134	116	167	1
AT2G39518	77	59	5	7
AT2G39520	9	11	2	0
AT2G39530	23	21	0	0
AT2G39550	570	571	291	308
AT2G39560	19	20	32	14
AT2G39570	1153	1095	1854	2334
AT2G39580	1648	1585	1790	2094
AT2G39590	0	0	0	1
AT2G39620	14	19	12	7
AT2G39630	646	652	454	423
AT2G39650	1040	1071	287	168
AT2G39660	752	878	250	272
AT2G39670	1573	1669	1528	1204
AT2G39675	695	747	156	162
AT2G39681	378	366	296	249
AT2G39690	15	14	44	32
AT2G39700	2065	2080	1346	410
AT2G39705	186	238	109	82
AT2G39710	1033	1114	222	277
AT2G39720	1114	1220	783	847
AT2G39725	191	236	112	92
AT2G39730	58580	61235	99150	125885
AT2G39740	668	690	423	460
AT2G39750	882	919	894	990
AT2G39760	1035	1011	705	642
AT2G39770	5030	5407	4020	4061
AT2G39780	1791	1762	864	991
AT2G39795	441	431	327	217
AT2G39800	5089	5171	3721	3219
AT2G39805	680	683	333	318
AT2G39810	860	836	717	698
AT2G39820	15	9	2	8
AT2G39830	185	209	99	38
AT2G39840	762	782	303	308
AT2G39850	1652	1717	2349	2537
AT2G39855	1	1	1	0
AT2G39870	1755	1781	1159	955
AT2G39880	47	43	57	53
AT2G39885	2	1	1	1
AT2G39890	585	698	658	740
AT2G39900	810	850	1097	875
AT2G39910	196	228	169	179
AT2G39920	320	309	680	758
AT2G39930	1331	1399	1854	2061
AT2G39940	695	719	622	639
AT2G39950	864	888	703	884
AT2G39960	1611	1702	929	963
AT2G39970	1626	1711	1128	1108
AT2G39975	0	0	1	0
AT2G39980	136	136	332	463
AT2G39990	1737	1758	1188	1004
AT2G40000	13565	14122	6940	7531
AT2G40004	0	1	0	0
AT2G40008	120	78	92	58
AT2G40010	190	137	167	104
AT2G40020	415	412	400	416
AT2G40030	334	356	362	233
AT2G40050	1	0	0	1
AT2G40060	3375	3543	3053	2844
AT2G40070	856	828	904	830
AT2G40080	59	42	71	60
AT2G40081	0	0	0	1
AT2G40085	37	33	38	21
AT2G40090	256	292	220	235
AT2G40095	600	582	180	217
AT2G40100	193	217	560	564
AT2G40110	236	292	182	229
AT2G40113	112	114	8	2
AT2G40120	136	143	107	67
AT2G40130	274	289	989	564
AT2G40140	6563	7167	2234	1307
AT2G40150	151	161	269	182
AT2G40160	90	84	89	68
AT2G40170	2	1	1	0
AT2G40180	54	47	3	4
AT2G40190	363	370	302	287
AT2G40200	56	45	23	5
AT2G40205	867	936	414	267
AT2G40230	192	220	153	89
AT2G40240	74	83	107	86
AT2G40250	2	2	6	2
AT2G40260	33	37	26	39
AT2G40270	4046	4402	1717	1784
AT2G40280	1012	1048	847	760
AT2G40290	1640	1771	1423	1084
AT2G40300	402	454	591	529
AT2G40316	449	421	448	372
AT2G40320	49	46	60	40
AT2G40330	25	26	65	80
AT2G40340	72	79	21	27
AT2G40350	0	2	0	2
AT2G40360	1674	1642	1599	965
AT2G40370	60	46	13	1
AT2G40380	728	761	548	498
AT2G40390	102	91	55	44
AT2G40400	554	563	576	631
AT2G40410	1159	1265	890	1033
AT2G40420	333	375	274	358
AT2G40430	1189	1268	1309	926
AT2G40435	276	236	274	281
AT2G40440	7	11	12	19
AT2G40450	0	1	0	0
AT2G40460	1257	1374	713	724
AT2G40470	7	2	5	1
AT2G40475	142	154	394	385
AT2G40480	253	253	396	182
AT2G40490	1606	1623	2754	2999
AT2G40510	2234	2339	1604	1239
AT2G40520	834	884	141	181
AT2G40530	47	53	100	93
AT2G40540	930	1037	1392	1151
AT2G40550	265	316	353	172
AT2G40570	163	165	167	163
AT2G40580	0	1	0	1
AT2G40590	1463	1464	1133	852
AT2G40600	1442	1494	802	868
AT2G40610	100	113	611	936
AT2G40620	122	153	190	218
AT2G40630	337	362	221	193
AT2G40640	158	187	221	177
AT2G40650	964	974	889	767
AT2G40660	1031	1090	820	582
AT2G40670	44	61	160	225
AT2G40690	116	114	177	208
AT2G40700	473	441	339	215
AT2G40710	33	28	22	19
AT2G40711	30	48	22	31
AT2G40720	68	53	59	33
AT2G40730	1372	1411	1300	1340
AT2G40740	138	148	5	2
AT2G40750	1043	1153	879	988
AT2G40760	271	296	380	406
AT2G40765	2120	2296	895	818
AT2G40770	487	582	402	462
AT2G40780	168	184	88	89
AT2G40790	5	4	1	6
AT2G40800	511	499	365	394
AT2G40802	3	2	2	0
AT2G40810	244	305	194	224
AT2G40815	314	327	341	304
AT2G40820	471	427	406	302
AT2G40830	1257	1270	823	729
AT2G40840	4195	4487	7574	7454
AT2G40850	160	143	69	83
AT2G40860	371	379	292	320
AT2G40880	4691	4819	2459	3371
AT2G40890	1055	1116	561	539
AT2G40900	193	227	233	131
AT2G40910	0	4	5	0
AT2G40920	226	272	373	389
AT2G40925	1	0	0	0
AT2G40930	766	770	643	539
AT2G40935	140	152	112	120
AT2G40940	1776	1915	1160	994
AT2G40950	1429	1577	589	549
AT2G40955	0	1	1	0
AT2G40960	510	562	577	823
AT2G40970	237	273	276	286
AT2G40980	320	334	280	271
AT2G41000	242	273	109	65
AT2G41010	2347	2459	703	280
AT2G41020	329	329	243	273
AT2G41040	238	206	219	226
AT2G41050	204	194	267	88
AT2G41060	580	622	485	535
AT2G41070	374	425	119	58
AT2G41080	207	188	210	231
AT2G41082	50	54	37	44
AT2G41090	10396	10803	8948	10544
AT2G41100	18325	19033	7728	11648
AT2G41110	2125	2086	751	736
AT2G41120	282	285	197	278
AT2G41130	121	136	104	73
AT2G41140	1016	994	714	557
AT2G41150	575	651	37	47
AT2G41160	680	695	364	372
AT2G41170	172	173	100	95
AT2G41178	313	270	311	211
AT2G41180	1479	1501	1448	1132
AT2G41190	924	1092	179	171
AT2G41200	120	154	98	94
AT2G41210	328	350	200	233
AT2G41220	2235	2353	1606	1179
AT2G41230	156	147	41	7
AT2G41231	117	112	31	6
AT2G41240	41	48	26	60
AT2G41250	1025	1069	141	102
AT2G41260	19	23	0	0
AT2G41290	43	33	92	105
AT2G41300	72	73	34	8
AT2G41310	588	556	491	339
AT2G41312	59	87	57	64
AT2G41330	64	76	80	120
AT2G41340	51	38	75	88
AT2G41342	26	11	9	14
AT2G41350	315	414	319	259
AT2G41360	2	0	0	0
AT2G41370	309	319	333	171
AT2G41380	261	283	56	58
AT2G41400	0	1	0	0
AT2G41410	8371	8985	1938	1979
AT2G41420	4605	4796	1665	2062
AT2G41430	34235	35457	24164	31313
AT2G41440	186	198	129	111
AT2G41450	23	29	42	20
AT2G41451	2	0	2	0
AT2G41460	342	320	184	211
AT2G41470	2	1	5	1
AT2G41475	1826	2007	1040	1216
AT2G41480	158	162	5	5
AT2G41490	763	778	247	308
AT2G41500	483	434	327	270
AT2G41510	99	139	125	69
AT2G41520	460	548	435	359
AT2G41530	4595	4576	3030	2599
AT2G41540	358	372	443	389
AT2G41550	181	199	137	53
AT2G41560	2147	2307	3161	4035
AT2G41590	0	0	2	2
AT2G41600	391	384	295	270
AT2G41610	3	4	1	3
AT2G41620	868	1032	954	801
AT2G41630	1650	1699	748	681
AT2G41640	3215	3296	694	755
AT2G41650	909	881	707	391
AT2G41660	42	40	29	8
AT2G41670	179	192	129	86
AT2G41680	2438	2391	4015	4054
AT2G41690	12	8	4	0
AT2G41700	1006	1093	1115	1066
AT2G41705	360	378	401	422
AT2G41710	984	1002	998	1104
AT2G41720	311	383	451	440
AT2G41730	267	218	124	151
AT2G41740	2096	2329	2020	2227
AT2G41750	175	175	195	246
AT2G41760	403	374	333	387
AT2G41770	663	670	490	534
AT2G41780	196	194	39	23
AT2G41790	2060	2110	1417	1524
AT2G41800	76	81	4	8
AT2G41810	10	6	7	3
AT2G41820	602	657	709	440
AT2G41830	198	235	236	280
AT2G41835	481	533	172	148
AT2G41840	8717	9095	8498	5785
AT2G41850	12	20	20	0
AT2G41870	923	1077	1399	1395
AT2G41880	422	456	439	454
AT2G41890	761	703	396	297
AT2G41900	2700	2908	1770	1468
AT2G41905	81	104	22	13
AT2G41930	0	0	1	0
AT2G41940	1372	1436	882	1256
AT2G41945	348	371	190	176
AT2G41950	285	264	321	304
AT2G41960	1157	1218	878	843
AT2G41970	1	0	0	0
AT2G41980	369	377	382	384
AT2G41990	36	44	119	140
AT2G41997	3	2	1	0
AT2G42005	1	6	6	0
AT2G42010	1364	1454	643	756
AT2G42030	839	805	593	779
AT2G42040	394	416	948	1461
AT2G42060	5	8	0	0
AT2G42070	586	598	476	532
AT2G42080	257	272	176	160
AT2G42090	2	2	3	4
AT2G42110	59	69	48	37
AT2G42120	205	243	162	109
AT2G42130	943	905	1046	1090
AT2G42140	11	13	0	3
AT2G42150	11	14	13	9
AT2G42160	788	815	529	595
AT2G42170	56	55	236	374
AT2G42190	1028	1122	1066	1242
AT2G42200	356	401	375	265
AT2G42210	2049	2209	1602	1284
AT2G42220	2850	3001	6188	7340
AT2G42230	874	845	646	548
AT2G42240	276	199	167	173
AT2G42247	391	404	243	237
AT2G42250	317	333	193	185
AT2G42260	46	51	61	37
AT2G42270	1339	1340	1155	1220
AT2G42280	89	86	214	268
AT2G42290	103	107	160	136
AT2G42300	633	632	691	753
AT2G42310	1413	1521	863	786
AT2G42320	1331	1453	1257	1465
AT2G42330	578	651	421	502
AT2G42340	4	8	3	0
AT2G42350	461	465	11	2
AT2G42360	1308	1304	39	32
AT2G42365	266	248	155	147
AT2G42370	75	79	97	74
AT2G42380	122	139	445	669
AT2G42388	1	0	3	5
AT2G42390	786	743	552	557
AT2G42395	47	47	31	15
AT2G42400	625	715	445	481
AT2G42430	0	0	0	1
AT2G42450	97	93	96	105
AT2G42460	0	1	0	0
AT2G42480	18	8	0	0
AT2G42485	104	123	108	112
AT2G42490	1593	1718	1673	1424
AT2G42500	1606	1650	1560	1547
AT2G42510	64	88	79	67
AT2G42520	1035	1005	832	768
AT2G42530	1357	1408	6384	8061
AT2G42540	8641	9004	16115	19406
AT2G42560	0	1	1	0
AT2G42570	385	461	305	200
AT2G42580	1439	1487	1677	2521
AT2G42590	4610	4810	4206	4685
AT2G42600	5901	6168	7876	7329
AT2G42610	3485	3548	4141	1055
AT2G42620	575	599	649	702
AT2G42640	159	128	146	88
AT2G42650	174	179	157	84
AT2G42660	7	16	5	0
AT2G42670	364	385	351	377
AT2G42680	2828	3031	1564	1351
AT2G42690	1163	1242	2571	2804
AT2G42700	507	536	365	333
AT2G42710	652	643	582	361
AT2G42720	1	0	6	3
AT2G42730	137	152	102	60
AT2G42740	313	383	258	185
AT2G42750	1706	1779	2138	2894
AT2G42760	1910	1952	637	338
AT2G42770	481	447	469	457
AT2G42780	963	1051	659	828
AT2G42790	3776	4053	1743	2188
AT2G42800	135	166	168	30
AT2G42810	1254	1370	990	948
AT2G42820	14	10	2	2
AT2G42830	8	1	7	0
AT2G42835	5	1	4	0
AT2G42840	5100	5431	4858	1917
AT2G42850	3	2	1	3
AT2G42860	36	42	16	15
AT2G42870	68	73	231	514
AT2G42880	2562	2768	2676	2656
AT2G42885	40	40	8	1
AT2G42890	801	833	643	923
AT2G42900	7	9	49	74
AT2G42910	836	887	711	474
AT2G42920	268	284	290	315
AT2G42930	12	14	8	8
AT2G42940	108	109	104	121
AT2G42950	246	297	141	134
AT2G42955	1	3	7	9
AT2G42960	84	90	125	75
AT2G42975	120	114	279	260
AT2G42980	14	14	10	4
AT2G42990	6	3	6	5
AT2G43000	305	300	47	28
AT2G43010	3053	3067	5397	6576
AT2G43018	2441	2465	1802	1519
AT2G43020	2445	2470	1802	1519
AT2G43030	2874	2987	6702	6872
AT2G43040	70	58	63	39
AT2G43050	3	10	20	15
AT2G43060	603	651	538	668
AT2G43070	1089	1097	703	686
AT2G43080	1230	1280	569	550
AT2G43090	3384	3545	2154	1951
AT2G43100	1520	1518	2381	1177
AT2G43110	380	341	262	147
AT2G43120	510	540	184	261
AT2G43130	499	474	361	381
AT2G43140	95	76	39	23
AT2G43150	6574	7149	9330	6144
AT2G43160	5359	5575	4433	5073
AT2G43180	309	309	283	322
AT2G43190	193	222	164	107
AT2G43200	224	222	392	391
AT2G43210	792	881	708	736
AT2G43230	7	5	2	4
AT2G43235	404	393	318	324
AT2G43240	305	295	216	203
AT2G43250	173	190	136	149
AT2G43255	3	4	2	1
AT2G43260	190	220	168	166
AT2G43261	1	0	1	2
AT2G43280	213	186	183	200
AT2G43290	4446	4652	709	949
AT2G43310	52	68	24	41
AT2G43320	808	814	195	200
AT2G43330	371	360	449	545
AT2G43340	114	130	114	146
AT2G43350	1851	1860	564	562
AT2G43360	719	726	972	720
AT2G43370	254	227	243	204
AT2G43375	86	91	48	43
AT2G43390	4	7	1	1
AT2G43400	409	444	484	496
AT2G43410	894	915	684	649
AT2G43420	1056	1094	510	388
AT2G43430	668	717	574	665
AT2G43440	34	44	64	78
AT2G43445	18	26	73	58
AT2G43450	1	1	0	0
AT2G43460	2918	2890	2201	1626
AT2G43465	113	138	126	127
AT2G43470	30	22	28	4
AT2G43480	1	4	5	0
AT2G43490	418	503	305	261
AT2G43500	309	402	395	369
AT2G43510	6260	6768	172	169
AT2G43520	253	298	46	15
AT2G43530	20261	21485	2370	2192
AT2G43535	1209	1224	333	378
AT2G43540	454	542	295	325
AT2G43550	1332	1366	2094	1777
AT2G43560	1067	1085	1701	2131
AT2G43570	23127	24606	93	25
AT2G43580	70	68	18	8
AT2G43590	294	326	103	113
AT2G43600	0	0	2	0
AT2G43610	40	22	33	28
AT2G43620	1590	1503	69	43
AT2G43630	751	791	727	744
AT2G43640	642	634	392	362
AT2G43650	963	1079	933	564
AT2G43660	31	33	20	0
AT2G43670	9	10	9	0
AT2G43680	5619	6122	4051	4570
AT2G43690	39	38	36	27
AT2G43700	52	50	27	39
AT2G43710	2990	3287	3567	3631
AT2G43720	139	144	81	70
AT2G43745	180	165	148	124
AT2G43750	1512	1571	2337	2421
AT2G43760	686	719	590	520
AT2G43770	759	724	511	467
AT2G43780	513	520	237	173
AT2G43790	1370	1448	1052	1066
AT2G43800	1599	1669	1704	519
AT2G43810	862	932	554	544
AT2G43820	314	308	727	1164
AT2G43840	39	25	21	18
AT2G43850	1075	1156	413	494
AT2G43865	0	0	1	0
AT2G43870	6	4	10	7
AT2G43880	1	0	0	0
AT2G43900	292	349	459	413
AT2G43910	1706	1881	2402	2938
AT2G43920	149	156	237	271
AT2G43930	65	54	25	23
AT2G43940	343	404	171	142
AT2G43945	1080	1168	1192	1254
AT2G43950	779	799	564	517
AT2G43960	0	0	1	0
AT2G43970	14216	15174	16301	17373
AT2G43980	595	549	283	267
AT2G43990	55	69	59	54
AT2G44000	3	0	5	2
AT2G44010	14	17	0	0
AT2G44020	226	213	157	128
AT2G44040	215	234	350	258
AT2G44050	851	812	924	881
AT2G44060	4921	5143	3646	3257
AT2G44065	991	985	660	538
AT2G44070	113	98	10	0
AT2G44080	1002	1039	497	554
AT2G44090	845	933	820	773
AT2G44100	4514	4842	2992	2812
AT2G44120	3761	3816	3313	2021
AT2G44130	552	615	1120	2102
AT2G44140	1374	1552	1751	2944
AT2G44150	382	352	385	433
AT2G44160	2317	2429	3053	2664
AT2G44180	2012	1992	877	938
AT2G44190	65	39	43	21
AT2G44195	2	2	3	3
AT2G44200	846	868	585	507
AT2G44210	1398	1467	2824	2794
AT2G44220	2	4	2	0
AT2G44230	674	712	943	1227
AT2G44240	535	524	1	0
AT2G44255	173	201	216	250
AT2G44260	172	198	221	250
AT2G44270	440	422	350	331
AT2G44280	283	228	101	136
AT2G44290	5454	5653	429	678
AT2G44300	243	232	108	81
AT2G44304	0	0	0	2
AT2G44310	1381	1373	973	846
AT2G44320	0	0	1	0
AT2G44330	1	0	0	0
AT2G44350	2965	3083	1720	1733
AT2G44360	863	872	426	459
AT2G44370	114	114	13	6
AT2G44380	81	68	1	5
AT2G44390	12	10	0	0
AT2G44400	35	39	2	1
AT2G44410	1148	1088	725	742
AT2G44420	501	586	313	352
AT2G44430	616	722	442	509
AT2G44440	265	290	204	193
AT2G44450	124	136	43	1
AT2G44460	8	16	3	3
AT2G44470	1	1	0	0
AT2G44480	86	83	30	47
AT2G44490	5194	5449	6451	8691
AT2G44500	3717	3771	1048	1588
AT2G44510	249	217	132	72
AT2G44520	990	1055	623	594
AT2G44525	431	412	293	266
AT2G44530	1607	1638	1046	1035
AT2G44540	0	0	3	0
AT2G44570	6	2	4	6
AT2G44578	150	170	14	16
AT2G44580	63	87	118	63
AT2G44581	1	0	0	0
AT2G44590	0	1	5	1
AT2G44600	180	178	82	67
AT2G44610	2674	2916	2037	1924
AT2G44620	1109	1232	678	671
AT2G44630	15	25	37	31
AT2G44640	364	361	541	421
AT2G44650	1440	1382	1474	1549
AT2G44660	424	475	279	248
AT2G44670	887	944	863	816
AT2G44680	912	978	555	481
AT2G44690	77	96	56	29
AT2G44700	37	37	35	33
AT2G44710	742	734	607	554
AT2G44730	601	623	722	796
AT2G44735	66	39	53	77
AT2G44740	133	130	234	287
AT2G44745	156	137	97	6
AT2G44750	316	344	188	192
AT2G44760	729	829	815	933
AT2G44770	605	654	462	410
AT2G44790	599	657	88	62
AT2G44798	95	105	82	85
AT2G44800	65	70	71	73
AT2G44810	9	4	2	2
AT2G44820	445	455	330	250
AT2G44830	442	493	471	166
AT2G44840	1753	1961	343	95
AT2G44850	124	125	120	120
AT2G44860	1492	1639	1050	709
AT2G44870	1100	1147	1346	1512
AT2G44880	25	17	19	21
AT2G44890	7	4	0	0
AT2G44900	568	643	629	785
AT2G44910	103	106	58	46
AT2G44920	475	461	854	1201
AT2G44930	7	13	19	16
AT2G44940	287	274	295	316
AT2G44950	592	629	542	531
AT2G44970	1068	1141	593	602
AT2G44980	349	356	220	195
AT2G44990	18	18	2	1
AT2G44995	28	55	39	44
AT2G45000	773	853	743	570
AT2G45010	1287	1320	582	592
AT2G45023	128	102	87	80
AT2G45030	1150	1214	789	519
AT2G45040	5	10	0	1
AT2G45050	88	79	156	91
AT2G45060	632	645	409	411
AT2G45070	6946	7533	2929	2778
AT2G45080	279	303	182	60
AT2G45100	178	170	171	146
AT2G45120	15	10	6	9
AT2G45130	2	4	0	3
AT2G45135	3	2	2	1
AT2G45140	1305	1268	701	783
AT2G45150	191	189	180	173
AT2G45160	802	858	727	664
AT2G45170	1107	1159	858	1545
AT2G45180	12407	12814	27694	49040
AT2G45190	973	961	901	723
AT2G45200	933	1012	716	717
AT2G45210	109	125	43	29
AT2G45220	1500	1501	64	22
AT2G45240	901	1023	651	563
AT2G45245	145	162	136	126
AT2G45250	811	806	650	623
AT2G45260	634	677	456	510
AT2G45270	361	377	410	437
AT2G45280	135	153	107	96
AT2G45290	740	749	514	336
AT2G45300	1464	1610	830	530
AT2G45310	391	416	316	242
AT2G45315	367	385	300	233
AT2G45320	142	157	103	85
AT2G45330	508	545	328	332
AT2G45340	940	1103	1013	675
AT2G45350	16	7	35	23
AT2G45360	19	36	0	4
AT2G45380	1642	1708	1290	1426
AT2G45400	71	91	114	185
AT2G45410	7	10	13	0
AT2G45420	2	6	4	0
AT2G45430	0	1	0	1
AT2G45440	553	568	500	326
AT2G45450	558	615	223	167
AT2G45460	394	419	253	187
AT2G45470	1844	2004	4692	4591
AT2G45480	103	95	87	14
AT2G45490	53	45	41	17
AT2G45500	600	644	269	303
AT2G45510	1366	1444	512	509
AT2G45520	878	930	567	445
AT2G45530	330	370	405	440
AT2G45540	2276	2121	2470	2382
AT2G45560	226	242	920	922
AT2G45570	78	60	17	9
AT2G45580	1	1	2	0
AT2G45590	759	799	1196	1509
AT2G45600	134	122	302	333
AT2G45610	0	6	0	3
AT2G45620	1307	1255	1492	1651
AT2G45630	204	201	167	184
AT2G45640	1472	1387	767	645
AT2G45650	2	0	3	1
AT2G45660	1216	1303	861	1223
AT2G45670	1890	2021	1690	1893
AT2G45680	1262	1342	305	259
AT2G45685	945	980	229	194
AT2G45690	377	364	266	257
AT2G45695	380	388	151	130
AT2G45700	520	567	487	460
AT2G45710	758	815	400	291
AT2G45720	197	206	195	173
AT2G45730	393	467	431	363
AT2G45740	1642	1733	2025	2056
AT2G45750	29	17	18	12
AT2G45760	270	307	12	9
AT2G45770	1091	1111	888	837
AT2G45780	9	9	0	3
AT2G45790	2577	2638	1318	1180
AT2G45800	10	6	16	23
AT2G45810	1653	1681	1447	1715
AT2G45820	3601	3750	4169	4890
AT2G45830	40	47	64	78
AT2G45840	1	0	1	3
AT2G45850	515	575	852	1031
AT2G45860	634	653	470	340
AT2G45870	106	108	68	28
AT2G45880	289	331	267	248
AT2G45890	16	7	22	20
AT2G45900	32	30	42	55
AT2G45910	1123	1205	676	732
AT2G45920	939	910	282	232
AT2G45930	120	156	46	5
AT2G45940	21	26	4	2
AT2G45950	376	358	415	407
AT2G45960	12657	13193	7709	9029
AT2G45970	386	418	347	371
AT2G45980	1281	1317	1132	1445
AT2G45990	1466	1509	1274	1298
AT2G46000	412	437	310	257
AT2G46020	2457	2526	2073	2063
AT2G46030	632	656	540	664
AT2G46040	107	104	114	61
AT2G46050	16	11	9	4
AT2G46060	524	486	393	384
AT2G46070	116	96	85	127
AT2G46080	729	785	341	379
AT2G46090	342	374	409	365
AT2G46100	973	993	809	1002
AT2G46110	152	166	214	172
AT2G46120	1	0	0	0
AT2G46130	3	4	0	0
AT2G46140	154	125	98	83
AT2G46150	366	388	31	15
AT2G46160	147	161	82	81
AT2G46170	1182	1289	522	432
AT2G46180	619	608	613	664
AT2G46192	114	136	29	54
AT2G46200	309	346	237	167
AT2G46210	94	99	45	31
AT2G46220	2608	2747	3371	5429
AT2G46225	534	603	605	692
AT2G46230	824	866	493	425
AT2G46240	579	598	453	495
AT2G46250	173	161	342	459
AT2G46260	851	1030	693	799
AT2G46270	610	607	138	134
AT2G46280	3062	3220	2215	1815
AT2G46290	82	100	92	68
AT2G46300	1	4	8	2
AT2G46310	147	130	93	68
AT2G46320	326	358	213	222
AT2G46330	2642	2899	3465	4986
AT2G46340	954	935	1109	1095
AT2G46370	1557	1534	1431	1520
AT2G46375	3	1	0	1
AT2G46380	187	170	129	134
AT2G46390	3538	3515	1842	1708
AT2G46400	9222	9671	368	171
AT2G46410	81	84	44	36
AT2G46420	892	875	597	609
AT2G46430	2874	2943	1008	1242
AT2G46440	2790	3025	2009	2863
AT2G46450	3491	3577	1993	2145
AT2G46455	37	21	26	8
AT2G46460	2	0	0	0
AT2G46470	727	721	425	427
AT2G46480	1	2	4	7
AT2G46490	839	917	960	1155
AT2G46493	1	1	0	0
AT2G46495	0	1	2	0
AT2G46500	2214	2179	890	861
AT2G46505	1932	1981	1203	1013
AT2G46510	1912	1986	677	442
AT2G46520	1132	1200	729	581
AT2G46530	134	128	382	438
AT2G46535	266	287	264	158
AT2G46540	925	979	517	480
AT2G46550	1575	1657	1791	2226
AT2G46560	1396	1350	1301	1355
AT2G46567	56	36	25	32
AT2G46570	103	113	112	88
AT2G46572	116	125	129	98
AT2G46580	502	515	391	456
AT2G46590	809	857	496	285
AT2G46600	4518	4544	1770	2128
AT2G46610	385	406	275	263
AT2G46620	805	879	333	291
AT2G46630	757	813	400	308
AT2G46640	228	287	345	319
AT2G46650	2927	3041	1260	649
AT2G46660	14	11	37	50
AT2G46662	0	0	0	1
AT2G46670	95	47	86	121
AT2G46680	692	744	326	264
AT2G46685	1	3	3	1
AT2G46690	466	534	379	347
AT2G46700	394	493	303	235
AT2G46710	413	453	939	961
AT2G46720	14	11	30	37
AT2G46735	277	223	175	172
AT2G46740	33	28	29	15
AT2G46750	58	70	2	0
AT2G46760	7	17	10	5
AT2G46770	8	11	12	3
AT2G46780	324	324	336	305
AT2G46790	256	291	438	555
AT2G46800	953	959	666	801
AT2G46810	141	162	312	333
AT2G46820	7334	7801	19723	23376
AT2G46830	585	600	307	370
AT2G46840	1	0	2	1
AT2G46870	168	186	246	425
AT2G46880	0	0	1	0
AT2G46890	192	183	219	74
AT2G46900	604	658	592	728
AT2G46910	582	632	786	1004
AT2G46915	485	536	616	630
AT2G46920	636	666	479	366
AT2G46930	611	623	564	518
AT2G46940	34	33	21	15
AT2G46950	19	10	4	3
AT2G46970	90	94	45	41
AT2G46980	230	250	202	131
AT2G46990	1	3	5	2
AT2G46995	0	2	0	3
AT2G47000	883	897	220	222
AT2G47010	172	174	120	51
AT2G47015	170	165	134	95
AT2G47020	270	261	216	146
AT2G47030	1	1	0	0
AT2G47040	1	2	0	0
AT2G47050	15	13	1	0
AT2G47060	1320	1545	837	911
AT2G47070	2730	2902	1997	2090
AT2G47090	341	343	331	232
AT2G47110	7376	7594	5606	3681
AT2G47115	7293	7514	5527	3626
AT2G47130	1625	1780	245	261
AT2G47140	25	20	5	4
AT2G47150	1	0	1	2
AT2G47160	879	910	1370	797
AT2G47170	6249	6639	4037	3894
AT2G47180	2131	2198	349	322
AT2G47190	224	216	32	22
AT2G47200	33	29	5	1
AT2G47210	724	762	680	749
AT2G47220	177	186	227	235
AT2G47230	278	249	308	129
AT2G47240	1464	1477	1677	1312
AT2G47250	1257	1411	1324	1343
AT2G47260	198	226	152	161
AT2G47270	3	11	1	8
AT2G47275	0	0	1	1
AT2G47300	101	71	84	58
AT2G47310	234	235	174	161
AT2G47320	1417	1587	1012	915
AT2G47330	674	729	536	552
AT2G47340	1	0	0	0
AT2G47350	353	344	242	231
AT2G47360	0	1	2	4
AT2G47370	74	74	113	88
AT2G47380	1359	1435	858	700
AT2G47390	3371	3511	3646	3469
AT2G47400	10752	11707	16904	20978
AT2G47410	1288	1371	1068	1164
AT2G47420	718	651	740	618
AT2G47430	1	0	0	0
AT2G47440	3280	3580	1172	2378
AT2G47450	3658	3853	8327	10024
AT2G47460	5	1	12	8
AT2G47470	11646	12055	3361	2708
AT2G47480	26	32	15	16
AT2G47485	67	42	19	25
AT2G47490	628	606	332	334
AT2G47500	452	519	572	392
AT2G47510	1535	1531	1419	1264
AT2G47520	308	323	9	0
AT2G47540	1	0	0	1
AT2G47550	125	116	6	1
AT2G47560	31	25	14	25
AT2G47570	0	0	3	4
AT2G47580	805	754	581	538
AT2G47585	0	0	1	0
AT2G47590	2048	2288	3274	3143
AT2G47600	827	895	937	868
AT2G47610	5803	5926	5038	3090
AT2G47620	468	534	290	245
AT2G47630	405	391	337	280
AT2G47640	1188	1180	620	505
AT2G47650	3189	3448	2459	2144
AT2G47670	8	14	40	33
AT2G47680	580	595	269	149
AT2G47690	1165	1295	710	655
AT2G47700	1122	1158	1049	1239
AT2G47710	2762	2863	1216	1427
AT2G47720	19	18	13	16
AT2G47730	10827	11643	5621	6810
AT2G47750	176	194	274	188
AT2G47760	633	689	528	505
AT2G47770	9	10	3	4
AT2G47780	113	112	61	14
AT2G47790	615	647	478	336
AT2G47800	1502	1618	374	259
AT2G47820	131	143	87	67
AT2G47830	544	580	420	352
AT2G47840	735	762	861	740
AT2G47844	1	0	3	1
AT2G47850	895	931	700	614
AT2G47860	123	139	184	123
AT2G47870	4	8	17	11
AT2G47880	199	266	533	786
AT2G47890	473	446	1093	1202
AT2G47895	17	18	8	9
AT2G47900	992	1053	831	802
AT2G47910	329	352	493	558
AT2G47920	50	38	48	42
AT2G47930	425	449	768	848
AT2G47940	1974	2116	3647	3859
AT2G47950	312	368	26	4
AT2G47960	1315	1331	937	903
AT2G47970	1198	1295	851	862
AT2G47980	1488	1576	1297	1146
AT2G47990	438	463	453	235
AT2G48000	323	321	283	288
AT2G48010	817	894	400	489
AT2G48020	256	277	689	938
AT2G48030	781	789	630	939
AT2G48060	764	742	988	1003
AT2G48070	1450	1513	1588	1816
AT2G48075	45	40	21	32
AT2G48080	11	13	7	5
AT2G48090	79	62	33	10
AT2G48100	1136	1099	929	851
AT2G48110	760	846	543	633
AT2G48120	596	584	605	562
AT2G48121	16	21	23	19
AT2G48130	41	42	7	0
AT2G48140	61	52	10	2
AT2G48150	33	43	5	6
AT2G48160	1292	1317	1356	1369
AT3G01015	4	4	0	0
AT3G01030	1	2	2	0
AT3G01040	781	855	524	535
AT3G01050	603	634	396	441
AT3G01060	990	1061	1244	1395
AT3G01070	18	24	9	4
AT3G01080	227	245	111	142
AT3G01085	0	1	0	0
AT3G01090	1319	1449	1300	1256
AT3G01100	802	907	512	572
AT3G01120	3820	3988	5100	3975
AT3G01130	2983	3052	1141	1045
AT3G01140	217	194	253	181
AT3G01142	203	168	235	170
AT3G01150	613	617	526	502
AT3G01160	634	630	571	333
AT3G01170	583	594	389	489
AT3G01175	31	53	0	1
AT3G01180	669	771	856	839
AT3G01200	997	984	526	519
AT3G01202	638	647	356	399
AT3G01210	396	384	288	273
AT3G01220	19	24	22	13
AT3G01230	0	1	0	0
AT3G01240	0	2	0	0
AT3G01250	0	0	0	1
AT3G01260	1	3	0	0
AT3G01270	0	2	0	0
AT3G01280	4097	4347	2453	2036
AT3G01290	6449	6873	3177	5497
AT3G01300	367	369	441	292
AT3G01310	2702	2799	3823	4177
AT3G01311	0	0	0	1
AT3G01313	3	7	3	0
AT3G01316	2	3	1	0
AT3G01319	11	12	20	16
AT3G01320	1260	1165	842	898
AT3G01329	0	0	1	2
AT3G01330	72	74	79	34
AT3G01340	1679	1761	1184	1312
AT3G01345	0	0	0	3
AT3G01350	85	87	67	60
AT3G01360	426	377	246	247
AT3G01370	884	894	1717	1827
AT3G01380	463	522	425	439
AT3G01390	2733	2905	2209	2137
AT3G01400	343	329	245	292
AT3G01410	154	154	109	76
AT3G01420	370	372	18	6
AT3G01430	223	226	125	151
AT3G01435	193	166	129	120
AT3G01440	188	232	391	412
AT3G01450	235	234	192	145
AT3G01460	808	827	635	628
AT3G01470	3009	3043	1471	1685
AT3G01472	3009	3043	1471	1685
AT3G01480	1466	1481	4197	4917
AT3G01490	392	355	641	857
AT3G01500	12962	13486	40320	42474
AT3G01510	561	604	719	732
AT3G01513	41	32	3	2
AT3G01516	2	4	9	1
AT3G01520	2142	2277	1388	1723
AT3G01530	0	3	1	0
AT3G01540	6037	6144	5536	5579
AT3G01550	326	332	293	315
AT3G01560	1592	1783	1295	1365
AT3G01570	20	16	24	6
AT3G01572	11	8	2	5
AT3G01580	28	35	30	24
AT3G01590	994	994	481	539
AT3G01600	216	204	14	8
AT3G01610	484	467	410	410
AT3G01620	13	10	6	3
AT3G01630	4	5	1	4
AT3G01640	872	926	444	416
AT3G01650	539	545	403	442
AT3G01660	124	133	161	174
AT3G01670	278	331	361	321
AT3G01680	468	464	449	489
AT3G01690	2499	2655	4234	4935
AT3G01700	0	4	2	0
AT3G01710	153	174	164	91
AT3G01720	1061	1069	722	730
AT3G01730	0	3	0	0
AT3G01740	1125	1181	692	598
AT3G01750	173	207	153	135
AT3G01760	10	16	0	0
AT3G01770	1301	1381	1059	1080
AT3G01780	1652	1720	1536	1433
AT3G01790	887	973	873	596
AT3G01800	455	505	220	140
AT3G01810	651	671	1009	808
AT3G01820	1058	1122	441	331
AT3G01830	1882	2060	130	28
AT3G01840	219	210	41	1
AT3G01850	582	643	579	682
AT3G01860	598	676	683	750
AT3G01870	2	0	2	0
AT3G01890	119	123	140	190
AT3G01900	1	0	0	0
AT3G01910	2639	2913	2670	2712
AT3G01920	451	444	496	622
AT3G01930	582	646	535	503
AT3G01940	7	12	10	7
AT3G01950	49	60	47	40
AT3G01960	24	39	73	130
AT3G01970	415	424	109	132
AT3G01980	478	493	476	437
AT3G01990	54	72	60	69
AT3G02000	24	27	23	2
AT3G02010	107	115	46	29
AT3G02020	1831	1942	3641	2016
AT3G02030	198	178	165	142
AT3G02040	166	169	159	220
AT3G02050	1106	1151	863	886
AT3G02060	620	633	690	591
AT3G02065	504	463	420	486
AT3G02070	928	922	424	592
AT3G02080	6067	6370	4009	2918
AT3G02090	6747	7096	4284	4137
AT3G02110	386	393	472	442
AT3G02120	432	495	414	159
AT3G02125	1	2	1	0
AT3G02130	1078	1087	717	987
AT3G02140	133	115	54	85
AT3G02150	349	380	112	168
AT3G02160	78	75	62	52
AT3G02170	3090	3273	1535	2506
AT3G02180	2475	2601	2091	2110
AT3G02190	1129	1073	383	306
AT3G02200	2267	2421	1431	1202
AT3G02210	222	249	116	41
AT3G02220	1055	1045	795	617
AT3G02230	4761	4892	2320	845
AT3G02240	0	2	0	0
AT3G02250	1582	1593	1370	1215
AT3G02260	3240	3598	3136	3440
AT3G02270	2	3	0	0
AT3G02280	310	349	264	302
AT3G02290	270	283	300	236
AT3G02300	1104	1203	1033	1180
AT3G02310	1	1	4	0
AT3G02320	421	440	285	202
AT3G02330	60	54	45	23
AT3G02340	301	374	333	342
AT3G02350	1758	1893	1214	1267
AT3G02360	3243	3395	1823	1690
AT3G02370	65	67	55	74
AT3G02380	255	290	282	389
AT3G02390	62	73	59	72
AT3G02400	221	189	231	177
AT3G02410	33	32	33	85
AT3G02420	877	906	482	454
AT3G02450	790	800	1170	1156
AT3G02460	646	692	319	407
AT3G02468	26296	27530	18347	16778
AT3G02470	26341	27583	18365	16797
AT3G02480	51	34	47	7
AT3G02490	197	222	219	163
AT3G02493	2	0	2	2
AT3G02500	90	96	127	37
AT3G02510	814	876	788	486
AT3G02520	3581	3902	1368	1155
AT3G02530	1344	1514	1163	884
AT3G02540	1254	1279	1791	2168
AT3G02550	3206	3297	568	132
AT3G02555	295	334	204	152
AT3G02560	2839	3133	2106	1598
AT3G02570	1335	1347	1975	2444
AT3G02580	687	742	516	652
AT3G02590	6	4	2	1
AT3G02600	960	989	989	1040
AT3G02610	53	71	14	13
AT3G02620	30	30	25	17
AT3G02630	1492	1626	1521	1443
AT3G02640	409	437	473	198
AT3G02645	0	0	0	1
AT3G02650	399	402	378	241
AT3G02660	352	340	357	372
AT3G02670	1	0	0	0
AT3G02680	152	218	125	67
AT3G02690	426	442	598	608
AT3G02700	542	513	524	554
AT3G02710	831	924	643	534
AT3G02715	0	2	0	0
AT3G02720	1145	1251	1037	1159
AT3G02730	2970	3054	4058	4734
AT3G02740	921	980	689	708
AT3G02750	1219	1349	1216	1337
AT3G02760	1251	1386	1435	1044
AT3G02770	1482	1505	549	535
AT3G02780	1629	1589	1236	1213
AT3G02790	342	346	356	336
AT3G02800	77	59	65	35
AT3G02810	0	3	0	0
AT3G02820	129	130	157	98
AT3G02830	1073	1253	1029	865
AT3G02832	48	43	22	16
AT3G02840	1559	1718	201	78
AT3G02850	6	10	2	9
AT3G02860	595	586	405	438
AT3G02870	813	888	991	991
AT3G02875	448	501	233	180
AT3G02880	2022	2127	756	855
AT3G02885	166	159	74	6
AT3G02890	333	326	356	309
AT3G02900	578	564	447	399
AT3G02910	277	307	331	300
AT3G02920	246	229	203	157
AT3G02930	372	356	330	222
AT3G02940	4	7	1	0
AT3G02950	408	368	356	259
AT3G02970	3	2	0	0
AT3G02980	41	53	36	31
AT3G02990	68	93	45	48
AT3G03000	343	322	197	275
AT3G03010	370	393	312	257
AT3G03020	1566	1583	469	509
AT3G03030	256	245	111	66
AT3G03040	636	616	358	340
AT3G03050	1571	1521	575	523
AT3G03060	275	320	223	120
AT3G03070	2560	2563	1567	1416
AT3G03090	561	643	387	416
AT3G03100	2868	3013	1800	1790
AT3G03110	579	606	518	334
AT3G03120	316	335	196	211
AT3G03130	154	140	142	59
AT3G03140	334	388	292	276
AT3G03150	3122	3212	3260	4016
AT3G03160	690	721	465	397
AT3G03170	33	36	26	16
AT3G03180	194	184	132	148
AT3G03190	191	178	465	165
AT3G03200	12	7	1	4
AT3G03210	205	220	131	124
AT3G03220	318	316	352	246
AT3G03230	11	5	2	3
AT3G03240	1	5	0	1
AT3G03250	3535	3808	2969	2507
AT3G03260	2	4	1	3
AT3G03270	2969	3052	436	234
AT3G03272	4	0	0	2
AT3G03280	19	12	1	0
AT3G03300	1093	1283	856	808
AT3G03305	545	616	375	364
AT3G03310	553	660	251	263
AT3G03320	165	174	122	126
AT3G03330	591	604	396	418
AT3G03340	1253	1302	768	695
AT3G03341	26	19	9	12
AT3G03350	79	88	88	75
AT3G03360	271	296	181	173
AT3G03370	102	107	92	65
AT3G03380	1868	2008	1545	1481
AT3G03420	527	503	285	235
AT3G03430	1	3	2	0
AT3G03440	214	249	208	205
AT3G03450	41	43	49	27
AT3G03460	66	104	78	28
AT3G03470	896	982	689	1038
AT3G03480	9	8	21	13
AT3G03490	629	644	350	354
AT3G03500	0	0	0	1
AT3G03520	599	643	318	264
AT3G03530	20	12	1	2
AT3G03550	389	404	417	428
AT3G03560	1485	1473	754	901
AT3G03570	558	575	358	314
AT3G03580	127	137	102	87
AT3G03590	232	265	153	159
AT3G03600	480	509	347	321
AT3G03610	477	498	203	213
AT3G03630	249	285	411	367
AT3G03640	4760	5123	493	598
AT3G03650	19	32	4	0
AT3G03660	9	14	3	0
AT3G03680	126	129	156	123
AT3G03690	225	249	196	171
AT3G03700	103	102	100	61
AT3G03702	105	114	112	65
AT3G03710	903	862	1339	1329
AT3G03720	778	863	581	676
AT3G03726	1	0	0	0
AT3G03740	983	1048	619	565
AT3G03750	270	284	162	171
AT3G03770	1008	1034	720	596
AT3G03773	371	399	179	126
AT3G03776	8	10	10	13
AT3G03780	3058	3245	4809	3007
AT3G03790	1047	1138	758	727
AT3G03810	554	591	333	362
AT3G03820	12	13	74	61
AT3G03830	4	3	7	10
AT3G03840	9	21	44	58
AT3G03850	9	10	23	33
AT3G03860	805	817	520	590
AT3G03870	1458	1629	957	1498
AT3G03880	351	361	330	294
AT3G03890	1359	1483	868	973
AT3G03900	181	195	158	132
AT3G03910	31	53	72	33
AT3G03920	1851	1988	1555	888
AT3G03930	4	4	1	0
AT3G03940	1695	1852	1643	1566
AT3G03950	993	994	548	549
AT3G03960	1651	1826	1696	1171
AT3G03970	218	215	124	84
AT3G03980	286	324	242	181
AT3G03990	1079	1116	485	632
AT3G04000	145	135	44	64
AT3G04010	148	180	77	97
AT3G04020	137	178	107	118
AT3G04030	80	80	96	107
AT3G04040	34	37	33	31
AT3G04050	13	8	13	23
AT3G04060	213	206	52	95
AT3G04070	264	259	45	24
AT3G04080	862	892	483	502
AT3G04090	2288	2389	1182	1398
AT3G04100	0	0	0	2
AT3G04110	866	904	366	467
AT3G04120	18499	19333	7763	5723
AT3G04130	165	162	132	86
AT3G04140	68	77	226	196
AT3G04160	281	289	331	334
AT3G04170	1	1	1	0
AT3G04181	33	19	14	21
AT3G04184	36	57	31	36
AT3G04200	12	10	12	19
AT3G04210	3726	3965	4782	7852
AT3G04220	508	529	14	5
AT3G04230	380	421	174	140
AT3G04240	2865	2956	1827	1669
AT3G04260	790	798	1586	1676
AT3G04290	1092	1126	1899	1879
AT3G04300	20	12	7	6
AT3G04310	79	110	99	102
AT3G04320	24	28	0	0
AT3G04340	1104	1098	1824	1789
AT3G04350	267	231	300	321
AT3G04360	1	0	3	0
AT3G04370	7	5	0	0
AT3G04380	108	127	127	90
AT3G04390	1	0	0	0
AT3G04400	10348	10795	7650	5617
AT3G04410	1	2	1	1
AT3G04420	17	30	26	27
AT3G04440	144	174	120	130
AT3G04450	124	160	140	145
AT3G04460	329	330	198	199
AT3G04470	1103	1153	1130	1090
AT3G04480	1103	1141	794	866
AT3G04485	86	88	84	82
AT3G04490	734	710	591	632
AT3G04500	882	951	555	564
AT3G04510	693	692	192	32
AT3G04520	958	1033	802	393
AT3G04530	4	4	4	1
AT3G04540	0	0	1	0
AT3G04550	1602	1709	4758	4936
AT3G04560	399	382	302	296
AT3G04570	5	6	3	0
AT3G04580	641	685	423	408
AT3G04590	618	766	776	730
AT3G04600	1120	1116	732	666
AT3G04610	1274	1329	1017	825
AT3G04620	66	95	59	26
AT3G04630	420	423	522	356
AT3G04640	3425	3395	1109	989
AT3G04650	357	378	463	456
AT3G04660	1	1	2	1
AT3G04670	854	775	338	288
AT3G04680	350	388	347	293
AT3G04690	84	82	91	82
AT3G04700	74	87	49	40
AT3G04710	421	482	325	194
AT3G04720	4916	5292	3896	3410
AT3G04730	2811	2836	3618	4658
AT3G04740	865	863	817	888
AT3G04750	183	189	158	170
AT3G04760	524	605	992	1028
AT3G04770	209	246	173	118
AT3G04780	746	661	373	336
AT3G04790	1971	2044	2349	2353
AT3G04800	17	4	5	0
AT3G04810	565	626	626	474
AT3G04820	358	350	290	204
AT3G04830	1209	1324	843	886
AT3G04840	8498	9003	6763	4397
AT3G04850	142	116	110	58
AT3G04854	11	5	3	7
AT3G04860	65	78	72	48
AT3G04870	1247	1261	1494	1763
AT3G04880	698	700	663	752
AT3G04890	382	439	523	507
AT3G04900	3	5	1	0
AT3G04910	2194	2264	3794	4371
AT3G04920	3370	3592	2623	1755
AT3G04930	1284	1442	1097	1235
AT3G04940	1179	1191	1124	1009
AT3G04950	115	79	73	44
AT3G04960	14	12	31	44
AT3G04970	318	375	165	189
AT3G04980	113	126	94	81
AT3G05000	781	748	610	609
AT3G05010	446	443	279	320
AT3G05020	564	619	422	280
AT3G05030	894	912	891	699
AT3G05040	465	499	435	358
AT3G05050	907	899	607	439
AT3G05060	1809	1938	1661	767
AT3G05070	657	808	507	409
AT3G05080	81	87	23	34
AT3G05090	1555	1548	792	859
AT3G05100	638	582	497	522
AT3G05110	4	4	0	3
AT3G05120	1060	1063	540	392
AT3G05130	322	346	426	282
AT3G05140	10	6	36	31
AT3G05150	1	1	1	5
AT3G05152	14	31	10	2
AT3G05155	0	4	1	0
AT3G05160	692	705	912	1382
AT3G05165	1836	1961	1018	1259
AT3G05170	146	163	102	88
AT3G05180	289	286	265	306
AT3G05190	127	115	177	57
AT3G05200	1225	1306	844	914
AT3G05210	859	958	491	505
AT3G05220	3955	4359	5735	5769
AT3G05230	1254	1347	368	366
AT3G05240	12	23	17	17
AT3G05250	389	430	248	341
AT3G05260	8	6	7	1
AT3G05270	603	642	448	418
AT3G05280	828	825	511	565
AT3G05290	635	594	437	427
AT3G05310	1	3	2	0
AT3G05320	730	733	130	156
AT3G05327	12	10	7	7
AT3G05330	173	164	156	102
AT3G05340	97	94	86	80
AT3G05345	410	405	435	466
AT3G05350	1309	1314	1166	1459
AT3G05360	244	228	36	51
AT3G05370	321	258	384	446
AT3G05380	1172	1250	646	517
AT3G05390	19	17	7	6
AT3G05400	11	24	19	22
AT3G05410	235	221	333	339
AT3G05420	1205	1262	1124	1089
AT3G05430	106	124	84	75
AT3G05470	206	214	323	126
AT3G05480	39	52	56	24
AT3G05490	1444	1626	581	859
AT3G05500	3024	3032	486	335
AT3G05510	329	351	228	249
AT3G05520	420	506	600	579
AT3G05530	3326	3558	2448	2272
AT3G05545	1536	1584	1028	1034
AT3G05550	57	42	22	12
AT3G05560	3711	3998	2743	2030
AT3G05570	254	280	132	144
AT3G05580	495	511	189	248
AT3G05590	6234	6671	5067	3378
AT3G05600	130	123	118	50
AT3G05620	18	20	5	7
AT3G05625	187	180	261	269
AT3G05630	134	141	92	94
AT3G05640	817	894	784	680
AT3G05650	3046	3266	961	1119
AT3G05660	852	836	646	969
AT3G05670	1060	1177	881	869
AT3G05675	180	189	159	117
AT3G05680	1260	1272	1175	1071
AT3G05685	68	66	36	30
AT3G05690	671	690	301	259
AT3G05700	414	411	191	179
AT3G05710	798	809	538	477
AT3G05720	4	1	3	1
AT3G05727	328	311	1208	41
AT3G05730	1633	1609	1463	1817
AT3G05740	99	87	71	56
AT3G05741	1	0	0	0
AT3G05746	0	2	0	0
AT3G05750	276	291	342	224
AT3G05760	1123	1202	808	658
AT3G05770	3	4	0	0
AT3G05780	0	1	0	0
AT3G05790	25	15	15	6
AT3G05800	66	61	289	295
AT3G05810	239	272	192	118
AT3G05820	7	8	6	1
AT3G05830	260	271	236	180
AT3G05840	2128	2165	1320	1304
AT3G05858	4	9	0	0
AT3G05860	1	0	0	0
AT3G05870	208	201	134	146
AT3G05880	1890	1936	2006	2788
AT3G05890	72	66	37	40
AT3G05900	1139	1272	2638	4523
AT3G05905	1151	1286	2657	4531
AT3G05910	2619	2621	2907	3439
AT3G05930	121	139	74	99
AT3G05932	223	222	132	178
AT3G05935	114	115	95	109
AT3G05936	56	47	82	128
AT3G05937	114	102	122	147
AT3G05940	277	312	253	228
AT3G05950	0	1	0	0
AT3G05960	0	2	0	0
AT3G05970	2944	3050	1565	1741
AT3G05980	187	148	141	41
AT3G05990	262	247	287	236
AT3G06010	621	610	678	489
AT3G06019	2	1	2	0
AT3G06020	251	277	137	46
AT3G06030	265	318	310	148
AT3G06035	1027	1164	1189	592
AT3G06040	777	793	800	617
AT3G06050	3029	3032	1401	1346
AT3G06060	457	435	483	475
AT3G06070	1809	1855	1749	3831
AT3G06080	1869	1806	1320	2192
AT3G06090	0	0	0	1
AT3G06100	2	5	9	19
AT3G06110	546	560	309	315
AT3G06120	7	14	15	15
AT3G06125	565	640	274	328
AT3G06130	401	391	889	651
AT3G06140	127	122	239	221
AT3G06145	70	78	141	143
AT3G06150	553	585	851	1058
AT3G06160	21	33	73	42
AT3G06170	1471	1504	922	1157
AT3G06180	152	167	160	182
AT3G06190	966	1027	704	647
AT3G06200	445	536	443	424
AT3G06210	242	317	214	292
AT3G06220	27	25	50	2
AT3G06240	286	293	238	242
AT3G06250	330	308	291	263
AT3G06260	7	9	5	7
AT3G06270	331	310	223	252
AT3G06290	1271	1297	938	1007
AT3G06300	592	631	348	361
AT3G06310	617	678	395	365
AT3G06320	406	471	229	205
AT3G06330	397	416	359	430
AT3G06340	427	506	373	347
AT3G06350	1731	1772	1087	897
AT3G06360	67	52	49	22
AT3G06370	146	155	148	124
AT3G06380	728	766	659	768
AT3G06390	12	9	3	2
AT3G06400	2311	2371	2222	2237
AT3G06410	745	729	597	477
AT3G06420	164	185	99	107
AT3G06430	568	607	801	845
AT3G06435	390	390	59	33
AT3G06440	365	369	415	457
AT3G06450	1338	1453	972	887
AT3G06455	117	136	123	125
AT3G06470	694	778	742	802
AT3G06480	846	853	710	656
AT3G06483	1171	1205	1349	1599
AT3G06490	33	32	39	21
AT3G06500	3992	4263	2226	1977
AT3G06510	1955	1957	1820	1871
AT3G06520	45	50	46	23
AT3G06530	876	835	835	477
AT3G06540	860	867	420	411
AT3G06545	0	0	2	0
AT3G06550	2644	2717	2053	1797
AT3G06560	0	2	0	1
AT3G06570	152	138	152	153
AT3G06580	1258	1338	948	1078
AT3G06590	396	425	519	438
AT3G06600	9	8	8	5
AT3G06610	502	587	449	385
AT3G06620	817	846	614	610
AT3G06630	103	122	35	15
AT3G06640	19	24	31	3
AT3G06650	2372	2458	2648	2737
AT3G06660	316	320	274	221
AT3G06670	1527	1688	1324	1301
AT3G06680	1024	1009	714	420
AT3G06690	180	191	78	79
AT3G06700	7955	8042	5255	3420
AT3G06710	38	29	14	20
AT3G06720	1808	1994	1448	1318
AT3G06730	486	536	572	480
AT3G06740	337	346	331	260
AT3G06750	640	766	770	881
AT3G06760	672	673	354	375
AT3G06770	412	437	525	707
AT3G06778	8	11	7	15
AT3G06780	393	425	350	494
AT3G06790	725	699	552	405
AT3G06810	1202	1218	712	666
AT3G06820	546	661	390	431
AT3G06830	70	68	46	64
AT3G06840	27	41	41	39
AT3G06850	685	765	436	522
AT3G06860	2367	2530	1297	1238
AT3G06868	330	348	388	368
AT3G06870	250	275	321	294
AT3G06880	621	656	732	817
AT3G06890	642	668	74	22
AT3G06895	1	0	0	0
AT3G06900	20	9	5	3
AT3G06910	175	171	152	149
AT3G06920	166	188	132	116
AT3G06930	734	783	525	351
AT3G06950	249	286	289	333
AT3G06960	523	499	393	523
AT3G06962	1	3	1	1
AT3G06970	0	0	2	5
AT3G06980	606	619	1399	1563
AT3G06985	3	1	0	2
AT3G06990	9	10	9	8
AT3G07000	4	13	6	10
AT3G07010	583	545	1218	1702
AT3G07020	545	558	581	696
AT3G07025	2	0	0	0
AT3G07030	441	418	547	345
AT3G07040	561	588	261	351
AT3G07050	1136	1194	1193	658
AT3G07060	264	311	234	178
AT3G07070	1	0	1	0
AT3G07080	393	428	368	378
AT3G07090	1307	1310	679	569
AT3G07100	2077	2251	1888	1929
AT3G07110	3853	4070	3011	1982
AT3G07120	5	5	8	4
AT3G07130	50	37	37	44
AT3G07140	575	683	615	592
AT3G07150	20	10	12	10
AT3G07160	3203	3498	2317	2319
AT3G07170	831	892	535	499
AT3G07180	1323	1442	892	865
AT3G07190	276	322	200	214
AT3G07195	521	477	162	180
AT3G07200	171	208	240	206
AT3G07210	243	239	260	234
AT3G07215	197	189	136	185
AT3G07220	704	697	522	590
AT3G07230	2705	3032	1541	1255
AT3G07250	22	13	6	1
AT3G07260	26	21	16	11
AT3G07270	738	722	867	737
AT3G07273	143	179	142	154
AT3G07290	51	39	41	36
AT3G07300	627	627	528	481
AT3G07310	660	748	1212	1446
AT3G07320	956	999	976	502
AT3G07330	984	1004	710	662
AT3G07340	330	359	172	199
AT3G07350	247	254	189	195
AT3G07360	2619	2787	2698	3591
AT3G07370	602	651	307	386
AT3G07380	1	3	15	19
AT3G07390	4192	4467	2262	2477
AT3G07400	682	675	539	586
AT3G07410	591	619	456	283
AT3G07420	105	118	88	63
AT3G07425	0	0	2	0
AT3G07430	1042	1074	1306	1040
AT3G07440	356	370	365	309
AT3G07460	3141	3240	2638	3927
AT3G07470	3199	3382	1644	2622
AT3G07480	1812	1926	1331	1139
AT3G07500	99	87	76	65
AT3G07510	318	311	245	240
AT3G07520	1730	1959	114	168
AT3G07522	1	0	1	1
AT3G07525	158	176	114	97
AT3G07530	155	166	100	97
AT3G07540	1145	1199	589	417
AT3G07550	516	474	251	290
AT3G07560	2732	2910	1737	2004
AT3G07565	376	393	309	325
AT3G07568	704	658	303	267
AT3G07570	760	750	297	307
AT3G07580	465	496	158	129
AT3G07590	491	466	229	141
AT3G07600	80	93	9	20
AT3G07610	739	732	542	453
AT3G07630	541	557	442	448
AT3G07640	529	514	406	425
AT3G07650	294	263	245	165
AT3G07660	1239	1269	1238	1116
AT3G07670	605	588	802	888
AT3G07680	2803	3104	992	1032
AT3G07690	344	397	214	211
AT3G07700	2561	2825	1257	1555
AT3G07710	0	1	0	0
AT3G07720	1705	1725	422	447
AT3G07730	140	149	138	133
AT3G07740	373	356	296	273
AT3G07750	261	252	202	132
AT3G07760	1144	1215	457	427
AT3G07770	1523	1694	1357	877
AT3G07780	3493	3698	2244	2653
AT3G07790	1575	1605	1104	1190
AT3G07800	253	240	199	201
AT3G07810	1367	1431	877	760
AT3G07820	1	1	0	0
AT3G07850	1	0	1	0
AT3G07860	285	300	210	119
AT3G07870	536	618	313	335
AT3G07880	1158	1211	1092	1153
AT3G07890	613	699	576	643
AT3G07900	4	4	3	1
AT3G07910	942	958	470	446
AT3G07920	3	0	1	0
AT3G07930	142	164	152	152
AT3G07940	644	632	636	800
AT3G07950	850	861	622	652
AT3G07960	63	41	65	37
AT3G07970	79	73	13	0
AT3G07980	659	619	422	501
AT3G07990	468	565	516	531
AT3G08000	66	83	77	57
AT3G08010	602	617	1012	1192
AT3G08020	873	921	596	734
AT3G08030	5211	5530	3461	2658
AT3G08040	28	25	29	1
AT3G08490	5	6	21	7
AT3G08500	1	4	8	1
AT3G08505	103	109	121	101
AT3G08510	3960	4144	5983	6794
AT3G08520	2123	2216	1273	946
AT3G08530	7054	7454	5277	5387
AT3G08550	1140	1199	712	769
AT3G08560	1	1	0	0
AT3G08570	54	72	78	46
AT3G08580	27281	28532	21026	17095
AT3G08590	3938	4109	2006	1682
AT3G08600	304	326	292	313
AT3G08610	4553	5020	2493	2445
AT3G08620	283	316	270	192
AT3G08630	345	369	245	204
AT3G08640	2047	2198	1245	834
AT3G08650	1614	1751	1126	1256
AT3G08660	23	41	151	114
AT3G08670	815	798	1018	1094
AT3G08680	1096	1127	1365	1102
AT3G08690	1534	1507	513	526
AT3G08700	4	6	7	5
AT3G08710	961	962	390	458
AT3G08720	1848	1935	287	272
AT3G08730	1487	1512	1054	980
AT3G08740	1764	1810	2308	2300
AT3G08750	0	1	0	0
AT3G08760	1367	1350	651	709
AT3G08770	1572	1605	1083	245
AT3G08780	494	550	400	347
AT3G08790	2	1	0	0
AT3G08800	155	127	167	154
AT3G08810	8	5	3	0
AT3G08820	55	58	56	25
AT3G08840	600	617	612	760
AT3G08850	1739	1814	1519	1743
AT3G08860	193	253	116	159
AT3G08870	198	188	102	136
AT3G08880	278	297	326	227
AT3G08890	282	284	255	267
AT3G08900	58	62	23	20
AT3G08910	276	284	229	215
AT3G08920	351	319	1039	1422
AT3G08930	1764	1790	1448	1441
AT3G08940	13624	14067	45666	62507
AT3G08943	761	787	752	491
AT3G08947	223	209	201	132
AT3G08950	261	310	200	153
AT3G08960	877	893	624	658
AT3G08970	761	726	36	32
AT3G08980	90	96	76	56
AT3G08990	531	547	96	75
AT3G09000	434	481	471	456
AT3G09010	490	443	272	250
AT3G09020	677	756	370	442
AT3G09030	517	521	510	596
AT3G09032	109	107	69	40
AT3G09035	368	395	363	486
AT3G09040	80	59	36	38
AT3G09050	421	405	643	778
AT3G09060	68	70	52	32
AT3G09070	633	718	414	185
AT3G09080	27	25	16	9
AT3G09085	133	140	58	92
AT3G09090	1555	1609	1125	1090
AT3G09100	1431	1509	973	991
AT3G09150	314	332	386	353
AT3G09160	30	37	70	91
AT3G09162	10	15	48	40
AT3G09180	523	542	330	335
AT3G09190	63	52	91	71
AT3G09200	14539	15125	12438	8594
AT3G09210	723	850	1356	1513
AT3G09220	81	95	24	0
AT3G09230	119	104	125	132
AT3G09240	5	3	9	8
AT3G09250	818	764	566	675
AT3G09260	5320	5599	996	328
AT3G09270	537	485	11	11
AT3G09280	7	9	3	3
AT3G09290	0	0	1	0
AT3G09300	1276	1233	1202	1264
AT3G09310	168	153	102	117
AT3G09320	465	493	320	359
AT3G09330	4	5	0	15
AT3G09340	0	0	0	2
AT3G09350	355	417	230	170
AT3G09360	470	544	345	297
AT3G09370	217	274	159	174
AT3G09390	20950	21257	8190	11214
AT3G09400	0	3	2	0
AT3G09405	328	338	80	61
AT3G09410	838	893	684	643
AT3G09430	38	36	17	10
AT3G09440	10324	10916	5124	3226
AT3G09450	4	1	2	5
AT3G09470	934	932	714	755
AT3G09480	70	58	46	30
AT3G09490	190	248	99	102
AT3G09500	5512	5667	4853	3695
AT3G09520	239	265	40	34
AT3G09540	377	408	572	512
AT3G09550	62	65	149	164
AT3G09560	618	666	354	401
AT3G09570	894	922	457	454
AT3G09580	158	182	340	375
AT3G09590	1	2	0	0
AT3G09600	237	231	105	84
AT3G09620	5	1	0	0
AT3G09630	7195	7483	6390	4082
AT3G09640	3	1	0	0
AT3G09650	340	300	699	664
AT3G09660	135	98	109	90
AT3G09670	248	269	209	200
AT3G09680	4	7	6	0
AT3G09690	461	458	423	362
AT3G09700	231	209	100	96
AT3G09710	288	329	252	187
AT3G09720	302	325	255	157
AT3G09730	72	68	100	73
AT3G09735	2016	2033	955	1036
AT3G09740	2342	2456	1624	1770
AT3G09760	316	367	360	360
AT3G09770	1416	1483	1341	1311
AT3G09780	36	25	86	49
AT3G09790	49	52	29	18
AT3G09800	301	305	352	298
AT3G09810	1090	1002	417	342
AT3G09820	4945	5243	6502	4913
AT3G09830	2157	2291	655	647
AT3G09840	11350	11550	8703	8233
AT3G09850	866	932	1062	1035
AT3G09860	2132	2088	1900	2110
AT3G09863	7	15	2	2
AT3G09870	238	307	115	69
AT3G09880	621	647	515	629
AT3G09890	305	299	221	182
AT3G09900	1050	998	669	615
AT3G09910	273	275	107	103
AT3G09920	664	624	615	686
AT3G09940	6257	6459	106	33
AT3G09950	51	50	5	0
AT3G09960	210	196	8	2
AT3G09970	630	677	413	348
AT3G09980	1546	1690	1472	1397
AT3G10000	43	43	25	7
AT3G10010	961	961	458	391
AT3G10020	5560	6111	5182	6542
AT3G10030	829	720	617	616
AT3G10040	858	929	365	93
AT3G10050	650	638	824	552
AT3G10060	838	944	1986	2101
AT3G10070	294	342	335	270
AT3G10080	415	452	444	291
AT3G10090	684	762	522	420
AT3G10110	190	182	129	67
AT3G10113	44	43	70	84
AT3G10120	186	216	199	263
AT3G10130	906	969	851	1131
AT3G10140	302	329	266	222
AT3G10150	27	16	20	22
AT3G10160	532	573	810	830
AT3G10180	106	118	126	71
AT3G10185	46	53	35	6
AT3G10190	1072	1170	297	113
AT3G10200	98	96	95	60
AT3G10210	532	552	345	399
AT3G10220	678	736	394	411
AT3G10230	848	863	1041	1207
AT3G10250	693	777	396	488
AT3G10260	1387	1402	1056	1092
AT3G10270	599	630	666	645
AT3G10280	2	1	0	4
AT3G10290	19	23	26	15
AT3G10300	3506	3599	1073	1010
AT3G10310	124	102	133	45
AT3G10320	91	102	15	10
AT3G10330	435	530	349	296
AT3G10340	69	69	64	62
AT3G10350	1038	1196	1058	1088
AT3G10360	583	658	817	862
AT3G10370	998	1026	785	921
AT3G10380	2622	2889	1715	1734
AT3G10390	353	347	313	278
AT3G10400	112	133	119	122
AT3G10405	609	610	956	1184
AT3G10410	2456	2579	1899	1845
AT3G10420	1198	1260	1056	1425
AT3G10430	2	0	0	0
AT3G10440	211	224	189	189
AT3G10450	1014	1023	404	295
AT3G10470	0	5	0	2
AT3G10480	946	1049	772	743
AT3G10490	1250	1354	744	737
AT3G10500	1185	1200	303	298
AT3G10510	5	2	0	0
AT3G10520	581	567	2143	2879
AT3G10525	527	572	464	558
AT3G10530	607	580	385	250
AT3G10540	471	454	302	289
AT3G10550	318	356	290	336
AT3G10560	3	4	3	0
AT3G10570	97	117	105	70
AT3G10572	272	272	212	233
AT3G10590	6	16	1	0
AT3G10595	24	20	0	0
AT3G10600	16	23	2	0
AT3G10610	763	907	674	426
AT3G10620	444	428	373	391
AT3G10630	374	358	272	325
AT3G10640	1126	1223	511	672
AT3G10650	1390	1412	1213	1030
AT3G10660	77	64	53	59
AT3G10670	1185	1190	1394	1271
AT3G10680	5	15	6	10
AT3G10690	897	939	1057	649
AT3G10700	238	265	296	256
AT3G10720	2165	2215	1407	2042
AT3G10730	555	608	469	451
AT3G10740	932	953	673	978
AT3G10745	4	0	2	2
AT3G10750	0	2	1	1
AT3G10760	693	683	549	596
AT3G10770	1483	1439	1115	1278
AT3G10780	3	1	0	1
AT3G10800	1579	1761	722	767
AT3G10810	1007	924	816	755
AT3G10815	325	288	10	8
AT3G10820	279	284	154	114
AT3G10840	146	136	306	291
AT3G10845	3	3	0	1
AT3G10850	3012	2997	2866	3047
AT3G10860	2726	2836	1683	1343
AT3G10870	328	372	398	257
AT3G10880	51	63	41	17
AT3G10890	0	3	2	1
AT3G10910	17	28	5	10
AT3G10912	17	28	5	10
AT3G10915	800	816	469	508
AT3G10920	3341	3470	3060	2914
AT3G10930	1406	1477	125	110
AT3G10940	576	573	897	1023
AT3G10950	0	1	0	0
AT3G10960	256	289	207	257
AT3G10970	1043	1189	1337	1385
AT3G10980	461	430	418	447
AT3G10985	3018	3363	1852	2722
AT3G10986	11	15	2	2
AT3G11000	323	300	81	6
AT3G11010	12324	12922	1197	1619
AT3G11020	113	129	101	68
AT3G11030	545	593	395	386
AT3G11040	204	255	234	165
AT3G11050	25	24	8	5
AT3G11070	390	456	387	327
AT3G11080	565	598	59	110
AT3G11090	178	199	158	130
AT3G11100	585	620	588	536
AT3G11110	118	130	281	340
AT3G11120	2397	2491	1592	1012
AT3G11130	5514	5766	4395	4665
AT3G11150	11	7	8	3
AT3G11160	0	0	0	3
AT3G11170	7121	7357	5741	5626
AT3G11180	4	8	0	0
AT3G11200	1397	1474	1119	935
AT3G11210	529	545	244	170
AT3G11220	328	337	160	137
AT3G11230	917	1028	363	328
AT3G11240	229	208	181	168
AT3G11250	911	888	854	561
AT3G11260	17	20	4	6
AT3G11270	559	550	266	249
AT3G11280	1498	1591	644	642
AT3G11290	532	520	456	467
AT3G11320	706	713	309	323
AT3G11325	0	1	0	1
AT3G11330	548	664	522	439
AT3G11340	201	202	2	6
AT3G11370	0	1	0	0
AT3G11390	26	23	1	8
AT3G11397	880	990	406	431
AT3G11400	2705	2794	1753	1542
AT3G11402	1316	1418	526	581
AT3G11405	2	0	0	1
AT3G11410	1770	2100	1498	2278
AT3G11415	27	17	13	12
AT3G11420	1004	1011	683	757
AT3G11430	23	29	3	2
AT3G11440	194	176	81	81
AT3G11450	1989	2057	1801	1776
AT3G11460	56	48	39	24
AT3G11470	150	166	120	128
AT3G11480	21	24	0	3
AT3G11490	196	171	275	298
AT3G11500	1223	1239	653	545
AT3G11510	4846	5097	3844	2581
AT3G11520	65	95	61	23
AT3G11530	670	647	386	391
AT3G11540	1104	1181	951	853
AT3G11550	0	0	2	2
AT3G11560	1539	1606	2499	3029
AT3G11570	352	400	375	456
AT3G11580	172	189	103	88
AT3G11590	825	877	756	480
AT3G11591	45	48	39	32
AT3G11600	174	176	130	112
AT3G11620	356	355	238	245
AT3G11630	6441	6593	10904	10841
AT3G11640	121	121	6	9
AT3G11650	1051	1030	312	265
AT3G11660	3680	3783	1318	1199
AT3G11670	798	763	1180	1322
AT3G11680	4	1	2	0
AT3G11690	193	200	219	345
AT3G11700	3887	4166	3021	4141
AT3G11710	2670	2777	2117	1459
AT3G11720	348	392	291	279
AT3G11730	1028	1116	781	693
AT3G11740	0	2	2	0
AT3G11745	96	116	42	43
AT3G11750	60	42	62	70
AT3G11760	207	198	255	248
AT3G11770	531	460	275	267
AT3G11773	8	10	2	5
AT3G11780	1811	1889	945	1261
AT3G11800	1586	1755	1033	1121
AT3G11810	1088	1194	811	995
AT3G11820	4291	4469	1848	1867
AT3G11830	2151	2336	2227	1537
AT3G11840	584	570	302	353
AT3G11850	387	386	381	473
AT3G11860	44	47	18	24
AT3G11870	1	0	0	0
AT3G11880	1629	1727	659	747
AT3G11890	502	471	416	399
AT3G11900	279	311	331	435
AT3G11910	2792	2850	2139	1923
AT3G11920	1	0	0	0
AT3G11930	1262	1436	736	1093
AT3G11940	6405	6951	4093	2998
AT3G11945	505	553	650	784
AT3G11950	213	188	154	182
AT3G11960	922	940	889	884
AT3G11964	1354	1422	1214	729
AT3G11980	0	2	0	0
AT3G12010	925	1048	738	679
AT3G12012	925	1048	738	679
AT3G12020	1024	1018	1039	1137
AT3G12030	331	375	196	230
AT3G12040	174	193	108	152
AT3G12050	946	961	872	744
AT3G12060	27	27	10	4
AT3G12070	168	151	53	49
AT3G12080	1437	1443	1909	1945
AT3G12090	88	75	51	101
AT3G12100	802	984	422	511
AT3G12110	208	247	301	385
AT3G12120	12368	13293	19771	18631
AT3G12130	936	899	614	540
AT3G12140	1295	1270	1005	970
AT3G12145	9857	10387	2186	556
AT3G12150	294	294	335	397
AT3G12170	73	83	78	59
AT3G12180	273	293	172	168
AT3G12190	0	1	0	0
AT3G12200	935	889	870	908
AT3G12203	4	0	1	1
AT3G12210	293	314	317	276
AT3G12220	435	433	112	74
AT3G12230	1	4	1	0
AT3G12250	396	414	186	195
AT3G12260	1806	1928	1363	1265
AT3G12270	397	426	397	227
AT3G12280	1403	1533	1038	779
AT3G12290	4096	4155	2777	2759
AT3G12300	282	312	178	181
AT3G12320	323	330	268	284
AT3G12340	289	299	233	126
AT3G12345	1134	1043	1675	1931
AT3G12350	367	415	366	343
AT3G12360	2122	2190	1324	1453
AT3G12370	392	413	348	250
AT3G12380	354	417	344	297
AT3G12390	2442	2587	2318	1722
AT3G12400	1482	1474	793	889
AT3G12410	13	17	8	2
AT3G12430	0	0	1	0
AT3G12440	1	0	0	0
AT3G12460	5	12	20	21
AT3G12470	3	1	4	0
AT3G12480	1073	1171	779	855
AT3G12490	5527	5467	2798	2605
AT3G12500	2471	2509	271	133
AT3G12502	574	578	72	39
AT3G12510	73	88	30	32
AT3G12520	321	381	352	396
AT3G12530	122	120	97	92
AT3G12545	0	0	0	1
AT3G12550	450	419	377	307
AT3G12560	717	799	805	882
AT3G12570	1551	1642	1002	1241
AT3G12580	468	482	277	187
AT3G12587	451	469	268	251
AT3G12590	650	672	584	664
AT3G12600	1199	1222	690	549
AT3G12610	494	595	848	764
AT3G12620	997	1071	673	720
AT3G12630	2478	2599	1384	1626
AT3G12640	785	874	664	625
AT3G12650	374	395	321	274
AT3G12670	986	1066	1155	898
AT3G12680	806	790	549	496
AT3G12685	87	113	205	190
AT3G12690	140	156	182	158
AT3G12700	625	667	474	404
AT3G12710	208	211	277	223
AT3G12720	1	6	1	0
AT3G12730	134	141	89	122
AT3G12740	3250	3671	1737	2083
AT3G12750	339	363	323	187
AT3G12760	1760	1922	965	770
AT3G12770	63	67	82	44
AT3G12775	0	2	1	1
AT3G12780	16480	17385	22302	23964
AT3G12800	2350	2408	1461	1335
AT3G12810	874	883	983	829
AT3G12820	46	54	87	75
AT3G12830	726	721	280	250
AT3G12835	31	32	6	5
AT3G12840	0	2	0	0
AT3G12850	2	0	0	0
AT3G12860	148	141	126	51
AT3G12870	99	100	102	39
AT3G12880	2	1	3	0
AT3G12890	67	44	46	3
AT3G12900	2	1	0	0
AT3G12910	77	86	9	5
AT3G12915	207	225	231	188
AT3G12920	525	542	538	636
AT3G12930	772	759	1086	949
AT3G12940	234	235	186	195
AT3G12950	608	574	441	386
AT3G12955	2	0	1	3
AT3G12960	2	6	1	0
AT3G12965	525	498	271	150
AT3G12970	53	56	48	10
AT3G12977	27	52	4	0
AT3G12980	1188	1225	907	1059
AT3G12990	350	326	254	191
AT3G13000	346	351	411	412
AT3G13020	52	35	22	19
AT3G13030	506	514	457	448
AT3G13040	1530	1403	1586	1638
AT3G13050	490	550	224	278
AT3G13060	1744	1713	1396	1511
AT3G13061	679	715	503	537
AT3G13062	1495	1615	710	1158
AT3G13065	103	120	109	139
AT3G13070	744	791	1002	855
AT3G13080	6795	7221	791	727
AT3G13090	44	42	13	9
AT3G13100	516	477	54	57
AT3G13110	1835	1992	1628	1144
AT3G13120	2915	3070	5401	5649
AT3G13130	6	13	5	3
AT3G13140	8	6	2	4
AT3G13150	132	147	101	66
AT3G13160	372	383	257	164
AT3G13170	15	21	25	5
AT3G13175	865	966	445	156
AT3G13180	475	506	682	677
AT3G13190	469	433	323	209
AT3G13200	2277	2252	1527	1560
AT3G13210	40	28	22	28
AT3G13222	635	621	645	561
AT3G13224	710	726	485	416
AT3G13225	1168	1159	1265	1316
AT3G13226	356	377	321	317
AT3G13227	1	0	1	1
AT3G13229	1	0	1	5
AT3G13230	534	569	375	273
AT3G13235	1084	1150	613	579
AT3G13240	39	34	54	47
AT3G13275	50	46	44	22
AT3G13277	154	199	55	75
AT3G13280	0	3	6	5
AT3G13290	690	743	522	561
AT3G13300	2509	2770	1985	2022
AT3G13310	1564	1599	1210	1580
AT3G13320	1007	1045	495	591
AT3G13330	4062	4108	1537	1587
AT3G13340	1431	1534	1431	1471
AT3G13350	461	519	358	389
AT3G13360	910	916	876	775
AT3G13380	1290	1462	176	139
AT3G13400	1	1	5	11
AT3G13403	1	0	3	2
AT3G13404	15	8	23	22
AT3G13405	0	2	3	1
AT3G13410	3821	4130	2608	2785
AT3G13420	88	90	66	37
AT3G13430	511	460	283	361
AT3G13432	38	45	0	0
AT3G13433	226	233	2	2
AT3G13435	21	28	0	0
AT3G13437	447	478	98	176
AT3G13440	798	878	592	604
AT3G13445	541	525	424	360
AT3G13450	463	412	331	443
AT3G13460	7676	8174	7721	7251
AT3G13470	808	830	1925	1558
AT3G13480	352	388	365	294
AT3G13490	901	1000	1205	1095
AT3G13500	4	5	0	0
AT3G13510	830	936	859	372
AT3G13520	1584	1578	1012	1491
AT3G13525	8	6	2	0
AT3G13530	1502	1455	1049	1316
AT3G13540	26	27	18	18
AT3G13550	435	400	271	282
AT3G13560	1622	1705	589	350
AT3G13570	1029	1092	1052	805
AT3G13580	2985	3084	2212	1627
AT3G13590	5	7	8	7
AT3G13594	1	0	0	0
AT3G13600	143	138	38	40
AT3G13610	276	306	1	1
AT3G13620	198	195	142	179
AT3G13640	13	15	16	7
AT3G13650	504	527	204	54
AT3G13660	9	3	1	0
AT3G13662	21	13	1	1
AT3G13670	2542	2511	1722	1464
AT3G13672	1214	1236	771	687
AT3G13674	81	100	84	84
AT3G13677	114	134	83	100
AT3G13680	2	1	1	2
AT3G13682	65	79	51	72
AT3G13690	768	833	1505	1475
AT3G13700	262	326	256	294
AT3G13710	263	327	257	294
AT3G13720	561	558	420	644
AT3G13730	167	187	150	76
AT3G13740	531	547	715	811
AT3G13750	5112	5469	9417	15633
AT3G13760	2	1	1	0
AT3G13770	38	40	26	29
AT3G13772	1417	1642	1025	956
AT3G13780	95	120	146	161
AT3G13782	127	105	41	50
AT3G13784	8	10	5	1
AT3G13790	2532	2592	292	389
AT3G13800	264	319	414	345
AT3G13810	1662	1804	799	513
AT3G13820	0	2	0	0
AT3G13840	2	1	2	3
AT3G13845	286	328	163	159
AT3G13850	8	9	8	10
AT3G13855	20	12	5	3
AT3G13857	18	12	3	2
AT3G13860	676	697	608	363
AT3G13870	4383	4718	2534	2238
AT3G13880	47	79	65	41
AT3G13882	571	612	469	372
AT3G13890	1	1	0	0
AT3G13898	13	10	4	0
AT3G13900	49	52	6	9
AT3G13910	615	672	166	172
AT3G13920	11617	12318	6797	5593
AT3G13930	2164	2384	1680	1454
AT3G13940	526	495	321	198
AT3G13950	975	1081	17	16
AT3G13960	336	357	220	34
AT3G13970	100	109	47	46
AT3G13980	419	423	760	629
AT3G13990	1208	1245	796	708
AT3G14000	286	281	457	323
AT3G14010	1876	2048	1377	1550
AT3G14020	271	328	432	382
AT3G14050	2581	2727	1712	1903
AT3G14060	264	256	29	16
AT3G14067	4433	4699	4755	4997
AT3G14070	163	172	58	80
AT3G14075	536	619	351	379
AT3G14080	556	563	325	266
AT3G14090	886	1010	463	560
AT3G14100	3383	3569	2821	2770
AT3G14110	1109	1230	1551	1657
AT3G14120	497	578	543	382
AT3G14130	609	643	334	314
AT3G14140	16	13	10	6
AT3G14150	659	665	937	949
AT3G14160	234	230	118	95
AT3G14170	25	27	56	45
AT3G14172	781	767	922	746
AT3G14180	670	743	708	700
AT3G14190	140	153	118	60
AT3G14200	774	732	628	482
AT3G14205	1087	1168	1284	1188
AT3G14210	14105	14684	30837	32119
AT3G14220	1021	1047	807	756
AT3G14225	4	3	5	0
AT3G14230	2872	3060	2200	1828
AT3G14240	2726	3015	3230	2340
AT3G14260	1	0	0	1
AT3G14270	1955	2035	1353	1579
AT3G14280	741	811	83	103
AT3G14290	1596	1777	1035	989
AT3G14310	6102	6211	14754	16919
AT3G14320	2	1	1	0
AT3G14330	150	140	308	259
AT3G14340	404	428	212	173
AT3G14350	3575	3723	2298	2161
AT3G14360	57	78	68	52
AT3G14362	0	1	0	0
AT3G14370	7	22	32	17
AT3G14380	0	0	0	1
AT3G14390	622	669	781	578
AT3G14395	47	53	5	1
AT3G14400	1137	1213	850	734
AT3G14410	562	558	286	273
AT3G14415	5893	6389	9824	12218
AT3G14420	10530	10854	16302	19550
AT3G14430	268	312	124	177
AT3G14431	1	0	0	1
AT3G14440	248	234	242	303
AT3G14450	28	26	71	70
AT3G14452	0	2	5	9
AT3G14460	109	91	72	100
AT3G14470	537	551	204	291
AT3G14475	4	3	0	1
AT3G14510	3	1	0	2
AT3G14540	31	34	23	1
AT3G14550	65	55	47	15
AT3G14560	88	139	120	77
AT3G14570	292	323	122	108
AT3G14580	26	29	27	22
AT3G14590	381	393	84	107
AT3G14595	1363	1393	1143	1469
AT3G14600	5625	6049	3645	2409
AT3G14610	188	211	98	52
AT3G14620	2270	2347	1084	1117
AT3G14630	46	74	56	62
AT3G14640	14	23	12	3
AT3G14650	1985	2051	2217	2138
AT3G14660	1858	1987	2867	3759
AT3G14670	1	0	3	0
AT3G14680	60	37	48	37
AT3G14690	1248	1301	1271	1441
AT3G14700	49	63	25	30
AT3G14710	14	19	2	5
AT3G14720	826	894	794	541
AT3G14730	74	76	62	53
AT3G14735	8	7	7	0
AT3G14740	48	68	113	70
AT3G14750	192	180	159	131
AT3G14760	10	21	54	49
AT3G14770	112	140	118	82
AT3G14780	64	68	15	12
AT3G14790	526	585	487	504
AT3G14810	335	341	796	753
AT3G14830	786	886	518	529
AT3G14840	4196	4218	3220	3326
AT3G14850	31	32	59	48
AT3G14860	826	835	738	707
AT3G14870	289	346	197	86
AT3G14880	0	0	0	1
AT3G14890	458	464	570	259
AT3G14900	262	252	439	260
AT3G14910	227	292	193	195
AT3G14920	959	1017	511	505
AT3G14930	1375	1525	2631	2826
AT3G14940	83	86	127	62
AT3G14950	14	19	17	9
AT3G14960	503	486	328	319
AT3G14970	1	0	0	0
AT3G14980	435	456	624	662
AT3G14981	2	1	3	2
AT3G14990	3811	3903	1010	1187
AT3G15000	4789	5088	4019	2668
AT3G15010	822	855	839	756
AT3G15020	649	694	467	360
AT3G15030	749	860	1031	1168
AT3G15040	479	542	364	411
AT3G15050	6	12	6	5
AT3G15060	512	566	310	313
AT3G15070	584	632	423	629
AT3G15080	334	361	247	179
AT3G15090	256	269	214	188
AT3G15095	973	1016	2042	1898
AT3G15110	660	714	927	1250
AT3G15115	37	50	81	143
AT3G15120	571	548	547	486
AT3G15130	47	60	43	32
AT3G15140	169	177	160	87
AT3G15150	134	135	85	59
AT3G15160	851	862	880	949
AT3G15170	85	108	16	3
AT3G15180	979	971	434	408
AT3G15190	2268	2481	4199	4649
AT3G15200	110	125	83	69
AT3G15210	2725	2956	1561	1396
AT3G15220	508	601	509	537
AT3G15240	27	18	10	0
AT3G15250	0	0	0	2
AT3G15260	1109	1209	842	940
AT3G15270	144	116	82	111
AT3G15280	4	0	7	3
AT3G15290	567	609	400	461
AT3G15300	42	38	38	20
AT3G15340	117	119	24	4
AT3G15350	2652	2737	620	467
AT3G15351	278	302	177	190
AT3G15352	356	325	142	124
AT3G15353	15966	16321	23941	28657
AT3G15354	194	210	494	388
AT3G15355	784	756	366	381
AT3G15356	1268	1368	2156	2273
AT3G15357	11	12	20	4
AT3G15358	83	107	89	103
AT3G15360	5000	5363	6374	7268
AT3G15370	5	5	0	0
AT3G15380	852	1008	667	580
AT3G15390	288	298	213	202
AT3G15395	268	274	209	223
AT3G15400	174	191	119	152
AT3G15410	1022	1071	900	832
AT3G15420	61	78	43	43
AT3G15430	1234	1257	479	548
AT3G15440	1	0	3	5
AT3G15450	3194	3298	7902	13547
AT3G15460	290	275	196	124
AT3G15470	580	662	690	675
AT3G15480	1607	1777	1656	1967
AT3G15500	68	74	146	142
AT3G15510	235	216	232	304
AT3G15518	297	323	62	62
AT3G15520	382	453	1157	1203
AT3G15530	2444	2759	1133	816
AT3G15534	22	26	2	1
AT3G15536	3393	3526	5	11
AT3G15540	253	265	106	122
AT3G15550	176	167	270	165
AT3G15570	327	356	938	1243
AT3G15578	1	0	0	0
AT3G15580	1264	1216	571	794
AT3G15590	849	880	676	487
AT3G15604	0	0	1	0
AT3G15605	5	6	11	4
AT3G15610	744	715	682	596
AT3G15620	72	61	115	103
AT3G15630	550	657	957	1384
AT3G15640	1931	2195	1293	1131
AT3G15650	277	286	52	14
AT3G15660	1426	1521	856	848
AT3G15670	2	1	3	0
AT3G15680	189	187	361	217
AT3G15690	617	678	797	912
AT3G15710	1413	1524	695	770
AT3G15720	569	579	59	46
AT3G15730	13127	13651	10357	10819
AT3G15740	13	24	4	1
AT3G15750	127	117	115	114
AT3G15760	338	353	203	219
AT3G15770	550	597	275	386
AT3G15780	305	319	294	365
AT3G15790	1281	1298	765	632
AT3G15800	18	10	10	5
AT3G15810	3609	3667	1190	913
AT3G15820	1262	1328	589	580
AT3G15830	6	1	0	2
AT3G15840	5694	5872	5941	8155
AT3G15850	1233	1324	2152	2312
AT3G15870	5	2	0	0
AT3G15880	2084	2138	1567	1464
AT3G15890	176	175	121	131
AT3G15900	297	297	348	463
AT3G15910	1	1	0	1
AT3G15920	665	682	593	627
AT3G15930	41	35	46	23
AT3G15940	1087	1169	968	954
AT3G15950	1939	2101	444	195
AT3G15970	932	871	797	650
AT3G15980	2149	2311	1802	1486
AT3G15990	333	312	132	36
AT3G16000	1652	1724	4035	4301
AT3G16010	119	108	125	108
AT3G16020	2	3	0	0
AT3G16030	587	696	188	290
AT3G16040	1	0	0	0
AT3G16050	224	269	168	68
AT3G16060	955	1021	1027	886
AT3G16070	14	17	26	16
AT3G16080	3072	3180	2369	1542
AT3G16090	526	545	346	418
AT3G16100	346	378	307	348
AT3G16110	696	669	444	411
AT3G16117	1	0	0	0
AT3G16120	3	3	7	3
AT3G16130	2149	1993	2535	3020
AT3G16140	9369	9817	15420	19910
AT3G16150	13	21	23	16
AT3G16160	9	6	2	4
AT3G16170	368	408	247	231
AT3G16175	12	22	31	33
AT3G16180	469	478	696	853
AT3G16190	1126	1248	599	641
AT3G16200	455	501	425	400
AT3G16210	1	0	0	0
AT3G16220	592	612	439	640
AT3G16230	674	805	682	728
AT3G16240	4935	5294	8136	11829
AT3G16250	530	535	1373	1566
AT3G16260	599	595	625	734
AT3G16270	1094	1216	803	851
AT3G16280	88	95	39	37
AT3G16290	1043	1059	1784	1643
AT3G16300	1	6	0	0
AT3G16310	786	858	694	448
AT3G16320	69	91	84	70
AT3G16330	105	87	29	9
AT3G16340	669	668	568	304
AT3G16350	134	157	117	134
AT3G16360	219	237	246	382
AT3G16370	3072	3550	4785	7425
AT3G16380	45	36	69	70
AT3G16390	9	17	9	3
AT3G16400	13798	14288	2891	2089
AT3G16410	1420	1480	415	301
AT3G16420	3783	3775	1222	617
AT3G16430	86	82	26	8
AT3G16440	8	1	0	0
AT3G16450	861	938	101	37
AT3G16460	1390	1450	333	295
AT3G16470	18114	19186	3838	2424
AT3G16480	805	886	741	676
AT3G16490	33	53	39	9
AT3G16500	1176	1162	964	421
AT3G16510	1816	1913	431	336
AT3G16520	2000	2160	3955	4331
AT3G16530	496	611	1741	1534
AT3G16555	1	0	1	0
AT3G16560	522	538	282	245
AT3G16565	805	974	395	391
AT3G16570	1381	1386	1068	1629
AT3G16580	1	1	0	0
AT3G16590	1	2	0	0
AT3G16610	28	42	24	13
AT3G16620	242	225	269	121
AT3G16630	1444	1535	1704	1656
AT3G16640	26147	27699	21026	24868
AT3G16650	343	307	143	95
AT3G16660	989	1024	423	532
AT3G16670	19	26	310	465
AT3G16680	0	0	3	0
AT3G16690	86	66	74	101
AT3G16700	368	422	286	305
AT3G16710	120	108	86	100
AT3G16712	41	32	18	19
AT3G16720	1908	1990	749	728
AT3G16730	202	213	163	109
AT3G16740	420	483	328	337
AT3G16750	167	204	187	205
AT3G16760	1019	1100	651	621
AT3G16770	7108	7128	5013	6543
AT3G16780	1687	1834	1513	1021
AT3G16785	1151	1274	813	975
AT3G16800	243	269	427	551
AT3G16810	644	635	538	304
AT3G16830	1813	1950	1236	1225
AT3G16840	1107	1146	1028	750
AT3G16850	1822	1832	2119	2711
AT3G16857	1474	1545	1259	1499
AT3G16860	2163	2318	210	89
AT3G16870	191	190	225	133
AT3G16890	80	70	84	70
AT3G16900	25	23	14	11
AT3G16910	697	707	616	489
AT3G16920	40	59	46	37
AT3G16940	1199	1224	880	905
AT3G16950	485	577	540	367
AT3G16980	65	60	24	14
AT3G16990	550	561	288	292
AT3G17000	1689	1711	705	723
AT3G17010	0	0	6	0
AT3G17020	5838	6244	4258	4540
AT3G17030	155	185	124	171
AT3G17040	1299	1348	2259	2603
AT3G17060	0	2	0	0
AT3G17070	64	64	110	157
AT3G17090	1272	1327	1064	932
AT3G17100	855	888	1645	1775
AT3G17120	967	1052	818	553
AT3G17130	108	101	60	33
AT3G17150	1	2	1	0
AT3G17152	0	0	2	0
AT3G17160	671	649	851	524
AT3G17170	985	1103	1767	1473
AT3G17180	3	2	3	5
AT3G17185	300	298	136	90
AT3G17205	1576	1657	948	958
AT3G17210	1326	1389	1356	1366
AT3G17220	12	18	15	7
AT3G17225	76	54	51	58
AT3G17230	1	0	1	1
AT3G17240	3515	3759	1643	1422
AT3G17250	284	295	187	201
AT3G17280	89	97	37	33
AT3G17300	425	432	330	282
AT3G17310	760	814	544	535
AT3G17330	533	492	414	495
AT3G17340	578	578	622	493
AT3G17350	167	188	241	164
AT3G17360	178	163	263	110
AT3G17365	267	269	221	176
AT3G17380	77	80	25	11
AT3G17390	15861	16545	11821	13301
AT3G17400	1	0	0	0
AT3G17410	3022	3027	1267	1606
AT3G17420	831	929	233	170
AT3G17430	636	638	448	439
AT3G17440	775	751	703	769
AT3G17450	574	582	423	436
AT3G17460	56	78	62	57
AT3G17465	609	706	716	415
AT3G17470	295	344	473	520
AT3G17510	907	973	1229	1292
AT3G17520	2	6	5	3
AT3G17580	19	24	4	4
AT3G17590	538	576	356	318
AT3G17600	1	1	1	5
AT3G17609	107	105	24	21
AT3G17611	113	119	66	50
AT3G17620	0	1	1	0
AT3G17626	133	97	57	51
AT3G17630	189	142	111	96
AT3G17640	74	99	218	210
AT3G17650	1606	1616	1317	1642
AT3G17660	103	120	74	84
AT3G17668	122	144	111	150
AT3G17670	186	196	199	236
AT3G17675	5	2	0	0
AT3G17680	237	282	224	85
AT3G17690	1029	1084	58	12
AT3G17700	1170	1265	688	902
AT3G17710	99	136	86	74
AT3G17712	108	150	163	138
AT3G17720	4	0	0	0
AT3G17730	24	24	14	8
AT3G17740	445	461	362	313
AT3G17750	635	649	721	807
AT3G17760	0	0	1	2
AT3G17770	983	1053	628	667
AT3G17780	805	850	544	464
AT3G17790	525	559	171	193
AT3G17800	4507	4603	1959	2036
AT3G17810	1813	1872	974	1156
AT3G17820	4136	4400	1561	923
AT3G17830	116	122	145	78
AT3G17840	683	760	869	380
AT3G17850	1660	1726	1646	1756
AT3G17860	1228	1251	667	734
AT3G17880	1015	1052	631	653
AT3G17890	104	102	80	65
AT3G17900	1125	1125	1005	956
AT3G17910	362	450	236	182
AT3G17920	441	432	361	421
AT3G17930	2285	2294	2304	2404
AT3G17940	1464	1610	1068	879
AT3G17950	448	479	414	318
AT3G17970	975	921	734	700
AT3G17980	2	4	2	0
AT3G17998	1871	1879	2015	1237
AT3G18000	1875	1883	2017	1238
AT3G18010	30	26	50	26
AT3G18020	79	92	72	67
AT3G18030	350	409	231	197
AT3G18035	2225	2171	2659	2712
AT3G18040	592	665	490	584
AT3G18050	1297	1335	3290	3690
AT3G18060	1527	1741	1330	1442
AT3G18070	9	16	63	43
AT3G18080	15055	15988	14180	12746
AT3G18090	181	217	292	222
AT3G18100	335	376	326	297
AT3G18110	298	283	595	560
AT3G18130	1267	1501	1310	751
AT3G18140	1769	1694	1282	1474
AT3G18160	313	369	387	342
AT3G18165	1019	998	678	602
AT3G18170	194	163	164	201
AT3G18180	4	1	0	0
AT3G18190	1574	1692	1597	1128
AT3G18200	0	1	1	0
AT3G18210	431	442	472	379
AT3G18215	500	511	456	447
AT3G18217	33	22	125	90
AT3G18230	712	703	686	698
AT3G18235	0	1	2	0
AT3G18240	381	387	347	256
AT3G18250	910	967	24	24
AT3G18260	33	50	10	2
AT3G18270	775	800	559	498
AT3G18280	2671	2809	624	203
AT3G18282	0	0	1	0
AT3G18290	2431	2467	1560	2311
AT3G18295	274	295	225	213
AT3G18300	125	134	55	67
AT3G18310	172	200	204	204
AT3G18320	62	77	61	103
AT3G18330	1	0	0	1
AT3G18350	496	453	278	302
AT3G18360	5	0	2	6
AT3G18362	1	1	0	0
AT3G18370	2136	2394	1659	2015
AT3G18380	508	529	343	310
AT3G18390	1625	1661	3550	3467
AT3G18400	24	47	9	2
AT3G18410	1678	1777	1083	965
AT3G18420	653	691	697	574
AT3G18430	543	557	299	249
AT3G18440	1209	1196	711	607
AT3G18450	3	1	0	1
AT3G18480	884	981	711	635
AT3G18485	47	62	8	17
AT3G18490	10205	10942	8287	8036
AT3G18500	477	540	800	894
AT3G18510	73	77	52	34
AT3G18520	754	745	583	540
AT3G18524	226	241	253	159
AT3G18530	63	53	41	53
AT3G18535	571	542	503	584
AT3G18550	27	23	37	5
AT3G18560	156	196	95	94
AT3G18570	4	1	4	1
AT3G18580	232	234	170	114
AT3G18590	1	1	0	4
AT3G18600	923	921	709	386
AT3G18610	132	128	82	65
AT3G18620	158	155	91	100
AT3G18630	28	50	49	20
AT3G18640	690	801	535	476
AT3G18660	14	10	14	11
AT3G18670	15	19	11	5
AT3G18680	1679	1701	2091	2177
AT3G18690	418	420	326	356
AT3G18710	262	248	243	117
AT3G18715	4	6	9	2
AT3G18720	2	0	5	1
AT3G18730	79	103	141	103
AT3G18740	4228	4710	2658	1954
AT3G18750	389	427	322	225
AT3G18760	608	676	379	249
AT3G18770	267	288	153	177
AT3G18773	91	87	265	252
AT3G18780	6402	6883	8466	9952
AT3G18790	710	738	769	611
AT3G18800	125	145	188	190
AT3G18820	3661	3801	2149	2535
AT3G18830	3155	3391	2048	2462
AT3G18840	13	7	6	8
AT3G18850	426	465	484	329
AT3G18860	1372	1490	1034	937
AT3G18870	51	56	133	172
AT3G18880	58	56	62	48
AT3G18890	1807	1970	4751	5452
AT3G18900	22	30	129	74
AT3G18910	220	204	140	120
AT3G18930	760	784	514	527
AT3G18940	403	448	261	215
AT3G18950	121	125	149	139
AT3G18957	0	0	1	0
AT3G18960	163	170	181	85
AT3G18970	137	125	151	101
AT3G18980	764	785	556	621
AT3G18990	813	941	650	596
AT3G19000	415	390	537	392
AT3G19002	105	91	159	119
AT3G19010	5167	5475	1678	1713
AT3G19020	243	272	250	275
AT3G19030	4685	5157	1351	1176
AT3G19040	5	2	7	9
AT3G19050	319	331	434	173
AT3G19080	124	171	157	136
AT3G19085	0	0	1	0
AT3G19100	668	734	496	351
AT3G19120	515	539	546	408
AT3G19130	2781	2984	1249	1032
AT3G19140	1	2	0	0
AT3G19150	433	466	138	122
AT3G19170	2660	2794	4826	5274
AT3G19180	309	310	421	399
AT3G19184	18	25	22	3
AT3G19190	1630	1704	854	1131
AT3G19200	152	156	68	3
AT3G19210	88	82	96	60
AT3G19220	350	387	286	274
AT3G19230	26	22	28	45
AT3G19240	2193	2160	932	607
AT3G19250	139	151	82	44
AT3G19260	420	454	205	256
AT3G19270	68	75	71	27
AT3G19280	215	195	175	148
AT3G19290	1091	1139	934	1088
AT3G19300	102	100	117	99
AT3G19310	6	2	2	3
AT3G19320	4	2	3	4
AT3G19330	124	158	87	51
AT3G19340	1067	1029	1342	1337
AT3G19350	7	8	14	24
AT3G19360	175	215	153	126
AT3G19370	947	970	938	624
AT3G19380	376	404	243	306
AT3G19390	36	50	10	14
AT3G19400	498	556	530	611
AT3G19420	2376	2406	1752	1999
AT3G19430	3	1	4	4
AT3G19440	209	230	171	82
AT3G19450	619	663	780	767
AT3G19460	677	734	402	438
AT3G19470	156	149	98	86
AT3G19480	372	367	615	667
AT3G19490	1296	1304	1156	1207
AT3G19500	84	67	45	17
AT3G19508	99	116	61	41
AT3G19510	451	508	342	286
AT3G19515	697	783	694	692
AT3G19520	1086	1078	638	625
AT3G19530	1	0	0	0
AT3G19540	1719	1747	785	722
AT3G19550	64	67	37	24
AT3G19553	1102	1188	1165	1653
AT3G19570	243	275	344	255
AT3G19580	1587	1654	548	337
AT3G19590	246	300	267	163
AT3G19615	20	20	1	0
AT3G19620	105	88	116	171
AT3G19630	598	617	375	353
AT3G19640	1119	1148	606	497
AT3G19650	581	691	414	366
AT3G19660	190	235	95	97
AT3G19663	16	10	4	4
AT3G19670	1137	1163	937	919
AT3G19680	2598	2833	987	2644
AT3G19690	4	2	2	0
AT3G19700	771	803	542	375
AT3G19710	4171	4418	5410	2801
AT3G19720	1240	1251	2387	2678
AT3G19740	1007	1031	723	715
AT3G19760	2148	2180	1612	1540
AT3G19770	618	657	362	349
AT3G19780	491	536	461	469
AT3G19790	322	328	228	157
AT3G19800	803	717	1103	1307
AT3G19810	721	763	816	865
AT3G19820	5569	5748	8610	7839
AT3G19830	697	775	358	405
AT3G19840	729	744	614	566
AT3G19850	379	442	823	1452
AT3G19860	1182	1248	1074	1649
AT3G19870	699	700	502	565
AT3G19895	405	417	319	319
AT3G19900	1065	1084	909	1200
AT3G19910	922	979	772	644
AT3G19920	20	12	2	0
AT3G19930	5021	5322	1416	2252
AT3G19950	751	809	448	476
AT3G19960	1180	1227	1655	1527
AT3G19970	1382	1388	131	173
AT3G19980	826	897	445	464
AT3G19990	1091	1038	568	531
AT3G20000	1334	1404	962	626
AT3G20010	376	372	357	244
AT3G20015	100	153	200	185
AT3G20020	356	359	246	207
AT3G20040	94	99	85	89
AT3G20050	3326	3407	2780	1933
AT3G20060	837	855	835	791
AT3G20070	241	274	242	222
AT3G20080	497	524	514	529
AT3G20090	115	131	120	100
AT3G20100	753	651	495	309
AT3G20110	2	2	0	1
AT3G20120	434	466	464	364
AT3G20130	66	75	69	51
AT3G20140	1	0	1	1
AT3G20150	179	208	274	161
AT3G20170	150	166	120	156
AT3G20180	17	18	8	1
AT3G20190	8	6	22	0
AT3G20200	39	32	45	50
AT3G20210	1	3	1	0
AT3G20220	4	9	5	2
AT3G20230	1414	1467	1755	1812
AT3G20240	364	391	340	226
AT3G20250	1876	2076	759	883
AT3G20260	324	294	350	144
AT3G20270	193	209	197	249
AT3G20280	174	177	154	101
AT3G20290	1239	1248	1214	1343
AT3G20300	323	332	385	712
AT3G20310	1342	1410	685	613
AT3G20320	629	652	639	616
AT3G20330	885	971	615	472
AT3G20340	25	27	5	20
AT3G20350	251	251	390	385
AT3G20365	0	2	1	1
AT3G20370	187	181	32	8
AT3G20380	3	6	1	1
AT3G20390	7301	7249	5782	4765
AT3G20395	36	23	8	6
AT3G20410	1179	1199	877	1002
AT3G20420	145	163	111	176
AT3G20430	535	564	405	315
AT3G20440	303	280	385	230
AT3G20450	10	13	6	5
AT3G20460	11	13	26	15
AT3G20470	3643	3696	332	315
AT3G20475	72	44	56	29
AT3G20480	32	37	68	53
AT3G20490	117	160	98	80
AT3G20500	1966	2021	551	510
AT3G20510	892	822	305	225
AT3G20520	25	23	8	1
AT3G20530	9	9	11	6
AT3G20540	796	786	771	631
AT3G20550	713	796	725	682
AT3G20560	390	438	308	317
AT3G20570	218	241	83	92
AT3G20580	1	1	0	0
AT3G20590	0	3	0	2
AT3G20600	1031	1055	349	347
AT3G20610	0	1	0	0
AT3G20620	231	251	154	174
AT3G20630	1104	1113	691	595
AT3G20640	145	156	146	97
AT3G20650	414	429	318	335
AT3G20660	77	85	100	157
AT3G20670	343	419	460	290
AT3G20680	324	314	714	754
AT3G20720	864	891	611	618
AT3G20730	88	106	57	47
AT3G20740	473	527	330	303
AT3G20760	553	622	182	113
AT3G20770	4519	4604	3354	4000
AT3G20780	287	261	242	226
AT3G20790	763	772	928	878
AT3G20800	586	589	312	304
AT3G20810	111	128	200	138
AT3G20820	1065	1145	1801	1662
AT3G20830	159	158	140	111
AT3G20860	157	187	147	79
AT3G20865	4	1	4	2
AT3G20870	632	619	353	347
AT3G20880	0	2	1	0
AT3G20890	226	245	189	179
AT3G20898	134	136	182	80
AT3G20900	33	32	44	20
AT3G20910	372	391	226	248
AT3G20920	973	1015	667	642
AT3G20930	441	486	597	635
AT3G20935	1	6	4	4
AT3G20940	1	0	1	0
AT3G20960	286	303	89	82
AT3G20970	666	764	413	367
AT3G20978	4	4	4	1
AT3G21000	1	0	1	0
AT3G21055	16271	17169	31954	38188
AT3G21060	449	498	468	424
AT3G21070	1067	1037	659	583
AT3G21080	328	324	16	11
AT3G21090	73	63	57	9
AT3G21100	279	289	334	285
AT3G21110	279	311	345	214
AT3G21140	588	572	380	323
AT3G21150	161	159	23	15
AT3G21160	697	721	494	450
AT3G21175	570	578	428	447
AT3G21190	1113	1174	929	634
AT3G21200	979	1052	1361	1248
AT3G21210	5	7	8	6
AT3G21215	1098	1037	798	831
AT3G21220	1259	1332	517	433
AT3G21230	650	711	101	89
AT3G21240	407	427	237	96
AT3G21250	714	699	914	874
AT3G21260	89	117	182	174
AT3G21270	426	478	784	679
AT3G21280	346	344	272	251
AT3G21290	408	501	403	368
AT3G21295	453	486	251	252
AT3G21300	259	225	342	240
AT3G21310	44	65	20	7
AT3G21320	203	176	12	21
AT3G21330	13	13	12	22
AT3G21350	487	503	458	410
AT3G21351	14	11	2	8
AT3G21352	0	1	0	0
AT3G21360	232	252	322	370
AT3G21370	1	3	0	1
AT3G21390	178	224	161	152
AT3G21400	300	318	171	118
AT3G21410	1	0	0	0
AT3G21420	96	85	28	18
AT3G21430	612	642	584	565
AT3G21460	16	22	31	36
AT3G21465	404	413	234	220
AT3G21470	53	38	36	20
AT3G21480	282	351	305	199
AT3G21500	17	21	21	2
AT3G21510	61	49	23	14
AT3G21520	56	46	12	0
AT3G21530	56	61	34	41
AT3G21540	534	598	448	265
AT3G21550	9	20	31	24
AT3G21560	1254	1299	761	669
AT3G21580	253	216	401	403
AT3G21600	97	83	65	30
AT3G21610	544	562	368	442
AT3G21620	7	4	5	17
AT3G21630	1108	1185	724	889
AT3G21640	690	679	521	517
AT3G21650	363	345	315	314
AT3G21660	4	4	7	9
AT3G21670	447	486	470	526
AT3G21680	3	7	9	6
AT3G21690	1156	1283	1015	1050
AT3G21700	156	162	186	171
AT3G21710	34	28	8	9
AT3G21720	1	0	0	0
AT3G21740	175	175	139	93
AT3G21750	871	923	675	461
AT3G21755	258	247	827	713
AT3G21760	242	254	817	709
AT3G21770	956	1044	356	29
AT3G21780	230	215	147	167
AT3G21781	13	8	11	11
AT3G21790	742	815	786	909
AT3G21800	1	0	0	0
AT3G21805	1	5	1	8
AT3G21810	827	887	471	539
AT3G21820	293	345	288	240
AT3G21830	0	1	0	0
AT3G21850	3	4	1	0
AT3G21865	1335	1409	735	749
AT3G21870	13	15	33	49
AT3G21880	1	2	0	0
AT3G21890	36	38	14	10
AT3G21920	0	0	1	0
AT3G21950	156	144	452	503
AT3G21960	0	0	1	0
AT3G22060	1647	1635	672	964
AT3G22070	132	140	160	129
AT3G22072	146	175	173	141
AT3G22090	1	0	1	0
AT3G22100	3	5	5	5
AT3G22104	308	333	387	343
AT3G22110	3076	3158	1878	1773
AT3G22120	43105	48790	26614	18512
AT3G22121	21790	25128	13985	9053
AT3G22142	2099	2223	2758	3693
AT3G22150	174	154	485	448
AT3G22160	672	708	223	144
AT3G22170	1406	1524	1203	1268
AT3G22180	329	354	254	214
AT3G22183	33	34	32	39
AT3G22190	856	930	787	760
AT3G22200	2438	2537	2729	2960
AT3G22210	1305	1291	1147	1192
AT3G22220	459	430	390	337
AT3G22230	5594	6216	4264	3146
AT3G22231	7447	7749	12756	14824
AT3G22235	9956	10028	9795	11350
AT3G22240	1420	1469	932	1268
AT3G22250	1	0	0	1
AT3G22260	426	492	204	272
AT3G22270	685	702	563	502
AT3G22275	102	137	19	9
AT3G22290	1680	1758	886	765
AT3G22300	695	736	501	346
AT3G22310	789	844	825	381
AT3G22320	1796	1823	1082	824
AT3G22330	1402	1500	1048	840
AT3G22370	893	1000	522	601
AT3G22380	5921	6134	6043	6134
AT3G22400	922	909	88	75
AT3G22410	246	310	143	36
AT3G22415	25	34	21	23
AT3G22420	409	437	330	365
AT3G22425	438	460	439	466
AT3G22430	230	266	188	196
AT3G22436	1	0	0	0
AT3G22440	6614	6939	5731	5232
AT3G22450	60	43	39	26
AT3G22460	375	374	183	343
AT3G22470	97	113	60	52
AT3G22480	1054	1164	612	532
AT3G22510	1	0	0	0
AT3G22520	736	780	722	713
AT3G22530	445	516	329	280
AT3G22540	8	13	20	4
AT3G22550	739	779	319	122
AT3G22560	36	33	9	4
AT3G22570	2	1	0	1
AT3G22590	392	351	412	317
AT3G22600	3332	3449	47	32
AT3G22620	192	205	31	15
AT3G22630	803	803	500	455
AT3G22640	0	0	0	1
AT3G22660	1084	1242	889	530
AT3G22670	59	52	53	51
AT3G22680	210	249	189	160
AT3G22690	92	73	64	65
AT3G22700	4	2	3	3
AT3G22740	891	906	539	272
AT3G22750	258	256	197	182
AT3G22760	132	127	223	184
AT3G22770	0	0	1	1
AT3G22780	658	654	755	695
AT3G22790	608	664	1025	433
AT3G22800	19	24	3	0
AT3G22810	155	160	222	126
AT3G22820	42	43	51	44
AT3G22830	4	3	2	0
AT3G22840	249	268	28	29
AT3G22845	2138	2276	907	845
AT3G22850	851	872	478	246
AT3G22860	2	0	1	0
AT3G22880	69	58	116	67
AT3G22886	3	5	13	29
AT3G22890	10363	10898	9977	9531
AT3G22900	77	101	61	59
AT3G22910	1704	1784	65	104
AT3G22920	1	1	0	0
AT3G22930	716	790	55	73
AT3G22942	289	298	96	105
AT3G22950	752	924	425	452
AT3G22960	3576	3901	6437	6369
AT3G22961	14	17	17	9
AT3G22968	2186	2236	2700	2474
AT3G22970	2186	2236	2700	2474
AT3G22980	401	400	371	337
AT3G22990	504	558	386	307
AT3G23000	1435	1528	3230	2721
AT3G23010	355	345	117	212
AT3G23020	75	89	110	113
AT3G23030	2562	2760	1353	1929
AT3G23040	1	0	0	1
AT3G23050	1494	1496	1709	2489
AT3G23070	562	662	958	1064
AT3G23080	930	1061	1640	2527
AT3G23090	207	201	231	178
AT3G23100	2486	2399	585	637
AT3G23110	1890	1853	220	289
AT3G23120	4615	4770	198	225
AT3G23150	1077	1121	414	160
AT3G23160	193	213	125	149
AT3G23170	2228	2401	408	395
AT3G23175	8	8	7	5
AT3G23180	1	2	0	0
AT3G23190	6	5	9	13
AT3G23200	89	97	50	44
AT3G23210	152	158	116	83
AT3G23230	25	21	21	10
AT3G23240	102	92	48	17
AT3G23245	9	3	1	0
AT3G23250	6522	6760	221	31
AT3G23255	160	156	86	124
AT3G23260	84	108	48	43
AT3G23270	9	20	9	0
AT3G23280	4186	4488	2431	2964
AT3G23290	2196	2443	1249	248
AT3G23300	1642	1779	1180	976
AT3G23310	751	833	751	722
AT3G23320	0	0	0	1
AT3G23325	649	650	296	294
AT3G23326	1	0	0	5
AT3G23330	98	98	103	66
AT3G23340	440	428	427	375
AT3G23370	51	81	79	22
AT3G23390	2946	3017	2025	1553
AT3G23400	5297	5617	3806	4271
AT3G23410	600	639	457	617
AT3G23420	2	1	0	0
AT3G23430	598	637	650	160
AT3G23440	42	31	35	38
AT3G23450	870	812	991	893
AT3G23460	8	2	0	2
AT3G23470	9	9	10	0
AT3G23480	577	626	824	1221
AT3G23490	2896	3008	1679	1801
AT3G23510	13	22	6	4
AT3G23530	409	429	920	1009
AT3G23540	507	614	393	418
AT3G23550	105	112	1308	1372
AT3G23560	400	405	210	171
AT3G23570	2187	2163	1050	810
AT3G23580	956	867	552	417
AT3G23590	436	516	483	700
AT3G23600	6738	7024	4007	4163
AT3G23605	174	165	91	68
AT3G23610	70	95	89	102
AT3G23620	891	909	748	391
AT3G23630	35	32	7	7
AT3G23633	1	2	1	0
AT3G23635	44	42	15	9
AT3G23637	7	17	1	0
AT3G23640	1877	1946	1827	1674
AT3G23660	871	876	763	721
AT3G23670	210	213	287	133
AT3G23685	0	0	1	0
AT3G23690	1262	1355	1048	1134
AT3G23700	1000	1124	2336	2904
AT3G23710	331	333	268	218
AT3G23730	1800	2014	732	693
AT3G23740	105	98	175	87
AT3G23750	2890	3169	1758	2283
AT3G23760	379	384	379	393
AT3G23780	1009	1059	789	664
AT3G23790	427	438	421	471
AT3G23800	1	2	0	1
AT3G23805	174	213	258	297
AT3G23810	5006	5079	5845	4431
AT3G23820	10902	11729	7075	7235
AT3G23830	559	578	643	260
AT3G23840	63	64	92	119
AT3G23860	1	0	0	0
AT3G23870	59	72	43	78
AT3G23880	18	18	157	213
AT3G23890	612	575	761	328
AT3G23900	892	940	839	763
AT3G23910	423	458	346	282
AT3G23920	2546	2530	1379	1470
AT3G23930	33	33	46	36
AT3G23940	1182	1267	1686	1237
AT3G23955	2	0	1	0
AT3G23960	0	1	0	0
AT3G23970	2	0	0	0
AT3G23980	1019	1030	981	875
AT3G23990	2023	2145	1967	1015
AT3G24000	101	116	133	109
AT3G24010	620	630	429	427
AT3G24020	84	99	36	22
AT3G24030	364	312	217	219
AT3G24040	808	869	682	652
AT3G24050	2230	2570	1179	1383
AT3G24060	2	0	0	0
AT3G24065	44	51	0	3
AT3G24070	374	422	442	467
AT3G24080	1354	1463	1676	1095
AT3G24090	510	518	97	78
AT3G24093	1	0	0	0
AT3G24100	526	601	489	564
AT3G24110	15	18	48	25
AT3G24120	757	845	538	571
AT3G24140	192	217	269	330
AT3G24150	193	241	243	191
AT3G24160	4336	4327	3186	3551
AT3G24170	2336	2418	1358	1080
AT3G24180	1762	1847	1355	1254
AT3G24190	936	870	1295	1386
AT3G24200	642	679	544	467
AT3G24210	0	2	0	0
AT3G24225	0	2	2	1
AT3G24230	0	0	1	7
AT3G24240	3	0	0	0
AT3G24255	137	170	179	142
AT3G24300	7	5	1	0
AT3G24310	1	5	2	0
AT3G24315	345	369	342	299
AT3G24320	216	214	191	164
AT3G24330	1	1	2	0
AT3G24332	1	1	2	0
AT3G24340	34	28	61	12
AT3G24350	1020	1062	599	641
AT3G24360	9	16	26	26
AT3G24420	617	592	992	1274
AT3G24430	1104	1138	2143	2531
AT3G24440	405	487	347	268
AT3G24450	95	103	62	18
AT3G24460	84	84	66	45
AT3G24480	2805	3118	2553	2695
AT3G24490	605	663	718	579
AT3G24495	166	162	203	139
AT3G24500	359	402	183	206
AT3G24503	4909	5113	2543	2873
AT3G24506	427	483	447	402
AT3G24510	1	1	0	1
AT3G24515	125	134	196	129
AT3G24518	208	204	308	205
AT3G24520	223	209	321	202
AT3G24530	1243	1232	600	613
AT3G24535	12	7	5	5
AT3G24540	1	0	1	0
AT3G24550	6417	7113	2569	2849
AT3G24560	168	196	209	208
AT3G24570	375	440	451	376
AT3G24590	657	647	864	867
AT3G24600	3	2	6	3
AT3G24612	5	5	0	1
AT3G24614	4	0	0	0
AT3G24615	3	2	1	0
AT3G24620	1	0	0	0
AT3G24630	78	97	136	123
AT3G24640	0	0	0	1
AT3G24650	1	2	1	0
AT3G24660	408	446	317	145
AT3G24670	153	161	128	157
AT3G24715	32	23	42	46
AT3G24730	231	277	107	100
AT3G24740	826	792	610	622
AT3G24760	238	262	402	273
AT3G24770	1257	1353	959	509
AT3G24780	34	41	29	17
AT3G24790	0	0	0	1
AT3G24800	389	403	283	251
AT3G24810	136	104	74	51
AT3G24820	184	194	157	136
AT3G24830	8775	9045	6589	4621
AT3G24840	289	343	202	152
AT3G24860	240	205	264	173
AT3G24870	612	699	562	540
AT3G24880	607	647	536	476
AT3G24890	159	142	93	93
AT3G24900	1229	1421	15	6
AT3G24929	59	60	69	97
AT3G24982	1392	1451	167	167
AT3G25010	10256	10716	116	119
AT3G25011	20	24	8	6
AT3G25013	111	123	77	83
AT3G25014	0	1	0	3
AT3G25020	3981	4284	800	624
AT3G25030	144	165	147	83
AT3G25040	1688	1781	1002	860
AT3G25050	0	3	0	0
AT3G25060	21	19	16	10
AT3G25070	1138	1196	1341	1426
AT3G25080	0	0	2	0
AT3G25100	43	53	89	55
AT3G25110	314	316	231	186
AT3G25120	451	452	313	232
AT3G25130	155	187	168	61
AT3G25140	2543	2572	2200	2144
AT3G25150	1701	1730	1550	1341
AT3G25160	1	0	0	0
AT3G25165	1	0	0	0
AT3G25180	764	756	45	35
AT3G25190	109	126	116	3
AT3G25210	280	327	325	247
AT3G25220	2352	2419	1307	1189
AT3G25221	9	10	5	3
AT3G25230	1943	1976	1704	1152
AT3G25240	2	0	0	0
AT3G25250	380	385	18	11
AT3G25290	346	325	232	79
AT3G25400	252	275	200	123
AT3G25410	294	274	407	420
AT3G25430	247	228	168	123
AT3G25440	134	168	128	130
AT3G25470	1347	1381	1439	1386
AT3G25480	426	492	598	575
AT3G25490	14	16	5	9
AT3G25500	1952	2065	2134	2642
AT3G25510	502	510	29	30
AT3G25520	12830	13395	11456	7779
AT3G25530	2509	2681	2520	2574
AT3G25540	758	798	412	461
AT3G25545	456	388	271	251
AT3G25550	3	4	5	0
AT3G25560	422	453	577	239
AT3G25570	229	251	275	281
AT3G25572	225	247	275	278
AT3G25573	2	1	0	0
AT3G25577	0	2	0	0
AT3G25580	373	393	297	245
AT3G25585	696	691	411	409
AT3G25590	114	106	80	58
AT3G25597	130	166	89	79
AT3G25600	1274	1339	384	417
AT3G25610	1320	1293	352	402
AT3G25620	133	141	107	67
AT3G25640	115	109	53	15
AT3G25660	996	933	2012	1955
AT3G25670	29	43	76	107
AT3G25680	340	397	349	359
AT3G25690	3321	3504	6659	9606
AT3G25700	164	222	198	126
AT3G25710	109	124	219	137
AT3G25717	873	919	705	692
AT3G25719	2	1	0	0
AT3G25720	1	0	0	0
AT3G25727	0	1	0	0
AT3G25730	348	400	155	19
AT3G25740	387	464	318	350
AT3G25760	6017	6386	2427	2614
AT3G25770	12902	13325	7384	7241
AT3G25780	7652	7915	921	338
AT3G25790	0	0	1	0
AT3G25795	46	54	8	4
AT3G25800	1504	1606	909	966
AT3G25805	187	250	401	420
AT3G25820	1	4	2	1
AT3G25830	1	1	2	1
AT3G25840	1709	1782	1736	1920
AT3G25855	16	29	6	4
AT3G25860	753	820	1130	965
AT3G25870	160	202	108	121
AT3G25880	16	17	11	11
AT3G25882	1430	1528	250	284
AT3G25890	465	531	502	383
AT3G25900	163	190	99	80
AT3G25905	23	25	20	14
AT3G25910	1820	1859	1578	1494
AT3G25920	3341	3478	7648	8124
AT3G25940	350	371	195	134
AT3G25950	0	3	1	0
AT3G25960	0	1	0	0
AT3G25970	53	44	20	12
AT3G25980	240	267	222	159
AT3G25990	151	123	54	62
AT3G26000	844	826	717	705
AT3G26020	657	725	484	570
AT3G26030	1143	1264	1088	1378
AT3G26040	42	44	27	16
AT3G26050	55	62	70	19
AT3G26060	2703	2876	7266	7322
AT3G26070	2015	2193	2435	2886
AT3G26080	616	617	297	345
AT3G26085	481	499	436	484
AT3G26090	892	912	433	438
AT3G26100	1775	1868	1371	1476
AT3G26115	247	271	179	169
AT3G26120	0	1	1	0
AT3G26125	2	0	1	4
AT3G26130	5	3	2	1
AT3G26160	0	0	0	5
AT3G26170	1083	1190	667	857
AT3G26180	2200	2229	1953	2257
AT3G26190	1	3	0	1
AT3G26200	177	195	458	443
AT3G26210	2595	2762	287	480
AT3G26220	1535	1640	244	474
AT3G26230	761	784	285	405
AT3G26235	0	1	6	0
AT3G26240	355	365	444	492
AT3G26280	598	590	627	939
AT3G26290	1153	1172	1199	1152
AT3G26300	400	347	794	839
AT3G26310	119	139	296	325
AT3G26320	57	55	21	32
AT3G26330	79	63	51	14
AT3G26340	533	565	301	258
AT3G26350	57	65	14	20
AT3G26360	468	473	338	288
AT3G26370	984	938	680	566
AT3G26380	1209	1380	810	737
AT3G26400	768	826	501	445
AT3G26410	237	258	184	135
AT3G26420	2404	2612	1914	1906
AT3G26430	2395	2601	1909	1898
AT3G26440	559	619	32	36
AT3G26445	32	38	36	35
AT3G26450	3461	3392	2653	3351
AT3G26460	27	19	17	31
AT3G26470	544	545	26	32
AT3G26480	25	23	18	17
AT3G26490	155	200	203	230
AT3G26500	407	452	96	134
AT3G26510	995	1033	1561	2473
AT3G26520	17157	18257	20890	29651
AT3G26539	18	17	16	11
AT3G26540	104	112	104	69
AT3G26550	50	54	36	10
AT3G26560	950	1061	976	859
AT3G26570	2109	2239	3217	2831
AT3G26580	1911	2064	3348	4167
AT3G26590	618	667	342	292
AT3G26600	1016	1082	558	623
AT3G26610	0	2	0	0
AT3G26612	239	232	158	198
AT3G26616	2	1	1	8
AT3G26618	549	573	575	555
AT3G26620	0	1	2	1
AT3G26630	345	343	360	398
AT3G26640	305	313	254	229
AT3G26650	15230	15810	24495	27954
AT3G26660	3	1	0	0
AT3G26670	953	926	734	742
AT3G26680	220	210	167	187
AT3G26690	201	234	129	75
AT3G26700	208	208	361	311
AT3G26710	615	696	988	996
AT3G26720	1414	1385	1314	1281
AT3G26730	1897	1967	1749	1933
AT3G26740	15682	16286	27370	39473
AT3G26742	10	12	7	4
AT3G26744	702	647	722	525
AT3G26750	85	97	83	61
AT3G26760	56	53	63	15
AT3G26770	77	83	53	12
AT3G26780	1122	1147	1162	1046
AT3G26782	109	144	117	104
AT3G26790	6	7	14	15
AT3G26800	1	0	0	1
AT3G26810	1303	1434	1203	1186
AT3G26815	0	2	2	0
AT3G26818	0	0	0	1
AT3G26820	5	4	5	3
AT3G26830	1137	1161	141	36
AT3G26840	1092	1203	368	340
AT3G26850	728	680	296	224
AT3G26890	880	852	1274	1660
AT3G26900	824	830	1217	1305
AT3G26910	664	559	335	370
AT3G26920	322	337	209	198
AT3G26922	148	153	105	97
AT3G26930	7	6	7	9
AT3G26932	199	231	432	365
AT3G26934	0	0	0	1
AT3G26935	1006	1080	970	933
AT3G26940	3	2	0	0
AT3G26950	644	752	764	646
AT3G26960	152	124	125	95
AT3G26980	2663	2947	537	598
AT3G26990	447	507	333	323
AT3G27000	291	353	241	232
AT3G27010	256	255	107	81
AT3G27020	576	560	974	1204
AT3G27025	11	12	24	6
AT3G27027	20	33	15	11
AT3G27030	250	218	200	176
AT3G27040	0	0	1	0
AT3G27050	353	402	366	416
AT3G27060	1100	1061	1131	653
AT3G27070	10	17	2	5
AT3G27080	853	860	571	445
AT3G27090	2678	2806	2429	2541
AT3G27100	428	481	324	281
AT3G27110	899	951	595	721
AT3G27120	441	511	298	280
AT3G27130	9	10	32	13
AT3G27150	7	13	19	2
AT3G27160	1795	1882	4213	4606
AT3G27170	259	236	96	107
AT3G27180	337	370	462	387
AT3G27190	225	272	109	63
AT3G27200	79	75	53	32
AT3G27210	1712	1863	567	404
AT3G27220	1504	1602	363	99
AT3G27230	1655	1835	1131	950
AT3G27240	1401	1484	972	817
AT3G27250	248	253	197	174
AT3G27260	2222	2174	1631	1800
AT3G27270	25	31	32	27
AT3G27280	992	1010	750	454
AT3G27290	32	52	39	15
AT3G27300	1878	2004	1220	1246
AT3G27310	947	1018	521	507
AT3G27320	440	430	378	432
AT3G27325	567	636	606	537
AT3G27330	121	99	86	51
AT3G27340	671	745	464	430
AT3G27350	312	356	230	226
AT3G27360	519	480	562	323
AT3G27380	1614	1624	1000	815
AT3G27390	856	873	739	746
AT3G27400	355	348	120	52
AT3G27410	27	45	5	5
AT3G27415	67	68	2	2
AT3G27416	60	59	2	2
AT3G27420	277	302	206	171
AT3G27430	3265	3304	1867	1669
AT3G27440	9	10	3	1
AT3G27460	349	344	225	254
AT3G27470	420	444	320	306
AT3G27473	20	21	5	7
AT3G27480	1	4	0	0
AT3G27490	2	1	0	1
AT3G27500	20	23	28	37
AT3G27503	0	3	0	0
AT3G27510	25	12	14	19
AT3G27520	93	109	94	88
AT3G27530	1355	1482	1171	1238
AT3G27540	468	441	88	76
AT3G27550	200	195	151	123
AT3G27560	808	841	324	348
AT3G27570	1345	1398	970	774
AT3G27580	174	168	116	69
AT3G27600	0	2	0	0
AT3G27610	445	433	258	267
AT3G27620	18	26	28	10
AT3G27630	12	6	3	6
AT3G27640	45	74	65	42
AT3G27650	174	189	166	87
AT3G27660	130	115	95	63
AT3G27670	540	539	491	511
AT3G27690	3465	3655	19291	27906
AT3G27700	571	590	424	409
AT3G27710	3	0	0	1
AT3G27720	3	0	0	4
AT3G27730	19	19	23	11
AT3G27740	1298	1326	1133	855
AT3G27750	920	941	563	602
AT3G27770	5008	5097	2100	2809
AT3G27785	0	0	0	1
AT3G27809	7	7	0	0
AT3G27810	7	7	0	0
AT3G27820	2328	2249	2616	2721
AT3G27830	2967	3089	5576	6007
AT3G27831	13	6	9	4
AT3G27850	2290	2442	6905	6777
AT3G27860	12	11	25	15
AT3G27865	11	6	7	2
AT3G27870	453	530	428	434
AT3G27880	255	226	154	127
AT3G27884	0	2	0	0
AT3G27890	1460	1582	649	689
AT3G27900	21	12	22	24
AT3G27906	401	425	385	350
AT3G27920	18	16	30	5
AT3G27925	1833	1951	2522	3239
AT3G27930	450	450	300	290
AT3G27940	129	149	59	100
AT3G27950	0	0	0	1
AT3G27960	566	593	198	327
AT3G27970	0	0	4	3
AT3G27980	34	41	25	32
AT3G27990	500	501	417	437
AT3G28007	70	65	62	79
AT3G28030	595	571	393	388
AT3G28040	1267	1404	1485	1299
AT3G28050	1415	1500	1258	954
AT3G28060	2	0	7	5
AT3G28070	452	509	443	423
AT3G28080	394	373	557	518
AT3G28100	548	601	213	194
AT3G28130	609	600	895	673
AT3G28140	173	154	188	123
AT3G28150	45	43	35	56
AT3G28155	6	2	3	3
AT3G28170	2	5	2	2
AT3G28180	5107	5197	2475	3409
AT3G28190	3	1	0	0
AT3G28193	1	0	0	0
AT3G28200	2211	2288	903	970
AT3G28210	575	590	33	24
AT3G28220	18832	19620	1273	1377
AT3G28270	1008	1094	271	271
AT3G28290	2928	3307	968	773
AT3G28300	2894	2861	860	864
AT3G28310	2	1	13	22
AT3G28320	0	0	1	5
AT3G28330	0	0	1	0
AT3G28340	2478	2704	418	333
AT3G28345	170	205	222	21
AT3G28360	19	19	8	1
AT3G28370	260	329	325	383
AT3G28380	27	35	18	17
AT3G28420	19	29	48	31
AT3G28430	612	642	491	543
AT3G28450	1114	1158	496	534
AT3G28455	52	68	53	43
AT3G28460	280	301	427	373
AT3G28470	12	8	0	0
AT3G28480	2734	2713	658	584
AT3G28490	0	1	0	0
AT3G28500	63	49	65	19
AT3G28510	5104	5501	18	9
AT3G28540	7639	8387	398	368
AT3G28550	0	3	0	0
AT3G28560	9	6	4	1
AT3G28570	13	20	8	6
AT3G28580	2970	3195	48	17
AT3G28590	1	5	0	0
AT3G28600	720	848	25	1
AT3G28610	1	2	0	2
AT3G28620	78	79	26	20
AT3G28630	51	51	42	24
AT3G28640	79	62	74	49
AT3G28650	0	0	0	2
AT3G28660	103	85	68	48
AT3G28670	548	537	321	321
AT3G28690	835	774	832	750
AT3G28700	289	300	247	217
AT3G28710	2238	2360	2081	2327
AT3G28715	1682	1655	1087	1214
AT3G28720	884	920	767	671
AT3G28730	1454	1436	1191	1067
AT3G28740	27	36	73	162
AT3G28750	25	34	9	4
AT3G28760	260	282	314	299
AT3G28770	3	8	7	22
AT3G28780	1	0	0	0
AT3G28830	1	0	1	2
AT3G28840	12	15	28	22
AT3G28850	307	314	94	75
AT3G28857	24	28	15	9
AT3G28860	1665	1832	2559	2792
AT3G28870	1	0	0	0
AT3G28880	38	39	53	42
AT3G28890	761	768	66	37
AT3G28899	0	1	0	4
AT3G28900	1756	2006	1678	1109
AT3G28910	758	810	365	479
AT3G28917	1	0	1	1
AT3G28920	936	1026	885	850
AT3G28925	2	3	3	1
AT3G28930	2776	2921	1504	1248
AT3G28940	17028	17777	8344	8681
AT3G28950	1284	1216	527	524
AT3G28956	139	166	49	38
AT3G28958	1	1	3	2
AT3G28960	6	4	9	9
AT3G28970	457	464	301	319
AT3G28980	0	0	3	0
AT3G29000	2278	2322	425	380
AT3G29010	89	106	62	65
AT3G29020	6	8	1	0
AT3G29030	776	799	987	993
AT3G29034	163	180	47	43
AT3G29035	30	46	129	204
AT3G29060	1	2	2	2
AT3G29075	1897	1993	1349	1356
AT3G29090	520	523	370	304
AT3G29100	216	188	116	124
AT3G29130	220	231	181	168
AT3G29140	52	51	50	41
AT3G29160	927	929	689	670
AT3G29170	488	483	182	191
AT3G29180	991	1009	545	429
AT3G29185	548	626	1002	1170
AT3G29190	0	1	0	0
AT3G29200	405	472	456	323
AT3G29230	154	197	320	344
AT3G29240	4126	4509	1275	1521
AT3G29250	550	589	8	2
AT3G29270	635	629	490	476
AT3G29280	99	108	141	110
AT3G29290	310	335	436	440
AT3G29300	2	5	6	4
AT3G29305	1	0	2	0
AT3G29310	556	670	577	538
AT3G29320	5494	5662	9328	9946
AT3G29330	219	214	137	127
AT3G29350	1057	1089	699	703
AT3G29360	6292	6611	2992	2592
AT3G29370	30	26	56	87
AT3G29375	405	459	447	420
AT3G29390	2835	2810	1997	2126
AT3G29400	705	782	373	463
AT3G29410	6	3	11	4
AT3G29570	0	0	0	2
AT3G29575	1068	1159	166	142
AT3G29590	545	591	614	209
AT3G29630	0	1	0	2
AT3G29633	3	1	0	2
AT3G29638	0	1	3	1
AT3G29639	15	8	13	11
AT3G29644	194	226	166	174
AT3G29670	230	219	297	453
AT3G29680	109	90	122	153
AT3G29690	4	3	0	4
AT3G29760	520	591	475	566
AT3G29770	247	269	99	70
AT3G29780	1	0	0	0
AT3G29791	0	0	0	2
AT3G29810	198	206	86	67
AT3G29970	518	561	5	0
AT3G30180	361	303	357	401
AT3G30200	0	0	2	1
AT3G30210	2	1	0	0
AT3G30300	1378	1380	1235	1102
AT3G30340	121	120	108	7
AT3G30345	1	1	1	0
AT3G30350	8	18	6	3
AT3G30380	554	530	415	434
AT3G30390	5239	5523	2896	3351
AT3G30460	1	0	8	10
AT3G30530	12	21	31	0
AT3G30580	2	7	2	3
AT3G30720	59	62	95	147
AT3G30725	6	12	9	2
AT3G30730	0	1	0	0
AT3G30770	1	0	0	0
AT3G30775	1617	1652	2562	3345
AT3G30841	224	253	234	175
AT3G30842	5	2	0	0
AT3G32030	1	2	1	0
AT3G32090	13	14	5	3
AT3G32400	2	1	1	0
AT3G32920	12	13	8	4
AT3G32930	932	1010	1505	1774
AT3G32940	791	832	627	539
AT3G32980	463	493	146	79
AT3G33520	499	512	561	596
AT3G33528	8	7	1	2
AT3G33530	2050	2061	1679	1631
AT3G36659	0	1	0	0
AT3G41761	0	1	0	0
AT3G41762	37	36	14	10
AT3G41768	316	378	277	182
AT3G41979	798	820	363	292
AT3G42050	5585	5706	4364	4456
AT3G42150	650	673	443	397
AT3G42170	709	824	883	733
AT3G42180	4	14	5	4
AT3G42550	15	14	1	0
AT3G42570	3	1	3	4
AT3G42630	226	264	230	257
AT3G42640	351	393	306	249
AT3G42660	358	387	400	221
AT3G42670	149	144	198	79
AT3G42725	46	65	57	10
AT3G42728	0	0	1	0
AT3G42790	2771	2800	1521	1646
AT3G42800	3	10	27	33
AT3G42850	14	8	11	5
AT3G42860	109	99	59	38
AT3G42950	393	425	313	254
AT3G43110	5	2	0	0
AT3G43180	0	3	0	0
AT3G43190	1001	1003	116	7
AT3G43210	270	302	207	134
AT3G43220	1062	1093	917	988
AT3G43230	761	828	533	667
AT3G43240	970	1061	663	581
AT3G43250	179	207	15	3
AT3G43270	560	540	283	295
AT3G43300	2430	2583	2339	2474
AT3G43340	0	0	2	0
AT3G43400	0	0	3	0
AT3G43430	144	146	92	46
AT3G43440	316	423	243	260
AT3G43520	2030	2151	1172	1043
AT3G43540	854	874	895	904
AT3G43580	70	79	30	19
AT3G43583	0	1	0	0
AT3G43590	760	709	658	450
AT3G43600	285	311	697	616
AT3G43610	529	550	762	687
AT3G43670	881	924	890	1134
AT3G43700	217	194	164	144
AT3G43710	1	0	0	2
AT3G43720	681	729	531	600
AT3G43740	1269	1301	677	596
AT3G43790	126	151	124	162
AT3G43800	2091	2193	975	1355
AT3G43810	2708	2760	1935	1594
AT3G43840	5	4	10	7
AT3G43850	2	10	4	22
AT3G43920	168	196	205	136
AT3G43930	111	91	17	12
AT3G43950	4	0	0	1
AT3G43960	131	110	128	94
AT3G43970	3	0	0	0
AT3G43980	654	704	436	336
AT3G44010	6957	7032	4059	3022
AT3G44020	169	185	262	291
AT3G44050	161	166	248	101
AT3G44100	3808	3986	1280	1335
AT3G44110	6198	6329	4871	4212
AT3G44120	12	6	10	8
AT3G44150	424	490	331	271
AT3G44160	328	304	394	412
AT3G44190	1032	1057	491	404
AT3G44200	808	829	656	857
AT3G44220	31	36	59	31
AT3G44260	11872	12707	4633	4067
AT3G44280	633	653	356	327
AT3G44290	8	10	2	0
AT3G44300	3722	3908	162	72
AT3G44310	23956	24800	15743	15949
AT3G44320	791	824	93	125
AT3G44326	60	74	3	0
AT3G44330	1450	1461	976	866
AT3G44340	2291	2470	1634	1558
AT3G44350	451	437	11	9
AT3G44370	437	468	301	229
AT3G44380	158	150	190	174
AT3G44400	1015	1167	285	415
AT3G44430	939	1003	775	599
AT3G44440	4	5	5	5
AT3G44444	1	0	3	2
AT3G44450	605	581	777	821
AT3G44480	3867	3993	1284	1502
AT3G44490	7	3	0	5
AT3G44510	4	5	1	1
AT3G44530	398	423	289	238
AT3G44540	19	16	2	0
AT3G44550	72	68	8	2
AT3G44560	0	3	0	2
AT3G44570	2	8	6	2
AT3G44580	5	6	0	0
AT3G44590	498	568	382	253
AT3G44600	661	735	604	553
AT3G44610	190	206	249	296
AT3G44620	861	853	952	1074
AT3G44630	4306	4319	1006	1504
AT3G44670	4440	4674	1590	1642
AT3G44680	509	536	308	306
AT3G44690	128	153	89	81
AT3G44700	10	4	3	6
AT3G44713	69	58	64	41
AT3G44716	125	122	95	71
AT3G44720	6265	6722	860	611
AT3G44730	185	221	229	109
AT3G44735	1669	1791	510	531
AT3G44740	181	189	173	119
AT3G44750	1375	1532	1341	587
AT3G44755	6	9	7	5
AT3G44765	8	2	6	6
AT3G44770	46	42	30	15
AT3G44785	0	0	2	0
AT3G44790	3	2	8	2
AT3G44798	185	205	128	157
AT3G44800	21	17	25	13
AT3G44805	18	17	17	10
AT3G44820	383	327	253	237
AT3G44830	0	5	3	1
AT3G44850	341	339	256	203
AT3G44860	5000	5268	1375	1131
AT3G44870	2	3	0	0
AT3G44880	1684	1751	1196	1599
AT3G44890	2351	2420	4123	4117
AT3G44900	17	25	9	15
AT3G44940	291	332	148	92
AT3G44950	1	1	0	0
AT3G44960	52	61	82	43
AT3G44970	31	46	132	64
AT3G44990	176	165	785	500
AT3G45000	1	2	2	0
AT3G45010	979	964	361	404
AT3G45020	125	131	83	81
AT3G45030	2073	2223	1955	1389
AT3G45040	1377	1465	461	561
AT3G45050	556	594	408	501
AT3G45060	162	156	30	31
AT3G45070	10	9	2	0
AT3G45080	5	3	2	0
AT3G45090	906	929	614	352
AT3G45093	4	4	6	0
AT3G45100	400	503	329	314
AT3G45130	258	236	7	0
AT3G45140	66286	69738	41138	42723
AT3G45160	1488	1526	1956	787
AT3G45170	1	1	0	0
AT3G45180	2	2	0	0
AT3G45190	2144	2146	1485	1376
AT3G45210	235	242	208	162
AT3G45230	197	197	262	351
AT3G45240	737	784	515	550
AT3G45242	737	784	515	550
AT3G45260	2766	2932	1571	2381
AT3G45280	8	8	1	7
AT3G45290	952	918	252	311
AT3G45300	1309	1275	631	771
AT3G45310	1428	1386	528	521
AT3G45330	89	108	0	0
AT3G45390	26	30	33	38
AT3G45400	144	140	95	83
AT3G45410	44	38	23	16
AT3G45420	46	81	65	66
AT3G45430	11	9	28	37
AT3G45440	17	24	14	7
AT3G45443	272	269	267	268
AT3G45450	0	1	0	0
AT3G45490	0	1	2	0
AT3G45530	9	16	0	0
AT3G45540	0	1	1	0
AT3G45560	0	1	0	0
AT3G45590	114	118	45	51
AT3G45600	2229	2174	1455	1417
AT3G45610	92	69	93	54
AT3G45620	1695	1655	687	744
AT3G45630	725	727	617	630
AT3G45638	39	38	10	25
AT3G45640	13042	13743	4879	5641
AT3G45650	354	397	129	201
AT3G45660	4	5	1	2
AT3G45680	10	11	23	23
AT3G45710	6	3	10	9
AT3G45720	1	0	3	0
AT3G45730	444	436	196	302
AT3G45740	349	349	327	297
AT3G45750	241	278	243	244
AT3G45770	1043	1076	1071	1222
AT3G45780	3471	3531	6145	7765
AT3G45800	0	1	0	0
AT3G45820	4	5	2	7
AT3G45830	652	739	443	448
AT3G45840	0	0	2	0
AT3G45850	710	634	1191	1127
AT3G45860	8199	8717	1089	1666
AT3G45870	42	44	9	16
AT3G45880	61	49	37	38
AT3G45890	232	239	196	204
AT3G45900	300	286	279	298
AT3G45930	399	417	461	283
AT3G45940	5	13	51	51
AT3G45950	2	1	2	1
AT3G45960	691	675	106	46
AT3G45965	1	0	0	0
AT3G45970	6942	7497	943	2220
AT3G45980	1014	1014	1149	1065
AT3G46000	3235	3236	2078	2449
AT3G46010	2834	3068	2672	2843
AT3G46020	138	149	117	100
AT3G46030	1385	1319	1272	1053
AT3G46040	2467	2574	1466	1114
AT3G46060	2569	2758	1717	1802
AT3G46070	45	51	3	1
AT3G46080	1367	1389	33	11
AT3G46086	1	1	0	0
AT3G46090	2458	2521	67	63
AT3G46100	775	816	772	779
AT3G46110	319	384	227	253
AT3G46130	311	362	388	294
AT3G46140	0	0	2	0
AT3G46150	10	22	6	10
AT3G46170	2	2	0	1
AT3G46180	334	399	197	212
AT3G46190	4	11	0	0
AT3G46200	159	201	163	151
AT3G46210	458	483	368	194
AT3G46220	775	858	487	498
AT3G46230	164	193	1	3
AT3G46260	0	1	0	0
AT3G46280	215	227	1	6
AT3G46290	1226	1176	804	964
AT3G46300	2	0	0	0
AT3G46320	490	491	579	397
AT3G46370	152	171	522	724
AT3G46430	1943	1961	1308	1096
AT3G46440	1357	1362	684	596
AT3G46450	1023	1117	552	484
AT3G46460	1029	1108	610	565
AT3G46480	2	0	0	2
AT3G46490	14	17	381	290
AT3G46500	19	17	19	9
AT3G46510	1981	2148	1510	1727
AT3G46520	1	1	0	0
AT3G46530	1977	2018	1443	1489
AT3G46540	2059	2139	1207	963
AT3G46550	1024	1117	1037	937
AT3G46560	932	947	583	460
AT3G46580	120	122	133	118
AT3G46590	1257	1316	1332	1489
AT3G46600	2308	2507	1835	2010
AT3G46610	213	241	433	425
AT3G46614	1	2	0	0
AT3G46616	0	0	3	0
AT3G46620	4741	4961	2207	1650
AT3G46630	624	615	566	807
AT3G46640	578	639	585	686
AT3G46650	152	135	99	48
AT3G46658	109	107	62	64
AT3G46660	104	104	60	63
AT3G46666	5	0	0	2
AT3G46668	160	142	231	170
AT3G46670	58	68	185	119
AT3G46680	4	11	1	0
AT3G46690	141	141	9	3
AT3G46700	69	53	2	4
AT3G46720	14	15	8	1
AT3G46730	8	31	18	10
AT3G46740	1768	1906	2571	2167
AT3G46760	1	0	0	0
AT3G46770	76	86	8	7
AT3G46780	5283	5669	17747	22393
AT3G46790	325	337	287	246
AT3G46820	352	356	316	283
AT3G46830	1054	1112	693	694
AT3G46870	96	123	151	85
AT3G46880	15	11	40	12
AT3G46890	16	18	18	11
AT3G46900	173	151	48	68
AT3G46910	0	0	1	3
AT3G46920	421	393	232	233
AT3G46930	546	628	160	125
AT3G46940	379	401	388	219
AT3G46950	97	103	86	88
AT3G46960	757	704	655	614
AT3G46970	7401	7627	12114	11711
AT3G46980	452	458	407	454
AT3G46990	101	92	156	90
AT3G47000	700	737	637	768
AT3G47010	288	324	262	235
AT3G47020	0	2	0	0
AT3G47030	0	2	12	20
AT3G47040	7	4	0	0
AT3G47050	24	15	2	4
AT3G47060	572	634	388	355
AT3G47070	1479	1601	2632	2878
AT3G47080	915	978	442	385
AT3G47090	782	742	179	207
AT3G47100	33	27	16	19
AT3G47110	79	99	40	40
AT3G47120	425	450	329	302
AT3G47130	0	0	0	1
AT3G47160	1005	996	1104	1276
AT3G47180	2	5	8	5
AT3G47190	0	0	1	0
AT3G47200	0	0	0	1
AT3G47210	38	34	0	0
AT3G47220	12	3	7	13
AT3G47250	3080	3287	1882	2488
AT3G47290	639	701	685	662
AT3G47295	330	310	205	299
AT3G47300	243	260	132	117
AT3G47340	2441	2596	2481	5756
AT3G47342	12	12	16	8
AT3G47347	40	61	23	27
AT3G47348	230	227	117	74
AT3G47350	525	554	485	515
AT3G47360	46	49	172	143
AT3G47370	1563	1665	1085	703
AT3G47380	416	426	129	183
AT3G47390	446	502	421	456
AT3G47400	8	12	25	16
AT3G47420	500	562	275	227
AT3G47430	97	132	224	227
AT3G47440	1	0	0	0
AT3G47450	638	694	839	969
AT3G47460	200	200	226	101
AT3G47470	52139	54581	128164	168387
AT3G47480	4585	4871	75	91
AT3G47490	686	744	453	466
AT3G47500	552	534	982	1148
AT3G47510	236	248	130	179
AT3G47520	1750	1761	1503	1280
AT3G47530	147	172	87	80
AT3G47540	833	892	190	154
AT3G47543	0	1	0	0
AT3G47550	1901	1966	942	977
AT3G47560	476	577	593	744
AT3G47570	1304	1369	501	583
AT3G47580	107	114	77	78
AT3G47590	681	687	482	486
AT3G47600	192	226	219	294
AT3G47610	477	459	474	525
AT3G47620	1968	2097	2260	2699
AT3G47630	341	323	251	233
AT3G47640	356	401	199	162
AT3G47650	1959	2073	2778	2829
AT3G47660	5	10	11	8
AT3G47670	776	820	499	517
AT3G47675	109	106	131	133
AT3G47680	1179	1258	1023	1097
AT3G47690	137	155	119	43
AT3G47700	293	330	211	194
AT3G47710	4	10	0	0
AT3G47720	45	39	0	0
AT3G47730	977	1025	752	854
AT3G47740	0	0	1	0
AT3G47750	51	51	80	79
AT3G47780	649	740	62	69
AT3G47790	6	6	2	0
AT3G47800	3142	3329	3183	5067
AT3G47810	2876	3033	1443	1453
AT3G47820	406	415	466	480
AT3G47830	34	43	38	26
AT3G47833	479	501	360	341
AT3G47836	527	507	324	354
AT3G47840	42	23	28	22
AT3G47850	507	555	341	378
AT3G47860	835	767	1889	1916
AT3G47870	2	1	0	1
AT3G47890	716	677	725	688
AT3G47910	2206	2310	1224	1118
AT3G47930	639	656	598	523
AT3G47940	191	145	162	139
AT3G47950	75	64	70	54
AT3G47960	4159	4548	1517	1638
AT3G47965	433	488	138	105
AT3G47980	30	21	33	16
AT3G47990	915	1054	549	521
AT3G48000	4091	4193	4515	5552
AT3G48010	11	5	3	2
AT3G48020	117	118	20	30
AT3G48030	589	586	305	289
AT3G48040	216	271	198	170
AT3G48050	2038	2031	1588	1659
AT3G48060	1014	1016	700	749
AT3G48070	653	712	446	513
AT3G48080	550	621	226	289
AT3G48090	4505	4663	686	638
AT3G48100	1351	1365	323	163
AT3G48110	1391	1431	1597	1568
AT3G48115	548	536	345	384
AT3G48120	382	383	258	251
AT3G48140	8938	9231	4647	4619
AT3G48150	156	134	142	68
AT3G48160	71	82	94	46
AT3G48170	1415	1563	1150	1158
AT3G48180	60	58	17	12
AT3G48185	221	218	102	73
AT3G48190	933	951	951	854
AT3G48195	593	612	477	525
AT3G48200	1094	1190	1700	1824
AT3G48201	1	2	0	1
AT3G48210	346	373	210	126
AT3G48220	0	0	1	0
AT3G48230	35	32	6	1
AT3G48240	6	4	8	4
AT3G48250	177	196	177	83
AT3G48260	10	19	32	35
AT3G48280	48	41	110	119
AT3G48290	11	3	60	78
AT3G48300	13	12	8	1
AT3G48310	440	480	305	371
AT3G48320	961	953	330	344
AT3G48330	533	559	359	346
AT3G48340	15	13	3	1
AT3G48346	0	0	0	1
AT3G48350	309	283	175	150
AT3G48360	749	829	442	680
AT3G48380	690	754	557	562
AT3G48390	78	80	54	118
AT3G48400	0	4	2	0
AT3G48410	174	178	176	109
AT3G48420	970	973	2322	2492
AT3G48425	179	181	144	102
AT3G48430	529	553	477	453
AT3G48440	380	358	227	143
AT3G48450	181	164	5	0
AT3G48460	464	500	247	199
AT3G48470	241	283	149	150
AT3G48480	22	25	27	2
AT3G48490	77	79	95	80
AT3G48500	790	838	1396	1080
AT3G48510	6	8	13	8
AT3G48520	626	595	122	88
AT3G48530	1417	1390	1244	1751
AT3G48540	59	47	79	34
AT3G48550	153	153	230	179
AT3G48560	4323	4644	7950	7234
AT3G48570	599	613	184	158
AT3G48580	116	127	17	40
AT3G48590	314	306	504	597
AT3G48600	87	80	76	75
AT3G48610	778	823	722	685
AT3G48620	6	1	0	0
AT3G48630	180	200	12	4
AT3G48640	345	334	35	43
AT3G48660	42	40	30	3
AT3G48670	1223	1232	897	542
AT3G48675	1	0	0	0
AT3G48680	1386	1542	1042	895
AT3G48690	1460	1483	1578	1469
AT3G48700	7	13	11	7
AT3G48710	810	811	562	466
AT3G48720	396	393	861	1104
AT3G48730	1169	1300	2100	2382
AT3G48740	1315	1290	1053	1623
AT3G48750	1552	1720	1070	937
AT3G48760	2111	2223	1204	1426
AT3G48770	296	318	34	8
AT3G48780	1467	1608	1018	1204
AT3G48790	7	10	12	18
AT3G48800	153	164	251	216
AT3G48810	62	92	82	75
AT3G48820	570	598	402	391
AT3G48830	142	138	103	77
AT3G48840	4	2	0	1
AT3G48850	178	199	5	1
AT3G48860	993	1093	776	799
AT3G48870	2285	2318	3204	2288
AT3G48880	681	766	580	671
AT3G48890	3242	3427	1423	1393
AT3G48900	60	68	71	41
AT3G48920	13	12	14	6
AT3G48930	4399	4624	3242	2201
AT3G48940	0	0	1	0
AT3G48970	22	13	56	41
AT3G48980	140	132	111	82
AT3G48990	3646	3873	2106	2506
AT3G49000	307	348	278	224
AT3G49010	6709	6855	5271	3490
AT3G49020	0	0	0	1
AT3G49050	543	565	455	435
AT3G49055	11	14	4	8
AT3G49060	572	621	464	476
AT3G49070	4	9	1	4
AT3G49080	608	698	603	440
AT3G49100	655	586	305	314
AT3G49110	3957	4193	3214	864
AT3G49120	58529	61193	7291	6646
AT3G49130	49	55	7	2
AT3G49140	1734	1825	2097	2358
AT3G49142	49	48	56	38
AT3G49150	1	1	4	1
AT3G49160	152	136	158	163
AT3G49170	101	109	123	79
AT3G49180	287	317	198	137
AT3G49190	7	16	3	1
AT3G49210	230	271	52	56
AT3G49220	4026	4243	2595	2294
AT3G49230	0	2	0	0
AT3G49240	557	570	595	379
AT3G49250	220	215	201	149
AT3G49260	259	294	1294	1385
AT3G49290	444	540	464	424
AT3G49300	5	3	4	2
AT3G49310	706	721	449	517
AT3G49320	186	179	104	74
AT3G49330	19	11	13	5
AT3G49340	627	659	9	4
AT3G49350	966	1020	381	365
AT3G49360	422	409	305	225
AT3G49370	101	95	58	89
AT3G49380	8	12	7	2
AT3G49390	957	1026	560	453
AT3G49400	101	84	71	85
AT3G49410	71	64	69	38
AT3G49420	105	157	66	63
AT3G49430	1452	1530	1204	927
AT3G49470	1042	1106	1357	1180
AT3G49480	10	6	2	6
AT3G49490	2081	2207	1165	1286
AT3G49500	756	799	733	692
AT3G49510	32	21	22	28
AT3G49520	1	0	0	0
AT3G49530	3161	3118	883	453
AT3G49540	3	1	0	0
AT3G49550	224	229	169	132
AT3G49551	87	81	44	44
AT3G49560	1361	1490	1363	1367
AT3G49570	117	117	226	100
AT3G49580	99	113	132	70
AT3G49590	669	715	617	753
AT3G49600	502	553	488	451
AT3G49601	1366	1388	1462	1467
AT3G49620	223	222	169	24
AT3G49640	405	371	281	293
AT3G49645	405	373	228	226
AT3G49650	170	169	248	216
AT3G49660	208	187	145	109
AT3G49668	77	101	201	203
AT3G49670	532	606	1104	1110
AT3G49680	2380	2418	3552	2720
AT3G49690	112	92	26	23
AT3G49710	160	176	104	73
AT3G49720	5430	5541	2422	2800
AT3G49725	341	324	237	154
AT3G49730	136	134	146	153
AT3G49740	92	89	59	26
AT3G49750	89	109	85	53
AT3G49760	4	0	0	2
AT3G49780	987	977	135	182
AT3G49790	237	304	326	524
AT3G49800	1000	1071	774	856
AT3G49810	383	386	294	227
AT3G49820	1	0	1	0
AT3G49830	3	4	6	1
AT3G49840	94	95	98	98
AT3G49845	0	1	1	0
AT3G49850	325	308	260	281
AT3G49860	18	34	8	5
AT3G49870	1208	1235	1150	1364
AT3G49880	478	566	449	371
AT3G49890	174	173	99	71
AT3G49900	78	93	77	88
AT3G49910	12581	13271	8529	5344
AT3G49920	179	143	142	172
AT3G49930	39	45	80	116
AT3G49940	274	305	276	205
AT3G49950	23	18	31	7
AT3G49960	7	5	11	5
AT3G49970	18	20	36	36
AT3G49980	14	10	0	1
AT3G49990	855	899	764	647
AT3G50000	1390	1502	1012	992
AT3G50010	10	7	13	27
AT3G50030	5	7	0	0
AT3G50040	106	99	53	43
AT3G50050	279	258	234	229
AT3G50060	2452	2573	1156	1015
AT3G50070	280	299	224	104
AT3G50080	358	396	310	285
AT3G50100	106	145	139	108
AT3G50110	156	187	139	132
AT3G50120	45	51	95	114
AT3G50130	16	9	12	4
AT3G50140	44	50	50	77
AT3G50160	1	0	0	0
AT3G50170	20	19	12	0
AT3G50190	10	12	10	25
AT3G50200	15	22	2	6
AT3G50210	399	403	398	551
AT3G50220	24	26	14	8
AT3G50230	28	26	28	0
AT3G50240	422	418	920	975
AT3G50260	815	836	296	354
AT3G50270	266	264	476	515
AT3G50280	286	308	86	41
AT3G50290	1	0	1	1
AT3G50300	20	17	3	1
AT3G50310	1	4	8	6
AT3G50340	222	260	130	129
AT3G50350	61	96	174	159
AT3G50360	1771	1958	910	793
AT3G50370	3762	3963	3459	3413
AT3G50380	1322	1310	1292	1322
AT3G50390	17	25	17	13
AT3G50400	10	20	0	0
AT3G50410	197	166	143	28
AT3G50420	71	95	48	36
AT3G50430	384	378	230	257
AT3G50440	2631	2590	1538	1343
AT3G50450	12	9	6	6
AT3G50460	3	2	0	2
AT3G50470	579	620	244	417
AT3G50480	21214	22407	3216	4797
AT3G50500	3628	3650	3925	4712
AT3G50510	3	0	0	0
AT3G50520	557	547	369	348
AT3G50530	441	508	600	531
AT3G50550	572	623	356	362
AT3G50560	64	40	100	146
AT3G50570	38	65	36	32
AT3G50590	2301	2244	1991	2179
AT3G50610	4	2	3	0
AT3G50620	169	153	111	80
AT3G50630	216	237	275	188
AT3G50640	1	0	3	2
AT3G50650	563	603	476	620
AT3G50660	286	293	352	496
AT3G50670	3140	3331	3030	2784
AT3G50685	644	685	1733	2046
AT3G50690	1037	1148	1161	1144
AT3G50700	603	626	1010	1249
AT3G50720	0	0	1	0
AT3G50740	571	594	1723	1958
AT3G50750	531	539	887	1036
AT3G50760	1805	1957	429	340
AT3G50764	0	1	0	0
AT3G50770	3863	4113	43	84
AT3G50780	303	319	330	260
AT3G50790	385	439	774	778
AT3G50800	601	676	417	520
AT3G50808	0	0	0	1
AT3G50810	98	99	20	14
AT3G50820	14211	15028	26181	33561
AT3G50825	22	24	40	30
AT3G50830	2565	2680	1415	1990
AT3G50840	210	230	596	727
AT3G50845	206	175	116	88
AT3G50850	25	39	11	11
AT3G50860	328	343	170	147
AT3G50870	49	58	67	15
AT3G50880	527	568	390	394
AT3G50890	142	132	158	86
AT3G50900	358	386	128	128
AT3G50910	1080	1237	544	393
AT3G50920	579	581	245	196
AT3G50930	15192	15804	1308	539
AT3G50940	37	44	16	13
AT3G50950	9183	9460	4421	5176
AT3G50960	156	134	124	83
AT3G50970	1856	1824	877	1217
AT3G50980	3	1	0	0
AT3G50990	0	3	0	1
AT3G51000	2724	2997	1029	1043
AT3G51010	961	977	707	495
AT3G51030	79	75	52	57
AT3G51040	459	480	312	347
AT3G51050	1814	1861	1145	1064
AT3G51060	26	24	40	5
AT3G51070	303	333	304	295
AT3G51075	348	362	337	329
AT3G51080	80	92	142	107
AT3G51090	136	134	96	66
AT3G51100	828	860	365	352
AT3G51110	304	301	263	357
AT3G51120	1002	993	713	755
AT3G51130	821	863	441	527
AT3G51140	861	836	794	781
AT3G51150	314	304	977	1038
AT3G51160	2210	2280	1364	1135
AT3G51171	0	4	0	0
AT3G51180	157	157	80	84
AT3G51190	1	2	0	1
AT3G51220	17	12	11	20
AT3G51230	56	74	64	30
AT3G51238	884	1019	587	379
AT3G51240	973	1126	614	403
AT3G51250	1011	1099	734	748
AT3G51260	3176	3082	1735	1841
AT3G51270	1183	1282	1133	887
AT3G51280	228	209	253	98
AT3G51290	108	134	250	100
AT3G51300	16	23	20	11
AT3G51310	1620	1715	1267	1245
AT3G51320	176	154	142	107
AT3G51325	3	3	5	1
AT3G51330	939	906	156	213
AT3G51340	86	95	108	109
AT3G51350	57	54	22	27
AT3G51360	10	13	0	0
AT3G51370	2672	2739	2151	2572
AT3G51375	0	0	2	0
AT3G51380	5	11	15	5
AT3G51390	469	507	418	452
AT3G51400	64	54	114	124
AT3G51410	3	3	11	0
AT3G51420	559	579	1175	1439
AT3G51430	3096	3328	758	936
AT3G51440	995	1079	87	128
AT3G51450	5715	6164	1216	939
AT3G51460	1095	1169	751	736
AT3G51470	58	79	115	103
AT3G51480	151	171	306	183
AT3G51490	23	33	33	7
AT3G51500	517	487	354	361
AT3G51510	1281	1310	1754	1939
AT3G51520	505	526	497	546
AT3G51530	190	185	164	123
AT3G51540	17	26	2	4
AT3G51550	9607	10186	6167	7954
AT3G51560	0	1	0	0
AT3G51580	860	905	433	515
AT3G51590	0	1	0	0
AT3G51600	4155	4401	5530	7398
AT3G51610	828	817	498	488
AT3G51620	935	986	579	541
AT3G51630	1448	1457	910	947
AT3G51632	1438	1445	902	942
AT3G51640	863	896	653	663
AT3G51642	1	1	0	1
AT3G51650	600	617	463	404
AT3G51660	1745	1916	660	733
AT3G51670	2029	2064	966	821
AT3G51680	1	3	0	0
AT3G51690	0	1	0	0
AT3G51710	53	53	50	39
AT3G51720	487	557	511	190
AT3G51730	3198	3448	1745	2396
AT3G51740	812	897	897	405
AT3G51750	120	131	130	165
AT3G51760	13	12	12	27
AT3G51770	647	743	612	635
AT3G51780	901	911	573	464
AT3G51790	285	282	194	206
AT3G51800	2876	3038	2399	1511
AT3G51810	4	7	0	0
AT3G51820	1385	1265	2565	2495
AT3G51830	938	902	849	962
AT3G51840	3226	3345	2444	3224
AT3G51850	1202	1303	1280	1086
AT3G51860	2655	2841	57	45
AT3G51870	285	289	315	301
AT3G51880	2223	2336	1992	2095
AT3G51890	1067	1079	325	416
AT3G51895	623	624	1012	797
AT3G51910	41	55	104	122
AT3G51915	6	3	2	0
AT3G51920	6289	6701	1959	2370
AT3G51930	70	90	74	40
AT3G51940	210	235	186	140
AT3G51950	3735	3984	4561	4117
AT3G51960	235	248	105	132
AT3G51970	211	217	54	47
AT3G51980	1267	1339	412	362
AT3G51990	266	295	222	264
AT3G52010	0	2	0	0
AT3G52030	748	734	546	521
AT3G52040	822	851	483	321
AT3G52050	378	441	372	342
AT3G52060	1064	1078	2430	2083
AT3G52070	182	174	368	387
AT3G52072	255	253	431	459
AT3G52080	1	3	2	4
AT3G52090	1482	1595	957	832
AT3G52100	398	398	358	390
AT3G52105	322	326	262	303
AT3G52110	513	513	416	323
AT3G52115	42	36	36	38
AT3G52120	1884	2106	1108	1117
AT3G52130	0	1	0	1
AT3G52140	2980	3000	2850	2251
AT3G52150	1480	1496	2914	3040
AT3G52155	525	574	629	762
AT3G52160	43	34	16	14
AT3G52170	308	336	477	276
AT3G52180	2611	2747	4726	4628
AT3G52190	352	356	210	218
AT3G52200	1536	1578	980	891
AT3G52210	361	328	240	201
AT3G52220	960	1023	1057	862
AT3G52230	2079	2246	1946	1951
AT3G52240	1341	1387	1072	1268
AT3G52250	1110	1195	968	1071
AT3G52260	330	311	250	238
AT3G52270	8	7	5	3
AT3G52280	921	909	670	547
AT3G52290	129	111	304	282
AT3G52300	4624	4825	3025	2593
AT3G52310	20	18	42	61
AT3G52340	480	473	416	438
AT3G52360	125	141	110	111
AT3G52370	478	465	545	390
AT3G52380	1583	1703	3391	3362
AT3G52390	160	203	163	140
AT3G52400	7139	7413	2017	1989
AT3G52420	457	479	288	238
AT3G52430	4659	4821	710	644
AT3G52440	0	0	0	1
AT3G52450	158	182	85	104
AT3G52460	49	76	17	8
AT3G52470	4289	4422	1168	760
AT3G52480	96	93	62	93
AT3G52490	157	179	154	128
AT3G52500	3418	3751	3143	4255
AT3G52510	3	7	4	2
AT3G52520	96	119	120	119
AT3G52525	15	5	30	7
AT3G52530	33	45	25	48
AT3G52535	267	314	165	222
AT3G52540	31	40	59	40
AT3G52550	26	32	37	17
AT3G52560	2387	2609	1648	1616
AT3G52561	0	3	1	0
AT3G52570	391	414	232	210
AT3G52580	1866	1997	1392	898
AT3G52590	8322	8652	6079	4355
AT3G52600	0	4	1	0
AT3G52605	183	267	230	205
AT3G52610	450	500	443	378
AT3G52630	113	125	128	75
AT3G52640	1203	1236	746	669
AT3G52660	748	781	690	681
AT3G52670	34	53	68	48
AT3G52680	106	114	63	63
AT3G52700	1526	1657	461	409
AT3G52710	1496	1615	456	408
AT3G52720	232	222	539	512
AT3G52730	2095	2139	1250	1053
AT3G52740	132	141	110	133
AT3G52742	6	8	0	1
AT3G52748	307	356	8	12
AT3G52750	506	501	1014	1176
AT3G52760	468	484	297	317
AT3G52770	44	37	30	17
AT3G52780	2	3	2	0
AT3G52790	12	18	4	1
AT3G52800	9198	9575	2268	2178
AT3G52810	1	0	2	0
AT3G52820	7	8	4	2
AT3G52830	0	0	0	1
AT3G52840	1403	1349	2295	3082
AT3G52850	5340	5707	2678	2645
AT3G52860	239	253	162	153
AT3G52870	3360	3422	940	853
AT3G52880	7813	8183	4577	4809
AT3G52890	822	849	941	724
AT3G52900	156	171	177	143
AT3G52905	180	217	114	116
AT3G52910	314	373	351	219
AT3G52920	986	1010	974	735
AT3G52930	8260	8472	5247	3430
AT3G52940	341	315	322	372
AT3G52950	392	375	274	253
AT3G52960	2721	2892	5052	4295
AT3G52970	1	0	0	1
AT3G52990	2618	2727	2658	2243
AT3G53000	324	295	187	204
AT3G53010	17	13	31	49
AT3G53020	6394	6711	3884	2721
AT3G53030	344	364	457	434
AT3G53040	9	15	0	0
AT3G53060	0	1	0	0
AT3G53065	2	3	0	0
AT3G53090	602	534	472	479
AT3G53100	536	507	504	508
AT3G53110	1716	1724	1318	1214
AT3G53120	687	734	311	298
AT3G53130	387	393	673	742
AT3G53140	29	26	21	29
AT3G53150	90	70	2	0
AT3G53160	35	34	40	19
AT3G53170	49	37	108	57
AT3G53180	789	987	1187	1198
AT3G53190	1574	1640	1445	545
AT3G53200	7	9	1	0
AT3G53210	135	181	81	82
AT3G53220	81	79	54	31
AT3G53230	673	766	157	134
AT3G53232	229	242	30	16
AT3G53235	126	141	113	54
AT3G53240	449	449	524	373
AT3G53250	0	2	10	18
AT3G53260	2572	2712	1207	905
AT3G53270	793	759	382	404
AT3G53280	335	317	538	575
AT3G53310	241	240	164	212
AT3G53320	168	139	150	107
AT3G53340	531	564	310	266
AT3G53350	195	209	137	108
AT3G53360	62	70	44	36
AT3G53365	29	59	25	18
AT3G53370	200	201	96	95
AT3G53380	200	245	296	194
AT3G53390	623	676	468	408
AT3G53400	2417	2634	589	505
AT3G53402	2417	2634	589	505
AT3G53410	368	349	236	254
AT3G53420	11337	11700	10250	13693
AT3G53430	4511	4746	3252	2330
AT3G53440	210	214	166	171
AT3G53450	16	13	10	1
AT3G53460	11604	12301	22889	23906
AT3G53470	654	643	806	949
AT3G53480	35	25	35	30
AT3G53490	203	185	85	98
AT3G53500	1877	1915	1543	1581
AT3G53510	219	254	179	183
AT3G53520	1511	1439	1034	965
AT3G53530	165	167	249	192
AT3G53540	930	982	864	952
AT3G53550	2	0	1	2
AT3G53560	879	917	1106	985
AT3G53570	663	671	486	525
AT3G53580	1656	1686	1382	1359
AT3G53590	5	0	2	1
AT3G53600	85	74	2	0
AT3G53610	1275	1319	838	802
AT3G53611	0	1	0	0
AT3G53620	818	833	533	412
AT3G53630	1165	1207	747	562
AT3G53650	49	33	67	31
AT3G53668	1684	1804	840	942
AT3G53670	1705	1814	843	945
AT3G53680	111	117	159	130
AT3G53690	59	64	33	23
AT3G53700	332	347	429	450
AT3G53710	1422	1557	1200	1336
AT3G53720	116	101	259	212
AT3G53730	699	686	773	551
AT3G53740	4980	5347	3803	2601
AT3G53750	434	430	591	486
AT3G53760	254	240	153	69
AT3G53780	869	959	239	253
AT3G53790	2	2	0	0
AT3G53800	271	286	1537	2020
AT3G53810	521	632	213	208
AT3G53820	1	0	1	0
AT3G53830	447	504	306	266
AT3G53840	12	16	13	12
AT3G53850	157	170	134	132
AT3G53860	110	119	74	88
AT3G53870	6543	6982	5458	4126
AT3G53880	235	263	158	138
AT3G53890	3008	3188	2049	1338
AT3G53900	251	299	489	487
AT3G53920	597	694	1098	1119
AT3G53930	359	421	284	298
AT3G53940	176	169	137	59
AT3G53950	191	159	198	222
AT3G53960	498	526	423	519
AT3G53970	1341	1408	581	569
AT3G53980	1353	1493	232	150
AT3G53990	6251	6541	4416	5248
AT3G54000	569	630	114	47
AT3G54010	1659	1732	1082	1068
AT3G54020	664	697	232	211
AT3G54030	704	736	353	382
AT3G54040	34	38	15	11
AT3G54050	5043	5336	10559	12518
AT3G54060	16	14	11	11
AT3G54080	1113	1225	857	638
AT3G54085	535	613	417	368
AT3G54090	458	475	700	562
AT3G54100	820	844	450	564
AT3G54110	1377	1410	1227	1009
AT3G54120	81	108	87	73
AT3G54130	254	279	145	115
AT3G54140	806	915	649	886
AT3G54150	427	441	124	110
AT3G54160	7	11	6	4
AT3G54170	619	590	431	467
AT3G54180	225	233	184	82
AT3G54190	926	974	887	905
AT3G54200	1257	1281	330	276
AT3G54210	3837	3883	5991	6598
AT3G54220	616	568	498	478
AT3G54230	1440	1597	1209	1165
AT3G54240	1	2	0	0
AT3G54250	152	169	184	141
AT3G54260	828	858	623	84
AT3G54270	114	119	35	25
AT3G54280	834	847	817	740
AT3G54290	389	420	422	384
AT3G54300	1039	1173	665	686
AT3G54310	5	1	1	0
AT3G54320	188	194	165	135
AT3G54340	2	1	21	2
AT3G54350	802	713	630	677
AT3G54360	1819	1961	1886	2340
AT3G54363	56	64	20	23
AT3G54366	592	651	510	573
AT3G54380	532	580	298	285
AT3G54390	486	511	345	147
AT3G54400	2206	2351	2128	2139
AT3G54410	6	1	2	0
AT3G54420	334	330	100	28
AT3G54430	301	314	219	168
AT3G54440	1473	1589	1588	1789
AT3G54450	1	0	0	0
AT3G54460	951	1114	922	1151
AT3G54470	1072	1072	1247	812
AT3G54480	920	961	691	621
AT3G54490	1	1	4	2
AT3G54500	2331	2365	2004	2266
AT3G54510	4	5	2	17
AT3G54540	1659	1757	1532	1465
AT3G54550	14	10	0	0
AT3G54560	464	531	555	340
AT3G54590	0	1	0	0
AT3G54600	1036	1101	1807	974
AT3G54610	269	284	288	265
AT3G54620	1919	2002	1160	1431
AT3G54625	94	75	102	72
AT3G54630	87	62	100	64
AT3G54640	3003	3123	1402	1120
AT3G54650	366	435	521	436
AT3G54660	3201	3341	3467	3824
AT3G54670	1151	1132	1018	799
AT3G54680	286	319	215	184
AT3G54690	567	642	801	937
AT3G54700	1	0	0	0
AT3G54710	54	68	59	45
AT3G54720	356	462	881	848
AT3G54730	5	0	5	2
AT3G54740	225	233	187	145
AT3G54750	328	285	387	219
AT3G54760	1569	1750	1518	1351
AT3G54770	2	1	4	2
AT3G54780	141	151	108	46
AT3G54790	524	501	635	682
AT3G54800	2	0	0	0
AT3G54810	9034	9438	1783	2410
AT3G54820	1133	1256	324	133
AT3G54826	632	603	378	407
AT3G54830	129	121	188	190
AT3G54840	1293	1320	669	756
AT3G54850	652	783	480	538
AT3G54860	666	654	507	464
AT3G54870	15	15	15	3
AT3G54880	810	738	651	583
AT3G54890	40363	42077	119524	154816
AT3G54900	1971	2219	2430	2679
AT3G54910	228	267	294	270
AT3G54920	4560	4840	4838	5532
AT3G54930	117	106	118	102
AT3G54950	527	565	272	135
AT3G54960	3920	3973	482	481
AT3G54970	199	183	178	148
AT3G54980	249	229	189	131
AT3G54990	48	56	16	17
AT3G55000	565	586	410	364
AT3G55005	527	558	422	442
AT3G55010	898	972	713	433
AT3G55020	1499	1625	1678	1741
AT3G55030	319	386	250	250
AT3G55040	1488	1518	1297	1332
AT3G55050	953	999	369	325
AT3G55060	204	211	131	84
AT3G55070	745	792	565	565
AT3G55080	246	292	349	382
AT3G55090	12	20	24	46
AT3G55110	128	125	100	69
AT3G55120	407	366	311	156
AT3G55130	809	833	1068	1056
AT3G55140	649	639	471	502
AT3G55150	3	1	0	0
AT3G55160	307	292	321	239
AT3G55170	716	736	418	375
AT3G55200	879	684	809	590
AT3G55210	6	6	3	1
AT3G55220	830	1083	712	680
AT3G55230	4	2	26	15
AT3G55240	449	459	1829	2405
AT3G55250	1094	1035	1823	1934
AT3G55260	984	1074	916	1037
AT3G55270	1944	2002	962	978
AT3G55280	2417	2493	1587	988
AT3G55290	238	266	127	150
AT3G55310	29	39	14	22
AT3G55320	795	790	560	523
AT3G55330	822	937	1662	1934
AT3G55340	345	335	257	151
AT3G55350	219	242	200	194
AT3G55360	1219	1243	1074	1011
AT3G55370	191	189	105	69
AT3G55380	654	675	377	316
AT3G55390	100	135	102	76
AT3G55400	1216	1197	1474	1286
AT3G55410	4417	4585	2599	2265
AT3G55420	209	200	347	314
AT3G55430	8007	8612	2357	2406
AT3G55440	10530	10899	7977	7357
AT3G55450	1679	1582	1110	948
AT3G55460	2301	2289	1636	1601
AT3G55470	696	730	202	199
AT3G55480	688	711	573	654
AT3G55485	5	2	2	2
AT3G55490	301	332	139	130
AT3G55500	48	36	64	124
AT3G55510	528	496	372	226
AT3G55515	62	58	24	1
AT3G55520	1227	1177	759	660
AT3G55530	426	436	246	239
AT3G55540	12	4	0	0
AT3G55550	1	2	0	0
AT3G55560	495	549	385	474
AT3G55566	1	0	0	0
AT3G55580	23	29	112	121
AT3G55600	368	402	213	227
AT3G55605	319	322	179	114
AT3G55610	2019	2167	1679	1796
AT3G55620	1523	1661	1300	1060
AT3G55630	245	282	651	622
AT3G55640	398	398	187	196
AT3G55646	5	3	12	15
AT3G55660	125	134	139	63
AT3G55690	127	124	105	72
AT3G55700	103	111	7	11
AT3G55710	11	19	71	116
AT3G55720	11	9	14	8
AT3G55730	162	164	46	38
AT3G55734	1	2	3	2
AT3G55735	0	0	0	1
AT3G55740	294	337	187	217
AT3G55750	5419	5704	3769	2400
AT3G55760	1143	1182	2360	2712
AT3G55770	2902	3287	2316	2538
AT3G55780	1	2	1	0
AT3G55790	0	2	0	0
AT3G55800	4914	5168	11522	12587
AT3G55820	72	102	54	55
AT3G55830	1923	1937	1094	1150
AT3G55840	1068	1124	462	578
AT3G55850	1249	1208	628	585
AT3G55860	2	1	0	0
AT3G55880	1085	1036	717	845
AT3G55890	48	32	11	9
AT3G55900	16	19	10	2
AT3G55910	34	32	8	8
AT3G55920	546	520	430	437
AT3G55930	0	0	0	1
AT3G55940	116	88	204	265
AT3G55950	715	681	190	161
AT3G55960	1716	1679	844	939
AT3G55970	1269	1340	59	60
AT3G55980	13572	13968	4787	2695
AT3G55990	59	49	44	48
AT3G56000	60	66	46	96
AT3G56010	906	965	1035	1203
AT3G56020	1961	2138	1139	715
AT3G56030	165	166	97	61
AT3G56040	962	912	1744	1805
AT3G56050	3564	3641	2806	3196
AT3G56060	727	698	886	1275
AT3G56070	890	1003	722	410
AT3G56080	445	456	439	447
AT3G56090	479	523	545	382
AT3G56100	66	64	105	34
AT3G56110	788	829	523	501
AT3G56120	455	414	354	274
AT3G56130	1087	1056	1153	902
AT3G56140	1003	1045	1058	1386
AT3G56150	5088	5446	4807	3658
AT3G56160	531	523	1000	842
AT3G56170	961	873	256	378
AT3G56190	2480	2572	2359	2698
AT3G56200	1235	1256	710	907
AT3G56210	1177	1180	557	513
AT3G56220	71	79	93	42
AT3G56230	1	1	1	0
AT3G56240	1507	1564	1254	1528
AT3G56250	45	45	40	44
AT3G56260	119	155	148	121
AT3G56270	167	155	164	111
AT3G56290	456	523	350	361
AT3G56300	59	67	81	67
AT3G56310	2564	2657	1462	1680
AT3G56320	317	336	136	97
AT3G56330	149	137	204	144
AT3G56340	5006	5261	3517	2356
AT3G56360	5631	5604	4843	4816
AT3G56370	752	803	967	574
AT3G56380	1	2	1	0
AT3G56390	0	0	1	0
AT3G56400	6024	6358	3884	4278
AT3G56408	1909	1920	1444	1596
AT3G56410	1846	1883	1405	1565
AT3G56420	9	10	0	0
AT3G56430	319	361	229	207
AT3G56440	190	184	94	131
AT3G56450	312	351	209	224
AT3G56460	1994	2040	1394	1529
AT3G56470	210	192	86	92
AT3G56480	1004	965	623	538
AT3G56490	1593	1675	751	619
AT3G56500	13	16	1	1
AT3G56510	618	615	474	331
AT3G56540	3	5	0	2
AT3G56550	31	25	38	18
AT3G56570	87	97	101	46
AT3G56580	657	727	607	519
AT3G56590	1027	1168	1338	1124
AT3G56600	4	1	4	7
AT3G56620	103	118	114	88
AT3G56630	580	621	521	591
AT3G56640	281	298	195	183
AT3G56650	546	585	849	1026
AT3G56660	4	2	6	3
AT3G56680	1232	1316	1562	1461
AT3G56690	540	492	382	330
AT3G56700	3	0	0	0
AT3G56705	65	66	8	4
AT3G56710	1842	1805	1885	1913
AT3G56720	1231	1278	1449	1448
AT3G56730	10	16	24	10
AT3G56740	660	686	256	257
AT3G56750	595	737	715	663
AT3G56760	416	338	324	278
AT3G56770	80	82	47	31
AT3G56780	29	21	15	6
AT3G56790	66	57	9	12
AT3G56800	7259	7543	3243	3556
AT3G56810	183	205	256	185
AT3G56820	288	232	140	145
AT3G56825	154	162	22	14
AT3G56830	122	127	129	105
AT3G56840	330	368	218	231
AT3G56850	647	637	456	393
AT3G56860	2200	2301	2171	2335
AT3G56870	105	92	125	49
AT3G56880	5650	5667	3498	3083
AT3G56890	3	4	7	6
AT3G56891	110	106	1	0
AT3G56900	300	306	227	173
AT3G56910	2572	2725	5614	5633
AT3G56920	1	3	0	0
AT3G56930	317	312	218	230
AT3G56940	9953	10304	27481	32575
AT3G56950	855	904	455	347
AT3G56960	228	269	209	161
AT3G56970	29	56	24	47
AT3G56980	12	12	13	23
AT3G56990	587	666	521	344
AT3G57000	666	654	489	360
AT3G57010	43	48	70	49
AT3G57020	368	411	210	214
AT3G57030	600	639	573	493
AT3G57040	433	529	588	430
AT3G57050	1826	1803	2122	2034
AT3G57060	202	249	296	180
AT3G57062	524	573	476	537
AT3G57070	821	943	590	615
AT3G57072	2	1	0	2
AT3G57080	402	461	353	349
AT3G57090	1790	1784	760	929
AT3G57100	21	11	0	3
AT3G57110	6	8	3	11
AT3G57120	547	631	303	306
AT3G57130	83	68	48	16
AT3G57140	220	189	114	126
AT3G57150	2875	2912	2996	1280
AT3G57157	10	7	6	7
AT3G57160	34	26	15	13
AT3G57170	650	805	720	684
AT3G57180	232	256	378	367
AT3G57190	236	208	345	271
AT3G57200	19	30	22	14
AT3G57210	1	0	2	7
AT3G57220	392	423	291	250
AT3G57230	1464	1517	406	434
AT3G57240	618	699	220	292
AT3G57260	228344	238570	362	190
AT3G57270	142	145	0	0
AT3G57280	971	1091	549	574
AT3G57290	2304	2547	1939	1428
AT3G57300	1907	2059	1666	1636
AT3G57310	1	4	0	0
AT3G57320	386	405	311	281
AT3G57330	3872	3972	1771	2367
AT3G57340	1266	1428	893	924
AT3G57350	401	430	374	235
AT3G57360	108	133	23	11
AT3G57370	1	5	0	0
AT3G57380	70	60	10	14
AT3G57390	418	437	254	186
AT3G57400	590	660	1302	1334
AT3G57410	2151	2276	2266	3094
AT3G57420	480	533	472	409
AT3G57430	146	188	181	179
AT3G57440	11	9	6	11
AT3G57450	3893	3993	951	771
AT3G57460	3998	4065	97	88
AT3G57470	1787	1773	1748	1960
AT3G57480	324	341	182	239
AT3G57490	448	471	369	229
AT3G57500	85	93	95	14
AT3G57510	1	3	0	1
AT3G57520	4248	4420	6175	7434
AT3G57530	5661	5864	2232	1769
AT3G57540	370	414	220	214
AT3G57550	1747	1686	778	743
AT3G57560	552	594	874	787
AT3G57570	649	685	457	454
AT3G57580	95	96	55	91
AT3G57590	169	177	142	153
AT3G57600	77	62	141	131
AT3G57610	1183	1218	1220	1112
AT3G57630	597	599	537	435
AT3G57640	362	387	129	123
AT3G57645	46	57	5	1
AT3G57650	1531	1661	1029	977
AT3G57660	930	947	906	507
AT3G57670	86	87	77	25
AT3G57680	158	137	197	330
AT3G57690	4	3	0	0
AT3G57700	138	156	49	51
AT3G57710	431	446	294	252
AT3G57720	110	123	80	71
AT3G57730	121	125	113	131
AT3G57740	15	15	16	18
AT3G57750	314	333	274	254
AT3G57760	257	293	95	104
AT3G57765	111	113	48	43
AT3G57770	62	71	94	115
AT3G57780	552	621	738	517
AT3G57785	771	777	474	478
AT3G57790	397	325	262	392
AT3G57800	940	970	1188	1568
AT3G57810	469	455	367	348
AT3G57830	116	102	236	143
AT3G57860	96	85	94	44
AT3G57870	3537	3773	2013	1979
AT3G57880	2400	2533	681	428
AT3G57890	1782	1803	1213	1235
AT3G57900	2	0	0	0
AT3G57910	186	169	163	138
AT3G57920	77	91	60	39
AT3G57930	2027	2128	770	754
AT3G57940	367	401	324	177
AT3G57950	404	438	30	5
AT3G57960	0	0	1	0
AT3G57965	298	314	320	258
AT3G57970	203	240	237	193
AT3G57980	219	180	263	269
AT3G57990	960	1022	976	1013
AT3G58000	34	23	49	60
AT3G58010	631	645	651	867
AT3G58020	273	333	253	262
AT3G58030	1311	1339	862	830
AT3G58040	798	784	568	492
AT3G58050	947	1012	832	856
AT3G58060	0	0	1	0
AT3G58070	23	16	74	52
AT3G58090	212	195	177	189
AT3G58100	93	116	113	75
AT3G58110	1166	1193	988	880
AT3G58120	474	501	997	1722
AT3G58130	259	297	173	154
AT3G58140	1232	1385	1866	1954
AT3G58150	26	19	14	11
AT3G58160	232	237	379	413
AT3G58165	4	0	0	0
AT3G58170	954	1000	584	659
AT3G58180	548	551	258	257
AT3G58193	7	1	1	0
AT3G58196	0	3	0	0
AT3G58200	97	90	94	35
AT3G58210	1	0	0	0
AT3G58220	501	487	434	412
AT3G58240	1	0	0	0
AT3G58270	380	364	114	93
AT3G58350	6	12	3	3
AT3G58380	7	15	4	3
AT3G58430	111	106	102	99
AT3G58440	0	0	0	1
AT3G58450	1	0	0	0
AT3G58460	1059	1071	659	724
AT3G58470	335	368	312	223
AT3G58480	2	2	7	2
AT3G58490	1074	984	722	880
AT3G58500	3274	3391	2379	2441
AT3G58510	1863	1876	1095	995
AT3G58520	89	101	71	46
AT3G58530	404	378	338	339
AT3G58540	24	18	12	9
AT3G58550	25	28	6	2
AT3G58560	1754	1745	1294	1122
AT3G58570	1081	1129	832	693
AT3G58580	765	838	608	534
AT3G58590	64	73	52	42
AT3G58600	1516	1616	564	631
AT3G58610	5279	5584	6449	5719
AT3G58620	535	499	570	892
AT3G58630	241	273	212	206
AT3G58640	1676	1785	1234	1231
AT3G58650	157	140	208	93
AT3G58660	1101	1208	1181	572
AT3G58670	704	739	400	458
AT3G58680	2983	3068	2649	3042
AT3G58690	273	313	197	226
AT3G58700	1229	1316	824	549
AT3G58710	230	228	244	262
AT3G58720	167	175	213	246
AT3G58730	4340	4511	2684	2878
AT3G58750	955	943	840	947
AT3G58760	1061	1018	713	719
AT3G58770	42	32	24	15
AT3G58780	83	82	52	30
AT3G58790	1180	1239	765	747
AT3G58795	96	81	69	60
AT3G58800	126	149	109	79
AT3G58810	83	66	59	52
AT3G58820	105	126	150	157
AT3G58830	356	364	406	405
AT3G58840	533	491	545	429
AT3G58850	50	71	112	172
AT3G58900	225	237	218	242
AT3G58930	138	167	133	113
AT3G58940	139	127	186	154
AT3G58950	8	12	1	2
AT3G58970	732	802	633	625
AT3G58980	132	108	76	68
AT3G58990	910	980	1278	552
AT3G59000	101	130	110	106
AT3G59010	292	309	714	717
AT3G59020	2813	3113	1862	1647
AT3G59030	2	1	4	1
AT3G59040	706	707	917	990
AT3G59050	877	977	446	471
AT3G59052	877	977	446	471
AT3G59060	3388	3578	3221	4407
AT3G59068	44	38	24	22
AT3G59070	42	40	23	24
AT3G59080	1222	1349	371	453
AT3G59090	1024	1057	713	896
AT3G59100	1014	1087	332	263
AT3G59110	871	872	982	1279
AT3G59120	63	77	56	83
AT3G59130	1	0	0	0
AT3G59140	349	382	292	283
AT3G59150	145	183	89	70
AT3G59190	34	29	18	5
AT3G59200	16	15	37	14
AT3G59210	379	386	344	415
AT3G59220	147	137	8	8
AT3G59230	0	0	0	1
AT3G59250	2	1	25	31
AT3G59270	50	51	64	4
AT3G59280	971	1099	507	491
AT3G59290	739	819	652	686
AT3G59300	1371	1389	1110	1302
AT3G59310	1328	1457	1136	1794
AT3G59320	566	578	412	343
AT3G59330	312	293	279	242
AT3G59340	0	3	2	1
AT3G59350	3782	3973	1570	2504
AT3G59360	1046	1113	660	679
AT3G59370	1	0	2	0
AT3G59380	808	851	570	568
AT3G59390	177	167	91	66
AT3G59400	1150	1330	3883	4381
AT3G59410	667	699	687	771
AT3G59420	154	155	236	201
AT3G59430	226	207	127	87
AT3G59440	15	5	1	1
AT3G59450	8	10	11	4
AT3G59460	0	1	0	0
AT3G59470	323	373	208	194
AT3G59480	21	30	6	8
AT3G59490	354	369	292	290
AT3G59500	759	769	339	415
AT3G59510	37	31	13	8
AT3G59520	166	170	116	144
AT3G59530	220	252	128	122
AT3G59540	3143	3205	2083	1478
AT3G59550	77	84	146	82
AT3G59570	169	188	147	183
AT3G59580	18	24	43	77
AT3G59600	903	899	608	622
AT3G59610	0	1	0	0
AT3G59620	19	23	0	0
AT3G59630	390	373	244	210
AT3G59640	365	387	256	254
AT3G59650	195	219	149	110
AT3G59660	2508	2641	979	1060
AT3G59670	274	296	352	149
AT3G59680	71	88	103	78
AT3G59690	258	278	134	106
AT3G59695	233	238	120	87
AT3G59700	444	431	90	118
AT3G59710	43	52	92	147
AT3G59730	2	0	4	8
AT3G59740	3	7	1	0
AT3G59750	111	132	46	18
AT3G59760	1359	1371	1053	747
AT3G59765	152	179	118	52
AT3G59770	1680	1833	1194	1391
AT3G59780	1951	1978	4581	5653
AT3G59790	0	0	2	2
AT3G59800	390	405	310	270
AT3G59810	996	1110	482	468
AT3G59820	1303	1358	1092	782
AT3G59830	4	7	7	2
AT3G59840	282	335	250	218
AT3G59845	1	0	3	0
AT3G59850	2	0	1	2
AT3G59870	441	452	471	528
AT3G59880	292	292	43	63
AT3G59884	3	3	2	1
AT3G59890	171	170	166	102
AT3G59900	49	54	54	31
AT3G59910	985	1032	521	458
AT3G59920	3867	3983	2751	2638
AT3G59930	102	148	1	4
AT3G59940	1751	1920	5295	7754
AT3G59950	834	853	575	620
AT3G59960	1	0	0	0
AT3G59970	4732	4838	5571	4682
AT3G59980	606	671	640	608
AT3G59990	1946	2200	1576	1393
AT3G60000	2	1	3	1
AT3G60010	4	0	0	0
AT3G60030	1741	1741	1904	2340
AT3G60040	103	132	99	97
AT3G60050	175	191	156	130
AT3G60060	1	0	0	0
AT3G60070	118	141	108	136
AT3G60080	466	508	277	231
AT3G60110	247	288	176	209
AT3G60120	52	54	16	0
AT3G60130	1086	1148	1086	1619
AT3G60140	273	299	20	4
AT3G60150	157	150	102	124
AT3G60160	784	822	117	120
AT3G60176	4	1	1	4
AT3G60180	551	609	208	289
AT3G60190	2516	2461	1693	1971
AT3G60200	145	157	224	200
AT3G60210	569	578	763	666
AT3G60220	19	37	75	62
AT3G60240	2552	2630	2173	1980
AT3G60245	8605	9182	8352	4732
AT3G60250	1378	1429	822	794
AT3G60260	648	693	350	391
AT3G60280	1	2	0	0
AT3G60286	51	42	24	25
AT3G60290	128	111	392	528
AT3G60300	1935	2076	1478	1640
AT3G60310	152	178	223	227
AT3G60318	9	4	2	7
AT3G60320	3093	3366	4304	5976
AT3G60330	56	66	46	23
AT3G60340	985	1082	795	961
AT3G60350	565	615	594	570
AT3G60360	423	384	306	181
AT3G60370	232	253	415	457
AT3G60380	801	713	1028	932
AT3G60390	226	196	442	378
AT3G60400	161	187	163	199
AT3G60410	604	663	475	491
AT3G60420	4487	4577	438	576
AT3G60440	372	403	341	273
AT3G60450	534	556	261	225
AT3G60460	0	2	0	2
AT3G60470	251	293	3	2
AT3G60480	345	340	210	211
AT3G60490	171	163	47	19
AT3G60500	409	450	362	274
AT3G60510	179	190	194	188
AT3G60520	948	1006	316	273
AT3G60530	872	922	1568	1619
AT3G60540	1066	1100	36	34
AT3G60550	127	172	88	34
AT3G60580	167	156	40	35
AT3G60590	429	498	387	535
AT3G60600	3654	3832	2075	2123
AT3G60620	272	257	288	319
AT3G60630	515	620	697	550
AT3G60640	485	525	194	220
AT3G60647	9	8	0	0
AT3G60650	34	42	10	3
AT3G60660	192	163	127	42
AT3G60670	53	65	31	11
AT3G60680	87	57	61	67
AT3G60690	326	379	253	264
AT3G60700	3	3	16	7
AT3G60710	10	9	15	16
AT3G60720	29	37	38	52
AT3G60730	14	17	6	6
AT3G60740	450	514	514	493
AT3G60750	15025	16100	24622	27593
AT3G60770	6528	6992	4216	2903
AT3G60780	0	1	0	0
AT3G60800	1399	1470	550	558
AT3G60810	696	756	661	665
AT3G60820	3282	3335	1860	1890
AT3G60830	406	417	337	279
AT3G60840	154	189	206	83
AT3G60850	418	465	366	367
AT3G60860	1417	1464	1233	1314
AT3G60880	342	353	386	292
AT3G60890	88	95	91	5
AT3G60900	94	99	207	50
AT3G60910	345	344	326	406
AT3G60920	1	2	1	1
AT3G60940	24	53	8	7
AT3G60950	0	1	0	0
AT3G60960	159	187	97	99
AT3G60961	293	258	215	246
AT3G60966	252	294	4	7
AT3G60970	99	112	3	1
AT3G60972	3	5	0	0
AT3G60980	381	448	340	409
AT3G60990	0	0	0	6
AT3G61010	2008	2101	1599	1864
AT3G61028	2	2	4	8
AT3G61035	1	1	0	0
AT3G61050	1967	2226	2212	2388
AT3G61060	569	590	738	1308
AT3G61070	620	703	543	799
AT3G61080	315	322	756	945
AT3G61090	2	3	12	13
AT3G61100	277	288	245	162
AT3G61110	5113	5232	2976	2001
AT3G61111	0	5	0	0
AT3G61113	57	51	26	19
AT3G61117	2	1	0	0
AT3G61118	15	3	2	0
AT3G61120	5	6	11	3
AT3G61130	2375	2520	2594	2548
AT3G61140	940	972	580	494
AT3G61150	329	305	473	388
AT3G61160	129	152	159	206
AT3G61170	42	45	24	29
AT3G61180	963	1047	738	901
AT3G61190	3411	3563	417	344
AT3G61198	297	335	19	9
AT3G61200	1197	1215	769	856
AT3G61210	604	573	908	1190
AT3G61220	572	641	553	466
AT3G61230	4	1	1	2
AT3G61240	1308	1371	1012	809
AT3G61250	93	140	86	18
AT3G61260	2416	2626	4706	7172
AT3G61270	4	2	1	0
AT3G61280	4144	4299	892	1161
AT3G61300	11	3	1	3
AT3G61310	1337	1370	791	625
AT3G61320	319	331	348	359
AT3G61340	6	4	1	0
AT3G61350	118	111	128	127
AT3G61360	88	99	85	72
AT3G61370	374	398	193	204
AT3G61380	467	447	246	218
AT3G61390	146	127	2	1
AT3G61400	1	1	0	0
AT3G61410	35	35	12	3
AT3G61415	275	259	259	287
AT3G61420	921	950	856	982
AT3G61430	3817	4035	3085	4555
AT3G61440	8277	8628	9792	8709
AT3G61450	11	14	4	3
AT3G61460	1745	1791	1874	1950
AT3G61470	38653	40271	88487	113538
AT3G61480	774	805	600	682
AT3G61490	614	728	384	88
AT3G61500	2	5	0	0
AT3G61510	32	31	8	3
AT3G61520	178	211	191	128
AT3G61530	287	320	204	228
AT3G61540	515	556	354	396
AT3G61550	201	190	252	304
AT3G61560	375	482	239	215
AT3G61570	339	419	291	339
AT3G61571	0	1	3	2
AT3G61580	7029	7508	6412	8132
AT3G61590	186	205	197	93
AT3G61600	1726	1879	1242	1402
AT3G61610	251	254	221	125
AT3G61620	359	352	249	168
AT3G61630	519	550	304	264
AT3G61640	1951	2175	726	615
AT3G61650	258	257	268	159
AT3G61660	2	3	1	2
AT3G61670	1102	1128	444	311
AT3G61680	15	17	14	4
AT3G61690	1296	1276	1044	993
AT3G61700	913	876	705	715
AT3G61710	586	638	504	484
AT3G61740	352	339	324	276
AT3G61750	97	138	152	136
AT3G61760	52	60	32	16
AT3G61770	270	263	245	271
AT3G61780	405	433	627	483
AT3G61790	581	639	472	587
AT3G61800	341	369	265	219
AT3G61810	56	66	85	99
AT3G61820	3158	3093	2008	1436
AT3G61830	463	486	529	423
AT3G61840	8	38	24	29
AT3G61850	361	413	191	175
AT3G61860	2751	2830	1390	1269
AT3G61870	2278	2330	4749	4533
AT3G61880	84	118	126	97
AT3G61890	957	982	389	348
AT3G61897	0	0	0	1
AT3G61898	18	20	37	27
AT3G61900	22	42	25	24
AT3G61910	1	2	0	0
AT3G61920	44	45	54	7
AT3G61930	10	3	1	0
AT3G61950	39	44	126	122
AT3G61960	1292	1404	593	596
AT3G61970	128	156	189	234
AT3G61980	524	541	135	147
AT3G61990	472	469	230	181
AT3G62000	178	206	192	170
AT3G62010	2358	2440	1717	2071
AT3G62020	34	43	44	38
AT3G62030	4566	4769	8600	9202
AT3G62040	22	26	96	28
AT3G62050	68	65	50	26
AT3G62060	149	153	136	97
AT3G62070	49	55	85	80
AT3G62080	328	355	259	281
AT3G62090	338	378	179	125
AT3G62100	42	37	22	19
AT3G62110	530	560	790	701
AT3G62120	2615	2793	2224	2092
AT3G62130	552	630	437	361
AT3G62140	548	585	347	329
AT3G62150	852	954	1361	1709
AT3G62160	16	18	26	19
AT3G62180	0	2	0	0
AT3G62190	960	934	564	580
AT3G62200	592	676	251	249
AT3G62210	93	82	0	0
AT3G62220	485	489	337	391
AT3G62240	1106	1054	654	670
AT3G62250	8440	8935	6037	4104
AT3G62260	1243	1259	288	133
AT3G62270	145	161	115	45
AT3G62280	26	41	9	2
AT3G62290	11713	12238	7036	8651
AT3G62300	444	416	586	362
AT3G62310	1249	1380	991	859
AT3G62320	4	2	3	0
AT3G62330	720	775	595	621
AT3G62340	0	0	0	1
AT3G62360	2301	2381	1892	1631
AT3G62370	905	991	683	899
AT3G62380	12	28	0	0
AT3G62390	198	203	314	279
AT3G62400	1156	1095	634	569
AT3G62410	2887	3062	6277	7952
AT3G62420	2735	2712	1318	1543
AT3G62422	2735	2712	1318	1543
AT3G62430	10	8	6	3
AT3G62440	0	1	0	0
AT3G62450	477	490	254	244
AT3G62460	192	197	100	72
AT3G62470	90	111	137	136
AT3G62499	2	5	11	7
AT3G62500	75	67	73	118
AT3G62510	31	33	31	33
AT3G62528	0	0	0	1
AT3G62530	2895	2895	3658	3285
AT3G62540	71	82	98	90
AT3G62550	3219	3409	6122	10009
AT3G62560	1576	1572	849	936
AT3G62570	66	64	53	39
AT3G62580	3006	3090	1288	1167
AT3G62590	114	151	67	79
AT3G62600	6876	6930	1522	1431
AT3G62610	2	0	7	0
AT3G62620	170	174	135	136
AT3G62630	622	621	707	980
AT3G62640	2	2	2	0
AT3G62650	952	1016	682	807
AT3G62660	1014	1046	1446	2178
AT3G62680	2	0	0	0
AT3G62690	316	367	253	304
AT3G62700	2739	2900	4186	4035
AT3G62710	0	3	0	0
AT3G62720	3861	4012	1067	1251
AT3G62730	13	10	1	0
AT3G62740	109	91	188	46
AT3G62750	1671	1650	3684	5093
AT3G62760	4	8	0	1
AT3G62770	697	727	666	822
AT3G62780	139	169	81	104
AT3G62790	1294	1339	751	718
AT3G62800	437	451	265	282
AT3G62810	526	511	303	268
AT3G62820	51	47	93	157
AT3G62830	2481	2601	1039	963
AT3G62840	2190	2296	1427	1264
AT3G62850	0	1	1	0
AT3G62860	265	304	126	184
AT3G62870	8166	8667	6745	4736
AT3G62880	302	309	138	147
AT3G62890	64	73	76	47
AT3G62900	1007	1017	763	812
AT3G62910	429	478	857	925
AT3G62920	99	94	48	63
AT3G62930	55	58	45	36
AT3G62940	951	1088	650	617
AT3G62950	20	28	90	133
AT3G62960	15	18	19	15
AT3G62970	444	466	361	401
AT3G62980	1233	1245	1679	1550
AT3G62990	0	0	2	0
AT3G63000	744	804	742	713
AT3G63010	373	405	165	113
AT3G63020	0	1	0	0
AT3G63030	666	723	442	386
AT3G63040	1	0	0	0
AT3G63050	66	71	7	20
AT3G63052	8	1	3	2
AT3G63060	34	29	12	7
AT3G63070	1291	1320	1027	1035
AT3G63080	2501	2679	1109	1422
AT3G63088	1	5	10	6
AT3G63090	233	206	116	108
AT3G63095	2	3	0	0
AT3G63110	292	300	167	63
AT3G63120	851	873	880	950
AT3G63130	682	744	685	445
AT3G63140	3839	3930	8873	10297
AT3G63150	932	972	859	929
AT3G63160	2377	2437	7252	8790
AT3G63170	503	584	790	794
AT3G63180	733	741	552	489
AT3G63190	1695	1727	2737	2984
AT3G63200	333	344	927	604
AT3G63210	1167	1172	1582	1367
AT3G63220	238	245	157	176
AT3G63240	125	132	166	122
AT3G63250	651	670	598	466
AT3G63260	905	924	712	719
AT3G63270	341	349	203	207
AT3G63280	131	129	192	53
AT3G63290	120	99	101	59
AT3G63300	375	380	300	168
AT3G63310	1358	1507	965	1115
AT3G63320	1	2	2	0
AT3G63340	947	1022	876	1042
AT3G63350	0	2	0	0
AT3G63360	2	0	0	0
AT3G63370	137	140	212	249
AT3G63375	18	28	39	39
AT3G63380	290	322	84	89
AT3G63390	398	451	333	320
AT3G63400	1797	1927	1196	1067
AT3G63410	4027	4200	6533	6419
AT3G63420	828	903	515	590
AT3G63430	52	49	70	27
AT3G63440	348	317	628	405
AT3G63445	417	359	646	426
AT3G63450	95	130	257	155
AT3G63460	4850	4994	2954	2550
AT3G63470	10	21	37	21
AT3G63480	55	82	83	49
AT3G63490	6290	6600	9216	10549
AT3G63500	2472	2563	1936	2131
AT3G63510	237	242	445	437
AT3G63520	5717	6233	5701	7034
AT3G63530	184	240	195	109
AT3G63540	2558	2700	3197	3718
AT3G66652	134	142	163	113
AT3G66654	1788	2034	754	933
AT3G66658	710	716	541	491
AT4G00020	211	179	277	190
AT4G00026	823	890	503	394
AT4G00030	774	855	785	830
AT4G00040	1690	1870	1140	1113
AT4G00050	119	154	118	126
AT4G00060	865	914	796	786
AT4G00070	2	1	7	4
AT4G00080	0	2	0	0
AT4G00090	831	928	499	486
AT4G00100	4331	4473	3214	2443
AT4G00110	237	257	176	153
AT4G00120	1	0	0	0
AT4G00130	0	1	0	0
AT4G00140	1	0	0	0
AT4G00150	409	467	361	417
AT4G00165	525	587	627	716
AT4G00170	843	906	458	396
AT4G00180	785	831	987	1081
AT4G00190	2	0	0	0
AT4G00200	114	130	77	46
AT4G00210	2	6	2	1
AT4G00220	2	4	2	1
AT4G00230	258	238	227	267
AT4G00231	246	232	251	217
AT4G00234	1	0	0	0
AT4G00238	353	353	368	239
AT4G00240	203	209	101	93
AT4G00250	4	2	4	0
AT4G00270	585	612	649	554
AT4G00280	0	1	0	0
AT4G00290	367	337	264	354
AT4G00300	2656	2760	1494	2039
AT4G00305	15	6	1	0
AT4G00310	63	61	70	46
AT4G00320	0	0	0	1
AT4G00330	2995	3127	2261	2914
AT4G00335	421	440	268	308
AT4G00340	895	841	1094	958
AT4G00350	1	0	2	0
AT4G00355	2168	2221	1443	1688
AT4G00360	3352	3404	3856	5587
AT4G00370	1000	934	1314	1290
AT4G00380	234	221	313	172
AT4G00390	23	21	7	4
AT4G00400	464	466	802	975
AT4G00420	427	463	295	272
AT4G00430	6749	7033	3913	2683
AT4G00440	958	929	735	695
AT4G00450	1267	1247	1079	1037
AT4G00460	25	36	32	21
AT4G00480	151	173	137	85
AT4G00490	1235	1205	523	491
AT4G00500	400	428	298	347
AT4G00520	400	440	462	429
AT4G00525	86	95	68	64
AT4G00530	97	95	76	79
AT4G00540	8	21	0	0
AT4G00550	489	501	263	279
AT4G00560	420	468	474	502
AT4G00570	2544	2647	1815	1798
AT4G00580	10	15	7	3
AT4G00585	1286	1422	789	746
AT4G00590	134	135	122	136
AT4G00620	382	401	396	290
AT4G00630	1157	1156	1404	1248
AT4G00650	226	247	165	194
AT4G00651	5	2	2	0
AT4G00660	1151	1169	795	774
AT4G00670	485	404	119	114
AT4G00680	12	9	5	13
AT4G00690	69	56	45	31
AT4G00695	24	25	6	11
AT4G00700	1629	1725	26	24
AT4G00710	1733	1786	1206	1313
AT4G00720	1312	1377	1448	1826
AT4G00730	1135	1185	1504	1828
AT4G00740	1068	1218	1098	993
AT4G00750	607	548	475	744
AT4G00752	322	338	461	416
AT4G00755	269	313	296	346
AT4G00760	790	803	656	591
AT4G00770	202	191	215	168
AT4G00780	2078	2091	2219	2685
AT4G00800	1118	1220	1309	1359
AT4G00810	2098	2167	1928	1514
AT4G00820	398	416	289	99
AT4G00830	1373	1416	1230	1209
AT4G00840	346	362	207	224
AT4G00850	231	282	130	121
AT4G00860	2799	3029	1342	1207
AT4G00870	30	29	49	19
AT4G00872	4	7	1	0
AT4G00880	306	317	509	553
AT4G00885	0	2	0	0
AT4G00890	11	15	12	6
AT4G00893	1	3	3	2
AT4G00895	1626	1715	2202	2134
AT4G00900	583	660	307	201
AT4G00905	55	59	50	39
AT4G00910	7	4	2	0
AT4G00920	0	2	0	0
AT4G00930	362	425	307	244
AT4G00940	347	369	172	114
AT4G00950	233	226	379	502
AT4G00955	436	406	75	115
AT4G00960	108	90	17	22
AT4G00970	1165	1264	528	828
AT4G00975	253	252	69	68
AT4G00980	202	215	101	105
AT4G00985	1	2	1	0
AT4G00990	590	625	531	505
AT4G01000	2180	2246	1926	2059
AT4G01010	1118	1256	222	382
AT4G01020	444	430	390	351
AT4G01023	2	0	0	0
AT4G01026	885	873	644	607
AT4G01030	516	518	369	345
AT4G01037	661	735	870	767
AT4G01040	495	501	502	588
AT4G01050	6540	6591	11160	12262
AT4G01060	18	13	26	30
AT4G01070	3802	3993	1600	1463
AT4G01080	1128	1208	452	258
AT4G01090	1458	1458	593	746
AT4G01100	2764	2866	2059	2089
AT4G01110	28	27	35	34
AT4G01120	655	693	759	1008
AT4G01130	518	486	412	499
AT4G01140	9	9	8	21
AT4G01150	6505	6688	14275	17732
AT4G01160	4	3	0	2
AT4G01190	12	23	36	41
AT4G01200	25	38	48	61
AT4G01210	1396	1522	1163	1326
AT4G01220	383	411	250	278
AT4G01230	15	24	7	4
AT4G01250	600	545	335	503
AT4G01270	34	32	45	43
AT4G01280	355	366	274	317
AT4G01290	3404	3583	2706	2917
AT4G01310	2371	2442	4717	4893
AT4G01320	1641	1823	984	953
AT4G01328	0	0	0	1
AT4G01330	1132	1168	1215	2194
AT4G01335	6	6	19	36
AT4G01340	0	0	2	0
AT4G01350	1	4	1	0
AT4G01360	1743	1897	98	14
AT4G01370	1707	1858	1044	904
AT4G01380	183	192	236	235
AT4G01390	810	908	1181	1188
AT4G01400	945	1051	1022	1034
AT4G01410	209	215	227	217
AT4G01420	10	12	6	1
AT4G01430	136	124	62	2
AT4G01440	199	199	162	175
AT4G01450	389	390	382	324
AT4G01460	116	102	403	405
AT4G01470	0	0	1	0
AT4G01480	1081	1259	528	480
AT4G01500	13	19	6	12
AT4G01510	143	131	85	109
AT4G01520	1	0	1	3
AT4G01533	0	0	1	0
AT4G01535	17	43	4	0
AT4G01540	536	529	72	46
AT4G01550	388	439	281	293
AT4G01560	785	756	604	396
AT4G01570	279	342	290	298
AT4G01575	36	52	14	19
AT4G01580	165	207	192	133
AT4G01590	813	851	631	510
AT4G01593	903	1014	671	635
AT4G01595	718	806	540	509
AT4G01600	44	68	43	46
AT4G01610	7934	8234	1936	2255
AT4G01630	1	4	4	1
AT4G01650	207	221	196	243
AT4G01660	788	843	402	331
AT4G01670	91	79	178	149
AT4G01680	68	96	59	44
AT4G01690	1999	2168	2800	3064
AT4G01700	2202	2297	349	389
AT4G01710	392	330	162	179
AT4G01720	873	943	117	133
AT4G01730	176	150	174	91
AT4G01735	2	2	1	0
AT4G01740	262	261	125	146
AT4G01750	1128	1273	306	385
AT4G01770	0	0	1	1
AT4G01780	0	1	3	0
AT4G01790	166	198	77	72
AT4G01800	1735	1827	3513	4036
AT4G01810	1256	1374	819	857
AT4G01820	7	5	0	1
AT4G01830	0	0	2	1
AT4G01840	145	184	229	259
AT4G01850	10786	11043	5917	5088
AT4G01860	578	653	447	375
AT4G01870	1084	1096	205	175
AT4G01880	316	293	202	212
AT4G01883	550	595	549	462
AT4G01890	19	13	3	0
AT4G01895	272	348	37	29
AT4G01897	295	279	190	203
AT4G01900	868	950	983	877
AT4G01910	115	154	65	48
AT4G01915	225	223	197	226
AT4G01920	233	216	95	108
AT4G01925	23	11	3	3
AT4G01930	7	6	9	2
AT4G01935	689	827	555	632
AT4G01940	1909	2146	1545	1791
AT4G01950	2355	2454	772	958
AT4G01960	762	882	490	452
AT4G01970	0	2	2	2
AT4G01985	151	165	71	98
AT4G01990	208	231	127	104
AT4G01995	330	359	424	491
AT4G02000	80	71	18	8
AT4G02005	165	166	79	68
AT4G02010	859	771	626	555
AT4G02020	1026	1023	729	732
AT4G02030	1105	1143	670	688
AT4G02040	61	69	50	29
AT4G02050	623	693	272	387
AT4G02060	453	435	637	344
AT4G02070	221	229	279	177
AT4G02075	326	358	120	218
AT4G02080	2644	2778	1519	1578
AT4G02090	6	8	2	1
AT4G02100	152	161	174	151
AT4G02110	136	139	181	118
AT4G02120	1194	1264	1004	1039
AT4G02130	1951	2047	1572	2095
AT4G02140	187	140	87	51
AT4G02150	712	732	593	358
AT4G02160	5	1	0	0
AT4G02170	140	143	5	7
AT4G02180	14	12	10	3
AT4G02195	390	392	211	207
AT4G02200	1291	1388	612	429
AT4G02210	588	632	384	351
AT4G02220	616	629	303	275
AT4G02230	4475	4736	3842	2838
AT4G02260	1358	1357	1751	1849
AT4G02280	297	296	61	68
AT4G02290	585	594	1406	105
AT4G02300	1	1	0	0
AT4G02320	23	21	7	4
AT4G02330	5128	5281	417	688
AT4G02340	2253	2284	949	1076
AT4G02350	1613	1672	987	1143
AT4G02360	619	665	76	43
AT4G02370	1814	1953	1218	1387
AT4G02380	6981	7055	1540	1444
AT4G02390	172	198	76	51
AT4G02400	782	800	660	431
AT4G02405	361	378	329	354
AT4G02410	1020	1053	637	530
AT4G02420	422	507	508	624
AT4G02425	101	93	144	117
AT4G02430	605	676	548	593
AT4G02440	639	711	569	655
AT4G02450	2933	3118	2428	1989
AT4G02460	279	265	237	171
AT4G02480	4851	5326	4423	4896
AT4G02482	57	49	42	38
AT4G02485	112	119	111	112
AT4G02500	2842	3004	2649	2643
AT4G02510	3811	4029	5367	5528
AT4G02520	29618	30944	6991	9692
AT4G02530	1968	2080	2959	3232
AT4G02540	1937	2066	950	1616
AT4G02541	1	0	2	1
AT4G02550	646	687	287	304
AT4G02555	2	2	0	0
AT4G02560	837	845	667	584
AT4G02570	4860	5134	3438	3180
AT4G02580	2515	2556	1894	1717
AT4G02590	1125	1238	686	514
AT4G02600	955	1012	487	599
AT4G02610	444	458	305	307
AT4G02620	2804	2882	1627	1604
AT4G02630	358	378	506	476
AT4G02640	1125	1222	985	1046
AT4G02650	2	2	0	0
AT4G02655	0	0	0	1
AT4G02660	231	248	136	89
AT4G02670	18	33	23	15
AT4G02680	953	1033	1183	1021
AT4G02690	5	4	6	2
AT4G02700	77	55	41	17
AT4G02710	381	396	315	130
AT4G02715	368	375	433	414
AT4G02720	1046	1058	938	883
AT4G02725	602	619	653	841
AT4G02730	164	142	70	85
AT4G02740	629	696	526	514
AT4G02750	102	96	92	61
AT4G02760	357	356	172	113
AT4G02770	31947	32568	63018	80426
AT4G02780	6	11	12	5
AT4G02790	598	613	883	834
AT4G02800	210	227	281	106
AT4G02810	2	2	0	1
AT4G02820	292	315	239	201
AT4G02830	6	6	4	3
AT4G02840	959	1065	611	499
AT4G02850	236	252	386	234
AT4G02860	684	733	425	423
AT4G02870	0	0	1	0
AT4G02880	1505	1448	629	627
AT4G02890	4480	4660	3177	2619
AT4G02900	169	180	217	171
AT4G02920	2548	2842	3652	3911
AT4G02930	1993	2173	1392	759
AT4G02940	615	682	727	612
AT4G02950	0	0	3	0
AT4G02970	4724	4776	1791	1181
AT4G02980	627	666	311	235
AT4G02990	679	670	792	746
AT4G03000	493	582	515	527
AT4G03010	58	47	61	38
AT4G03020	1946	1980	1495	1507
AT4G03030	1079	1159	1125	1432
AT4G03050	0	0	0	1
AT4G03070	196	192	107	152
AT4G03080	1970	2143	1280	1526
AT4G03090	376	389	352	252
AT4G03100	170	194	201	87
AT4G03110	900	976	894	1372
AT4G03113	1	0	0	0
AT4G03115	138	118	107	132
AT4G03120	524	653	289	236
AT4G03130	9	11	19	2
AT4G03140	181	184	185	182
AT4G03150	172	180	285	310
AT4G03156	140	140	8	82
AT4G03165	1	0	0	0
AT4G03175	1	2	2	0
AT4G03180	666	629	384	284
AT4G03190	763	839	778	668
AT4G03200	950	898	1025	1171
AT4G03205	456	476	619	549
AT4G03210	5259	5463	4443	4426
AT4G03220	13	17	2	3
AT4G03230	683	692	306	284
AT4G03240	436	447	245	274
AT4G03250	172	147	122	155
AT4G03260	2650	2898	2135	1917
AT4G03270	142	143	90	74
AT4G03280	8762	9330	15185	17434
AT4G03290	1	0	0	1
AT4G03292	4	16	12	6
AT4G03295	1	1	1	0
AT4G03320	232	244	26	29
AT4G03330	5	7	7	4
AT4G03340	31	55	30	33
AT4G03380	12	6	13	22
AT4G03390	2056	2159	1625	2045
AT4G03400	1955	2010	1251	2478
AT4G03410	656	653	528	596
AT4G03415	1580	1521	1000	974
AT4G03420	2167	2227	851	736
AT4G03430	1522	1667	1347	1321
AT4G03438	0	2	0	0
AT4G03440	96	106	99	92
AT4G03443	5	12	20	19
AT4G03445	5	14	8	14
AT4G03450	474	508	113	149
AT4G03460	6	0	1	2
AT4G03470	0	3	0	0
AT4G03480	2	3	1	1
AT4G03490	43	41	5	7
AT4G03500	261	305	148	156
AT4G03505	1	1	3	8
AT4G03510	214	255	480	693
AT4G03520	5690	6037	7225	8514
AT4G03540	12	7	0	0
AT4G03550	1887	1985	1259	1281
AT4G03560	3082	3170	2682	3453
AT4G03565	2	3	0	1
AT4G03600	31	30	54	60
AT4G03610	68	93	71	49
AT4G03620	0	0	3	0
AT4G03635	151	153	113	89
AT4G03811	4	7	2	10
AT4G03820	379	374	273	259
AT4G03930	4	7	5	9
AT4G03935	83	92	139	156
AT4G03940	94	82	157	152
AT4G03945	0	1	0	0
AT4G03960	148	207	66	59
AT4G03965	3	7	10	6
AT4G04020	6229	6524	4678	5142
AT4G04030	1	0	0	1
AT4G04040	1023	992	1176	1521
AT4G04077	1	0	0	0
AT4G04110	0	1	0	0
AT4G04180	212	251	150	120
AT4G04190	115	120	69	63
AT4G04200	509	506	316	342
AT4G04210	1080	1244	972	964
AT4G04220	849	820	284	305
AT4G04221	406	410	94	109
AT4G04223	535	613	250	224
AT4G04260	4	9	4	1
AT4G04320	616	656	417	421
AT4G04330	720	715	1943	2646
AT4G04340	2149	2255	4230	5709
AT4G04350	586	601	1048	1133
AT4G04360	94	106	97	75
AT4G04370	117	115	135	135
AT4G04423	5	9	7	6
AT4G04450	32	50	57	67
AT4G04460	95	114	50	29
AT4G04470	853	868	494	540
AT4G04480	9	5	0	0
AT4G04490	2435	2500	50	68
AT4G04500	1772	1842	13	9
AT4G04510	401	473	3	0
AT4G04540	317	329	15	5
AT4G04570	3472	3748	1003	1518
AT4G04580	2	0	1	1
AT4G04610	1729	1894	2985	1307
AT4G04614	516	598	370	338
AT4G04620	855	902	403	387
AT4G04630	208	185	457	393
AT4G04640	10084	10638	18952	22850
AT4G04670	286	310	275	187
AT4G04680	6	8	1	0
AT4G04695	313	345	221	254
AT4G04700	88	97	124	127
AT4G04710	26	39	4	4
AT4G04720	1290	1368	1034	1098
AT4G04730	0	1	0	0
AT4G04740	974	921	626	877
AT4G04745	159	158	23	44
AT4G04750	242	301	363	365
AT4G04760	16	29	20	18
AT4G04770	2074	2120	2465	2609
AT4G04780	384	420	302	264
AT4G04790	185	161	105	74
AT4G04800	1091	1170	465	439
AT4G04810	38	49	69	69
AT4G04830	388	466	592	461
AT4G04840	171	176	544	764
AT4G04850	977	981	1000	1201
AT4G04860	835	939	454	457
AT4G04870	137	142	152	84
AT4G04880	252	258	198	252
AT4G04885	512	616	559	515
AT4G04890	1183	1154	1855	1884
AT4G04900	9	11	15	6
AT4G04910	1870	1907	1196	1157
AT4G04920	1380	1430	608	413
AT4G04925	429	518	391	415
AT4G04930	4	2	0	2
AT4G04940	303	301	221	143
AT4G04950	941	1048	753	669
AT4G04955	243	242	674	1316
AT4G04960	909	916	450	526
AT4G04970	533	626	576	652
AT4G04972	12	6	1	3
AT4G04990	2	0	1	0
AT4G05000	424	429	234	262
AT4G05010	138	169	77	67
AT4G05018	1	0	0	2
AT4G05020	939	942	135	154
AT4G05030	98	104	0	0
AT4G05040	443	448	343	354
AT4G05050	17989	18853	7441	5968
AT4G05060	729	691	536	537
AT4G05070	1824	1860	4096	5345
AT4G05071	6	8	3	3
AT4G05090	307	345	412	493
AT4G05091	0	1	1	2
AT4G05100	136	148	7	12
AT4G05105	0	0	0	1
AT4G05110	31	24	35	14
AT4G05120	426	462	237	185
AT4G05130	27	30	19	34
AT4G05150	3507	3630	2786	3366
AT4G05160	1348	1502	761	806
AT4G05170	24	26	11	33
AT4G05180	18526	19599	45434	61429
AT4G05190	209	265	246	150
AT4G05200	12	7	11	1
AT4G05210	38	39	14	14
AT4G05220	6	15	5	4
AT4G05320	39451	40513	31501	33270
AT4G05330	239	229	282	331
AT4G05360	0	0	0	1
AT4G05370	10	17	0	1
AT4G05380	16	8	1	0
AT4G05390	899	922	540	246
AT4G05400	619	554	337	216
AT4G05410	382	344	317	160
AT4G05420	1574	1502	1388	1476
AT4G05430	12	9	7	6
AT4G05440	187	212	177	100
AT4G05450	341	358	205	127
AT4G05460	253	246	201	206
AT4G05497	16	16	4	8
AT4G05520	296	297	301	163
AT4G05530	2226	2307	988	964
AT4G05540	242	266	0	0
AT4G05590	861	896	219	222
AT4G05631	146	193	180	186
AT4G06534	46	44	77	103
AT4G06536	17	36	52	47
AT4G06598	260	271	226	210
AT4G06599	612	688	378	396
AT4G06634	750	701	476	428
AT4G06639	0	1	0	0
AT4G06676	232	263	155	120
AT4G06701	404	442	226	166
AT4G06744	188	208	83	42
AT4G06746	6	9	340	339
AT4G07390	1045	1085	570	541
AT4G07400	64	59	73	85
AT4G07408	0	0	0	1
AT4G07410	1512	1571	1227	1002
AT4G07820	22	12	1	0
AT4G07825	1255	1249	986	721
AT4G07940	4	10	5	4
AT4G07950	375	385	199	198
AT4G07960	122	160	104	46
AT4G07965	1	0	0	0
AT4G07990	796	816	392	409
AT4G08035	936	929	984	824
AT4G08040	229	234	44	56
AT4G08150	659	697	402	4
AT4G08160	2	5	7	14
AT4G08170	737	793	323	325
AT4G08180	932	1002	667	728
AT4G08190	1	1	0	1
AT4G08210	26	28	21	12
AT4G08230	2055	2324	576	578
AT4G08240	370	368	243	220
AT4G08250	33	30	12	12
AT4G08260	0	1	0	0
AT4G08280	767	892	595	591
AT4G08290	392	387	243	229
AT4G08300	92	72	148	94
AT4G08310	1054	1089	835	847
AT4G08320	673	774	390	389
AT4G08330	218	233	185	216
AT4G08345	1	0	0	0
AT4G08350	1502	1664	1448	1330
AT4G08360	0	1	0	0
AT4G08390	1832	1800	1662	1283
AT4G08450	2	0	1	0
AT4G08455	310	299	195	165
AT4G08460	1564	1683	1155	1112
AT4G08470	3833	3939	1758	2345
AT4G08480	744	773	554	572
AT4G08500	1496	1636	600	740
AT4G08510	334	386	224	211
AT4G08520	1730	1803	1228	969
AT4G08540	738	820	541	585
AT4G08550	2	0	0	0
AT4G08555	144	167	108	87
AT4G08570	23	19	43	11
AT4G08580	351	380	461	407
AT4G08590	41	58	72	50
AT4G08685	1270	1254	1097	962
AT4G08690	394	393	306	256
AT4G08691	2	0	0	0
AT4G08700	257	263	232	270
AT4G08760	0	1	0	0
AT4G08770	898	933	54	7
AT4G08780	250	276	16	3
AT4G08790	190	222	134	106
AT4G08810	1712	1772	1424	1638
AT4G08850	12498	13073	2943	4234
AT4G08867	0	1	0	0
AT4G08870	28659	29926	3818	3834
AT4G08874	4	4	4	4
AT4G08875	0	0	1	0
AT4G08900	609	624	419	441
AT4G08910	10	9	9	9
AT4G08920	3924	3927	3997	5856
AT4G08930	1293	1438	374	748
AT4G08940	161	148	125	119
AT4G08950	14129	14839	1808	4838
AT4G08960	736	780	426	423
AT4G08980	2415	2409	1241	1025
AT4G08990	61	74	20	15
AT4G09000	7427	7790	5362	4744
AT4G09010	2725	2894	6008	6826
AT4G09012	127	113	89	52
AT4G09020	3368	3501	5319	5078
AT4G09030	5117	5530	755	604
AT4G09040	949	1054	1407	1531
AT4G09060	93	80	63	29
AT4G09080	23	26	10	10
AT4G09100	0	4	0	0
AT4G09130	3	7	0	0
AT4G09140	328	434	282	188
AT4G09150	1421	1488	1558	1829
AT4G09160	266	269	641	634
AT4G09170	6	6	5	3
AT4G09180	454	458	294	251
AT4G09200	389	348	234	255
AT4G09250	100	181	206	110
AT4G09300	27	37	0	1
AT4G09310	275	257	192	152
AT4G09320	7434	7696	5117	3895
AT4G09340	501	495	402	405
AT4G09350	172	191	273	240
AT4G09420	95	123	44	74
AT4G09430	100	111	56	73
AT4G09432	98	108	53	68
AT4G09460	335	365	229	330
AT4G09490	88	102	95	88
AT4G09500	299	293	272	194
AT4G09510	418	412	445	332
AT4G09520	195	227	188	177
AT4G09530	1	2	0	1
AT4G09550	346	399	234	204
AT4G09560	308	303	233	277
AT4G09570	1756	1734	678	686
AT4G09580	524	542	316	343
AT4G09590	1	2	0	0
AT4G09600	9	5	0	0
AT4G09610	0	0	1	0
AT4G09620	730	658	588	642
AT4G09630	719	729	739	742
AT4G09640	440	505	294	267
AT4G09649	2	1	3	1
AT4G09650	5760	6183	11839	13995
AT4G09670	695	718	980	1083
AT4G09680	843	795	664	653
AT4G09690	0	2	0	1
AT4G09720	775	747	633	608
AT4G09730	1077	1110	1294	1155
AT4G09750	565	493	141	146
AT4G09760	2953	3097	1801	2659
AT4G09770	63	58	5	0
AT4G09780	1	3	0	0
AT4G09800	5910	6239	3691	2878
AT4G09810	218	213	153	140
AT4G09820	141	150	226	111
AT4G09830	2228	2383	1149	1226
AT4G09840	26	33	22	29
AT4G09880	8	16	2	0
AT4G09890	773	844	563	566
AT4G09900	362	399	481	539
AT4G09920	26	24	23	32
AT4G09940	0	1	0	0
AT4G09950	19	22	16	9
AT4G09965	0	1	0	1
AT4G09970	246	255	157	114
AT4G09980	653	714	566	475
AT4G09990	20	17	9	8
AT4G10000	573	624	567	615
AT4G10020	10	21	21	6
AT4G10030	306	326	489	461
AT4G10040	654	685	275	204
AT4G10050	604	537	341	307
AT4G10060	2160	2283	2168	2227
AT4G10070	698	665	535	551
AT4G10080	2032	2143	2067	2511
AT4G10090	279	220	209	136
AT4G10100	472	496	322	364
AT4G10110	569	558	266	267
AT4G10120	748	789	1014	1214
AT4G10130	177	163	118	102
AT4G10140	457	446	201	214
AT4G10150	15	18	39	34
AT4G10160	3	3	19	27
AT4G10170	345	292	247	342
AT4G10180	902	1025	911	782
AT4G10200	2	3	1	4
AT4G10230	1	0	0	1
AT4G10250	4	5	1	0
AT4G10260	16	27	3	1
AT4G10265	286	304	7	2
AT4G10270	724	780	133	17
AT4G10280	377	433	208	216
AT4G10290	17	17	1	7
AT4G10300	1646	1683	1522	1822
AT4G10310	5	4	8	12
AT4G10320	2032	2143	1831	1579
AT4G10330	341	396	173	206
AT4G10340	30364	31554	82373	110921
AT4G10360	533	547	300	353
AT4G10370	2	3	0	0
AT4G10380	678	731	490	152
AT4G10390	382	440	100	58
AT4G10400	102	131	106	94
AT4G10410	0	0	0	1
AT4G10420	63	72	49	23
AT4G10430	917	1006	464	474
AT4G10440	0	0	2	0
AT4G10450	898	862	794	489
AT4G10470	244	270	270	229
AT4G10480	3017	3200	2906	2061
AT4G10500	4755	4924	10	8
AT4G10507	0	1	0	0
AT4G10510	1	2	0	0
AT4G10550	125	121	87	105
AT4G10560	5	6	4	5
AT4G10570	503	526	372	338
AT4G10590	647	597	438	453
AT4G10600	19	20	21	32
AT4G10610	1268	1369	864	799
AT4G10620	325	331	220	188
AT4G10630	52	47	85	20
AT4G10640	12	10	6	4
AT4G10650	53	64	36	26
AT4G10695	2	4	8	1
AT4G10710	1533	1607	1399	1252
AT4G10720	19	25	0	2
AT4G10730	1019	1118	872	1005
AT4G10750	424	480	523	443
AT4G10760	576	559	484	361
AT4G10770	1204	1215	952	1222
AT4G10790	1653	1656	1268	1440
AT4G10800	87	111	99	81
AT4G10810	1123	1098	582	608
AT4G10840	2188	2318	2273	2448
AT4G10845	4	14	9	8
AT4G10860	226	221	2	4
AT4G10890	245	235	181	172
AT4G10910	3	11	20	37
AT4G10920	1159	1187	893	912
AT4G10925	249	248	184	238
AT4G10930	813	840	589	570
AT4G10940	44	46	47	49
AT4G10950	12	8	2	0
AT4G10955	823	854	304	275
AT4G10960	820	851	304	275
AT4G10970	2583	2670	982	1154
AT4G11000	825	868	214	295
AT4G11010	3554	3652	2550	2177
AT4G11020	2	0	0	0
AT4G11040	2	1	0	1
AT4G11050	13	19	14	11
AT4G11060	279	273	203	125
AT4G11070	378	436	42	14
AT4G11080	247	216	246	117
AT4G11090	303	344	233	243
AT4G11100	494	521	684	618
AT4G11110	636	691	659	724
AT4G11120	679	752	414	329
AT4G11130	115	125	138	86
AT4G11140	13	18	20	13
AT4G11150	6168	6400	5020	4919
AT4G11160	1212	1262	832	756
AT4G11170	69	98	1	3
AT4G11175	665	702	747	721
AT4G11190	102	131	86	19
AT4G11210	6	3	3	8
AT4G11211	300	285	490	523
AT4G11220	1190	1230	602	612
AT4G11230	11	22	9	5
AT4G11240	796	828	623	540
AT4G11250	0	1	0	0
AT4G11260	3958	4385	2479	2641
AT4G11270	748	715	719	716
AT4G11280	2742	2829	1639	964
AT4G11290	7	9	216	158
AT4G11300	504	508	407	394
AT4G11310	59	59	9	1
AT4G11320	7742	8012	1557	647
AT4G11330	504	529	388	491
AT4G11340	13	15	0	0
AT4G11350	502	527	34	29
AT4G11360	421	450	1051	1053
AT4G11370	98	99	88	100
AT4G11380	1999	2256	1780	1644
AT4G11393	0	3	0	0
AT4G11400	15	9	19	15
AT4G11410	428	446	390	362
AT4G11420	4627	4633	3404	2558
AT4G11440	235	245	135	128
AT4G11450	195	153	200	130
AT4G11460	0	0	15	6
AT4G11470	33	32	11	6
AT4G11480	58	74	3	0
AT4G11510	0	1	1	0
AT4G11521	53	47	61	87
AT4G11530	192	185	116	120
AT4G11550	27	28	17	16
AT4G11560	866	922	644	595
AT4G11570	2313	2425	2263	2552
AT4G11590	21	10	5	6
AT4G11600	4168	4226	2616	2638
AT4G11630	708	755	457	353
AT4G11640	67	90	92	92
AT4G11650	1511	1607	104	14
AT4G11655	59	55	0	1
AT4G11660	430	450	240	215
AT4G11670	667	723	399	344
AT4G11680	269	292	250	160
AT4G11690	59	55	31	26
AT4G11700	5	20	2	3
AT4G11720	2	5	6	1
AT4G11740	1133	1101	549	616
AT4G11780	6	8	3	5
AT4G11790	852	897	651	547
AT4G11800	1259	1241	633	688
AT4G11810	0	0	0	3
AT4G11820	1043	1075	1013	974
AT4G11830	2992	3228	2180	2394
AT4G11840	867	902	682	703
AT4G11845	59	71	85	84
AT4G11850	1978	2157	1290	1486
AT4G11860	721	798	521	531
AT4G11880	6	7	7	5
AT4G11890	4531	4822	89	128
AT4G11900	1204	1258	775	947
AT4G11910	225	223	51	68
AT4G11911	253	233	99	30
AT4G11920	249	206	149	150
AT4G11950	5	6	10	4
AT4G11960	1103	1039	901	1011
AT4G11970	248	242	172	168
AT4G11980	245	290	289	283
AT4G11990	98	96	91	27
AT4G12000	241	227	96	85
AT4G12005	6	10	2	5
AT4G12010	415	458	295	341
AT4G12020	939	980	639	767
AT4G12030	898	897	1414	701
AT4G12040	2290	2516	1141	1080
AT4G12050	1	2	2	5
AT4G12060	807	860	855	915
AT4G12070	457	507	386	529
AT4G12080	153	131	111	90
AT4G12090	19	25	4	6
AT4G12100	3	3	1	1
AT4G12110	792	809	635	496
AT4G12120	659	630	186	261
AT4G12130	200	235	118	59
AT4G12140	0	0	0	1
AT4G12210	1	0	0	0
AT4G12220	0	0	1	1
AT4G12230	990	1042	758	848
AT4G12240	120	109	82	74
AT4G12250	577	619	266	215
AT4G12280	0	0	2	0
AT4G12290	2181	2277	2159	2318
AT4G12300	683	703	494	481
AT4G12310	286	311	637	628
AT4G12320	787	861	2373	2367
AT4G12330	4	1	4	6
AT4G12334	0	1	0	0
AT4G12340	1230	1112	884	874
AT4G12350	7	4	1	1
AT4G12380	2	3	4	0
AT4G12382	26	10	18	10
AT4G12390	291	313	203	193
AT4G12400	64	70	44	23
AT4G12410	22	13	3	5
AT4G12420	2938	3129	3536	4326
AT4G12430	46	54	61	48
AT4G12432	46	54	61	48
AT4G12440	7	9	17	7
AT4G12450	7	7	14	5
AT4G12460	740	693	809	820
AT4G12470	252	271	178	186
AT4G12480	1189	1324	123	100
AT4G12490	1559	1694	81	70
AT4G12500	477	497	50	26
AT4G12510	0	0	0	2
AT4G12520	0	0	1	8
AT4G12530	1	0	1	1
AT4G12540	39	39	24	15
AT4G12545	4	3	1	0
AT4G12550	1	1	0	0
AT4G12560	1174	1219	881	861
AT4G12570	775	830	519	525
AT4G12580	14	11	6	4
AT4G12590	1641	1698	1310	1397
AT4G12600	1804	1868	1445	833
AT4G12610	1063	1049	696	553
AT4G12620	82	81	127	80
AT4G12640	525	545	425	431
AT4G12650	3016	3118	2058	2013
AT4G12670	223	239	249	226
AT4G12680	258	307	215	216
AT4G12690	71	70	88	173
AT4G12700	286	292	284	191
AT4G12710	242	283	176	177
AT4G12720	7840	8257	1231	1330
AT4G12730	2786	2797	3456	4385
AT4G12735	271	277	9	7
AT4G12740	25	22	29	4
AT4G12750	401	478	419	315
AT4G12760	482	527	294	309
AT4G12770	1146	1212	941	938
AT4G12780	1425	1393	1123	1179
AT4G12790	1507	1600	688	621
AT4G12800	47927	50292	77728	102883
AT4G12830	257	252	456	429
AT4G12840	275	226	170	122
AT4G12850	76	83	59	43
AT4G12860	0	0	1	1
AT4G12870	96	81	66	5
AT4G12880	3154	3426	3155	1975
AT4G12890	55	63	35	4
AT4G12900	243	259	490	566
AT4G12910	579	668	708	923
AT4G12917	217	232	194	206
AT4G12960	0	2	0	0
AT4G12970	100	120	298	346
AT4G12980	355	372	943	1295
AT4G12990	141	151	90	90
AT4G13000	75	67	8	4
AT4G13010	2059	2117	1246	1592
AT4G13020	1200	1229	939	1101
AT4G13030	89	103	65	76
AT4G13040	557	618	366	436
AT4G13050	356	381	358	347
AT4G13060	0	1	0	0
AT4G13070	171	185	152	118
AT4G13100	206	209	389	338
AT4G13110	273	336	249	194
AT4G13130	9	2	2	2
AT4G13150	636	685	602	662
AT4G13160	257	251	230	242
AT4G13170	1252	1301	1148	802
AT4G13180	650	702	420	405
AT4G13190	58	71	38	22
AT4G13195	301	301	142	105
AT4G13200	1257	1279	1198	1426
AT4G13210	52	54	47	15
AT4G13220	401	373	413	417
AT4G13230	6	7	0	0
AT4G13235	36	51	0	2
AT4G13240	1	0	0	0
AT4G13245	2	1	0	0
AT4G13250	1653	1724	2328	2499
AT4G13260	5	10	34	58
AT4G13270	921	916	579	541
AT4G13280	38	30	19	1
AT4G13290	5	17	3	0
AT4G13310	1	2	0	0
AT4G13320	120	120	43	30
AT4G13330	173	180	103	73
AT4G13340	22953	25582	6918	13415
AT4G13345	133	162	173	162
AT4G13350	3589	3749	2137	2970
AT4G13360	1230	1246	879	835
AT4G13370	111	119	139	64
AT4G13390	5	2	3	2
AT4G13395	1233	1189	450	269
AT4G13400	156	161	121	135
AT4G13410	186	219	150	114
AT4G13420	2	3	0	0
AT4G13430	6766	6919	6402	5124
AT4G13440	3	0	0	1
AT4G13450	0	1	0	0
AT4G13460	598	627	666	599
AT4G13480	0	1	1	0
AT4G13493	24	29	54	62
AT4G13494	207	186	140	163
AT4G13495	8002	8233	14417	17515
AT4G13500	518	464	952	1098
AT4G13505	3732	4018	2503	3376
AT4G13510	4268	4595	2687	3645
AT4G13520	1888	1940	1094	1181
AT4G13530	1668	1830	1295	1492
AT4G13540	396	469	407	28
AT4G13550	525	533	514	591
AT4G13554	0	1	0	1
AT4G13555	0	0	0	2
AT4G13560	197	173	135	222
AT4G13564	1	2	0	0
AT4G13570	328	349	634	950
AT4G13572	250	283	554	776
AT4G13575	288	365	862	1256
AT4G13580	23	42	20	17
AT4G13590	1034	1103	1080	1191
AT4G13600	21	36	23	17
AT4G13615	2941	2940	1578	1519
AT4G13620	0	2	2	0
AT4G13630	364	343	331	427
AT4G13640	925	972	1113	1143
AT4G13650	82	93	80	68
AT4G13660	44	47	9	3
AT4G13670	699	619	1173	1213
AT4G13680	5	6	7	7
AT4G13690	26	22	36	14
AT4G13710	62	56	150	118
AT4G13720	378	393	297	268
AT4G13730	587	594	436	448
AT4G13750	307	327	271	170
AT4G13770	4277	4666	7444	5172
AT4G13780	1477	1580	1258	1130
AT4G13790	2	1	0	0
AT4G13800	201	190	166	173
AT4G13810	2318	2322	454	523
AT4G13820	1099	1175	60	63
AT4G13830	1515	1655	2876	4179
AT4G13840	1033	1161	2952	3128
AT4G13850	4140	4049	2498	1803
AT4G13860	101	94	2	4
AT4G13870	178	199	108	82
AT4G13880	142	164	61	64
AT4G13885	34	16	19	29
AT4G13890	162	170	0	2
AT4G13918	656	747	261	258
AT4G13920	624	717	245	236
AT4G13930	2173	2315	2433	1758
AT4G13940	20671	21632	19370	14304
AT4G13950	345	390	207	191
AT4G13970	406	392	299	268
AT4G13980	357	353	274	253
AT4G13990	127	117	178	77
AT4G13992	4	3	2	4
AT4G14000	285	312	248	227
AT4G14010	320	308	176	115
AT4G14020	789	773	386	347
AT4G14030	1655	1671	1622	1696
AT4G14040	2439	2620	5852	3086
AT4G14050	75	71	72	49
AT4G14060	2	0	4	0
AT4G14070	1455	1488	1785	2218
AT4G14080	0	1	2	0
AT4G14090	960	1064	1192	516
AT4G14096	181	184	177	136
AT4G14100	494	508	330	337
AT4G14103	84	96	119	23
AT4G14104	5	2	9	0
AT4G14105	3	1	2	0
AT4G14110	978	960	455	341
AT4G14120	29	44	68	33
AT4G14130	50	53	80	189
AT4G14140	1	1	8	2
AT4G14145	370	318	264	271
AT4G14147	413	446	207	203
AT4G14150	106	105	113	31
AT4G14160	1717	1776	1359	1459
AT4G14165	1	3	0	0
AT4G14170	55	39	40	33
AT4G14180	27	30	15	13
AT4G14190	151	128	220	241
AT4G14200	227	235	373	169
AT4G14210	1103	1073	1662	1927
AT4G14220	1044	1153	593	488
AT4G14226	0	0	1	0
AT4G14230	1587	1722	1566	1898
AT4G14240	591	619	548	552
AT4G14250	0	0	1	0
AT4G14270	1503	1618	2137	2364
AT4G14290	139	154	114	64
AT4G14300	862	892	993	978
AT4G14301	0	0	0	1
AT4G14305	56	73	23	28
AT4G14310	273	228	295	124
AT4G14320	4090	4193	3188	2496
AT4G14330	243	253	267	95
AT4G14340	600	624	588	535
AT4G14342	622	688	600	538
AT4G14350	1390	1450	728	811
AT4G14358	8	12	7	6
AT4G14360	1107	1188	1463	1475
AT4G14365	11450	12167	956	935
AT4G14368	20	33	1	0
AT4G14370	1047	1155	30	29
AT4G14380	11	5	20	13
AT4G14385	548	596	475	416
AT4G14390	94	109	8	19
AT4G14400	6544	6743	8709	10493
AT4G14403	7	1	2	1
AT4G14410	802	889	951	749
AT4G14420	2896	2863	1088	821
AT4G14430	1577	1581	933	762
AT4G14440	968	935	844	724
AT4G14450	133	143	17	13
AT4G14455	407	412	243	215
AT4G14465	123	105	76	19
AT4G14480	16	20	27	35
AT4G14490	63	53	54	29
AT4G14500	1977	2096	1544	1650
AT4G14510	414	441	628	601
AT4G14520	367	352	292	279
AT4G14530	0	1	0	0
AT4G14540	352	301	718	790
AT4G14548	109	132	83	88
AT4G14550	268	299	223	260
AT4G14560	380	354	323	322
AT4G14570	514	509	552	573
AT4G14580	189	196	266	246
AT4G14590	95	122	53	61
AT4G14600	347	390	185	186
AT4G14605	308	299	330	365
AT4G14615	2115	2255	811	855
AT4G14620	232	221	319	239
AT4G14622	232	221	319	239
AT4G14630	297	346	1	2
AT4G14640	122	132	3	2
AT4G14650	30	32	44	24
AT4G14660	224	193	139	98
AT4G14680	579	558	976	889
AT4G14690	13	10	5	4
AT4G14695	0	3	9	14
AT4G14700	16	19	23	17
AT4G14710	2105	2058	1364	1390
AT4G14713	100	90	104	78
AT4G14716	2275	2302	1851	2024
AT4G14720	393	393	273	198
AT4G14723	56	53	29	2
AT4G14730	3	3	4	1
AT4G14740	697	822	707	594
AT4G14746	2015	2183	138	173
AT4G14750	140	176	210	148
AT4G14760	1485	1566	1591	1306
AT4G14770	207	178	266	150
AT4G14780	5	2	1	3
AT4G14790	274	233	183	223
AT4G14800	1762	1815	767	741
AT4G14805	1	2	1	0
AT4G14819	7	11	26	15
AT4G14820	68	69	45	45
AT4G14830	70	87	64	66
AT4G14840	116	137	96	115
AT4G14850	118	100	82	83
AT4G14860	17	10	12	13
AT4G14870	353	361	698	696
AT4G14880	8654	8709	5293	5470
AT4G14890	819	803	1662	1828
AT4G14900	1311	1556	1197	845
AT4G14905	287	259	326	219
AT4G14910	773	733	608	621
AT4G14920	553	604	692	664
AT4G14930	635	672	524	514
AT4G14940	9	11	48	34
AT4G14950	595	659	308	274
AT4G14960	7556	8056	12167	10383
AT4G14965	764	820	550	590
AT4G14970	101	122	104	56
AT4G14980	26	27	6	3
AT4G14990	900	977	728	928
AT4G15000	5984	6515	4633	3214
AT4G15010	756	745	387	403
AT4G15020	424	459	410	312
AT4G15030	566	635	458	436
AT4G15040	2	3	1	4
AT4G15070	132	138	96	134
AT4G15075	0	3	0	0
AT4G15080	832	873	653	569
AT4G15090	426	507	428	350
AT4G15093	337	317	179	150
AT4G15100	68	62	4	1
AT4G15110	934	933	1614	1789
AT4G15120	192	171	22	23
AT4G15130	595	574	525	585
AT4G15140	135	156	111	99
AT4G15150	938	1044	29	10
AT4G15160	219	238	160	23
AT4G15165	91	63	36	33
AT4G15180	1265	1350	1250	1200
AT4G15200	22	23	2	3
AT4G15210	4308	4565	1688	536
AT4G15215	109	119	130	123
AT4G15230	78	76	44	93
AT4G15233	426	427	412	520
AT4G15236	21	19	17	16
AT4G15240	365	345	247	245
AT4G15248	8	7	18	18
AT4G15258	18	17	16	7
AT4G15260	555	643	486	564
AT4G15270	72	74	28	13
AT4G15280	179	175	36	9
AT4G15290	0	1	0	0
AT4G15300	1	0	0	0
AT4G15320	1	2	14	0
AT4G15330	1	0	0	0
AT4G15340	2	0	1	0
AT4G15350	2	2	0	0
AT4G15380	4	0	2	16
AT4G15390	7	4	20	7
AT4G15393	0	1	1	0
AT4G15396	2	3	0	1
AT4G15400	1	2	1	0
AT4G15410	725	739	459	386
AT4G15415	700	807	585	556
AT4G15417	20	22	0	2
AT4G15420	568	602	378	407
AT4G15430	150	116	70	22
AT4G15440	453	457	398	272
AT4G15450	854	854	789	580
AT4G15460	0	1	0	0
AT4G15470	5764	6037	2444	2797
AT4G15475	566	547	480	509
AT4G15480	7	10	11	6
AT4G15490	332	338	736	747
AT4G15500	63	63	83	79
AT4G15510	379	479	690	754
AT4G15520	256	319	142	156
AT4G15530	2851	3060	1833	2297
AT4G15540	1726	1856	1438	1878
AT4G15545	2983	3011	4605	5417
AT4G15550	161	175	415	422
AT4G15560	3965	4256	8305	9856
AT4G15563	46	35	14	13
AT4G15570	282	329	327	218
AT4G15610	766	816	53	59
AT4G15620	267	280	712	659
AT4G15630	405	508	507	580
AT4G15640	539	530	414	197
AT4G15660	22	29	19	7
AT4G15670	35	38	14	5
AT4G15680	14	6	5	1
AT4G15690	28	17	19	13
AT4G15700	79	67	31	27
AT4G15710	1	1	1	2
AT4G15720	22	23	7	10
AT4G15730	125	123	85	49
AT4G15740	0	0	1	1
AT4G15750	3	1	0	0
AT4G15760	350	347	689	1240
AT4G15765	199	202	200	282
AT4G15770	1198	1302	1165	674
AT4G15780	1485	1658	1188	1149
AT4G15790	365	393	349	272
AT4G15800	1705	1812	541	1006
AT4G15802	1910	1901	1179	1099
AT4G15810	117	117	251	219
AT4G15820	258	301	305	297
AT4G15830	209	206	202	74
AT4G15840	594	696	547	524
AT4G15850	194	181	124	88
AT4G15880	615	585	494	487
AT4G15890	89	88	120	54
AT4G15900	1792	1924	1506	1133
AT4G15910	1347	1514	572	257
AT4G15920	1557	1684	1224	1063
AT4G15930	777	784	640	557
AT4G15940	643	619	410	430
AT4G15950	269	221	172	146
AT4G15953	15	17	17	3
AT4G15955	310	293	162	139
AT4G15960	23	19	10	18
AT4G15970	0	0	1	0
AT4G15975	100	91	95	66
AT4G15990	1	6	16	21
AT4G16000	60	71	100	133
AT4G16008	210	236	222	210
AT4G16015	9	2	1	3
AT4G16050	0	0	2	2
AT4G16060	477	445	507	555
AT4G16070	347	390	317	352
AT4G16080	0	3	0	0
AT4G16090	0	1	0	0
AT4G16100	265	326	217	173
AT4G16110	372	353	214	239
AT4G16120	516	519	404	348
AT4G16130	815	774	563	636
AT4G16140	566	614	472	307
AT4G16141	578	560	636	394
AT4G16143	2334	2411	2281	2037
AT4G16144	695	745	428	443
AT4G16146	221	236	896	817
AT4G16150	1835	1953	1670	1710
AT4G16155	538	565	1245	1145
AT4G16160	1	4	6	0
AT4G16162	19	32	9	4
AT4G16180	1464	1516	1185	1230
AT4G16190	20102	21066	12590	17653
AT4G16200	1	0	0	1
AT4G16210	655	640	353	370
AT4G16220	1	0	0	0
AT4G16230	0	0	1	0
AT4G16240	460	460	6	7
AT4G16250	353	376	478	422
AT4G16260	2146	2282	1017	692
AT4G16265	249	241	128	121
AT4G16270	6	4	6	4
AT4G16280	1029	1133	811	831
AT4G16310	697	627	557	531
AT4G16330	851	810	551	594
AT4G16340	984	1045	1267	985
AT4G16350	20	16	6	11
AT4G16355	0	1	3	3
AT4G16360	845	958	698	665
AT4G16370	6427	6709	2411	2503
AT4G16380	2533	2722	2541	3017
AT4G16390	542	601	676	717
AT4G16400	1051	1254	1776	2032
AT4G16410	1019	1222	1753	2014
AT4G16420	849	898	755	788
AT4G16430	957	1032	709	656
AT4G16440	347	400	207	205
AT4G16442	449	438	355	292
AT4G16444	339	313	182	172
AT4G16447	67	78	128	49
AT4G16450	1637	1726	1115	968
AT4G16460	8	6	7	10
AT4G16470	104	117	94	77
AT4G16480	205	167	223	223
AT4G16490	1602	1668	1937	1976
AT4G16500	2641	2763	1116	975
AT4G16510	230	237	173	136
AT4G16515	187	186	119	105
AT4G16520	3945	4067	2538	3466
AT4G16530	352	370	297	300
AT4G16540	14	11	9	5
AT4G16560	0	1	1	0
AT4G16563	1828	1977	514	1269
AT4G16566	352	350	185	199
AT4G16570	185	160	172	146
AT4G16580	611	659	315	333
AT4G16590	486	523	35	23
AT4G16600	136	120	6	2
AT4G16610	15	16	9	5
AT4G16620	9	6	2	2
AT4G16630	1039	1087	959	632
AT4G16640	6	7	3	3
AT4G16650	830	957	677	610
AT4G16660	9993	10565	2615	2269
AT4G16670	331	351	184	217
AT4G16680	170	179	100	136
AT4G16690	128	138	64	73
AT4G16695	462	523	301	259
AT4G16700	166	159	111	84
AT4G16710	695	851	557	595
AT4G16720	8283	8626	5810	3990
AT4G16730	8	14	0	3
AT4G16740	11	11	172	130
AT4G16745	213	239	99	116
AT4G16748	0	1	1	0
AT4G16750	138	130	170	138
AT4G16760	3564	3850	1924	2071
AT4G16765	613	662	390	437
AT4G16770	629	712	544	561
AT4G16780	1061	1132	715	1031
AT4G16790	1009	1103	242	231
AT4G16800	246	223	227	160
AT4G16807	32	44	60	43
AT4G16810	0	1	0	0
AT4G16820	13	16	7	8
AT4G16830	2256	2465	2698	3065
AT4G16835	73	78	55	45
AT4G16840	94	109	55	52
AT4G16845	857	884	519	494
AT4G16850	250	301	155	164
AT4G16855	1	1	0	0
AT4G16860	4921	5033	3573	4746
AT4G16880	354	379	529	498
AT4G16890	6559	6929	4154	5354
AT4G16892	60	73	75	107
AT4G16900	554	546	472	596
AT4G16915	13	5	4	5
AT4G16920	768	743	675	750
AT4G16940	114	126	71	118
AT4G16950	5505	5830	3674	4591
AT4G16960	1030	1049	412	462
AT4G16970	104	109	165	97
AT4G16980	3638	3796	5737	8044
AT4G16990	7347	7976	7956	11513
AT4G17000	126	150	130	52
AT4G17010	402	424	220	188
AT4G17020	294	345	252	213
AT4G17030	174	231	229	321
AT4G17040	5224	5465	3512	4108
AT4G17050	1668	1688	1507	1622
AT4G17060	400	403	385	344
AT4G17070	752	825	552	660
AT4G17080	561	584	519	620
AT4G17085	141	143	105	101
AT4G17090	6107	6285	9966	7348
AT4G17098	981	967	1681	1709
AT4G17100	1271	1235	2310	2372
AT4G17140	1853	1869	2363	2680
AT4G17150	994	1091	877	1032
AT4G17160	7	3	15	34
AT4G17170	2720	2822	2138	2695
AT4G17180	195	185	147	157
AT4G17190	516	508	518	433
AT4G17215	58	63	22	39
AT4G17220	2	2	0	2
AT4G17230	5049	5326	1639	1677
AT4G17240	205	236	255	202
AT4G17245	563	532	815	1273
AT4G17250	1119	1123	522	625
AT4G17260	1040	1033	557	411
AT4G17270	1497	1508	846	897
AT4G17280	55	64	37	17
AT4G17300	731	770	880	862
AT4G17310	186	238	129	156
AT4G17330	3622	3717	3352	3139
AT4G17340	3783	4137	1277	2124
AT4G17350	137	138	140	164
AT4G17360	177	144	217	259
AT4G17370	506	539	677	715
AT4G17380	21	34	15	8
AT4G17390	5392	5440	5095	3699
AT4G17410	363	392	308	289
AT4G17420	439	502	258	237
AT4G17430	252	249	158	127
AT4G17440	100	110	76	89
AT4G17460	364	357	629	1174
AT4G17470	1163	1132	302	234
AT4G17480	164	181	61	78
AT4G17483	19	23	20	10
AT4G17486	1071	1169	737	725
AT4G17490	994	1072	1417	1062
AT4G17500	1578	1699	1369	812
AT4G17510	828	914	558	484
AT4G17520	4345	4528	5064	3887
AT4G17530	1779	1844	933	1022
AT4G17540	185	194	194	166
AT4G17550	607	601	782	704
AT4G17560	1716	1739	3229	3308
AT4G17570	672	805	485	456
AT4G17600	1239	1372	2916	2935
AT4G17610	250	279	257	149
AT4G17615	768	791	208	205
AT4G17616	244	249	177	137
AT4G17620	954	1016	641	610
AT4G17640	1505	1652	1260	1456
AT4G17650	409	414	227	193
AT4G17660	796	832	4	0
AT4G17670	1219	1195	122	121
AT4G17680	47	61	136	104
AT4G17690	0	1	0	0
AT4G17695	467	487	206	156
AT4G17710	3	11	5	0
AT4G17720	2010	2031	792	644
AT4G17730	769	826	615	673
AT4G17740	419	390	487	490
AT4G17750	189	165	163	171
AT4G17760	55	49	59	32
AT4G17770	593	641	931	753
AT4G17788	0	3	1	1
AT4G17790	278	322	213	218
AT4G17800	6	18	4	0
AT4G17810	146	127	352	448
AT4G17830	2185	2336	1031	1011
AT4G17840	1564	1700	1228	1568
AT4G17860	7	2	11	18
AT4G17870	877	933	1268	1684
AT4G17880	411	407	550	475
AT4G17890	666	680	720	696
AT4G17895	353	369	198	180
AT4G17900	1515	1721	908	995
AT4G17905	105	86	40	30
AT4G17910	374	371	262	287
AT4G17920	68	90	12	18
AT4G17940	1984	2152	990	959
AT4G17950	1075	1142	790	707
AT4G17960	251	247	158	149
AT4G17970	32	28	27	24
AT4G17980	15	20	2	0
AT4G17990	1	0	0	0
AT4G18010	4970	5050	806	1059
AT4G18020	1505	1584	997	812
AT4G18030	4208	4356	3746	4090
AT4G18040	1374	1457	874	656
AT4G18050	185	181	149	56
AT4G18060	814	811	745	751
AT4G18070	1255	1416	1138	1031
AT4G18080	3	5	2	1
AT4G18090	3	1	4	0
AT4G18100	6337	6535	5551	3767
AT4G18120	2921	3070	2364	2505
AT4G18130	642	625	840	880
AT4G18140	452	486	357	515
AT4G18150	0	2	0	3
AT4G18160	265	294	270	258
AT4G18170	147	174	33	33
AT4G18180	0	0	1	0
AT4G18190	0	1	1	0
AT4G18195	62	73	48	59
AT4G18197	562	576	1250	1249
AT4G18205	965	1003	2435	2621
AT4G18210	597	558	297	484
AT4G18220	243	300	346	472
AT4G18230	308	311	223	286
AT4G18240	1101	1067	2197	2690
AT4G18250	2061	2093	304	297
AT4G18260	389	458	432	298
AT4G18270	456	434	566	424
AT4G18280	1039	967	501	370
AT4G18290	34	34	73	65
AT4G18300	228	255	176	129
AT4G18330	3	8	1	2
AT4G18335	0	1	0	0
AT4G18340	147	142	45	46
AT4G18350	3	5	6	0
AT4G18360	263	303	69	36
AT4G18370	601	563	979	1003
AT4G18372	159	166	87	69
AT4G18375	77	73	69	49
AT4G18380	279	269	307	255
AT4G18390	1043	1068	1257	1340
AT4G18395	7	2	0	0
AT4G18400	251	227	138	107
AT4G18422	28	30	14	12
AT4G18425	21	40	8	6
AT4G18430	79	79	3	1
AT4G18440	3523	3584	7019	6978
AT4G18460	117	114	110	88
AT4G18465	332	330	267	208
AT4G18470	89	75	50	35
AT4G18480	4349	4546	6570	6920
AT4G18490	27	22	45	38
AT4G18500	3	0	11	7
AT4G18501	4	16	10	15
AT4G18510	2	2	3	2
AT4G18520	223	229	436	460
AT4G18530	419	471	311	387
AT4G18540	3	7	0	1
AT4G18550	9	8	4	1
AT4G18570	804	940	1158	1009
AT4G18580	441	418	164	191
AT4G18590	314	332	187	153
AT4G18593	472	507	285	341
AT4G18596	1	3	0	0
AT4G18600	478	527	429	478
AT4G18610	83	101	76	8
AT4G18620	3	0	0	0
AT4G18630	117	83	56	9
AT4G18640	109	106	259	148
AT4G18660	6	5	2	0
AT4G18670	1938	2228	3026	2210
AT4G18680	3	2	1	0
AT4G18690	1	0	1	2
AT4G18700	2353	2387	2592	2910
AT4G18710	3456	3669	3155	3810
AT4G18730	3835	3878	3247	2249
AT4G18740	308	304	483	794
AT4G18750	55	71	73	46
AT4G18760	464	468	544	595
AT4G18770	11	7	9	7
AT4G18780	79	62	69	64
AT4G18800	353	393	219	180
AT4G18810	971	1098	1436	1569
AT4G18820	506	508	652	527
AT4G18823	0	0	0	1
AT4G18830	72	87	74	144
AT4G18840	52	61	44	42
AT4G18860	1	1	0	0
AT4G18870	6	18	0	0
AT4G18880	2647	2720	1004	759
AT4G18890	915	953	236	180
AT4G18905	889	841	717	512
AT4G18910	328	291	221	180
AT4G18920	0	1	0	0
AT4G18930	2937	3096	1314	1431
AT4G18950	1998	2012	714	694
AT4G18960	3	4	10	10
AT4G18970	226	260	625	1044
AT4G18975	565	580	502	594
AT4G18980	35	37	6	16
AT4G18990	32	25	2	10
AT4G19000	100	113	34	38
AT4G19003	835	879	520	595
AT4G19006	1093	1159	674	653
AT4G19010	267	293	168	144
AT4G19020	423	460	822	794
AT4G19030	24	21	11	14
AT4G19040	588	674	501	612
AT4G19045	334	325	154	151
AT4G19050	26	25	28	33
AT4G19060	396	403	306	306
AT4G19070	209	207	194	220
AT4G19080	33	45	31	23
AT4G19090	164	145	73	86
AT4G19095	7	7	8	10
AT4G19100	305	391	528	583
AT4G19110	6144	6380	4381	4596
AT4G19112	6139	6370	4374	4594
AT4G19120	1555	1707	2352	1975
AT4G19130	34	44	33	19
AT4G19140	627	597	221	252
AT4G19150	436	459	370	409
AT4G19160	1736	1770	2161	2461
AT4G19170	2640	2928	5452	7568
AT4G19180	647	632	391	368
AT4G19185	308	359	205	197
AT4G19190	635	659	578	736
AT4G19191	48	39	39	19
AT4G19200	10251	10842	2975	3113
AT4G19210	1960	2101	1512	1275
AT4G19220	20	22	17	14
AT4G19230	502	567	130	139
AT4G19350	587	657	428	519
AT4G19370	201	178	67	67
AT4G19380	46	84	120	125
AT4G19390	443	472	574	658
AT4G19395	5	2	5	6
AT4G19400	214	220	126	86
AT4G19410	2186	2348	3386	4019
AT4G19420	2679	2668	2123	3977
AT4G19430	33	29	48	105
AT4G19440	290	259	193	211
AT4G19450	948	1013	799	868
AT4G19460	84	107	23	18
AT4G19470	1	0	0	0
AT4G19490	1116	1282	1000	960
AT4G19500	674	719	860	899
AT4G19510	1348	1294	1059	1371
AT4G19520	3704	3741	1486	2295
AT4G19530	1925	2032	2787	4693
AT4G19540	267	302	215	285
AT4G19550	170	188	137	114
AT4G19560	52	61	40	52
AT4G19570	2	1	0	3
AT4G19580	0	1	0	0
AT4G19590	18	29	25	12
AT4G19600	805	825	626	641
AT4G19610	510	480	454	408
AT4G19620	0	0	1	0
AT4G19630	1	0	0	0
AT4G19640	2650	2889	1241	1428
AT4G19645	38	46	30	30
AT4G19650	105	109	72	85
AT4G19660	841	830	814	983
AT4G19670	1288	1354	701	648
AT4G19690	6	2	0	0
AT4G19700	437	444	296	202
AT4G19710	966	979	1370	1263
AT4G19720	4	5	1	0
AT4G19740	0	0	0	1
AT4G19810	117	108	76	39
AT4G19820	17	10	40	36
AT4G19829	0	7	1	0
AT4G19830	312	307	319	388
AT4G19840	2863	2906	2590	2408
AT4G19850	6	17	19	12
AT4G19860	1709	1816	1527	1826
AT4G19865	113	119	118	111
AT4G19870	358	383	247	263
AT4G19880	1272	1407	929	1179
AT4G19890	125	100	90	107
AT4G19900	362	384	346	349
AT4G19905	0	1	0	0
AT4G19920	1	0	0	0
AT4G19950	176	179	98	105
AT4G19960	885	930	471	556
AT4G19970	99	104	60	24
AT4G19980	2	6	0	0
AT4G19985	383	415	387	400
AT4G19990	935	951	504	486
AT4G20000	142	120	2	1
AT4G20006	0	2	2	0
AT4G20010	667	685	488	471
AT4G20020	891	896	725	468
AT4G20030	188	193	147	145
AT4G20040	50	62	38	22
AT4G20050	13	14	14	4
AT4G20060	160	169	93	99
AT4G20070	200	194	468	618
AT4G20090	123	174	121	120
AT4G20110	1341	1384	172	222
AT4G20130	494	543	899	915
AT4G20140	19	19	29	82
AT4G20150	2470	2562	1581	1279
AT4G20170	1249	1370	795	659
AT4G20190	14	10	1	1
AT4G20220	0	0	0	1
AT4G20230	4	3	38	32
AT4G20235	0	0	1	1
AT4G20240	13	15	21	0
AT4G20250	1	0	0	0
AT4G20260	8300	8456	8486	13720
AT4G20270	744	763	814	562
AT4G20280	633	584	456	435
AT4G20290	0	1	1	1
AT4G20300	1249	1394	932	764
AT4G20310	222	265	212	221
AT4G20320	423	492	281	44
AT4G20325	141	161	201	96
AT4G20330	1089	1193	670	735
AT4G20340	393	393	245	202
AT4G20350	99	114	53	25
AT4G20360	11060	11736	19127	20646
AT4G20362	19	19	15	24
AT4G20370	2	1	1	0
AT4G20380	1435	1462	695	749
AT4G20390	72	55	12	4
AT4G20400	1082	1203	1016	966
AT4G20410	1092	1124	779	943
AT4G20420	71	72	44	40
AT4G20430	403	452	392	296
AT4G20440	909	981	683	482
AT4G20450	0	0	1	1
AT4G20460	105	106	44	23
AT4G20470	18	8	1	1
AT4G20480	1069	1096	626	566
AT4G20520	1	0	0	1
AT4G20690	15	19	6	0
AT4G20700	0	1	0	0
AT4G20720	462	480	395	422
AT4G20740	101	84	114	76
AT4G20760	231	248	440	476
AT4G20770	25	28	14	12
AT4G20780	277	309	447	492
AT4G20820	7	18	41	72
AT4G20830	10699	11384	3109	2755
AT4G20840	263	270	260	291
AT4G20850	4717	5284	3652	3935
AT4G20860	2690	2833	282	247
AT4G20870	545	582	572	661
AT4G20880	917	962	538	420
AT4G20890	3140	3410	2870	2835
AT4G20900	2	2	2	2
AT4G20910	241	235	211	142
AT4G20920	10	5	16	3
AT4G20930	287	333	243	271
AT4G20940	430	439	556	304
AT4G20960	511	521	661	662
AT4G20970	15	11	21	10
AT4G20980	1984	2181	1554	1151
AT4G20990	3	2	1	1
AT4G21010	0	2	0	0
AT4G21020	1	0	0	0
AT4G21030	0	0	1	0
AT4G21060	194	218	183	153
AT4G21065	38	42	45	24
AT4G21070	88	96	118	58
AT4G21080	1	0	0	1
AT4G21090	352	396	182	166
AT4G21100	567	620	446	350
AT4G21105	3334	3479	1476	1432
AT4G21110	1059	1069	615	577
AT4G21120	484	454	11	18
AT4G21140	279	261	211	126
AT4G21150	2962	3195	1669	1600
AT4G21160	854	930	585	609
AT4G21170	108	103	80	50
AT4G21180	1462	1454	616	663
AT4G21190	265	285	421	375
AT4G21192	388	427	237	233
AT4G21200	7	8	27	32
AT4G21210	2601	2485	4019	4449
AT4G21213	5	5	3	3
AT4G21215	764	834	909	1014
AT4G21220	63	71	62	36
AT4G21230	14	17	10	25
AT4G21270	152	166	243	103
AT4G21280	7964	8344	16504	19930
AT4G21300	59	54	44	16
AT4G21310	78	67	46	20
AT4G21320	47	39	30	33
AT4G21323	15	21	7	10
AT4G21326	1448	1485	721	628
AT4G21350	247	246	232	234
AT4G21366	0	2	0	0
AT4G21380	1453	1570	1053	1154
AT4G21390	260	223	154	146
AT4G21400	495	520	244	283
AT4G21410	308	276	462	407
AT4G21430	260	311	407	334
AT4G21440	17	20	9	12
AT4G21445	120	103	237	293
AT4G21450	2323	2432	1690	1740
AT4G21460	333	369	383	300
AT4G21470	469	467	342	352
AT4G21480	31	32	47	38
AT4G21490	3	6	3	2
AT4G21500	114	143	27	35
AT4G21510	57	55	77	153
AT4G21520	242	280	151	117
AT4G21530	128	172	166	108
AT4G21534	367	385	210	215
AT4G21540	805	825	566	581
AT4G21550	121	116	106	69
AT4G21560	789	847	345	380
AT4G21570	6200	6437	1832	1768
AT4G21580	1711	1865	628	689
AT4G21585	318	299	240	224
AT4G21590	21	11	16	10
AT4G21600	4	7	3	0
AT4G21610	416	391	167	108
AT4G21620	2860	3049	927	882
AT4G21630	0	1	0	0
AT4G21640	4	9	5	0
AT4G21650	1346	1463	2686	515
AT4G21660	2973	3202	2907	2482
AT4G21670	713	727	506	401
AT4G21680	863	938	156	21
AT4G21700	351	395	154	145
AT4G21705	121	160	163	149
AT4G21710	1501	1569	1368	1328
AT4G21720	240	306	192	189
AT4G21740	721	762	233	268
AT4G21745	17	14	2	3
AT4G21750	885	863	1506	1729
AT4G21760	335	344	700	317
AT4G21770	390	391	527	407
AT4G21780	19	12	16	5
AT4G21790	2067	2237	1326	1296
AT4G21800	1586	1673	667	550
AT4G21810	1256	1276	691	978
AT4G21820	100	101	101	46
AT4G21830	1113	1112	50	2
AT4G21840	1533	1636	11	0
AT4G21850	3526	3596	123	46
AT4G21860	2538	2620	2790	2934
AT4G21865	133	144	58	65
AT4G21870	121	135	321	350
AT4G21880	103	95	141	96
AT4G21890	48	39	69	64
AT4G21895	0	1	0	0
AT4G21900	221	231	225	192
AT4G21903	268	271	37	41
AT4G21910	7700	7971	1609	1636
AT4G21920	62	65	50	42
AT4G21926	196	166	59	29
AT4G21930	255	208	66	41
AT4G21940	540	539	123	64
AT4G21950	70	60	0	0
AT4G21960	111050	116564	136995	130801
AT4G21970	10	20	60	69
AT4G21980	1658	1596	498	557
AT4G21990	1457	1543	2467	1756
AT4G22000	1034	1143	823	579
AT4G22010	1725	1791	1399	1237
AT4G22030	1	7	0	0
AT4G22050	16	22	4	0
AT4G22070	46	66	2	3
AT4G22100	1	0	0	0
AT4G22110	2	1	0	0
AT4G22120	257	245	294	211
AT4G22130	852	956	884	328
AT4G22140	785	794	608	470
AT4G22150	916	1019	638	592
AT4G22160	266	315	285	199
AT4G22165	0	1	0	1
AT4G22170	2	7	1	7
AT4G22190	1082	1121	747	783
AT4G22200	490	517	656	633
AT4G22212	6	12	8	1
AT4G22214	0	1	3	1
AT4G22220	4565	4919	2310	2333
AT4G22230	10	9	1	4
AT4G22233	11	7	7	5
AT4G22235	20	24	13	4
AT4G22240	3416	3528	3210	3583
AT4G22250	58	69	108	41
AT4G22260	1183	1295	786	836
AT4G22270	173	149	148	109
AT4G22280	50	40	38	29
AT4G22285	935	1014	704	619
AT4G22290	650	638	661	619
AT4G22300	438	456	331	348
AT4G22305	581	582	296	352
AT4G22310	1714	1801	1182	1189
AT4G22320	208	208	154	119
AT4G22330	1144	1162	828	904
AT4G22340	240	251	198	238
AT4G22350	362	468	351	305
AT4G22360	606	579	459	418
AT4G22370	13	7	5	1
AT4G22380	624	657	329	232
AT4G22390	31	38	21	20
AT4G22400	0	0	0	1
AT4G22410	7	12	17	40
AT4G22440	1	1	0	0
AT4G22460	3	2	0	2
AT4G22470	246	287	82	62
AT4G22485	2607	3043	5672	222
AT4G22490	596	614	961	33
AT4G22505	1916	2240	4508	125
AT4G22510	347	395	593	12
AT4G22513	488	558	833	35
AT4G22517	309	324	627	16
AT4G22520	158	172	247	8
AT4G22530	395	451	187	133
AT4G22540	2149	2129	1818	2181
AT4G22550	127	134	110	96
AT4G22560	45	30	123	76
AT4G22570	820	842	708	730
AT4G22580	683	682	348	413
AT4G22590	839	938	255	204
AT4G22592	839	938	255	204
AT4G22610	5	8	3	0
AT4G22620	13	5	7	4
AT4G22670	3251	3343	2329	2089
AT4G22680	8	3	1	1
AT4G22690	3897	4199	8279	8943
AT4G22700	0	0	0	3
AT4G22710	1553	1570	2734	2600
AT4G22720	527	469	373	335
AT4G22730	272	256	154	96
AT4G22740	1334	1412	1006	1070
AT4G22745	499	463	338	309
AT4G22750	1124	1151	717	795
AT4G22753	2213	2317	968	940
AT4G22756	270	265	311	218
AT4G22758	40	39	24	26
AT4G22760	43	52	51	42
AT4G22770	131	134	42	55
AT4G22780	2489	2531	441	386
AT4G22790	36	34	47	35
AT4G22820	899	866	278	284
AT4G22830	228	238	312	377
AT4G22840	221	214	167	219
AT4G22850	212	256	146	108
AT4G22860	120	146	115	63
AT4G22870	0	0	1	2
AT4G22880	1677	1715	1941	834
AT4G22890	3860	3998	6638	7878
AT4G22900	25	28	31	3
AT4G22910	308	346	210	220
AT4G22920	656	716	234	244
AT4G22930	733	717	655	564
AT4G22940	30	27	12	8
AT4G22950	163	144	104	72
AT4G22960	25	17	6	2
AT4G22970	138	139	157	66
AT4G22980	295	345	104	104
AT4G22990	390	385	478	558
AT4G23000	108	132	121	137
AT4G23010	2968	3110	1156	1427
AT4G23020	95	101	330	249
AT4G23030	398	396	55	74
AT4G23040	418	531	321	409
AT4G23050	592	652	485	568
AT4G23060	299	294	282	279
AT4G23070	7	11	4	9
AT4G23100	5369	5687	5723	5003
AT4G23130	932	924	314	447
AT4G23140	10509	10836	105	121
AT4G23150	3101	3419	32	13
AT4G23160	869	957	30	29
AT4G23170	4356	4691	920	1118
AT4G23180	3709	4010	2465	2789
AT4G23190	1170	1286	267	262
AT4G23200	747	871	142	166
AT4G23205	0	4	8	2
AT4G23210	866	944	32	41
AT4G23220	2981	3211	262	359
AT4G23230	998	1090	122	185
AT4G23240	276	256	43	68
AT4G23250	1470	1481	841	928
AT4G23260	3523	3627	797	930
AT4G23270	2151	2245	1517	2084
AT4G23271	50	54	12	15
AT4G23280	37	30	9	4
AT4G23290	224	199	635	887
AT4G23300	513	513	427	511
AT4G23310	1659	1653	44	38
AT4G23320	368	353	69	100
AT4G23330	436	476	328	400
AT4G23340	11	8	26	19
AT4G23370	0	0	1	0
AT4G23400	1073	1174	2335	3507
AT4G23410	103	102	39	44
AT4G23420	162	195	42	32
AT4G23430	771	833	545	670
AT4G23440	251	243	307	282
AT4G23450	224	218	59	83
AT4G23460	2452	2602	1449	1543
AT4G23470	7620	7724	2408	2778
AT4G23490	147	153	175	108
AT4G23493	16	16	9	7
AT4G23496	4	3	14	16
AT4G23500	396	389	476	355
AT4G23510	3	9	1	0
AT4G23515	10	5	0	0
AT4G23530	417	481	500	420
AT4G23540	727	782	566	414
AT4G23550	89	93	43	67
AT4G23560	0	1	0	0
AT4G23570	2192	2298	1009	1187
AT4G23590	1	0	0	0
AT4G23600	18840	19202	7006	6263
AT4G23610	1210	1209	113	72
AT4G23620	596	579	253	177
AT4G23630	7782	8079	3866	3116
AT4G23640	1125	1220	832	898
AT4G23650	3953	4069	2573	2430
AT4G23660	270	325	139	156
AT4G23670	11820	12146	16142	19267
AT4G23680	90	73	21	37
AT4G23690	124	142	75	42
AT4G23700	445	487	12	11
AT4G23710	1323	1330	912	950
AT4G23713	4	5	1	0
AT4G23720	107	94	61	9
AT4G23730	1179	1199	802	810
AT4G23740	575	623	833	798
AT4G23750	117	135	249	196
AT4G23760	403	407	127	110
AT4G23770	64	85	81	61
AT4G23780	1	0	1	0
AT4G23790	628	586	604	577
AT4G23800	1462	1510	1364	585
AT4G23810	3011	3052	497	225
AT4G23820	1251	1389	2406	3179
AT4G23840	334	351	262	204
AT4G23850	6206	6546	3192	3847
AT4G23860	520	570	426	337
AT4G23870	354	388	465	455
AT4G23880	454	474	255	286
AT4G23882	4	5	0	6
AT4G23885	755	782	166	126
AT4G23890	1836	1996	3003	3448
AT4G23895	485	492	394	364
AT4G23900	155	186	146	108
AT4G23910	758	783	489	517
AT4G23920	275	286	247	286
AT4G23930	60	69	58	45
AT4G23940	596	600	958	794
AT4G23950	132	122	112	66
AT4G23970	2	6	0	1
AT4G23980	785	829	586	549
AT4G23990	365	391	459	354
AT4G24000	155	181	16	8
AT4G24010	124	99	171	129
AT4G24015	252	350	287	305
AT4G24020	1235	1383	1249	1496
AT4G24026	407	411	38	18
AT4G24030	233	224	23	10
AT4G24040	231	275	55	107
AT4G24050	39	44	65	40
AT4G24060	1232	1320	656	528
AT4G24070	0	1	0	1
AT4G24080	9	22	13	1
AT4G24090	307	321	525	595
AT4G24100	743	831	449	491
AT4G24110	1253	1248	251	38
AT4G24120	392	376	227	247
AT4G24130	83	68	33	26
AT4G24140	29	21	16	12
AT4G24150	22	15	6	4
AT4G24160	913	919	396	401
AT4G24170	3	3	10	8
AT4G24175	98	122	143	120
AT4G24180	9	12	5	6
AT4G24190	53124	55421	8472	6748
AT4G24200	721	774	398	363
AT4G24210	744	750	387	323
AT4G24220	5569	5766	5068	6139
AT4G24230	359	379	546	943
AT4G24240	258	301	269	201
AT4G24250	14	28	13	12
AT4G24260	23	21	14	5
AT4G24265	158	116	106	37
AT4G24270	753	801	544	391
AT4G24275	211	260	112	151
AT4G24280	4969	5193	6502	6236
AT4G24290	2252	2270	1475	1525
AT4G24310	2	6	0	0
AT4G24320	36	47	39	25
AT4G24330	2410	2583	1737	1672
AT4G24340	41	42	8	2
AT4G24350	1276	1422	4498	3477
AT4G24370	422	460	207	220
AT4G24380	2367	2514	569	308
AT4G24390	1943	2131	761	638
AT4G24400	949	1028	522	549
AT4G24410	8	5	3	4
AT4G24415	99	95	102	87
AT4G24420	7	2	2	1
AT4G24430	3	0	4	3
AT4G24440	679	642	433	394
AT4G24450	592	560	403	587
AT4G24460	686	633	485	508
AT4G24470	577	585	410	371
AT4G24480	97	107	98	134
AT4G24490	690	717	430	461
AT4G24500	426	501	276	300
AT4G24510	268	277	467	518
AT4G24520	2899	3052	2498	2556
AT4G24530	442	497	348	392
AT4G24540	655	750	670	270
AT4G24550	1405	1482	1121	1127
AT4G24560	1117	1168	672	645
AT4G24570	11194	11563	4325	2531
AT4G24580	57	68	17	8
AT4G24590	394	490	242	279
AT4G24600	1	1	1	1
AT4G24610	356	363	354	274
AT4G24620	1853	1851	2540	2270
AT4G24630	609	574	393	484
AT4G24660	312	327	315	270
AT4G24670	146	135	183	168
AT4G24680	1762	1741	1543	1428
AT4G24690	11285	11678	4827	5699
AT4G24700	28	21	39	31
AT4G24710	65	81	89	44
AT4G24730	352	363	140	189
AT4G24740	1872	1810	1313	1312
AT4G24750	963	1000	1410	1637
AT4G24760	309	304	346	307
AT4G24770	5755	5931	12746	12983
AT4G24780	1604	1713	2183	1527
AT4G24790	89	111	206	161
AT4G24800	1551	1645	2368	2753
AT4G24805	966	974	508	637
AT4G24810	271	310	354	392
AT4G24820	2737	2805	1760	1624
AT4G24830	1787	1939	1790	998
AT4G24840	918	1012	782	761
AT4G24860	11	19	21	19
AT4G24880	285	299	176	167
AT4G24890	2	0	4	0
AT4G24900	273	296	268	312
AT4G24910	48	69	34	24
AT4G24920	4326	4691	1111	990
AT4G24930	586	568	1004	1000
AT4G24940	822	807	518	372
AT4G24960	1765	1833	821	515
AT4G24970	208	225	252	214
AT4G24972	155	172	311	311
AT4G24973	0	0	1	0
AT4G24975	1	0	0	0
AT4G24980	0	0	1	0
AT4G24990	1015	1037	719	798
AT4G25000	8786	9208	31	35
AT4G25010	9	18	0	0
AT4G25020	149	163	121	84
AT4G25030	3391	3454	2083	1875
AT4G25050	2272	2443	4351	4814
AT4G25070	231	263	14	19
AT4G25080	2321	2399	4657	5778
AT4G25100	2337	2455	6933	7174
AT4G25110	511	538	163	209
AT4G25120	213	186	206	124
AT4G25130	3982	4184	3753	4105
AT4G25140	0	0	1	0
AT4G25150	237	206	206	59
AT4G25160	17	17	29	9
AT4G25170	1387	1252	807	1032
AT4G25180	488	526	238	263
AT4G25200	10	8	1	1
AT4G25210	1845	2021	1128	852
AT4G25220	2	0	0	0
AT4G25225	297	282	136	177
AT4G25230	1566	1734	895	894
AT4G25240	125	129	135	40
AT4G25260	132	133	179	273
AT4G25270	88	105	106	102
AT4G25280	386	383	311	347
AT4G25290	222	243	390	393
AT4G25300	267	236	164	160
AT4G25310	2	0	0	0
AT4G25315	203	213	151	103
AT4G25320	588	561	356	272
AT4G25330	4	3	1	0
AT4G25340	1095	1198	888	441
AT4G25350	50	37	37	61
AT4G25360	703	744	553	552
AT4G25370	2665	2661	2269	2238
AT4G25380	12	19	4	1
AT4G25390	737	793	238	239
AT4G25410	7	6	13	12
AT4G25420	42	48	75	66
AT4G25430	0	0	1	0
AT4G25433	41	45	30	2
AT4G25434	143	129	105	79
AT4G25440	327	325	254	234
AT4G25450	533	537	916	1022
AT4G25470	773	883	614	604
AT4G25480	98	127	254	201
AT4G25490	242	235	336	213
AT4G25500	2190	2266	2883	2976
AT4G25510	3	2	4	3
AT4G25515	413	386	306	209
AT4G25520	908	945	808	802
AT4G25540	24	26	32	20
AT4G25550	1125	1103	836	809
AT4G25560	6	1	1	0
AT4G25570	2761	2830	2606	3309
AT4G25580	2	0	1	1
AT4G25590	0	1	0	0
AT4G25600	161	202	200	138
AT4G25610	541	531	240	200
AT4G25620	922	983	747	720
AT4G25630	990	1030	991	373
AT4G25640	1651	1856	1519	1460
AT4G25650	1854	1958	2313	2795
AT4G25660	732	706	676	709
AT4G25670	2017	2019	958	1078
AT4G25672	2006	2009	957	1075
AT4G25680	824	757	571	585
AT4G25690	907	965	503	684
AT4G25692	907	965	503	684
AT4G25700	191	150	246	227
AT4G25707	33	33	27	13
AT4G25710	239	256	216	127
AT4G25719	368	421	223	240
AT4G25720	707	788	457	497
AT4G25730	1570	1671	1510	869
AT4G25740	1752	1870	1543	1200
AT4G25750	50	66	30	8
AT4G25760	60	50	73	34
AT4G25770	497	519	448	559
AT4G25780	38	33	54	55
AT4G25790	13	21	1	4
AT4G25800	236	252	147	195
AT4G25810	2414	2621	185	246
AT4G25820	6	1	0	0
AT4G25830	186	223	207	246
AT4G25835	148	161	115	125
AT4G25840	634	663	367	340
AT4G25845	68	69	0	5
AT4G25850	50	48	5	7
AT4G25860	2	1	1	0
AT4G25870	433	486	446	361
AT4G25880	2213	2200	1510	1226
AT4G25885	0	1	0	0
AT4G25890	527	560	601	407
AT4G25900	2525	2649	965	1102
AT4G25910	423	442	519	574
AT4G25940	1662	1794	1584	2224
AT4G25950	3	11	10	21
AT4G25960	1091	1161	1283	1579
AT4G25970	2026	2006	2352	2462
AT4G25980	62	57	51	31
AT4G25990	95	118	238	185
AT4G26000	666	717	543	552
AT4G26010	6	2	3	4
AT4G26020	4	1	5	3
AT4G26030	2	3	1	0
AT4G26050	33	38	1	4
AT4G26055	36	38	18	15
AT4G26060	1064	1236	239	326
AT4G26070	1835	1872	1154	1285
AT4G26080	1639	1682	1477	1262
AT4G26090	1374	1429	775	904
AT4G26095	1273	1322	755	859
AT4G26100	942	923	694	654
AT4G26110	2162	2304	2074	1219
AT4G26120	259	264	31	38
AT4G26130	3454	3670	2771	2497
AT4G26140	159	211	260	376
AT4G26150	68	73	82	137
AT4G26160	285	310	175	200
AT4G26170	15	16	10	2
AT4G26180	132	133	101	126
AT4G26190	857	860	1010	786
AT4G26200	68	82	4	2
AT4G26210	566	584	283	256
AT4G26220	27	21	8	12
AT4G26230	3876	4161	3585	2320
AT4G26240	484	547	227	180
AT4G26255	271	274	283	160
AT4G26260	96	104	0	0
AT4G26270	1740	1834	633	592
AT4G26280	0	2	0	0
AT4G26288	617	596	461	490
AT4G26290	3	4	2	14
AT4G26300	1580	1578	1557	1423
AT4G26310	540	510	410	325
AT4G26320	2	1	6	2
AT4G26330	0	0	7	2
AT4G26365	6	3	1	3
AT4G26370	745	876	1212	1302
AT4G26380	8	11	1	0
AT4G26390	2	3	1	0
AT4G26400	1373	1418	825	860
AT4G26410	859	904	665	658
AT4G26430	246	304	149	135
AT4G26440	0	2	1	0
AT4G26450	852	862	706	721
AT4G26455	644	625	430	430
AT4G26460	184	179	1	0
AT4G26466	1	2	0	0
AT4G26470	67	60	9	8
AT4G26480	1925	1992	1403	1705
AT4G26488	121	107	70	65
AT4G26490	92	88	59	52
AT4G26500	576	576	493	429
AT4G26510	1288	1372	1232	1205
AT4G26520	241	239	781	773
AT4G26530	1021	1072	10620	13428
AT4G26540	583	623	1067	1503
AT4G26542	271	304	535	796
AT4G26550	342	376	216	238
AT4G26555	475	528	673	853
AT4G26560	3	0	0	1
AT4G26570	1065	1050	765	763
AT4G26580	15	11	7	8
AT4G26582	162	188	128	160
AT4G26590	328	386	222	258
AT4G26600	471	448	439	367
AT4G26610	644	723	588	808
AT4G26620	657	722	566	545
AT4G26630	3030	3259	3780	3682
AT4G26640	1370	1377	971	939
AT4G26650	755	730	510	528
AT4G26660	196	232	224	93
AT4G26670	756	769	984	1019
AT4G26675	0	1	0	0
AT4G26680	62	67	44	46
AT4G26690	4782	5031	2691	4458
AT4G26700	1239	1311	1487	1831
AT4G26701	0	1	1	0
AT4G26710	2681	2802	2119	2243
AT4G26720	510	502	450	448
AT4G26730	0	1	0	0
AT4G26740	0	0	2	0
AT4G26750	1005	1126	429	442
AT4G26760	696	694	880	422
AT4G26770	4	4	1	1
AT4G26780	410	467	343	213
AT4G26790	142	185	158	171
AT4G26795	159	206	173	181
AT4G26800	71	67	56	37
AT4G26810	158	177	53	38
AT4G26830	1	5	2	3
AT4G26840	1868	1899	1400	997
AT4G26850	2195	2270	2875	2802
AT4G26860	772	821	904	966
AT4G26870	1438	1512	1253	1070
AT4G26890	30	37	18	15
AT4G26900	876	803	894	852
AT4G26910	2876	3036	1263	1303
AT4G26930	4	10	0	1
AT4G26940	1479	1590	1043	930
AT4G26950	19	24	43	56
AT4G26960	52	56	63	37
AT4G26965	287	282	205	169
AT4G26970	4305	4547	3172	2965
AT4G26980	233	211	175	212
AT4G26990	310	355	112	113
AT4G27000	4078	4208	2407	2059
AT4G27010	326	305	278	131
AT4G27020	510	579	328	423
AT4G27030	145	147	266	333
AT4G27040	878	902	649	725
AT4G27050	305	324	311	336
AT4G27060	790	847	775	672
AT4G27070	680	750	227	178
AT4G27080	926	935	699	677
AT4G27090	10657	10987	8114	5784
AT4G27100	750	729	326	457
AT4G27120	1006	1022	646	679
AT4G27130	2143	2202	2016	2039
AT4G27140	32	35	2	0
AT4G27150	1	0	1	0
AT4G27180	1035	1009	1363	1069
AT4G27190	3	7	2	0
AT4G27220	19	18	5	0
AT4G27230	477	484	626	505
AT4G27240	349	386	333	179
AT4G27250	8	5	7	3
AT4G27260	396	368	410	188
AT4G27270	203	236	123	119
AT4G27280	9394	9823	3045	2928
AT4G27290	15	11	31	27
AT4G27300	882	916	2128	2523
AT4G27310	942	986	1263	1557
AT4G27320	2308	2327	1593	1760
AT4G27330	0	0	1	0
AT4G27340	413	381	406	287
AT4G27350	441	459	143	111
AT4G27360	0	0	0	2
AT4G27370	99	125	218	154
AT4G27380	1100	1174	745	554
AT4G27390	449	423	487	576
AT4G27400	0	0	1	0
AT4G27410	777	798	753	754
AT4G27430	1053	1145	2080	2568
AT4G27435	207	211	118	136
AT4G27440	10643	11016	30701	37211
AT4G27450	5509	5779	635	945
AT4G27460	52	52	23	40
AT4G27470	764	870	508	631
AT4G27480	642	600	101	76
AT4G27490	244	232	195	127
AT4G27500	9007	9435	5237	4827
AT4G27510	18	40	37	16
AT4G27520	10977	11730	5510	3916
AT4G27530	7	11	5	5
AT4G27540	374	382	168	197
AT4G27550	2	3	6	0
AT4G27560	4107	4225	2321	1561
AT4G27570	6	5	6	2
AT4G27580	8	6	1	0
AT4G27585	810	850	482	387
AT4G27590	8	7	10	4
AT4G27595	196	209	419	304
AT4G27600	1264	1273	2100	2131
AT4G27610	468	527	395	451
AT4G27620	393	441	433	483
AT4G27630	207	248	185	160
AT4G27640	1162	1259	1302	1189
AT4G27650	788	799	588	666
AT4G27652	2247	2229	426	342
AT4G27654	1209	1350	280	193
AT4G27657	946	1009	386	385
AT4G27660	36	64	44	40
AT4G27670	3	1	0	0
AT4G27680	530	529	361	300
AT4G27690	325	347	212	221
AT4G27700	1929	2088	2865	3219
AT4G27710	848	959	1079	1318
AT4G27720	2436	2500	1305	1170
AT4G27730	376	336	144	136
AT4G27740	885	835	423	589
AT4G27745	457	514	233	282
AT4G27750	463	512	382	408
AT4G27760	692	702	762	712
AT4G27765	1	0	0	0
AT4G27780	366	370	216	205
AT4G27790	2	2	2	0
AT4G27800	3458	3814	4342	5328
AT4G27810	12	5	5	1
AT4G27820	507	522	728	689
AT4G27830	1624	1622	617	572
AT4G27840	217	216	236	228
AT4G27850	143	138	41	43
AT4G27852	127	142	41	43
AT4G27860	2670	2757	444	222
AT4G27870	1609	1583	1066	1154
AT4G27880	636	596	333	316
AT4G27890	4	6	3	1
AT4G27900	683	726	541	587
AT4G27910	293	277	250	226
AT4G27920	0	1	1	0
AT4G27940	174	160	92	72
AT4G27950	70	73	71	54
AT4G27960	4234	4480	2113	2231
AT4G27970	382	423	118	39
AT4G27980	5	2	3	3
AT4G27990	1717	1768	1487	1656
AT4G28000	4	1	0	0
AT4G28005	11	19	3	6
AT4G28010	109	134	130	65
AT4G28020	91	132	96	76
AT4G28025	1467	1512	1367	1587
AT4G28030	1336	1440	1627	1892
AT4G28040	74	75	15	55
AT4G28050	274	313	535	575
AT4G28060	1278	1309	673	619
AT4G28070	195	190	156	162
AT4G28080	2982	3130	7547	9548
AT4G28085	449	390	179	273
AT4G28088	2	1	0	2
AT4G28100	802	824	636	483
AT4G28110	2	7	2	0
AT4G28140	467	452	80	66
AT4G28150	148	159	122	130
AT4G28160	116	89	46	57
AT4G28162	86	58	38	43
AT4G28170	21	20	9	5
AT4G28180	275	289	465	405
AT4G28190	176	202	257	324
AT4G28200	678	652	560	452
AT4G28210	398	377	419	431
AT4G28220	333	370	459	486
AT4G28230	116	122	132	81
AT4G28240	521	514	826	1390
AT4G28250	755	673	1508	500
AT4G28260	1226	1304	1183	1317
AT4G28270	253	283	238	291
AT4G28280	5	11	1	6
AT4G28290	108	102	66	98
AT4G28300	3230	3333	1708	1903
AT4G28310	121	135	151	82
AT4G28320	202	201	191	141
AT4G28330	135	175	66	49
AT4G28340	1	3	1	0
AT4G28350	69	108	195	195
AT4G28360	460	507	560	468
AT4G28365	1	1	1	0
AT4G28370	574	573	295	277
AT4G28380	71	53	34	15
AT4G28390	1082	1239	94	124
AT4G28397	0	1	0	0
AT4G28400	2405	2473	832	873
AT4G28405	124	96	19	20
AT4G28420	12	12	1	2
AT4G28430	72	94	61	17
AT4G28440	1286	1351	645	471
AT4G28450	716	811	497	345
AT4G28460	50	51	1	0
AT4G28470	1141	1203	980	870
AT4G28480	1067	1135	760	711
AT4G28485	9	5	6	3
AT4G28490	1669	1625	857	1226
AT4G28500	11	12	17	10
AT4G28510	1152	1262	661	441
AT4G28530	21	15	7	2
AT4G28540	1081	1163	802	719
AT4G28550	215	190	159	132
AT4G28556	18	27	4	5
AT4G28560	15	20	13	11
AT4G28570	1462	1532	710	843
AT4G28590	234	242	224	156
AT4G28600	1088	1181	648	718
AT4G28610	1227	1231	1189	1095
AT4G28620	2	0	0	0
AT4G28630	513	566	514	507
AT4G28640	181	174	112	124
AT4G28650	198	265	213	243
AT4G28652	178	241	192	216
AT4G28660	1044	1041	1877	1918
AT4G28670	1	0	1	0
AT4G28680	33	56	68	15
AT4G28690	114	113	102	72
AT4G28700	14	4	36	25
AT4G28703	173	188	126	176
AT4G28706	720	833	1008	1042
AT4G28710	1269	1197	1049	1138
AT4G28720	26	31	24	38
AT4G28730	486	475	378	324
AT4G28740	795	805	718	802
AT4G28750	18350	19483	31555	42885
AT4G28760	893	966	807	811
AT4G28770	1099	1070	605	766
AT4G28780	875	884	1199	1166
AT4G28790	36	59	6	14
AT4G28800	1	0	0	1
AT4G28811	4	3	1	0
AT4G28815	5	7	7	2
AT4G28820	150	161	67	91
AT4G28830	369	357	270	217
AT4G28840	4	10	2	0
AT4G28860	1126	1256	858	983
AT4G28880	1840	1960	1266	1468
AT4G28890	2	3	2	0
AT4G28910	2171	2306	1464	1336
AT4G28930	3	0	0	0
AT4G28940	23	27	5	0
AT4G28950	62	88	65	22
AT4G28980	463	506	479	521
AT4G28990	366	378	269	197
AT4G29000	315	330	288	286
AT4G29010	3478	3735	2916	3535
AT4G29020	676	734	1273	1160
AT4G29030	1119	1163	1065	160
AT4G29040	3697	3864	2349	2201
AT4G29050	306	326	229	362
AT4G29060	3162	3369	9295	9215
AT4G29070	561	725	581	648
AT4G29080	890	1006	1113	505
AT4G29100	751	848	642	458
AT4G29110	1029	1044	183	300
AT4G29120	424	419	397	423
AT4G29130	1441	1426	944	799
AT4G29140	251	244	253	160
AT4G29150	79	91	37	4
AT4G29160	5562	5807	1825	2124
AT4G29170	130	108	107	79
AT4G29180	4	3	1	2
AT4G29190	923	994	2586	3630
AT4G29210	1706	1795	762	915
AT4G29220	1178	1285	1194	1348
AT4G29230	67	79	35	49
AT4G29240	84	91	114	52
AT4G29260	577	560	462	557
AT4G29270	31	34	42	33
AT4G29305	3	3	0	0
AT4G29310	860	958	863	746
AT4G29330	1426	1560	510	495
AT4G29340	4	1	2	0
AT4G29350	8465	8710	4552	3986
AT4G29360	249	280	357	198
AT4G29370	0	1	0	0
AT4G29380	960	1019	556	573
AT4G29390	3541	3859	2448	1744
AT4G29400	290	313	381	346
AT4G29410	3606	3738	3232	2021
AT4G29420	154	179	133	176
AT4G29430	325	305	169	174
AT4G29440	1532	1621	523	494
AT4G29470	8	4	2	2
AT4G29480	2174	2151	1596	1347
AT4G29490	1234	1164	715	732
AT4G29510	1058	1135	839	601
AT4G29520	3325	3295	447	318
AT4G29530	119	96	78	80
AT4G29540	138	123	65	64
AT4G29548	1	0	1	2
AT4G29550	10	5	13	3
AT4G29560	63	72	62	51
AT4G29570	7	12	2	1
AT4G29580	4	4	3	3
AT4G29590	466	422	625	714
AT4G29600	3	4	4	1
AT4G29610	285	262	245	275
AT4G29640	0	2	0	0
AT4G29650	4	0	0	0
AT4G29660	375	410	187	197
AT4G29670	2573	2769	2004	2141
AT4G29680	911	983	534	456
AT4G29690	37	45	37	18
AT4G29700	951	978	799	250
AT4G29710	12	17	12	2
AT4G29720	290	300	518	372
AT4G29730	270	259	203	140
AT4G29735	1974	2101	972	1010
AT4G29740	1257	1354	364	444
AT4G29750	797	898	1111	1262
AT4G29760	7	3	1	3
AT4G29770	11	12	0	5
AT4G29780	11971	12866	3263	1545
AT4G29790	1120	1069	697	773
AT4G29800	15	16	4	3
AT4G29810	2844	3082	1063	1204
AT4G29820	311	359	241	259
AT4G29830	520	580	379	293
AT4G29840	1219	1324	1458	1263
AT4G29850	306	301	45	28
AT4G29860	548	583	216	224
AT4G29870	725	713	771	555
AT4G29880	25	36	19	15
AT4G29890	403	381	402	410
AT4G29900	4800	5002	1888	2660
AT4G29905	837	849	939	1234
AT4G29910	266	254	175	167
AT4G29920	109	122	126	76
AT4G29930	37	28	4	4
AT4G29940	559	607	518	465
AT4G29950	2108	2088	878	1130
AT4G29960	821	835	434	466
AT4G29990	142	140	113	117
AT4G30000	158	137	167	166
AT4G30010	2338	2410	1442	1285
AT4G30020	2608	2808	2704	1786
AT4G30060	333	362	343	386
AT4G30064	0	1	0	0
AT4G30070	1	0	0	0
AT4G30080	637	691	366	326
AT4G30090	222	181	120	83
AT4G30097	61	76	81	74
AT4G30100	1698	1790	1416	1458
AT4G30110	793	821	1060	959
AT4G30120	13	23	10	8
AT4G30130	94	122	111	58
AT4G30140	84	106	587	17
AT4G30150	252	286	302	199
AT4G30160	1967	2067	1357	1358
AT4G30170	19	24	20	5
AT4G30180	57	79	49	28
AT4G30190	4731	5045	3744	2625
AT4G30200	915	916	814	860
AT4G30210	4422	4545	3578	4187
AT4G30220	1450	1439	976	783
AT4G30230	27	24	33	26
AT4G30240	540	561	345	342
AT4G30250	379	441	929	41
AT4G30260	1681	1822	908	901
AT4G30270	9406	9468	4107	6897
AT4G30280	1823	1981	174	109
AT4G30290	760	703	12	24
AT4G30300	0	2	1	0
AT4G30310	2179	2181	2036	2249
AT4G30330	415	441	323	204
AT4G30340	391	432	409	489
AT4G30350	1176	1228	667	490
AT4G30360	460	487	473	428
AT4G30370	133	136	53	38
AT4G30380	5	2	0	0
AT4G30390	669	703	318	368
AT4G30400	210	186	222	230
AT4G30410	67	74	98	120
AT4G30420	16	36	1	0
AT4G30430	305	305	15	6
AT4G30440	13399	14026	4221	5273
AT4G30450	223	221	37	24
AT4G30460	420	431	98	81
AT4G30470	1055	1085	328	294
AT4G30480	838	848	574	590
AT4G30490	635	676	494	601
AT4G30500	199	188	38	42
AT4G30510	253	277	173	203
AT4G30520	196	191	288	179
AT4G30530	6733	6979	3582	3017
AT4G30540	1	1	1	0
AT4G30550	915	1071	793	889
AT4G30560	333	336	189	162
AT4G30570	126	141	89	72
AT4G30580	881	867	1070	1141
AT4G30600	6054	6403	3058	3241
AT4G30610	110	94	175	137
AT4G30620	480	476	647	658
AT4G30630	447	453	343	313
AT4G30640	53	60	25	27
AT4G30650	4002	4172	6321	6335
AT4G30660	1287	1404	1903	2114
AT4G30662	175	169	169	194
AT4G30670	12	11	5	7
AT4G30680	121	137	174	190
AT4G30690	1042	1051	1855	2635
AT4G30700	57	56	68	47
AT4G30710	208	232	410	404
AT4G30720	517	559	886	896
AT4G30730	31	14	11	12
AT4G30740	1	0	1	3
AT4G30750	854	867	559	625
AT4G30760	1270	1390	794	811
AT4G30780	833	861	584	605
AT4G30790	900	916	747	900
AT4G30800	286	334	255	125
AT4G30810	1694	1809	1013	958
AT4G30820	340	421	239	257
AT4G30825	210	231	347	362
AT4G30830	28	28	41	36
AT4G30840	256	272	231	111
AT4G30845	67	58	74	102
AT4G30850	399	395	218	223
AT4G30860	57	64	87	70
AT4G30870	144	164	98	69
AT4G30880	1	2	0	0
AT4G30890	1039	1132	834	757
AT4G30900	706	810	460	530
AT4G30910	881	1001	486	665
AT4G30920	2354	2414	2245	2284
AT4G30930	531	504	403	213
AT4G30935	549	552	312	300
AT4G30940	85	73	114	112
AT4G30950	2646	2644	5662	6379
AT4G30960	4321	4504	5653	6872
AT4G30970	1	0	0	0
AT4G30975	11	10	15	10
AT4G30980	53	57	37	24
AT4G30990	990	1029	1035	677
AT4G30993	970	1050	1147	1273
AT4G30996	1122	1120	592	646
AT4G31000	1162	1223	504	692
AT4G31010	277	291	254	239
AT4G31020	205	239	83	59
AT4G31030	13	9	3	9
AT4G31040	1410	1573	1742	1827
AT4G31050	131	155	272	307
AT4G31060	260	270	315	395
AT4G31070	30	24	30	32
AT4G31080	1565	1742	1039	1236
AT4G31100	10	9	2	10
AT4G31110	27	26	11	22
AT4G31115	431	438	358	473
AT4G31120	676	647	687	433
AT4G31130	661	692	413	514
AT4G31140	299	299	279	246
AT4G31150	375	388	244	234
AT4G31160	901	988	762	677
AT4G31170	2806	2967	1698	2021
AT4G31180	2427	2464	1710	1635
AT4G31200	701	747	423	408
AT4G31210	690	722	741	607
AT4G31230	44	51	13	15
AT4G31240	199	160	132	159
AT4G31248	153	145	165	141
AT4G31250	171	158	182	155
AT4G31270	145	181	172	162
AT4G31280	0	0	0	1
AT4G31290	1130	1124	1496	1609
AT4G31300	2893	2975	1748	1624
AT4G31310	523	574	591	633
AT4G31320	0	2	0	0
AT4G31330	44	43	31	14
AT4G31340	5013	5292	2802	2560
AT4G31350	616	659	498	389
AT4G31351	16	13	4	6
AT4G31354	18	13	5	7
AT4G31355	30	27	2	11
AT4G31360	182	193	242	131
AT4G31370	1	1	1	2
AT4G31380	1	2	0	1
AT4G31390	593	586	376	417
AT4G31398	56	49	26	22
AT4G31400	116	103	71	58
AT4G31408	1	2	1	0
AT4G31410	521	493	391	427
AT4G31420	712	824	720	672
AT4G31430	903	892	686	607
AT4G31440	86	100	111	103
AT4G31441	22	21	21	20
AT4G31450	477	490	385	464
AT4G31460	614	598	503	377
AT4G31470	0	0	3	0
AT4G31480	3234	3448	3091	2876
AT4G31490	2364	2410	1948	1755
AT4G31500	14879	15404	5436	6004
AT4G31510	683	742	402	545
AT4G31520	23	21	16	21
AT4G31530	1138	1171	1413	1745
AT4G31540	561	580	335	318
AT4G31550	2283	2315	1448	1438
AT4G31560	819	852	857	1020
AT4G31570	1017	1049	1050	879
AT4G31580	1399	1471	1099	833
AT4G31590	494	510	809	762
AT4G31600	475	557	260	246
AT4G31610	78	106	46	1
AT4G31615	35	40	27	1
AT4G31620	257	265	395	198
AT4G31630	2	2	0	0
AT4G31640	21	18	49	0
AT4G31650	378	413	510	376
AT4G31660	0	1	0	0
AT4G31670	502	460	291	318
AT4G31680	1	3	1	1
AT4G31690	24	10	11	0
AT4G31700	8527	8557	6028	3687
AT4G31710	0	7	0	0
AT4G31720	851	808	802	737
AT4G31730	194	214	128	21
AT4G31740	1	2	1	0
AT4G31750	570	598	319	253
AT4G31760	13	10	1	4
AT4G31770	280	300	178	137
AT4G31780	1980	2114	2093	2451
AT4G31790	597	655	399	281
AT4G31800	11465	12020	2501	3092
AT4G31805	78	69	81	30
AT4G31810	384	409	339	203
AT4G31820	1199	1266	1656	1934
AT4G31830	1	0	1	1
AT4G31840	653	770	620	246
AT4G31850	351	404	863	972
AT4G31860	1365	1393	862	946
AT4G31870	63	67	59	27
AT4G31875	46	46	19	32
AT4G31877	6	11	21	23
AT4G31880	1631	1680	1369	1083
AT4G31890	184	175	248	222
AT4G31910	19	14	16	4
AT4G31920	489	522	378	297
AT4G31930	119	139	106	84
AT4G31950	7	7	5	0
AT4G31960	1	2	0	0
AT4G31970	244	283	5	4
AT4G31980	554	636	297	279
AT4G31985	2032	2184	1353	1035
AT4G31990	3750	3956	3123	3036
AT4G32000	147	156	247	201
AT4G32010	1069	1152	730	691
AT4G32020	21682	22511	8090	7951
AT4G32030	1466	1424	696	672
AT4G32040	1406	1444	1064	1023
AT4G32050	217	219	160	145
AT4G32060	7087	7335	4903	6186
AT4G32070	657	704	514	522
AT4G32080	1	0	0	1
AT4G32105	2	0	0	0
AT4G32120	499	538	337	365
AT4G32130	1284	1339	587	548
AT4G32140	524	484	318	327
AT4G32150	3035	3244	1800	2531
AT4G32160	848	936	647	688
AT4G32175	185	207	134	123
AT4G32180	1600	1670	1227	1147
AT4G32190	751	697	1039	1173
AT4G32200	76	101	181	163
AT4G32208	195	222	112	70
AT4G32210	2291	2405	1336	1284
AT4G32240	1109	1086	630	618
AT4G32250	578	585	522	520
AT4G32260	8783	9292	18892	21225
AT4G32270	292	294	199	202
AT4G32272	495	508	242	221
AT4G32280	51	59	113	298
AT4G32285	2292	2599	1841	1964
AT4G32290	231	207	309	321
AT4G32295	243	233	192	126
AT4G32300	1168	1218	706	1067
AT4G32320	234	274	356	440
AT4G32330	2250	2455	2757	2826
AT4G32340	561	552	1879	2946
AT4G32342	2	0	0	1
AT4G32350	440	462	386	587
AT4G32360	347	352	272	305
AT4G32380	0	1	2	0
AT4G32390	1767	1898	1346	1192
AT4G32400	477	502	418	267
AT4G32410	8347	8817	11583	13858
AT4G32420	955	1010	997	796
AT4G32430	47	63	46	29
AT4G32440	562	615	488	581
AT4G32445	10	5	1	2
AT4G32450	281	285	143	135
AT4G32460	585	690	314	236
AT4G32470	4325	4325	2383	2356
AT4G32480	2902	3112	513	753
AT4G32490	2	1	2	0
AT4G32510	0	0	0	2
AT4G32520	1410	1473	1261	1253
AT4G32530	1840	2018	1436	1492
AT4G32540	13	12	8	0
AT4G32551	1509	1605	1344	1215
AT4G32560	376	359	308	279
AT4G32570	594	663	1148	1155
AT4G32580	0	0	1	1
AT4G32590	1053	1025	1189	1281
AT4G32600	815	829	627	593
AT4G32605	449	464	278	177
AT4G32610	757	861	658	461
AT4G32620	808	861	691	605
AT4G32630	1	11	2	0
AT4G32640	1680	1825	1359	1474
AT4G32650	293	284	94	100
AT4G32660	997	1116	841	846
AT4G32670	500	547	282	274
AT4G32680	640	727	366	341
AT4G32690	327	346	184	96
AT4G32700	162	227	194	127
AT4G32710	180	211	246	188
AT4G32720	1130	1156	945	594
AT4G32730	509	549	456	301
AT4G32750	328	341	199	195
AT4G32760	2940	3161	2337	2873
AT4G32770	417	493	681	637
AT4G32780	8	15	45	7
AT4G32785	9	13	30	4
AT4G32790	454	485	268	445
AT4G32800	1249	1255	465	430
AT4G32810	36	32	23	2
AT4G32820	580	588	482	458
AT4G32830	182	187	151	84
AT4G32840	402	453	282	255
AT4G32850	2230	2477	1804	1998
AT4G32860	4	8	2	3
AT4G32870	186	195	56	42
AT4G32880	752	727	543	454
AT4G32890	67	105	160	168
AT4G32900	389	415	328	344
AT4G32910	716	789	612	523
AT4G32915	635	649	513	533
AT4G32920	374	377	338	260
AT4G32930	667	703	402	390
AT4G32940	9384	9861	8341	14476
AT4G32950	6	17	9	11
AT4G32960	323	308	228	232
AT4G32970	318	321	248	222
AT4G32980	804	794	748	492
AT4G32990	25	22	29	41
AT4G33000	334	325	626	765
AT4G33010	14333	15402	26990	29374
AT4G33020	1	2	0	1
AT4G33030	1167	1160	1427	1497
AT4G33040	176	181	133	114
AT4G33050	7764	8052	1760	1900
AT4G33060	607	713	468	459
AT4G33070	5249	5528	188	10
AT4G33080	1155	1233	1155	1042
AT4G33090	2842	2981	2405	2671
AT4G33100	364	380	158	124
AT4G33110	774	757	671	668
AT4G33120	7	0	0	0
AT4G33130	110	79	65	36
AT4G33140	260	246	168	120
AT4G33150	856	884	296	348
AT4G33160	58	58	46	26
AT4G33170	50	52	43	26
AT4G33180	240	256	242	309
AT4G33200	858	939	842	712
AT4G33210	1324	1346	1135	1397
AT4G33220	1739	1767	1372	1633
AT4G33230	1	0	0	0
AT4G33240	933	999	895	974
AT4G33250	2666	2868	1803	1511
AT4G33260	370	392	445	192
AT4G33270	692	708	685	370
AT4G33280	3	3	4	4
AT4G33290	22	28	1	3
AT4G33300	6569	6916	2194	2626
AT4G33310	39	46	38	40
AT4G33320	2	3	3	3
AT4G33330	11	10	7	2
AT4G33350	932	1026	1045	1047
AT4G33355	17	15	4	1
AT4G33360	847	839	422	323
AT4G33370	6	1	2	10
AT4G33380	1225	1413	1477	1531
AT4G33390	0	1	0	0
AT4G33400	248	217	256	161
AT4G33410	417	451	329	301
AT4G33420	106	112	18	48
AT4G33430	2182	2119	1299	1441
AT4G33440	146	133	88	60
AT4G33460	283	308	338	333
AT4G33465	0	1	0	0
AT4G33467	37	23	100	124
AT4G33470	392	408	898	1038
AT4G33480	891	1058	955	1021
AT4G33490	411	450	1091	1245
AT4G33495	432	410	275	213
AT4G33500	838	885	1415	1582
AT4G33510	4574	4516	4664	5407
AT4G33520	1364	1288	1231	1252
AT4G33530	1283	1290	1263	1600
AT4G33540	939	933	655	645
AT4G33550	234	243	62	82
AT4G33560	2105	2334	125	44
AT4G33565	549	568	431	644
AT4G33580	825	795	829	742
AT4G33585	0	1	0	0
AT4G33590	0	2	0	0
AT4G33610	60	44	14	8
AT4G33620	227	265	193	189
AT4G33625	1671	1602	2037	2473
AT4G33630	1248	1295	1464	1517
AT4G33640	1472	1502	955	1086
AT4G33650	939	931	640	628
AT4G33660	135	136	208	235
AT4G33666	110	111	337	389
AT4G33670	545	616	792	908
AT4G33680	1496	1684	1669	1574
AT4G33690	393	389	224	242
AT4G33700	980	959	744	642
AT4G33720	3	9	0	0
AT4G33730	0	0	2	0
AT4G33740	892	950	945	998
AT4G33760	587	542	697	646
AT4G33770	148	144	102	81
AT4G33780	668	657	421	356
AT4G33790	14	6	6	6
AT4G33800	4	7	6	0
AT4G33810	0	2	4	5
AT4G33820	0	1	0	0
AT4G33840	1	0	0	0
AT4G33865	5492	5757	3235	2549
AT4G33870	3	3	4	0
AT4G33880	0	0	6	0
AT4G33890	734	857	381	420
AT4G33905	23	40	11	8
AT4G33910	1218	1222	569	573
AT4G33920	5270	5651	1226	985
AT4G33925	56	48	39	51
AT4G33930	12	11	3	2
AT4G33940	1211	1224	530	613
AT4G33945	603	622	491	447
AT4G33950	478	511	278	405
AT4G33960	79	73	76	65
AT4G33970	20	22	5	2
AT4G33980	111	118	286	313
AT4G33985	448	377	109	98
AT4G33990	73	100	72	53
AT4G34000	1165	1206	1110	1193
AT4G34020	450	490	579	627
AT4G34030	822	944	1070	1200
AT4G34035	0	1	0	0
AT4G34040	941	973	721	672
AT4G34050	9107	9824	2941	2459
AT4G34060	91	75	157	147
AT4G34070	572	587	384	445
AT4G34080	23	15	21	11
AT4G34090	409	398	751	806
AT4G34100	2042	2163	2084	2472
AT4G34110	7950	8537	9108	9084
AT4G34120	3263	3489	2814	3141
AT4G34131	149	160	32	33
AT4G34135	446	472	230	224
AT4G34138	184	197	590	577
AT4G34140	627	591	513	605
AT4G34150	14026	15305	3994	3346
AT4G34160	1180	1226	764	346
AT4G34180	5470	5772	1649	1751
AT4G34190	2525	2550	2769	3223
AT4G34200	3873	3994	3929	2142
AT4G34210	7	7	1	1
AT4G34215	1094	1125	1156	971
AT4G34220	1312	1467	1639	1951
AT4G34230	2440	2483	677	579
AT4G34240	1087	1146	1097	1223
AT4G34250	288	295	373	514
AT4G34260	1515	1639	1616	1979
AT4G34265	959	937	635	577
AT4G34270	989	1020	607	514
AT4G34272	0	1	0	0
AT4G34280	466	454	392	423
AT4G34290	669	719	1011	843
AT4G34300	1	5	0	0
AT4G34310	583	640	402	411
AT4G34320	21	21	3	3
AT4G34330	9	11	2	4
AT4G34332	9	11	2	4
AT4G34340	195	208	132	96
AT4G34350	3865	3950	5002	5797
AT4G34360	89	132	95	56
AT4G34370	596	579	490	438
AT4G34380	74	66	9	5
AT4G34390	3129	3397	634	818
AT4G34400	63	78	68	4
AT4G34410	1898	2007	706	207
AT4G34412	462	480	227	219
AT4G34419	12	13	1	0
AT4G34420	125	121	58	23
AT4G34430	895	827	644	570
AT4G34440	1	2	0	0
AT4G34450	6054	6262	5592	5257
AT4G34460	2506	2616	1636	1702
AT4G34470	9	9	1	0
AT4G34480	5578	5587	1534	1879
AT4G34490	1085	1109	1149	1039
AT4G34500	529	587	374	357
AT4G34510	7	4	23	11
AT4G34520	1	1	0	0
AT4G34530	353	409	400	372
AT4G34540	733	815	611	593
AT4G34550	3	3	23	11
AT4G34555	750	797	406	246
AT4G34560	428	435	496	454
AT4G34570	308	314	306	259
AT4G34580	8	3	81	71
AT4G34588	1119	1149	691	372
AT4G34590	1119	1149	691	372
AT4G34600	106	95	69	34
AT4G34610	328	344	363	347
AT4G34620	5162	5215	6346	7056
AT4G34630	1178	1203	373	368
AT4G34640	1306	1296	1138	1101
AT4G34650	122	153	145	143
AT4G34660	502	621	468	458
AT4G34670	10102	10658	7929	5455
AT4G34680	242	239	209	180
AT4G34690	0	0	0	1
AT4G34695	1	0	0	0
AT4G34700	3049	3239	1838	1532
AT4G34710	12485	13011	2753	1672
AT4G34720	2765	2873	2025	2099
AT4G34730	325	329	752	809
AT4G34740	489	524	668	567
AT4G34750	413	421	400	358
AT4G34760	314	324	468	653
AT4G34770	39	38	121	193
AT4G34780	0	3	0	0
AT4G34790	27	37	108	134
AT4G34800	9	3	8	5
AT4G34810	8	5	19	8
AT4G34830	632	656	1301	1465
AT4G34840	234	263	160	171
AT4G34850	6	5	5	3
AT4G34860	99	103	139	85
AT4G34870	7396	7381	5825	3387
AT4G34880	21	26	10	13
AT4G34881	546	562	593	909
AT4G34890	898	943	808	1000
AT4G34900	193	168	766	836
AT4G34910	466	533	408	249
AT4G34920	579	625	963	1109
AT4G34930	4	5	23	29
AT4G34940	1	2	2	3
AT4G34950	4662	4965	4277	4982
AT4G34960	746	801	489	452
AT4G34970	40	29	59	68
AT4G34980	2329	2439	3052	2943
AT4G34990	123	119	107	79
AT4G35000	3450	3472	2878	3127
AT4G35010	1	3	5	1
AT4G35020	795	787	472	469
AT4G35030	126	145	113	61
AT4G35040	808	835	497	425
AT4G35050	312	355	270	196
AT4G35060	155	151	92	91
AT4G35070	254	283	115	56
AT4G35080	585	631	455	367
AT4G35090	5353	5613	5488	6235
AT4G35100	8481	9011	10082	13045
AT4G35110	939	910	126	134
AT4G35120	0	1	0	0
AT4G35130	64	86	70	54
AT4G35140	363	393	256	276
AT4G35160	166	144	38	14
AT4G35165	14	8	0	0
AT4G35170	40	37	6	4
AT4G35180	661	659	40	31
AT4G35190	47	37	17	2
AT4G35220	817	882	479	462
AT4G35230	1945	1931	1008	995
AT4G35240	1205	1259	830	717
AT4G35250	1063	1164	1770	2045
AT4G35260	1735	1806	1231	1148
AT4G35270	211	255	382	406
AT4G35280	0	2	0	0
AT4G35290	166	163	177	170
AT4G35295	28	38	12	11
AT4G35300	1878	1931	2122	1952
AT4G35310	4559	4896	3355	4021
AT4G35320	742	756	481	667
AT4G35335	407	496	360	372
AT4G35350	62	66	50	41
AT4G35360	1051	1163	759	860
AT4G35370	0	2	1	4
AT4G35380	30	24	21	24
AT4G35390	2	0	5	3
AT4G35410	267	253	202	217
AT4G35420	158	189	193	225
AT4G35430	50	23	49	65
AT4G35440	263	246	364	419
AT4G35450	3718	3842	4824	5470
AT4G35460	442	446	397	437
AT4G35470	820	964	909	1346
AT4G35480	952	1011	457	426
AT4G35490	871	876	792	683
AT4G35500	367	374	130	75
AT4G35510	439	511	332	344
AT4G35520	28	34	30	12
AT4G35530	183	206	158	175
AT4G35540	111	109	133	125
AT4G35550	505	560	273	207
AT4G35560	302	357	335	271
AT4G35570	1986	2111	1269	1009
AT4G35580	1182	1299	812	773
AT4G35589	0	0	0	1
AT4G35590	98	92	18	7
AT4G35600	3005	3175	492	575
AT4G35620	137	147	116	47
AT4G35630	1688	1715	1411	745
AT4G35640	61	44	31	19
AT4G35650	2	1	3	0
AT4G35655	14	21	2	1
AT4G35680	26	18	26	17
AT4G35690	0	0	3	2
AT4G35720	53	43	10	3
AT4G35730	344	354	236	180
AT4G35740	345	352	240	264
AT4G35750	2378	2505	1836	2430
AT4G35760	751	793	813	955
AT4G35770	658	705	1006	3033
AT4G35780	652	731	523	638
AT4G35783	52	45	16	41
AT4G35785	1434	1440	1039	849
AT4G35790	2811	2912	2344	2597
AT4G35800	2717	2878	3052	3089
AT4G35810	19	23	55	1
AT4G35830	8271	8421	10560	12048
AT4G35840	302	268	155	138
AT4G35850	929	974	865	547
AT4G35860	1063	1071	635	644
AT4G35870	381	419	297	281
AT4G35880	632	686	432	301
AT4G35890	1888	1962	952	824
AT4G35900	240	268	331	459
AT4G35905	218	216	147	176
AT4G35910	218	212	191	123
AT4G35920	632	723	994	937
AT4G35930	139	191	180	117
AT4G35940	623	662	328	276
AT4G35950	476	500	469	459
AT4G35970	56	42	16	15
AT4G35980	461	510	274	243
AT4G35985	491	513	152	158
AT4G35987	233	205	168	171
AT4G36000	21	20	6	3
AT4G36010	2618	2806	989	488
AT4G36020	646	676	427	311
AT4G36030	921	865	555	554
AT4G36032	868	820	545	538
AT4G36040	4253	4343	6792	9485
AT4G36050	254	260	255	294
AT4G36052	130	133	132	118
AT4G36060	56	70	58	20
AT4G36070	1	1	1	0
AT4G36080	965	962	795	672
AT4G36090	668	743	386	454
AT4G36100	1	3	0	2
AT4G36105	8	7	19	14
AT4G36110	143	163	69	56
AT4G36120	369	348	207	146
AT4G36130	2882	2987	2450	1676
AT4G36140	584	644	435	483
AT4G36150	516	572	365	466
AT4G36160	21	22	16	23
AT4G36170	0	1	1	3
AT4G36180	843	858	746	277
AT4G36190	1025	1125	1146	1153
AT4G36195	2439	2578	1361	1396
AT4G36197	0	0	1	0
AT4G36210	3329	3642	1972	2112
AT4G36220	3186	3331	2507	2508
AT4G36230	11	12	34	53
AT4G36240	184	169	212	140
AT4G36250	2128	2206	1971	1782
AT4G36260	77	52	71	43
AT4G36270	158	177	245	160
AT4G36280	189	210	215	299
AT4G36290	433	460	373	355
AT4G36350	1	0	0	0
AT4G36360	2429	2575	3587	2673
AT4G36380	243	249	234	150
AT4G36390	698	670	1243	1347
AT4G36400	319	363	355	436
AT4G36410	39	27	89	147
AT4G36420	645	707	658	499
AT4G36430	563	604	75	2
AT4G36440	814	847	590	601
AT4G36450	30	31	12	12
AT4G36470	63	96	94	55
AT4G36480	927	935	627	679
AT4G36490	10	8	0	1
AT4G36500	4414	4485	3333	3457
AT4G36510	11	8	3	0
AT4G36515	577	529	224	278
AT4G36520	1467	1524	1260	877
AT4G36530	651	629	950	1153
AT4G36540	351	333	936	960
AT4G36550	690	670	381	343
AT4G36570	123	121	313	121
AT4G36580	145	133	124	71
AT4G36590	0	2	3	3
AT4G36600	1	0	4	2
AT4G36610	48	31	12	3
AT4G36620	32	46	29	16
AT4G36630	827	915	697	717
AT4G36640	933	1004	311	269
AT4G36648	5792	6123	2721	2980
AT4G36650	666	681	331	264
AT4G36660	574	597	500	415
AT4G36670	1780	1836	928	1696
AT4G36680	494	553	406	242
AT4G36690	2760	3002	3105	3245
AT4G36700	10	12	8	0
AT4G36710	550	572	156	103
AT4G36720	508	495	257	297
AT4G36730	1624	1588	1501	2308
AT4G36740	4	4	11	0
AT4G36750	658	707	479	576
AT4G36760	1737	1805	1163	1359
AT4G36770	58	56	23	41
AT4G36780	729	793	1136	1329
AT4G36790	352	351	350	420
AT4G36791	16	14	11	16
AT4G36800	2741	2936	1646	1830
AT4G36808	317	322	459	398
AT4G36810	1542	1577	2001	1799
AT4G36820	36	49	10	1
AT4G36830	213	241	99	49
AT4G36840	204	196	162	186
AT4G36850	235	197	250	368
AT4G36860	666	767	519	517
AT4G36870	778	834	765	1127
AT4G36880	20	42	18	2
AT4G36890	801	853	547	532
AT4G36900	394	442	318	431
AT4G36910	380	364	231	184
AT4G36920	646	682	637	596
AT4G36925	0	0	2	3
AT4G36930	143	134	117	99
AT4G36940	806	879	654	587
AT4G36945	613	681	233	282
AT4G36950	924	1056	51	24
AT4G36960	825	883	691	659
AT4G36970	441	511	476	324
AT4G36980	4383	4639	3894	4139
AT4G36988	4574	4682	551	404
AT4G36990	4574	4682	551	404
AT4G37000	1494	1617	1460	1608
AT4G37010	281	342	11	9
AT4G37020	355	339	284	276
AT4G37022	10	20	11	10
AT4G37030	30	27	6	14
AT4G37040	553	612	787	931
AT4G37050	12	16	5	9
AT4G37060	2	2	0	0
AT4G37070	66	53	6	1
AT4G37080	622	654	730	855
AT4G37090	589	594	370	248
AT4G37095	37	33	24	24
AT4G37100	252	268	297	279
AT4G37110	214	229	375	309
AT4G37120	2383	2462	2101	2087
AT4G37130	439	459	303	250
AT4G37140	65	35	7	5
AT4G37150	232	219	24	13
AT4G37170	42	56	58	35
AT4G37180	1298	1297	676	601
AT4G37190	469	473	435	296
AT4G37200	954	956	1148	1270
AT4G37210	726	774	576	351
AT4G37220	2	16	8	31
AT4G37225	9	10	20	13
AT4G37230	3	3	8	11
AT4G37235	2	8	2	6
AT4G37240	466	492	436	547
AT4G37250	427	485	315	327
AT4G37260	3575	3881	2586	3341
AT4G37270	1163	1292	1320	1398
AT4G37280	457	509	452	468
AT4G37290	41	33	17	12
AT4G37295	15	23	3	0
AT4G37300	3876	4075	3480	3661
AT4G37310	881	940	802	580
AT4G37320	104	138	235	104
AT4G37330	275	308	413	406
AT4G37360	1	0	0	0
AT4G37370	837	922	253	234
AT4G37380	90	119	169	164
AT4G37390	111	131	84	14
AT4G37400	208	224	169	191
AT4G37409	3747	4096	948	280
AT4G37410	3771	4114	948	281
AT4G37420	3	1	0	0
AT4G37430	602	592	461	391
AT4G37432	486	497	406	348
AT4G37440	763	806	625	710
AT4G37445	33	32	17	8
AT4G37450	1978	2135	1086	1091
AT4G37460	1485	1569	1164	1219
AT4G37470	1361	1359	1507	2103
AT4G37480	226	238	300	321
AT4G37483	108	94	76	76
AT4G37490	120	153	88	49
AT4G37500	1	1	0	0
AT4G37510	1345	1413	1817	2064
AT4G37520	2592	2799	613	704
AT4G37530	1325	1372	249	219
AT4G37540	540	565	320	220
AT4G37550	1130	1266	1472	1418
AT4G37553	892	935	1027	1140
AT4G37560	403	438	479	579
AT4G37580	44	53	74	30
AT4G37590	833	872	755	561
AT4G37608	123	112	56	42
AT4G37610	1391	1420	806	691
AT4G37630	261	287	149	108
AT4G37640	2855	3053	946	872
AT4G37650	502	518	394	274
AT4G37660	259	225	131	107
AT4G37670	187	184	260	207
AT4G37680	975	1043	891	809
AT4G37682	7	8	10	16
AT4G37685	22	19	20	31
AT4G37690	98	103	21	37
AT4G37700	40	50	8	6
AT4G37710	63	56	1	1
AT4G37720	7	6	0	0
AT4G37730	173	177	39	26
AT4G37740	252	260	305	190
AT4G37750	977	869	876	241
AT4G37760	607	668	685	783
AT4G37770	191	171	31	53
AT4G37780	14	18	1	0
AT4G37790	888	878	519	473
AT4G37800	689	690	1305	1221
AT4G37810	99	107	95	18
AT4G37820	1231	1314	1019	1047
AT4G37830	4874	5069	2718	2564
AT4G37840	0	0	0	1
AT4G37850	2	0	0	0
AT4G37860	2	4	0	0
AT4G37870	21897	23168	9203	5124
AT4G37880	879	983	630	701
AT4G37890	71	74	64	57
AT4G37895	32	28	38	28
AT4G37900	300	320	40	23
AT4G37910	3047	3042	2309	1417
AT4G37920	367	385	711	735
AT4G37925	587	556	1370	1496
AT4G37930	19794	21013	34765	40228
AT4G37940	6	3	1	0
AT4G37950	1	0	0	0
AT4G37970	138	114	138	61
AT4G37980	583	555	2359	3623
AT4G37990	34	39	8	5
AT4G38000	2	0	2	1
AT4G38010	48	33	48	33
AT4G38020	249	291	256	290
AT4G38030	1	1	0	0
AT4G38040	804	893	677	676
AT4G38050	202	244	209	153
AT4G38060	296	319	180	191
AT4G38070	83	105	119	57
AT4G38080	394	361	95	30
AT4G38090	470	446	375	416
AT4G38092	21	14	15	10
AT4G38100	525	542	348	287
AT4G38120	705	734	645	597
AT4G38130	2710	2825	2132	1677
AT4G38140	4	10	5	0
AT4G38150	346	374	252	146
AT4G38160	465	549	831	908
AT4G38170	279	271	212	190
AT4G38180	211	243	139	164
AT4G38190	0	0	1	0
AT4G38200	1032	1141	942	853
AT4G38210	208	160	89	32
AT4G38215	76	53	29	11
AT4G38220	1912	2091	1089	1210
AT4G38225	879	904	969	1161
AT4G38230	270	274	199	204
AT4G38240	927	952	745	774
AT4G38250	1191	1217	957	1086
AT4G38260	1129	1153	492	526
AT4G38270	882	899	686	658
AT4G38280	572	577	524	593
AT4G38290	243	235	166	166
AT4G38300	47	59	53	50
AT4G38310	8	3	7	1
AT4G38320	346	348	314	301
AT4G38330	139	148	118	92
AT4G38340	116	127	249	181
AT4G38350	1906	2010	1757	1847
AT4G38360	1508	1561	885	916
AT4G38370	319	288	282	248
AT4G38380	188	192	155	128
AT4G38390	0	0	1	0
AT4G38400	707	677	270	343
AT4G38405	0	2	0	0
AT4G38410	31	22	9	2
AT4G38420	423	442	63	96
AT4G38430	904	958	1230	1040
AT4G38440	534	564	424	359
AT4G38460	2383	2601	1941	2279
AT4G38470	1857	1939	1588	2056
AT4G38480	112	118	78	57
AT4G38490	356	364	255	307
AT4G38495	666	630	389	349
AT4G38500	977	1053	621	642
AT4G38510	2811	2852	3035	2750
AT4G38520	1880	2061	1567	1511
AT4G38530	69	72	106	93
AT4G38540	1033	1177	786	937
AT4G38545	1111	1249	841	975
AT4G38550	8169	8857	9729	11758
AT4G38552	7185	7758	8813	10694
AT4G38560	1044	1033	45	40
AT4G38570	378	415	254	304
AT4G38580	1079	1009	726	672
AT4G38590	0	1	1	2
AT4G38600	3204	3650	2637	2779
AT4G38620	298	316	371	285
AT4G38630	2239	2346	1456	1343
AT4G38640	854	873	695	713
AT4G38650	65	82	60	32
AT4G38660	319	342	540	275
AT4G38670	205	209	143	165
AT4G38680	2747	2830	2015	1597
AT4G38690	480	504	708	1381
AT4G38700	56	63	55	85
AT4G38710	2114	2331	1821	1379
AT4G38730	165	156	223	223
AT4G38740	4446	4842	3789	3150
AT4G38760	987	1034	999	927
AT4G38770	9661	10391	24750	28126
AT4G38780	67	41	30	43
AT4G38790	866	934	339	347
AT4G38800	1905	1956	1658	1660
AT4G38810	1731	1816	962	1021
AT4G38820	19	22	63	85
AT4G38825	20	24	75	95
AT4G38830	19	17	4	4
AT4G38840	128	143	224	356
AT4G38850	27	36	41	58
AT4G38860	225	251	447	649
AT4G38870	4	13	3	1
AT4G38880	2	0	0	2
AT4G38890	846	960	793	570
AT4G38900	781	834	595	673
AT4G38910	114	133	114	124
AT4G38920	4928	4956	3524	3407
AT4G38930	746	813	455	427
AT4G38932	764	793	601	748
AT4G38940	244	244	211	190
AT4G38950	540	580	1158	1006
AT4G38960	110	155	73	52
AT4G38970	26460	27695	49516	53119
AT4G38980	211	234	158	140
AT4G39010	30	29	54	32
AT4G39020	2	10	0	0
AT4G39030	2122	2132	185	189
AT4G39040	1098	1206	1809	1804
AT4G39050	1093	1229	1393	1494
AT4G39060	10	10	11	15
AT4G39070	22	27	29	56
AT4G39080	3903	4244	3809	4317
AT4G39090	16774	17547	13931	19211
AT4G39100	1078	1164	729	876
AT4G39110	30	29	27	28
AT4G39120	415	517	469	422
AT4G39140	826	858	503	519
AT4G39150	901	1051	906	889
AT4G39160	561	556	348	281
AT4G39170	1248	1263	1408	1052
AT4G39180	378	397	353	376
AT4G39190	1160	1279	175	112
AT4G39200	7468	8001	5067	3476
AT4G39210	1963	2069	1308	883
AT4G39220	1162	1246	631	542
AT4G39230	673	648	246	111
AT4G39235	111	96	92	117
AT4G39240	704	694	577	520
AT4G39250	1	0	4	10
AT4G39260	9276	9800	12858	12859
AT4G39270	489	516	361	393
AT4G39280	1090	1153	852	722
AT4G39300	571	582	369	252
AT4G39320	294	315	42	18
AT4G39330	2028	2096	2204	1788
AT4G39340	5	1	8	4
AT4G39350	4106	4424	5198	5816
AT4G39360	12	12	3	1
AT4G39361	45	30	27	21
AT4G39363	79	98	47	35
AT4G39364	69	75	48	38
AT4G39366	54	41	35	18
AT4G39370	318	304	137	150
AT4G39380	114	136	113	73
AT4G39390	430	464	227	206
AT4G39400	3397	3612	2541	3221
AT4G39403	14	13	4	4
AT4G39404	10	16	1	0
AT4G39410	229	231	118	67
AT4G39420	1032	1099	1118	1142
AT4G39460	746	774	960	1025
AT4G39470	278	256	253	176
AT4G39480	40	36	15	0
AT4G39500	1	1	1	0
AT4G39510	372	379	513	268
AT4G39520	1453	1510	1052	887
AT4G39530	30	30	37	20
AT4G39540	1048	1088	951	888
AT4G39550	100	110	139	107
AT4G39560	185	192	199	194
AT4G39570	296	345	145	99
AT4G39580	138	168	44	49
AT4G39600	55	59	36	33
AT4G39610	36	43	0	0
AT4G39620	344	345	386	442
AT4G39630	100	90	85	32
AT4G39640	2647	2727	869	1130
AT4G39650	2	0	0	0
AT4G39660	1045	1022	866	816
AT4G39670	1678	1771	80	24
AT4G39675	496	441	32	4
AT4G39680	3102	3236	2810	2630
AT4G39690	1029	1086	675	556
AT4G39700	20	24	6	2
AT4G39710	753	748	1172	1278
AT4G39720	297	324	69	37
AT4G39730	5851	6232	3606	2961
AT4G39740	386	358	189	181
AT4G39770	154	164	141	171
AT4G39780	184	190	234	165
AT4G39790	26	22	28	11
AT4G39795	21	20	39	54
AT4G39800	1716	1876	3504	3291
AT4G39810	4	8	2	4
AT4G39820	925	941	484	460
AT4G39830	2769	2944	141	185
AT4G39838	1412	1591	870	863
AT4G39840	1663	1872	986	996
AT4G39850	1580	1725	1085	1147
AT4G39860	992	975	540	291
AT4G39870	495	483	319	289
AT4G39880	753	841	764	554
AT4G39890	569	634	158	171
AT4G39900	976	1040	881	681
AT4G39910	1490	1523	845	1049
AT4G39920	240	243	191	185
AT4G39925	81	93	48	55
AT4G39930	27	32	24	22
AT4G39940	2546	2663	1762	1258
AT4G39950	4628	4783	775	572
AT4G39952	58	72	50	36
AT4G39955	511	504	212	159
AT4G39960	1267	1327	1223	1194
AT4G39970	583	574	1483	1754
AT4G39980	3234	3322	2570	2048
AT4G39990	1208	1248	927	851
AT4G40000	117	127	125	63
AT4G40010	19	31	29	19
AT4G40020	24	36	9	8
AT4G40030	6192	6305	4758	4766
AT4G40040	9061	9467	6336	6479
AT4G40042	370	403	128	163
AT4G40045	279	288	352	377
AT4G40050	1082	1027	738	761
AT4G40060	1510	1552	1212	787
AT4G40065	175	187	174	228
AT4G40070	35	47	60	113
AT4G40080	85	80	96	117
AT4G40085	67	58	72	90
AT4G40090	1	0	1	2
AT5G01010	2329	2576	1725	1728
AT5G01015	52	56	282	361
AT5G01020	1274	1292	1649	1803
AT5G01030	549	582	348	262
AT5G01040	70	77	30	16
AT5G01050	2	4	0	0
AT5G01060	0	0	1	1
AT5G01070	3	6	7	6
AT5G01075	183	177	144	129
AT5G01080	1	0	0	0
AT5G01090	463	444	478	466
AT5G01100	2035	2188	174	145
AT5G01110	58	52	49	37
AT5G01120	53	58	50	22
AT5G01150	0	0	2	0
AT5G01160	486	494	443	401
AT5G01170	257	284	362	185
AT5G01175	82	75	67	34
AT5G01180	45	40	42	52
AT5G01190	6	12	22	13
AT5G01200	67	89	79	71
AT5G01210	1017	1123	789	484
AT5G01215	1001	1106	788	486
AT5G01220	1001	1074	1382	1882
AT5G01225	3	1	1	0
AT5G01230	285	275	193	153
AT5G01240	593	619	1202	1479
AT5G01250	51	33	22	25
AT5G01260	212	206	247	251
AT5G01270	818	837	730	621
AT5G01290	706	740	503	421
AT5G01300	12	4	1	5
AT5G01310	250	259	181	174
AT5G01320	10	14	23	32
AT5G01330	9	8	23	12
AT5G01340	236	239	151	53
AT5G01350	2730	2863	1555	1600
AT5G01360	4	19	13	7
AT5G01370	274	311	192	90
AT5G01380	196	177	13	10
AT5G01390	267	285	227	246
AT5G01400	1210	1185	760	746
AT5G01410	2147	2400	2772	2217
AT5G01420	19	31	15	7
AT5G01430	570	612	292	247
AT5G01445	45	35	24	34
AT5G01450	599	676	401	439
AT5G01460	922	933	825	906
AT5G01470	212	252	169	217
AT5G01480	81	55	13	13
AT5G01490	1	2	0	0
AT5G01500	527	539	546	303
AT5G01510	167	148	163	211
AT5G01520	256	251	609	755
AT5G01530	37744	39544	65833	83076
AT5G01540	1083	1202	122	146
AT5G01542	962	1061	116	137
AT5G01550	133	162	1	5
AT5G01560	386	391	391	433
AT5G01570	20	21	19	8
AT5G01580	37	49	40	27
AT5G01590	1403	1380	2718	2463
AT5G01595	2086	2152	2584	2308
AT5G01600	2054	2111	2547	2279
AT5G01610	169	155	49	56
AT5G01620	254	283	284	255
AT5G01630	142	152	158	102
AT5G01640	185	198	40	36
AT5G01650	1381	1451	777	829
AT5G01660	53	81	77	24
AT5G01670	439	469	341	371
AT5G01680	0	1	0	0
AT5G01690	0	0	1	0
AT5G01700	67	79	24	24
AT5G01710	3409	3487	1704	1953
AT5G01712	3409	3487	1704	1953
AT5G01720	809	837	520	562
AT5G01730	447	475	309	383
AT5G01732	411	444	281	356
AT5G01734	0	0	1	0
AT5G01740	19	26	26	60
AT5G01747	1	4	7	14
AT5G01750	7872	8124	5772	8070
AT5G01760	16	20	9	7
AT5G01770	280	369	381	331
AT5G01780	540	527	521	511
AT5G01790	217	233	292	287
AT5G01800	3329	3477	1425	1601
AT5G01810	1709	1850	1493	2369
AT5G01820	1938	2076	1355	1363
AT5G01830	269	244	255	275
AT5G01840	169	170	183	22
AT5G01849	2	1	0	0
AT5G01850	1059	1180	291	180
AT5G01870	152	159	96	8
AT5G01880	95	74	116	154
AT5G01881	61	43	59	41
AT5G01890	512	562	658	373
AT5G01900	1204	1217	7	1
AT5G01910	93	121	96	43
AT5G01920	940	1000	1855	2129
AT5G01930	307	324	336	357
AT5G01940	74	70	37	26
AT5G01950	1641	1808	1377	1471
AT5G01960	1594	1621	830	886
AT5G01970	818	848	391	417
AT5G01980	741	745	520	557
AT5G01990	630	669	352	421
AT5G02010	199	202	225	173
AT5G02020	107	91	87	138
AT5G02030	711	796	559	332
AT5G02040	760	800	321	333
AT5G02050	707	803	559	315
AT5G02060	41	38	21	31
AT5G02070	172	192	65	54
AT5G02080	86	87	73	65
AT5G02090	11	15	2	4
AT5G02100	722	677	291	218
AT5G02110	2	2	3	0
AT5G02120	1050	1184	1457	1772
AT5G02130	379	421	270	275
AT5G02140	19	17	6	7
AT5G02150	467	500	322	398
AT5G02160	2357	2656	7848	11503
AT5G02170	53	53	20	31
AT5G02180	178	191	437	497
AT5G02190	120	135	168	134
AT5G02200	193	190	46	91
AT5G02210	9	10	2	1
AT5G02220	17	25	12	9
AT5G02230	399	397	206	223
AT5G02240	4834	4947	3860	3538
AT5G02250	528	579	548	670
AT5G02260	63	61	91	64
AT5G02270	291	334	160	170
AT5G02280	193	236	172	174
AT5G02290	3482	3565	1365	1999
AT5G02310	1392	1433	1100	1229
AT5G02320	131	127	70	70
AT5G02350	3	2	0	0
AT5G02370	28916	30094	18064	15881
AT5G02380	28659	29794	17851	15732
AT5G02390	2	5	0	1
AT5G02400	32	23	13	16
AT5G02410	336	291	215	169
AT5G02420	50	41	30	31
AT5G02430	57	64	115	71
AT5G02440	48	68	48	49
AT5G02450	5282	5479	3673	2416
AT5G02460	132	128	62	42
AT5G02470	260	279	201	146
AT5G02480	2645	2885	2238	1882
AT5G02490	4845	4887	352	124
AT5G02500	40133	42122	45525	38081
AT5G02502	591	607	207	179
AT5G02510	16	17	17	9
AT5G02520	98	103	92	39
AT5G02530	1260	1345	1239	1057
AT5G02540	27	26	71	85
AT5G02550	94	118	166	125
AT5G02560	179	201	297	365
AT5G02570	11	9	10	20
AT5G02580	43	49	17	8
AT5G02590	216	245	256	146
AT5G02600	589	676	388	439
AT5G02610	1714	1834	1339	892
AT5G02620	1464	1533	890	889
AT5G02630	188	234	131	133
AT5G02640	17	29	23	18
AT5G02650	249	255	190	219
AT5G02670	251	255	232	234
AT5G02680	677	650	397	480
AT5G02690	54	48	40	35
AT5G02710	466	457	486	508
AT5G02720	65	66	65	54
AT5G02740	849	840	619	538
AT5G02750	55	64	51	38
AT5G02760	104	124	432	868
AT5G02770	3413	3436	2398	2323
AT5G02780	95	105	11	7
AT5G02790	6113	6432	3879	4155
AT5G02800	561	581	497	559
AT5G02810	5163	5614	5989	6931
AT5G02820	401	426	451	309
AT5G02830	319	375	656	556
AT5G02840	841	887	856	1150
AT5G02850	485	519	387	323
AT5G02860	319	356	625	581
AT5G02870	6580	6584	5850	3887
AT5G02880	1712	1827	1112	1168
AT5G02890	179	155	412	344
AT5G02910	182	193	142	147
AT5G02920	0	0	1	0
AT5G02930	0	2	8	1
AT5G02940	3411	3470	3726	3970
AT5G02950	87	103	119	59
AT5G02960	6298	6349	5806	3993
AT5G02970	414	409	481	681
AT5G02980	0	1	0	0
AT5G03000	3	5	1	0
AT5G03010	7	6	3	3
AT5G03020	39	29	18	18
AT5G03030	477	406	269	248
AT5G03040	3608	3711	3049	4425
AT5G03050	241	261	370	471
AT5G03060	19	18	22	7
AT5G03070	258	253	191	193
AT5G03080	1109	1202	494	520
AT5G03100	111	127	92	74
AT5G03110	122	92	97	137
AT5G03120	375	415	855	1740
AT5G03130	4	1	26	49
AT5G03140	368	432	513	592
AT5G03150	245	256	435	327
AT5G03160	1710	1892	491	345
AT5G03170	112	120	126	157
AT5G03180	105	114	178	165
AT5G03190	2058	2145	638	502
AT5G03200	591	657	469	399
AT5G03204	42	43	17	6
AT5G03210	944	986	326	239
AT5G03220	340	387	240	247
AT5G03230	533	550	480	339
AT5G03240	10626	11221	10160	10961
AT5G03250	21	38	46	31
AT5G03260	17	6	27	14
AT5G03270	64	66	28	28
AT5G03280	1805	1755	1702	1728
AT5G03285	153	141	32	50
AT5G03290	2820	2946	1390	1299
AT5G03300	2139	2250	2226	1762
AT5G03310	0	2	1	1
AT5G03320	978	959	494	547
AT5G03330	578	622	379	393
AT5G03340	813	884	563	626
AT5G03345	646	713	411	379
AT5G03350	10611	11350	4185	4411
AT5G03360	499	527	228	354
AT5G03370	276	310	242	296
AT5G03380	1687	1823	1075	1295
AT5G03390	131	117	124	52
AT5G03406	193	193	165	203
AT5G03415	417	436	367	311
AT5G03420	919	993	964	1023
AT5G03430	1237	1248	984	1077
AT5G03435	103	109	32	37
AT5G03440	166	175	109	140
AT5G03450	330	350	280	282
AT5G03455	2232	2290	933	973
AT5G03460	2208	2249	820	884
AT5G03470	380	402	518	626
AT5G03480	2	0	0	0
AT5G03490	287	286	305	353
AT5G03495	56	94	51	56
AT5G03500	512	513	300	301
AT5G03510	8	18	11	8
AT5G03520	2112	2096	1752	2442
AT5G03530	425	444	420	288
AT5G03540	1976	2018	1473	1618
AT5G03545	26	25	26	7
AT5G03550	5	1	0	0
AT5G03552	28	32	34	30
AT5G03555	189	178	168	214
AT5G03560	370	325	248	227
AT5G03600	0	1	0	0
AT5G03610	1415	1464	422	304
AT5G03620	6	6	6	15
AT5G03630	3314	3491	2776	2613
AT5G03640	10	15	55	59
AT5G03650	1589	1610	3063	3100
AT5G03660	2721	2735	1938	1930
AT5G03668	68	66	57	24
AT5G03670	143	144	168	56
AT5G03680	156	174	218	9
AT5G03690	236	253	315	331
AT5G03700	31	27	55	50
AT5G03705	1	0	0	0
AT5G03710	5	4	0	0
AT5G03720	219	164	54	55
AT5G03730	1248	1315	1152	1279
AT5G03740	1539	1733	1097	674
AT5G03750	1	0	0	0
AT5G03760	931	886	1552	1345
AT5G03770	126	148	113	89
AT5G03780	184	193	114	105
AT5G03790	31	28	25	5
AT5G03795	7	5	4	7
AT5G03800	114	101	137	125
AT5G03810	0	1	0	0
AT5G03830	303	280	277	332
AT5G03840	38	36	22	3
AT5G03850	3735	3813	2021	1358
AT5G03860	1	1	1	7
AT5G03870	100	86	139	45
AT5G03880	2718	2896	2958	3530
AT5G03890	22	22	12	11
AT5G03900	959	1000	1018	1069
AT5G03905	592	573	212	177
AT5G03910	849	880	866	1043
AT5G03920	0	1	0	1
AT5G03930	1	0	0	0
AT5G03940	1889	1991	3462	3647
AT5G03960	8	8	17	26
AT5G03970	332	391	250	178
AT5G03980	0	1	1	0
AT5G03990	257	283	231	216
AT5G03995	61	54	172	203
AT5G04000	8	10	15	10
AT5G04010	5	5	4	0
AT5G04020	978	1021	691	917
AT5G04030	0	1	0	0
AT5G04040	1324	1333	1154	1669
AT5G04050	105	103	129	136
AT5G04060	430	381	454	468
AT5G04070	180	198	100	121
AT5G04080	320	341	82	81
AT5G04090	976	1062	564	653
AT5G04110	274	293	246	210
AT5G04130	384	399	537	376
AT5G04140	7014	7050	17439	19711
AT5G04150	30	38	39	83
AT5G04160	459	440	429	398
AT5G04170	2094	2163	1293	1486
AT5G04180	5	4	4	4
AT5G04190	9	7	92	95
AT5G04200	15	10	9	11
AT5G04210	8	4	3	3
AT5G04220	495	552	384	677
AT5G04230	178	198	329	438
AT5G04238	11	10	12	14
AT5G04240	724	792	604	580
AT5G04250	227	237	148	138
AT5G04260	614	657	415	557
AT5G04267	0	1	0	0
AT5G04270	203	208	134	158
AT5G04275	3	3	1	3
AT5G04280	996	1053	880	769
AT5G04290	1105	1066	950	705
AT5G04310	81	53	59	36
AT5G04320	309	351	319	222
AT5G04330	57	55	39	34
AT5G04340	1450	1480	1760	1393
AT5G04360	763	724	1369	1649
AT5G04370	7	3	4	1
AT5G04390	3	4	10	6
AT5G04410	2014	2125	1164	1190
AT5G04420	1071	995	753	687
AT5G04430	2063	2051	2520	2318
AT5G04440	997	1100	1198	1276
AT5G04460	636	650	589	554
AT5G04470	185	182	225	213
AT5G04480	1684	1879	927	1075
AT5G04490	770	828	783	1239
AT5G04500	0	2	0	0
AT5G04510	777	832	797	706
AT5G04520	195	216	132	145
AT5G04530	332	349	366	336
AT5G04540	1067	1110	608	586
AT5G04550	2610	2660	1575	1732
AT5G04560	1816	2102	1453	1638
AT5G04590	5634	5857	7243	5658
AT5G04600	1688	1675	1200	816
AT5G04610	16	29	22	23
AT5G04620	304	289	212	154
AT5G04630	3	2	2	2
AT5G04660	97	113	100	76
AT5G04670	537	532	554	497
AT5G04680	33	33	17	14
AT5G04690	29	30	7	11
AT5G04700	50	55	41	52
AT5G04710	727	817	751	824
AT5G04720	2880	3089	959	1072
AT5G04740	1139	1199	1260	1173
AT5G04750	5510	5897	1860	2171
AT5G04760	915	931	445	509
AT5G04770	13	20	19	20
AT5G04780	50	83	50	53
AT5G04790	26	55	32	42
AT5G04800	1749	1891	1327	904
AT5G04810	800	868	1803	1917
AT5G04820	65	67	154	127
AT5G04830	1926	1996	938	954
AT5G04840	28	32	29	17
AT5G04850	691	709	433	468
AT5G04860	335	294	134	85
AT5G04870	2543	2525	1179	1241
AT5G04885	1321	1426	698	448
AT5G04890	21	34	19	31
AT5G04895	209	243	239	124
AT5G04900	361	381	488	601
AT5G04910	465	457	276	277
AT5G04920	1037	1064	792	727
AT5G04930	3629	3786	2395	2820
AT5G04940	382	385	362	326
AT5G04950	668	631	702	338
AT5G04970	13	11	1	3
AT5G04980	57	77	62	67
AT5G04990	923	963	601	701
AT5G05000	517	534	464	432
AT5G05010	3715	3831	2941	2698
AT5G05020	0	1	1	0
AT5G05040	10	11	10	3
AT5G05060	600	633	555	491
AT5G05070	2	1	0	0
AT5G05080	1602	1800	1496	1419
AT5G05090	481	536	584	705
AT5G05100	1634	1706	925	996
AT5G05110	1366	1383	435	554
AT5G05130	124	119	132	67
AT5G05140	1392	1406	438	512
AT5G05150	0	2	1	1
AT5G05160	396	427	330	189
AT5G05170	7325	7617	10174	11813
AT5G05180	316	352	441	326
AT5G05190	1193	1260	377	367
AT5G05200	2913	3168	4256	5017
AT5G05210	1101	1097	973	693
AT5G05220	14	20	7	0
AT5G05230	697	714	425	495
AT5G05240	105	101	101	51
AT5G05250	527	573	723	633
AT5G05260	0	2	0	0
AT5G05270	939	874	701	353
AT5G05280	5	4	2	1
AT5G05282	5	4	2	1
AT5G05290	22	28	0	0
AT5G05300	384	354	65	61
AT5G05310	372	398	234	246
AT5G05320	187	201	165	206
AT5G05330	57	64	83	68
AT5G05340	684	745	143	25
AT5G05350	56	51	27	27
AT5G05360	402	428	252	305
AT5G05365	901	970	77	56
AT5G05370	372	441	197	176
AT5G05380	185	215	78	120
AT5G05390	28	33	11	3
AT5G05400	69	92	53	53
AT5G05410	591	612	389	321
AT5G05420	5	4	6	7
AT5G05430	10	11	24	20
AT5G05435	104	91	102	122
AT5G05440	683	707	519	809
AT5G05450	568	554	594	562
AT5G05460	790	852	379	420
AT5G05470	602	619	482	335
AT5G05480	250	311	262	255
AT5G05490	11	2	4	0
AT5G05500	3	0	0	0
AT5G05510	56	60	55	36
AT5G05520	588	573	384	363
AT5G05530	23	23	0	1
AT5G05540	633	688	514	390
AT5G05550	422	463	529	582
AT5G05560	311	318	279	218
AT5G05570	463	451	382	413
AT5G05580	311	356	803	728
AT5G05590	373	388	415	368
AT5G05598	0	0	0	1
AT5G05600	2901	2868	1076	1146
AT5G05610	1364	1467	1177	1109
AT5G05620	320	348	377	285
AT5G05630	24	26	42	47
AT5G05640	70	69	29	19
AT5G05660	607	627	809	713
AT5G05670	441	513	400	308
AT5G05680	370	372	259	193
AT5G05690	1793	1813	2586	3903
AT5G05700	481	521	492	479
AT5G05710	151	167	210	229
AT5G05720	0	1	0	0
AT5G05730	2520	2674	1617	1539
AT5G05740	632	504	943	1010
AT5G05750	753	836	583	680
AT5G05760	347	326	200	282
AT5G05770	7	6	2	2
AT5G05780	1648	1666	1396	1097
AT5G05790	168	223	120	47
AT5G05800	609	665	710	689
AT5G05810	93	74	46	27
AT5G05820	575	623	464	395
AT5G05830	226	211	278	246
AT5G05840	41	32	54	64
AT5G05850	242	258	192	208
AT5G05860	189	199	140	156
AT5G05870	169	220	291	269
AT5G05880	9	14	7	6
AT5G05890	19	39	241	358
AT5G05920	272	300	154	150
AT5G05930	707	804	469	623
AT5G05940	123	126	139	71
AT5G05950	475	484	418	401
AT5G05960	761	822	308	186
AT5G05965	10	9	5	2
AT5G05970	329	323	306	253
AT5G05980	591	736	584	619
AT5G05987	444	474	191	192
AT5G05990	249	272	221	154
AT5G06000	66	61	68	34
AT5G06010	0	1	3	0
AT5G06050	328	397	420	329
AT5G06060	892	972	969	927
AT5G06070	2	3	1	0
AT5G06090	0	3	1	0
AT5G06100	411	455	396	428
AT5G06110	1914	2026	1641	1341
AT5G06120	1069	1133	694	736
AT5G06130	1389	1428	1451	1616
AT5G06140	1499	1626	1167	1161
AT5G06150	239	298	321	143
AT5G06160	956	1053	784	625
AT5G06165	47	37	17	16
AT5G06180	204	231	167	160
AT5G06190	96	101	34	39
AT5G06200	10	10	0	1
AT5G06210	364	371	262	292
AT5G06220	797	824	1081	1180
AT5G06230	248	253	210	229
AT5G06240	255	251	170	159
AT5G06250	52	33	44	29
AT5G06260	912	918	638	683
AT5G06265	404	497	300	252
AT5G06270	151	149	316	322
AT5G06280	312	284	371	406
AT5G06290	1881	2080	3873	4313
AT5G06300	234	200	108	190
AT5G06310	214	208	117	93
AT5G06320	21582	22383	4406	4549
AT5G06330	193	193	52	47
AT5G06340	891	932	1043	1141
AT5G06350	481	514	400	321
AT5G06360	2551	2614	1754	1233
AT5G06370	959	1029	391	477
AT5G06380	4	3	11	0
AT5G06390	1260	1241	1423	1307
AT5G06400	47	39	28	26
AT5G06410	304	324	195	182
AT5G06420	130	128	92	95
AT5G06430	146	203	105	100
AT5G06440	957	899	893	1048
AT5G06450	266	293	133	169
AT5G06460	1096	1163	843	680
AT5G06470	51	44	48	55
AT5G06480	58	60	62	88
AT5G06500	1	1	1	1
AT5G06510	94	128	129	142
AT5G06520	2	15	1	4
AT5G06530	3289	3359	1359	2400
AT5G06540	42	50	48	32
AT5G06550	222	192	216	83
AT5G06560	554	629	573	635
AT5G06570	124	123	39	26
AT5G06580	701	666	561	594
AT5G06590	105	81	49	30
AT5G06600	3290	3596	2862	2852
AT5G06610	245	272	186	136
AT5G06620	92	109	76	41
AT5G06630	0	0	1	0
AT5G06650	0	2	0	0
AT5G06660	565	573	368	351
AT5G06670	232	224	357	316
AT5G06680	264	263	270	184
AT5G06690	664	679	1571	2429
AT5G06700	3300	3417	3061	3584
AT5G06710	282	264	324	308
AT5G06720	1060	1142	50	17
AT5G06730	335	304	7	5
AT5G06740	19	23	1	0
AT5G06750	1093	1110	239	303
AT5G06755	7	7	0	0
AT5G06760	49	48	10	8
AT5G06770	299	307	234	273
AT5G06780	618	724	468	443
AT5G06790	17	23	70	61
AT5G06800	16	10	30	45
AT5G06810	230	269	159	134
AT5G06820	80	82	22	38
AT5G06830	668	716	659	676
AT5G06839	0	2	5	0
AT5G06850	140	112	121	153
AT5G06860	1916	2034	497	707
AT5G06865	1973	2105	530	745
AT5G06870	5079	5473	1420	1567
AT5G06890	0	1	0	0
AT5G06900	0	2	3	1
AT5G06910	593	587	411	351
AT5G06930	46	49	129	127
AT5G06940	55	55	83	36
AT5G06950	385	375	270	273
AT5G06960	632	636	221	273
AT5G06970	1213	1224	1193	1417
AT5G06980	753	763	635	1088
AT5G06990	7	9	7	4
AT5G07000	111	126	206	205
AT5G07010	361	361	151	201
AT5G07020	1871	1961	2898	3257
AT5G07030	3500	3505	4422	1588
AT5G07040	7	11	6	0
AT5G07050	3	0	1	0
AT5G07060	13	18	10	15
AT5G07070	281	330	112	149
AT5G07080	29	36	19	32
AT5G07090	8587	9153	7661	5208
AT5G07100	693	758	989	1551
AT5G07110	218	192	204	281
AT5G07120	575	684	515	517
AT5G07130	194	210	172	168
AT5G07140	49	88	106	74
AT5G07150	186	211	295	272
AT5G07152	63	75	111	99
AT5G07170	8	14	1	1
AT5G07180	274	303	352	170
AT5G07190	4	1	1	0
AT5G07200	2	3	2	0
AT5G07220	1579	1657	1175	1646
AT5G07230	0	2	0	0
AT5G07240	564	644	780	997
AT5G07250	260	280	257	337
AT5G07260	0	3	0	0
AT5G07270	691	775	545	585
AT5G07280	51	66	92	28
AT5G07290	739	754	681	676
AT5G07300	1598	1698	1014	1089
AT5G07310	20	14	0	0
AT5G07320	291	348	249	188
AT5G07322	485	517	67	44
AT5G07330	1	0	0	0
AT5G07340	3657	3958	1240	1120
AT5G07350	2553	2802	2148	1738
AT5G07360	856	865	390	432
AT5G07370	968	1010	510	607
AT5G07380	64	59	15	11
AT5G07390	11	7	2	0
AT5G07400	68	72	68	38
AT5G07410	1	0	0	0
AT5G07430	2	2	0	0
AT5G07440	3668	3892	2144	2170
AT5G07450	1	0	0	0
AT5G07460	1986	2124	928	627
AT5G07470	2652	2677	1173	1325
AT5G07475	11	14	1	3
AT5G07480	0	2	0	0
AT5G07500	2	0	2	2
AT5G07510	2	1	2	7
AT5G07520	0	0	1	2
AT5G07550	1	1	0	0
AT5G07560	3	4	3	7
AT5G07570	12	14	28	45
AT5G07571	19	22	17	32
AT5G07572	19	17	12	27
AT5G07580	1460	1427	2898	3895
AT5G07590	227	262	250	248
AT5G07600	1	0	1	0
AT5G07610	297	271	249	301
AT5G07620	71	92	76	93
AT5G07630	470	473	462	457
AT5G07640	36	21	21	17
AT5G07650	17	8	1	0
AT5G07660	275	267	174	43
AT5G07670	345	359	291	296
AT5G07680	70	68	17	28
AT5G07690	750	757	1414	852
AT5G07700	79	70	59	44
AT5G07710	204	202	157	172
AT5G07720	41	59	80	59
AT5G07730	164	180	65	67
AT5G07740	1931	2045	1719	1598
AT5G07760	80	74	56	45
AT5G07770	1731	1906	827	725
AT5G07780	104	99	19	9
AT5G07790	278	334	215	185
AT5G07800	67	83	88	52
AT5G07810	91	94	99	63
AT5G07820	463	471	294	361
AT5G07830	1417	1431	679	793
AT5G07840	469	502	357	392
AT5G07842	503	534	390	412
AT5G07860	139	143	296	346
AT5G07870	268	232	322	309
AT5G07880	15	33	6	3
AT5G07890	316	364	332	360
AT5G07900	182	176	297	259
AT5G07910	510	524	279	278
AT5G07920	1096	1170	506	472
AT5G07930	0	1	0	0
AT5G07940	988	1086	671	630
AT5G07950	247	264	165	159
AT5G07960	817	889	507	439
AT5G07970	852	877	615	536
AT5G07980	661	682	545	555
AT5G07990	715	801	773	312
AT5G08000	1832	1937	1376	543
AT5G08010	264	275	266	303
AT5G08020	88	102	158	77
AT5G08030	27	32	53	82
AT5G08040	1082	1058	853	611
AT5G08050	813	837	1592	1821
AT5G08055	0	0	0	1
AT5G08060	3246	3316	1706	1439
AT5G08070	37	38	56	46
AT5G08080	812	968	652	739
AT5G08100	959	963	719	772
AT5G08110	172	200	129	102
AT5G08120	711	774	678	781
AT5G08130	937	991	1230	1115
AT5G08139	280	303	275	303
AT5G08150	85	101	32	68
AT5G08160	1106	1135	933	905
AT5G08170	315	305	413	482
AT5G08180	1210	1325	1086	481
AT5G08185	294	310	360	377
AT5G08190	672	678	418	405
AT5G08200	430	428	277	287
AT5G08210	49	54	63	42
AT5G08220	16	8	16	10
AT5G08230	779	760	794	691
AT5G08240	964	1090	125	167
AT5G08250	3	2	2	0
AT5G08260	1995	2042	2189	1884
AT5G08270	111	120	120	126
AT5G08280	3206	3263	5328	6096
AT5G08290	3467	3627	1969	1967
AT5G08300	2186	2450	1123	931
AT5G08305	51	76	35	18
AT5G08310	73	70	77	59
AT5G08320	272	298	232	219
AT5G08330	1756	1893	1637	2230
AT5G08335	390	397	138	202
AT5G08340	147	155	184	194
AT5G08350	63	56	53	73
AT5G08360	33	41	21	9
AT5G08370	830	956	825	802
AT5G08380	1815	1856	561	594
AT5G08390	530	501	503	465
AT5G08391	1	1	8	0
AT5G08400	482	451	418	347
AT5G08410	792	878	1196	1451
AT5G08415	357	384	419	417
AT5G08420	1310	1460	1330	1180
AT5G08430	554	556	505	470
AT5G08440	442	519	325	257
AT5G08450	1541	1675	1528	1304
AT5G08470	644	677	557	594
AT5G08480	22	43	20	18
AT5G08490	36	30	14	13
AT5G08500	1107	1207	633	671
AT5G08510	176	171	119	106
AT5G08520	1506	1481	1702	2213
AT5G08530	3937	3948	3753	3564
AT5G08535	315	338	193	186
AT5G08540	839	878	1219	1128
AT5G08550	382	394	354	307
AT5G08560	1503	1543	1164	1060
AT5G08565	189	219	82	81
AT5G08570	1295	1275	1482	1260
AT5G08580	624	713	474	480
AT5G08590	2018	2189	2156	2425
AT5G08600	74	86	139	116
AT5G08610	841	891	1391	1044
AT5G08620	563	657	662	436
AT5G08630	754	763	482	438
AT5G08640	39	48	87	38
AT5G08650	1319	1397	2386	2963
AT5G08660	1299	1301	782	919
AT5G08670	6468	6766	5483	5005
AT5G08680	4139	4226	3030	2696
AT5G08690	6418	6714	5535	4646
AT5G08695	0	1	0	0
AT5G08710	365	359	280	267
AT5G08720	218	204	445	505
AT5G08730	0	1	0	2
AT5G08740	699	720	818	801
AT5G08750	290	326	265	245
AT5G08760	3394	3429	749	769
AT5G08770	387	420	246	254
AT5G08780	206	202	209	176
AT5G08790	1848	1921	1054	994
AT5G09210	0	3	0	0
AT5G09220	3113	3182	3913	3570
AT5G09225	755	798	274	372
AT5G09230	250	304	258	255
AT5G09240	178	168	165	145
AT5G09250	618	662	260	220
AT5G09260	544	551	229	275
AT5G09270	254	258	147	106
AT5G09280	4	7	1	2
AT5G09290	570	598	29	17
AT5G09300	38	49	168	176
AT5G09310	392	376	230	223
AT5G09320	109	115	97	134
AT5G09330	3345	3392	1356	1115
AT5G09350	145	208	194	172
AT5G09370	6	6	0	0
AT5G09380	245	226	173	146
AT5G09390	631	658	468	421
AT5G09400	1098	1183	675	720
AT5G09410	1383	1472	1163	1326
AT5G09420	292	380	191	118
AT5G09430	9	9	4	2
AT5G09440	2106	2093	969	1570
AT5G09443	120	144	101	82
AT5G09445	98	127	81	64
AT5G09450	408	436	274	236
AT5G09460	3545	3724	2317	1896
AT5G09461	3545	3724	2317	1896
AT5G09462	3545	3724	2317	1896
AT5G09463	3545	3724	2317	1896
AT5G09470	234	195	31	35
AT5G09480	90	100	17	6
AT5G09510	2786	2738	2185	1627
AT5G09520	43	29	7	2
AT5G09530	309	334	48	30
AT5G09540	56	70	83	88
AT5G09550	2	1	1	0
AT5G09570	1	1	2	2
AT5G09580	97	69	67	50
AT5G09585	86	91	13	10
AT5G09590	1803	2016	1349	770
AT5G09600	2266	2327	1260	1163
AT5G09610	22	19	38	0
AT5G09620	2668	2991	1725	1433
AT5G09630	152	171	74	76
AT5G09640	1	0	0	2
AT5G09650	2326	2395	3323	2875
AT5G09660	6285	6837	11763	14436
AT5G09670	930	955	1198	1431
AT5G09672	941	966	1203	1435
AT5G09680	811	887	487	539
AT5G09690	224	209	130	132
AT5G09700	5	6	3	3
AT5G09710	25	25	14	20
AT5G09720	2	3	0	1
AT5G09730	7	14	13	27
AT5G09740	344	374	284	334
AT5G09760	639	643	574	312
AT5G09770	799	900	483	399
AT5G09780	1	0	5	0
AT5G09790	176	211	113	104
AT5G09800	122	143	19	19
AT5G09805	65	67	20	36
AT5G09810	11575	12446	7926	7092
AT5G09820	155	139	209	210
AT5G09830	628	656	312	304
AT5G09840	163	177	189	77
AT5G09850	1429	1472	1224	1216
AT5G09860	667	766	710	654
AT5G09870	2940	3155	3319	3513
AT5G09876	232	265	11	12
AT5G09880	1891	2111	1764	1718
AT5G09890	1543	1567	809	1060
AT5G09900	1929	1917	1518	1418
AT5G09910	0	4	0	2
AT5G09920	1017	1006	507	470
AT5G09930	1	2	2	5
AT5G09950	32	38	39	19
AT5G09960	930	890	572	701
AT5G09970	22	22	35	10
AT5G09976	74	81	43	11
AT5G09978	24	25	5	0
AT5G09980	597	604	51	14
AT5G09990	63	65	35	42
AT5G09995	323	349	388	299
AT5G10010	859	928	920	584
AT5G10020	759	879	684	543
AT5G10030	1069	1180	669	548
AT5G10040	280	261	0	0
AT5G10050	831	825	330	389
AT5G10060	1330	1331	1325	1088
AT5G10070	486	539	396	329
AT5G10080	188	163	189	87
AT5G10090	1	4	4	4
AT5G10100	45	61	48	10
AT5G10110	318	305	233	190
AT5G10130	0	0	1	2
AT5G10140	71	85	66	18
AT5G10150	191	182	336	477
AT5G10160	371	414	591	425
AT5G10170	266	261	528	332
AT5G10180	2915	2999	4064	3939
AT5G10190	886	900	473	630
AT5G10200	341	377	322	213
AT5G10210	60	82	18	1
AT5G10220	1	3	0	0
AT5G10230	1	2	1	2
AT5G10240	283	265	381	298
AT5G10250	6	2	111	169
AT5G10260	52	38	58	57
AT5G10270	408	501	307	299
AT5G10278	4	9	8	0
AT5G10280	21	27	10	1
AT5G10290	1020	1141	661	618
AT5G10300	1428	1447	224	130
AT5G10310	135	129	130	72
AT5G10320	206	177	151	136
AT5G10330	590	766	437	399
AT5G10336	4	3	4	0
AT5G10340	0	1	0	1
AT5G10350	924	1021	877	833
AT5G10360	9826	10396	7604	5217
AT5G10370	532	516	430	396
AT5G10380	13304	13945	671	712
AT5G10390	482	463	436	230
AT5G10400	785	769	842	546
AT5G10410	107	107	133	156
AT5G10430	451	429	1055	1220
AT5G10440	56	53	24	27
AT5G10450	6634	6748	5750	6258
AT5G10460	442	535	294	310
AT5G10470	847	847	1211	1270
AT5G10480	1109	1171	831	761
AT5G10490	744	802	620	601
AT5G10510	249	279	176	72
AT5G10520	139	145	156	80
AT5G10530	56	60	106	116
AT5G10540	3999	4223	3347	3024
AT5G10550	1913	2076	1606	1388
AT5G10560	1375	1388	1441	1682
AT5G10570	67	91	58	95
AT5G10572	45	41	20	8
AT5G10580	13	6	37	0
AT5G10600	286	299	280	278
AT5G10605	22	26	25	20
AT5G10610	599	569	407	502
AT5G10620	85	81	130	116
AT5G10625	217	236	12	19
AT5G10630	420	429	338	329
AT5G10650	664	700	290	285
AT5G10660	9	10	8	5
AT5G10680	10	16	15	12
AT5G10690	370	400	643	706
AT5G10695	4460	4683	695	836
AT5G10700	232	246	154	171
AT5G10710	362	379	244	283
AT5G10720	3	8	1	4
AT5G10730	573	636	331	307
AT5G10740	422	441	93	110
AT5G10745	540	568	349	400
AT5G10750	1483	1505	498	517
AT5G10760	46620	49081	548	482
AT5G10770	3138	3271	748	708
AT5G10780	3254	3227	1589	1602
AT5G10790	674	702	381	406
AT5G10800	142	128	199	193
AT5G10810	791	829	396	400
AT5G10820	195	244	115	90
AT5G10830	226	265	136	101
AT5G10840	3424	3725	2257	2180
AT5G10860	4559	4809	4366	4876
AT5G10870	397	429	213	170
AT5G10880	4	8	5	2
AT5G10890	3	16	9	7
AT5G10900	122	156	97	94
AT5G10910	360	411	532	497
AT5G10920	571	603	761	523
AT5G10930	141	168	280	248
AT5G10940	1028	1037	754	710
AT5G10946	85	99	74	137
AT5G10950	440	455	433	369
AT5G10960	2379	2434	1686	1831
AT5G10970	45	57	56	43
AT5G10980	3226	3435	2018	2168
AT5G10990	2	1	4	0
AT5G11000	1518	1595	616	644
AT5G11010	397	418	272	224
AT5G11020	170	177	81	73
AT5G11027	0	1	0	0
AT5G11030	488	545	227	238
AT5G11040	829	817	755	721
AT5G11060	2005	2074	2164	2532
AT5G11070	1335	1348	1017	1193
AT5G11080	0	0	2	3
AT5G11090	1031	1019	487	614
AT5G11100	49	60	20	22
AT5G11110	197	178	148	126
AT5G11130	0	0	0	1
AT5G11140	11	12	3	2
AT5G11150	487	501	615	671
AT5G11160	181	213	156	138
AT5G11170	4327	4536	3909	3281
AT5G11190	31	43	33	26
AT5G11200	3073	3175	2437	1925
AT5G11210	408	475	1	3
AT5G11230	266	243	184	129
AT5G11240	637	666	504	251
AT5G11250	659	747	646	849
AT5G11260	37	52	52	44
AT5G11270	331	352	555	510
AT5G11280	519	541	447	443
AT5G11290	15	14	1	3
AT5G11300	194	158	98	78
AT5G11310	189	219	156	111
AT5G11320	33	25	20	2
AT5G11330	1143	1208	1163	1116
AT5G11340	834	835	506	477
AT5G11350	492	497	434	445
AT5G11360	13	6	4	2
AT5G11380	292	327	320	321
AT5G11390	401	411	288	246
AT5G11400	1	0	0	0
AT5G11410	305	365	54	29
AT5G11412	21	16	3	8
AT5G11416	6	1	2	2
AT5G11420	3380	3382	3724	4462
AT5G11425	2	9	11	3
AT5G11430	336	307	303	246
AT5G11440	1	0	1	0
AT5G11450	1011	1107	1837	1762
AT5G11460	109	103	127	91
AT5G11470	115	103	82	79
AT5G11480	854	994	1376	1334
AT5G11490	1483	1527	1156	1084
AT5G11500	4042	4240	2740	2695
AT5G11510	242	209	237	85
AT5G11520	1631	1670	1198	1163
AT5G11530	653	641	439	388
AT5G11540	8	9	22	11
AT5G11550	390	442	752	347
AT5G11560	4803	5094	2889	2654
AT5G11570	0	0	3	0
AT5G11580	1300	1349	2105	2240
AT5G11590	23	19	54	47
AT5G11600	634	685	551	660
AT5G11610	610	635	693	813
AT5G11620	5	9	1	2
AT5G11630	237	278	165	123
AT5G11640	696	772	539	474
AT5G11650	1603	1755	399	351
AT5G11670	10133	10884	15295	15368
AT5G11680	1573	1615	685	790
AT5G11690	176	158	202	143
AT5G11700	2871	2908	2259	2835
AT5G11710	2656	2846	2114	2243
AT5G11720	1968	2045	1371	1423
AT5G11730	593	621	329	359
AT5G11740	14406	15122	5388	6734
AT5G11750	263	311	223	187
AT5G11760	633	670	499	473
AT5G11770	4507	5084	3388	3465
AT5G11780	54	68	56	29
AT5G11790	1992	2145	2321	1900
AT5G11800	915	936	536	646
AT5G11810	626	663	515	472
AT5G11820	0	1	2	0
AT5G11840	1015	1009	1171	1246
AT5G11850	1350	1476	751	774
AT5G11860	769	792	510	405
AT5G11870	24	42	9	4
AT5G11880	1308	1322	1561	1469
AT5G11890	798	871	720	657
AT5G11900	869	831	475	414
AT5G11910	551	602	327	338
AT5G11920	365	378	19	22
AT5G11930	137	120	111	25
AT5G11940	23	17	2	0
AT5G11950	741	739	867	746
AT5G11960	1014	1052	643	742
AT5G11970	1920	2111	590	684
AT5G11980	741	701	595	606
AT5G11990	47	40	12	13
AT5G12010	1416	1442	406	429
AT5G12020	30	25	4	2
AT5G12030	49	55	2	7
AT5G12040	1137	1228	769	766
AT5G12043	0	0	0	1
AT5G12050	88	107	227	428
AT5G12080	653	671	602	323
AT5G12100	184	164	175	150
AT5G12110	135	121	263	171
AT5G12120	1548	1627	1331	1420
AT5G12130	760	779	682	807
AT5G12140	4242	4332	2981	2835
AT5G12150	2768	2998	3396	3318
AT5G12170	499	503	505	436
AT5G12180	19	9	5	3
AT5G12190	498	471	284	244
AT5G12200	1501	1633	1182	1160
AT5G12210	1268	1323	731	809
AT5G12220	326	352	245	196
AT5G12230	523	648	570	526
AT5G12235	12	15	11	3
AT5G12236	0	0	1	1
AT5G12240	404	394	228	248
AT5G12250	3055	3201	5943	5701
AT5G12260	356	285	217	285
AT5G12270	3	2	2	2
AT5G12280	2	4	7	2
AT5G12290	705	667	416	408
AT5G12300	110	113	60	56
AT5G12310	785	746	524	599
AT5G12320	287	286	205	180
AT5G12330	158	177	135	3
AT5G12340	111	135	28	35
AT5G12350	963	963	800	795
AT5G12360	40	43	39	39
AT5G12370	2616	2802	2230	2465
AT5G12380	141	119	41	54
AT5G12390	407	401	215	247
AT5G12400	781	835	718	693
AT5G12410	744	712	593	385
AT5G12420	298	311	115	120
AT5G12430	851	878	766	853
AT5G12440	803	897	790	780
AT5G12450	4	4	1	2
AT5G12470	1451	1544	2093	2038
AT5G12480	1628	1650	867	880
AT5G12840	1011	1074	616	615
AT5G12850	1202	1250	939	902
AT5G12860	3810	3933	4127	3964
AT5G12870	20	28	13	3
AT5G12880	299	250	18	7
AT5G12890	1811	1882	551	528
AT5G12900	428	524	359	360
AT5G12910	2	4	0	0
AT5G12920	63	74	59	33
AT5G12930	184	171	90	65
AT5G12940	335	346	384	458
AT5G12950	1106	1150	1789	2409
AT5G12960	15	64	45	44
AT5G12970	45	72	63	21
AT5G12980	293	270	167	132
AT5G12990	0	1	1	1
AT5G13000	1848	1954	2559	1585
AT5G13010	1595	1635	1525	1605
AT5G13020	2252	2347	1840	1711
AT5G13030	2635	2770	1725	1861
AT5G13050	472	475	387	457
AT5G13060	122	136	136	86
AT5G13070	611	628	370	395
AT5G13080	579	636	28	5
AT5G13090	314	359	228	178
AT5G13100	1098	1216	783	576
AT5G13110	515	486	389	322
AT5G13120	1696	1764	2430	2374
AT5G13130	42	54	25	19
AT5G13140	1855	2068	1762	1012
AT5G13150	0	1	0	0
AT5G13160	1019	1034	571	558
AT5G13170	75	65	12	3
AT5G13180	1613	1588	1457	1997
AT5G13181	0	1	0	1
AT5G13190	3593	3865	710	937
AT5G13200	2556	2838	919	1167
AT5G13210	434	447	170	281
AT5G13220	1891	2000	101	59
AT5G13225	4	2	2	1
AT5G13230	24	25	18	13
AT5G13240	664	695	501	555
AT5G13250	26	26	19	8
AT5G13260	1264	1329	1163	993
AT5G13270	114	159	141	143
AT5G13280	799	755	863	740
AT5G13290	208	221	249	165
AT5G13300	1721	1811	1496	1267
AT5G13310	313	350	190	174
AT5G13320	4990	5139	135	141
AT5G13330	542	511	29	13
AT5G13340	303	303	194	185
AT5G13360	151	190	256	201
AT5G13370	317	312	159	171
AT5G13380	0	1	0	0
AT5G13390	1327	1477	877	952
AT5G13400	856	899	446	736
AT5G13410	719	778	784	910
AT5G13420	2417	2668	1420	838
AT5G13430	2111	2261	1580	1328
AT5G13440	2782	2891	1649	1630
AT5G13450	6056	6404	3853	3302
AT5G13460	370	358	483	490
AT5G13470	238	270	145	152
AT5G13480	666	685	595	430
AT5G13490	412	430	219	176
AT5G13500	963	1019	488	558
AT5G13510	2634	2725	4587	4879
AT5G13520	527	560	563	297
AT5G13530	1409	1466	1045	1041
AT5G13550	1679	1827	884	847
AT5G13560	1972	2060	1323	1365
AT5G13570	590	580	538	539
AT5G13580	19	22	1	1
AT5G13590	1732	1762	1088	1172
AT5G13600	1	1	2	1
AT5G13610	295	321	257	253
AT5G13630	7555	7936	20968	24273
AT5G13640	1208	1320	887	1051
AT5G13650	4089	4389	8196	8769
AT5G13660	330	381	261	224
AT5G13670	3	4	5	1
AT5G13680	1155	1277	620	501
AT5G13690	662	631	694	666
AT5G13700	215	236	86	87
AT5G13710	2517	2650	2666	3018
AT5G13720	754	736	650	893
AT5G13730	285	309	1126	1181
AT5G13740	1056	1140	1042	1362
AT5G13750	453	442	819	692
AT5G13760	373	435	478	516
AT5G13770	580	689	1493	1742
AT5G13780	2053	2217	1240	1064
AT5G13790	79	94	37	8
AT5G13800	2434	2324	1868	2321
AT5G13810	1765	1884	804	819
AT5G13820	361	386	116	51
AT5G13825	4	2	0	0
AT5G13830	22	46	37	13
AT5G13840	491	494	434	198
AT5G13850	2468	2513	2008	1578
AT5G13860	285	299	208	213
AT5G13870	156	136	141	159
AT5G13880	171	154	45	30
AT5G13887	0	0	1	2
AT5G13890	507	514	351	373
AT5G13900	6	10	2	1
AT5G13910	0	1	1	1
AT5G13917	0	1	0	0
AT5G13920	62	64	59	57
AT5G13930	4714	5145	6272	3561
AT5G13940	4	1	0	1
AT5G13950	1206	1229	1415	1763
AT5G13960	337	415	310	164
AT5G13970	411	407	367	347
AT5G13980	2752	2870	3015	3147
AT5G13990	8	7	17	21
AT5G14000	20	22	2	2
AT5G14030	4343	4615	2251	2126
AT5G14040	6060	6171	4878	3854
AT5G14050	888	836	843	567
AT5G14060	1791	1901	3376	3648
AT5G14070	0	5	2	1
AT5G14080	243	244	226	247
AT5G14090	260	237	271	258
AT5G14100	151	133	208	176
AT5G14105	361	346	192	199
AT5G14110	0	3	2	5
AT5G14120	3268	3419	5854	10004
AT5G14130	12	15	0	0
AT5G14140	158	177	93	90
AT5G14150	0	1	2	0
AT5G14160	12	12	2	0
AT5G14170	1070	1099	926	934
AT5G14180	128	112	1	5
AT5G14200	3305	3452	5252	3189
AT5G14210	583	557	900	988
AT5G14220	601	593	631	620
AT5G14230	346	412	396	226
AT5G14240	879	801	769	673
AT5G14250	873	941	534	512
AT5G14260	1540	1752	2745	3309
AT5G14270	1524	1563	1594	1687
AT5G14280	431	443	358	399
AT5G14310	499	514	319	292
AT5G14320	2619	2779	5486	6392
AT5G14330	35	49	24	25
AT5G14350	65	92	93	116
AT5G14360	14	19	66	46
AT5G14370	1214	1309	1199	789
AT5G14380	28	28	19	10
AT5G14390	701	681	689	747
AT5G14400	1	0	1	1
AT5G14410	81	71	130	135
AT5G14420	848	910	529	532
AT5G14430	1360	1422	1377	1696
AT5G14440	740	729	697	559
AT5G14450	457	476	450	599
AT5G14460	684	729	1196	1246
AT5G14470	18	13	11	10
AT5G14480	372	370	155	152
AT5G14490	50	38	1	1
AT5G14500	375	407	293	252
AT5G14510	34	28	33	23
AT5G14520	1769	1731	1449	944
AT5G14530	362	353	208	200
AT5G14540	1950	1977	1588	1565
AT5G14545	0	0	1	1
AT5G14550	854	831	919	1092
AT5G14560	5	0	0	8
AT5G14565	746	848	1138	1368
AT5G14570	741	834	1125	1314
AT5G14580	240	241	239	130
AT5G14590	1831	1813	1046	905
AT5G14600	260	279	211	131
AT5G14610	388	418	574	354
AT5G14620	362	318	242	205
AT5G14640	760	886	714	560
AT5G14650	39	56	36	29
AT5G14660	501	518	859	814
AT5G14680	748	751	447	479
AT5G14690	41	56	84	58
AT5G14700	821	792	361	172
AT5G14710	330	330	197	207
AT5G14720	1944	2073	2074	2167
AT5G14730	96	97	102	110
AT5G14740	3592	3661	8997	10126
AT5G14750	7	7	8	1
AT5G14760	187	179	82	59
AT5G14770	122	122	127	101
AT5G14780	3976	4244	3600	5163
AT5G14790	423	409	437	347
AT5G14800	2222	2357	1278	845
AT5G14820	86	62	68	81
AT5G14850	369	355	302	253
AT5G14860	4	0	1	0
AT5G14870	10	14	18	11
AT5G14880	497	511	460	578
AT5G14890	32	36	23	31
AT5G14900	0	0	1	1
AT5G14910	1775	1802	2751	3129
AT5G14920	12617	13559	10760	11550
AT5G14930	4276	4524	716	801
AT5G14940	98	111	112	137
AT5G14950	1493	1557	880	992
AT5G14960	48	92	114	128
AT5G14970	1895	2036	4205	4481
AT5G15010	78	94	92	67
AT5G15020	1585	1679	1402	1436
AT5G15022	52	50	12	12
AT5G15030	203	203	123	93
AT5G15050	462	461	479	423
AT5G15060	0	0	2	1
AT5G15070	136	157	169	114
AT5G15080	775	878	551	451
AT5G15090	2281	2394	1703	1460
AT5G15100	2	0	1	1
AT5G15120	464	474	128	21
AT5G15130	47	53	1	3
AT5G15140	2	2	1	0
AT5G15150	38	43	45	26
AT5G15160	76	71	76	63
AT5G15170	275	280	300	293
AT5G15180	1	2	2	1
AT5G15190	124	160	87	59
AT5G15200	7267	7115	5998	4307
AT5G15210	202	217	322	264
AT5G15220	278	309	247	231
AT5G15230	3080	3209	2409	1402
AT5G15240	22	22	21	32
AT5G15250	6	3	2	0
AT5G15254	5	7	4	2
AT5G15260	399	414	255	243
AT5G15265	16	9	3	6
AT5G15270	764	835	715	801
AT5G15280	215	231	249	297
AT5G15300	57	58	44	18
AT5G15310	146	160	436	641
AT5G15320	1609	1683	974	846
AT5G15330	131	155	165	241
AT5G15340	20	25	20	23
AT5G15350	3123	3295	1456	2004
AT5G15360	0	1	0	0
AT5G15380	0	1	0	1
AT5G15390	370	383	483	480
AT5G15400	1600	1828	1144	1040
AT5G15410	1333	1326	2434	3484
AT5G15430	3	2	8	18
AT5G15440	650	714	388	440
AT5G15450	1463	1590	1704	1769
AT5G15460	372	406	295	233
AT5G15470	835	936	682	691
AT5G15480	0	2	0	0
AT5G15490	2231	2360	1099	886
AT5G15500	194	200	133	141
AT5G15510	132	125	102	63
AT5G15520	316	311	220	146
AT5G15530	113	139	189	148
AT5G15540	901	979	862	812
AT5G15550	776	797	472	288
AT5G15570	373	331	288	267
AT5G15580	634	624	988	858
AT5G15581	42	47	93	85
AT5G15600	11	12	19	16
AT5G15610	1119	1227	1010	748
AT5G15630	72	86	50	52
AT5G15640	641	652	303	315
AT5G15650	8291	8962	4161	3402
AT5G15660	1	8	0	0
AT5G15680	1074	1135	893	934
AT5G15700	454	518	395	337
AT5G15710	133	145	152	170
AT5G15720	14	16	3	6
AT5G15730	1057	1076	506	494
AT5G15740	660	693	638	399
AT5G15750	607	626	307	245
AT5G15760	139	142	113	104
AT5G15770	116	122	86	67
AT5G15780	639	696	1977	1856
AT5G15790	187	170	138	116
AT5G15800	2	0	3	2
AT5G15802	185	178	144	162
AT5G15810	828	768	638	435
AT5G15820	98	107	93	77
AT5G15830	58	82	37	44
AT5G15840	30	39	32	12
AT5G15845	729	752	464	840
AT5G15850	717	737	457	833
AT5G15853	2	4	1	2
AT5G15860	576	671	215	186
AT5G15870	793	831	347	261
AT5G15880	430	393	346	359
AT5G15890	2	3	2	2
AT5G15900	14	20	37	30
AT5G15910	414	461	229	188
AT5G15920	365	371	279	214
AT5G15930	560	668	395	412
AT5G15940	40	45	4	4
AT5G15948	430	449	155	118
AT5G15950	430	449	155	118
AT5G15960	1621	1618	471	426
AT5G15970	13223	13317	22158	27093
AT5G15980	352	359	326	209
AT5G16000	278	242	558	708
AT5G16010	2313	2444	1339	1671
AT5G16020	0	0	1	1
AT5G16023	1	1	1	0
AT5G16030	1797	1922	4837	6206
AT5G16040	601	586	568	434
AT5G16050	3639	3683	2191	1785
AT5G16060	793	831	423	351
AT5G16070	1071	1187	1029	704
AT5G16080	58	42	32	8
AT5G16090	1	0	0	0
AT5G16110	2994	3211	2431	2747
AT5G16120	754	795	473	589
AT5G16130	4746	4710	4622	2852
AT5G16140	178	175	196	278
AT5G16150	2436	2462	2824	3292
AT5G16160	101	103	90	73
AT5G16170	254	248	89	184
AT5G16180	541	596	672	793
AT5G16190	234	268	123	97
AT5G16200	340	323	116	63
AT5G16210	1465	1499	1438	1401
AT5G16220	849	897	687	799
AT5G16230	185	251	71	77
AT5G16235	111	153	48	44
AT5G16240	131	134	149	217
AT5G16250	741	810	909	413
AT5G16260	1079	1043	685	710
AT5G16270	1807	1988	1477	1447
AT5G16280	1169	1086	970	1009
AT5G16290	636	633	635	553
AT5G16300	1179	1253	930	857
AT5G16310	229	243	171	192
AT5G16320	162	144	97	114
AT5G16340	53	63	83	76
AT5G16350	13	16	47	39
AT5G16360	403	391	102	40
AT5G16370	594	660	845	1336
AT5G16380	484	531	338	321
AT5G16390	1708	1824	2224	2285
AT5G16400	950	1017	1115	1740
AT5G16410	102	105	81	115
AT5G16420	106	144	113	102
AT5G16430	0	1	0	0
AT5G16440	1133	1198	714	594
AT5G16450	1104	1176	451	345
AT5G16453	1	1	0	0
AT5G16460	0	1	0	0
AT5G16470	2093	2217	1352	1324
AT5G16480	204	214	153	189
AT5G16486	2	10	3	2
AT5G16490	17	18	23	38
AT5G16510	974	943	502	427
AT5G16520	441	485	265	312
AT5G16530	41	40	38	38
AT5G16540	366	370	526	603
AT5G16550	777	826	696	789
AT5G16560	768	813	590	620
AT5G16570	202	176	262	594
AT5G16580	2	0	0	4
AT5G16590	592	561	885	1112
AT5G16600	14	17	41	38
AT5G16610	359	411	309	340
AT5G16620	1726	1845	2108	1943
AT5G16630	475	497	462	520
AT5G16640	46	37	37	34
AT5G16650	645	736	621	664
AT5G16660	1033	1096	924	1217
AT5G16680	1213	1352	832	868
AT5G16690	137	143	145	72
AT5G16710	1666	1780	2277	2775
AT5G16715	821	852	1174	1153
AT5G16720	202	213	321	214
AT5G16730	2297	2490	1948	2095
AT5G16740	0	1	0	0
AT5G16750	629	692	526	309
AT5G16760	986	1078	650	584
AT5G16770	30	29	16	11
AT5G16780	1370	1387	1177	1123
AT5G16790	91	87	69	75
AT5G16800	762	746	486	593
AT5G16810	394	387	487	565
AT5G16820	577	566	464	442
AT5G16830	1252	1322	556	616
AT5G16840	1091	1202	776	757
AT5G16850	15	11	12	8
AT5G16860	49	68	51	34
AT5G16870	307	302	174	169
AT5G16880	3659	4005	1683	1777
AT5G16890	289	248	243	221
AT5G16900	4	3	0	0
AT5G16910	2181	2181	740	933
AT5G16930	347	359	295	149
AT5G16940	194	187	203	202
AT5G16950	250	292	171	161
AT5G16960	3	7	2	2
AT5G16970	1269	1254	1158	1279
AT5G16980	50	61	60	101
AT5G16990	772	776	635	681
AT5G17000	1363	1376	643	664
AT5G17010	423	489	322	392
AT5G17020	2357	2379	1644	1388
AT5G17030	0	0	1	1
AT5G17040	3	6	6	5
AT5G17050	872	907	1184	476
AT5G17060	533	471	174	173
AT5G17070	442	478	472	438
AT5G17090	0	0	1	0
AT5G17150	29	20	9	12
AT5G17160	307	333	389	142
AT5G17165	11	7	7	10
AT5G17170	736	806	1380	1359
AT5G17190	2262	2295	923	858
AT5G17200	1	3	0	0
AT5G17210	173	154	53	51
AT5G17220	1375	1476	1045	547
AT5G17230	1997	2069	3342	3927
AT5G17240	192	198	128	94
AT5G17250	243	205	184	183
AT5G17260	6	13	3	6
AT5G17270	553	488	459	365
AT5G17280	460	458	468	566
AT5G17290	310	367	196	253
AT5G17300	62	49	28	29
AT5G17310	635	701	476	511
AT5G17330	483	593	32	8
AT5G17350	374	400	111	70
AT5G17360	90	82	40	59
AT5G17370	211	244	108	98
AT5G17380	1612	1742	831	735
AT5G17390	13	8	1	5
AT5G17400	198	212	197	200
AT5G17410	423	457	378	317
AT5G17420	100	103	103	81
AT5G17440	1115	1178	721	778
AT5G17450	230	212	135	134
AT5G17460	548	632	789	903
AT5G17490	105	124	111	85
AT5G17500	1	4	1	1
AT5G17510	845	879	633	611
AT5G17520	754	806	988	1006
AT5G17523	150	159	244	179
AT5G17530	873	959	685	761
AT5G17540	77	78	39	31
AT5G17550	601	641	454	488
AT5G17560	700	748	601	591
AT5G17570	104	107	42	79
AT5G17580	104	112	129	98
AT5G17590	0	2	1	0
AT5G17600	249	266	224	165
AT5G17610	594	596	298	352
AT5G17620	281	217	209	222
AT5G17630	564	618	564	413
AT5G17640	793	788	343	478
AT5G17650	296	327	119	100
AT5G17660	273	271	233	267
AT5G17670	296	299	708	697
AT5G17680	36	43	17	18
AT5G17690	622	732	518	465
AT5G17700	276	328	503	445
AT5G17710	1230	1265	1814	1816
AT5G17760	4823	5176	374	144
AT5G17770	2849	2989	2131	1544
AT5G17780	5	12	8	5
AT5G17790	359	366	414	375
AT5G17800	40	55	44	1
AT5G17810	4	3	5	0
AT5G17830	9	7	21	18
AT5G17840	430	422	399	362
AT5G17847	0	2	1	2
AT5G17850	491	460	157	127
AT5G17860	195	180	127	143
AT5G17870	1752	1915	2250	2278
AT5G17880	491	516	473	616
AT5G17890	979	971	755	816
AT5G17900	892	882	879	812
AT5G17910	1143	1238	1065	1227
AT5G17920	32198	33477	33615	28549
AT5G17930	539	546	485	337
AT5G17970	1	0	0	2
AT5G17980	360	334	161	112
AT5G17990	2841	2953	1207	1168
AT5G18000	1	2	7	2
AT5G18010	5	8	13	22
AT5G18020	13	14	47	62
AT5G18030	19	17	95	100
AT5G18040	710	732	233	185
AT5G18050	10	13	48	49
AT5G18060	24	10	60	95
AT5G18065	217	255	136	82
AT5G18070	200	238	132	158
AT5G18080	39	41	81	115
AT5G18090	2	2	4	0
AT5G18100	818	798	1077	1159
AT5G18110	2212	2222	945	969
AT5G18120	494	533	365	436
AT5G18130	1381	1531	2965	4571
AT5G18140	468	549	536	727
AT5G18150	352	451	159	193
AT5G18170	1666	1613	2399	3144
AT5G18180	29	41	10	10
AT5G18190	1577	1705	1339	1389
AT5G18200	388	480	334	343
AT5G18210	272	269	298	343
AT5G18220	63	42	15	19
AT5G18230	2602	2551	2322	2315
AT5G18240	366	370	406	462
AT5G18245	479	492	483	565
AT5G18250	404	389	177	154
AT5G18255	665	671	600	573
AT5G18260	510	506	521	451
AT5G18270	725	822	36	14
AT5G18280	1028	958	887	933
AT5G18290	86	64	66	83
AT5G18300	7	3	5	18
AT5G18310	3628	3698	1025	1038
AT5G18320	16	23	5	0
AT5G18330	0	0	1	0
AT5G18340	14	19	10	20
AT5G18350	49	42	2	0
AT5G18360	286	289	170	218
AT5G18362	80	74	44	40
AT5G18370	280	273	161	174
AT5G18380	8363	8795	6015	4241
AT5G18390	162	173	125	150
AT5G18400	1224	1387	527	484
AT5G18404	4	9	7	8
AT5G18407	0	1	1	1
AT5G18410	872	819	948	834
AT5G18420	622	663	334	374
AT5G18430	16	20	24	54
AT5G18440	430	467	453	324
AT5G18460	353	332	426	387
AT5G18470	4620	4640	440	414
AT5G18475	97	79	68	89
AT5G18480	1124	1163	670	671
AT5G18490	657	744	540	531
AT5G18500	1899	1831	2129	2410
AT5G18510	0	5	5	0
AT5G18520	1668	1795	1537	1633
AT5G18525	842	919	817	814
AT5G18540	265	312	266	271
AT5G18550	567	602	598	471
AT5G18560	0	2	1	0
AT5G18570	481	572	884	881
AT5G18580	965	1030	1043	956
AT5G18590	948	977	1403	1616
AT5G18600	365	349	390	568
AT5G18610	492	511	655	592
AT5G18620	931	936	1004	631
AT5G18630	892	1001	831	1283
AT5G18636	1	1	3	7
AT5G18640	880	902	982	1247
AT5G18650	983	956	919	1172
AT5G18660	786	878	1581	1607
AT5G18661	11	9	0	4
AT5G18670	254	188	439	465
AT5G18680	895	920	1171	1375
AT5G18690	298	294	207	167
AT5G18700	247	273	480	329
AT5G18710	5	7	14	3
AT5G18720	3	3	2	0
AT5G18730	36	32	29	25
AT5G18740	11	8	8	7
AT5G18750	343	379	253	214
AT5G18760	416	479	571	628
AT5G18770	235	240	173	141
AT5G18780	646	602	213	254
AT5G18790	213	218	141	115
AT5G18800	1822	2013	1123	988
AT5G18810	38	57	30	8
AT5G18820	222	262	237	167
AT5G18830	678	658	436	333
AT5G18840	27	28	61	35
AT5G18850	540	528	526	560
AT5G18860	595	623	305	393
AT5G18900	919	957	379	418
AT5G18920	114	101	45	54
AT5G18930	37	34	76	68
AT5G18940	452	435	334	333
AT5G18950	216	211	130	87
AT5G18960	307	331	426	377
AT5G18970	155	160	132	113
AT5G18980	435	472	289	311
AT5G19000	937	1057	690	736
AT5G19010	1191	1340	1179	1275
AT5G19020	161	181	91	62
AT5G19025	131	145	167	149
AT5G19030	222	212	147	156
AT5G19040	18	32	12	1
AT5G19050	310	354	239	243
AT5G19060	47	47	61	35
AT5G19070	489	532	233	273
AT5G19080	265	351	230	245
AT5G19090	1896	2099	1865	1086
AT5G19100	123	90	45	29
AT5G19110	733	753	83	22
AT5G19120	1330	1424	1859	2811
AT5G19130	653	677	505	475
AT5G19140	23349	24834	19211	30756
AT5G19150	23073	24535	18909	30134
AT5G19151	95	103	64	91
AT5G19160	113	156	130	97
AT5G19170	26	20	49	28
AT5G19180	1283	1326	845	720
AT5G19190	1810	1823	1648	3661
AT5G19200	271	262	158	174
AT5G19210	154	202	258	246
AT5G19220	2615	2835	5495	6356
AT5G19221	1554	1694	3472	4006
AT5G19230	1945	1958	356	281
AT5G19240	12928	14420	3280	3159
AT5G19250	7601	7951	7949	8435
AT5G19257	1	1	0	0
AT5G19260	463	506	265	159
AT5G19280	744	716	558	494
AT5G19290	1049	996	1032	754
AT5G19300	283	284	262	129
AT5G19310	345	414	328	356
AT5G19320	601	666	465	347
AT5G19330	1788	1817	1425	1452
AT5G19340	96	103	120	81
AT5G19350	1020	1056	875	762
AT5G19360	1	2	1	0
AT5G19370	1091	1149	1111	1059
AT5G19380	324	293	244	176
AT5G19390	1153	1124	1257	1280
AT5G19400	2446	2531	1750	1677
AT5G19410	12	12	1	2
AT5G19420	393	462	337	316
AT5G19430	584	539	405	505
AT5G19440	2828	2899	1345	807
AT5G19450	2365	2550	1373	1283
AT5G19460	634	679	471	513
AT5G19470	154	133	783	870
AT5G19480	412	411	310	284
AT5G19485	751	764	462	461
AT5G19490	101	113	22	20
AT5G19500	1181	1191	794	724
AT5G19510	7113	7528	5506	4229
AT5G19520	186	216	11	0
AT5G19530	569	594	909	915
AT5G19540	1564	1649	2225	2641
AT5G19550	7782	8046	1465	1092
AT5G19560	35	27	0	1
AT5G19570	251	236	254	221
AT5G19580	14	18	14	28
AT5G19590	4815	5068	2142	2247
AT5G19600	185	138	298	72
AT5G19620	640	655	850	777
AT5G19630	379	334	262	222
AT5G19650	30	38	23	21
AT5G19660	684	693	582	532
AT5G19670	252	262	244	260
AT5G19680	551	607	381	315
AT5G19690	3913	4098	2391	2254
AT5G19700	0	0	0	4
AT5G19720	0	1	1	0
AT5G19730	432	438	264	129
AT5G19740	146	130	284	351
AT5G19750	636	709	567	457
AT5G19760	3251	3424	3680	3874
AT5G19770	4939	5184	7243	8116
AT5G19780	4321	4542	6507	6440
AT5G19790	5	4	3	3
AT5G19800	0	0	0	2
AT5G19810	6	11	19	21
AT5G19820	2180	2243	2079	2041
AT5G19830	127	139	76	68
AT5G19840	270	332	243	247
AT5G19850	378	388	257	236
AT5G19855	1355	1325	1266	1516
AT5G19860	2154	2309	1146	1499
AT5G19870	2	2	3	4
AT5G19875	847	961	136	74
AT5G19880	45	52	0	0
AT5G19890	17	7	1	1
AT5G19900	1070	1131	741	697
AT5G19910	397	441	282	239
AT5G19920	199	250	153	114
AT5G19930	510	531	230	252
AT5G19940	4704	4920	8547	10831
AT5G19950	336	359	292	341
AT5G19960	413	451	279	229
AT5G19970	8	5	15	2
AT5G19980	1228	1378	603	658
AT5G19990	1691	1622	1396	1221
AT5G20000	1021	1078	521	526
AT5G20010	9767	10125	5684	5073
AT5G20020	4897	5166	2986	2085
AT5G20030	77	91	94	96
AT5G20040	251	264	365	326
AT5G20050	377	385	603	652
AT5G20060	460	577	632	539
AT5G20070	749	715	901	731
AT5G20080	1883	1958	1629	1355
AT5G20090	1214	1261	687	741
AT5G20110	222	270	142	188
AT5G20120	373	358	246	266
AT5G20130	418	449	499	520
AT5G20140	536	662	777	869
AT5G20150	129	165	172	193
AT5G20160	1692	1809	996	664
AT5G20165	617	673	358	341
AT5G20170	438	473	403	442
AT5G20180	762	835	413	328
AT5G20181	0	0	1	0
AT5G20190	3856	4042	3186	3319
AT5G20200	1111	1047	766	658
AT5G20220	312	330	275	268
AT5G20225	107	116	86	89
AT5G20230	18747	19145	1800	2309
AT5G20240	12	15	11	1
AT5G20250	3137	3292	8318	15998
AT5G20260	4	7	6	0
AT5G20270	671	735	525	673
AT5G20280	3355	3648	3409	3942
AT5G20290	17622	18109	14658	9828
AT5G20300	616	648	591	621
AT5G20320	718	698	493	391
AT5G20350	1834	1937	1283	1586
AT5G20360	347	352	236	219
AT5G20370	3	0	0	0
AT5G20380	543	530	609	620
AT5G20400	152	167	101	111
AT5G20410	114	116	223	397
AT5G20420	76	82	87	29
AT5G20440	1	0	0	0
AT5G20450	147	163	140	134
AT5G20480	379	360	221	263
AT5G20490	1973	1947	1420	1483
AT5G20500	3803	3895	1655	1561
AT5G20510	396	414	200	124
AT5G20520	1352	1340	573	653
AT5G20540	353	376	235	102
AT5G20550	30	31	7	2
AT5G20560	1	0	0	0
AT5G20570	1685	1815	815	781
AT5G20580	463	409	358	346
AT5G20590	609	668	634	576
AT5G20600	515	516	498	364
AT5G20610	848	862	597	631
AT5G20620	1683	1673	1269	1106
AT5G20630	980	1011	3985	3872
AT5G20635	50	71	69	40
AT5G20640	2	8	15	13
AT5G20650	1707	1973	1423	1362
AT5G20660	2071	2297	1561	1468
AT5G20670	34	30	36	34
AT5G20680	435	549	399	333
AT5G20690	1	0	0	0
AT5G20700	5188	5318	5726	4259
AT5G20710	14	14	44	24
AT5G20720	6197	6307	6904	6168
AT5G20730	1805	1959	1128	1179
AT5G20740	345	364	450	190
AT5G20790	8	17	7	4
AT5G20810	3	9	15	5
AT5G20820	48	57	58	36
AT5G20830	2914	3012	837	652
AT5G20840	1318	1360	1117	1299
AT5G20850	32	33	59	31
AT5G20860	17	20	2	0
AT5G20870	13	18	15	9
AT5G20885	280	314	328	285
AT5G20890	3006	3245	2773	2066
AT5G20900	4202	4364	2039	1980
AT5G20910	709	771	279	290
AT5G20920	1416	1579	1028	779
AT5G20930	375	362	288	255
AT5G20935	132	163	190	244
AT5G20940	132	172	34	27
AT5G20950	4230	4302	2569	2723
AT5G20960	496	490	330	174
AT5G20970	55	70	34	29
AT5G20980	321	378	285	286
AT5G20990	1731	1781	1051	1103
AT5G21010	473	442	294	289
AT5G21020	2126	2191	3400	5206
AT5G21030	3	6	4	5
AT5G21040	642	651	599	590
AT5G21050	0	10	6	2
AT5G21060	597	666	539	514
AT5G21070	576	625	393	385
AT5G21090	23908	24798	4253	4519
AT5G21100	671	780	1008	791
AT5G21105	3495	3714	1830	1512
AT5G21140	85	85	50	44
AT5G21150	17	24	34	1
AT5G21160	1661	1873	1938	1693
AT5G21170	883	1105	1209	2008
AT5G21222	551	588	914	789
AT5G21274	1906	2027	1128	1187
AT5G21280	17	11	22	29
AT5G21326	717	742	581	560
AT5G21430	668	730	1331	1510
AT5G21482	524	564	419	490
AT5G21900	212	172	66	75
AT5G21910	236	253	390	395
AT5G21920	641	709	1129	1202
AT5G21930	840	996	1488	2369
AT5G21940	772	858	1393	1474
AT5G21950	42	43	45	33
AT5G21960	1223	1370	176	46
AT5G21970	180	264	182	130
AT5G21990	1211	1316	851	1056
AT5G22000	3099	3355	1465	1519
AT5G22010	809	854	636	488
AT5G22020	616	613	454	381
AT5G22030	445	429	399	335
AT5G22040	506	541	417	350
AT5G22050	1055	1099	791	917
AT5G22060	3359	3450	1423	1174
AT5G22070	549	574	738	683
AT5G22080	1274	1362	886	969
AT5G22090	1020	1049	1242	1164
AT5G22100	423	389	221	188
AT5G22110	130	139	136	63
AT5G22120	503	559	420	397
AT5G22130	254	243	142	116
AT5G22140	49	60	63	27
AT5G22150	4	1	4	9
AT5G22190	2	0	0	0
AT5G22200	3	2	1	0
AT5G22210	499	450	291	310
AT5G22220	196	199	134	124
AT5G22240	15	23	8	3
AT5G22250	1982	1974	782	656
AT5G22270	298	266	528	635
AT5G22280	644	673	398	429
AT5G22290	625	692	370	331
AT5G22300	117	132	492	447
AT5G22310	39	45	233	288
AT5G22315	4	3	0	2
AT5G22320	710	766	434	308
AT5G22330	747	756	437	309
AT5G22340	386	479	837	856
AT5G22350	896	917	516	567
AT5G22355	1	0	0	0
AT5G22360	842	850	533	627
AT5G22370	380	404	282	224
AT5G22380	1824	1887	57	35
AT5G22390	310	289	507	459
AT5G22400	350	356	309	303
AT5G22430	0	3	9	0
AT5G22440	1897	1826	1456	906
AT5G22450	2341	2433	1313	1472
AT5G22460	428	470	459	260
AT5G22480	570	564	376	310
AT5G22490	3	1	8	11
AT5G22500	382	388	213	275
AT5G22510	1412	1437	1153	1382
AT5G22520	1219	1215	27	30
AT5G22530	630	674	4	6
AT5G22540	645	625	14	19
AT5G22545	1116	1149	47	21
AT5G22550	52	63	0	0
AT5G22555	0	3	0	0
AT5G22560	38	58	0	0
AT5G22570	1371	1379	75	69
AT5G22580	2373	2257	4069	3806
AT5G22608	110	163	131	135
AT5G22620	803	914	1066	1143
AT5G22630	4083	4361	670	496
AT5G22640	1873	1804	3279	2851
AT5G22650	5724	5790	4262	2439
AT5G22660	0	1	0	0
AT5G22680	0	7	0	0
AT5G22690	731	802	257	398
AT5G22700	425	479	395	412
AT5G22720	163	176	175	223
AT5G22730	166	158	162	157
AT5G22740	1575	1663	1503	730
AT5G22750	166	162	196	98
AT5G22760	1050	1100	892	953
AT5G22770	1409	1494	1314	1407
AT5G22780	1856	2062	1713	1872
AT5G22788	11	7	12	3
AT5G22790	351	338	296	196
AT5G22794	45	53	84	57
AT5G22800	907	1023	1924	2158
AT5G22810	16	11	9	4
AT5G22820	204	201	129	126
AT5G22830	892	1014	1183	1398
AT5G22840	406	448	333	278
AT5G22850	709	707	441	519
AT5G22860	856	886	441	544
AT5G22870	9	12	2	8
AT5G22875	926	909	526	586
AT5G22880	1402	1470	1991	1165
AT5G22890	1	0	0	0
AT5G22920	871	849	2063	3130
AT5G22930	104	81	100	48
AT5G22940	229	229	165	255
AT5G22950	1064	1088	619	591
AT5G22960	1	0	1	0
AT5G22980	0	1	0	1
AT5G22990	2	0	0	0
AT5G23000	39	42	16	2
AT5G23010	5959	6184	10324	6657
AT5G23020	264	253	488	518
AT5G23035	0	1	0	0
AT5G23040	2211	2471	2377	2629
AT5G23050	285	286	305	367
AT5G23060	2375	2578	5492	6190
AT5G23070	375	357	448	350
AT5G23080	576	571	463	442
AT5G23090	634	601	300	323
AT5G23100	145	195	213	122
AT5G23110	1309	1431	987	1047
AT5G23120	1813	2031	5023	5982
AT5G23130	363	332	173	250
AT5G23140	661	710	512	465
AT5G23150	1159	1184	894	853
AT5G23155	46	50	36	19
AT5G23160	84	90	4	1
AT5G23170	26	33	53	25
AT5G23190	21	36	6	0
AT5G23200	273	284	222	199
AT5G23210	1293	1459	1628	3003
AT5G23212	3	1	0	0
AT5G23220	5	3	0	0
AT5G23230	63	95	115	96
AT5G23240	2122	2220	3708	4758
AT5G23250	742	767	586	417
AT5G23260	1	0	0	1
AT5G23270	7	5	14	18
AT5G23280	929	902	1160	1306
AT5G23290	695	687	420	381
AT5G23300	396	382	332	188
AT5G23310	665	800	696	530
AT5G23320	109	108	72	56
AT5G23330	393	396	275	232
AT5G23340	255	270	185	234
AT5G23350	56	51	41	37
AT5G23360	53	55	53	53
AT5G23370	10	7	17	13
AT5G23380	354	369	202	182
AT5G23390	711	695	574	578
AT5G23395	370	422	283	246
AT5G23400	215	243	236	126
AT5G23405	440	512	309	243
AT5G23410	258	262	202	205
AT5G23411	3	2	3	3
AT5G23420	474	598	740	397
AT5G23430	355	362	390	258
AT5G23440	531	534	604	707
AT5G23450	1922	1975	1703	1955
AT5G23460	192	190	126	166
AT5G23470	1	0	0	0
AT5G23480	30	36	38	34
AT5G23490	575	621	293	312
AT5G23510	1492	1474	845	1072
AT5G23520	512	540	304	334
AT5G23530	257	322	100	48
AT5G23535	540	515	424	246
AT5G23540	3266	3592	1545	1325
AT5G23550	338	344	243	247
AT5G23570	742	808	584	521
AT5G23575	2653	2787	1829	2003
AT5G23580	617	692	315	245
AT5G23590	453	515	379	369
AT5G23600	40	42	16	19
AT5G23610	905	947	767	652
AT5G23630	2177	2319	1311	1425
AT5G23660	768	817	388	673
AT5G23670	805	903	1028	1009
AT5G23680	245	264	250	240
AT5G23690	216	222	192	131
AT5G23700	4	2	0	6
AT5G23710	412	371	230	204
AT5G23720	337	370	356	297
AT5G23730	59	52	42	56
AT5G23740	3494	3712	2650	1787
AT5G23750	207	235	440	815
AT5G23760	676	711	503	429
AT5G23770	51	48	58	52
AT5G23780	36	28	30	11
AT5G23800	81	80	96	59
AT5G23810	358	328	230	113
AT5G23820	4084	4246	1265	866
AT5G23830	14	12	4	0
AT5G23850	1611	1632	451	462
AT5G23860	996	1080	1617	1731
AT5G23870	345	437	579	746
AT5G23880	546	601	417	334
AT5G23890	1838	2079	1886	1579
AT5G23900	2401	2537	1779	1437
AT5G23908	0	1	1	0
AT5G23910	175	229	234	83
AT5G23920	583	552	530	512
AT5G23930	40	38	29	10
AT5G23940	1594	1693	1102	527
AT5G23950	46	27	22	22
AT5G23970	1	3	0	0
AT5G23980	51	64	157	321
AT5G23990	1	0	0	1
AT5G24000	83	82	146	150
AT5G24010	680	732	279	293
AT5G24020	578	629	552	471
AT5G24030	2224	2353	684	1129
AT5G24040	1	1	0	0
AT5G24060	742	775	930	903
AT5G24070	0	1	0	1
AT5G24080	30	52	8	6
AT5G24090	84	68	7	4
AT5G24105	29	23	75	86
AT5G24110	216	217	13	3
AT5G24120	220	233	244	308
AT5G24140	5	3	0	0
AT5G24150	492	496	556	506
AT5G24155	117	136	160	194
AT5G24160	1378	1473	605	840
AT5G24165	2008	2113	1545	1715
AT5G24170	169	158	127	131
AT5G24180	0	2	0	0
AT5G24190	1	1	0	0
AT5G24200	2655	2683	18	27
AT5G24205	153	124	43	19
AT5G24206	20	24	10	6
AT5G24210	3531	3723	1560	2581
AT5G24230	20	15	6	4
AT5G24240	16	15	11	4
AT5G24260	527	502	506	528
AT5G24270	23	23	84	140
AT5G24280	386	359	176	44
AT5G24290	335	349	38	40
AT5G24300	2116	2143	3241	3344
AT5G24310	238	245	196	132
AT5G24314	1178	1235	1643	1847
AT5G24316	2	2	0	0
AT5G24318	73	73	88	75
AT5G24320	340	367	340	361
AT5G24330	30	15	30	15
AT5G24340	263	258	238	227
AT5G24350	779	858	804	857
AT5G24352	95	121	38	56
AT5G24355	6	4	8	8
AT5G24360	523	553	462	509
AT5G24380	123	133	77	70
AT5G24390	104	91	70	17
AT5G24400	868	909	630	550
AT5G24420	5608	5784	399	264
AT5G24430	1104	1159	434	501
AT5G24450	1084	1033	829	960
AT5G24460	885	969	844	903
AT5G24470	872	917	1936	1882
AT5G24490	2980	3143	7127	10256
AT5G24500	636	666	558	565
AT5G24510	14	24	1	6
AT5G24520	1200	1220	987	1093
AT5G24530	8158	8286	370	384
AT5G24540	372	378	1	0
AT5G24550	4	6	0	0
AT5G24570	174	159	185	268
AT5G24580	109	113	300	240
AT5G24590	3322	3523	923	611
AT5G24600	73	89	5	3
AT5G24610	1041	1087	764	793
AT5G24620	3180	3282	2566	2605
AT5G24630	295	300	158	124
AT5G24640	8	6	1	1
AT5G24650	777	808	724	665
AT5G24655	121	109	55	57
AT5G24660	645	659	338	295
AT5G24670	2542	2648	1933	1978
AT5G24680	217	218	137	137
AT5G24690	2699	2817	2756	2892
AT5G24710	1805	1895	1672	1729
AT5G24735	1443	1428	911	1220
AT5G24740	1386	1503	1013	990
AT5G24750	220	182	192	149
AT5G24760	455	455	193	137
AT5G24770	28708	29988	4942	3838
AT5G24780	12715	13620	602	433
AT5G24800	903	893	407	456
AT5G24810	3383	3598	1483	1807
AT5G24820	2	0	0	0
AT5G24830	218	224	218	177
AT5G24840	337	364	271	167
AT5G24850	101	103	98	78
AT5G24860	1	4	2	0
AT5G24870	391	358	141	151
AT5G24880	0	0	2	0
AT5G24890	1015	1062	1250	1358
AT5G24900	6	4	11	1
AT5G24910	5	11	1	3
AT5G24920	44	61	65	35
AT5G24930	4853	5028	7285	7526
AT5G24960	0	2	1	0
AT5G24970	180	218	154	148
AT5G24980	332	366	155	164
AT5G24990	118	149	192	120
AT5G25000	0	1	0	0
AT5G25010	35	32	37	37
AT5G25020	5	6	9	5
AT5G25040	473	469	431	477
AT5G25050	147	205	191	215
AT5G25060	1392	1483	1324	1162
AT5G25070	453	446	570	595
AT5G25080	507	526	313	325
AT5G25090	218	254	221	64
AT5G25100	2887	3083	2698	2614
AT5G25110	94	122	197	225
AT5G25120	499	488	270	299
AT5G25130	223	251	140	145
AT5G25140	526	475	159	224
AT5G25150	480	488	410	427
AT5G25160	96	114	75	5
AT5G25170	331	339	178	135
AT5G25180	5	10	6	0
AT5G25190	392	453	209	256
AT5G25200	0	1	1	0
AT5G25210	254	244	334	395
AT5G25220	1326	1395	1336	1320
AT5G25230	31	31	18	36
AT5G25240	151	173	161	388
AT5G25250	3697	3889	781	964
AT5G25260	753	746	12	22
AT5G25265	3001	2983	1835	2440
AT5G25270	2255	2453	1607	1778
AT5G25280	2676	2817	4070	6730
AT5G25310	2	1	4	1
AT5G25320	0	1	3	0
AT5G25340	139	160	171	211
AT5G25350	1091	1248	2107	2420
AT5G25360	634	656	552	570
AT5G25370	15	6	6	11
AT5G25380	16	30	17	6
AT5G25390	59	46	119	91
AT5G25440	2794	2848	513	690
AT5G25450	174	184	10	16
AT5G25460	2096	2217	3664	5153
AT5G25470	103	91	6	7
AT5G25475	210	274	245	148
AT5G25480	185	148	113	94
AT5G25490	88	68	85	73
AT5G25500	76	78	63	47
AT5G25510	639	666	627	508
AT5G25520	1177	1172	922	1019
AT5G25530	2	2	0	0
AT5G25540	1733	1756	914	848
AT5G25550	0	0	1	0
AT5G25560	4725	4917	2842	3299
AT5G25570	100	98	72	44
AT5G25580	133	117	146	71
AT5G25590	247	310	416	182
AT5G25600	0	0	1	0
AT5G25610	12679	13076	12434	14994
AT5G25620	83	86	74	89
AT5G25630	1641	1745	2290	2252
AT5G25640	19	26	5	1
AT5G25750	23	27	7	7
AT5G25752	457	474	459	521
AT5G25754	1843	1936	1311	1167
AT5G25757	1841	1860	1547	1077
AT5G25760	807	965	525	596
AT5G25770	813	850	291	310
AT5G25780	766	820	753	498
AT5G25790	116	117	98	81
AT5G25800	283	292	187	157
AT5G25810	13	9	39	43
AT5G25820	215	244	61	53
AT5G25830	23	42	56	49
AT5G25840	30	47	80	123
AT5G25880	37	33	36	26
AT5G25890	475	467	329	141
AT5G25900	646	689	790	864
AT5G25910	459	508	31	34
AT5G25920	27	20	2	0
AT5G25930	1979	2069	428	467
AT5G25940	838	946	412	375
AT5G25960	0	1	1	0
AT5G25970	14	16	23	1
AT5G25980	25477	26407	48339	62946
AT5G25990	26	22	59	51
AT5G26000	27461	28912	49732	64239
AT5G26010	19	16	49	80
AT5G26030	4294	4315	1408	1027
AT5G26038	5	1	0	1
AT5G26040	317	370	229	361
AT5G26090	0	1	1	0
AT5G26110	454	476	293	266
AT5G26160	130	141	170	110
AT5G26170	1372	1322	84	52
AT5G26180	803	906	384	303
AT5G26190	4	1	1	1
AT5G26200	268	257	44	53
AT5G26210	574	593	535	492
AT5G26220	237	243	171	99
AT5G26230	160	198	416	332
AT5G26240	1132	1272	924	1026
AT5G26250	0	1	1	3
AT5G26260	29	26	5	6
AT5G26270	16	21	5	7
AT5G26280	17	19	6	3
AT5G26290	5	7	0	0
AT5G26310	0	3	0	0
AT5G26330	77	91	70	73
AT5G26340	4776	4738	1870	2331
AT5G26360	2476	2689	2663	2207
AT5G26570	2243	2261	4652	5268
AT5G26600	968	1054	606	450
AT5G26610	1093	1178	758	826
AT5G26617	1	0	0	0
AT5G26620	0	1	1	1
AT5G26622	465	527	699	837
AT5G26630	26	20	10	19
AT5G26660	25	26	28	21
AT5G26667	1940	1990	1371	1108
AT5G26670	246	236	354	232
AT5G26673	1	0	0	0
AT5G26680	296	257	257	141
AT5G26690	1257	1478	39	38
AT5G26700	52	52	10	15
AT5G26710	1566	1695	1246	876
AT5G26720	87	91	55	74
AT5G26730	7	4	6	4
AT5G26731	207	216	23	20
AT5G26740	854	882	587	855
AT5G26742	6632	7167	10846	10540
AT5G26749	99	123	55	56
AT5G26751	2721	2891	1830	1904
AT5G26760	633	702	508	497
AT5G26770	1364	1306	381	496
AT5G26780	1294	1329	989	817
AT5G26790	31	25	38	18
AT5G26800	325	402	283	219
AT5G26820	804	793	1190	1211
AT5G26830	2077	2165	1535	1249
AT5G26850	856	883	1186	707
AT5G26860	1062	1103	763	458
AT5G26880	1277	1342	1237	1218
AT5G26900	0	2	0	0
AT5G26910	800	918	766	923
AT5G26920	4466	4643	692	542
AT5G26930	1	1	0	0
AT5G26940	413	396	316	286
AT5G26950	2	1	1	0
AT5G26960	232	290	503	478
AT5G26980	477	451	361	312
AT5G26990	552	521	316	293
AT5G27000	55	49	36	31
AT5G27010	1	0	0	0
AT5G27020	15	14	7	3
AT5G27030	913	966	613	553
AT5G27050	1	1	0	1
AT5G27060	889	871	19	23
AT5G27070	0	2	1	0
AT5G27100	177	204	113	132
AT5G27110	56	42	45	39
AT5G27120	1556	1766	1726	819
AT5G27130	0	0	2	0
AT5G27150	1416	1531	1019	1050
AT5G27200	0	0	1	0
AT5G27210	73	90	51	52
AT5G27220	17	9	22	17
AT5G27230	16	23	26	26
AT5G27240	171	193	170	147
AT5G27247	15	10	4	5
AT5G27270	453	536	509	571
AT5G27280	1251	1256	1349	1828
AT5G27290	161	135	415	503
AT5G27300	231	239	416	348
AT5G27320	269	286	305	325
AT5G27330	464	452	635	242
AT5G27350	1455	1597	527	719
AT5G27360	129	149	200	206
AT5G27370	1	0	0	1
AT5G27380	3730	3805	3389	3532
AT5G27390	334	392	614	625
AT5G27395	573	560	405	270
AT5G27400	338	298	371	320
AT5G27410	952	916	840	784
AT5G27420	1663	1801	1014	898
AT5G27430	1491	1540	569	531
AT5G27440	19	30	20	12
AT5G27450	186	238	214	243
AT5G27460	315	284	286	305
AT5G27470	1545	1578	1249	1015
AT5G27490	238	242	133	134
AT5G27510	1	0	0	0
AT5G27520	1250	1321	441	421
AT5G27540	1750	1775	1106	961
AT5G27550	196	216	218	148
AT5G27560	879	1004	941	1079
AT5G27600	1024	975	539	527
AT5G27610	231	206	115	80
AT5G27620	307	338	244	152
AT5G27630	146	139	126	69
AT5G27640	2574	2480	2440	2095
AT5G27650	579	633	541	527
AT5G27660	2859	2859	597	578
AT5G27670	638	596	621	467
AT5G27680	109	97	117	64
AT5G27690	170	150	181	165
AT5G27700	2858	2946	1757	1245
AT5G27710	366	365	276	295
AT5G27720	1640	1715	1018	1000
AT5G27730	563	559	627	689
AT5G27740	599	610	548	430
AT5G27750	190	195	110	77
AT5G27760	1120	1199	481	453
AT5G27770	2918	2987	2263	1567
AT5G27780	3	3	10	14
AT5G27807	0	0	0	1
AT5G27810	1	0	3	3
AT5G27820	495	517	409	304
AT5G27830	1229	1244	431	535
AT5G27840	719	757	559	577
AT5G27850	7635	8009	5376	3520
AT5G27860	2186	2361	1788	1991
AT5G27889	8	7	16	11
AT5G27890	78	67	112	115
AT5G27910	6	4	10	2
AT5G27920	325	371	236	213
AT5G27930	1514	1632	1363	1205
AT5G27940	46	24	6	5
AT5G27950	3327	3366	1591	1945
AT5G27970	1076	1190	1148	1105
AT5G27980	2	3	3	2
AT5G27990	803	836	576	410
AT5G28000	0	1	0	0
AT5G28010	89	77	29	32
AT5G28020	604	608	1016	1507
AT5G28030	91	78	105	115
AT5G28040	638	723	595	620
AT5G28050	1381	1429	825	854
AT5G28060	5445	5660	4040	2835
AT5G28080	8	7	2	0
AT5G28150	279	255	233	218
AT5G28180	2	0	0	0
AT5G28220	375	409	235	262
AT5G28235	11	10	1	0
AT5G28237	213	231	34	45
AT5G28262	50	38	27	21
AT5G28290	423	480	549	413
AT5G28300	751	830	1327	1473
AT5G28310	12	10	16	13
AT5G28320	321	345	343	393
AT5G28340	70	111	121	60
AT5G28350	844	941	678	728
AT5G28370	174	179	131	111
AT5G28380	70	70	33	55
AT5G28390	178	206	172	220
AT5G28400	316	299	402	386
AT5G28410	0	2	1	0
AT5G28420	1	2	12	2
AT5G28442	83	92	76	57
AT5G28450	27	22	27	37
AT5G28460	162	227	159	128
AT5G28490	1384	1367	1036	234
AT5G28491	3	1	0	0
AT5G28500	2716	2909	5235	5276
AT5G28530	174	197	150	154
AT5G28540	27521	28822	6872	5140
AT5G28610	12	13	15	19
AT5G28630	308	356	421	460
AT5G28640	545	565	548	60
AT5G28642	1	0	0	0
AT5G28646	13	10	19	7
AT5G28650	13	18	31	4
AT5G28740	1125	1169	1095	859
AT5G28750	1326	1375	1863	1960
AT5G28770	530	493	874	1244
AT5G28810	1	0	0	0
AT5G28830	831	952	314	358
AT5G28840	2463	2547	2809	2961
AT5G28850	702	704	553	606
AT5G28900	756	747	632	613
AT5G28910	30	43	70	49
AT5G28919	1765	1755	1143	964
AT5G28920	1790	1777	1150	964
AT5G29000	593	577	370	389
AT5G29560	0	2	1	1
AT5G30490	630	595	357	313
AT5G30495	430	428	318	290
AT5G30510	4630	4912	7606	8682
AT5G32440	2013	2008	1500	1708
AT5G32450	1107	1171	1644	2201
AT5G32460	0	1	0	0
AT5G32470	459	446	364	395
AT5G33280	460	513	594	643
AT5G33290	1399	1449	595	708
AT5G33300	159	158	96	39
AT5G33320	2293	2403	2071	1712
AT5G33330	5	3	1	0
AT5G33340	0	1	0	0
AT5G33355	2	3	0	0
AT5G33370	459	478	312	186
AT5G33390	0	1	0	0
AT5G33399	2	4	1	1
AT5G34830	10	9	7	4
AT5G34850	3090	3285	3024	3440
AT5G34930	246	238	213	182
AT5G34940	125	121	189	67
AT5G35080	1296	1355	498	477
AT5G35100	1061	1151	1487	1581
AT5G35110	4	3	4	1
AT5G35120	1	0	0	1
AT5G35160	1498	1453	1189	1111
AT5G35170	2679	2856	4913	6179
AT5G35180	1733	1838	1807	1781
AT5G35200	2095	2240	1306	1378
AT5G35210	2438	2687	2159	2272
AT5G35220	593	586	997	939
AT5G35320	402	357	247	240
AT5G35330	821	852	534	536
AT5G35360	2281	2390	3627	3401
AT5G35370	163	161	171	230
AT5G35375	1	5	0	5
AT5G35380	0	0	0	1
AT5G35400	118	169	99	109
AT5G35407	3	1	2	4
AT5G35410	290	284	174	162
AT5G35430	751	803	483	446
AT5G35450	333	383	320	281
AT5G35460	1508	1638	816	968
AT5G35480	587	577	533	723
AT5G35490	351	374	332	436
AT5G35510	6	4	0	3
AT5G35520	217	224	144	124
AT5G35525	0	1	6	15
AT5G35530	5793	6009	3872	2877
AT5G35550	0	0	2	2
AT5G35560	1221	1347	927	1017
AT5G35570	860	875	568	647
AT5G35580	250	249	20	22
AT5G35590	3619	3805	2027	1656
AT5G35605	2	5	6	5
AT5G35620	1424	1483	1055	896
AT5G35630	14048	14591	21042	23138
AT5G35640	0	1	0	0
AT5G35670	268	245	207	192
AT5G35680	2342	2542	1124	960
AT5G35690	1369	1412	959	1122
AT5G35700	640	604	386	355
AT5G35730	889	919	537	463
AT5G35732	37	43	64	80
AT5G35735	13157	13511	3303	2737
AT5G35740	121	112	177	169
AT5G35750	741	809	976	1297
AT5G35753	241	249	230	215
AT5G35760	9	5	15	10
AT5G35770	2	2	3	0
AT5G35790	1466	1513	2605	3044
AT5G35840	642	654	643	716
AT5G35870	0	2	1	0
AT5G35900	0	1	0	1
AT5G35910	1274	1429	928	714
AT5G35917	0	3	0	0
AT5G35920	33	37	0	0
AT5G35926	94	70	59	92
AT5G35930	307	319	307	264
AT5G35940	21	23	7	3
AT5G35945	0	0	2	2
AT5G35950	0	1	0	0
AT5G35960	9	6	11	1
AT5G35970	1767	1972	3045	4166
AT5G35980	2275	2360	1969	2086
AT5G35995	401	392	269	261
AT5G36000	196	219	65	103
AT5G36001	223	230	160	188
AT5G36002	179	189	133	164
AT5G36110	3	3	0	0
AT5G36120	529	529	675	802
AT5G36160	1384	1381	1315	1259
AT5G36170	909	1051	1828	1899
AT5G36180	1	0	1	3
AT5G36210	1280	1421	1303	1170
AT5G36220	1745	1911	693	583
AT5G36230	3194	3267	2695	2531
AT5G36240	1	4	0	0
AT5G36250	850	843	691	844
AT5G36260	12	6	7	3
AT5G36280	0	0	2	0
AT5G36290	1503	1700	990	1036
AT5G36670	64	65	94	49
AT5G36700	2717	1071	2249	1925
AT5G36710	150	137	141	47
AT5G36740	97	71	77	69
AT5G36770	1	0	0	0
AT5G36790	2264	4158	4660	5697
AT5G36800	168	165	177	67
AT5G36870	1	0	3	1
AT5G36880	3564	3803	2242	2071
AT5G36890	526	543	541	517
AT5G36910	192	166	52	34
AT5G36920	171	178	55	40
AT5G36925	954	962	82	71
AT5G36930	990	1053	629	796
AT5G36940	307	311	403	511
AT5G36950	309	272	361	257
AT5G36960	18	10	21	0
AT5G36970	24	25	6	0
AT5G37000	98	113	134	97
AT5G37010	198	192	204	96
AT5G37020	1336	1296	1054	589
AT5G37050	5	5	2	2
AT5G37055	170	180	122	118
AT5G37070	846	887	346	467
AT5G37130	1148	1192	884	754
AT5G37180	26	40	33	30
AT5G37190	467	491	388	333
AT5G37210	0	0	1	0
AT5G37240	15	8	9	5
AT5G37250	0	1	0	0
AT5G37260	15	18	31	8
AT5G37290	171	210	147	108
AT5G37300	13	8	27	24
AT5G37310	1022	1096	635	522
AT5G37320	1	0	0	0
AT5G37340	127	135	141	151
AT5G37350	1014	1000	660	541
AT5G37360	1690	1812	2284	2737
AT5G37370	2167	2282	1326	1325
AT5G37380	460	447	383	361
AT5G37400	69	58	41	31
AT5G37410	59	44	62	61
AT5G37415	0	1	0	0
AT5G37420	3	3	3	1
AT5G37430	0	0	0	2
AT5G37440	126	85	45	43
AT5G37450	2	0	0	3
AT5G37460	1	0	0	0
AT5G37474	1	1	0	0
AT5G37475	583	613	448	344
AT5G37478	7	12	1	4
AT5G37480	489	491	259	285
AT5G37485	2	1	5	3
AT5G37490	22	27	2	2
AT5G37500	423	498	296	123
AT5G37510	2784	2831	2436	2175
AT5G37530	224	187	153	90
AT5G37540	1995	2042	276	293
AT5G37550	35	40	5	8
AT5G37570	72	72	65	27
AT5G37590	237	236	234	190
AT5G37600	15466	15999	4479	5653
AT5G37610	0	1	1	0
AT5G37630	206	213	260	171
AT5G37640	1	0	0	0
AT5G37660	165	175	73	67
AT5G37670	44	41	24	44
AT5G37680	303	357	198	147
AT5G37690	90	110	21	4
AT5G37710	462	542	249	458
AT5G37720	1264	1230	761	684
AT5G37730	0	1	1	0
AT5G37740	799	845	231	320
AT5G37750	46	41	16	12
AT5G37760	14	12	1	0
AT5G37770	4778	4908	1984	1611
AT5G37780	6762	7051	3741	3428
AT5G37790	123	145	260	203
AT5G37800	0	0	0	2
AT5G37820	0	1	1	0
AT5G37830	1500	1507	1390	1280
AT5G37840	8	7	3	0
AT5G37850	1141	1171	888	920
AT5G37890	235	284	184	160
AT5G37930	554	537	447	481
AT5G37940	2	1	31	23
AT5G37950	2	1	52	26
AT5G37960	0	0	2	2
AT5G37980	7	14	14	19
AT5G37990	0	3	18	8
AT5G38000	28	27	27	21
AT5G38005	40	31	37	58
AT5G38010	74	61	66	49
AT5G38020	37	38	6	4
AT5G38030	13	28	5	2
AT5G38040	62	68	47	44
AT5G38050	142	151	128	108
AT5G38060	96	134	149	156
AT5G38070	29	33	30	34
AT5G38080	1	0	0	0
AT5G38100	1	10	3	4
AT5G38110	174	176	143	118
AT5G38120	261	259	167	72
AT5G38130	29	25	2	0
AT5G38140	313	284	379	475
AT5G38150	372	401	873	802
AT5G38200	33	22	36	10
AT5G38210	2536	2729	592	765
AT5G38212	1881	1963	422	549
AT5G38220	356	382	328	342
AT5G38240	380	345	59	86
AT5G38250	304	264	1	1
AT5G38260	2	2	0	0
AT5G38280	676	728	104	34
AT5G38290	428	500	416	488
AT5G38300	68	79	72	31
AT5G38310	124	102	13	18
AT5G38320	11	14	11	1
AT5G38340	179	174	51	49
AT5G38344	21	19	0	0
AT5G38350	61	65	4	1
AT5G38360	371	392	333	329
AT5G38380	575	579	300	302
AT5G38386	2	0	0	0
AT5G38396	1	0	2	0
AT5G38410	31860	32764	86495	104218
AT5G38420	12123	12556	39362	45785
AT5G38430	15246	15581	24399	25070
AT5G38450	1	0	1	0
AT5G38460	341	355	249	225
AT5G38470	4243	4478	2087	2004
AT5G38480	3993	4210	2975	2709
AT5G38490	0	1	0	0
AT5G38510	497	482	783	863
AT5G38520	830	798	1891	2044
AT5G38530	553	617	461	384
AT5G38540	0	0	2	0
AT5G38550	0	1	38	12
AT5G38560	948	1037	881	895
AT5G38565	123	125	48	53
AT5G38590	103	122	99	133
AT5G38600	402	417	406	422
AT5G38610	18	20	21	18
AT5G38630	997	1021	466	399
AT5G38640	713	695	521	449
AT5G38650	2199	2264	899	876
AT5G38660	3885	3972	3044	3293
AT5G38680	2	1	0	0
AT5G38690	248	260	291	187
AT5G38700	68	65	20	4
AT5G38710	677	696	147	144
AT5G38720	549	542	412	238
AT5G38730	71	70	42	40
AT5G38740	0	0	0	1
AT5G38750	4	5	6	5
AT5G38760	1	1	0	0
AT5G38770	6	4	0	0
AT5G38780	28	21	11	11
AT5G38790	1	0	0	0
AT5G38800	1	0	0	0
AT5G38820	0	1	2	0
AT5G38830	1167	1161	732	675
AT5G38840	752	757	577	528
AT5G38850	297	338	303	371
AT5G38860	195	193	164	179
AT5G38880	639	715	745	754
AT5G38890	318	312	138	93
AT5G38895	288	328	142	150
AT5G38900	954	1001	29	12
AT5G38910	20	31	0	0
AT5G38930	60	41	73	3
AT5G38940	217	217	313	13
AT5G38970	3	3	36	44
AT5G38980	5927	6227	3269	3176
AT5G38990	2192	2163	1599	2033
AT5G39000	19	14	20	22
AT5G39010	1	1	1	3
AT5G39020	736	753	379	544
AT5G39024	0	2	1	0
AT5G39030	532	507	329	397
AT5G39040	1433	1581	640	600
AT5G39050	1286	1400	552	557
AT5G39080	286	352	791	954
AT5G39090	125	112	48	57
AT5G39100	17	19	0	3
AT5G39110	12	17	1	0
AT5G39120	61	70	0	0
AT5G39130	58	58	1	2
AT5G39140	1	0	0	0
AT5G39150	15	15	0	0
AT5G39160	214	217	8	10
AT5G39170	0	1	0	0
AT5G39180	14	18	0	0
AT5G39190	351	357	14	26
AT5G39200	1	0	0	0
AT5G39210	231	246	535	569
AT5G39220	58	68	50	16
AT5G39230	0	1	1	0
AT5G39240	28	28	57	13
AT5G39250	148	140	73	79
AT5G39260	24	33	7	11
AT5G39290	0	1	0	0
AT5G39320	485	442	793	676
AT5G39330	7	7	5	0
AT5G39340	563	611	369	454
AT5G39350	114	144	133	91
AT5G39360	452	473	339	350
AT5G39370	5	2	1	1
AT5G39380	185	204	115	75
AT5G39390	3	5	0	0
AT5G39400	0	0	0	1
AT5G39410	718	685	793	772
AT5G39420	11	17	23	16
AT5G39450	271	271	172	205
AT5G39460	0	2	0	0
AT5G39471	16	12	9	0
AT5G39480	1	0	0	0
AT5G39493	3	5	0	0
AT5G39500	964	1011	807	746
AT5G39510	3132	3286	1462	1476
AT5G39520	291	301	36	47
AT5G39530	796	846	1581	2065
AT5G39550	157	153	228	145
AT5G39570	12097	12796	13700	13263
AT5G39580	131	126	11	14
AT5G39590	2373	2532	1424	1616
AT5G39600	612	642	384	366
AT5G39610	83	114	207	239
AT5G39660	124	129	56	54
AT5G39670	3554	3762	103	81
AT5G39680	76	65	27	16
AT5G39710	248	234	245	178
AT5G39720	174	197	0	0
AT5G39730	2077	2172	1028	774
AT5G39740	12220	12455	10296	6746
AT5G39750	1	0	0	1
AT5G39760	360	385	559	423
AT5G39785	559	592	98	66
AT5G39790	437	486	436	383
AT5G39800	332	377	263	206
AT5G39820	2	0	0	1
AT5G39830	887	814	1332	1515
AT5G39840	258	285	182	113
AT5G39850	767	800	349	222
AT5G39860	15	24	93	143
AT5G39865	43	56	34	32
AT5G39890	330	345	64	9
AT5G39900	192	168	102	111
AT5G39920	5	9	0	0
AT5G39940	326	365	327	269
AT5G39950	3461	3648	1259	1201
AT5G39960	307	317	251	218
AT5G39970	13	15	28	13
AT5G39980	106	125	168	149
AT5G39990	623	615	368	323
AT5G40000	1208	1337	6	3
AT5G40010	423	474	2	3
AT5G40020	8	11	11	7
AT5G40030	43	54	33	9
AT5G40040	13	8	4	1
AT5G40050	0	1	0	0
AT5G40060	356	333	330	305
AT5G40080	219	242	212	153
AT5G40090	46	44	17	22
AT5G40100	44	41	28	37
AT5G40140	245	237	208	164
AT5G40150	305	306	393	293
AT5G40155	2	1	0	0
AT5G40160	532	625	612	631
AT5G40170	3414	3577	1578	2204
AT5G40180	13	13	12	13
AT5G40190	487	558	406	468
AT5G40200	815	773	625	512
AT5G40210	45	49	11	4
AT5G40230	177	216	41	44
AT5G40240	966	1080	513	577
AT5G40250	526	570	364	361
AT5G40260	5	0	0	0
AT5G40270	204	193	171	118
AT5G40280	455	455	321	262
AT5G40300	578	592	319	235
AT5G40316	0	0	1	0
AT5G40330	117	124	126	132
AT5G40340	2148	2379	1792	2129
AT5G40348	94	89	3	4
AT5G40350	34	39	0	1
AT5G40370	5200	5392	2882	2743
AT5G40380	619	689	448	772
AT5G40382	11	11	15	15
AT5G40390	373	448	352	377
AT5G40395	14	16	4	0
AT5G40400	73	78	58	56
AT5G40405	93	95	45	35
AT5G40410	22	23	32	17
AT5G40440	301	327	207	176
AT5G40450	8532	8674	12311	15865
AT5G40460	73	84	34	20
AT5G40470	159	178	109	122
AT5G40480	1525	1611	1518	1021
AT5G40490	400	410	492	375
AT5G40500	389	415	465	493
AT5G40510	8	8	4	4
AT5G40520	291	261	217	227
AT5G40530	264	263	175	119
AT5G40540	182	222	73	64
AT5G40550	364	375	312	242
AT5G40570	90	96	58	87
AT5G40580	1582	1742	874	814
AT5G40595	2	0	0	0
AT5G40600	115	133	114	105
AT5G40610	308	323	563	499
AT5G40620	2	1	1	0
AT5G40630	11	4	17	13
AT5G40640	267	290	216	141
AT5G40645	1	3	1	0
AT5G40650	800	915	433	408
AT5G40660	547	499	374	342
AT5G40670	1437	1455	911	1102
AT5G40680	1	0	1	0
AT5G40690	406	355	31	37
AT5G40700	55	76	65	44
AT5G40710	332	324	170	155
AT5G40720	849	944	170	273
AT5G40730	55	26	25	27
AT5G40740	497	452	425	373
AT5G40760	2393	2524	1067	835
AT5G40770	1483	1516	1227	775
AT5G40780	2128	2141	403	656
AT5G40790	7	15	11	13
AT5G40800	122	137	77	43
AT5G40810	2115	2220	1793	1677
AT5G40820	71	89	76	52
AT5G40830	544	623	651	498
AT5G40840	80	62	71	34
AT5G40850	1574	1630	2375	1802
AT5G40855	1	0	0	0
AT5G40870	694	740	686	651
AT5G40880	303	307	160	176
AT5G40890	2517	2596	1191	1925
AT5G40900	1	0	2	0
AT5G40910	3517	3671	1719	1907
AT5G40930	781	846	503	417
AT5G40940	3	0	1	0
AT5G40950	3822	3924	5570	5512
AT5G40960	56	53	22	24
AT5G40970	180	188	156	118
AT5G40980	85	129	15	16
AT5G40981	0	1	0	1
AT5G40990	63	61	3	0
AT5G41000	116	145	137	114
AT5G41010	510	575	215	176
AT5G41020	628	713	661	642
AT5G41030	0	1	4	0
AT5G41040	135	124	21	22
AT5G41050	183	165	191	195
AT5G41060	177	181	213	150
AT5G41070	184	195	173	137
AT5G41071	1	4	0	1
AT5G41080	343	308	139	219
AT5G41090	1	0	0	1
AT5G41100	843	826	382	380
AT5G41110	187	228	157	203
AT5G41120	493	464	221	196
AT5G41130	179	186	181	158
AT5G41140	633	649	1826	1681
AT5G41150	378	371	350	336
AT5G41160	100	146	22	19
AT5G41170	52	73	34	34
AT5G41180	459	535	273	249
AT5G41190	743	828	755	450
AT5G41210	2201	2337	1409	1251
AT5G41220	411	401	329	319
AT5G41240	314	361	276	304
AT5G41260	2638	2629	1594	1845
AT5G41270	190	186	153	151
AT5G41280	9	5	0	0
AT5G41290	0	0	0	2
AT5G41310	0	0	1	0
AT5G41315	33	48	19	4
AT5G41320	236	246	126	140
AT5G41330	487	506	364	375
AT5G41340	824	838	653	698
AT5G41350	899	865	415	420
AT5G41360	422	506	242	218
AT5G41370	1399	1520	1172	1388
AT5G41380	2	2	7	0
AT5G41390	6	2	0	0
AT5G41400	572	621	189	138
AT5G41410	1035	1007	822	1002
AT5G41460	544	574	607	396
AT5G41470	6	2	4	6
AT5G41471	35	25	19	12
AT5G41480	260	282	245	286
AT5G41490	0	1	0	0
AT5G41520	4145	4453	3811	2833
AT5G41540	2	0	0	0
AT5G41550	329	349	12	5
AT5G41560	612	654	450	396
AT5G41570	3	5	0	0
AT5G41580	418	450	344	265
AT5G41590	24	19	39	59
AT5G41600	1984	2075	1187	1040
AT5G41610	435	427	180	166
AT5G41612	210	210	89	93
AT5G41620	90	87	129	75
AT5G41650	51	37	33	20
AT5G41660	0	0	7	0
AT5G41663	3	7	2	0
AT5G41670	2148	2413	2350	1532
AT5G41680	324	326	136	138
AT5G41685	1985	2071	1088	941
AT5G41690	123	121	143	172
AT5G41700	5941	6163	8289	11425
AT5G41730	37	53	1	0
AT5G41740	6183	6599	1004	690
AT5G41750	6887	7341	976	593
AT5G41760	358	481	367	395
AT5G41761	33	36	73	121
AT5G41765	0	3	0	2
AT5G41770	1304	1429	1102	969
AT5G41780	2	5	1	3
AT5G41790	2892	3197	3559	4153
AT5G41800	370	389	232	361
AT5G41810	588	582	463	549
AT5G41820	6	3	8	6
AT5G41830	13	12	5	5
AT5G41850	252	261	188	124
AT5G41860	311	320	164	145
AT5G41870	720	816	644	574
AT5G41880	163	183	209	117
AT5G41890	1	4	0	0
AT5G41900	109	124	142	144
AT5G41908	0	2	0	0
AT5G41910	249	316	143	124
AT5G41920	379	393	441	373
AT5G41940	886	887	633	720
AT5G41950	1430	1524	1054	991
AT5G41960	423	536	293	339
AT5G41970	918	980	657	553
AT5G41980	66	50	80	85
AT5G41990	1370	1510	806	846
AT5G41992	1370	1510	806	846
AT5G42000	845	855	484	502
AT5G42010	95	114	10	32
AT5G42020	23109	23977	4053	2722
AT5G42030	2978	3231	1884	1793
AT5G42040	92	72	40	31
AT5G42050	23642	25056	5256	4580
AT5G42060	347	306	207	119
AT5G42070	401	437	701	748
AT5G42080	4612	4908	3298	2952
AT5G42090	2980	3118	1842	2286
AT5G42092	665	700	477	571
AT5G42100	3704	3731	2812	3332
AT5G42110	285	323	212	221
AT5G42120	5	2	3	1
AT5G42130	471	460	507	533
AT5G42140	545	559	403	464
AT5G42146	83	71	41	54
AT5G42150	808	832	375	257
AT5G42180	3	4	1	3
AT5G42190	2155	2270	1720	2002
AT5G42200	703	731	170	248
AT5G42210	61	59	34	45
AT5G42220	1445	1451	1123	1074
AT5G42223	0	2	0	0
AT5G42230	3	2	5	4
AT5G42235	2	2	0	1
AT5G42240	812	849	778	862
AT5G42242	1	0	1	0
AT5G42250	621	639	764	1208
AT5G42270	4359	4521	8007	9010
AT5G42280	88	89	102	67
AT5G42290	18	13	2	2
AT5G42300	13107	13960	3755	3811
AT5G42310	789	830	1107	1148
AT5G42320	538	485	452	372
AT5G42325	3	1	0	0
AT5G42330	104	92	73	23
AT5G42350	225	307	178	196
AT5G42360	386	388	302	256
AT5G42370	211	249	139	97
AT5G42380	2925	2964	243	72
AT5G42390	2931	3203	3385	3686
AT5G42400	488	494	486	471
AT5G42420	788	730	801	854
AT5G42430	1	0	0	0
AT5G42440	559	596	220	210
AT5G42450	35	37	32	29
AT5G42460	257	281	140	167
AT5G42470	374	391	305	312
AT5G42480	522	559	920	814
AT5G42490	3	4	4	4
AT5G42500	8	5	17	8
AT5G42520	1698	1817	1191	1222
AT5G42530	25845	26530	23665	26822
AT5G42540	1577	1727	1568	1317
AT5G42560	1173	1357	797	858
AT5G42570	1758	1859	802	575
AT5G42610	1	5	7	1
AT5G42620	1057	1172	1054	911
AT5G42630	32	33	20	5
AT5G42650	12911	13815	9114	8630
AT5G42655	9	10	0	1
AT5G42660	501	563	371	370
AT5G42670	190	174	188	178
AT5G42680	310	340	120	116
AT5G42690	28	34	42	65
AT5G42700	41	28	21	6
AT5G42710	7	8	10	16
AT5G42720	968	993	497	303
AT5G42740	1566	1638	1194	1055
AT5G42750	222	212	336	292
AT5G42760	93	109	56	49
AT5G42765	477	540	807	793
AT5G42770	435	415	298	225
AT5G42780	86	86	120	69
AT5G42790	2667	2910	1466	1451
AT5G42800	3465	3639	3597	1911
AT5G42810	383	415	342	290
AT5G42820	1916	1999	2176	1993
AT5G42825	415	398	589	825
AT5G42830	1320	1407	71	36
AT5G42840	6	10	9	10
AT5G42850	1754	1825	784	809
AT5G42860	399	428	322	198
AT5G42870	850	897	927	1175
AT5G42880	46	60	84	55
AT5G42890	1421	1573	903	876
AT5G42900	179	219	210	184
AT5G42920	655	709	726	630
AT5G42930	20	21	10	5
AT5G42940	1074	1022	570	569
AT5G42950	2358	2449	1669	1710
AT5G42960	499	530	327	324
AT5G42965	14	17	3	2
AT5G42970	767	824	499	458
AT5G42980	18775	19901	11807	12974
AT5G42990	956	937	481	386
AT5G43000	3	1	0	0
AT5G43010	1168	1160	727	712
AT5G43020	448	437	453	205
AT5G43030	0	1	4	1
AT5G43040	34	22	9	7
AT5G43050	228	260	250	212
AT5G43060	1536	1637	820	499
AT5G43066	0	2	0	0
AT5G43070	203	177	163	82
AT5G43080	59	70	87	35
AT5G43100	1591	1659	888	941
AT5G43120	2	2	7	6
AT5G43130	1071	1141	918	967
AT5G43140	257	301	174	204
AT5G43150	861	846	1435	1315
AT5G43160	201	202	178	160
AT5G43170	229	198	150	118
AT5G43180	63	76	76	13
AT5G43190	981	1085	754	921
AT5G43200	0	0	1	1
AT5G43210	106	109	93	130
AT5G43240	4	4	11	4
AT5G43245	1	1	0	0
AT5G43250	81	78	100	39
AT5G43260	318	291	215	281
AT5G43270	1472	1430	797	1346
AT5G43280	671	640	448	388
AT5G43290	1	7	1	2
AT5G43300	1	3	1	0
AT5G43310	1387	1560	1084	1171
AT5G43320	2803	3100	2271	2529
AT5G43330	685	796	597	509
AT5G43350	2	2	0	0
AT5G43360	0	1	0	0
AT5G43370	0	1	0	0
AT5G43380	157	162	34	14
AT5G43390	0	1	0	0
AT5G43400	163	162	167	85
AT5G43403	180	199	134	136
AT5G43410	7	4	0	0
AT5G43420	939	949	104	48
AT5G43430	354	366	331	309
AT5G43440	2308	2504	1820	2343
AT5G43450	554	582	401	534
AT5G43455	0	0	1	0
AT5G43460	2525	2673	1225	1135
AT5G43470	3076	3279	3055	3869
AT5G43480	1	1	2	4
AT5G43490	3	4	2	1
AT5G43500	406	383	314	275
AT5G43510	3	1	1	0
AT5G43518	1	0	0	0
AT5G43520	4	2	0	0
AT5G43530	14	9	26	4
AT5G43540	1	0	0	0
AT5G43560	1529	1655	1147	1147
AT5G43570	19	7	0	0
AT5G43580	165	140	17	3
AT5G43590	1	0	0	0
AT5G43600	797	845	643	863
AT5G43603	1	0	5	0
AT5G43610	0	1	2	1
AT5G43620	952	1059	342	197
AT5G43630	235	251	405	367
AT5G43640	0	1	0	0
AT5G43650	199	249	3	1
AT5G43660	9	16	4	1
AT5G43670	391	357	313	319
AT5G43680	266	284	232	256
AT5G43690	3	13	2	1
AT5G43700	582	552	773	909
AT5G43710	531	527	404	383
AT5G43720	433	457	370	326
AT5G43725	239	226	157	159
AT5G43730	152	132	92	89
AT5G43740	271	262	428	456
AT5G43745	628	648	614	618
AT5G43750	866	898	1751	1848
AT5G43755	2	4	0	0
AT5G43760	5071	5263	3459	4424
AT5G43770	0	1	0	0
AT5G43780	2507	2635	1422	1483
AT5G43790	116	111	94	105
AT5G43810	1129	1088	1105	664
AT5G43820	45	60	52	32
AT5G43822	251	285	150	163
AT5G43830	2897	3102	2473	2475
AT5G43840	0	5	3	5
AT5G43850	1440	1640	977	1088
AT5G43860	222	253	91	98
AT5G43870	298	344	356	615
AT5G43880	804	834	971	1021
AT5G43890	21	20	32	48
AT5G43900	2635	2780	1466	1590
AT5G43910	1012	1021	161	94
AT5G43920	627	711	423	429
AT5G43930	867	810	571	653
AT5G43935	3	6	6	2
AT5G43940	6200	6389	4910	4321
AT5G43950	172	136	231	237
AT5G43960	1412	1434	1121	852
AT5G43970	713	800	445	411
AT5G43980	223	252	89	86
AT5G43990	226	258	329	146
AT5G44000	803	825	761	733
AT5G44005	359	366	331	408
AT5G44010	140	141	143	162
AT5G44020	4306	4507	6994	13291
AT5G44030	193	225	195	217
AT5G44040	146	146	190	134
AT5G44050	308	294	111	113
AT5G44060	738	709	431	433
AT5G44065	24	18	7	4
AT5G44070	2551	2707	2045	2484
AT5G44080	540	628	506	478
AT5G44090	1125	1133	822	879
AT5G44100	1796	1899	1276	1279
AT5G44110	225	208	123	86
AT5G44120	0	2	0	2
AT5G44130	1189	1228	2236	3440
AT5G44140	1	4	3	0
AT5G44150	268	298	187	193
AT5G44160	40	40	42	30
AT5G44170	264	271	178	194
AT5G44180	1651	1701	1497	1219
AT5G44190	1284	1291	2180	2431
AT5G44200	1016	1011	895	776
AT5G44210	54	61	41	35
AT5G44220	1	1	0	1
AT5G44230	104	102	86	55
AT5G44240	1233	1351	892	806
AT5G44250	402	428	379	477
AT5G44260	106	95	460	1047
AT5G44265	0	0	1	0
AT5G44270	3	0	1	0
AT5G44280	142	175	182	177
AT5G44286	1	1	2	1
AT5G44290	3392	3454	1620	2010
AT5G44306	0	8	0	0
AT5G44310	0	3	3	0
AT5G44320	1288	1277	970	841
AT5G44330	1	0	0	0
AT5G44340	5612	5909	7578	8540
AT5G44350	266	249	134	54
AT5G44370	313	322	212	155
AT5G44380	133	145	31	5
AT5G44390	286	302	42	14
AT5G44400	5471	5553	1460	1007
AT5G44410	132	154	292	247
AT5G44420	165	163	5392	3192
AT5G44430	53	40	1907	1032
AT5G44440	0	0	1	1
AT5G44450	449	432	464	463
AT5G44460	36	42	3	0
AT5G44480	145	147	30	12
AT5G44490	23	26	38	55
AT5G44500	238	244	150	100
AT5G44510	624	607	462	546
AT5G44520	281	298	540	617
AT5G44530	280	317	911	1123
AT5G44540	2	1	2	3
AT5G44550	117	121	22	4
AT5G44560	282	333	234	114
AT5G44562	108	135	74	42
AT5G44565	294	314	173	167
AT5G44568	3177	3164	498	474
AT5G44569	111	92	56	43
AT5G44570	222	206	10	13
AT5G44572	906	1029	96	89
AT5G44574	79	80	5	4
AT5G44575	153	170	10	7
AT5G44578	134	143	32	27
AT5G44580	4312	4341	1868	2520
AT5G44582	113	116	46	61
AT5G44585	143	142	33	25
AT5G44590	0	1	1	0
AT5G44600	111	123	217	249
AT5G44610	23	33	3	0
AT5G44620	67	85	93	0
AT5G44630	5	8	3	0
AT5G44635	323	304	420	201
AT5G44650	1318	1445	1705	1633
AT5G44660	494	505	477	465
AT5G44670	436	417	409	258
AT5G44680	731	801	1631	2901
AT5G44690	0	0	0	1
AT5G44700	0	6	3	2
AT5G44710	263	238	199	159
AT5G44720	1713	1868	1649	1166
AT5G44730	920	919	375	303
AT5G44740	294	275	229	143
AT5G44750	1957	2045	1225	1130
AT5G44780	225	239	198	104
AT5G44785	657	608	703	711
AT5G44790	1873	2089	1254	1272
AT5G44800	1753	1756	1480	1477
AT5G44820	892	944	227	252
AT5G44850	1	2	0	0
AT5G44860	544	570	434	466
AT5G44870	863	927	741	954
AT5G44900	0	1	1	0
AT5G44910	71	65	15	23
AT5G44920	192	199	95	108
AT5G44930	434	454	358	362
AT5G44940	3	1	1	1
AT5G44973	3	3	6	13
AT5G44980	49	69	26	30
AT5G44990	116	115	3	3
AT5G45000	146	157	32	67
AT5G45010	1526	1582	762	818
AT5G45020	226	215	213	172
AT5G45030	1338	1251	693	679
AT5G45040	183	164	279	270
AT5G45050	797	842	713	649
AT5G45060	781	889	783	766
AT5G45070	14	18	4	7
AT5G45080	5	4	8	9
AT5G45090	23	15	0	0
AT5G45095	21	21	3	1
AT5G45100	913	886	618	479
AT5G45110	3411	3363	1083	1024
AT5G45113	1	0	1	1
AT5G45130	2750	2782	995	1117
AT5G45140	683	753	604	398
AT5G45150	86	80	46	24
AT5G45160	699	711	546	508
AT5G45170	734	771	824	922
AT5G45180	2	1	0	0
AT5G45190	945	1036	899	974
AT5G45210	3	2	1	0
AT5G45220	1	5	15	14
AT5G45240	7	2	9	12
AT5G45250	726	828	777	928
AT5G45260	671	687	605	619
AT5G45275	318	342	213	172
AT5G45280	2069	2316	579	751
AT5G45290	416	457	496	480
AT5G45300	318	321	339	251
AT5G45307	0	5	0	0
AT5G45310	53	80	79	148
AT5G45320	6	2	2	1
AT5G45330	211	257	227	130
AT5G45340	2442	2579	1169	652
AT5G45350	3623	3884	1936	1815
AT5G45360	903	955	765	781
AT5G45370	236	247	137	130
AT5G45380	1512	1599	314	428
AT5G45390	3997	4019	4141	4281
AT5G45400	152	133	130	83
AT5G45410	1951	1957	1076	965
AT5G45420	1147	1219	795	673
AT5G45428	6527	6771	3146	3372
AT5G45430	6727	6959	3202	3427
AT5G45440	29	32	46	7
AT5G45450	0	1	1	1
AT5G45460	88	97	94	91
AT5G45469	7	6	15	17
AT5G45470	2272	2261	1094	1127
AT5G45472	1479	1470	841	838
AT5G45475	759	794	312	405
AT5G45480	1585	1622	830	1050
AT5G45490	1085	1149	1646	1842
AT5G45500	2389	2443	1112	1265
AT5G45510	6249	6421	2874	3287
AT5G45520	24	29	16	27
AT5G45530	48	45	32	17
AT5G45540	50	49	19	17
AT5G45550	2130	2287	1006	1189
AT5G45560	220	240	228	170
AT5G45570	3	1	4	0
AT5G45580	13	13	8	9
AT5G45590	350	374	251	153
AT5G45600	417	418	363	266
AT5G45610	222	263	327	287
AT5G45620	1081	1169	857	762
AT5G45630	292	284	15	22
AT5G45650	886	919	1166	1037
AT5G45660	114	144	110	82
AT5G45670	712	707	565	330
AT5G45680	342	355	731	919
AT5G45700	116	134	132	61
AT5G45710	466	491	223	243
AT5G45720	45	52	55	36
AT5G45730	57	64	68	33
AT5G45740	18	25	24	18
AT5G45750	2194	2300	1068	889
AT5G45760	287	288	289	244
AT5G45770	1	5	16	6
AT5G45775	2199	2275	1948	1284
AT5G45780	200	205	169	89
AT5G45790	79	92	51	56
AT5G45800	2042	2239	591	612
AT5G45810	2	8	2	1
AT5G45820	210	240	806	1191
AT5G45830	2	11	61	120
AT5G45840	315	277	131	234
AT5G45850	18	23	34	28
AT5G45860	2	2	0	3
AT5G45890	50	45	44	17
AT5G45900	361	407	227	197
AT5G45920	98	131	26	26
AT5G45930	456	462	1031	1206
AT5G45940	280	378	288	242
AT5G45950	856	850	787	921
AT5G45960	39	46	54	24
AT5G45970	11	6	16	5
AT5G45990	69	55	17	12
AT5G46010	12	7	0	0
AT5G46013	1	7	0	0
AT5G46020	3791	4164	2847	2860
AT5G46030	1579	1656	1075	1013
AT5G46040	6	7	0	1
AT5G46050	1138	1221	27	37
AT5G46060	1	1	0	0
AT5G46070	1221	1301	1118	835
AT5G46080	333	422	114	89
AT5G46090	97	99	71	50
AT5G46100	64	75	48	55
AT5G46110	19547	20730	27478	34370
AT5G46115	35	29	38	7
AT5G46130	8	8	4	19
AT5G46140	19	24	10	6
AT5G46150	892	912	611	648
AT5G46160	802	862	581	475
AT5G46170	425	445	347	312
AT5G46180	1095	1152	644	717
AT5G46190	481	593	535	585
AT5G46210	2630	2642	2108	2079
AT5G46220	44	50	53	84
AT5G46230	611	656	62	72
AT5G46240	251	245	422	574
AT5G46250	2697	2835	3279	3523
AT5G46260	383	397	264	309
AT5G46270	820	786	559	697
AT5G46280	520	488	586	383
AT5G46290	1731	1918	2416	2130
AT5G46295	73	94	20	25
AT5G46315	7	9	2	3
AT5G46330	820	935	1277	1832
AT5G46340	931	1063	534	614
AT5G46350	454	533	50	57
AT5G46360	1	0	0	0
AT5G46370	0	1	2	3
AT5G46380	0	1	1	3
AT5G46390	364	396	423	369
AT5G46400	465	523	411	456
AT5G46410	813	797	537	713
AT5G46420	1335	1337	2385	2552
AT5G46430	5826	6229	4518	3012
AT5G46440	80	81	112	169
AT5G46450	702	706	730	1028
AT5G46460	52	66	67	49
AT5G46470	3365	3625	1766	2199
AT5G46490	861	974	475	589
AT5G46500	556	621	95	160
AT5G46510	2016	2115	996	1015
AT5G46520	1312	1357	470	517
AT5G46530	30	29	15	7
AT5G46540	2	0	1	0
AT5G46550	516	440	376	315
AT5G46560	474	536	363	293
AT5G46570	288	277	370	268
AT5G46580	869	987	1859	1663
AT5G46590	112	134	17	12
AT5G46600	135	179	186	212
AT5G46610	0	0	2	0
AT5G46620	451	476	311	307
AT5G46630	2131	2356	1827	1836
AT5G46640	70	71	125	98
AT5G46650	3	8	1	0
AT5G46670	0	1	3	1
AT5G46680	103	115	60	65
AT5G46690	155	182	349	375
AT5G46700	607	617	334	187
AT5G46710	944	889	634	485
AT5G46720	60	44	20	25
AT5G46730	733	790	145	138
AT5G46740	260	270	259	155
AT5G46750	1129	1177	758	715
AT5G46760	2513	2752	2289	2277
AT5G46770	0	2	1	0
AT5G46780	3101	3232	828	774
AT5G46790	509	567	411	406
AT5G46800	707	761	836	923
AT5G46810	1	0	0	0
AT5G46830	5	7	82	46
AT5G46840	703	693	564	464
AT5G46845	0	0	2	0
AT5G46850	168	178	134	129
AT5G46860	1371	1363	1019	1085
AT5G46870	124	125	77	72
AT5G46871	3	4	4	2
AT5G46880	199	171	185	168
AT5G46910	166	188	108	101
AT5G46915	14	17	15	4
AT5G46920	360	387	276	243
AT5G46950	2	1	0	0
AT5G46960	14	10	0	0
AT5G47000	2	0	0	0
AT5G47010	2886	2733	2146	2051
AT5G47020	1642	1783	1985	2326
AT5G47030	4303	4443	3608	3299
AT5G47040	1726	1897	1630	2017
AT5G47050	330	373	145	180
AT5G47060	1085	1079	297	158
AT5G47070	3081	3281	665	558
AT5G47077	0	1	0	0
AT5G47080	882	881	615	571
AT5G47090	483	530	468	430
AT5G47100	278	289	237	221
AT5G47110	2433	2372	4429	4652
AT5G47120	6830	7329	1019	1204
AT5G47130	54	57	11	9
AT5G47140	394	365	210	215
AT5G47150	2	2	5	1
AT5G47160	27	35	25	12
AT5G47170	3	5	4	1
AT5G47175	0	1	0	0
AT5G47180	775	887	425	546
AT5G47190	1687	1643	2670	2841
AT5G47200	2442	2526	1058	949
AT5G47210	9147	9414	9005	6348
AT5G47220	1866	1924	2336	1741
AT5G47230	505	573	1017	591
AT5G47240	3633	3547	3054	2924
AT5G47250	128	169	148	130
AT5G47260	0	2	0	1
AT5G47280	0	0	0	2
AT5G47310	967	1074	869	807
AT5G47320	1093	1250	751	648
AT5G47330	700	776	51	54
AT5G47340	1	0	0	0
AT5G47350	13	11	3	2
AT5G47360	78	92	70	84
AT5G47370	250	293	437	412
AT5G47380	249	267	186	176
AT5G47390	612	743	780	830
AT5G47400	219	208	136	103
AT5G47420	745	733	274	307
AT5G47430	1287	1356	890	879
AT5G47435	945	1042	921	887
AT5G47440	24	15	60	60
AT5G47450	15	13	0	0
AT5G47455	435	507	385	247
AT5G47460	21	17	24	19
AT5G47470	2	4	3	2
AT5G47480	2487	2670	1878	1908
AT5G47490	528	598	513	519
AT5G47500	533	517	1002	694
AT5G47510	79	65	57	40
AT5G47520	381	431	277	284
AT5G47530	5	6	3	1
AT5G47540	332	364	284	307
AT5G47550	363	400	143	168
AT5G47560	3169	3210	1519	2196
AT5G47570	1747	1690	976	917
AT5G47580	353	404	221	256
AT5G47590	38	32	53	68
AT5G47600	5	9	14	4
AT5G47610	45	30	66	84
AT5G47620	752	816	643	597
AT5G47630	298	292	233	226
AT5G47635	10	11	1	1
AT5G47640	583	568	836	824
AT5G47650	375	377	306	370
AT5G47660	303	356	225	201
AT5G47670	6	4	3	1
AT5G47680	513	578	607	483
AT5G47690	3444	3551	3066	3082
AT5G47700	4215	4467	3574	2271
AT5G47710	363	362	246	259
AT5G47720	410	423	462	299
AT5G47730	1377	1362	474	356
AT5G47740	12	8	1	1
AT5G47750	936	932	758	656
AT5G47760	450	493	374	388
AT5G47770	1336	1334	1193	1530
AT5G47780	3294	3390	2830	3468
AT5G47790	400	352	273	289
AT5G47800	121	116	177	123
AT5G47810	175	198	172	132
AT5G47820	1353	1402	1574	1502
AT5G47830	310	352	201	201
AT5G47840	1781	1979	2194	2450
AT5G47850	1116	1214	25	11
AT5G47860	1080	1140	668	883
AT5G47870	744	741	346	336
AT5G47880	1799	1866	917	808
AT5G47890	2730	2880	1599	1637
AT5G47900	113	105	162	187
AT5G47910	7957	8800	3470	2770
AT5G47920	27	45	7	6
AT5G47930	3526	3461	2566	1764
AT5G47940	412	411	265	289
AT5G47960	399	494	67	23
AT5G47970	470	510	309	279
AT5G47980	1	1	0	0
AT5G47990	0	1	0	1
AT5G48000	0	1	0	0
AT5G48010	4	9	0	2
AT5G48020	852	831	747	724
AT5G48030	781	795	586	434
AT5G48040	83	96	79	67
AT5G48050	3	2	4	7
AT5G48060	21	31	24	14
AT5G48070	2	5	1	1
AT5G48090	0	2	5	10
AT5G48100	0	0	1	0
AT5G48110	1	2	1	0
AT5G48120	664	731	491	397
AT5G48150	689	690	780	735
AT5G48160	2338	2478	1924	2413
AT5G48170	40	38	42	13
AT5G48175	5	1	0	1
AT5G48180	1691	1667	1159	999
AT5G48190	0	0	2	6
AT5G48220	422	454	677	741
AT5G48230	805	796	876	874
AT5G48240	620	618	481	269
AT5G48250	479	547	532	494
AT5G48290	194	187	19	12
AT5G48300	5104	5362	5495	5404
AT5G48310	163	181	163	73
AT5G48320	11	16	31	39
AT5G48330	254	286	285	214
AT5G48335	553	582	368	357
AT5G48340	248	241	174	183
AT5G48350	6	5	4	0
AT5G48360	561	604	870	370
AT5G48370	338	340	430	426
AT5G48375	1	2	0	0
AT5G48380	8494	9092	1754	2203
AT5G48385	5701	5899	2596	2241
AT5G48390	7	8	6	1
AT5G48400	155	155	9	4
AT5G48410	82	81	6	6
AT5G48412	630	645	650	819
AT5G48430	19	11	2	0
AT5G48440	642	677	548	569
AT5G48450	655	687	279	319
AT5G48460	316	256	497	539
AT5G48470	415	370	391	316
AT5G48480	620	692	512	216
AT5G48485	9989	10331	1557	169
AT5G48490	515	537	563	1180
AT5G48500	413	440	356	198
AT5G48520	410	420	363	332
AT5G48530	365	352	170	187
AT5G48540	1048	1088	206	268
AT5G48545	496	457	532	626
AT5G48550	0	1	3	4
AT5G48560	187	220	57	45
AT5G48570	303	259	167	133
AT5G48575	0	0	1	0
AT5G48580	2475	2671	1787	1412
AT5G48590	797	854	876	1107
AT5G48600	355	378	533	260
AT5G48610	379	421	356	315
AT5G48620	2754	2956	2714	3500
AT5G48630	426	399	355	332
AT5G48640	260	268	211	182
AT5G48650	89	95	75	5
AT5G48655	946	974	390	351
AT5G48657	1777	1961	151	202
AT5G48660	245	266	178	189
AT5G48670	44	32	22	29
AT5G48680	586	545	382	338
AT5G48690	9	11	5	5
AT5G48710	0	0	3	4
AT5G48720	333	341	241	146
AT5G48730	139	163	295	202
AT5G48740	22	25	32	19
AT5G48760	1546	1581	1353	909
AT5G48770	148	175	119	150
AT5G48775	98	114	79	102
AT5G48780	49	43	18	20
AT5G48790	789	795	1457	1701
AT5G48800	389	380	269	115
AT5G48810	3548	3621	2911	2823
AT5G48820	160	180	99	9
AT5G48830	345	373	477	437
AT5G48840	309	294	287	211
AT5G48850	189	185	194	74
AT5G48870	830	919	494	417
AT5G48880	1547	1598	1462	1074
AT5G48890	1	1	0	0
AT5G48900	414	483	550	497
AT5G48910	173	199	364	352
AT5G48920	3	3	7	22
AT5G48930	2684	2640	1481	1375
AT5G48940	0	1	1	7
AT5G48950	2	4	5	8
AT5G48953	0	2	0	0
AT5G48960	702	768	902	974
AT5G48970	621	582	295	303
AT5G48980	1	2	1	5
AT5G48990	155	182	135	129
AT5G49000	130	154	104	111
AT5G49010	118	125	110	81
AT5G49015	219	184	336	439
AT5G49020	584	598	514	380
AT5G49030	825	877	1822	1913
AT5G49040	1	0	0	0
AT5G49050	0	1	0	0
AT5G49060	271	265	213	204
AT5G49070	49	40	3	12
AT5G49100	367	413	471	416
AT5G49110	84	87	76	53
AT5G49120	133	116	74	30
AT5G49130	0	2	17	20
AT5G49138	0	2	10	18
AT5G49150	30	34	42	26
AT5G49152	41	47	67	30
AT5G49160	663	583	894	581
AT5G49170	29	31	100	74
AT5G49190	38	40	27	26
AT5G49200	14	18	1	2
AT5G49210	479	496	445	367
AT5G49215	182	227	363	420
AT5G49220	372	374	275	227
AT5G49230	450	501	325	293
AT5G49270	0	0	0	1
AT5G49280	1958	1991	881	460
AT5G49290	42	51	41	40
AT5G49300	167	137	90	55
AT5G49310	1	2	0	3
AT5G49320	9	5	5	2
AT5G49330	6	7	42	11
AT5G49340	1	0	0	0
AT5G49350	9	13	3	0
AT5G49360	2515	2772	3168	8766
AT5G49370	8	14	27	33
AT5G49380	8	5	14	26
AT5G49390	52	49	87	92
AT5G49400	572	698	592	587
AT5G49410	190	200	105	92
AT5G49430	409	441	464	530
AT5G49440	1723	1819	1955	1877
AT5G49448	294	360	267	443
AT5G49450	294	360	267	443
AT5G49460	651	695	822	769
AT5G49470	253	266	320	350
AT5G49480	757	848	305	200
AT5G49500	221	211	202	188
AT5G49510	1052	1092	807	658
AT5G49520	3638	3930	286	135
AT5G49525	55	62	46	45
AT5G49530	643	751	537	489
AT5G49540	815	867	515	469
AT5G49550	262	259	166	185
AT5G49555	1197	1367	988	919
AT5G49560	49	57	47	27
AT5G49570	1177	1229	602	617
AT5G49580	758	785	595	591
AT5G49600	1	3	4	1
AT5G49610	111	157	95	99
AT5G49615	6	8	10	0
AT5G49620	5	2	2	0
AT5G49630	1874	1823	1331	1387
AT5G49640	603	686	546	564
AT5G49650	1378	1429	1207	1224
AT5G49660	620	720	911	1002
AT5G49665	90	97	156	143
AT5G49680	262	222	89	84
AT5G49690	31	52	7	2
AT5G49700	91	100	42	22
AT5G49710	481	485	301	345
AT5G49720	9166	9877	8185	9932
AT5G49730	1482	1567	3562	5924
AT5G49740	1019	1080	1573	2113
AT5G49760	5210	5621	3562	4516
AT5G49770	5	3	4	1
AT5G49780	1	6	2	2
AT5G49800	48	39	85	76
AT5G49810	1329	1410	933	922
AT5G49820	753	851	714	613
AT5G49830	965	1041	875	871
AT5G49840	619	618	749	819
AT5G49850	15	22	11	0
AT5G49870	1	0	0	0
AT5G49880	678	623	447	354
AT5G49890	1271	1185	767	923
AT5G49900	354	372	303	305
AT5G49910	3976	4109	5080	4397
AT5G49920	4	6	3	0
AT5G49930	1045	1026	550	591
AT5G49940	1652	1821	1444	1617
AT5G49945	492	526	560	525
AT5G49950	649	710	405	368
AT5G49960	245	251	305	360
AT5G49970	1242	1233	1138	1220
AT5G49980	1942	1966	2066	1911
AT5G49990	468	516	300	263
AT5G50000	1343	1418	1271	1250
AT5G50010	194	204	247	73
AT5G50011	194	204	247	73
AT5G50012	194	204	247	73
AT5G50020	733	800	589	492
AT5G50030	0	0	2	0
AT5G50060	0	0	2	0
AT5G50080	2	0	0	0
AT5G50090	53	65	53	48
AT5G50100	764	745	539	539
AT5G50110	222	207	174	168
AT5G50120	19	14	43	1
AT5G50130	311	269	211	106
AT5G50140	3	11	0	0
AT5G50150	697	717	624	525
AT5G50160	2479	2533	2043	2670
AT5G50170	169	149	213	178
AT5G50175	1	0	1	0
AT5G50180	563	608	682	639
AT5G50200	2011	2029	113	150
AT5G50210	504	552	676	551
AT5G50230	399	378	302	357
AT5G50240	143	133	69	99
AT5G50250	1448	1526	1476	1526
AT5G50260	40	26	14	0
AT5G50270	1	1	0	0
AT5G50280	182	219	443	412
AT5G50290	12	17	7	4
AT5G50310	1038	1138	980	815
AT5G50320	662	734	525	447
AT5G50330	210	233	152	133
AT5G50335	24	47	94	59
AT5G50340	572	572	424	359
AT5G50350	332	342	192	167
AT5G50360	11	12	9	4
AT5G50361	2	0	0	1
AT5G50370	534	568	499	260
AT5G50375	297	280	310	279
AT5G50380	1144	1248	762	803
AT5G50390	90	126	87	79
AT5G50400	1096	1215	749	655
AT5G50410	420	445	306	254
AT5G50420	351	328	337	384
AT5G50430	1446	1451	719	869
AT5G50440	215	227	113	131
AT5G50450	232	272	1021	999
AT5G50460	3181	3403	909	763
AT5G50520	462	421	278	293
AT5G50530	425	432	382	401
AT5G50540	23	32	17	19
AT5G50550	286	295	164	153
AT5G50560	25	22	2	6
AT5G50562	4	5	3	5
AT5G50565	365	438	255	237
AT5G50570	1864	1623	655	555
AT5G50580	778	556	578	684
AT5G50590	1	6	2	1
AT5G50600	2	0	0	0
AT5G50610	2	4	1	0
AT5G50630	392	517	252	312
AT5G50640	303	350	88	243
AT5G50645	5	6	7	23
AT5G50650	223	254	255	268
AT5G50660	20	14	1	3
AT5G50665	492	356	328	301
AT5G50670	1315	1886	395	312
AT5G50680	426	740	396	225
AT5G50690	3	0	1	1
AT5G50700	0	1	0	0
AT5G50710	3	5	0	0
AT5G50720	519	513	162	113
AT5G50740	410	445	1021	1000
AT5G50750	0	2	2	2
AT5G50760	7	12	1	1
AT5G50780	493	502	475	402
AT5G50790	2	0	1	2
AT5G50800	203	218	236	342
AT5G50810	876	975	497	321
AT5G50820	31	15	14	28
AT5G50840	513	524	353	372
AT5G50850	3644	3902	2487	2386
AT5G50860	907	894	489	494
AT5G50870	1152	1206	523	541
AT5G50890	193	196	133	96
AT5G50900	1087	1122	459	612
AT5G50915	239	223	126	144
AT5G50920	18042	18957	30580	36426
AT5G50930	77	76	50	41
AT5G50940	63	65	67	57
AT5G50950	5389	5518	6417	8578
AT5G50960	1115	1197	783	777
AT5G50970	376	378	287	280
AT5G50990	59	48	56	59
AT5G50995	2	0	0	0
AT5G51010	665	749	895	892
AT5G51020	1127	1155	1069	1248
AT5G51030	2	2	6	5
AT5G51040	1001	996	388	307
AT5G51050	361	376	311	256
AT5G51060	17	19	9	2
AT5G51070	4212	4382	3109	4002
AT5G51080	130	102	90	78
AT5G51100	531	527	524	461
AT5G51105	2	1	0	0
AT5G51110	1734	1868	3248	3324
AT5G51120	1141	1199	728	546
AT5G51130	210	193	127	66
AT5G51140	710	817	788	802
AT5G51150	437	459	419	460
AT5G51160	4	3	0	0
AT5G51170	156	146	100	135
AT5G51174	4	17	5	5
AT5G51180	580	606	557	628
AT5G51190	3677	3895	1797	1294
AT5G51200	1228	1203	1020	964
AT5G51210	8	3	3	0
AT5G51220	505	577	319	265
AT5G51230	736	718	555	536
AT5G51260	308	292	109	80
AT5G51270	2	1	2	0
AT5G51280	511	539	455	448
AT5G51290	1025	1072	618	691
AT5G51300	1764	1814	1358	1296
AT5G51310	12	8	28	22
AT5G51330	7	3	24	13
AT5G51340	714	792	620	611
AT5G51350	267	281	285	192
AT5G51370	222	249	126	131
AT5G51380	89	81	112	65
AT5G51390	172	165	150	194
AT5G51400	2356	2437	1585	1597
AT5G51410	868	981	794	825
AT5G51420	3	2	0	1
AT5G51430	1222	1286	1016	975
AT5G51440	56	48	11	11
AT5G51450	440	495	306	292
AT5G51451	33	44	26	31
AT5G51460	406	368	492	496
AT5G51470	7	4	0	0
AT5G51480	13	12	24	22
AT5G51510	602	594	340	352
AT5G51530	5	14	13	45
AT5G51540	224	252	226	160
AT5G51545	521	551	670	901
AT5G51550	3824	4267	5432	7868
AT5G51560	276	320	543	391
AT5G51570	1140	1255	646	712
AT5G51580	413	429	33	27
AT5G51590	237	268	151	84
AT5G51600	245	257	265	110
AT5G51610	28	28	6	0
AT5G51620	1070	1069	331	409
AT5G51630	293	352	184	158
AT5G51640	719	778	311	392
AT5G51660	595	714	645	513
AT5G51670	262	256	195	268
AT5G51680	379	380	244	227
AT5G51690	513	554	387	382
AT5G51700	662	670	315	291
AT5G51710	349	329	227	244
AT5G51720	175	181	769	754
AT5G51730	249	264	217	240
AT5G51740	293	304	164	144
AT5G51750	1183	1205	1111	660
AT5G51760	32	58	0	0
AT5G51770	544	655	319	333
AT5G51780	1	2	3	0
AT5G51790	28	22	48	69
AT5G51795	30	42	75	81
AT5G51800	21	17	11	0
AT5G51810	4	4	3	1
AT5G51820	1035	1169	2235	2343
AT5G51830	671	672	323	338
AT5G51840	466	426	358	374
AT5G51850	33	48	150	86
AT5G51880	578	646	423	465
AT5G51890	72	135	65	103
AT5G51910	36	60	72	51
AT5G51920	117	148	24	16
AT5G51930	0	8	0	1
AT5G51940	1161	1230	698	543
AT5G51950	17	17	22	3
AT5G51960	262	310	141	171
AT5G51970	1445	1488	1601	2098
AT5G51980	461	471	357	294
AT5G51990	12	13	9	3
AT5G52000	0	4	1	0
AT5G52010	358	369	626	576
AT5G52020	75	89	28	19
AT5G52030	267	235	345	337
AT5G52040	2768	2870	2613	2438
AT5G52050	2061	2247	257	95
AT5G52060	1218	1285	1260	1324
AT5G52070	248	261	197	226
AT5G52100	434	425	956	1174
AT5G52110	374	336	490	507
AT5G52120	139	154	95	158
AT5G52170	25	32	13	10
AT5G52180	332	367	272	256
AT5G52190	304	325	383	436
AT5G52200	1653	1718	651	663
AT5G52210	712	673	304	413
AT5G52220	28	41	42	28
AT5G52230	325	297	283	244
AT5G52240	3011	3235	2104	2092
AT5G52250	32	25	73	131
AT5G52260	1	0	0	0
AT5G52270	3	3	1	0
AT5G52280	509	528	752	707
AT5G52290	12	5	15	4
AT5G52300	82	93	17	33
AT5G52310	6166	6630	12387	12205
AT5G52320	671	763	860	608
AT5G52330	4	7	3	1
AT5G52340	5	5	5	3
AT5G52370	426	486	336	316
AT5G52380	211	190	166	105
AT5G52390	1525	1575	27	12
AT5G52400	14	32	2	0
AT5G52410	460	441	271	214
AT5G52420	258	328	487	336
AT5G52430	358	370	386	410
AT5G52440	1323	1457	2430	2310
AT5G52450	503	486	289	357
AT5G52470	4066	4063	2996	1904
AT5G52510	554	561	557	440
AT5G52520	897	923	1095	1250
AT5G52530	1850	1860	1349	1410
AT5G52540	1154	1174	744	552
AT5G52545	118	135	78	86
AT5G52547	80	81	43	16
AT5G52550	828	829	595	681
AT5G52552	828	829	595	681
AT5G52560	778	787	690	741
AT5G52570	161	174	63	77
AT5G52580	1567	1685	866	1013
AT5G52600	66	82	24	8
AT5G52630	89	107	73	77
AT5G52640	424	434	151	139
AT5G52650	4368	4360	3005	2084
AT5G52660	248	288	259	277
AT5G52690	1	0	0	0
AT5G52710	5	5	1	1
AT5G52720	71	75	2	2
AT5G52730	43	54	0	0
AT5G52740	374	391	14	37
AT5G52750	6680	6880	807	944
AT5G52760	5197	5499	199	198
AT5G52770	24	29	1	1
AT5G52780	507	532	538	578
AT5G52790	49	33	37	42
AT5G52800	40	55	33	27
AT5G52810	2017	2097	411	395
AT5G52820	1033	1117	661	541
AT5G52830	20	32	45	35
AT5G52840	2160	2221	1982	1688
AT5G52850	72	76	79	50
AT5G52860	568	595	298	51
AT5G52870	309	292	162	103
AT5G52880	400	384	272	301
AT5G52882	2224	2332	2275	2798
AT5G52890	125	143	77	105
AT5G52900	282	271	152	183
AT5G52910	117	148	203	99
AT5G52920	1660	1646	2739	2739
AT5G52930	11	7	49	54
AT5G52940	15	12	17	25
AT5G52950	75	104	127	88
AT5G52960	539	587	747	888
AT5G52965	5	3	0	1
AT5G52970	476	542	1039	1125
AT5G52980	396	377	158	168
AT5G52990	105	112	43	37
AT5G53000	1010	1039	634	638
AT5G53010	566	646	420	431
AT5G53020	267	276	408	433
AT5G53030	139	140	51	42
AT5G53045	280	282	154	162
AT5G53048	798	765	610	581
AT5G53050	1233	1179	971	958
AT5G53060	600	634	565	469
AT5G53070	267	311	264	197
AT5G53080	123	114	170	145
AT5G53090	100	125	118	89
AT5G53100	2	6	0	0
AT5G53110	386	459	16	3
AT5G53120	3398	3628	1121	791
AT5G53130	1754	1957	884	1211
AT5G53140	3375	3673	3131	3016
AT5G53144	7	4	7	9
AT5G53150	589	537	523	526
AT5G53160	713	723	811	796
AT5G53170	1589	1815	1867	1950
AT5G53180	780	786	569	525
AT5G53200	11	12	26	22
AT5G53210	56	81	86	58
AT5G53220	401	363	164	172
AT5G53250	16	10	15	9
AT5G53260	1	0	0	0
AT5G53280	345	398	247	172
AT5G53290	178	235	97	27
AT5G53300	18691	19720	8768	9386
AT5G53310	1149	1065	634	694
AT5G53320	70	70	16	5
AT5G53330	1308	1425	483	561
AT5G53340	586	652	447	466
AT5G53350	3227	3276	2824	3232
AT5G53360	381	428	162	201
AT5G53370	4770	5104	1908	1900
AT5G53380	0	1	0	0
AT5G53390	0	0	2	1
AT5G53400	782	761	494	326
AT5G53420	1378	1415	1229	1037
AT5G53430	243	253	294	244
AT5G53440	1074	1114	1116	1162
AT5G53450	2827	2947	2330	3125
AT5G53460	7019	7678	8518	7406
AT5G53470	436	485	340	284
AT5G53480	2428	2535	2596	2594
AT5G53486	290	239	268	63
AT5G53490	1541	1641	3043	3585
AT5G53500	425	475	833	1131
AT5G53520	1	1	0	0
AT5G53530	1203	1182	579	693
AT5G53540	990	1088	511	491
AT5G53550	1430	1618	869	1333
AT5G53560	5925	6186	3124	2844
AT5G53570	1492	1569	677	580
AT5G53580	515	532	917	971
AT5G53588	854	914	136	107
AT5G53590	854	914	136	107
AT5G53592	7	12	25	27
AT5G53600	1	1	0	0
AT5G53620	1200	1285	1003	853
AT5G53640	1	0	0	0
AT5G53650	354	364	153	174
AT5G53660	29	35	43	7
AT5G53690	1	0	0	0
AT5G53700	8	12	8	1
AT5G53710	29	25	0	0
AT5G53720	1	0	2	0
AT5G53730	681	724	197	178
AT5G53740	212	286	55	22
AT5G53742	1	0	0	0
AT5G53750	303	331	144	125
AT5G53760	342	391	270	190
AT5G53770	404	456	372	255
AT5G53800	718	791	659	520
AT5G53810	120	139	72	52
AT5G53820	175	206	55	4
AT5G53830	827	935	415	200
AT5G53840	0	0	1	0
AT5G53850	1510	1752	1613	1824
AT5G53860	1010	1036	1221	1328
AT5G53870	425	505	110	158
AT5G53880	2701	2817	2542	2443
AT5G53890	502	492	250	287
AT5G53895	34	35	8	10
AT5G53900	407	458	303	276
AT5G53902	354	411	68	52
AT5G53905	354	411	68	52
AT5G53920	90	97	62	58
AT5G53930	380	371	345	331
AT5G53940	540	543	517	464
AT5G53950	40	54	30	9
AT5G53970	222	272	230	191
AT5G53980	1	1	2	0
AT5G53990	10	10	0	0
AT5G54020	13	14	5	1
AT5G54030	3	9	0	4
AT5G54040	13	10	1	0
AT5G54060	577	687	527	254
AT5G54062	1	1	0	1
AT5G54067	5	3	2	4
AT5G54070	526	535	104	52
AT5G54075	526	535	103	52
AT5G54080	734	848	564	864
AT5G54090	496	486	399	447
AT5G54095	3	3	0	2
AT5G54100	364	428	208	185
AT5G54110	1495	1651	658	616
AT5G54130	179	214	138	70
AT5G54140	280	308	99	89
AT5G54145	207	188	165	238
AT5G54148	14	14	26	59
AT5G54150	1	1	3	0
AT5G54160	6376	6512	2004	1627
AT5G54165	60	49	8	10
AT5G54170	5481	5976	1588	1645
AT5G54180	137	153	157	154
AT5G54190	15	18	146	248
AT5G54200	256	279	430	402
AT5G54230	49	60	8	3
AT5G54240	20	25	18	9
AT5G54250	463	460	568	569
AT5G54260	182	187	193	189
AT5G54270	24322	24785	89838	118286
AT5G54280	683	666	703	691
AT5G54290	1164	1224	1161	1477
AT5G54300	710	742	266	303
AT5G54310	2595	2656	2144	2198
AT5G54320	0	0	2	0
AT5G54380	3325	3458	1366	2387
AT5G54390	2635	2765	2395	1499
AT5G54400	98	104	70	12
AT5G54410	1	0	0	0
AT5G54430	3745	3948	2250	1909
AT5G54440	1016	967	1041	977
AT5G54450	0	2	0	0
AT5G54470	349	482	135	111
AT5G54490	950	887	277	261
AT5G54500	3431	3645	1814	2074
AT5G54510	819	836	913	312
AT5G54520	162	204	123	165
AT5G54530	43	70	110	128
AT5G54540	1507	1577	1434	1771
AT5G54550	0	2	2	1
AT5G54560	1	1	0	0
AT5G54569	148	145	120	122
AT5G54570	87	95	75	70
AT5G54580	827	871	542	417
AT5G54585	4	4	102	121
AT5G54590	186	211	183	175
AT5G54600	5321	5311	7703	8286
AT5G54610	1404	1427	356	447
AT5G54620	11	5	2	0
AT5G54630	421	410	779	954
AT5G54640	466	486	244	230
AT5G54650	366	377	235	256
AT5G54660	164	166	156	158
AT5G54670	216	240	260	121
AT5G54680	2088	2172	1506	1489
AT5G54690	28	22	16	7
AT5G54700	10	9	2	0
AT5G54710	5081	5320	872	1287
AT5G54720	772	749	199	290
AT5G54730	806	824	405	472
AT5G54750	887	952	584	491
AT5G54760	2920	2970	2443	2370
AT5G54770	43069	45184	77786	83460
AT5G54780	270	234	158	169
AT5G54800	753	730	489	320
AT5G54810	6061	6394	5547	4835
AT5G54830	656	650	394	382
AT5G54840	513	536	147	128
AT5G54850	206	225	105	106
AT5G54855	774	887	513	523
AT5G54860	1282	1310	293	368
AT5G54870	1145	1171	675	835
AT5G54880	100	73	84	89
AT5G54890	258	286	194	153
AT5G54900	1910	1975	1277	958
AT5G54910	445	428	404	250
AT5G54920	395	353	250	243
AT5G54930	258	287	186	147
AT5G54940	15697	16538	10577	12288
AT5G54950	3	4	1	5
AT5G54960	2591	2710	4744	4079
AT5G54970	446	420	346	191
AT5G54980	835	827	431	329
AT5G55000	482	537	251	282
AT5G55010	36	33	3	15
AT5G55020	1	4	2	5
AT5G55040	2037	2139	1207	1343
AT5G55050	2521	2866	126	197
AT5G55055	1	0	0	0
AT5G55060	485	555	411	404
AT5G55070	2394	2575	1155	940
AT5G55090	6	12	7	12
AT5G55100	1918	2017	1460	1560
AT5G55120	1399	1394	788	512
AT5G55125	458	441	295	240
AT5G55130	890	941	534	455
AT5G55135	1	0	0	0
AT5G55140	443	506	414	301
AT5G55150	6	3	0	0
AT5G55160	2696	2678	1313	1164
AT5G55170	148	153	26	16
AT5G55180	1531	1716	771	392
AT5G55190	3383	3553	2521	2165
AT5G55200	311	324	176	130
AT5G55210	715	737	571	543
AT5G55220	1282	1353	2708	3148
AT5G55230	1968	2152	2643	2991
AT5G55250	49	65	48	35
AT5G55260	295	352	258	248
AT5G55270	0	3	1	0
AT5G55280	1312	1369	1520	1247
AT5G55290	911	933	577	590
AT5G55300	1008	1063	1142	1085
AT5G55310	1274	1324	887	846
AT5G55320	0	1	0	0
AT5G55330	0	1	4	0
AT5G55340	18	25	33	10
AT5G55350	3	9	8	0
AT5G55360	1	0	0	1
AT5G55370	1	0	4	1
AT5G55380	21	26	55	57
AT5G55390	1400	1423	1171	1192
AT5G55400	481	419	345	349
AT5G55410	114	119	1	1
AT5G55430	3	2	0	0
AT5G55440	4	7	1	1
AT5G55450	16412	17198	1208	1185
AT5G55460	3000	3113	228	255
AT5G55470	149	158	73	67
AT5G55480	567	672	594	418
AT5G55490	132	140	55	66
AT5G55500	879	902	569	515
AT5G55507	2	2	2	3
AT5G55510	228	229	203	178
AT5G55520	206	177	238	89
AT5G55530	1208	1220	543	418
AT5G55540	577	558	731	682
AT5G55550	540	613	426	376
AT5G55560	264	298	85	81
AT5G55570	9	11	12	17
AT5G55580	237	222	288	257
AT5G55590	6	7	4	3
AT5G55600	1240	1352	877	962
AT5G55610	950	888	488	489
AT5G55620	224	256	436	594
AT5G55630	577	536	417	559
AT5G55640	276	256	172	188
AT5G55650	4	1	5	0
AT5G55660	1981	2123	2149	1698
AT5G55670	916	980	858	762
AT5G55680	30	36	28	10
AT5G55700	410	413	414	408
AT5G55710	620	643	823	875
AT5G55720	62	65	46	24
AT5G55730	620	656	1375	871
AT5G55740	74	89	323	284
AT5G55760	150	188	139	105
AT5G55780	2	2	1	0
AT5G55790	146	166	133	154
AT5G55800	0	1	0	0
AT5G55810	159	178	143	131
AT5G55820	202	232	292	115
AT5G55830	38	41	44	19
AT5G55840	176	208	131	115
AT5G55850	4412	4738	1537	1786
AT5G55860	797	902	559	594
AT5G55893	0	0	0	1
AT5G55900	101	97	96	89
AT5G55910	1355	1442	1368	1656
AT5G55920	1126	1246	1002	571
AT5G55930	1366	1389	572	892
AT5G55940	1104	1144	734	722
AT5G55950	68	68	47	55
AT5G55960	928	983	1018	989
AT5G55970	118	134	222	329
AT5G55990	905	902	998	1053
AT5G56000	840	933	693	431
AT5G56010	7425	7577	5170	3268
AT5G56020	384	398	248	250
AT5G56030	6295	6543	5360	3027
AT5G56040	431	426	505	482
AT5G56050	289	332	11	5
AT5G56060	22	23	0	0
AT5G56090	213	235	154	114
AT5G56100	49	37	89	132
AT5G56110	1	0	0	0
AT5G56120	222	198	207	98
AT5G56130	423	441	277	232
AT5G56140	1941	2008	1673	1964
AT5G56150	2072	2072	701	731
AT5G56160	268	295	116	94
AT5G56170	3519	3579	1381	1717
AT5G56180	749	783	356	460
AT5G56190	766	831	550	547
AT5G56200	4	8	1	0
AT5G56210	487	481	431	469
AT5G56220	158	177	241	215
AT5G56230	88	116	66	119
AT5G56240	1286	1351	982	1068
AT5G56250	1532	1551	673	763
AT5G56260	1776	1860	1085	1105
AT5G56270	367	403	373	360
AT5G56280	692	704	566	518
AT5G56290	1051	1099	993	1040
AT5G56300	18	16	10	6
AT5G56310	62	48	50	31
AT5G56320	25	28	7	7
AT5G56330	0	0	2	0
AT5G56340	948	915	376	426
AT5G56350	2088	2227	1016	1022
AT5G56360	1795	1859	1639	1327
AT5G56370	53	39	42	34
AT5G56380	430	470	341	360
AT5G56420	178	197	107	127
AT5G56450	92	87	71	69
AT5G56460	279	283	118	87
AT5G56480	0	1	0	0
AT5G56490	29	33	34	21
AT5G56500	1090	1167	699	369
AT5G56510	208	204	0	0
AT5G56520	250	257	186	233
AT5G56530	508	480	549	226
AT5G56540	4	11	27	16
AT5G56550	83	75	144	167
AT5G56570	2	0	0	0
AT5G56580	187	136	110	59
AT5G56590	259	237	221	208
AT5G56600	1000	998	807	731
AT5G56610	201	167	129	129
AT5G56620	2	5	9	0
AT5G56630	1417	1529	862	817
AT5G56650	807	899	560	597
AT5G56660	781	799	440	487
AT5G56670	4150	4179	3344	2014
AT5G56680	1412	1583	1190	1013
AT5G56700	4	8	12	14
AT5G56710	9507	9936	7716	5049
AT5G56720	11	5	10	4
AT5G56730	445	421	319	262
AT5G56740	585	573	449	258
AT5G56750	654	680	667	817
AT5G56760	2154	2337	1548	1391
AT5G56780	61	55	111	136
AT5G56790	371	414	294	225
AT5G56795	24	36	8	3
AT5G56810	30	42	33	42
AT5G56840	19	32	193	152
AT5G56850	555	568	1263	1240
AT5G56860	209	215	406	440
AT5G56870	391	425	317	674
AT5G56880	18	20	5	0
AT5G56890	1117	1200	1523	1061
AT5G56900	833	828	511	608
AT5G56910	278	266	215	190
AT5G56930	196	204	176	198
AT5G56940	931	1020	689	543
AT5G56950	808	814	1006	828
AT5G56960	26	25	4	7
AT5G56970	41	51	6	3
AT5G56975	1	2	0	2
AT5G56980	4039	4091	948	696
AT5G56990	129	138	95	108
AT5G57000	206	189	187	213
AT5G57010	579	555	36	16
AT5G57015	1117	1239	489	463
AT5G57020	1632	1703	1226	1174
AT5G57030	523	567	1153	1291
AT5G57035	1318	1340	698	753
AT5G57040	1700	1722	2186	2830
AT5G57050	341	349	233	221
AT5G57060	273	272	211	257
AT5G57070	489	585	204	210
AT5G57080	61	70	43	27
AT5G57090	1	2	0	0
AT5G57100	360	401	233	211
AT5G57110	1576	1563	2524	2342
AT5G57120	1284	1410	1595	1150
AT5G57123	55	52	38	15
AT5G57130	941	1030	673	289
AT5G57140	176	174	148	145
AT5G57150	1600	1665	318	379
AT5G57160	679	681	464	400
AT5G57170	202	212	406	412
AT5G57180	783	804	1053	1064
AT5G57181	0	0	0	1
AT5G57190	51	59	64	65
AT5G57210	270	265	300	254
AT5G57220	266	288	390	414
AT5G57230	240	246	155	109
AT5G57240	182	180	153	106
AT5G57250	295	308	318	296
AT5G57260	0	1	0	0
AT5G57270	688	737	549	460
AT5G57280	374	402	350	211
AT5G57290	3082	3337	2320	1608
AT5G57300	492	583	345	306
AT5G57310	13	5	10	3
AT5G57320	100	119	72	61
AT5G57330	2407	2455	1532	1403
AT5G57340	852	927	784	847
AT5G57345	1434	1491	2598	3043
AT5G57350	1946	2031	2215	2964
AT5G57360	725	735	708	775
AT5G57370	471	538	354	343
AT5G57380	6	10	1	0
AT5G57390	288	290	209	141
AT5G57391	0	1	0	0
AT5G57400	1	0	0	0
AT5G57410	265	308	326	176
AT5G57420	0	0	2	0
AT5G57440	511	526	557	570
AT5G57450	23	21	14	7
AT5G57460	946	1008	829	909
AT5G57480	308	321	40	22
AT5G57490	1093	1216	1329	1221
AT5G57500	93	93	41	33
AT5G57510	100	104	3	5
AT5G57520	5	6	5	1
AT5G57550	340	379	231	603
AT5G57560	27767	28500	6110	13809
AT5G57565	470	465	406	692
AT5G57567	3	8	2	3
AT5G57570	26	32	24	19
AT5G57580	2480	2629	1724	1906
AT5G57590	188	202	234	144
AT5G57610	701	697	645	657
AT5G57620	12	9	3	0
AT5G57630	1465	1535	2032	2402
AT5G57640	16	16	23	31
AT5G57655	2387	2557	1736	3016
AT5G57660	6815	7273	4176	5797
AT5G57670	9	9	12	9
AT5G57685	475	514	464	285
AT5G57690	0	1	2	4
AT5G57700	424	519	460	473
AT5G57710	6432	6778	3269	3989
AT5G57720	1	0	6	0
AT5G57735	0	5	1	0
AT5G57740	363	393	198	229
AT5G57760	7	19	127	286
AT5G57770	5	13	93	203
AT5G57780	76	100	177	256
AT5G57785	56	45	121	57
AT5G57790	179	150	210	113
AT5G57800	1474	1484	1041	1238
AT5G57810	1	2	8	7
AT5G57815	1395	1457	802	948
AT5G57820	5	8	0	0
AT5G57830	97	106	155	132
AT5G57840	127	139	75	68
AT5G57850	782	747	1121	1225
AT5G57860	506	512	241	227
AT5G57870	2522	2541	2237	1939
AT5G57880	559	597	552	682
AT5G57887	528	569	517	638
AT5G57890	111	91	159	156
AT5G57900	711	782	451	485
AT5G57910	415	416	163	177
AT5G57920	2	1	3	2
AT5G57930	1083	1181	2041	2167
AT5G57940	1176	1304	1053	1308
AT5G57950	401	419	238	201
AT5G57960	522	558	623	661
AT5G57970	202	253	202	150
AT5G57980	4	6	1	0
AT5G57990	3106	3283	2022	1604
AT5G58000	175	195	311	184
AT5G58003	458	399	301	301
AT5G58005	598	631	318	336
AT5G58010	0	2	1	0
AT5G58020	862	861	717	676
AT5G58030	940	928	623	547
AT5G58040	1935	2110	1716	1567
AT5G58050	0	2	1	0
AT5G58060	1847	1828	1309	1353
AT5G58070	10779	11090	4046	4492
AT5G58080	3	6	0	0
AT5G58090	1162	1199	1175	1198
AT5G58100	1819	1889	1308	1268
AT5G58110	1245	1319	760	807
AT5G58120	1865	1906	202	229
AT5G58130	657	701	581	557
AT5G58140	3611	3919	5498	6301
AT5G58150	246	252	273	272
AT5G58160	253	284	344	305
AT5G58170	2	0	0	1
AT5G58180	1	0	0	0
AT5G58190	454	481	321	267
AT5G58200	3261	3427	2544	2838
AT5G58210	395	365	244	215
AT5G58220	1413	1404	792	832
AT5G58230	940	968	667	554
AT5G58240	825	878	591	537
AT5G58250	2223	2200	3433	3413
AT5G58260	558	547	1011	1287
AT5G58270	1091	1118	912	858
AT5G58280	8	3	10	4
AT5G58290	4348	4538	2547	2379
AT5G58300	560	611	722	551
AT5G58310	184	204	521	447
AT5G58320	566	657	392	340
AT5G58330	4442	4575	5453	5650
AT5G58340	194	171	196	231
AT5G58350	901	877	497	532
AT5G58360	1	1	7	5
AT5G58370	205	256	291	198
AT5G58375	1324	1384	542	452
AT5G58380	483	506	395	366
AT5G58390	796	843	749	303
AT5G58400	4	7	4	0
AT5G58410	989	1019	724	775
AT5G58412	1	0	0	0
AT5G58420	4759	5216	3563	2108
AT5G58430	4556	4718	2447	2141
AT5G58440	1182	1133	855	853
AT5G58450	789	812	627	612
AT5G58465	0	2	0	1
AT5G58470	1062	1032	864	669
AT5G58480	155	167	267	225
AT5G58490	1257	1313	1168	1021
AT5G58500	79	89	30	18
AT5G58510	919	885	606	660
AT5G58520	282	263	295	339
AT5G58530	194	203	179	117
AT5G58540	327	367	314	331
AT5G58550	143	156	221	170
AT5G58560	849	921	705	735
AT5G58570	480	551	123	131
AT5G58575	401	461	261	260
AT5G58580	19	25	39	28
AT5G58590	1006	1057	774	611
AT5G58595	1	1	0	2
AT5G58600	612	575	519	518
AT5G58610	18	17	16	6
AT5G58620	863	916	280	213
AT5G58630	64	68	22	8
AT5G58640	1349	1372	701	633
AT5G58650	360	322	229	403
AT5G58660	29	33	13	3
AT5G58670	1450	1416	1404	2081
AT5G58680	223	264	97	83
AT5G58690	253	244	81	104
AT5G58700	291	319	221	164
AT5G58710	5133	5435	1791	1394
AT5G58720	1973	2154	1113	1233
AT5G58730	420	476	187	138
AT5G58740	1329	1378	854	879
AT5G58760	137	132	96	88
AT5G58770	73	60	108	95
AT5G58780	11	3	16	6
AT5G58787	590	604	594	670
AT5G58790	206	216	136	127
AT5G58800	589	557	495	591
AT5G58840	22	17	4	8
AT5G58860	121	179	11	4
AT5G58870	1251	1234	1245	1324
AT5G58900	477	539	858	1015
AT5G58910	5	5	1	0
AT5G58920	584	567	525	442
AT5G58930	846	928	1127	917
AT5G58940	563	626	172	171
AT5G58950	2008	2096	2375	2716
AT5G58960	253	291	888	842
AT5G58970	350	389	296	312
AT5G58980	661	671	547	539
AT5G58990	293	263	213	183
AT5G59000	252	224	325	443
AT5G59010	409	453	326	269
AT5G59020	72	78	120	56
AT5G59030	1073	1195	912	1174
AT5G59040	0	1	0	0
AT5G59050	157	170	340	461
AT5G59070	44	35	90	136
AT5G59080	205	226	540	698
AT5G59090	0	3	5	0
AT5G59130	482	482	1099	1185
AT5G59140	1350	1476	529	620
AT5G59150	779	799	640	612
AT5G59160	1099	1149	865	781
AT5G59170	2	3	9	9
AT5G59180	238	285	162	131
AT5G59190	13	18	4	12
AT5G59200	14	7	13	8
AT5G59210	810	809	595	543
AT5G59220	226	208	89	36
AT5G59230	3	0	0	0
AT5G59240	49	43	28	19
AT5G59250	482	474	1140	1411
AT5G59260	1	1	1	1
AT5G59290	1357	1484	1493	1397
AT5G59300	412	452	320	317
AT5G59305	90	66	194	0
AT5G59310	1530	1698	353	559
AT5G59320	6011	6540	508	551
AT5G59330	17	10	26	1
AT5G59340	8	4	6	6
AT5G59350	152	197	214	192
AT5G59360	17	22	37	26
AT5G59370	3	7	1	0
AT5G59380	203	209	148	150
AT5G59385	2	1	0	2
AT5G59390	6	7	2	3
AT5G59400	122	138	130	140
AT5G59410	179	201	127	133
AT5G59420	2590	2773	1740	2184
AT5G59430	672	639	931	806
AT5G59440	632	629	419	386
AT5G59450	680	721	686	586
AT5G59460	339	336	191	176
AT5G59470	293	273	117	121
AT5G59480	860	922	557	312
AT5G59490	56	51	3	0
AT5G59500	365	427	374	359
AT5G59510	41	32	6	5
AT5G59520	3	2	1	1
AT5G59530	128	108	13	4
AT5G59540	1453	1472	1080	1116
AT5G59550	3388	3474	1746	1110
AT5G59560	266	313	225	175
AT5G59570	62	41	17	13
AT5G59580	106	118	33	23
AT5G59590	2	1	0	0
AT5G59600	35	59	42	28
AT5G59610	348	328	225	270
AT5G59613	2701	2636	1578	1379
AT5G59650	69	93	108	91
AT5G59660	324	295	97	85
AT5G59662	104	120	51	78
AT5G59670	843	880	862	994
AT5G59680	48	47	141	173
AT5G59690	1105	1184	1861	1435
AT5G59700	105	149	176	257
AT5G59710	702	694	529	461
AT5G59720	269	259	120	61
AT5G59730	1514	1644	1510	918
AT5G59732	856	944	965	604
AT5G59740	97	106	81	29
AT5G59750	427	397	456	507
AT5G59760	30	21	25	4
AT5G59770	386	432	399	394
AT5G59780	1032	1159	691	794
AT5G59790	211	224	182	138
AT5G59800	158	183	169	152
AT5G59810	1	0	0	0
AT5G59820	3907	4194	630	372
AT5G59830	400	423	307	308
AT5G59840	1037	1107	620	598
AT5G59845	7	21	1	1
AT5G59850	3460	3489	2608	1494
AT5G59860	7	7	2	1
AT5G59870	848	765	901	531
AT5G59880	6941	7461	4793	4739
AT5G59890	2491	2540	1728	1681
AT5G59900	98	95	88	77
AT5G59910	3000	3084	2853	2236
AT5G59920	404	458	218	317
AT5G59940	7	1	0	1
AT5G59950	1864	2060	1613	1772
AT5G59960	632	576	462	481
AT5G59970	532	573	728	425
AT5G59980	255	289	189	140
AT5G59990	35	33	39	12
AT5G60000	0	1	1	0
AT5G60020	82	75	53	79
AT5G60022	64	73	52	80
AT5G60030	496	493	518	322
AT5G60040	432	395	307	193
AT5G60050	136	141	136	150
AT5G60060	0	1	0	0
AT5G60090	0	2	1	0
AT5G60100	397	408	587	595
AT5G60110	2	3	2	1
AT5G60120	1557	1655	685	437
AT5G60130	2	0	3	4
AT5G60140	16	9	6	0
AT5G60142	136	161	80	27
AT5G60150	46	65	75	34
AT5G60160	1303	1264	777	725
AT5G60170	1601	1675	1157	1177
AT5G60180	17	15	8	2
AT5G60190	234	231	127	157
AT5G60200	601	718	435	216
AT5G60210	386	421	467	373
AT5G60220	8	3	7	3
AT5G60230	75	83	59	55
AT5G60240	4	8	4	6
AT5G60250	164	160	93	9
AT5G60260	6	1	2	1
AT5G60270	573	577	222	306
AT5G60280	371	427	128	158
AT5G60285	23	27	1	1
AT5G60290	7	12	17	20
AT5G60300	1098	1033	664	455
AT5G60310	37	42	10	10
AT5G60320	4	11	3	2
AT5G60330	6	13	11	3
AT5G60335	13	35	19	6
AT5G60340	1495	1537	1055	847
AT5G60350	1	3	0	0
AT5G60360	19766	20941	10830	13981
AT5G60370	284	246	149	191
AT5G60380	0	1	1	0
AT5G60390	33746	35522	29425	21055
AT5G60400	459	501	458	445
AT5G60408	0	2	2	0
AT5G60410	2308	2457	1874	1839
AT5G60430	221	208	116	116
AT5G60440	66	87	21	21
AT5G60450	1502	1543	767	464
AT5G60460	363	398	160	160
AT5G60470	43	24	35	10
AT5G60480	1	0	0	0
AT5G60490	136	135	170	116
AT5G60540	555	612	989	942
AT5G60548	1024	1011	793	685
AT5G60550	1024	1011	793	685
AT5G60570	1073	1041	1014	942
AT5G60580	309	290	210	229
AT5G60590	326	290	156	141
AT5G60600	4723	4956	7779	9476
AT5G60610	10	13	12	11
AT5G60620	876	917	629	642
AT5G60630	57	45	20	30
AT5G60640	5293	5564	3482	3560
AT5G60650	35	25	33	17
AT5G60660	3	3	4	7
AT5G60670	1432	1527	1470	883
AT5G60680	1453	1481	1648	1770
AT5G60690	679	751	513	245
AT5G60700	523	523	440	457
AT5G60710	983	968	986	1017
AT5G60720	11	24	8	20
AT5G60730	51	30	25	19
AT5G60750	423	509	442	472
AT5G60760	28	12	56	12
AT5G60780	9	3	17	0
AT5G60790	3430	3676	2084	1596
AT5G60800	3585	3699	192	187
AT5G60820	245	247	197	226
AT5G60830	28	28	0	1
AT5G60840	662	779	488	618
AT5G60850	1183	1231	914	1288
AT5G60860	536	531	418	630
AT5G60870	147	157	147	129
AT5G60880	38	34	33	26
AT5G60890	698	724	375	260
AT5G60900	2367	2429	501	617
AT5G60910	39	38	36	46
AT5G60920	5770	6113	5953	7422
AT5G60930	365	393	456	227
AT5G60940	469	501	473	423
AT5G60950	851	896	101	99
AT5G60960	738	757	681	470
AT5G60966	1	0	0	0
AT5G60970	129	96	120	155
AT5G60980	2570	2750	2028	1906
AT5G60990	505	513	397	299
AT5G61000	255	299	287	179
AT5G61010	2379	2519	708	1008
AT5G61020	3549	3884	2365	1363
AT5G61030	852	877	778	388
AT5G61040	168	185	250	238
AT5G61050	0	1	1	0
AT5G61060	973	1004	642	576
AT5G61070	107	107	59	34
AT5G61090	133	129	27	7
AT5G61100	17	14	6	1
AT5G61120	51	44	32	0
AT5G61130	1161	1193	1229	697
AT5G61140	1459	1506	1188	1303
AT5G61150	1416	1361	1365	1195
AT5G61160	32	39	1552	1359
AT5G61170	2319	2571	2040	1370
AT5G61180	1	3	2	0
AT5G61190	721	801	884	720
AT5G61200	143	154	163	173
AT5G61210	6806	7438	1832	2130
AT5G61220	488	501	376	279
AT5G61228	1638	1795	1192	1249
AT5G61230	1638	1795	1192	1249
AT5G61240	1529	1551	990	945
AT5G61250	444	456	157	171
AT5G61260	16	24	7	7
AT5G61270	472	487	921	1251
AT5G61280	2	4	20	15
AT5G61290	111	138	292	265
AT5G61300	145	148	167	138
AT5G61310	491	471	332	218
AT5G61330	568	619	728	750
AT5G61340	373	333	294	313
AT5G61350	3	1	21	14
AT5G61360	72	68	47	50
AT5G61370	138	122	92	61
AT5G61380	1984	1987	1656	1575
AT5G61390	228	268	68	76
AT5G61400	28	34	36	41
AT5G61410	7834	8027	10621	12252
AT5G61412	2	6	21	13
AT5G61420	2153	2224	2744	2113
AT5G61430	78	61	23	9
AT5G61440	270	258	392	264
AT5G61450	794	831	472	428
AT5G61455	53	47	10	2
AT5G61460	320	393	315	196
AT5G61480	1190	1257	1300	594
AT5G61490	39	22	3	0
AT5G61495	18	8	1	0
AT5G61500	913	938	713	789
AT5G61510	1339	1473	803	868
AT5G61520	903	982	641	716
AT5G61530	2281	2414	1299	1516
AT5G61540	207	231	180	218
AT5G61550	1	9	3	3
AT5G61560	395	434	263	438
AT5G61570	237	256	149	206
AT5G61580	621	699	672	742
AT5G61590	2678	2828	5610	9462
AT5G61600	3276	3326	3458	3523
AT5G61610	5	6	23	31
AT5G61620	1	8	2	2
AT5G61630	2	0	0	0
AT5G61640	779	760	266	311
AT5G61650	3	3	2	0
AT5G61660	713	681	1095	1206
AT5G61670	1232	1213	1172	1250
AT5G61720	0	2	0	0
AT5G61730	15	21	5	4
AT5G61740	172	165	82	114
AT5G61750	1	0	0	0
AT5G61760	425	424	290	229
AT5G61770	606	670	476	308
AT5G61780	3740	3704	2573	1871
AT5G61790	20019	20967	5016	3768
AT5G61800	71	65	40	18
AT5G61810	940	937	625	597
AT5G61820	1611	1668	885	1008
AT5G61830	232	235	215	205
AT5G61840	1058	1105	633	633
AT5G61850	11	12	14	0
AT5G61865	54	54	34	20
AT5G61880	239	231	163	109
AT5G61890	68	100	6	2
AT5G61900	1971	2021	379	350
AT5G61910	2455	2543	794	705
AT5G61920	169	156	112	88
AT5G61930	291	269	197	208
AT5G61940	151	149	95	110
AT5G61950	74	82	82	65
AT5G61960	1268	1292	1016	991
AT5G61970	930	957	721	708
AT5G61980	58	97	50	37
AT5G61990	272	312	160	200
AT5G62000	8663	9048	8665	9974
AT5G62020	429	429	200	208
AT5G62030	532	498	337	383
AT5G62040	14	24	17	11
AT5G62050	1092	1152	718	626
AT5G62070	698	854	572	530
AT5G62090	2082	2159	1245	1568
AT5G62100	186	201	161	202
AT5G62130	1286	1293	262	234
AT5G62140	445	468	529	595
AT5G62150	77	72	9	3
AT5G62160	1	0	0	0
AT5G62165	120	119	132	73
AT5G62170	153	158	153	98
AT5G62180	85	88	113	90
AT5G62190	2712	2770	3281	2313
AT5G62200	877	970	439	443
AT5G62210	34	48	93	49
AT5G62220	517	501	740	783
AT5G62230	46	47	75	21
AT5G62240	1	0	0	2
AT5G62250	0	2	0	1
AT5G62260	22	30	22	19
AT5G62270	838	858	778	439
AT5G62280	12	14	221	458
AT5G62290	384	363	277	201
AT5G62300	5632	5944	3707	2811
AT5G62310	2	5	0	4
AT5G62320	0	0	2	1
AT5G62350	3878	4206	9374	9989
AT5G62360	527	542	2324	3101
AT5G62370	65	71	96	51
AT5G62380	21	21	35	13
AT5G62390	5558	5865	4846	3882
AT5G62400	1	0	0	0
AT5G62410	393	358	345	221
AT5G62420	0	3	0	2
AT5G62430	226	242	232	248
AT5G62440	762	721	576	287
AT5G62460	1077	1089	441	466
AT5G62470	1481	1509	1004	1248
AT5G62480	109	115	10	10
AT5G62490	2	0	0	0
AT5G62500	211	205	154	85
AT5G62510	2	1	0	0
AT5G62520	1563	1655	397	332
AT5G62530	2031	2195	1571	1245
AT5G62540	1058	1111	675	597
AT5G62550	310	316	366	148
AT5G62560	568	663	549	524
AT5G62570	2011	2214	561	709
AT5G62575	400	447	152	162
AT5G62580	292	309	499	372
AT5G62600	597	620	363	358
AT5G62610	1170	1214	727	792
AT5G62620	1266	1487	304	202
AT5G62630	549	648	524	792
AT5G62640	1142	1141	1005	930
AT5G62650	512	499	460	496
AT5G62670	658	725	1739	1886
AT5G62680	2176	2407	1289	894
AT5G62690	5660	5929	5949	4760
AT5G62700	5464	5781	6038	3593
AT5G62710	375	388	430	189
AT5G62720	1038	1049	1671	1821
AT5G62730	2	1	33	45
AT5G62740	1954	2025	805	879
AT5G62760	496	559	416	404
AT5G62770	720	763	130	115
AT5G62780	2	1	0	0
AT5G62790	2306	2451	3056	3416
AT5G62800	2	0	0	0
AT5G62810	2216	2443	1977	2257
AT5G62820	151	168	43	29
AT5G62830	1	0	0	0
AT5G62840	257	242	376	358
AT5G62850	3	0	7	11
AT5G62865	296	301	117	172
AT5G62880	764	797	611	501
AT5G62890	3163	3189	2672	2054
AT5G62900	528	555	373	365
AT5G62910	371	470	422	424
AT5G62920	212	226	222	142
AT5G62930	867	873	687	624
AT5G62940	202	185	96	109
AT5G62950	594	668	273	281
AT5G62960	235	275	136	51
AT5G62970	0	0	1	0
AT5G62980	245	235	213	183
AT5G62990	149	171	173	135
AT5G62998	1	2	3	1
AT5G63000	479	520	364	327
AT5G63010	209	187	132	139
AT5G63020	622	619	510	687
AT5G63030	2185	2229	874	1056
AT5G63040	318	326	420	373
AT5G63050	615	659	607	565
AT5G63060	160	151	149	156
AT5G63070	2	0	0	0
AT5G63080	469	436	309	345
AT5G63087	23	23	24	13
AT5G63090	244	233	106	29
AT5G63100	99	93	122	130
AT5G63110	690	820	439	417
AT5G63120	492	473	374	316
AT5G63130	339	353	99	75
AT5G63135	378	352	208	169
AT5G63140	91	114	134	112
AT5G63150	664	700	421	322
AT5G63160	1339	1430	877	825
AT5G63180	728	756	1618	1354
AT5G63190	1920	1937	1425	2047
AT5G63195	1270	1299	947	1339
AT5G63200	509	485	402	402
AT5G63220	463	429	344	274
AT5G63225	161	139	0	3
AT5G63240	10	5	0	0
AT5G63250	1	3	0	0
AT5G63260	723	755	433	450
AT5G63270	2	1	0	0
AT5G63280	654	716	283	291
AT5G63290	113	86	73	60
AT5G63300	64	56	29	21
AT5G63310	1305	1400	2388	2349
AT5G63320	1114	1133	1567	1558
AT5G63340	18	12	40	36
AT5G63350	16	15	8	9
AT5G63370	4296	4469	2570	3100
AT5G63380	329	377	473	501
AT5G63390	25	24	8	18
AT5G63400	3208	3209	1911	1677
AT5G63410	937	1020	859	918
AT5G63420	665	702	1022	977
AT5G63440	369	381	286	216
AT5G63450	50	81	18	26
AT5G63460	948	1043	460	444
AT5G63470	513	580	957	1102
AT5G63480	75	102	114	87
AT5G63490	975	1066	469	448
AT5G63500	282	248	132	141
AT5G63510	1681	1737	1265	1046
AT5G63520	211	202	218	182
AT5G63530	2033	2302	2387	1027
AT5G63540	50	41	56	28
AT5G63550	580	611	642	351
AT5G63560	18	23	9	0
AT5G63570	1599	1722	2123	2143
AT5G63580	105	105	103	59
AT5G63590	14	25	11	12
AT5G63595	3	5	5	4
AT5G63600	17	8	4	0
AT5G63610	534	633	543	541
AT5G63620	667	725	537	596
AT5G63630	241	257	287	212
AT5G63640	764	850	547	582
AT5G63650	173	181	143	79
AT5G63660	0	4	3	0
AT5G63670	753	763	660	629
AT5G63680	1560	1638	614	509
AT5G63690	37	37	32	19
AT5G63700	294	297	454	460
AT5G63710	453	433	458	536
AT5G63720	0	1	1	0
AT5G63730	2	3	0	0
AT5G63740	0	0	1	0
AT5G63750	16	26	6	2
AT5G63760	478	523	258	280
AT5G63770	688	717	409	334
AT5G63780	649	693	1218	1354
AT5G63790	638	618	677	637
AT5G63800	2565	2659	3502	5511
AT5G63810	679	821	1727	2466
AT5G63820	42	46	63	65
AT5G63830	133	132	104	89
AT5G63840	2488	2970	2082	1994
AT5G63850	920	1027	1040	977
AT5G63860	3059	3172	3546	3408
AT5G63870	799	806	721	718
AT5G63880	921	1014	454	456
AT5G63890	912	1002	903	863
AT5G63900	7	0	0	1
AT5G63905	320	311	90	121
AT5G63910	873	944	550	733
AT5G63920	216	233	251	120
AT5G63930	410	403	219	292
AT5G63940	437	472	380	231
AT5G63950	402	412	346	243
AT5G63952	1	0	0	0
AT5G63960	351	404	326	183
AT5G63970	802	925	181	175
AT5G63980	1327	1437	1097	841
AT5G63990	380	443	165	124
AT5G64000	2145	2342	117	114
AT5G64010	238	231	142	147
AT5G64020	778	781	389	406
AT5G64030	1349	1408	1389	1371
AT5G64040	8448	8785	26322	34588
AT5G64050	1308	1382	1332	1239
AT5G64060	138	139	38	13
AT5G64070	1882	2084	1572	1600
AT5G64080	734	728	672	203
AT5G64090	571	587	528	574
AT5G64100	26	18	2	2
AT5G64110	608	637	294	29
AT5G64120	3175	3437	221	226
AT5G64130	4450	4462	2249	2051
AT5G64140	3737	3802	2104	1358
AT5G64150	291	340	310	271
AT5G64160	470	537	376	330
AT5G64170	1449	1535	1430	1300
AT5G64180	592	634	433	541
AT5G64190	55	43	30	69
AT5G64200	1066	1026	817	637
AT5G64210	4	2	0	0
AT5G64220	1051	1166	676	828
AT5G64230	109	110	75	61
AT5G64240	1037	1123	1129	1431
AT5G64250	1049	1061	680	705
AT5G64260	8071	8572	2340	2786
AT5G64270	2158	2137	1776	1873
AT5G64280	733	873	891	974
AT5G64290	1688	1807	1970	2128
AT5G64300	1724	1728	1280	1329
AT5G64310	5156	5463	1026	430
AT5G64320	94	100	72	73
AT5G64330	973	1070	1790	1972
AT5G64340	1779	1840	1231	1031
AT5G64341	1779	1840	1231	1031
AT5G64342	1779	1840	1231	1031
AT5G64343	1779	1840	1231	1031
AT5G64350	3052	3166	1544	1539
AT5G64360	578	639	481	507
AT5G64370	1375	1416	751	849
AT5G64380	194	224	499	518
AT5G64390	769	857	766	908
AT5G64395	82	75	39	41
AT5G64400	4676	5069	1820	1848
AT5G64401	25	27	7	4
AT5G64410	1137	1245	482	768
AT5G64420	941	1010	910	635
AT5G64430	1452	1535	1061	1125
AT5G64440	806	914	747	747
AT5G64450	109	110	10	8
AT5G64460	698	759	1029	1111
AT5G64470	217	257	204	221
AT5G64480	239	243	301	244
AT5G64490	46	64	18	35
AT5G64500	1390	1477	978	1064
AT5G64510	704	700	23	28
AT5G64520	148	137	113	122
AT5G64530	70	86	64	55
AT5G64540	0	1	1	0
AT5G64550	578	593	1244	675
AT5G64552	578	593	1244	675
AT5G64560	706	793	669	595
AT5G64570	1936	2133	2874	3060
AT5G64572	1265	1374	1806	1926
AT5G64580	524	508	1058	1025
AT5G64590	0	2	0	0
AT5G64600	395	417	313	346
AT5G64610	746	777	585	579
AT5G64620	868	892	1134	1241
AT5G64630	205	252	235	117
AT5G64640	197	222	328	322
AT5G64650	351	426	276	238
AT5G64660	1299	1503	342	212
AT5G64667	92	116	40	43
AT5G64670	828	895	867	597
AT5G64680	564	612	343	234
AT5G64690	13	5	12	5
AT5G64700	15	16	17	24
AT5G64710	81	78	61	46
AT5G64720	1	0	1	0
AT5G64730	241	251	201	189
AT5G64740	6228	6581	7034	7728
AT5G64750	79	73	57	70
AT5G64760	511	538	300	249
AT5G64770	1593	1730	2024	2426
AT5G64780	139	165	72	118
AT5G64790	22	32	0	3
AT5G64800	27	23	24	34
AT5G64810	668	665	12	23
AT5G64813	997	1161	901	954
AT5G64816	283	307	322	275
AT5G64820	4	2	2	3
AT5G64830	359	368	258	258
AT5G64840	3062	3076	5770	7082
AT5G64850	803	824	671	836
AT5G64855	2	0	1	0
AT5G64860	1036	1006	2103	2265
AT5G64870	1699	1777	198	80
AT5G64880	458	497	334	372
AT5G64890	49	56	2	0
AT5G64900	207	202	76	46
AT5G64905	111	136	6	4
AT5G64910	145	158	117	6
AT5G64920	953	1078	1052	1271
AT5G64930	478	492	288	254
AT5G64940	3382	3552	5040	4897
AT5G64950	108	116	62	67
AT5G64960	1759	1968	1414	1398
AT5G64970	527	571	354	352
AT5G64980	138	158	150	72
AT5G64990	76	75	20	13
AT5G65000	335	370	173	137
AT5G65010	1925	1909	1738	1338
AT5G65020	3393	3515	1400	1127
AT5G65030	3	9	18	13
AT5G65040	58	38	103	38
AT5G65050	1495	1606	1031	943
AT5G65060	442	508	313	373
AT5G65070	66	71	46	40
AT5G65080	79	86	114	110
AT5G65090	191	193	43	35
AT5G65110	782	847	598	655
AT5G65120	226	194	145	100
AT5G65130	14	17	7	0
AT5G65140	409	452	118	89
AT5G65158	0	1	0	0
AT5G65160	17	21	23	16
AT5G65165	2	1	1	3
AT5G65170	291	269	180	70
AT5G65180	392	427	309	266
AT5G65200	281	271	209	214
AT5G65205	212	190	150	109
AT5G65207	704	743	348	400
AT5G65210	719	614	390	425
AT5G65220	4511	4784	7879	8510
AT5G65230	54	54	42	24
AT5G65240	590	612	397	381
AT5G65250	685	725	495	542
AT5G65260	1029	1156	854	883
AT5G65270	767	756	578	542
AT5G65274	20	18	0	0
AT5G65280	816	892	135	100
AT5G65290	712	656	355	344
AT5G65300	490	544	204	104
AT5G65310	1414	1330	3246	2379
AT5G65320	13	18	50	31
AT5G65330	0	1	0	0
AT5G65340	25	14	56	14
AT5G65350	46	23	28	10
AT5G65360	1307	1272	1383	914
AT5G65380	1340	1486	843	1506
AT5G65390	674	774	786	1354
AT5G65400	262	299	192	186
AT5G65410	541	508	693	377
AT5G65420	104	109	84	51
AT5G65430	2419	2474	2058	2796
AT5G65440	2007	2054	1277	1362
AT5G65445	2	1	0	0
AT5G65450	230	231	230	265
AT5G65460	489	533	655	560
AT5G65470	2701	2737	989	1188
AT5G65480	2213	2271	2098	2439
AT5G65490	460	448	461	460
AT5G65495	333	374	199	168
AT5G65500	15	16	0	0
AT5G65510	248	242	106	9
AT5G65520	269	340	198	252
AT5G65530	25	30	61	44
AT5G65540	515	545	385	367
AT5G65550	33	17	4	3
AT5G65560	259	224	176	167
AT5G65570	78	58	63	53
AT5G65575	301	321	202	206
AT5G65580	52	51	52	40
AT5G65590	49	54	56	73
AT5G65600	80	77	29	21
AT5G65609	25	31	24	14
AT5G65610	347	338	192	291
AT5G65620	3863	3974	3566	4043
AT5G65630	3277	3410	2572	2137
AT5G65640	1185	1285	584	155
AT5G65650	546	603	384	324
AT5G65660	2433	2462	1623	1231
AT5G65670	7090	7169	5892	4364
AT5G65683	333	319	494	397
AT5G65685	664	696	721	745
AT5G65687	320	352	182	213
AT5G65690	99	108	2	0
AT5G65700	1446	1512	1885	1136
AT5G65710	228	212	317	287
AT5G65720	2260	2444	1990	1664
AT5G65730	596	670	2088	4207
AT5G65740	295	298	291	365
AT5G65750	1983	2035	1297	1200
AT5G65760	694	764	619	679
AT5G65770	1333	1289	1149	1084
AT5G65780	2422	2413	2081	1989
AT5G65790	46	41	21	1
AT5G65800	0	0	3	3
AT5G65810	897	1073	825	859
AT5G65820	48	51	73	55
AT5G65830	136	124	94	84
AT5G65840	1131	1193	1302	1460
AT5G65850	50	57	29	24
AT5G65860	328	378	338	202
AT5G65870	733	705	141	146
AT5G65880	293	283	178	112
AT5G65890	190	189	418	296
AT5G65900	487	498	404	353
AT5G65910	1291	1232	1093	1236
AT5G65920	497	479	158	88
AT5G65925	98	66	59	70
AT5G65930	752	866	810	817
AT5G65940	1376	1550	1215	1202
AT5G65950	1519	1689	1369	1342
AT5G65960	1344	1393	1092	1189
AT5G65970	38	48	82	68
AT5G65980	2	0	1	0
AT5G65990	572	647	561	551
AT5G66000	105	118	97	96
AT5G66005	162	169	198	181
AT5G66010	614	675	421	383
AT5G66020	1	0	2	0
AT5G66030	2447	2484	2084	2250
AT5G66040	5544	5603	4436	4843
AT5G66045	2	5	1	0
AT5G66050	1066	1082	860	979
AT5G66052	403	405	400	584
AT5G66053	0	1	0	3
AT5G66055	1163	1205	1468	1763
AT5G66060	918	986	908	902
AT5G66070	1946	1864	529	374
AT5G66080	191	194	144	232
AT5G66090	588	662	628	636
AT5G66100	643	709	473	449
AT5G66110	21	13	30	43
AT5G66120	2297	2508	1556	1547
AT5G66130	267	283	182	205
AT5G66140	1182	1145	775	786
AT5G66150	9	10	6	11
AT5G66160	786	736	520	587
AT5G66170	370	322	143	142
AT5G66180	599	668	408	391
AT5G66190	13487	14518	26218	29437
AT5G66200	2822	3049	1627	2357
AT5G66210	6151	6372	1540	1578
AT5G66220	0	0	1	0
AT5G66230	258	285	314	127
AT5G66240	1163	1150	897	849
AT5G66250	965	1022	516	646
AT5G66260	0	0	9	3
AT5G66270	39	35	25	14
AT5G66280	91	77	40	21
AT5G66290	475	423	266	290
AT5G66300	40	35	51	41
AT5G66310	373	372	452	329
AT5G66320	938	917	706	539
AT5G66330	46	48	148	163
AT5G66340	0	1	3	0
AT5G66350	188	196	137	33
AT5G66360	297	275	208	221
AT5G66370	0	1	0	0
AT5G66380	284	299	150	186
AT5G66390	1	2	2	1
AT5G66400	434	437	409	751
AT5G66410	433	421	472	417
AT5G66420	1641	1732	2111	1950
AT5G66440	160	180	137	93
AT5G66450	240	255	171	158
AT5G66460	244	248	253	198
AT5G66470	520	557	1087	1059
AT5G66480	127	131	84	128
AT5G66490	415	473	283	405
AT5G66500	61	74	70	33
AT5G66510	1425	1532	1122	1002
AT5G66520	56	87	190	232
AT5G66530	701	657	1282	1300
AT5G66540	520	522	487	310
AT5G66550	284	257	253	250
AT5G66558	721	751	669	622
AT5G66560	722	764	675	617
AT5G66562	1	2	2	0
AT5G66564	1	0	0	0
AT5G66570	45995	47822	106298	137407
AT5G66580	60	53	57	88
AT5G66590	391	408	380	412
AT5G66600	99	94	86	44
AT5G66607	10	13	9	14
AT5G66610	220	276	194	184
AT5G66620	154	144	63	28
AT5G66630	506	535	177	118
AT5G66631	51	49	56	44
AT5G66640	466	589	128	178
AT5G66650	640	659	214	115
AT5G66658	54	46	20	34
AT5G66660	21	18	7	7
AT5G66670	17	20	6	6
AT5G66675	1450	1479	641	647
AT5G66680	3399	3486	1808	1474
AT5G66690	63	66	12	8
AT5G66700	13	17	13	2
AT5G66710	6	3	9	2
AT5G66720	1151	1196	1104	1041
AT5G66730	1551	1595	895	969
AT5G66740	18	17	14	19
AT5G66750	321	352	370	158
AT5G66760	3270	3355	1876	1410
AT5G66770	290	281	362	238
AT5G66780	3	5	1	0
AT5G66790	403	459	697	1043
AT5G66800	118	124	75	54
AT5G66810	645	619	487	493
AT5G66815	1	0	1	0
AT5G66816	1	1	2	0
AT5G66820	528	466	329	300
AT5G66830	8	6	0	1
AT5G66840	36	41	53	29
AT5G66850	805	878	748	794
AT5G66860	1013	1083	686	530
AT5G66870	18	28	15	8
AT5G66880	1194	1263	1283	1643
AT5G66890	47	52	1	0
AT5G66900	874	973	602	610
AT5G66910	814	794	458	463
AT5G66920	659	678	374	353
AT5G66930	817	829	390	464
AT5G66940	43	43	50	1
AT5G66950	737	756	490	501
AT5G66960	84	108	106	56
AT5G66980	0	1	2	1
AT5G66985	501	542	3	1
AT5G67020	10	18	3	6
AT5G67030	3520	3733	5930	7355
AT5G67040	0	5	0	0
AT5G67050	2	3	4	3
AT5G67060	3	3	4	5
AT5G67070	1058	1195	2085	1406
AT5G67080	61	75	87	36
AT5G67090	26	26	25	25
AT5G67100	293	281	490	260
AT5G67110	88	91	94	37
AT5G67130	1139	1199	975	790
AT5G67140	341	338	155	156
AT5G67150	292	307	371	199
AT5G67160	134	157	85	48
AT5G67170	268	275	211	218
AT5G67180	250	248	366	495
AT5G67190	151	133	118	142
AT5G67200	378	348	266	104
AT5G67210	509	492	117	48
AT5G67220	1026	1035	1008	867
AT5G67230	274	268	165	147
AT5G67240	759	880	732	565
AT5G67245	84	82	21	22
AT5G67250	1418	1452	1001	859
AT5G67260	532	605	590	427
AT5G67265	1	1	1	0
AT5G67270	256	315	187	95
AT5G67280	908	888	900	741
AT5G67290	405	446	434	447
AT5G67300	16240	17375	4100	5194
AT5G67310	70	92	16	8
AT5G67320	1201	1207	1152	1074
AT5G67330	1383	1450	770	597
AT5G67340	1291	1340	124	128
AT5G67350	206	273	131	98
AT5G67360	4528	4733	2857	2488
AT5G67370	1196	1172	967	1242
AT5G67380	990	1037	888	1064
AT5G67385	597	630	1669	1733
AT5G67390	73	76	162	192
AT5G67400	0	1	0	1
AT5G67410	43	47	28	41
AT5G67411	10	11	19	28
AT5G67420	1145	1196	1402	1645
AT5G67430	1	2	0	0
AT5G67440	399	430	348	356
AT5G67450	418	466	45	52
AT5G67460	165	139	116	63
AT5G67470	1897	2055	968	780
AT5G67480	3710	3932	3798	5886
AT5G67488	1067	1200	782	880
AT5G67490	1008	1158	738	840
AT5G67500	3783	3857	2349	2000
AT5G67510	1792	1864	1296	851
AT5G67520	121	116	86	153
AT5G67530	595	685	445	501
AT5G67540	756	819	300	323
AT5G67550	20	13	9	4
AT5G67560	1802	1875	1428	1865
AT5G67570	376	408	579	607
AT5G67580	545	579	454	474
AT5G67590	1707	1685	1064	1108
AT5G67600	1230	1347	335	339
AT5G67610	436	464	320	318
AT5G67620	39	23	18	25
AT5G67630	872	957	616	473
AT5G67640	148	157	170	132
ATCG00010	12	14	23	31
ATCG00020	705	755	2599	1385
ATCG00030	31	38	73	46
ATCG00040	12	12	30	10
ATCG00050	1	3	7	3
ATCG00060	1	0	0	3
ATCG00065	3	10	15	19
ATCG00070	47	36	138	148
ATCG00080	45	48	129	153
ATCG00090	61	66	115	147
ATCG00100	29	40	86	57
ATCG00110	1	4	6	4
ATCG00120	70	84	284	321
ATCG00130	39	44	92	85
ATCG00140	27	27	92	76
ATCG00150	46	56	109	109
ATCG00160	5	9	22	19
ATCG00170	18	14	46	58
ATCG00180	31	37	98	101
ATCG00190	195	181	406	491
ATCG00200	1	3	1	5
ATCG00210	7	15	30	13
ATCG00220	45	50	73	112
ATCG00230	1	0	0	3
ATCG00240	1	3	2	9
ATCG00250	3	3	8	11
ATCG00270	73	71	196	159
ATCG00280	100	113	441	281
ATCG00290	5	1	11	3
ATCG00300	10	11	19	21
ATCG00310	0	2	0	0
ATCG00320	2	1	6	5
ATCG00330	45	34	100	85
ATCG00340	119	129	527	280
ATCG00350	107	115	388	207
ATCG00360	29	27	31	28
ATCG00370	4	2	6	7
ATCG00380	7	18	20	22
ATCG00390	5	5	8	13
ATCG00400	19	18	44	23
ATCG00410	0	0	2	2
ATCG00420	34	22	43	69
ATCG00430	94	95	143	176
ATCG00440	14	15	29	17
ATCG00450	336	355	461	543
ATCG00460	2	7	5	7
ATCG00470	701	663	782	816
ATCG00480	382	430	997	1174
ATCG00490	195	219	1190	635
ATCG00500	8	9	20	6
ATCG00510	12	8	23	11
ATCG00520	5	6	11	13
ATCG00530	76	77	122	143
ATCG00540	31	34	90	88
ATCG00550	8	21	26	41
ATCG00560	6	7	13	6
ATCG00570	20	19	55	41
ATCG00580	31	25	104	67
ATCG00590	4	3	21	12
ATCG00600	4	5	11	5
ATCG00610	2	2	8	7
ATCG00620	9	5	14	26
ATCG00630	527	601	633	895
ATCG00640	9	12	27	31
ATCG00650	13	8	23	18
ATCG00660	7	9	9	14
ATCG00670	153	147	260	293
ATCG00680	146	163	503	413
ATCG00690	15	12	44	30
ATCG00700	15	8	55	30
ATCG00710	5	7	30	19
ATCG00720	34	36	139	88
ATCG00730	42	29	78	60
ATCG00740	36	32	39	59
ATCG00750	13	9	36	40
ATCG00760	7	3	15	5
ATCG00770	26	24	34	43
ATCG00780	33	28	57	92
ATCG00790	696	706	572	584
ATCG00800	71	67	114	107
ATCG00810	89	72	115	113
ATCG00820	24	25	45	36
ATCG00830	172	203	403	493
ATCG00840	11	16	31	38
ATCG00860	11	12	23	32
ATCG00870	2	0	0	2
ATCG00880	0	0	0	1
ATCG00890	9	8	27	25
ATCG00900	24	16	53	62
ATCG00905	24	21	68	66
ATCG00910	2	0	1	0
ATCG00920	32	27	121	73
ATCG00930	49	47	87	76
ATCG00940	109	107	242	210
ATCG00950	34	31	157	88
ATCG00960	1	2	11	6
ATCG00970	0	1	1	1
ATCG00980	0	2	0	0
ATCG00990	0	1	1	0
ATCG01000	13	4	22	10
ATCG01010	9	11	23	6
ATCG01020	276	297	368	536
ATCG01040	6	7	3	7
ATCG01050	26	30	48	34
ATCG01060	6	14	24	19
ATCG01070	3	5	15	3
ATCG01080	4	6	13	15
ATCG01090	8	3	10	5
ATCG01100	20	21	52	31
ATCG01110	4	2	16	8
ATCG01120	3	0	2	2
ATCG01130	106	99	60	75
ATCG01140	1	2	2	1
ATCG01150	1	1	3	0
ATCG01160	0	1	0	2
ATCG01170	3	5	6	4
ATCG01180	41	50	184	110
ATCG01190	87	110	222	188
ATCG01200	50	40	100	70
ATCG01210	47	42	126	70
ATCG01220	0	1	3	1
ATCG01230	34	40	57	76
ATCG01240	26	21	52	60
ATCG01250	7	12	30	17
ATCG01260	0	0	0	1
ATCG01270	2	0	2	3
ATCG01280	13	12	32	29
ATCG01300	14	14	29	31
ATCG01310	240	286	513	651
ATMG00010	0	0	0	2
ATMG00020	38	42	70	22
ATMG00030	245	256	334	161
ATMG00040	15	5	20	24
ATMG00050	0	0	1	1
ATMG00060	319	365	397	418
ATMG00070	17	25	11	14
ATMG00080	17	15	28	18
ATMG00090	644	759	628	624
ATMG00100	0	0	2	2
ATMG00110	32	43	20	17
ATMG00120	2	3	0	2
ATMG00130	0	1	1	0
ATMG00140	3	5	2	2
ATMG00150	1	2	0	1
ATMG00160	300	337	360	398
ATMG00170	11	13	2	4
ATMG00180	55	69	46	42
ATMG00190	2	9	2	7
ATMG00200	5	0	1	1
ATMG00210	6	5	3	2
ATMG00220	11	4	7	3
ATMG00250	0	1	1	0
ATMG00260	2	1	2	2
ATMG00270	3	2	1	0
ATMG00280	4	1	4	1
ATMG00285	19	12	8	12
ATMG00290	7	12	11	8
ATMG00300	3	2	1	0
ATMG00310	1	1	0	0
ATMG00320	3	1	3	0
ATMG00330	13	10	16	8
ATMG00340	0	7	1	4
ATMG00350	3	0	0	0
ATMG00360	2	4	2	1
ATMG00370	17	10	12	3
ATMG00380	2	2	0	1
ATMG00400	4	1	1	1
ATMG00410	7	10	11	7
ATMG00420	0	1	0	0
ATMG00430	3	2	1	0
ATMG00440	0	0	0	1
ATMG00450	0	0	1	1
ATMG00460	0	0	1	0
ATMG00470	1	6	0	0
ATMG00480	17	24	16	27
ATMG00490	0	4	1	3
ATMG00500	7	7	6	6
ATMG00510	298	391	315	322
ATMG00513	51	56	58	79
ATMG00516	30	43	40	35
ATMG00520	16	22	16	20
ATMG00530	2	1	4	3
ATMG00540	0	0	1	0
ATMG00560	284	294	170	155
ATMG00570	5	2	4	0
ATMG00580	243	226	180	191
ATMG00590	72	81	56	48
ATMG00610	8	5	5	5
ATMG00620	6	10	7	7
ATMG00630	3	5	4	3
ATMG00640	22	25	12	19
ATMG00650	10	7	12	7
ATMG00660	83	75	63	52
ATMG00665	7	1	1	0
ATMG00670	30	37	27	31
ATMG00680	0	1	0	2
ATMG00690	45	25	22	25
ATMG00710	1	2	0	3
ATMG00720	2	5	0	1
ATMG00730	8	16	10	6
ATMG00740	1	0	1	1
ATMG00760	0	1	0	0
ATMG00780	5	5	4	4
ATMG00790	1	4	1	0
ATMG00810	3	2	5	8
ATMG00820	0	1	0	0
ATMG00830	5	6	2	2
ATMG00850	0	0	1	0
ATMG00860	1	0	0	0
ATMG00890	0	0	2	1
ATMG00900	0	1	1	2
ATMG00910	1	0	0	0
ATMG00920	1	3	0	1
ATMG00930	0	1	3	1
ATMG00940	0	2	0	2
ATMG00960	0	6	2	1
ATMG00970	0	1	3	0
ATMG00980	9	10	12	10
ATMG00990	12	4	3	4
ATMG01000	1	1	4	3
ATMG01010	0	3	0	0
ATMG01020	3	3	4	2
ATMG01030	1	2	2	0
ATMG01050	3	1	0	0
ATMG01060	1	5	2	4
ATMG01080	38	51	55	45
ATMG01090	12	19	19	26
ATMG01100	1	0	0	0
ATMG01110	6	4	0	3
ATMG01120	17	17	9	6
ATMG01130	9	11	7	1
ATMG01140	1	2	0	0
ATMG01150	2	1	0	0
ATMG01160	0	0	1	0
ATMG01170	52	56	25	37
ATMG01180	2	1	0	1
ATMG01190	60	66	47	43
ATMG01200	21	18	20	18
ATMG01210	5	2	3	4
ATMG01220	8	7	9	8
ATMG01230	0	1	0	0
ATMG01260	1	5	0	3
ATMG01270	4	0	1	4
ATMG01275	7	4	5	3
ATMG01280	17	12	12	8
ATMG01290	0	0	0	1
ATMG01300	0	1	0	0
ATMG01310	2	1	0	1
ATMG01320	325	298	275	343
ATMG01330	5	3	10	8
ATMG01340	2	0	0	0
ATMG01350	4	4	5	1
ATMG01360	47	63	46	44
ATMG01370	27	36	40	36
ATMG01380	9	13	2	5
ATMG01390	11	12	11	10
ATMG01400	0	1	1	0
ATMG01410	3	6	5	3
